Kanzleiname,URL
Aigner Buzanich,"aignerbuzanich.com, https://aignerbuzanich.com, "
Hoppe Weber Fogel,"arbeitsrecht-mannheim.de, https://arbeitsrecht-mannheim.de, "
Awapatent,"awapatent.com, https://awapatent.com, "
BBS Bier Brehm Spahn,"bbs-law.de, https://bbs-law.de, "
Baumgärtner Seeliger Gölz Karl & Coll.,"cms.rae-baumgaertner.de, https://cms.rae-baumgaertner.de, "
Wegenast,"cwegenast@max-ag.com, https://cwegenast@max-ag.com, "
Falkenberg,"falkenberg.pro, https://falkenberg.pro, "
FlaxField,"flax.nl, https://flax.nl, "
GTC Law Group,"gtclg.com, https://gtclg.com, "
Iida & Co.,"homepage2.nifty.com/hiidaco, https://homepage2.nifty.com/hiidaco, "
Schieferstein,"kanzlei-schieferstein.de, https://kanzlei-schieferstein.de, "
Kesler & Rust,"kesler-rust.com., https://kesler-rust.com., "
khp Kull Hesse und Partner,"khp.vcat.de, https://khp.vcat.de, "
Olson & Cepuritis,"olsonip.com, https://olsonip.com, "
Pasalić & Partners,"pasalic.ba, https://pasalic.ba, "
Placidus & Teschner,"placidus.de/, https://placidus.de/, "
Rechtsanwaltskanzlei Hardt,privat_anmutend
Richter Schaefer Bontschev,"rae-rsb.de, https://rae-rsb.de, "
Seyfi & Brettschneider,"rawaelte.de, https://rawaelte.de, "
Stassen,"stassenllp.com, https://stassenllp.com, "
Wengert GmbH,Unternehmen
Reidel & Kollegen,"webadvokat.de, https://webadvokat.de, "
Wendelstein,"wendelstein-llp.org, https://wendelstein-llp.org, "
Schulte Zurheide,"wirtschaftsmediation-bielefeld.com, https://wirtschaftsmediation-bielefeld.com, "
11KBW,"www.11kbw.com, https://www.11kbw.com, "
12 Gray's Inn Square,"www.12graysinn.com, https://www.12graysinn.com, "
Thirty Nine Essex Street,"www.39essex.com, https://www.39essex.com, "
3 Stone Buildings,"www.3stonebuildings.com, https://www.3stonebuildings.com, "
Three Verulam Buildings,"www.3vb.com, https://www.3vb.com, "
7 Stones,"www.7sbip.com, https://www.7sbip.com, "
Malottke Pfeiffenberger,"www.80drei.de, https://www.80drei.de, "
8 New Square,"www.8newsquare.co.uk, https://www.8newsquare.co.uk, "
Allens Arthur Robinson,"www.aar.com.au, https://www.aar.com.au, "
Nasse & Simon,"www.aarheinufer.de, https://www.aarheinufer.de, "
Rüger Barthelt & Abel,"www.ab-patent.com, https://www.ab-patent.com, "
Andresen & Baller,"www.aba-anwaelte.de, https://www.aba-anwaelte.de, "
ABBC Azevedo Neves Benjamim Mendes Carvalho & Associados,"www.abbc.pt, https://www.abbc.pt, "
Alchouron Berisso Brady Alet Fernández Pelayo & Balconi,"www.abbfp.com.ar, https://www.abbfp.com.ar, "
Abel & Abel,"www.abel-abel.at, https://www.abel-abel.at, "
Abel und Kollegen,"www.abel-kollegen.de, https://www.abel-kollegen.de, "
Abeln,"www.abeln-arbeitsrecht.de, https://www.abeln-arbeitsrecht.de, "
Abitz & Partner,"www.abitz.de, https://www.abitz.de, "
Abreu & Associados,"www.abreuadvogados.com, https://www.abreuadvogados.com, "
Abtmeyer & Fricke,"www.abtmeyer-fricke.de, https://www.abtmeyer-fricke.de/, "
AHW Rechtsanwälte,"www.abw-kanzlei.de, https://www.abw-kanzlei.de, "
AC Tischendorf,"www.ac-tischendorf.com, https://www.ac-tischendorf.com, "
Acada,"www.acada-law.de, https://www.acada-law.de, "
Allner Menges,"www.ackmann-menges.de, https://www.ackmann-menges.de, "
Aclanz Hund-von Hagen & Wichert,"www.aclanz.de, https://www.aclanz.de, "
Acuris,"www.acuris.de, https://www.acuris.de/, "
Adam & Partner,"www.adam-partner.com, https://www.adam-partner.com, "
Adamas,"www.adamas-lawfirm.com, https://www.adamas-lawfirm.com, "
Adams Holcomb,"www.adamsholcomb.com, https://www.adamsholcomb.com, "
Addleshaw Goddard,"www.addleshawgoddard.com, https://www.addleshawgoddard.com, "
Arntzen de Besche,"www.adeb.no, https://www.adeb.no, "
Aderhold,"www.aderhold-rechtsanwaltsgesellschaft.de, https://www.aderhold-rechtsanwaltsgesellschaft.de, "
Adiuro Tesche Berndt Weise & Partner,"www.adiuro.de, https://www.adiuro.de, "
Adjuga,"www.adjuga.com, https://www.adjuga.com, "
Abels Decker Kuhfuss & Partner,"www.adk-msi.de, https://www.adk-msi.de, "
ADP Popiołek,"www.adplegal.pl, https://www.adplegal.pl, "
Byrne-Sutton Bollen Kern,"www.advise.ch, https://www.advise.ch, "
Advises,"www.advises.de, https://www.advises.de/, "
Lücker & Schaaf,"www.advo-ac.de, https://www.advo-ac.de, "
Lansnicker,"www.advo-l-s.de, https://www.advo-l-s.de, "
AdvoLaw,"www.advo-law.de, https://www.advo-law.de, "
Advoca,"www.advoca.de, https://www.advoca.de, "
Lindeman,"www.advocaathenrilindeman.nl, https://www.advocaathenrilindeman.nl, "
Neidhardt Miedeck Gockel Dörholt,"www.advocare-net.de, https://www.advocare-net.de, "
Callam & Pick,"www.advocat-callam-pick.de, https://www.advocat-callam-pick.de, "
Advocatax,"www.advocatax.de, https://www.advocatax.de, "
Kropp Haag Hübinger,"www.advocaten.de, https://www.advocaten.de, "
DBM Rechtsanwälte,"www.advocati.de, https://www.advocati.de, "
Advocatia,"www.advocatia.net, https://www.advocatia.net, "
Habel Böhm & Partner,"www.advohabel.de, https://www.advohabel.de, "
Leifert & Steffan,"www.advoinvent.de, https://www.advoinvent.de, "
Merleker & Mielke,"www.advokat.de, https://www.advokat.de, "
Scheuermann + Partner,"www.advokaten-hamburg.de, https://www.advokaten-hamburg.de, "
Simonius Pfrommer & Partner,"www.advokaten.ch, https://www.advokaten.ch, "
Advonoris Pejman & Partner,"www.advonoris.de, https://www.advonoris.de, "
Bill & Kollegen,"www.advoprax-bill-und-partner.de, https://www.advoprax-bill-und-partner.de, "
Advo Real,"www.advoreal.de, https://www.advoreal.de, "
Advos,"www.advos.info, https://www.advos.info, "
Dälken Hartmann Kottman,"www.advoselect.de, https://www.advoselect.de, "
Wörlen Ziegelmeir Dr. Theurer,"www.advoselect.de/Standorte/Deutschland/Augsburg/augsburg.htm, https://www.advoselect.de/Standorte/Deutschland/Augsburg/augsburg.htm, "
Lampe Daamen & Partner,"www.advoselect.de/Standorte/Deutschland/Goettingen/goettingen.htm, https://www.advoselect.de/Standorte/Deutschland/Goettingen/goettingen.htm, "
Advotec,"www.advotec.de, https://www.advotec.de, "
Advovox,"www.advovox.de, https://www.advovox.de, "
AfA Rechtsanwälte,"www.afa-anwalt.de, https://www.afa-anwalt.de, "
AFR Aigner Fischer Radlmayr,"www.afr-legal.de, https://www.afr-legal.de, "
Africa Legal,"www.africalegal.co.za, https://www.africalegal.co.za, "
Arnall Golden Gregory,"www.agg.com, https://www.agg.com, "
Abu-Ghazaleh,"www.agip.com, https://www.agip.com, "
Agmon & Co.,"www.agmon-law.co.il, https://www.agmon-law.co.il, "
Glock & Professionals,"www.agpkanzlei.de, https://www.agpkanzlei.de, "
Atanaskovic Hartnell,"www.ah.com.au, https://www.ah.com.au, "
AHB Arends Hofert Bergemann,"www.ahblegal.de, https://www.ahblegal.de, "
Ahlers & Vogel,"www.ahlers-vogel.de, https://www.ahlers-vogel.de, "
"AHS Dr. Antoni, Haverkamp & Sternebeck","www.ahs-kanzlei.de, https://www.ahs-kanzlei.de, "
Ainedter & Ainedter,"www.ainedter.com, https://www.ainedter.com, "
AKD Prinsen Van Wijmen,"www.akd.nl, https://www.akd.nl/, "
Akin Gump Strauss Hauer Feld,"www.akingump.com/, https://www.akingump.com/, "
Adolf Lüken Höflich Sawodny,"www.aklaw.de, https://www.aklaw.de, "
AKP Achilles Kleinheisterkamp und Partner,"www.akp-krefeld.de, https://www.akp-krefeld.de, "
Akst & Akst,"www.akstlaw.com, https://www.akstlaw.com, "
Götz & Partner,"www.aktionaere-wehrt-euch.de, https://www.aktionaere-wehrt-euch.de, "
Albè e Associati,"www.albeeassociati.it, https://www.albeeassociati.it, "
Alber & Geiger,"www.albergeiger.com, https://www.albergeiger.com, "
Albrecht & Bischoff,"www.albrecht-bischoff.com, https://www.albrecht-bischoff.com, "
Albuquerque Pinto,"www.albuquerquepinto.com.br, https://www.albuquerquepinto.com.br, "
Aldebert Heiss & Kollegen,"www.aldebert-kollegen.eu, https://www.aldebert-kollegen.eu, "
Alenfelder & Frieters,"www.alenfelder.de, https://www.alenfelder.de, "
Alfery & Partner,"www.alferypartner.com, https://www.alferypartner.com, "
Alfredo & Bayssieres,"www.alfredo-bayssieres.com, https://www.alfredo-bayssieres.com, "
A&L Goodbody,"www.algoodbody.ie, https://www.algoodbody.ie, "
Alister,"www.alister-avocats.com, https://www.alister-avocats.com, "
Frank,"www.alixfrank.at, https://www.alixfrank.at, "
Alexandre Levy Kahn,"www.alk-avocats.com, https://www.alk-avocats.com, "
Allende & Brea,"www.allendebrea.com.ar, https://www.allendebrea.com.ar, "
Allen & Overy,"www.allenovery.com, https://www.allenovery.com, "
ALMT Legal,"www.almtlegal.com, https://www.almtlegal.com, "
Alpers & Stenger,"www.alpers-stenger.de, https://www.alpers-stenger.de, "
Zokolow,"www.alphalegal.de, https://www.alphalegal.de, "
Alpmann Fröhlich,"www.alpmann-froehlich.de, https://www.alpmann-froehlich.de, "
Alrud,"www.alrud.ru, https://www.alrud.ru, "
Notariat am Alstertor,"www.alstertor.de, https://www.alstertor.de, "
Alston & Bird,"www.alston.com, https://www.alston.com, "
Altemann Niemeyer Schmidt & Partner,"www.altemann.de, https://www.altemann.de, "
Altenburg,"www.altenburg.net, https://www.altenburg.net, "
Altenburger,"www.altenburger.ch, https://www.altenburger.ch, "
Acker & Müller,"www.am-bonn.de, https://www.am-bonn.de, "
Amarchand & Mangaldas & Suresh A. Shroff & Co.,"www.amarchand.com, https://www.amarchand.com, "
Ambos NBGO,"www.amboslaw.be, https://www.amboslaw.be, "
Amelung & Trepl,"www.amelung-trepl.de, https://www.amelung-trepl.de, "
Amereller,"www.amereller.de, https://www.amereller.de, "
AMG Rechtsanwälte,"www.amglaw.ch, https://www.amglaw.ch, "
Al Busaidy Mansoor Jamal & Co.,"www.amjoman.com, https://www.amjoman.com, "
Ampersand,"www.ampersand.de, https://www.ampersand.de, "
Amsterdam & Peroff,"www.amsterdamandperoff.com, https://www.amsterdamandperoff.com, "
Anderson Mori & Tomotsune,"www.amt-law.com, https://www.amt-law.com, "
Anchor,"www.anchor.eu, https://www.anchor.eu, "
Anders,"www.anders.ae, https://www.anders.ae, "
AndersenWeyer,"www.andersenweyer.com, https://www.andersenweyer.com, "
Andörfer,"www.andoerfer.de, https://www.andoerfer.de, "
Andrejewski Honke,"www.andrejewski.de, https://www.andrejewski.de, "
AndresSchneider,"www.andres-schneider.de, https://www.andres-schneider.de, "
Andresen & Kollegen,"www.andresen-kollegen.de, https://www.andresen-kollegen.de, "
Andrews Kurth,"www.andrewskurth.com, https://www.andrewskurth.com, "
Andries & Collegen,"www.andries-collegen.de, https://www.andries-collegen.de, "
Andrzejczak & Partners,"www.andrzejczak.biz, https://www.andrzejczak.biz, "
Andréewitch & Simon,"www.andsim.at, https://www.andsim.at, "
Wang & Co,"www.angelawangco.com, https://www.angelawangco.com, "
Anhäusser Unger & Bergien,"www.anhaeusser.de, https://www.anhaeusser.de, "
Arendts,"www.anlageanwalt.de, https://www.anlageanwalt.de, "
Antretter & Wolff,"www.antretter-wolff.de, https://www.antretter-wolff.de, "
Voß,"www.anwaelte-bs.de, https://www.anwaelte-bs.de, "
Falk Berghäuser Albach Landzettel Wieland Berg und Kollegen,"www.anwaelte-da.de, https://www.anwaelte-da.de, "
B&C Baumert & Collegen,"www.anwaelte-fuer-unternehmer.de, https://www.anwaelte-fuer-unternehmer.de, "
LNS Rechtsanwälte,"www.anwaelte-ln.de, https://www.anwaelte-ln.de, "
Schlipf Gut Lenz und Kollegen,"www.anwaelte-sgl.de, https://www.anwaelte-sgl.de, "
Kuentzle,"www.anwaelte-steuerberatung.de, https://www.anwaelte-steuerberatung.de, "
Walter Baldauf Theobald,"www.anwaelte-walter.de, https://www.anwaelte-walter.de, "
Schollmeyer & Rickert,"www.anwaelte.de, https://www.anwaelte.de, "
Frietsch Zitzmann Korittke,"www.anwaelte.net, https://www.anwaelte.net, "
AnwälteHaus,"www.anwaeltehaus.net, https://www.anwaeltehaus.net, "
Robert Kempas Segelken,"www.anwalt-a.de/html/rechtsanwalte.html, https://www.anwalt-a.de/html/rechtsanwalte.html, "
Gahleitner,"www.anwalt-gahleitner.at, https://www.anwalt-gahleitner.at, "
Bühl Thume & Partner,"www.ANWALT-INTERNET.COM/BÜHL.THUME&PARTNER/, https://www.ANWALT-INTERNET.COM/BÜHL.THUME&PARTNER/, "
Rein Braun Beathalter & Partner,"www.anwalt-oehringen.de/, https://www.anwalt-oehringen.de/, "
Weinrauch,"www.anwaltei.at, https://www.anwaltei.at, "
Brüssow & Petri,"www.anwaltkanzlei.de, https://www.anwaltkanzlei.de/, "
Langen & Langen,"www.anwaltmiami.com, https://www.anwaltmiami.com, "
Summer Schertler Stieger Kaufman,"www.anwalts-kanzlei.at, https://www.anwalts-kanzlei.at, "
Klüver Dr. Klass Lösslein di Pace,"www.anwalts-team.de/, https://www.anwalts-team.de/, "
Bode Dornieden & Partner,"www.anwaltsbuero-alleestrasse.de, https://www.anwaltsbuero-alleestrasse.de, "
Stather Dr. Helmke Döther Hausmann Evisen,"www.anwaltsbuero-heidelberg.de, https://www.anwaltsbuero-heidelberg.de, "
Soyer & Partner/in,"www.anwaltsbuero.at, https://www.anwaltsbuero.at, "
Kast,"www.anwaltscontor.de, https://www.anwaltscontor.de, "
Schneider & Dr. Willms,"www.anwaltsgemeinschaft-ac.de, https://www.anwaltsgemeinschaft-ac.de, "
Brentzel und Stegers,"www.anwaltsgemeinschaft.de/, https://www.anwaltsgemeinschaft.de/, "
Stock & Friedrich,"www.anwaltsgesellschaft.de, https://www.anwaltsgesellschaft.de, "
Waibel Hoppert Rubach & Kollegen,"www.anwaltshaus.de, https://www.anwaltshaus.de, "
Brandt & Kollegen,"www.anwaltskanzlei-brandt.de, https://www.anwaltskanzlei-brandt.de, "
AKD Dittert Südhoff & Partner,"www.anwaltskanzlei-dittert.de, https://www.anwaltskanzlei-dittert.de, "
Heil,"www.anwaltskanzlei-heil.de, https://www.anwaltskanzlei-heil.de, "
Korfsmeyer,"www.anwaltskanzlei-korfsmeyer.de, https://www.anwaltskanzlei-korfsmeyer.de, "
Kramer & Partner,"www.anwaltskanzlei-online.de, https://www.anwaltskanzlei-online.de, "
Rohwedder & Partner,"www.anwaltskanzlei-rohwedder.de, https://www.anwaltskanzlei-rohwedder.de, "
Sammet,"www.anwaltskanzlei-sammet.de, https://www.anwaltskanzlei-sammet.de, "
Teuber Stichner,"www.anwaltskanzlei-teuber-stichner.de, https://www.anwaltskanzlei-teuber-stichner.de, "
Wöhlermann Lorenz & Partner,"www.anwaltskanzlei-wlp.de, https://www.anwaltskanzlei-wlp.de, "
Zacharias Predeek & Partner,"www.anwaltskanzlei.org, https://www.anwaltskanzlei.org, "
Aoyama & Partners,"www.aoyamapat.co.jp, https://www.aoyamapat.co.jp, "
Apitzsch Schmidt,"www.apitzsch-schmidt.de, https://www.apitzsch-schmidt.de, "
Cermak Horejs Myslil a spol.,"www.apk.cz, https://www.apk.cz, "
Atsumi Sakai Horitsu Jimusho Gaikokuho Kyodo Jigyo,"www.aplaw.jp, https://www.aplaw.jp, "
Apostolou & Co.,"www.apostoloulaw.com, https://www.apostoloulaw.com, "
Appel & Hadenfeldt,"www.appelhadenfeldt.de, https://www.appelhadenfeldt.de, "
Appelhagen,"www.appelhagen.de, https://www.appelhagen.de, "
Appiano & Kramer,"www.appilex.at, https://www.appilex.at, "
Appleby,"www.applebyglobal.com, https://www.applebyglobal.com, "
Appleton Luff,"www.appletonluff.com, https://www.appletonluff.com, "
Aramis,"www.aramis-law.com, https://www.aramis-law.com, "
Araoz y Rueda,"www.araozyrueda.com, https://www.araozyrueda.com, "
Franzmann,"www.arbeitnehmer-kanzlei.de, https://www.arbeitnehmer-kanzlei.de, "
Haedge Nitzsche Friese,"www.arbeits-mietrecht.de, https://www.arbeits-mietrecht.de, "
Gerhard,"www.arbeitsanwaelte.de, https://www.arbeitsanwaelte.de, "
Schneider & Wisskirchen,"www.arbeitsrecht-familienrecht.de, https://www.arbeitsrecht-familienrecht.de, "
Reckler & Horst,"www.arbeitsrecht-rh.de, https://www.arbeitsrecht-rh.de, "
Schweier,"www.arbeitsrecht-schweier.de, https://www.arbeitsrecht-schweier.de, "
Gerlach,"www.arbeitsrecht.at, https://www.arbeitsrecht.at, "
Gnann Thauer & Kollegen,"www.arbeitsrecht24.com, https://www.arbeitsrecht24.com, "
Müller-Knapp Hjort Wulff,"www.arbeitsrechtsanwaelte-hamburg.de, https://www.arbeitsrechtsanwaelte-hamburg.de, "
Böhm,"www.arbeitsrechtskanzlei.eu, https://www.arbeitsrechtskanzlei.eu, "
Arendt & Medernach,"www.arendt-medernach.com, https://www.arendt-medernach.com, "
Arens & Partner,"www.arens-und-partner.de, https://www.arens-und-partner.de, "
Arent Fox,"www.arentfox.com, https://www.arentfox.com, "
Arias Fábrega & Fábrega,"www.arifa.com, https://www.arifa.com, "
Armellini & Barzon,"www.armellinibarzon.it, https://www.armellinibarzon.it, "
Arnason Faktor,"www.arnasonfaktor.is, https://www.arnasonfaktor.is, "
Arnecke Siebold,"www.arneckesiebold.de, https://www.ArneckeSiebold.de, "
Arnold Ruess,"www.arnold-ruess.com, https://www.arnold-ruess.com, "
Arnold,"www.arnold.biz, https://www.arnold.biz, "
Arnold & Porter,"www.arnoldporter.com, https://www.arnoldporter.com, "
Arqis,"www.arqis.de, https://www.arqis.de, "
Arraut & Asociados,"www.arraut-asociados.com, https://www.arraut-asociados.com, "
Brelle,"www.art-lawyer.de, https://www.art-lawyer.de, "
Arthur Cox,"www.arthurcox.com, https://www.arthurcox.com, "
Arzinger & Partner,"www.arzinger.by, https://www.arzinger.by, "
Arzinger,"www.arzinger.ua, https://www.arzinger.ua, "
Broglie Schade & Partner,"www.arztrecht.de, https://www.arztrecht.de, "
Kanzlei für Arztrecht,"www.arztrecht.org/kanzlei, https://www.arztrecht.org/kanzlei, "
Heberer & Kollegen,"www.arztrechtskanzlei.de, https://www.arztrechtskanzlei.de, "
A&S Avocats,"www.as-avocats.com, https://www.as-avocats.com, "
ASA Avocats Associés,"www.asa-avocats.com, https://www.asa-avocats.com, "
Asamura,"www.asamura.jp, https://www.asamura.jp, "
Asar Al Ruwayeh & Partners,"www.asarlegal.com, https://www.asarlegal.com, "
Aschermann,"www.aschermann-rechtsanwaelte.de, https://www.aschermann-rechtsanwaelte.de, "
ASG Asche Stein Glockemann Verstl Wiezoreck,"www.aschestein.de, https://www.aschestein.de, "
Ashurst,"www.ashurst.com, https://www.ashurst.com, "
Arns Schwering Kohne,"www.ask-muenster.de, https://www.ask-muenster.de, "
ASR Astner Sünkenberg,"www.asr.de, https://www.asr.de, "
Asserson,"www.asserson.co.uk, https://www.asserson.co.uk, "
AstapovLawyers,"www.astapovlawyers.com, https://www.astapovlawyers.com, "
Asters,"www.asterslaw.com, https://www.asterslaw.com, "
Tavlaridis Tsimikalis & Kalonarou,"www.athenslegal.gr, https://www.athenslegal.gr, "
Haffner & Keschmann,"www.atpat.com, https://www.atpat.com, "
Athayde de Tavares Pereira da Rosa & Associados,"www.atpr.eu, https://www.atpr.eu, "
Atticus,"www.atticus-legal.de, https://www.atticus-legal.de, "
Audalis Kohler Punge & Partner,"www.audalis.de, https://www.audalis.de, "
Altweger,"www.auditjurtax.de, https://www.auditjurtax.de, "
Auer Witte Thiel,"www.auerwittethiel.de, https://www.auerwittethiel.de, "
Terhaag & Partner,"www.aufrecht.de, https://www.aufrecht.de, "
August & Debouzy,"www.august-debouzy.com, https://www.august-debouzy.com, "
AugustinPartners,"www.augustinpartners.com, https://www.augustinpartners.com, "
Per auream,"www.auream.com, https://www.auream.com, "
Austmann & Partner,"www.austmannpartner.com, https://www.austmannpartner.com, "
Axinn Veltrop & Harkrider,"www.avhlaw.com, https://www.avhlaw.com, "
Avío,"www.avio-law.de, https://www.avio-law.de, "
AVM Advogados,"www.avm-advogados.com, https://www.avm-advogados.com, "
Avocado,"www.avocado-law.de, https://www.avocado-law.de, "
Ratheaux,"www.avocat-lyon-ratheaux.com, https://www.avocat-lyon-ratheaux.com, "
Epp & Kühl,"www.avocat.de, https://www.avocat.de, "
Fourgoux & Associés,"www.avocats-fourgoux.com, https://www.avocats-fourgoux.com, "
KAB Kuckenburg Bureth et Associés,"www.avokab.com, https://www.avokab.com, "
AWPR Apel Weber und Partner,"www.awpr.de, https://www.awpr.de, "
AWT Seltmann,"www.awt.de, https://www.awt.de, "
Abe Wada & Watanabe,"www.awwlaw.jp, https://www.awwlaw.jp, "
Vogt,"www.axel-vogt.de, https://www.axel-vogt.de, "
Axiom,"www.axiomlaw.net, https://www.axiomlaw.net, "
Axis Rechtsanwälte,"www.axis.de, https://www.axis.de, "
Axler,"www.axler-rae.de, https://www.axler-rae.de, "
Ayache Salama & Associés,"www.ayache-salama.com, https://www.ayache-salama.com, "
AZB & Partners,"www.azbpartners.com, https://www.azbpartners.com, "
Azhari,"www.azhari-law.com, https://www.azhari-law.com, "
Berg Bandekow Zorn,"www.b-b-z.de, https://www.b-b-z.de, "
b-legal,"www.b-legal.at, https://www.b-legal.at, "
Badertscher,"www.b-legal.ch, https://www.b-legal.ch, "
Baas Overlack Witz,"www.baas-overlack.de, https://www.baas-overlack.de, "
Babbé,"www.babbelegal.com, https://www.babbelegal.com, "
Bradley Arant Boult Cummings,"www.babc.com, https://www.babc.com, "
Bach Sievers,"www.bach-sievers.de, https://www.bach-sievers.de, "
Bährle & Partner,"www.baehrle-partner.de, https://www.baehrle-partner.de, "
Bär & Karrer,"www.baerkarrer.ch, https://www.baerkarrer.ch, "
Bäumel,"www.baeumel-aachen.de, https://www.baeumel-aachen.de, "
Bagatur,"www.bagatur.com, https://www.bagatur.com, "
BA-HR,"www.bahr.no, https://www.bahr.no, "
Baier,"www.baierboehm.at, https://www.baierboehm.at, "
Baker & Miller,"www.bakerandmiller.com, https://www.bakerandmiller.com, "
Baker & Partners,"www.bakerandpartners.com, https://www.bakerandpartners.com, "
Baker Botts,"www.bakerbotts.com, https://www.bakerbotts.com, "
Baker & Hostetler,"www.bakerlaw.com, https://www.bakerlaw.com, "
Baker & McKenzie,"www.bakermckenzie.com, https://www.bakermckenzie.com, "
Breitenecker & Associates,"www.balaw.us, https://www.balaw.us, "
Balázs & Holló,"www.balazshollo.hu, https://www.balazshollo.hu, "
Balcar Polanský Eversheds,"www.balcarpolansky.cz, https://www.balcarpolansky.cz, "
Balzer Kühne Lang,"www.balzerkuehnelang.de, https://www.balzerkuehnelang.de, "
Bange + Wasert + von Rüden,"www.bangewasert.de, https://www.bangewasert.de, "
BGKS Gröpper Köpke,"www.bankrecht24.de, https://www.bankrecht24.de, "
Banner & Witcoff,"www.bannerwitcoff.com, https://www.bannerwitcoff.com, "
Barger Piso & Partner,"www.bapipat.at, https://www.bapipat.at, "
Baptista,"www.baptista.com.br, https://www.baptista.com.br, "
Barandt,"www.barandt.com, https://www.barandt.com, "
Barba & Partner,"www.barba-legal.com, https://www.barba-legal.com, "
Bardehle Pagenberg,"www.bardehle.de, https://www.bardehle.de, "
Bardelle und Kollegen,"www.bardelle.de, https://www.bardelle.de, "
BarentsKrans,"www.barentskrans.nl, https://www.barentskrans.nl, "
Barkemeyer,"www.barkemeyer.de, https://www.barkemeyer.de, "
Barnea & Co,"www.barlaw.co.il, https://www.barlaw.co.il, "
Barrocas,"www.barrocas.com.pt, https://www.barrocas.com.pt, "
Barst Mukamal & Kleiner,"www.barstmukamal.com, https://www.barstmukamal.com, "
Bartsch,"www.bartsch-rechtsanwaelte.de, https://www.bartsch-rechtsanwaelte.de, "
Basham Ringe y Correa,"www.basham.com.mx, https://www.basham.com.mx, "
Bassi & Terzi,"www.bassiterzistudiolegale.it, https://www.bassiterzistudiolegale.it, "
Bataillon & Associés,"www.bataillonfrance.com, https://www.bataillonfrance.com, "
Battke Grünberg,"www.battke-gruenberg.de, https://www.battke-gruenberg.de, "
Batzlaff & Partner,"www.batzlaff.de, https://www.batzlaff.de, "
Koenen,"www.bauanwaelte.de, https://www.bauanwaelte.de, "
Baudacci Nigg Stenberg,"www.baudaccinigg.ch, https://www.baudaccinigg.ch, "
Franco Baudino e Associati,"www.baudino.it, https://www.baudino.it, "
Bauer Kohlmeier und Illenseher,"www.bauer-kohlmeier.de, https://www.bauer-kohlmeier.de, "
BKPI Legal & Compliance,"www.bauer-preusche-rechtsanwaelte.de, https://www.bauer-preusche-rechtsanwaelte.de, "
Bauer Dälken & Kollegen,"www.bauerundkollegen.com, https://www.bauerundkollegen.com, "
Bauer & Partner,"www.bauerundpartner.eu, https://www.bauerundpartner.eu, "
Roscher & Partner,"www.baukanzlei.net, https://www.baukanzlei.net, "
Baumann,"www.baumann-rechtsanwaelte.de, https://www.baumann-rechtsanwaelte.de, "
Baumann & Wilschke,"www.baumann-wilschke.de, https://www.baumann-wilschke.de, "
Baumann Jensen Schröer,"www.baumannjensenschroeer.de, https://www.baumannjensenschroeer.de, "
Baum & Cie.,"www.baumcie.com, https://www.baumcie.com, "
Baumeister,"www.baumeister.org, https://www.baumeister.org, "
Baumgartner und Kollegen,"www.baumgartner-kollegen.de, https://www.baumgartner-kollegen.de, "
Baumgartner Thiede,"www.baumgartnerthiede.com, https://www.baumgartnerthiede.com, "
Baus,"www.baus-rechtsanwalt.de, https://www.baus-rechtsanwalt.de, "
Bay,"www.bay-cc.com, https://www.bay-cc.com, "
Bayer & Partner,"www.bayer-partner.com, https://www.bayer-partner.com, "
Bayh & Fingerle,"www.bayh-fingerle.eu, https://www.bayh-fingerle.eu, "
BaumgartenBrandt,"www.bb-legal.de, https://www.bb-legal.de, "
Buchalik Brömmekamp,"www.bb-soz.de, https://www.bb-soz.de, "
BBG und Partner,"www.bbgundpartner.de, https://www.bbgundpartner.de, "
BBL Bernsau Brockdorff & Partner,"www.bbl-law.de, https://www.bbl-law.de, "
Beiten Burkhardt,"www.bblaw.de, https://www.bblaw.de, "
BBMG Burger Bohl Meyer-Gutknecht,"www.bbmg.de, https://www.bbmg.de, "
Buffa Bortolotti & Mathis,"www.bbmpartners.com, https://www.bbmpartners.com, "
BBORS Kreuznacht,"www.bbors-kreuznacht.de, https://www.bbors-kreuznacht.de, "
Burkardt Peters & Partner,"www.bbp-law.cn, https://www.bbp-law.cn, "
Böttcher Bruch Schütze,"www.bbsffm.de, https://www.bbsffm.de, "
Bergemann Schönherr & Partner,"www.bbsz.de, https://www.bbsz.de, "
Böhmer Bethmann & Partner,"www.bbup.de, https://www.bbup.de, "
Baldi & Caratsch,"www.bclaw.ch, https://www.bclaw.ch, "
Buschlinger Claus & Partner,"www.bcp-wiesbaden.de, https://www.bcp-wiesbaden.de, "
Berliner Corcoran & Rowe,"www.bcr-dc.com, https://www.bcr-dc.com, "
Bernet Castagnet Wantz & Associés,"www.bcw-associes.com, https://www.bcw-associes.com, "
Buhler Duggal & Henry,"www.bdhplaw.com, https://www.bdhplaw.com, "
Bunsow De Mory Smith & Allison,"www.bdiplaw.com, https://www.bdiplaw.com, "
Bojović Dašić Kojović,"www.bdklegal.com, https://www.bdklegal.com, "
BDO Legal,"www.bdolegal.de, https://www.bdolegal.de, "
Braun-Dullaeus Pannen,"www.bdp-ip.de, https://www.bdp-ip.de, "
bdp Bormann Demant & Partner,"www.bdp-sozietaet.de, https://www.bdp-sozietaet.de, "
DAC Beachcroft,"www.beachcroft.co.uk, https://www.beachcroft.co.uk, "
Beccar Varela,"www.beccarv.com.ar, https://www.beccarv.com.ar, "
Bech-Bruun,"www.bechbruun.com, https://www.bechbruun.com, "
Beck & Hölzle,"www.beck-hoelzle.de, https://www.beck-hoelzle.de, "
Becker & Krüger,"www.becker-krueger.de, https://www.becker-krueger.de, "
Becker Leupolt,"www.becker-leupolt.de, https://www.becker-leupolt.de, "
Becker Büttner Held,"www.beckerbuettnerheld.de, https://www.beckerbuettnerheld.de, "
Becker & Partner,"www.beckerpartner.de, https://www.beckerpartner.de, "
Beck,"www.becklaw.de, https://www.becklaw.de, "
Beckmann Abshoff und Kollegen,"www.beckmann-abshoff.de, https://www.beckmann-abshoff.de, "
Beckmann & Associates,"www.beckmannassociates.com, https://www.beckmannassociates.com, "
Bedell Group,"www.bedellgroup.com, https://www.bedellgroup.com, "
Beecken,"www.beecken-law.de, https://www.beecken-law.de, "
Beetz & Partner,"www.beetz.com, https://www.beetz.com, "
Behnke & Pichler,"www.behnke-pichler.de, https://www.behnke-pichler.de, "
Behrends Birkner Lausch,"www.behrends-birkner-lausch.de, https://www.behrends-birkner-lausch.de, "
Behrens Dostal,"www.behrensdostal.de, https://www.behrensdostal.de, "
Behrens & Partner,"www.behrenspp.de, https://www.behrenspp.de, "
Barnert Egermann Illigasch,"www.beira.at, https://www.beira.at, "
Beise & Munscheid,"www.beise-munscheid.de, https://www.beise-munscheid.de/, "
Beisse & Rath,"www.beisse-rath.de, https://www.beisse-rath.de, "
Bell Gully,"www.bellgully.com, https://www.bellgully.com, "
Bendel & Partner,"www.bendel-partner.de, https://www.bendel-partner.de, "
Bender Harrer Krevet,"www.bender-harrer.de, https://www.bender-harrer.de, "
Bendlin & Partner,"www.bendlin-und-partner.de, https://www.bendlin-und-partner.de, "
Bener,"www.bener.av.tr, https://www.bener.av.tr, "
Benessia-Maccagno,"www.benessiamaccagno.it, https://www.benessiamaccagno.it, "
Benjon Oy,"www.benjon.fi, https://www.benjon.fi, "
Benkelberg und Berisha,"www.benkelberg.com, https://www.benkelberg.com, "
Benkert + Partner,"www.benkertpartner.com, https://www.benkertpartner.com, "
Benn-Ibler,"www.benn-ibler.com, https://www.benn-ibler.com, "
Bennett Jones,"www.bennettjones.com, https://www.bennettjones.com, "
Bentata,"www.bentata.com, https://www.bentata.com, "
Bente,"www.bente.de, https://www.bente.de, "
Bödecker Ernst & Partner,"www.bepartners.pro, https://www.bepartners.pro, "
Bonelli Erede Pappalardo,"www.beplex.com, https://www.beplex.com, "
Berater & Partner,"www.berater-partner.ch, https://www.berater-partner.ch, "
Spek & Kämpf,"www.beratung-sk.de, https://www.beratung-sk.de, "
Bereskin & Parr,"www.bereskinparr.com, https://www.bereskinparr.com, "
Beretta Godoy,"www.berettagodoy.com, https://www.berettagodoy.com, "
Berg & Partner,"www.berg-und-partner.de, https://www.berg-und-partner.de, "
Bergerhoff,"www.bergerhoff.de, https://www.bergerhoff.de, "
Bergfeld & Partner,"www.bergfeldonline.de, https://www.bergfeldonline.de, "
Bergmann,"www.bergmann-law.com, https://www.bergmann-law.com, "
Bergmann und Partner,"www.bergmannpartner.com, https://www.bergmannpartner.com, "
Gulde Hengelhaupt Ziebig & Schneider,"www.berlin-patent.net, https://www.berlin-patent.net, "
Berner,"www.berner-insolvenzverwaltung.de, https://www.berner-insolvenzverwaltung.de, "
Berner Fischer & Partner,"www.bernerfischerundpartner.de, https://www.bernerfischerundpartner.de/index.html, "
Bernitsas,"www.bernitsaslawoffices.gr, https://www.bernitsaslawoffices.gr, "
Bersay & Associés,"www.bersay-associes.com, https://www.bersay-associes.com, "
Bertelsmann und Gäbert,"www.bertelsmann-gaebert.de, https://www.bertelsmann-gaebert.de, "
Blessing und Berweck,"www.berweck.de, https://www.berweck.de, "
Best,"www.best-ip.eu, https://www.best-ip.eu, "
Bethge und Partner,"www.bethgeundpartner.de, https://www.bethgeundpartner.de, "
Betten & Resch,"www.bettenpat.com, https://www.bettenpat.com, "
Bettinger Schneider Schramm,"www.bettinger.de, https://www.bettinger.de, "
Beyer,"www.beyerlaw.de, https://www.beyerlaw.de, "
Beyerlein,"www.beylaw.de, https://www.beylaw.de, "
BFP Bruno Fraas & Partner,"www.bf-p.de, https://www.bf-p.de, "
BFJM Bachem Fervers Janßen Mehrhoff,"www.bfjm.de, https://www.bfjm.de, "
Graffert Baur Kern Großmann,"www.bgb-rae.de, https://www.bgb-rae.de, "
Baun Gutsche Braunholz Angermann,"www.bgba.de, https://www.bgba.de, "
Keller & Mennemeyer,"www.bgh-anwalt.de, https://www.bgh-anwalt.de, "
Reinelt & Dr. Genius,"www.bghanwalt.de, https://www.bghanwalt.de, "
Bauer Gronen Link Müller,"www.bgk.de, https://www.bgk.de, "
BGM Anwaltssozietät,"www.bgm-anwaelte.de, https://www.bgm-anwaelte.de, "
BGP Blersch Goetsch Partner,"www.bgp-insol.de, https://www.bgp-insol.de, "
Breidenbach und Partner,"www.bgp-wp.de, https://www.bgp-wp.de, "
Bosch Jehle,"www.bgsj.com, https://www.bgsj.com, "
Bernard-Hertz-Béjot,"www.bhbfrance.com, https://www.bhbfrance.com, "
BHO Legal,"www.bho-legal.com, https://www.bho-legal.com, "
Bögner Hensel & Partner,"www.bhp-anwaelte.de, https://www.bhp-anwaelte.de, "
Boos Hummel & Wegerich,"www.bhw-energie.de, https://www.bhw-energie.de, "
BIA Avocats,"www.bia-avocats.eu, https://www.bia-avocats.eu, "
Bietmann,"www.bietmann.eu, https://www.bietmann.eu, "
Hoffmeister & Bischof,"www.bihopat.de, https://www.bihopat.de, "
Bildl & Kollegen,"www.bildl.de, https://www.bildl.de, "
Binder Grösswang,"www.bindergroesswang.at, https://www.bindergroesswang.at, "
Bingham McCutchen,"www.bingham.com, https://www.bingham.com, "
Binz & Partner,"www.binz-partner.de, https://www.binz-partner.de, "
BIPA Baku Intellectual Property Agency,"www.bipa.az, https://www.bipa.az, "
Buchanan Ingersoll & Rooney,"www.bipc.com, https://www.bipc.com, "
Biris Goran,"www.birisgoran.ro, https://www.birisgoran.ro, "
Birketts,"www.birketts.co.uk, https://www.birketts.co.uk, "
Bissel + Partner,"www.bissel-partner.de, https://www.bissel-partner.de, "
BJBK Boelsen Jumpertz Brochhaus & Kollegen,"www.bjbk.de, https://www.bjbk.de, "
Böninger Köhn,"www.bk-notare.de, https://www.bk-notare.de, "
Barretto Ferreira Kujawski e Brancher,"www.bkbg.com.br, https://www.bkbg.com.br, "
Brauneis Klauser Prändl,"www.bkp.at, https://www.bkp.at, "
Breitmoser Krauss Wechtenbruch,"www.bkw-law.de, https://www.bkw-law.de, "
Blackstone,"www.blackstonechambers.com, https://www.blackstonechambers.com, "
Blaich & Partner,"www.blaichundpartner.com, https://www.blaichundpartner.com, "
Blake Dawson,"www.blakedawson.com, https://www.blakedawson.com, "
Blake Cassels & Graydon,"www.blakes.com, https://www.blakes.com, "
Blank & Lehmler,"www.blank-lehmler.de, https://www.blank-lehmler.de, "
Blanke Colshorn,"www.blanke-colshorn.de, https://www.blanke-colshorn.de, "
Blank Rome,"www.blankrome.com, https://www.blankrome.com, "
Blase & Remmert,"www.blase-remmert.de, https://www.blase-remmert.de, "
BLD Bach Langheid Dallmayr,"www.bld.de, https://www.bld.de, "
Blecher & Collins,"www.blechercollins.com, https://www.blechercollins.com, "
B.L.F. Leineweber,"www.blfkoeln.de, https://www.blfkoeln.de, "
Günther Jansen,"www.blflaw.com, https://www.blflaw.com, "
Barlow Lyde & Gilbert,"www.blg.co.uk, https://www.blg.co.uk, "
Borden Ladner Gervais,"www.blgcanada.com, https://www.blgcanada.com, "
BLLW Braun Leberfinger Ludwig Weidinger,"www.bllw.de, https://www.bllw.de, "
Behr Lachmann Neixler & Partner,"www.bln-partner.de, https://www.bln-partner.de, "
Bloch & Partner,"www.blochlaw.ch, https://www.blochlaw.ch, "
Berwin Leighton Paisner,"www.blplaw.com, https://www.blplaw.com, "
Bren Lange Rosse + Partner,"www.blrpartner.de, https://www.blrpartner.de, "
BLS Boller Langhammer Schubert,"www.bls4law.com, https://www.bls4law.com, "
Blume Issleib,"www.blume-issleib.de, https://www.blume-issleib.de, "
Blumers & Partner,"www.blumers-partner.de, https://www.blumers-partner.de, "
Blum&Grob,"www.blumgrob.ch, https://www.blumgrob.ch, "
Brand,"www.blw-legal.com, https://www.blw-legal.com, "
BMA Brandstätter,"www.bma-law.com, https://www.bma-law.com, "
Barbosa Müssnich & Aragão,"www.bmalaw.com.br, https://www.bmalaw.com.br, "
Blanke Meier Evers,"www.bme-law.de, https://www.bme-law.de, "
BMG Avocats,"www.bmglaw.ch, https://www.bmglaw.ch, "
BMH Bräutigam & Partner,"www.bmh-partner.de, https://www.bmh-partner.de, "
BMH Avocats,"www.bmhavocats.com, https://www.bmhavocats.com, "
Bartlmä Madl Köck,"www.bmknet.at, https://www.bmknet.at, "
Baumgartner Mächler,"www.bmlaw.ch, https://www.bmlaw.ch, "
Bartels Mehring & Partner,"www.bmp-arbeitsrecht.de, https://www.bmp-arbeitsrecht.de, "
Becker & Müller,"www.bmpatent.de, https://www.bmpatent.de, "
BMS Rechtsanwälte Steuerberater,"www.bms-kanzlei.de, https://www.bms-kanzlei.de, "
Büsing Müffelmann & Theye,"www.bmt-law.de, https://www.bmt-law.de, "
Brock Müller Ziegenbein,"www.bmz-recht.de, https://www.bmz-recht.de, "
Brach Nottelmann Börner & Partner,"www.bnbp.de, https://www.bnbp.de, "
Bürgi Nägeli,"www.bnlawyers.ch, https://www.bnlawyers.ch, "
bnt Rechtsanwälte,"www.bnt.eu, https://www.bnt.eu, "
B+O Böhme Oelbermann,"www.bo-oelb.de, https://www.bo-oelb.de, "
BO Brunner Oehmann,"www.bo-partner.de, https://www.bo-partner.de, "
Bobrowicz,"www.bobrowicz.pl, https://www.bobrowicz.pl, "
Bockermann Ksoll Griepenstroh,"www.bochumpatent.de, https://www.bochumpatent.de, "
Bock Legal,"www.bock-legal.de, https://www.bock-legal.de, "
Böck & Partner,"www.boeck-partner.de, https://www.boeck-partner.de, "
Böckmann & Partner,"www.boeckmann.de, https://www.boeckmann.de, "
B&S Böhmdorfer Schender,"www.boehmdorfer.at, https://www.boehmdorfer.at, "
Boehmert & Boehmert,"www.boehmert.de, https://www.boehmert.de, "
Böhm Theiß,"www.boehmsponagel.de, https://www.boehmsponagel.de, "
Böhner,"www.boehner-law.com, https://www.boehner-law.com, "
Boekel De Nerée,"www.boekeldeneree.nl, https://www.boekeldeneree.nl, "
Boels Zanders,"www.boelszanders.nl, https://www.boelszanders.nl, "
Börgers,"www.boergers.com, https://www.boergers.com, "
Börner,"www.boernerlaw.de, https://www.boernerlaw.de, "
Bösel Kohwagner & Kollegen,"www.boesel-kollegen.de, https://www.boesel-kollegen.de, "
Boesen,"www.boesen.de, https://www.boesen.de, "
Boetticher Hasse Lohmann,"www.boetticher.com, https://www.boetticher.com, "
Böck Oppler Hering,"www.bohlaw.de, https://www.bohlaw.de, "
Bohlen,"www.bohlen-recht.de, https://www.bohlen-recht.de, "
Bohmann & Loosen,"www.bohmann-law.com, https://www.bohmann-law.com, "
Bohn Dollenmayer Dambeck,"www.bohn-partner.de, https://www.bohn-partner.de, "
Bohnes,"www.bohnes.eu, https://www.bohnes.eu, "
Schneiders & Behrendt,"www.bolex.de, https://www.bolex.de, "
Beurle Oberndorfer Mitterlehner,"www.bom.at, https://www.bom.at, "
Bomchil,"www.bomchil.com, https://www.bomchil.com, "
Bomm Schatz,"www.bomm-schatz.de, https://www.bomm-schatz.de, "
Bond Pearce,"www.bondpearce.com, https://www.bondpearce.com, "
Bonell & Collegen,"www.bonell-collegen.de, https://www.bonell-collegen.de, "
Bonnekamp & Sparing,"www.bonnekamp-sparing.de, https://www.bonnekamp-sparing.de, "
Bonn & Schmitt,"www.bonnschmitt.net, https://www.bonnschmitt.net, "
Boodle Hatfield,"www.boodlehatfield.com, https://www.boodlehatfield.com, "
Bopp & Kollegen,"www.bopp-kollegen.de, https://www.bopp-kollegen.de, "
Borenius,"www.borenius.com, https://www.borenius.com, "
Liepa Skopina Borenius,"www.borenius.lv, https://www.borenius.lv, "
Borgelt & Partner,"www.borgelt.de, https://www.borgelt.de, "
Borgert Borries,"www.borgertborries.de, https://www.borgertborries.de, "
Borissov & Partners,"www.borissov-law.com, https://www.borissov-law.com, "
Hütte Bohnstedt,"www.bornhausen-consulting.de, https://www.bornhausen-consulting.de, "
Bornheim und Partner,"www.bornheim.com, https://www.bornheim.com, "
Peters Borowiak & Magnus,"www.borowiak.de, https://www.borowiak.de, "
Boss & Young,"www.boss-young.com, https://www.boss-young.com, "
Bossi & Ziegert,"www.bossi-ziegert.de, https://www.bossi-ziegert.de, "
Botha,"www.bothalaw.com, https://www.bothalaw.com, "
Bouchon & Hemmerich,"www.bouchon-hemmerich.com, https://www.bouchon-hemmerich.com, "
Boult Wade Tennant,"www.boult.com, https://www.boult.com, "
Bowman Gilfillan,"www.bowman.co.za, https://www.bowman.co.za, "
Boyanov & Co.,"www.boyanov.com, https://www.boyanov.com, "
BPL Stroot & Kollegen,"www.bpl-recht.de, https://www.bpl-recht.de, "
Becker Bohn,"www.bplusb.de, https://www.bplusb.de, "
BPM Legal,"www.bpm-legal.de, https://www.bpm-legal.de, "
Burgstaller & Preyer,"www.bpr.at, https://www.bpr.at, "
Bergmann Pohl Spielmann,"www.bps-law.de, https://www.bps-law.de, "
bpv Braun Partners,"www.bpv-bh.cz, https://www.bpv-bh.cz, "
bpv Grigorescu Ştefănică,"www.bpv-grigorescu.com, https://www.bpv-grigorescu.com, "
bpv Hügel,"www.bpv-huegel.com, https://www.bpv-huegel.com, "
Bang + Regnarsen,"www.br-law.com, https://www.br-law.com, "
Bühlmann,"www.br-legal.ch, https://www.br-legal.ch, "
Bracewell & Giuliani,"www.bracewellgiuliani.com, https://www.bracewellgiuliani.com, "
Bracker,"www.bracker-law.com, https://www.bracker-law.com, "
Bräutigam Dießelberg Kunze Dietrich,"www.brafapa.de, https://www.brafapa.de, "
Braitinger & Grupp,"www.braitinger-grupp.de, https://www.braitinger-grupp.de, "
Brake & Scholz,"www.brake-scholz.de, https://www.brake-scholz.de, "
Kanzlei 34,"www.brand-kowala.de, https://www.brand-kowala.de, "
Brandi,"www.brandi.net, https://www.brandi.net, "
Brandt Partnerschaft,"www.brandt-partnerschaft.de, https://www.brandt-partnerschaft.de, "
Bratschi Wiederkehr & Buob,"www.bratschi-law.ch, https://www.bratschi-law.ch, "
Braun & Jöckel,"www.braun-joeckel.de, https://www.braun-joeckel.de, "
Braun & Rieske,"www.braun-rieske.de, https://www.braun-rieske.de, "
Brauner,"www.brauner-rechtsanwaelte.de, https://www.brauner-rechtsanwaelte.de, "
Braun Paschke,"www.braunpaschke.com, https://www.braunpaschke.com, "
Brautlecht & Zacher,"www.brautlecht-zacher.de, https://www.brautlecht-zacher.de, "
Bredin Prat,"www.bredinprat.com, https://www.bredinprat.com, "
Breiholdt & Breiholdt,"www.breiholdt.de, https://www.breiholdt.de, "
Breit & Jüdt,"www.breit-juedt.de, https://www.breit-juedt.de, "
Breiteneder,"www.breiteneder.pro, https://www.breiteneder.pro, "
Breithaupt & Kollegen,"www.breithaupt-kollegen.de, https://www.breithaupt-kollegen.de, "
Bremen Houben,"www.bremen-houben.de, https://www.bremen-houben.de, "
Brendel & Associates,"www.brendel-associates.com, https://www.brendel-associates.com, "
Brennecke & Partner,"www.brennecke-partner.de, https://www.brennecke-partner.de, "
Bretzger Gladis Stoch Dr. Wiedenmann,"www.bretzger-rechtsanwaelte.de, https://www.bretzger-rechtsanwaelte.de, "
Asahina & Co.,"www.brevat.com, https://www.brevat.com, "
Breyer,"www.breyer-rechtsanwaelte.de, https://www.breyer-rechtsanwaelte.de, "
Brick Court Chambers,"www.brickcourt.co.uk, https://www.brickcourt.co.uk, "
BridgehouseLaw,"www.bridgehouselaw.de, https://www.bridgehouselaw.de, "
Bridges Kanzlei Wigand,"www.bridges-kw.de, https://www.bridges-kw.de, "
Briem,"www.briem.at, https://www.briem.at, "
Briffa,"www.briffa.com, https://www.briffa.com, "
Brillinger,"www.brillinger-rechtsanwaelte.de, https://www.brillinger-rechtsanwaelte.de, "
Brinker & Collegen,"www.brinker-partner.de, https://www.brinker-partner.de, "
Brinkhof,"www.brinkhof.com, https://www.brinkhof.com, "
Brinkmann Dewert,"www.brinkmann-dewert.de, https://www.brinkmann-dewert.de, "
Brinkmann & Partner,"www.brinkmann-partner.de, https://www.brinkmann-partner.de/, "
Brinkmann,"www.brinkmann-ra.eu, https://www.brinkmann-ra.eu, "
Brinkmann Weinkauf,"www.brinkmannweinkauf.de, https://www.brinkmannweinkauf.de, "
Brinkmeier & Partner,"www.brinkmeier-partner.de, https://www.brinkmeier-partner.de, "
Bristows,"www.bristows.com, https://www.bristows.com, "
Brix + Partners,"www.brixcpa.com, https://www.brixcpa.com, "
BRKS Rechtsanwälte Notare,"www.brks.de, https://www.brks.de, "
BRL Boege Rohde Luebbehuesen,"www.brlnet.com, https://www.brlnet.com, "
Broad & Bright,"www.broadbright.com, https://www.broadbright.com, "
Brockdorff Rechtsanwälte,"www.brockdorff.net, https://www.brockdorff.net, "
Brockmann,"www.brockmannlaw.com, https://www.brockmannlaw.com, "
Brodski und Lehner,"www.brodski-lehner.de, https://www.brodski-lehner.de, "
Broich,"www.broich.com, https://www.broich.com, "
Bronhofer Lukač Langlotz & Partner,"www.bronhofer.de, https://www.bronhofer.de, "
Broseta,"www.broseta.com, https://www.broseta.com, "
Brown & Page,"www.brownandpage.com, https://www.brownandpage.com, "
Browne Jacobson,"www.brownejacobson.com, https://www.brownejacobson.com, "
Brown Rudnick,"www.brownrudnick.com, https://www.brownrudnick.com, "
BRP Renaud & Partner,"www.brp.de, https://www.brp.de, "
Bethge Reimann Stari,"www.brs-rechtsanwaelte.de, https://www.brs-rechtsanwaelte.de, "
BRS & Partners,"www.brs.fr, https://www.brs.fr, "
Bruckhoff,"www.bruckhoff-inso.com, https://www.bruckhoff-inso.com, "
Brügmann,"www.bruegmann-rechtsanwaelte.de, https://www.bruegmann-rechtsanwaelte.de, "
Brüllmann,"www.bruellmann.de, https://www.bruellmann.de, "
Bruun & Hjejle,"www.bruunhjejle.com, https://www.bruunhjejle.com, "
Barkhoff Reimann Vossius,"www.brv-law.com, https://www.brv-law.com, "
Bouzat Rosenkrantz & Asociados,"www.brya.com.ar, https://www.brya.com.ar, "
Bryan Cave,"www.bryancave.com, https://www.bryancave.com, "
Bansbach Schübel Brösztl & Partner,"www.bsb-partner.de, https://www.bsb-partner.de, "
Boies Schiller & Flexner,"www.bsfllp.com, https://www.bsfllp.com, "
BSJP Brockhuis Jurczak Prusak,"www.bsjp.pl, https://www.bsjp.pl, "
Berger Steck & Kollegen,"www.bsk-legal.com, https://www.bsk-legal.com, "
Broll Dr. Seid Kaufmann & Partner,"www.bskp.de, https://www.bskp.de, "
BSM Anwaltskanzlei,"www.bsmanwalt.de, https://www.bsmanwalt.de, "
Bonn Steichen & Partners,"www.bsp.lu, https://www.bsp.lu, "
Bauer Soest und Partner,"www.bspw.de, https://www.bspw.de, "
Burghardt Seybold Tscherch,"www.bst-anwaelte.de, https://www.bst-anwaelte.de, "
Becker Uhlich,"www.bsu-kanzlei.de, https://www.bsu-kanzlei.de, "
Brauner Schurgers Uhlenhut,"www.bsu-legal.de, https://www.bsu-legal.de, "
Beil Staehle Milde,"www.bswm.de, https://www.bswm.de, "
Berger Ettel,"www.bsz-wien.at, https://www.bsz-wien.at, "
Büge & Tünnesen-Harmes,"www.bth-umweltrecht.de, https://www.bth-umweltrecht.de, "
Brüggemann Trimpop Kregovski,"www.btk-kanzlei.de, https://www.btk-kanzlei.de, "
Barnes & Thornburg,"www.btlaw.com, https://www.btlaw.com, "
Barcellos Tucunduva,"www.btlaw.com.br, https://www.btlaw.com.br, "
Brandl & Talos,"www.btp.at, https://www.btp.at, "
BTR Mecklenburg & Kollegen,"www.btr-web.de, https://www.btr-web.de, "
BTU Simon,"www.btu-group.de, https://www.btu-group.de, "
Bub Gauweiler & Partner,"www.bubgauweilerpartner.de, https://www.bubgauweilerpartner.de, "
Buchheim + Partner,"www.buchheim-partner.de, https://www.buchheim-partner.de, "
Buchholz-Duffner,"www.buchholz-duffner.de, https://www.buchholz-duffner.de, "
Budéus & Collegen,"www.budeus-collegen.de, https://www.budeus-collegen.de, "
Budin & Partner,"www.budin-partner.de, https://www.budin-partner.de, "
Lehmkühler,"www.buero-lehmkuehler.de, https://www.buero-lehmkuehler.de, "
Büttner & Baukelmann,"www.buettner-baukelmann.de, https://www.buettner-baukelmann.de, "
Buhlmann & Kollegen,"www.buhlmann-kollegen.de, https://www.buhlmann-kollegen.de, "
Bulla & Ehmke,"www.bulla-ehmke.de, https://www.bulla-ehmke.de, "
Bullard Falla Ezcurra,"www.bullardabogados.com.pe, https://www.bullardabogados.com.pe, "
Bunnenberg Bertram,"www.bunnenberg-bertram.de, https://www.bunnenberg-bertram.de, "
Buntscheck,"www.buntscheck.com, https://www.buntscheck.com, "
Böhmer Uhrig & Partner,"www.bup.de, https://www.bup.de, "
Burchert & Partner,"www.burchert-rechtsanwaelte.de, https://www.burchert-rechtsanwaelte.de, "
Burckhardt,"www.burckhardtlaw.com, https://www.burckhardtlaw.com, "
Plattner,"www.bureauplattner.com, https://www.bureauplattner.com, "
Burges Salmon,"www.burges-salmon.com, https://www.burges-salmon.com, "
Burgmer,"www.burgmer.com, https://www.burgmer.com, "
Burkert-Basler & Partner,"www.burkert-basler-partner.com, https://www.burkert-basler-partner.com, "
Burton & Co,"www.burtonco.co.nz, https://www.burtonco.co.nz, "
Busch Essers,"www.busch.pro, https://www.busch.pro, "
Buse Gierth,"www.buse-gierth.de, https://www.buse-gierth.de, "
Buse Heberer Fromm,"www.buse.de, https://www.buse.de/, "
Busekist Winter & Partner,"www.busekist.de, https://www.busekist.de, "
Busse & Miessen,"www.busse-miessen.de, https://www.busse-miessen.de, "
Busse,"www.busselaw.de, https://www.busselaw.de, "
Buzescu,"www.buzescu.com, https://www.buzescu.com, "
Bauer Vorberg Kayser,"www.bvk-patent.de, https://www.bvk-patent.de, "
Brehm & v. Moers,"www.bvm-law.de, https://www.bvm-law.de, "
BW Partner Bauer Wulf Schätz Hasenclever Stiefelhagen,"www.bw-partner.com, https://www.bw-partner.com, "
Bette Westenberger Brink,"www.bwb-law.de, https://www.bwb-law.de, "
Badache Weindl & Partner,"www.bwpgroup.de, https://www.bwpgroup.de, "
ByrneWallace,"www.byrnewallace.com, https://www.byrnewallace.com, "
Bruckmüller Zeitler,"www.bzp.at, https://www.bzp.at, "
Haaß & Kluss,"www.c-kluss.de, https://www.c-kluss.de, "
Cadwalader Wickersham & Taft,"www.cadwalader.com, https://www.cadwalader.com, "
Caemmerer Lenz,"www.caemmerer-lenz.de, https://www.caemmerer-lenz.de, "
Cäsar-Preller,"www.caesar-preller.de, https://www.caesar-preller.de, "
Caffi Maroncelli e Associati,"www.caffi-maroncelli.com, https://www.caffi-maroncelli.com, "
Çağa & Çağa,"www.caga.gen.tr, https://www.caga.gen.tr, "
Cahill Gordon & Reindel,"www.cahill.com, https://www.cahill.com, "
Cains,"www.cains.co.im, https://www.cains.co.im, "
Cameron,"www.cameronllp.com, https://www.cameronllp.com, "
Cannawurf & Wetzel,"www.cannawurf-wetzel.de, https://www.cannawurf-wetzel.de, "
Scheller Hofmeister & Partner,"www.canzlei.de, https://www.canzlei.de, "
Capital,"www.capitallaw.co.uk, https://www.capitallaw.co.uk, "
Capstan,"www.capstan.fr, https://www.capstan.fr, "
Cardigos,"www.cardigos.com, https://www.cardigos.com, "
Carey y Cía,"www.carey.cl, https://www.carey.cl, "
Carey Olsen,"www.careyolsen.com, https://www.careyolsen.com, "
Cariola Diez Perez-Cotapos y Cía.,"www.cariola.cl, https://www.cariola.cl, "
Carl Hilger Becker & Partner,"www.carl-und-partner.de, https://www.carl-und-partner.de, "
Carbonnier Lamaze Rasle & Associés,"www.carlara.com, https://www.carlara.com, "
Polo & Asociados,"www.carlospolo.com, https://www.carlospolo.com, "
Carnelutti,"www.carnelutti.com, https://www.carnelutti.com, "
Caspers Mock & Partner,"www.caspers-mock.de, https://www.caspers-mock.de/, "
Cassidy & Associates,"www.cassidy.com, https://www.cassidy.com, "
Castaldi Mourre & Partners,"www.castaldimourre.com, https://www.castaldimourre.com, "
Castendiek Helwig & Partner,"www.castendiek.de, https://www.castendiek.de, "
Castrén & Snellman,"www.castren.fi, https://www.castren.fi, "
Castringius,"www.castringius.de, https://www.castringius.de, "
CausaConcilio,"www.causaconcilio.de, https://www.causaconcilio.de, "
Cayol Cahen & Associés,"www.cayol-cahen-associes.fr, https://www.cayol-cahen-associes.fr, "
CBA Studio Legale e Tributario,"www.cbalex.it, https://www.cbalex.it, "
CBH Rechtsanwälte,"www.cbh.de, https://www.cbh.de, "
Carroll Burdick & McDonough,"www.cbmlaw.com, https://www.cbmlaw.com, "
CEAG,"www.ceag.cz, https://www.ceag.cz, "
Čechová & Partners,"www.cechova.sk, https://www.cechova.sk, "
Cederquist,"www.cederquist.se, https://www.cederquist.se, "
Cabanellas Etchebarne Kelly,"www.cekd.com, https://www.cekd.com, "
Cerrahoğlu,"www.cerrahoglu.av.tr, https://www.cerrahoglu.av.tr, "
Cervera,"www.cervera.cc, https://www.cervera.cc, "
Conrad & Najberg,"www.cessiolegis.de, https://www.cessiolegis.de, "
Classen Fuhrmanns & Partner,"www.cfpa.de, https://www.cfpa.de, "
Fischer-Zernin,"www.cfz-legal.com, https://www.cfz-legal.com, "
CGR Legal,"www.cgrlegal.eu, https://www.cgrlegal.eu, "
Cleary Gottlieb Steen & Hamilton,"www.cgsh.com, https://www.cgsh.com, "
Chadbourne & Parke,"www.chadbourne.com, https://www.chadbourne.com, "
Chaldoupis & Partners,"www.chaldoupis.com, https://www.chaldoupis.com, "
Chapman Tripp,"www.chapmantripp.com, https://www.chapmantripp.com, "
Chapslaw Crosby Houben & Aps,"www.chaps-law.eu, https://www.chaps-law.eu, "
Charles Russell,"www.charlesrussell.co.uk, https://www.charlesrussell.co.uk, "
Czernich Haidlen Guggenberger & Partner,"www.chg.at, https://www.chg.at, "
Chiomenti,"www.chiomenti.net, https://www.chiomenti.net, "
CK Krüger,"www.chr-krueger.de, https://www.chr-krueger.de, "
Chrysostomides & Co,"www.chrysostomides.com, https://www.chrysostomides.com, "
CHS Rechtsanwälte,"www.chs-strafrecht.de, https://www.chs-strafrecht.de, "
CHSH Cerha Hempel Spiegelfeld Hlawati,"www.chsh.at, https://www.chsh.at, "
CHT Rechtsanwälte,"www.cht-legal.com, https://www.cht-legal.com, "
Cox Hallett Wilkinson,"www.chw.com, https://www.chw.com, "
Closhen Kämpf Bernard & Partner,"www.ckb-anwaelte.de, https://www.ckb-anwaelte.de, "
Carlé Korn Stahl Strahl,"www.ckss.de, https://www.ckss.de, "
Claeys & Engels,"www.claeysengels.be, https://www.claeysengels.be, "
ClarkeKann,"www.clarkekann.com.au, https://www.clarkekann.com.au, "
Claro y Cia.,"www.claro.cl, https://www.claro.cl, "
Clasis,"www.clasislaw.com, https://www.clasislaw.com, "
Clayton Utz,"www.claytonutz.com, https://www.claytonutz.com, "
Clement & Ziegler,"www.clement-ziegler.de, https://www.clement-ziegler.de, "
Clemente,"www.clemente.de, https://www.clemente.de, "
Clerens & Partners,"www.clerens.be, https://www.clerens.be, "
Clifford Chance,"www.cliffordchance.com, https://www.cliffordchance.com, "
Cowan Liebowitz & Latman,"www.cll.com, https://www.cll.com, "
CLLB Rechtsanwälte,"www.cllb.de, https://www.cllb.de, "
Carter Ledyard & Milburn,"www.clm.com, https://www.clm.com, "
Clouth & Partner,"www.clouth-partner.de, https://www.clouth-partner.de, "
Capital Legal Services,"www.cls.ru, https://www.cls.ru, "
Clyde & Co,"www.clydeco.com, https://www.clydeco.com, "
CMG & Associés,"www.cmglegal.net, https://www.cmglegal.net, "
Joshi,"www.cmjoshi.us, https://www.cmjoshi.us, "
CMKR Maaß Kautz,"www.cmkr.de, https://www.cmkr.de, "
CMS Adonnino Ascoli & Cavasola Scamoni,"www.cms-aacs.com, https://www.cms-aacs.com, "
CMS Albiñana & Suárez de Lezo,"www.cms-asl.com, https://www.cms-asl.com, "
CMS Bureau Francis Lefebvre,"www.cms-bfl.com, https://www.cms-bfl.com, "
CMS DeBacker,"www.cms-db.com, https://www.cms-db.com, "
CMS Derks Star Busmann,"www.cms-dsb.com, https://www.cms-dsb.com, "
CMS Hasche Sigle,"www.cms-hs.com, https://www.cms-hs.com, "
CMS Rui Pena & Arnaut,"www.cms-rpa.com, https://www.cms-rpa.com, "
CMS Reich-Rohrwig Hainz,"www.cms-rrh.com, https://www.cms-rrh.com, "
CMS von Erlach Henrici,"www.cms-veh.com, https://www.cms-veh.com, "
Hasche & Eschenlohr,"www.cmslegal.de, https://www.cmslegal.de, "
Çevik Nierling,"www.cn-advo.de, https://www.cn-advo.de, "
Co-operative Legal Services,"www.co-operative.coop/legalservices/, https://www.co-operative.coop/legalservices/, "
Cobbetts,"www.cobbetts.co.uk, https://www.cobbetts.co.uk, "
Cocuzza & Associati,"www.cocuzzaeassociati.it, https://www.cocuzzaeassociati.it, "
Coeler Legal,"www.coeler.com, https://www.coeler.com, "
Cöster & Partner,"www.coester-partner.de, https://www.coester-partner.de, "
Cohausz & Florack,"www.cohausz-florack.de, https://www.cohausz-florack.de, "
Cohen & Grigsby,"www.cohenlaw.com, https://www.cohenlaw.com, "
Schmid v. Buttlar & Partner,"www.colaw.de, https://www.colaw.de, "
Kölcsey-Rieden Haslwanter & Partner,"www.colaw.hu, https://www.colaw.hu, "
Collas Crill,"www.collascrill.com, https://www.collascrill.com, "
Häupl & Ellmeyer,"www.collin-ip.at, https://www.collin-ip.at, "
Campbell O’Brien & Mistele,"www.comlawone.com, https://www.comlawone.com, "
Commeo,"www.commeo-law.com, https://www.commeo-law.com, "
Compart & Schmidt,"www.compart-schmidt.de, https://www.compart-schmidt.de, "
Compass,"www.compasslaw.dk, https://www.compasslaw.dk, "
Constantine Cannon,"www.constantinecannon.com, https://www.constantinecannon.com, "
Conyers Dill & Pearman,"www.conyersdillandpearman.com, https://www.conyersdillandpearman.com, "
Cooley,"www.cooley.com, https://www.cooley.com, "
Schmidt Kornfeld Wukoschitz,"www.coop-recht.at, https://www.coop-recht.at, "
Cohausz Hannig Borkowski Wißgott,"www.copat.de, https://www.copat.de, "
corax,"www.corax-legal.com, https://www.corax-legal.com, "
Coreus,"www.coreus-law.com, https://www.coreus-law.com, "
Corinius,"www.corinius.com, https://www.corinius.com, "
Cornea Franz,"www.cornea-franz.de, https://www.cornea-franz.de, "
Cornelius + Krage,"www.cornelius-krage.de, https://www.cornelius-krage.de/, "
Corso,"www.corso.cc, https://www.corso.cc, "
Corvel,"www.corvel.de, https://www.corvel.de, "
Cosack,"www.cosack-recht.de, https://www.cosack-recht.de, "
Coudert Brothers,"www.coudert.com, https://www.coudert.com, "
Courtois Lebel,"www.courtois-lebel.com, https://www.courtois-lebel.com, "
Covington & Burling,"www.cov.com, https://www.cov.com, "
COX Legal,"www.cox-legal.de, https://www.cox-legal.de, "
Cozen O'Connor,"www.cozen.com, https://www.cozen.com, "
CPS Schließmann,"www.cps-schliessmann.de, https://www.cps-schliessmann.de, "
Cravath Swaine & Moore,"www.cravath.com, https://www.cravath.com, "
Crawford,"www.crawfordlaw.co.uk, https://www.crawfordlaw.co.uk, "
Creel García-Cuéllar Aiza y Enríquez,"www.creelmx.com, https://www.creelmx.com, "
Cremer Arend & Hött,"www.cremer-arend-hoett.de, https://www.cremer-arend-hoett.de, "
Creon,"www.creon.net, https://www.creon.net, "
Creutzig & Creutzig,"www.creutzig-law.com, https://www.creutzig-law.com, "
Crowell & Moring,"www.crowell.com, https://www.crowell.com, "
Crown Office,"www.crownofficechambers.com, https://www.crownofficechambers.com, "
CSC Rechtsanwälte,"www.csc-recht.de, https://www.csc-recht.de, "
CSP Czeckay & Partner,"www.csp-rechtsanwaelte.de, https://www.csp-rechtsanwaelte.de, "
CTK Law Office,"www.ctk-law.com, https://www.ctk-law.com, "
Cohen Todd Kite & Stanford,"www.ctks.com, https://www.ctks.com, "
Chandler & Thong-ek,"www.ctlo.com, https://www.ctlo.com, "
Cheah Teh & Su,"www.ctslawyers.com.my, https://www.ctslawyers.com.my, "
Cuatrecasas Gonçalves Pereira,"www.cuatrecasas.com, https://www.cuatrecasas.com/, "
Curacon Weidlich,"www.curacon-recht.de, https://www.curacon-recht.de, "
Curos,"www.curos-recht.de, https://www.curos-recht.de, "
Curtis Mallet-Prevost Colt & Mosle,"www.curtis.com, https://www.curtis.com, "
CVS,"www.cvs-avocats.com, https://www.cvs-avocats.com, "
Cooke Young & Keidan,"www.cyklaw.com, https://www.cyklaw.com, "
Diem,"www.cyrill-diem.ch, https://www.cyrill-diem.ch, "
Cyrus Makowski,"www.cyrusross.de, https://www.cyrusross.de, "
Czernitzky & Partner,"www.czernitzky-pp.de, https://www.czernitzky-pp.de, "
Schwerdtfeger,"www.d-schwerdtfeger.de, https://www.d-schwerdtfeger.de, "
Dabelstein & Passehl,"www.da-pa.com, https://www.da-pa.com/, "
DABB,"www.dabb-recht.de, https://www.dabb-recht.de, "
Dacheng,"www.dachengnet.com, https://www.dachengnet.com, "
Dahl & Guldager,"www.dahlguldager.dk, https://www.dahlguldager.dk, "
Vernon David,"www.dalegal.ro, https://www.dalegal.ro, "
Dale & Lessmann,"www.dalelessmann.com, https://www.dalelessmann.com, "
Dalla Vedova,"www.dallavedova.com, https://www.dallavedova.com, "
Damm & Mann,"www.damm-mann.de, https://www.damm-mann.de, "
Damm,"www.damm-rechtsanwaelte.de, https://www.damm-rechtsanwaelte.de, "
Dammert & Steinforth,"www.dammert-steinforth.de, https://www.dammert-steinforth.de, "
Steinforth & Kollegen,"www.dammert-steinforth.de, https://www.dammert-steinforth.de, "
Danckelmann und Kerst,"www.danckelmann-kerst.de, https://www.danckelmann-kerst.de, "
Danders & More,"www.dandersmore.com, https://www.dandersmore.com, "
d h & k,"www.daniel-hagelskamp.de, https://www.daniel-hagelskamp.de, "
Raimer,"www.danielraimer.de, https://www.danielraimer.de, "
Danubia,"www.danubia.hu, https://www.danubia.hu, "
Darby & Darby,"www.darbylaw.com, https://www.darbylaw.com, "
Platow Dr. Gabriele Peter Steffen Damm,"www.das-anwaltsbuero.net, https://www.das-anwaltsbuero.net, "
Dauernheim & Kollegen,"www.dauernheim.de, https://www.dauernheim.de, "
Davenport Lyons,"www.davenportlyons.com, https://www.davenportlyons.com, "
Dawsons,"www.dawsons-legal.com, https://www.dawsons-legal.com, "
Dierks + Bohle,"www.db-law.de, https://www.db-law.de, "
De Brauw Blackstone Westbroek,"www.dbbw.nl, https://www.dbbw.nl, "
Dorda Brugger Jordis,"www.dbj.at, https://www.dbj.at, "
Derpa Bender & Kübler,"www.dbkp.de, https://www.dbkp.de, "
Drinker Biddle & Reath,"www.dbr.com, https://www.dbr.com, "
Díaz-Bastien & Truan,"www.dbtlex.com, https://www.dbtlex.com, "
ddkb,"www.ddkb.net, https://www.ddkb.net, "
Dienst & Partner,"www.ddp-koblenz.de, https://www.ddp-koblenz.de, "
De Pardieu Brocas Maffei,"www.de-pardieu.com, https://www.de-pardieu.com, "
Deacons,"www.deacons.com.hk, https://www.deacons.com.hk, "
Dehmel & Bettenhausen,"www.debe-patent.de, https://www.debe-patent.de, "
Debevoise & Plimpton,"www.debevoise.com, https://www.debevoise.com, "
Dechert,"www.dechert.com, https://www.dechert.com, "
Decker Braun & Poos,"www.decker-braun.lu, https://www.decker-braun.lu, "
Decker & Rumscheid,"www.decker-rumscheid.de, https://www.decker-rumscheid.de, "
De Clercq,"www.declercq.com, https://www.declercq.com, "
de Faria & Partner,"www.defaria.de, https://www.defaria.de, "
Dehnen,"www.dehnen.de, https://www.dehnen.de, "
Deininger,"www.deininger-ra.de, https://www.deininger-ra.de, "
Dekleva & Partners,"www.dekleva1.com, https://www.dekleva1.com, "
Blaum Dettmers Rabstein,"www.delaw.de, https://www.delaw.de, "
Delheid Soiron Hammer,"www.delheid.de, https://www.delheid.de, "
De Luca,"www.deluca1974.it, https://www.deluca1974.it, "
Delwaide,"www.delwaide.net, https://www.delwaide.net, "
Demarest e Almeida,"www.demarest.com.br, https://www.demarest.com.br, "
Deneys Reitz,"www.deneysreitz.co.za, https://www.deneysreitz.co.za, "
Denison Till,"www.denisontill.com, https://www.denisontill.com, "
Denkl & Partner,"www.denkl.de, https://www.denkl.de, "
Dennemeyer & Associates,"www.dennemeyer-law.com, https://www.dennemeyer-law.com, "
Zentai Heckenbücker,"www.dentalundmedizinrecht.de, https://www.dentalundmedizinrecht.de, "
Denton Wilde Sapte,"www.dentonwildesapte.com, https://www.dentonwildesapte.com, "
Depré,"www.depre.de, https://www.depre.de, "
Derckx & Kollegen,"www.derckxundkollegen.de, https://www.derckxundkollegen.de, "
Derra Meyer & Partner,"www.derra.eu, https://www.derra.eu, "
Mittelstaedt Sommer,"www.designlawyers.com, https://www.designlawyers.com, "
De Sola Pate & Brown,"www.desolapate.com, https://www.desolapate.com, "
Detlefsen & Weyrich,"www.detlefsenundweyrich.de, https://www.detlefsenundweyrich.de, "
Dettmeier,"www.dettmeier.de, https://www.dettmeier.de, "
Dettmer,"www.dettmer-rechtsanwaelte.de, https://www.dettmer-rechtsanwaelte.de, "
Deubner & Kirchberg,"www.deubnerkirchberg.de, https://www.deubnerkirchberg.de, "
Dewey & LeBoeuf,"www.deweyleboeuf.com, https://www.deweyleboeuf.com, "
De Witt,"www.dewitt-berlin.de, https://www.dewitt-berlin.de, "
df-mp,"www.df-mp.com, https://www.df-mp.com, "
DFMG Solicitors,"www.dfmgsolicitors.ie, https://www.dfmgsolicitors.ie, "
Djingov Gouginski Kyutchukov & Velichkov,"www.dgkv.com, https://www.dgkv.com, "
Dhall,"www.dhall-lawchambers.com, https://www.dhall-lawchambers.com, "
DHPG Dr. Harzem & Partner,"www.dhpg.de, https://www.dhpg.de, "
Dilg Haeusler Schindelmann,"www.dhs-patent.de, https://www.dhs-patent.de, "
ten Doornkaat Hindahl Sternemann & Partner,"www.dhspartner.de, https://www.dhspartner.de, "
Dickinson Wright,"www.dickinson-wright.com, https://www.dickinson-wright.com, "
Dickstein Shapiro,"www.dicksteinshapiro.com, https://www.dicksteinshapiro.com, "
Barklage Brickwedde Dahlmeier Roter,"www.die-fachanwaltskanzlei.de, https://www.die-fachanwaltskanzlei.de, "
FSR Recht,"www.die-kanzlei-fsr.de, https://www.die-kanzlei-fsr.de, "
Brüggehagen + Kramer,"www.diearbeitsrechtler.de, https://www.diearbeitsrechtler.de, "
Hummel Kaleck,"www.diefirma.net, https://www.diefirma.net, "
Diehl & Partner,"www.diehl-patent.de, https://www.diehl-patent.de, "
Diehl Köhler + Partner,"www.diehl-reineke.de, https://www.diehl-reineke.de/, "
Diekmeyer Wagenknecht Nordmeyer,"www.diekmeyer.de, https://www.diekmeyer.de, "
Diem & Partner,"www.diempartner.de, https://www.diempartner.de, "
Diep,"www.diep.de, https://www.diep.de, "
Putzo Kampmann Früh,"www.dierksmeier-ms.de/, https://www.dierksmeier-ms.de/, "
Dierlamm,"www.dierlamm-rechtsanwaelte.com, https://www.dierlamm-rechtsanwaelte.com, "
Dietrich Frey Presper,"www.dietrich-frey-presper.de, https://www.dietrich-frey-presper.de, "
Dressel,"www.digitalanwalt.de, https://www.digitalanwalt.de, "
Dijks Leijssen,"www.dijksleijssen.nl, https://www.dijksleijssen.nl, "
Dikeos,"www.dikeos.com, https://www.dikeos.com, "
Dillon Eustace,"www.dilloneustace.ie, https://www.dilloneustace.ie, "
Mandelkow,"www.dima.de, https://www.dima.de, "
Dirkzwager,"www.dirkzwager.nl, https://www.dirkzwager.nl, "
Di Tanno e Associati,"www.ditanno.it, https://www.ditanno.it, "
Ditges,"www.ditgesgrass.de, https://www.ditgesgrass.de, "
DWAZ Wirtschaftskanzlei,"www.dithmar-westhelle.de, https://www.dithmar-westhelle.de/, "
Kriegler,"www.divorce.at, https://www.divorce.at, "
Deißler Krauß & Domcke,"www.dkd-law.de, https://www.dkd-law.de, "
Müller,"www.dkm-rechtsanwaelte.de, https://www.dkm-rechtsanwaelte.de, "
Denk & Kaufmann,"www.dkp.at, https://www.dkp.at, "
DLA Piper,"www.dlapiper.com, https://www.dlapiper.com, "
Dittmar Michelsen Mosch,"www.dmm-recht.de, https://www.dmm-recht.de, "
dnp Depping,"www.dnp.de, https://www.dnp.de, "
Marques Döbler,"www.dobler.com.br, https://www.dobler.com.br, "
Dobmann,"www.dobmann-rechtsanwaelte.de, https://www.dobmann-rechtsanwaelte.de, "
Döderlein Heffinger & Partner,"www.doederlein.com, https://www.doederlein.com, "
Dörfelt Schumacher Grützner und Sozien,"www.doerfelt-rechtsanwaelte.de, https://www.doerfelt-rechtsanwaelte.de, "
Döring Spieß,"www.doering-spiess.de, https://www.doering-spiess.de, "
Dörr & Partner,"www.doerr-frankfurt.de, https://www.doerr-frankfurt.de, "
Doeser,"www.doeser.de, https://www.doeser.de, "
Doğru,"www.dogru.av.tr, https://www.dogru.av.tr, "
Dohrendorff + v. Hugo,"www.dohrendorff.de, https://www.dohrendorff.de, "
Dissmann Orth,"www.dolaw.de, https://www.dolaw.de, "
Dolce Lauda,"www.dolce.de, https://www.dolce.de, "
Dolde Mayen & Partner,"www.doldemayen.de, https://www.doldemayen.de, "
Dombert,"www.dombert.de, https://www.dombert.de, "
Seydel Dr. Bodenstaff Dr. Dominicus,"www.dominicus-jersch.de, https://www.dominicus-jersch.de, "
Kreisler Selting Werner,"www.dompatent.de, https://www.dompatent.de, "
Dontas,"www.dontas.gr, https://www.dontas.gr, "
Dorn Krämer & Partner,"www.dorn-kraemer-partner.de/, https://www.dorn-kraemer-partner.de/, "
Dornbach & Partner,"www.dornbach.de, https://www.dornbach.de, "
Dorscht,"www.dorscht.net, https://www.dorscht.net, "
Dorsey & Whitney,"www.dorsey.com, https://www.dorsey.com, "
Donner & Partner,"www.dp-anwalt.de, https://www.dp-anwalt.de, "
Danila Petre & Associates,"www.dpp.ro, https://www.dpp.ro, "
Davis Polk & Wardwell,"www.dpw.com, https://www.dpw.com, "
Auer,"www.dr-auer.de, https://www.dr-auer.de, "
Binz,"www.dr-binz-und-kollegen.de, https://www.dr-binz-und-kollegen.de, "
Schulze & Kollegen,"www.dr-burkhard-schulze.de, https://www.dr-burkhard-schulze.de, "
Degner & Koll.,"www.dr-degner.de, https://www.dr-degner.de, "
Eick & Partner,"www.dr-eick.de, https://www.dr-eick.de, "
Fingerle,"www.dr-fingerle.de, https://www.dr-fingerle.de, "
Frenzel Dr. Schmidt & Kollegen,"www.dr-frenzel-u-kollegen.de, https://www.dr-frenzel-u-kollegen.de, "
Hermanns Wagner Brück,"www.dr-hermanns.de, https://www.dr-hermanns.de, "
Leiber,"www.dr-jur-leiber.de, https://www.dr-jur-leiber.de, "
Kirchhof & Werle,"www.dr-kirchhof-werle.de/, https://www.dr-kirchhof-werle.de/, "
Kirsten Dr. Sielck Völckers Kirsten,"www.dr-kirsten-pp.de, https://www.dr-kirsten-pp.de, "
Kleffmann & Partner,"www.dr-kleffmann.de, https://www.dr-kleffmann.de, "
Kukuk und Partner,"www.dr-kukuk.de, https://www.dr-kukuk.de, "
Livonius,"www.dr-livonius.de, https://www.dr-livonius.de, "
Mahlstedt & Partner,"www.dr-mahlstedt.de, https://www.dr-mahlstedt.de, "
Matt,"www.dr-matt.de, https://www.dr-matt.de, "
Münzer,"www.dr-muenzer.de, https://www.dr-muenzer.de, "
KNP Dr. Nenninger Penatzer & Krins,"www.dr-nenninger.de, https://www.dr-nenninger.de, "
Schäuble & Partner,"www.dr-schaeuble-partner.de, https://www.dr-schaeuble-partner.de, "
Schneider & Partner,"www.dr-schneider-und-partner.de, https://www.dr-schneider-und-partner.de, "
Staubach,"www.dr-staubach.de, https://www.dr-staubach.de, "
Steffen Bleckmann,"www.dr-steffen-bleckmann.com, https://www.dr-steffen-bleckmann.com, "
Vogels,"www.dr-vogels.eu, https://www.dr-vogels.eu, "
Savigny,"www.dr-von-savigny.de, https://www.dr-von-savigny.de, "
Winterstein,"www.dr-winterstein.de, https://www.dr-winterstein.de, "
Bader & Partner,"www.drbader.de, https://www.drbader.de, "
Delhaes,"www.drdelhaes.de, https://www.drdelhaes.de, "
Dregger,"www.dregger.de, https://www.dregger.de, "
Dreher Berger Neumann,"www.dreher-berger-neumann.de, https://www.dreher-berger-neumann.de, "
Dreier & Riedel,"www.dreier-riedel.de, https://www.dreier-riedel.de, "
Dreiss,"www.dreiss.de, https://www.dreiss.de, "
Donoth Fuhrmann Tüxen,"www.dres-donoth.com, https://www.dres-donoth.com, "
Ruge Purrucker Makowski,"www.dres-ruge.de, https://www.dres-ruge.de, "
Schacht & Kollegen,"www.dres-schacht.de, https://www.dres-schacht.de, "
Drew & Napier,"www.drewnapier.com, https://www.drewnapier.com, "
Drewsen,"www.drewsen.de, https://www.drewsen.de, "
Pannen,"www.drpannen.de, https://www.drpannen.de, "
DRRT,"www.drrt.com, https://www.drrt.com, "
Scheer,"www.drscheer.de, https://www.drscheer.de, "
Schmel & Partner,"www.drschmel.de, https://www.drschmel.de, "
Strobel & Partner,"www.drstrobel.de, https://www.drstrobel.de, "
Kuhn,"www.drthomaskuhn.de, https://www.drthomaskuhn.de, "
Dorenz Ströll Rönneper & Partner,"www.ds-recht.de, https://www.ds-recht.de, "
DSC Legal,"www.dsc-legal.com, https://www.dsc-legal.com, "
Doralt Seist Csoklich,"www.dsc.at, https://www.dsc.at, "
Dittke Schweiger Kehl & Partner,"www.dskp.de, https://www.dskp.de, "
D&S Law Firm,"www.dslawyer.com, https://www.dslawyer.com, "
DSM Di Stefano Moyse,"www.dsmlegal.com, https://www.dsmlegal.com, "
Schmitz und Partner,"www.dsp-kanzlei.de, https://www.dsp-kanzlei.de, "
Danckert Spiller Richter Bärlein,"www.dsrb-berlin.de, https://www.dsrb-berlin.de, "
dtb Decker + Schmidt-Thomé,"www.dtb-rechtsanwaelte.de, https://www.dtb-rechtsanwaelte.de, "
DTS München,"www.dts-law.de, https://www.dts-law.de, "
Duane Morris,"www.duanemorris.com, https://www.duanemorris.com, "
Dundas & Wilson,"www.dundas-wilson.com, https://www.dundas-wilson.com, "
Durm & Partner,"www.durm.de, https://www.durm.de, "
Duvinage,"www.duvinage-lawyers.com, https://www.duvinage-lawyers.com, "
Duyster Noirfalise Meessen Koonen,"www.duyster.be, https://www.duyster.be, "
Darrois Villey Maillot Brochier,"www.dvmb.fr, https://www.dvmb.fr, "
Dunkerbeck Wagner & Partner,"www.dwp-gruppe.de, https://www.dwp-gruppe.de, "
Davies Ward Phillips & Vineberg,"www.dwpv.com, https://www.dwpv.com, "
Davis Wright Tremaine,"www.dwt.com, https://www.dwt.com, "
Young & Co.,"www.dyoung.com, https://www.dyoung.com, "
Domański Zakrzewski Palinka,"www.dzp.pl, https://www.dzp.pl, "
Epple Dr. Hörmann & Kollegen,"www.e-h-k.de, https://www.e-h-k.de, "
Schlüschen Müller,"www.e-lawyer.de, https://www.e-lawyer.de, "
Elser Nowack Partner ENP,"www.e-n-p.com, https://www.e-n-p.com, "
Edwars Angell Palmer,"www.eapdlaw.com, https://www.eapdlaw.com, "
Edwards Wildman Palmer,"www.eapdlaw.com, https://www.eapdlaw.com, "
Endrös-Baum Associés,"www.eba-avocats.com, https://www.eba-avocats.com, "
Endlich Brauch Hess,"www.ebh-anwaelte.de, https://www.ebh-anwaelte.de, "
Ebner Stolz Mönning Bachem,"www.ebnerstolz.de, https://www.ebnerstolz.de, "
Epstein Chomsky Osnat & Co,"www.ecglaw.com, https://www.ecglaw.com, "
Echecopar,"www.echecopar.com.pe, https://www.echecopar.com.pe, "
Ecija,"www.ecija.com, https://www.ecija.com, "
Eckert Seamans Cherin & Mellott,"www.eckertseamans.com, https://www.eckertseamans.com, "
Eckstein Bröckers & Kollegen,"www.eckstein-broeckers.de, https://www.eckstein-broeckers.de, "
Ecovis,"www.ecovis.com, https://www.ecovis.com, "
Eckert Klette & Kollegen,"www.edk.de, https://www.edk.de, "
Ehlers Ehlers & Partner,"www.eep-law.de, https://www.eep-law.de, "
Ehler Ermer & Partner,"www.eep.info, https://www.eep.info, "
Eckert Fries Prokopp,"www.efpr.at, https://www.efpr.at, "
Schenkel,"www.egbert-schenkel.de/, https://www.egbert-schenkel.de/, "
Epping Hermann Fischer,"www.ehf-patent.com, https://www.ehf-patent.com, "
Eisenberger & Herzog,"www.ehlaw.at, https://www.ehlaw.at, "
Ehle Schiller,"www.ehle-schiller.de, https://www.ehle-schiller.de, "
Eimer Heuschmid Mehle und Kollegen,"www.ehm-kanzlei.de, https://www.ehm-kanzlei.de, "
Elvinger Hoss & Prussen,"www.ehp.lu, https://www.ehp.lu, "
Eichele Ditgen,"www.eichele-ditgen.de, https://www.eichele-ditgen.de, "
Eichelbaum,"www.eichpatent.de, https://www.eichpatent.de, "
Gündel & Katzorke,"www.eigenkapital.com, https://www.eigenkapital.com, "
Eimer Stahl,"www.eimerstahl.com, https://www.eimerstahl.com, "
Einem & Partner,"www.einem.de, https://www.einem.de, "
Eiselsberg,"www.eiselsberg.at, https://www.eiselsberg.at, "
Eisenbeis Rechtsanwälte,"www.eisenbeis-ra.de, https://www.eisenbeis-ra.de, "
Eisenbeis,"www.eisenbeis-rechtsanwaelte.de, https://www.eisenbeis-rechtsanwaelte.de, "
Eisenbeis & Jakstadt,"www.eisenbeis-rechtsanwaelte.de, https://www.eisenbeis-rechtsanwaelte.de, "
Eisenbeis & Reinhardt,"www.eisenbeis-reinhardt.de, https://www.eisenbeis-reinhardt.de, "
Eisenberg Dr. König Dr. Schork,"www.eisenberg-koenig.de, https://www.eisenberg-koenig.de, "
Eisenführ Speiser & Partner,"www.eisenfuhr.com, https://www.eisenfuhr.com, "
Embacher Krompaß,"www.ek-inso.com, https://www.ek-inso.com, "
Ekman Bohrer & Thulin,"www.ekmanbohrer.com/, https://www.ekmanbohrer.com/, "
ELC Rechtsanwälte,"www.elc-law.de, https://www.elc-law.de, "
Elig,"www.elig.com, https://www.elig.com, "
Elzer,"www.elzer-heidelberg.de, https://www.elzer-heidelberg.de, "
Emerenciano Baggio e Associados,"www.emerenciano.com.br, https://www.emerenciano.com.br, "
Endemann & Kollegen,"www.endemann-und-kollegen.de, https://www.endemann-und-kollegen.de, "
Endress & Partner,"www.endress-und-partner.de, https://www.endress-und-partner.de, "
Engel Heckmann & Partner,"www.engel-heckmann.de, https://www.engel-heckmann.de, "
Engel & Rinkler,"www.engel-rinkler.de, https://www.engel-rinkler.de, "
Engelbrecht,"www.engelbrecht-law.de, https://www.engelbrecht-law.de, "
Ensenbach,"www.ensenbach-rechtsanwaelte.de, https://www.ensenbach-rechtsanwaelte.de, "
Enterprise Chambers,"www.enterprisechambers.com, https://www.enterprisechambers.com, "
Engelbrecht und Partner,"www.ep-law.at, https://www.ep-law.at, "
Egorov Puginsky Afanasiev & Partners,"www.epam.ru, https://www.epam.ru, "
Erbe,"www.erbepartner.de, https://www.erbepartner.de, "
Ehlermann Rindfleisch Gadow,"www.erg-legal.com, https://www.erg-legal.com, "
Ericsson,"www.ericericsson.se, https://www.ericericsson.se, "
Epstein Rosenblum Maoz,"www.erm-law.com, https://www.erm-law.com, "
Ernestus,"www.ernestus.eu, https://www.ernestus.eu, "
Cohen,"www.errolcohen.com, https://www.errolcohen.com, "
Esche Schümann Commichau,"www.esche.de, https://www.esche.de/, "
Esch & Kramer,"www.eschkramer.de, https://www.eschkramer.de, "
Ettrich Sturmfels,"www.esfra.de, https://www.esfra.de, "
Esguerra Barrera Arriaga,"www.esguerrabarrera.com, https://www.esguerrabarrera.com, "
Esin,"www.esin.av.tr, https://www.esin.av.tr, "
Eduardo Serra Jorge & Maria José Garcia,"www.esjmjgadvogados.com, https://www.esjmjgadvogados.com, "
Espada Gerlach & Asociados,"www.espadagerlach.com, https://www.espadagerlach.com, "
Esser & Dr. Holthausen,"www.esser-holthausen.de, https://www.esser-holthausen.de, "
Eßer & Kollegen,"www.esser-kollegen.de, https://www.esser-kollegen.de, "
Essex Court Chambers,"www.essexcourt.net, https://www.essexcourt.net, "
Estermann Pock,"www.estermann-pock.at, https://www.estermann-pock.at, "
Teh,"www.etplaw.com, https://www.etplaw.com, "
Eureos,"www.eureos.de, https://www.eureos.de, "
Kemmler Rapp Böhlke & Crosby,"www.eurojura.be, https://www.eurojura.be, "
Weiss & Arat,"www.europatent.de, https://www.europatent.de, "
Miller,"www.europeanbusinesslawyers.com, https://www.europeanbusinesslawyers.com, "
Eversheds Stolitzka & Partner,"www.eversheds.at, https://www.eversheds.at, "
Stolitzka & Partner,"www.eversheds.at, https://www.eversheds.at, "
Routledges,"www.eversheds.co.za, https://www.eversheds.co.za, "
Eversheds,"www.eversheds.com, https://www.eversheds.com, "
Eversheds Ots & Co,"www.eversheds.ee, https://www.eversheds.ee, "
Eversheds Bianchini,"www.eversheds.it, https://www.eversheds.it, "
Eversheds Faasen,"www.eversheds.nl, https://www.eversheds.nl, "
Wierzbowski Eversheds,"www.eversheds.pl, https://www.eversheds.pl, "
Eversheds Södermark,"www.eversheds.se, https://www.eversheds.se, "
Eversheds Bitāns,"www.evershedsbitans.com, https://www.evershedsbitans.com, "
Eversheds Nicea,"www.evershedsnicea.com, https://www.evershedsnicea.com, "
Eversheds Saladzius,"www.evershedssaladzius.lt, https://www.evershedssaladzius.lt, "
Eaton & Van Winkle,"www.evw.com, https://www.evw.com, "
Eisenmann Wahle Birk,"www.ewb-rechtsanwaelte.de, https://www.ewb-rechtsanwaelte.de/, "
Ernst & Young Law,"www.ey.com/DE/de/Services/Tax/Law/Home_neu, https://www.ey.com/DE/de/Services/Tax/Law/Home_neu, "
Fink Bernhart Haslinglehner,"www.f-b-h.at, https://www.f-b-h.at, "
Fischer Wilhelm & Partner,"www.f-w-p.com, https://www.f-w-p.com, "
Fajnorova Bachrata & Partners,"www.fabap.sk, https://www.fabap.sk, "
Fabregat Perulles Sales,"www.fabregat-perulles-sales.com, https://www.fabregat-perulles-sales.com, "
Bell & Windirsch,"www.fachanwaeltinnen.de, https://www.fachanwaeltinnen.de, "
Schreiber,"www.fachanwalt-arbeitsrecht-schreiber-marburg.de, https://www.fachanwalt-arbeitsrecht-schreiber-marburg.de, "
Bock,"www.fachanwalt-bock.de, https://www.fachanwalt-bock.de, "
Faegre Baker Daniels,"www.faegre.com, https://www.faegre.com, "
Färber,"www.faerber-rechtsanwaelte.de, https://www.faerber-rechtsanwaelte.de, "
Schuppich Sporn & Winischhofer,"www.falke.at, https://www.falke.at, "
Falkenstein & Partner,"www.falkenstein-partner.de, https://www.falkenstein-partner.de, "
Falkner & Hartenfels,"www.falknerhartenfels.de, https://www.falknerhartenfels.de, "
Familienwerte,"www.familienwerte.com, https://www.familienwerte.com, "
Fangda Partners,"www.fangdalaw.com, https://www.fangdalaw.com, "
Farrer & Co,"www.farrer.co.uk, https://www.farrer.co.uk, "
Farthouat Asselineau & Associés,"www.farthouat.com, https://www.farthouat.com, "
Büdel Bender,"www.fbb-arbeitsrecht.de, https://www.fbb-arbeitsrecht.de, "
FBC&Co.,"www.fbclawyers.com, https://www.fbclawyers.com, "
Fraga Bekierman & Pacheco Neto,"www.fblaw.com.br, https://www.fblaw.com.br, "
Farella Braun + Martel,"www.fbm.com, https://www.fbm.com, "
FCB&A Sociedade de Advogados,"www.fcblegal.com, https://www.fcblegal.com, "
Franco Caiado Guerreiro,"www.fcguerreiro.com, https://www.fcguerreiro.com, "
Fairbairn Catley Low & Kong,"www.fclklaw.com.hk, https://www.fclklaw.com.hk, "
Fechner Ewert,"www.fechnerewert.com, https://www.fechnerewert.com, "
Feigen Graf,"www.feigen-graf.de, https://www.feigen-graf.de, "
Feigl,"www.feigl.biz, https://www.feigl.biz, "
Feitsch und Feitsch,"www.feitschundfeitsch.de, https://www.feitschundfeitsch.de, "
Feldmann Klug & Partner,"www.feldmann-klug.de, https://www.feldmann-klug.de, "
Fenech & Fenech,"www.fenechlaw.com, https://www.fenechlaw.com, "
Fenwick & West,"www.fenwick.com, https://www.fenwick.com, "
Ferner & Kollegen,"www.ferner.de, https://www.ferner.de, "
Fettweis & Sozien,"www.fettweis-sozien.com, https://www.fettweis-sozien.com, "
Field Fisher Waterhouse,"www.ffw.com, https://www.ffw.com, "
Fella Fricke Wagner,"www.ffwkanzlei.de, https://www.ffwkanzlei.de, "
Ferraro Ginevra Gualtieri,"www.fgg-msi.it, https://www.fgg-msi.it, "
Flick Gocke Schaumburg,"www.fgs.de, https://www.fgs.de, "
Graf von Westphalen & Partner,"www.fgvw.de, https://www.fgvw.de, "
Fanelli Haag & Kilger,"www.fh-k.com, https://www.fh-k.com, "
FHB,"www.fhbx.eu, https://www.fhbx.eu, "
Feddersen Heuer & Partner,"www.fhp-rechtsanwaelte.de, https://www.fhp-rechtsanwaelte.de, "
Fidal,"www.fidal.fr, https://www.fidal.fr, "
Fiedler Zmija & Partner,"www.fiedler-law.de, https://www.fiedler-law.de, "
Otte,"www.filmfunding.de, https://www.filmfunding.de, "
Jacobshagen,"www.filmrecht.com, https://www.filmrecht.com, "
Filzek & Gatzky,"www.filzek-gatzky.de, https://www.filzek-gatzky.de, "
Finck Althaus Sigl & Partner,"www.finck-partner.de, https://www.finck-partner.de, "
Fine Law Patrascanu & Associates,"www.fine-law.ro, https://www.fine-law.ro, "
Fingerhut,"www.fingerhut-law.de, https://www.fingerhut-law.de, "
Finnegan Henderson Farabow Garrett & Dunner,"www.finnegan.com, https://www.finnegan.com, "
Firma de Abogados,"www.firmadeabogados.com.gt, https://www.firmadeabogados.com.gt, "
Fischer & Euler,"www.fischer-euler-plottnitz.de, https://www.fischer-euler-plottnitz.de, "
Fitzner Münch & Kluin,"www.fitznerundmuench.de, https://www.fitznerundmuench.de, "
Füchsl Jaeger Berg-Grünenwald,"www.fjbkanzlei.de, https://www.fjbkanzlei.de, "
Freed Kanner London & Millen,"www.fklmlaw.com, https://www.fklmlaw.com, "
fks Feuerstein Kirfel Spieth,"www.fks-law.de, https://www.fks-law.de, "
Fladgate,"www.fladgate.com, https://www.fladgate.com, "
Fleet Hamburg,"www.fleet-hamburg.com, https://www.fleet-hamburg.com, "
Fleuchaus & Gallo,"www.fleuchaus.com, https://www.fleuchaus.com, "
Flichy Grangé,"www.flichy-associes.com, https://www.flichy-associes.com, "
Flöther & Wissing,"www.floether-wissing.de, https://www.floether-wissing.de, "
Flore,"www.flore-do.eu, https://www.flore-do.eu, "
Florence Boltz,"www.florenceboltz.com.br, https://www.florenceboltz.com.br, "
Flossmann & Collegen,"www.flossmann-collegen.de, https://www.flossmann-collegen.de, "
Franceschini e Miranda,"www.fm-advogados.com.br, https://www.fm-advogados.com.br, "
Fraser Milner Casgrain,"www.fmc-law.com, https://www.fmc-law.com, "
Fuhrer Marbach & Partner,"www.fmp-law.ch, https://www.fmp-law.ch, "
Fromm FMP,"www.fmp-recht.de, https://www.fmp-recht.de, "
FerradaNehme,"www.fn.cl, https://www.fn.cl, "
Foley & Lardner,"www.foley.com, https://www.foley.com, "
Fontaine Götze,"www.fontaine-goetze.de, https://www.fontaine-goetze.de, "
Food Law Consultants,"www.foodlawconsultants.com, https://www.foodlawconsultants.com, "
FOODlegal,"www.foodlegal.com.au, https://www.foodlegal.com.au, "
Zoglmann Wagner Neumann,"www.for-se.eu, https://www.for-se.eu, "
Siegmann & Kollegen,"www.forensik-boutique.de, https://www.forensik-boutique.de, "
Siegmann,"www.forensik-boutique.de, https://www.forensik-boutique.de, "
Fox & Lapenne,"www.fox.com.uy, https://www.fox.com.uy, "
Fox Horan & Camerini,"www.foxhoran.com, https://www.foxhoran.com, "
FoxMandal Little,"www.foxmandallittle.com, https://www.foxmandallittle.com, "
Fox Williams,"www.foxwilliams.com, https://www.foxwilliams.com, "
Faasen & Partners,"www.fplaw.nl, https://www.fplaw.nl, "
Fiebinger Polak Leon & Partner,"www.fplp.at, https://www.fplp.at, "
FPS Fritze Wicke Seelig,"www.fps-law.de, https://www.fps-law.de, "
Foerster + Rutow,"www.fr-lawfirm.de, https://www.fr-lawfirm.de, "
Fish & Richardson,"www.fr.com, https://www.fr.com, "
Fragata e Antunes,"www.fragataeantunes.com.br, https://www.fragataeantunes.com.br, "
Fragomen Del Rey Bernsen & Loewy,"www.fragomen.com, https://www.fragomen.com, "
Frank Trinkl & Partner,"www.frank-law.de/, https://www.frank-law.de/, "
Schneider Urban Göttler,"www.frankenanwalt.de, https://www.frankenanwalt.de, "
Franke & Franke,"www.frankeundfranke.com, https://www.frankeundfranke.com, "
Franklin,"www.franklin-paris.com, https://www.franklin-paris.com, "
Matheis & Forsch,"www.frankmatheis.de, https://www.frankmatheis.de, "
Frantzen & Wehle,"www.frantzen-wehle.de, https://www.frantzen-wehle.de, "
Franz & Häberer Rechtsanwälte,"www.franz-haerber.de, https://www.franz-haerber.de, "
Franz Schulkamp,"www.franz-schulkamp.de, https://www.franz-schulkamp.de, "
Weinberger & Partner,"www.franz-weinberger.de, https://www.franz-weinberger.de, "
Franz,"www.franzlegal.com, https://www.franzlegal.com, "
Franzosi Dal Negro Pensato Setti,"www.franzosi.com, https://www.franzosi.com, "
Fredrikson & Byron,"www.fredlaw.com, https://www.fredlaw.com, "
Freeborn & Peters,"www.freebornpeters.com, https://www.freebornpeters.com, "
Freehills,"www.freehills.com, https://www.freehills.com, "
Gillmeister Rode Trüg,"www.freiburg-strafrecht.de, https://www.freiburg-strafrecht.de, "
Freiling Andreas & Partner,"www.freilandlaw.de, https://www.freilandlaw.de, "
Freischem,"www.freischem.biz, https://www.freischem.biz, "
Frese,"www.frese-patent.de, https://www.frese-patent.de, "
Freshfields Bruckhaus Deringer,"www.freshfields.com, https://www.freshfields.com, "
Frey & Dr. Fronhöfer,"www.frey-fronhoefer.de, https://www.frey-fronhoefer.de, "
Frey,"www.frey.tv, https://www.frey.tv, "
FRH Rechtsanwälte Steuerberater,"www.frh-recht.de, https://www.frh-recht.de, "
Fricke & Klug,"www.fricke-klug.de, https://www.fricke-klug.de, "
Frick Quedenfeld,"www.frickquedenfeld.de, https://www.frickquedenfeld.de, "
Friebe Prinz & Partner,"www.friebe-prinz-partner.de, https://www.friebe-prinz-partner.de, "
Fried Frank Harris Shriver & Jacobson,"www.friedfrank.com, https://www.friedfrank.com, "
Friedrichs,"www.friedrichs-rechtsanwaelte.de, https://www.friedrichs-rechtsanwaelte.de, "
Fritzweiler Niebler Helm,"www.fritzweiler-niebler.de, https://www.fritzweiler-niebler.de, "
FRKelly,"www.frkelly.com, https://www.frkelly.com, "
Frömming & Partner,"www.froemming-partner.de, https://www.froemming-partner.de, "
Frohwitter,"www.frohwitter.com, https://www.frohwitter.com, "
Fromberg Dr. Weilep Dr. Bremer & Partner,"www.fromberg.de, https://www.fromberg.de, "
Froriep Renggli,"www.froriep.com, https://www.froriep.com, "
Fross Zelnick Lehrman & Zissu,"www.frosszelnick.com, https://www.frosszelnick.com, "
Frost Brown Todd,"www.frostbrowntodd.com, https://www.frostbrowntodd.com, "
Frühbeck,"www.fruhbeck.com, https://www.fruhbeck.com, "
Frank Dr. Auffermann Halbritter Dr. Horrer,"www.fs-pp.de, https://www.fs-pp.de, "
Fuchs & Scherff,"www.fs-recht.de, https://www.fs-recht.de, "
FSE Law,"www.fselaw.com, https://www.fselaw.com, "
Baum,"www.fslt.de, https://www.fslt.de, "
Fischer Tandeau de Marsac Sur & Partner,"www.ftmsa.net, https://www.ftmsa.net, "
Frieders Tassul & Partner,"www.ftp-lawfirm.at, https://www.ftp-lawfirm.at, "
FTPA,"www.ftpa.com, https://www.ftpa.com, "
Fuchs & Kollegen,"www.fuchs-ra.de, https://www.fuchs-ra.de, "
Fuellmich & Associates,"www.fuellmich.com, https://www.fuellmich.com, "
Füßer & Kollegen,"www.fuesser.de, https://www.fuesser.de, "
Fukami,"www.fukamipatent.com/english/index.htm, https://www.fukamipatent.com/english/index.htm, "
Fulbright & Jaworski,"www.fulbright.com/, https://www.fulbright.com/, "
Funk Prof. Dr. Tenfelde & Partner,"www.funk-tenfelde.de, https://www.funk-tenfelde.de, "
Furutani,"www.furutani.jp/e/, https://www.furutani.jp/e/, "
Fuhrmann Wallenfels,"www.fwb-rechtsanwaelte.de, https://www.fwb-rechtsanwaelte.de, "
Freundl Wollstadt & Kollegen,"www.fwlaw.de, https://www.fwlaw.de, "
Fellner Wratzfeld & Partner,"www.fwp.at, https://www.fwp.at, "
Flemming Zulack Williamson Zauderer,"www.fzw.com, https://www.fzw.com, "
GTW Rechtsanwälte,"www.g-t-w.de, https://www.g-t-w.de, "
Gros & Waltenspühl,"www.g-w.ch, https://www.g-w.ch, "
Gamerschlag Mingers,"www.ga-mi.de, https://www.ga-mi.de, "
Gabel,"www.gabel-kollegen.de, https://www.gabel-kollegen.de, "
Gabler,"www.gabler-law.de, https://www.gabler-law.de, "
Gaedertz,"www.gaedertz.de, www.schonnolte.de, https://www.gaedertz.de, www.schonnolte.de, "
Gail & Kollegen,"www.gail-law.de, https://www.gail-law.de, "
Galgano,"www.galgano.it, https://www.galgano.it, "
Becker Kurig Straus,"www.galileolaw.de, https://www.galileolaw.de, "
Gamon,"www.gamonnotare.com, https://www.gamonnotare.com, "
Gansel,"www.gansel-rechtsanwaelte.de, https://www.gansel-rechtsanwaelte.de, "
Ganzert & Partner,"www.ganzert.at, https://www.ganzert.at, "
Gappmayer & Partner,"www.gappmayer.de/, https://www.gappmayer.de/, "
Burgmair & Lechler,"www.garibulex.de, https://www.garibulex.de, "
Garrigues,"www.garrigues.com, https://www.garrigues.com, "
Gassauer-Fleissner,"www.gassauer.at, https://www.gassauer.at, "
Gaßmann & Seidel,"www.gassmann-seidel.de, https://www.gassmann-seidel.de, "
Gassner,"www.gassner.de, https://www.gassner.de, "
Gates and Partners,"www.gatesandpartners.com, https://www.gatesandpartners.com, "
Gatzweiler und Münchhalffen,"www.gatzweiler-muenchhalffen.de, https://www.gatzweiler-muenchhalffen.de, "
Grau & Angulo Abogados,"www.gba-ip.com, https://www.gba-ip.com, "
gbf Rechtsanwälte,"www.gbf-legal.ch, https://www.gbf-legal.ch, "
Gärtner Baumann,"www.gbs-law.de, https://www.gbs-law.de, "
Grinberg Cordovil e Barros,"www.gcba.com.br, https://www.gcba.com.br, "
Gernandt & Danielsson,"www.gda.se, https://www.gda.se, "
Grunfeld Desiderio Lebowitz Silverman & Klestadt,"www.gdlsk.com, https://www.gdlsk.com, "
Gebhart Elsner & Kollegen,"www.gebhart-elsner.de, https://www.gebhart-elsner.de, "
Geiben Rechtsanwälte,"www.geiben.de, https://www.geiben.de, "
Geiersberger Glas & Partner,"www.geiersberger.de, https://www.geiersberger.de, "
Gencs,"www.gencs.lv, https://www.gencs.lv, "
Gentz und Partner,"www.gentznet.de, https://www.gentznet.de, "
Georgiev Todorov & Co.,"www.georg-tod.com, https://www.georg-tod.com, "
Gérard & Partner,"www.gerard.be, https://www.gerard.be, "
Gerken,"www.gerken-net.de, https://www.gerken-net.de, "
Brödermann & Jahn,"www.german-law.com, https://www.german-law.com, "
Gernerth Mautner Markhof Schalwich,"www.gerne-rechtsanwalt.at, https://www.gerne-rechtsanwalt.at, "
Gerns & Partner,"www.gerns.eu, https://www.gerns.eu, "
Gerntholtz,"www.gerntholtz.com, https://www.gerntholtz.com, "
Gerstenberg,"www.gerstenberg.de, https://www.gerstenberg.de, "
Wissmann & Partner,"www.gesellschaftsrecht-mannheim.com, https://www.gesellschaftsrecht-mannheim.com, "
Löffler,"www.gesellschaftsrechtskanzlei.com, https://www.gesellschaftsrechtskanzlei.com, "
Gessel,"www.gessel.pl, https://www.gessel.pl, "
Gesthuysen und Partner,"www.gesthuysen.de, https://www.gesthuysen.de, "
Schlegel Hohmann & Partner,"www.gesundheitsrecht.com, https://www.gesundheitsrecht.com, "
Geulen & Klinger,"www.geulenklinger.com, https://www.geulenklinger.com, "
Geuyen und Partner,"www.geuyenpartner.de, https://www.geuyenpartner.de, "
GGV Grützmacher Gravert Viegener,"www.gg-v.com, https://www.gg-v.com, "
Goudreau Gage Dubuc,"www.ggd.com, https://www.ggd.com, "
Gaßner Groth Siederer & Coll.,"www.ggsc.de, https://www.ggsc.de, "
Giesen Heidbrink,"www.gh-law.de, https://www.gh-law.de, "
Gerlach Hünlein,"www.gh-p.de, https://www.gh-p.de, "
Greupner Hasch Broocks,"www.ghb-immobilienrecht.de, https://www.ghb-immobilienrecht.de, "
Ganten Hünecke Bieniek & Partner,"www.ghb-law.de, https://www.ghb-law.de, "
GHC Greilich Hirschmann & Coll.,"www.ghc-rae.de, https://www.ghc-rae.de, "
Ghellal & Mekerba,"www.ghellal.com, https://www.ghellal.com, "
Ghidini Girino & Associati,"www.ghidini-associati.it, https://www.ghidini-associati.it, "
Greiml & Horwath,"www.ghlaw.at, https://www.ghlaw.at, "
Grohs Hofer,"www.ghr.at, https://www.ghr.at, "
GHR Rechtsanwälte,"www.ghr.ch, https://www.ghr.ch, "
Ghandchi Schmid Partners,"www.ghscp.com, https://www.ghscp.com, "
Grant Herrmann Schwartz & Klinger,"www.ghsklaw.com, https://www.ghsklaw.com, "
Gibbons,"www.gibbonslaw.com, https://www.gibbonslaw.com, "
Gibney Anthony & Flaherty,"www.gibney.com, https://www.gibney.com, "
Gibson Dunn & Crutcher,"www.gibsondunn.com, https://www.gibsondunn.com, "
Gide Loyrette Nouel,"www.gide.com, https://www.gide.com, "
Gierets,"www.gierets-ewert.de, https://www.gierets-ewert.de, "
Giese & Partner,"www.giese.cz, https://www.giese.cz, "
Giessen,"www.giessen-partner.de, https://www.giessen-partner.de, "
Gimmler,"www.gimmler-gruppe.com, https://www.gimmler-gruppe.com, "
Ginestié Magellan Paley-Vincent,"www.ginestie.com, https://www.ginestie.com, "
GKD Gäng Kramer Döring Stagat,"www.gkd-partner.de, https://www.gkd-partner.de, "
GKMP Pencerici,"www.gkmp.de, https://www.gkmp.de, "
Gründel Kilger & Partner,"www.gkp-law.de, https://www.gkp-law.de, "
Glade Michel Wirtz,"www.glademichelwirtz.com, https://www.glademichelwirtz.com, "
Glatzová & Co,"www.glatzova.com, https://www.glatzova.com, "
Glatzova & Co.,"www.glatzova.com, https://www.glatzova.com, "
Glauber & Partner,"www.glauber.de, https://www.glauber.de, "
Glawe Delfs Moll,"www.glawe.de, https://www.glawe.de, "
Allen & Gledhill,"www.gledhill.com.sg, https://www.gledhill.com.sg, "
Gleiss & Große,"www.gleiss-grosse.com, https://www.gleiss-grosse.com, "
Gleiss Lutz,"www.gleisslutz.com, https://www.gleisslutz.com, "
Geys-Lehmann Hellmuth Coll.,"www.glhp.de, https://www.glhp.de, "
La Torre Morgese Cesàro Rio,"www.glmc.it, https://www.glmc.it, "
GLNS Gubitz Lindner Nikoleyczik Schult,"www.glns.de, https://www.glns.de, "
Glock Liphart Probst & Partner,"www.glock-liphart-probst.de, https://www.glock-liphart-probst.de, "
Gloistein & Partner,"www.gloistein-partner.de, https://www.gloistein-partner.de, "
Gloor & Sieger,"www.gloor-sieger.ch, https://www.gloor-sieger.ch, "
Gloria & Rosenstein,"www.gloria.com.de, https://www.gloria.com.de, "
Grassner Lenz Thewanger & Partner,"www.gltp.at, https://www.gltp.at, "
Graumann & Müller,"www.gm-arbeitsrecht.de, https://www.gm-arbeitsrecht.de, "
Goguel Monestier Valette Viallard & Associés,"www.gmavocats.com, https://www.gmavocats.com, "
Gronstedt Mohr Flügel,"www.gmf-partner.com, https://www.gmf-partner.com, "
Graf & Pitkowitz,"www.gmp.at, https://www.gmp.at, "
Gobbers & Denk,"www.gobbers-denk.de, https://www.gobbers-denk.de, "
Godefroid & Pielorz,"www.godefroid-pielorz.de, https://www.godefroid-pielorz.de/, "
Gödölle Kékes Mészáros & Szabó,"www.godollepat.hu, https://www.godollepat.hu, "
Göhmann,"www.goehmann.de, https://www.goehmann.de, "
Görg,"www.goerg.de, https://www.goerg.de, "
Görling Acker & Partner,"www.goerling-acker.com, https://www.goerling-acker.com, "
Görtz,"www.goertz-kanzlei.de, https://www.goertz-kanzlei.de, "
Göttert & Kollegen,"www.goettert.org, https://www.goettert.org, "
Götze,"www.goetze.net, https://www.goetze.net, "
Gütt Olk Feldhaus,"www.gof-partner.com, https://www.gof-partner.com, "
Gómez Olmo & da Veiga,"www.goldabogados.com, https://www.goldabogados.com, "
Gollasch & Partner,"www.gollasch.org, https://www.gollasch.org, "
Golzer,"www.golzer.com, https://www.golzer.com, "
Gómez-Acebo & Pombo,"www.gomezacebo-pombo.com, https://www.gomezacebo-pombo.com, "
Goodmans,"www.goodmans.ca, https://www.goodmans.ca, "
Goodwin Procter,"www.goodwinprocter.com, https://www.goodwinprocter.com, "
Gianni Origoni Grippo Cappelli & Partners,"www.gop.it, https://www.gop.it, "
Gornitzky & Co.,"www.gornitzky.com, https://www.gornitzky.com, "
Gorny,"www.gornylaw.de, https://www.gornylaw.de, "
Gorodissky & Partners,"www.gorodissky.com, https://www.gorodissky.com, "
Gorrissen Federspiel,"www.gorrissenfederspiel.com, https://www.gorrissenfederspiel.com, "
Goulston & Storrs,"www.goulstonstorrs.com, https://www.goulstonstorrs.com, "
Goutier & Partner,"www.goutier.de, https://www.goutier.de, "
Gonzalez Peñaherrera & Asociados,"www.gpa-lawyers.com, https://www.gpa-lawyers.com, "
Goncalves Pereira Castelo Branco,"www.gpcb.pt, https://www.gpcb.pt, "
Gather Plössner Ewig,"www.gpe-anwalt.de, https://www.gpe-anwalt.de, "
Goebels Pokorny Kähler & Partner,"www.gpk-advo.de, https://www.gpk-advo.de, "
G&P Gloeckner Fuhrmann Nentwich,"www.gplaw.de, https://www.gplaw.de, "
Graf Patsch Taucher,"www.gpra.at, https://www.gpra.at, "
Giliberti Pappalettera Triscornia & Associati,"www.gptlex.com, https://www.gptlex.com, "
Gómez-Pinzón Zuleta,"www.gpzlegal.com, https://www.gpzlegal.com, "
Graef,"www.graef.eu, https://www.graef.eu, "
Graf Kanitz Schüppen & Partner,"www.grafkanitz.com, https://www.grafkanitz.com, "
Gragert Stamer,"www.gragertstamer.de, https://www.gragertstamer.de, "
Gramm Lins & Partner,"www.grammpatent.de, https://www.grammpatent.de, "
Grams und Partner,"www.grams-partner.de, https://www.grams-partner.de, "
Grande Stevens,"www.grandestevens.it, https://www.grandestevens.it, "
Granitza,"www.granitza.com, https://www.granitza.com, "
Granrut,"www.granrut.com, https://www.granrut.com, "
Grata,"www.gratanet.com, https://www.gratanet.com, "
Grau,"www.graulaw.eu, https://www.graulaw.eu, "
Graupeter,"www.graupeter.com, https://www.graupeter.com, "
Greenfort,"www.greenfort.de, https://www.greenfort.de, "
Greisbach,"www.greisbach.de, https://www.greisbach.de, "
Greiter Pegger Kofler & Partner,"www.greiter.lawfirm.at, https://www.greiter.lawfirm.at, "
Grenius,"www.grenius.de, https://www.grenius.de, "
Grette,"www.grette.no, https://www.grette.no, "
Greyhills,"www.greyhills.eu, https://www.greyhills.eu, "
Griebe,"www.griebe.com, https://www.griebe.com, "
Grimaldi e Associati,"www.grimaldieassociati.com, https://www.grimaldieassociati.com, "
Grimaldi,"www.grimaldistudiolegale.com, https://www.grimaldistudiolegale.com, "
Grimme & Partner,"www.grimme-kollegen.de, https://www.grimme-kollegen.de, "
Gritschneder & Partner,"www.gritschneder.de, https://www.gritschneder.de, "
Gregory Rowcliffe Milners,"www.grm.co.uk, https://www.grm.co.uk, "
Gröning & Krause,"www.groening-krause.de, https://www.groening-krause.de, "
Grohmann & Partner,"www.grohmannundpartner.de, https://www.grohmannundpartner.de, "
Gromann Petersen & Partner,"www.gromann.com, https://www.gromann.com, "
Grönberg,"www.gronberg.se, https://www.gronberg.se, "
Grooterhorst & Partner,"www.grooterhorst.de, https://www.grooterhorst.de/, "
Grosser,"www.grosser-law.com, https://www.grosser-law.com, "
Großmann Rainer & Partner,"www.grossmannrainer.com, https://www.grossmannrainer.com, "
Grub Brugger & Partner,"www.grub-brugger.de, https://www.grub-brugger.de, "
Gruendel,"www.gruendel.pro, https://www.gruendel.pro, "
Grüter,"www.grueter.de, https://www.grueter.de, "
Grund,"www.grundipg.com, https://www.grundipg.com, "
Grundstein & Thieme,"www.grundstein-thieme.de, https://www.grundstein-thieme.de, "
Gruneberg,"www.gruneberg-rechtsanwaelte.de, https://www.gruneberg-rechtsanwaelte.de, "
Grünecker,"www.grunecker.de, https://www.grunecker.de, "
Göring Schmiegelt & Fischer,"www.gsf-law.de, https://www.gsf-law.de, "
GSK Stockmann + Kollegen,"www.gsk.de, https://www.gsk.de, "
GSKH Grosse Schumacher Knauer von Hirschhausen,"www.gskh.eu, https://www.gskh.eu, "
Grebe Schlichting & Modes,"www.gsmlaw.de, https://www.gsmlaw.de, "
Gaidies Heggemann & Partner,"www.gsp.de, https://www.gsp.de, "
Garben Schlüter Schützler & Reiss,"www.gssr-recht.de, https://www.gssr-recht.de, "
Grawert und Partner,"www.gsup.de, https://www.gsup.de, "
Grama Schwaighofer Vondrak,"www.gsv-legal.at, https://www.gsv-legal.at, "
Greenberg Traurig,"www.gtlaw.com, https://www.gtlaw.com, "
Gilbert + Tobin,"www.gtlaw.com.au, https://www.gtlaw.com.au, "
GTs Advocates,"www.gtsadvocates.mn, https://www.gtsadvocates.mn, "
Gunderson Dettmer Stough Villeneuve Franklin & Hachigian,"www.gunder.com, https://www.gunder.com, "
Guntermann und Partner,"www.guntermann-rechtsanwaelte.de, https://www.guntermann-rechtsanwaelte.de/, "
Gurland,"www.gurland.de, https://www.gurland.de, "
Gutmann,"www.gutmann-insolvenzverwaltung.de, https://www.gutmann-insolvenzverwaltung.de, "
Geiser & von Oppen,"www.gvo-anwaelte.de, https://www.gvo-anwaelte.de, "
Gercke Wollschläger,"www.gw-strafsachen.de, https://www.gw-strafsachen.de, "
Greger Woertge Kunert,"www.gwk-jurtax.de, https://www.gwk-jurtax.de, "
Gładysz & Żerański,"www.gzkancelaria.pl, https://www.gzkancelaria.pl, "
Gehrke Zumbroich & Partner,"www.gzp-legal.de, https://www.gzp-legal.de, "
Höhne In der Maur & Partner,"www.h-i-p.at, https://www.h-i-p.at, "
Hülsen Michael Hauschke,"www.h2mk.com, https://www.h2mk.com, "
Himmelsbach Achsnick,"www.ha-ko.eu, https://www.ha-ko.eu, "
Haag Haag & Partner,"www.haag-partner.com, https://www.haag-partner.com, "
Haagstate,"www.haagstate.com, https://www.haagstate.com, "
Haak Böke & Partner,"www.haakboeke.de, https://www.haakboeke.de, "
Haarmann,"www.haarmann.com, https://www.haarmann.com, "
Haas & Haas,"www.haas-und-haas.de, https://www.haas-und-haas.de, "
Haas und Partner,"www.haas-und-partner.de, https://www.haas-und-partner.de, "
Haavind,"www.haavind.no, https://www.haavind.no, "
Habermann Hruschka & Schnabel,"www.habermann.de, https://www.habermann.de, "
Hägele Lemmer,"www.haegele-lemmer.de, https://www.haegele-lemmer.de, "
Haenel & Wirlitsch,"www.haenelwirlitsch.de, https://www.haenelwirlitsch.de, "
Härting,"www.haerting.de, https://www.haerting.de, "
Hafkesbrink & Kühne,"www.hafkesbrink-kuehne.de, https://www.hafkesbrink-kuehne.de, "
Hahn,"www.hahn-rechtsanwaelte.de, https://www.hahn-rechtsanwaelte.de, "
Haldenwang,"www.haldenwangrae.de, https://www.haldenwangrae.de, "
Halling Seitz Balzer,"www.hallingseitzundpartner.de, https://www.hallingseitzundpartner.de, "
Halm & Collegen,"www.halmcollegen.de, https://www.halmcollegen.de, "
Halter & Stiegele,"www.halter-stiegele.de, https://www.halter-stiegele.de, "
Hanssen & Paquet,"www.hamapartners.be, https://www.hamapartners.be, "
Hamilton Pratt,"www.hamiltonpratt.com, https://www.hamiltonpratt.com, "
Dirksen & Schwadtke,"www.hamlex.de, https://www.hamlex.de, "
Hamlins,"www.hamlins.co.uk, https://www.hamlins.co.uk, "
Reiff Kieserling Terbille,"www.hamm.advocat24.de, https://www.hamm.advocat24.de, "
Hammarskiöld & Co.,"www.hammarskiold.se, https://www.hammarskiold.se, "
Hammersen,"www.hammersen-rechtsanwaelte.de., https://www.hammersen-rechtsanwaelte.de., "
HammPartner,"www.hammpartner.de, https://www.hammpartner.de, "
Hamso,"www.hamso.no, https://www.hamso.no, "
Handschumacher Krug Merbecks,"www.handschumacher.de, https://www.handschumacher.de, "
Hanefeld,"www.hanefeld-legal.com, https://www.hanefeld-legal.com, "
Snellman,"www.hannessnellman.com, https://www.hannessnellman.com, "
Pöllmann,"www.hans-poellmann.de, https://www.hans-poellmann.de, "
Hansalawyers Kretschmar v. Teuffel Leverkus & Partner,"www.hansalawyers.com, https://www.hansalawyers.com, "
Hansa Partner Chemnitz,"www.hansapartner-law.de, https://www.hansapartner-law.de, "
Hansecontract Dr. Sennhenn & Partner,"www.hansecontract.de, https://www.hansecontract.de, "
Hammerstein und Partner,"www.hanselaw.de, https://www.hanselaw.de, "
Hansen,"www.hansen-arzneimittelrecht.de, https://www.hansen-arzneimittelrecht.de, "
El Sharkawi,"www.hanyelsharkawy.net, https://www.hanyelsharkawy.net, "
Happ Luther,"www.happluther.de, https://www.happluther.de, "
Hardenberg,"www.hardenberg.de, https://www.hardenberg.de, "
Harder Rechtsanwälte,"www.harder-law.com, https://www.harder-law.com, "
Harms-Ziegler Rechtsanwälte,"www.harms-ziegler.de, https://www.harms-ziegler.de, "
Harmsen Utescher,"www.harmsen.utescher.com, https://www.harmsen.utescher.com, "
Harney Westwood & Riegels,"www.harneys.com, https://www.harneys.com, "
Harnik & Finkelstein,"www.harnik.com, https://www.harnik.com, "
Harrer Schneider,"www.harrerschneider.at, https://www.harrerschneider.at, "
Harris & Moure,"www.harrismoure.com, https://www.harrismoure.com, "
Harrison Clark,"www.harrison-clark.co.uk, https://www.harrison-clark.co.uk, "
Harrisons,"www.harrison-solicitors.com, https://www.harrison-solicitors.com, "
Hart-Hönig,"www.hart-hoenig.com, https://www.hart-hoenig.com, "
Harte-Bavendamm,"www.harte-bavendamm.de, https://www.harte-bavendamm.de, "
Harten & Partner,"www.Harten-Partner.de, https://www.Harten-Partner.de, "
Harth,"www.harth-recht.de, https://www.harth-recht.de, "
Harting-Schuler,"www.harting-schuler.de, https://www.harting-schuler.de, "
Hartl,"www.hartl.it, https://www.hartl.it, "
Hartmann,"www.hartmann-rechtsanwaelte.de, https://www.hartmann-rechtsanwaelte.de, "
Hartwig,"www.hartwiglondon.eu, https://www.hartwiglondon.eu, "
Harupa & Kollegen,"www.harupa.de, https://www.harupa.de, "
Hasch & Partner,"www.hasch.co.at, https://www.hasch.co.at, "
Haslauer Eberl Hubner Krivanec & Partner,"www.haslauer-partner.at, https://www.haslauer-partner.at, "
Haslinger Nagele & Partner,"www.haslinger-nagele.com, https://www.haslinger-nagele.com, "
Hassans,"www.hassans.gi, https://www.hassans.gi, "
Hategan,"www.hategan.ro, https://www.hategan.ro, "
Hauck,"www.hauck-patent.de, https://www.hauck-patent.de, "
HauckSchuchardt,"www.hauckschuchardt.com, https://www.hauckschuchardt.com, "
Haudan,"www.haudan-ip.de, https://www.haudan-ip.de, "
Haug & Partner,"www.haugpartner.de, https://www.haugpartner.de, "
Dietz Tonhäuser & Partner,"www.haus-des-rechts.de, https://www.haus-des-rechts.de, "
Hauser & Hawelka,"www.hauser-hawelka.com, https://www.hauser-hawelka.com, "
Hauser Partners,"www.hauserpartners.at, https://www.hauserpartners.at, "
Havel Holásek & Partners,"www.havelholasek.cz, https://www.havelholasek.cz, "
Haver & Mailänder,"www.haver-mailaender.de, https://www.haver-mailaender.de/, "
Haymann,"www.haymannlaw.ch, https://www.haymannlaw.ch, "
Haynes and Boone,"www.haynesboone.com, https://www.haynesboone.com, "
Held Berdnik Astner & Partner,"www.hba.at, https://www.hba.at, "
Hammond Bogaru & Associates,"www.hbalaw.eu, https://www.hbalaw.eu, "
Hule Bachmayr-Heyda Nordberg,"www.hbn-legal.at, https://www.hbn-legal.at, "
Henkel Breuer & Partner,"www.hbp-patent.de, https://www.hbp-patent.de, "
HCT Legal,"www.hctlegal.com, https://www.hctlegal.com, "
HDT Timmermann,"www.hdt-online.com, https://www.hdt-online.com, "
Hoffmann & de Vries,"www.hdv-law.com, https://www.hdv-law.com, "
Heckschen & van de Loo,"www.heckschen-vandeloo.de, https://www.heckschen-vandeloo.de, "
Heenan Blaikie,"www.heenanblaikie.com, https://www.heenanblaikie.com, "
Heeren,"www.heeren-rechtsanwaelte.de, https://www.heeren-rechtsanwaelte.de, "
Hees,"www.heeslawfirm.de, https://www.heeslawfirm.de/, "
Hefermehl Rheiner & Partner,"www.hefermehl.de, https://www.hefermehl.de, "
Heid Schiefer,"www.heid-schiefer.at, https://www.heid-schiefer.at, "
Rath,"www.heikerath.de, https://www.heikerath.de, "
Heimann Hallermann,"www.heimann-partner.com, https://www.heimann-partner.com, "
Heimann und Partner,"www.heimannundpartner.de, https://www.heimannundpartner.de, "
Heimes & Müller,"www.heimes-mueller.de, https://www.heimes-mueller.de, "
Hein,"www.heingmbh.de, https://www.heingmbh.de, "
Heinicke Eggebrecht & Kollegen,"www.heinicke-eggebrecht.de, https://www.heinicke-eggebrecht.de, "
Heinicke & Kollegen,"www.heinicke.com, https://www.heinicke.com, "
Heinle Felsch Baden Redeker + Partner,"www.heinle-partner.de, https://www.heinle-partner.de, "
Heinz Langer & Schomerus,"www.heinz-rae.de/, https://www.heinz-rae.de/, "
Heinze Lange v. Senden,"www.heinze-lange.de, https://www.heinze-lange.de, "
Heinze,"www.heinze-law.de, https://www.heinze-law.de, "
Heisse Kursawe Eversheds,"www.heisse-kursawe.com, https://www.heisse-kursawe.com, "
Heissner & Struck,"www.heissner-struck.de, https://www.heissner-struck.de, "
Heither & von Morgen,"www.heithervonmorgen.de, https://www.heithervonmorgen.de, "
Hekkelman,"www.hekkelman.nl, https://www.hekkelman.nl, "
Hellmann,"www.hellmann-fachanwaelte.de, https://www.hellmann-fachanwaelte.de, "
Hellström,"www.hellstromlaw.com, https://www.hellstromlaw.com, "
Huschke,"www.helmig-huschke.de, https://www.helmig-huschke.de, "
Helmke,"www.helmke-hamburg.com, https://www.helmke-hamburg.com, "
Hengeler Mueller,"www.hengelermueller.de, https://www.hengelermueller.de, "
Henkel,"www.henkel-rae.de, https://www.henkel-rae.de, "
Henn Schäfers Grafe,"www.henn-bad.de, https://www.henn-bad.de, "
Hennerkes Kirchdörfer & Lorz,"www.hennerkes.de, https://www.hennerkes.de/, "
Henningsmeier,"www.henningsmeier.de, https://www.henningsmeier.de, "
Hensche,"www.hensche.de, https://www.hensche.de, "
Huber Ebmer Partner,"www.hep.co.at, https://www.hep.co.at, "
Hepp Wenger Ryffel,"www.hepp.ch, https://www.hepp.ch, "
Heinrich Erb Partner,"www.hepsite.de, https://www.hepsite.de, "
Herbert & Zeman,"www.herbert-zeman.info, https://www.herbert-zeman.info, "
Herbert Smith Freehills,"www.herbertsmithfreehills.com, https://www.herbertsmithfreehills.com, "
Herbst,"www.herbst-law.com, https://www.herbst-law.com, "
Herbst Sendler,"www.herbst-sendler.de, https://www.herbst-sendler.de, "
Herbst Kinsky,"www.herbstkinsky.at, https://www.herbstkinsky.at, "
Herfurth & Partner,"www.herfurth.de, https://www.herfurth.de, "
Hergüner Bilgen Özeke,"www.herguner.av.tr, https://www.herguner.av.tr, "
Hermann,"www.hermann-law.de, https://www.hermann-law.de, "
Hermes & Giebeler,"www.hermes-legal.com, https://www.hermes-legal.com, "
Herrero & Asociados,"www.herreroasociados.es, https://www.herreroasociados.es, "
Herrmann & Mey,"www.herrmann-mey.de, https://www.herrmann-mey.de, "
Hertin,"www.hertin.de, https://www.hertin.de, "
Herzfeld & Rubin,"www.herzfeld-rubin.com, https://www.herzfeld-rubin.com, "
Haag Eckhard Schoenpflug,"www.hes-partner.de, https://www.hes-partner.de, "
Hess,"www.hess-rechtsanwaelte.de, https://www.hess-rechtsanwaelte.de, "
Hess & Partners,"www.hess.co.il, https://www.hess.co.il, "
Hess + Blank,"www.hessblank.de, https://www.hessblank.de, "
Heublein,"www.heublein.eu, https://www.heublein.eu, "
Heuking Kühn Lüer Wojtek,"www.heuking.de, https://www.heuking.de, "
Heuser & Collegen,"www.heuser-collegen.de, https://www.heuser-collegen.de, "
Heussen,"www.heussen-law.de, https://www.heussen-law.de, "
Heussen B.V.,"www.heussen-law.nl, https://www.heussen-law.nl, "
Heller Ehrman,"www.hewm.com, https://www.hewm.com, "
Heymann & Partner,"www.heylaw.de, https://www.heylaw.de, "
Hahne Fritz Bechtler & Partner,"www.hfbp.de, https://www.hfbp.de, "
HFK Rechtsanwälte,"www.hfk-rechtsanwaelte.de, https://www.hfk-rechtsanwaelte.de, "
Herzog Fox & Neeman,"www.hfn.co.il, https://www.hfn.co.il, "
Herzog Fiesser & Partner,"www.hfp-ip.com, https://www.hfp-ip.com, "
Holman Fenwick Willan,"www.hfw.com, https://www.hfw.com, "
Hänssler & Häcker-Hollmann,"www.hh-h.de, https://www.hh-h.de, "
Heskia Hacmun,"www.hh-law.co.il, https://www.hh-law.co.il, "
Horbach Henriksen,"www.hh-legal.de, https://www.hh-legal.de, "
Helwig Hillmann Klotz Wolff,"www.hhkw.net, https://www.hhkw.net, "
Harms Hasskarl Melzer,"www.hhm-law.de, https://www.hhm-law.de, "
HHS Rechtsanwälte,"www.hhs-law.de, https://www.hhs-law.de, "
Hausmaninger Kletter,"www.hhw.at, https://www.hhw.at, "
Hildebrandt - Rechtsanwaltskanzlei,"www.hildebrandt-ip.de, https://www.hildebrandt-ip.de, "
Hill Dickinson,"www.hilldickinson.com, https://www.hilldickinson.com, "
Hille Beden,"www.hille-beden.de, https://www.hille-beden.de, "
Hiltl,"www.hiltl-law.eu, https://www.hiltl-law.eu, "
Himmelmann Pohlmann,"www.himmelmann-pohlmann.de, https://www.himmelmann-pohlmann.de, "
Himmelmann,"www.himmelmannkanzlei.de, https://www.himmelmannkanzlei.de, "
Hinds + Kollegen,"www.hinds-kollegen.de, https://www.hinds-kollegen.de, "
Hinrichs,"www.hinrichs-recht.de, https://www.hinrichs-recht.de, "
Hirsch Kobel,"www.hirsch-law.ch, https://www.hirsch-law.ch, "
Hirsch & Associés,"www.hirschlex.com, https://www.hirschlex.com, "
HJM Asia Law & Co,"www.hjmasialaw.com, https://www.hjmasialaw.com, "
Heinemeyer & Kollegen,"www.hk-rechtsanwaelte.de, https://www.hk-rechtsanwaelte.de, "
HK2 Rechtsanwälte,"www.hk2.eu, https://www.hk2.eu, "
HKB Rechtsanwälte,"www.hkb-anwaelte.de, https://www.hkb-anwaelte.de, "
Holland & Knight,"www.hklaw.com, https://www.hklaw.com, "
Hoffmann Liebs Fritsch & Partner,"www.hlfp.de, https://www.hlfp.de, "
Hellring Linderman Goldstein & Siegal,"www.hlgslaw.com, https://www.hlgslaw.com, "
Hochedlinger Luschin Marenzi Kapsch,"www.hlmk.at, https://www.hlmk.at, "
Hussain Lootah & Associates,"www.hlootahlaw.ae, https://www.hlootahlaw.ae, "
Hecker Loritz Sessig,"www.hls-rechtsanwaelte.de, https://www.hls-rechtsanwaelte.de, "
Harnischmacher Löer Wensing,"www.hlw-muenster.de, https://www.hlw-muenster.de, "
Hoxha Memi & Hoxha,"www.hmh.al, https://www.hmh.al, "
HML Alexander Holtz,"www.hml-law.com, https://www.hml-law.com, "
Härle & Martinovic,"www.hmrp.de, https://www.hmrp.de, "
HMW Herzog Meyer Will,"www.hmw.de, https://www.hmw.de, "
HNKG Rechtsanwälte,"www.hnkg.de, https://www.hnkg.de, "
Hoboken,"www.hoboken.nl, https://www.hoboken.nl, "
Höcker Advocaten,"www.hocker.nl, https://www.hocker.nl, "
Höch & Partner,"www.hoech-partner.de, https://www.hoech-partner.de, "
Höchsten & Jacoby,"www.hoechsten-jacoby.de, https://www.hoechsten-jacoby.de, "
Höcker,"www.hoecker.eu, https://www.hoecker.eu, "
Hoefer & Partner,"www.hoefer-pat.de, https://www.hoefer-pat.de, "
Hoeger Stellrecht & Partner,"www.hoeger-stellrecht.de, https://www.hoeger-stellrecht.de, "
Hölters & Elsing,"www.hoelters-elsing.com, https://www.hoelters-elsing.com, "
Hössle,"www.hoessle.eu, https://www.hoessle.eu, "
Hoffmann Rechtsanwälte & Steuerberater,"www.hoffmann-law.de, https://www.hoffmann-law.de, "
Hoffmann Böttger,"www.hoffmannboettger.eu, https://www.hoffmannboettger.eu, "
Hoffmann Eitle,"www.hoffmanneitle.com, https://www.hoffmanneitle.com, "
Hoffmann & Partner,"www.hoffmannpartner.de, https://www.hoffmannpartner.de, "
Hogan Lovells,"www.hoganlovells.com, https://www.hoganlovells.com, "
Hogertz,"www.hogertz.com, https://www.hogertz.com, "
Hoge van Gerven,"www.hogevangerven.nl, https://www.hogevangerven.nl, "
Hohmann & Dankowski,"www.hohmann-dankowski.de, https://www.hohmann-dankowski.de, "
Hohmann,"www.hohmann-rechtsanwaelte.com, https://www.hohmann-rechtsanwaelte.com, "
Holland Van Gijzen,"www.hollandlaw.nl, https://www.hollandlaw.nl, "
Holla Poelman,"www.hollapoelman.nl, https://www.hollapoelman.nl, "
Holler Rechtsanwälte,"www.holler-rae.de, https://www.holler-rae.de, "
Holletschek & Holletschek,"www.holletschek.de, https://www.holletschek.de, "
Holthausen Schmitz-Du Mont Wolff,"www.holthausen-partner.de, https://www.holthausen-partner.de, "
Holthoff-Pförtner,"www.holthoff-pfoertner.de, https://www.holthoff-pfoertner.de, "
Homberger & Strehle,"www.homberger-law.ch, https://www.homberger-law.ch, "
Homburger,"www.homburger.ch, https://www.homburger.ch, "
Honert + Partner,"www.honert.de, https://www.honert.de, "
Honold & Partner,"www.honold.de, https://www.honold.de, "
Hopfgarten,"www.hopfgarten.de, https://www.hopfgarten.de, "
Horlitz Keith & Partner,"www.horlitz.com, https://www.horlitz.com, "
Zarzycki & Hornauf,"www.hornauf.de, https://www.hornauf.de, "
Horsch Oberhauser,"www.horsch-oberhauser.de, https://www.horsch-oberhauser.de, "
Thon,"www.horst-thon.de, https://www.horst-thon.de, "
Horten,"www.horten.dk, https://www.horten.dk, "
Houthoff Buruma,"www.houthoffburuma.com, https://www.houthoffburuma.com, "
Howrey,"www.howrey.com, https://www.howrey.com, "
Hoyng Monegier,"www.hoyngmonegier.com, https://www.hoyngmonegier.com, "
Henseler & Partner,"www.hp-legal.com, https://www.hp-legal.com, "
HPL Plewka & Coll.,"www.hplaw.com, https://www.hplaw.com, "
Hoffmann Peschkes & Partner,"www.hpp24.de, https://www.hpp24.de, "
Hammarström Puhakka Partners,"www.hpplaw.fi, https://www.hpplaw.fi, "
Hanselmann & Römermann,"www.hr-inso.com, https://www.hr-inso.com, "
Roske & Associates,"www.hr-ny.com, https://www.hr-ny.com, "
Haya Rashed Al Khalifa,"www.hraklf.com, https://www.hraklf.com, "
Hilbrandt Rückert Ebbinghaus,"www.hre-law.com, https://www.hre-law.com, "
Holme Roberts & Owen,"www.hro.com, https://www.hro.com/, "
Hainke Schüler Alleyne Fumagalli,"www.hsaf-legal.de, https://www.hsaf-legal.de, "
Hansen Sønderby & Co,"www.hsco-law.dk, https://www.hsco-law.dk, "
HSKA Avocats Associés,"www.hskavocats.com, https://www.hskavocats.com, "
Heitmann Schubert Nickelsen,"www.hsn-law.de, https://www.hsn-law.de, "
Hasberger Seitz & Partner,"www.hsp-law.at, https://www.hsp-law.at, "
Hofstetter Schurack & Partner,"www.hsspatent.de, https://www.hsspatent.de, "
Hoeck Schlüter Vaagt,"www.hsv-fl.de, https://www.hsv-fl.de, "
Hübner,"www.huebnerrecht.de, https://www.huebnerrecht.de, "
Hülsemann,"www.huelsemann.de, https://www.huelsemann.de, "
Hümmerich,"www.huemmerich-legal.de, https://www.huemmerich-legal.de, "
Hümmerich & Bischoff,"www.huemmerich-partner.de, https://www.huemmerich-partner.de, "
Hüttebräuker,"www.huettebraeuker-law.de, https://www.huettebraeuker-law.de, "
HüttenbrinkPartner,"www.huettenbrink.com, https://www.huettenbrink.com, "
Hughes Hubbard & Reed,"www.hugheshubbard.com, https://www.hugheshubbard.com, "
Michael Huhn,"www.huhnpat.de, https://www.huhnpat.de, "
Hulgaard,"www.hulgaardadvokater.dk, https://www.hulgaardadvokater.dk, "
Hundscheid,"www.hundscheidadvocaten.nl, https://www.hundscheidadvocaten.nl, "
Huntemann Rechtsanwälte,"www.huntemann-rae.de, https://www.huntemann-rae.de, "
Hunton & Williams,"www.hunton.com, https://www.hunton.com, "
Hunziker und Kinzl Avokatur,"www.hunzikerkinzl.ch, https://www.hunzikerkinzl.ch, "
Husch Blackwell,"www.huschblackwell.com, https://www.huschblackwell.com, "
Husemann Eickhoff Salmen & Partner,"www.husemannpartner.de, https://www.husemannpartner.de, "
Huth Dietrich Hahn,"www.huthdietrichhahn.de, https://www.huthdietrichhahn.de, "
Heitmann Vermeer & Kollegen,"www.hvk-law.de, https://www.hvk-law.de, "
Yoon & Yang,"www.hwawoo.com, https://www.hwawoo.com, "
hw&h Avocats,"www.hwh.eu, https://www.hwh.eu, "
Hecker Werner Himmelreich,"www.hwhlaw.de, https://www.hwhlaw.de, "
HWP Rechtsanwälte,"www.hwp-rechtsanwaelte.de, https://www.hwp-rechtsanwaelte.de, "
Happ Dr. Woeller & Tschakert,"www.hwt-kanzlei.de, https://www.hwt-kanzlei.de, "
hww Wienberg Wilhelm,"www.hww-kanzlei.de, https://www.hww-kanzlei.de, "
Isenbruck Bösl Hörschler,"www.ib-patent.de, https://www.ib-patent.de, "
Iburg & Kollegen,"www.iburg-kollegen.de, https://www.iburg-kollegen.de, "
İçtemLegal,"www.ictemlegal.com, https://www.ictemlegal.com, "
IDAvocats,"www.idavocats.com, https://www.idavocats.com, "
Berendt Leyh & Hering,"www.idpat.de, https://www.idpat.de, "
Ihr Anwalt 24,"www.ihranwalt24.de, https://www.ihranwalt24.de, "
Heinemann,"www.ihrverteidiger.de, https://www.ihrverteidiger.de, "
IKB Steinmann Dr. Hansen Scheidacker Hesse Dr. Rosenstock,"www.ikb-law.de, https://www.ikb-law.de, "
Kreutzer & Kreuzau,"www.immobilienrechtler.de, https://www.immobilienrechtler.de, "
Ince & Co,"www.incelaw.com, https://www.incelaw.com, "
Iniurcolleguia,"www.injur.ru, https://www.injur.ru, "
Inhuber Krusche,"www.inkrura.de, https://www.inkrura.de, "
Theile und Christiane Szukalski,"www.insolvenzanwaelte-hessen.de, https://www.insolvenzanwaelte-hessen.de, "
Intervista,"www.intervistalaw.net, https://www.intervistalaw.net, "
Intes,"www.intes-online.de, https://www.intes-online.de, "
International Law Office,"www.intllaw.net, https://www.intllaw.net, "
Inyurpolis,"www.inyurpolis.com, https://www.inyurpolis.com, "
Iovos,"www.iovos.de, https://www.iovos.de, "
Bungartz & Tersteegen,"www.ip-de.com, https://www.ip-de.com, "
Götz,"www.ip-goetz.de, https://www.ip-goetz.de, "
Epstein Drangel,"www.ipcounselors.com, https://www.ipcounselors.com, "
Lubberger Lehment,"www.iplawyers.de, https://www.iplawyers.de, "
Müller Fottner Steinecke,"www.ipmunich.de, https://www.ipmunich.de, "
Horak,"www.iprecht.de, https://www.iprecht.de, "
Shamsaei & Associates,"www.iranbusinesslawyers.com, https://www.iranbusinesslawyers.com, "
Irion,"www.irion-medienrecht.de, https://www.irion-medienrecht.de, "
Irle Kalckreuth,"www.irle-kalckreuth.de, https://www.irle-kalckreuth.de/, "
Irwin Mitchell,"www.irwinmitchell.com, https://www.irwinmitchell.com, "
Isarpatent,"www.isarpatent.com, https://www.isarpatent.com, "
Isler & Pedrazzini,"www.islerpedrazzini.ch, https://www.islerpedrazzini.ch, "
Ismen,"www.ismen.av.tr, https://www.ismen.av.tr, "
Cain,"www.istrategic.com, https://www.istrategic.com, "
Eichler,"www.it-recht-eichler.de, https://www.it-recht-eichler.de, "
IT-Recht Kanzlei,"www.it-recht-kanzlei.de, https://www.it-recht-kanzlei.de, "
Oosterbaan,"www.itlawyers.nl, https://www.itlawyers.nl, "
Itoh,"www.itohpat.co.jp/e/index.html, https://www.itohpat.co.jp/e/index.html, "
Iur Realis,"www.iur-realis.de, https://www.iur-realis.de, "
Iusfinder,"www.iusfinder.com, https://www.iusfinder.com, "
Falkenhausen,"www.j-v-f.de, https://www.j-v-f.de, "
Jackson Lewis,"www.jacksonlewis.com, https://www.jacksonlewis.com, "
Jacobacci & Partners,"www.jacobacci.com, https://www.jacobacci.com, "
Jacobsen + Confurius,"www.jacobsen-confurius.de, https://www.jacobsen-confurius.de, "
Jacobsen,"www.jacobsen-rechtsanwaelte.de, https://www.jacobsen-rechtsanwaelte.de, "
Jäckel,"www.jaeckel-rechtsanwalt.de, https://www.jaeckel-rechtsanwalt.de, "
Jaegler + Höke,"www.jaegler-hoeke.de, https://www.jaegler-hoeke.de, "
Jaffé,"www.jaffe-rae.de, https://www.jaffe-rae.de, "
Janssen & Partner Rechtsanwälte,"www.jaflo.com, https://www.jaflo.com, "
Jagenburg,"www.jagenburg.com, https://www.jagenburg.com, "
Jakobs Guilleaume,"www.jakobsguilleaume.com, https://www.jakobsguilleaume.com, "
Jakoby,"www.jakobyrechtsanwaelte.de, https://www.jakobyrechtsanwaelte.de, "
Jakubowicz & Collegen,"www.jakubowicz.com, https://www.jakubowicz.com, "
JR Jacob Müller-Göttel Karmeinsky Wiebelt Wieschemann und Kollegen,"www.jamuwi.de, https://www.jamuwi.de, "
Janert,"www.janert.com, https://www.janert.com, "
Jank Weiler,"www.jankweiler.at, https://www.jankweiler.at, "
Janolaw Chung,"www.janolaw.de, https://www.janolaw.de, "
Janson Baugniet,"www.janson.be, https://www.janson.be, "
Jara & Partners,"www.jara-law.pl, https://www.jara-law.pl, "
Jarolim Flitsch,"www.jarolim.at, https://www.jarolim.at, "
Jasper,"www.jasper-law.com, https://www.jasper-law.com, "
Jausas,"www.jausaslegal.com, https://www.jausaslegal.com, "
JBB Rechtsanwälte,"www.jbb.de, https://www.jbb.de, "
JBM e Mandaliti,"www.jbmlaw.com.br, https://www.jbmlaw.com.br, "
Jeantet Associés,"www.jeantet.fr, https://www.jeantet.fr, "
Jebens Mensching,"www.jebensmensching.com, https://www.jebensmensching.com, "
Dias Costa,"www.jedc.pt, https://www.jedc.pt, "
Suffel & Kollegen,"www.jenanwalt.de, https://www.jenanwalt.de, "
RGC Jenkins & Co.,"www.jenkins.eu, https://www.jenkins.eu, "
Jenner & Block,"www.jenner.com, https://www.jenner.com, "
Jenny & Partners,"www.jenny.it, https://www.jenny.it, "
Jenschke,"www.jenschke.de, https://www.jenschke.de, "
Jeromin & Kerkmann,"www.jeromin-kerkmann.de, https://www.jeromin-kerkmann.de, "
Jung & Feger,"www.jf-rechtsanwaelte.de, https://www.jf-rechtsanwaelte.de, "
Jeffrey Green Russell,"www.jgrweb.com, https://www.jgrweb.com, "
Jancke & Heer,"www.jh-arbeitsrecht.de, https://www.jh-arbeitsrecht.de, "
Jipp,"www.jipplaw.de, https://www.jipplaw.de, "
Janke Könnecke Naujok,"www.jkn-law.com, https://www.jkn-law.com, "
Jehle Láng Meier-Rudolph,"www.jlm-freiburg.com, https://www.jlm-freiburg.com, "
JMW Solicitors,"www.jmw.co.uk, https://www.jmw.co.uk, "
Johlke Niethammer & Partner,"www.jnp.de, https://www.jnp.de, "
Jockisch,"www.jockisch.de, https://www.jockisch.de, "
Johansson,"www.johansson-kiel.de, https://www.johansson-kiel.de, "
John und Partner,"www.john-seiler-partner.de, https://www.john-seiler-partner.de, "
Jonas,"www.jonas-lawyers.com, https://www.jonas-lawyers.com, "
Jones Day,"www.jonesday.com, https://www.jonesday.com, "
Joppich,"www.joppich-ipc.com, https://www.joppich-ipc.com, "
Jordan & Hall,"www.jordan-hall.de, https://www.jordan-hall.de, "
Jordan,"www.jordan-ra.de, https://www.jordan-ra.de, "
Jorden Burt,"www.jordenburt.com, https://www.jordenburt.com, "
Jorzig,"www.jorzig.de, https://www.jorzig.de, "
Del Chiaro,"www.josedelchiaro.com.br, https://www.josedelchiaro.com.br, "
JPAB & Associados,"www.jpab.pt, https://www.jpab.pt, "
Karsenty & Associés,"www.jpkarsenty.com, https://www.jpkarsenty.com, "
Lachmann,"www.jpl.de, https://www.jpl.de, "
Janković Popović & Mitić,"www.jpm.rs, https://www.jpm.rs, "
JPR,"www.jpr.nl, https://www.jpr.nl, "
Jost Roth Collegen,"www.jruc.de, https://www.jruc.de, "
Jung & Schleicher,"www.js-law.de, https://www.js-law.de, "
JSA,"www.jsalaw.com, https://www.jsalaw.com, "
Jaksch Schöller & Riel,"www.jsr.at, https://www.jsr.at, "
Junge Schüngeler Wendland,"www.jsw-law.de, https://www.jsw-law.de, "
Juconomy,"www.juconomy.de, https://www.juconomy.de, "
Jürgens,"www.juergens-rechtsanwaelte.de, https://www.juergens-rechtsanwaelte.de, "
Jun He,"www.junhe.com, https://www.junhe.com, "
Junker Bartelheimer,"www.junker-bartelheimer.de, https://www.junker-bartelheimer.de, "
Fries,"www.juradix.de, https://www.juradix.de, "
juravendis,"www.juravendis.de, https://www.juravendis.de, "
Kost Stopp Kropf,"www.jure.de, https://www.jure.de, "
Nishimura & Asahi,"www.jurists.co.jp, https://www.jurists.co.jp, "
Jurope,"www.jurope.fr, https://www.jurope.fr, "
Freimüller Obereder Pilz & Partner,"www.jus.at, https://www.jus.at, "
Jusek,"www.jusek.de, https://www.jusek.de, "
Justem,"www.justem.de, https://www.justem.de, "
Johnson Winter & Slattery,"www.jws.com.au, https://www.jws.com.au, "
Fahr-Becker et Collegen,"www.k-fbc.de, https://www.k-fbc.de, "
Krämer & Große-Boymann,"www.k-gb.de, https://www.k-gb.de, "
Pflüger,"www.k44.de, https://www.k44.de, "
Kälberer & Tittel,"www.kaelberer-tittel.de, https://www.kaelberer-tittel.de, "
Kärgel de Maizière & Partner,"www.kaergel.com, https://www.kaergel.com, "
Kahlert & Padberg,"www.kahlert-padberg.de, https://www.kahlert-padberg.de, "
Kahn & Associés,"www.kahnlaw.com, https://www.kahnlaw.com, "
Kainz & Partner,"www.kainz-partner.de, https://www.kainz-partner.de, "
Kairos,"www.kairos-law.de, https://www.kairos-law.de, "
Kambourov & Partners,"www.kambourov.biz, https://www.kambourov.biz, "
Kamin & Wilke,"www.kaminwilke.de, https://www.kaminwilke.de, "
Kantenwein Zimmermann Fox Kröck & Partner,"www.kantenwein.de, https://www.kantenwein.de, "
Kanz Hans Schulz,"www.kanz-hans-schulz.de, https://www.kanz-hans-schulz.de, "
Ackermann,"www.kanzlei-ackermann.com, https://www.kanzlei-ackermann.com, "
Ahrens,"www.kanzlei-ahrens.de, https://www.kanzlei-ahrens.de, "
Frehse Mack Vogelsang,"www.kanzlei-am-aerztehaus.de, https://www.kanzlei-am-aerztehaus.de, "
Bertram und Partner,"www.kanzlei-am-hagenmarkt.de, https://www.kanzlei-am-hagenmarkt.de, "
Andresen,"www.kanzlei-andresen.de, https://www.kanzlei-andresen.de, "
Aumüller Kessler & Kollegen,"www.kanzlei-aumueller.de, https://www.kanzlei-aumueller.de, "
Birkenstock,"www.kanzlei-birkenstock.de, https://www.kanzlei-birkenstock.de, "
Bölke,"www.kanzlei-boelke.de, https://www.kanzlei-boelke.de, "
Brötzmann,"www.kanzlei-broetzmann.de, https://www.kanzlei-broetzmann.de, "
Bartl & Weise,"www.kanzlei-bww.de, https://www.kanzlei-bww.de, "
Kermel,"www.kanzlei-cornelia-kermel.de, https://www.kanzlei-cornelia-kermel.de, "
Dageförde,"www.kanzlei-dagefoerde.de, https://www.kanzlei-dagefoerde.de, "
Dehlinger,"www.kanzlei-dehlinger.de, https://www.kanzlei-dehlinger.de, "
Becker,"www.kanzlei-dr-becker.de, https://www.kanzlei-dr-becker.de, "
Bonn & Kollegen,"www.kanzlei-dr-bonn-kollegen.de, https://www.kanzlei-dr-bonn-kollegen.de, "
Erben,"www.kanzlei-dr-erben.de, https://www.kanzlei-dr-erben.de, "
Grieger,"www.kanzlei-dr-grieger.de, https://www.kanzlei-dr-grieger.de, "
Heinrich,"www.kanzlei-dr-heinrich.de, https://www.kanzlei-dr-heinrich.de, "
Käser,"www.kanzlei-dr-kaeser.de, https://www.kanzlei-dr-kaeser.de, "
Pragal,"www.kanzlei-dr-pragal.de, https://www.kanzlei-dr-pragal.de, "
Schütze,"www.kanzlei-dr-schuetze.de, https://www.kanzlei-dr-schuetze.de, "
Dietz,"www.kanzlei-drdietz.de, https://www.kanzlei-drdietz.de, "
Graf,"www.kanzlei-drgraf.de, https://www.kanzlei-drgraf.de, "
Engelhard Busch & Partner,"www.kanzlei-ebp.de, https://www.kanzlei-ebp.de, "
Eilers & Kollegen,"www.kanzlei-eilers-kollegen.de, https://www.kanzlei-eilers-kollegen.de, "
Eisner,"www.kanzlei-eisner.de, https://www.kanzlei-eisner.de, "
Ewald,"www.kanzlei-ewald.de, https://www.kanzlei-ewald.de, "
Folger & Kollegen,"www.kanzlei-folger.de, https://www.kanzlei-folger.de, "
Freudenreich & Partner,"www.kanzlei-freudenreich.de, https://www.kanzlei-freudenreich.de, "
Fricke & Coll.,"www.kanzlei-fricke.de, https://www.kanzlei-fricke.de, "
Fromm,"www.kanzlei-fromm.de, https://www.kanzlei-fromm.de, "
Frowein & Partner,"www.kanzlei-frowein.de, https://www.kanzlei-frowein.de, "
Kosma Säftel Künkele Becker,"www.kanzlei-ft.de, https://www.kanzlei-ft.de, "
Gebauer Dr. Xanke & Kollegen,"www.kanzlei-gebauer.com, https://www.kanzlei-gebauer.com, "
Geilhof & Kollegen,"www.kanzlei-geilhof.de, https://www.kanzlei-geilhof.de, "
Goetjes & Kollegen,"www.kanzlei-gjb.de, https://www.kanzlei-gjb.de, "
GMBS Rechtsanwälte,"www.kanzlei-gmbs.de, https://www.kanzlei-gmbs.de, "
Gravenhorst & Partner,"www.kanzlei-gravenhorst.de, https://www.kanzlei-gravenhorst.de, "
Grigat,"www.kanzlei-grigat.de, https://www.kanzlei-grigat.de, "
Grüning,"www.kanzlei-gruening.com, https://www.kanzlei-gruening.com, "
Heinsen,"www.kanzlei-heinsen.de, https://www.kanzlei-heinsen.de, "
Bell Helm PartnerInnen,"www.kanzlei-helm.de, https://www.kanzlei-helm.de, "
Heni und Partner,"www.kanzlei-heni.com, https://www.kanzlei-heni.com, "
Hippmann Engeler & Partner,"www.kanzlei-hep.de, https://www.kanzlei-hep.de, "
Herrlinger,"www.kanzlei-herrlinger.de, https://www.kanzlei-herrlinger.de, "
Huhmann,"www.kanzlei-huhmann.de, https://www.kanzlei-huhmann.de, "
Johannsen,"www.kanzlei-johannsen.de, https://www.kanzlei-johannsen.de, "
Jun,"www.kanzlei-jun.de, https://www.kanzlei-jun.de, "
Karasek,"www.kanzlei-karasek.de, https://www.kanzlei-karasek.de, "
Karras & Kollegen,"www.kanzlei-karras.de, https://www.kanzlei-karras.de, "
Keck,"www.kanzlei-keck.de, https://www.kanzlei-keck.de, "
Kerscher und Kollegen,"www.kanzlei-kerscher.de, https://www.kanzlei-kerscher.de, "
Kreuzer Goßler Horlamus,"www.kanzlei-kgh.de, https://www.kanzlei-kgh.de, "
KKP Köning & Partner,"www.kanzlei-kkp.de, https://www.kanzlei-kkp.de, "
Kleinert,"www.kanzlei-kleinert.com, https://www.kanzlei-kleinert.com, "
Klumpe Schroeder & Partner,"www.kanzlei-klumpe.de, https://www.kanzlei-klumpe.de, "
Kühn,"www.kanzlei-kuehn.de, https://www.kanzlei-kuehn.de, "
Lungstras-Hochstein,"www.kanzlei-lungstras.de, https://www.kanzlei-lungstras.de, "
Langrock Voß & Soyka,"www.kanzlei-lvs.de, https://www.kanzlei-lvs.de, "
Manias,"www.kanzlei-manias.de, https://www.kanzlei-manias.de, "
Marx Rechtsanwälte,"www.kanzlei-marx.de, https://www.kanzlei-marx.de, "
MBR Rechtsanwälte,"www.kanzlei-mbr.de, https://www.kanzlei-mbr.de, "
Meinert,"www.kanzlei-meinert.de, https://www.kanzlei-meinert.de, "
Mertin,"www.kanzlei-mertin.de, https://www.kanzlei-mertin.de, "
Marzillier Dr. Meier & Dr. Guntner,"www.kanzlei-mmg.de, https://www.kanzlei-mmg.de, "
Meschkat & Nauert,"www.kanzlei-mn.de, https://www.kanzlei-mn.de, "
Riedl,"www.kanzlei-muc.com, https://www.kanzlei-muc.com, "
Mutschke,"www.kanzlei-mutschke.de, https://www.kanzlei-mutschke.de, "
Nohr & Kollegen,"www.kanzlei-nohr.de, https://www.kanzlei-nohr.de, "
Pfefferle & Kollegen,"www.kanzlei-pfefferle.de, https://www.kanzlei-pfefferle.de, "
Potthast,"www.kanzlei-potthast.de, https://www.kanzlei-potthast.de, "
Schweizer,"www.kanzlei-prof-schweizer.de, https://www.kanzlei-prof-schweizer.de, "
Peltzer Suhren,"www.kanzlei-psm.de/, https://www.kanzlei-psm.de/, "
Pürner Thüncher Panzer,"www.kanzlei-ptp.de, https://www.kanzlei-ptp.de, "
Wrede,"www.kanzlei-ra-wrede.de, https://www.kanzlei-ra-wrede.de, "
Reiß & Collegen,"www.kanzlei-reiss.de, https://www.kanzlei-reiss.de, "
Baum Reiter & Collegen,"www.kanzlei-reiter.de, https://www.kanzlei-reiter.de, "
Roller & Partner,"www.kanzlei-roller.de, https://www.kanzlei-roller.de, "
Schlatter,"www.kanzlei-schlatter.de, https://www.kanzlei-schlatter.de, "
Schweinoch,"www.kanzlei-schweinoch.de, https://www.kanzlei-schweinoch.de, "
Senger Reimann Kunzmann,"www.kanzlei-senger.de, https://www.kanzlei-senger.de, "
Burchard Mencke & Kollegen,"www.kanzlei-siegesstrasse.de, https://www.kanzlei-siegesstrasse.de, "
Siemering,"www.kanzlei-siemering.com, https://www.kanzlei-siemering.com, "
Siemon,"www.kanzlei-siemon.de, https://www.kanzlei-siemon.de, "
Ennemann Raupach Brand,"www.kanzlei-soest.de, https://www.kanzlei-soest.de, "
Schwarz-Schilling & Collegen SSC,"www.kanzlei-ssc.de, https://www.kanzlei-ssc.de, "
Stoppelkamp,"www.kanzlei-stoppelkamp.de, https://www.kanzlei-stoppelkamp.de, "
Stuckel,"www.kanzlei-stuckel.de, https://www.kanzlei-stuckel.de, "
Sunder Niemeyer Lißner,"www.kanzlei-sunder.de, https://www.kanzlei-sunder.de, "
Thau und Freitag,"www.kanzlei-thau.de, https://www.kanzlei-thau.de, "
Timm,"www.kanzlei-timm.de, https://www.kanzlei-timm.de, "
Unützer Wagner & Werding,"www.kanzlei-unuetzer.de, https://www.kanzlei-unuetzer.de, "
Wienke & Becker,"www.kanzlei-wbk.de, https://www.kanzlei-wbk.de, "
Weinhold,"www.kanzlei-weinhold.de, https://www.kanzlei-weinhold.de, "
Weißmantel & Vogelsang,"www.kanzlei-wv.de, https://www.kanzlei-wv.de, "
Zipper & Collegen,"www.kanzlei-zipper.de, https://www.kanzlei-zipper.de, "
Zuck,"www.kanzlei-zuck.de, https://www.kanzlei-zuck.de, "
Hild & Kollegen,"www.kanzlei.biz, https://www.kanzlei.biz, "
esb Emmert Strewe Buck Bücking Speichert,"www.kanzlei.de, https://www.kanzlei.de, "
Grammel Bullinger Schreiner,"www.kanzlei7.de, https://www.kanzlei7.de, "
Ewald Brodersen Gussone Kreider,"www.kanzleiamfelde99.de, https://www.kanzleiamfelde99.de, "
Schubert Rath Zimmermann Dr. Mehlhorn,"www.kanzleias.de, https://www.kanzleias.de, "
Caro,"www.kanzleicaro.ch, https://www.kanzleicaro.ch, "
Feller,"www.kanzleifeller.de, https://www.kanzleifeller.de, "
Fischer & Partner Rechtsanwälte,"www.kanzleifischer.de, https://www.kanzleifischer.de, "
Groll & Partner,"www.kanzleigroll.de, https://www.kanzleigroll.de, "
Jäger & Collegen,"www.kanzleijaeger.de, https://www.kanzleijaeger.de, "
Justus,"www.kanzleimitte.de, https://www.kanzleimitte.de, "
Uelhoff,"www.kanzleiuelhoff.de, https://www.kanzleiuelhoff.de, "
Wartensleben,"www.kanzleiwartensleben.de, https://www.kanzleiwartensleben.de, "
Kanzler Kern Kaiser,"www.kanzler-kern-kaiser.de, https://www.kanzler-kern-kaiser.de, "
Kapellmann und Partner,"www.kapellmann.de, https://www.kapellmann.de, "
Steinhübel & Dr. Rötlich,"www.kapitalmarktrecht.de, https://www.kapitalmarktrecht.de, "
Kapp Ebeling & Partner,"www.kapp-ebeling.de, https://www.kapp-ebeling.de, "
Karanović & Nikolić,"www.karanovic-nikolic.com, https://www.karanovic-nikolic.com, "
Kasper Knacke,"www.kasperknacke.de, https://www.kasperknacke.de, "
Kastell,"www.kastelladvokatbyra.se, https://www.kastelladvokatbyra.se, "
Katzarov,"www.katzarov.com, https://www.katzarov.com, "
KAU Rechtsanwälte,"www.kau.de, https://www.kau.de, "
Kaufmann Lutz,"www.kaufmannlutz.com, https://www.kaufmannlutz.com, "
Kaye Scholer,"www.kayescholer.com, https://www.kayescholer.com, "
Kuhn Carl Norden Baum,"www.kcnb.de, https://www.kcnb.de, "
Kaltwasser,"www.kcsf.de, https://www.kcsf.de, "
KDU Krist Deller & Partner,"www.kdu.de, https://www.kdu.de, "
Keating Chambers,"www.keatingchambers.com, https://www.keatingchambers.com, "
Kebekus et Zimmermann,"www.kebekus-zimmermann.de, https://www.kebekus-zimmermann.de, "
Otto Feustel Libal Schumacher,"www.kee-law.de, https://www.kee-law.de, "
Keel Cottrelle,"www.keelcottrelle.com, https://www.keelcottrelle.com, "
Kehl Ascherl Liebhoff & Ettmayr,"www.kehlpatent.de, https://www.kehlpatent.de, "
Kehr-Ritz & Kollegen,"www.kehr-ritz.de, https://www.kehr-ritz.de, "
Keller,"www.keller-rechtsanwaelte.de, https://www.keller-rechtsanwaelte.de, "
Kellerhals,"www.kellerhals.ch, https://www.kellerhals.ch, "
Kelly Drye & Warren,"www.kelleydrye.com, https://www.kelleydrye.com, "
Kemp Little,"www.kemplittle.com, https://www.kemplittle.com, "
Kennedys,"www.kennedys-law.com, https://www.kennedys-law.com, "
Kenyon & Kenyon,"www.kenyonlaw.com, https://www.kenyonlaw.com, "
Kern,"www.kern-rechtsanwaelte.de, https://www.kern-rechtsanwaelte.de, "
Kessel + Partner,"www.kessel-rechtsanwaelte.de, https://www.kessel-rechtsanwaelte.de, "
Kessler & Partner,"www.kessler-partner.com, https://www.kessler-partner.com, "
Keussler,"www.keussler.com, https://www.keussler.com, "
Eckert & Wisser,"www.kfup.com, https://www.kfup.com, "
KGDI Law Firm,"www.kgdi.gr, https://www.kgdi.gr, "
KGM Krämer Groß,"www.kgmlaw.de, https://www.kgmlaw.de, "
Kempter Gierlinger & Partner,"www.kgp-law.de, https://www.kgp-law.de, "
Kraft Geil und Kollegen,"www.kguk.de, https://www.kguk.de, "
Khaitan & Co,"www.khaitanco.com, https://www.khaitanco.com, "
Kiermeier Haselier Grosse,"www.khg-dresden.com, https://www.khg-dresden.com, "
Kees Hehl Heckmann,"www.khh-ra.de, https://www.khh-ra.de, "
Kruse Hansen & Sielaff,"www.khs-flensburg.de, https://www.khs-flensburg.de, "
Kilger & Fülleborn,"www.ki-fu.de, https://www.ki-fu.de, "
Kiene & Linnertz,"www.kiene-linnertz.de, https://www.kiene-linnertz.de, "
Kienhuis Hoving,"www.kienhuishoving.nl, https://www.kienhuishoving.nl, "
Kieslich & Partner,"www.kieslich-partner.de, https://www.kieslich-partner.de, "
Kilpatrick Townsend & Stockton,"www.kilpatricktownsend.com, https://www.kilpatricktownsend.com, "
Kim & Chang,"www.kimchang.com, https://www.kimchang.com, "
Kinast & Partner,"www.kinast-partner.de, https://www.kinast-partner.de, "
Kincaid Mendes Vianna,"www.kincaid.com.br, https://www.kincaid.com.br, "
King & Wood,"www.kingandwood.com, https://www.kingandwood.com, "
Kingson,"www.kingsonlawfirm.com, https://www.kingsonlawfirm.com, "
Kinstellar,"www.kinstellar.com, https://www.kinstellar.com, "
Reitstötter Kinzebach & Partner,"www.kinzebach.de, https://www.kinzebach.de, "
Kipp,"www.kippthomas.de, https://www.kippthomas.de, "
Kirkland & Ellis,"www.kirkland.com, https://www.kirkland.com, "
Kiso & Siefert,"www.kiso-siefert.de, https://www.kiso-siefert.de, "
Krammer Jahn,"www.kj-law.de, https://www.kj-law.de, "
Kühn Jäger Naber,"www.kjn-law.de, https://www.kjn-law.de, "
Köchling & Krahnefeld,"www.kk-rae.de, https://www.kk-rae.de, "
Klein Kollegen,"www.kkp4you.de, https://www.kkp4you.de, "
Kaczor Klimczyk Pucher Wypiór,"www.kkpw.pl, https://www.kkpw.pl, "
KKS Keim Kuhmann Schwerdtfeger,"www.kks-law.de, https://www.kks-law.de, "
Klaas & Schmitt,"www.klaas-schmitt.de, https://www.klaas-schmitt.de, "
Klaas & Kollegen,"www.klaas.de, https://www.klaas.de, "
Klaka,"www.klaka.com, https://www.klaka.com/, "
Volk,"www.klaus-volk.de, https://www.klaus-volk.de, "
Kleiner,"www.kleiner-law.com, https://www.kleiner-law.com, "
Klein,"www.kleinlaw.ch, https://www.kleinlaw.ch, "
Klerx,"www.klerx-legal.com, https://www.klerx-legal.com, "
Kleymann Karpenstein & Partner,"www.kleymann.com, https://www.kleymann.com, "
K&L Gates,"www.klgates.com, https://www.klgates.com, "
Koroschetz Lang Herzer,"www.klh-law.at, https://www.klh-law.at, "
Kliemt & Vollstädt,"www.kliemt.de, https://www.kliemt.de, "
Klier & Ott,"www.klier-ott.de, https://www.klier-ott.de, "
Klima & Vigier,"www.klima-vigier.com, https://www.klima-vigier.com, "
Kliment & Henhapel,"www.klimenthenhampel.at, https://www.klimenthenhampel.at, "
Klinge Hess,"www.klinge-hess.de, https://www.klinge-hess.de, "
Klinger & Kollegen,"www.klinger-iplaw.de, https://www.klinger-iplaw.de, "
Klingler von der Beek Wethmar,"www.klingler.de, https://www.klingler.de, "
Klingseisen & Partner,"www.klingseisen.info, https://www.klingseisen.info/, "
Klinkert Zindel und Partner,"www.klinkert.pro, https://www.klinkert.pro, "
Klohs Dr. Lemke Jönsson & Klohs,"www.kljk-rechtsanwaelte.de, https://www.kljk-rechtsanwaelte.de, "
Klocke & Linkens,"www.klocke-linkens.de, https://www.klocke-linkens.de, "
Klostermann Schmidt Monstadt Eisbrecher,"www.klostermann-rae.de, https://www.klostermann-rae.de, "
Kloter,"www.kloter-attorneys.ch, https://www.kloter-attorneys.ch, "
Kloth Neuhaus,"www.kloth-neuhaus.de, https://www.kloth-neuhaus.de, "
Liebenwein,"www.klr.at, https://www.klr.at, "
KLS Rechtsanwälte,"www.kls-law.de, https://www.kls-law.de, "
Kluge,"www.kluge.no, https://www.kluge.no, "
Klumpp Rechtsanwälte,"www.klumpp-rechtsanwaelte.de, https://www.klumpp-rechtsanwaelte.de, "
Küffner Maunz Langer Zugmaier,"www.kmlz.de, https://www.kmlz.de, "
KMO Kestler Mielert & Partner,"www.kmo-legal.de, https://www.kmo-legal.de, "
Kavanagh Maloney & Osnato,"www.kmollp.com, https://www.kmollp.com, "
KMP Dr. Stoltenberg Korten & Partner,"www.kmp-hamburg.de, https://www.kmp-hamburg.de, "
KMS Krauß Mäckler Schöffel,"www.kms-kanzlei.de, https://www.kms-kanzlei.de, "
Knaak & Lechleitner,"www.knaak-lechleitner.de, https://www.knaak-lechleitner.de, "
Knarr & Knopp Reitzlein Milde Netuschil Zimmer,"www.knarr-knopp.de, https://www.knarr-knopp.de/, "
Knauthe,"www.knauthe.com, https://www.knauthe.com, "
Kneppelhout & Korthals,"www.kneppelhout.nl, https://www.kneppelhout.nl, "
KNH Kahlhöfer Neumann Rößler Heine,"www.knh-patent.de, https://www.knh-patent.de, "
KNH Rechtsanwälte,"www.knh-rechtsanwaelte.de, https://www.knh-rechtsanwaelte.de, "
Knierim & Kollegen,"www.knierim-rechtsanwaelte.de, https://www.knierim-rechtsanwaelte.de, "
Knoblauch,"www.knoblauchpatent.de, https://www.knoblauchpatent.de, "
Knolle,"www.knolle.de, https://www.knolle.de, "
Knorr,"www.knorr-rechtsanwaelte.de/, https://www.knorr-rechtsanwaelte.de/, "
Knorz Schütz Lawyers,"www.knorz-schuetz.com, https://www.knorz-schuetz.com, "
K&P Attorneys at Law,"www.knplaw.com, https://www.knplaw.com, "
KNPZ Rechtsanwälte,"www.knpz.de, https://www.knpz.de, "
Kaufhold Ossola & Associes,"www.koa.lu, https://www.koa.lu, "
Koch,"www.koch-anwaltskanzlei.de, https://www.koch-anwaltskanzlei.de, "
Koch & Mittmann,"www.koch-law.com, https://www.koch-law.com, "
Koch & Neumann,"www.kochneumann.de, https://www.kochneumann.de, "
Kocks & Meeussen,"www.kockspartners-law.be, https://www.kockspartners-law.be, "
Koeble Donus Fuhrmann Locher Schotten Zahn,"www.koeble-kollegen.de, https://www.koeble-kollegen.de, "
Köhler & Klett,"www.koehler-klett.de, https://www.koehler-klett.de/, "
Köhler & Partner,"www.koehler-partner.info, https://www.koehler-partner.info, "
König,"www.koenig-rechtsanwaelte.de, https://www.koenig-rechtsanwaelte.de, "
Kogge Sammet Ufer,"www.koggepp.de, https://www.koggepp.de, "
Kolonko & Dammeier,"www.kolonko.de, https://www.kolonko.de, "
Konicek Weber Paus & Kollegen,"www.konicek-weber.de, https://www.konicek-weber.de, "
KONLUS Koehler Neumann Luxem Heuel & Partner,"www.konlus.de, https://www.konlus.de, "
Konrad & Partner,"www.konrad-partners.com, https://www.konrad-partners.com, "
Konrad,"www.konrad-rechtsanwaelte.de, https://www.konrad-rechtsanwaelte.de, "
Kopacz,"www.kopacz-paris.fr, https://www.kopacz-paris.fr, "
Schwarz & Partner,"www.kopas.at, https://www.kopas.at, "
Korch,"www.korchlegal.de, https://www.korchlegal.de, "
Kordt,"www.kordt-law.de, https://www.kordt-law.de, "
Korioth,"www.korioth.de, https://www.korioth.de, "
Korn & Voigt,"www.korn-voigt.de, https://www.korn-voigt.de, "
Korn,"www.korn.roels-harnischmacher-partner.de, https://www.korn.roels-harnischmacher-partner.de, "
Korn Rechtsanwälte,"www.kornlaw.a, https://www.kornlaw.a, "
Kornmeier & Partner,"www.kornmeier.de, https://www.kornmeier.de/, "
Korte & Partner,"www.korte-partner.de, https://www.korte-partner.de, "
Kosch & Partner,"www.kosch-partner.at, https://www.kosch-partner.at, "
Kossmann Leiss & Kollegen,"www.kossmann-leiss.de, https://www.kossmann-leiss.de, "
Kothe,"www.kotheweb.de, https://www.kotheweb.de, "
Kovács Kázmér,"www.kovacskazmer.hu, https://www.kovacskazmer.hu, "
Schmidt-Felzmann & Kozianka,"www.kozianka-law.de, https://www.kozianka-law.de, "
Köllner & Partner,"www.kp-patent.com, https://www.kp-patent.com, "
Kroll & Partner,"www.kp-recht.de, https://www.kp-recht.de, "
Petereit & Armbrüster,"www.kpa.biz, https://www.kpa.biz, "
KPMG Law,"www.kpmg-law.com, https://www.kpmg-law.com, "
Kerschbaum Partner,"www.kpra.at, https://www.kpra.at, "
KPRW Köhler Petri Puvogel Rettemeier Wetral,"www.kprw.de, https://www.kprw.de, "
Kracht + Strohe,"www.kracht-strohe.de, https://www.kracht-strohe.de, "
Krause & Kollegen,"www.kralaw.de, https://www.kralaw.de, "
Kramer Levin Naftalis & Frankel,"www.kramerlevin.com, https://www.kramerlevin.com, "
Kraske Härtel,"www.kraskehaertel.de, https://www.kraskehaertel.de, "
Kraske Melcher,"www.kraskemelcher.de, https://www.kraskemelcher.de, "
Kraus & Weisert,"www.kraus-weisert.de, https://www.kraus-weisert.de, "
Krekeler,"www.krekeler-rae.de, https://www.krekeler-rae.de, "
Kreuzer & Coll.,"www.kreuzer.de, https://www.kreuzer.de, "
Kreuzkamp & Partner,"www.kreuzkamp.com, https://www.kreuzkamp.com, "
Kreye Kreye und Faust,"www.kreye.de, https://www.kreye.de, "
Krieger Mes Graf v. der Groeben,"www.krieger-mes.de, https://www.krieger-mes.de, "
Kritzinger & Co,"www.kritzinger.co.za, https://www.kritzinger.co.za, "
Kaufmann Rüedi,"www.krlaw.ch, https://www.krlaw.ch, "
Krohn,"www.krohnlegal.de, https://www.krohnlegal.de, "
Kromann Reumert,"www.kromannreumert.com, https://www.kromannreumert.com, "
Ruff Wilhelm Beier Dauster & Partner,"www.kronenpat.de, https://www.kronenpat.de, "
Krüger-Knief & Collegen,"www.krueger-knief.de, https://www.krueger-knief.de, "
Kruhl von Strenge,"www.kruhlvonstrenge.de, https://www.kruhlvonstrenge.de, "
Krumland & Jerusalem,"www.krumland-und-jerusalem.de, https://www.krumland-und-jerusalem.de, "
KSB Intax,"www.ksb-intax.de, https://www.ksb-intax.de, "
Kocián Solc Balastík,"www.ksb.cz, https://www.ksb.cz, "
Klein Sander Greve,"www.ksg-lawfirm.com, https://www.ksg-lawfirm.com, "
King & Spalding,"www.kslaw.com, https://www.kslaw.com, "
KSLex,"www.kslex.com, https://www.kslex.com, "
Kohler Schmid Möbus,"www.ksmpatent.de, https://www.ksmpatent.de, "
KSNH Klunker Schmitt-Nilson Hirsch,"www.ksnh.de, https://www.ksnh.de, "
KSP Kanzlei Dr. Seegers Dr. Frankenheim & Partner,"www.ksp.de, https://www.ksp.de, "
Keil & Schaafhausen,"www.kspatent.de, https://www.kspatent.de, "
Kilburn & Strode,"www.ksrtode.co.uk, https://www.ksrtode.co.uk, "
Kümmerlein,"www.ksup.de, https://www.ksup.de, "
König Szynka Tilmann von Renesse,"www.ksvr.net, https://www.ksvr.net, "
Kunz Schima Wallentin,"www.ksw.at, https://www.ksw.at, "
Kronbichler & Tourette,"www.kt-legal.ch, https://www.kt-legal.ch, "
Kaufmann & Thurnher,"www.ktg.at, https://www.ktg.at, "
Kublitz Plache-Schmidbauer Streicher,"www.kublitz.de, https://www.kublitz.de, "
Kubon,"www.kubon-rae.de/, https://www.kubon-rae.de/, "
Kucera,"www.kucera-rechtsanwaelte.de, https://www.kucera-rechtsanwaelte.de, "
Kübler,"www.kueblerlaw.com, https://www.kueblerlaw.com, "
Küng,"www.kueng-law.ch, https://www.kueng-law.ch, "
Kues & Partner,"www.kues-partner.de, https://www.kues-partner.de, "
Küttner,"www.kuettner-rechtsanwaelte.de, https://www.kuettner-rechtsanwaelte.de, "
Kuhbier,"www.kuhbier.com, https://www.kuhbier.com, "
Kuhmann,"www.kuhmann.eu, https://www.kuhmann.eu, "
Kuhn & Kuhn,"www.kuhn-kuhn.de, https://www.kuhn-kuhn.de, "
Kuhnen & Wacker,"www.kuhnen-wacker.de, https://www.kuhnen-wacker.de, "
Kulikowska & Kulikowski,"www.kulikowska.pl, https://www.kulikowska.pl, "
Kullen Müller Zinser,"www.kullen-mueller-zinser.de, https://www.kullen-mueller-zinser.de, "
Kummer & Peter Wassermann,"www.kummer-wassermann.de, https://www.kummer-wassermann.de, "
Kunz,"www.kunzrechtsanwaelte.de, https://www.kunzrechtsanwaelte.de, "
Kuoni,"www.kuonilaw.ch, https://www.kuonilaw.ch, "
Kuss,"www.kuss-law.com, https://www.kuss-law.com, "
Kutscher,"www.kutscher-rechtsanwaelte.eu, https://www.kutscher-rechtsanwaelte.eu, "
Kvale,"www.kvaleco.no, https://www.kvaleco.no, "
Kennedy Van der Laan,"www.kvdl.nl, https://www.kvdl.nl, "
KVLegal,"www.kvlegal.de, https://www.kvlegal.de, "
Küchenmeister & Wiedermann,"www.kw-luebeck.de, https://www.kw-luebeck.de, "
KWAG Ahrens & Gieschen,"www.kwag-recht.de, https://www.kwag-recht.de, "
Krell Weyland Grube,"www.kwg.eu, https://www.kwg.eu, "
Kraft & Winternitz,"www.kwlaw.at, https://www.kwlaw.at, "
KWM Ries Dr. Schnieder Dr. Großbölting Papendorf,"www.kwm-rechtsanwaelte.de, https://www.kwm-rechtsanwaelte.de, "
Kienast Borowiak Hamann Christiansen,"www.kwp-hamburg.de, https://www.kwp-hamburg.de, "
KWR Karasek Wietrzyk,"www.kwr.at, https://www.kwr.at, "
KYB Karataş Yıldız Borovalı,"www.kyblaw.com, https://www.kyblaw.com, "
Kyowa,"www.kyowapatent.co.jp, https://www.kyowapatent.co.jp, "
Labaton Sucharow,"www.labaton.com, https://www.labaton.com, "
LabLaw Failla Rotondi & Partners,"www.lablaw.com, https://www.lablaw.com, "
La Boétie,"www.laboetie-legal.com, https://www.laboetie-legal.com, "
Lachaud Mandeville,"www.lachaud-associes.com, https://www.lachaud-associes.com, "
Lacore,"www.lacore.de, https://www.lacore.de, "
Ladas & Parry,"www.ladas.com, https://www.ladas.com, "
Ladenburger Neifeind Schmücker & Homann,"www.ladenburger.com, https://www.ladenburger.com, "
LADM Liesegang Aymans Decker Mittelstaedt & Partner,"www.ladm.com, https://www.ladm.com, "
Laffineur,"www.laffineur.com, https://www.laffineur.com, "
Laga,"www.laga.be, https://www.laga.be, "
La Gro,"www.lagrolaw.nl, https://www.lagrolaw.nl, "
Lengyel,"www.lalegal.hu, https://www.lalegal.hu, "
Lalive,"www.lalive.ch, https://www.lalive.ch, "
Lambert,"www.lambert-law.at, https://www.lambert-law.at, "
Lampe & Rödiger,"www.lampe-und-roediger.de, https://www.lampe-und-roediger.de, "
Lamy & Associés,"www.lamy-associes.com, https://www.lamy-associes.com, "
Landgraf Schneider,"www.landgraf-schneider.de, https://www.landgraf-schneider.de, "
Landwell,"www.landwellglobal.com, https://www.landwellglobal.com, "
Lang & Rahmann,"www.lang-rahmann.de, https://www.lang-rahmann.de, "
Lang Schwarz & Kollegen,"www.lang-schwarz.de, https://www.lang-schwarz.de, "
Lange & Partner,"www.lange-baurecht.de, https://www.lange-baurecht.de, "
Lange Brunner,"www.lange-brunner.de, https://www.lange-brunner.de, "
Lansky Ganzger + Partner,"www.lansky.at, https://www.lansky.at, "
Laracy & Co.,"www.laracyco.com, https://www.laracyco.com, "
Laskos,"www.laskos-stoppelkamp.de, https://www.laskos-stoppelkamp.de, "
Lattenmayer Luks & Enzinger,"www.lattenmayer-law.at, https://www.lattenmayer-law.at, "
LaubeSchmidt,"www.laubeschmidt.com, https://www.laubeschmidt.com, "
Heinichen Laudien von Nottbeck,"www.laudienlaw.com, https://www.laudienlaw.com, "
Lauenroth & Strätz,"www.lauenroth-straetz.de, https://www.lauenroth-straetz.de, "
Lauprecht,"www.lauprecht-kiel.de, https://www.lauprecht-kiel.de, "
Lausen,"www.lausen.com, https://www.lausen.com, "
Lautenbach,"www.lautenbach-iv.de, https://www.lautenbach-iv.de, "
Bungenstab Lavinicki,"www.lavinicki.com.br, https://www.lavinicki.com.br, "
AHS Group,"www.law-by-ahs.com, https://www.law-by-ahs.com/, "
CMS Cameron McKenna,"www.law-now.com, https://www.law-now.com, "
Laon,"www.law-online.be, https://www.law-online.be, "
Wendler Tremml,"www.law-wt.de, https://www.law-wt.de/, "
Loibl,"www.law.co.at, https://www.law.co.at, "
Herzog und Kollegen,"www.lawfirm.de, https://www.lawfirm.de, "
Lawfirm,"www.lawfirm.eu, https://www.lawfirm.eu, "
Lawford Davies Denoon,"www.lawforddaviesdenoon.com, https://www.lawforddaviesdenoon.com, "
Lawin,"www.lawin.ee, https://www.lawin.ee, "
Maaßen,"www.lawmas.de, https://www.lawmas.de, "
Hardtke Svensson & Partner,"www.lawnet.de, https://www.lawnet.de, "
Pollzien Martens & Partner,"www.lawoffice-munich.de, https://www.lawoffice-munich.de, "
Schulte Prof. Schönrath & Schmid,"www.lawplus.de, https://www.lawplus.de, "
Hamburger Weinschenk & Fisher,"www.lawyers.com/domeju, https://www.lawyers.com/domeju, "
Babić & Partners,"www.lawyersandfriends.com, https://www.lawyersandfriends.com, "
Laytons,"www.laytons.com, https://www.laytons.com, "
Lino Beraldi Bueno e Belluzzo,"www.lbba.com.br, https://www.lbba.com.br, "
LBC Helfrich Rechtsanwälte,"www.lbc-muc.de, https://www.lbc-muc.de, "
LCR Linke Christoph,"www.lcr-legal.com, https://www.lcr-legal.com, "
Lehner Dänekamp & Mayer,"www.ldm-law.de, https://www.ldm-law.de, "
Leathes Prior,"www.leathesprior.co.uk, https://www.leathesprior.co.uk, "
Lebuhn & Puchta,"www.lebuhn.de, https://www.lebuhn.de, "
LeClairRyan,"www.leclairryan.com, https://www.leclairryan.com, "
Lecon,"www.lecon-partner.de, https://www.lecon-partner.de, "
LECP Dietrich & Partner,"www.lecp.eu, https://www.lecp.eu, "
Laude Esquier Champey,"www.lecspartners.com, https://www.lecspartners.com, "
Lederer & Keller,"www.lederer-keller.de, https://www.lederer-keller.de, "
Lederer & Partner,"www.lederer-rechtsanwaelte.de, https://www.lederer-rechtsanwaelte.de, "
Ledschbor & Erdrich,"www.ledschbor-erdrich.de, https://www.ledschbor-erdrich.de, "
Lee & Ko,"www.leeko.com, https://www.leeko.com, "
Lee Mock & Partners,"www.leemock.com, https://www.leemock.com, "
Meyer-Dulheuer & Partner,"www.legal-patent.com, https://www.legal-patent.com, "
Grünbaum Lachner Gruner Spamer & Kreitz,"www.legal-solutions.de, https://www.legal-solutions.de, "
Grünbaum Lachner Gruner Spamer & Kreitz Rechtsanwälte,"www.legal-solutions.de, https://www.legal-solutions.de, "
Legance,"www.legance.it, https://www.legance.it, "
Lenzing Gerber,"www.lege.de, https://www.lege.de, "
Legis,"www.legis-law.ch, https://www.legis-law.ch, "
Leibner,"www.leibner.de, https://www.leibner.de, "
Leimbach,"www.leimbachrechtsanwaelte.de, https://www.leimbachrechtsanwaelte.de, "
Leinemann & Partner,"www.leinemann-partner.de, https://www.leinemann-partner.de, "
Leinen & Derichs,"www.leinen-derichs.de, https://www.leinen-derichs.de, "
Leinenbach,"www.leinenbach-rechtsanwaelte.de, https://www.leinenbach-rechtsanwaelte.de, "
Leinweber & Partner,"www.leinweber-partner.de, https://www.leinweber-partner.de, "
Leinweber & Zimmermann,"www.leinweber-zimmermann.com, https://www.leinweber-zimmermann.com, "
Leisner,"www.leisnernet.com, https://www.leisnernet.com, "
Leitner & Partner,"www.leitner-partner.de, https://www.leitner-partner.de, "
LeitnerLeitner,"www.leitnerleitner.com, https://www.leitnerleitner.com, "
Lener,"www.lener.es, https://www.lener.es, "
Lehmann Neunhoeffer Sigel Schäfer,"www.lenesis.com, https://www.lenesis.com, "
Lenßen & Partner,"www.lenssenundpartner.de, https://www.lenssenundpartner.de, "
Lentfort & Partner,"www.lentfort.de, https://www.lentfort.de, "
Lentze Stopper,"www.lentzestopper.eu, https://www.lentzestopper.eu, "
Lenz und Johlen,"www.lenz-johlen.de, https://www.lenz-johlen.de, "
Lenze,"www.lenze-kr.de, https://www.lenze-kr.de, "
Lenz & Staehelin,"www.lenzstaehelin.com, https://www.lenzstaehelin.com, "
Witting Contzen Degenhardt,"www.leokanzlei.de, https://www.leokanzlei.de, "
Leonhardt,"www.leonhardt-rechtsanwaelte.de, https://www.leonhardt-rechtsanwaelte.de, "
Lessiak & Partner,"www.lessiak.at, https://www.lessiak.at, "
Lett,"www.lett.dk, https://www.lett.dk, "
Levett Rockwood,"www.levettrockwood.com, https://www.levettrockwood.com, "
Levy & Salomão,"www.levysalomao.com.br, https://www.levysalomao.com.br, "
Lewis Silkin,"www.lewissilkin.com, https://www.lewissilkin.com, "
Lex Legis,"www.lex-legis.com, https://www.lex-legis.com, "
Remmen,"www.lex-remmen.de, https://www.lex-remmen.de, "
Lex,"www.lex.is, https://www.lex.is, "
LexTM,"www.lex.tm, https://www.lex.tm, "
Engels & Aßhoff,"www.lexea.de, https://www.lexea.de, "
Lexpert Dr. Bauer & Partner,"www.lexpert.de, https://www.lexpert.de, "
Benedetti,"www.lexpoint.it, https://www.lexpoint.it, "
Lextal,"www.lextal.ee, https://www.lextal.ee, "
Lexton,"www.lexton.de, https://www.lexton.de, "
Leydig Voit & Mayer,"www.leydig.com, https://www.leydig.com, "
Leysters,"www.leystersabogados.com, https://www.leystersabogados.com, "
LFL Rechtsanwälte,"www.lf-law.de, https://www.lf-law.de, "
Lott & Friedland,"www.lfiplaw.com, https://www.lfiplaw.com, "
Lichtenberger & Partner,"www.lichtenberger-partner.at, https://www.lichtenberger-partner.at, "
Lichti + Partner,"www.lichti-patent.de, https://www.lichti-patent.de, "
Lidings,"www.lidings.com, https://www.lidings.com, "
Lieb,"www.lieb-online.com, https://www.lieb-online.com, "
Liedekerke Wolters Waelbroeck Kirkpatrick,"www.liedekerke.com, https://www.liedekerke.com, "
Lieres Brachmann Schulze,"www.lieres-patent.com, https://www.lieres-patent.com, "
Liermann Castell,"www.liermann-castell.de, https://www.liermann-castell.de, "
Lieser,"www.lieser-rechtsanwaelte.de, https://www.lieser-rechtsanwaelte.de, "
Lichtsteiner,"www.lilaw.ch, https://www.lilaw.ch, "
Lill,"www.lill-rae.de, https://www.lill-rae.de, "
Limbo,"www.limbo.com, https://www.limbo.com, "
Lina & Guia,"www.lina-guia.com, https://www.lina-guia.com, "
Lindahl,"www.lindahl.se, https://www.lindahl.se, "
Lindemann Dr. Rist & Partner,"www.lindemannpartner.de, https://www.lindemannpartner.de, "
Lindenau Prior & Partner,"www.lindenau-prior.de, https://www.lindenau-prior.de, "
Lindenpartners,"www.lindenpartners.eu, https://www.lindenpartners.eu, "
Linderhaus Stabreit Langen,"www.linderhaus.de, https://www.linderhaus.de, "
Lindholm Wallgren,"www.lindholmwallgren.com, https://www.lindholmwallgren.com, "
Linklaters,"www.linklaters.com, https://www.linklaters.com, "
Link,"www.linklaw.be, https://www.linklaw.be, "
Linten & Partner,"www.linten.de, https://www.linten.de, "
Woods,"www.litigationboutique.com, https://www.litigationboutique.com, "
Ley Jesch Racky,"www.ljrr.de, https://www.ljrr.de, "
Lévy Kaufmann-Kohler,"www.lk-k.com, https://www.lk-k.com, "
LKC Kemper Czarske v. Gronau Berz,"www.lkc.de, https://www.lkc.de, "
Lichtenstein Körner und Partner,"www.lkpa.de, https://www.lkpa.de, "
LK Shields Solicitors,"www.lkshields.ie, https://www.lkshields.ie, "
LeBoeuf Lamb Green & MacRae,"www.llgm.com, https://www.llgm.com/, "
LLR Legerlotz Laschet,"www.llr.de, https://www.llr.de, "
Laakso Lukander & Ruohola,"www.llr.fi, https://www.llr.fi, "
Lungerich Lenz Schuhmacher,"www.lls-law.de, https://www.lls-law.de, "
Löhde Leo Schmidt-Hollburg & Witte,"www.llsw.de, https://www.llsw.de, "
Lapidot Melchior Abramovich & Co.,"www.lma-law.com, https://www.lma-law.com, "
Lorenz-Meyer & Scheer,"www.lmjs.de, https://www.lmjs.de, "
LMR Attorneys,"www.lmr.fi, https://www.lmr.fi, "
LMR Lindemann Mentzel,"www.lmrlaw.de, https://www.lmrlaw.de, "
Labruna Mazziotti Segni,"www.lmslex.com, https://www.lmslex.com, "
Lobo & de Rizzo,"www.loboderizzo.com.br, https://www.loboderizzo.com.br, "
Locke Lord Bissell & Liddell,"www.lockelord.com, https://www.lockelord.com, "
Lockharts Solicitors,"www.lockharts.co.uk, https://www.lockharts.co.uk, "
Loeb & Loeb,"www.loeb.com, https://www.loeb.com, "
Loeschner Porthun,"www.loeschnerporthun.com, https://www.loeschnerporthun.com, "
Logos,"www.logos.is, https://www.logos.is, "
Loh,"www.loh.de, https://www.loh.de, "
Lohberger & Leipold,"www.lohberger-leipold.de, https://www.lohberger-leipold.de, "
Lohner Fischer Christ,"www.lohner-fischer.de, https://www.lohner-fischer.de, "
Lohrmann Riehle Lätsch Durach & Kollegen,"www.lohrmann-koll.de, https://www.lohrmann-koll.de, "
López Giménez Torres,"www.lopezgimeneztorres.com, https://www.lopezgimeneztorres.com, "
Lorenz,"www.lorenz-law.com, https://www.lorenz-law.com, "
Lorenz & Partners,"www.lorenz.co.th, https://www.lorenz.co.th, "
Lorenz Rechtsanwälte,"www.lorenzrechtsanwaelte.de, https://www.lorenzrechtsanwaelte.de, "
Loschelder,"www.loschelder.net, https://www.loschelder.net, "
Lotz & Partner,"www.lotz-partner.de, https://www.lotz-partner.de, "
Loyens & Loeff,"www.loyensloeff.com, https://www.loyensloeff.com, "
Lüthje & Pietrzik,"www.lp-ra.de, https://www.lp-ra.de, "
Leist & Piwarz,"www.lp-rechtsanwaelte.de, https://www.lp-rechtsanwaelte.de, "
Lefèvre Pelletier & associés,"www.lpalaw.com, https://www.lpalaw.com, "
LPLG Avocats,"www.lplg-avocats.fr, https://www.lplg-avocats.fr, "
Loth & Spuhler,"www.ls-ip.com, https://www.ls-ip.com, "
Lorenz Seidler Gossel,"www.lsg-law.de, https://www.lsg-law.de, "
LS Lexjus Sinacta,"www.lslex.com, https://www.lslex.com, "
Lindemann Schwennicke & Partner,"www.lspartner.de, https://www.lspartner.de, "
LSV Rechtsanwälte,"www.lsv-legal.com, https://www.lsv-legal.com, "
Lessing Trebing Bert,"www.ltb-anwaelte.de, https://www.ltb-anwaelte.de, "
LTS Rechtsanwälte Wirtschaftsprüfer Steuerberater,"www.lts-rechtsanwaelte.de, https://www.lts-rechtsanwaelte.de, "
Leonhard Thierfelder Wessels,"www.ltw-recht.de, https://www.ltw-recht.de, "
Luderschmidt Schüler & Partner,"www.luderschmidt.de, https://www.luderschmidt.de, "
Ludwig & Robinson,"www.ludwigrobinson.com, https://www.ludwigrobinson.com, "
Lüders Warneboldt Gutmann,"www.lueders-warneboldt-gutmann.de, https://www.lueders-warneboldt-gutmann.de, "
Lützeler Klümper Wachenhausen,"www.luetzeler.eu, https://www.luetzeler.eu, "
Lughofer,"www.lughofer.com, https://www.lughofer.com, "
Luppe + Rothe,"www.luppe-rothe.de, https://www.luppe-rothe.de, "
Luther,"www.luther-lawfirm.de, https://www.luther-lawfirm.de, "
Lutze Haukes,"www.lutze-haukes.de, https://www.lutze-haukes.de, "
LVP Law,"www.lvplaw.be, https://www.lvplaw.be, "
Latham & Watkins,"www.lw.com, https://www.lw.com, "
Ludwig Wollweber Bansch,"www.lwb-online.de, https://www.lwb-online.de, "
Lachner Graf von Westphalen Spamer,"www.lws-law.com, https://www.lws-law.com, "
Ludwig Wöhren Schewtschenko,"www.lws-rechtsanwaelte.de, https://www.lws-rechtsanwaelte.de, "
Lydian,"www.lydian.be, https://www.lydian.be, "
MSW Rechtsanwälte,"www.m-s-w.at, https://www.m-s-w.at, "
Möller Partner,"www.m-u-p.info, https://www.m-u-p.info, "
Maalouf Ashford & Talbot,"www.maalouf.us, https://www.maalouf.us, "
Maas,"www.maas-anwaelte.de, https://www.maas-anwaelte.de, "
Maat,"www.maat-rechtsanwaelte.de, https://www.maat-rechtsanwaelte.de, "
Macchi Di Cellere Gangemi,"www.macchi-gangemi.com, https://www.macchi-gangemi.com, "
Macchion Resoli & Associati,"www.macchionresoli.it, https://www.macchionresoli.it, "
Macfarlanes,"www.macfarlanes.com, https://www.macfarlanes.com, "
Machunsky,"www.machunsky.com, https://www.machunsky.com, "
Magisters,"www.magisters.com, https://www.magisters.com, "
Magnusson,"www.magnussonlaw.com, https://www.magnussonlaw.com, "
Mahler,"www.mahlerlaw.at, https://www.mahlerlaw.at, "
Maier Woelfert,"www.maierwoelfert.de, https://www.maierwoelfert.de, "
Maikowski & Ninnemann,"www.maikowski-ninnemann.com, https://www.maikowski-ninnemann.com, "
Mainfort,"www.mainfort.eu, https://www.mainfort.eu, "
Van Steenderen MainportLawyers,"www.mainportlawyers.com, https://www.mainportlawyers.com, "
Maisto e Associati,"www.maisto.it, https://www.maisto.it, "
Maitland Chambers,"www.maitlandchambers.com, https://www.maitlandchambers.com, "
Maitland & Co.,"www.maitlandgroup.com, https://www.maitlandgroup.com, "
Maiwald,"www.maiwald.de, https://www.maiwald.de, "
Makiol & Kollegen,"www.makiolundkollegen.de, https://www.makiolundkollegen.de, "
Mallesons Stephen Jaques,"www.mallesons.com, https://www.mallesons.com, "
Malmendier Partners,"www.malmendier-partners.com, https://www.malmendier-partners.com, "
Manches,"www.manches.com, https://www.manches.com, "
Mandel Mergui,"www.mandel-mergui.org, https://www.mandel-mergui.org, "
Mannheimer Swartling,"www.mannheimerswartling.se/en, https://www.mannheimerswartling.se/en, "
Mansholt & Lodzik Klimaschewski Raane Cornelius,"www.mansholt-lodzik.de, https://www.mansholt-lodzik.de, "
Manske & Partner,"www.manske-partner.de, https://www.manske-partner.de, "
ManuLaw,"www.manulaw.de, https://www.manulaw.de, "
Maples and Calder,"www.maplesandcalder.com, https://www.maplesandcalder.com, "
MAQS Law Firm,"www.maqs.com, https://www.maqs.com, "
Marccus Partners,"www.marccuspartners.com, https://www.marccuspartners.com, "
Grobys,"www.marcelgrobys.com, https://www.marcelgrobys.com, "
Marcon & Rubens,"www.marcon-rubens.com, https://www.marcon-rubens.com, "
Mareş Danilescu & Asociații,"www.mares.ro, https://www.mares.ro, "
Mariacher,"www.mariacher.de, https://www.mariacher.de, "
Mariscal & Asociados,"www.mariscal-abogados.com, https://www.mariscal-abogados.com, "
Al Markaz,"www.markazlaw.com, https://www.markazlaw.com, "
Schweiger & Partner,"www.marken-patente.de, https://www.marken-patente.de, "
Maucher Börjes Jenkins,"www.markenpatent.de, https://www.markenpatent.de, "
Marques Mendes & Associados,"www.marquesmendes.pt, https://www.marquesmendes.pt, "
Marsh,"www.marsh.de, https://www.marsh.de, "
Martens & Collegen,"www.martens-collegen.de, https://www.martens-collegen.de, "
Martens,"www.martens-lawyers.de, https://www.martens-lawyers.de, "
Martini Mogg Vogt,"www.martinimoggvogt.de, https://www.martinimoggvogt.de, "
Franken Grillo Steinweg,"www.martinsplatz.de, https://www.martinsplatz.de, "
Marval O'Farrell & Mairal,"www.marval.com.ar, https://www.marval.com.ar, "
Marx,"www.marx.de, https://www.marx.de, "
Marxman,"www.marxman.nl, https://www.marxman.nl, "
Maslaton & Kollegen,"www.maslaton.de, https://www.maslaton.de, "
Matschnig & Forsthuber,"www.matschnig-patent.at, https://www.matschnig-patent.at, "
Matthes & Porath,"www.matthes-porath.de, https://www.matthes-porath.de, "
Mattil & Kollegen,"www.mattil.de, https://www.mattil.de, "
Mattos Filho Veiga Filho Marrey Jr e Quiroga,"www.mattosfilho.com.br, https://www.mattosfilho.com.br, "
M&P Dr. Matzen & Partner,"www.matzen-partner.de, https://www.matzen-partner.de, "
Mauer & Partner,"www.mauer-partner.de, https://www.mauer-partner.de, "
Maurer & Kollegen,"www.maurer-kollegen.de, https://www.maurer-kollegen.de, "
Mauser Schanze,"www.mauser-schanze.de, https://www.mauser-schanze.de, "
Maxl,"www.maxl.at, https://www.maxl.at, "
Maye & Hess,"www.maye-hess.de, https://www.maye-hess.de, "
Mayer Brown,"www.mayerbrown.com, https://www.mayerbrown.com, "
Mayer Kambli Steger Schlauch,"www.mayermunich.de, https://www.mayermunich.de, "
Mayora & Mayora,"www.mayora-mayora.com, https://www.mayora-mayora.com, "
Mayrhofer & Partner,"www.mayrhofer-partner.de, https://www.mayrhofer-partner.de, "
Mayr,"www.mayrrecht.de, https://www.mayrrecht.de, "
Mazanti-Andersen Korsø Jensen & Partners,"www.mazanti.com, https://www.mazanti.com, "
Mazars Hemmelrath,"www.mazars.de, https://www.mazars.de, "
MB Rechtsanwälte,"www.mb-legal.de/index.html, https://www.mb-legal.de/index.html, "
McDonnell Boehnen Hulbert & Berghoff,"www.mbhb.com, https://www.mbhb.com, "
Matera Bonaccorsi Hein & Partner,"www.mblegale.it, https://www.mblegale.it, "
MBL & Partners,"www.mblpartners.it, https://www.mblpartners.it, "
Meissner Bolte & Partner,"www.mbp.de, https://www.mbp.de, "
Münchow Commandeur + Partner,"www.mc-partner.de, https://www.mc-partner.de, "
McCann FitzGerald,"www.mccannfitzgerald.ie, https://www.mccannfitzgerald.ie, "
McCarthy Tétrault,"www.mccarthy.ca, https://www.mccarthy.ca, "
McGlinchey Stafford,"www.mcglinchey.com, https://www.mcglinchey.com, "
McGrigors,"www.mcgrigors.com, https://www.mcgrigors.com, "
McGuireWoods,"www.mcguirewoods.com, https://www.mcguirewoods.com, "
McKenna Long & Aldridge,"www.mckennalong.com, https://www.mckennalong.com, "
McKenzie Lake,"www.mckenzielake.com, https://www.mckenzielake.com, "
McKool Smith,"www.mckoolsmith.com, https://www.mckoolsmith.com, "
McMillan,"www.mcmillan.ca, https://www.mcmillan.ca, "
McCulloch & Wiedenmann,"www.mcwh.de, https://www.mcwh.de, "
MD Rechtsanwälte,"www.md-ra.de, https://www.md-ra.de, "
MDS Möhrle & Partner,"www.mds-moehrle.de, https://www.mds-moehrle.de, "
Reich,"www.media-law.net, https://www.media-law.net, "
Müller-Römer Jahn & Zimmermann,"www.medienrechtsanwaelte.de, https://www.medienrechtsanwaelte.de, "
Schürmann Wolschendorf Dreyer,"www.medienundmarken.de, https://www.medienundmarken.de, "
Halbe,"www.medizin-recht.com, https://www.medizin-recht.com, "
Lyck & Pätzold,"www.medizinanwaelte.de, https://www.medizinanwaelte.de, "
Stulle Pöll Wagner,"www.mehr-gerechtigkeit.de, https://www.mehr-gerechtigkeit.de, "
Meidert & Kollegen,"www.meidert-kollegen.de/, https://www.meidert-kollegen.de/, "
Meilicke Hoffmann & Partner,"www.meilicke-hoffmann.de, https://www.meilicke-hoffmann.de, "
Meincke Bienmüller,"www.meincke-bienmueller.de, https://www.meincke-bienmueller.de, "
Meinecke & Meinecke,"www.meinecke.com, https://www.meinecke.com/, "
Meissner Reemtsma und Partner,"www.meissner-reemtsma.de, https://www.meissner-reemtsma.de, "
Meisterernst,"www.meisterernst.com, https://www.meisterernst.com, "
Meisterernst Düsing Manstetten,"www.meisterernst.de, https://www.meisterernst.de, "
Meister Rechtsanwälte,"www.meisterlaw.de, https://www.meisterlaw.de, "
Meitar Liquornik Geva & Leshem Brandwein,"www.meitar.com, https://www.meitar.com, "
MEK,"www.mek-law.de, https://www.mek-law.de, "
Melchers,"www.melchers-law.de, https://www.melchers-law.de, "
Memery Crystal,"www.memerycrystal.com, https://www.memerycrystal.com, "
Meurer Mohr & Partner,"www.memo-law.com, https://www.memo-law.com, "
Marre en Dijxhoorn,"www.mend.nl, https://www.mend.nl, "
Menge Noack,"www.menge-noack.de, https://www.menge-noack.de, "
Menold Bezler,"www.menoldbezler.de, https://www.menoldbezler.de, "
Menz & Partner,"www.menzundpartner.de, https://www.menzundpartner.de, "
Merget + Partner,"www.merget-und-partner.de, https://www.merget-und-partner.de, "
MERH-IP Matias Erny Reichl Hoffmann,"www.merh-ip.com, https://www.merh-ip.com, "
Merilampi,"www.merilampi.com, https://www.merilampi.com, "
Merk Schlarb & Partner,"www.merk-schlarb-partner.de, https://www.merk-schlarb-partner.de, "
Merrem,"www.merrem-wirtschaftsrecht.de, https://www.merrem-wirtschaftsrecht.de, "
Messerschmidt Dr. Niedermeier & Kollegen,"www.messerschmidt-kollegen.de, https://www.messerschmidt-kollegen.de, "
Messios,"www.messios.com, https://www.messios.com, "
Mestre,"www.mestreabogados.com, https://www.mestreabogados.com, "
Metis,"www.metis-law.de, https://www.metis-law.de, "
Mettenheim Gronstedt Meyding,"www.mettenheims.com, https://www.mettenheims.com, "
Metz & Co.,"www.metz.ch, https://www.metz.ch, "
Metzger & Kollegen,"www.metzgerundkollegen.de, https://www.metzgerundkollegen.de, "
Metzeler von der Fecht,"www.mevbe.de, https://www.mevbe.de, "
Meyer Arbeitsrecht,"www.meyer-arbeitsrecht.de, https://www.meyer-arbeitsrecht.de, "
Meyer-Höke,"www.meyer-hoeke.net, https://www.meyer-hoeke.net, "
Meyer-Köring,"www.meyer-koering.de, https://www.meyer-koering.de, "
Meyer-Lohkamp & Pragal,"www.meyer-lohkamp.de, https://www.meyer-lohkamp.de, "
Meyer Rechtsanwälte Insolvenzverwalter,"www.meyer-rechtsanwaelte.com, https://www.meyer-rechtsanwaelte.com, "
Meyerhuber,"www.meyerhuber.de, https://www.meyerhuber.de, "
Meyer Rechtsanwälte,"www.meyerlegal.de, https://www.meyerlegal.de, "
Meyersrenken & Rheingantz,"www.meyersrenken-rheingantz.de, https://www.meyersrenken-rheingantz.de, "
Molitor,"www.mfa.lu, https://www.mfa.lu, "
MFG Meyer-Wildhagen Meggle-Freund Gerhard,"www.mfg-ip.de, https://www.mfg-ip.de, "
MGB Law Offices,"www.mgb-law.com, https://www.mgb-law.com, "
MGG Legal,"www.mgglegal.com, https://www.mgglegal.com, "
MGR Rechtsanwälte,"www.mgr-law.com, https://www.mgr-law.com, "
Meinhardt Gieseler & Partner,"www.mgup-kanzlei.de, https://www.mgup-kanzlei.de, "
Müller-Gerbes Wagner Albiger,"www.mgw-pat.de, https://www.mgw-pat.de, "
MH Rechtsanwälte,"www.mh-kanzlei.de, https://www.mh-kanzlei.de, "
Müller Hoffmann & Partner,"www.mh-patent.de, https://www.mh-patent.de, "
MHBK Müller-Heydenreich Beutler & Kollegen,"www.mhbk.de, https://www.mhbk.de/, "
Mason Hayes + Curran,"www.mhc.ie, https://www.mhc.ie, "
Menaker & Herrmann,"www.mhjur.com, https://www.mhjur.com, "
Mori Hamada & Matsumoto,"www.mhmjapan.com, https://www.mhmjapan.com, "
Michalski Hüttermann & Partner,"www.mhpatent.de, https://www.mhpatent.de, "
Müller-Horn Püschel & Luther,"www.mhpl.de, https://www.mhpl.de, "
Hu & Partners,"www.mhplawyer.com, https://www.mhplawyer.com, "
Michel,"www.michel-llp.de, https://www.michel-llp.de, "
Michelmores,"www.michelmores.com, https://www.michelmores.com, "
Michels,"www.michels-inso.de, https://www.michels-inso.de, "
Neto,"www.miguelneto.com.br, https://www.miguelneto.com.br, "
Milbank Tweed Hadley & McCloy,"www.milbank.com, https://www.milbank.com, "
Miller Rechtsanwälte,"www.miller-rechtsanwaelte.de, https://www.miller-rechtsanwaelte.de, "
Miller Canfield Paddock,"www.millercanfield.com, https://www.millercanfield.com, "
Mills & Reeve,"www.mills-reeve.com, https://www.mills-reeve.com, "
Minihold,"www.minihold.com, https://www.minihold.com, "
Minoggio,"www.minoggio.de, https://www.minoggio.de, "
Mintz Levin Cohn Ferris Glovsky and Popeo,"www.mintz.com, https://www.mintz.com, "
Mishcon de Reya,"www.mishcon.com, https://www.mishcon.com, "
Mitscherlich & Partner,"www.mitscherlich-partner.de, https://www.mitscherlich-partner.de, "
Mitschke,"www.mitschke-info.de, https://www.mitschke-info.de, "
Mittelstein & Partner,"www.mittelstein.de, https://www.mittelstein.de, "
Mütze Korsch,"www.mkrg.com, https://www.mkrg.com, "
Müller Kornblum Teichmann Fleck,"www.mkt-anwaelte.de, https://www.mkt-anwaelte.de, "
MLawGroup,"www.mlawgroup.de, https://www.mlawgroup.de, "
Čakmakova,"www.mlca.com.mk, https://www.mlca.com.mk, "
Morais Leitão Galvão Teles Soares da Silva & Associados,"www.mlgts.pt, https://www.mlgts.pt, "
Meyerlustenberger Lachenal,"www.mll-legal.com, https://www.mll-legal.com, "
MLS Legal,"www.mls-law.de, https://www.mls-law.de, "
MLT Tarabochia,"www.mlt-law.de, https://www.mlt-law.de, "
Melzer Merzel & Partner,"www.mm-rae.de, https://www.mm-rae.de, "
Monereo Meyer & Marinel-lo,"www.mmmm.es, https://www.mmmm.es, "
Momo-o Matsuo & Namba,"www.mmn-law.gr.jp, https://www.mmn-law.gr.jp, "
MMR Müller Müller Rößner,"www.mmr-law.net, https://www.mmr-law.net, "
Maclay Murray & Spens,"www.mms.co.uk, https://www.mms.co.uk, "
Machado Meyer Sendacz e Opice,"www.mmso.com.br, https://www.mmso.com.br, "
Montgomery McCracken Walker & Rhoads,"www.mmwr.com, https://www.mmwr.com, "
Morris Nichols Arsht & Tunnell,"www.mnat.com, https://www.mnat.com, "
Noble & Scheidecker,"www.mnks.com, https://www.mnks.com, "
MüllerNöthen,"www.mnph.de, https://www.mnph.de, "
MNT,"www.mnt-anwaelte.de, https://www.mnt-anwaelte.de, "
Mock,"www.mock-rechtsanwaelte.de, https://www.mock-rechtsanwaelte.de, "
Modiano & Partners,"www.modiano.com, https://www.modiano.com, "
Möller Dr. Post Dr. Fenger & Kollegen,"www.moeller-post-fenger.de, https://www.moeller-post-fenger.de, "
Mönig und Partner,"www.moenigundpartner.de, https://www.moenigundpartner.de, "
Mönning & Georg,"www.moenning-georg.de, https://www.moenning-georg.de, "
Mönning & Partner,"www.moenningpartner.de, https://www.moenningpartner.de, "
Mössner und Partner,"www.moessner.de, https://www.moessner.de, "
Morrison & Foerster,"www.mofo.com, https://www.mofo.com, "
Mohren & Partner,"www.mohren-partner.de, https://www.mohren-partner.de, "
Mohr,"www.mohrpartner.de, https://www.mohrpartner.de, "
Molesworths Bright Clegg,"www.molesworths.com, https://www.molesworths.com, "
Molina & Compañía Abogados,"www.molinayco.com, https://www.molinayco.com, "
Monckton Chambers,"www.monckton.com, https://www.monckton.com, "
Mondini Rusconi,"www.mondinirusconi.it, https://www.mondinirusconi.it, "
monlaw Leuthner,"www.monlaw.at, https://www.monlaw.at, "
Moog,"www.moogpartner.de, https://www.moogpartner.de, "
Matheson Ormsby Prentice,"www.mop.ie, https://www.mop.ie, "
Morgan Lewis & Bockius,"www.morganlewis.com, https://www.morganlewis.com, "
Moroğlu Arseven,"www.morogluarseven.av.tr, https://www.morogluarseven.av.tr, "
Mosebach & Partner,"www.mosebach-partner.de, https://www.mosebach-partner.de, "
Moser Bezzenberger,"www.moserbezzenberger.de, https://www.moserbezzenberger.de, "
Moses & Singer,"www.mosessinger.com, https://www.mosessinger.com, "
Mosler & Partner,"www.mosler-partner.com, https://www.mosler-partner.com, "
Mourant Ozannes,"www.mourantozannes.com, https://www.mourantozannes.com, "
Mourgelas & Associates,"www.mourgelas.gr, https://www.mourgelas.gr, "
M Partners,"www.mpartners.lu, https://www.mpartners.lu, "
Kudlek & Grunert,"www.mpatent.eu, https://www.mpatent.eu, "
MPK Michaelis Pfeifer König,"www.mpk-law.com, https://www.mpk-law.com, "
Meyer-Postelt & Schmidt-Hofmann,"www.mpsh-anwaelte.de, https://www.mpsh-anwaelte.de, "
Menzel Rosskopf Heydel + Partner,"www.mrh-p.de, https://www.mrh-p.de, "
Bernzen Sonntag,"www.msbh.de, https://www.msbh.de, "
Markiewicz & Sroczyński,"www.mslegal.com.pl, https://www.mslegal.com.pl, "
Mathys Schmid Partner,"www.msp-law.ch, https://www.msp-law.ch, "
Myung-Shin & Partners,"www.mspat.co.kr, https://www.mspat.co.kr, "
Mason Sier Turnbull,"www.mst.com.au, https://www.mst.com.au, "
Möller Theobald Jung Zenger,"www.mtjz.de, https://www.mtjz.de, "
Munger Tolles & Olson,"www.mto.com, https://www.mto.com, "
Mohns Tintelnot Pruggmayer Vennemann,"www.mtpv.de, https://www.mtpv.de, "
Meiski Dörper Wied,"www.mtw-rs.de/, https://www.mtw-rs.de/, "
Hirtz & Kölbel,"www.muehle-hirtz-koelbel.de, https://www.muehle-hirtz-koelbel.de, "
Müller-Boré & Partner,"www.mueller-bore.de, https://www.mueller-bore.de, "
Müller Gick Krieger und Partner,"www.mueller-gick-krieger.de, https://www.mueller-gick-krieger.de, "
Müller-Heidelberg & Partner,"www.mueller-heidelberg.de, https://www.mueller-heidelberg.de, "
Müller-Hof Rechtsanwälte,"www.mueller-hof.de, https://www.mueller-hof.de, "
Müller Radack,"www.mueller-radack.com, https://www.mueller-radack.com, "
Mueller-Stöfen,"www.mueller-stoefen.com, https://www.mueller-stoefen.com, "
Hoffstadt Graf Schönborn Skusa,"www.muenchen-rechtsanwaelte.com, https://www.muenchen-rechtsanwaelte.com, "
Münzel & Böhm,"www.muenzel-boehm.de, https://www.muenzel-boehm.de, "
Muheim & Merz,"www.muheim-merz.ch, https://www.muheim-merz.ch, "
Mundie,"www.mundie.net.br, https://www.mundie.net.br, "
Munz Rechtsanwälte,"www.munz-anwaelte.de, https://www.munz-anwaelte.de, "
Mușat & Asociatii,"www.musat.ro, https://www.musat.ro, "
Mushkin,"www.mushkinlaw.com, https://www.mushkinlaw.com, "
Muth & Partner,"www.muth-partner.de, https://www.muth-partner.de, "
Moore & van Allen,"www.mvalaw.com, https://www.mvalaw.com, "
Mäger von Bernuth,"www.mvb-law.de, https://www.mvb-law.de, "
Marx Van Ranst Vermeersch & Partners,"www.mvvp.be, https://www.mvvp.be, "
Moalem Weitemeyer Bendtsen,"www.mwblaw.dk, https://www.mwblaw.dk, "
McDermott Will & Emery,"www.mwe.com, https://www.mwe.com, "
Mottl Wilhelm Leopold & Gurk,"www.mwlg.de, https://www.mwlg.de, "
Müller-Wrede & Partner,"www.mwp-berlin.de, https://www.mwp-berlin.de, "
Malorny Limberger Lachmann,"www.mywila.de, https://www.mywila.de, "
mzs Rechtsanwälte,"www.mzs-recht.de, https://www.mzs-recht.de, "
Monastyrsky Zyuba Stepanov & Partners,"www.mzs.ru, https://www.mzs.ru, "
Neuhaus Massenkeil Zeller & Partner,"www.n-partner.de, https://www.n-partner.de, "
Nabarro,"www.nabarro.com, https://www.nabarro.com, "
Nacken Hillebrand Partner,"www.nacken.de, https://www.nacken.de, "
Nägele & Kollegen,"www.naegele-kollegen.de, https://www.naegele-kollegen.de, "
Naegele,"www.naegele.eu, https://www.naegele.eu, "
Nahme & Reinicke,"www.NahmeReinicke.com, https://www.NahmeReinicke.com, "
Nakamura & Partners,"www.nakapat.gr.jp/english, https://www.nakapat.gr.jp/english, "
NAM & NAM,"www.nampat.co.kr, https://www.nampat.co.kr, "
Nägeli & Partner,"www.nastra.ch, https://www.nastra.ch, "
Nater Dallafior,"www.naterdallafior.ch, https://www.naterdallafior.ch, "
Engel Hansen & Naujack,"www.naujack.de, https://www.naujack.de, "
Nauta Dutilh,"www.nautadutilh.com, https://www.nautadutilh.com, "
NCTM Studio Legale Associato,"www.nctm.it, https://www.nctm.it, "
Hernandez,"www.ndez.de, https://www.ndez.de, "
Nehls,"www.nehlsrechtsanwaelte.de, https://www.nehlsrechtsanwaelte.de, "
Nehm & Co.,"www.nehm-coll.de, https://www.nehm-coll.de, "
Nelson Mullins,"www.nelsonmullins.com, https://www.nelsonmullins.com, "
Neovius,"www.neovius.ch, https://www.neovius.ch, "
Nesselhauf,"www.nesselhauf.com, https://www.nesselhauf.com, "
Netzle,"www.netzle.com, https://www.netzle.com, "
Neudorfer,"www.neudorferlaw.at, https://www.neudorferlaw.at, "
Neuhof,"www.neuhof.net, https://www.neuhof.net, "
Neumann Schmeer & Partner,"www.neumann-schmeer.de, https://www.neumann-schmeer.de, "
Neumann und Partner,"www.neumannundpartner.de, https://www.neumannundpartner.de, "
Neumüller & Partner,"www.neumueller-partner.com, https://www.neumueller-partner.com, "
Neussel Martin,"www.neusselmartin.de, https://www.neusselmartin.de, "
Knies & Albrecht,"www.new-media-law.net, https://www.new-media-law.net, "
Nataf Fajgenbaum & Associés,"www.nfalaw.com, https://www.nfalaw.com, "
Ngo Miguérès et Associés,"www.ngo-avocats.com, https://www.ngo-avocats.com, "
Nemetschke Huber Koloseus,"www.nhk-rechtsanwaelte.at, https://www.nhk-rechtsanwaelte.at, "
NH Niederhuber Hager,"www.nhp.eu, https://www.nhp.eu, "
Nickel Eiding,"www.nickel-eiding.com, https://www.nickel-eiding.com, "
Nickel,"www.nickelonline.de, https://www.nickelonline.de, "
Niebaum,"www.niebaum-rechtsanwaelte.de, https://www.niebaum-rechtsanwaelte.de, "
Niebergall Weihrauch Walter,"www.niebergall-rechtsanwalt.de, https://www.niebergall-rechtsanwalt.de, "
Niedermann,"www.niedermann.com, https://www.niedermann.com, "
Nieding + Barth,"www.niedingbarth.de, https://www.niedingbarth.de, "
Nienhagen & Kollegen,"www.nienhagen.com, https://www.nienhagen.com, "
Nittel,"www.nittel.co, https://www.nittel.co, "
Nixon Peabody,"www.nixonpeabody.com, https://www.nixonpeabody.com, "
Niederer Kraft & Frey,"www.nkf.ch, https://www.nkf.ch, "
Norris McLaughlin & Marcus,"www.nmmlaw.com, https://www.nmmlaw.com, "
Nestor Nestor Diculescu Kingston Petersen,"www.nndkp.ro, https://www.nndkp.ro, "
Nielsen Nørager,"www.nnlaw.dk, https://www.nnlaw.dk, "
Nagashima Ohno & Tsunematsu,"www.noandt.com, https://www.noandt.com, "
Noblex Schindhelm,"www.noblexgroup.com, https://www.noblexgroup.com, "
Nölle & Stoevesandt,"www.noelle-stoevesandt.de, https://www.noelle-stoevesandt.de, "
Nörenberg Schröder,"www.noerenbergschroeder.de, https://www.noerenbergschroeder.de, "
Noerr,"www.noerr.com, https://www.noerr.com, "
Nonnenmacher,"www.nonnenmacher.de, https://www.nonnenmacher.de, "
Ahr,"www.nord-com.net/e.ahr/, https://www.nord-com.net/e.ahr/, "
Nord & Co.,"www.nordcompany.se, https://www.nordcompany.se, "
Nordhues & Cie.,"www.nordhues.com, https://www.nordhues.com, "
Koch Rechtsanwälte,"www.nordlaw.de, https://www.nordlaw.de, "
Lindner Blaumeier,"www.norispatent.de, https://www.norispatent.de, "
Noronha,"www.noronhaadvogados.com.br, https://www.noronhaadvogados.com.br, "
Northcote,"www.northcote.at, https://www.northcote.at, "
Norton Rose,"www.nortonrose.com, https://www.nortonrose.com, "
Nortons,"www.nortonsinc.com, https://www.nortonsinc.com, "
Helmig,"www.notar-helmig.de, https://www.notar-helmig.de, "
Schaub,"www.notar-schaub.de, https://www.notar-schaub.de, "
Wachter,"www.notar-thomas-wachter.de, https://www.notar-thomas-wachter.de, "
Faust Gerber,"www.notare-amgrueneburgpark.de, https://www.notare-amgrueneburgpark.de, "
Frank Dr. Wolfram Schneeweiß,"www.notare-frank-schneeweiss.de, https://www.notare-frank-schneeweiss.de, "
Kämpfer und Andrea Bergermann,"www.notare-kb.de, https://www.notare-kb.de, "
Wenner Dr. Markus Riemenschneider,"www.notare-perusa5.de, https://www.notare-perusa5.de, "
Vossius und Dr. Thomas Engel,"www.notare-vossius-engel.de, https://www.notare-vossius-engel.de, "
Mayer,"www.notare.bayern.de/hp/notar-drmayer, https://www.notare.bayern.de/hp/notar-drmayer, "
Walz Dr. Hans-Joachim Vollrath,"www.notare.bayern.de/hp/notare-walz-vollrath/, https://www.notare.bayern.de/hp/notare-walz-vollrath/, "
Spoerer & Dr. Wicke,"www.notarebrienner11.de, https://www.notarebrienner11.de, "
Notariat am Gänsemarkt,"www.notariat-amgaensemarkt.de, https://www.notariat-amgaensemarkt.de, "
Notariat Ballindamm,"www.notariat-ballindamm.de, https://www.notariat-ballindamm.de, "
Notariat Bergstraße,"www.notariat-bergstrasse.de, https://www.notariat-bergstrasse.de, "
Wenckstern Dr. Stefan Tiedemann Dr. Frauke Bahnsen,"www.notariat-schmiedestrasse.de, https://www.notariat-schmiedestrasse.de, "
Krauß,"www.notarkrauss.de, https://www.notarkrauss.de, "
Notos,"www.notos-recht.de, https://www.notos-recht.de, "
Novagraaf,"www.novagraaf.fr, https://www.novagraaf.fr, "
Nyborg & Rørdam,"www.nrlaw.dk, https://www.nrlaw.dk, "
Niering Stock Tömp,"www.nst-inso.com, https://www.nst-inso.com, "
NST Stankovic & Partners,"www.nstlaw.rs, https://www.nstlaw.rs, "
Nagy és Trócsányi,"www.nt.hu, https://www.nt.hu, "
Nümann Lang,"www.nuemann-lang.de, https://www.nuemann-lang.de/, "
Rosenthal,"www.nullapoena.de, https://www.nullapoena.de, "
Nunziante Magrone,"www.nunziantemagrone.it, https://www.nunziantemagrone.it, "
NRG Nussbaum,"www.nussbaum-legal.de, https://www.nussbaum-legal.de, "
Kreuzer Pfister und Girshausen,"www.ny91.de, https://www.ny91.de, "
Nysingh,"www.nysingh.nl, https://www.nysingh.nl, "
Ober Kaler,"www.ober.com, https://www.ober.com, "
Oberberg Hasche Dudda,"www.oberberg-rae.de, https://www.oberberg-rae.de, "
O&P Oberthür & Partner,"www.oberthuer.de, https://www.oberthuer.de, "
One Essex Court,"www.oeclaw.co.uk, https://www.oeclaw.co.uk, "
Oehmichen & Partner,"www.oehmichenlaw.com, https://www.oehmichenlaw.com, "
Oelbermann + Partner,"www.oelb.de/, https://www.oelb.de/, "
Oetzel - Dieth Rechtsanwälte,"www.oetzel-dieth.de, https://www.oetzel-dieth.de, "
Oexmann,"www.oexmann.de, https://www.oexmann.de, "
Ofo Ventura,"www.ofoventura.com.tr, https://www.ofoventura.com.tr, "
Ogier,"www.ogier.com, https://www.ogier.com, "
cpz Ogilvy Public Relations,"www.ogilvy.de, https://www.ogilvy.de, "
Ogilvy Renault,"www.ogilvyrenault.com, https://www.ogilvyrenault.com, "
Ogletree Deakins Nash Smoak & Stewart,"www.ogletreedeakins.com, https://www.ogletreedeakins.com, "
Oh-Ebashi LPC & Partners,"www.ohebashi.com, https://www.ohebashi.com, "
Ohms,"www.ohmslaw.de, https://www.ohmslaw.de, "
Okabe,"www.okabeintl.jp, https://www.okabeintl.jp, "
Hochhäusler Duwe & Partner,"www.ol-recht.de, https://www.ol-recht.de, "
Olswang,"www.olswang.com, https://www.olswang.com, "
OMG Oldenburg Mettenheim,"www.omg-oldenburg-mettenheim.de, https://www.omg-oldenburg-mettenheim.de, "
O'Melveny & Myers,"www.omm.com, https://www.omm.com, "
Önen & Kalac,"www.onenkalac.av.tr, https://www.onenkalac.av.tr, "
Czirnich,"www.onlinekanzlei.de, https://www.onlinekanzlei.de, "
Ihde & Partner,"www.onlinelaw.de, https://www.onlinelaw.de, "
Onz Onz Kraemmer Hüttler,"www.onz.at, https://www.onz.at, "
Oostvogels Pfister Feyten,"www.oostvogels.com, https://www.oostvogels.com, "
OPF Partners,"www.opf-partners.com, https://www.opf-partners.com, "
Oppenheim,"www.oppenheimlegal.com, https://www.oppenheimlegal.com, "
Oppenhoff & Partner,"www.oppenhoff.eu, https://www.oppenhoff.eu, "
Oppenländer,"www.oppenlaender.de, https://www.oppenlaender.de, "
Optegra hhkl Rechtsanwälte,"www.optegrahhkl.de, https://www.optegrahhkl.de, "
Orr & Reno,"www.orr-reno.com, https://www.orr-reno.com, "
Orrick,"www.orrick.com, https://www.orrick.com, "
Orsay,"www.orsaylaw.fr, https://www.orsaylaw.fr, "
Orsingher,"www.orsingher.com, https://www.orsingher.com, "
Orth Kluth,"www.orthkluth.de, https://www.orthkluth.de, "
Osborne Clarke,"www.osborneclarke.de, https://www.osborneclarke.de, "
Osler Hoskin & Harcourt,"www.osler.com, https://www.osler.com, "
Ostertag & Partner,"www.ostertag-und-partner.de, https://www.ostertag-und-partner.de, "
Ott Gerloff,"www.ott-koll.de, https://www.ott-koll.de, "
Otto & Kollegen,"www.otto-kollegen.com, https://www.otto-kollegen.com, "
Otto Mittag Fontane,"www.ottomittagfontane.com, https://www.ottomittagfontane.com, "
Ouart & Collegen,"www.ouart.de, https://www.ouart.de, "
Oury Clark,"www.ouryclark.com, https://www.ouryclark.com, "
Oswell & Vahida,"www.ovlaw.eu, https://www.ovlaw.eu, "
Owen Wickersham & Erickson,"www.owe.com, https://www.owe.com, "
Osterwald & Wegner,"www.owlaw.com/, https://www.owlaw.com/, "
Ozannes,"www.ozannes.com, https://www.ozannes.com, "
Pöch Krassnigg,"www.p-k.at, https://www.p-k.at, "
Pommer & Kleine-Cosack,"www.p-kc.de, https://www.p-kc.de, "
Pavlenko & Poberezhnyuk,"www.p-p.org-ua, https://www.p-p.org-ua, "
Loesenbeck Specht Dantz,"www.pa-loesenbeck.de, https://www.pa-loesenbeck.de, "
Zellentin & Partner,"www.pa-zellentin.de, https://www.pa-zellentin.de, "
Paas & Dallmann,"www.paas-dallmann.de, https://www.paas-dallmann.de, "
Pachiu & Associates,"www.pachiu.com, https://www.pachiu.com, "
Panhorst Driver-Polke,"www.padp.de, https://www.padp.de, "
Paeffgen,"www.paeffgens.de, https://www.paeffgens.de, "
SCP Paetzold,"www.paetzold-paris.com, https://www.paetzold-paris.com, "
Palaschinski & Partner,"www.palaschinski.de, https://www.palaschinski.de, "
Notare an der Palmaille,"www.palmaille.de, https://www.palmaille.de, "
Paluka Sobola & Partner,"www.paluka.de, https://www.paluka.de, "
Panitch Schwarze Belisario & Nadel,"www.panitchlaw.com, https://www.panitchlaw.com, "
Pannone,"www.pannone.com, https://www.pannone.com, "
Paproth Metzler Partner,"www.paproth-metzler.de, https://www.paproth-metzler.de, "
Parigger & Collegen,"www.parigger.com, https://www.parigger.com, "
Park,"www.park-wirtschaftsstrafrecht.de, https://www.park-wirtschaftsstrafrecht.de, "
Parker Poe Adams & Bernstein,"www.parkerpoe.com, https://www.parkerpoe.com, "
Brunner Liesenborghs & Partner,"www.parlex.de, https://www.parlex.de, "
Wessely,"www.partnerschaftsrecht.at, https://www.partnerschaftsrecht.at, "
Puschmann Borchert Bardehle,"www.patcare.eu, https://www.patcare.eu, "
Lippert Stachow & Partner,"www.pateam.de, https://www.pateam.de, "
Miksovsky & Pollhammer,"www.patent-austria.at, https://www.patent-austria.at, "
YSPO Y.Shin,"www.patent.co.kr, https://www.patent.co.kr, "
Tarvenkorn,"www.patentanwalt-tarvenkorn.de, https://www.patentanwalt-tarvenkorn.de, "
Bressel und Partner,"www.patentberlin.de, https://www.patentberlin.de, "
Blumbach Zinngrebe,"www.patentconsult.de, https://www.patentconsult.de, "
Manitz Finsterwald & Partner,"www.patente.de, https://www.patente.de, "
Patentship,"www.patentship.eu, https://www.patentship.eu, "
PATERIS Theobald Elbel Fischer,"www.pateris.de, https://www.pateris.de, "
Ohtsuka,"www.patest.co.jp/office_e.html, https://www.patest.co.jp/office_e.html, "
Fritz,"www.patfritz.de, https://www.patfritz.de, "
Haverkamp,"www.pathav.de, https://www.pathav.de, "
Beer & Partner,"www.patinvent.at, https://www.patinvent.at, "
Reinhardt Söllner Ganahl,"www.patmen.com, https://www.patmen.com, "
Patpol,"www.patpol.com.pl, https://www.patpol.com.pl, "
Patzina Lotz,"www.patzina-lotz.com, https://www.patzina-lotz.com, "
Paul Hastings,"www.paulhastings.com, https://www.paulhastings.com, "
Paul Weiss Rifkind Wharton & Garrison,"www.paulweiss.com, https://www.paulweiss.com, "
Pauly & Partner,"www.paulypartner.de, https://www.paulypartner.de, "
Pavesio e Associati,"www.pavesioassociati.it, https://www.pavesioassociati.it, "
Pavia e Ansaldo,"www.pavia-ansaldo.it, https://www.pavia-ansaldo.it, "
Patrikios Pavlou & Co.,"www.pavlaw.com, https://www.pavlaw.com, "
Pinto Bessa Monteiro Reis Branco,"www.pbbr.pt, https://www.pbbr.pt, "
pbf Rechtsanwälte Steuerberater,"www.pbfrankfurt.com, https://www.pbfrankfurt.com, "
Poledna Boss Kurer,"www.pbklaw.ch, https://www.pbklaw.ch, "
Patterson Belknap Webb & Tyler,"www.pbwt.com, https://www.pbwt.com, "
PDGB Société d’Avocats,"www.pdgb.com, https://www.pdgb.com, "
Pritchard Englefield,"www.pe-legal.com, https://www.pe-legal.com, "
Petersdorff,"www.pecalaw.de, https://www.pecalaw.de, "
Peixoto e Cury,"www.peixotoecury.com.br, https://www.peixotoecury.com.br, "
Pekin & Bayar,"www.pekin.com.tr, https://www.pekin.com.tr, "
Pelchrzim,"www.pelchrzim-strafverteidiger.de, https://www.pelchrzim-strafverteidiger.de, "
Peli Filip,"www.pelifilip.com, https://www.pelifilip.com, "
Pellon & Associados,"www.pellon-associados.eu, https://www.pellon-associados.eu, "
Penke Heinze Ketterl & Partner,"www.penkeheinze.de, https://www.penkeheinze.de, "
Penkov Markov & Partners,"www.penkov-markov.eu, https://www.penkov-markov.eu, "
Penningtons,"www.penningtons.co.uk, https://www.penningtons.co.uk, "
Pepper Hamilton,"www.pepperlaw.com, https://www.pepperlaw.com, "
Perez-Llorca,"www.perezllorca.com, https://www.perezllorca.com, "
Perkins Coie,"www.perkinscoie.com, https://www.perkinscoie.com, "
Kremer,"www.peter-kremer.de, https://www.peter-kremer.de, "
Barz,"www.peterbarz.de, https://www.peterbarz.de, "
Peterka & Partners,"www.peterkapartners.com, https://www.peterkapartners.com, "
Peters,"www.peters-legal.com, https://www.peters-legal.com, "
Peters & Peters,"www.petersandpeters.com, https://www.petersandpeters.com, "
Petersen & Dr. Peters,"www.petersen-peters.de/rechtsanwaelte.htm, https://www.petersen-peters.de/rechtsanwaelte.htm, "
Petersen Hardraht,"www.petersenhardraht.de, https://www.petersenhardraht.de, "
Peterson Ellis Fergus & Peer,"www.petersonellis.com, https://www.petersonellis.com, "
Petosevic,"www.petosevic.com, https://www.petosevic.com, "
Schubert & Schilpp,"www.pf-anwaelte.de, https://www.pf-anwaelte.de, "
Pfefferle Helberg & Partner,"www.pfefferle.de, https://www.pfefferle.de, "
Pfeiffer von der Heyde,"www.pfeiffer-recht.de, https://www.pfeiffer-recht.de, "
Pfenning Meinig & Partner,"www.pfenning-meinig.de, https://www.pfenning-meinig.de, "
Pfitzner,"www.pfitznerlegal.com, https://www.pfitznerlegal.com, "
Petsch Frosch Klein Arturo,"www.pfk.at, https://www.pfk.at, "
PF&P Rechtsanwälte,"www.pfp-legal.de, https://www.pfp-legal.de, "
Patzik Frank & Samotny,"www.pfs-law.com, https://www.pfs-law.com, "
Philipp-Gerlach Teßmer,"www.pg-t.de, https://www.pg-t.de, "
Piliero Goldstein,"www.pgkm.com, https://www.pgkm.com, "
Pelzmann Gall,"www.pglaw.at, https://www.pglaw.at, "
Puopolo Geffers Iacobelli & Partners,"www.pglegal.it, https://www.pglegal.it, "
PG Legal,"www.pglegal.it, https://www.pglegal.it, "
Scassellati Sforzolini,"www.pglex.com, https://www.pglex.com, "
Pomeranz Gottlieb & Mushkin,"www.pgmattorneys.com, https://www.pgmattorneys.com, "
Pepeliaev Goltsblat & Partners,"www.pgplaw.ru, https://www.pgplaw.ru, "
Forstmann & Büttner,"www.pharma-lawyers.de, https://www.pharma-lawyers.de, "
PHHV Prochaska Heine Havranek Vavrovsky,"www.phhv.at, https://www.phhv.at, "
Lee,"www.philiplee.ie, https://www.philiplee.ie, "
Philipp Sudmann & Schendel,"www.philipp-rae.de, https://www.philipp-rae.de, "
Padva Haslam-Jones & Partners,"www.phjpartners.com, https://www.phjpartners.com, "
Picot,"www.picot.de, https://www.picot.de, "
Piepenburg Gerling,"www.piepenburg-gerling.de, https://www.piepenburg-gerling.de, "
Piergrossi,"www.piergrossi.com, https://www.piergrossi.com, "
Pietz,"www.pietz-rechtsanwaelte.de, https://www.pietz-rechtsanwaelte.de, "
Pilger,"www.pilger-law.com, https://www.pilger-law.com, "
Pillsbury Winthrop Shaw Pittman,"www.pillsburylaw.com, https://www.pillsburylaw.com, "
Pinheiro Neto,"www.pinheironeto.com.br, https://www.pinheironeto.com.br, "
Pinkepank Hackbarth Karthaus,"www.pinkepank-hackbarth.de, https://www.pinkepank-hackbarth.de, "
Pinsent Masons,"www.pinsentmasons.com, https://www.pinsentmasons.com, "
Pirminpartners,"www.pirminpartners.de, https://www.pirminpartners.de, "
Pirnat Kovačič,"www.pirnat-kovacic.si, https://www.pirnat-kovacic.si, "
PKF Fasselt Schlage,"www.pkf-fasselt.de, https://www.pkf-fasselt.de, "
Pöhlmann Früchtl Oppermann,"www.pkfo-anwaelte.de, https://www.pkfo-anwaelte.de, "
PKL Keller Spies,"www.pkl.com, https://www.pkl.com, "
Ploil Krepp Boesch,"www.pkpart.at, https://www.pkpart.at, "
Pepelnik & Karl,"www.pkr.at, https://www.pkr.at, "
Plagemann,"www.plagemann-rae.de, https://www.plagemann-rae.de, "
Plas Bossinade,"www.plasbossinade.nl, https://www.plasbossinade.nl, "
Plehwe & Schäfer,"www.plehwe-schaefer.com, https://www.plehwe-schaefer.com, "
Plesner,"www.plesner.com, https://www.plesner.com, "
PLMJ A.M. Pereira Sáragga Leal Oliveira Martins,"www.plmj.pt, https://www.plmj.pt, "
Pestalozzi,"www.plplaw.ch, https://www.plplaw.ch, "
Pluta,"www.pluta.net, https://www.pluta.net, "
Pereira Neto Galdino Macedo,"www.pngm.com.br, https://www.pngm.com.br, "
PNHR Pelka Niemann Hollerbaum Rohde,"www.pnhr.de, https://www.pnhr.de, "
Popovici Nițu & Asociații,"www.pnpartners.ro, https://www.pnpartners.ro, "
Poelmann van den Broek,"www.poelmannvandenbroek.nl, https://www.poelmannvandenbroek.nl, "
Pohl & Bauer,"www.pohl-bauer.de, https://www.pohl-bauer.de, "
Pohlmann & Company,"www.pohlmann-company.com, https://www.pohlmann-company.com, "
Pohlmann Hofmann,"www.pohlmannhofmann.de, https://www.pohlmannhofmann.de, "
Polservice,"www.polservice.com, https://www.polservice.com, "
Polt & Schank,"www.polt-online.com, https://www.polt-online.com, "
Fleischer Godemeyer Kierdorf & Partner,"www.polypatent.de, https://www.polypatent.de, "
Poovayya & Co,"www.poovayya.net, https://www.poovayya.net, "
Pop Pepa,"www.pop-pepa.com, https://www.pop-pepa.com, "
Portolano Colella Cavallo,"www.portolano.it, https://www.portolano.it, "
PotamitisVekris,"www.potamitisvekris.com, https://www.potamitisvekris.com, "
Potts Kerr & Co.,"www.pottskerr.co.uk, https://www.pottskerr.co.uk, "
Powell Gilbert,"www.powellgilbert.com, https://www.powellgilbert.com, "
P+P Pöllath + Partners,"www.pplaw.de, https://www.pplaw.de/, "
PPR & Partner,"www.ppr-partner.de, https://www.ppr-partner.de, "
PPR&A Pedro Pinto Reis & Associados,"www.ppradv.com, https://www.ppradv.com, "
Praetoria,"www.praetoria-legal.com, https://www.praetoria-legal.com, "
Prager Dreifuss,"www.prager-dreifuss.com, https://www.prager-dreifuss.com, "
Prange & Partner,"www.prange.org, https://www.prange.org, "
Prat Rubi,"www.pratrubi.com, https://www.pratrubi.com, "
Pels Rijcken & Droogleever Fortuijn,"www.prdf.nl, https://www.prdf.nl, "
Preslmayr,"www.preslmayr.at, https://www.preslmayr.at, "
Weberling,"www.presserecht.de, https://www.presserecht.de, "
Preu Bohlig & Partner,"www.preubohlig.de, https://www.preubohlig.de, "
Prica & Partners,"www.pricapartners.com, https://www.pricapartners.com, "
Prieto & Carrizosa,"www.prietocarrizosa.com, https://www.prietocarrizosa.com, "
Prinz & Partner,"www.prinz.eu, https://www.prinz.eu, "
Prinz Neidhardt Engelschall,"www.prinzlaw.de, https://www.prinzlaw.de, "
PRK Partners,"www.prkpartners.com, https://www.prkpartners.com, "
ens Edward Nathan Sonnenbergs,"www.problemsolved.co.za, https://www.problemsolved.co.za, "
Mayer & Kollegen,"www.prof-mayer-kollegen.de, https://www.prof-mayer-kollegen.de, "
Jacobs Rechtsanwälte,"www.profjacobs.de, https://www.profjacobs.de, "
Preißler Ohlmann & Partner,"www.proh.de, https://www.proh.de, "
Müller Schupfner & Partner,"www.propat.de, https://www.propat.de, "
Proskauer Rose,"www.proskauer.com, https://www.proskauer.com, "
Päsel Reiff Seifried,"www.prs-law.de, https://www.prs-law.de, "
PRS Preißer von Rönn Schultz-Aßberg,"www.prs-partner.com, https://www.prs-partner.com, "
Pracht Riegl Schröter,"www.prslaw.de, https://www.prslaw.de/, "
Prüfer & Partner,"www.pruefer.eu, https://www.pruefer.eu, "
Prunbauer,"www.prunbauer.at, https://www.prunbauer.at, "
PRW Rechtsanwälte,"www.prw.info, https://www.prw.info, "
Pryor Cashman,"www.pryorcashman.com, https://www.pryorcashman.com, "
Pietrzak Siekierzynski Bogen,"www.psblegal.pl, https://www.psblegal.pl, "
Parsch Sauer Nuzinger,"www.psn-rae.de, https://www.psn-rae.de, "
Preußner Schütz & Partner,"www.psp-partner.de, https://www.psp-partner.de, "
Peters Schönberger & Partner,"www.psp.eu, https://www.psp.eu, "
Guber,"www.publiclaw.de, https://www.publiclaw.de, "
Puchberger Berger & Partner,"www.puchberger.at, https://www.puchberger.at, "
Pühn,"www.puehn.de, https://www.puehn.de, "
Pünder & Dr. Gerrit Wenz,"www.puenderwenz.de, https://www.puenderwenz.de, "
Püschel & Partner,"www.pueschel-fitz.de, https://www.pueschel-fitz.de, "
Puhle & Kollegen,"www.puhle-kollegen.de, https://www.puhle-kollegen.de, "
Pötzl & Kierberg,"www.puk-medienrecht.de, https://www.puk-medienrecht.de, "
Puttinger Vogl & Partner,"www.puttinger-vogl.at, https://www.puttinger-vogl.at, "
Putz & Teipel,"www.putz-medizinrecht.de, https://www.putz-medizinrecht.de, "
Putzier,"www.putzier-berlin.de, https://www.putzier-berlin.de, "
Panagopoulos Vainanidis Schina Economou,"www.pvse-law.gr, https://www.pvse-law.gr, "
PWB Rechtsanwälte,"www.pwb-law.com, https://www.pwb-law.com, "
PricewaterhouseCoopers Legal,"www.pwclegal.de, https://www.pwclegal.de, "
PWK & Partner,"www.pwk-partner.de, https://www.pwk-partner.de, "
Pusch Wahlig,"www.pwlegal.net, https://www.pwlegal.net, "
Waltl Rechtsanwälte,"www.pwlp.de, https://www.pwlp.de, "
Sultan Al-Abdulla & Partners,"www.qatarlaw.com, https://www.qatarlaw.com, "
Queck Groda Jobst Berg,"www.qgjb.de, https://www.qgjb.de, "
Quaas & Partner,"www.quaas-partner.de, https://www.quaas-partner.de, "
Quack Gutterer & Partner,"www.quack-gutterer.de, https://www.quack-gutterer.de/, "
Querol Vives,"www.querolvives.com, https://www.querolvives.com, "
Quermann,"www.querpat.de, https://www.querpat.de, "
Quigg Partners,"www.quiggpartners.com, https://www.quiggpartners.com, "
Quinn Emanuel Urquhart & Sullivan,"www.quinnemanuel.com, https://www.quinnemanuel.com, "
Rehberg Hüppe + Partner,"www.r-h-p.de, https://www.r-h-p.de, "
Amend,"www.ra-amend.de, https://www.ra-amend.de, "
Aulinger,"www.ra-aulinger.de, https://www.ra-aulinger.de, "
Austrup,"www.ra-austrup.de, https://www.ra-austrup.de, "
Bärnreuther & Wegener,"www.ra-baernreuther.de, https://www.ra-baernreuther.de, "
Baunach,"www.ra-baunach.de, https://www.ra-baunach.de, "
Bengs,"www.ra-bengs.de, https://www.ra-bengs.de, "
Bergdolt,"www.ra-bergdolt.de, https://www.ra-bergdolt.de, "
Besier,"www.ra-besier.de, https://www.ra-besier.de, "
Buchwald & Kollegen,"www.ra-bgg.de, https://www.ra-bgg.de, "
Bleier,"www.ra-bleier.de, https://www.ra-bleier.de, "
Blesinger Wischermann & Partner,"www.ra-blesinger.de, https://www.ra-blesinger.de, "
Bohl & Collegen,"www.ra-bohl.de, https://www.ra-bohl.de, "
Bremenkamp,"www.ra-bremenkamp.de, https://www.ra-bremenkamp.de, "
Clev,"www.ra-clev.de, https://www.ra-clev.de, "
Comtesse & Comtesse,"www.ra-comtesse.de, https://www.ra-comtesse.de, "
Dörsam Backfisch Willert,"www.ra-dbw.de, https://www.ra-dbw.de, "
de Angelis,"www.ra-deangelis.de, https://www.ra-deangelis.de, "
Decker & Kollegen,"www.ra-decker-kollegen.de, https://www.ra-decker-kollegen.de, "
Decruppe & Kollegen,"www.ra-decruppe.de, https://www.ra-decruppe.de, "
Diesel Schmitt Ammer,"www.ra-diesel.de, https://www.ra-diesel.de, "
"Dölle, Bingel und Kollegen","www.ra-doelle.de, https://www.ra-doelle.de, "
Beck & Partner,"www.ra-dr-beck.de, https://www.ra-dr-beck.de, "
Freygang,"www.ra-freygang.de, https://www.ra-freygang.de, "
van Sambeck Fritsch & Büsing,"www.ra-fritsch.de, https://www.ra-fritsch.de, "
Fritzer,"www.ra-fritzer.de, https://www.ra-fritzer.de, "
Feser Spliedt von Stein-Lausnitz,"www.ra-fss.de, https://www.ra-fss.de, "
Giring Lordt Wölk,"www.ra-glw.de, https://www.ra-glw.de, "
Goldenstein & Partner,"www.ra-goldenstein.de, https://www.ra-goldenstein.de, "
Gollhofer Weidlich Leser,"www.ra-gwl.de, https://www.ra-gwl.de, "
Großpietsch Zimmermann,"www.ra-gz.de, https://www.ra-gz.de, "
Hambach & Hambach,"www.ra-hambach.com, https://www.ra-hambach.com, "
Harder,"www.ra-harder-hh.de, https://www.ra-harder-hh.de, "
Gerats Hartung & Partner,"www.ra-hartung.de, https://www.ra-hartung.de, "
Jackwerth,"www.ra-jackwerth.de, https://www.ra-jackwerth.de, "
Jungfer,"www.ra-jungfer.de, https://www.ra-jungfer.de, "
Kempf & Dannenfeldt,"www.ra-kempf.de, https://www.ra-kempf.de, "
Kilper,"www.ra-kilper.de, https://www.ra-kilper.de, "
Kämpfe-Kraus & Partner,"www.ra-kkp.de, https://www.ra-kkp.de, "
Klopsch Rechtsanwälte,"www.ra-klopsch.de, https://www.ra-klopsch.de, "
Knapp,"www.ra-knapp.de, https://www.ra-knapp.de, "
Kreplin & Partner,"www.ra-kreplin.de, https://www.ra-kreplin.de, "
Lachmair & Kollegen,"www.ra-lachmair.de, https://www.ra-lachmair.de, "
Leupold,"www.ra-leupold.de, https://www.ra-leupold.de, "
Lichtenwalder,"www.ra-lichtenwalder.de, https://www.ra-lichtenwalder.de, "
Meinberg Weiß,"www.ra-meinberg.de, https://www.ra-meinberg.de, "
Melchinger,"www.ra-melchinger.de, https://www.ra-melchinger.de, "
Nachmann,"www.ra-nachmann.de, https://www.ra-nachmann.de, "
Nassall,"www.ra-nassall.de, https://www.ra-nassall.de, "
Noelle,"www.ra-noelle.de, https://www.ra-noelle.de, "
Osswald & Collegen,"www.ra-osswald.de, https://www.ra-osswald.de, "
Probandt & Partner,"www.ra-probandt.de, https://www.ra-probandt.de, "
Voges,"www.ra-prof-voges.de, https://www.ra-prof-voges.de, "
RGK Dr. Rieger & Kollegen,"www.ra-rieger.de, https://www.ra-rieger.de, "
Richter & Dr. Hess-Grunewald,"www.ra-rihg.de, https://www.ra-rihg.de, "
Schiefer,"www.ra-schiefer.de, https://www.ra-schiefer.de, "
Schmid Kunz von der Heydt,"www.ra-skh.de, https://www.ra-skh.de, "
Sorgenfrei,"www.ra-sorgenfrei.de, https://www.ra-sorgenfrei.de, "
Schulte & Prasse,"www.ra-sp.de, https://www.ra-sp.de, "
Rohde & Späth,"www.ra-spaeth.de, https://www.ra-spaeth.de, "
Tempel & Kollegen,"www.ra-tempel.de, https://www.ra-tempel.de, "
Trentmann Jamnig Schoolmann,"www.ra-tjs.de, https://www.ra-tjs.de, "
Tries,"www.ra-tries.de, https://www.ra-tries.de, "
Saalfeld,"www.ra-von-saalfeld.com, https://www.ra-von-saalfeld.com, "
Wagenführ Rechtsanwälte,"www.ra-wagenfuehr.de, https://www.ra-wagenfuehr.de, "
Wendt Koch Dorobek,"www.ra-wendt.de, https://www.ra-wendt.de, "
Wigge,"www.ra-wigge.de, https://www.ra-wigge.de, "
Winkler,"www.ra-winkler.it, https://www.ra-winkler.it, "
WS+P Rechtsanwälte,"www.ra-wsp.de, https://www.ra-wsp.de, "
Bezzenberger,"www.rabezzenberger.de, https://www.rabezzenberger.de, "
Klingelhöffer,"www.rabgh-klingelhoeffer.de, https://www.rabgh-klingelhoeffer.de, "
Osterloh & Osterloh,"www.rabgh-osterloh.de, https://www.rabgh-osterloh.de, "
Gross,"www.rabghgross.de, https://www.rabghgross.de, "
Böhmer Oberdorf Barth,"www.rabob.de, https://www.rabob.de, "
Cramer,"www.racramer.de, https://www.racramer.de, "
Demuth,"www.rademuth.de, https://www.rademuth.de, "
Dobberstein,"www.radobberstein.com, https://www.radobberstein.com, "
Bachmann Hansen & Partner,"www.rae-bachmann-hansen.de, https://www.rae-bachmann-hansen.de, "
Baiker & Partner,"www.rae-baiker.de, https://www.rae-baiker.de, "
BEMT Blazek Ellerbrock Malar,"www.rae-bemt.de, https://www.rae-bemt.de, "
Rochus Berger & Partner,"www.rae-berger.de, https://www.rae-berger.de, "
Blatt,"www.rae-blatt.de, https://www.rae-blatt.de, "
Bock Rechtsanwälte,"www.rae-bock.de, https://www.rae-bock.de, "
Dammann,"www.rae-dammann.de, https://www.rae-dammann.de, "
Jenckel & Kollegen,"www.rae-dr-jenckel.de, https://www.rae-dr-jenckel.de, "
Eckert,"www.rae-eckert.de, https://www.rae-eckert.de, "
EHZ Rechtsanwälte,"www.rae-ehz.de, https://www.rae-ehz.de, "
Gerhards Pragal Reineke und Kollegen,"www.rae-gerhards-pragal.de, https://www.rae-gerhards-pragal.de, "
Gerling Schulz Lüders,"www.rae-gerling.de, https://www.rae-gerling.de, "
Graßl Kähler Schah Sedi,"www.rae-gks.de, https://www.rae-gks.de, "
Göpfert und Jan Kindsvater,"www.rae-goepfert.de, https://www.rae-goepfert.de, "
Gréus Schneider,"www.rae-greus.de, https://www.rae-greus.de, "
Günther,"www.rae-guenther.de, https://www.rae-guenther.de, "
Herzog & Partner,"www.rae-herzog-partner.de, https://www.rae-herzog-partner.de, "
HNH Rechtsanwälte,"www.rae-hnh.de, https://www.rae-hnh.de, "
Zirnbauer Dr. Hoevels & Partner,"www.rae-hoezi.de, https://www.rae-hoezi.de, "
Hubich Häusele,"www.rae-hubich-haeusele.de/anwaelte.html, https://www.rae-hubich-haeusele.de/anwaelte.html, "
Illig Braun Kirschnek,"www.rae-ibk.de, https://www.rae-ibk.de, "
Beukemann Dittmar Maassen,"www.rae-ig.de, https://www.rae-ig.de, "
Korte Dierkes Künnemann und Partner,"www.rae-kdk.de, https://www.rae-kdk.de, "
Kramer Lemke Wilken,"www.rae-klw.de, https://www.rae-klw.de, "
Labbé & Partner,"www.rae-labbe.de, https://www.rae-labbe.de/, "
Lehmann,"www.rae-lehmann.com, https://www.rae-lehmann.com, "
Lichte,"www.rae-lichte.com, https://www.rae-lichte.com, "
Löffler Wenzel Sedelmeier,"www.rae-loeffler.de, https://www.rae-loeffler.de, "
Miess Altherr Sibinger & Kollegen,"www.rae-masp.de, https://www.rae-masp.de, "
Michael,"www.rae-michael.de, https://www.rae-michael.de, "
Nauschütt & Collegen,"www.rae-nauschuett.de, https://www.rae-nauschuett.de, "
Pfeifer und Kollegen,"www.rae-notare-gp.de, https://www.rae-notare-gp.de, "
Pfeifer Faust Bergmann Schwartz,"www.rae-pfeifer-bergmann-hl.de, https://www.rae-pfeifer-bergmann-hl.de/, "
Pietschmann,"www.rae-pietschmann.de, https://www.rae-pietschmann.de, "
Prager & Partner,"www.rae-prager.de, https://www.rae-prager.de, "
Russell Massenberg Zürbig,"www.rae-russell.de, https://www.rae-russell.de, "
Schindler,"www.rae-schindler.de, https://www.rae-schindler.de, "
Schlangenotto & Kollegen,"www.rae-schlangenotto.de, https://www.rae-schlangenotto.de, "
Schönefelder Ziegler Lehners,"www.rae-schoenefelder.de, https://www.rae-schoenefelder.de, "
Schött Feltes Brand,"www.rae-schoett.de, https://www.rae-schoett.de, "
Schulz,"www.rae-schulz.de, https://www.rae-schulz.de, "
Sellmann Blume Wiemann,"www.rae-sellmann.de, https://www.rae-sellmann.de, "
Schindhelm & Pfisterer,"www.rae-sp.de, https://www.rae-sp.de, "
Stapel Rechtsanwälte,"www.rae-stapel.de, https://www.rae-stapel.de, "
Stock Tömp Hammes,"www.rae-stock.de, https://www.rae-stock.de, "
Müller & Partner,"www.rae-strafrecht.de, https://www.rae-strafrecht.de, "
Thiele-Mühlhan Quintel,"www.rae-tm-q.de, https://www.rae-tm-q.de, "
Tschirdewahn & Partner,"www.RAe-Tschirdewahn.de, https://www.RAe-Tschirdewahn.de, "
Vieker & Chatziparaskewas,"www.rae-vc.de, https://www.rae-vc.de, "
Vocke & Kollegen,"www.rae-vocke.de/, https://www.rae-vocke.de/, "
Völpel Diehl Schneider Gliese Hauck,"www.rae-voelpel.de, https://www.rae-voelpel.de, "
Appen Prof. Dr. Fischer Prof. Schoenebeck,"www.rae-vonappen.de, https://www.rae-vonappen.de, "
Wandscher & Partner,"www.rae-wandscher.de, https://www.rae-wandscher.de, "
Westenberger & Partner,"www.rae-westenberger-mainz.de, https://www.rae-westenberger-mainz.de, "
Wiedemann Hintermeier Bronnenmeyer Zeug und Kollegen,"www.rae-wiedemann.de, https://www.rae-wiedemann.de, "
Wilhelm Kroeschell & Bieniok,"www.rae-wilhelm.de, https://www.rae-wilhelm.de, "
Máriássy Dr. von Stetten,"www.rae13.de, https://www.rae13.de, "
Bauer Lagemann Dahmen und Partner,"www.raebauer.de, https://www.raebauer.de, "
Blume Ritscher Nguyen Rega,"www.raeblume.de, https://www.raeblume.de, "
Raeder,"www.raeder.no, https://www.raeder.no, "
Doerr & Partner,"www.raedoerr.de, https://www.raedoerr.de, "
Gran & Collegen,"www.raegran.de, https://www.raegran.de, "
Peter Haack & Kollegen,"www.raehaack.de, https://www.raehaack.de, "
Heinemann & Partner,"www.raehp.de, https://www.raehp.de, "
Kraus Sienz & Partner,"www.raekraus.de, https://www.raekraus.de, "
Raeschke-Kessler,"www.raeschke-kessler.de, https://www.raeschke-kessler.de, "
Weber,"www.raew.de, https://www.raew.de, "
Raggenbass,"www.raggenbass.com, https://www.raggenbass.com, "
Grigoleit,"www.ragrigoleit.de, https://www.ragrigoleit.de, "
Hövel und Collegen,"www.rahuc.de, https://www.rahuc.de, "
Raifer Alberini,"www.raifer.de, https://www.raifer.de, "
Kutzner,"www.rain-kutzner.de, https://www.rain-kutzner.de, "
Rajah & Tann,"www.rajahtann.com, https://www.rajahtann.com, "
Schröder,"www.rakanzlei-hs.de, https://www.rakanzlei-hs.de, "
Kluth,"www.rakluth.de, https://www.rakluth.de, "
Kammholz Schulte,"www.raks-berlin.de, https://www.raks-berlin.de, "
Roetzel & Andress,"www.ralaw.com, https://www.ralaw.com, "
Leidecker & Kollege,"www.raleidecker.de, https://www.raleidecker.de, "
Ramallo Pallast & Partner,"www.ramallopallast.com, https://www.ramallopallast.com, "
Ramser,"www.ramser.de, https://www.ramser.de, "
Schröder R. Högelein & Collegen,"www.rano-kiel.de, https://www.rano-kiel.de, "
Lütkehaus & Steding,"www.rano.de, https://www.rano.de, "
Öhlböck,"www.raoe.at, https://www.raoe.at, "
Otto und Sören Knaisch,"www.raotto.de, https://www.raotto.de, "
Reinert Appy & Kollegen,"www.raplaw.de/, https://www.raplaw.de/, "
Raynaud & Partners,"www.raplex.it, https://www.raplex.it, "
Raposo Bernardo & Associados,"www.raposobernardo.com, https://www.raposobernardo.com, "
Rapp Wolff,"www.rappwolff.de, https://www.rappwolff.de, "
Rapräger Hoffmann und Partner,"www.rapraeger.de, https://www.rapraeger.de, "
Rosenbach,"www.rarosenbach.de, https://www.rarosenbach.de, "
Schaffranek,"www.raschaffranek.de, https://www.raschaffranek.de, "
Rasch,"www.raschlegal.de, https://www.raschlegal.de, "
Schuler & Partner,"www.raschuler.de, https://www.raschuler.de, "
Schindele Eisele Gerstner & Collegen,"www.raseg.de, https://www.raseg.de, "
Ohletz Willuhn Denker Heyn,"www.rasowd.de, https://www.rasowd.de, "
Stubenrauch Nienstedt Dose,"www.rastubenrauch.de, https://www.rastubenrauch.de, "
Fallak Dr. Trautmann Heinze-Briesemeister Zech,"www.ratundrecht.de, https://www.ratundrecht.de, "
Ratzel,"www.ratzel-rechtsanwaelte.de, https://www.ratzel-rechtsanwaelte.de, "
Raue,"www.raue.com, https://www.raue.com, "
Raupach & Wollert-Elmendorff,"www.raupach.de, https://www.raupach.de, "
Rautner Huber,"www.rautnerhuber.com, https://www.rautnerhuber.com, "
Waldstein & Holland,"www.rawaho.de, https://www.rawaho.de, "
Weidemann,"www.raweidemann.de, https://www.raweidemann.de, "
Witte,"www.rawitte.de, https://www.rawitte.de, "
Wolter & Kunze,"www.rawolter-berlin.de, https://www.rawolter-berlin.de, "
RB Reiserer Biesinger,"www.rb-heidelberg.com, https://www.rb-heidelberg.com, "
"Rudolph, Bernstein & Associates","www.rba-law.co.za, https://www.rba-law.co.za, "
Röhrborn Biester Juli,"www.rbj.de, https://www.rbj.de, "
RBS RoeverBroennerSusat,"www.rbs-partner.de, https://www.rbs-partner.de, "
Robinson & Cole,"www.rc.com/, https://www.rc.com/, "
Raffalli de Lemos Halvorssen Ortega Ortiz,"www.rdhoo.com, https://www.rdhoo.com, "
Jesse Müller-Thuns,"www.re-stb.de, https://www.re-stb.de, "
Mayrhofer & Rainer,"www.real-law.at, https://www.real-law.at, "
Hildmann Langenwalder Lüders,"www.recht-steuer-erlangen.de, https://www.recht-steuer-erlangen.de, "
Scholz,"www.recht-u-steuern.de, https://www.recht-u-steuern.de, "
Schwenger,"www.recht-und-verkehr.d/C_schwenger.htm, https://www.recht-und-verkehr.d/C_schwenger.htm, "
KS Rechtsanwälte,"www.rechteck.info, https://www.rechteck.info, "
Göddecke,"www.rechtinfo.de, https://www.rechtinfo.de, "
BDH Beckers & Kollegen,"www.rechtsanwaelte-bdh.de, https://www.rechtsanwaelte-bdh.de, "
Brauer Graf von Moltke Hoëcker,"www.rechtsanwaelte-bghk.de, https://www.rechtsanwaelte-bghk.de, "
Beckmann & Maßmann,"www.rechtsanwaelte-bmh.de, https://www.rechtsanwaelte-bmh.de, "
Bockhorni & Kollegen,"www.rechtsanwaelte-bockhorni.de, https://www.rechtsanwaelte-bockhorni.de, "
CNH Anwälte,"www.rechtsanwaelte-cnh.de, https://www.rechtsanwaelte-cnh.de, "
Crauser,"www.rechtsanwaelte-crauser.de, https://www.rechtsanwaelte-crauser.de, "
Rauball Köper Degener Köper,"www.rechtsanwaelte-dr-rauball.de, https://www.rechtsanwaelte-dr-rauball.de, "
Meyer Lux Ebert Brüstle,"www.rechtsanwaelte-freiburg.eu, https://www.rechtsanwaelte-freiburg.eu, "
Korth & Wortmann,"www.rechtsanwaelte-korth-wortmann.de, https://www.rechtsanwaelte-korth-wortmann.de, "
Langen,"www.rechtsanwaelte-langen.de, https://www.rechtsanwaelte-langen.de, "
Stark Mayer Hehr und Kollegen,"www.rechtsanwaelte-lb.de, https://www.rechtsanwaelte-lb.de, "
Rath Uhlmann,"www.rechtsanwaelte-rath-uhlmann.de, https://www.rechtsanwaelte-rath-uhlmann.de, "
Reitz Banzet Steinbusch,"www.rechtsanwaelte-reitz.de, https://rechtsanwaelte-reitz.de, "
Schütte & Horstkotte,"www.rechtsanwaelte-schuette.de, https://www.rechtsanwaelte-schuette.de, "
Stockebrand Zech,"www.rechtsanwaelte-stockebrand.de, https://www.rechtsanwaelte-stockebrand.de, "
Uhlenbruch Vormbaum-Heinemann und Schabram,"www.rechtsanwaelte-uhlenbruch.de, https://www.rechtsanwaelte-uhlenbruch.de, "
Haffke Kahlert Schätz Dr. Schnabl,"www.rechtsanwaelte-villa.de, https://www.rechtsanwaelte-villa.de, "
Walter,"www.rechtsanwaelte-walter.de, https://www.rechtsanwaelte-walter.de, "
Nogossek Dr. Oliver Gromball Gerhard Schlüter,"www.rechtsanwaelte.ms, https://www.rechtsanwaelte.ms, "
Neo-e,"www.rechtsanwaelte.neo-e.de, https://www.rechtsanwaelte.neo-e.de, "
Koch & Kollegen,"www.rechtsanwaeltedrkoch.de, https://www.rechtsanwaeltedrkoch.de, "
Kleikamp Thom & Meyer,"www.rechtsanwaeltektm.de, https://www.rechtsanwaeltektm.de, "
Achenbach,"www.rechtsanwalt-achenbach.de, https://www.rechtsanwalt-achenbach.de, "
Boldt,"www.rechtsanwalt-boldt.de, https://www.rechtsanwalt-boldt.de, "
Haupt,"www.rechtsanwalt-haupt.com, https://www.rechtsanwalt-haupt.com, "
Schmitz & Haller,"www.rechtsanwalt-in-siegburg.de, https://www.rechtsanwalt-in-siegburg.de, "
Landowski,"www.rechtsanwalt-landowski.de, https://www.rechtsanwalt-landowski.de, "
Lichtblau & Kollegen,"www.rechtsanwalt-lichtblau.de, https://www.rechtsanwalt-lichtblau.de, "
Münter,"www.rechtsanwalt-muenter.de, https://www.rechtsanwalt-muenter.de, "
Raab & Kollegen,"www.rechtsanwalt-raab.de, https://www.rechtsanwalt-raab.de, "
Andreä Pfeiffer Rosa Dr. Westenberger und Prof. Dr. Scholz,"www.rechtsanwalt-wiesbaden.de, https://www.rechtsanwalt-wiesbaden.de/, "
Wohlfarth Dr. Gutmann Pitterle Zeller,"www.rechtsanwalt-wohlfarth.de, https://www.rechtsanwalt-wohlfarth.de, "
Rauschhofer,"www.rechtsanwalt.de, https://www.rechtsanwalt.de, "
Neumann,"www.rechtsanwalt.la, https://www.rechtsanwalt.la, "
Stiefel-Bechdolf & Haußmann,"www.rechtsanwaltskanzlei-heilbronn.de, https://www.rechtsanwaltskanzlei-heilbronn.de, "
Gerngross & Köck,"www.rechtsauskunft.at, https://www.rechtsauskunft.at, "
Schwenn & Krüger,"www.rechtschaffen.de, https://www.rechtschaffen.de, "
RechtStaete,"www.rechtstaete.nl, https://www.rechtstaete.nl, "
Recht & Management,"www.rechtundmanagement.de, https://www.rechtundmanagement.de, "
Recore,"www.recore-legal.com, https://www.recore-legal.com, "
Redeker Sellner Dahs,"www.redeker.de, https://www.redeker.de, "
Reed Smith,"www.reedsmith.com, https://www.reedsmith.com, "
Reeg,"www.reeglaw.com, https://www.reeglaw.com, "
Regelrecht,"www.regelrecht.at, https://www.regelrecht.at, "
Rehborn,"www.rehborn.com, https://www.rehborn.com, "
Reichert + App,"www.reichert-app.de, https://www.reichert-app.de, "
Reichlin & Hess,"www.reichlin-hess.ch, https://www.reichlin-hess.ch, "
Reifschläger,"www.reifschlaeger.com, https://www.reifschlaeger.com, "
Reimer,"www.reimer-rae.de, https://www.reimer-rae.de, "
Reinelt Maletzki,"www.reinelt-arbeitsrecht.de, https://www.reinelt-arbeitsrecht.de, "
Reinhart Boerner van Deuren,"www.reinhartlaw.com, https://www.reinhartlaw.com, "
Rosenthal + Reinprecht,"www.reinprecht-kollegen.de, https://www.reinprecht-kollegen.de, "
Reith Schick & Partner,"www.reithschick.de, https://www.reithschick.de, "
RellermeyerPartner,"www.rellermeyerpartner.de, https://www.rellermeyerpartner.de, "
Rembert,"www.rembert-rechtsanwaelte.de, https://www.rembert-rechtsanwaelte.de, "
Remé,"www.reme.de, https://www.reme.de, "
Renner Höllerl,"www.renner-law.com, https://www.renner-law.com, "
Grub Frank Bahmann Schickhardt Englert,"www.reno-lb.de, https://www.reno-lb.de, "
Plewnia & Mathern,"www.renoffm.de, https://www.renoffm.de, "
Rentsch & Partner,"www.rentschpartner.ch, https://www.rentschpartner.ch, "
Renz Schuhknecht Baumann,"www.renz-kollegen.de, https://www.renz-kollegen.de, "
R & P Legal,"www.replegal.it, https://www.replegal.it, "
Res Media,"www.res-media.net, https://www.res-media.net, "
Resch,"www.resch-rechtsanwaelte.de, https://www.resch-rechtsanwaelte.de, "
Ressos,"www.ressos.de, https://www.ressos.de, "
Reusch,"www.reuschlaw.de, https://www.reuschlaw.de, "
Reuss Rechtsanwälte,"www.reuss-insol.com, https://www.reuss-insol.com, "
Rewisto,"www.rewisto.de, https://www.rewisto.de, "
Rubin Glickman Steinberg and Gifford,"www.rgslaw.com, https://www.rgslaw.com, "
Rhotert & Partner,"www.rhotertundpartner.de, https://www.rhotertundpartner.de, "
Rizvi Isa Afridi & Angell,"www.riaalaw.com, https://www.riaalaw.com, "
Ribeiro Hui,"www.ribeirohui.com, https://www.ribeirohui.com, "
Richards Butler,"www.richardsbutler.com, https://www.richardsbutler.com, "
Richter,"www.richter-rae.de, https://www.richter-rae.de, "
Riegel Strehl,"www.riegel-strehl.de, https://www.riegel-strehl.de, "
Rieger & Reiling,"www.rieger-medizinrecht.de, https://www.rieger-medizinrecht.de, "
Rincke & Rübartsch,"www.rincke-ruebartsch.de, https://www.rincke-ruebartsch.de, "
Ringel & Hillebrand,"www.ringel-hillebrand.de, https://www.ringel-hillebrand.de, "
Ringstmeier & Kollegen,"www.ringstmeier.com, https://www.ringstmeier.com, "
Rinke & Wirth,"www.rinke-wirth.de, https://www.rinke-wirth.de, "
Rieder & Partner,"www.ripa.de, https://www.ripa.de, "
Reykjavik Investor Services,"www.rise.is, https://www.rise.is, "
Pikó,"www.ritapiko.com, https://www.ritapiko.com, "
Ritter Gent Collegen,"www.ritter-gent.de, https://www.ritter-gross.de/, "
Rittershaus,"www.rittershaus.net, https://www.rittershaus.net, "
Ritzer & Kollegen,"www.ritzer-kollegen.de, https://www.ritzer-kollegen.de, "
Pietrzyk&Kollegen,"www.rjp-law.eu, https://www.rjp-law.eu, "
rka Reichelt Klute Aßmann,"www.rka-law.de, https://www.rka-law.de, "
Roth Klein Gilcher & Partner,"www.rkgp.de, https://www.rkgp.de, "
Kunstadt,"www.rkunstadtpc.com, https://www.rkunstadtpc.com, "
Kroier & Weyer,"www.rkw-lawfirm.de, https://www.rkw-lawfirm.de, "
Liebs,"www.rl-kanzlei.de, https://www.rl-kanzlei.de, "
Raidla Lejins & Norcous,"www.rln.ee, https://www.rln.ee, "
Betz Rakete Dombek,"www.robe.org, https://www.robe.org, "
Roberts & Holland,"www.robertsandholland.com, https://www.robertsandholland.com, "
Robertsons,"www.robertsonshk.com, https://www.robertsonshk.com, "
Roca Junyent,"www.rocajunyent.com, https://www.rocajunyent.com, "
Rode + Mathé,"www.rodemathe.de, https://www.rodemathe.de, "
Rodrigo,"www.rodrigoabogados.es, https://www.rodrigoabogados.es, "
Rodyk & Davidson,"www.rodyk.com, https://www.rodyk.com, "
Rödl & Partner,"www.roedl.de, https://www.roedl.de, "
Rölfs RP,"www.roelfspartner.de, https://www.roelfspartner.de, "
Römermann,"www.roemermann-rechtsanwaelte.com, https://www.roemermann-rechtsanwaelte.com, "
Rössner,"www.roessner.de, https://www.roessner.de/, "
Roggelin & Partner,"www.roggelin.de, https://www.roggelin.de, "
Rohrbach & Partner,"www.rohrbach-rechtsanwaelte.de, https://www.rohrbach-rechtsanwaelte.de, "
Roithmaier & Kollegen,"www.roithmaier-rae.de, https://www.roithmaier-rae.de, "
Rokas & Partners,"www.rokas.com, https://www.rokas.com, "
Reimann Osterrieth Köhler Haft,"www.rokh-ip.com, https://www.rokh-ip.com, "
Rosenberger & Koch,"www.roko-law.de, https://www.roko-law.de, "
Rossbach & Fischer,"www.rolaw.de, https://www.rolaw.de, "
Rolema,"www.rolema.de, https://www.rolema.de, "
Romatka & Collegen,"www.romatka.de, https://www.romatka.de, "
Rombach & Steinfeld,"www.rombach-steinfeld.de, https://www.rombach-steinfeld.de, "
Roos Nelskamp Schumacher & Partner,"www.roos-nelskamp.de, https://www.roos-nelskamp.de, "
Roosendaal Keyzer,"www.roosendaal-keyzer.be, https://www.roosendaal-keyzer.be, "
Roos,"www.rooslegal.de, https://www.rooslegal.de, "
Ropes & Gray,"www.ropesgray.com, https://www.ropesgray.com, "
Roschier,"www.roschier.com, https://www.roschier.com, "
Rosenblatt,"www.rosenblatt-law.co.uk, https://www.rosenblatt-law.co.uk, "
Berethalmy Deuretzbacher & Partner,"www.rosenburse.at, https://www.rosenburse.at, "
Rosenich,"www.rosenich.com, https://www.rosenich.com, "
Kollmar Deby & Sinz,"www.rosenkol.de, https://www.rosenkol.de, "
Rosensteel,"www.rosensteellaw.com, https://www.rosensteellaw.com, "
Rose & Partner,"www.rosepartner.de, https://www.rosepartner.de, "
Roser,"www.roser-hamburg.de, https://www.roser-hamburg.de, "
Gottlieb Rosa,"www.rosgot.com, https://www.rosgot.com, "
Rospatt Osten Pross,"www.rospatt.de, https://www.rospatt.de/, "
Muranov Chernyakov & Partners,"www.rospravo.com, https://www.rospravo.com, "
Ross,"www.ross.nl, https://www.ross.nl, "
Rossbach & Beier,"www.rossbach-beier.com, "
Rossbach,"www.rossbach-legal.com, https://www.rossbach-legal.com, "
Ross Madden Law,"www.rossmaddenlaw.com, https://www.rossmaddenlaw.com, "
Roßmann Gromes Püchner,"www.rossmann-collegen.de, https://www.rossmann-collegen.de, "
Rotberg,"www.rotberg-law.de, https://www.rotberg-law.de, "
Rotter,"www.rotter-rechtsanwaelte.de, https://www.rotter-rechtsanwaelte.de, "
Rotthege Wassermann,"www.rotthege.com, https://www.rotthege.com, "
Rouse,"www.rouse.com, https://www.rouse.com, "
Rowedder Zimmermann Hass,"www.rowedder.de, https://www.rowedder.de, "
Rowland & Petroff,"www.rowlandlaw.com, https://www.rowlandlaw.com, "
Roxin,"www.roxin.de, https://www.roxin.de, "
RP Richter & Partner,"www.rp-richter.de, https://www.rp-richter.de, "
Ruhmann Peters Altmeyer,"www.rpa-kanzlei.de, https://www.rpa-kanzlei.de, "
Ratajczak & Partner,"www.rpmed.de, https://www.rpmed.de, "
RPO Ruttkamp Portz Oberthür,"www.rpo-rechtsanwaelte.de, https://www.rpo-rechtsanwaelte.de, "
RPS Stahmer,"www.rps-stahmer.de, https://www.rps-stahmer.de, "
Reiners Rogge,"www.rr-anwalt.de, https://www.rr-anwalt.de, "
Rott Růzička & Guttmann,"www.rrg.cz, https://www.rrg.cz, "
Renzenbrink Raschke von Knobelsdorff Heiser,"www.rrkh.de, https://www.rrkh.de, "
Remmertz Son,"www.rs-iplaw.de, https://www.rs-iplaw.de, "
Rings + Spranger,"www.rs-patent.de, https://www.rs-patent.de, "
Ritter & Sieversen,"www.rs-recht.de, https://www.rs-recht.de, "
RSG Rechtsanwälte und Notar,"www.rsg-law.de, https://www.rsg-law.de, "
Rau Schneck & Hübner,"www.rsh-patent.de, https://www.rsh-patent.de, "
Runkel Schneider Weber,"www.rsw-anwaelte.de, https://www.rsw-anwaelte.de, "
Rüffert,"www.rueffert-rae.de, https://www.rueffert-rae.de, "
Ruge Krömer,"www.rugekroemer.de, https://www.rugekroemer.de, "
Ruhwinkel Hamberger,"www.ruha.de, https://www.ruha.de, "
Ruig + Partners,"www.ruigpartners.nl, https://www.ruigpartners.nl, "
Rumpf,"www.rumpf-rechtsanwaelte.de, https://www.rumpf-rechtsanwaelte.de, "
Russell McVeagh,"www.russellmcveagh.com, https://www.russellmcveagh.com, "
Rubin Winston Diercks Harris & Cooke,"www.rwdhc.com, https://www.rwdhc.com, "
Wichterich,"www.rwlaw.de, https://www.rwlaw.de, "
RWP Rechtsanwälte,"www.rwp.de, https://www.rwp.de, "
RWT Anwaltskanzlei,"www.rwt-gruppe.de, https://www.rwt-gruppe.de, "
RWV Advocaten,"www.rwv.nl, https://www.rwv.nl, "
rwzh Roetzer Wachinger Zoebisch,"www.rwzh.de, https://www.rwzh.de, "
Rötzel Zieliński,"www.rz-recht.de, https://www.rz-recht.de, "
Horowitz & Co.,"www.s-horowitz.com, https://www.s-horowitz.com, "
Schothöfer & Lorenzen-Post,"www.s-lp.de, https://www.s-lp.de, "
Siebicke + Wanner-Laufer,"www.s-wl.de, https://www.s-wl.de, "
Vièl & Wieske,"www.saarpatent.de, https://www.saarpatent.de, "
Saba & Co. IP Group,"www.sabaip.com, https://www.sabaip.com, "
Zentek,"www.sabine-zentek.de, https://www.sabine-zentek.de, "
Sachse,"www.sachse-law.de, https://www.sachse-law.de, "
Saegusa,"www.saegusa-pat.jp, https://www.saegusa-pat.jp, "
SHNF,"www.saemisch-herbener.de, https://www.saemisch-herbener.de, "
SAI,"www.sai.com.mx, https://www.sai.com.mx, "
Sakowski,"www.sakowski.de, https://www.sakowski.de, "
Salans,"www.salans.com, https://www.salans.com, "
Salger,"www.salger.com, https://www.salger.com, "
Salleck + Partner,"www.salleck.de, https://www.salleck.de, "
SALT Studio Associato Legale Tributario,"www.saltlaw.ru, https://www.saltlaw.ru, "
Sammler Usinger,"www.sammlerusinger.com, https://www.sammlerusinger.com, "
Sampaio Ferraz,"www.sampaioferraz.com.br, https://www.sampaioferraz.com.br, "
Samson & Partner,"www.samson-partner.de, https://www.samson-partner.de, "
Sander & Krüger,"www.sander-krueger.de, https://www.sander-krueger.de, "
Sander,"www.sanderlegal.de, https://www.sanderlegal.de, "
Sandkuhl,"www.sandkuhl-rechtsanwaelte.de, https://www.sandkuhl-rechtsanwaelte.de, "
Sándor Szegedi Szent Ivány Komáromi Eversheds,"www.sandor-advocat.hu, https://www.sandor-advocat.hu, "
Smith & Partners,"www.sandplaw.com, https://www.sandplaw.com, "
Sankyo,"www.sankyo-pat.gr.jp, https://www.sankyo-pat.gr.jp, "
Santiago Mediano,"www.santiagomediano.com, https://www.santiagomediano.com, "
Saone-Rhone,"www.saone-rhone.com, https://www.saone-rhone.com, "
Sasse & Partner,"www.sasse-partner.com, https://www.sasse-partner.com, "
Satell,"www.satell.de, https://www.satell.de, "
Sattler & Schanda,"www.sattler.co.at, https://www.sattler.co.at, "
Sattler,"www.sattler.de, https://www.sattler.de, "
Sauerborn,"www.sauerborn.de, https://www.sauerborn.de, "
Saul Ewing,"www.saul.com, https://www.saul.com, "
Sayenko Kharenko,"www.sayenkokharenko.com, https://www.sayenkokharenko.com, "
Al-Suwaiket & Bader Al-Busaies,"www.sb-lawyersweb.com, https://www.sb-lawyersweb.com, "
SBKG & associés,"www.sbkg.eu, https://www.sbkg.eu, "
SBL Rechtsanwälte,"www.sbl-rechtsanwaelte.de, https://www.sbl-rechtsanwaelte.de, "
SBR Schuster Berger Bahr Ahrens,"www.sbr-net.com, https://www.sbr-net.com, "
Schlütter Bornheim Seitz,"www.sbs-koeln.de, https://www.sbs-koeln.de, "
Kessler Topaz Meltzer & Check,"www.sbtklaw.com, https://www.sbtklaw.com, "
Schaal & Partner,"www.schaalundpartner.de, https://www.schaalundpartner.de, "
Schackow & Partner,"www.schackow.de, https://www.schackow.de, "
Schadbach,"www.schadbach.de, https://www.schadbach.de, "
Schäfer & Partner,"www.schaefer-partner.net, https://www.schaefer-partner.net, "
Schäfer & Kollegen,"www.schaefer-und-kollegen.de, https://www.schaefer-und-kollegen.de, "
Schämann,"www.schaemann.com, https://www.schaemann.com, "
Schaffrath & Metzmacher,"www.schaffrathlaw.de, https://www.schaffrathlaw.de, "
Schalast & Partner,"www.schalast.com, https://www.schalast.com, "
Scharf,"www.scharfrechtsanwaelte.de, https://www.scharfrechtsanwaelte.de, "
Scharpf & Associates,"www.scharpf-law.de, https://www.scharpf-law.de, "
Schaudt,"www.schaudt.eu, https://www.schaudt.eu, "
Scheele & Partner,"www.scheele-law.de, https://www.scheele-law.de, "
Scheer und Hartmann,"www.scheer-hartmann.de, https://www.scheer-hartmann.de, "
Scheerer & Mertens,"www.scheerer-mertens.de, https://www.scheerer-mertens.de, "
Scheffler,"www.scheffler-ra.de, https://www.scheffler-ra.de, "
Scheiber & Partner,"www.scheiberpartner.de, https://www.scheiberpartner.de, "
Scheid & Kollegen,"www.scheid-rechtsanwaelte.de, https://www.scheid-rechtsanwaelte.de, "
Scheidle & Partner,"www.scheidle-partner.de, https://www.scheidle-partner.de, "
Scheja,"www.scheja.de, https://www.scheja.de, "
Schelling & Partner,"www.schelling.de, https://www.schelling.de/, "
Schemmann und Dr. Helene Ludewig,"www.schemmannludewig.de, https://www.schemmannludewig.de, "
Schenck,"www.schencklaw.de, https://www.schencklaw.de, "
Scherbaum Seebacher,"www.scherbaum-seebacher.at, https://www.scherbaum-seebacher.at, "
Schertz Bergmann,"www.schertz-bergmann.de, https://www.schertz-bergmann.de, "
Scheuer Kloevekorn,"www.scheuerkloevekorn.de, https://www.scheuerkloevekorn.de, "
Schicker Thies,"www.schickerthies.de, https://www.schickerthies.de, "
Schiebe und Collegen,"www.schiebe.de, https://www.schiebe.de, "
Schiedermair,"www.schiedermair.com, https://www.schiedermair.com, "
Schiefer & Schmid,"www.schiefer-schmid.de, https://www.schiefer-schmid.de, "
Schiffer & Partner,"www.schiffer.de, https://www.schiffer.de, "
Schiff Hardin,"www.schiffhardin.com, https://www.schiffhardin.com, "
Schillberg & Partner,"www.schillbergpartner.de, https://www.schillbergpartner.de, "
Schiller & Kollegen,"www.schiller-kollegen.com, https://www.schiller-kollegen.com, "
Schiller,"www.schillerabogados.com, https://www.schillerabogados.com, "
Schindhelm,"www.schindhelm.net, https://www.schindhelm.net, "
Schindler-Abbes & Dr. Böth,"www.schindler-abbes.de, https://www.schindler-abbes.de, "
Schindler Boltze,"www.schindlerboltze.de, https://www.schindlerboltze.de, "
Schippmann & Melzer,"www.schippmann-melzer.de, https://www.schippmann-melzer.de, "
Schlarmann von Geyso,"www.schlarmannvongeyso.de, https://www.schlarmannvongeyso.de, "
Schleifenbaum & Adler,"www.schleifenbaum-siegen.de, https://www.schleifenbaum-siegen.de, "
Schlünder,"www.schluender.info, https://www.schluender.info, "
Schlüter Graf & Partner,"www.schlueter-graf.de, https://www.schlueter-graf.de, "
Schlutius,"www.schlutius-hamburg.de, https://www.schlutius-hamburg.de/, "
Schmalz,"www.schmalzlegal.com, https://www.schmalzlegal.com, "
Schmeel Reuther,"www.schmeel-reuther.de, https://www.schmeel-reuther.de, "
Schmidt,"www.schmidt-llc.com, https://www.schmidt-llc.com, "
Schmidt Nickelsen,"www.schmidt-rechtsanwaelte.de, https://www.schmidt-rechtsanwaelte.de, "
Schmidt-Westphal,"www.schmidt-westphal.de, https://www.schmidt-westphal.de, "
Schmitz Knoth,"www.schmitzknoth.de, https://www.schmitzknoth.de, "
Schmitz Anwaltsbüro,"www.schmitzlaw.de, https://www.schmitzlaw.de, "
Schmitz & Partner,"www.schmitzpartner-ffm.de, https://www.schmitzpartner-ffm.de, "
Schnader Harrison Segal & Lewis,"www.schnader.com, https://www.schnader.com, "
Schneider Seneca & Partner,"www.schneider-seneca.de, https://www.schneider-seneca.de, "
Schneider Geiwitz & Partner,"www.schneidergeiwitz.de, https://www.schneidergeiwitz.de, "
Schnutenhaus & Kollegen,"www.schnutenhaus-kollegen.de, https://www.schnutenhaus-kollegen.de, "
Scholz & Weispfenning,"www.scho-wei.de, https://www.scho-wei.de, "
Schoch Auer & Partner,"www.schochauer.ch, https://www.schochauer.ch, "
Schönherr,"www.schoenherr.eu, https://www.schoenherr.eu, "
Schohe,"www.schohe.com, https://www.schohe.com, "
Scholtka & Partner,"www.scholtka-partner.de, https://www.scholtka-partner.de, "
Schomerus & Partner,"www.schomerus.de, https://www.schomerus.de, "
Schoppe Zimmermann Stöckeler & Zinkler,"www.schoppe-zimmermann.com, https://www.schoppe-zimmermann.com, "
Schott,"www.schott-law.de, https://www.schott-law.de, "
Schrade & Partner,"www.schrade-partner.de, https://www.schrade-partner.de, "
Schrader Straube Siebert,"www.schrader-straube.de, https://www.schrader-straube.de, "
Schramek Meier & Coll.,"www.schramek-meier.de, https://www.schramek-meier.de, "
Schramm Öhler,"www.schramm-oehler.at, https://www.schramm-oehler.at, "
Schramm Meyer Kuhnke,"www.schrammmeyerkuhnke.de, https://www.schrammmeyerkuhnke.de, "
Schreckenberg & Parniere,"www.schreckenberg-associes.avocat.fr, https://www.schreckenberg-associes.avocat.fr, "
Schreiber Hahn Sommerlad,"www.schreiberhahn.de, https://www.schreiberhahn.de, "
Schröder Rechtsanwälte,"www.schroeder-rechtsanwaelte.de, https://www.schroeder-rechtsanwaelte.de, "
Schröder Fischer,"www.schroederfischer.de, https://www.schroederfischer.de, "
Schultze & Braun,"www.schubra.de, https://www.schubra.de, "
Schüller und Dr. Oertel,"www.schueller-oertel.de, https://www.schueller-oertel.de, "
Schürmann & Glashoff,"www.schuermann-glashoff.de, https://www.schuermann-glashoff.de, "
Schütte,"www.schuette-law.com, https://www.schuette-law.com, "
Schütte Richter & Partner,"www.schuetterichter.de, https://www.schuetterichter.de, "
Schüttners Hartmann Hug,"www.schuettners.de, https://www.schuettners.de, "
Schütze Schmieder,"www.schuetze-schmieder.de, https://www.schuetze-schmieder.de, "
Schumacher Lotz,"www.schulotz.de, https://www.schulotz.de, "
Schulte,"www.schulte-law.de, https://www.schulte-law.de, "
Schulte Riesenkampff,"www.schulte-lawyers.de, https://www.schulte-lawyers.de, "
Schulte & Karlsfeld,"www.schulteundkarlsfeld.de, https://www.schulteundkarlsfeld.de, "
Schultz und Seldeneck,"www.schultzundseldeneck.de, https://www.schultzundseldeneck.de, "
Schulze-Hagen & Horschitz,"www.schulze-hagen.com, https://www.schulze-hagen.com, "
Schumacher & Partner,"www.schumacher-partner.de, https://www.schumacher-partner.de, "
Schumann,"www.schumann-law.de, https://www.schumann-law.de, "
Schumm & Aigner,"www.schumm-aigner.de, https://www.schumm-aigner.de, "
Schwartz,"www.schwartz-rae.de, https://www.schwartz-rae.de, "
Schwarz Schönherr,"www.schwarz-schoenherr.com, https://www.schwarz-schoenherr.com, "
Schwarz,"www.schwarzrechtsanwaelte.de, https://www.schwarzrechtsanwaelte.de, "
Schwegler,"www.schwegler-rechtsanwaelte.de, https://www.schwegler-rechtsanwaelte.de, "
Schweibert Leßmann & Partner,"www.schweibertlessmann.de, https://www.schweibertlessmann.de, "
Schwenke & Schütz,"www.schwenke-schuetz.de, https://www.schwenke-schuetz.de, "
Scordis Papapetrou & Co.,"www.scordispapapetrou.com, https://www.scordispapapetrou.com, "
Schmit Chretien Schihin & Mahler,"www.scsm-ip.com, https://www.scsm-ip.com, "
SCWP Schindhelm,"www.scwp.at, https://www.scwp.at, "
Sedlmeier & Dr. Dihsmaier,"www.sd-anwaelte.de, https://www.sd-anwaelte.de, "
SDZLegal Schindhelm,"www.sdzlegal.pl, https://www.sdzlegal.pl, "
Seckler,"www.secklerlegal.ch, https://www.secklerlegal.ch, "
Seeberg,"www.seeberg-rechtsanwaelte.de, https://www.seeberg-rechtsanwaelte.de, "
Berger Hauser Del Grande,"www.seestrasse.ch, https://www.seestrasse.ch, "
Seibel & Walter,"www.seibel-walter.de/, https://www.seibel-walter.de/, "
Seibert Link,"www.seibertlink.de, https://www.seibertlink.de, "
Seimetz & Kollegen,"www.seimetz-rechtsanwaelte.de, https://www.seimetz-rechtsanwaelte.de, "
Seitz Weckbach Fackler,"www.seitz-partner.de, https://www.seitz-partner.de, "
Seiwa Patent & Law,"www.seiwapat.jp, https://www.seiwapat.jp, "
Sekkat,"www.sekkatlawfirm.com, https://www.sekkatlawfirm.com, "
Seland,"www.seland-law.no, https://www.seland-law.no, "
Selmer,"www.selmer.no, https://www.selmer.no, "
Selting + Baldermann,"www.selting-baldermann.de, https://www.selting-baldermann.de, "
Senguler & Senguler,"www.senguler.av.tr, https://www.senguler.av.tr, "
Seppelt & Müller,"www.seppelt-mueller.de, https://www.seppelt-mueller.de, "
Serle Court,"www.serlecourt.co.uk, https://www.serlecourt.co.uk, "
Sernetz Schäfer,"www.sernetz-schaefer.de, https://www.sernetz-schaefer.de, "
Servatius,"www.servatius-law.de, https://www.servatius-law.de, "
Sérvulo & Associados,"www.servulo.com, https://www.servulo.com, "
SES Eulitz Schrader,"www.ses-legal.de, https://www.ses-legal.de, "
Segelken & Suchopar,"www.sesu.de, https://www.sesu.de, "
Setterwalls,"www.setterwalls.se, https://www.setterwalls.se, "
Seufert,"www.seufert-law.de, https://www.seufert-law.de, "
Seyfarth Shaw,"www.seyfarth.com, https://www.seyfarth.com, "
Schotten Fridrich Bannasch,"www.sfb-rae.de, https://www.sfb-rae.de, "
Seebacher Fleischmann Müller,"www.sfm-arbeitsrecht.de, https://www.sfm-arbeitsrecht.de, "
SFP Salvador Ferrandis & Partners,"www.sfplegal.com, https://www.sfplegal.com, "
Schmitt-Rolfes Faltermeier,"www.sfs-law.de, https://www.sfs-law.de, "
Straßer Feyock Ventroni Deubzer,"www.sfvd.de, https://www.sfvd.de, "
Schilling,"www.sg-ius.de, https://www.sg-ius.de, "
SGH Martineau,"www.sghmartineau.com, https://www.sghmartineau.com, "
Smith Gambrell & Russell,"www.sgrlaw.com, https://www.sgrlaw.com, "
Salomonowitz Horak,"www.sh-ip.at, https://www.sh-ip.at, "
Shearman & Sterling,"www.shearman.com, https://www.shearman.com, "
Shendalaw Partners,"www.shendalaw.com, https://www.shendalaw.com, "
Sheppard Mullin Richter & Hampton,"www.sheppardmullin.com, https://www.sheppardmullin.com, "
Shepherd & Wedderburn,"www.shepwedd.co.uk, https://www.shepwedd.co.uk, "
Sheridan Ross,"www.sheridanross.com, https://www.sheridanross.com, "
Sheridans,"www.sheridans.co.uk, https://www.sheridans.co.uk, "
Steinmetz Haring Gurman & Co.,"www.shg-law.co.il, https://www.shg-law.co.il, "
Siebeck Hofman Voßen & Kollegen,"www.shk-law.de, https://www.shk-law.de, "
Sullivan Hill Lewin Rez & Engel,"www.shlaw.com, https://www.shlaw.com, "
Stephenson Harwood,"www.shlegal.com, https://www.shlegal.com, "
Stolmár & Partner,"www.shp-ip.com, https://www.shp-ip.com, "
Sparwasser & Heilshorn,"www.shp-rechtsanwaelte.de, https://www.shp-rechtsanwaelte.de, "
Stelzer Hoffmann Sauter,"www.shs-freiburg.de, https://www.shs-freiburg.de, "
Shulman Rogers Gandal Pordy & Ecker,"www.shulmanrogers.com, https://www.shulmanrogers.com, "
Siwe Sinzger & Partner,"www.si-we.de, https://www.si-we.de, "
Sibeth,"www.sibeth.com, https://www.sibeth.com, "
Sidley Austin,"www.sidley.com, https://www.sidley.com, "
Siebeke Lange Wilbert,"www.siebeke.com, https://www.siebeke.com/, "
Sievert,"www.sievert-legal.com, https://www.sievert-legal.com, "
Sigeman & Co,"www.sigeman.se, https://www.sigeman.se, "
Signature Litigation,"www.signaturelitigation.com, https://www.signaturelitigation.com, "
Wagner,"www.sigurdwagner.de, https://www.sigurdwagner.de, "
Silbersack & Rauschenbach,"www.silbersack-rauschenbach.de, https://www.silbersack-rauschenbach.de, "
M S L Dr. Silcher,"www.silcher.com, https://www.silcher.com, "
Sills Cummis & Gross,"www.sillscummis.com, https://www.sillscummis.com, "
Simmons und Simmons,"www.simmons-simmons.com, https://www.simmons-simmons.com, "
Simmons & Simmons,"www.simmons-simmons.com, https://www.simmons-simmons.com, "
Simon und Partner,"www.simon-law.de, https://www.simon-law.de, "
Simon Associés,"www.simonassocies.com, https://www.simonassocies.com, "
Simoneit & Skodda,"www.simoneit-skodda.de/, https://www.simoneit-skodda.de/, "
Tortell & Associates,"www.simontortell.com, https://www.simontortell.com, "
Simpson Thacher & Bartlett,"www.simpsonthacher.com, https://www.simpsonthacher.com, "
Sina Maassen,"www.sina-maassen.de, https://www.sina-maassen.de/, "
Singhania & Partners,"www.singhania.in, https://www.singhania.in, "
Siqueira Castro,"www.siqueiracastro.com.br, https://www.siqueiracastro.com.br, "
SJ Berwin,"www.sjberwin.com, https://www.sjberwin.com, "
SJL Sedlo Jimenez Lunz,"www.sjl-legal.com, https://www.sjl-legal.com, "
Schmidt-Jortzig Petersen Penzlin,"www.sjpp.de, https://www.sjpp.de, "
SK Rechtsanwälte,"www.sk-anwaelte.de, https://www.sk-anwaelte.de, "
Stahl & Kessler,"www.sk-stuttgart.de, https://www.sk-stuttgart.de, "
Kunz & Kessler,"www.sk-stuttgart.de, https://www.sk-stuttgart.de, "
Skadden Arps Slate Meagher & Flom,"www.skadden.com, https://www.skadden.com, "
Skanlaw,"www.skanlaw.com, https://www.skanlaw.com, "
Schulze Küster Müller Mueller,"www.skmm.de, https://www.skmm.de, "
Senfft Kersten Nabert van Eendenburg,"www.skne.de, https://www.skne.de, "
Stahl Krafzik & Partner,"www.skp-hagen.de/, https://www.skp-hagen.de/, "
Soltysinski Kawecki & Szelak,"www.skslegal.pl, https://www.skslegal.pl, "
SKW Schwarz,"www.skwlaw.de, https://www.skwlaw.de, "
Silberberger Lorenz,"www.sl-arbeitsrecht.de, https://www.sl-arbeitsrecht.de, "
Slaughter and May,"www.slaughterandmay.com, https://www.slaughterandmay.com, "
SLB Kloepper,"www.slb-law.de, https://www.slb-law.de, "
Serra Lopes Cortes Martins,"www.slcm.pt, https://www.slcm.pt, "
SLP Dr. Schmitt Rosbach & Partner,"www.slp-anwaelte.de, https://www.slp-anwaelte.de/, "
SLP Dr. Seier & Lehmkühler,"www.slp-anwaltskanzlei.de, https://www.slp-anwaltskanzlei.de, "
Biscozzi Nobili,"www.slta.it, https://www.slta.it, "
Savin Martinet Associés,"www.smaparis.com, https://www.smaparis.com, "
Smith Moore Leatherwood,"www.smithmoorelaw.com, https://www.smithmoorelaw.com, "
SMK Silbersack Mägel & Kollegen,"www.smk-rechtsanwaelte.de, https://www.smk-rechtsanwaelte.de, "
SMNG,"www.smng.de, https://www.smng.de, "
Schulz Noack Bärwinkel,"www.snb-law.de, https://www.snb-law.de/, "
SNP Schlawien,"www.snp-online.de, https://www.snp-online.de, "
SNR Denton,"www.snrdenton.com, https://www.snrdenton.com, "
Stapf Neuhauser Weber-Wilfert,"www.snwlaw.at, https://www.snwlaw.at, "
Sobczak & Kollegen,"www.sobczak-partner.de, https://www.sobczak-partner.de, "
S&P Söffing,"www.soeffing-partner.com, https://www.soeffing-partner.com, "
Société Juridique & Fiscale Franco-Allemande,"www.soffal.com, https://www.soffal.com, "
Soffal,"www.soffal.de, https://www.soffal.de, "
Soga & Co.,"www.sogapat.com, https://www.sogapat.com, "
Schmidt von der Osten & Huber,"www.soh.de, https://www.soh.de, "
Sójka & Maciak,"www.sojka-maciak.com, https://www.sojka-maciak.com, "
Soleos,"www.soleos.com, https://www.soleos.com, "
Solf & Zapf,"www.solf-zapf.de, https://www.solf-zapf.de, "
Sonn & Partner,"www.sonn.at, https://www.sonn.at, "
Sonntag & Partner,"www.sonntag-partner.de, https://www.sonntag-partner.de, "
Sontheimer & Coll.,"www.sontheimer-ra.de, https://www.sontheimer-ra.de, "
3-4 South Square,"www.southsquare.com, https://www.southsquare.com, "
Graf von Stosch,"www.sp-patent.de, https://www.sp-patent.de, "
Spamer Triebel,"www.spamertriebel.co.za, https://www.spamertriebel.co.za, "
SPCG,"www.spcg.pl, https://www.spcg.pl, "
Specht Böhm,"www.spechtboehm.com, https://www.spechtboehm.com, "
Speechly Bircham,"www.speechlybircham.co.uk/, https://www.speechlybircham.co.uk/, "
Sperling & Slater,"www.sperling-law.com, https://www.sperling-law.com, "
Spieker & Jaeger,"www.spieker-jaeger.de, https://www.spieker-jaeger.de/, "
Spilker & Coll.,"www.spilkerundcollegen.de, https://www.spilkerundcollegen.de, "
Spillner & Spitz,"www.spillnerspitz.de, https://www.SpillnerSpitz.de, "
Spitz Gaul Golda,"www.spitzlegal.com, https://www.spitzlegal.com, "
Spitzweg,"www.spitzweg.com, https://www.spitzweg.com, "
Splanemann,"www.splanemann.eu, https://www.splanemann.eu, "
Sprenger,"www.sprenger-law.com, https://www.sprenger-law.com, "
Spangenberg & Sickmüller,"www.spsls.de, https://www.spsls.de, "
SQR Rechtsanwälte,"www.sqr-law.de, https://www.sqr-law.de, "
Squire Sanders,"www.squiresanders.com, https://www.squiresanders.com, "
Schlüter Riedenklau & Kollegen,"www.srd.net, https://www.srd.net/, "
SRF Sickenberger Rehmet Frauenknecht,"www.srf-hn.de, https://www.srf-hn.de, "
Schulte Roth & Zabel,"www.srz.com, https://www.srz.com, "
Satterlee Stephens Burke & Burke,"www.ssbb.com, https://www.ssbb.com, "
Squire Sanders & Dempsey,"www.ssd.com, https://www.ssd.com, "
Soewito Suhardiman Eddymurthy Kardono,"www.ssek.com, https://www.ssek.com, "
Siemer Siegl Füreder & Partner,"www.ssfp-law.at, https://www.ssfp-law.at, "
Schirp Schmidt-Morsbach Neusel,"www.ssma.de, https://www.ssma.de, "
Schwabe Sandmair Marx,"www.ssmpatent.de, https://www.ssmpatent.de, "
Stoffel Strunden Oetzel Dieth,"www.ssod.de, https://www.ssod.de, "
SSP-Law,"www.ssp-law.de, https://www.ssp-law.de, "
SSP Schiessl,"www.ssp-online.com, https://www.ssp-online.com, "
SSP Strauch Schuster & Partner,"www.ssp.de, https://www.ssp.de, "
Staiger Schwald & Partner,"www.ssplaw.ch, https://www.ssplaw.ch, "
SSW Schneider Schiffer Weihermüller,"www.ssw-muc.de, https://www.ssw-muc.de, "
Schulz Tegtmeyer Sozien,"www.st-sozien.de, https://www.st-sozien.de, "
Staab & Kollegen,"www.staab-online.com, https://www.staab-online.com, "
Staatz & Collegen,"www.staatz-collegen.de, https://www.staatz-collegen.de, "
Stahl,"www.stahl-kreuztal.de, https://www.stahl-kreuztal.de, "
Stahl von Deringer,"www.stahlvonderinger.com, https://www.stahlvonderinger.com, "
Stalfort,"www.stalfort.ro, https://www.stalfort.ro, "
Stammkötter Scharlemann,"www.stammkoetter.de, https://www.stammkoetter.de, "
Stange & Westhoff,"www.stange-westhoff.de, https://www.stange-westhoff.de, "
Stapper,"www.stapper.in, https://www.stapper.in, "
Starke Rechtsanwälte,"www.starke-rechtsanwaelte.de, https://www.starke-rechtsanwaelte.de, "
Simon & Schubert,"www.starken-luettge.de, https://www.starken-luettge.de, "
Staudacher,"www.staudacher-arbeitsrecht.de, https://www.staudacher-arbeitsrecht.de, "
Steen,"www.steenrae.de, https://www.steenrae.de, "
Steenstrup Stordrange,"www.steenstrup.no, https://www.steenstrup.no, "
Steffek,"www.steffek-arbeitsrecht.de, https://www.steffek-arbeitsrecht.de, "
Steiner Mittländer Fischer,"www.steiner-mittlaender.de, https://www.steiner-mittlaender.de, "
Steinhöfel,"www.steinhoefel.de, https://www.steinhoefel.de, "
Steiniger,"www.steiniger-patent.de, https://www.steiniger-patent.de, "
Steinkrüger Stingl & Partner,"www.steinkrueger.com, https://www.steinkrueger.com, "
Steinkühler,"www.steinkuehler-arbeitsrecht.de, https://www.steinkuehler-arbeitsrecht.de, "
Steinpilz,"www.steinpilz.de, https://www.steinpilz.de, "
Steinrücke Sausen,"www.steinruecke-sausen.de, https://www.steinruecke-sausen.de, "
Stein & Partner,"www.steinundpartner-rechtsanwaelte.de, https://www.steinundpartner-rechtsanwaelte.de, "
Stek,"www.steklaw.com, https://www.steklaw.com, "
Stellmach & Bröckers,"www.stellmach-broeckers.de, https://www.stellmach-broeckers.de, "
Pantaleon genannt Stemberg Nehrig & Weis,"www.stemberg.de, https://www.stemberg.de, "
Steptoe & Johnson,"www.steptoe.com, https://www.steptoe.com, "
Sterr-Kölln & Partner,"www.sterr-koelln.com, https://www.sterr-koelln.com, "
Stetter,"www.stetterlegal.com, https://www.stetterlegal.com, "
Grezesch & Bachmann,"www.steuer-strafrecht.de, https://www.steuer-strafrecht.de, "
Streck Mack Schwedhelm,"www.steueranwalt.de, https://www.steueranwalt.de, "
Haas,"www.steuerrecht.ph, https://www.steuerrecht.ph, "
Stenger Watzke Ring,"www.stewari.de, https://www.stewari.de, "
Stibbe,"www.stibbe.nl, https://www.stibbe.nl, "
Stiebitz & Handke,"www.stiebitz-handke.de, https://www.stiebitz-handke.de, "
Stieger,"www.stieger-direct.ch/, https://www.stieger-direct.ch/, "
Stiff und Partner,"www.stiff.de, https://www.stiff.de, "
Stikeman Elliott,"www.stikeman.com, https://www.stikeman.com, "
Stobbe,"www.stobbe.de, https://www.stobbe.de, "
Stock Aders + Partner,"www.stock-rechtsanwaelte.de, https://www.stock-rechtsanwaelte.de, "
Stoffregen,"www.stoffregen.net, https://www.stoffregen.net, "
Stojanoski,"www.stojanoskilt.com, https://www.stojanoskilt.com, "
Stoll & Schulte,"www.stollschulte.com, https://www.stollschulte.com, "
Stopp & Stopp,"www.stoppandstopp.com, https://www.stoppandstopp.com, "
Sträter,"www.straeterlawyers.de, https://www.straeterlawyers.de, "
Albert & Piel,"www.strafrecht-albert-piel.de, https://www.strafrecht-albert-piel.de, "
Wessing & Partner,"www.strafrecht.de, https://www.strafrecht.de, "
Strafrechtskanzlei,"www.strafrechtskanzlei.de, https://www.strafrechtskanzlei.de, "
Amelung und Partner,"www.strafverteidgung-muenchen.de, https://www.strafverteidgung-muenchen.de, "
Joester & Partner,"www.strafverteidiger-bremen.de, https://www.strafverteidiger-bremen.de, "
Köllner,"www.strafverteidiger.de, https://www.strafverteidiger.de, "
Strafverteidigerbüro,"www.strafverteidigerbuero.de, https://www.strafverteidigerbuero.de, "
Kipper + Durth,"www.strafverteidigerkanzlei.de, https://www.strafverteidigerkanzlei.de, "
Strate und Ventzke,"www.strate.net, https://www.strate.net, "
Strauss & Troy,"www.strausstroy.com, https://www.strausstroy.com, "
Strehl Schübel-Hopf & Partner,"www.strehl-partner.de, https://www.strehl-partner.de, "
Streitbörger Speckmann,"www.streitboerger-speckmann.de, https://www.streitboerger-speckmann.de, "
Streitz Tegeler,"www.streitz-tegeler.de, https://www.streitz-tegeler.de, "
Strömer,"www.stroemer.de, https://www.stroemer.de, "
Strohe & Strohe,"www.strohe-law.de, https://www.strohe-law.de, "
Stroock & Stroock & Lavan,"www.stroock.com, https://www.stroock.com, "
Stros I Kusák I Čermák,"www.stroskusak.cz, https://www.stroskusak.cz, "
Strunk Kolaschnik,"www.strunk-kolaschnik.de, https://www.strunk-kolaschnik.de, "
Beisler & Struppler,"www.struppler.de, https://www.struppler.de, "
Secretan Troyanov Schaer,"www.sts-law.ru, https://www.sts-law.ru, "
Stankewitz Tambor Schmitte,"www.sts-rechtsanwaelte.de, https://www.sts-rechtsanwaelte.de, "
Schwemer Titz & Tötter,"www.stt-hh.de, https://www.stt-hh.de, "
Schaumburg Thoenes Thurn Landskron,"www.stt-pat.com, https://www.stt-pat.com, "
Mattia Dalla Costa und Kollegen,"www.studio-lca.com, https://www.studio-lca.com, "
Albertazzi & Associati,"www.studioalbertazzi.it, https://www.studioalbertazzi.it, "
Carbonetti,"www.studiocarbonetti.it, https://www.studiocarbonetti.it, "
Pirola Pennuto Zei & Associati,"www.studiopirola.com, https://www.studiopirola.com, "
Sardano,"www.studiosardano.it, https://www.studiosardano.it, "
Torta Jorio Prato Boggio & Partners,"www.studiotorta.it, https://www.studiotorta.it, "
Tosato,"www.studiotosato.it, https://www.studiotosato.it, "
Tosetto Weigmann e Associati,"www.studiotosetto.it, https://www.studiotosetto.it, "
Uckmar,"www.studiouckmar.com, https://www.studiouckmar.com, "
Stückemann & Sozien,"www.stueckemann.com, https://www.stueckemann.com, "
Stümpges & Partner,"www.stuempges.de, https://www.stuempges.de, "
Sturmberg,"www.sturmberg-anwaelte.de, https://www.sturmberg-anwaelte.de, "
STV Rechtsanwälte,"www.stv-ra.de, https://www.stv-ra.de, "
Sugimura,"www.sugi.pat.co.jp, https://www.sugi.pat.co.jp, "
Sullivan & Cromwell,"www.sullcrom.com, https://www.sullcrom.com, "
Schulyok Unger & Partner,"www.sup.at, https://www.sup.at, "
Suri & Company,"www.surico.in, https://www.surico.in, "
Susat & Partner,"www.susat.de, https://www.susat.de, "
Suter Howald,"www.suterhowald.ch, https://www.suterhowald.ch, "
Sutti,"www.sutti.com, https://www.sutti.com, "
Suzuye & Suzuye,"www.suzuye.co.jp, https://www.suzuye.co.jp, "
SvH Schaufelberger & van Hoboken,"www.svh.ch, https://www.svh.ch, "
Sekri Valentin Zerrouk,"www.svz.fr, https://www.svz.fr, "
Schopf,"www.sw.com, https://www.sw.com, "
Swan Turton,"www.swanturton.com, https://www.swanturton.com, "
Sieling Winter Dette Nacken,"www.swdn.de, https://www.swdn.de, "
Swidler Berlin,"www.swidlaw.com, https://www.swidlaw.com, "
Fischer & Partner,"www.swiss-advocate.com, https://www.swiss-advocate.com, "
Maurer,"www.swisslawfirm.com, https://www.swisslawfirm.com, "
SWKH Rechtsanwälte,"www.swkh.de, https://www.swkh.de, "
Snell & Wilmer,"www.swlaw.com, https://www.swlaw.com, "
Schellenberg Wittmer,"www.swlegal.ch, https://www.swlegal.ch, "
SWN Schröder Werner Neu,"www.swn-rechtsanwaelte.de, https://www.swn-rechtsanwaelte.de, "
SWP Rechtsanwälte,"www.swp-anwaelte.de, https://www.swp-anwaelte.de, "
Scheuermann Westerhoff Strittmatter,"www.sws-law.com, https://www.sws-law.com, "
Steinhauer Wilden Simon,"www.sws-rechtsanwaelte.de, https://www.sws-rechtsanwaelte.de/, "
Eis & Wendt Masekowsky,"www.syltrecht.de, https://www.syltrecht.de, "
SZA Schilling Zutt & Anschütz,"www.sza.de, https://www.sza.de, "
Szécsényi and Partners,"www.szecsenyi.com, https://www.szecsenyi.com, "
Szecskay,"www.szecskay.hu, https://www.szecskay.hu, "
Tschöpe Schipp Clemenz,"www.t-s-c.eu, https://www.t-s-c.eu, "
Tacke Krafft,"www.tacke-krafft.de, https://www.tacke-krafft.de, "
Tadmor & Co.,"www.tadmor.com, https://www.tadmor.com, "
Take Maracke & Partner,"www.take-maracke.de, https://www.take-maracke.de, "
Takino & Associates,"www.takinopat.com, https://www.takinopat.com, "
Talwar Thakore & Associates,"www.talwarthakore.com, https://www.talwarthakore.com, "
Rudolf Tanck Rechtsanwälte,"www.tanck.de, https://www.tanck.de, "
Tani & Abe,"www.taniabe.co.jp/e/, https://www.taniabe.co.jp/e/, "
Tank,"www.tank-kanzlei.de, https://www.tank-kanzlei.de, "
Tascheva & Partner,"www.taschevapartner.com, https://www.taschevapartner.com, "
Tavernier Tschanz,"www.taverniertschanz.com, https://www.taverniertschanz.com, "
Laible & Kuhn,"www.tax-und-law.de, https://www.tax-und-law.de, "
Taxess,"www.taxess.de, https://www.taxess.de, "
Taylor Vinters,"www.taylorvinters.com, https://www.taylorvinters.com, "
Taylor Wessing,"www.taylorwessing.com, https://www.taylorwessing.com, "
Tanghe Boon Hankard Janssen & Partners,"www.tbhj.be, https://www.tbhj.be, "
TBK,"www.tbk-patent.de, https://www.tbk-patent.de, "
TCI Rechtsanwälte,"www.tcilaw.de, https://www.tcilaw.de, "
Thomas Deckers Wehnert Elsner,"www.tdwe.de, https://www.tdwe.de, "
Teclegal Habel,"www.teclegal-habel.de, https://www.teclegal-habel.de, "
teclegal Rhein-Main,"www.teclegal-rheinmain.de, https://www.teclegal-rheinmain.de, "
Teichler Colsman Thierfelder,"www.teichlercolsman.de, https://www.teichlercolsman.de, "
Teipel Stirken Teipel,"www.teipel-stirken.de/index2.htm, https://www.teipel-stirken.de/index2.htm, "
Ten Holter Noordam,"www.tenholternoordam.nl, https://www.tenholternoordam.nl, "
Ten Old Square,"www.tenoldsquare.com, https://www.tenoldsquare.com, "
Ter Meer Steinmeister & Partner,"www.termeer.de, https://www.termeer.de, "
Legal Solution House,"www.thelegalsolutions.com, https://www.thelegalsolutions.com, "
Thelen Reid Brown Raysman & Steiner,"www.thelenreid.com, https://www.thelenreid.com, "
Thiedmann & Edler,"www.thiedmannedler.com, https://www.thiedmannedler.com, "
Thieme Schroer Quast,"www.thiemeschroer.com, https://www.thiemeschroer.com, "
Thierhoff Müller & Partner,"www.thierhoffilly.com, https://www.thierhoffilly.com, "
Thies & Partner,"www.thiesundpartner.de, https://www.thiesundpartner.de, "
Cooper,"www.thomascooperlaw.com, https://www.thomascooperlaw.com, "
Thomas Eggar,"www.thomaseggar.com, https://www.thomaseggar.com, "
Thommessen,"www.thommessen.no, https://www.thommessen.no, "
Thompson Coburn,"www.thompsoncoburn.com, https://www.thompsoncoburn.com, "
Thompson Hine,"www.ThompsonHine.com, https://www.ThompsonHine.com, "
Thomsen und Partner,"www.thomsenpartner.de, https://www.thomsenpartner.de, "
Thorwart,"www.thorwart.de, https://www.thorwart.de, "
Thouvenin,"www.thouvenin.com, https://www.thouvenin.com, "
Thum & Cie,"www.thum-cie.de, https://www.thum-cie.de, "
Thyssen,"www.thyssen-kanzlei.de, https://www.thyssen-kanzlei.de, "
Tiefenbacher,"www.tiefenbacher.de, https://www.tiefenbacher.de, "
Tigges,"www.tigges-info.de, https://www.tigges-info.de, "
Hermanns,"www.till-hermanns.de, https://www.till-hermanns.de, "
Tilp,"www.tilp.de, https://www.tilp.de, "
Time,"www.timelaw.se, https://www.timelaw.se, "
Taylor Joynson Garrett,"www.tjg.co.uk, https://www.tjg.co.uk, "
Thompson & Knight,"www.tklaw.com, https://www.tklaw.com, "
TLD Legal,"www.tldlegal.com, https://www.tldlegal.com, "
Tondorf & Böhm,"www.tondorfboehm.de, https://www.tondorfboehm.de, "
Tonucci & Partners,"www.tonucci.it, https://www.tonucci.it, "
Topteam,"www.top-team.com.tw, https://www.top-team.com.tw, "
Topjus Kupferschmid Englert Pichl Grauvogl & Partner,"www.topjus.de, https://www.topjus.de, "
Torggler,"www.torggler.at, https://www.torggler.at, "
Torggler & Hofinger,"www.torggler.net, https://www.torggler.net, "
Beutler Künzi Stutz,"www.torneys.ch, https://www.torneys.ch, "
Torys,"www.torys.com, https://www.torys.com, "
Toth-Feher & Partner,"www.toth-feher.co.uk, https://www.toth-feher.co.uk, "
Toussaint & Schmitt,"www.toussaint-schmitt.de, https://www.toussaint-schmitt.de, "
TozziniFreire,"www.tozzinifreire.com.br, https://www.tozzinifreire.com.br, "
Tilemann & Petermann,"www.tp-rechtsanwaelte.de, https://www.tp-rechtsanwaelte.de, "
TPW,"www.tpw.de, https://www.tpw.de, "
Trademarkgroup,"www.trademarkgroup.com, https://www.trademarkgroup.com, "
Fremuth,"www.transportrecht.org, https://www.transportrecht.org, "
Traphan & Graute,"www.traphan.de, https://www.traphan.de, "
Travers Smith,"www.traverssmith.com, https://www.traverssmith.com, "
Trevisan & Cuonzo,"www.trevisancuonzo.com, https://www.trevisancuonzo.com, "
Trifirò & Partners,"www.trifiro.it, https://www.trifiro.it, "
Trilegal,"www.trilegal.com, https://www.trilegal.com, "
Trimborn,"www.trimborn-law.de, https://www.trimborn-law.de, "
Trip,"www.triplaw.nl, https://www.triplaw.nl, "
Tonninger Schermaier Maierhofer & Partner,"www.trmr.at, https://www.trmr.at, "
Troup Fischer Dr. Berg & Kollegen,"www.troup-fischer-berg.de, https://www.troup-fischer-berg.de, "
Troutman Sanders,"www.troutmansanders.com, https://www.troutmansanders.com, "
Trowers & Hamlins,"www.trowers.com, https://www.trowers.com, "
Trûon,"www.truon.de, https://www.truon.de, "
TSP Theißen Stollhoff & Partner,"www.ts-law.de, https://www.ts-law.de, "
Thum & Strauß,"www.ts-rechtsanwaelte.de, https://www.ts-rechtsanwaelte.de, "
Thümmel Schütze & Partner,"www.tsp-law.com, https://www.tsp-law.com, "
Torkildsen Tennøe & co,"www.tt-co.no, https://www.tt-co.no, "
Tuca Zbârcea & Asociatii,"www.tuca.ro, https://www.tuca.ro, "
Türkoglu & Partner,"www.turkoglulaw.com, https://www.turkoglulaw.com, "
Turk & Prum,"www.turkprum.lu, https://www.turkprum.lu, "
Bird & Bird,"www.twobirds.com, https://www.twobirds.com, "
Thür Werner Sontag,"www.tws-rechtsanwaelte.de, https://www.tws-rechtsanwaelte.de, "
Sagawe & Klages,"www.tyskret.com, https://www.tyskret.com, "
Urwantschky Dangel Borst & Partner,"www.udabo.de, https://www.udabo.de, "
Uexküll & Stolberg,"www.uex.de, https://www.uex.de, "
Ufer Knauer,"www.ufer-knauer.de, https://www.ufer-knauer.de, "
UGGC Avocats,"www.uggc.com, https://www.uggc.com, "
Uhsadel,"www.uhsadel-law.de, https://www.uhsadel-law.de, "
Ulbrich & Kaminski,"www.ulbrich-kaminski.de, https://www.ulbrich-kaminski.de, "
Ulbrich & Kollegen,"www.ulbrich-wuerzburg.de, https://www.ulbrich-wuerzburg.de/, "
Fischer,"www.ulrichfischer.de, https://www.ulrichfischer.de, "
Ulsenheimer Friederich,"www.uls-frie.de, https://www.uls-frie.de, "
Ulys,"www.ulys.net, https://www.ulys.net, "
Umbricht,"www.umbricht.ch, https://www.umbricht.ch, "
Unger,"www.unger-rechtsanwaelte.de, https://www.unger-rechtsanwaelte.de, "
Ughi e Nunziante,"www.unlaw.it, https://www.unlaw.it, "
Nietzer & Häusler,"www.unternehmensrecht.com, https://www.unternehmensrecht.com, "
Schellenberg,"www.unternehmeranwaelte.de, https://www.unternehmeranwaelte.de, "
Unverzagt von Have,"www.unverzagtvonhave.com, https://www.unverzagtvonhave.com, "
Uría Menéndez,"www.uria.com, https://www.uria.com, "
Ullman Shapiro & Ullman,"www.usulaw.com, https://www.usulaw.com, "
United Trademark & Patent Services,"www.utmps.com, https://www.utmps.com, "
Borsch,"www.uwe-borsch.de, https://www.uwe-borsch.de, "
Vetter Gerlach Hartmann,"www.v-g-h.de, https://www.v-g-h.de, "
Verhoefen Störkmann Schwirtzek,"www.v-s-s.de, https://www.v-s-s.de, "
Vahle Kühnel Becker,"www.vahlekuehnelbecker.de, https://www.vahlekuehnelbecker.de, "
Van Doorne,"www.van-doorne.com, https://www.van-doorne.com, "
van Aubel,"www.vanaubel.de, https://www.vanaubel.de, "
Van Bael & Bellis,"www.vanbaelbellis.com, https://www.vanbaelbellis.com, "
van Bühren & Partner,"www.vanbuehren.de, https://www.vanbuehren.de, "
Van Diepen Van der Kroef,"www.vandiepen.com, https://www.vandiepen.com, "
Vani Chetty,"www.vanichetty.co.za, https://www.vanichetty.co.za, "
Van Traa,"www.vantraa.nl, https://www.vantraa.nl, "
Varnum,"www.varnumlaw.com, https://www.varnumlaw.com, "
Varul,"www.varul.com, https://www.varul.com, "
Vassiliades & Co.,"www.vasslaw.com, https://www.vasslaw.com, "
Van Benthem & Keulen,"www.vbk.nl, https://www.vbk.nl, "
Chan & Co,"www.vcclawservices.com, https://www.vcclawservices.com, "
Vieira de Almeida & Associados,"www.vda.pt, https://www.vda.pt, "
Van Den Bulke,"www.vdblaw.com, https://www.vdblaw.com, "
SCRL Vanden Eynde,"www.vdelegal.be, https://www.vdelegal.be, "
Vedder Price,"www.vedderprice.com, https://www.vedderprice.com, "
Vedris & Partner,"www.vedris-partners.hr, https://www.vedris-partners.hr, "
Veirano,"www.veirano.com.br, https://www.veirano.com.br, "
Vejmelka & Wünsch s.r.o.,"www.vejmelkawuensch.cz, https://www.vejmelkawuensch.cz, "
Vinson & Elkins,"www.velaw.com, https://www.velaw.com, "
Ventura Garcés & López-Ibor,"www.ventura-garces.com, https://www.ventura-garces.com, "
Vera,"www.veraabogados.com.mx, https://www.veraabogados.com.mx, "
Kullack,"www.vergabemanagement.de, https://www.vergabemanagement.de, "
Nette,"www.vergaberecht.cc, https://www.vergaberecht.cc, "
Grünhagen Vergabe Support,"www.vergabesupport.de, https://www.vergabesupport.de, "
Véron & Associés,"www.veron.com, https://www.veron.com, "
Versteyl,"www.versteyl.de, https://www.versteyl.de, "
Ignor & Partner,"www.verteidiger-in-berlin.de, https://www.verteidiger-in-berlin.de, "
Freyschmidt Frings Pananis Venn,"www.verteidiger-in-strafsachen.de, https://www.verteidiger-in-strafsachen.de, "
Küstner v. Manteuffel & Wurdack,"www.vertriebsrecht.de, https://www.vertriebsrecht-online.de, "
Verhaegen Walravens,"www.verwal.net, https://www.verwal.net, "
Hoefer Schmidt-Thieme,"www.verwalter.de, https://www.verwalter.de, "
Eichel v. Mettenheim & Partner,"www.vevm.de, https://www.vevm.de, "
Heusinger Mogwitz,"www.vhm-anwaelte.de, https://www.vhm-anwaelte.de, "
Viehweger Hartmann & Partner,"www.viehwegerpartner.de, https://www.viehwegerpartner.de, "
Van Iersel Luchtman,"www.vil.nl, https://www.vil.nl, "
Vilau & Mitel,"www.vilaumitel.ro, https://www.vilaumitel.ro, "
Villalva,"www.villalva.com, https://www.villalva.com, "
Vincke & Herzog,"www.vincke.de, https://www.vincke.de, "
Vinge,"www.vinge.se, https://www.vinge.se, "
Viniol,"www.viniol.com, https://www.viniol.com, "
Virgile Avocats,"www.virgileavocats.com, https://www.virgileavocats.com, "
Virneburg,"www.virneburg.de, https://www.virneburg.de, "
Vitali Romagnoli Piccardi e Associati,"www.virtax.it, https://www.virtax.it, "
Vischer,"www.vischer.com, https://www.vischer.com, "
Viering Jentschura & Partner,"www.vjp.de, https://www.vjp.de, "
Vasil Kisil & Partners,"www.vkp.kiev.ua, https://www.vkp.kiev.ua, "
vMH Heun & Partner,"www.vm-h.de, https://www.vm-h.de, "
VMW Taxand,"www.vmw.nl, https://www.vmw.nl, "
LG Avocats,"www.vocats.com, https://www.vocats.com, "
Voelker & Partner,"www.voelker-gruppe.com, https://www.voelker-gruppe.com, "
Völker,"www.voelkertax.com, https://www.voelkertax.com, "
Vogel & Partner,"www.vogel-partner.eu, https://www.vogel-partner.eu, "
Vogel & Vogel,"www.vogel-vogel.com, https://www.vogel-vogel.com, "
Voigt Salus,"www.voigt-salus.de, https://www.voigt-salus.de, "
Voigt Wunsch Holler,"www.voigtwunschholler.de, https://www.voigtwunschholler.de, "
Voisin,"www.voisinlaw.com, https://www.voisinlaw.com, "
Volke2.0,"www.volke2-0.de, https://www.volke2-0.de, "
Rache,"www.volker-rache.de, https://www.volker-rache.de, "
Volks Hedleys,"www.volkshedleys.co.uk, https://www.volkshedleys.co.uk, "
Voller,"www.vollerlaw.com, https://www.vollerlaw.com, "
Albert + Richter,"www.vonalbert-richter.de, https://www.vonalbert-richter.de, "
Appen Jens,"www.vonappen-jens.de, https://www.vonappen-jens.de, "
Bredow Valentin,"www.vonbredow-valentin.de, https://www.vonbredow-valentin.de, "
Boxleitner von Briel,"www.vonbriel.de, https://www.vonbriel.de, "
Buttlar,"www.vonbuttlar.com, https://www.vonbuttlar.com, "
Horstig,"www.vonhorstig.de, https://www.vonhorstig.de, "
Jagow & Partner,"www.vonjagow-ag.de, https://www.vonjagow-ag.de, "
Kenne,"www.vonkenne.com, https://www.vonkenne.com, "
Moers & Partner,"www.vonmoers.de, https://www.vonmoers.de, "
Trott zu Solz Lammek,"www.vontrott-lammek.de, https://www.vontrott-lammek.de, "
Vorwerk & Schultz,"www.vorwerkundschultz.de, https://www.vorwerkundschultz.de, "
Vorys Sater Seymour and Pease,"www.vorys.com, https://www.vorys.com, "
Vossius & Partner,"www.vossiusandpartner.com, https://www.vossiusandpartner.com/, "
Vossius,"www.vovo.de, https://www.vovo.de, "
VRT Linzbach Löcherbach und Partner,"www.vrt.de, https://www.vrt.de, "
Velten Sondermann,"www.vs-partner.de, https://www.vs-partner.de, "
VSM Vockenberg Schneehain Melz,"www.vsm-rae.de, https://www.vsm-rae.de, "
Vermulst Verhaeghe Graafsma & Bronckers,"www.vvg-law.com, https://www.vvg-law.com, "
Waldthausen,"www.vwaldthausen.de, https://www.vwaldthausen.de, "
Wilkinson Barker Knauer Leitermann,"www.vwbkl.com, https://www.vwbkl.com, "
Westside Advisors,"www.w-a.ru, https://www.w-a.ru, "
Werdnik Kusternigg,"www.w-k.at, https://www.w-k.at, "
Weinstock Zecler & Co.,"www.w-z.co.il, https://www.w-z.co.il, "
Wurster Wirsing Kupfer,"www.w2k.de, https://www.w2k.de, "
Wach + Meckes,"www.wachmeckes.com, https://www.wachmeckes.com, "
Waclawik,"www.waclawik-bghanwalt.de, https://www.waclawik-bghanwalt.de, "
Wächter,"www.waechterlaw.de, https://www.waechterlaw.de, "
Wächter Kuss,"www.waechterundkuss.de, https://www.waechterundkuss.de, "
Wagensonner Luhmann Breitfeld Helm,"www.wagensonner.com, https://www.wagensonner.com, "
Wagler + Aust,"www.wagler-aust.de, https://www.wagler-aust.de, "
Wagner & Partner,"www.wagner-stuttgart.de, https://www.wagner-stuttgart.de, "
Wagner & Volk,"www.wagnervolk.de, https://www.wagnervolk.de, "
Wahl,"www.wahl-audit-consult.de, https://www.wahl-audit-consult.de, "
Wahlert Rechtsanwälte,"www.wahlert-law.com, https://www.wahlert-law.com, "
Waldeck,"www.waldeck.eu, https://www.waldeck.eu, "
Walder Wyss,"www.walderwyss.com, https://www.walderwyss.com, "
Waldmann Kohler & Kollegen,"www.waldmann-kohler.de, https://www.waldmann-kohler.de, "
Waldorf Frommer,"www.waldorf-frommer.de, https://www.waldorf-frommer.de, "
Walkers,"www.walkersglobal.com, https://www.walkersglobal.com, "
WallSaha,"www.wall-legal.de, https://www.wall-legal.de, "
Wallasch & Koch,"www.wallasch-koch.de, https://www.wallasch-koch.de, "
Wallinger Ricker Schlotter Tostmann,"www.wallinger.de, https://www.wallinger.de, "
Walter & Walter,"www.walter-rae.de, https://www.walter-rae.de, "
Walter Sigle,"www.waltersigle.de, https://www.waltersigle.de, "
Waltons & Morse,"www.waltonsandmorse.com, https://www.waltonsandmorse.com, "
Wannemacher & Partner,"www.wannemacher-partner.de, https://www.wannemacher-partner.de/, "
Wardyński & Partners,"www.wardynski.com.pl, https://www.wardynski.com.pl, "
Warner & Beier,"www.warnerbeier.com, https://www.warnerbeier.com, "
WAS Witthohn Aschmann Schellack,"www.was-recht.de, https://www.was-recht.de, "
Watzke & Fülling,"www.watzke-fuelling.de/, https://www.watzke-fuelling.de/, "
Wilde Beuger Solmecke,"www.wbe-law.de, https://www.wbe-law.de, "
Winter Brandl Fürniss Hübner Röss Kaiser Polte,"www.wbetal.de, https://www.wbetal.de, "
Wessin Bischoff und Partner,"www.wbp-hh.de, https://www.wbp-hh.de, "
WBS Wegener Bechtel Schmidt,"www.wbs-partner.de, https://www.wbs-partner.de, "
Womble Carlyle Sandridge & Rice,"www.wcsr.com, https://www.wcsr.com, "
Wartner Dr. Dietrich und Partner,"www.wd-partner.de, https://www.wd-partner.de, "
Wende Erbsen,"www.we-er.de, https://www.we-er.de, "
Rüdisühli Brenner Renz,"www.webadvocat.de, https://www.webadvocat.de, "
Weber & Sauberschwarz,"www.weber-sauberschwarz.de, https://www.weber-sauberschwarz.de, "
Weber Rechtsanwälte,"www.weber.co.at, https://www.weber.co.at, "
Weber & Partner,"www.weberundpartner.de, https://www.weberundpartner.de, "
Wagner Webvocat,"www.webvocat.de, https://www.webvocat.de, "
Wedlake Bell,"www.wedlakebell.com, https://www.wedlakebell.com, "
Weerawong Chinnavat & Peangpanor,"www.weerawongcp.com, https://www.weerawongcp.com, "
Wegner Stähr & Partner,"www.wegner-staehr.de, https://www.wegner-staehr.de, "
Wegner Ullrich Müller-Helle & Partner,"www.wegnerpartner.de, https://www.wegnerpartner.de, "
Wehberg & Partner,"www.wehberg.de, https://www.wehberg.de, "
Weickmann & Weickmann,"www.weickmann.de, https://www.weickmann.de, "
Weidemann Pigorsch,"www.weidemann-pigorsch.de, https://www.weidemann-pigorsch.de, "
Weidmann Wahl Amin & Partner,"www.weidmann-wahl.de, https://www.weidmann-wahl.de, "
W&R Weigell,"www.weigell.de, https://www.weigell.de, "
Weil & Associés,"www.weil-paris.avocat.fr, https://www.weil-paris.avocat.fr, "
Weil Gotshal & Manges,"www.weil.com, https://www.weil.com, "
Weiland & Partner,"www.weiland-rechtsanwaelte.de/, https://www.weiland-rechtsanwaelte.de/, "
Weilep legal,"www.weilep-group.de/legal/rechtsberatung.html, https://www.weilep-group.de/legal/rechtsberatung.html, "
Weimann & Meyer,"www.weimann-meyer.de, https://www.weimann-meyer.de, "
Weiner Reinhardt,"www.weiner-partner.de, https://www.weiner-partner.de, "
Weinhold Legal,"www.weinholdlegal.com, https://www.weinholdlegal.com, "
Weinknecht,"www.weinknecht.de, https://www.weinknecht.de, "
Weisskopf,"www.weisskopf-law.com, https://www.weisskopf-law.com, "
Weissleder Ewer,"www.weissleder-ewer.de, https://www.weissleder-ewer.de/, "
Weitnauer,"www.weitnauer.net, https://www.weitnauer.net, "
Welker,"www.welker-law.de, https://www.welker-law.de, "
Welkoborsky & Partner,"www.welkoborsky.de, https://www.welkoborsky.de, "
Wellensiek,"www.wellensiek.de, https://www.wellensiek.de, "
Diekmann,"www.weltrecht.de, https://www.weltrecht.de, "
Wilson Elser Moskowitz Edelman & Dicker,"www.wemed.com, https://www.wemed.com, "
Westphal Mussgnug & Partner,"www.wemupat.de, https://www.wemupat.de, "
Wenger Plattner,"www.wenger-plattner.ch, https://www.wenger-plattner.ch, "
Wenger & Vieli,"www.wengervieli.ch, https://www.wengervieli.ch, "
Wenke Hamburg,"www.wenke-hamburg.de, https://www.wenke-hamburg.de, "
Wenzel & Kalkoff,"www.wenzel-kalkoff.de, https://www.wenzel-kalkoff.de, "
Werksmans,"www.werksmans.com, https://www.werksmans.com, "
Weskamp & Partner,"www.weskamp-partner.de, https://www.weskamp-partner.de, "
Echtermeyer Schaefermeyer Fischer Schepers Rumphorst,"www.westfalen-revision.de, https://www.westfalen-revision.de, "
Westhelle und Partner,"www.westhelle-partner.eu, https://www.westhelle-partner.eu, "
Goltstein Gerlag en Ruyters,"www.westlex.nl, https://www.westlex.nl, "
Westpfahl Spilker Wastl,"www.westpfahl-spilker.de, https://www.westpfahl-spilker.de, "
Graf von Westphalen,"www.westphalen-law.com, https://www.westphalen-law.com, "
Westrick,"www.westrick.de, https://www.westrick.de, "
Werner Freund & Partner,"www.wfp-rae.de, https://www.wfp-rae.de, "
Ware Fressola Van Der Sluys & Adolphson,"www.wfva.net, https://www.wfva.net, "
Watson Farley & Williams,"www.wfw.com, https://www.wfw.com, "
Wuersch & Gering,"www.wg-law.com/, https://www.wg-law.com/, "
Weiss Glimm & Kollegen,"www.wgk.eu, https://www.wgk.eu, "
Weissberg Gaetjens Ziegenfeuter & Associés,"www.wgzavocats.com, https://www.wgzavocats.com, "
White & Case,"www.whitecase.com, https://www.whitecase.com, "
Wicke,"www.wicke-rechtsanwaelte.de, https://www.wicke-rechtsanwaelte.de, "
Wicker Hanf,"www.wicker-hanf.de, https://www.wicker-hanf.de, "
Widder + Lichtenberger,"www.widder-lichtenberger.de, https://www.widder-lichtenberger.de, "
Widmaier Norouzi,"www.widmaiernorouzi.de, https://www.widmaiernorouzi.de, "
Wiegel Ihde Ekrutt + Partner,"www.wie-partner.de, https://www.wie-partner.de, "
Wiebecke,"www.wiebecke.com, https://www.wiebecke.com, "
Wiechmann Schneider Kitzelmann,"www.wiechmann-kanzlei.de, https://www.wiechmann-kanzlei.de, "
Wiehe & Scharm,"www.wiehescharm.de, https://www.wiehescharm.de, "
Wieringa,"www.wieringa.nl, https://www.wieringa.nl, "
Wiersholm Mellbye & Bech,"www.wiersholm.no, https://www.wiersholm.no, "
Schütte & Kollegen,"www.wiesbaden-arbeitsrecht.com, https://www.wiesbaden-arbeitsrecht.com, "
Wiesener Koller,"www.wiesener-koller.de, https://www.wiesener-koller.de, "
Wietersheim Mehring & Kollegen,"www.wietersheim.de/, https://www.wietersheim.de/, "
Wiggin,"www.wiggin.co.uk, https://www.wiggin.co.uk, "
Wienecke Ibendorf Grüning Ulrich Borufka & Heiling,"www.wigu-eurojuris.de, https://www.wigu-eurojuris.de, "
Wiltschek,"www.wiip.at, https://www.wiip.at, "
Wijn & Stael,"www.wijnenstael.nl, https://www.wijnenstael.nl, "
Wikborg Rein,"www.wikborgrein.no, https://www.wikborgrein.no, "
Wilberforce,"www.wilberforce.co.uk, https://www.wilberforce.co.uk, "
Wildanger Kehrwald Graf v. Schwerin & Partner,"www.wildanger.eu, https://www.wildanger.eu, "
Wilde,"www.wilde-rechtsanwalte.de, https://www.wilde-rechtsanwalte.de, "
Wildes & Weinberg,"www.wildesweinberg.com, https://www.wildesweinberg.com, "
Wildgen,"www.wildgen.lu, https://www.wildgen.lu, "
Wildhack & Jellinek,"www.wildhack.at, https://www.wildhack.at, "
Wildman Harrold Allen & Dixon,"www.wildman.com, https://www.wildman.com, "
Wildmoser Koch & Partner,"www.wildmoser-koch.com, https://www.wildmoser-koch.com, "
Wild Schnyder,"www.wildschnyder.ch, https://www.wildschnyder.ch, "
Wilhelm,"www.wilhelm-rae.de, https://www.wilhelm-rae.de, "
Wilke & Coll.,"www.wilkeundcoll.de, https://www.wilkeundcoll.de, "
Willems,"www.willems-advocaten.nl, https://www.willems-advocaten.nl, "
Willheim,"www.willheim.at, https://www.willheim.at, "
William Fry,"www.williamfry.ie, https://www.williamfry.ie, "
Willke,"www.willke-law.de, https://www.willke-law.de, "
Willkie Farr & Gallagher,"www.willkie.com, https://www.willkie.com, "
Willmer & Partner,"www.willmer-inso.de, https://www.willmer-inso.de, "
WilmerHale,"www.wilmerhale.com, https://www.wilmerhale.com, "
Wilms & Schaub,"www.wilms-schaub.com, https://www.wilms-schaub.com, "
Windisch,"www.windischlaw.com, https://www.windischlaw.com, "
Winheller,"www.winheller.com, https://www.winheller.com, "
Winkler Sauer & Kollegen,"www.winkler-sauer.de, https://www.winkler-sauer.de, "
Winston & Strawn,"www.winston.com, https://www.winston.com, "
Winter Jansen Lamsfuß,"www.winter-jansen-lamsfuss.de, https://www.winter-jansen-lamsfuss.de, "
Winterfeld,"www.winterfeld-rabgh.de, https://www.winterfeld-rabgh.de, "
Winther von Einem Barth Pohl,"www.winther-bremen.de, https://www.winther-bremen.de, "
Winthrop Weinstine,"www.winthrop.com, https://www.winthrop.com, "
Jennißen Harren,"www.wir-jh.de, https://www.wir-jh.de, "
Wanderer & Partner,"www.wir-wanderer.de, https://www.wir-wanderer.de, "
Wirsing Hass Meinhold,"www.wirsinghassmeinhold.de, https://www.wirsinghassmeinhold.de, "
Hummel Messerschmidt Scheer Post und Kollegen,"www.wirtschaftsanwalt.de, https://www.wirtschaftsanwalt.de/, "
Gugerbauer & Partner,"www.wirtschaftsrecht.at, https://www.wirtschaftsrecht.at, "
Putz von Döllen,"www.wirtschaftsrecht.de, https://www.wirtschaftsrecht.de, "
VBB Rechtsanwälte,"www.wirtschaftsstrafrecht.de, https://www.wirtschaftsstrafrecht.de, "
Wirtz & Kraneis,"www.wirtz-kraneis.de, https://www.wirtz-kraneis.de/, "
Wista,"www.wista-ra.de, https://www.wista-ra.de, "
Wistrand,"www.wistrand.se, https://www.wistrand.se, "
Withers,"www.withersworldwide.com, https://www.withersworldwide.com, "
Van den Boomen,"www.witlox.com, https://www.witlox.com, "
Witt,"www.witt-rechtsanwaelte.de, https://www.witt-rechtsanwaelte.de, "
Witthuhn Monticelli Zielke Claussen Pütter Bothmer,"www.witthuhnpartner.de, https://www.witthuhnpartner.de, "
Wittkopp + Partner,"www.wittkopp-partner.de, https://www.wittkopp-partner.de, "
WürtenbergerKunze,"www.wk-ip.eu, https://www.wk-ip.eu, "
Wurll Klein,"www.wkb-online.de, https://www.wkb-online.de, "
Wiercinski Kwiecinski Baehr,"www.wkb.com.pl, https://www.wkb.com.pl, "
WKG&J Wormser Kiely Galef & Jacobs,"www.wkgj.com, https://www.wkgj.com, "
Wellmann Fröhlich Langbein,"www.wklp.de, https://www.wklp.de, "
Witter Khalilzadeh,"www.wkn-law.de, https://www.wkn-law.de, "
Wilhelms Kilian & Partner,"www.wkp-patents.de, https://www.wkp-patents.de, "
Wachtell Lipton Rosen & Katz,"www.wlrk.com, https://www.wlrk.com, "
Wessel Meyer & Kollegen,"www.wm-rechtsanwaelte.de, https://www.wm-rechtsanwaelte.de, "
Willheim Müller,"www.wmlaw.at, https://www.wmlaw.at, "
WMRC Rechtsanwälte,"www.wmrc.de, https://www.wmrc.de, "
WMS Rechtsanwälte,"www.wms-recht.de, https://www.wms-recht.de, "
Weidner Materne & Bernstorff,"www.wmub.de, https://www.wmub.de, "
WMVP Rechtsanwälte,"www.wmvp.de, https://www.wmvp.de, "
Wiedenbauer Mutz Winkler Pramberger,"www.wmwp.at, https://www.wmwp.at, "
Williams & Partner,"www.wnp.cz, https://www.wnp.cz, "
Wochner und Dr. Jens Fleischhauer,"www.wochner-fleischhauer.de, https://www.wochner-fleischhauer.de, "
Woedtke & Partner,"www.woedtke.de, https://www.woedtke.de, "
Wiggin Osborne Fullerlove,"www.woflaw.com, https://www.woflaw.com, "
Whiteman Osterman & Hanna,"www.woh.com, https://www.woh.com, "
Wolf Machel Scheurich,"www.wolf-machel-scheurich.de, https://www.wolf-machel-scheurich.de, "
Wolf,"www.wolf-recht.de, https://www.wolf-recht.de, "
Wolff,"www.wolff-hk.com, https://www.wolff-hk.com, "
Wolf & Lutz,"www.wolflutz.de, https://www.wolflutz.de, "
Wolfsteiner Roberts & Partner,"www.wolfsteiner-roberts.de, https://www.wolfsteiner-roberts.de, "
Wolf Theiss,"www.wolftheiss.com, https://www.wolftheiss.com, "
Wollmann & Partner,"www.wollmann.de, https://www.wollmann.de, "
Wollweber,"www.wollweber-law.de, https://www.wollweber-law.de, "
Wolpert,"www.wolpert-ra.de, https://www.wolpert-ra.de, "
Wolter Hoppenberg,"www.wolter-hoppenberg.de, https://www.wolter-hoppenberg.de, "
Wolff Rapp,"www.worako.de, https://www.worako.de, "
Baur & Klein,"www.worldwidelaw.com, https://www.worldwidelaw.com, "
Wotax,"www.wotax.de, https://www.wotax.de, "
Grewe & Partner,"www.wp-ra-usa.com, https://www.wp-ra-usa.com, "
WP Thompson & Co,"www.wpt.co.uk, https://www.wpt.co.uk, "
Weidinger Richtscheid,"www.wr-anwaelte.de, https://www.wr-anwaelte.de, "
Waldenberger,"www.wrae.de, https://www.wrae.de, "
Wragge & Co.,"www.wragge.com, https://www.wragge.com, "
WRD Witt Roschkowski Dieckert,"www.wrd.de, https://www.wrd.de, "
Wronna & Partner,"www.wronna-und-partner.de, https://www.wronna-und-partner.de, "
Wilson Sonsini Goodrich & Rosati,"www.wsgr.com, https://www.wsgr.com, "
Wolff Schultze Kieferle,"www.wsk-arbeitsrecht.de, https://www.wsk-arbeitsrecht.de, "
WSL Patentanwälte,"www.wsl-patent.de, https://www.wsl-patent.de, "
Wörner-Schäfer-Rückert,"www.wsr-net.de, https://www.wsr-net.de, "
Watt Tieder Hoffar & Fitzgerald,"www.wthf.com, https://www.wthf.com, "
WTS Legal,"www.wts.de, https://www.wts.de, "
Wülfrath & Partner,"www.wuelfrath-partner.de, https://www.wuelfrath-partner.de, "
Wuesthoff & Wuesthoff,"www.wuesthoff.de, https://www.wuesthoff.de, "
Wunsch Schönauer Leinfelder Bender & Kollegen,"www.wunschanwalt.de, https://www.wunschanwalt.de, "
Wutzke & Förster,"www.wutzkeundfoerster.de, https://www.wutzkeundfoerster.de, "
Waselius & Wist,"www.ww.fi, https://www.ww.fi, "
Webber Wentzel Bowens,"www.wwb.co.za, https://www.wwb.co.za, "
Weiss Walter Fischer-Zernin,"www.wwfz.de, https://www.wwfz.de, "
WWP Wilhelm & Welser & Partner,"www.wwp-rechtsanwaelte.de, https://www.wwp-rechtsanwaelte.de, "
Witte Weller und Partner,"www.wwp.de, https://www.wwp.de, "
Wirtz Walter Schmitz & Partner,"www.wws-gruppe.de, https://www.wws-gruppe.de, "
E & S Notare,"www.www.rhein-main-law.de, https://www.www.rhein-main-law.de, "
Wernicke Zier & Partner,"www.wzp-law.de, https://www.wzp-law.de, "
Wülfing Zeuner Rechel,"www.wzr-legal.com, https://www.wzr-legal.com, "
Mellone Advogados,"www.wzr-mellone.com.br, https://www.wzr-mellone.com.br, "
XXIV Old Buildings,"www.xxiv.co.uk, https://www.xxiv.co.uk, "
Yabuki,"www.yabukilaw.jp, https://www.yabukilaw.jp, "
Yamaner & Yamaner,"www.yamaner.av.tr, https://www.yamaner.av.tr, "
Yanagida & Associates,"www.yanagidapat.com/E/top.html, https://www.yanagidapat.com/E/top.html, "
Yukov Khrenov & Partners,"www.yklaw.ru, https://www.yklaw.ru, "
Yuasa & Hara,"www.yuasa-hara.co.jp/english/index.htm, https://www.yuasa-hara.co.jp/english/index.htm, "
YükselKarkınKüçük,"www.yukselkarkinkucuk.av.tr, https://www.yukselkarkinkucuk.av.tr, "
Yulchon,"www.yulchon.com, https://www.yulchon.com, "
Zacco,"www.zacco.com, https://www.zacco.com, "
Zahrnt,"www.zahrnt.de, https://www.zahrnt.de, "
Grundei,"www.zandlgrundei.at, https://www.zandlgrundei.at, "
Zanthier & Schulz,"www.zanthier.com, https://www.zanthier.com, "
Zimmermann & Decker,"www.zd-law.de, https://www.zd-law.de, "
Zeiner & Zeiner,"www.zeinerlaw.com, https://www.zeinerlaw.com, "
Zelle Hofmann Voelbel & Mason,"www.zelle.com, https://www.zelle.com, "
Zenk,"www.zenk.com, https://zenk.com, "
Zepos & Yannopoulos,"www.zeya.com, https://www.zeya.com, "
Zwanzig Hacke Meilke & Partner,"www.zhmd.de, https://www.zhmd.de, "
Zians & Haas,"www.zians-haas.be, https://www.zians-haas.be, "
Ziechnaus,"www.ziechnaus.de, https://www.ziechnaus.de, "
Ziefle Unger & Kollegen,"www.ziefle-anwaelte.de, https://www.ziefle-anwaelte.de, "
Graf Glück Habersack Kritzenberger,"www.zihak.de, https://www.zihak.de, "
Zillmann,"www.zillmann-legal.net, https://www.zillmann-legal.net, "
Zimmermann Hauschild,"www.zimmermann-hauschild.de, https://www.zimmermann-hauschild.de, "
Zimmermann & Partner,"www.zimpat.de, https://www.zimpat.de, "
Zindel Guha,"www.zindel-guha.de, https://www.zindel-guha.de, "
ZinnBöcker,"www.zinnboecker.com, https://www.zinnboecker.com, "
Zirngibl Langwieser,"www.zl-legal.de, https://www.zl-legal.de, "
ZMP Zitzewitz Markowsky Nagel Wunsch & Partner,"www.zmp-law.de, https://www.zmp-law.de, "
ZNH Zimmermann Nötzold Hartmann,"www.znh-partner.de, https://www.znh-partner.de, "
Zacher & Partner,"www.zpanwaelte.de, https://www.zpanwaelte.de, "
Ziegler Peters & Partner,"www.zpp-kanzlei.de, https://www.zpp-kanzlei.de, "
Zumpano Patricios & Winker,"www.zpwlaw.com, https://www.zpwlaw.com, "
Zwipf Rosenhagen,"www.zrp.de, https://www.zrp.de/, "
Zschunke,"www.zschunke.com, https://www.zschunke.com, "
Zivković Samardzić,"www.zslaw.rs, https://www.zslaw.rs, "
Zuckerman Spaeder,"www.zuckerman.com, https://www.zuckerman.com, "
Zuhorn & Partner,"www.zuhorn.de, https://www.zuhorn.de, "
Kösters Hauser Stigler und Partner,"www.zum-recht.de, https://www.zum-recht.de, "
Zumbaum,"www.zumbaum.de, https://www.zumbaum.de/, "
Zwade,"www.zwade.de, https://www.zwade.de, "
Zwicklbauer & Kollegen,"www.zwicklbauer-kollegen.com, https://www.zwicklbauer-kollegen.com, "
Yamakawa,"yamakawa-ipo.jp/english/office/, https://yamakawa-ipo.jp/english/office/, "
Schindler Rechtsanwälte
BOEHMERT & BOEHMERT AnwaltsPartG mbB - Patentanwälte Rechtsanwälte
Kanzlei Boehmert & Boehmert
"Rospatt, Osten, Pross Rechtsanwälte"
Latham & Watkins LLP
RAe Orth Kluth
Dimsic & Tasci
Lovells LLP
Hogans Lovells International LLP
Hogan Lovells International LLP
Lorenz & Kollegen
Bird & Bird LLP
SMH Rechtsanwälte
Simmons & Simmons Rechtsanwälte
Simmons & Simmons LLP
Rechtsanwälte in Sozietät
KPA - Kanzlei Petereit & Armbrüster
"Rechtsanwalts-Bürogemeinschaft Pichler & Ernst, Motzkus"
BGB Rechtsanwälte
Steinhauer Wilden Simon Partnerschaft - Rechtsanwälte
Linklaters LLP
Kanzlei Linklaters LLP
Piepenburg & Gerling Rechtsanwälte
"Vollmer, Bock, Windisch, Renz, Lymperidis"
RAe GSK Stockmann & Kollegen
GSK Stockmann & Kollegen
GSK Gassner Stockmann & Kollegen
Partnerschaftsgesellschaft GSK STOCKMANN + KOLLEGEN
GSK Stockmann und Kollegen
GSK Stockmann + Kollegen Rechtsanwälte Steuerberater PartG mbB
RAe Prüwer & Proff
"RA Voigtmann, Schwenker, Taubert, Benndorf"
gkm Beratungsgruppe
White & Case Insolvenz GbR
ADVOS Rechtsanwälte
Allen & Overy LLP
Rechtsanwälte Dr. Vocke & Partner
Kapellmann und Partner Rechtsanwälte
Kapellmann und Partner Rechtsanwälte mbB
Rechtsanwälte Kapellmann & Partner
Gottschalk Corporate Litigation Rechtsanwaltsges. mbH
Goldenstein & Partner Rechtsanwälte - Steuerberater
"Henkel, Breuer und Partner Patentanwälte"
Dr. Hingerl & George Rechtsanwälte Partnerschaft
Fleuchaus & Gallo PartG mbB Patent- und Rechtsanwälte
Rechtsanwaltskanzlei Kaiser
Schrade & Partner Berlin
Schrade & Partner Rechtsanwälte
Rechtsanwaltskanzlei Götz - Schleich - Stark
Kanzlei Schrade & Partner
Harnisch & Partner Rechtsanwälte
"Denecke, Priess & Partner Rechtsanwälte Partnerschaft"
"TSP Theißen, Stollhoff & Partner mbB Rechtsanwaltsgesellschaft"
Dr. Pürschel und Partner Rechtsanwälte
"Rechtsanwälte Kroll, Goldschmidt, ten Eicken und Partner"
VAA - Führungskräfte Chemie
Hauser Rechtsanwälte PartG mbB
Döttelbeck Dr. Wemhöner & Partner Rechtsanwälte - Steuerberater
Flick Gocke Schaumburg GmbH
FGS Flick Glocke Schaumburg
Flick Gocke Schaumburg GmbH Wirtschaftsprüfungsgesellschaft
Flick Gocke Schaumburg Rechtsanwälte Wirtschaftsprüfer Steuerberater PartG mbB
Rechtsanwälte Bub Gauweiler Partner
"Rechtsanwälte Bub, Gauweiler & Partner, PartG mbB"
Rechtsanwälte PBWG Pering & Partner
Raupach & Wollert-Elmendorff Rechtsanwaltsges. mbH
Deloitte Legal Rechtsanwaltsges. mbH
Deloitte Legal Rechtsanwalts-GmbH
Deloitte GmbH Wirtschaftsprüfungsgesellschaft
Dr. Fandrich Rechtsanwälte
Dr. Fandrich Rechtsanwälte - PartG mbB
Löffler. Steigelmann. Krieger & Partner Rechtsanwälte - Steuerberater - Wirtschaftsprüfer
Erbe Rechtsanwälte Partnerschaft
"Gleiss Lutz Hootz Hirsch Partnerschaft von Rechtsanwälten, Steuerberatern"
"Gleiss Lutz Hootz Hirsch PartG mbB Rechtsanwälte, Steuerberater"
Kanzlei Gleiss Lutz
"Steinbock und Partner mbB, Rechtsanwälte"
Schalast & Partner Rechtsanwälte
Pusch Wahlig Legal Partnerschaft von Rechtsanwälten
Schalast & Partner Rechtsanwälte mbB
Klier & Ott GmbH Steuerberatungsgesellschaft Rechtsanwaltsgesellschaft
Meffert Dobslaff Wirtz Rechtsanwaltschaftspartnerschaft
TILP Rechtsanwaltsges. mbH
Schultze & Braun Rechtsanwaltsgesellschaft für Insolvenzverwaltung mbH
Schultze & Braun GmbH Rechtsanwaltsgesellschaft Wirtschaftsprüfungsgesellschaft
"Feser & Spliedt, Rechtsanwälte, Vereidigte Buchprüfer, Partnerschaft"
"Feser, Spliedt, von Stein-Lausnitz"
CURACON Weidlich Rechtsanwaltsges. mbH
Büsing Müffelmann & Theye Rechtsanwälte und Notare
Büsing Müffelmann & Theye Rechtsanwälte in PartG mbB
"Büsing, Müffelmann & Theye Rechtsanwälte in PartG mbB und Notare"
BTR Rechtsanwaltsges. mbH Berlin
BTR Mecklenburg & Kollegen GbR
Eisenbeis Rechtsanwaltsges. mbH
Rembert Rechtsanwälte Rembert Müller Putzier + Partner eingetragene PartG mbB
"adjuris - Rechtsanwälte & Steuerberater Korf, Plischkaner, Piehl, Hegewald, Burmester - Partnerschaft"
Pfefferle Helberg & Partner Anwaltskanzlei
Anwaltskanzlei Pfefferle Helberg & Partner Rechtsanwälte und Steuerberater
"Lenga, Wähling und Partner * Rechtsanwälte PartG mbB"
Anja Wagner Steuerberatungsges. mbH
STERLEPPER Rechtsanwalts- und Steuerberatungsges. mbH
"Rechtsanwälte Engelke, Eckstorff Partnerschaft"
"Dachs, Bartling, Spohn & Partner mbB, Rechtsanwälte"
Actio Leipzig Ringel & Partner
Feldhahn & Partner mbB Rechtsanwälte Steuerberater
Dr. Schmitz & Partner Rechtsanwälte
Steffens Stolpe Brandt Rechtsanwälte & Steuerberater
FRIES Rechtsanwälte PartG mbB
Stangier Regel Borchard Rechtsanwaltsges. mbH
Rosenschon und Partner GmbH Steuerberatungsgesellschaft
JOHLKE NIETHAMMER & PARTNER Insolvenzverwalter Rechtsanwälte Wirtschaftsprüfer Steuerberater PartG mbB
"Johlke, Niethammer & Partner"
v. Einem & Partner mbB Rechtsanwälte
"Hildmann, Langenwalder, Hoffmann"
Dr. Heilmaier & Partner GmbH Wirtschaftsprüfungsgesellschaft Steuerberatungsgesellschaft
Partnerschaft Rechtsanwälte Steuerberater Wirtschaftsprüfer GKMP Pencereci
Blaum Dettmers Rabstein RechtsanwaltsPartG mbB
Blaum Dettmers Rabstein Rechtsanwälte
Ernst & Young Law GmbH Rechtsanwaltsgesellschaft Steuerberatungsgesellschaft
Dr. Henf & Partner
CausaConcilio Koch & Partner mbB Rechtsanwälte
Kieslich Rechtsanwälte PartG mbB
Berg-Packhäuser & Kollegen Rechtsanwälte & Wirschaftsmediation
SWA Christl & Kollegen Rechtsanwaltsges. mbH
Maiwald Patentanwalts GmbH
Maiwald Patentanwaltsges. mbH
MAZARS Tax GmbH Steuerberatungsgesellschaft
Kanzlei Dr. Schackow & Partner
Dr. Schackow & Partner Rechtsanwälte PartG mbB
Rechtsanwaltskanzlei Piegsa & Rimrott
"Blanke, Meier, Evers Rechtsanwälte in PartG mbB"
Blanke Meier Evers Rechtsanwälte in Partnerschaft
hww wienberg wilhelm Insolvenzverwalter Partnerschaft
SLP Anwaltskanzlei Dr. Seier & Lehmkühler GmbH Rechtsanwaltsgesellschaft
KÜFFNER MAUNZ LANGER ZUGMAIER Rechtsanwaltsges. mbH
Rechtsanwälte Muffler Lerch Kittler & Partner mbB
Ahlers & Vogel Rechtsanwälte
Ahlers & Vogel Rechtsanwälte PartG mbB
GOBBERS & DENK Rechtsanwälte Partnerschaft
GOBBERS & DENK Rechtsanwälte PartG mbB
Schindhelm Rechtsanwaltsges. mbH
CMS Hasche Sigle Partnerschaft von Rechtsanwälten und Steuerberatern mbB
CMS Hasche Sigle GmbH
"CMS Hasche Sigle, Dr. Rahlmeyer"
Kanzlei CMS Hasche Sigle
"Kelleners & Albert, Rechtsanwälte in Partnerschaft"
P+P Pöllath + Partners Rechtsanwälte und Steuerberater mbB
P+P Pöllath + Partners Rechtsanwälte und Steuerberater
Kanzlei Sonntag & Partner
"Sonntag & Partner Wirtschaftsprüfer, Steuerberater, Rechtsanwälte"
Sonntag & Partner Steuerberater-Rechtsanwälte
"SZA Schilling, Zutt & Anschütz Rechtsanwalts AG"
ETL Rechtsanwälte GmbH Rechtsanwaltsgesellschaft
FRH Rechtsanwälte - Steuerberater
PLUTA Rechtsanwalts GmbH
Pluta Rechtsanwaltsges. mbH
Ebner Stolz Wirtschaftsprüfer Steuerberater Rechtsanwälte PartG mbB
Ebner Stolz Rechtsanwaltskanzlei
Ebner Stolz Mönning Bachem Wirtschaftsprüfer Steuerberater Rechtsanwälte PartG mbB
"WEITNAUER Rechtsanwälte, Wirtschaftsprüfer, Steuerberater"
Weitnauer Rechtsanwälte Wirtschaftsprüfer Steuerberater
WEITNAUER Rechtsanwälte PartG mbB
BENDER HARRER KREVET Partnerschaft
Bender Harrer Krevet Rechtsanwälte Steuerberater PartG mbB
AFR Aigner Fischer Rechtsanwälte PartG mbB
RAe Boege Rohde Luebbehuesen
BRL BOEGE ROHDE LUEBBEHUESEN Partnerschaft von Rechtsanwälten
Kanzlei Klug & Collegen
Dissmann Orth Rechtsanwaltsgesellschaft Steuerberatungsgesellschaft GmbH
PKF Fasselt Schlage Partnerschaft
Prehn - Stamer - Schumacher - Thürmann Rechtsanwälte Partnerschaft
Take Maracke & Partner Steuerberater Rechtsanwälte Wirtschaftsprüfer
Müller Schupfner & Partner Patent- und RechtsanwaltsPartG mbB
Dr. Schmidt und Partner Steuerberater - Rechtsanwälte
Wedegärtner Boving Hesse & Partner Rechtsanwälte
RAe Becker Büttner Held
BBH Becker Büttner Held
Becker Büttner Held Rechtsanwälte Wirtschaftsprüfer Steuerberater PartG mbB
"Rechtsanwälte Küttner, Grass & Schamma"
Hopfgarten Rechtsanwälte
Schwackenberg & Partner Anwaltskanzlei
Schwackenberg & Strahmann Anwaltskanzlei
Wöhlermann
RAe Wöhlermann Lorenz & Partner
LECON Sanierung Rechtsanwaltsges. mbH
George Klöckner Neef Rechtsanwälte und Insolvenzverwalter Partnerschaft
"Winter, Brandl, Fürniss, Hübner, Röss, Kaiser, Polte, Patent- und Rechtsanwaltskanzlei"
"Winter, Brandl, Fürniß, Hübner, Röß, Kaiser, Polte - PartG mbB, Patentanwälte"
Adam & Partner Rechtsanwälte Steuerberater
PricewaterhouseCoopers Legal AG
Thomas Blatt RechtsanwaltsAG
Thomas Blatt Rechtsanwaltsaktiengese
Dr. Göbel & Mansfeld Rechtsanwälte Partnerschaft
"Klaus, Jacob + Partner, Steuer und Recht, Steuerberater, Vereidigter Buchprüfer, Rechtsanwälte"
Husemann Steuerberatungsgesellschaft GmbH
AWB Rechtsanwaltsges. mbH
LOH Rechtsanwälte PartG mbB
Prof. Dr. Bischoff & Partner AG Steuerberatungsgesellschaft für Zahnärzte
Bendel & Partner Rechtsanwälte mbB
RAe Bendel & Partner
Neuhaus Partnerschaft von Rechtsanwälten mbB
"Gaßner, Groth, Siederer & Coll. Partnerschaft von Rechtsanwälten mbB"
"Höly, Rauch & Partner - Rechtsanwälte"
Steinkrüger Stingl & Partner Rechtsanwälte mbB
Heussen Rechtsanwaltsges. mbH
ADIUVO Rechtsanwälte
Mariacher Rechtsanwälte GbR
Rechtsanwälte BARRAN & Partner
Rechtsanwälte Streit & Partner
Ehler Ermer & Partner Wirtschaftsprüfer Vereidigte Buchprüfer Steuerberater Rechtsanwälte
Luther Rechtsanwaltsges. mbH
VOELKER & Partner Rechtsanwälte Wirtschaftsprüfer Steuerberater mbB
VOELKER GmbH Wirtschaftsprüfungsgesellschaft
"Moog Partnerschaft Steuerberater, Rechtsanwälte, Wirtschaftsprüfer, vereidigter Buchprüfer"
Höcker & Partner Rechtsanwälte
Kanzlei Graf von Westphalen
Kanzlei Voigt Rechtsanwalts GmbH
Schlatter Rechtsanwälte Partnerschaft
Schlatter Rechtsanwälte Steuerberater PartG mbB
WTS AG Steuerberatungsgesellschaft
WTS Steuerberatungsges. mbH
Dr. Eick & Partner GbR
BRP Renaud und Partner mbB Rechtsanwälte Patentanwälte Steuerberater
"Dr. Braune, Heinzel & Kollegen"
RAe Manke Haase Reichelt
Rödl & Partner Jena Rechtsanwälte
Rödl & Partner Stuttgart Rechtsanwälte
Rödl & Partner GmbH Wirtschaftsprüfungsgesellschaft Steuerberatungsgesellschaft
Rödl Rechtsanwaltsgesellschaft Steuerberatungsges. mbH
Hardtke Svensson & Partner Rechtsanwälte Steuerberater Wirtschaftsprüfer
Hardtke - Svensson & Partner
Dolde Mayen & Partner Rechtsanwälte
Dolde Mayen & Partner Rechtsanwälte PartG mbB
Ratajczak & Partner Rechtsanwälte mbB
Jacobsen + Confurius Rechtsanwälte Steuerberater Wirtschaftsprüfer PartG mbB
DIERKES & PARTNER Wirtschaftsprüfer Steuerberater Rechtsanwälte PartG mbB
RAe Heuking Kühn Lüer Wojtek
Kanzlei Heuking Kühn Lüer Wojtek
Heuking Kühn Lüer Wojtek - PartG mbB von Rechtsanwälten und Steuerberatern
"Heuking Kühn Lüer Wojtek - Partnerschaft von Rechtsanwälten, Steuerberatern und Attorney-at-law"
DIE KANZLEI Lenz Gebhardt GbR
"Taylor Wessing Partnerschaft von Rechtsanwälten, Steuerberatern, Solicitors und Avocats à la Cour"
Taylor Wessing Partnerschaft von Rechtsanwälten
Beiten Burkhardt Rechtsanwaltsges. mbH Zweigniederlassung Berlin
BEITEN BURKHARDT Rechtsanwaltsges. mbH
PPR & PARTNER Pape Rauh Rechtsanwälte PartG mbB
TIGGES Rechtsanwälte PartG mbB
Pfeiffer Link & Partner Rechtsanwälte - Steuerberater
ARQIS Dietl Panzer-Heemeier Witty Yamaguchi Rechtsanwälte Partnerschaft
ARQIS Rechtsanwälte Partnerschaft
"Dr. Wilk, Zindel, Dr. Jeltsch und Opper"
"Eigenstetter Helmreich und Partner Steuerberater, Rechtsanwälte"
Dr. Schwarz GmbH Wirtschaftsprüfungsgesellschaft
PETERS Rechtsanwälte | Notare
PETERS Rechtsanwälte PartG mbB
audalis Schick Struß & Partner - Rechtsanwälte PartG mbB
audalis Kohler Punge & Partner Wirtschaftsprüfer Steuerberater Rechtsanwalt
Rechtsanwaltskanzlei Seit - Platzer - Baronikians - Demharter
Schumacher & Partner Düsseldorf Rechtsanwälte Steuerberater PartG mbB
"König Szynka Tilmann von Renesse Patentanwälte, Partnerschaft mbB"
ALPMANN FRÖHLICH Rechtsanwaltsges. mbH
Knapp Lanio Gesser & Partner RAG
"Hohage, May & Partner - Rechtsanwälte, Steuerberater"
Rechtsanwaltskanzlei Kessler - Meyer - Stickler - Feske
Redeker - Sellner - Dahs Rechtsanwälte
REDEKER SELLNER DAHS Rechtsanwälte PartG mbB
Rechtsanwaltskanzlei baumannbender
Kanzlei Redeker Sellner Dahs
ttp GmbH Rechtsanwaltsgesellschaft
Rechtsanwälte Kupferschmid Englert Grauvogl & Partner
Rechtsanwälte Kupferschmid Englert Pichl Grauvogl & Partner
GRAEF Rechtsanwälte PartG mbB
Dr. Kroll & Partner
Dr. Kroll & Partner Rechtsanwälte
Kanzlei Dr. Gekeler u. Koll.
Dr. Kroll & Partner Rechtsanwälte mbB
Roever Broenner Susat Mazars GmbH & Co. KG Wirtschaftsprüfungsgesellschaft Steuerberatungsgesellschaft
Dr. Ferschen GmbH Wirtschaftsprüfungsgesellschaft Steuerberatungsgesellschaft
Hilgers & Partner Rechtsanwälte mbB
Rechtsanwälte Kopp & Partner
SIMON und PARTNER Rechtsanwälte Steuerberater Wirtschaftsprüfer
Simon & Partner Rechtsanwälte
HÜMMERICH & BISCHOFF Rechtsanwälte - Steuerberater in PartG mbB
Hümmerich & Bischoff Rechtsanwälte - Steuerberater
"Rechtsanwälte Dr. Caspers, Mock & Partner mbB"
KLS Kirsch Langer Schubert Rechtsanwälte PartG mbB
Helmke - Rechtsanwälte Steuerberater Patentanwalt - Partnerschaft
ECOVIS Grieger Mallison AG Steuerberatungsgesellschaft
Daehnert Buescher + Kollegen Rechtsanwaltsges. mbH
Lüdemann Wildfeuer und Partner Partnerschaft Steuerberater Rechtsanwälte
Eisenbeis Rechtsanwälte PartG mbB
BDO Legal Rechtsanwaltsges. mbH
Oppler Hering Rechtsanwälte PartG mbB
GGV Grützmacher Gravert Viegener PartG mbB Rechtsanwälte Wirtschaftsprüfer Steuerberater Avocats à la Cour
GGV Grützmacher Gravert Viegener PartG mbB Rechtsanwälte Wirtschaftsprüfer Steuerberater
Rechtsanwaltskanzlei Hassenpflug
"Kleymann, Karpenstein & Partner mbB, Rechtsanwälte"
Rechtsanwälte Hefer Streppel Brück & Partner
"Rechtsanwälte Brück, Dr. Buss u. Kremer"
HECKER WERNER HIMMELREICH Rechtsanwälte PartG mbB
meyerhuber rechtsanwälte PartG mbB
"Hannke Bittner & Partner, Patent- und Rechtsanwälte"
MÜLLER HOFFMANN & PARTNER Patentanwälte mbB
Dr. Hermanns & Partner mbB Rechtsanwälte
LUDWIG WOLLWEBER BANSCH Rechtsanwälte * Partnerschaft
Ludwig Wollweber Bansch Partnerschaft
Graf von Westphalen Rechtsanwälte Steuerberater PartG mbB
Prinz & Partner mbB Patent- und Rechtsanwälte
"Heinemann & Partner, Rechtsanwälte - PartG mbB"
"Eisenführ, Speiser & Partner"
Eisenführ Speiser Patentanwälte Rechtsanwälte PartG mbB
GÖRG Partnerschaft von Rechtsanwälten
GÖRG Rechtsanwälte/Insolvenzverwalte
GÖRG Partnerschaft von Rechtsanwälten mbB
"Patentanwälte und Rechtsanwälte Lippert, Stachow und Partner"
Lippert
"Szary, Breuer, Westerath & Partner Rechtsanwälte"
AULINGER Rechtsanwälte PartG mbB
Anwaltssocietät Wegener & Wittkowski
Anwaltssocietät Wegener & Wittkowski Rechtsanwaltsges. mbH
Berding Rechtsanwälte Partnerschaft
Grosse von Hirschhausen Patentdienst GmbH
NICKEL Rechtsanwälte Partnerschaft
optegra Rechtsanwaltsges. mbH
Rechtsanwaltskanzlei Ellrich - Ellrich - Mackenbach
"Dr. Kaufmann & Dr. Roesler, Rechtsanwälte in Partnerschaft"
"Ehlers, Ehlers & Partner Rechtsanwaltssocietät"
"Ehlers, Ehlers & Partner Rechtsanwaltsgesellschaft mbB"
RAe Preu Bohlig & Partner
Kanzlei Preu Bohlig & Partner
"Preu, Bohlig & Partner, Rechtsanwälte, Wirtschaftsprüfer, Steuerberater"
"RPP Rechtsanwälte Fachanwälte Prof. Platena, Paust und Partner"
"Kolb, Blickhan & Partner, Rechtsanwälte"
Hengeler Mueller Partnerschaft von Rechtsanwälten mbB
Hengeler Mueller Partnerschaft
Müller Radack - Rechtsanwälte Notare
"A H P P Hans, Dr. Popp & Partner Rechtsanwälte, Steuerberater"
von Boetticher Hasse Lohmann · Partnerschaft von Rechtsanwälten
von Boetticher Rechtsanwälte PartG mbB
Geiersberger - Glas & Partner mbB Rechtsanwälte
Geiersberger Glas
Bergerhoff Rechtsanwälte
BERGERHOFF Rechtsanwälte - PartG mbB
Dr. Hahne
Dr. Hahne Fritz Bechtler u. Partner
"Blesinger, Wischermann & Partner, Rechtsanwälte"
Lentfort & Partner Rechtsanwälte
Kanzlei honert + partner mbB
honert + partner mbB rechtsanwälte wirtschaftsprüfer steuerberater
Rechtsanwälte Piel & Partner
LUTZ ABEL Rechtsanwalts GmbH
Dr. Staubach Partnerschaft Rechtsanwälte · Notare
MEK Rechtsanwaltsges. mbH
"Jannsen, Feddersen, Stark und Dr. Otzen - Rechtsanwälte, Partnerschaft"
"Jannsen, Feddersen, Stark & Dr. Otzen"
TCI Rechtsanwälte Berlin
TCI Rechtsanwälte Partnerschaft Schmidt
TCI Rechtsanwälte München - Dünisch Heydn Karger Krüger Stadler Stögmüller PartG mbB
Schütte Horstkotte und Partner Rechtsanwälte
KRIEGER GmbH Steuerberatungsgesellschaft
B.B.O.R.S Kreuznacht Rechtsanwälte
B.B.O.R.S. Kreuznacht Rechtsanwälte Partnerschaft
Donner und Partner - Rechtsanwälte
Lausen Rechtsanwälte Partnerschaft
WÜLFING ZEUNER RECHEL Partnerschaft Rechtsanwälte
Roos Nelskamp Schumacher & Partner Rechtsanwälte
LKC Rechtsanwaltsges. mbH
Kanzlei LKC Kemper Czarske u. a.
K-S-P-S Rechtsanwälte und Notar
SEUFERT RECHTSANWÄLTE
SEUFERT Rechtsanwälte PartG mbB
SKW Schwarz Rechtsanwälte
SKW Schwarz Rechtsanwälte Steuerberater Wirtschaftsprüfer PartG mbB
Schafmeister & Partner Rechtsanwälte und Insolvenzverwalter
SSP Schiessl Rechtsanwälte Partnerschaft
advokatfirma | meyer
Balduin Pfnür & Partner Rechtsanwälte Steuerberater
"Adiuro.Rechtsanwälte Tesche, Berndt, Weise und Partner"
Staudacher Rechtsanwaltsges. mbH
Sauter Willenberg Fabian Rechtsanwälte Notare Fachanwälte
AC Tischendorf Rechtsanwälte PartG mbB
eureos GmbH steuerberatungsgesellschaft rechtsanwaltsgesellschaft
Rechtsanwaltskanzlei Copey
de faria & partner Rechtsanwälte mbB
Noerr LLP
"Rechtsanwälte Messerschmidt, Dr. Niedermeier und Partner PartG mbB"
GKD Gäng Kramer Döring Stagat Rechtsanwälte in PartG mbB
Rechtsanwälte Lange Brunner
KRASKE MELCHER Rechtsanwaltsges. mbH
GLAUX Rechtsanwälte Biedermann & Partner
Fuhrmann Wallenfels Binder
Fuhrmann Wallenfels Frankfurt am Main Rechtsanwälte PartG mbB
Hilbert Kampf Sgumin Richter Rechtsanwälte Partnerschaft
Rahle.Schreiber.Seide & Gumprich GbR
DDHW Denzler Denzler Hauke Wojtowicz
DDHW Rechtsanwälte
FÖRSTER | SAAGE | NEUERBURG Rechtsanwälte - Fachanwälte
RAe Dr. König u. Eisenberg
Scheunemann & Dr. Grabau
"Wablat, Lange, Karthaus"
ZARZYCKI & HORNAUF RECHTSANWÄLTE
Sozietät BM - Rechtsanwälte Bünger & Meyer
Kanzlei Johannsen Rechtsanwälte
Kanzlei Johannsen Rechtsanwälte GbR
Kanzlei Allen & Overy LLP
"Kübel - Heising, Rechtsanwälte, Insolvenzverwalter, Steuerberater, Wirtschaftsprüfer"
Kanzlei Henningsmeier
Rechtsanwälte Poppe
Rechtsanwälte Esch & Kollegen
Anwaltskanzlei KESSING HESPE DR. STEENKEN
"Kronenberg, Dr. Kronenberg & Kollegen"
Sozietät CWG
"Behnsen, Schröder, Vogt"
Kanzlei Weserbergland
Rechtsanwaltskanzlei Ludewig - Ludewig
Rechtsanwälte Kröger & Rehmann
Rechtsanwälte Dr. Kloke u. Kollegen
Anwaltskanzlei Wiese & Kollegen
RAe Schneiders & Behrendt
Schneiders & Behrendt Rechtsanwälte und Patentanwalt PartG mbB
Kanzlei Uexküll & Stolberg
wohlleben und partner Kanzlei für Wirtschaftsrecht
Anwaltskanzlei Dr. Schreiner + Partner GbR
WOLFF GÖBEL WAGNER
RAe Gottschalk pp.
Minoggio Rechtsanwälte & Strafverteidiger Wirtschaftsrecht - Steuerrecht - Strafrecht
Minoggio RAe
Dingeldein Rechtsanwälte
Anwaltskanzlei Jung
Hotze Rechtsanwälte
Kanzlei Vahle Kühnel Becker
Baumgärtner & Kollegen Rechtsanwälte- Fachanwälte
Rechtsanwalt- & Notarkanzlei Brüwer und Gröninger
Kanzlei Arneburg Müller
"Rechtsanwälte Dr. Kühlwein, Fetzner, Pfannkuch, Braun & Kollegen"
"ANWALTSOZIETÄT FEHRENBACH, DINKAT & KOLLEGEN"
Kanzlei Heinicke & Kollegen
Rechtsanwälte Heinicke & Kollegen
Rechtsanwaltskanzlei Höfer
anchor Rechtsanwälte PartG mbB Abel von Braun Herbst Reus Wahl Hörmann Hänel Höfer Müller Rieger Schiller
Anchor Rechtsanwälte GbR.
anchor Rechtsanwälte
Kanzlei Müller & Kollegen
Rechtsanwaltskanzlei Erz - Krinn - Bender
Anwaltskanzlei Cipa · Bürgel · Köpf
Kanzlei Klein & Kollegen
Dres. Schacht & Kollegen Rechtsanwälte
Kanzlei Hollmayr - Baumann-Schmidberger - Raith
Dr. Müller & Kollegen
Kanzlei Dr. Müller & Kollegen
DR KREUZER & COLL Anwaltskanzlei
Dr. Kreuzer & Collegen
Müller-Heydenreich Bierbach & Kollegen
"Anhäusser, Unger & Bergien Sozietät von Rechtsanwälten"
Kanzlei Caemmerer Lenz
Kuntz & Kollegen Rechtsanwälte
Kolonko & Dammeier Rechtsanwälte Notare
Rother Rechtsanwälte
Mauel & Kollegen
Rechtsanwälte Mauel & Kollegen
Rechtsanwaltskanzlei Lobitz - Müller-Schallenberg - Knemeyer
WKWB Rechtsanwälte
Rechtsanwaltskanzlei Brochhaus - Boelsen
Bietmann Rechtsanwälte
Sozietät Bietmann
"RAe Schmidt, v. d. Osten & Huber"
Krejci.Schlaf.Bachem Rechtsanwälte und Notare
Rechtsanwältin Schreiber
RAe Freshfields Bruckhaus Deringer
Freshfields Bruckhaus Deringer LLP
Morrison & Foerster LLP.
RAUE LLP
"Rechtsanwälte Langhoff, Dr. Schaarschmidt & Kollegen"
"Wilmer, Cutler, Pickering, Hale and Dorr LLP"
Wilmer Cutler Pickering Hale & Dorr
Rechtsanwaltskanzlei Hummel - Rittger - Specht
Kanzlei Weigel
ANWALTSSOZIETÄT Kämmerle - Dr. Kraft - Rudolph
Bürrig. Kannad. Willms.
Kanzlei Kuntze Mayer & Beyer
Köhling & Dr. Aldermann Rechtsanwälte
Rechtsanwaltskanzlei Klink
Rechtsanwälte Reinhart Kober Großkinsky
"Rechtsanwaltskanzlei Reinhart, Kober, Großkinsky"
FPS Fritze Wicke Seelig Partnerschaft von Rechtsanwälten Partnerschaftsgesellschaft
FPS RAe & Notare Fritze Wicke Seelig
FPS Fritze Wicke Seelig Partnerschaft von Rechtsanwälten
FPS Rechtsanwälte & Notare
Handschuh + Lehmann
Handschuh + Lehmann Rechtsanwälte - Fachanwälte
KANZLEI RUDOLF & KOLLEGEN
Dr. Martens & Collegen
Dr. Roth & Kollegen Rechtsanwälte
Buchalik Brömmekamp Rechtsanwälte
Buchalik Brömmekamp Rechtsanwaltsges. mbH
Buchalik Brömmekamp Rechtsanwälte Steuerberater
Notar Krumpholz
Rechtsanwaltskanzlei Freytag - Krautzig Rechtsanwälte und Notare
"Anwaltssozietät Dr. Laumann, Alfs & Kollegen"
"Kanzlei Philipp, Sudmann & Schendel"
Kanzlei Schlimm & Dr. Schlimm
Rechtsanwälte A.v.Bassewitz Grüneberg Gerlach & Collegen
"Bucksch, Rasehorn & Zimmermann"
Splanemann Patentanwälte Partnerschaft European Patent Attorneys
Gabriel Rechtsanwälte
Haldenwang Rechtsanwälte
"Oberberg, Hasche, Dudda"
Krehbiehl Teubner Helfenbein Rechtsanwälte Partnerschaft
Sozietät AHLS HÖLTING DR. BECKER
Dr. Hapig & Kollegen
Horbach & Gutmann
s.f.c Rechtsanwälte
s·f·c Rechtsanwälte
"Scheubert, Eger, Klein"
"Weber, Preuß, Lehmann"
"Timm, Witt, Thießen, Kordts"
Werner-RAe
Witt Rechtsanwälte
Witt Rechtsanwälte Fachanwälte für Bank- und Kapitalmarktrecht PartG mbB (mbB)
Anwälte am Ostkreuz
Rechtsanwälte Kulitzscher & Ettelt
Rechtsanwälte Kulitzscher & Ettelt GbR
Fischer Rechtsanwälte
Beckmann & Massmann Rechtsanwalts- und Notarsozietät
Brügmann Rechtsanwälte
Kanzlei Gerken
Rechtsanwälte-Notar Schüler & Kollegen
RAe Wagensonner & Kollegen
WAGENSONNER Rechtsanwälte Partnerschaft mbB
Dr. Kohl & Gernert
Petersen & Schürmann
Schwegler Rechtsanwälte GbR
schwegler rechtsanwälte Gesellschaft bürgerlichen Rechts
Rechtsanwaltskanzlei Bobke-von Camen
schneider : schwegler Rechtsanwälte
Rechtsanwälte Dr. Schultze-Zeu - Manthei & Kollegen
Bernzen Sonntag Rechtsanwälte
BERNZEN SONNTAG Rechtsanwälte Steuerberater PartG mbB
BERNZEN SONNTAG Rechtsanwälte Partnerschaft
DITTMAR Rechtsanwälte
Rechtsanwaltskanzlei von Wiedebach und Nostitz - Deffner - Schmid - Horn
"Tappmeier & Partner, Rechtsanwälte mbB"
RPM Dres. Ruge Purrucker Makowski - PartG mbB - Rechtsanwälte
BLD Bach Langheid Dallmayr Rechtsanwälte PartG mbB
"Bach, Langheid & Dallmayr Rechtsanwälte Partnerschaft"
Höninger & Dr. Fahnenschmidt Rechtsanwälte und Notare
"Kläne, Frye Rechtsanwälte PartG mbB"
DWF Germany Rechtsanwaltsges. mbH
BÖRGERS Rechtsanwälte PartG mbB
Zimmermann und Partner Patentanwälte mbB
Zimmermann & Partner Patentanwaltskanzlei
axis Rechtsanwälte GmbH Rechtsanwaltsgesellschaft
Günther & Pätzhorn
Hillig - Rechtsanwälte
Bender Rechtsanwälte
Waldowski Stünkel Arendt & Partner
Rechtsanwaltskanzlei Hilpert - Behder
Rechtsanwaltskanzlei Liß - Meinecke - Stockert - Müller-Stolz
Rechtsanwaltskanzlei Bruch - Brehmer-Ramke - Brehmer
Linderhaus Stabreit Langen Rechtsanwälte
"Szary, Breuer, Westerath & Partner"
Dohrendorff
Rechtsanwaltskanzlei Franke - Marten
"Hesselnfeld-Jost, Duhme & Moye"
advotec. Patent- und Rechtsanwälte
"Zimmer - Bregenhorn-Wendland | Kanzlei für Medizin-, Arbeits- und Sozialrecht"
"RAe Zimmer, Bregenhorn-Wendland"
Canzlei der Rechtsanwälte Giesemann und Guntermann
Canzlei der Rechtsanwälte Giesemann Guntermann
Janke & Reinsch Rechtsanwälte
LEGS Rechtsanwälte Steuerberater Sozietät
Rechtsanwälte Runkel Schneider Weber
Heyers Rechtsanwälte
Dr. Schneider & Partner
Rechtsanwaltskanzlei Seybold und Brieseneck
Kanzlei Garbrecht
RICHTERRECHTSANWÄLTE
Rechtsanwaltskanzlei Diel - Spürck - Schleipen - Thun
Kanzlei Bergmann
"Kanzlei Jost, Strombach & Beer"
Scheid & Kollegen Rechtsanwälte/Insolvenzverwalter
Rechtsanwaltskanzlei Scheid
Rechtsanwälte H. Buschbel & Collegen
J Sellmer & B Haasler Rechtsanwälte
T & M Anwaltssocietät Christian Marko & Clemens Döring GBR
T & M Anwaltsozietät
Schulz & Partner
"Aykaç,Yilmaz&Tunçel"
Dr. Junge & Riedel
Berwin Leighton Paisner LLP
"Gebauer, Dr.Xanke & Kollegen Rechtsanwälte u.Notare"
Rechtsanwaltskanzlei Müller - Nünemann - Maring
"Rechtsanwaltskanzlei Dorner, Kumlehn und Kollegen"
Amim - Rechtsanwälte
Pietsch & Kollegen
"Dehne, Ringe, Grages, Bolte"
Prof. Versteyl Rechtsanwälte
Rechtsanwälte Ferlings und Cramer
Rechtsanwaltskanzlei Kazzer - Krug
Sozietät Dr. Schalk und Kollegen
Kanzlei Lage Hose | Dr. Rodekamp | Partner GbR
Dr. Rinke Heine & Partner
Schiebe & Collegen
HESS Rechtsanwälte
SHNF Rechtsanwälte
RAe Thomas Noack & Kollegen
Greyhills Rechtsanwälte
RAe Dr. Leibold & Schmid
"Gerard, Groß & Kollegen"
von Häfen & Neunaber
Rechtsanwaltskanzlei Rackow - Kleinmann - Hoeck-Eisenbach
White & Case LLP
RAe Raab & Kollegen
Kanzlei Dobler u. Koll.
RAe Kahlert & Padberg
Schwoerer & Kollegen
RAe Suck & Collegen
RAe Heusinger Dane Müller Watermann
Kalkoff & Partner Patentanwälte
GRÖPPER KÖPKE Rechtsanwälte
"Scheermesser, Heuser & Kollegen"
Kanzlei Reissner | Knodt | Liepold | Öztas
Schönlau Edelmann Rechtsanwälte Partnerschaft
Kanzlei Knöbel & Kollegen GbR
"Dr. Boetzkes, Faecks, Dr. Rissel, Wöflein und Dr. Koberg"
PricewaterhouseCoopers Legal AG Rechtsanwaltsgesellschaft
Hoge Gutsche Walter Rechtsanwälte
SNP Schlawien Partnerschaft Rechtsanwälte Steuerberater Wirtschaftsprüfer
Dorschner & Hoffmann
jürges.knop.stiller - überortliche Anwaltssozietät Gesellschaft bürgerlichen Rechts
"Kanzlei Jürges, Knop und Stiller"
RAe jürges.knop.stiller
Rechtsanwaltskanzlei Kubisch
Rechtsanwaltskanzlei Mastaliers - Grollmütz - Mastaliers
RAe Henningsmeier
LEINEMANN & PARTNER RECHTSANWÄLTE mbB
Kanzlei Leinemann & Partner
Leinemann & Partner Rechtsanwälte
"Broglie, Schade & Partner GbR"
Schmitt und Schmitt
Kanzlei Horn & Kollegen
Becker & Kollegen Rechtsanwälte
Dr. Seither - Rechtsanwälte
Müller Sitzenstuhl Kunzendorff
Kanzlei Hirt u. Koll.
Vogel & Partner Rechtsanwälte
Flöther & Wissing Rechtsanwälte
Kanzlei Flöther & Wissing
Rechtsanwälte GMS
Rechtsanwaltskanzlei Gentz - Harrfeldt
Anwalts- und Steuerbüro Büring Reger Bierwisch Dietrich
Kanzlei Jehle & Kollegen
Kanzlei Weber & Kollegen
Kanzlei Kummer Ohnesorge Sennert
"Rechtsanwälte Schindele, Eisele, Gerstner & Collegen"
Kanzlei Schindele Eisele & Collegen
SCHWARTZ Rechtsanwälte
H & H Rechtsanwälte
Kanzlei H & H Rechtsanwälte
"Römer, Finckh, Borchard"
"Dr. Balzer, Kolb & Kretsch"
Kanzlei Dr. Greger
Kanzlei Stoppelkamp Rechtsanwälte
Rechtsanwälte Walter Thummerer Endler & Coll
"Derra, Meyer & Partner"
Rechtsanwaltskanzlei Koch
Tippmann & Otto
Dr. Fechner Franck Funke & Lorenz
Rechtsanwaltskanzlei Hammer
BEMK Rechtsanwälte
RAe Kreft pp.
Thur Winkler Tappe Partnerschaft von Rechtsanwälten
Rechtsanwaltskanzlei Venne - Wenzel - Palme - Kieseritzky
Rechtsanwaltskanzlei Steinmeier LLP
rechtsanwaelte-mannheims
Zwanzig Hacke Meilke & Partner Rechtsanwälte mbB
Dr. Späth & Partner Rechtsanwälte mbB
Rechtsanwälte Schmitte Hemmelgarn u. Koll.
"Anwaltskanzlei Brückner, Schwarz"
Kanzlei Back Eckart Dr. Karpf Pitsch
van Recum Schmidt & Marek
"Rechtsanwälte Dr. Tykwer, Mecke & Stegemann"
RAe Ulsenheimer Friederich
Ulsenheimer - Friederich Rechtsanwälte
Kanzlei Bryan Cave LLP
Hoffmann & Franken Rechtsanwälte-Steuerberater
"RAe Krauß, Mäckler, Schöffel"
"BSKP Dr. Broll, Schmitt & Partner"
Dr. Broll Schmitt Kaufmann & Partner Steuerberater - Wirtschaftsprüfer - Rechtsanwälte
Kanzlei Dr. Backhaus & Weidemann
Körting & Körting
"Kanzlei Alex, Goergens, Theel"
Burghard + Kollegen Rechtsanwälte
Robert Rechtsanwälte
"Horn, Voigt & Partner GbR"
Göhmann Rechtsanwälte und Notare
Göhmann Rechtsanwälte
Göhmann Wrede Haas Kappus & Hartmann
"Schneider, Geiwitz und Partner"
"Schneider, Geiwitz & Partner"
"RAe Schneider, Geiwitz & Partner"
Brandi Rechtsanwälte
Rechtsanwälte Dr. Blanke & Colshorn
"Dr. Blanke, Colshorn"
Rechtsanwaltskanzlei Kellner
RAe Wirth & Collegen
Rechtsanwälte Kreisel & Runkel
Versteyl Rechtsanwälte
Rechtsanwälte Dr. Müller · T. Müller LL.M
Braukmann & Partner
Esche Schümann Commichau Rechtsanwälte Wirtschaftsprüfer Steuerberater PartG mbB
Hohenner und Büker Rechtsanwälte und Notare
Widera und Kollegen
Rechtsanwälte Middendorf - Dr. Breulmann
Rechtsanwaltskanzlei Konietzka - Schmidt - Rosenstengel
Tiefenbacher Rechtsanwälte Partnerschaft
Tiefenbacher Chemnitz
Rechtsanwaltskanzlei Schulz - Hiller
Rechtsanwälte Rosenberger & Koch
Ebersberger Meisen & Coll.
"Kanzlei Ebersberger, Meisen & Coll."
Kanzlei Lischka u. Partner
Adjulex
BBL Bernsau Brockdorff & Partner Rechtsanwälte
"Oertel, Gläser & Klapper"
Rechtsanwälte Dr. Bock & Collegen
Schenk Lechleitner Krösch GbR
ETL Rechtsanwälte GmbH
Rechtsanwälte Wolf und Kollegen
"bwp Baehr, Wübbeke & Partner"
Kanzlei Beckmann & Einfeldt
Rechtsanwaltskanzlei Wegener - Cramer - Cramer - Hecker - Cramer
Rechtsanwälte Kampmeier & Dr. Tietz
Kanzlei Dr. Kröller & Kollegen
Schott · Dobmeier· Kießlich Rechtsanwälte GbR
KNARR & KNOPP Rechtsanwälte Notare Fachanwälte
KNARR & KNOPP Rechtsanwälte - Notare - Fachanwälte
HOLTFESTER | GRAFFLAGE
Walter & Walter Rechtsanwälte
"Beckmann, Abshoff und Kollegen - Rechtsanwälte und Notare"
"Bösel, Kohwagner & Kollegen Rechtsanwaltssozietät"
Steinberger & Heindl Rechtsanwälte
Rechtsanwälte Dr. Ditz & Kollegen
Mauser Schanze Rechtsanwälte
Dr. Ringstmeier & Kollegen Rechtsanwälte GbR
Rechtsanwaltskanzlei Klostermann Schmidt Monstadt Eisbrecher
"Klostermann, Schmidt, Monstadt, Eisbrecher Rechtsanwälte"
"RAe Konrad, Dr. Konrad & Richter"
LBG Rechtsanwälte Fachanwälte Notare LUDEWIG BUSCH GLOE
Notariat Rathausmarkt
Kanzlei Rosenberger & Koch
Erkens Rechtsanwälte
kwm Rechtsanwälte
kwm - Rechtsanwälte
Dr. Klassen & Partner
Dr. Klassen & Partner GbR
FACHANWÄLTE RECHTSANWÄLTE SCHNEIDER DAHLER MÜLLER
RAe Pollak Morasch & Kollegen
RAe Dr. Ewers & Wolske
Müller Rechtsanwälte
"K3S Rechtsanwälte Köppe, Straub, Staufer, Schwemmle und Kollegen"
"Merz, Schmid, Schäftlemeier und Partner Rechtsanwälte"
KNH - Rechtsanwälte
Dr. Peters & Partner
BBL Bernsau Brockdorff GbR
Friedrich Graf von Westphalen & Partner Rechtsanwälte
Friedr. Gr. v. Westphalen & Part mbB Rechtsanwälte
Friedrich Graf von Westphalen & Partner mbB Rechtsanwälte
GHB - Göttinger Höwing Buchweitz Brachvogel Partnerschaft
Drewelow & Ziegler - Rechtsanwälte
Siemens & Kilian-Klinge
Prof. Dr. Holzhauser & Partner Rechtsanwälte GbR
Kübler Rechtsanwälte
Rechtsanwaltskanzlei Scholz
Glatzl & Seidel
Helduser Richtberg GbR
HLT Rechtsanwälte
Kanzlei am Klingenberg
"Untermann, Kreuder-Sonnen, Gohlke"
RHB Rechtsanwälte
Brozat Rüsch Matheja
RWP Rechtsanwälte PartG mbB
Kanzlei Herzog Dr. Eickelpasch u. a.
"Hofmeister, Habermann, Lüttmann"
WURSTER WIRSING KUPFER Rechtsanwälte
Höck Spiess Fach Dr. Lieb
MÖLLER RECHTSANWÄLTE
Winterberg und Möller
"Schlüter, Waack, Sütterlin"
Kanzlei Dr. Illgen & Kollegen
Anwälte Spadenteich
Bengs Rechtsanwälte
"Meyer, Hattendorff, Behrens GbR"
Anwaltskanzlei Freie Hansestadt Bremen
"Speckin, Dembski und Partner GbR"
NOEL - WAFFENSCHMIDT - GÜLDENBERG Rechtsanwälte und Notare
Kanzlei Esser
"Rechtsanwälte Dr. Köllner, Henze und Kollegen GbR"
Lauprecht Rechtsanwälte Notare
"Rechtsanwälte Camp, Funken & Kollegen"
Göhmann Rechtsanwälte Abogados Advokat Steuerberater Partnerschaft
Anwaltskanzlei Filchner · Urban · Biesinger
Rechtsanwälte Kraas | Bienstein | Elvers-Klingeberg Kanzlei Oeventrop
Jakoby Dr. Baumhof GbR Rechtsanwälte
THIERLEY BERG BUNTZ - Rechtsanwälte
Kanzlei Dr. Ingendahl - Rust - Steinkuhl
"Rechtsanwaltskanzlei Dr. Schulte, Prof. Schönrath und Schmid GbR"
EGH Rechtsanwälte
Dr. Aumüller & Partner
Kanzlei Schmitt - Hoff & Kollegen
Kanzlei Schunck & Kollegen
"Rechtsanwälte Wiehler Werner Kleemann, Berufsbezeichnung Rechtsanwalt/Rechtsanwältin"
Rechtsanwälte Schäfer Riedl Baetcke
RAe Dr. Nelles pp.
Peters & Partner
"Rechtsanwaltskanzlei Roth, Conradt, Pees & Partner"
Rechtsanwaltskanzlei Finck - Wasner - Wendel - Dr. Schiefer
Eickelpasch & Klausing
Rechtsanwälte Klug & Froehlich
PETERSEN HARDRAHT Rechtsanwälte Steuerberater Partnerschaft mbB
PETERSEN HARDRAHT Rechtsanwälte Steuerberater PartG mbB
Rechtsanwälte Pesch & Kollegen
avocado rechtsanwälte
Brockhoff & Scharditzky GbR
"RAe Dechering, Wilhelm, Kantak"
"Gramm, Lins & Partner GbR"
Rechtsanwaltskanzlei Drzymalla - Risthaus - Schrammek
Notar / Rechtsanwälte Brüßler Günter Neumann
RAe Streck Mack Schwedhelm
Bach Rechtsanwälte
RAe Panka & Partner
Bühler und Alt Rechtsanwälte
Rechtsanwaltskanzlei Strack - Pitzen - Grohe
Ernst & Young AG
Rechtsanwaltskanzlei Bornheim
Bornheim und Partner Rechtsanwälte
"Bornheim und Partner, Rechtsanwälte"
Wolters & Krüssel Rechtsanwälte
Rosenstein und Kirsch
"Abels, Schnabel & Bitter Notare, Rechtsanwälte, Fachanwälte"
Rechtsanwälte und Notare Dr. Eickelberg · Dr. Kersting · Schwohnke
Karaahmetoglu & Kollegen
LAHUSEN UND DERPA
Blohm Schlichter Wösten Weiner
Rechtsanwälte Gasenzer & Kollegen
Rechtsanwaltskanzlei Burkert
Rechtsanwälte Klein & Collegen
Lüders Warneboldt & Partner
Anwaltskanzlei Hüffner und Stier
Kanzlei König Strässer & Partner GbR
"König, Strässer & Partner GbR"
"RAe König, Strässer & Part. GbR"
Helge Bleischwitz Ulli Schierer Rechtsanwälte
HEINSEN Rechtsanwälte
"Kanzlei Graf Kanitz, Schüppen& Partner"
Walther + Derndinger Rechtsanwälte
RAe Streifler & Kollegen
Anwaltsbüro Manshardt Stula von Gaylyl
"Thümmel, Schütze & Partner Rechtsanwälte"
"RAe Thümmel, Schütze & Partner"
"Thümmel, Schütze & Partner"
Westpfahl Spilker Wastl Rechtsanwälte
Rechtsanwaltskanzlei Lorenz
Kanzlei Stern & Schiller
Anwälte Bredereck & Willkomm
Oberhof & Schober
"Fasbender, Buch & Kollegen"
Dr. Radtke & Partner
"Brandt, Weinreich & Weinreich"
Kanzlei Hufnagel & Kollegen
Mayer Brown LLP
RAe Bormann Demant & Partner
Stickler Posner Limpinsel
Rechtsanwaltskanzlei Petrelli
Brinkmann Jürgen
Dr. Bauer & Kollegen
Warlies - Grimm Rechtsanwälte
Eisenmann Wahle Birk & Weidner Partnerschaft von Rechtsanwälten mbB
Kanzlei Lämmle v. Frankenberg & Kollegen
Kanzlei Schumertl & Koll.
Kanzlei Schumertl
van Aubel Rechtsanwälte
RAe Dorn Krämer & Partner GbR
Rittershaus Rechtsanwälte Notar
RITTERSHAUS Rechtsanwälte PartG mbB
Kanzlei Rittershaus Rechtsanwälte PartG
Gaubitz Klingsporn Stuttmann
Kanzlei Dr. Herzog & Kollegen
Rechtsanwaltskanzlei Chorvat-Hüther - Dietz - Dornbusch-Hünemohr - Hünemohr
"Rechtsanwälte Daxhammer, Grieger, Tyroller, d´Alquen GbR"
Rechtsanwaltskanzlei Kuhmann
Sozietät STELLMACH BRÖCKERS DR. SCHOOFS
Schapp & Partner
Rechtsanwälte und Notar Rennert & Demtröder
Amelung Albrecht Rechtsanwälte
"Cornelius, Bartenbach, Haesemann & Partner"
Anwaltsozietät Leinen & Derichs
Rechtsanwaltskanzlei Frank - Hauser - Hauser
THORWART Rechtsanwälte Steuerberater Wirtschaftsprüfer PartG mbB Gera
Thorwart Rechtsanwälte StB WP
"Rechtsanwälte Lampert, Dr. Graf & Kollegen"
Prof. Scherer Dr. Rieger & Partner
WIRTSCHAFTSRECHTSKANZLEI PROF. DR. SCHERER DR. RIEGER & PARTNER GBR
Kanzlei am Hafen
Rechtsanwaltskanzlei Spohr - Freitag
Dr. Michael Kirchhoff Rechtsanwälte - Steuerberater
Kanzlei Sauer Wolff Martin
Rechtsanwaltskanzlei Husslein - Wolff - Sauer
Martin Klaus u. Kollegen Rechtsanwaltskanzlei
Rechtsanwaltskanzlei Dörfler & Scheibenreif
HFK Rechtsanwälte LLP
"Sellmann, Blume, Wiemann"
BRANDI Rechtsanwälte Partnerschaft
Tegtmeier & Partner Rechtsanwälte
KPMG Rechtsanwaltsges. mbH
KPMG Rechtsanwaltsgesellschaft
KPMG Rechtsanwaltsgesellschaft Steue
Kanzlei KPMG RA-GmbH
"Gerlach, Hünlein & Partner, Rechtsanwälte"
CLLB-Rechtsanwälte
Buse Heberer Fromm Rechtsanwälte - Steuerberater Partnerschaft
Rechtsanwaltskanzlei Buse Heberer Fromm PartG mbB
Rechtsanwälte Brinkmann_Dewert & Partner mbB
Heimann Hallermann Rechtsanwälte
RAe Heimann Hallermann
Kanzlei Dr.Klüßendorf & Kollegen
Kanzlei SSH Rechtsanwälte
Kanzlei Gülsen Kurt
"IT-Recht Kanzlei Rechtsanwaelte Keller-Stoltenhoff, Keller, Münch"
Schulz Noack Bärwinkel Rechtsanwälte PartG mbB
RAe Neumann & Dickersbach
p11 Rechtsanwälte GbR
LBC Zahn Rechtsanwälte u Notar
Rechtsanwaltskanzlei Lafferthon
KSB INTAX Celle
KSB INTAX v. Bismarck Rechtsanwälte Wirtschaftsprüfer Steuerberater PartG mbB
SCHÜRMANN WOLSCHENDORF DREYER Rechtsanwälte
armedis RECHTSANWÄLTE
"armedis Rechtsanwälte Seesen Labenski, Cansun, Barz, Siegert"
Schindler Elmenthaler Rechtsanwälte
DLA Piper UK LLP
Kanzlei DLA Piper UK LLP.
Bock u. Elvers
Rechtsanwälte Göbel & Partner
Schindhelm & Pfisterer Rechtsanwälte
"Remmers, Meyer & Robra"
König & Dey
Meyer-Köring Rechtsanwälte
Meyer-Köring Rechtsanwälte Steuerberater PartG mbB
Diekert Recht und Steuern
RAe Kliemt & Vollstädt
Rechtsanwälte Prinz Neidhardt Engelschall
RAe Prinz Neidhardt Engelschall
RAe Ring & Schmidt
PIETSCHMANN LEGAL RECHTSANWALTSges. mbH
Rechtsanwälte Dr. Schilde Fochler Kröger
Kanzlei Mielchen & Collegen
Rechtskonzept Stange & Kollegen
RAe Field Fisher Waterhouse LLP
Field Fisher Waterhouse LLP
Korhon-Nanz Hauthal zur Verth
Kanzlei Schierk & Bechtloff
Rechtsanwaltskanzlei Bürogemeinschaft
kbk Rechtsanwälte GbR
"Kobler, Blanke"
RAe Cramer & Laws
RAe Gellner & Collegen
"Löscher, Pfaff und Koch"
Sernetz Schäfer Rechtsanwälte
Kanzlei Sernetz & Schäfer
WELLENSIEK RECHTSANWÄLTE Partnergesellschaft
Wellensiek Rechtsanwälte
WELLENSIEK RECHTSANWÄLTE - Partnerschaft -
WELLENSIEK Rechtsanwälte PartG mbB
McDermott Will & Emery Rechtsanwälte
McDermott Will & Emerey LLP
Kanzlei McDermott Will & Emery LLP
"Lehner Dänekamp & Mayer - Rechtsanwälte, Steuerberater"
D´Avoine Teubler Neu
ATN Rechtsanwälte dÂ´Avoine Teubler
Rechtsanwälte Wigge
RAe Kreimer & Kollegen
Winter Rechtsanwälte
BWL RECHTSANWÄLTE UND NOTAR
Norton Rose Germany LLP
Norton Rose Fulbright LLP
Kanzlei Norton Rose LLP
Skadden Arps Slate Meagher LLP
Shearman & Sterling LLP
Willkie Farr & Gallagher LLP
Brehm & v. Moers Rechtsanwälte
King & Wood Mallesons LLP
Rechtsanwälte Notare Dr. Jung Weckel Felzer GbR
"Seibert, Zimmermann, Müller, Berrang Gesellschaft bürgerlichen Rechts Rechtsanwälte"
Quinn Emanuel Urquhart & Sullivan LLP
Quinn Emanuel LLP
"Anwalts-Kanzlei Bau, Becky & Collegen"
Bremenkamp Rechtsanwälte
ZIEFLE · UNGER & KOLLEGEN Rechtsanwälte
Nonnenmacher Rechtsanwälte
"Orrick, Herrington & Sutcliffe LLP"
24IP Law Group Sonnenberg Fortmann
Kanzlei Hecker Loritz Sessig
ROXIN Rechtsanwälte LLP
Kanzlei Dechert LLP
Kanzlei Weiss Walter Fischer-Zernin
Kanzlei Osborne Clarke
Kanzlei Jaeger Breig Maass
Kanzlei Gibson Dunn & Crutcher LLP
"Weil, Gotshal & Manges LLP"
Kanzlei Weil Gotshal & Manges LLP
"Milbank, Tweed, Hadley & McCloy LLP"
Kanzlei HGAS Giebelmann & Salvoni
Kanzlei BSB
Jaffè RAe Insovenzverwalter
Kanzlei Jaffè & Kollegen
JAFFÉ Rechtsanwälte Insolvenzverwalter
"Grünecker, Kinkeldey, Stockmair & Schwanhäusser"
Grünecker Patent- und Rechtsanwälte PartG mbB
Rechtsanwälte Kühne und Kollegen
KLAKA Rechtsanwälte
Kanzlei Klaka
Hieronimi Rechtsanwälte
HPK Steuerberater Rechtsanwälte
HPK - Steuerberater Rechtsanwälte
Kanzlei Weber u. Koll.
Kanzlei Storz u. Koll.
Kanzlei Dr. Häge & Kunz
Lieb Rechtsanwälte
Meyer & Hofmann-Rascu Rechtsanwaltskanzlei
RAeDr.Grimme-Dr.Jungbauer-Birnthaler
Rechtsanwaltskanzlei Rockenstein - Lösche & Kollegen
Lichte Rechtsanwälte
Kanzlei Lichte Rechtsanwälte
ABELN Rechtsanwaltsges. mbH
Dr. Stoll & Sauer Rechtsanwaltsges. mbH
Baker Tilly Roelfs Rechtsanwaltsges. mbH
"Blumbach, Zinngrebe Patent-und Rechtsanwälte GbR"
"Müller, Naarmann und Eppert Insolvenzverwaltung"
Handschumacher & Partner Rechtsanwälte
"Meissner, Bolte & Partner"
Meissner Bolte & Partner GbR
Meissner Bolte Patentanwälte Rechtsanwälte PartG mbB
"Meissner, Bolte & Partner GbR"
Dr. Vera Mai Rechtsanwälte
Kanzlei am Ärztehaus (GbR) Frehse Mack Vogelsang
Kanzlei am Ärztehaus
Heidrich & Meise Rechtsanwälte
Reitstötter Kinzebach
Reitstötter Kinzebach Anwälte
Lucas I Stevens Fachanwälte für Strafrecht
Bernard Korn & Partner Rechtsanwälte und Fachanwälte
"Ratajczak & Partner, Rechtsanwälte"
Rechtsanwälte und Notare Habekost
"Wiegert Werner, Rechtsanwälte, Partnerschaft"
mwhs Rechtsanwälte
Brinkmann & Partner Rechtsanwälte
BBP Rechtsanwälte
"Rechtsanwälte Dr. Caspers, Mock & Partner"
Hanselaw Hammerstein und Partner
"Squire, Sanders & Dempsey L.L.P."
Ensenbach Rechtsanwälte
"mönigundpartner, Rechtsanwälte"
"Korte Rechtsanwälte, Rechtsgelehrte Partnerschaft"
Eckert Rechtsanwälte Steuerberater Partnerschaft
SATELL Rechtsanwälte Steuerberater Hermann Partnerschaft
SATELL Rechtsanwälte Steuerberater Reppich PartG mbB
Kulka Ketteler Palmen Welmans Rechts
Tsambikakis & Partner Rechtsanwälte mbB
MELCHERS Rechtsanwälte Partnerschaft
Melchers Rechtsanwälte PartG mbB
Koenen Rechtsanwälte
Dr. Meyer-Dulheuer & Partners LLP
"Viering, Jentschura & Partner Patentanwälte & Rechtsanwalt"
Viering Jentschura & Partner Patentanwälte und Rechtsanwalt
"Viering, Jentschura & Partner"
Ernst & Young Law GmbH
lehmann und partner rechtsanwälte fachanwälte
Kunz Rechtsanwälte
KUNZ Rechtsanwälte & Steuerberater PartG mbB
ETL European Tax & Law e.V.
Rechtsanwälte Heither & von Morgen
Stritter & Partner GbR
Dr. Beck & Partner GbR
AGS Acker Schmalz Rechtsanwälte PartG mbB
Hahn Rechtsanwälte
Hahn Rechtsanwälte Partnerschaft
Grub Brugger Rechtsanwälte
Grub Brugger
Anwaltskanzlei Siemon
SGR RECHTSANWÄLTE Sander & Gläßner & Rieger
rls Rechtsanwälte
Inn-Salzach-Kanzlei
Kanzlei Willi & Janocha GbR
Praxisrecht Dr. Fürstenberg & Partner
Praxisrecht-Dr. Fürstenberg & Partne
GRP Rainer LLP
Momberger & Niersbach Rechtsanwälte
Gülpen & Garay
Gülpen & Garay Rechtsanwälte Partnerschaft
Rechtsanwaltskanzlei Weitzell - Bürgel
Konsens Kanzlei
ALTENBURG Fachanwälte für Arbeitsrecht Partnerschaft von Rechtsanwälten mbB
Kanzlei Altenburg
FRITZ Patent- und Rechtsanwälte
Rechtsanwaltskanzlei Seidl Hiermer Köpping
Dr. Jansen & Dr. Osthoff Anwalts- und Notariatskanzlei
"Witthohn Aschmann Schellack, Rechtsanwälte Steuerberater, PartG mbB"
WIECHMANN SCHNEIDER WAITSCHIES Rechtsanwälte
Linnemann · Wöbbeking & Koll. Rechtsanwälte & Notar
"Turhan-Sahintürk, Rupp & Kollegen"
"Dr. Kalsbach, Dr. Buchfink, Dr. Schreiner GbR Rechtsanwälte"
Aderhold Rechtsanwaltsges. mbH
Aderhold & Kollegen Rechtsanwaltsgesellschaft GmbH
"Isenbruck Bösl Hörschler LLP, Patentanwälte"
"Tandler und Partner, Rechtsanwälte"
Löber & Steinmetz Partnerschaft von Rechtsanwälten mbB
maierwoelfert rechtsanwälte PartG mbB
Dornbach GmbH Rechtsanwaltsgesellschaft
SGT - Gameiro Tilse und Partner Rechtsanwälte mbB
Kanzlei Wölke & Kollegen
Rechtsanwälte Wölke & Kollegen in Partnerschaft
Haischer & Partner GbR Rechtsanwälte
"Watson, Farley & Williams"
Rechtsanwälte Steinhauer und Günther GbR
Wittig Ünalp Rechtsanwälte PartG mbB
Kanzlei Wittig Ünalp Rechtsanwälte
Kern - Rechtsanwälte
Möller Theobald Jung Zenger Rechtsanwälte Wirtschaftsprüfer Steuerberater Partnerschaft
Feigen · Graf Rechtsanwälte
Anwaltskanzlei Grußeck
Kanzlei Grußeck & Kollegen
Dr. Groß-Bölting & Kollegen
REIMER Rechtsanwälte Partnerschaft
Reimer Rechtsanwälte
HAINKE SCHÜLER ALLEYNE FUMAGALLI Rechtsanwälte Partnerschaft
Höch & Partner Rechtsanwälte
Notariat Emmerich - Lafrentz - Schmodde
Notariat Katschinski - Rösing - Möhrle - Rawert
ter Meer Steinmeister & Partner GbR
TER MEER STEINMEISTER & PARTNER PATENTANWÄLTE
"Richter, Werdermann, Gerbaulet & Hofmann"
"Geyer, Fehners & Partner (GbR)"
ANDRAE I WESTENDORP Patentanwälte Partnerschaft
Patentanwälte Meyer & Meyer
"Patentanwälte Westphal, Mussgnug & Partner"
Bals & Vogel Patentanwälte PartG mbB
Bals & Vogel GbR Patentanwälte
Jabbusch Siekmann & Wasiljeff
Pateris Patentanwälte
"Pateris Theobald Elbel Fischer Patentanwälte, Partnerschaft"
Herzog Fiesser & Partner Patentanwälte
Herzog Fliesser und Partner Patentanwälte
Herzog Fiesser & Partner Patentanwälte PartG mbB
Gulde & Partner Patent- und Rechtsanwaltskanzlei mbB
Lerner Lachenmaier & Partner Steuerberater Rechtsanwälte Wirtschaftsprüfer PartG mbB
Ludwig Wöhren Schewtschenko (LWS Rechtsanwälte) Rechtsanwälte PartG mbB
Wolter Hoppenberg Rechtsanwälte PartG mbB
Kinast Anwaltsservice GmbH
hammes. Insolvenzverwalter GbR
Müller Fottner Steinecke Rechtsanwalts- und PatentanwaltsPartG mbB
SCHWARTZ Rechtsanwälte Partnerschaft
Sterr-Kölln Partnerschaftsges.
"Sterr-Kölln & Partner mbB, Rechtsanwälte, Wirtschaftsprüfer, Steuerberater"
Pinsent Masons Germany LLP
Langwieser Rechtsanwälte Partnerschaft
Langwieser Rechtsanwälte PartG mbB
WTB Rechtsanwälte Wenzler Thiele Bünger Prange Partnerschaft
Rechtsanwälte Busse & Miessen
BUSSE & MIESSEN Rechtsanwälte PartG mbB
ROSE & PARTNER LLP
Gréus Rechtsanwälte PartG mbB
Wollmann & Partner Rechtsanwälte
Görg Insolvenzverwalter GbR
GenoRechtAnwälte Rechtsanwaltsges. mbH
Würtenberger Winstel Kern Pawlik Rechtsanwälte Partnerschaft
Würtenberger Winstel Kern Rechtsanwälte Partnerschaft
MN Legal Rechtsanwaltsges. mbH
Rechtsanwälte Schrade & Partner
Dr. Berner Insolvenzverwaltung
PEBERES Rechtsanwälte
SCHMITZ KNOTH RECHTSANWÄLTE PartG mbB
Hannemann und Partner Rechtsanwälte PartG mbB
Zimmer und Bregenhorn-Wendland
DIERKS + BOHLE Rechtsanwälte PartG mbB
Dierks + Bohle Rechtsanwälte
Schulze Marc-Oliver
Kanzlei Voigt
vangard Rechtsanwälte
vangard pp PartG mbB
Kanzlei Vangard Rechtsanwälte
Bartsch Rechtsanwälte PartG mbB
Pohlmann + Company Rechtsanwälte LLP
Herbert Smith Freehills Germany LLP
SWN Rechtsanwälte
esb Rechtsanwälte Dresden Strewe & Partner mbB
esb Rechtsanwälte
Notariat Stuttgart
Notariat Villingen-Schwenningen
Notariat Lörrach
Notariat Heilbronn
Notariat Aalen
Notariat Karlsruhe
Notariat Tübingen
Notariat Ludwigsburg
SGP SchneiderGeiwitz Rechtsanwaltsges. mbH
Dr. Gloistein & Partner Rechtsanwälte
Wolff - Rapp Rechtsanwälte
KNP Kreikenbohm Niederstetter Partnerschaft Rechtsanwälte
Staufenbiel Rechtsanwälte
Eversheds Deutschland LLP
VOIGT SALUS. Rechtsanwälte und Steuerberater PartG mbB
klkb. Rechtsanwälte
Kanzlei Voigt RA-GmbH
Riekert & Schmidtke Rechtsanwaltskanzlei
Pöppinghaus:Schneider:Haas Rechtsanwälte PartG mbB
Rechtsanwaltskanzlei Köhler
Melchior Illig Rechtsanwälte
ULLRICH Rechtsanwälte
Rechtsanwaltskanzlei Schreier
Böhret Sehmsdorf & Partner Rechtsanwälte Wirtschaftsprüfer Steuerberater
Münzer & Collegen Rechtsanwaltsges. mbH
RIEDIGER. Legal & tax
BATTKE GRÜNBERG Rechtsanwälte PartG mbB
SMF Rechtsanwälte und Steuerberater
Weiler Krah Petersen LLP
Stölzel Rechtsanwälte Steuerberater
Rechtsanwaltskanzlei Huhn - Janßen
ALTHOFF KIERNER & PARTNER RECHTSANWÄLTE
"Brüggen Rechtsanwälte, Anwaltskanzlei"
Ahrendt . Menzel . Stantke Rechtsanwälte
Rechtsanwaltskanzlei Arnold - Schöne
Rechtsanwaltskanzlei Baumann-Hasske - Tietze
Rechtsanwaltskanzlei Stiehler - Rahn
Molsbach & Bürger
Großpietsch | Zimmermann Rechtsanwaltsges. mbH
Rechtsanwälte Biedenkopf
Rechtsanwaltskanzlei Feigl & Rothamel
KÜBLER Rechtsanwälte - Insolvenzverwalter - Wirtschaftsprüfer - Steuerberater
Teschler & Huß Rechtsanwaltsges. mbH
Zwipf Rosenhagen Rechtsanwälte Partnerschaft
Rechtsanwaltskanzlei Meyer-Götz & Meyer-Götz
Kucklick Wilhelm Börger Wolf & Söllner
Rechtsanwaltskanzlei Schreiber Spank
Dittmann Rechtsanwälte
BSK Rechtsanwälte
Rechtsanwaltskanzlei Furche - Götz - Schicht
CSC - Rechtsanwälte
Israel & Hübner
Melchior Krüger Rechtsanwälte
"Roller, Linss, von Waldenfels"
Rößler Rechtsanwälte Partnerschaft
Kestner Rechtsanwälte
krüger kettwig Rechtsanwälte
Rechtsanwaltskanzlei Kessinger - Scholz - Hallervorden
Kanzlei Buhmann Rechtsanwälte
Kiermeier - Haselier - Grosse Rechtsanwälte-Steuerberater-Partnerschaft
Rechtsanwaltskanzlei Albertowski
"Elbs Kilian Wirth Rechtsanwälte, Fachanwälte Straf-und Steuerrecht"
Brockob & Reineke
Rechtsanwaltskanzlei Götzke - Leukart
Rechtsanwaltskanzlei Roth - Knöpfle - Eckert
Heumann Rechtsanwälte Partnerschaft
"Hirsch, Thiem & Collegen"
wwp Wallner Weiß Rechtsanwälte PartG mbB
Rechtsanwaltskanzlei Zimmermann - Schnitter - Zimmermann
Süß Rechtsanwälte
Reinheldt Kispert Krause Mosig
Roth Rechtsanwälte Partnerschaft
Friese Rechtsanwälte
FERTIG - FRENZEL & KOLLEGEN
Rechtsanwaltskanzlei Rauschenbach
Kailuweit & Uhlemann Patentanwälte Partnerschaft mbB
ANDREW SEIDL - Rechtsanwalt und Fachanwalt für Insolvenzrecht
Rechtsanwaltskanzlei Bernhardt - Schmidt - Finze
Hanicke & Gerbes Rechtsanwälte
Schulz Nickel Schulz Rechtsanwälte in Partnerschaft
Rübartsch Rechtsanwälte
Kühne - Rechtsanwälte
Prof. Dr. Queißer & Partner - Rechtsanwälte -
Rechtsanwaltskanzlei Flachsmann - Sauer - Albrecht
Modschiedler - Rechtsanwälte
pkl legal Rechtsanwaltsges. mbH
Kanzlei Klein
Dr. Schwarz & Kollegen Rechtsanwälte
von Olnhausen - Wittmann - Hanisch
Rechtsanwaltskanzlei Wiegel
Zwade Mulansky Rechtsanwälte GmbH
Sturm Rechtsanwälte
Walczak & Gogsch
Dr. Heß Timmann Süß
"Merz und Stöhr, Rechtsanwälte in Partnerschaft"
Kanzlei Buder & Mühlbauer Rechtsanwälte
Stephan Rechtsanwälte
Linnemann Rechtsanwälte
Pollmächer Leuschke Rechtsanwälte GbR
Richter & Kollegen
Rechtsanwaltskanzlei Winter - Krause - Kolodziej-Winter
Rechtsanwaltskanzlei Petzold - Creutz - Creutz
Kirchner & Albrecht
Rechtsanwaltskanzlei Sandig - Illig
Möbus & Schwaar
Rechtsanwaltskanzlei Kunkel
Rechtsanwälte Winter
Krahl & Dreßig
Rechtsanwaltskanzlei Wiener
Rechtsanwaltskanzlei Hartmann - Rothe - Pohlan
Anwaltskanzlei Drach & Drach
Donath & Küllertz Rechtsanwälte
Rechtsanwaltskanzlei Reuter - Schwitzky - Mengel - Hitziger
ATM Rechts- und Steuerberatung GbR
Rechtsanwälte und Fachanwälte Mochner Matthieu Dr. Fennen Partnerschaft
"Rechtsanwaltskanzlei Flügge, Michl, Enz, & Wittig"
"Rechtsanwaltskanzlei Dr. Ruhland, Renger & Poser"
LGK Looke Gasterstädt Kockert
Döhl & Kollegen
Rechtsanwaltskanzlei Schmidt
Rechtsanwalt Alexander Franz
Rechtsanwaltskanzlei Göpfert
Daniel & Kollegen
Sinapius Bottermann Knapik
"Kleemann, Schleicher & Dreier"
"Köhne, Heinrich, Fiedler"
"Quakenack, Sachs, Badke & Vieregge"
KLEIN Rechtsanwälte/Steuerberater/Insolvenzverwalter
Böhme & Jobke
BLACHA Rechtsanwälte
Rath / Uhlmann
Anwaltskanzlei Anke Knauf
Rechtsanwaltskanzlei Costabel - Hinkel
"Wotte, Morguet & Ebert"
Billig Rechtsanwälte
KurzSchmuck Rechtsanwälte GbR
Hafkesbrink & Kühne Rechtsanwälte
NWK Rechtsanwaltsges. mbH
Rechtsanwaltskanzlei Martin - Wendler - Martin
Wolfer Rechtsanwälte und Fachanwalt für Arbeitsrecht
Rechtsanwaltskanzlei Schunk - Keller - Oßwald - Schunk
Fieber & Kollegen
Rechtsanwälte Derckx & Kollegen
MÜLLER . KÜHN .
Rechtsanwaltskanzlei Himmel - Scholz
"Rechtsanwälte Frank, Avenarius, Enderlein in Bürogemeinschaft"
Rechtsanwälte Leidecker & Wollegen
HAGER Rechtsanwälte PartG mbB
"Braeske, Thomas & Otto Rechtsanwälte PartG mbB"
Rechtsanwaltskanzlei Müller - Hirschkorn - Jacobi
Rechtsanwaltskanzlei Brümmendorf - Krauß
Rechtsanwaltskanzlei Sendowski - Klaan - Kiesgen-Millgramm
Pohle und Klatt
Boemke und Partner Rechtsanwälte mbB
Korn & Letzas Rechtsanwälte - Insolvenzverwaltung
Rechtsanwalt Flade
SCHULTZE IMMOBILIENANWÄLTE
Schöne & Braun Rechtsanwaltspartnerschaft
Prof. Mayer & Kollegen
Rechtsanwaltskanzlei Knebel - Kreutzberger - Effler
Haug & Höfer Rechtsanwälte und Steuerberater Partnerschaft
Lange und Schurig
"Raila Huschmann Richter, Partnerschaft von Rechtsanwälten"
Fautz Zorn Dolling-Fautz Rechtsanwälte und Steuerberater in Partnerschaft
GÖTZE & MÜLLER-WIESENHAKEN Rechtsanwälte Partnerschaft
Hedderich & Müller Rechtsanwälte Partnerschaft
Gross Rechtsanwälte
Rechtsanwälte Ritter & Bender
Dr. Müller & Schäker Rechtsanwälte in Partnerschaft
Franz & Häberer
Rechtsanwaltskanzlei Dörr
Reinhold & Linke Rechtsanwälte in GbR
GRUENDEL Rechtsanwälte
Rechtsanwälte Füßer & Kollegen
Sommerfeld van Suntum Frick Rechtsanwälte Partnerschaft
Rechtsanwaltskanzlei Rothe - Nenning - Lutter
DEXTRA Rechtsanwälte
Spirit Legal LLP
Dinter Kreißig & Partner Rechts- und Patentanwälte
Schäuble Grams Friedrich Rechtsanwälte . Partnerschaft
Rechtsanwaltskanzlei Curt-Matthias Engel
Rabe Kirsche & Kollegen
Rechtsanwälte Bonell & Collegen
SCHENDERLEIN Rechtsanwälte
Degen - Scholz Rechtsanwälte
Dr. Fingerle Rechtsanwälte GbR
Messehaus am Markt
Rieske & Zipfel Rechtsanwälte
GRUENDELPARTNER Rechtsanwälte Steuerberater Wirtschaftsprüfer PartG mbB
Thierhoff Müller & Partner Rechtsanwälte Wirtschaftsprüfer Steuerberater
KGW Kaufmann Günther Wirth Rechtsanwaltspartnerschaft
Rechtsanwaltskanzlei Kuhne - Mutz
v. Berg Bandekow Zorn Rechtsanwälte
Rechtsanwälte Swoboda Schlegel Richter
Rechtsanwälte Reinhard
Stapper & Korn Rechtsanwälte-Steuerberater
Rechtsanwaltskanzlei Fischer - Köcher - Wisniewski - Wisniewski
Nollau & Rößler - Rechtsanwälte
Maslaton Rechtsanwaltsges. mbH
Rechtsanwaltskanzlei Hübscher
Kanzlei Striewe und Partner
Anwaltsbüro Stolpe
"Rechtsanwälte Dr. Selbmann, Bergert & Hägele PartG mbB"
Rechtsanwaltskanzlei Feige
Sucker & Herrmann Rechtsanwälte Partnerschaft
Rechtsanwaltskanzlei Luderer
"Rechtsanwälte Skoruppa, Artmann, Zimmermann & Partner GbR"
paul & collegen Gesellschaft für Insolvenzverwaltung mbH
RECHTSANWÄLTE DR. DAMMERT & STEINFORTH
"Rechtsanwälte Eßbach, Krebs, Dr. Eschberger Rechtsanwaltsgesellschaft GmbH"
Rechtsanwaltskanzlei Hantke - Hiller
Rechtsanwaltskanzlei Jeske - Werner - Jeske
Hunger & Kollegen
ITB Rechtsanwaltsges. mbH
Dr. SCHULZE Rechtsanwälte
DOHRMANN RECHTSANWÄLTE
Rechtsanwaltskanzlei Staude
Rechtsanwaltskanzlei Scharch - Schönwitz - Hahn
Rrechtsanwaltskanzlei Bauer & Viertel & Wagner
Huhn & Schallock Steuerberatungsges. mbH
Wolf Göddenhenrich & Thimm
Rechtsanwaltskanzlei Fischer - Müller - Stroh - Böhme
Diana Krause & Kollegen
WALTHER & COLL. - Rechtsanwälte
Kanzlei Armin Voß
Valerius & Partner Rechtsanwälte mbB
Kanzlei Dr. Heyroth
"Rechtsanwälte Prof. Dr. Müller, Dr. Helfrecht und Coll."
"Gresch, Schaar, Zabel & Koll.- Fachanwälte"
Rechtsanwaltskanzlei Reinemann - Neuendorf-Harms - Funke - Exler
Sozietät LUPPE+ROTHE RECHTSANWÄLTE
SHZ Rechtsanwälte
Menke & Voß Rechtsanwälte in Partnerschaft
KüHLBORN & MöLLER - Rechtsanwäte GbR
SMK Silbersack Mägel & Kollegen Rechtsanwälte
KUTSCHER Rechtsanwälte
Rechtsanwälte Friedrichs v. Oldenburg Schulte
Steinpichler Rechtsanwälte
NMS Schmidt Rechtsanwälte
Anwaltskanzlei Rasch
JAHN Rechtsanwälte
Rechtsanwaltskanzlei Hoyer - Kotte - Wendt - Kersten
Kanzlei Ludolph in GbR
KKP Köning & Partner Steuer- und Rechtsanwaltskanzlei
Rechtsanwälte Frenzl & Voigt
Rechtsanwaltskanzlei Drzisga - Plesch - Plesch
Rechtsanwälte Maier Kiesel Dietrich
Rasehorn & Partner
Braeter Wolfer Braeter Partnerschaft von Rechtsanwälten
Hummel & Kadler
Maurer & Kollegen Rechtsanwälte
"Duhre, Szathmári & Zinkahn Rechtsanwälte"
"Farle, Laux & Dr. Ramme Steuerberatungsges. mbH"
Rechtsanwälte Wiegandt Kollegen
"Rechtsanwaltskanzlei Bischof, Riha-Krebs & Kollegen"
Kanzlei Schulze Et Collegae
Kanzlei Dr. J. Horn & Partner GbR
"Kanzlei Habekuß, Suttner & Chwoika"
Rechtsanwälte Friedenstab Schmidt & Girisch
Kanzlei Sonnek Mayfarth Brommecker
Rechtsanwälte Hanus & Kollegen
Kanzlei Silvia Weidner
Rechtsanwaltskanzlei Vogel - Rathmann - Kienitz
Rechtsanwaltskanzlei Rolle - Schünemann - Sander
Biernacki Rechtsanwälte
"Kanzlei Schäfer, Dr. Schüler, Kuhtz"
Rechtsanwaltskanzlei Bsonek - Graßmeyer - Zschietzschker
Kanzlei Jürgen Heit & Coll.
Anwaltskanzlei Wolpert & Wiegandt
Kanzlei Christian Schiebel
Kanzlei Miehe
Anwaltskanzlei Schneider und Schulze
Rechtsanwälte Rumph&Bütter
Markworth Rechtsanwälte
Dr. Exner Rechtsanwälte
"Kanzlei Tippmann, Reißhauer & Thaus"
Rechtsanwaltskanzlei Loy - Thielemann - Richter
Rechtsanwaltskanzlei Bennewitz - Meybohm - Klose
Dr. Axel Küser Lars Homuth Rechtsanwälte
Anwaltskanzlei Kuhn
Rechtsanwälte Meinzenbach Hennwald Ellermann & Speck
RAe Austgen & Tietz
Dr. Dahmen & Kollegen
Rechtsanwälte Festag & Plank
RAe Borchardt & Koll.
Rechtsanwaltskanzlei Otto - Facius - Tschoepke
Güldner Nestler Pech Rechtsanwälte & Fachanwälte Partnerschaft
Rechtsanwälte Brandner und Hentschel
Vorsatz & Kollegen
"Dr. Klemann, Seeler & Partner"
Rechtsanwaltskanzlei Lange - Stecher - Lange
Rechtsanwaltskanzlei Purle-Knöfel - Knöfel
"Krumbholz, Ferling, Lex"
RAe Czernitzky & Partner GbR
Rechtsanwaltskanzlei Remmert
PWB Rechtsanwälte Jena
Rechtsanwaltskanzlei Geißler - Hielscher - Morgenstern
Rechtsanwaltskanzlei Rolf - Ott - Müller
Rechtsanwälte Christian Stünkel
RAe Franke & Kollegen
RAe Hilliger & Müller
"Rechtsanwälte Komischke & Kollegen, Gesellschaft bürgerlichen Rechts (GbR)"
BS&P Rechtsanwäte
"Rechtsanwälte Sonnefeld, Teichmann"
"Kanzlei Müller Boon Dersch, Gesellschaft bürgerlichen Rechts"
Rechtsanwaltskanzlei Fischer - Steiner - Anton - Schmidt
Oehmke & Kollegen
Rechtsanwälte - Fachanwälte Weikopf & Coll.
Rechtsanwaltskanzlei Kersten
Rechtsanwaltskanzlei Rödiger
Rechtsanwaltskanzlei Junghanns - Knoll - Scheibe
"Dr. Wetzig, Kuntze & Schäfer"
Rechtsanwaltskanzlei Binder und Hulinsky
Rechtsanwaltskanzlei Windisch - Schwarz - Kraus
KMS Krauß | Mäckler | PartG mbB Rechtsanwälte Steuerberater Wirtschaftsprüfer
Rechtsanwaltskanzlei Pühn - Dietsch - Junghanns
Rechtsanwaltskanzlei Purschwitz - Röthig
Anwaltskanzlei Baumann
Rechtsanwaltskanzlei Lutz Lorenz
Troll Alexander
Ternick & Collegen
Lochmann & Partner
"Martens, Orth & Kollegen"
Diehl.Rechtsanwälte
Rechtsanwaltskanzlei Sauer - Mecke - Meier
Dreher - Meischeider & Kollegen
Rechtsanwälte Knobloch & Knobloch
Dr. Michel + Kollegen
"Thomas Körner, Carmen Klehm, Stefanie Greim Rechtsanwälte, Büro Plauen"
Rechtsanwälte Fahr-Becker et Collegen
Anwaltskanzlei Pfeifer & Kollegen
W.I.R. Wille Insolvenzverwalter Rechtsanwälte
"Notare Carmen Krause, Antje Jarzombski und André Kuckoreit"
"Döscher, Drosdek und Partner Rechtsanwälte und Steuerberater"
"Poppa, Adamietz & Kollegen"
Schmidt & Zorn Rechtsanwälte
Rechtsanwaltskanzlei Junghannß - Berthold - Fengler - Schmitt
Dringenberg Rechtsanwälte
"Rechtsanwaltskanzlei Dr. Westerhausen, Bauer & Kollegen"
"Leichthammer, Scheckel, Breil & Partner Rechtsanwälte und Steuerberater"
"Rechtsanwälte Bachmann ,Krauss & Collegen"
INGENSIEP Fachanwälte Rechtsanwälte
Mathern Flatter
Georgi & Hartmann
Rechtsanwaltskanzlei Sittig - Koch - Koch
Pfau & Kollegen
Patt · Fischer · Feuring · Senger
Schweppe & Möckel
Nerger-Baumgart & Kollegen
Keussen Kühmichel Furkert Partnerschaft Steuerberater Rechtsanwälte
PATENTANWÄLTE Findeisen & Neumann
Rechtsanwaltskanzlei Droste - Bruns - Wiemer
Högelow Rechtsanwälte
Kretzschmar & Dr. Schmidt
Kanzlei Strunz & Alter
Rechtsanwaltskanzlei Schulte - Schmidt
Bartl & Kollegen
Rechtsanwaltskanzlei Elsner - Steinert - Dreykluft
Anwaltskanzlei Krummel
Rechtsanwälte Woldrich und Pästel
Eckert Hänig Sitz Taeschner
"Näkel, Gernhardt & Dargatz"
Arf Rechtsanwälte
Fiedler & Hagen Partnerschaft - Rechtsanwälte -
SAMP SCHILLING & PARTNER - Partnerschaft von Rechtsanwälten mbB
RAe Laumann & Partner
Prof. Dr. Streich & Partner Rechtsanwälte
HÄRTING Rechtsanwälte PartG mbB
Rechtsanwälte Scheuermann Westerhoff
"Wegnerpartner Wegner Ullrich Müller-Helle & Partner mbB, Rechtsanwälte, PartG mbB"
Gabler & Franz Rechtsanwälte PartG mbB
Merle Albl Gaydoff Rechtsanwälte und Steuerberater
Rechtsanwälte Rübben & Partner
Kanzlei Grünhagen
Dr. Staubach Rechtsanwälte · Notare· Steuerberater
c/o Ernst & Young Law GmbH
Hense Rechtsanwälte
Rechtsanwälte Naschke & Partner
ASG Rechtsanwaltsges. mbH
Rechtsanwaltskanzlei Geiger
Graf von Westphalen Insolvenzverwaltung und Sanierung RechtsanwaltsPartG mbB
3A PartG mbB Rechtsanwälte Stapenhorst Fleischmann Meusel
Kanzlei Ohms Rechtsanwälte
RAe LegalPartners
Grundmann Rechtsanwälte
RAe Boos Hummel & Wegerich
Rechtsanwaltskanzlei Gast
"Rechtsanwaltskanzlei Stephan Reinicke, LL.M. - Pohl - Nienstedt - Siegmund - Fuchs"
Ignor & Partner GbR
Dr. Köhler und Partner
Breiholdt und Partner Rechtsanwälte
RAe Pape Persike & Partner
Rechtsanwaltskanzlei Ascher - Hoffmann-Baasen - Treusch v. Buttlar-Brandenfels
RAe Mannheimer Swartling
WMR Fiedler & Venetis Rechtsanwaltsges. mbH
Rechtsanwaltskanzlei MMR Müller Müller Rößne
Putzier - Rechtsanwälte PartG mbB
Notariat Dr. Rodig
Warnke Rechtsanwälte
adares Patent- und Rechtsanwälte Reininger & Partner
Lacore Rechtsanwälte LLP
Rechtsanwälte Vogel Heerma Waitz
Hahn und Partner Rechtsanwälte
Jakstadt & Partner Rechtsanwälte
Rechtsanwaltskanzlei Eidinger
dtb Rechtsanwälte Decker + Schmidt-Thomé Partnerschaft
BEHM PUDACK & KOLLEGEN
lindenpartners Partnerschaft von Rechtsanwälten mbB Haritz Birkholz Varadinek Asmus
LB Ludwig Linkert Binder Birkmann Rechtsanwälte GbR
Schmidt-Morsbach & Partner Partnerschaft von Rechtsanwälten mbB
dbb beamtenbund & tarifunion
Hogertz LLP
IRLE MOSER LLP
Luther Nierer Rechtsanwälte PartG mbB
RAe Heinichen Laudien von Nottbeck
BaumgartenBrandt Rechtsanwälte
Schulz Kluge Partner Rechtsanwälte
c/o K & L Gates LLP
ZENK Rechtsanwälte PartG mbB
Schirp Neusel & Partner Rechtsanwälte mbB
Knauthe Rechtsanwälte PartG mbB
JESSE MUELLER-THUNS GmbH Wirtschaftsprüfungsgesellschaft Steuerberatungsgesellschaft
Rechtsanwälte Frank & Partner LLP
Kopp-Assenmacher Rechtsanwälte
WHP Rechtsanwälte Wähnert Hafemeister Pillokat Partnerschaft von Rechtsanwälten mbB
Jenckel und Partner Rechtsanwälte PartG mbB
Michel LLP
Werdermann | von Rüden Partnerschaft von Rechtsanwälten
Rechtsanwälte Reckschmidt
Rechtsanwaltskanzlei Gehrig - Walther
Rechtsanwaltskanzlei Worgitzki - Gottwald - Martin - Sommer - Scholz
Dentons GmbH Wirtschaftsprüfungsgesellschaft Steuerberatungsgesellschaft
Fachanwälte für Strafrecht
Steeger Rechtsanwälte
RAe Meincke Bienmüller
Baker & McKenzie LLP
"Rechtsanwaltskanzlei Derra, Meyer & Partner"
Krehnke Lubig Rechtsanwälte Partnerschaft
BLOMSTEIN Partnerschaft von Rechtsanwälten mbB Stein Friton Klasse Huttenlauch
kieser braune rechtsanwälte
Rechtsanwälte Geisler & Sudhoff
IHDE & Partner Rechtsanwälte
JBB Rechtsanwälte Jaschinski Biere Brexl PartG mbB
RAe Dr. Wolff & Partner
KKMP Rechtsanwälte und Notare
Ziegenhagen Rechtsanwälte
Rechtsanwaltskanzlei Markschläger
"Paschke und Partner, Rechtsanwälte"
Grawert PartG mbB Rechtsanwälte Steuerberater
Anwaltskanzlei Thomas
Rechtsanwaltskanzlei Aulmann - Tawil - Stahmann
Rechtsanwaltskanzlei Boden - Melzer - von Ziemer
Schlüschen Müller Dierksmeier
RAe Grützmacher Gebauer Volk
vpmk Rechtsanwälte
Rechtsanwaltskanzlei Bödeker
"Ludwig Braun Domrich Rechtsanwälte, Partnerschaft"
Höch Kadelbach Rechtsanwälte Partnerschaft
Brehm & v. Moers Rechtsanwälte PartG mbB
Haus des Lehrers am Alexanderplatz
Lambsdorff Rechtsanwälte PartG mbB
Meyer & Partner Steuerberater und Rechtsanwälte
THEOBALDT | ZINDLER | SEIDEL | DÜRR | CREUZBURG
Rechtsanwälte und Notare Sternal & Kollegen
Rechtsanwaltskanzlei Meier - Gürtler - Seite
pixel.Law Rechtsanwälte
Spieß Schumacher Schmieg & Partner Rechtsanwälte
HTG Rechtsanwaltsges. mbH
Gentz und Partner Rechtsanwälte mbB
ver.di Haus
SCHUMANN Rechtsanwälte Partnerschaft
von Bredow Valentin Herz Partnerschaft von Rechtsanwälten mbB
Röttgen & Kluge PartG mbB
RAe Eggert & Partner
WK LEGAL GbR
RAe Flöther & Wissing
Gansel Rechtsanwälte
Haupt Rechtsanwälte
Rechtsanwältin Martina Zebisch
Mummenhoff & Partner
RAe Fangerow Hocke & Collegen
Rechtsanwaltskanzlei Theune
LINGNAU Rechtsanwälte
"GKL Gläser, Kondmann, Losse Partnerschaft - Rechtsanwälte"
Rechtsanwaltskanzlei Hanisch
Freihof Rechtsanwaltskanzlei
Rechtsanwälte Herfort & Hopp
Rechtsanwaltskanzlei Schulz - Falk - Mechtel
RAe Mieth Zimmermann & Franze
Rechtsanwälte Hees & Posselt
"Janke & Kloth, Partnerschaft von Rechtsanwälten"
RKKM Rechtsanwälte
Rechtsanwaltskanzlei Solf - Maschke - Hölz
Rechtsanwälte Seiferth & Gütlinger
Rechtsanwaltskanzlei Brockmann - Werner - Kremer
Rechtsanwaltskanzlei Vogler - Roessink - Chalupnik
dka Rechtsanwälte
Rechtsanwaltskanzlei Agatsy
RAe Brunzlow Heinrich Jünemann
Weigel Ziegler Steuerberatungsges. mbH
"Sperling Köhler Reister Uhlig Mende Krüger Partnerschaft, Rechtsanwälte"
Berger Groß Höhmann & Partner Rechtsanwälte
Röhlke Rechtsanwälte
Justus Rechtsanwälte
RAe Dr. Theben
Anwaltssozietät Jurati
Paschen Rechtsanwälte PartG mbB
Rechtsanwaltskanzlei Cziersky-Reis - Nöding
Gerlach | Dr. Wegner | Kempa Rechtsanwälte
multimediarechtler Fachanwälte für gewerblichen Rechtsschutz
Rechtsanwaltskanzlei Kock - Thaden - Ahlfeld - Wolf
Roever Broenner Susat Mazars Rechtsanwaltsges. mbH
Rechtsanwaltskanzlei Kulesa - Zagajewski - Schönefuß - Krumbein
Rechtsanwaltskanzlei Hentsch
ab&d Rechtsanwälte - Arzbach Bystry Dauskardt - Partnerschaft
Schlüter & Partner Rechtsanwälte
Rechtsanwaltskanzlei Bieber - Scheffner - Maigné - Hanneken
RAe Bach Gollan Lorenz
Rechtsanwaltskanzlei Pauli - Kersten
Rechtsanwaltskanzlei Wenzel - Zaborowski - Bede - Wendorff
SSK-Anwälte Savyer Sehouli & Kollegen
"Burchert & Partner, Rechtsanwälte"
RAe Baumann & Heising
Rechtsanwälte Charlottenburg
MERZ JACOBSEN Rechtsanwälte Rechtsanwaltsges. mbH
Ecovis RAe Herzog Meyer Woedtke
Resch Rechtsanwälte
Rechtsanwälte Georgi & Kollegen
Ogletree Deakins LLP
Anwaltssozietät Stiemerling
Rechtsanwaltskanzlei Lindenmaier - Wölky - Zecher - Suling
George & Partner mbB Rechtsanwälte
FGK Rechtsanwälte
RAe Spek & Kämpf
Mock Rechtsanwälte
Wirth - Rechtsanwälte
RAe Merleker & Mielke
Gerbeit - Kühne - Heidemann Rechtsanwälte und Notar
RAe Ratajczak & Partner
Rechtsanwaltskanzlei Hübner - Hardtmann - Körting
Rechtsanwaltskanzlei Heinz - Sommer
RAe Gerisch & Scheffler
Severin Rechtsanwälte PartG mbB
SES Eulitz Schrader Rechtsanwälte und Notare GbR
RAe Lerch & Lerch
STEINPILZ Partner Partnerschaft von Rechtsanwälten mbB
SAMMLER USINGER Rechtsanwälte PartG mbB
Rechtsanwaltskanzlei Lampe - Rose - Schuldei
Stenner Partnergesellschaft Rechtsanwälte
RAe Marten & Graner
Dr. Gorev Engelmann & Kollegen
Jablonski & Schrowe RECHTSANWÄLTE UND NOTARE
Rechtsanwaltskanzlei Rönnbeck
Steinkühler Rechtsanwälte
Rechtsanwaltskanzlei Alvarez de Leon und Santos Tomas
"Rechtsanwälte SWKH, Gesellschaft bürgerlichen Rechts (GbR)"
Rechtsanwälte Böttcher Roek Heiseler
Rechtsanwaltskanzlei Dittmann - Meinecke
Rechtsanwaltskanzlei Gau - Fleischer - Kleiner - Schulz
Kaesler & Kollegen Rechtsanwälte in Partnerschaft
Daniels + Pätzel
Rechtsanwälte Dr. Jula & Partner mbB
Rechtsanwaltskanzlei Arnold - Heller - Biefel
BMH Bräutigam & Partner Rechtsanwälte mbB
Kanzlei Czink · Walburg · Danschke
"Steinmann, Hansen und Partner, Rechtsanwälte"
HHKW Biesel Heilmann Hillmann Wolff Rechtsanwälte Partnerschaft
Sozietät Hinds+Kollegen
Rechtsanwaltskanzlei Schmidtgen
"Scheufen, Wulff & Müller-Rath"
JJ+P Jotzo & Partner - Rechtsanwälte
Bezzenberger Rechtsanwälte
Rechtsanwälte Gielen
Müller-Wrede & Partner Rechtsanwälte
Rechtsanwälte Bunzel & Kollegen
RAe Tiling Rebbitz Werner
RAe Gersemann & Kollegen
Jakoby Rechtsanwaelte
Hager & Partner GbR Rechtsanwälte und Notare
Dols | Franzke und Partner
Geiser & von Oppen Rechtsanwälte PartG mbB
RAe Baumann Wilschke & Partner
Rechtsanwälte Geilke Schütze Kutschke
Rechtsanwälte Joswig & Kollegen
Danckert Spiller Richter Rechtsanwälte
Pietz Rechtsanwälte Notare Steuerberater
Stassen LLP
Pietsch Rechtsanwälte
Prof. Neumann Notare und Rechtsanwälte
Szarka Rechtsanwälte
DE WITT Rechtsanwaltsges. mbH
Süchting Partner Rechtsanwälte
Rechtsanwaltskanzlei Joerss Brunner
Sozietät Jürgen Ganschow & Michael Nitschke und Kristin Hartmann
Richter Rechtsanwälte Partnerschaft
RAe Schultz & Seldeneck
Buchheim & Partner Rechtsanwälte
Alexander & Partner
"Dr. Grosse + Partner, Rechtsanwälte"
Streitz Albl Rechtsanwälte Notar
Rechtsanwaltskanzlei Jorzig
Rechtsanwaltskanzlei Hizarci
Rechtsanwälte und Notare Heidemann & Dr. Nast
WALDHEIM - WILBERT - STRUSS Rechtsanwälte und Notar
RAe Hebestreit u.a.
Blankenhorn und Rogge
PIELSTICKER Rechtsanwälte & Notare
RAe Rupprecht Engel & Kornisch
Rechtsanwaltskanzlei Mäger von Bernuth
RAe Paul & Partner
Anwaltskanzlei Glock & Professionals
Krause & Kollegen Rechtsanwälte
Rechtsanwälte Junghans & Radau
Bente Rechtsanwälte
DDC Dodel Rechtsanwälte
Weidhas + Veting RECHTSANWÄLTE PART MBB
ZNH Rechtsanwälte & Notare
Zirngibl Langwieser Rechtsanwälte PartG mbB
Thomsen & Partner
"v. Nieding Ehrlinger Marquardt, Rechtsanwälte/Notar"
RAe Johlige Skana & Partner
"Rechtsanwälte Schmidt, Barg, Kluge"
Lenhardt Rechtsanwälte
Neef Legal Rechtsanwälte
Bethge.Reimann.Stari Rechtsanwälte
Zschunke Advocats/Rechtsanwälte
Gastell Rechtsanwälte PartG mbB
InDe Rechtsanwälte
Schellenberg Unternehmeranwälte
Murawo Rechtsanwälte
Arnecke Siebold Rae
HERTIN ANWALTSSOZIETÄT
Schertz Bergmann Rechtsanwälte PartG mbB
Rechtsanwaltskanzlei Grosch - Nieth
"Casimir, Vogt & Weinreich Rechtsanwälte und Notare"
Rechtsanwaltskanzlei Pohl - Eis
Bümlein Rechtsanwälte
Steiner Rechtsanwälte
RAe Dornheim und Giersch
TRINAVIS Rechtsanwaltsges. mbH
Kärgel de Maizière & Partner Rechtsanwälte
RAe Eckert & Eckert
SIXTUS & PARTNER Rechtsanwälte
Bartsch& Bongard GbR Rechtsanwälte und Notar
harms-ziegler rechtsanwälte PartG mbB
LEXWORX Rechtsanwälte Partnerschaft von Lojewski Manegold Masche Randolph Riemann
von Kenne Rechtsanwälte Partnerschaft
Faude Große Wichmann
Rechtsanwaltskanzlei Jablukov
RAe Wiesensee Petruschke & Partner
wacker § koch § martinius Rechtsanwälte
"Kühnel, Rosenmüller & Kollegen Rechtsanwälte Partnerschaft"
Sommer Sauer Barts GbR
Koch · Lemke · Machacek Rechtsanwälte & Steuerberater
Kanzlei Hahn und Kroll
Rechtsanwalt & Notar Carsten Höwing
RAe Heimann & Schröer
"Becker, Becker & Becker"
Hoven · Teifel & Kollegen Rechtsanwälte
Götz + Ocker Rechtsanwälte Partnerschaft
Rechtsanwaltskanzlei Hagen
RAe von Trott zu Solz Lammek
DSC Legal Rechtsanwaltsges. mbH
Rechtsanwaltskanzlei Schulze Vohren - Hosak - Hartmann
Rechtsanwaltskanzlei Rosenkranz Oehler
RAe Segelken & Suchopar
Verismo Legal Rechtsanwälte
Rechtsanwaltskanzlei Kelz - Radtke
RAe Mönning & Georg
kpw Rechtsanwälte
Unger Rechtsanwälte
Laux Rechtsanwälte
Rechtsanwaltskanzlei Walther - Kuckhoff - Wölpern
Rechtsanwaltskanzlei Nanzka
Rechtsanwälte Dombrowski Wegener & Kollegen
RAe Lubberger Lehment
Rechtsanwaltskanzlei Frank
"Rechtsanwaltskanzlei und Notariat Thieme, Lang, Bosselmann, Seidel und Krause"
Rechtsanwaltskanzlei Kossatz - Rutenberg - Jünger
RICKMANN · SCHRÖTER · SCHLIE · BARTELT Rechtsanwälte und Notare
"Pfenning, Meining & Partner"
Fiedler
RAe Raible & Dr. Fritzen
BBKS // Bacher Bender Kirchhofer Saifulin Rechtsanwälte Partnerschaft
Lieck Rechtsanwälte & Notare
HEYMERADER Krug Schüller Rechtsanwälte Partnerschaft
Petzholtz Kieslinger und Partner Rechtsanwälte Partnerschaft
Rechtsanwälte acs czempiel markfort schreiber
Rechtsanwaltskanzlei Geulen
Danckert Huber Bärlein Rechtsanwälte
KKP Berlin LLP
Wagner Lange Lehmann & Partner Rechtsanwälte
Rechtsanwaltskanzlei Wmi
RAe Richter & Witt
RAe Heers & Woddow
Pilz Wesser Hippe & Partner
Lexton Rechtsanwälte
Rechtsanwälte Kälberer & Tittel Partnerschaft
Rechtsanwaltskanzlei Bendig
Eilbrecht Rechtsanwälte
Schulz & Herzberg
HPG law Rechtsanwälte
Zweydinger Rechtsanwälte
Rechtsanwaltskanzlei Alt - Portius - Künast - Birkhoff
Leonhardt Rechtsanwälte Partnerschaft
Hausfeld Rechtsanwälte LLP
Fuhrmann Heine Rechtsanwälte
RAe Seelbach & Imm
Malmendier Hellriegel Partnerschaft von Rechtsanwälten mbB
Rechtsanwälte und Notare Wichmann & Hahn
Dr. Meissner · Reemtsma und Partner
BDKD Rechtsanwälte
"AKD Dittert, Südhoff und Partner, Rechtsanwälte"
von Zanthier & Schulz Rechtsanwalt Wirtschaftsprüfer Steuerberater Partnerschaft
Rechtsanwaltssozietät Liebert & Röth
Rechtsanwälte Wendt Patzer Hof
Rechtsanwaltskanzlei Thoms
AP & Generalis Rechtsanwälte und Dikigoroi PartG
Rechtsanwaltskanzlei Mohr - Boldt - Elske
RAe Plambeck Böttcher Trümper
ŽSKS Rechtsanwälte
Bürogemeinschaft Schweikhardt Klemm Gozdowski
Rechtsanwälte Betz-Rakete-Dombek Partnerschaft
Rechtsanwaltskanzlei Pabst - Walendy - Böcker - Feldkamp
Rechtsanwaltskanzlei Bechert
RAe Gäbelein Veith Dr. Gäbelein
RAe Bernstorff & Kollegen
Engels Heischel & Obermann
Patentanwälte Bressel und Partner mbB
RAe Faensen
CHT Rechtsanwälte GbR
Wanderer und Partner Rechtsanwälte PartG mbB
LJRR Rechtsanwälte Jesch Racky Roitzsch Krause PartG mbB
"Rechtsanwälte Tribowski, Rapp, Eyser"
Rechtsanwaltskanzlei Windelen und Partner
Kontakt zu der Weimann & Meyer GbR Rechtsanwälte
Greenberg Traurig Germany
Herbert Smith Freehills LLP
Fella Fricke Wagner Partnerschaft - Rechtsanwälte Steuerberater
RAe Lindemann Schwennicke & Partner
Jung & Schleicher Rechtsanwälte Partnergesellschaft mbB
Rechtsanwaltskanzlei Burkert-Eulitz - Werner - Göke
RAe Wetzel & Sundermann
STELTER Anwaltssozietät
ATAS & PARTNER Rechtsanwälte
Kanzlei Büchner Rechtsanwälte
Rechtsanwaltskanzlei Protze - Trempel
ARTEJURA Partnergesellschaft
Rechtsanwaltskanzlei W.Schmidt
von Kiedrowski & Marfurt
Börsing Pohl & Partner Steuerberater und Rechtsanwälte
Beuermann + Partner Partnerschaft von Rechtsanwälten mbB
RAe Ruttge Brettschneider Tosberg Hendrych
"BBvB Böhmke und Partner, Rechtsanwälte"
BROCKMANN Rechtsanwälte Notare
Eberhardt & Tietze & Tomkowitz-Lenko
Sozietät Schneider Schubert-Breloh
Geismar Rechtsanwälte
RAe Behnke Hochgrebe & Kollegen
Lange & Partner Rechtsanwälte
Bergmann & Merzbach Rechtsanwälte und Notare
Rechtsanwaltskanzlei Broda - Schartner - Klein
RAe Hülsen Michael Kemper Hauschke
RAe Helmdach Ahcin Wesel & Sittner
Rechtsanwaltskanzlei Stähle
Rechtsanwälte u. Fachanwälte Bayerl Dreiser Hys & Jauch
Rechtsanwälte Jacobi Fachanwaltskanzlei Berlin & Brandenburg
Enners-Thormeyer-Vioget
Rechtsanwaltskanzlei Schäfer
"Rechtsanwälte Bernd Borgmann, Olav Sydow, Anja Bothe"
Rechtsanwälte Janning Rickes Raabe
Rechtsanwaltskanzlei Lahrmann - Hietel - Lahrmann
Rechtsanwaltskanzlei Busch
"anwaltsbüro moritz, jansen, holtkötter"
HEE Rechtsanwälte
Borschke Rechtsanwälte - PartG mbB
RAe Lethen & Rinckens
RAe Schwenke & Dr. Schütz
Hejhal & Walther
Rechtsanwaltskanzlei Theissen - Paul
Rechtsanwaltskanzlei Wildvang
Silz Osvatic Bartelt Engel Elsbernd Rechtsanwälte Notare Steuerberaterin
SCHULZ JUNGHANS Patentanwälte PartG mbB
Anwältinnen Barbara Wessel & Christina Clemm
Rechtsanwaltskanzlei Genge - Günzler - Tiburtius
MAYR Kanzlei für Arbeitsrecht GbR
Franke - Rechtsanwalt -
Rechtsanwalt Udo Grönheit
Rechtsanwaltskanzlei Junge - Stehle - Monneck - Lattek
Rechtsanwaltskanzlei Götz - Schlecht - Weyers
Rechtsanwälte Achour & Partner
"Sozietät Franke, Brasche, Felsberg, Monnin"
KOSU | Rechtsanwälte GbR
Rechtsanwaltskanzlei Ossmann - Geimecke - Jensen
Rechtsanwaltskanzlei Nedelmann - Achenbach - Ilius - Luczak
Berndorff Rechtsanwälte
Rechtsanwaltskanzlei Hendrich
Oehme & Claus
mmmm Rechtsanwälte
Rechtsanwälte Dr. Johannes Weberling
Karsten & Schubert Rechtsanwälte
Rechtsanwälte Wincierz Draeger Enders
Kanzlei Hoenig Berlin
RAe Mundt & Richwin
RAe Köpf und Richter
Anwalts- und Notarkanzlei Mozelewski & Mozelewski
Balcin Künne von Harbou
Rechtsanwaltskanzlei Koukoulas
Rechtsanwaltskanzlei Heimerdinger - Brandt - Aßfalg - Schönbohm
RAin Alexandra Lange
"Rechtsanwaltsbüro Sonnenschein, Thomas u. Sengel, Robert u. Frey, Henning"
Rechtsanwälte Hartig
Rechtsanwaltskanzlei Müller - Kaepernick - Hedrich
Rechtsanwaltskanzlei Stackmann
Pakleppa Rechtsanwälte
Wilms Rechtsanwälte in Berlin GbR
Rechtsanwaltskanzlei Trautmann - Kronhagel
Buchholz & Maletzki Rechtsanwälte und Notare
Rechtsanwaltskanzlei Gamm - Kliesing
RAe Blust & Partner
Rechtsanwaltskanzlei Schmidt - Franck - Zwinkau
RAe Bonow & Kollegen
Rechtsanwälte Banzhaf Lebek Odefey Seppelt
RAe Vohmann & Vohmann
Lainé & Cie
Glaser & Johannsen
von Stein Rechtsanwälte Partnerschaft
Uschkureit Rechtsanwälte
Rechtsanwaltskanzlei Schmidt - Frank
Rechtsanwaltskanzlei Dieter Ahnert
Auffermann Rechtsanwaltsges. mbH
Curant Rechtsanwälte
Rechtsanwaltskanzlei Michaelsen
Rechtsanwaltskanzlei Geigenmüller - Cohrs - Fügert - Poppelbaum - Starita
Rechtsanwälte und Fachanwälte für Steuerrecht Burkhard Leder und Joachim Falk - Notar
Rechtsanwälte Schnutenhaus & Kollegen
RAe Douglas Luther
Rechtsanwaltskanzlei vom Brocke
Rechtsanwaltskanzlei Friedrich
Rechtsanwaltskanzlei Tegeler Kraft
Rechtsanwälte Schmid-Drachmann Ribet Buse & Partner GbR
Rechtsanwaltskanzlei Schulte
RAe Tiegs & Brielmaier
RAe Lütke Lehmann & Collegen
Knebel & Partner Rechtsanwälte
Feierabend & Pospieszna Rechtsanwälte Partnerschaft
Rechtsanwaltskanzlei Schlosser - Schauer - Küßner - Roskoványi
Rechtsanwaltskanzlei Gruve
RAe Gast & Buhl
Rechtsanwälte Rogowski & Klein
RAe Nacke & Leffler
Anwaltskanzlei Ziervogel
BUSE HERZ GRUNST Rechtsanwälte PartG mbB
Köpenicker Rechtsanwälte
Schließer Zab & Partner Rechtsanwalt - Steuerberater
Wittik & Riemer
Rechtsanwaltskanzlei Meissner
Rechtsanwaltskanzlei Katsch
"Wustrow & Löser, Rechtsanwälte in Partnerschaft"
"Brandt, Peetz & Partner Rechtsanwälte & Steuerberater"
RAe Kleine Ziegler & Kollegen
Rechtsanwaltskanzlei Leiter - Eschenbach - Krüger
Rechtsanwaltskanzlei Steinberg
Rechtsanwaltskanzlei Jacobi
Rechtsanwaltskanzlei Kuletzki
Hellbach & Gels Rechtsanwälte
Rümmler & Collegen Rechtsanwälte
Rechtsanwaltskanzlei Küchler - Weiß
RAe Langner Pfromm
Rechtsanwälte Noack-Eichler-Mors & Partner
Ansbach/Roggan/Seifert
Rechtsanwälte Busch & Meyer
Kanzlei Siegling - Anwälte in Bürogemeinschaft
Rechtsanwaltskanzlei Kozlowski
Rechtsanwaltskanzlei Wilken - Meyer - Rosenkranz
Anwaltskanzlei Ansprenger-von Bismarck & Kallweit
Unger & Partner Rechtsanwälte Steuerberater
Rechtsanwälte Dr. Kracht & Kracht-Vorholzer
Rechtsanwaltskanzlei Dräger
Rechtsanwaltskanzlei von der Aue
Rechtsanwaltskanzlei Scheibe - Lemcke-Hartwig - Ohnesorge
Dupré-Schmidt-d´Oleire Partnerschaft von Rechtsanwälten mbB
Bograkos Rechtsanwälte
böhm anwaltskanzlei
Peter und Struck Rechtsanwälte PartG
RAe Kretschmar & Erwes
Rechtsanwaltskanzlei Becker
Wierschula & Ehrenthal Rechtsanwälte
Hebenstreit - Renke Rechtsanwaltskanzlei
Lindemann Bruss Rechtsanwaltskanzlei
Kopmann & Kleineidam
ANWALTSKANZLEI FÜR FAMILIENRECHT Berlin
RAe Beckmann & Sozien
Rechtsanwaltskanzlei Sendke
"Rechtsanwälte Dr. Hök, Stieglmeier & Kollegen"
Juskonzept Rechtsanwälte
Sievers & Coll. Rechtsanwälte
Barry Haufe Weber-von der Burg & Partner
Rechtsanwaltskanzlei Borck - Borck - Leyke - Leyke
Rechtsanwaltskanzlei Grygier
Rechtsanwaltskanzlei Heidl - Schön - Krebs - Bauer
Rechtsanwälte Rump und Breiter
Rechtsanwaltskanzlei Klemt - Huep - Müller-Falkenthal
"Geyer, Thomas"
Rechtsanwaltskanzlei Fleck - Riedel - Stegenwallner
Herbst | Bröcker Rechtsanwälte
Philipp Knop
RAe Dr. Ruge Zeisberg Frankfurth
Wernitzki Lindner Notariat - Rechtsberatung - Steuerrecht
Walter Mrozek und Dr. Raimund Harndt Rechtsanwälte
Croset Rechtsanwälte
Brinkmann & Partner Berlin
Damerau Rechtsanwälte
Hercher Rechtsanwälte
RAe Dr. Giese & Mostertz
Rechtsanwaltskanzlei Glasberger Gnielka Lehmann
JGS Rechtsanwaltsges. mbH - JURIMEDIATE - Mitglied von JURITAX sowie JURIWORLD
Rechtsanwaltskanzlei Rose - Rose - Stumm
Probst & Partner - Rechtsanwälte und Notare
Rechtsanwaltskanzlei Bellinger - Apffelstaedt
Behnke & Sutic Rechtsanwälte und Notar
Probandt & Partner Rechtsanwälte
RBS RoeverBroennerSusat Rechtsanwaltsges. mbH
"Behr, Lachmann, Neixler & Partner GbR"
Rechtsanwälte Pochhammer Rath & Partner
Bürogemeinschaft Terhedebrügge · Heyn · Sander
Rechtsanwaltskanzlei Lentz - Rein - von Srebrnicki
Duhme Rechtsanwälte
Becker-Rechtsanwälte
Gasch & Grötz
Rechtsanwälte Holland-Nell & Protz Partnerschaft
Schroeder-Printzen ? Kaufmann & Kollegen
Rechtsanwaltskanzlei Greim
STREITBÖRGER SPECKMANN Rechtsanwälte Notare
DOMBERT Rechtsanwälte
Rechtsanwaltskanzlei Toepel
kbl Rechtsanwälte
SANDKUHL RECHTSANWÄLTE
Schneidewind
Teubner & Hülsenbeck - Rechtsanwälte - Partnerschaft
BBL Legal Services Rechtsanwaltsges. mbH
Rechtsanwaltskanzlei Zimmermann
Ulrich Neumann + Jörg Folgnand Rechtsanwälte
Jürgens Rechtsanwälte
Dr. Schulte am Hülse & Partner - Partnerschaft von Rechtsanwälten
Krause & Krause
Schmidt & Klingbeil
Jung-Lindemann
FIEDLER HAASE Rechtsanwälte
Rechtsanwaltskanzlei Monz
Kleinert Rechtsanwälte
Napiorkowski & Partner
Rechtsanwaltskanzlei Sauer
"Imhof, Koch, Scherer"
APRL LLP
FMS Rechtsanwälte
EPLINIUS Rechtsanwälte
Rechtsanwaltskanzlei Wulsten
Strobel Rechtsanwälte
Rechtsanwaltskanzlei Schröder
Damböck & Voth Rechtsanwälte
Rechtsanwälte Kanzlei Große-Boymann
Kleiner Thieme Görges
"RAe Stuhr, Kahl & Kollegen"
Rechtsanwälte Lange & Dr. Hesse
Bürogemeinschaft Matthies
KBZ Rechtsanwälte
"Voss, Bickenbach & Kollegen"
"NVW-Neugebauer, Vieth, Wutzmer"
Kanzlei Viadrina
HSP STEUER Ziegenhagen Kietzer Berlik PartG mbB Steuerberatungsgesellschaft
Rechtsanwälte Barthel & Wolf
Kanzlei Täschner und Schulzke
Hilke- Reschke- Schmidt
Tina Girod
"SPKW Sobczak & Partner, PartG mbB, Rechtsanwälte, Fachanwälte, Steuerberater"
Rechtsanwaltskanzlei Püschel & Kollegen
Rechtsanwälte Berndt & Kollegen
Henrich & Henrich
Lehnigk & Kollegen
"Püschel, Wildeck & Schreier"
Rechtsanwältin Diana Bartholomäi c/o Rechtsanwälte Siegert Gies Jonas
Dr. Schmidt
Rechtsanwaltskanzlei Joseph
RAe Freudenberg Steinseifer Rohde
Rechtsanwälte in Sozietät Christine Melerowicz-Engelmann Dr. Frank Engelmann
Schmitt & Haensler
Rechtsanwaltskanzlei Koch Mueller Behnke
Bergsdorf Rechtsanwälte Bergsdorf Tschirschke Partnerschaft Hennigsdorf
"Unnebrink, Leonhardt & Coll."
Dr. Furmanek Gollan Krane Rechtsanwälte
Busse & Kollegen
Supranowitz & Supranowitz
Göttlich & Salomon
Kurschus Rechtsanwälte Insolvenzverwalter
Rechtsanwaltskanzlei Jaeger - Fitzke - Sauerteig
"Arndt, Schröder, Lange"
Komning - Rechtsanwälte
Leopold & Bockamp
"Kölbl, Kurschus, Langhof"
Kanzlei Siwonia
Kopp Kirchhof Heusler
Hoebel Köhler Wähner
Kanzlei Sven Diedering & Eckard Zöllner Rechtsanwälte
"Sievers, Shea, Dr. Krohn, Krietsch"
Teske-Riemer-Teske
Rechtsanwaltskanzlei Jager
Anwaltskanzlei Kischel
Barenhoff & Dr. Gerhards
"Rode, Schulz & Partner"
Dr. Bloß Rechtsanwälte
Rechtsanwaltskanzlei Pioch
Appel & Freudenberg
Ernestus Daub & Collegen
Schulz & Specht
"Rechtsanwälte S. Rathjens, J. Reichel, T. Penneke, K. Reichel und M. Krohn"
"Kramp, Selling & Partner Rechtsanwälte"
Rechtsanwaltskanzlei Knoll
Linck*Risch*Dreves
Andris & Fruhriep Rechtsanwälte
Schnabel & Schulz
Dr. Busch & Böhm
ANDRESEN RECHTSANWÄLTE
GÖRG Rechtsanwälte
Anwaltskanzlei Dohse
Rechtsanwälte Hoinkis & Partner
Rechtsanwaltskanzlei Wanie - Noetzel
Saß & Liskewitsch
Förster * Kraft Partnerschaft von Rechtsanwälten
Rechtsanwaltskanzlei Rabe - Ziemann - Petersmann
Kanzlei Dr. Großkopf Kuntz Tertel
Kanzlei Weiß & Kollegen
Kujas & Kollegen
"Rechtsanwälte Noeske, Woest & Drese"
"Grigull, Ackermann & Mertens"
Dethloff & Jankowiak Rechtsanwälte
"Wunder, v. Wedel, Kasdorf"
Rechtsanwälte Schlicht - Ortmann - Blase
Lüder Struck Rechtsanwälte
Peiser & Posega
Möllers & Schulte
Anwaltskanzlei Dr. Warmbold
Friesenhahn & Krüger-Kleinschmidt
"Rechtsanwälte Brauch, Bischoff & Partner"
"Roscher, Hagge & Reinbold"
"Zuberbier, Kellmann & Coll."
Winter & Partner Rechtsanwaltsges. mbH
Rechtsanwaltskanzlei Rehse
ECOVIS Grieger Mallison Boizenburg Schwerin Steuerberater Rechtsanwälte
Trotz & Partner GbR
Lorentz Macht Fandel
Irmler & Coll.
Tiede & Rother
"Rechtsanwälte Neidhardt, Miedeck & Partner"
RAe hll Heine Leibing Leisse
Decker Rechtsanwälte
"Partnerschaft der Rechtsanwälte Grasshoff, Ihle, v. Wrangell"
"Rechtsanwaltssozietät Wienecke, Ibendorf, Grüning, Ulrich, Borufka & Heiling"
Frantzioch und Hübner
Anwälte vom Fach
Rechtsanwaltskanzlei Herwig Bendlin & Partner
"Schöwe, Knye, Homann-Trieps"
Notarin Fuge Sozietät
Rechtsanwaltskanzlei ROCHLITZ - KRIEGSMANN - WURL
Strutz Koenen Mathewes
Post & Giese
Anwaltshaus Parchim
Usslar.co Rechtsanwälte
ANWALTSKANZLEI MIERAU
Teichler Colsman Anwalts Societät
Eckhard Liebsch Rechtsanwalt
Rechtsanwaltskanzlei Dr. Dietrich Ostertun
Weinert Levermann Heeg Rechtsanwälte
Ehlermann Rindfleisch Gadow Rechtsanwälte PartG mbB
HAUSWALDT BOLLMEYER Rechtsanwälte Steuerberater
Rechtsanwaltskanzlei Ritz & Schaedlich
Carlos Claussen & Partner mbB Rechtsanwälte
"Wiegel Ihde Ekrutt + Partner, Rechtsanwälte Steuerberater Wirtschaftsprüfer"
Kanzlei Becker & Partner
Notariat Bahnsen - Wenckstern - Tiedemann
Römermann Rechtsanwälte AG
v. Rechenberg Junker Meyer
Friederici und Partner Rechtsanwälte
Cyrus Makowski Rechtsanwälte PartG mbB
Kanzlei Gottfried & Begemann
CREON Anwaltskanzlei
Kanzlei Wahdat u. Koppitz
Telekanzlei Lindow & Partner
Kanzlei Michaelis Rechtsanwälte Partnerschaft
Kanzlei Appel & Hadenfeldt
"Schnebbe, Heuser & Partner GbR"
PJM Palaschinski Jacobi Möbius+Part.
Pier 11 Göthel Rossbach Schmitz Partnerschaft von Rechtsanwälten mbB
DSP Dr. Schmitz und Partner Nachf. mbB Steuerberater - Wirtschaftsprüfer
DRES. WITTKOPP
Zimmermann & Decker Rechtsanwälte
Kanzlei Damm & Mann
GLAUBER & PARTNER Partnerschaft von Rechtsanwälten mbB
Çevik · Nierling · Çiftçi Partner Avukatlar Rechtsanwälte
Seemann & Partner Patentanwälte mbB
CFH Cordes + Partner Wirtschaftsprüfer Steuerberater Rechtsanwälte
"Rechtsanwaltskanzlei Dr Thiel, Djanani & Brecour"
Grenius Rechtsanwälte PartG mbB Papadopoulos Schnedler
Kramer & Partner Hamburg
Kanzlei Detlefsen & Weyrich
Abraham & Kessler
Petersen Dr. Gercke Beck Hasse-P
Krull & Wiegmann
REMÉ Rechtsanwälte PartG mbB
Notariat Vogel - Großer - Peters
Rechtsanwaltskanzlei Kruch - Hogan
"RAe Schwemer, Titz & Tötter"
WNS Will + Partner Fachanwälte | Rechtsanwälte mbB
Müller Mahlmann Rechtsanwälte PartG mbB
SEDLATZEK Rechtsanwälte I Steuerberater
IPCL Rieck & Partner Rechtsanwälte
ius Dimke - Rothenberg & Partner Rechtsanwälte Steuerberater Wirtschaftsprüfer
"RAe Frickmann, Gorny, Heilmann"
Kanzlei Dr. Kluth & von Zech
Rechtsanwaltskanzlei Lohmeyer - Kasten - Holstein
anwaltskanzlei gussone lewek kenkel
OCHSENDORF & COLL. Partnerschaft
Rocke Bellmann & Partner
Rechtsanwälte Noll & Hazizi
Partnerschaftsgesellschaft Föhlisch & Dreyer - Rechtsanwälte Steuerberater
WAGNER LEGAL Rechtsanwälte
Kanzlei Rasch Rechtsanwälte
Gerst & Meinicke (G & M Legal) Rechtsanwälte Fachanwälte
Eckoldt & coll.
MAHR Rechtsanwälte Partnerschaft
Rechtsanwaltskanzlei Lüder Gause
"Zimmermann, Scholz und Partner, Partnerschaft von Rechtsanwälten mbB"
Kanzlei im Steindamm 91
Kanzlei Behr & Overbeck
Rechtsanwaltskanzlei Badendick - Pscherywatz - Brüschke
Rechtsanwaltskanzlei Langhein
Kanzlei Nieschke & Bahrenfuß
DORNHEIM Rechtsanwälte und Steuerberater
Rechtsanwaltskanzlei Meyer - Maßmann - Wisseler
Rogge Rothehüser Schiedat
Rechtsanwaltskanzlei Wulf - Tangermann - Albecker
Johannes Wuppermann Fachanwalt
Anwaltsbüro am Schlump
Kanzlei Schulenberg & Simon
Rechtsanwälte SENFFT KERSTEN NABERT VAN EENDENBURG
SK-Rechtsanwälte
Kanzlei Kartes Schmitz Föller
Anwaltsbüro Chiwitt
Mittig Thalmann Stoll Partnerschaft von Rechtsanwälten
Rogalla - Ligthert - Tiemann rlt Rechtsanwälte
Kanzlei Fix & Mosebach
Frömming Mundt & Partner mbB Rechtsanwälte
Rechtsanwälte Günther Partnerschaft
Clarius.Legal Rechtsanwaltsges. mbH
Unverzagt von Have Rechtsanwälte Partnerschaft
Kiso Siefert Dropmann Rechtsanwälte
Kanzlei Grebe Schlichting Modes
Technische Advokaten
Piplak Bauer Rechtsanwälte Partnerschaft
DIEKMANN Rechtsanwälte
Kanzlei Barrelet & Diepoldt
Beutler Meinking Rechtsanwälte
Kienast Wrede & Partner
Plan B | Die Fachanwaltskanzlei Andreas Beurskens & R. A. Funk
"Roggelin & Partner Wirtschaftsprüfer, Steuerberater, Rechtsanwälte PartG mbB"
KFR Kirchhoff Franke Riethmüller Partnerschaft von Rechtsanwälten mbB
MBBS Meyer-Bohl Schröder - Rechtsanwälte - Partnerschaft
Kanzlei Barthelmes & Schwenke
Dr. Cronemeyer & Grulert Rechtsanwälte PartG mbB
Dannheisser Poley & Carballo
Kanzlei Dr. Duvigneau & Scholz
Luther Partnerschaft - Partnerschaft von Rechtsanwälten
Braetsch · Jessen & Partner
Kanzlei Maeder & Giese
Schulenberg & Schenk Rechtsanwälte und Steuerberatung
Andreas Grigoleit Rechtsanwalt
Kanzlei Nesselhauf Rechtsanwälte
Böhnert Färe Großmann Knoop
Kanzlei Oberthür & Partner
Spethmann & Partner Rechtsanwälte
"TVR Targan Voss Partnergesellschaft Rechtsanwälte, Steuerberater, Wirtschaftsprüfer"
glr Guckel Langholz Raabe
Herzog Khan & Partner Rechtsanwälte
Rechtsanwaltskanzlei Groenewold
Haupthoff Herden Limbeck
Dr. Wachs Rechtsanwälte
Schlosser & Partner Steuerberatungsges. mbH
Kanzlei Pook & Richter
Anwaltskanzlei Alsterarkaden
Immobilienanwälten Breiholdt & Voscherau
Wessin · Bischoff und Partner Steuerberater Rechtsanwälte PartG mbB
RGTH Richter Gerbaulet Thielemann Hofmann Patentanwälte PartG mbB
Kanzlei Garbe & Dittmann
kfp - Korten. Fehr. Partner. Rechtsanwälte PartG mbB
Sagawe & Klages Rechtsanwälte PartG mbB
"Rechtsanwaltskanzlei Watson, Farley & Williams LLP"
ASG Asche Stein Glockemann Verstl Wiezoreck Rechtsanwälte Steuerberater Wirtschaftsprüfer
Paulick Rechtsanwälte
Langrock Voß & Soyka Partnerschaft von Rechtsanwälten
PROF. DR. PANNEN RECHTSANWÄLTE
BHVSM Bremer Heller Rechtsanwälte PartG mbB
Fechner Rechtsanwälte PartG mbB
Kanzlei Reimann Linden
Kanzlei Dirksen & Neumann
Roser Rechtsanwaltsges. mbH
Petersson Ukert Böhme Rechtsanwälte
Kanzlei Schwanenland LLP
Schwierholz · Jarchow · Scholz
CT legal Stein und Partner Rechtsanwälte vereidigter Buchprüfer Partnerschaft
Rechtsanwaltskanzlei Visker
Leo Schmidt-Hollburg Witte & Frank Rechtsanwälte PartG mbB.
Anwaltsbüro Colonnaden 49
Werdermann v.Rüden Partnerschaft Rechtsanwälte
"Schlarmann & Ahlberg Rechtsanwälte, Steuerberater, Wirtschaftsprüfer Partnerschaft"
Blume Ritscher Nguyen Rega Rechtsanwälte
Schmeel Reuther Rechtsanwälte
Andersen Partners
Kanzlei Hamburg Gänsemarkt
Kolaschnik Partner Rechtsanwälte PartG mbB
Rechtsanwälte Schneider Stein & Partner PartG mbB
Kanzlei Herzog Scholle Hauschild
"Peters, Borowiak & Magnus"
von appen I jens legal - Partnerschaft von Rechtsanwälten
Rechtsanwaltskanzlei Heimann
"Happke, Prange, Reimann"
LAWENTUS Rechtsanwälte PartG mbB
Kruhl von Strenge Partnerschaft von Rechtsanwälten mbB
AHB Rechtsanwälte Steuerberater Arends Hofert Bergemann PartG mbB
Kanzlei Vogt Heinemann & Partner
Kanzlei Schröder Kieback Högelei
RPS Stahmer Rechtsanwälte
Rechtsanwaltskanzlei Carstens & Scheibner
Huth Dietrich Hahn Rechtsanwälte PartG mbB
SSC legal Rechtsanwälte Sievers Schwierholz Contius PartG mbB
Rechtsanwälte Lüke Reese
Gnädig Natascha
Arbeitsrechtskanzlei Hamburg
Rechtsanwälte M&P Dr. Matzen & Partner mbB
Brödermann Jahn Rechtsanwaltsges. mbH
Mahlmann Rechtsanwälte und Steuerberater
CORVEL LLP
Brüggemann & Hinners Rechtsanwälte PartG mbB
Rechtsanwälte Münchow Commandeur + Partner PartG mbB
Rechtsanwälte Hoge & Kollegen
Fett & Weyland Rechtsanwälte
Dr. Schwarz & Collegen
"Kanzlei Kreye, Kreye & Faust"
JANERT Rechtsanwaltsges. mbH
GREEVE Rechtsanwälte PartG mbB
Harmsen Utescher Rechtsanwalts- und PatentanwaltsPartG mbB
von Schalscha-Ehrenfeld & Kollegen
Kanzlei Latham & Watkins LLP
Neuwerk Rechtsanwälte PartG mbB
Trenz Rechtsanwälte
Dr. Mittelstein & Partner GbR
Köchling & Krahnefeld Rechtsanwälte PartG mbB
Toft Fricke Rechtsanwälte
KROHN Rechtsanwälte PartG mbB
Maack & Collegen Rechtsanwaltsges. mbH
Kanzlei Kugler März & Partner
NOTARIAT AN DEN ALSTERARKADEN
Preißer von Rönn Schultz-Aßberg - Steuerberater Rechtsanwälte Wirtschaftsprüfer Partnerschaft
D&H Dahm GmbH Rechtsanwaltsgesellschaft Steuerberatungsgesellschaft
Menssen Kühn Möller Achilles-Baumgärtel Rechtsanwälte Rechtsanwälte
OMG OLDENBURG METTENHEIM Rechtsanwälte Partnerschaft
Notariat Neuer Wall 41
SERVATIUS Rechtsanwälte PartG mbB
Kohnen & Krag
Brehm & v. Moers Partnerschges.
Rechtsanwaltskanzlei Mattfeld
Schultz-Süchting Rechtsanwälte PartG mbB (Part mbB)
Buschmann PartG mbB Rechtsanwälte Steuerberater
HILBRANDT RÜCKERT EBBINGHAUS Rechtsanwaltsges. mbH
Kanzlei Dr. Brieler & Brakel
Rechtsanwälte Behrens & Partner mbB
AGS Legal Rechtsanwälte
Anwaltskanzlei Heiko Hecht &Kollegen
Ahlers Kurt
Bonk Rechtsanwälte Fachanwälte
Kanzlei für Erneuerbare Energien
Kanzlei Heisse Kursawe Eversheds
Kanzlei Martens & Vogler
Corinius LLP
Breiholdt Rechtsanwälte
Rechtsanwälte Koch & Mittmann
Dr. Hüser Dreßler Duhnkrack Engler
Nörenberg · Schröder GmbH Wirtschaftsprüfungsgesellschaft
Baker Tilly Roelfs
Hauck PatentanwaltsPartG mbB
dbb beamtenbund u. tarifunion
White & Case Rechtsanwaltsges. mbH
Renzenbrink & Partner Rechtsanwälte Steuerberater PartG mbB
Kerschies Rechtsanwälte
RASCHKE VON KNOBELSDORF HEISER Steuerberatungsges. mbH
Kübler GbR
rka Rechtsanwälte Reichelt Klute Aßmann
Rechtsanwälte heldt zülch & partner
KNPZ Rechtsanwälte - Klawitter Neben Plath Zintler - PartG mbB
BHM Penlaw Rechtsanwälte Hermes Sanchez von Cramm PartG mbB
Schramm Meyer Kuhnke Partnerschaft von Rechtsanwälten
Rechtsanwaltskanzlei Güler - Guasch Pla
Kanzlei elblaw Rechtsanwälte
Voigt Wunsch Holler Partnerschaft von Rechtsanwälten
Rechtsanwaltskanzlei Melinkat - Max
Buhl Rogosch Buckentin
Gienapp Rechtsanwälte
LUTZ | ABEL Rechtsanwalts GmbH
Rechtsanwältin Prof. Dr. h.c. Christa Randzio-Plath
"KSP Kanzlei Dr. Seegers, Dr. Frankenheim Rechtsanwaltsges. mbH"
Hufer Rechtsanwälte
Strate & Ventzke Rechtsanwälte
Kanzlei am Holstenwall
Anwaltsbüro Schulterblatt 36
"Ulf Dreckmann, Rechtsanwalt"
Loeschner LLP
Fluhme & Partner Rechtsanwälte
Mramor Römmig Lüders Römmig Schu
Anwaltskanzlei Laufgraben
K a n z l e i 4 9 Rechtsanwältinnen & Rechtsanwälte
Chrubassik · Janßen & Collegen
trûon Rechtsanwälte LLP
Kanzlei Brautlecht & Zacher
Getzmann Pinar Meyer-Abich
RIEHN & LIERMANN RECHTSANWÄLTE (GbR)
Rechtsanwaltskanzlei Lin - Piening - Städe
RAe Coeler Legal
Schumacher & Partner Hamburg
Kanzlei Brockdorff Rechtsanwälte
Weidmann Rechtsanwälte
Uhsadel Rechtsanwalte
"Passarge, Prudentino & Rhein Rechtsanwälte PartG mbB | Studio Legale"
W·I·R BREIHOLDT · NIERHAUS · SCHMIDT
CREMON Rechtsanwälte Rahn Blau Welscher Cesarano PartG mbB
BBS Bier Brehm Spahn Partnerschaft Rechtsanwälte
HANSA PARTNER Rommel & Meyer Steuerberater Rechtsanwälte PartG mbB
Rechtsanwaltskanzlei Hummels - Wilbertz - Wendt
Hanefeld Rechtsanwälte
Lebuhn & Puchta Rechtsanwälte
Kanzlei König & Kollegen
Weiland Rechtsanwälte Partnerschaft
Rechtsanwälte Fleet Hamburg LLP
RENNEBERG LEGAL Rechtsanwaltsges. mbH
HARTE-BAVENDAMM Rechtsanwälte PartG mbB
A | L | P Rechtsanwälte Albrecht | Legal | Partner PartG mbB
Beck Rechtsanwälte PartG mbB
Schultze & Braun Rechtsanwaltsgesellschaft
Rechtsanwaltskanzlei Peters
"CMKR Maaß Vogt, Partnerschaft von Rechtsanwälten mbB"
MÖHRLE HAPP LUTHER Rechtsanwaltsges. mbH
Jahnke - Wewerka und Partner - Rechtsanwälte PartG mbB
Jebens Mensching LLP
Rödl Stoll Schulte Rechtsanwälte Partnerschaft mbB
Kanzlei Kühn
"Vorberg & Partner Rechtsanwälte, Steuerberater PartG mbB"
Kanzlei Westphalen & Kumleben
Chappuzeau & Partner Rechtsanwälte Steuerberater
Stenger LLP
Schlömer & Sperl
Blaum Dettmers Rabstein Rechtsanwaltspartnerschaft Zweigniederlassung Hamburg
"Rechtsanwälte und Notare Costard, Tögel, v. Åkerman"
Rechtsanwaltskanzlei Kues
Jöhnke & Reichow Rechtsanwälte in PartG mbB
"HEIDELBERG, HOLST & PARTNER - Rechtsanwälte"
"L2C Luecke und Partner mbB - Rechtsanwälte, Steuerberater, Wirtschaftsprüfer"
Kanzlei Simon & Partner
Kanzlei Dr. Gleim & Partner
Mook Rechtsanwälte
Behrmann Rechtsanwälte
Schomerus & Partner Steuerberater Rechtsanwälte Wirtschaftsprüfer PartG mbB
SEGELKEN & SUCHOPAR Rechtsanwälte
Grau Rechtsanwälte LLP
HANSALAWYERS Kretschmar von Teuffel Leverkus & Partner mbB
Kanzlei Ernst Medecke
Fülleborn - Rechtsanwaltsges. mbH
Öhler Rechtsanwälte
Rechtsanwälte Reinfeldt & Dr. Hellgardt
KANZLEI AM SERRAHNHOF Rechtsanwälte in Bürogemeinschaft
Sozietät Ahlenstorf Scheffler Daum
Heinsen Volker
Rechtsanwaltskanzlei Bommert
Huth & Müller Rechtsanwälte in Bürogemeinschaft
Rechtsanwälte Klemm & Partner
Schröter Hartmann Rechtsanwälte
Ladenkanzlei
Kanzlei Bonk & Rosenthal
Putfarken - Meents
Massolle Wagner Herkenrath
Anwaltspartnerschaft Wanke & Rothe Rechtsanwälte
Tsalaganides Michael
Kanzlei Schult und Haker
Kanzlei Porm
Kanzlei Holger Rochow & Kollegen
"Rechtsanwälte Dr. Hinze, Mascow & Zerrenner"
Bieker - Dammann - Grosinski
Kanzlei Muras - Gärmer
Rechtsanwälte BEM
Kanzlei Hölter Schröder Holst
SCHLARMANNvonGEYSO Rechtsanwälte Steuerberater Wirtschaftsprüfer PartG mbB
Kanzlei v. Behren & Seumenicht
MBK+R Steuerberatungsges. mbH
Kanzlei Swienty & Swienty
Rechtsanwälte Völz Partnerschaft
"Müller-Schubert, Cohrs & Kollegen"
Rechtsanwaltskanzlei Riesenkampff
Neizel und Grünauer
Limberg & Baden
bpr Bergemann Plauschinat Ruge
Kanzlei am Marktplatz
Peters & Pallaske
Notariat Stöver
Rechtsanwaltskanzlei Parbst - Hovehne - Ritterhoff - Polligkeit
Harre & Koch-Fahs
Rechtsanwaltskanzlei Intemann - Oehlrich
Weiss und Weiss
Gerhard & Partner GbR
"Scharnhop, Blank & Kollegen"
Sieper & Lösing
ZIEGERT.NELL.VOSS
"Wöbken, Braune, Brockhöft, Brauer, Jäkel"
Hagemann Heß Harms Fachanwälte in Partnerschaft
"Jenckel, Bremer, Dietrich, Semrau"
"Rechtsanwälte und Notare Abraham, Ebert & Kollegen"
Steep & Ertel
Kanzlei Petersen Dressler Rühl
"Mertens, Gutschmidt-Gossen, Welge, Pötter"
Bender & Grewe Rechtsanwälte
Becker & Kollegen
"Kretschmer, Schulz-Weber & Collegen"
"Krempin, Wozny & Wozny"
Birr & Schneider
Dr. Boetzinger & Fuchs
Pünjer & Kollegen
"Daur, Schneemann, Kessler & Partner Rechtsanwälte und Steuerberater"
"Vollbrecht, Lammers, Schauer, Ahrens-Krüger"
"Schmitt, Schmid-Lossberg"
Dr. Purrucker und Partner Rechtsanwälte
Meissner & Burian
WEBER - KAHL - SCHAUMANN RECHTSANWÄLTE - NOTARE - STEUERBERATER
Rink & Kollegen
"Rossa, Vilmar, Hillrichs, Stimper"
"Peters, Friedrich & Partner Rechtsanwälte"
"Wollschläger, Werth"
Rechtsanwaltskanzlei Doege - Weiner-Marrs - Otten
Rechtsanwaltskanzlei Haußner - Kuhfeld - Körner
"Bussau, Bastian, Metz"
"Garlof, Meyer-Bellmann"
Sozietät Dr. Hemsen und Bowien GbR
Rechtsanwaltskanzlei Hippert-Otromke - Heins - Bücker
"Ebling, Ziemann & Partner, Rechtsanwälte"
"Dr. Lockert, Demann, Schwichtenberg"
"Pein, Pilgrim, Freudenthal"
Saurin & Kollegen
"Kruse, Gerkens, Kruse"
"Coprian, Hartmann"
"Dr. Lange, Brodersen, Dr. Spils"
Bilzhause jr. & Kuehn
Kanzlei Dr. Schröder & Partner
Osthus & Partner
Seidensticker und Partner Rechtsanwälte
Rechtsanwaltskanzlei Dallmann
Rechtsanwaltskanzlei Weritz & Schröder
"Dr. Andrae, Kaden, Reuscher & Coll."
Kanzlei Vogt & Reiners
Rechtsanwaltskanzlei Senkal - Mackenberg - Knief
Gutzmann RAe
Kanzlei Hölder
Rechtsanwaltskanzlei Granzin
"Rechtsanwälte | Jean-Pierre El Sayed , Dr. F. Christian Yazhari & Gregor P. Jezierski"
Kanzlei Mielke Koy Butenberg
Dr. Flemming & Partner - Rechtsanwälte
Volkers Rechtsanwälte
Rechtsanwaltskanzlei Templin
Kanzlei Strohwald & Borchers
Kanzlei Drenkmann
Rechtsanwaltskanzlei Dogan - Koch - Topal
Kanzlei Kuhagen
Kanzlei Thiel & Collegen
Dr. Bertelsmann und Gäbert
Dr. Lüders & Kollegen AG
Dr. Nietsch & Kroll Rechtsanwälte
Rechtsanwaltskanzlei Hemme-Oels - Albay - Mezele
Kanzlei Hamburger Meile
Köhler Zeising Twisselmann RAe
v. Knobelsdorff & Mierendorff
Rechtsanwaltskanzlei Wensing - Klußmann - Kühn - Rommel - Gerigk
Rechtsanwaltskanzlei Hanschke - Vogel - Schaaff
A.I.S Rechtsanwälte
Kanzlei Ruge Krömer
MARX SIEBERT Rechtsanwälte PartG mbB
"Arp, Güldenzoph und Meeder"
RÄ Oliver Haugk & Partner
Kanzlei Kristen Kraeft van Lier
Kanzlei Leimbach Rechtsanwälte
Rechtsanwaltskanzlei Pelka & Wolff
Rechtsanwälte Hamburg Ost
Brinkmann & Partner Rechtsanwälte / Steuerberater / Insolvenzverwalter
Kanzlei Biermann-Ratjen
"Dr. Scheffler & Partner GmbH Wirtschaftsprüfungsgesellschaft, Steuerberatungsgesellschaft"
Evert & Pausch Rechtsanwälte - Partnerschaft
Schwartz-Uppendieck Ingo
Rechtsanwaltskanzlei ASRA
Rechtsanwaltskanzlei Bruhn
Rechtsanwälte Lerdon & Ehrich
Kanzlei Dr. Seichter & Seichter
Rechtsanwälte Dortschy & Thunert M.L.E.
Meding & Baas Rechtsanwälte in Bürogemeinschaft
Ewald Hänel & Baatz
ADSR Rechtsanwaltsges. mbH
Kanzlei Hein Rehder Heinisch
"Kanzlei Burmeister, Gutmann pp."
Kanzlei Huse & Beencke
Rechtsanwälte Heissner & Struck PartG mbB
Kanzlei Kamin + Wilke
Münzel & Böhm Rechtsanwälte PartG mbB
Hahn und Partner - Rechtsanwälte
Centola|Doth Rechtsanwälte
Kanzlei Seischab & Partner
"Rechtsanwälte Müller-Knapp, Hjort, Wulff Partnerschaft"
RST Richter Shafaei Tyarks & Partner Rechtsanwälte
Rechtsanwaltskanzlei Schultz - Matzner - Gebauer-Jipp
Kanzlei Rogge & Schöne
Rechtsanwälte Wolters
b d k Rechtsanwälte
Dr. Kirsten · Dr. Sielck · Völckers · Kirsten Rechtsanwälte
Helge Petersen & Collegen
Rechtsanwaltskanzlei Breu - Bärthel
Rechtsanwälte Scharf und Wolter
Diestel & Partner Rechtsanwälte - Steuerberater vereidigter Buchprüfer
Kanzlei Fuchs Nissen Dibs-Laban
Rechtsanwaltskanzlei Cramer - Belser - Belser
Teutschmann & Partner
Kanzlei Dr. Mertens & Partner
Kutschera · Pierre · Dr. Künkel
Anwälte-Alstertal-Team
Wulff Müller Dr. Hinnekeuser
Kanzlei Sachs & Sachs
Ostendorf & Weber
Kanzlei Goebel & Hirsch
Seelmaecker & Seelmaecker
Rechtsanwaltskanzlei Poppke
Rechtsanwaltskanzlei Briel
Puskas & Kollegen
Dr. Schmidt-Felzmann & Kozianka
Decker & Partner GbR
Kanzlei Rieche & Schott
"Kanzlei Wagener, Grothe & Wesche"
Kanzlei Winter & Erdtmann
Rechtsanwälte Heiko Ormanschick
"Rechtsanwälte Hauenschild, Schütt, Wünsche & Mahlmann"
Kanzlei Dr. Thies & Partner GbR
Doctores Völschau oHG Wirtschaftsprüfungsgesellschaft Steuerberatungsgesellschaft
Rechtsanwälte Wolf & Collegen
Rechtsanwälte Dr. Hantke & Partner PartG mbB
"Seidensticker, Meyer & Meyer"
Rohrmoser u. Klitzing Rechtsanwälte
ICL Rechtsanwälte
"Grimme & Partner, Rechtsanwälte"
Berendsohn - Rechtsanwälte in Partnerschaft
Gutsch & Schlegel Rechtsanwälte in Partnerschaft
Rechtsanwalt & Mediator Krahnstöver
Rechtsanwälte Lauenburg & Kopietz
Kanzlei Eger
Rechtsanwälte Prinzenberg Prien & Partner GbR
Kanzlei Debler & Velten
DREWSEN RECHTSANWÄLTE PartG mbB KANZLEI FÜR BAURECHT
Schwenke & Partner Rechtsanwälte
BUSE DIERCKS STENDEL Rechtsanwälte Steuerberater
"Frank und Thiele, Koch Rechtsanwälte"
Rechtsanwaltskanzlei Siegle - Labuhn - Urbaniak
Kanzlei Jacobsen - Theel - Wille
Lomer & Lutz Rechtsanwälte
Kanzlei Menschen und Rechte
Mohr Rechtsanwälte PartG mbB
Kanzlei Wiebecke & Partner
Brandt Menshausen Wahrmann Rechtsanwälte in Partnerschaft
Anwaltsbüro in der Motte
buchholz + partner mbB Rechtsanwälte Steuerberater
"Krüger, Taschinski, Blank Rechtsanwälte"
Dr. Cassebaum pp.
as-law Ahner-Societas Rechtsanwälte
Kanzlei Heinrich Hutzler
INCE & Co. Rechtsanwälte
Achnitz & Partner Rechtsanwälte
Rechtsanwaltskanzlei Reuther&Rieche
Kanzlei Kuttner & Kollegen
schmidt&kirstein Partnerschaft
Anwaltskanzlei Schoof
Notariat Köpp - Karthaus - Zier
v. Lindeiner Weinberger Karczews
Rechtsanwälte Schwarzenberger Schiermann Witt Partnerschaft
Burmester Rechtsanwälte
Dr. Harten & Partner mbB Rechtsanwälte
Kanzlei Dabelstein & Passehl
Kanzlei Schwenn & Krüger
Dr. Schreier & Partner Rechtsanwälte
tlc nitscheLegal LLP
Beiler Karl Platzbecker und Partner Rechtsanwälte
Steiner & Roloff
Ulmer-Rechtsanwälte
Priem & Drescher
Rechtsanwaltskanzlei Willhoeft
"Offermanns & Coll., Rechtsanwälte, Partnerschaft"
"Märtens, Dr. Bischoff"
Rechtsanwalts- und Notariatskanzlei Lotz und Schmidt
"Schönrock c/o RAe Borcherding, Weitz, Temme"
Müller-Schönemann - Tietgen - Rodewoldt Rechtsanwälte und Notare
"Rehfeld, Kaitschick & Frischmuth"
Horne Heidorn Krüger Geissler Rechtsanwälte
"Winkelmann, Holst, Braunschweiger"
Rechtsanwaltskanzlei Soth
Dr.Krause & Kollegen
Berger Freier-Anger Baars Rechtsanwälte & Notar
"Rechtsanwälte Thun, Steiner & Partner"
"Hansen, Nicolai"
Tamm & Tamm Rechtsanwälte und Notarin
"Rechtsanwaltskanzlei Wassmann, Oehlert & Kaiser"
Petrausch & Partner Rechtsanwälte
"Schulz, Winterstein, Schoreit, Buck"
"Costard, Tögel, v. Akerman"
Rechtsanwaltskanzlei Baumgarten - Schubert - Varain
"v. Lindeiner, Hoffmann, Hauser, Ryll"
Rechtsanwalt und Notar Dr. Prasse
Rechtsanwaltskanzlei Weidemann - Hoffmann
"Rechtsanwälte, Steuerberater Plehn & Partner Rechts- und Steuerberatung"
"Rechtsanwälte und Notare Schulz, Winterstein, Schoreit, Buck"
Bade & Kollegen
Kanzlei Altefähre
ADVOCAT - IHNS BUSCH HAMANN Rechtsanwälte PartG mbB
Rechtsanwälte Dr. Elsner & Partner
"Rechtsanwaltssozietät Loh, Luig & Matzkat"
Staack & Weigt
WACHENHAUSEN RECHTSANWÄLTE PartG mbB
"Meußler, Dworzynski, Jokisch"
aditum Grasse & Partner
Gaidies & Partner
"Marx, Schrader & Partner GbR"
"Pfeifer, Faust, Bergmann, Schwartz"
Wolter Hans-Jürgen
Gollasch Kroeger Pätzmann GbR
Brock & Heldt
Dr. Karsten & Schmied
Krüger & Hunnekuhl
Lemke & Partner - Rechtsanwälte -
"Jansen, Dr. Triebel, Hemmerich"
Zank und Kollegen
"Bergmann, Richter, Schulz"
"Rechtsanwaltskanzlei Dr. Lüder Klohs, Dr. Volker Lemke, Nils Jönsson, Björn Klohs & Dr. Julia Klohs"
Kluge Rechtsanwälte
Take Maracke und Partner
STS Rechtsanwälte
Zeidler & Partner GbR
Roggan und Repp
"Petersen, Köster"
Westphal und Partner Partnerschaft
Jenrich & Schiffer
Hinz von Starck Kranz Dr. Hinz.
"Montag, Woller"
"Collbey, Vieregge, Riecken"
Struck & Hilligus
Hansen und Dr. Seidel - Rechtsanwälte in Partnerschaft
Cassel & Cassel
M&T Rechtsanwälte und Notare
Rechtsanwaltskanzlei Marquardt
"Welbhoff, Martensen, Dr. Andrees"
"Rechtsanwälte Notar Both, Michaelis, Dr. Grote"
"Dierkes, Köhler"
"Tews, Fischer ,Böge, Dr.Krehl"
"Reimpell, Fischer & Wohlgehagen"
Dr. Kossen
"Geißler, Geißler"
"Medow, v.Buchwaldt, Sprick"
Kanzlei am Landratspark Notare und Rechtsanwälte Hein · Kraft · Simon
Kanzlei Salinenstrasse 18
"Greiner, Herrmann, König"
Hansarecht Bolfeld Fuhr Sentner Partnerschaft Rechtsanwälte
"Luhmann, Volquardts"
Rechtsanwaltskanzlei Klahn Gebhardt Ziethen
"von Zech, Johanssen & Buhr"
Kanzlei am Mühlenplatz
Christoph-Meise-Schmidt
Quedenbaum & Losenski
hbkk rechtsanwälte fachanwälte
Beiler Karl Platzbecker
"Rabe, Rabe"
Anwaltskanzlei Reese & Partner
Rechtsanwaltskanzlei Marquort - Karrasch
Cornelius + Krage Rechtsanwälte PartG mbB
von der Mosel Rechtsanwälte
"Batzlaff und Partner, Rechtsanwälte"
"Brock, Müller, Ziegenbein"
Kerssenbrock Bruck Goerke Rechtsanwälte
Schröder · Schneider + Kollegen
WEISSLEDER EWER Rechtsanwälte PartG mbB
Rechtsanwälte Dres. Donoth Fuhrmann Tüxen PartG mbB
Steen und Partner Rechtsanwälte
"Tovar, Tovar"
Dr. Zillmer & von Appen GbR
"Dr. v. Hindte, Hahn"
Rechtsanwaltskanzlei Hellwig - Böckenholt - Treiber
rt Steuer + Recht GmbH Steuerberatungsgesellschaft Rechtsanwaltsgesellschaft
Rechtsanwaltskanzlei Hansen - Becker - Koehn
RBB v. Reden Böttcher Büchl & Partner mbB Wirtschaftsprüfer Steuerberater Rechtsanwalt
"Wilckens, Clemens"
Kanzlei im Merkurhaus Rechtsanwälte-Fachanwälte-Notar
von Appen & Partner GbR
Straßner & Partner GbR
"Pötzl, Langenberg & Kollegen Rechtsanwälte"
Barth und Dischinger Kanzlei für Medizinrecht
Scharnberg Hahn Bergmann
Ebert Rechtsanwaltsges. mbH
Groß & Partner GbR
Tenge Gluch & Partner Rechtsanwälte - Steuerberater
Die Anwälte Gübner + Höper - Partnerschaft - Rechtsanwälte
"Notars- und Rechtsanwaltskanzlei Dr. Wiedenfels, Rathleff & Heyden"
"Heilig.Notare, Rechtsanwälte"
Steffens & Partner
"Rechtsanwälte Jürgensen, Beckmann & Collegen"
Kubicki & Schöler
"Wegner, Stähr & Partner, Rechtsanwälte"
Rechtsanwaltskanzlei Bethmann
Karkossa & Keden Rechtsanwälte Partnerschaft
Deloy Freydag Hartig Rechtsanwaltspartnerschaft
"BDZ Beth, Drewing (GbR) Zech Rechtsanwälte Bürogemeinschaft"
gubitz+partner Kanzlei für Strafrecht
Rechtsanwaltskanzlei Jürgensen
Prehm & Klare
Rechtsanwaltskanzlei Jacobsen - Gevert Murken
Tarhanaci-Schulte
Spieler & Bartsch
Bartholl & Rehbehn Rechtsanwälte
SCHILLHORN Rechtsanwälte
Helge Petersen & Collegen Rechtsanwaltsges. mbH
Kanzlei am Ivensring
Kindermann & Brinkmann
Backen & Collegen
"Determeyer, Presse, Kolata"
König & Reimers
"Rusitska, Peick, Holz"
"Dr.Litwinski, Dr.Krasemann"
Rechtsanwälte Rusitska Brandenburg & Witt
"Raudszus und Partner, Rechtsanwälte"
"Hansen & Hollborn Rechtsanwälte, Partnerschaft"
Rechtsanwaltskanzlei Dieckhoff - Neuhoff - Ulrich
"Rechtsanwälte und Notariat Kretzschmar, Gahbler, Schmidt & Bach"
"KÜTER. Rechtsanwälte, Notare, Fachanwälte"
"Stegemann, Stegemann"
Schafmeister Rechtsanwälte und Notar
Rechtsanwaltskanzlei Jürgensen - Scholz - Ramge
Rechtsanwälte Dr. Reuss Schuster Wriedt Rohgalf Partnerschaft
Lehmann & Behrens Anwälte und Notare
"Gottschalk, Hienstorfer, Seidel"
Rechtsanwaltskanzlei Begas - Thomas - Unterlehberg
Rechtsanwaltskanzlei Geyik - Stelling
"Carstensen, Feddersen"
Rechtsanwaltskanzlei Bartling
Steinbach & Partner GbR
Rechtsanwälte Dr. Dörfelt Schumacher Grützner und Sozien in Gesellschaft bürgerlichen Rechts (GbR)
"Brandt, Stolter, Hummel & Michalke"
von Borstel
Rechtsanwälte und Notar Bornhöft + Maul Gesellschaft bürgerlichen Rechts
"Dr. Buhr, Collatz, Uellendahl"
Goebel & Goebel
Kanzlei Einfeldt & Borst
Rechtsanwaltskanzlei Porsche - Gotschol
"Radtke, Heigener & Partner GbR"
"Boysen, Hübner, Christiansen"
Rechtsanwaltskanzlei Paulsen
Rechtsanwaltskanzlei Rutzen-Steckel
Rechtsanwaltskanzlei Spindelhirn
Spindelhirn & Partner GbR
"Kanzlei Dr. Fürsen, Meier, Brameshuber, Brameshuber GbR"
"Krajewski, Ukena"
Anwaltskanzlei Vitt und Dolgner
Rechtsanwaltskanzlei Kaminski
"Becker, Schwarz, Husfeld"
VON SCHARNWEBER & PARTNER Rechtsanwälte und Notare in GbR
Zarnekow & Partner GbR
Sozietät Lack & Tilgner
Steinhusen Thiele Christiansen
"Fischer, Meissner, Scholz"
Dr. Beckmann & Hoeck
"Dr. Kruse, Hansen & Sielaff Rechtsanwalts- und Notar Sozietät"
Rechtsanwaltskanzlei Kröger - Mardini-Müther
Kanzlei am Holm
Smollich & Kayser
Albrecht Bernd
"Rechtsanwälte Lorenzen, Zeppenfeld, Hinrichsen"
Brink & Partner Rechtsanwälte
Jensen & Emmerich
Schlüter - Schlüter Sozietät
KHC KNAACK HASSELMANN UND COLL. Rechtsanwälte Fachanwälte Steuerberater Partnerschaft
HOECK SCHLÜTER VAAGT Rechtsanwälte PartG mbB
"Schmidt, Hofmann, Krull"
"Luther, Andresen"
Düwel & Zinger Rechtsanwälte und Notar
"Neuenfeldt, Heer"
"Stubenrauch, Nienstedt, Dose"
Schroeder & Früchtenicht
"Stöterau, Ebsen, Behnke Notar und Rechtsanwälte"
Schack & Schack
"Mallick Reski und Partner mbB Rechtsanwälte, Steuerberater"
"Mischker, Lane, Büchner"
"Kanzlei am Amtsgericht Behrens, Toussaint & Kollegen GbR"
"Triskatis, Sykosch, Löhnert"
Dres. Henningsen & Wesch
"Erdmann, Rattay & Dr.Schneider"
"Soyka, Mertiny"
Rechtsanwaltskanzlei Hushahn
Dr. Winter Held & Partner Rechtsanwälte
"Brunstamp, Brendel, Billepp"
Mallick - Reski - Partner Rechtsanwälte - Notare - Steuerberater
Wiechers-Jahn Rechtsanwälte und Notarin
Rechtsanwaltskanzlei Grundmann
Püschel & Fitz
"Egge, Heidekrüger, Schlatter"
"Schneider, Schreiber, Venizeleas"
Rechtsanwalts- & Notarkanzlei Rickers | Priebe | Bothe
"Rechtsanwälte Dr. Pickert, König und Rummel"
"Pump, Buss, Möller"
Mohrmann Christoph
Gerstenberger-May & May
"Erxleben, Klein, Wohlert"
"Warnecke, Balzer, Nagel, Hein"
"Kannieß, Ruge, Sannig"
Ahl und Kollegen
"Funk, Kremendahl, Wilhelmi"
"Vehrs, Bracht, Vehrs, Knöll"
Brüggmann & Roose
Dombrowsky & Tesch
"Kasten, Westphäling & Kasten Rechtsanwälte & Notare"
Andresen Dr. u. Kollegen
Osmers
"Krieger, Burmeister, Heldt"
"Eggers, Jöns, Siegmund & Jeutter"
Meeder & Bargholz
"Carstens, Bertholdt, Jensen"
"Müller, Rahnfeld"
"Jensen, Philipsen"
"Eis & Wendt, Masekowsky"
Kerkamm Carsten
"Grüttner, Schneider & Dr.Umbreit"
"Lehnert, Dziemba-Lehnert"
"Seppel, Eiserlo, Nitschke & Kießler"
König & Pflüger
"Kanzlei Dr. Niewerth und Kollegen Rechtsanwälte, Notare, Mediatio"
Seidelmann Garms Gralle Rechtsanwälte
"Kramer, Lemke, Wilken"
"Fehlhaber, Schauenburg & Coll."
Hartig Haak Rechtsanwälte & Notar
Lechner & Partner
EHB Rechtsanwälte
"Horstmann, Klüppel und Koch"
"Carspecken, Röben, Stutz"
Dr. Kurtz - Haver - Behrens
"Schofer, Pferdehirt & Götting et. Coll."
Wiese & Harbort
Kreft & Wehage Notare | Rechtsanwälte | Fachanwälte
Dr. Koch - Rechtsanwälte und Notare
"""Hillmann und Partner"" Rechtsanwälte"
"Osterwald, Buchhorn"
ARBICON GmbH
Behrends - Birkner - Lausch
"Bruns, Schierding et Coll."
"Hühne, Klotz & Partner GbR Rechtsanwälte Steuerberater Wirtschaftprüfer"
Bolte & Kollegen
Dr. Miedtank und PartnerRechtsanwaltsgesellschaft bürgerlichen Rechts
Hibben & Fugger
Kranz & Kollegen Rechtsanwaltsges. mbH
CT HAUNHORST SCHMIDT Rechtsanwaltsges. mbH
Treuhand Rechtsberatung Hochhäusler Duwe & Partner Partnerschaft von Rechtsanwälten mbB
"Hillers, Dr. Streit, Dr. Behrends & Coll."
Wandscher & Partner Rechtsanwälte in PartG mbB
KDK Korte Dierkes Röbke und Partner mbB Rechtsanwälte Steuerberater vereidigter Buchprüfer
"Anwaltspartnerschaft von Appen, Prof. Dr. Fischer, Prof. Schonebeck"
Uwe Schliedermann Rechtsanwalt
schwegler rechtsanwälte
Rechtsanwälte Pieper & Chandra Notar - Fachanwälte
Rechtsanwälte Eßer & Dr. Wosgien Partnerschaft
"Saathoff, Habe, Franke"
Rechtsanwälte Vogt & Partner
Plesch & Mählmeyer
Arens & Groll
"Albers, Voigts, Kock, Nodop"
Rechtsanwälte und Notare gerwing / nonnenmacher / göken
Dr. Bookjans & Stevens
"Kolhoff, Kurmann"
Ludwig & Hoffmann
Kanzlei Wardenburg
"Dr. Meyer, Janssen, Flade & Struß"
Wanner & Lach
"Schröder, Völkers & Koll."
Rechtsanwälte Laß · Stein · Gethmann
Dr. Heinz Rechtsanwaltsges. mbH
Rechtsanwaltskanzlei Naraschewski
Rechtsanwaltskanzlei Osterloh
Hans-Enno Arkenau und Caspar-Sebastian Arkenau
"Reents, Müller, Groenewold"
"Hanken, Meyer & Partner, Rechtsanwälte"
Willms u. Jacobs
Rechtsanwälte Albrecht & Partner
"Nieberg, Bentrup, Jacobs"
Dr. Lühring & Köhler
Waculik - Rickmann - Jendroßek
"Ludewig, Duell, Kolbe"
Niehaus & Kollegen
Kirsch Karl Hinrichs Torsten
"Rulffes, Kempe"
Evers & Bay
Notar und Rechtsanwälte Janssen & Enninga
Rechtsanwaltskanzlei Winterhoff
"Sichtermann, Wegner, Dr. jur. Strehlau-Weise"
Buss & Buss
Dr. Müller & Caspers Rechtsanwälte u. Fachanwälte
Brand - Janssen - Ströcker
Dr. Schwartz & Partner
"Prof. Dr. jur. Becker, Binkowski & Koll."
Dr. Brüggemann Miermeister Kunz
"De Buhr, van Hove, Flügge, Bartsch Rechtsanwälte & Notare"
Schwenen Busch
"Rödenbeek, Bessau, Weerda, Hemken"
"Klasen, de Vries, Dr. Klasen, Boekhoff"
Dr. Fenner Bockhöfer Henkys Rechtsanwälte
"Ehlert, Gühmann u. Poppen"
Dr. jur. Hanses und Lameyer
"Rechtsanwälte Stefan von der Ahe, Tido Gast und Niklas Sander"
"Dr. Conring, Smeding-Terveer, Dreesmann"
"Rechtsanwälte und Notare Weidemeier, Schuppert und Bunger"
Rechtsanwälte & Notare Dr. Schulte - Gerten
"Fust, Nies, Keimer Notare - Rechtsanwälte - Fachanwälte"
Rechtsanwaltskanzlei Hebbelmann
"Brand, Busemann, Wilkens"
Dr. Henneberg & Kollegen
H. Moritz - L. Pille - H.-D. Beck - H. Hashagen
Frenz & Leng-Frenz
"Rückoldt, Ringel & Collegen"
Schuhr und Partner
"Dr. Behrends, Sikora, Wunsch"
"Seyer, Schulz & Stegemann"
Witte & Steveker
Stelter u. Gottstein Rechtsanwälte GbR
Hindahl & Witte Rechtsanwälte Fachanwälte PartG mbB
Helms & Kollegen Rechtsanwälte und Notar
Griemert · Kramer · Hoffmeyer Partnerschaft von Rechtsanwälten
"Matthäi, Luschei, Voige"
Kanzlei - Daniela Post
"Dr. Grantz, Lohrengel & Kollegen"
Dr. Bemmann & Kollegen
"Struif, Müffelmann & Partner, Rechtsanwälte"
Rechtsanwälte Rahn & Kollegen
"Koch, Latendorf und Kollegen"
"Berner, Fischer & Partner - Rechtsanwälte, Steuerberater PartG mbB"
Dr. Rinck und Kreiling
"Winkel, Buhrfeind & Partner Rechtsanwälte und Notare"
Rechtsanwaltskanzlei Siegmund - Hahne
Georg Duden + Partner GbR
"Dr. Schulz, Schriever & Vagt"
"Kanzleigemeinschaft Tietje, Frerks und Schirmer"
"Karch, Grabow, Röhler & Partner, Rechtsanwälte"
Rechtsanwaltskanzlei Dr. Kersting & Partner
Dres. Hübner & Klook
Dr. Ernst
Kanzlei Am Neuen Hafen
Gollub Klemeyer Fachanwälte - Partnerschaft
M. Möller Rechtsanwalt & Notar A. Oest Rechtsanwalt
"Metzler, Knüppel & Dr. May Rechtsanwälte & Notare"
von Bonin & Braungard
Werk & Partner
Plöger & Ukat
Rechtsanwaltskanzlei Dr. Schmel
Meyer & Domanski
MeierHeinke Rechts- und Steuerberatung
"Gonschorek, Rojahn"
Rechtsanwälte Bürsner & Giese
Rechtsanwälte Axhausen u. Partner GbR
Kohrs - Lappenbusch - Seefeldt
"van Hall, van Hall"
EICKHOFF - DR. MEYER - OTTEN Rechtsanwälte -Notar-Fachanwälte
Horn & Dr. Gorski
Rechtsanwaltskanzlei Eilers
"Kandt, Kook"
"Allwardt, Helck"
Dr. Jesgarzewski Rechtsanwälte
"Bischoff, Reinke, Fischer"
Rechtsanwaltskanzlei Kauf
"Dr. Schmidt, Habermeyer, von Seggern Gesellschaft bürgerlichen Rechts"
Rechtsanwaltskanzlei Kunz - van Kempen
Rompf & Peiler
Wiebke Lomp Rechtsanwaltskanzlei
"Schütze, Simmel, Rauschert, Sasse"
Hockemeyer & Teßmar
"Abel, Wilke & Co. GmbH Wirtschaftsprüfungsgesellschaft"
Ripken & Kreft Rechtsanwälte und Notar
Ehlen pp.
Rechtsanwaltskanzlei Vullriede & Bremer
Rechtsanwaltskanzlei Schmauch - Vahrmann
Bindt & Stolz
"Dr. Meyer, Vock & Dr. Pickart"
Sozietät Wilfried Behrendt Matthias B. Koch
"Rechtsanwälte Würth & Kollegen, GbR"
Weißmantel & Vogelsang Rechtsanwälte und Fachanwälte
Becke & Partner GbR
Dr. Stankewitz & Coll. Rechtsanwälte und Notare
Rechtsanwaltskanzlei Lebus
Becker & Becker
Rechtsanwälte Westerholt + Partner
Rechtsanwaltskanzlei Heitmann
BBG und Partner mbB - Rechtsanwälte Barth Baumeister Griem und Partner
kessler&partner Rechtsanwälte Steuerberater
Rechtsanwaltskanzlei Kohlmüller
"hannover und partner, Rechtsanwälte"
"Volkmann, Reinstorf + Partner Rechtsanwälte"
"Ganten, Hünecke, Bieniek & Partner mbB, Rechtsanwälte"
"Dr. Castendiek, Helwig & Partner, Rechtsanwälte"
"Dr. van Hove, Eckert"
"Stell, Dr. Vetter & Kollegen"
Lohmann & Dr. Ahlers Rechtsanwälte in Partnerschaft
Schröder & Partner
Dr. Schmel
ppm plaisier padeffke meyer
"Schütte, Richter & Partner mbB Rechtsanwälte"
PwC Legal AG Rechtsanwaltsgesellschaft
"Rechtsanwälte Meyer-Mews, Lam und Rotter"
Rischbieter Meyer Schreiber Rechtsanwälte in Partnerschaft
Rechtsanwaltskanzlei Kanzlei Voigt
anwaltscontor-bremen
Rechtsanwaltskanzlei Mikoleit
"Frehse Hautau & Kampschulte , Martin Bloch"
Görg Insolvenzverwaltung Partnerschaft von Rechtsanwälten
TRENTMANN PartG mbB Rechtsanwälte
"Nölle & Stoevesandt , Rechtsanwälte- Partnerschaft"
Dr. Führling & Partner GbR
"Am Wall, Rechtsanwälte in Partnerschaft Lützen Bönninghaus"
Rechtsanwaltskanzlei Ziemann & Partner
Frerking & Gronwald
Castringius Rechtsanwälte PartG mbB
Rechtsanwälte GREZESCH & BACHMANN Fachanwälte für Steuerrecht PartG mbB
"Apel, Meinrenken, Lange"
Rechtsanwaltskanzlei Ünal
"Sieling, Winter, Dette, Nacken"
Rechtsanwälte Dr. Mahlstedt & Partner
Wunderlich Rechtsanwälte und Notar
Sommerberg LLP
Heberling & Kollegen
"Hübner, Kaya, Jung"
"ZACCO Dr. Peters und Partner, Patentanwälte"
Rechtsanwaltskanzlei Ritting
Rechtsanwaltkanzlei Dr. Schenk
"Bange, Koll & Grote"
AnwältInnen Büro
Rechtsanwaltskanzlei Goritzka
Rechtsanwaltskanzlei Kretschmer - Düring
"Hammer, & Partner, Wirtschaftsprüfer, Steuerberater, Rechtsanwälte"
"Töbelmann, Hannover und Partner, Rechtsanwälte"
"Dr. Wagner, Ohrt & Partner Rechtsanwälte"
"Reineke, Redecker & Coll."
D|K|M|S
"Bergen, Pfeiffer"
"Engel und Partner, Rechtsanwälte"
Rechtsanwälte Baumann-Czichon & Partner
Rechtsanwaltskanzlei Würtz
Giebel und Kollegen
Rechtsanwaltskanzlei Rohde
Rosenboom Menges Klindwort Rechtsanwälte in Partnerschaft
Hubben & von Haacke - Rechtsanwälte
"Rechtsanwälten Bruns, Buck & Wolbeck"
"Heinz, von Rothkirch, Nachtwey"
KANZLEI ENGEL & FEEST
"Korzus Piewack Horstkötter und Partner, Rechtsanwälte"
S2H Ströver Strohkirch Hardt PartG mbB
Rechtsanwaltskanzlei Zahn
KWAG Kanzlei für Wirtschafts- und Anlagerecht Ahrens und Gieschen Rechtsanwälte in Partnerschaft
Maly & Jerke
Haslinger & Korrell
"Ewald, Honsel, Gellert"
Näke & Petersen
"Ertür, Ertür, Holle & Holtfort"
"Horst Böttjer, Heiner Jacobs und Sabine Brumme Rechtsanwaltspartnerschaft"
ProLexon Law & Consulting Beekmann & Partner Rechtsanwälte
"Rechtsanwalt und Notar Bischoff, Claasen, Baucke"
"Schumacher, Lipsius"
Rechtsanwaltskanzlei Brinkmann
Rechtsanwälte Dettlev Klein und Sylvia Schwarz-Wohlers Partnerschaft
Anwaltsbüro Ansteeg - Speichert - von Rönn
Anwaltsbüro Ute Golasowski
Werle & Kollegen
Kanzlei Dr. Ehlers
Anwaltsbüro und Notarbüro Dr. Gunkel und Kollegen
Hansaberatung GmbH Wirtschaftsprüfungsgesellschaft Steuerberatungsgesellschaft
Pohl Rechtsanwälte und Notar
Dr. Lohsin & Partner Rechtsanwälte
"Oltmanns, Kandelhard & Büsing Rechtsanwälte in Partnerschaft"
"Antpöhler, Rische"
"Rechtsanwaltskanzlei & Notariat Küchen, Berger, Thielbar"
Schröder & Bertram
"Sittartz, Klee"
"Hohenecker, Tietjen & Gudat"
Scholz - Lühring & Partner
Dr. Puvogel & Partner Rechtsanwälte PartG mbB
Brennecke et Collegen Partnerschaft von Rechtsanwälten
Dr. Heise Gärtner Kerkmann Partnerschaft von Rechtsanwälten
"Teichmann & Trotzki Rechtsanwälte, Notariat"
Dr. Sander & Sander
Dr. Horndasch & Partner GbR
Rechtsanwaltskanzlei Schmidt - Saebel
Dr. Salfer & Partner Rechtsanwälte PartG mbB
Rechtsanwaltskanzlei Wiesehöfer - Schindler - Wiesehöfer
Dr. Chevalier & Reinartz
Anwaltssozietät und Notar Heidemann
"Hartmann & Partner, Rechtsanwälte"
Rechtsanwaltskanzlei Worthmann
Anwälte am Markt
Molsen und Partner
Dr. Weilep GmbH Wirtschaftsprüfungsgesellschaft Steuerberatungsgesellschaft
Kanzlei Deist
"Valentiner, Blaha, Buchholz"
Raßmann + Partner GmbH
"ENCKE NEUMANN & PARTNER Rechtsanwälte, Fachanwälte, Steuerberater"
Scharf.Rechtsanwälte
"Rechtsanwälte Dr. Kerstan, Fricke, Teuber"
Berger und Partner GbR
Blidon Brock von Maltzahn GbR Rechtsanwälte
Rechtsanwaltskanzlei Fleischer
"Butting-Weiland, Dr. Weiland"
Dr. Guthke Dr. Zickendraht-W. & Kollegen
Dr. Jürgen Meyer & Partner
Schrader und Möller
"Seegebarth, Stute, Dr. Seegebarth"
Frhr.v.d.Bussche & Kollegen
SPRINGER & KOLLEGEN Rechtsanwälte · Notar · Fachanwälte
"Kanzlei am Rathaus, Rechtsanwaltssozietät Wilkens, Dierks, Wagner-Anders, Düngefeld"
"Bertram, Bertram"
"Wahler, Westerfeld"
Rechtsanwälte Zimmermann & Manke
Rechtsanwaltskanzlei Meinecke und Walther
Wasner & Müller
Hansen & Meyn
Fenner und Kollegen Rechtsanwälte
Erdmann und Kollegen
Rothardt & Partner GbR
Kanzlei Eimer
"Schernikau, Brammer, Rega"
"Speckhan, Schmale, Bluhm, Hoffmann"
"Voelzke, Rabe & Kollegen Rechtsanwälte und Notare"
"Dr. Weigt, Engelke, Stock"
BRÜGGEHAGEN+KRAMER
Gaschler Tim
Doehring Rechtsanwälte
"Eberhard, Fehlig-Eberhard"
Kanzlei WALDRAFF * HORSTMANN * TRUMMEL * KOHLENBERG
Müller-Blom - Schulz
Dr. Bax & Kollegen
Peltzer Suhren Rechtsanwälte
"Hoppe, Langer und Knüppel"
"Dr. Rottmann, Hinderlich, Haberkamm"
Rechtsanwaltskanzlei Kirchhoff
SHS Rechtsanwälte & Notarin
Gätcke Insolvenzverwaltung
horak Rechtsanwälte Partnerschaft
Rechtsanwaltskanzlei Berkemeier
bethge | immobilienanwälte
Nagel Schlösser
"KSG Kanzlei Schwede, Gewert & Koll."
Herfurth & Partner Rechtsanwaltsges. mbH
Anwaltsbüro Beitlich | Braul | Stromburg
advopat Patent- und Rechtsanwälte
"Klawitter, Barten & Kollegen"
WMVP Rechtsanwälte Wandersleben Münchhausen & Partner mbB
Rechtsanwaltskanzlei Rosentreter und Partner
Lorenz & Partner GbR
Rechtsanwaltskanzlei Schmoll - Willms - Kleineberg
Kanzlei Rechtsanwälte und Notar - Fricke & Klug
Kanzlei Dr. Nordmann & Gebler
Kanzlei Heinemann
Rechtsanwälte Hippmann & Engeler Rechtsanwälte
GMD Gätcke Müller Dürrfeld Rechtsanwälte Partnerschaft
Rechtsanwaltskanzlei Languth - Neitzel - Bentrop
Bruns & Kollegen Rechtsanwälte
Christoph & Kollegen
Rechtsanwaltskanzlei Tarneden
"bbt Rechtsanwälte und Steuerberater von Boehmer, Borchert, Trittel PartG mbB"
hahne becker und partner - rechtsanwälte
Rechtsanwaltskanzlei Bareither
Buschmann - Kater - Schrepfer Rechtsanwälte & Notar
Dr. Sonnemann - Dr. Hartje Rechtsanwälte Partnerschaft mbB
Garbe Torsten
Stobbe: Rechtsanwälte
Kanzlei Schiedat Rechtsanwälte | Fachanwälte | Notar
Helms Renner Wirth Rechtsanwälte und Notar
Kanisch und Matthias
Gregor.Fürst.Steinig Rechtsanwälte Partnerschaft
Föhrenbach & Coll.
Rechtsanwaltskanzlei Deichmann Hawellek
Wronna & Partner GbR
Rechtsanwaltskanzlei Wolfgang Borsum & Kollegen
Rechtsanwaltskanzlei Steppuhn & Partner
"Börner, Holthausen"
Rechtsanwaltskanzlei Dr. Fricke & Collegen
"Schäfer & Partner Rechtsanwälte, Partnerschaft"
Dr. Rüping & Partner mbB Rechtsanwälte
Rechtsanwaltskanzlei Richter - Dietz
ROPOHL & PARTNER - Sozietät von Rechtsanwälten
Rechtsanwaltskanzlei Dageförde-Reuter
Schulz & Löhr
Lister Anwälte am Moltkeplatz Kai Michael Dietrich und Max Marc Malpricht Partnerschaft
"Recht & Steuern Gilica, Scharnofske, Ahrens"
Rechtsanwältei Thannheiser und Koll.
Schrader Straube Siebert Partnerschaft Rechtsanwälte
Kohlhaas PartG mbB Rechtsanwälte Fachanwälte Steuerberater
"Dr. Jabs-Bohger, LL.M."
Dr. Krafczyk & Partner Rechtsanwälte mbB
Duran & Yildirim
Kemming und Loskant
Rechtsanwälte Kossmann Leiss & Kollegen
Advo Support Rechtsanwaltsges. mbH
Rechtsanwaltskanzlei Schrader - Tickwe - Kathmann
Kerner & Coll.
"Ringe, Dohrmann"
Rechtsanwälte Terner & Imhoff
Vogeler Rechtsanwälte
activeLAW.BÜRGEL GbR
Offeney & Kollegen
"Wedler, Gätcke + Partner GbR"
activeLAW Klein.Offenhausen.Wolf Rechtsanwälte Partnerschaft
Kanzlei 34 Rechtsanwälte · Notare
Löffler & Coll.
Rechtsanwälte Stock & Seidel
Dr. Küster & Kollegen
Ulmenstein Rechtsanwälte
Schulze-Borges Rechtsanwälte Wirtschaftsprüfer Steuerberater PartG mbB
Lauenroth und Partner Rechtsanwälte
Beukenberg Rechtsanwälte Partnerschaft
Rechtsanwaltskanzlei Wolter - Hanebuth - Hinkelmann - Richter
Ihde & Collegen
Onnasch Weber Herrfahrdt Rechtsanwälte und Notar
Pavel Rechtsanwälte
hirschmüller.rechtsanwälte
Ilgner Winckelmann Wehe Rechtsanwälte und Notar
"Bäsecke, Jutsch, Fink"
Thömen & Körner
"Krause, Dr. Hansen-Tilker & Partner GbR"
Rechtsanwaltskanzlei Schröder Wiechert Renner GbR
W. Hippke & Partner
Pistorius.Ott Rechtsanwälte in Partnerschaft
"Böth, Schindler-Abbes"
Rechtsanwaltskanzlei Wicher
Rechtsanwälte Nahme & Reinicke Partnerschaft mbB
FONTAINE GÖTZE Sozietät
"Zarth, Lahmsen, Schieb, Qualmann"
"Kanzlei Kraul, v. Drathen"
"Dr. Böse, Senholdt, Lükermann & Böse Gesellschaft bürgerlichen Recht"
"v. Fromberg, Dr. Weilep, Dr. Bremer & Partner Rechtsanwälte · Wirtschaftsprüfer · Steuerberater"
Bach - Sievers Rechtsanwälte
"Burchard, Mencke"
Brinkmann.Weinkauf Rechtsanwälte PartG mbB
Kanzlei Rautenstengel | Rahn
Boldt & Schwarzkopf
KERN I CHERKEH Rechtsanwälte GbR
"KAPP. EBELING. Rechtsanwälte, Steuerberater und Notare"
Fabricius-Brand Margarete
Markert Wulfert Rohland Fachanwälte Rechtsanwälte Notare
Kanzlei Schaefer
"Bartels, Mehring & Partner, Rechtsanwälte"
MAHNE GERMANN Rechtsanwälte in PartG mbB
BRS Rechtsanwälte AG
Dr.Adolf Köhne Rüdiger Kütemeyer Rechtsanwälte
"Brettschneider, Kotios und Nordmann"
"Dammeyer, Ryssel, Rißling"
Rechtsanwalt Alexander Georg Müller
Senger-Reimann-Kunzmann
Lauenstein & Rosemeier
Papsch Dr. & Collegen Rechtsanwälte
"Lerche, Schröder, Fahlbusch"
Ziehm und Partner Rechtsanwälte
Rechtsanwälte Noltemeyer & Kollegen
Rechtsanwaltskanzlei Muzyk
Freckmann & Kuntze GbR
Rechtsanwaltskanzlei Janssen
"Mauritz, Klein, Hons & Partner, Rechtsanwälte - Fachanwälte"
Petri-Kramer Claudia
Baumgarte & Kollegen
"Großekathöfer, Wetzel, Rokni, Heskamp"
Rechtsanwaltskanzlei Leichsenring - Sudbrock - Wiese
Beese & Meyer
Dieckmann + Kevekordes Partnerschaft
HEINZE LANGE v. SENDEN Rechtsanwälte PartG mbB
von Lilienfeld Rechtsanwälte Partnerschaft
Matlach.Wenig PartG mbB Rechtsanwälte.Steuerberater
Feil Rechtsanwaltsges. mbH
Rechtsanwaltskanzlei Knoll - Harz - Buß
"Schirmeyer, Segger & Joswig Rechtsanwälte Partnerschaft"
BOSSE RÜDIGER MÜLLER Partnerschaft
Dr. Schulz u. Schwinger
"David, Gauert & Spormann"
Falke&Collegen
Kanzlei Burger
Brune-Koch Angelika
Wiese & Dr. Schmidt
Wolff.Willig
"Rechtsanwalts- und Notarkanzlei Willig, Koch & Kollegen GbR"
Rechtsanwalt Lippmann
"Thiele, Brecht, Fabek"
"Richter, Dzimkowski, Giebel"
"Förstermann-Kune, Schnieder"
Gehrke econ Rechtsanwaltsges. mbH
Kruse & Werner Rechtsanwälte
Rechtsanwaltskanzlei Kranz
lehmann und partner rechtsanwälte
"Schneider, von Hagen, Göbel"
Gerold und Partner
Rechtsanwaltskanzlei Stockmeier
Rechtsanwaltskanzlei Dr. Mordfeld
"Kienitz, Möller & Becker Gesellschaft bürgerlichen Rechts (GbR)"
"Preidel, Burmester"
Kanzlei Herbote Strohschein Beushausen
"Dr. Granzow, Dr. Bonfils, Munzel, Scharffetter"
Dr. Giesecke und Partner GbR
Scharffetter & Blatt
"Schöning, Zok & Lemm"
Herzog & Biendarra
"Krüger, Kortemme & Kollegen"
"Schneider, Schneider, Leutert"
"Pfeiffer, Buerstedde, Pfeiffer, von der Heyde"
Schucht & Coll. Rechtsanwälte Notare Steuerberater (GbR)
Rechtsanwälte Seppelt & Müller GbR
"Schmitt-Roolfs, Sonnenberg"
Rechtsanwaltskanzlei Hammer - Hammer
"Kleuker, Sievers, Becker, Knauer"
Rechtsanwaltskanzlei Jämmrich - Berg - Marahrens
Rechtsanwaltskanzlei Mertens - Krull - Schmoldt
"Konopacki, Schwerdtfeger & Hamm"
Wußmann & Braune
Anwaltskanzlei Munzel & Coll
Harald Bertram und Partner GbR
Rechtsanwälte Jödicke & Coll. GbR
"Lambertz, Trau"
"Bremer, Lüddecke, Sörgel & Collegen"
Stumpf und Peitmann
Beil + Kollegen
Bittner Csikvary Hofmann
"Rust, Rubart, Hallmann, Prüße"
"Dahlgrün, Rohe"
Zach & Schaefer
Rechtsanwaltskanzlei Baak & Reichelt GbR
"Bredthauer, Weber"
"Dr. Fehlig, Buddecke, Dr. Bindt, Schmidt"
Gresel & Muff
"Cordes, Busch, Dr. Müller"
Bömer & Toepler
Nieber & Körber
Rechtsanwaltskanzlei Krautter
von Dessien und Klatt Rechtsanwälte in Partnerschaft
Machulla-Notthoff Rechtsanwälte
Rechtsanwaltskanzlei Bremer
"AnwaltskanzleiBrandes, Böttcher & Dr. Borchers"
"Ewigmann, Radloff, Pehl"
"Büschking, Siemann"
"Dr. Fischer, Paysan & Partner mbB Rechtsanwälte Steuerberater"
WTV Petereit & Partner mbB Rechtsanwalt Steuerberater
Rechtsanwaltskanzlei Heuvemann
"Dr. Heidemeier, Dierking, Stock & Kollegen"
Jordan und Helmerding
"Janzen, Meyer, Sebening, Henke, Wötzel Steuern und Recht"
"Gaida, Nordmann, Weyland"
Schraepler & Partner GbR
Liebelt & Koll. Notar - Rechtsanwälte
"Anwaltshaus in Schaumburg Wittum & Partner, Rechtsanwälte"
Box & Kretzer
Frühmark & Vogt
von Alvensleben
Rechtsanwalts- und Notarkanzlei Dr. Kock und Kollegen
Rechtsanwälte Faehndrich - Goltz - Liepelt - Klenke
"Anwaltshaus seit 1895 Rechtsanwälte Bernhard Niepelt, Rüdiger Zemlin, Dr. Volker Schöpe, Burkhard Papendick, Dr. Jörn Hülsemann GbR"
SPECHT + PARTNER Steuerberater - Rechtsanwälte - vereid. Buchprüfer
"die advokaten, Rechtsanwälte Gundermann - Faehndrich - Börder-Carmine"
Rechtsanwaltskanzlei Güldenpfennig - Güldenpfennig - Güldenpfennig-Hinrichs
Dr. Pflugmacher & Collegae
"Petters-Grundmeier, Grundmeier"
Hoppe & Heinen
Windmann Rechtsanwälte
Rechtsanwaltskanzlei Farecki - Schneider - Gätjen
RAe Dr. Wollny u. Partner
Katenbrink & Depenbrock Rechtsanwälte und Notare
LTS Steuerberatungsges. mbH
Kanzlei Dr. Schlabeck & Kollegen
Burghardt Ernst Bagh GbR Rechtsanwälte · Wirtschaftsprüfer · Steuerberater
Grummert + Repenning
Rechtsanwälte Rensing - Schirneker-Reineke
Rechtsanwaltskanzlei Pick - Sugland
anwaltsbüro Dr. Wienke und Kollegen
Peitzmeier und Voges Rechtsanwaltsges. mbH
RAe Falk u. Partner
"Rechtsanwälte und Notare Meier, Dr. Schlüter und Kollegen"
Geimke & Partner Rechtsanwälte
Rechtsanwaltskanzlei Göhner - Bohrenkämper - Fischer
Rechtsanwaltskanzlei Schwarte - Heidlindemann-Kalbhenn - Kalbhenn
Rechtsanwaltskanzlei Thees - Abke - Detring - Hoffmann-Gallhoff - Patti
Rechtsanwaltskanzlei Dreyer - Naue - Aumann-Kaup - Wiemer - Bunke
Rechtsanwaltskanzlei Hähn - Tegeler - Bröderhausen - Rahe
"RAe Müller, Exter & Partner GbR"
ARNING SCHRÖDER HUCKE RECHTSANWÄLTE STEUERBERATER
Rechtsanwaltskanzlei Senckel - Rehling - Bödding - Bückendorf
Rechtsanwälte Schneckener Uhtbrok Obexer Freichel in Partnerschaft
Rechtsanwaltskanzlei Pawlik - von Bar
Rechtsanwaltskanzlei Weßel - Griepentrog - Hüntemann-Röttger
Rechtsanwaltskanzlei Sander - Horvat - Brand
Rechtsanwaltskanzlei Rudolph - Meyer-Rudolph - Heydemann
Rechtsanwaltskanzlei Willuhn - Möllenbeck - Riechmann
Vieker & Chatziparaskewas Fachanwälte für Arbeitsrecht
"Deterding Schmidt Düker, Rechtsanwälte in Partnerschaft"
Anwaltsgemeinschaft David & Kollegen
Berg & Partner GbR
Rechtsanwaltskanzlei Vogel - Peußner - Pape Nolte
Schreckenberg + Partner Rechtsanwälte
Anwaltskanzlei Jahn Arnold Feldkamp
Rechtsanwaltskanzlei Meyer zu Schweicheln - Dr. Wolf - Martin
Rechtsanwaltskanzlei Greco - Marksmeier - Süllwald - Garen
RAe Iburg & Kollegen
Dr. Grohmann & Co. Rechtsanwälte
Rechtsanwaltskanzlei Kuhfuß - Orthbandt
Rechtsanwälte Brockmann & Kollegen
"RAe+StB Hambruch, Voss & P. GbR"
Goldstein und Otto
Koch Schäffer Volle Anwaltskanzlei Rechtsanwälte u. Notar
Josef Klasen Gabriele Hagemeier Rechtsanwälte
KRESKEN & KOLL. Anwaltskanzlei GbR
Rechtsanwaltskanzlei Bode & Echterling
Rechtsanwälte Stückemann & Sozien GbR
khh Krull & Kollegen Rechtsanwälte & Notariat
Kanzlei am Wall
"Backhaus und Partner, Rechtsanwälte"
Rechtsanwaltskanzlei Brachvogel - Leising - Brachvogel
Rechtsanwaltskanzlei Kleinwegener - Dribusch - Heumann
Brächtker & Fischer
Melchior Rechtsanwälte
RAe Dorn u. Partner GbR
Kanzlei Prinz zur Lippe Rechtsanwalts- und Steuerberatungsges. mbH
"Kleinsorge & Partner, Rechtsanwälte und Steuerberater"
"Eikel & Partner GbR, Patent- und Rechsanwälte"
Kanzlei Rolf Schroeren & Kollegen
Billerbeck Rechtsanwälte - Fachanwälte
Rechtsanwaltskanzlei Harms - Schürckmann - Mikliss - Mikliss - Rimkus
Hüsemann Erbrecht Mariele Hüsemann Rechtsanwaltskanzlei &Notariat
Rechtsanwaltskanzlei Rohe - Lachenicht - Müller
RAe Thonemann & Seck GbR
Societät Schäfers
Rechtsanwaltskanzlei Brockhoff - Geisthövel - Carl
Winthuis § Collegen
Kanzlei Uhle & Partner
"Dr. Zacharias, Predeek & Partner GBR"
Rechtsanwaltskanzlei Schmitz - Wolf - Schmitz
Rechtsanwaltskanzlei Oelsmeier - Schniederjann - Ollesch
Rechtsanwaltskanzlei Rost - Lütkefedder - Hügemann
Rechtsanwaltskanzlei Auffenberg
Rechtsanwaltskanzlei Sprute
Rechtsanwälte Schmücker & Dr. Jolmes
Anwaltskanzlei Gärtner-Böcker & Brauckmann
Rechtsanwaltskanzlei Kuhlenkamp - Schilasky - Berisha
Rechtsanwälte Dr. Freundlich und Kollegen
Rechtsanwaltskanzlei Husberg - Budde - Striegel
Kanzlei Sieling
Rechtsanwaltskanzlei Thomas - Warm - Spilker
Anwaltssozietät Gehling
"Rechtsanwälte Kattelmann, Gelhard, Stoffels, Süsselbeck und Niermann"
RAe Dr. Wessel & Partner GbR
RAe Meyer
RAe Brandi pp.
Rechtsanwaltskanzlei Plotz - Hackenholt - Przybilla-Israel
Anwaltskanzlei Sande
RAe Austerschmidt u. Koll.
"Kröger, Rehmann & Partner Rechtsanwälte mbB"
RAe Hunstig pp.
Rechtsanwaltskanzlei Hecker - Cosack - Welling - Seitz
Rechtsanwaltskanzlei Braun - Schmitz - Riegelmann
Melzer Penteridis Kampe Rechtsanwälte PartG mbB
Rechtsanwaltskanzlei Schollmeyer - Tiete
Anwaltskanzlei Kolbe
arning · kaminski · ebbinghaus anwaltssozietät
Rechtsanwaltskanzlei Potthoff
RAe Wißmann & Partner
Rechtsanwaltskanzlei Hiersemann
Rechtsanwälte Pielemeier & Welsch
"RAe Steiner, Wecke & Kollegen"
Rechtsanwaltskanzlei Hiller - Balk
Rechtsanwälte Mauritz Berfelde Höddinghaus
Rechtsanwälte Müller & Dr. Paul Partnerschaft
Schils & Kollegen - Notare und RechtsanwÄlte
"RAe Kämper, Maiwald u. Kollegen"
T/S/C Fachanwälte für Arbeitsrecht Schipp & Partner Rechtsanwälte mbB
Meldau Strauß Flötotto Patentanwälte
Anwaltssozietät Buchholz|Quirll|Hahne
Rechtsanwaltskanzlei Kottmann - Cetin - Kohlmeyer
Rechtsanwälte Swienty·Granas·Döring & Collegen
RAe Dr. Hoffmann u. Zorn
Gromann Strathoff & Partner Rechtsanwälte
Rechtsanwälte/StB Koch & Kollegen
Anwaltskanzlei Henz
Kanzlei Am Westwall Anwälte & Notare
Sabine Zembol Rechtsanwaltsges. mbH
RAe Dr. Küpper & Scholz
Rechtsanwaltskanzlei Hölter - Nenneker
"Rechtsanwälte Dr. Foerster, Schäfer & Wiesner"
Dr. Keitel und Kollegen GbR
Rechtsanwaltskanzlei Kwapich
"Dr. Küter, Roßkamp & Coll. Rechtsanwälte und Fachanwälte"
"Kanzlei Schmitz & Partner, Rechtsanwälte"
"Anwaltskanzlei Wegener, Heise, Kiezewski & Kollegen"
"Dr. Geisler, Dr. Franke & Kollegen - Rechtsanwälte -"
Johnen Rechtsanwälte
Rechtsanwaltskanzlei Schneider - Lindrath - Thenhausen
BKS Rechtsanwälte Wirtschaftsprüfer Steuerberater
Rechtsanwälte Schneider & Wixforth
RAe Streitbörger & Speckmann
Rechtsanwaltskanzlei Pröbsting - Hülsmann - Crayen - Schroeter
"Rechtsanwälte Spieker, Arens, Leiner"
Rechtsanwälte und Notare Diekmeyer Wagenknecht Nordmeyer GbR
Streitbörger Speckmann PartG mbB - Rechtsanwälte Steuerberater
Anwaltssozietät Dr. Becker
Rechtsanwaltskanzlei Wolff - Lange - Godejohann
Brinkmann & Partner Bielefeld
ad legem Konrad Frohoff Rechtsanwalts- und Patentanwalts-Partnerschaft
Peters Götza Welge überörtliche Partnerschaft Steuerberater Rechtsanwalt Wirtschaftsprüfer
Rechtsanwaltskanzlei Held & Osterwald
"Rechtsanwälte Dr. Rostek, Dr. Klose Partner GbR"
Bürogemeinschaft Goldrecht
RAe Brennecke & Partner
"RAe Simonet, Busch, Pokorny"
Rechtsanwaltskanzlei Copertino - Rohlfs - Krljar
"Partnerschaft Grams und Partner, Rechtsanwälte und Steuerberater"
"Kraft, Geil und Kollegen Rechtsanwälte"
Anwalts-Sozietät Dr. Rössler
KPMG RA+StB-GmbH
Rechtsanwaltskanzlei Vogt-Stohlmann
RAe Stratmann & Ewers
"RAe Dr.Stracke, Bubenzer & Koll."
RAe Frohne & Frohne
Rechtsanwaltskanzlei Loesenbeck
"Kanzlei Schlüter, Riedenklau & Kollegen"
"Rechtsanwälte und Notar Dr. Behrens, Daalmann, Peitz, Kapitány & Heine"
Klein · Greve · Dietrich
Stock Rechtsanwälte
binder & partner Rechtsanwälte
Gunkel
"Rechtsanwaltskanzlei Werner, Hamann, Sievert, Steinhüser"
Soz. Tiemann & Rehage
"Rechtsanwälte Dr. Maug, Mücke & Volkmann"
Thiel von Herf Rechtsanwälte
RAe Wolff u. Graeser
"Rechtsanwaltssozietät Dr. Wehler, Feist & Kollegen"
Mai Rechtsanwälte
Wendt Thäter Gruner Öpping - Partnerschaft von Rechtsanwälten
"Rechtsanwälte Beck, Lienenkämper, Gruner und Fischer"
Rechtsanwaltskanzlei Kleinebekel
Rechtsanwaltskanzlei Betzendahl - Kaiser
Rechtsanwaltskanzlei Kazior - Schramm - Wittneben
Rechtsanwaltskanzlei Schütte - Borgmeier - Wünkhaus - Heuer
RAe Diekmeyer & Kollegen
RAe Austermann & Kollegen
Dr. Schwöbbermeyer & Blase Rechtsanwälte
RAe Schnake pp.
"Diehl, Hammer, Korte und Korte"
"Süße, Landgrebe, Lindinger, Weitz und Schenk"
"Mosebach, Otto & Partner - Rechtsanwälte mbB"
Decker | Mische | Peckmann
Volz Drastik Schäfer
"Dr. Schäfer, Böker und Dr. Stein"
HTS Rechtsanwälte Händel - Dr. Tolkmitt - Schmid
"Gutsche, Angermann, Dr. Braunholz, Prof. Dr. Linnenkohl, Groß, Krug, Tiedtke, Lesse und Keuthen"
KBW RechtsanwälteHagelgans l Kraft l Lütke-Hagelgans l Dr. Rödiger l Scheidig
"Riemer, Heyner, Sondermann und Baumbach-Wilkin"
Rechtsanwälte Kasper & Kollegen
Vater & Vater
"Brach, Nottelmann, Börner & Partner -Rechtsanwälte-"
"Rechtsanwälte Bondzio, Siegner, Jung, Brendel, Haas"
Rechtsanwaltskanzlei Brand - Decker - Mische
bfs-Rechtsanwälte
"Rechtsanwälte Wille, Dr. Nodoushani, Demuth"
"Anwaltskanzlei Blume, Thöndel & Nikel"
Rechtsanwaltskanzlei Röcher - Haake - Brinkmeier
"Richter, Bahri und Strebe"
"Bachmann, Nagel, Goldschmidt und Rolle"
B/R/K/S Rechtsanwälte.Notare
"Dr. Foltis, Bechmann, Grupe, Nagel und Hübner"
SKB / Rechtsanwälte und Notare
Dr. Giessen und Giessen-Friese
"Selbert, Siebert und Pikos"
Klemt · Engel · Köhler · Duch · Heinecke Rechtsanwälte
Dr. Schebitz Platner Thiedemann Rechtsanwälte und Notar
"Bockamp, Tesfaiesus, Dr. Port & Partner Rechtsanwaltsgesellschaft"
Rechtsanwaltskanzlei Gros - Starke - Mauermann
"Dr. Herr, Zappek, Humbug & Partner"
BDO AG Wirtschaftsprüfungsgesellschaft
"Burghard, Kulle, Klosner und Burghard"
Prall & BornscheuerRechtsanwälte - Partnerschaft
Pfeiffer & Kollegen - Rechtsanwälte
Rechtsanwaltskanzlei Klippert
"Führling, Dr. Glatthaar, Glatthaar, Löffler und Gutsch"
"Humburg, Welge, Reiner"
Stalling und Stalling
Jan Hörmann & Georg Pistorius GbR
Dres. Frey + Kollegen
Posch Frank Rechtsanwälte
Ramb und Jasper
Rechtsanwaltskanzlei Götz - Bödicker - Laumann - Goebel
FACT Rechtsanwaltsges. mbH
Windeknecht Güldenpfennig Schmidt
westhelleundpartner Rechtsanwälte
"Grede, Stephan-Ambacher, Weigand und Weigand"
Bätzing und Schicker
HenningsmeierRechtsanwälte
Rechtsanwaltskanzlei Sonnenschein
"Bergmann, Dittmer"
Gutzeit - Hix - Dr. Meier
"Frambach, Ludwig und Dr. Ehrenberg"
Petersen und Rausch
"Rath, Berger & Ehme Rechtsanwälte Notar GbR"
"Schelkmann, Gründer und Pasquay"
Schelkmann & Schelkmann
"Goetjes, Jöllenbeck, Brand, Rechtsanwälte PartG mbB"
Dr. Nickel Rechtsanwaltsges. mbH
Rechtsanwaltskanzlei Endig - Endig - Kuhn
Rechtsanwaltskanzlei Görnandt - Füllgraf - Görnandt
"Fricke, Priem und Krauspenhaar"
Dilcher und Dilcher
Bürogemeinschaft Mühlmeyer Scheffler König-Abresch Dornemann
Rechtsanwaltskanzlei Kohaupt
Heinrich Göbel & Kollegen
"Damm, Krüger und Bartosch"
Theune & Rohleder
Trautmann + Kollegen Rechtsanwälte und Notar
"Bohlig, Rabe, Tassius und Damm"
"Schulze, Backschat- Weking, Schulze"
Foerster und Wurdak
"Nolting, Osken und Eschstruth"
Mensing + Vaupel + Gercke
"Hoyer, Kathen, Kaisler, Müller-Kreuder, Theiß"
Rechtsanwälte und Notar Dr. Löwer & Lischka & Baumunk
"Paul, Wyneken und Just"
Zimmermann und Dietrich
"Podewils-Schmieling, Scheller und Oeste"
Falk Familienrecht
"Schmeltzer, Wölk und Braun"
Rechtsanwaltskanzlei Schlangenotto Leyener und Kollegen
"Stompfe, Stompfe und Baier"
Ludwig & LudwigDr. Schmölz und Kollegen
Rechtsanwaltskanzlei Naumann - Tuschhoff-Ziadi - Tietje - Fiedler
Kelz-Dalkowski-Bredendiek-Cosic
Kuhne + Partner
"Siebert, Böhm, Fleischer"
Rechtsanwälte Becker - Schmidt & Kollegen
Rechtsanwaltskanzlei Benedikt-Jansen & Dorst
Mitze & Ingenbleek
Jung & Scherlo
"Schneider, Schneider, Einhaus und Einhaus"
"Koch, Dr. Fehr & Gorski"
Martin und Müller
"Görgens, Kögel & Feltz"
"Ammenwerth, Krummel und Zielen"
"Ferchland, Peter und Spies"
Behrendt Limbach & Kollegen
Anwaltskanzlei Koch & Wiegand
Preusse & Kollegen
"Hoffbauer, Immel und Möller"
"Schmidt, Schmidt und Olischläger"
"Dr. Prediger, van der Felden und Luthe"
"Koch, Dr. Koch & Partner -Rechtsanwälte-"
Rechtsanwaltskanzlei Mann
Völpel - Diehl - Gliese - Hauk - Wege - Käs
Rechtsanwälte Klemm & Kaulbach
Rechtsanwälte Dr. Schubert & Kollegen
Toprak und Partner Rechtsanwälte
Schepers & Kollegen Rechtsanwälte
Rechtsanwälte Meschkat & Nauert
Rechtsanwaltskanzlei Gerth
Adolphs - van den Brink - Tuna
Rechtsanwälte Möller Roth Welsch
Frank Velten Vlachou Schwing-Haub
Dr. Krämer Hahn Köhler u.a.
Greilich Hirschmann Benedum & Coll. Rechtsanwälte Fachanwälte Partnerschaft
Rechtsanwaltskanzlei Wohlfeil
"Bouffier, Steiner, Dr. Gasser"
Meiborg Rechtsanwälte
Mohr & Mohr Rechtsanwälte
Dr. Sichelschmidt & Koll.
HCMP Heide Cornelius Möller Partnerschaft Steuerberater Rechtsanwälte
Ehlert Rechtsanwälte
Zorn Reich Wypchol Döring
Rechtsanwaltskanzlei Freiling
Rechtsanwaltskanzlei Schweitzer-Sohn
Fiedler Koch Zerbe Rechtsanwälte
Kanzlei Lattermann & Bürogemeinschaft
Rechtsanwaltskanzlei Otto
Rechtsanwaltskanzlei Richmann
Kanzlei Bösch & Kollegen
Schäfer Becker Partner Rechtsanwälte Partnerschaft
Banff & Graf Egloffstein
Kanzlei Kluck & Frisch
"Dr. Woeller, Tschakert & Partner"
Anwaltshaus Wetzlar Ulrich Müller | Wilfried Feix | Günter Pohl | Klaus Letourneur
"Unützer, Wagner, Werding Rechtsanwälte · Steuerberater PartG mbB"
"Gennrich, Hilgers & Tölg"
Thiel&Thiel Notar - Rechtsanwälte
Kanzlei am Schillerplatz
Ruhmann Peters Altmeyer Wirtschaftsprüfer Steuerberater Rechtsanwälte PartG mbB
"Wörner, Schäfer, Rückert"
Rechtsanwaltskanzlei Lechner
Röhm & Conrad Rechtsanwälte - Fachanwälte Partnerschaft
Mathes Riedel Müller Demirel-Kocar
Rechtsanwaltskanzlei Klein
Steinbach Rechtsanwälte GbR
Kanzlei Feret & Feret
Kirschbaum & Partner GbR Rechtsanwälte - Notare - Fachanwälte
B.S.B. GbR Rechtsanwälte und Notar
Dr. Stehmann & Partner Wirtschaftsprüfer - Steuerberater - Rechtsanwälte
ablegis Rechtsanwaltskanzlei
Accedis-Rechtsanwälte
Wienecke & Heister Rechtsanwälte Notar Fachanwälte
"Kanzlei Kirchhoff, Dr. Kirchhoff & Kollegen"
Rechtsanwaltskanzlei Gimmler
"Kanzlei Wierzgalla, Schmidt und Kollegen, Rechtsanwälte"
Rechtsanwaltskanzlei Zinndorf
Dr. Eidenmüller & Götz
Dienst - Rühl - Dr. Rohloff Dienst - Rühl - Dr. Rohloff
Rechtsanwälte Henkel & Leubecher Partnerschaft
"HNW Balzer & Partner Rechtsanwälte, Wirtschaftsprüfer, Steuerberater"
Reinhard und Dworazik Rechtsanwälte und Notare GbR
Karras & Kollegen - Rechtsanwälte und Notar
Dr. Leinweber & Partner Rechtsanwälte
"G+M Rechtsberatung Dr. Gebhardt + Moritz, Weil + Collegen Rechtsanwaltsges. mbH"
"Hanke, Schultheis, Schultheis"
Neidert Rechtsanwälte
"Wepler, Scheja und Degelmann"
"Hartmann, Dr. Hartmann und Ohlsen"
"Hartmann, Dr. Hartmann, Wehner, Wehner und Schobel"
Steinmetz & Neumann Partnerschaft - Rechtsanwälte
DR. MUTH & PARTNER GbR
Gärtner Flügel & Partner Steuerberater - Wirtschaftsprüfer - Rechtsanwälte
Dr. Hohmann und Dr. Müller
Dr. Kind & Ulrich
Kanzlei im Münsterfeld
Molnár & Bühler
Dr. Heid & Partner Rechtsanwälte vereidigter Buchprüfer
Abel und Kircher
Rechtsanwaltskanzlei Wisser-Esmaty - Klüber - Celsen
Dr. Schlitt & Coll. - und Notarkanzlei
Kanzlei Werner Fischbach
"Gaul, Gaul und Merscher"
"Wittich, Kaiser und Wittich"
"Gerlach, Bick und Simon"
"Both, Ermel, Bock und Both"
"Scheurmann, Schraad & Partner, Rechtsanwälte"
"Stenschke, Schmidt und Burkhardt"
KMP Kreissl Morbach Partner - PartnerschaftRechtsanwälte
"Göb, Göb-Jansen, Jansen GbR"
Cohnen und Semsch
"Dähn, Rath und Natt"
"Rechtsanwälte Wolf, Lämmer, Blum"
Rechtsanwaltskanzlei Dippell - Siebert
Cerny & Weitzel
Rechtsanwälte Lucas & Hoberg
Pforr Rechtsanwälte & Kollegen PartG mbB
CGW Rechtsanwälte Gesellschaft bürgerlichen Rechts
Rechtsanwalt Sven Feuerhahn
ADVESTA Rechtsanwalts- und Steuerberatungsges. mbH
Bernd Rechtsanwaltsges. mbH
Rechtsanwaltskanzlei Matani|Schade
Rechtsanwaltskanzlei Paulini - Rohde - Pfahl - Amthauer
Gündel & Katzorke Rechtsanwaltsges. mbH
Sobirey Nikolai
"SBZW - Dr. Reinhard Bodenburg, Michael Zillian, Hasso Werk Rechtsanwaltskanzlei"
sjs Schneehain John Suchfort Rechtsanwälte Partnerschaft
Menge Noack Rechtsanwälte Partnerschaft
Rechtsanwaltskanzlei Oettler
Rechtsanwalt Dr. Reiner Fuellmich
Rechtsanwaltskanzlei Krüger - Daamen - Kupfernagel - Lampe - Lampe
Rechstanwälte Hentschel und Kollegen
"Anwaltskanzlei Küstner, v. Manteuffel & Wurdack"
"Dr. Reichart, Kriesten, Mügge RKM Rechtsanwälte"
Rechtsanwaltskanzlei Sturm
Rechtsanwaltskanzlei Eulert - Hartz - v. Garmissen - Averdiek
Rechtsanwaltskanzlei Kunstmann - Brodmann
"Kanzlei Dr. Stephan Kleinjohann, Dr. Dietmar Buschhaus, Dr. Marc Matthias Kohl und Dr. Jörg Rösing"
Rechtsanwaltskanzlei Ronsöhr - Gebhardt - Gebhardt
Rechtsanwaltskanzlei Wiesemann - Pollok
MPW Legal & Tax GbR Rechtsanwälte Steuerberater Wirtschaftsprüfer
KAPPUHNE SCHREIER HERBOTE Partnerschaft RECHTSANWÄLTE
Lindigkeit - Werder - Mertens Rechtsanwälte
"Taggeselle, Vaupel und Geyer"
"Rechtsanwälte Wiehage und Wiehage, Partnerschaft"
Rechtsanwälte Von Trott & Dr. Bergner
"Beyer, Schade, Illhardt und Peters"
"Vogt, Dreber, Reyer, Goschin"
RAe Breitenbach & Wagner-Douglas
Rechtsanwaltskanzlei Hoffmann und Kollegen
Körner & Körner Rechtsanwälte
Rechtsanwaltskanzlei Wahle - Reddig
Rechtsanwaltskanzlei Laves - Schultze - Hainski
Rechtsanwälte Baeumer & Weisensee
Teiwes & Sandforth
Rechtsanwälte und Notare Schröter & Gockel & Krempel
"Thöne, Bludau & Winklmair Rechtsanwälte und Notar"
"RAe Specht, Koppi, Specht"
"Andree Rinke & Partner mbB Wirtschaftsprüfer, Steuerberater Rechtsanwälte"
"Kanzlei Meise, Faupel, Krätzig, Bien, Gahl"
Rechtsanwaltskanzlei Meyer - Meyer-Bötel - Klocke - Sievers
Rechtsanwaltskanzlei Voß - Schönfelder - Flintrop
"HUS Homann, Uhde, Statts & Kollegen"
mep+k rechtsanwälte und notar
Rechtsanwälte & Notare v.Behr ·Ludewig ·Söhngen und Kollegen
Hausherr Steuerwald Rechtsanwälte Insolvenzverwalter Partnerschaft mbB
Malz·Firus·Riepe Rechtsanwälte
Leistikow und Partner Rechtsanwälte und Notare
Rechtsanwaltskanzlei von Kalm - von Wehren - Trittermann - Trittermann
Schulte & Prasse Rechtsanwälte PartG mbB
Rechtsanwaltskanzlei Struve-Kaufmann - Kaufmann
Dr. Fischer Rechtsanwälte
"Rechtsanwaltskanzlei Friedrichs, Leip & Bode"
Rechtsanwaltskanzlei Gärtner und Dr. Biermann
Rechtsanwaltskanzlei Wiegratz - Henschel - Kirchberg - Jakob
"Schuchhardt, Haustein, Adam Rechtsanwälte"
"Hoppmann & Partner, Rechtsanwälte"
Janitschke Bernd
SCHRADER THIERACK & KÖHLER
"Dr. Linhard, Lehmann & Specht Rechtsanwälte"
"Kanzlei Dr. Hagena, Schuhmann und Kollegen"
Rechtsanwaltskanzlei Breuer
Heiser & Kollegen Notar und Rechtsanwälte
Rechtsanwaltskanzlei Rogaß - Zott - Rieke
Rechtsanwälte Wehrheim & Eggeling
Rechtsanwaltskanzlei Schröder - Letzel - Ströhlein
Dr. Pfennig & Wabbel und Partner GbR
Rechtsanwaltskanzlei Thomalla - Hoppe
Rechtsanwaltskanzlei Schulte-Schrepping - Fasterding - Langelotz
Appelhagen Rechtsanwälte Steuerberater PartG mbB
"Schlüter . Meyer-Degering und Partner, Rechtsanwälte"
SQR Rechtsanwälte LLP
Rechtsanwaltskanzlei Schmidtke - Jacobs - Lübke
Rechtsanwälte Meyer und Partner
Ellerbrock + Lenius
Mühe | Wetzel | Kollengen
Rechtsanwaltskanzlei Schiminski
Rechtsanwaltskanzlei Stein - Stein - Specht - Fritsche - Fritsche
"HUELSEBUSCH WERLER, Gesellschaft bürgerlichen Rechts Rechtsanwälte und Notar"
Kanzlei am Harztorwall Rechtsanwälte in Bürogemeinschaft
Rechtsanwaltskanzlei Kapahnke - Roßa - Schmidt - Selle
Dieckmann Schneider. Rechtsanwälte Partnerschaft
"Rechtsanwälte Sticherling, Simon und Partner GbR"
Hoßbach & Kollegen Rechtsanwälte und Notare
Anwaltskanzlei Waschke Kuba Zimmermann Rechtsanwaltsges. mbH
MUNTE Rechtsanwälte · Notar
Rechtsanwaltskanzlei Sumpf - Leitzke - Leitzke - Mc Keown
Döhler Katja
Rechtsanwaltskazlei Rodemeier - Kricheldorf
Rechtsanwaltskanzlei Tornow - Jacobs - Mielke - Kahse
Rechtsanwaltskanzlei Meyer-Reike
Falkner & Svetlik
Bunk & Partner
"Anwaltskanzlei Röhle & Schüddig, Rechtsanwälte in Partnerschaft"
Dr. Winzer und Kollegen
Dr. Nesemann und Partner
Rechtsanwaltskanzlei Kindrat - Cromberg - Reifenrath-Rabe - Otte
Rechtsanwaltskanzlei Wienold - Müller-Velten - Zocher
Körner & Partner
Rechtsanwaltskanzlei Schimmelpfennig - Pfeil - Siebe
Rechtsanwälte Becker & Partner
Rechtsanwaltskanzlei Willgeroth - Rettberg - Eble
Kanzlei Hasselmann & Kollegen
Rechtanwälte Dr. Sattler & Kollegen
Rechtsanwälte Stehling & Kollegen
Rechtsanwaltskanzlei Krause - Przibylla - Schwertner
Rechtsanwaltskanzlei Renner - Meier - Mattig
Rechtsanwaltskanzlei Rost - Lilie - Achilles - Andrè
"Rechtsanwälte Giere, Lesser & Kollegen"
Rechtsanwaltskanzlei Heinze - Paust - Günther
Duckstein Rechtsanwälte
Kanzlei Dr. Schneider & Partner GbR
Rechtsanwaltskanzlei Reyher - Kropp - Endler - Rasch
Dr. Dimanski - Kalkbrenner - Schermaul Rechtsanwälte
"Hannebohm, Semmler, Kollegen Anwaltskompetenz"
Rechtsanwaltskanzlei Michael - Müller
"Andreas Thiele & Coll., Rechtsanwälte"
RAe Dr. Müller & Partner
FS - Schering Rechtsanwälte AG
REMMERS - ROBRA - MEYER Rechtsanwälte
Fischer Rechtsanwalts AG
Kanzlei R.-H. Heinemann
Kanzlei Grohmann & Koll.
Rechtsanwaltskanzlei Jörß - Jörß - Glade
Bitter.Rechtsanwälte
Ludwig & Görsdorf-Dennhardt
Rechtsanwaltskanzlei Droste & Kollegen
Rechtsanwälte Jahnke & Handrich
Rechtsanwaltskanzlei Barthel - Breiter
Kanzlei Dr. Losse & Kaiser
Rechtsanwaltskanzlei Rayling
Kanzlei Knigge-Kallweit
von Jagow & Kollegen RechtsanwaltsAG
Rechtsanwaltskanzlei Wulf & Collegen
KAU Rechtsanwälte / Attorneys
Rechtsanwälte Preuß Witthaut Braun Dr. Wetterau Marten GbR
Engelbrecht Seutter Rechtsanwälte PartG mbB
Kanzlei Höcker
Terhaag und Partner Rechtsanwälte
Dr. Denkl & Partner
Wurll + Kollegen
Hundertmark & Frankus GmbH Wirtschaftsprüfungsgesellschaft
"Francke & Partner, Rechtsanwälte"
"Erkens, Gerow, Schmitz, Zeiss"
Wildanger Kehrwald Graf v. Schwerin & Partner mbB Rechtsanwälte
COHAUSZ & FLORACK Patent- und Rechtsanwälte PartG mbB
SG partner
"A/C/S, Anwaltskanzlei Soygüder"
Kreplin & Partner Rechtsanwälte Partnerschaft
Dr. Brandenburg Wirtschaftsberatungs-GmbH Wirtschaftsprüfungsgesellschaft Steuerberatungsgesellschaft
Kleinekorte & Kollegen Rechtsanwaltskooperation
rechtsanwältekoenigshausundschäfer
Albert & Piel Rechtsanwälte
Rechtsanwaltskanzlei Konys & Konys
Antoniadis & Ure LLP
Rechtsanwaltskanzlei Hülsemann
Worbs & Partner GbR
MSH Rechtsanwälte
Hindahl Sternemann Horn Bock Rechtsanwälte Steuerberater PartG mbB
Rogert & Ulbrich Rechtsanwälte in Partnerschaft
"Dr.Gerhards, Pragal, Reineke & Koll."
GÖRG Partnerschaft / Frau Bujara
Bonn & Heinen Rechtsanwälte
Jordan Fuhr Meyer Rechtsanwälte
Frings Partners Rechtsanwälte PartG mbB
"HWPG Heimbürger & Partner Rechtsanwälte, Steuerberater"
Hoyng Reimann Osterrieth Köhler Haft Monègier du Sorbier Partnerschaft von Rechtsanwälten mbB
Grooterhorst & Partner Rechtsanwälte mbB
Schmidt Rogge Thoma Rechtsanwälte PartG mbB
weber & sauberschwarz Rechtsanwälte GbR
Rechtsanwaltskanzlei Winterhalder
Kraa Rechtsanwälte
kws-legal
Holtkamp Fassnacht Rechtsanwälte
Rechtsanwaltskanzlei Mutschke
Velten Sondermann Rechtsanwälte
Salmen Rechtsanwälte
Kanzlei Kessel + Partner Rechtsanwälte
Anwaltsbüro Claus
"Graf Rechtsanwalt, Krauskopf Stefan Rechtsanwalt"
Jarosch & Partner
"v. Woedtke & Partner, Rechtsanwälte PartG mbB"
ADVISES GmbH Wirtschaftsprüfungsgesellschaft Steuerberatungsgesellschaft
Rechtsanwälte Lindenau · Prior & Partner
Kanzlei Kötz Fusbahn Rechtsanwälte Partnerschaft
Greisbach Rechtsanwaltsgesellschaft GmbH
B/S/H Rechtsanwälte
burgmer rechtsanwälte
Krömer u.a. Rechtsanwälte
RAe Schmidt pp
RAe Haschke pp
Remmen Klein Partnerschaft von Rechtsanwälten mbB
EIP Europe LLP
Clyde & Co. (Deutschland) LLP
"Jackson, Heckmann, Schmidgen & Koll."
Verjans Böttger Berndt Rechtsanwälte
Marccus Rechtsanwaltsges. mbH
Pellon & Associados Europe LLP
JORZIG Rechtsanwälte
"Dr. Ganteführer, Marquardt & Partner"
Henseler & Partner Rechtsanwälte mbB
vangard Juli Griebe Grimm Biester-Junker Röhrborn Kast Herrmann Partnerschaft von Rechtsanwälten mbB
SGT Rechtsanwälte
Anwaltsbüro Bell & Windirsch (GBR)
Abels Decker Kuhfuß Lenzen & Partner mbB Wirtschaftsprüfer Rechtsanwälte Steuerberater
Hengeler Mueller Partnerschaft von Rechtsanwälten
Kebekus & Zimmermann Rechtsanwälte
Möller und Partner Rechtsanwälte PartG mbB
Böhm Rechtsanwälte
BRAMS & PARTNER Rechtsanwälte
Remmen Flecken Bergmann
Glade Michel Wirtz Partnerschaft von Rechtsanwälten mbB
Orrick Herrington & Sutcliffe LLP
Wessing & Partner Rechtsanwälte mbB
"ROTTHEGE WASSERMANN PartG mbB von Rechtsanwälten, Wirtschaftsprüfern und Steuerberatern"
AOK Rheinland
Engel Heckmann + Partner Rechtsanwälte mbB
tdwe Thomas Deckers Wehnert Elsner
Ernst & Young Corporate Finance Beratung GmbH
Rechtsanwaltskanzlei Mameghani Vogt
silberberger.lorenz
Mütze Korsch Rechtsanwaltsges. mbH
Leonhardt Rechtsanwälte
"Dr. Oberloskamp, Weimann, Brinkmeier"
Parchent Rechtsanwälte
Pant Legal Rechtsanwälte
"Anwaltssozietät Prof. Dr. Tondorf, Böhm und Leber"
AUSTMANN & PARTNER Rechtsanwälte PartG mbB
RAe Hartnigk Stelzer & Erwin
Ring & Weisbrodt Patentanwaltsges. mbH
Bruhn & Lehne Rechtsanwälte
Dr. Walter Rechtsanwälte
Schmitte & Partner Rechtsanwälte
Rechtsanwaltskanzlei Scheer - Bönisch - Bönisch - Alscher
"Rechtsanwälte Dr. Eikelau, Masberg & Kollegen"
Jenckel Skrobek Rechtsanwälte
ARNOLD RUESS Rechtsanwälte PartG mbB
"Diehl, Köhler & Partner GbR"
SSP-LAW Rechtsanwälte Steuerberater Wirtschaftsprüfer Rechtsanwaltsgesellschaft GmbH
"Clifford Chance Partnerschaft von Rechtsanwälten, Wirtschaftsprüfern, Steuerberatern und Solicitors"
HEYERS · WEITZ · GREUNER Gesellschaft bürgerlichen Rechts
STREITBÖRGER SPECKMANN GbR Rechtsanwälte Notare
Wilhelm Partnerschaft von Rechtsanwälten mbB
Jasper Rechtsanwälte
Kanzlei Maxelon
Baker & McKenzie Rechtsanwaltsges. mbH
Rechtsanwaltskanzlei Louven
Schrader Mansouri Partnerschaft von Rechtsanwälten mbB
FRANZ RECHTSANWÄLTE PartG mbB
tradeo LLP
Kleiner Rechtsanwälte Partnerschafts
Michalski Hüttermann & Partner Patentanwälte
Kohnen Partner Rechtsanwälte mbB
Kluth Rechtsanwälte
Orth Kluth Rechtsanwälte PartG mbB
Wagner Pauls Kalb Rechtsanwälte
Rellermeyer Partner Rechtsanwälte PartG mbB
Rechtsanwaltskanzlei von Stosch - Hoog
Färber Rechtsanwälte
Rechtsanwalt M. Lauppe-Assmann
Rechtsanwaltskanzlei Biron
Fuchs & Masberg Rechtsanwälte
Feder Walter Ebert Patentanwälte
Rechtsanwälte Schaefers & Fusbahn
SBR Schuster und Partner Rechtsanwälte mbB
Godefroid & Pielorz Partnerschaft von Rechtsanwälten mbB
Rechtsanwaltskanzlei Reinhold Poppek
Nehm & Coll.Sozietät d.Rechtsanwälte
CLEV Rechtsanwälte & Steuerberater
"""Haus der Steuerberater"""
Rechtsanwaltskanzlei Bloemer - Dr. Horstmann - Dr. Franken
JUCONOMY Rechtsanwälte
Schmitz & Wicher Rechtsanwälte
WTS Group AG Steuerberatungsgesellschaft
Kanzlei WENDLER TREMML
Rechtsanwaltskanzlei Brandts
von der Fecht LLP Rechtsanwaltskanzlei
Berner Fleck Wettich Partnerschaft von Rechtsanwälten mbB
Hoffmann Liebs Fritsch & Partner Rechtsanwälte mbB
Rechtsanwaltskanzlei Dr.Günther
von der Fecht LLP
Rechtsanwaltskanzlei Dr. Holl
Rechtsanwälte Blume & Blume
Rechtsanwälte Busekist Winter & Partner - PartG mbB
Siebeke Lange Wilbert Rechtsanwälte
RAe Sunderdiek pp
Braun-Dullaeus Pannen Patent- und Rechtsanwälte GbR
Arnon Anwaltskanzlei
Warth & Klein Grant Thornton AG Wirtschaftsprüfungsgesellschaft
AndresSchneider Rechtsanwälte & Insolvenzverwalter
Rechtsanwälte Udo Vetter & Annette Mertens GbR
Dr. Andreas Sonntag und Helmut Niestrate Rechtsanwälte
Rechtsanwaltskanzlei Peerenboom - Kiel - Bornemann
B|K|B Buse|Klante|Busch Rechtsanwälte
"Bürger, Bach & Partner Rechtsanwälte"
RGS Rechtsanwälte
Piel & Schauf Rechtsanwälte
Sonnenberg Anwaltskanzleien
Rechtsanwaltskanzlei Plotz - Plotz - Frisch
Haas & Partner Rechtsanwälte
NOVACOS Rechtsanwälte Heil Hübner Natz Oeben PartG mbB
BMS Rechtsanwälte
Bremen & Houben
Faustmann Neumann Rechtsanwälte
R.M.Seibel-K.R.Seibel Rechtsanwälte
Carl · Hilger · Becker & Partner Partnerschaft von Rechtsanwälten mbB
RAin Müller-Lüttgenau
Anwaltskanzlei Steiert
Anwaltssozietät Minnerop & Minnerop
Sozietät Altenburger Rechtsanwälte
Riße · Focks · Keil Rechtsanwälte
Borgelt & Partner Rechtsanwälte mbB
"Rechtsanwälte Dittke, Schweiger, Kehl & Partner"
AMELEO LAW LLP
"Weiss, Hippler & Dr. Leidinger"
Rechtsanwälte Partg Bender & Pfitzmann
SHSG Rechtsanwälte
Freshfields Bruckhaus Deringer LLP.
"Dr. Schulte, Prof. Schönrath & Schmid Partnerschaft Rheinland Rechtsanwälte"
Pellengahr-Todtenhöfer-Klein und Partner Rechtsanwälte und Steuerberater mbB
Quadbeck & Schacht Rechtsanwälte PartG mbB
Hermanns Wagner Brück Rechtsanwälte
Lang & Rahmann Rechtsanwälte
Wilmesmeyer & Cie. Rechtsanwaltsges. mbH
Schäfer & Berkels Rechtsanwälte
"CLP Rechtsanwälte Gith, Weßling & Partner mbB"
PMH Rechtsanwälte Partnerschaftsges.
Schröder Fischer Rechtsanwaltsges. mbH
"Stenger, Watzke & Ring"
S&P Söffing Rechtsanwaltsges. mbH
Achterwinter Rechtsanwälte
Boden Höfener Rechtsanwälte Partnerschaft
Pietrzyk & Kollegen
anwaltsKONTOR Schriefers Rechtsanwäl
Gille Hrabal GbR.
Anwaltsbüro Dr. Wild & Partner
Anwaltskanzlei Dr. Wolfgang Fell
CSP Rechtsanwälte Czeckay & Partner mbB
Anwaltskanzlei Dr. Schnorrenberg
Baum Reiter & Collegen Rechtsanwälte
Rechtsanwältin Söhngen
Rechtsanwaltskanzlei Liedgens - Brembach - Zmugg
"KREUZKAMP & PARTNER, Rechtsanwälte"
"Berzdorf & Sasse, Rechtsanwälte"
Kipker & Partner GbR Rechtsanwälte
"Bösch & Kalagi Partnerschaft, Rechtsanwälte"
Buschmann Stahl Buschmann
Trenz Steuerberatungsges. mbH
Kanzlei Hannewald
Rechtsanwaltskanzlei Danielzik - Dohmen - Dohmen
Rechtsanwaltskanzlei Öztürk-Yildirim
Brück Rechtsanwälte Gesellschaft Bürgerlichen Rechts
TW Todesco Walter Rechtsanwälte Steuerberater
Rechtsanwälte Matyssek Kirchmann Freund
"EKP Engel, Kronenberg & Partner Steuerberater/Rechtsanwälte mbB"
Rechtsanwälte Kluck
"Wittmann, Hendricks, Derksen, Frenz und Kollegen"
MBK Rechtsanwälte
Bürogemeinschaft der Rechtsanwälte Welters - Fischer - Winter - Werner - Mulaj - Hardt - Kalinin
Rechtsanwaltskanzlei Opitz - Kretschmann - Feldt
Hasler Kinold Rechtsanwälte
Jürgens & Knösels Rechtsanwälte
Banerjee & Kollegen
Rautenberger & Würdemann RAe
Bayer Bormann Büchler
KORN VOIGTSBERGER & PARTNER GbR
"Krall, Paulussen & Partner, Rechtsanwälte"
Dr. Backes + Partner Rechtsanwälte mbB
Rechtsanwälte Pohlen & Meister
Ullmann Rechtsanwälte
Rechtsanwaltskanzlei Dr. Breymann
"Zanders & Werner, Dore Rechtsanwälte"
Hollender Rechtsanwälte
Kanzlei Wendt
Gilliand & Collegen Rechtsanwälte
"Noll, Rose & Collegen Rechtsanwälte"
Rechtsanwälte Hützen & Quinkert
"Wirtz, Walter, Schmitz und Partner mbB Rechtsanwälte, Steuerberater, Wirtschaftsprüfer"
Rechtsanwälte Rahmen & Schütte GbR
Kanzlei Brüggemann & Richter
Rechtsanwaltskanzlei Dr. Hartleb
Dr. Geyr & Pintus Rechtsanwälte
"RECHTSANWÄLTE BOYXEN, BERGE & KOLLEGEN"
Rechtsanwälte Segbert & Sariyar GbR
Rechtsanwälte Schada und Schütt
Kanzlei Kesting Rechtsanwälte
Rechtsanwälte Dr. Kaumanns & Partner
Rechtsanwaltskanzlei Goder - Brauneck - Nolden
Tarsis Rechtsanwaltsges. mbH
"Paul, Voos, Loosen, Kamphoff"
Chambers of Lions Anwaltskooperation
Rechtsanwälte am Niedertor
Rechtsanwälte Dr. Hüsch & Partner
Kurschildgen & Rolla Rechtsanwälte
"Rechtsanwälte Böhne, Ruthmann und Schwager"
Rechtsanwälte Wittenberg & Kollegen
Rechtsanwälte Busch.Schneider Partnerschaft
"Makiol , Lüken & Kollegen Rechtsanwälte"
Schnorbus Helmhold Wardemann GbR
"AJT Jansen Treppner Schwarz & Schulte-Bromby, Steuerberater Rechtsanwälte, PartG mbB"
Gand Kroll Müller
"Kanzlei Velder, Cremer, Weiler GbR"
RAe Hinzen pp
"RAe Zimmermann, Kammel, Holz"
"Abels, Decker, Kuhfuss & Partner"
RAe Zuschlag & Kollegen
Rechtsanwälte Schmitter & Rütter
Rechtsanwaltskanzlei von den Berg - König - König - Berg
Rechtsanwälte Vogels
"Krücken, Schmitz & Gotzen"
Lindenlauf & Klein Rechtsanwälte
"Stieve, Niekes & coll."
RAe Henning pp
Dr. Bredschneider & Stock
"Günther · Westenberger Rechtsanwälte, Wirtschaftsprüfer, Steuerberater"
Frowein & Partner Rechtsanwälte
Dr. Esch & Partner Rechtsanwälte mbB
GKS Rechtsanwälte
"Kania, Tschersich & Partner Rechtsanwälte GbR"
Anwaltssozietät WupperAdvokaten GbR
Fischer Roloff + Partner Rechtsanwälte PartG mbB
Rechtsanwaltskanzlei Johann
Rehm & Siriu Rechtsanwaltssozietät
Anwaltskanzlei Ströder & Graunke
Vohmann & Kollegen - Rechtsanwälte PartG mbB
Rechtsanwälte Körner
"RSM Breidenbach und Partner PartG mbB, Wirtschaftsprüfungsgesellschaft, Steuerberatungsgesellschaft"
RAe Hartmann & Dahlmanns
Endemann & Collegen Rechtsanwälte
Anwaltssozietät Wippermann & Benninghoven
Rechtsanwaltskanzlei Ries
Rechtsanwälte Luckhaus Reinold Hülsmann & Panzer
Goldberg Rechtsanwälte
Krant & Multhaup Rechtsanwälte
Engel & Paschhoff Rechtsanwälte & Steuerberater PartG mbB
"Walter, Colsman & Partner Rechtsanwälte GbR"
Rechtsanwaltskanzlei Rohleder - Scharf - Sewald
RAe Urbanczyk pp
Balkenhol Rechtsanwälte Partnerschaft
"Patentanwälte Roche, von Westernhagen & Ehresmann"
"Rechtsanwälte Gerharts, Eckstein & Eils Partnerschaft"
Küpper & Kollegen
Rechtsanwälte Vohwinkel
Rieder & Partner mbB Patentanwälte - Rechtsanwalt
ANR Rechtsanwälte GbR
Rechtsanwaltskanzlei Belkner - Freytag
Rechtsanwälte Altemann - Niemeyer - Schmidt & Partner
Rechtsanwälte Haberstroh & Kollegen GbR
Rechtsanwälte Schmidt-Sicking - Conze - Koch - Kessels
Anwaltskanzlei Prof. Dr. Demmer - Kunze - Favro
Schmitz & Schmitz Rechtsanwälte
"Krall, Kalkum & Partner GbR"
Rechtsanwälte Dr. Truß & Dr. Mumot
"RAe Rellecke, Weiner & Kollegen"
Fachanwälte und Rechtsanwälte Strässer Tsangaris Eggenstein
Rechtsanwälte Lauterbach Jansen
Anwaltskanzlei HSH
Dr. Fritz & Partner - Fachanwälte - Rechtsanwälte mbB
Benscheid Weckbrodt Kraus Milz
Rubensdörffer & Kollegen - Rechtsanwälte - Remscheid Martin Rubensdörffer - Gerald Neumann - Gunnar Mengel
RAe Frowein pp
Meiski Rechtsanwälte Partnerschaft
Rechtsanwälte Haas
Anwaltskanzlei Bruckschen Sausmekat Brassel
Karthaus und Dörper
"Rieger, Weihe, Schmittkamp"
Haug und Muskulus
Dr. BÜRGEL Rechtsanwälte
Küpper Rechtsanwälte
Bartholomé & Goosmann Rechtsanwälte
RAe Lohkamp & Teepe
Niestendiedrich Cordula & Nill Birgit Rechtsanwältinnen in Bürogemeinschaft
Rechtsanwälte Beckmann
"RAe Klimpke, Rupprecht pp."
GUNTERMANN UND PARTNER RECHTSANWÄLTE
Schüttners Hug & Partner mbB Rechtsanwälte
KREKELER RECHTSANWÄLTE
Dieckmann - Kortmann
AHRENS-LIER-WOLF
"RAe Thiele, Rother & Partner GbR"
Rechtsanwaltskanzlei Lodde
Soz. Himmelmann u. Pohlmann
Kanzlei Manthey-Hagedorn
nbh Strafrecht
BANIKE - NEVELING & KOLLEGEN Rechtsanwälte und Notare
Anwaltskanzlei Andernach
STEIN - OTTO - SCHÜTTFORT - HEINRICHS - BECKMANN Rechtsanwälte und Notarin
Schaefermeyer Rechtsanwälte/StB
Rechtsanwaltskanzlei König - Teuber - Schmöning - Dreier
BECKER HAUMANN Partnerschaft Rechtsanwälte
Anwälte Hupach - Vogelsang
Kaessmann Werner
Rechtsanwaltskanzlei Brunner
Kanzlei Meyer Hoffmann Bleicher Rechtsanwälte in Gesellschaft bürgerlichen Rechts
Rechtsanwaltskanzlei Kleffner & Fischer
RAe Mork & Partner GbR
RAe Budin & Partner
"Weidemann, Pigorsch RAe u. Not."
RAe Tigges & Sevis
Anwaltskanzlei Schöpper und Kollegen
Rechtsanwälte am Westenhellweg
Kanzlei Wegmann und Partner
SCHLÜTER GRAF Rechtsanwälte PartG mbB
CHS Rechtsanwälte Fachanwälte für Strafrecht
Mieterverein Dortmund und Umgebung e.V.
Brauner Schurgers Uhlenhut Rechtsanwälte
rehborn.rechtsanwälte Gesellschaft bürgerlichen Rechts
RAe Hohoff u. Kollegen
RAin Stein
RAe Schmitz pp.
Rechtsanwaltskanzlei Kossack - Steller - Gröber - Steller
AURiS Rechtsanwalts AG
Rechtsanwaltskanzlei Twardon - Liggesmeyer - Kötter - Hopp
Dr.Sybrecht - Hess - Pähler Rechtsanwälte und Notar
Rechtsanwaltskanzlei Festa - Reuker - Kieper
RAe Ehlers & Feldmeier
Spieker & Jaeger Rechtsanwälte Wirtschaftsprüfer Steuerberater PartG mbB
PARK Wirtschaftsstrafrecht
Rechtsanwaltskanzlei Grotefels - Hinne - Lyndian
"pwk & Partner - Rechtsanwälte - Peikert, Wiedemann, Kroel und Partner"
Mönig & Collegen Rechtsanwälte
Rechtsanwaltskanzlei Velten - Reinhold - Glaubitt
Rechtsanwaltskanzlei Pohl - Pohlhausen - Weghake
Quaas und Partner Anwaltskanzlei
Flore Regener Rechtsanwälte und Steuerberater Partnerschaft
Schillberg & Partner GbR RECHTSANWÄLTE
"Anwältebüro Cölsche, Herrmann, Gomon und Dr.Gößlinghoff"
Kanzlei Dr. Puplick und Partner
Rechtsanwaltskanzlei Preuss - Gülicher - Sartor
Dr. Dettke Rechtsanwaltsges. mbH
Rechtsanwälte Auffenberg
Rechtsanwaltskanzlei Collas
Rechtsanwaltskanzlei ARIKAN - SAHIN
"Rechtsanwälte Henke, Blumenstein & Budde"
Rechtsanwaltskanzlei Dr. Klimeck
Kanzlei Tausch
Rechtsanwälte Krause & Kollegen
Nockelmann Rechtsanwälte PartG mbB
RAe Sonntag & Partner
Rechtsanwaltskanzlei Limper - Kobusch - Kobusch
götz sträter Rechtsanwälte - Partnerschaft
AWPR Apel Weber und Partner Rechtsanwälte mbB
Keller Dr. & Collegen
RAe Penning & Bethke
"Rechtsanwälte und Notar Warych, Finzi, Neumann"
Benholz & Mackner
Rechtsanwaltskanzlei Spielvogel - Kisters - Kisters
Kanzlei Schiller u. Partner
Kanzlei Budde Grüter Ickert Klement Möller
Rechtsanwaltskanzlei Günther - Syben - Exner - Neuvians
Rechtsanwaltskanzlei Lippert - Wedemeier
Rechtsanwaltskanzlei Wieg
Vüllers Rechtsanwälte Notar Steuerberatung
RAe Schulze Henne pp.
Graf Plümer Krebs
Rechtsanwalts- und Notariatskanzlei Epping - Tenberge - Dr. Prinz
"RAe Dr.Winz, Stichmann & Partner"
Elger Bögershausen Dieckmann & Kollegen Rechtsanwälte Notare Fachanwälte
Rechtsanwälte Herzog u. Kollegen
Rechtsanwälte Horstmann & Gesterkamp GbR
RAe Uhlenbrock u. Kollegen
HARTMANN Rechtsanwälte
RAe Trzaska & Partner
Rechtsanwaltskanzlei Breilmann
Rechtsanwaltskanzlei Buhren - Fleig
Anwaltsgemeinschaft Dr. Vollmer
Rechtsanwälte und Fachanwälte Brockpähler & Hoffmann GbR
Sozietät Potthoff-Kowol & Frankhof
Rechtsanwaltskanzlei Beckschäfer
"RAe Kuhr, Pathe u. Otterbein"
Rechtsanwälte Funke u. Kröger
KWR Rechtsanwälte und Notare
Rechtsanwaltskanzlei Soestwöhner - Stüber - Stöcker
Rechtsanwälte Michalak & Dr. Lachner
"RAe Heinz, Peters u. König"
Rechtsanwaltskanzlei Kill - Frech
Wöhle Dröge Backhoff Notariat und Rechtsanwälte
"RAe Bernhörster, Ettrich pp."
RAe Heene + Peters GbR
"Ernst, Janßen, Esmeier und Fahnenstich Aschenbach - in Bürogemeinschaft"
Rechtsanwaltskanzlei Hirschmann - Nowotny-Hirschmann - Jersch - Schäfer
Rechtsanwalt Schwarz
Aulinger Rechtsanwälte + Notare
Dr. Ulbrich & Kaminski Rechtsanwälte
Mauer & Partner Rechtsanwälte mbB
Tings & Kauder Rechtsanwälte
Rechtsanwälte Barkhoff & Partner GbR
Kanzlei für Arbeitsrecht Rechtsanwälte Frank Hirtes & Jörg Hoffmann
RECHTSANWÄLTE in Bürogemeinschaft Müller - Pannok - Jurascheck
Rechtsanwaltskanzlei Mielke - Wilhelm - Kalka
Rechtsanwaltskanzlei Waschk - Dercks - Wehde - Buyting
"Anwaltsbüro Fricke, Deike, Ellrich"
Rechtsanwaltskanzlei Stollmann - Keldenich - Wächter - Keye
Schmidt - Rechtsanwälte
Rechtsanwälte Burkhard-Neuhaus & Kollegen
RAe Seidenzahl pp
"Dr. Oskamp & Partner, Rechtsanwälte"
Anwaltskanzlei Schild & Schütze
Rechtsanwaltskanzlei Eberhard - Messler - Messler
Rechtsanwaltskanzlei Hartmann - Hartmann - Gluma
Rechtsanwälte Eisel & Karrmann
RAe Dr. Joneleit u. Kollegen
haas und partner rechtsanwalt steuerberater
Ehrhardt & Kreyer Rechtsanwälte
Kanzlei Dr. Geyer
Jordan Fuhr Meyer GbR Rechtsanwälte Steuerberater
AGAD e.V.
RAe Adam & Adam
Rechtsanwaltskanzlei Poser
Hansberg Oenning Rechtsanwälte Insolvenzverwalter
"Anwaltsbüro Bode, Dornieden & Partner"
RAe Kersting u. Kollegen
Kompetenzzentrum für Arbeitsrecht
Rechtsanwaltskanzlei Mürmann - Reckinger - Mette
Rechtsanwaltskanzlei Hehrs - Gebauer - Jentsch - Dressler
Rechtsanwaltskanzlei Müller - Steinberg - Lüke
Rechtsanwaltskanzlei Gorgon-Fahnenstich - Simmet - Seneca - Schneider
Anwaltskanzlei Römbke & Steffens
Rechtsanwälte KLUG ARNOLD WIDDER JÜRGENS
Rechtsanwaltskanzlei Middelhaufe - Middelhaufe - Walther
Rechtsanwaltskanzlei Rainer Rogalla
Rechtsanwaltskanzlei Vogelsang
RAe Michels u. Kollegen
MDG Rechtsanwälte & Notare
ANDREJEWSKI - HONKE Patent- und Rechtsanwälte
"Nagler - Rothfahl - Haberkern - Weckmüller - Stenzel - Achterfeld Rechtsanwälte, Fachanwälte, Notare"
Rechtsanwaltskanzlei Bojo-Lamers
SH Rechtsanwälte
"Rechtsanwaltskanzlei Teigelack, Vollenberg & Fromlowitz"
RAe Delgmann & Faber
EUV e.V.
HEPP BECKMANN Rechtsanwälte Steuerberater
Müller-Vogelsang PartG mbB - Rechtsanwälte
Rechtsanwaltskanzlei Dahlbüdding - Schäfer - Mezger
RAin Nowack
Rechtsanwaltskanzlei Voß - Günther - Hauschild
Kanzlei Rothhardt Gb
ks rechtsanwälte steuerberater + notar
Krell Pleines Wilcke Rechtsanwälte in PartG mbB
Rechtsanwaltskanzlei Steiner
Anwaltssozietät grunewald nugel & collegen
Gesthuysen
Zenz Patent- und Rechtsanwälte
Kanzlei KÖTTER · MÜLLER · OKÇU · KLASEN
Rechtsanwälte Theile
HORLITZ KEITH & PARTNER Rechtsanwälte mbB
Zura & Partner Rechtsanwälte
Cornelia Hay Rechtsanwältin
"Linten & Partner, Rechtsanwälte"
Rechtsanwaltskanzlei Brunke - van der Meulen - Herich
"Knoblauch, Sprenger, Kachur, Schneider, Rechtsanwälte"
RAe Lütkehaus & Steding
CNH Rechtsanwälte
Rechtsanwälte Goethestr. 89 GbR
Ruhr Strafverteidiger
Erfmeyer & Wassermeyer Rechtsanwälte Impressum Erfmeyer & Wassermeyer Erftmeyer & Wassermeyer
Rechtsanwaltskanzlei Overbeck - Benning - Benning
Rechtsanwaltskanzlei Kehrenberg - Nebe - Döring
von Rohr Patentanwälte PartG mbB
Rechtsanwalt u. Notar Frank Bergmann Rechtsanwalt Christian Stratmann
Jahrmarkt · Steffens · Winterberg Rechtsanwälte Notare
Kanzleihaus Essen
"RAe Trapp, Brüggemann, Kremer"
"RAe Bahn, Lösche u. Marcus"
RAe Schmitz u. Kollegen
Rechtsanwaltskanzlei Rademacher - Düttmann - Rademacher
Linten und Wieser Rechtsanwälte
RAe Kroheck pp.
Schulz - Sozien
Daube & Kämereit Rechtsanwälte - Notar
"RAe Kogge, Sammet, Ufer"
RAe Holthoff-Pförtner
Kanzlei Voigt Rechtsanwalts GmbH Niederlassung Essen
Traphan & Graute | Rechtsanwälte & Fachanwälte
RAe Ohletz & Kollegen
"Scharlach, Kuder RAe"
Rotthege Wassermann GmbH Wirtschaftsprüfungsgesellschaft
"Kümmerlein, Simon & Partner Rechtsanwälte mbB"
Rechtsanwaltskanzlei Lehmann
Holtkamp Bongard Salloch - Rechtsanwälte und Notar a.D.
Rechtsanwaltskanzlei Haakshorst
Zuhorn und Partner GbR
Schumacher & Partner Rechtsanwälte & Steuerberater
RAe Brückner & Schmidt
Esser & Schwerdling Rechtsanwälte
Kanzlei Helf Pesch Wilcke
Rechtsanwaltskanzlei Dirkmann
RAe Nohr & Kollegen
Roland Franz & Partner Steuerberater Rechtsanwalt
"Hallo Kanzlei, Rechtsanwälte"
RAinnen Böhmer & Kitschenberg
Rechtsanwaltskanzlei Linowski - Faber - Swatek
Kanzleihaus am Landgericht
Berten u. Partner. GbR
Rechtsanwälte Lawlor - Schütt
Kanzlei Lücke MP-Recht
Rechtsanwaltskanzlei Blonigen - Kleiber - Poerting
Rechtsanwälte Chatoupis & Schleser
"Rechtsanwälte Proyer, Wagner & Koll."
RAe Staab & Partner
Rechtsanwaltskanzlei Keller - Wittkop
Rechtsanwaltskanzlei Kohlmann & Partner GbR
Rechtsanwaltskanzlei Lischka - Mundstock - Mundstock
Anwaltskanzlei Asch
Rechtsanwaltskanzlei Mülders
Rechtsanwaltskanzlei Wolfram - Haver
Langer Mangen Czekalla
Rechtsanwälte pelzner I niehoff I kupka
Bückmann Rechtsanwaltskanzlei
LAMPE Partnerschaft von Rechtsanwälten
Rechtsanwälte und Notare Dr. Niehoff & Ehring
Rechtsanwaltskanzlei Feldhaus - Feldhaus - Barabasch
Keller Dr. Rechtsanwälte
Dr. Winter und Partner
Rechtsanwälte Kleineick & Leifken
Anwaltskanzlei Heupgen
Duckscheer & Partner Rechtsanwälte und Notar
Rechtsanwältin Marcus
"Wessel & Partner, Rechtsanwälte"
Hubert & Partner Rechtsanwälte
Rechtsanwälte u. Notar H. Rüter u. K.-L. Heppner
RAe Dr. Sentner u. Partner
"Dr. Wenner, F. J. Hendriks, A. Erley, J. Ludwig, S. Rohs GbR Rechtsanwälte und Notare"
Rechtsanwaltskanzlei Hasebrink - Dübbers - Heimann
"Rechtsanwälte, Fachanwälte und Notar Mayer"
Korte & Partner Steuerberater/ Wirtschaftsprüfer/ Rechtsanwälte
tls Rechtsanwälte
Rechtsanwaltskanzlei Aust - Bultmann - Wolff - Wolff
Mues Heinz-Hermann
Rechtsanwaltskanzlei Nette
Kanzlei Dr. Strutz
Rechtsanwälte Dr. Kupferschläger & Kollegen
"Wuthold & Partner Rechtsanwälte, Steuerberater"
Anwaltsgemeinschaft Grollmann
RAe Dr. Kleynmans & Partner
RAe Krekeler u. Beeking
RAe Krings u. Hiddemann
RAe Voß u. Partner
"Volkenborn, Mattheis & Schönig GbR"
Buttler Rechtsanwaltsges. mbH
"Anwaltskanzlei Blenkers, Dinklage & Ewert"
Rechtsanwaltskanzlei Dinklage - Wolter - Wolter - Schulze-Heiming
Rechtsanwaltskanzlei Vetter & Dr. Hölscher
"Kanzlei Dr. F. Stenner, H. Trillsch, F. Stenner & K. Auer"
RAin Wiethoff gen. Riemann
RAe Schwieren & Partner
Rechtsanwaltskanzlei Bremkamp - Luft-Gautsch
Rechstsanwälte Havighorst & Partner
Volke Rechtsanwälte PartG mbB
RAin Sümpelmann
Rechtsanwaltskanzlei Schunk - Ritterswürden
"Dres. Lürken, Ludes und Zehm Rechtsanwälte"
RAe Benecken & Partner
Rechtsanwaltskanzlei Kreimer & Kollegen
Notariat Reich - Reich - Schubert
"Rechtsanwälte Greine, Reddemann und Partner PartG mbB"
Dr. Meier & Tomczyk Anwaltssozietät
"Rechtsanwälte Dymke, Lechtenböhmer & Bub"
Rechtsanwälte Sabine Hermann
Anwaltskanzlei Kempgens.Brunnengräber
RAe Dr. Heescher & Collegen
"Müller & Partner, Steuerberater und Rechtsanwälte"
C & M RAe
Rechtsanwaltskanzlei Stuckmann
"RAe Bester, Schaperdot & Koll."
RAe Heimeshoff & Czuprin
Rechtsanwaltskanzlei Drenhaus - Raguse - Aertken
Sozietät Hollatz Steuerberater - Rechtsanwälte - Rechtsbeistand
AGV Emscher-Lippe
RA. Brauksiepe
RAe Neumann u. Kwijas
RAe Ostermann & Kollegen
Rechtsanwaltskanzlei Feldmann
RAe Dr. Foer
Rechtsanwälte und Notar Kirstein & Selders (GbR)
Kanzlei Bill & Kollegen GbR
RAe Meister u. Partner
Rechtsanwaltskanzlei Schulz
Rechtsanwaltskanzlei Wings - Dorka - Schmitz
Rechtsanwaltskanzlei Meyer-Rudel - Rudel - Nebauer - Meyer
"Rechtsanwälte Löbbecke, Gövert, Behler & Partner"
"Anwaltsbüro Vogel, Rappen, Werner"
Kanzlei Blumberg
"Hellnigk, Führ, Weiss, Deichsel"
Rechtsanwaltskanzlei Hesse Baaske Arnold
Notariat Mleczko
Dr. Knorr und Schwan GbR
Kuka Rechtsanwälte
Steinebach - Malso & Kollegen
CURIA Rechtsanwälte & Notar Henn - Kassen - Bielitzki - Rohel
Rechtsanwälte Fachanwälte
Schwentker - Bückmann Rechtsanwälte
"Müller Heinrich, Rechtsanwalt u. Notar, Gregor H., Rechtsanwalt, Sarah E.,"
Dr. Bugla Rechtsanwälte
Dr. Hütter und Partner Rechtsanwälte
Rechtsanwälte Morjan & Funke
Stank Reiter Staudinger
Emschermann u. Partner Rechtsanwälte
"Rechtsanwälte und Notar Lubina, Hoenscher & Coll"
"Koch, Badde & Lackner Rechtsanwälte & Notar"
Anwaltskanzlei Isphording und Partner Rechtsanwalt und Notare in GbR
Rechtsanwaltskanzlei Neumann - Dahl - Dahl
Rechtsanwaltskanzlei Brockmann Margraf Klaiber
Gries & Kierdorf
Rechtsanwaltskanzlei Rühl - Hick - Elsner
RAe Sturm & Tietze
RAe Becher u. Harde
Rechtsanwaltskanzlei Hagemann und Kollegen
Rechtsanwaltskanzlei Heynck
"Dr. Bongartz, Kastner und Kollegen Rechtsanwälte und Notare"
RAe Queckenstedt & Over
Bohnenkamp Rechtsanwälte Notar
RAe Dr. Steinig pp.
RAe Vosgröne u. Koll.
RAe Friedrich & Kollegen
RAe Thesing & Collegen
SPH Kanzlei für Wirtschaftsrecht
Rechtsanwaltskanzlei Stellmach Bröckers Schoofs
Rechtsanwaltskanzlei Tilgner - Beimesche - Mumbeck
"Felgemacher, Müller & Kollegen Rechtsanwälte"
"RAe Nebe, Rösing & Collegen"
KIRCHBERG & COLL. Rechtsanwälte und Notar
RAe Fuchs u. Kollegen
Rechtsanwaltskanzlei Nienhaus
Rechtsanwaltskanzlei Becker - Suchsland - Suchsland
Terlinden & Uebe
Peter Herbst & Partner (GbR)
Warthuysen & Ollesch Rechtsanwälte
"Pannenbecker, Decka & Kollegen - Rechtsanwälte und Notare"
"Rohmann, Tekath & Kollegen"
Schmülling & Kollegen
Rechtsanwaltskanzlei Goos - Hußmann
Lühl & Partner GbR Rechtsanwälte
HTM Meyer Venn & Partner Rechtsanwälte Steuerberater Wirtschaftsprüfer
"Rechtsanwälte Gatermann, Simons & Partner"
Rechtsanwälte Kreutz & Partner
"Kanzlei RAE Ingendahl, Thyssen & Kollegen"
Minzenmay und Könitz
"Peter Bruckmann, Heinrich Dieter Scholten, Joachim Germer Rechtsanwälte GbR"
Hülsemann Rechtsanwaltsges. mbH
Lührmann & Marquaß Rechtsanwalt und Notar
Friedrichs u. Sviga Rechtsanwälte
"Rechtsanwälte Schwiegelshohn, Dr. Rohde u. Güldenberg"
Rechtsanwaltskanzlei Bozdag - Altun-Yildirim - Köse - Keskin
MÜLLER - GICK - KRIEGER UND PARTNER mbB Wirtschaftsprüfer - Rechtsanwälte - Steuerberater
"Mantell & Partner, Rechtsanwälte"
Ziegler & Kollegen Rechtsanwälte-Notare-Fachanwälte
"Rechtsanwälte Scholten, Reiß & Partner GbR"
altenburg Rechtsanwälte Notare
Blümer-Reiche-Halstrick & Partner Rechtsanwälte
Iborg Dr. Kortenkamp Kramp Rechtsanwälte
Rechtsanwaltskanzlei H.-U. Neumann und Partner GbR
AEG Anwaltskanzlei
Anwaelte Brockerhoff - Geiser - Brockerhoff
Büge & Dr. Tünnesen-Harmes
Rechtsanwälte Dr. Conradis & Jansen
"Kiwitz, Korioth & Partner Rechtsanwälte"
"Klönne, Klein & Partner Rechtsanwälte"
Hauß & Nießalla Rechtsanwälte
Rechtsanwälte Grüter & Partner
Erturul & Kapusuz Rechtsanwälte
Anwaltskanzlei Hochfeld
Rechtsanwaltskanzlei Redel - Wegner
"Müllerhöltgen, Seidler, Pogadetz Anwaltsbüro"
Rechtsanwälte Bender und Menken
"Weber, Hoss Rechtsanwälte Partnerschaft"
Graue & Visser Rechtsanwälte
"NRT Heineking Teschner und Partner, Wirtschaftsprüfer, Steuerberater, Rechtsanwälte"
Rabente Uwe
Dr. Voßmeyer Dommermuth & Partner Rechtsanwalt Steuerberater Wirtschaftsprüfer PartG mbB
NJP Grotstollen Rechtsanwälte PartG mbB
SDS Rechtsanwälte Sander Dahm Schöning PartG mbB
hrm Henneke Röpke Partnerschaft Rechtsanwälte
"Rechtsanwälte Heckhoff, Stenke & Kollegen"
RAe Weber & Brüggemann
Himmerich
RAe Dr. Otte pp
Rechtsanwälte und Notare WÜNSCHMANN-SIXEL-BENNINGHOFF
Rechtsanwaltskanzlei Steinhäuser - Schank
RAe Nöhles pp
"Rechtsanwälte Rainer Enzweiler, Axel Koch & Sabine Koch"
RAe Vogt und Marcinowski
Rechtsanwaltskanzlei Brandt - Schmitz
Rechtsanwaltskanzlei Schulze Horstrup
Stock & Hirschelmann Rechtsanwälte
RAe Dr. Spiekermann & Kollegen
Gärtner Klapdor Rechtsanwälte
Puhr-Westerheide Rechtsanwälte PartG mbB
DAG Rechtsanwälte
Rechtsanwalt Robert Noch
Rechtsanwaltskanzlei Stockhofe
Anwaltskanzlei Dr. Unger
Meyer & Partner
HAUSER RECHTSANWÄLTE PartG mbB MOERS
Madert Wohlgemuth Fahr & Partner
Rechtsanwaltskanzlei Hewera & Stephan
Anwaltskanzlei Gelbke
"Gellhorn, Schneider, Fink & Stieg"
"Dr. Sommer, Moritz, Simon pp"
Haupt Dr. Lassmann Rechtsanwälte PartG mbB
Kanzlei Dr. Schiffer & Partner
Rechtsanwälte Hußmann & Otten
Rechtsanwaltskanzlei Mühlenbäumer
RAin Sack
Rechtsanwälte Dr. Albers & Gebing
Schloesser Kerschka Dr. Haas & Partner Rechtsanwälte&Fachanwälte
STRICK Rechtsanwälte & Steuerberater
"Rechtsanwälte Scholten, Oberem & Partner"
cleverum rechtsanwälte
Jan Theo Baumann & Kollegen
Rechtsanwaltskanzlei Arden & Voss GbR
"Will, Dr. Ketelaer, Dr. Veigel, Veigel & Ernst RECHTSANWÄLTE - FACHANWÄLTE"
Rechtsanwaltskanzlei Johann C. Heesch
Rechtsanwaltskanzlei Treptow
Rechtsanwälte & Steuerberater Bellen
Rechtsanwaltskanzlei Verhoeven & Partner
Stapelkamp Rechtsanwälte
Brockmann & Kollegen
Rechtsanwälte Brohl u. Kollegen
"Rechtsanwälte Küppers, Küppers & Kohler"
Anwaltskanzlei Dr. Behrens & Schick
Dr. Heeser & Kollegen Rechtsanwaltsges. mbH
Rechtsanwälte Decker & Marten
Rechtsanwälte Teipel Stirken Teipel
"Rechtsanwälte Korf, Derichs & Lauken"
"Kemper, Hein & Partner"
Rechtsanwälte Nowak Cörper & Kollege
TGH Thomas Rechtsanwälte PartG mbB
Dr. Dohr & Kollegen Rechtsanwälte
"Koenig, Goertz und Zöllner"
Rechtsanwälte Andries &Collegen
Rechtsanwaltskanzlei Wiesner - Classen - Jacobs - Dietz - Claßen
Rechtsanwälte Michalsky & Partner
RAe Graf v. Wengersky & Partner
ASP Rechtsanwälte Anwaltskanzlei Schausten & Partner
Lux & Bruckhaus
Rechtsanwälte Olzem & Stumm
"Rechtsanwälte Walber, Holtz & Partner GbR"
Rechtsanwaltskanzlei Haak & Partner
W-B-B Rechtsanwälte Steuerberater
de Greiff & Partner Rechtsanwälte
"Peeters II, Huylmans & Wagner"
Goebels Pokorny Kähler Rechtsanwälte PartG mbB
Hahlen & Hahlen
Stock Tömp Hammes Rechtsanwälte Partnerschaft
Klaas & Kollegen Rechtsanwälte Rechtsanwaltsges. mbH
Dr. Schmitz Insolvenzverwalter
Wenning Röttges Rechtsanwälte
Dr. Becker & Collegen Rechtsanwälte in Partnerschaft
Anwaltskanzlei Mike Hentschel
Kanzlei Conze & Partner
Hasler Kinold
AdvoAutomobil Rechtsanwälte
Rechtsanwälte Strohmeier
Rechtsanwaltskanzlei Herlitzius
RAe Dr. Klimke & Kollegen
"Pieper, Dr. Schneider, Raschat & Haack"
Sozietät Gerding
Fachkanzlei Familienrecht
KANZLEI AM STADTGRABEN DR. STIFF UND PARTNER GBR
Rechtsanwaltskanzlei Odenkirchen
Möllenhoff Rechtsanwälte
"Nogossek, Gromball, Schlüter Rechtsanwälte Fachanwälte Notar"
"Anwaltsbüro Putzo, Kampmann, Früh"
Rechtsanwaltskanzlei Tönnissen - Lubitz
RAe Dr. Koenig & Partner GbR
Rechtsanwälte Oenkhaus
Rechtsanwälte und Notar STRACKE & BÖDDING
Rechtsanwaltskanzlei Scholz - Schäfer - Eschbach-Wensing - Kosmann-Vetter
RSW Beratung Gotthardt & Collegen Steuerberatungsges. mbH
Rechtsanwaltskanzlei Bragulla - Müller - Müller
"Weiduschat & Beckervordersandfort, Rechtsanwälte Partnerschaft"
Rechtsanwälte Straeter & Kollegen
Rechtsanwälte Terstegge & Herb
Prof. Dr. Struensee Rechtsanwälte
Baumeister Rechtsanwälte PartG mbB
Stange Houben Renz Rechtsanwälte PartG mbB
Schildheuer & Schildheuer Rechtsanwälte Fachanwälte Notarin
Dr. Schumacher & Partner GmbH Wirtschaftsprüfungsgesellschaft Steuerberatungsgesellschaft
RAe Schmidt & Partner GbR
Kanzlei am Stadthaus I
Dr. Peus Dr. Leuer Dr. Stelzig Partnerschaft von Rechtanwälten mbB
Jabban | Simons | Hafner Rechtsanwälte in Bürogemeinschaft
Kanzlei am Aegidiitor
Rechtsanwaltskanzlei Dr. Klaus-Peter Budke
Rechtsanwaltskanzlei Bergmann
"Frönd, Nieß, Lenzing, Leiers"
Kanzlei am Domplatz
Salamanca & Santos Rechtsanwälte
Gerlach Meyer-Schwickerath Evers Rechtsanwälte
Knecht und Berkenheide
Rechtsanwaltskanzlei T. Mazzotti
rns Ruscher Nölke Rechtsanwälte Steuerberater PartG mbB
Meisterernst Düsing Manstetten Partnerschaft von Rechtsanwältinnen und Rechtsanwälten mbB
Rechtsanwaltskanzlei Hegge - Neeb - Elpers - Schmitz-Hövener
Rechtsanwaltskanzlei Johannes Franke
Michels Wilmes Rechtsanwälte
Arns Schwering Tinner Rechtsanwälte
HüttenbrinkPartner Rechtsanwälte mbB
RAe Hausmann & Müller
Kanzlei im Gewerkschaftshaus Rechtsanwälte Welink und Kollegen
Stähler Rechtsanwälte
"Rechtsanwälte Lange, Herting, Boguszynski, Brandt - Partnerschaft von Rechtsanwälten"
Rechtsanwaltskanzlei Niehues - Niehues - Niehues - Filla
Rechtsanwaltskanzlei Schnelle - Schmalz - Freytag - Wewer
Sommerfeld - Majka - Reifig PartG mbB Rechtsanwälte - Steuerberater - Vereidigter Buchprüfer
Rechtsanwaltskanzlei Ammermann · Knoche · Boesing
"Rechtsanwälte und Notare Geraats, Dr. Höpfner, von Chamier"
ConsiLex Rechtsanwälte
de Angelis Rechtsanwälte
Rechtsanwälte am Kreuztor Partnerschaft Wallscheid & Drouven
"Dr. Steffen & Partner mbB, Münster Steuerberater Wirtschaftsprüfer Rechtsanwälte"
HARNISCHMACHER LÖER WENSING PartG mbB
Rechtsanwälte Kuhlmann & Jacobsmeyer
RAe Schulte & Karlsfeld
Westf.Genossensch.-Verb. e.V.
Kaven Voß Moorkamp Rechtsanwälte in Partnerschaft
Rechtsanwaltskanzlei Wiengarten
"Anwaltskanzlei Budde, Holzhey & Kollegen"
RAe Dr. Meimann & Kollegen
Kanzlei Hesker
Rechtsanwaltskanzlei Heinzkyll - Heinzkyll - Hasselmann
Freckmann & Partner GbR Wirtschaftsprüfer Steuerberater
RAe Kaiser & Sturm
Rechtsanwalt Schreiber & Coll.
"Lauscher Schürmann PartG mbB - Rechtsanwalt, Steuerberater"
RAe Sprakel & Partner
Rechtsanwaltskanzlei Schlamann - Drunkenmölle - Kreyenschulte
RAe Fischbach & Westermann
bolwindokters [Steuerberater . Rechtsanwälte . Wirtschaftsprüfer] Partnerschaft
HOLTFESTER | GRAFFLAGE Rechtsanwälte Fachanwälte Notare
Rechtsanwaltskanzlei Fischer-Scherberich - Heitjans - Huesmann - Hestert
Kanzlei MÖNIG + MÖNIG
Rechtsanwaltskanzlei Rump - Haller - Wessel - Schöne
Rechtsanwaltskanzlei Mertens - Kohaus
RAe Klaucke & Risken
Rechtsanwaltskanzlei Theiselmann
"Brockmeier, Bietmann, Faulhaber, Rudolph, Partnerschaft von Rechtsanwälten"
Strotmann & Schulte Gesellschaft bürgerlichen Rechts (GbR) Rechtsanwälte
RAe Viefhues pp.
StB+RAe Schulz u. Partner
Rechtsanwaltskanzlei Kümpers - Willers - Kümpers
Sandmann und Kollegen Rechtsanwälte und Notar
Kanzlei Stamme & Kollegen
"Eilts, Eppinger & Partner - Rechtsanwälte"
Rechtsanwälte Heils & Kollegen
Rechtsanwaltskanzlei Unke
Heils & Kollegen
Pannenborg & van Ackeren
Weßling & Kambach
"Grafschaft-Beratung Strohm & Schepers GbR Wirtschaftsprüfer, vereidigte Buchprüfer, Steuerberater, Rechtsanwalt"
Rechtsanwaltskanzlei Scheffler
RAe Daldrop u. Partner
Dr. Theodor Spenneberg & Kollegen
Anwälte Bierschenk · Hagemann & Kollegen
Kanzlei Söbbeke
"Notare & Rechtsanwälte Korte, Reckels, Ruhwinkel, Lammers"
BARTELS & BARTELS
Frings · Gröning · Jürgens
Rechtsanwaltskanzlei Breer - Leewe - Böing
FP Freckmann & Partner GbR
"Frieling, Warmbold, Nicklas u. Deppenkemper Rechtsanwälte & Notare"
Rechtsanwälte Lupfer & Hemker
Dr. Rehse und Partner Rechtsanwälte
Rechtsanwaltskanzlei Leppen
"Böcker, Maneke & Partner GbR"
Rechtsanwälte Terhürne Winnefeld Scharf
"RAe Lücke, Müller u. Kollegen"
"Abbing, Mertens + Partner Rechtsanwälte mbB"
Rechtsanwälte Leveling-Thering & Kollegen
"Rechtsanwälte Kohlschein, Lütkemeier & Partner mbB"
Zbick Rechtsanwälte
"Kanzlei Brefeld Röttgering Seidl Rechtsanwälte, Fachanwälte und Notar"
Rechtsanwaltskanzlei Lippert - Morawe - Frydrychowicz
Rechtsanwälte und Notare Dr. Langheim & Partner Gesellschaft bürgerlichen Rechts
"Naundorf, Fehmel, Kaya"
Gärtner & Erdmann
Restemeier & Müller Rechtsanwälte & Notare
"Dr. Klein, Dr. Mönstermann + Partner mbB Wirtschaftsprüfer, Steuerberater, Rechtsanwälte"
"Dr. Rudel, Schäfer & Partner Wirtschaftsprüfer, Rechtsanwälte. Steuerberater"
Pleye Alfons
"Toennes, Klages, Brinkschröder"
"Brückner, Lange & Dr. Berger Rechtsanwalts- und Notariatskanzlei"
"Dr. Funk, Prof. Dr. Tenfelde pp. GbR"
"Rechtsanwälte Roggenkamp-Nösekabel, Nahm & Schwarz"
"Erxleben, Landgraf, Michalski, Ohaus, Lindemann-Deffert"
"Dr. Sandhaus, Walkenhorst, Graalmann, Muth, Kühn LL.M."
Dr. Haverkamp & Witter
"Friederich - Becker - Haack - Barthel Wirtschaftsprüfer, Steuerberater, Rechtsanwälte"
Dr. Hörnschemeyer Rechtsanwälte | Notare
Rechtsanwaltskanzlei Billigmann - Obermann - Markhof - Thelen
"Meggers, Klein & Diekmeyer"
"Dr. Höckelmann, Berger und Partner - Rechtsanwälte"
Theilmann Fachanwälte
Rolfes & Bohmann
Dr. Esskandari
Societät Mohrbutter · Martin · Ellermann
ANDREAS GAUSMANN Rechtsanwalt
"Lemme, Welp & Kollegen"
Hellmann Fachanwälte
Dr. Schmidt & Laute
"Roling & Partner, Rechtsanwälte"
"Cherek, Schulte-Silberkuhl, Grave, Bohn, Sieren"
Poggemann & Devermann
Sunder · Niemeyer · Lißner Anwaltssozietät
"Blaser, Graf, Klekamp, Zeh, Moenikes Notare Fachanwälte Rechtsanwälte Mediator"
Dr. Frohnecke & Partner
Dr. Hermanns & Partner
Rechtsinformer Rechtsanwälte
"Dr. Haack, Michel, Wloch"
PKF Osnabrück WMS Treuhand GmbH Wirtschaftsprüfungsgesellschaft
Gröne Dr. Cramer
"Trimpe-Rüschemeyer, Krüger, Stremmel"
bpl Rechtsanwälte Stroot & Kollegen GbR
"Scholz, Verhülsdonk, Marx"
Busse & Busse Patent- und Rechtsanwälte Partnerschaft mbB
Hansmann & Mursch
"Feldkamp, Schiller und Partner, Rechtsanwälte"
Bröcker & Bröcker
Stoffregen & Schulze Rechtsanwälte in Partnerschaft
Leerkamp & Droit
"Busse, Besenthal, Dr. Busse"
Schnöckelborg u. Partner
"Palma, Pape & Hertrampf"
Frankenberg - Gelshorn
"Anwaltssozietät Merten, Rock und Partner GbR"
"Baasch, Nipper-Seeger, Schemel"
Westendorf & Röwe
"Maaß, Maaß, Pleister, Behnisch, Ebersberg"
Frerker & Middelbeck
Dr. Lenze & Partner Rechtsanwälte
Frye & Radau Rechtsanwälte
Dr. Koops & Partner Wirtschaftsprüfer
VOSS & WILLENBORG Rechtsanwaltsges. mbH
"Tumbrägel, Diekmann & Partner GbR"
Krapp & Partner
Gr. Holthaus & Kröger Partnerschaft von Rechtsanwälten
"Schockemöhle, Dr. Dalhoff und Partner"
"Fortmann, Lammert u. Lenger Rechtsanwälte u. Notare"
"LHM Lampe Holzhauer Meistermann - Rechtsanwälte, Fachanwälte, Notar"
"Meyer, Gerke & Partner Rechtsanwälte"
Bode & Partner PartG mbB Steuerberater Rechtsanwälte
Notar & RAe Beckmann & Rusche
Liening u. Götting
Krusemeyer | Kattmann | Gronheid | Meyer Rechtsanwälte Fachanwälte Notare
Rechtsanwälte Kötter & Kollegen
RAe Visse u. Winkel
Galle-Schneebecke Schmitz Kipp Rechtsanwälte & Notare
Rechtsanwaltskanzlei Meyer und Fenollosa
Kröger Rechtsanwälte
Anwaltsbüro Lehrter
Rechtsanwaltskanzlei Grolle - Surkamp-Brönstrup - Scheuer
Rechtsanwaltskanzlei Gebauer - Löhr - Plegge
"Rechtsanwälte Notar - Lux, Bücker und Kollegen"
RAe Wulfes & Weiss
RAe Langkamm & Knuf
Rechtsanwaltskanzlei Niemeyer - Niemeyer
Rechtsanwaltskanzlei Lichtenberg - Lichtenberg - Schallenberg - Howe
Rechtsanwaltskanzlei u. Notar E. Knippenberg
Bülte - Quick - Bergmann Notare - Fachanwälte - Rechtsanwälte
Schnürer & Kühlers
Rechtsanwälte Prof. Dr. Feige & Breckweg
Rechtsanwaltskanzlei Telscher & Kollegen
"Diers, Rothert, Ellermann"
Nobis Löwenau Wellmer
Karrenbrock und Oswald Rechtsanwälte und Notar
STFK
Friedrich Schmücker & Kollegen
Willen & Meyer zu Menslage
Dr. Vortmann & Rippe
Fangmann & Partner
"Dorissen, Wedemeyer, v. Bruchhausen, Erdmann, Deeken"
R. Nollmann & Kollegen
"QLK Rechtsanwälte, Steuerberater, Notar"
Hauke & Partner Rechtsanwälte
"""Mählmeyer & Partner, Rechtsanwälte & Steuerberater"""
Kirschner Friedrich Kleine Birgit
Kanzlei Stülke & Lücken Rechtsanwälte & Notare
"Rechtsanwalts- und Notarkanzlei Bartels, Lübbers, Poll"
Rechtsanwaltskanzlei Dickebohm
"Diekmann, Diekmann, Berenzen"
"Hamacher, Dröge und Kollegen"
"Ahrens, Lohmann, Volmer, Öing"
"Wessels, Krause-Henning"
Schwenen u. Bünemann-Schwenen
"Dr. Stindt, Dr. Bowe"
Bruns & Schulte-Nieters
ROBERT KOOP & KOLLEGEN RECHTSANWÄLTE IN LINGEN
Kanzlei Rosken & Wintermann
Kanzlei RechtEffizient Varelmann & Maubach Rechtsanwälte GbR
Sandhaus Grodnio Rechtsanwälte PartG mbB
"AEP - Kanzlei Anders, Egbers & Kollegen GbR"
FSW Rechtsanwälte - Notare
VAN LENGERICH Rechtsanwälte - Notar - Steuerberater GbR
Bauer & Kollegen
"Alfers, Vedder, Tensing-Winkels"
Rechtsanwaltskanzlei Arends
Eule u. Tangenberg
Rechtsanwaltskanzlei Hecker - Domke - Müller-Stein
KLK Rechtsanwälte
"Rechtsanwaltskanzlei Dr. Ernst, Klapper, Schillmeier"
SHP Schneck Hofmann & Partner mbB Kanzlei für Recht & Steuern Rechtsanwälte
"Drehsen, Laschat & Partner Rechtsanwälte"
Dawel & Partner Rechtsanwälte
Kanzlei Bloeß
Ravenstein und Dr.Deller
Rechtsanwälte Hammelstein Giepen & Hammelstein
Muckel & Wisniowski
Kanzlei Dr. Kippels & Dresen
"Dr. Höser & Dierker, Rechtsanwälte in Partnerschaft"
Rechtsanwaltskanzlei Krücken & Kollegen
Kanzlei Rinlokhallen Rechtsanwälte in Bürogemeinschaft
Hering Zimmermann & Kollegen
Dr. Bartmann Retsch u. Kollegen
"Kanzlei Schmitz, Glaser & Töpfer"
Login Partners Kremer Hort-Boutouil Rechtsanwälte PartG mbB
Dufrenne-Eiden Rechtsanwälte
Neusser & Muhs Jurapartner Rechtsanwälte
Jacobi · Winter Rechtsanwälte
Kanzlei Felser Rechtsanwälte
Kanzlei Beckers & Pütz
Kanzlei Heyl
Kanzlei Friese
HELIS Kanzlei für Verkehrsrecht Rechtsanwälte
Kanzlei Stoll
Rechtsanwaltskanzlei Pfeilschifter
"Kanzlei Lahmann, Faulenbach, Höfer"
Dr. Rosenbaum und Partner Rechtsanwälte
Burgwinkel & Altner Anwaltssozietät
ILP Global Mertens Thiele Partnerschaft von Rechtsanwälten
Dr. Pauly Rechtsanwälte
MÜLLER SEIDEL VOS Rechtsanwälte PartG mbB
Runge Findeisen & Kollegen Rechtsanwälte
Rechtsanwälte Decker & Rumscheid
S.E.B. Rechtsanwälte
Rechtsanwaltskanzlei Laeger - von der Twer - von der Twer
Rechtsanwaltskanzlei Heitmann - Klag - Bauer
PFLÜGER Rechtsanwälte
"HSH Hansen, Noack, Pitz, Dr. Palmen, von Baeyer, Rechtsanwälte und Steuerberater"
Dr. Summerer & Flintrop & Partner Rechtsanwälte Partnerschaft
Kanzlei Rodrigues & Kaplik GbR
Meyer Klein Partnerschaft von Rechtsanwälten
Thiel & Schaefer
Heimann Rechtsanwälte
Kanzlei Krahe
"Potthast Rechtsanwälte, GbR"
"Dr. Stark, Niedeggen & Kollegen"
Küttner Rechtsanwälte PartG mbB
Rechtsanwälte Buir & Scholz
Reitze Kurowski Rechtsanwälte
Rechtsanwälte Rivet Lentz Koene
Rechtsanwaltskanzlei Grützner - Ufer
Kanzlei Hess & Brandt
Rechtsanwaltskanzlei Wöhler - Krings
Moog Rechtsanwälte
Koparan & Dr. Kaba
Selting Rechtsanwälte
von Kreisler Selting Werner - Partnerschaft von Patentanwälten und Rechtsanwälten mbB
LLR Legerlotz Laschet und Partner Rechtsanwälte PartG mbB
"Kutzenberger Wolff & Partner, PatentanwaltsPartG mbB"
Cleary Gottlieb
Klocke & Linkens Rechtsanwälte GbR
Hattig und Dr. Leupolt Rechtsanwälte
Rechtsanwaltskanzlei Schumacher - Pflug
"RAe Matray, Matray & Hallet"
Roos & Schmitz-Gagnon Rechtsanwälte
Meinecke & Meinecke Rechtsanwälte Fachanwälte für Medizinrecht
LOSCHELDER RECHTSANWÄLTE PartG mbB
A n w ä l t e Ulrich Weber & Partner GbR
Rechtsanwälte Latz und Partner
PSP Rechtsanwälte
Rechtsanwaltskanzlei Pauka . von Dreden . Link
KUSS Rechtsanwälte GbR
Koch & Börsch Rechtsanwälte
Schaaf Rechtsanwälte
"AHS Rechtsanwälte Dr.Antoni, Haverkamp & Sporn, Köln"
Grote Hindemith Rechtsanwälte
Rohrbach Rechtsanwälte
WERNER Rechtsanwälte Informatiker
Heidland Werres Diederichs Rechtsanwaltsges. mbH
Kühl Rechtsanwaltsges. mbH
Oppenhoff & Partner Rechtsanwälte Steuerberater mbB
Prof. Dr. Ekey & Kollegen
Rechtsanwaltskanzlei Catic´-Redemann
LHP Luxem Heuel Prowatke - Rechtsanwälte Steuerberater PartG mbB
Rechtsanwaltskanzlei Kühn - Laubach - Keppler-Kühn
Pflitsch & Wenner Partnerschaft von Rechtsanwälten
Rechtsanwaltskanzlei Mück
Dr. Halbe RECHTSANWÄLTE
Achsnick Pape Opp Rechtsanwaltsges. mbH
Dr. Leimkuhl-Schulz & Persch Rechts-und Steuerberatungskanzlei
"Rechtsanwalte Klein II, Schütte, Vossebürger"
Köhler & Klett Rechtsanwälte
RPO Ruttkamp Portz Oberthür Rechtsanwälte Partnerschaft
Corts & Partner mbB Rechtsanwälte
Rechtsanwaltssözietät Von der Seipen & Steinberg
"Willers, Müller-Römer, Kunze und Partner Rechtsanwälte"
S|B|T Rechtsanwälte
advogereon Rechtsanwaltskanzlei
Rechtsanwälte Brinkmann & Partner
Loskamp Tasić Fachanwälte für Strafrecht
"Dr. Türk, Dorfmüller, Hoheisel und Trebinger Rechtsanwälte"
Kanzlei Lütkes & Meertens
Rechtsanwälte Langen
PNHR Dr. Pelka und Sozien GmbH Rechtsanwaltsgesellschaft Steuerberatungsgesellschaft
Ince & Co. Germany LLP
Friedhofen Rechtsanwälte
Rechtsanwälte Uhlenbruch
Rechtsanwaltskanzlei Decruppe & Kollegen
Hess Anwälte
"Rechtsanwälte Arnold, Baller & Mathias"
Classen Fuhrmanns & Partner Rechtsanwälte PartG mbB
CORSO Rechtsanwälte LLP
Dr. Zentai-Heckenbücker Rechtsanwälte / PartG mbB
Wilde Beuger & Solmecke Rechtsanwälte GbR
Rechtsanwälte Bucher & Externbrink GbR
Fiedler Cryns-Moll Jüngel FCMJ Rechtsanwälte Partnerschaft
JP Jüngst & Partner Rechtsanwälte-PartG mbB
Requardt Rechtsanwälte
Rechtsanwälte Pribilla Kaldenhoff Negm
Holthausen & Maaß Rechtsanwälte Partnerschaft
Bürogemeinschaft Dr. Wirtz u.a.
Kanzlei Domernicht & von Bredow
"Rechtsanwälte: Reuter, Herwegh & Arndt PartG mbB"
Rechtsanwaltskanzlei Odenthal - Odenthal - Repschläger
"Garben, Schlüter, Schützler & Reiss Rechtsanwälte, Steuerberater, Wirtschaftsprüfer PartG mbB"
"KBM Legal GbR Monika Zimmermann, Wiliam Bauer & Götz Müller-Sommer"
Christiansen & Syben Rechtsanwälte
Teipel & Partner Rechtsanwälte PartG mbB
michels.pmks Rechtsanwälte PartG mbB
Rechtsanwaltskanzlei Wollschläger - Gercke - Leimenstoll
HMS.Barthelmeß Görzel Rechtsanwälte
Rechtsanwaltskanzlei Temme - Klein
Kanzlei Markowitz + Wider
"Kanzlei Comes, Göhler, Hösl, Kortak"
Kanzlei Auer & Roczen
Boog & Partner Rechtsanwälte in Köln
Jonas Rechtsanwaltsges. mbH
Wagner Halbe Rechtsanwälte GbR
BridgehouseLaw Cologne RA-GmbH
Schulte-Franzheim-Bürglen
Rechtsanwälte Boden und Cremer
Dr. Mahmoudi & Partner Rechtsanwälte
bdsb Rechtsanwälte
Brauner & Salomon Rechtsanwaltsges. mbH
Werres & Coll. Rechtsanwälte u. Steuerberatung
HIEDEMANN RECHTSANWÄLTE
BHO - Baumann Heinrich Ortner
ZACHER & PARTNER Rechtsanwälte Partnerschaft mbB
Kanzlei Hasselbach
Mertens Anwälte
Birnbaum & Partner Rechtsanwälte
KRAUS GHENDLER Anwaltskanzlei
Rechtsanwältin Bölter und Kollegen
Lenz und Johlen Rechtsanwälte PartG mbB
Eßer & Eßer Rechtsanwälte
ANDÖRFER RECHTSANWÄLTE
"Ossenbach, Bouveret und Akkad Rechtsanwaltskanzlei"
Junge Schüngeler Wendland Rechtsanwälte Partnerschaft
Engler Edelhoff Muhr Partnerschaft von Rechtsanwälten
Patentanwälte Freischem
HKMW Rechtsanwälte
Rechtsanwälte am Weyertor
Neumann Müller Oberwalleney & Partner
"Wirtz & Kraneis, Rechtsanwälte, PartG mbB"
Kanzlei Großkopf + Klein Rechtsanwälte
NIERING STOCK TÖMP Insolvenzverwaltungen GbR
Scheuermann - Westerhoff - Schrittmatter Rechtsanwälte
Kanzlei Cakir und Carboni
Kanzlei Haug & Gawlik
Frey Rechtsanwälte Partnerschaft
Kanzlei Wegener Cossmann Hommes
Rechtsanwaltskanzlei Schneider-Ratz - Ratz
Dr. Bachem Rechtsanwälte
Grün LAW Rechtsanwälte
Kirchhof Rechtsanwälte
"Rechtsanwaltskanzlei Kublitz, Plache-Schmidbauer & Roden"
Borris Hennecke Kneisel PartG mbB Rechtsanwälte
Rechtsanwälte Lungerich · Lenz · Schuhmacher
Kanzlei Rechtsanwalt Lange
Allgemeinkanzlei Graf & Bonn
UHY Wahlen & Partner
SMB-Rechtsanwälte
Eßer & Dr. Holthausen Rechtsanwälte
Rechtsanwälte Esche & Partner GbR
Rechtsanwälte Dorenz Ströll Rönneper & Partner
Dr. Becher & Herbert Rechtsanwälte
Rechtsanwälte Eichner & Kollegen
Rechtsanwälte Eulgem & Fröhlingsdorf
Rechtsanwaltskanzlei Jansen
Rechtsanwälte Demirel Henneke Özdogan
Kanzlei AescuLaw
THÜR WERNER SONTAG - Rechtsanwälte - Kanzlei für Arbeitsrecht ist eine Gesellschaft Bürgerlichen Rechts (GbR).
Rosentreter & Scholz - Fachanwälte für Strafrecht
Rechtsanwaltskanzlei Michelske
Gruneberg Rechtsanwälte
Kanzlei Dr. Barthel
Grethler Rechtsanwälte
Spangenberg & Sickmüller - Rechtsanwälte
Dr. Wilke Rechtsanwälte
Rechtsanwaltskanzlei Medla
Kanzlei Buchheit Deutschmann Buck
c k s s Carlé Korn Stahl Strahl PartG mbB Rechtsanwälte Steuerberater
Lützenkirchen Rechtsanwälte GbR
Kinast und Dumjahn Rechtsanwälte
"Rechtsanwälte Knabben, Schmitz, Seelhorst"
Eggesiecker und Partner
"Rechtsanwälte Lachner, von Laufenberg & Partner mbB"
rechtsanwälte schneller & partner
"Rechtsanwälte Dr. Wolfgang Kiock - Martin Buntenbroich, Rechtsanwälte in Gesellschaft bürgerlichen Rechts"
Rechtsanwälte Frey Schäfer Brandt
Kanzlei Berthold · Bohl · Brinkmeyer · Lux
Kanzlei Holletschek & Holletschek
Rechtsanwaltskanzlei Bechem
Dr. Schmitz & Partner - Rechtsanwälte
Dörffer & Opfergelt Rechtsanwälte Gesellschaft bürgerlichen Rechts
Anwaltssozietät Krah Burghof Schürhoff & Collegen
Rechtsanwaltskanzlei Stankewitz - Schmitte - Stankewitz - Wipper
Seitz Rechtsanwälte Steuerberater PartG mbB
Korts Rechtsanwaltsges. mbH
Kanzlei Madsen u. Partner
ALBRECHT Rechtsanwälte
Rechtsanwälte Prenzel -Langner Partnerschaft
Keitel & Keitel RechtsanwälteGbR
"Rechtsanwälte Lampmann, Haberkamm & Rosenbaum Partnerschaft"
Antonetty & Partner
Anwaltskanzlei Dr. Saalfrank Rechtsanwalt und Fachanwalt für Medizinrecht
Kanzlei Weische Graaff Kreis Mischok
Rechtsanwaltskanzlei Plönes - Plönes - Schwerfel
Schlegelmilch & Kremer
"Klumpe, Schroeder + Partner GbR"
Reims Seebode Röhrig Peveling Donay Graf - Rechtsanwälte
von Moers Rechtsanwälte
Stefan O. J. Klein Rechtsanwalt Steuerberater
Mohr Kosch & Kollegen
JAGENBURG BERDING RECHTSANWÄLTE
Meyersrenken & Rheingantz Rechtsanwälte
Rechtsanwälte Dr.jur. Günter Nies & Anke Scheffler
Kanzlei Köhler Rechtsanwälte
A-BHR - Buelli Hegelein Retschkemann Rechtsanwälte Partnerschaft
Geskes Patent- und Rechtsanwälte
Argos Anwälte
SCHUBERT + NASSE Rechtsanwälte
Gurland Rechtsanwälte
Schiller Vahsen Müller SVM Rechtsanwälte
Heller.Kanter Rechtsanwälte PartG mbB
VOIGT SALUS. Steuerberatungsges. mbH
Froese & Partner GbR Rechtsanwälte
Kanzlei Hille Beden
Rechtsanwaltskanzlei Dr. Lieser M.C.L
AHW Steuerberater Wirtschaftsprüfer Rechtsanwälte GbR
Rechtsanwaltskanzlei Schade - Friebe-Schade
Kanzlei Buchmüller-Reiss
Rechtsanwälte Verweyen Lenz-Voß Boisserée
KGK Rechtsanwälte
"Hübsch & Weil, Patent- und Rechtsanwaltskanzlei, Patentanwalt Dirk Hübsch, Rechtsanwalt Christian Weil, PartG mbB"
Kanzlei Ehlers
Rechtsanwaltskanzlei Birkenstock
RRT Rechtsanwälte
Rechtsanwälte Dr. Jung und Partner
"Ries, Schröder & Kollegen"
"Kanzlei Pfeifer, Heuchert, Schmitz"
Rechtsanwaltskanzlei Bettels
Strunden und Partner Rechtsanwälte
"Lippoldt, Metz & Kunz Rechtsanwälte in Bürogemeinschaft"
Rechtsanwaltskanzlei Reutershan - Schmidt
Knoch & Mertens GbR
"Dr. Nicknig, Schicha, Dohr"
Brüssow und Petri Rechtsanwälte für Strafrecht
Rechtsanwalt Osterhues & Kollegen
Rechtsanwaltskanzlei Kober - Doll - Kalcik
"Kanzlei Strepp, Falkenstein"
van Bühren & Partner in Sozietät
Kanzlei Sonnenschein-Berger u. Koll
Dt. Zentrum f. Luft-u. Raumfahrt
Rechtsanwälte Osenbrück - Bubert - Kirsten - Voppel
Solidaris Revisions-GmbH Wirtschaftsprüfungsgesellschaft Steuerberatungsgesellschaft
STURMBERG Rechtsanwälte GbR
Rechtsanwaltskanzlei Orywall - Kühnau - Aymann - Kießling
Hüttemann Hoepner Lori & Achtmann Rechtsanwälte in Bürogemeinschaft
Hüttemann Rechtsanwälte PartG mbB
Anwaltskanzlei Lenné
"Rechtsanwälte Schumacher, Maschke & Lehr"
Flocke Rechtsanwälte Steuerberater
Orlowski Rechtsanwälte
Rechtsanwaltskanzlei Schienbein - Hall-Papachristopoulos
"Kanzlei Weber, Johann, Büscher"
"Kanzlei Bayer, Jesse, Jakubaschk"
"Kanzlei David, Wetzel, Stach"
Benke Königsmann Wirtschaftsprüfer Steuerberater Rechtsanwälte
Kirchner und Richrath Rechtsanwälte
Kierdorf Ritschel Patentanwälte PartG mbB
"Fleischer, Engels & Partner mbB, Patentanwälte"
Leonhard & IMIG Rechtsanwälte
Kanzlei Daglianakis
"Rechtsanwälte Grünewald Klaus, Lenaerts Karl Gerd, Obermann Gerd & von Waldow R."
Rechtsanwaltskanzlei Klemt
Rechtsanwaltskanzlei Kikol und Partner GbR
Kanzlei Haslob & Bürger
"Godemeyer Blum Lenze Patentanwälte, PartG mbB"
Rechtsanwälte Dr. Thomas Remaklus und Klaus Knips GbR
Mühlinghaus-Heinz-Pickhardt
KWG Rechtsanwälte
DHPG Rechtsanwälte Wirtschaftsprüfer
"Bauer, Soest & Partner mbB Rechtsanwälte - Steuerberater - Wirtschaftsprüfer"
"Kanzlei Apel, Koppelberg"
Kanzlei Heider & Günther
Fincke Rechtsanwälte
Kanzlei Martin Meyer & Dr. Udo Meyer
Kanzlei Sommerfeld & Schmidt
"Kanzlei Bauwens, Schilz"
Rechtsanwaltskanzlei Höhler · Neumann
Rechtsanwälte Frings III & Mansfeld
Kanzlei Wiss & Becker
Kanzlei Ehlen und Kollegen
Braun Hilgers & Recker-Ziegan
Verhülsdonk & Schlömer
Kanzlei am Dom
"AIXLAW Rechtsanwälte Speicher, Betzer PartG mbB"
"VBR Dr. Paffen, Schreiber & Partner"
Rechtsanwaltskanzlei Boehme - Szudobaj
Steinmetz & Dr. Otten Rechtsanwälte
Dr. Neumann Schmeer und Partner Rechtsanwälte Wirtschaftsprüfer Steuerberater
JuDAix Rechtsanwälte
Rechtsanwaltskanzlei Handlos
"REWISTO Rechtsanwälte Friedhoff, Mauer & Partner"
Kanzlei Wiedemann & Kohnen
Rechtsanwaltskanzlei Gehrmann | Genius
Jostarndt Patentanwalts AG
"Anwaltsgemeinschaft Schneider & Dr. Willms, Kanand, Steinbusch, Kirsch, Heck, C. Willms GbR"
LINDEMANN CHAINEUX MÜLLER Rechtsanwälte
BAUER WAGNER PRIESMEYER Patent- und Rechtsanwälte
"Legal.ac Rechtsanwälte Bödeker, Kirst und Rennen"
Kanzlei Schmitz und Lehnen
Delheid Soiron Hammer Rechtsanwälte
Schreven Rechtsanwälte
"Daniel, Hagelskamp & Kollegen Rechtsanwälte und Steuerberater PartG mbB"
Sina · Maassen Rechtsanwälte Wirtschaftsprüfer Steuerberater
Stein & Partner Rechtsanwälte mbB
Rechtsanwaltskanzlei Lompa
"Moers, Gottschalk & Kollegen Rechtsanwälte"
"Roder, Löhrer & Strang GbR"
Rechtsanwälte Pfeil Jentgens & Kollegen
Wings & Franz Rechtsanwälte GbR
Kanzlei Hack & Jobs
Kanzlei Lingemann & Kollegen
Rechtsanwälte Willms & Preuth
Rechtsanwälte Dr. Prochnow-Marotzke-Mohr
"Rechtsanwalts- und Fachanwaltskanzlei Kessler, Hoegen, Jolas GbR"
Dettmeier Rechtsanwälte
Krämer & Stockheim
Societät Tempelaars
Societät Bauchmüller & Collegen
"Rechtsanwälte Hermann, Kindgen & Kollegen"
Schupp & Partner Rechtsanwälte
"Kanzlei Irmen, Ertel. Wüstkamp"
Klein - Mülfahrt - Liebeskind
Kanzlei Dr. Beck GbR
Mingers & Kreuzer Rechtsanwälte Büro Jülich
Anwaltskanzlei Reuter & Kollegen
Kanzlei Graffius Gronen Schäfer
Anwaltssozietät Brandt & Kollegen
Dr. Schmdit & Kollegen
Praest & Collegen Rechtsanwälte
Rechtsanwälte Dr. Krüppel & Kollegen
Rechtsanwaltskanzlei Theisen - Theisen - Huth
Busch Gottschalk & Kollegen
Rechtsanwaltskanzlei Schulze-Jülicher - Jülicher
Hawinkels & Kellenter Rechtsanwälte
Kanzlei Zimmermann Jöris Merten u.a.
Rechtsanwälte Tholen & Maurer
KNP Dr. Nenninger Rechtsanwälte
Jöris und Weckmann | Rechtsanwälte
"Rechtsanwälte Krings, Krebs und Kollegen GbR"
"Rechtsanwälte Dr. Wöbker, Verlegen u.a."
Hennemann & Collegen
Kreuzer & Kessel
Mehrpuyan Küster Bramer Winand
Kemmann & Partner GbR
Lehmkühler Rechtsanwälte Steuerberater
Stahl Lippok Hovemeyer Kröger
Dr. Schulte-Beckhausen & Bühs Rechtsanwälte
Kanzlei Aretz & Hakner
Kanzlei Dr. Walter & Platvoet
Dr. Lewalder & Partner GbR
Rechtsanwälte Düsing Drever Krasky Busse GbR
Rechtsanwälte Knopp & Kollegen
Kanzlei Dr. Neumann & Partner GbR
RECHTSANWÄLTE PIE UND PARTNER
Schneider Fachanwalt für Arbeitsrecht
Rechtsanwaltskanzlei Korth
Kanzlei Hack & Friedrich (GbR)
"Dr. Caspers, Mock & Partner mbB"
"Rechtsanwälte in Bürogemeinschaft Bonn, Günal & Krösing"
"Rechtsanwälte Nachtsheim, Scholz, May & Ortmanns"
Kanzlei: Hohlfeld Ketzer Driesen
Pauly & Partner Rechtsanwälte
Rechtsanwaltskanzlei Paquet - Heinze
Scheja und Partner Rechtsanwälte mbB
Rechtsanwaltskanzlei Kaupert - Glaubitz
Boesen Rechtsanwälte
Wieland Rechtsanwälte
Rechtsanwaltskanzlei Müller-Limbach - Nimphius
Rechtsanwälte van Sambeck & Büsing
Kanzlei Krechel-Ohm-Obermöller
Rickert Rechtsanwaltsges. mbH
"Gerlach und Partner, Rechtsanwälte"
"Anwaltssozietät Dr. Franken, Grillo, Steinweg, Rechtsanwälte, Partnerschaft"
"DHPG Rechtsanwälte Wirtschaftsprüfer Steuerberater Obermüller, Rohde & Partner mbB"
DITGES PartG mbB Rechtsanwälte Wirtschaftsprüfer Steuerberater
THIEMANN DR. & HOMBECK
Dr. Roland Uphoff - Kanzlei für Geburtsschadensrecht und Arzthaftung
Kanzlei Hassert und Selbitz
Meilicke Hoffmann & Partner Rechtsanwälte Steuerberater mbB
Noethe Legal Rechtsanwälte
Toews Hertel Marchand Rechtsanwälte
Kanzlei Höller
"ADJUREM Rechtsanwälte, Rechtsanwälte Jörg Musiol und Thomas Schmidt"
"VRT Linzbach, Löcherbach und Partner mbB Wirtschaftsprüfer - Steuerberater - Rechtsanwälte - vereid. Buchprüfer"
HÜMMERICH legal Rechtsanwälte in PartG mbB
Rechtsanwaltskanzlei Warnat-Ostermaier - Luetjohann - Wegmann
"Neukirchen, Thiele, Küpper, Müller"
Anwaltskanzlei Scheuer Kloevekorn in Bürogemeinschaft mit Rötzel H.
Rechtsanwaltskanzlei Donicht - Lathe - Philipps - Witt
Kanzlei Willberg & Buchsteiner
Anwaltsbüro Bonn
Sträter Rechtsanwälte in Partnerschaft
Rechtsanwaltskanzlei Hassan
Meffert - Marth - Kayser
Anwaltskanzlei Michael Pickert & Karoline Hoffmann
Loef & Partner Rechtsanwälte
Rechtsanwälte Dr. Mahlberg Eickmeier Dr.Schulz
"Kanzlei Gertz, Gertz"
Kanzlei Blatzheim Rechtsanwälte
Deutscher Bundeswehr-Verband e.V.
Heinle Baden Redeker + Partner GbR Rechtsanwälte
Rechtsanwaltskanzlei Tripp - Mies - Zahn
Schiffer & Partner Partnerschaft von Rechtsanwälten
Hülsebusch Polifka Lütkenhaus & Coll
Eimer Heuschmid Mehle und Kollegen GbR
Wagner Albiger & Partner Patentanwälte mbB
Rechtsanwaltskanzlei Koch - Koch - Held
Kanzlei Belke
BKL Fischer Kühne Lang Rechtsanwälte Steuerberater PartG mbB
Gather Plössner Ewig - GPE Rechtsanwälte und Steuerberater
Loth Regelsberger BurkardRechtsanwälte
ALFES & PARTNER RECHTSANWÄLTE
Rechtsanwaltskanzlei Wittemann - Binder - Wenzel
Rechtsanwälte Schmidt
Rechtsanwälte Eimer Märten Mager
Dr. Gräfe - Melchers - Worm - Rechtsanwälte PartG mbB
Schwarz. Glees & Bender
"Rechtsanwälte Gallrein, Kreidt und Partner"
"Spatz, Klein, Angsten, Schnöger und Mahler"
Von Ostrowski u. Partner Rechtsanwälte
Kürsch und Kollegen Rechtsanwälte Fachanwälte Gbr
Paul & Haltenhof Rechts- u. Fachanwaltskanzlei
Rechtsanwaltskanzlei Keiper - Jendreizik - Hannuschke - Sassen
Rechtsanwälte Schwager Kromik Stauf
Gotthardt § Lathe Rechtsanwältinnen und Fachanwältinnen in Bürogemeinschaft
Schüler Grunwald Kindler-Braun u.a.
Kanzlei Göddecke
"Rechtsanwälte J.S.W. Jakobs, Schmitz, Wollweber & Collegen"
Rechtsanwälte Dr. Seifert & Schöl
Rechtsanwaltskanzlei Seidenkranz
Kanzlei Recht - Schweifel u.a.
Machens - Rechtsanwälte
Rechtsanwälte Vogel & Zahn
Rechtsanwälte Funk & Kollegen
"Dr. Zimmermann, Stremmel & Partner"
Solmecke Rechtsanwälte
Anwaltskanzlei Sommerfeld
Kalker & Fahnster GbR Steuerberatungs- und Rechtsanwaltssozietät
"Kanzlei Gerling, Schulz, Lüders"
Rechtsanwälte Habermann & Partner GbR
"Kanzlei Bernhardt, Ziemer u. Kollegen"
"Rechtsanwälte Schulte, Dürselen und Kollegen"
"Rechtsanwälte Züll, Hermans, Schlüter"
"Krings, Engels, Dr. Decker, Orth, De"
Anwaltskanzlei Thomas Hermans II & Kollegen
"Schmitz-Wershoven, Eimermacher & Kol"
"Kanzlei Müller, Eicks & Winand"
"Anwaltskanzlei Nelles, Hierlwimmer u. Meyer"
Rechtsanwälte Wego & Steinmetz
PELZER Rechtsanwälte
Rechtsanwalt Kanzlei Wallraff Weißgerber Feißel Wallraff
Reidt und Zöller GbR
Anwaltskanzlei Benens
"Zahnhausen, Dr. Roggenfelder & Kollegen"
"Cremer, Arend & Hött"
"DHPG Rechtsanwälte Wirtschaftsprüfer Steuerberater - Obermüller, Rohde & Partner"
Prof. Dr. Dr. Thomas B. Schmidt Insolvenzverwalter Rechtsanwälte PartG mbB
KÖNIG Rechtsanwälte - Überörtliche Sozietät
Adrian und Becker
König Rechtsanwälte Insolvenzverwaltung
"Brix, Leich, Dr. Glandien"
Wittschier & Oberbillig
Haufs-Brusberg & Kollegen
Rechtsanwälte Müggenburg
Schäfer
Spaetgens Rechtsanwälte
Schött & Feltes Rechtsanwälte
Rechtsanwaltskanzlei Diesel | Schmitt | Ammer
Bomm und Schatz
Seibel und Partner Rechtanwälte - Steuerberater
"Trilsbach, Jakobs u. Kollegen"
Schneider & Ruffing
Adams und Kollegen Rechtsanwaltskanzlei
"Wunderlich, van der Sanden, Wolf & Sienkiewicz"
Dr. Lehnen & Sinnig Rechtsanwälte PartG mbB
Biesdorf & Kollegen
Herber & Kollegen
Streit-Stifano Espósito & Kollegen
"Rechtsanwälte Lamberty, Schmitt & Wolff in Partnergesellschaft"
"Weber, Ehlen, Adt, Ambrosius - Rechtsanwälte"
Dr. Bastgen Rechtsanwälte PartG mbB
MMK Rechtsanwälte
Rechtsanwältinnen Astrid Dahmen & Irene Dischke
Rechtsanwälte Lauer-Nack * Thielen * Ewertz
Brauer & Hoffmann
Rechtsanwaelte Broehl und Kau
Serwaty und Peters
Bitburger Anwaltskanzlei Bretz & Partner
Rechtsanwälte Haubrich Blesius Eifel Keusch in Bürogemeinschaft
Blatzheim & Fürst
"Dr. Francois, Neuhaus & Kollegen"
"Dr. Grün, Eifel, Ringelstein und Kollegen"
Emden & Richter & Bröcker
Rechtsanwälte Hainz und Partner
Reitz - Franta - Kühn - Franta
Dr. Lorentz & Kollegen Rechtsanwälte
Dr. Müßig - Stüttgen-Voigt-Kämpf
Dr. Rudolf Rechtsanwälte
Karthein & Kollegen
"Kallenberg, Knaupe und Tews"
Rechtsanwaltskanzlei Auth
BETTE WESTENBERGER BRINK Rechtsanwälte PartG mbB
"Bastian, Kling & Schwitzgebel"
Wetzling & Habel Rechtsanwälte
Fromm F. M. P
Meuren und van der Broeck Rechtsanwälte
Rohwedder & Partner Rechtsanwälte
"Reitz, Reitz & Heinz"
Rechtsanwaltskanzlei Thielen & Kollegen
ght. Rechtsanwälte Dr. Griebl Trojan & Kollegen - Partnerschaft von Rechtsanwälten
Henkel & Kollegen
Rechtsanwaltskanzlei Strutz - Erben - Weiss
ARENS · MAAS · KOLLEGEN Rechtsanwälte
Seeler & Sczepanski
Göllner & Kollegen
Schiebe und Collegen Insolvenzverwaltung Dr. Robert Schiebe
Rechtsanwaltskanzlei Langhanki
Rechtsanwaltskanzlei Furtmaier
Hanelt - Bartsch - Lehrmann Rechtsanwälte
"Vatheuer & Wohlfeld, Kunert"
Busch & Burger
Knierim | Huber Rechtsanwälte GbR
Gräf & Centorbi Rechtsanwaltsges. mbH
Dr. Appel-Claus + Pichl
GGR Rechtsanwälte
Kröber & Partner
"GTK Dr. Gallois, Trinkl & Kollegen"
Rechtsanwälte Trautmann
Dr. Wadle
Rechtsanwaltskanzlei Kerz & Giese
Labisch Kanzlei für Arbeitsrecht
Rechtsanwälte Klink · Schnatterer
"Gmerek, Manthe, Walta Rechtsanwälte in Partnerschaft"
Maurer - Kollegen
Heukrodt-Bauer und Decker Partnerschaft
Hermsen und Hermsen
Rechtsanwaltskanzlei Lamp
"Karwatzki, Mayer & Partner - Rechtsanwälte"
Rechtsanwaltskanzlei Alsfasser & Collegen
Dangmann & Kollegen
Anwaltskanzlei Hobohm & Kollegen
Dr. Binz & Kollegen
Anwaltskanzlei Drischmann Dr. Jur Danila Drischmann
Dr. Payrhuber & Werner
Weingärtner und Wildner-Weingärtner
"Sander, Heß und Partner"
Rechtsanwälte Dr. Müller-Heidelberg und Partner Gesellschaft bürgerlichen Rechts (GbR)
Rechtsanwälte Fachanwälte Dietrich Frey Presper GbR
"Rechtsanwälte und Steuerberater Dr. Dreher, Berger, Neumann PartG mbB"
Runkel - Rechtsanwälte
Merk-Anwälte
Rechtsanwälte Kanzler - Kern - Kaiser PartG mbB
"Vogels, Holdegel, Grabe"
"MERK, SCHLARB & PARTNER PartG mbB Rechtsanwälte-Steuerberater-Wirtschaftsprüfer"
Wöhrle & Schick
Schlieckmann & Widdel Anwaltskanzlei
"Zickmann, Junk, Dietsch & Keßler"
Wiesner Thress Riemer
Neussel & Martin
Briemle & Fernis
"Dhonau, Dhonau, Dickes"
Angermann Rechtsanwälte
Laub Rechtsanwälte
Baltin & Konrad
Dr.Säzler & Gerhard Anwaltskanzlei
STV Rechtsanwaälte
Prof. Dr. Zeller
Schmalz Stamp Schuck Seibel
Rechtsanwaltskanzlei Linnartz
"Rechtsanwälte Zakrzewski, Turowski, Ilhan und Leberig als Gesellschaft des bürgerlichen Rechts (GbR"
Schwab & Dr. Hannes
Rechtsanwaltskanzlei Wolf
von Heusinger Mogwitz Rechtsanwälte
Kanzlei EICHELE - DITGEN
MWW Rechtsanwälte Dr. Psczolla Zimmermann Dr. Arens
"Trossen, Maier, Winkelmann, Rohde"
LEIS HEISTERHAGEN Rechtsanwälte
Rechtsanwaltskanzlei Schultheis
"Wehran-Itschert, Arneth"
Rechtsanwälte Grassl Monnerjahn Fensch und Kollegen
Dumslaff & Partner Rechtsanwälte mbB
KDU Krist Deller & Partner Partnerschaft von Rechtsanwälten mbB
"Braun, Baulig und Berninger"
LIESER Rechtsanwälte
adamfischer Partnerschaft
Schulte-Wissermann & Langenfeld
"Lieck, Schwall, Reinartz"
Rechtsanwaltskanzlei Kronig
Becker Uhlich Rechtsanwälte Partnerschaft
Klinge / Hess
Hasslacher - Johann - Ludwig - Bertram Rechtsanwälte - PartG mbB
Dr. Eich Jakob & Partner
Schöll Schwarz Breitenbach Rechtsanwälte PartG mbB
Martini Mogg Vogt Rechtsanwälte
Dr. Artz - López & Col.
"Thieme-Garmann, Spitzley u. Kollegen"
Gimmler Rechtsanwalts GmbH
Zimmermann - Külzer - Probst
"Seibert, Seibert & Rüdesheim"
Peter Kiehl
Ponstein-Welsch & Welsch Rechtsanwälte
Salfeld & Kollegen
Rechtsanwaltskanzlei Poths
"Dr. Holly, Rath und Hülshörster"
Anwaltsbüro Quirmbach & Partner
Dr. Kukuk und Partner Rechtsanwälte
Anwälte Walterfang-Gauls-Ickenroth & Partner mbB
Riedel & Kempf
Krempel & Kollegen
Wengenroth & Schliesser
"Jansen, Rossbach & Schellewald"
Hofmann Walker Grünewald
Kaske & Schneider
"KANZLEI FORKERT Rechtsanwälte seit 1866, Partnerschaft"
Rechtsanwaltskanzlei Jeromin & Kerkmann
Görgen & Frosch
Bross & Kollegen
Dittmann & Hartmann Rechtsanwälte in Partnerschaft
Raab & Klapperich
Walek Dittmann Hartmann Barg Rechtsanwälte Partnerschaft
Dr. Grober & Jentzsch
"Kraft, Kaspar und Müller"
"Theisen, Linden & Partner"
Rechtsanwaltskanzlei MÜLLER.DONAUER.WALDKÖNIG
Rechtsanwälte Reitmeier
RAe Romünder & Kollegen
RAe Schleifenbaum & Adler
"WLK - Weiß-Hartwich, Lange & Kollegen GbR Rechtsanwälte und Notare"
Rechtsanwaltskanzlei Gast - Grunenberg - Gast
Rechtsanwaltskanzlei Wonnemann
Hemmerich & Kollegen
Hubbert & Grotefend Rechtsanwälte und Notar
Baranowski & Kollegen Rechtsanwälte Siegen
Dr. Knetsch & Partner GbR
Rechtsanwaltskanzlei Hundt & Kollegen
Dr. Schön Rechtsanwalt und Notar
Trigon Rechtsanwälte
Wiese & Kollegen
"Reppel Seekamp Bausen, Rechtsanwälte Fachanwälte PartG mbB"
Angerer & Collegen Rechtsanwaltsges. mbH
"8P PartG mbB - Steuerberater, Rechtsanwalt, Wirtschaftsprüfer, vereidigter Buchprüfer - Lützenbürger, Schäfer, Künzel, Koch, Burk, Steffens, Pauly"
Kanzlei Billich & Sprenger GbR
"Kamieth, Kubny & Partner Rechtsanwälte"
"Rechtsanwälte Beineke, Kipping + Partner"
Rechtsanwaltskanzlei Kotz
Rechtsanwälte Nierenz & Batz - Rechtsanwalts GmbH
Jurasolutions Rechtsanwaltsges. mbH
Rechtsanwälte Beitzel Meister Bald Henk GbR
Beer und Veller
RAe Felix Steinhoff & Partner
"Rechtsanwälte und Notare Meeser, Sonnenschein, Hebbeker"
Hanfland & Partner GbR
HTR Hansa Treuhand Rechtsanwaltsges. mbH
"RAe Schmitz, Färber u. Höffer"
RAe Geene u. Kollegen
Reither Hofmeister & Partner mbB - Rechtsanwälte
"Rechtsanwälte Dr.Heller, Epe und Partner PartG mbB"
Geuecke
"Schneider, Fischer & Kollegen"
ORTMÜLLER · MEISSENBURG & PARTNER GbR
Rechtsanwaltskanzlei Molsberger
"Kanzlei Dr. Birk, Wasmuth, Weissgerber und Kollegen"
Rechtsanwälte Steinstrass & Partner GbR
Seidel & Partner Rechtsanwälte mbB
"Buerger, Schmaltz Partnerschaft - Rechtsanwalt und Steuerberater"
Rechtsanwaltskanzlei Veller
"RAe Kleine, Schunck u. Partner"
SBHK Rechtsanwälte Schachtsiek
Rechtsanwaltskanzlei Sander - Busche - Holstein-Sander - Sander
Pinkvoss Dahlmann & Partner PartG mbB Rechtsanwälte
"Stahl Krafzik & Partner mbB, Rechtsanwälte"
Dahmen Stryczek Partnerschaft Rechtsanwälte
RAe Syring & Kollegen
"Patentanwälte Köchling, Döring PartG mbB"
Anwaltsbüro Pfeiffer & Theus Rechtsanwälte
Rechtsanwaltskanzlei Lakwa
Rechtsanwaltskanzlei Giebeler - Becker - Klenk
Dr. Wehberg und Partner GbR
Rechtsanwälte Dr. Hitzemann & Kollegen
Helling Rechtsanwälte
RYZNER & PARTNER // Fachanwälte - Rechtsanwälte
Rechtsanwälte Nordmann & Nordmann
Borgdorf + Partner Steuerberater und Rechtsanwälte
Dr. Müller & Partner Rechtsanwälte
Rechtsanwaltskanzlei Weyer - Hammecke - Böcker
RAe Dr. Romberg & Kollegen
"Münch und Partner Rechtsanwälte, Schwerte"
"Rechtsanwälte Köther, Scherz & Schmitt GbR"
"Rechtsanwälte Götz, Matthes & Wallhöfer"
Rechtsanwaltskanzlei Filbrand - Lindner
MICHAEL Rechtsanwälte und Notare
Schütte· Schölzel· Maurer· Peetsch Rechtsanwälte und Notare
ULRIKE HEIDENREICH-NESTLER & HEIKE TAHDEN-FARHAT
Grünert Rechtsanwälte
Rechtsanwaltskanzlei Habenstein - Gerber - Crämer
"RAe Erne, Posch u. Kollegen"
RAe Erhard & Maas
"Hofmann, Schmidt, Frey & Partner, Rechtsanwälte"
RuhrAdvokaten Dittmar und Kollegen
Rechtsanwaltskanzlei Niederstebruch - Körmann
RAe Hemmer u. vom Rath
Spaan Ludwig Spaan
"Rechtsanwälte & Notare Wegermann, Sonnenschein, Niederstebruch, Nowak & Partner GbR"
Haase Niemann Rechtsanwälte und Notar Gesellschaft bürgerlichen Rechts
RAe Blömke u. Kollegen
Rechtsanwatskanzlei Kleingarn & Geier
Bergfeld & Partner Rechtsanwälte PartG mbB
"Notar & Rechtsanwälte Draenkow, Feige, Seuster"
RAe Benninghaus u. Denker
FRIEBE - PRINZ + PARTNER Wirtschaftsprüfer Steuerberater Rechtsanwälte mbB
Dr. Altrogge · Dominicus & Partner Rechtsanwälte PartG mbB
Rechtsanwaltskanzlei Schreiter - Koopmann - Grüber
Rechtsanwaltskanzlei Wolf - Grebe
Kanzlei MNCG
RAe Dr. Rock u. Kollegen
Rechtsanwaltskanzlei Einert - Scholten - Wolff
Rechtsanwaltskanzlei Lingemann - Sikora
Rechtsanwaltskanzlei Müller - Selheim - Müller
Rechtsanwaltskanzlei Brede-Petereit - Petereit
"Rechtsanwälte Wolters, Schauerte & Hübenthal Partnerschaft"
NAUST HUNECKE und Partner GmbH Wirtschaftsprüfungsgesellschaft Steuerberatungsgesellschaft
RAe Betten u. Partner
"Knoff & Partner, Rechtsanwälte"
RAe Graumann & Müller
Dr. Busse Alberts & Partner Rechtsanwälte
Rechtsanwaltskanzlei Harting - Badtke - Düerkop
Textor und Textor GbR Notar und Anwaltskanzlei
Rechtsanwaltskanzlei Alberts - Pretzsch - Büttner
RAe Machelett pp.
"RAe Beckenbauer, Koerdt & Kayser"
RAe Schoof & Volbert
Rechtsanwaltskanzlei Schnurbus - Vollmer - Schunck
Krepcke und Partner Rechtsanwälte
Rechtsanwaltskanzlei Koopmann - Koopmann - Schaumann - Rafflenbeul
Becker + Partner Wirtschaftsprüfer Rechtsanwälte Steuerberater PartG mbB
Rechtsanwaltskanzlei Hoffmann
RAe Mitschke & Grobel
Rechtsanwaltskanzlei J. Schade
Rechtsanwaltskanzlei Salomon - Reiff - Oenning - Kieserling
STALLMEISTER Rechtsanwälte · Notar
Rechtsanwaltskanzlei Finzel - Heinrich - Middendorf - Berghoff
Rechtsanwälte Bergmann und Partner PartG mbB
Brinker & Collegen Rechtsanwälte
Demnitz und Bockel Rechtsanwälte - Partnerschaft -
"Rechtsanwälte Lassonczyk, Michalak und Perdeus"
Kanzlei Hast Maus von Radetzky
Hagemann und Partner Rechtsanwaltsgesellschaft bürgerlichen Rechts
"Rechtsanwälte Schumitz, Wilke & Coll."
Rechtsanwaltskanzlei Lülf - Havers - Lülf
RAe Dr. Schlünder & Partner GbR
Hake Rechtsanwälte
"Zensen, Schulze, Mecklenbrauck GbR Rechtsanwälte"
Streitbörger & Speckmann Rechtsanwälte
Dominicus Jersch Rechtsanwälte
"RAe Krämer, Quel & Partner"
Schlünder Rechtsanwälte PartG mbB
RAe Speth u. Forsmann
Rechtsanwaltskanzlei Dr. med. Gaidzik
RAe Ludwig & Callies
Deppenkemper & Burgard Rechtsanwaltssozietät
Rechtsanwaltskanzlei Bielefeld - Bielefeld - Bielefeld - Rose
Rechtsanwaltskanzlei Wilms - Reiher-Wilms
KEMNER Rechtsanwälte PartG mbB
Rechtsanwälte Uebbert Brinkmann & Partner mbB
Rechtsanwaltskanzlei Kohring - Eberhardt - Götz-Kohring - Rethage
"WESKAMP & PARTNER, Rechtsanwälte"
RAe Fluhme & Mertens
Rechtsanwälte Menzel & Partner GbR
Rechtsanwaltskanzlei Thiemann - Leschniok - Gers - Hölling
Rechtsanwaltskanzlei Willmes - Kund - Kirsch - Birkle
RAe Stroick
Quast Anwaltssozietät & Notare
Anwaltssozietät Rumpenhorst. Gockel. Rettig
"Dr. Frochte, Dr. Beisenkötter und Partner Rechtsanwälte"
Rechtsanwaltskanzlei Rose
Rechtsanwaltskanzlei Bergmann-Holtrup - Knepper - Hoffmann - Wiemeyer
Anwaltskanzlei Gehringhoff § Huppert
"Wecek, Thien und Rensinghoff Rechtsanwälte"
Anwaltskanzlei SCHMIDT · VESPER
"L. Bunse, B. Austrup, A. Gerold Rechtsanwälte u Notariat"
PLÄSTER & HÜCKEL Rechtsanwälte | Notar | Fachanwälte
Anwaltskanzlei Schauder und Oßwald-Blaschke Sozietät
RAe Hoffert & Tschierschwitz
HÜSER BRUCKMAIER WASTL RECHTSANWÄLTE UND NOTARE
RAe Engler & Collegen
Rechtsanwaltskanzlei Dr. Burg
Rechtsanwaltskanzlei Helbig
Limbacher & Liebig Rechtsanwälte
Rechtsanwaltskanzlei Schryen - Schryen - Finis-Weigend
RAe Blüggel & Walter
RAe Heese u. Partner GbR
"Dr. Michel, Michel, Hentrich -Partnerschaft der Rechtsanwälte-"
Rechtsanwaltskanzlei Mühr - Scheffel - Kroll
Rechtsanwälte Ismar und Allhoff Partnerschaft
Kettschau & Partner Rechtsanwälte und Steuerberater
Rechtsanwaltskanzlei Ruhmann - Kresing II - Schley
Rechtsanwaltskanzlei Ennemann - Raupach - Brand
Sozietät Brinkmann und Munde GbR
Kanzlei Ortwin Sarx und Karbe-Johänning
RECHT SCHAFFEN Kanzlei für Arbeitsrecht
BKD RAe
Sozietät Dr. Oexmann
Rechtsanwaltskanzlei Dirksmeier - Henrich
RAe Dr. Spenner & Koll.
Praxis der Fachanwälte Gudermann - Demmer - Duhme
Rechtsanwaltskanzlei Schulte-Beerbühl
Rechtsanwaltskanzlei Knoop & Albers
RECHTSANWÄLTE in der FLEISCHHAUERSTRASSE
Rechtsanwaltskanzlei Marticke
NIESTEGGE Rechtsanwälte PartG mbB
"Engemann und Partner, Rechtsanwälte mbB."
"Binnewies Rechtsanwälte, StB GbR"
Rechtsanwaltskanzlei Firl - d` Alquen - d` Alquen
Rechtsanwälte Bergmann & Schäfer
Rechtsanwaltskanzlei Kahler - Dülberg-Rosen - Post
RAe Wübbecke u. Partner GbR
Rechtsanwälte Dr. Jäcker & Majewski
RAe Teuber pp.
Wortmann & Partner Rechtsanwälte-Fachanwälte-Notar
Dolle & Partner Rechtsanwälte
"Rechtsanwälte Entrup, Marx, Stickel, Wiese, Wilmers"
Droste Schulte-Sprenger Schmidt Steuerberater-Wirtschaftsprüfer-Rechtsanwälte Partnerschaft mbB
Rechtsanwaltskanzlei Peus - Bethke - Peus - Peus
RAe Mühlenbein & Koll.
Schafeld & Partner Steuerberater Rechtsanwälte
Anwaltssozietät Icha & Abeler
"Neuhäuser & Rogall, Notar und Rechtsanwälte"
Otto Mittag Fontane PartG mbB - Rechtsanwälte / Steuerberater
Debevoise & Plimpton LL.P
King & Spalding LLP
"Gibson, Dunn & Crutcher LLP"
"Sullivan & Cromwell, RA Dr. Wiegel"
Justem Rechtsanwälte
Lennert Schneider - Partnerschaft von Rechtsanwälten und Notare
Pilati + Partner Rechtsanwälte PartG mbB
Rechtsanwaltskanzlei Brinitzer-Bergemann - Bergemann - Bergemann
Arbeitsrechtskanzlei Groll & Partner
Weder Fischer Doyuran
Bachmann-Borsalino Rechtsanwälte
Cleary Gottlieb Steen & Hamilton LLP
Kern Kühl Waßer Rechtsanwälte
Heyn Rechtsanwälte & Notare
"Dr. Günter Dörr & Partner (GbR), Rechtsanwälte"
lexTM Rechtsanwälte Dr. Schmitt-Gaedke + Partner
steiner mittländer fischer Rechtsanwältinnen
Fragomen-Germany
"Baker & McKenzie - Partnerschaft von Rechtsanwälten, Wirtschaftsprüfern und Steuerberatern mbB"
Rüter & Pape Rechtsanwälte
Anwaltsbüro Gorny
Rechtsanwaltskanzlei Amiragov
"GÖRING, SCHMIEGELT & FISCHER Rechtsanwälte Notare"
Vester Weber & Partner Rechtsanwälte
Rechtsanwälte Ulrich Polanetzki & Norbert Bill
Reinmüller & Cie. Rechtsanwälte PartG mbB
Rechtanwaltskanzlei Baier und Pfaff
Anwaltsbüro Bremer & Biskamp
Hansen Rechtsanwälte
Becker Rechtsanwälte
Bernert Müller Schwenk Partnerschaft Rechtsanwälte
BSL Bernward Schilling & Reinhard Link Rechtsanwälte
PATZINA LOTZ Rechtsanwälte PartG mbB
Triebel & Triebel
WHS Wienold Rhein Schlumberger Engler Schumacher Rechtsanwälte Partnerschaft
Rechtsanwaltskanzlei Klickow - Vior
raboro - Rechtsanwälte Borowsky und Kollegen
Rechtsanwaltskanzlei Schmelzer - Grobel-Schmelzer
Benken & Jokic Anwaltskanzlei
Schulte Riesenkampff Rechtsanwaltsges. mbH
Dr. Höll + Tauer Rechtsanwälte Medizinrecht Versicherungsrecht
"Haedge, Nitzsche, Friese-Hark, Metz"
Büdel Fachanwälte für Arbeitsrecht
Ulrich Weber + Partner GbR
"Graf Praschma, Heß & Rottloff Rechtsanwaltsges. mbH"
Dr. Ramminger & Partner Rechtsanwälte und Steuerberater PartG mbB
LSS Leonhardt Spänle Schröder
Schmid Senz & Kollbach
Herrlein & Coll. Rechtsanwälte
RAeStefanBonn-WalterBonn@web.de
SANDMANN | KLINGER | MICHAELIS | BÄR
Wirmer Rechtsanwälte Partnerschaft
Rechtsanwaltskanzlei Fritzel - Fritzel - Wollenteit - Fritzel - Fritzel
HANF OBERMANN Rechtsanwälte - Notare
BLD Bach Langheid Dallmayr Rechtsanwälte Partnerschaft
Rechtsanwälte Jost - Roth - Collegen
Hermann & Partner GmbH Wirtschaftsprüfungsgesellschaft/Steuerberatungsgesellschaft
Anwaltskanzlei Poppe & Kappus
Anwaltskanzlei Koch und Kollegen
Aclanz Rechtsanwälte Hund-von Hagen & Wichert Partnerschaft von Rechtsanwälten
APITZSCH SCHMIDT Rechtsanwälte GbR
Heuking Kühn Lüer Wojtek - Partnerschaft von Rechtsanwälten und Steuerberatern und Attorney-at-law
Rechtsanwälte und Notar Dr. Volze
"Rechtsanwälte Bäcker, Baumann und Partner GbR"
Gravel Herrmann Sari - Rechtsanwälte in Bürogemeinschaft
Schumacher & Gienow
RAe Arnoul & Kollegen
Dentons Europe LLP
DAMM Rechtsanwälte
Rechtsanwaltskanzlei Oberwinder - Fränkel - Stocker-Latour - Bruns - Lehmann
Anwaltskanzlei Wilke & Coll.
Rechtsanwaltskanzlei Münch - Münch - Weilbächer - Münch
HEINRICH PARTNER RECHTSANWÄLTE
Wollweber Rechtsanwälte
Lessing Trebing Bert Rechtsanwälte
Rechtsanwalt Markus Darr
Rae Oelmüller & Partner
Kanzlei Prof. Schlegel & Koll.
Menzendorff Polscher Rechtsanwälte
"Rechtsanwälte Röder, Schuster & Kollegen"
Rechtsanwaltskanzlei Hans - Daube - Kitlikoglu - Guthke
RAe Ernst Kistner Krutzki
franzmann. geilen. brückmann. fachanwälte für arbeitsrecht
"Rechtsanwaltskanzlei Lange, Herrmann, Tietz"
rhotert & Partner Rechtsanwälte und Notar
RAe Roth
RAe Dr. Bonn & Kollegen
Rechtsanwälte Oeder Weg 34
Dr. Braun & Jöckel
Hau Heymann Busch
Kanzlei Strba
hünlein rechtsanwälte GbR
RAe Richter Schäfer u.a.
Heck & Hafke
Rechtsanwaltskanzlei Meyer
Rechtsanwaltskanzlei Walther - Koeppen
"Dr. Toepper, Martin & Haaß, Kluß"
Hotz & Werner
Roos Rechtsanwälte
Deetjen & Fischer
APRIORI Rechtsanwälte Steuerberater
Schadbach Rechtsanwälte
Pense Rechtsanwälte
SCHIEDERMAIR RECHTSANWÄLTE Partnerschaft von Rechtsanwälten und Steuerberatern
westendLaw Rechtsanwälte Karthal Päsel Reiff Wössner Hufnagel PartG mbB
Petersen & Petersen
Heymann & Partner Rechtsanwälte mbB
Rechtsanwaltskanzlei Mahlberg
TERGAU & WALKENHORST Patentanwälte und Rechtsanwälte
Stockum & Partner Rechtsanwälte und Steuerberater mbB
Mumme & Flock Rechtsanwälte
Patentanwälte Dr. Knoblauch PartG mbB
Mohr Dr. Fuss Filiz
factum rechtsanwälte
Loewenheim Rechtsanwälte Partnerschaft
Blauertz Rechtsanwälte
HammPartner Rechtsanwälte PartG mbB
Bommersheim Crolly Uhl Partnerschaft von Rechtsanwälten
Rechtsanwaltskanzlei de Backer - Tiedemann
pbf Panagiotides Breitenöder Rechtsanwälte Steuerberater PartG mbB
Preiss Repp Heiss Schuller & Koll.
Wagner & Wagner-Kissel Rechtsanwälte
HKB-Rechtsanwälte
Simon und Partner Rechtsanwälte
"v. Carnap, Rudolph, Trischler"
"Curtis, Mallet-Prevost, Colt & Mosle"
Kuther & Partner
Gerns & Partner rechtsanwälte notare
Ettrich Rechtsanwälte
Besier & Breit
Escher Rechtsanwälte
Rechtsanwälte Koch & Kollegen
"Leydig, Voit & Mayer, Ltd."
Schmitz & Partner Rechtsanwälte PartG mbB
bdb rechtsanwälte
Broich Bezzenberger Partnerschaft
Rechtsanwaltskanzlei Mayer - Götzfried
Bayer+Partner Rechtsanwälte
Pallmer & Partner Rechtsanwälte
K&L Gates LLP
Gillig & Zimmerling Rechtsanwälte
bock legal Partnerschaft von Rechtsanwälten mbB
Fischer Euler von Plottnitz
Holler
Latham & Watkins Schön Nolte
Reed Smith LLP
Schweibert Leßmann & Partner - Rechtsanwälte mbB
Morgan Lewis & Bockius LLP
Akin Gump Strauss Hauer & Feld LLP
Faust Gerber Rechtsanwälte -Notare
Wiehe & Scharm Partnerschaft von Rechtsanwälten mbB
Oppenhoff & Partner Rechtsanwälte Steuerberater
Ashurst LLP
Keil & Schaafhausen Patent- und Rechtsanwälte PartG mbB
Paul Hastings Janofsky & Walker LLP
Buhlmann & Kollegen Rechtsanwälte
Sachse Rechtsanwälte
Rechtsanwälte Höchsten & Jacoby
Plagemann Rechtsanwälte
Gamon RAe Notare
Clifford Chance Deutschland LLP
MPK Rechtsanwälte
Plewnia & Mathern Rechtsanwälte
Pohlmann & Company - Rechtsanwälte LLP
BGBS Rechtsanwaltskanzlei
Julia Betz Weigand und Hess-Hübner
DANCKELMANN UND KERST Rechtsanwälte Notare
MATTKE - Rechtsanwälte
WHP Wegel Hemmerich Rechtsanwälte PartG mbB
Klinkert Zindel Partner Rechtsanwälte
Dr. Janzen & Kollegen
"Finkenhof Rechtsanwälte PartG mbB von Mangoldt, Matthaei, Strumpf"
LACHNER WESTPHALEN SPAMER Partnerschaft von Rechtsanwälten mbB
Zeidler Legal Services
Spiliakos & Kotsopoulos
Schreiber Hahn Sommerlad Rechtsanwälte PartG mbB
Wendelstein LLP
KMO Kestler Mielert & Partner Frankfurt a. M.
TWBP Rechtsanwälte GbR
Warner & Beier Rechtsanwälte
DMZ Legal mbB
Fried Frank Harris Shriver &Jacobson
Buse Heberer Fromm Rechtsanwälte Steuerberater PartG mbB
Wicker Schütz
Dolce & Lauda
Atticus Legal Rechtsanwaltsges. mbH
Könnecke Naujok Rechtsanwälte
Rechtsanwaltskanzlei Nodoushani
"Kanzlei Poniatowski & Weber, Partnerschaft von Rechtsanwälten mbB"
Kaye Scholer (Germany) LLP
"Patentanwälte Olbricht, Buchhold, Keulertz PartG mbB"
Landgraf Schneider Rechtsanwälte Partnerschaft
May und Partner Rechtsanwälte Mediatoren mbB
Mannheimer Swartling Rechtsanwälte
Rechtsanwaltskanzlei Baker Tilly Roelfs
Pfitzner Legal Rechtsanwaltskanzlei
LSV Rechtsanwalts GmbH
Bouchon & Partner Rechtsanwälte
LCR Linke Christoph Rechtsanwälte PartG mbB
Schröder & Busse Gesellschaft bürgerlichen Rechts
Heuer & Partner - Rechtsanwälte
Greenfort Rechtsanwälte Angersbach Weiß von Oppen Röder Lembke Oberwinter Partnerschaft von Rechtsanwälten mbB
"Liesegang und Partner mbB, Rechtsanwälte"
media kanzlei frankfurt
Ramser Rechtsanwälte
kempf schilling Rechtsanwälte GbR
CLOUTH & PARTNER Partnerschaft von Rechtsanwälten mbB
Waldeck Rechtsanwälte PartG mbB
BNP Paribas S.A. Niederlassung Deutschland
PwC Europe SE Wirtschaftsprüfungsgesellschaft
WINHELLER Rechtsanwaltsges. mbH
Commeo LLP
HauckSchuchardt Partnerschaft von Steuerberatern und Rechtsanwälten mbB.
Panhorst & Driver-Polke
Rechtsanwaltskanzlei Nikolaus Krebsbach-Noske
Fuchs Patentanwälte
Rechtsanwaltskanzlei Schielke - Spohr-Valentin - Reggiannini
Beiten Burkhard Rechtsanwaltsges. mbH
Dönnebrink Hauber & Partner Rechtsanwälte
Pflüger Rechtsanwälte GmbH
EurAA Anwälte für Arbeitnehmer
RGT CONSULTANTS
Schwinge & Schwiete
Stadtler Neumann
"Dörrhöfer, Nüchter & Pernesch"
RAe Drost & Dr. Grafe
Acikel & Kücüktepe
Sander Zirkel Wicke Denninger
METIS Rechtsanwälte LLP
Dr. Norbert Schönberger & Koll.
RAe Philipp-Gerlach & Teßmer
BRANDHOFF OBERMÜLLER & PARTNER Rechtsanwälte mbB
GKT Advocates Kanopka Trippel - Rechtsanwälte Partnerschaft
Rechtsanwaltskanzlei Rohde - Lang - Nüßlein
Vowinckel und Flamme
Rechtsanwaltskanzlei Schmitt - Fetzer - Fetzer - Konow - Wagner
Neumeyer Rechtsanwälte
Vogel Reitz Hilka
Hoppenstedt & Wolters
Rechtsanwälte Gail & Kollegen
"RECHTSANWÄLTE Burkhard Martin, Ralf Fink und Katanja Kurth-Grieser"
Rechtsanwalt Dr. Axel Hiller
Rechtsanwaltskanzlei Degenhard
Offer & Mastmann PartG
Steinhaus und Prof. Dr. Griesar PartG mbB
Mekat Mittelacher Wolicki Rechtsanwälte
Rack Rechtsanwälte Notar
RAE Blume & Issleib
"Speiser & Kissel, Rechtsanwälte"
ARNECKE SIBETH Rechtsanwälte Steuerberater PartG mbB
Schinogl Müller & Partner GbR
Nieding + Barth RechtsanwaltsAG
Arnecke Sibeth Siebold Rechtsanwälte Steuerberater PartG mbB
LKS Rechtsanwälte Lentzsch Kopp Schick PartG mbB
Becker & Krueger Rechtsanwälte
"bhp Bögner, Hensel & Partner, Partnerschaft von Rechtsanwälten und Steuerberatern mbB"
SMNG Rechtsanwaltsges. mbH
ARES Rechtsanwälte GbR
Rechtsanwaltskanzlei Granitza
RAe Naujack & Kollegen
Kanzlei FZF Franke & Zdarsky
Rechtsanwaltskanzlei Kroner - Lang - Flach - Walter - Hintze
Anwaltskanzlei Lipphardt
"Law Factory, Britanow & Dr. Hirsch, Rechtsanwälte in Partnerschaft"
Angelika Schaeuffelen Rechtsanwältin & Wirtschaftsmediatorin
RAe Schomberg & Korcz
LEXETA Rechtsanwaltsges. mbH
Rose Rechtsanwaltskanzlei
Rechtsanwaltskanzlei Heintzemann - Haag - Bohne
Rechtsanwälte und Notar Geisendörfer | Meiser | Henrich
Rechtsanwalt Peter Von Auer
Rechtsanwälte Stark und Kollegen/innen
Röder & Scholz
"Rechtsanwaltskanzlei Schminck, Schmitz, Steffan, Seidel"
RAe Niehus & Klimpel
Rechtsanwaltskanzlei Hahnenberger
Schmeyer Rechtsanwaltsges. mbH
Rechtsanwaltskanzlei Schmid
"Freiling, Andreas & Partner"
CASTLE Law Rechtsanwaltsges. mbH
Löwel Sauer Rechtsanwälte
Rechtsanwälte Mai & Kollegen
Rechtsanwaltskanzlei Groepper & Platz
Strauch Rechtsanwälte
Rossbach & Fischer Rechtsanwälte Partnerschaft
Rechtsanwaltskanzlei Meißner - Mann - Seyd - Roth
IUR Realis Rechtsanwälte
RAe Michael & Siebert
Herzog & Kollegen Rechtsanwälte
Hütte Bohnstedt Rechtsanwälte Partnerschaft mbB
"Sieber, Dr. Reuber & Partner"
Rechtsanwaltskanzlei Junghans - Bollert - Haas
Winterstein Rechtsanwälte Partnerschaft
SALGER Rechtsanwälte PartG mbB
Rechtsanwaltskanzlei Kernebeck
Rechtsanwälte und Notare Michael Hamburger und Svend Christensen GbR
SKD Rechtsanwaelte
Rechtsanwaltskanzlei Elben
Rechtsanwaltskanzlei Otters - vom Bruch - Haenel
Tortell Anwaltskanzlei - Estudio Jurídico
"Rechtsanwälte Dr. Strack, Neher & Dröll-Langlitz"
Dr. Oehmichen & Partner Rechtsanwälte
RAe Dirk Glock & Kollegen
Reimche & Dr. Lowin
Rach-Cost & Hoffmann
Heil und Collegen
Roufs und Kollegen
Stenzel & Willfahrt Rechtsanwälte
Rechtsanwälte Bernd Schäfer & Koll.
Schwab Nüchter & Stoll
Rechtsanwaltskanzlei Leister - Engel
Rechtsanwälte Dr. Kahl + Dr. Koch + Metz (Bürogemeinschaft)
Berlinghoff Rechtsanwälte
Kanzlei Ruppert Schlemm & Steidl
Kanzlei STAMM & LANG
"Haar, Schwarz-Haar"
"Rechtsanwälte Kley, Siebert, Schmorleitz und Haubold"
Wolf und Collegen Partnerschaft von Rechtsanwälten
Backmeister & Kollegen
Cannawurf & Wetzel Anwälte
WOLPERT Rechtsanwälte
Dr. Walther Dertscheny Walther
"Johannsen & Partner, Rechtsanwälte"
RAe Beltran-Fernandez & Coll.
Rechtsanwaltskanzlei Oehmichen / Schulz / Pauly
Anwaltskanzlei Schweighöfer & Türck
Rechtsanwälte Kurth & Rathmann
RAe Koeve & Koeve
Dr. Blechschmidt & Kollegen - Notar und Rechtsanwälte -
Kanzlei Wolf & Mayer Rechtsanwälte GbR
Blumenthal & Partner GbR
DR. MICKEL + PARTNER
DIEROLF Rechtsanwälte AG
Lyck & Pätzold Medizinanwälte
Petry Scholz & Kollegen
Ronimi Masuch Rechtsanwälte
Banzer & Kollegen
Rechtsanwaltskanzlei Mais & Pohl
WEIGAND & KELLER
Dr. Ott + Kempermann
Rattay & Becher
amend rechtsanwälte
KNOLLE® SOCIETÄT
Bader Förster Schubert GmbH Wirtschaftsprüfungsgesellschaft
Möslein Freytag Neubecker Rechtsanwälte und Notar
Rechtsanwaltskanzlei Weyer
Rechtsanwaltskanzlei Krayer - Herterich - Goliasch - Stief
Kanzlei Fröhlich & Kunz
Bürogemeinschaft Rechtsanwälte Klek
Simrock Dr. Bergmann Dr. Göbel
EAE LAW - Rechtsanwaltskanzlei
Ashraf & Kaul Rechtsanwälte
Rechtsanwälte Herbert & Koch
Angersbach Engler Dey
Heinemann & v.Knorre Rechtsanwälte
Anwaltskanzlei für Arbeitsrecht Horst Thon
HAACK PartG mbB Rechtsanwälte Steuerberater
Schaaf Körner Trageser
Rechtsanwälte Kreuzeder & Kollegen
"Zeisser, Adler, Meißner & Koll."
Kanzlei Koser
Roland Walden & Kollegen
RAe Weil & Dr. Kilz
Hübner & Schwing
Rechtsanwälte Frank & Coll.
Dr. Fuchs & Neubauer
Rechtsanwälte Thielmann & Kollegen
Wildhirt Schmidt Schelzke Kaye
Kanzlei Sachse - Rechtsanwälte
Dr. Rosenkranz & Batzert
Thiele Jodaitis Doukkani-Bördner
"Rechtsanwälte, Notare Dres. Heym, Rüth, Windischmann"
Schäfer Rechtsanwälte
Kanzlei Latin & Köbel
GRA Rechtsanwaltsges. mbH
DR. MEYER Fachanwälte
"SRS Schüllermann und Partner mbB Rechtsanwälte, Wirtschaftsprüfer, Steuerberater"
Anwaltskanzlei und Notar Detlef Odenwald & Kollegen
Kutschka Rechtsanwälte
Dr. Kurtz und Kollegen Rechtsanwälte · Notar · Fachanwälte
Rechtsanwälte Dr. Kleim
Patentanwälte Wolf & Wolf
Nickel & Nickel RAe & Notar
Freydank & Morlock
Rechtsanwaltskanzlei Peter Müller
Grünsfelder Jung Weber GbR
Kilian & Kollegen
"Fleischmann, Mosler, Bauer und Partner mbB, Rechtsanwälte"
Oberländer + Oberländer GbR
Rechtsanwaltskanzlei Burger - Hohl-Glassen - Burger
Harald Nickel Rechtsanwälte PartG
Eiding Rechtsanwälte
BPS Rechtsanwälte
Rechtsanwaltskanzlei Terschüren
Krayer & Kollegen
Lehnert & Amerschläger
Dr. Schmidt & Kollegen
Rechtsanwaltskanzlei Bauer - Preuschoff - Ott
"Kröner, Meltzow, Bleuel & Partner, Rechtsanwälte Steuerberater"
Frenzel & Collegen GbR Rechtsanwälte
"Böhmer, Dr. Sander & Koll. Rechtsanwälte"
Rechtsanwaltskanzlei Fröhlich - Braeunlich
Szymanski & Partner Rechtsanwälte
Dr. Hamm & Scherer
"Pitz, Bunde, Lobentanzer & Mier Rechtsanwälte"
Dr. Lengemann & Becker GbR - Rechtsanwälte und Notar
RAe Augst & Kollegen
Kühnel Spangenberg Palige
Rechtsanwaltskanzlei Düring
Rechtsanwaltskanzlei Stock
Kanzlei Stamm Lauer & Kollegen
"Hohmann & Partner, Rechtsanwälte"
Wurm Pfeiffer & Kollegen
WOLF & SCHERER RECHTSANWÄLTE - NOTARE - FACHANWÄLTE
RAe & Notare Neun und Kollegen
Rechtsanwaltskanzlei Hartmann - Humbroich
"Rechtsanwälte und Notare Dieter Appel, Annemarie Lenz- Appel und Martin Warthorst"
"Kärcher, Reichelt & Fritz"
Sorger-Kemm Haas & Haas
Weckesser Knab & Duchardt
"Bohlender, Wüst & Lindholz Rechtsanwälte · Fachanwälte"
"ADJULEX Rechtsanwälte Feldmann, Klug & Partner"
Muth & Faust Rechtsanwälte in Partnerschaft
"Schmittner, Schneider & Franz Rechtsanwälte in Partnerschaft"
Porkert Rechtsanwälte
"Rechtsanwälte Lenzen, Fischer und Kollegen"
Rechtsanwälte Kalb & Kümpel
Rechtsanwälte Fenderl & Dietrich
"Rechtsanwaltskanzlei Bachmann, Hansen, Schuhmann & Partner"
Rechtsanwaltskanzlei Becker - Öhrlein - Fußbahn
Rechtsanwälte Löschan und Kollegen
Rechtsanwälte Imhof & Partner
Dr. Koos & Kollegen
"HAF Bauer, Rechtsanwälte, Insolvenzverwalter, Steuerberater in PartG mbB"
"Bachmann, Hansen, Schuhmann und Partner Rechtsanwälte, PartG mbB"
Rechtsanwälte Singelmann | Bach
Rechtsanwälte LEEB & LEEB
Rechtsanwaltskanzlei Wolfgang Rath
Ohly // Zöller Rechtsanwälte und Fachanwälte eingetragene Partnerschaft
Rechtsanwaltskanzlei Scherbaum - Sommer - Jahrsdörfer - Kumpolt - Haremza
Rechtsanwaltskanzlei Steigerwald - Amberg - Stapf
KÖRNER KAISER GRÜNEWALD Rechtsanwälte GbR
Rechtsanwaltskanzlei Korn-Bergmann - Bergmann
Rechtsanwaltskanzlei Purucker - Lang - Jagusch
Rechtsanwaltskanzlei Pintsch - Steigerwald - Sachse-Pintsch
"Obermeier, Tröger-Obermeier, Geyer & Kollegen Rechtsanwälte, Fachanwälte"
Rechtsanwaltskanzlei Beck - Beck
Rechtsanwälte Leiblein & Goymann
"MERGET + PARTNER Steuerberater, Rechtsanwälte, Wirtschaftsprüfer"
Rechtsanwälte Grimm & Henneke
Kanzlei Karin Seipel
"Rechtsanwälte Wimber, Kramer & Partner"
Rechtsanwaltskanzlei Dobslaff - Joe - Berlinger - Krätzel
Notos Rechtsanwälte - Braune und Engelhardt Partnerschaft
Sozietät Dr. Winkelmann & Dr. Vogt
Schwarz & Kollegen
Dr. Engelbrecht & Kollegen
"Kleber, Knüpfer, Collegen Rechtsanwälte u. Notare"
Aschoff Döll & Wurzel GbR
Rechtsanwälte Schmidt-Brücken und van Boekel
RAe Gerner & Rißmann
OK Ostheim & Klaus Rechtsanwälte PartG mbB
"Dr. Dr. Lindemann, Dr. Rist & Partner Rechtsanwälte"
Rechtsanwälte Klingelhöffer u. Lorz-Felten
Rechtsanwälte & Notare Ebner und Kollegen
Dr. Uebe & Partner Rechtsanwälte
Anwälte Ziegler & Eilhardt
"Sozietät Dr. Rodenhäuser, Lehr & Gutting"
Kanzlei Sauer & Kunath
Mansholt &Lodzik Klimaschewski Raane
Rossmann & Collegen
Rechtsanwaltskanzlei Hillmer - Voltz - Slabon
Christmann & Heise - Rechtsanwältinnen in Partnerschaft
Amann Rechtsanwälte
Hummel Post & Kollegen
Rechtsanwälte Metzger & Kollegen
Zimmermann Hanek Mienert Buss Jahn Rechtsanwälte - Fachanwälte
SBM Rechtsanwälte Schuchmann - Büsing - Müller
Lösch Casper Dr. Kuznik
Rechtsanwaltskanzlei Döll & Kollegen
KUCERA Rechtsanwälte und Steuerberater PartG mbB
Katscher Habermann Patentanwälte
Rechtsanwälte Dr. Trieb und Kollegen
v. K E U S S L E R RECHTSANWÄLTE Partnerschaft
Iffland & Wischnewski
Rechtsanwalt Pahl
Axmann & Kollegen
BAUMANN & BAUMANN GbR
Dr. Trautmann & Kollegen
Höfle Schmidt Höfle
Heimerl Flotow Stock & Celik
"Bernhard, Gentzen & Dr. Kleuser"
Artinger und Kollegen
Geist · Klein · Geist Rechtsanwälte & Notar GbR
"Diehl-Rouse, Beckerle & Kollegen"
Just-Franke & Eich
Dr. Rüssmann Gutsche Engelhardt
Rechtsanwaltskanzlei Kuzbida & Koll.
Dallhammer & Kellermann Fachanwälte
KMP - Kanzlei|Michal|Plumbohm
"Ensinger Kurz-Ensinger,"
Haaf & Pfeilsticker
"Dr. Engelhard, Weimar & Kollegen"
Kanzlei Dr. Christoph Lambrecht
Dr. Kilian & Kollegen
Kanzlei Diefenbach & Syroth
"Dr. Erk, Allmann, Erk Rechtsanwälte"
RAe Rüth & Eidenschink
"Oswald, Müller & Koll."
Rechtsanwaltskanzlei Kolb-Schüler - Schweppe - Ritschel
Bernd Münch Monika Berg-Osypka Rechtsanwälte und Notare
Rechtsanwaltskanzlei Best - Rath - Küster
Paule & Partner
Makki & Wolf Rechtsanwälte inBürogemeinschaft
Rechtsanwalts- und Mediationskanzlei Achim Neeb
RAe Hoffmann Peschkes & Partner GbR
Kolter & Kollegen
Rechtsanwaltskanzlei Hilbert & Frese & Böhm
WSL Patentanwälte PartGes
Rechtsanwälte Schütte Jancke Heer
"Weidmann, Wahl, Amin & Partner"
Fünfrock Rechtsanwälte - Notare
Rechtsanwälte SZK - Stapelfeldt Zweschper Krumb - PartG mbB
"Hintze, Knab & Azzola Rechtsanwälte in Partnerschaft"
Rechtsanwaltskanzlei Remus - Marquardt - Groß
"Rechtsanwälte Wartenberg, Damke & Kollegen"
RAe Ramon Wagner & Kollegen
Kanzlei Kullmann & Rück
Fischbach & Fischbach-Dobbeck
Anwaltskanzlei Dr. Mayer & Gabriel Dr. Mayer & Gabriel
Dr. Jur. Klaus T. Renaud Rechtsanwalt - Fachanwalt für Verkehrsrecht
"Dr. Crones, Riedel, von Velsen"
Rechtsanwaltskanzlei Hartje - Oldenburg - Ponto
Reinemer & Partner Rechtsanwälte
Kauffmann Rechtsanwälte & Notare
RJ Anwälte Jochem PartG mbB
Beckmann & Beckmann
"RAe Buschlinger, Claus & Partner"
Engel & Partner
Schlink & Partner Rechtsanwälte
Kanzlei Kasten & Pichler
Rechtsanwaltskanzlei ZIMMERMANN - SMOK
"Ober, Janzen & Partner Rechtsanwälte"
Rechtsanwaltskanzlei Hermes-Lennich - Lennich
Streim Neumann Streim Rechtsanwälte Notar Fachanwälte
Rechtsanwälte und Notar Kreker - Ritter - Spreter
ANDREÄ & PARTNER Rechtsanwälte
DIERLAMM Rechtsanwälte
Wagner Volk Bornemann Kopsan Rechtsanwälte Notare
Jäckel Rechtsanwälte
Kanzlei Dr. Koch Dorobek & Kollegen
Mette & Rummel Rechtsawälte
Förster & Cisch Rechtsanwaltsges. mbH
Kanzlei Cäsar-Preller
Dr. Betzler Partnerschaft
RAe Paulus & Westerwelle
Krüger Dernbach Wolter
"Dr. Berchtold, Hahn & Kollegen"
Willitzer Baumann Schwed
Mertes & Lauff Rechtsanwälte
OANDO Oppermann & Oppermann LLP
"Foerster & Partner, Rechtsanwälte"
Doerr & Partner Rechtsanwälte und Notare
Akman & Partner Rechtsanwältin und Steuerberater
Röther & Gelsheimer
Quermann Sturm Weilnau
Kanzlei Lorenz
klein sarris engel saraf PartG mbB rechtsanwälte
Rechtsanwälte Baur Seeger Böhmer Partnerschaft
Uwe Beutel Rechtsanwälte
Plate Schweitzer Zounek
Dr. Doganay & Doganay
Patentanwaltskanzlei Mai Dörr Besier
Rechtsanwaltskanzlei Seidl - Müller-Horaczek - Grunwald - Wüsten
Rechtsanwaltskanzlei Booz - Münzenberg
Herrmann & Fischer Rechtsanwälte
Rechtsanwaltskanzlei Lynen - Kurtz - Kurtz
Rechtsanwälte Peiter & Kollegen
M L G Steuerberatungsges. mbH
Kanzlei Mpounartzi
von der Heiden & Grieser Rechtsanwälte in Partnerschaft
Rechtsanwälte Richter & Kurth
Rechtsanwaltskanzlei Krüger - Denninghoff - Schwerdt
Groth-Müller Rechtsanwälte in Partnerschaft
Notar / Rechtsanwälte Ley & Dr. Engler
Rothenburger & Kollegen
Rechtsanwaltskanzlei Steinhart
"Rechtsanwaltskanzlei Strieder, Kalb, Notar Malorny"
"Weimar, Schmidt und Partner GbR"
Dr. Judith Müller
Anwaltkanzlei Arnold & Partner
Kanzlei Reingen & Kollegen
Rechtsanwälte Krieger & Lauber
Dillmann Lanz Mackenrodt
Rechtsanwaltskanzlei Fadler - Schäfer - Schäfer - Höhler-Heun
Dr.Fluck Kapust & Koll.
REES - MENGES & KOLLEGEN Rechtsanwälte - Fachanwälte
Lanz Dillmann Mackenrodt
Kanzlei SLP Dr.Schmitt Rosbach & Partner GbR
Kanzlei MHC Dr. Hilb & Collegen Notar und Fachanwälte
Rechtsanwälte Schäfer & Koch
Rechtsanwälte Oster & Fischer
Vater & Junghänel Rechtsanwälte und Notare
Kanzlei Matthes und Hommel
Kanzlei Haas & Kollegen
Ernst & Young Law GmbH RAuStB GmbH
Honerkamp & Stendebach Rechtsanwälte
Harder&Beckmann
E & S Rechtsanwälte & Notare
Rechtsanwälte Foerstemann & Koll.
Reuter Rechtsanwälte
PAROPA - Rosenthal Rechtsanwaltsges. mbH
Dr. Michael Best und Udo Pfleghar Rechtsanwälte
Rechtsanwaltskanzlei Wamser
Endres Hermann Meissner Wagner
Spies Rechtsanwälte
Dr. Brehm & Klingenberger
Rechtsanwaltskanzlei Schneider-Neumann - Schneider - Dirschke
Rechtsanwaltskanzlei Sagert - Striefler - Haarich
"Vogelgesang, Zempel, Clausius"
John und Partner Rechtsanwälte
Kropp - Haag - Hübinger Hübinger
Rechtsanwaltskanzlei Will
"Robling, Kessler, Ruffing"
"Giring, Lordt, Wölk Rechtsanwälte"
"Ferlazzo, Louis, Schmidbauer"
Kzl M W B Martin Wolf Barth
Rechtsanwälte Comtesse & Comtesse
Gessner Rechtsanwälte
"Thiery, Thiery, Carroccia, Appel"
"Neu, Prechtlein"
"Fuisting & Klein, Rechtsanwälte"
Dury Rechtsanwaltskanzlei
"Köhl, Thieser, Mondt, Liedtke, Thönes"
"Lechner Dr.Zimmerling Dr.,Drescher, Schulien, Dr.Walter, Dr. Heß,"
Bürogemeinschaft der Rechtsanwälte Kunz & Brombach und Rechtsanwalt Geiter
Partnerschaft Akkaya - Di Marco - Kuhn Rechtsanwälte
Kanzlei Pollkläsener
"Korn Dr.,Korn, Essler"
Rechtsanwälte Platzek . Peteranderl . Puma
Dres. Müller & Altmeyer
Abegg & Abegg Rechtsanwälte
WAGNER Rechtsanwälte webvocat Partnerschaft
RAe. Heimes & Müller
Rechtsanwaltskanzlei Staab & Kollegen
Reusch Rechtsanwälte GbR
STOPP PICK & KALLENBORN
"Rapräger, Hoffmann und Partner Rechtsanwälte"
teras Anwaltskanzlei
Dr. Schultheiß & Kollegen
"Hoffmann JR. D. Fritz - H.J. Hoffmann, Behle"
Kropf & Rehberger Rechtsanwälte
"Gieseking, Rieder-Klein, Dr. C. Kohl, Lenhof"
"Rechtsanwälte Münster, Sauber & Bräumer PartG mbB"
"Förderer, Keil & Partner Steuerberatungsges. mbH Wirtschaftsprüfungsgesellschaft"
"Schuh, Hesseler, Schuh"
Rechtsanwälte Andrae & Simmer GbR
Schock Rechtsanwälte GbR
"Kammenhuber, Lehmann, Kuhlmann"
Roth Rechtsanwälte
Günes & Hamdan RechtsanwältePartG mbB
HERBERT Rechtsanwälte
Rechtsanwälte Valentin & Schmieden
"Krüger, Blaschke, Michel, Sydow"
"Decke, Dausend, Kipper"
Rechtsanwälte Merten und Kollegen
"Fischer, Krauter, Blank, Möller, Vogt"
"Sellen, Görres"
Rechtsanwaltskanzlei Bremm
Rechtsawaltskanzlei Warken & Kollegen
Rechtsanwaltskanzlei Schatz & Kollegen
"AbelGehring, Haas, Dönneweg, Michalsky, Ilting, Bayer, Mohrs, Bayer, Reiß, Lauterbach Dr,"
"Blinn, Klingler, Schmidt, Gabel"
"Best, Dörner, Kirsch, Bräumer"
Rechtsanwälte Gebhardt & Kollegen
"Bauer, Magold, Devcic"
Rechtsanwälte Kapitain Knicker & Kollegen
"Müller Martina, Junkes, Müller"
"Haßdenteufel, Haßdenteufel"
Panter + Panter
Hofmann und Kollegen
Born Rechtsanwaltssozietät
Dr. Callam & Pick
Rechtsanwälte Dr. Franz Kleberger und Falk Seliger
Rechtsanwaltskanzlei Halm & Preßer
Anwaltskanzlei Jacob & Latz
Ames & Jung Rechtsanwälte
"RAe Dr. jur. BAUER, BRITZ, SCHÖN S., MÜLLER, KESSLER und SCHÖN R."
"Bauer, Jäckel-Lesch, Wagner, Kohler"
"Ames, Klicker, Stieren, Graf"
Rechtsanwaltskanzlei BICK JAKOB KUNDLER & KOLLEGEN
"Holzer, Schlegel, Weyand"
ADLEX Sittenauer & Plath
"Mrziglod, Riefer, Weimer"
"Lehnen, Mandel, Buschauer"
Zeyer & Kockler
"Staub, Goergen, Poulain-Johann"
"FrankBolz, Stock, Ostrop-Riefer, Dr.Lunk,"
"Becker, Sprunck-Preiß, Haßdenteufel"
"Peter, Stauter"
Schmelcher & Kirsch Rechtsanwälte Partnerschaft
"Rechtsanwälte Thiery, Feit & Kollegen Gesellschaft bürgerlichen Rechts"
"Klein, Bertelt, Klein Rechtsanwälte PartG mbB"
Dr. Geiben Rechtsanwälte
"Burgard, Scherer, Staab"
Gitzinger & Partner Rechtsanwälte
UWS Rechtsanwälte Wolff und Partner
Rechtsanwälte Dr. Neumeier & Kollegen
"W. Pennther, W. Nonweiler, H.J. Raber, C. Strehl-Pennther, Partnerschaft, Rechtsanwälte"
"Schillo, Büchel"
"Alexander, Jung"
Ullrich & Schreiner Rechtsanwälte
"Schmitt, Haan"
"Thimmel und Partner, Rechtsanwälte"
"Welsch, Welsch, Coumes"
"Rechtsanwälte Schneider, Trost & Dr. Friedrichs, GbR"
WEYRICH Rechtsanwälte | Fachanwälte
"Göhring, Wallè & Meisinger"
Höh und Königsamen
Fuchs und Partner
Leinenweber und Kollegen
Rechtsanwälte Haberland & Fu Partnerschaft
Glimm und Kollegen
U. Kahl-Jordan u. J. Jordan Rechtsanwälte
Thomas Maier & Partner
Albers und Kollegen
"van Vliet, Schabbeck und Zickgraf"
"Dr. Schell , Köth und Kollegen"
"Jacobsen-Zunker, Zunker u. Stegmann"
Dr. Funck & Kollegen Rechtsanwälte
WK Rechtsanwälte
"Ose Sturm Volz, Rechtsanwälte Partnerschaft"
Stein & Kollegen
Ruppel und Kollegen
Rechtsanwaltskanzlei Ruhnke
Rechtsanwaltskanzlei Wagner - Kosian
"JR Neumeister, Mell und Werling"
"Biehn, Leiendecker, Vollweiler"
Kühner & Löffler
Theysohn & Wienen Rechtsanwälte
Schweitzer & Schweitzer
Rechtsanwaltskanzlei Pfister & Pommer
Kanzlei Ohr
Anwaltskanzlei Dr. Busch & Kollegen
Kanzlei Walter - Baldauf - Theobald Rechtsanwälte Partnerschaft
Graebke und Mohn
"Blim, Hermes, Löffler und Zimmerer"
"Kosma, Dr. Säftel und Künkele"
Rechtsanwaltskanzlei Brauer & Kollegen
Rechtsanwälte in Frankenthal Stuckensen und Ullrich
"Seitz, Halling und Partner"
Rechtsanwaltskanzlei Rillig
Rechtsanwälte Stopka · Lang · Baumann · Geppert · Knöppel
"Boltz, Scheller & Kollegen Rechtsanwälte"
"Pabst, Lorenz und Partner"
Dengler & Dengler
Lamprecht Rechtsanwälte
"Weis, Christmann und Kollegen"
Hebinger
"Nist, Radtke und Rudolf"
"Dr. Kleiser, Gross, Zimmermann & Preuninger"
"Berberich, Friedrich, Schmucker & Coll."
Rechtsanwaltskanzlei DSSD
"Leydecker, Lang und Kollegen"
Kanzlei Hauber und Hauber
"Bergemann-Gorski, Conradi, Kazempour, Weber Partnerschaft"
"Metzler, Henß & Partner"
Denschlag & Partner GbR
Rechtsanwaltskanzlei Hengst
"Rosenberg-Meirer, Lenz & Peter"
BKWS Rechtsanwälte
"Mathäß, Müller & Coll."
Kanzlei Brauer - Graf von Moltke - Hoëcker
Rechtsanwaltskanzlei Weinmann
Rechtsanwaltskanzlei Röhrenbeck
Dr. Hartmann und Zaeske
Kanzlei Niebergall · Weihrauch · Walter
"Rechtsanwälte JR Jacob, Mueller-Goettel, Karmeinsky, Wiebelt, Wieschemann und Kollegen"
Dr. Bäcker und Forster
Scheidel und Scheidel-Schultz
Kanzlei Fuhrmann
"Kirsch, Gross, Dr. Kirsch und Schneider"
"Rechtsanwaltskanzlei Allmang, Erbacher & Kollegen"
"Matissek, Brokamp und Rothley"
Dr. Theobald & Kollegen
Classen und Kollegen
Anwaltskanzlei Raab - Schneider - Emrich-Ventulett
"Dr. Meyers, Dr. Siegfried und Partner"
Dr. med. Kirchner und Koch
Reeg Rechtsanwälte
Dr. Westa & Kollegen
Salan Rechtsanwälte
RAe Bachmann & Kollegen
Martini Rechtsanwälte
Ernestus Rechtsanwaltsges. mbH
Kanzlei Schäfer - Valerio
Parsch Sauer Nuzinger Rechtsanwälte PartG mbB
Rechtsanwälte DR. SELB REICH SCHACHT
Depré RECHTSANWALTS AG.
Kirchner & Lenges
Kasper Rechtsanwälte
bjw Rechtsanwälte
Härdle & Kollegen
Wolf und Weickenmeier Fachanwälte
Rechtsanwaltskanzlei Warlich
Anwaltssozietät Decker & Kollegen
"Widder + Lichtenberger, Gesellschaft bürgerlichen Rechts"
Rechtsanwaltssozietät (GbR) Dr. Wilhelm Preuß & Kollegen
Patentanwälte Mierswa Hamel Vonnemann
"Winzer, Biedermann, Rigbers"
"Hoppe, Weber, Fogel"
b&c baumert & collegen Anwälte für Unternehmer
"MAS&P Miess, Altherr, Sibinger & Partner, Partnerschaft, Rechtsanwälte"
Notariat Mannheim
Himmelsbach Kurt Dr. & Partner GbR
Q4-Kanzlei
Dr. Kleinehr & Thiele
Rechtsanwälte Dr. Bergolt & Kollegen
"Dörner, Edenhofer & Partner Wirtschaftsprüfer Steuerberater Rechtsanwalt"
Schulze-Hagen Horschitz Hauser Rechtsanwälte Partnerschaft
Hendriock Dr. Georg
SOMMER PATENTANWALT und EUROPEAN PATENT and TRADEMARK ATTORNEY
Ramm & Kollegen
Ellwanger Jung
Gütter Damm Dirsus PartG mbB Rechtsanwälte Steuerberater
Rechtsanwälte Compart & Schmidt GbR
Dr. Fuchs & Renger
Gärtner und Slania Rechtsanwälte in Bürogemeinschaft
Baas & Overlack
"Müller, Kornblum & Kollegen"
Kleiner Rechtsanwälte Partnerschaft
Dr. Weber & Partner GbR
WissmannLaw GmbH Rechtsanwaltsgesellschaft
Gruler & Möhrle
Ellwanger & Kern Patentanwälte
Karcher & Kollegen
"GHI - Göritz Hornung Imgrund, Rechtsanwälte - Partnerschaft"
VETO Rechtsanwaltsges. mbH
Rechtsanwaltskanzlei Bellmann
RAe. Dr. Seeberger & Kollegen
Rechtsanwaltskanzlei Weber - Sauckel - Molnar
HENGERER & NIEMEIER RECHTSANWÄLTE
Rechtsanwälte Dörsam Dr. Fesenbecker Gericke
Gönnheimer & Zander
Rechtsanwälte Pabst Lorenz + Partner
Rechtsanwälte Dr. Guth · Beck · Klein · Günthert
Henkel Rechtsanwälte
Stübig & Kollegen
Fischer Anwaltssozietät
Klement Francken
"Roth, Klein, Gilcher & Partner Rechtsanwälte"
"Härle, Wälde & Andres"
Boulanger Meister Amann Jungraithmayr
Rechtsanwaltskanzlei Werkle
Wingendorf & Kollegen
Schmitt & Kollegen
Baumert & Vigano
Metz & Kollegen
NSP Nagel Sischka Partnerschaft Rechtsanwälte / Fachanwälte
Heinz & Janisch
Würtemberger & Leßmann
Rechtsanwaltskanzlei Hederich
Martin & Pfenning | Rechtsanwälte und Notare
Flegler · Hoffmann · Neff Rechtsanwälte & Notare
Rechtsanwaltskanzlei Gordt
Notariat Schwetzingen
Dr. Gaa & Kollegen
Rechtsanwälte Zipper & Collegen
Schlesinger Rechtsanwälte
Rechtsanwaltskanzlei Möffert
Rechtsanwaltskanzlei Beisel
Gutting Rechtsanwälte Steuerberater
"Anwaltskanzlei Brandenburger, Schropp & Gast"
Spillner & Spitz Rechtsanwälte GbR
Rechtsanwälte Lutz Hämisch Pruzinec
Kanzlei Bahner
Heinz Rechtsanwälte
Rechtsanwaltskanzlei Wrede - Burkhardt - Petzet - Lüllig-Hoefer
Widmayer Rechtsanwälte
"Rechtsanwälte Gaber, von Albedyll, Partnergesellschaft."
Hochdörffer & Kollegen
W A L T E R Rechtsanwälte
"Müller-Christmann, Bruckmann, Werner Partnerschaft"
Dr. Zeitel & Kollegen
EDK Eckert Klette & Kollegen
F3S Rechtsanwälte
Thomsen & Fehr
"Kreischer, Ackermann & Partner GdbR"
H R G STIEHL & SCHMITT Rechtsanwälte / Fachanwälte PartG mbB
Bornemann-von Loeben
Schiffer Kühner Hanagarth
Rechtsanwälte Ganns · Meyer · Klein · Liebers
adjuga Rechtsanwaltsges. mbH
RB Reiserer Biesinger Rechtsanwaltsges. mbH
Schmid Wolfgang
Rechtsanwälte Stiehl & Schmitt
ULLRICH & NAUMANN Patent- und Rechtsanwälte
Werle-Rüdinger & Dr. Schoch
Rechtsanwälte Seiler & Kollegen
Notariat Heidelberg
KellerRechtsanwälte Partnerschaft
Rheindt Häussling Jungnitsch
Rapp Wolff Rechtsanwälte
"Anwaltsbüro für Arbeitsrecht Stather, Dr. Helmke, Döther, Hausmann, Evisen"
Elzer Rechtsanwälte
rechtsanwälte in bürogemeinschaft
Vollrath & Schwab Rechtsanwälte
Schneider & Kilic
Rechtsanwaltskanzlei Eickel - Schomerus - Scheidenberger
Zimmermann & Kollegen
Rechtsanwaltskanzlei Nadeschdin - Leischner - Arnhold
Dr. Härdle & Kollegen
Kierig Becker Behlau Hämisch
Mitschke & Kollegen
"SHL - Schwarz, Hufen-Fischer & Lorsbächer - Rechtsanwälte"
Rechtsanwälte Herzog & Kollegen
Rupp & Kollegen
Strack et Collegae
Frauenfeld Lüdemann & Partner Rechtsanwälte
Rechtsanwälte Platz
Lamadè & Kollegen
Nittel & Minderjahn Rechtsanwälte PartG mbB
Kanzlei Breiter
Bös & Kollegen
Akbas & Koll.
Dr. Walena Leipold & Kollegen
Rechtsanwälte Grasemann & Kollegen
Sachsse & Kollegen
Dr. Stadler & Partner GbR
Kern & Woesch
Budèus & Collegen
Greulich & Prochaska
Rechtsanwaltskanzlei Löweneck
Rechtsanwaltskanzlei Martz
Jung & Streffer Rechtsanwälte
Staudt Rechtsanwälte
Edelmann & Kohl
"Eichholtz, Lachenauer, Roch & Collegen Anwaltskanzlei"
Spiegel & Kollegen
Notariat Weinheim
Kanzlei Schüssler Pöschke Schnarr Rosenberg
Husser & Dittert Anwaltskanzlei
Kanzlei Hellmich & Collegen
Ulrich & Kollegen Rechtsanwälte
"WITTE, WELLER & PARTNER Patentanwälte mbB"
Rechtsanwälte Berth & Hägele Partnerschaft
Grossmann & Haas RechtsanwaltsGmbH
Naegele - Kanzlei für Arbeitsrecht
STEIGER & ZERR Rechtsanwälte & Fachanwälte
Frick Quedenfeld Rechtsanwälte
Dr. Schmid - Dr. Kunz Rechtsanwälte
"Dr. Gaupp & Coll., Rechtsanwälte"
Schelling & Partner Rechtsanwälte PartG mbB
Rechtsanwaltskanzlei Pflügner
Aust und Dr. Sturm
"Rechtsanwälte Prettl, Ebner-Köppl & Kollegen GbR"
Rechtsanwaltskanzlei Lacher - Napoli - Stössinger - Bauer
Kanzlei Larissa Hamm
Kurz Pfitzer Wolf & Partner Rechtsanwälte mbB
Rechtsanwaltskanzlei Rieger - Hartmann - Gawaz - Knippenberg - Hartmann
Bächle Kehrer Ganzhorn
Rechtsanwaltskanzlei Holoch - Müller - von Scholley
Rechtsanwälte BAYH & FINGERLE
Löffler-Wenzel-Sedelmeier Rechtsanwälte
Dr. Machanek Rechtsanwälte
Rechtsanwaltskanzlei Jauch-Wurster - Soergel
Kanzlei Königstraße Köster & Kollegen Rechtsanwälte Fachanwälte Steuerberater
Werwigk & Partner Rechtsanwälte mbB
Rechtsanwaltskanzlei Egloffstein - von und zu Egloffstein - Pfeifle
Rechtsanwaltskanzlei Syring - Weiberle - Thaler-Nölle
"Mohring, Karl A., Rechtsanwalt u. Kollegen"
Rechtsanwaltskanzlei Leidgeb - Linde - Weinmann - Benz
Anwaltskanzlei B|W|L
"Bartels und Partner, Patentanwälte"
Becker Bohn Rechtsanwälte Gesellschaft des Bürgerlichen Rechts
Beck Rechtsanwälte
Stolz Stelzenmüller Weiser Grohmann PartG mbB Rechtsanwälte
OPPENLÄNDER Rechtsanwälte PartG mbB
"Anwaltskanzlei SHP Schmitt, Hartmann, Protte & Partner"
Iuscomm Rechtsanwälte
DREISS Patentanwälte PartG mbB
Birkhold & Kollegen
Kapp & Geissler
"Ruff, Wilhelm, Beier, Dauster & Partner"
MEURER RECHTSANWÄLTE
"Bofinger, Busch & Partner"
Rechtsanwaltskanzlei Höss-Löw - Höss
Rechtsanwaltskanzlei Stillner - Eckhard - Stillner - Wieckhorst - Stillner
Rechtsanwälte Hemming & Hemming
"Rechtsanwälte Urcun, Wolf, Domé-Partnerschaft"
Rechtsanwaltskanzlei Cramer - Franck-Cramer
Summerer . Schäfer . Holowitz Rechtsanwälte in Partnerschaft
"Raible, Deissler, Lehmann Patentanwälte PartG mbB"
Melzer & Kempner Rechtsanwälte
Rechtsanwältskanzlei Jung - Spannenberger
"Claus, Grupp & Partner Kanzlei am Feuersee"
Rechtsanwaltskanzlei Arndt-Riffler - Stahl
Dres. Ulmschneider & Kollegen
Kanzlei Dr. Schmitz
Kanzlei Dr. Käser
Rechtsanwaltskanzlei Plum - Haack - Bätzner - Mitschele - Keller
Rechtsanwaltskanzlei Schweizer - Hilland - Waitzmann - Gudd
Brüllmann Rechtsanwälte
Notariat Bauer - Kuhn - Zagst
Baumann Rechtsanwälte PartG mbB
Rechtsanwaltsozietät Dr. Strobel & Partner GbR
Wolff Rechert Lauser Rechtsanwälte Partnerschaft
SeibertLink Rechtsanwälte GbR
Notariat Schneider - Zeiß
Rechtsanwaltskanzlei Epple - Lebsanft - Sprenger
"Dres. Hicker · Hammer · Müller-Feldhammer Partnerschaft von Rechtsanwälten, Steuerberater"
Kübler & Biermeier Rechtsanwälte PartG mbB
BMS RECHTSANWÄLTE - DR. BILIR & PARTNER mbB
Rechtsanwaltskanzlei Paliakoudis Bilger
Wende Erbsen & Partner mbB Rechtsanwälte - Fachanwälte für Medizinrecht
FRICK + PARTNER Rechtsanwälte Steuerberater PartG mbB
SCHIEFER & SCHMID Rechtsanwälte
RÜDISÜHLI BRENNER RENZ Rechtsanwälte
Anwaltskanzlei Gaßmann & Seidel
Kanzlei Witt Merz Scherf Fels
Streich & Koll.
"Kehl, Fuhrmann, Hezinger & Volpp"
StR Kanzlei für Strafrecht
"Rechtsanwälte Prof. Maser, Grassinger u. Partner"
"Mangold, Dr. Brazel, Weinhold"
Rechtsanwaltskanzlei Frank - Eppinger - Scherrenbacher
WALTER SIGLE RECHTSANWÄLTE PartG mbB
Karsten & Kappel Rechtsanwälte PartG mbB
Rechtsanwälte Jordan & Wagner
"Moosmayer, Hoffmann & Partner - Rechtsanwälte PartG mbB"
"Esper Ihrig & Partner, Rechtsanwälte mbB"
Kanzlei RGKS
"Rechtsanwälte Glauner, Goczol, Bertsch"
"Rechtsanwälte Trunk, Marfording u. Kollegen"
Blaich und Partner Rechtsanwälte mbB
"HOEGER, STELLRECHT & PARTNER Patentanwälte"
Lepp & Dorer
Rechtsanwaltskanzlei Pajic - Sikic - Sikic
Rechtsanwaltskanzlei Renz - Hefermehl - Luger - Rheiner
Rechtsanwaltskanzlei Seitz - Eggstein
Wesch & Buchenroth Rechtsanwälte PartG mbB
Rechtsanwaltskanzlei Zeller - Gutmann - Wohlfarth - Pitterle
Rechtsanwaltskanzlei Keller
MAIER RECHTSANWÄLTE STUTTGART
Wüterich · Breucker Rechtsanwälte
Rechtsanwaltskanzlei Hauschild - Sporkert - Steinberg - Koch - Abele
Jenderek Rechtsanwälte
"Rechtsanwälte Eibofner, Schütz und Kollegen"
Rechtsanwaltskanzlei Sakson - Schneider - Kannicht - Weiss - Hahn
RAe von Berg und Dr. Musch
Rechtsanwaltskanzlei Steffan - Tilgner
BOFINGER RECHTSANWÄLTE GbR
Lichtenstein
BANSBACH Recht & Steuern GmbH Rechtsanwaltsgesellschaft Steuerberatungsgesellschaft
"Kanzlei Wolff, Saemann, Zündel"
Kulas Rechtsanwälte & Insolvenzverwaltung
Kanzlei Schmid Bauer Eisenmann
Kees Hehl Heckmann Anwaltssozietät
Schick und Schaudt Rechtsanwälte PartG mbB
audit law GmbH Rechtsanwaltsgesellschaft
Dobler & Partner GmbH Steuerberatungsgesellschaft
"Eckhardt & Göritz, Partnerschaft von Rechtsanwälten"
Lenesis Anwalts- und Notarkanzlei
Schädel & Schädel Rechtsanwälte
DKS Rechtsanwälte
"Stahl & Kessler Rechtsanwälte, Notar Gesellschaft bürgerlichen Rechts"
Kleiner Rechtsanwälte PartG mbB
"ZGL-Rechtsanwälte Zielemann, Goll, Link"
Stallbaum + Zink
Dr. Merkgel & Kollegen Rechtsanwälte
Rechtsanwaltskanzlei Oberländer - Dörge
Falkenstein Rechtsanwälte PartG mbB
Rechtsanwaltskanzlei Hotz - Popp - Wackenhuth - Unterriker
Anwaltskanzlei Schade & Kollegen
Dr. Wolfgang Bayer & Partner
Rechtsanwälte Kasper Knacke PartG mbB
Rechtsanwälte Klemm & Wolfgramm
Rechtsanwaltskanzlei Kugler
Genoba Rechtsanwälte
Rechtsanwaltskanzlei Keln - Schulz - Maller
Rechtsanwaltskanzlei Braun - Kirschnek - Illig
Wagner & Partner Rechtsanwälte
Rechtsanwaltskanzlei Heidelbach - Grub - Simon
HAVER & MAILÄNDER Rechtsanwälte
Jackisch & Partner
Rechtsanwaltskanzlei vom Holtz - Schöbitz - Brüggemann - Schöbitz
Rechtsanwaltskanzlei Kuhn Carl Norden Baum
Hamann Rechtsanwälte
Kanzlei Dr. Rodloff & Kollegen
Diem & Partner Rechtsanwälte mbB
Hartmann Gallus & Partner Rechtsanwälte PartG mbB (mbB).
Rechtsanwaltskanzlei Prox - Munz
GR GRANER RECHTSANWÄLTE AVOCATS
RVR Rechtsanwälte Rechtsanwaltsges. mbH
Rechtsanwälte Wieser & Pfisterer
Rechtsanwälte Stuttgart Sauer + Partner RA 0711
Reuter Hald und Partner mbB Rechtsanwälte
Rechtsanwaltskanzlei Meyer - Schulz - Weber
Rechtsanwaltskanzlei Volz - Kress - Vogel - Mattausch
Großmann Rechtsanwälte
"Kanzlei Gläser, Schewe, Schirmer"
Rechtsanwaltskanzlei Maurer - Bauer - Ziegler
Maixner & Knab Rechtsanwälte
Rechtsanwaltskanzlei Alexandris - Doumanidis - von der Dellen - Dimopoulou-Böhne - Giannadakis
Welten & Kollegen - Rechtsanwälte in Bürogemeinschaft
Corak + Fink
Rechtsanwaltskanzlei Schmitt - Üzüm - Pfeil - Schnabel
Dr. Sigloch und Kollegen
Rechtsanwälte Fuhrmann & Partner
NJR Rechtsanwälte
Knecht Schmidt Menzietti Urlichs Wetzel
Rechtsanwaltskanzlei Lindner - Schweitzer - Weinmann-Hald
Reith Neumahr Rechtsanwälte PartG mbB
PHP Rechtsanwaltsges. mbH
Rechtsanwaltskanzlei Heinritz - Sauer - Heinritz-Zeller
Menold Bezler Rechtsanwälte PartG mbB
HSGB Rechtsanwälte & Notar
Gleiss & Große Patentanwälte · Rechtsanwälte
"Theumer, Wieland & Weisenburger Rechtsanwälte"
Rechtsanwaltskanzlei Eschle - Schultz
Görtz Rechtsanwälte
Anwaltskanzlei Dr. Mettang & Czech
Anwaltskanzlei Quaas & Partner mbB
H/W/S Dr. Pipping Rechtsanwaltsges. mbH
Johst Richter Rechtsanwälte
Friedrich & Kensbock Rechtsanwälte PartG mbB (PartG mbB)
Rechtsanwaltskanzlei Schedl - Scherf - Germann - Bross
Rechtsanwaltskanzlei Richter - Butteweg - Boldt - Kalkschmid
Rechtsanwaltskanzlei Schlegel - Schuster - Elwing
Kanzlei Schneider
Dr. Lohmann & Partner Rechtsanwälte
Schöller Rechtsanwälte
Hansis Törmer Bunnemann - Rechtsanwälte
Dr. Hörl Rechtsanwälte
Stumpf Patentanwälte PartG mbB
Rechtsanwaltskanzlei Maier - Schmid - Köngeter - Brobeil
Rechtsanwälte Steuerberater Möhrle - Wandel - Knieß - Kneissl PartG mbB
"Hennerkes, Kichdörfer & Lorz"
Rechtsanwälte Hammer und Rist
Rechtsanwälte der Kanzlei Dr. Steinhübel & von Buttlar
"Stirnweiß, Kvaic & Coll."
FWR Rechtsanwälte
Breyer Rechtsanwälte
Ernst & Young GmbH Wirtschaftsprüfungsgesellschaft
Rechtsanwaltskanzlei Schelling - Klotz - Pfeifer - Pfeifer
Dr. Müller-Rößler-Stirm & Kollegen
Rechtsanwaltskanzlei Gimoussiakaki
Weyde & Kollegen
"BVM Part, Rechtsanwälte, StB"
Rechtsanwaltskanzlei Reinhardt - Menz - Rapp
Rechtsanwälte Neugebauer & Kollegen
Rechtsanwaltskanzlei Schüle - Wagner - Ellinger
"Eberwein, Wüst & Kollegen Anwaltskanzlei"
"Kanzlei Dr. Adam, Daiss, Schairer & Kollegen"
Rechtsanwaltskanzlei Mayer - Vogel - Lehr - Wagner
Rechtsanwälte Dr. Lehmann & Kollegen
Notariat Kornwestheim
Rechtsanwaltskanzlei Branschädel - Maier - Wagner
Rechtsanwaltskanzlei Lenga - Gloistein - Fritz - Frey
Rechtsanwaltskanzlei Matthes - Sickinger - Schweizer
Kanzlei Großmann & Kollegen
Rechtsanwälte Petermann & Kollegen
Carroll Burdick & McDonough LLP
Schobinger & Partner - Rechtsanwälte
"Knebl, Schnaubert & Partner mbB Rechtsanwälte"
Eberspächer & Klein
Rechtsanwaltskanzlei Nußbaumer - Werner - Schumacher - Blessing
Notariat Böblingen
RAe Barth & Cursch
Rechtsanwalt Roland Frasch
Notariat Sindelfingen
Rechtsanwaltskanzlei Spitale - Klenk - Eberhard
Kullen Müller Zinser Treuhand GmbH Wirtschaftsprüfungsgesellschaft Steuerberatungsgesellschaft
Rechtsanwaltskanzlei Gerhard - Lieb - Klagges
Anwaltskanzlei Kellermann * Hellmig * Dr. Roser PartG mbB
Rechtsanwaltskanzlei Wolff - Milla
Rechtsanwaltskanzlei Vogelmann - Chatterjee - Zinser - Schell
Rechtsanwaltskanzlei Ringwald - Schubach - Bruckmann - Mertens
Anwaltskanzlei Dr. Kellermann-Körber & Kollegen
"Rechtsanwälte Wurster, Reichert und Kollegen"
Hotz & Partner
Zantke & Kollegen Rechtsanwälte - Steuerberater
Flegl Rechtsanwälte
Rechtsanwälte Speck - Bialdyga - Weiß - Hofacker
JAKELSKI & ALTHOFF Patentanwälte PartG mbB
Reichle Herdtle & Göppl Rechtsanwälte in Partnerschaft
Rechtsanwaltskanzlei Renk - Fischer - Kuhn - Fischer
"Dr. Schuhmann und Partner, Rechtsanwälte Steuerberater"
Notariat Waiblingen
Rechtsanwaltskanzlei Schmückle - Schmitt
Künzel&Partner Rechtsanwälte
Dr. Held Rechtsanwälte
Rechtsanwaltskanzlei Leibfritz - Schmid - Leibfritz
"Rechtsanwälte Reimund, Gittel, Schwarz"
Rechtsanwaltskanzlei Krützfeldt - Wiens
DORNBACH - MACKH Rechtsanwälte
Bollinger & Kollegen
Zeller & Maier
Rechtsanwaltskanzlei Kleinpeter
Rohde & Kollegen
Notariat Backnang
Rechtsanwälte Umbach & Kollegen
"Raith, Hanauska & Neifer Rechtsanwaltskanzlei"
Brucker & Sonntag Rechtsanwälte
Bollacher - Lang - König Rechtsanwaltskanzlei
Rechtsanwaltskanzlei Hönlinger - Krämer
Kähling & Kollegen Rechtsanwälte
Rechtsanwaltskanzlei Spatz - Schmidt - Zager
Riegger Rechtsanwälte
Rechtsanwälte Dr. Offterdinger & Hafner
Grub Frank Bahmann Schickhardt Rechtsanwaltspartnerschaft
Dr. Kreidler-Pleus und Kollegen
"HFS Rechtsanwälte Dr. Heinsen, Fröhler, Schopf Partnerschaft"
"Rechtsanwälte Stark, Mayer, Hehr und Kollegen"
Rechtsanwaltskanzlei Schuppener - Bratzler - Layher - Farian
Rechtsanwaltskanzlei Langer - Hettenbach
Ulrich Eberle & Kollegen
Rechtsanwaltskanzlei Joachim - Hemesath - Kilpper
Notariat Vaihingen an der Enz
Rechtsanwaltskanzlei Wizenmann
Rechtsanwaltskanzlei Dutschmann - Lausmann-Murr - Lausmann
Rechtsanwaltskanzlei Hüther
Kanzlei Papakçi
Kanzlei Leyrer & Hoppe-Willmann
"Walter, Riegger & Partner - Rechtsanwälte, Insolvenzverwalter, Steuerberater"
Kanzlei Schlüntz u. Koll.
Kanzlei Knott u. Partner
Kanzlei Oswald u. Koll.
"Rechtsanwälte und Notare Hauser, Dr. Babrowski & Partner GbR"
Kanzlei Dr. Friedrichsmeier
Kanzlei Dr. Steinhübel Rechtsanwälte
Kanzlei Dr. Schmehl u. Koll.
Rechtsanwaltskanzlei Failenschmid & Kollegen
Kanzlei Wüst u. Koll.
Rechtsanwaltskanzlei Omari
Kanzlei Heck & Kollegen
Kanzlei Hemeyer u. Koll.
"Kanzlei Späth, Hellmich, Ogrzewalla"
Kanzlei RA Schmarsli
Kanzlei Dietz u. Schwarz
Kanzlei Grauer u. Eissler
Kanzlei Jung u. Koll.
Avolegis Rechtsanwälte
Notariat Horb am Neckar
Kanzlei Karsten u. Kühfuss
RECHTSANWÄLTE Hammer - Drews - Hufschmidt
Notariat Nagold
Kanzlei Rau u. Koll.
Kanzlei Klaska u. Koll.
ABACUS Patentanwälte
Kanzlei Roller u. Koll.
Kanzlei Donder u. Koll.
Notariat Freudenstadt
Kanzlei Schrön u. Koll.
Kanzlei Kappler u. Koll.
Kanzlei ERBE & HOPT
Hanack & Kühn Anwaltskanzlei
Kanzlei Streicher u. Koll.
Scharf Hafner & Partner mbB Steuerberater Rechtsanwälte
Kanzlei Mörschel & Kollegen
Kanzlei Rager & Unger
Notariat Hechingen
Kanzlei Aufdermauer & Koll.
Anwaltskanzlei Dr. Schumacher
Kanzlei Dr. Erbe u. Koll.
Rechtsanwälte & Fachanwälte Knöpfler - Meboldt - Tosun - Remmlinger
Kanzlei Leuschner & Schmid
Kanzlei Fuchs u. Koll.
Kanzlei Kaspar u. Koll.
"Kanzlei Weiblen, Unden u. Koll."
Kanzlei Dold u. Koll.
Rechtsanwaltskanzlei Schmidt & Gissibl
Notariat Bad Urach
Notariat Nürtingen
Rechtsanwälte Dr. Müller & Kollegen
"Anwaltskanzlei Meister, Maier, Krause, Steinacher & Kollegen"
Wiederholt & Etzel Rechtsanwälte
Rechtsanwaltskanzlei Andersch Häuser
"Rechtsanwälte Wagner, Minidou & Klein"
Anwaltskanzlei DILLMANN - HAAB - MILLICH - SCHAICH
"Anwaltskanzlei Dr. Mitsdörffer, Weible & Kollegen"
Rechtsanwaltskanzlei Schilling - Berger - Gloksin - Steinbach
Kanzlei Rilling
Kanzlei Dr. Braitinger u. Koll.
ANWALTSKANZLEI SCHWÖRER & KOLLEGEN
Kanzlei Dr. Budde & Walker
DR. GROB HIRSCH HERMANN BONA Anwaltskanzlei
Dr. Schneider & Kollegen Rechtsanwaltsges. mbH
Kanzlei Rauscher u. Koll.
Kanzlei Zühlke
KOEBLE-DONUS-FUHRMANN-LOCHER-SCHOTTEN
Rechtsanwälte Tuch Ebeling Ratzke Partner
Kollegium Völker - Rechtsanwälte - Partnerschaft
"Bammert, Lang und Partner, PartG mbB, Steuerberater, Wirtschaftsprüfer, vereidigter Buchprüfer, Rechtsanwalt"
RWT Anwaltskanzlei GmbH Rechtsanwaltsgesellschaft
Kanzlei Dr. König u. Koll.
BWS Walker Rechtsanwälte
Notariat Reutlingen
Kanzlei Rath u. Koll.
Rechtsanwaltspartnerschaft Dr. Binder u. Mögle
Epple Luther Rechtsanwälte
Kanzlei Dr. Krumm u. Koll.
Kanzlei Rogge u. Koll.
Kanzlei Dr. Held u. Koll.
Kanzlei Schaufler u. Koll.
Kanzlei Dr. Degner u. Koll.
Bürogemeinschaft Keller Schlenger & Henke Rechtsanwälte
Vogl Rechtsanwälte
Rechtsanwaltskanzlei Stahl - Pfeifer - Horn - Roßnagel - Bauer
Rechtsanwaltskanzlei Uhl - Hauptmann-Uhl - Müller
Gläsel & Kollegen
Anwaltskanzlei Andreas Mauritz
Rechtsanwälte Jaeger & Kollegen
Rechtsanwaltskanzlei Dory - Marx - Dory - Grüner - Dory
Notariat Göppingen
Rechtsanwaltskanzlei Deininger - Deininger - Morasch
Rechtsanwaltskanzlei Wahlenmaier-Lang - Wahlenmaier
Rechtsanwaltskanzlei Mayer - Mayer - Hadatsch - Hauser - Jeutter
Nowak
Notariat Kirchheim unter Teck
Gänssle & Gras Rechtsanwälte Rechtsanwälte
Kanzlei Braun-Ott
NRG Nussbaum Rechtsanwaltsges. mbH
PLATO Rechtsanwälte
Anwaltskanzlei Roth
Rechtsanwälte Wörner & Kollegen
Rechtsanwaltskanzlei Oberländer - Kneer - Bittlinger - Bittlinger
Kanzlei Kellner & Kollegen
Wührl Hubel Klopfer Schöppner
Rechtsanwaltskanzlei Pflüger - Schirpke - Korting - Rickmann
Rechtsanwaltskanzlei Holzinger - Schicketanz - Weiss - Ruoff
Rechtsanwaltskanzlei Wieland - Finckh - Gall - Wieland
ANWÄLTEHAUS Bayrhammer & Kollegen
BFS Rechtsanwälte
Rechtsanwälte Mäurer und Partner
Rechtsanwaltskanzlei Gökeler - Franke - Necker - Britsch
Rechtsanwaltskanzlei Richter - Biermann - Kohlmeyer-Kaiser - Aubele - Ehrmann
Dr. Mayer & Collegen Rechtsanwälte·Fachanwälte
Rechtsanwälte Boecker
Rechtsanwaltskanzlei Klozbücher - Bergmann - Merz
"Dr. Baumann Wacker Baur & Sacher - Rechtsanwälte, Steuerberater"
Anwaltskanzlei Weber & Kollegen
Kanzlei Jettinger & Kollegen
Rechtsanwaltskanzlei Billinger - Paule - Beyer - Bäumel
Martis & Kollegen Rechtsanwälte
Rechtsanwaltskanzlei Dollhopf - Fezer - Lenz - Meixner
Rechtsanwaltskanzlei Menzner - Mertens-Rosenthal - Mertens
Rechtsanwaltskanzlei Dombrowski
Rechtsanwaltskanzlei Dodt - Heisig - Werner
Rechtsanwaltskanzlei Opris
Rechtsanwälte Beuther & Koll.
Klinger & Tschersich Rechtsanwälte
Rechtsanwaltskanzlei Gentner - Jäckel - Kranz
Kanzlei Hurlebaus & Hruscha
"kanzlei-svk Dr. Scholl, Vogel-Krüger & Soric"
Rechtsanwälte Hindennach Leuze & Partner
"Anwaltskanzlei Weiß & Partner, Rechtsanwälte, Patentanwalt"
Rechtsanwaltskanzlei Krepela-Biermann - Gass - Wörner - Biermann - Wanner
Rechtsanwaltskanzlei Hirlinger - Sauer - Lorenz
Rechtsanwaltskanzlei Mende
Rechtsanwälte Kammerer & von Au
Rechtsanwaltskanzlei Sauer - Paarmann-Passler - Kächele - Elsässer
Rechtsanwaltskanzlei Baumeister
Rechtsanwaltskanzlei Slany - Ramolla - Jäger
Koslowski + Partner Rechtsanwälte und FAe
Notariat Esslingen am Neckar
Rechtsanwälte Dr. Hopmeier & Partner
AnwaelteDirekt Dietz & Coll.
"Sauer, Strobel, Strobel, Mattes"
"Rechtsanwälte Aslanidis, Kress & Häcker-Hollmann PartG mbB"
Barth und Dolwig Steuerberatungsges. mbH.
Magenbauer & Kollegen
Rechtsanwaltskanzlei Wallesch - Kolossa - Goldschmid
Rechtsanwaltskanzlei Dzuba
Kanzlei Wrzodek
"Rechtsanwälte Dietz, Tonhäuser & Partner"
"Dr. Wachter, Mall, Kolb & Partner GbR"
Kugler & Wallmann Rechtsanwaltskanzlei
Rechtsanwaltskanzlei Vollmar - Banzhaf - Baltussen
Rechtsanwaltskanzlei TROSSBACH GEYER & PETERLE
Rechtsanwälte Eckert · Linkenheil · Rügner-Späth · Uhl · Mariano-Friedrich
"Zürn, Muth & Kollegen Rechtsanwälte"
Anwaltskanzlei Tikir & Öz
"Kanzlei Dr. Krüger, Schmidt & Doderer Gesellschaft bürgerlichen Rechts"
Sickenberger Rehmet Frauenknecht
"Rechtsanwälte Koch, Bümmerstede & Partner"
Stiefel - Bechdolf & Haußmann
GHA Rechtsanwälte
Rechtsanwälte Gratzel
von Bülow & Collegen Rechtsanwälte
Fichter & Kollegen Rechtsanwälte
Rechtsanwaltskanzlei Eckelmann - Glock
Rechtsanwaltskanzlei Wingerter - Ehninger - Schlefendorf - Wingerter - Wingerter
Rechtsanwaltskanzlei Kasper - Lang - Zoller-Lang - Dann-Kasper - Loibl
Schütz & Kleine Rechtsanwälte und Notare
Kanzlei Pfefferle
Rechtsanwaltskanzlei Beker - von Heyden - Mößner
Rechtsanwaltskanzlei Burkhardt - Schnabel
"Rechtsanwälte Vetter, Gerlach, Hartmann, Wurst, Strenkert"
Branz & Kollegen
Rechtsanwaltskanzlei Halter - Halter - Halter - Stiegele
Jung & Fabriz Rechtsanwälte
T I H I S I B I Throm I Hauser I Strobl I von Berlichingen I Rechtsanwälte I Steuerberater
Menzel · Rosskopf + Partner Rechtsanwälte
NIETZER & HÄUSLER . Wirtschaftskanzlei
Rechtsanwaltskanzlei Ritter - Kühner
Rechtsanwaltskanzlei Ballmann - Rieck - Spang - Lack - Ballmann
Rechtsanwaltskanzlei Bauer und Vogg-Bauer
Notariat Weinsberg
Rechtsanwaltskanzlei Klaper Schäufele Hertlein Schenzer Fritz Pohl GbR
Schmetzer Rechtsanwaltskanzlei
"Rechtsanwälte Cavada, Lüth und Kollegen"
"Rechtsanwälte - Rechtsbeistand Dr. Hinner, Birk-Braun Partnerschaft"
Anwaltskanzlei Dietrich Vogt
Hentschke & Bluekle
Zecher Anwaltskanzlei
Kütterer & Kollegen
Anwaltskanzlei Volke und Kollegen
Röhrich Metschke Rechtsanwälte
Rechtsanwaltskanzlei Esser-Blobel - Kugel - von Westerholt - Blank
SCHLEICHER & SCHWERDT Anwaltskanzlei
Notariat Schwäbisch Hall
Rechtsanwaltskanzlei Ebner - Bühler
Dr. Keller & Partner
Schmidt - Lamatsch-Grund - Rapp
Wagner & Partner GbR
Rechtsanwaltskanzlei Freytag - Gebhardt - Schwarz - Müller
Notariat Crailsheim
Anwaltskanzlei Rein & Braun & Beathalter & Partner GbR
Rechtsanwaltskanzlei Koch - Tocariu - Willenberg - Willenberg
Rechtsanwälte Schwarz & Nägele
"ADVOCA Rechtsanwälte PartG mbB Kritzer, Schmidt, Hofmann, Krafft, Baumann, Bayer"
Notariat Ingelfingen
Rechtsanwaltskanzlei Piesker - Koblenz - Löhlein-Ehrler
Rechtsanwälte Schimak und Kollegen
Rechtsanwaltskanzlei Paasch - Frink - Kaiser - von Klitzing
Rechtsanwälte Sickmüller & Koll.
Thomas Scheuermann & Kollegen Rechtsanwalt
Bischoff & Öhlschläger
Endlich Brauch Hess Rechtsanwälte Steuerberater Partnerschaft
Dr. Zundel & Partner Rechtsanwälte PartG mbB
Rechtsanwaltskanzlei Dr. Unglenk & Partner
BRIAN & WEBER RECHTSANWÄLTE
W. Frank & Koll. Rechtsanwaltspartnerschaft
Notariat Mosbach
Sänger - Häussler - Hirzel
Schumacher & Huber
Kolb & Kollegen
MAUSER SCHANZE Rechtsanwälte - Bad Rappenau
Schauer
Muckenfuß & Klein
Weidner & Weiß Rechtsanwälte
Mährlein Weisse Rechtsanwälte
Dr. Frank Brandt Zierau Schaubel
"Becker, Forster, Riegert, Burckhart, Uhlig"
Rechtsanwaltskanzlei Götz
"Uhlig, Grösser & Kollegen"
Horn + Kollegen Rechtsanwälte
Rechtsanwälte Ladenburger Neifeind Schmücker & Homann
Anwaltskanzlei Dr. Kohler
NONNENMACHER & DROTLEFF Fachanwaltskanzlei
Jäck & Kollegen
Fox & Kim - Rechtsanwälte
Schubert & Schilpp Fachanwälte in Partnerschaft
Staib & Partner Rechtsanwälte
Odenthal & Brandt
LSH Rechts- und Fachanwälte
Späth Freymark & Kollegen Rechtsanwälte
Dr. Schober & Partner
"Fachanwälte Calw Rechtsanwälte Schmidtberg, Schuster, Nothacker"
"Kömpf, Kunert & Kollegen Anwaltskanzlei"
Kanzlei Reichle u. Koll.
Notariat Calw
Notariat Mühlacker
"Maisenbacher, Hort & Partner Steuerberater Rechtsanwalt"
Nümann + Lang Rechtsanwälte
Kanzlei Dr. Schneider & Partner Rechtsanwälte
Schäufele & Zerfowski Rechtsanwälte
Hofsäß + Partner Rechtsanwälte
von Plehwe & Schäfer
Rechtsanwälte Storz & Kollegen
Prof. Dr. Dr. Gross
Thomsen Rechtsanwälte
Rechtsanwälte Gerhard Kuhn & Kollegen - Gesellschaft des bürgerlichen Rechts -
Rechtsanwaltskanzlei Goll-Doerfel - Goll
DURM & PARTNER Patentanwälte PartG mbB
Arfmann & Berger Rechtsanwälte
Heckert & Kollegen
Kastner Thomas
Rechtsanwälte Martin Schabel
"Lemcke, Brommer & Partner, Patentanwälte PartG mbB"
Schimanek & Vollbrecht
Silke Scheuch & Richard Lindner
Kahlert Baer Kopp
Meise u. Coll.
Zorn Rechtsanwälte
Lutz Beck Grobosch Rechtsanwälte
Anwaltskanzlei Bierbrodt
Rechtsanw. Klaus Schwaninger u. Birgitta Schmale
Dr. Bechtold & Kollegen Steuerberatungsges. mbH
Keller & Mennemeyer Rechtsanwälte beim Bundesgerichtshof
"Thomas Hannemann, Peter Eckl, und Erich-Wolfgang Moersch Rechtsanwälte"
Rechtsanwälte Dr. Schmitt und Kollegen Partnerschaft
von Gierke & Rohnke Rechtsanwälte beim Bundesgerichtshof
"Schilling, Peters GbR Rechtsanwaltskanzlei"
Deubner & Kirchberg Rechtsanwälte (BGB-Gesellschaft)
Rechtsanwälte Honold & Partner mbB
Kanzlei Prof. Dr. SCHINDLER
Hamm und Partner Rechtsanwälte
"Müller-Hof, Rechtsanwälte PartG mbB"
Albiez & Uchmann
Dr. Schultz & Dr. Schott
Knorz.Schütz.Lawyers
Siegmann & Kollegen Rechtsanwälte
Dennig & Kollegen
Kathmann & Gebhard
Bender & Kollegen
Müller & Woernle
"Widder, Ruetz, Heckmann"
"Nowak & Partner Steuerberater, Rechtsanwälte"
Dr. Hofmann & Schöpfle
Bauersachs & Kollegen
Scholz & Noetzel
"Küster, Klas & Kollegen Anwaltskanzlei"
Martin Rechtsanwälte Gesellschaft des bürgerlichen Rechts (GbR)
Völlinger & Partner Steuerberater - Rechtsanwalt
Lang & Kollegen
Dr. Ingenohl & Kollegen
Burow Kachur Gentes Fiebig Rechtsanwälte Steuerberater Partnerschaft
Zippelius Rechtsanwälte Partnerschaft mbB
Brillinger RechtsAnwälte
Rechtsanwaltskanzlei Keuerleber
Rechtsanwaltskanzlei Schork & Wache
Kanzlei Rastätter Steuerberater - Rechtsanwälte
Dres.v.Mettenheim/Toussaint
Baukelmann Tretter Rechtsanwälte beim BGH
"Lohkemper, Tretter & Emmert"
LICHTI Patentanwälte
Kanzlei GGG Göhringer Göhringer GdbR
Kuentzle Rechtsanwälte PartG mbB
"Deckers & Bähr, Rechtsanwälte, Wirtschaftsprüfer, Steuerberater Partnerschaft"
"Lander, Kohlmann & Partner Wirtschaftsprüfer Steuerberater Rechtsanwälte-Steuerberatungsgesellschaft"
Prof. Dr. Brandner & Dr. Kummer
Notariat Ettlingen
Rechtsanwaltskanzlei Raeschke-Kessler
Rechtsanwälte Dr. Müller und Thum
Notariat Rastatt
Rechtsanwälte und Fachanwälte Ruge und Partner GbR
Rechtsanwaltskanzlei Moser - Moser - Moser-Kirsch
FRIEDRICH Rechtsanwälte Fachanwälte
Hussels Rechtsanwälte
Epp Rechtsanwaltsges. mbH
Rechtsanwaltskanzlei Markowsky - Feber - Metzmaier
Günter Stüber Rechtsanwälte
Dr. Klaus Froebel & Partner mbB Rechtsanwälte
Rechtsanwalt Rainer Haas & Kollegen Rechtsanwaltsges. mbH
Anwaltskanzlei Riedel
Rechtsanwaltskanzlei Mirau - Zimmermann - Gilbert
Notariat Baden-Baden
Rechtsanwaltskanzlei Lesser
"Kuld, Bohnert & Kollegen Rechtsanwälte in Partnerschaft - Die Rechtsmanufaktur"
Rechtsanwaltskanzlei Franken
"Rechtsanwälte Meißner, Stengel & Partner"
Schwerter & Kollegen
Kistner Rechtsanwälte
Pierro & Pierro Anwaltskanzlei
Grauer & Weiß
Kleiser & Kollegen
Link & Kollegen
Ribstein & Ribstein
Kanzlei Heinzmann
Dr. Friedmann & Partner mbB Anwaltskanzlei
Schweigert & Kollegen
Kanzlei für Recht und Steuern
Weiler & Kollegen
Jüdt Rechtsanwaltsges. mbH
Himmelein & Büsch
Egbert Weigel und Kollegen.
Rechtsanwalt und Fachanwalt für Bau- und Architektenrecht
Dr. Volker Wissing
Rechtsanwaltskanzlei Wittmer
Kanzlei Rocker und Kollegen
Lütz-Binder und Kollegen
Kornmann und Kollegen
Rechtsanwälte Burgard & Koll.
Rechtsanwaltskanzlei Haspel
Dr. Luppert und Kollegen
"Rechtsanwälte Stich, Dörr, Roth & Partner"
Droste und Kollegen
Rechtsanwaltskanzlei Zimmer - Hartmann - Abel - Hartmann
Morstadt | Arendt Anwaltspartnerschaft
Rechtsanwälte Nesci Nussbaumer
"Rechtsanwälte Hirt, Valdés und Koll."
WSW-Kanzlei
Kanzlei EHREN & KOLLEGEN
Fahr - Gross - Indetzki Rechtsanwälte
Dr. Lange & Kollegen Rechtsanwälte
Kanzlei Schwarz & Weidt
"Mildenberger, Lusch & Partner"
Rechtsanwälte Dr. Müller & Koll.
KANZLEI NICKERT
Rechtsanwälte Strempel & Coll.
Rechtsanwaltskanzlei Kohlmorgen - Görhardt - Hemmer - Heß
Werner & Knop Rechtsanwälte
"Rechtsanwälte Scheiderbauer, Müller & Part"
"Rechtsanwälte Herp, Jenike & Kollegen"
Sozietät Dr. Schloz - Pilz - Braun
GHJ GmbH Steuerberatungsgesellschaft
Rechtsanwaltskanzlei Faller - Ließ - Birk
Rechtsanwaltskanzlei Watter - Große-Wächter
Kanzlei Brett
Rechtsanwaltskanzlei Lederle - Nitzsche - Kuhn
Avocats Bauerreis Chevalier International (ABCI) Rechtsanwaltsges. mbH
Rechtsanwälte Wortberg & Dr. Stöckel
Rechtsanwälte Dr. Tauchert und Partner
Rechtsanwälte Wilke & Kollegen
Anwaltsbüro Scheid
Rechtsanwaltskanzlei Gentges
"Geisenhainer, Dr. Ammann & Hoogen"
"Kanzlei Hafen, Kemptner & Stiefvater"
Anwälte Hörth - Breuninger - Stötzel
"Rassek, Ehinger & Partner Rechtsanwälte Fachanwälte"
Rechtsanwaltskanzlei Mayer - Busch - Ritter
Notariat Lahr
Jürgenmeyer & Partner Rechtsanwälte mbB
Kanzlei Stengler & Koll.
Kanzlei Broßmer & Leisinger
Rechtsanwaltskanzlei May - Wendle - Schöninger
Wingert & Kollegen Rechtsanwälte
Rechtsanwaltskanzlei Heitz - Knobl - Kutschera
Krauss-Law
Rechtsanwaltskanzlei Wasmer & Kollegen
Rechtsanwaltskanzlei Flum - Jäckle - Jäckle
Rechtsanwälte Dr. Walz & Lucha
"Rechtsanwälte Mecke, Pöschl & Koll."
Anwälte am Oberen Tor
Schreiber & Noeske Anwaltskanzlei
Rechtsanwaltskanzlei Neumann - Häringer - Neumann
Kanzlei Blessing und Berweck
Brugger & Schießle
Rechtsanwaltskanzlei Eibofner - Kießig - Rieger
Anwaltskanzlei Wangler Martin Wangler
Rechtsanwälte Ruby & Schindler
Heimburger & Schlenker Rechtsanwälte Fachanwälte
"Neymeyer & Partner GbR, Patentanwälte"
"Nestler, Kederer, Bartholme & Partner - Rechtsanwälte"
Sozietät Haller | Tritschler | Maier Fachanwälte
Limberger Fuchs Koch & Partner mbB Wirtschaftsprüfer Rechtsanwälte Steuerberater
"TRÖNDLE / LÖFFLER / HÖFLER Partnerschaft Rechtsanwälte, Steuerberater, Wirtschaftsprüfer"
Kanzlei am Dianabrunnen
Kanzlei Reichert & Reichert
Rechtsanwälte Harald Fahr Markus Henke Daniel Oexle Michaela Gesell
Zirlewagen & Kollegen
OPPERMANN & COLL.
Notariat Singen (Hohentwiel)
H. Zimmermann & Th. Zwibel Rechtsanwaltskanzlei
Rechtsanwälte Messmer-Klök-Groten
"Grüntker, Mohr & Coll. Rechtsanwälte"
Rechtsanwälte Pfeiffer & Kollegen
"Patentanwälte und Rechtsanwalt Weiß, Arat & Partner mbB"
Dorell & Collegen
Wörrle Rechtsanwälte
Dr. Hansen & Dr. Besuden Partnerschaft von Rechtsanwälten
Horsch Friedrich Dr. & Kollegen Anwaltskanzlei
Bek & Kollegen
Rechtsanwälte Rohrer Fulde Rebmann
Konzil Kanzlei
Rechtsanwalt Thomas Kimmig
Partnerschaft Kues & Partner Rechtsanwälte
Rechtsanwälte Baiker & Partner
Dr. Spiri & Dietrich Rechtsanwälte
Rechtsanwaltskanzlei Saydam - Misol - Saydam
Rechtsanwälte Dr. Oberthür und Kollegen
Notariat Konstanz
Rechtsanwaltskanzlei Bock - Rosenplänter - Merz - Wagner - Joos
Rheinhof Anwälte
RECHTSANWÄLTE WUNSCH / WALLAUER-FRIEDRICH / LÖWE & KOLLEGEN
Derdus & Krämer
"Rechtsanwälte Besuden, Frick, Maier, Rahm"
Doubleday Grobstich Seel Rechtsanwälte
Rechtsanwaltskanzlei
Anwaltskanzlei Zuber & Merz
Rechtsanwälte Fischer & Collegen
Wirlitsch - Kanzlei für Arbeitsrecht Michael Wirlitsch
Rechtsanwaltskanzlei Füllsack - Kress - Dermühl - Füllsack
Notariat Tuttlingen
"Kanzlei Werner, Ober, Stendebach"
Dr. Heni und Partner Steuerberater Rechtsanwälte PartG mbB
Kanzlei Mussgnug u. Koll.
Kanzlei Keil u. Koll.
Kanzlei Schilling u. Koll.
Rechtsanwaltskanzlei Neuper
Kanzlei Schumacher u. Koll.
Rechtsanwaltskanzlei Schust
BURKARD RECHTSANWÄLTE
Kanzlei Dr. Schellhorn u. Koll.
Rechtsanwälte Benner · Reinhardt · Mack · Honer · Stärr
FKP Rechtsanwälte Fuchs und Kohler PartG mbB
Notariat Rottweil
Re.Wi.St.-Kanzlei
Kanzlei Schmidt u. Koll.
Kanzlei Dr. Morof u. Koll.
Kanzlei Henn u. Koll.
Notariat Schramberg
Kanzlei Kohler u. Koll.
"Rechtsanwaltskanzlei Neudeck, Haller, Schurr, Langenbacher & Bergmann"
"Pauly & Partner, Rechtsanwälte"
Rechtsanwaltskanzlei Mayer
"Schurig + Tilgener, Rechtsanwälte - Partnerschaft"
Rechtsanwälte Droste & Wendel-Jany
Rechtsanwaltskanzlei Schieler - Hirth
Jehle - Láng - Meier-Rudolph - Köberle Rechtsanwälte
Rechtsanwaltskanzlei Bongarth - Hillesheim - Huber
Notariat Freiburg
Kanzlei Manias und Wolff Rechtsanwälte und Insolvenzverwalter Partnerschaft
Rechtsanwälte Schmidt-Hofner
Rechtsanwaltskanzlei Meier - Schlindwein - Sauer
Dostal & Sozien Rechtsanwälte
Dr.Fettweis & Sozien
SCHNEPPER MELCHER Rechtsanwälte
Rechtsanwaltskanzlei Lamster
Albert Rechtsanwälte
"Kaiser & Sozien, Rechtsanwälte, Steuerberater, Wirtschaftsprüfer, PartG mbB"
Möller & Möller Rechtsanwälte
Rechtsanwälte Greiner & von Witzleben
"Falk & Diwo Steuerberatungsgesellschaft, Treuhandges. mbH"
"Abletshauser, Gröger & Kollegen Rechtsanwälte"
"Rechtsanwälte Jeutter, Paul, Dr. Fenn, Stiegeler"
Rechtsanwälte Siegert & Keller
Rechtsanwaltskanzlei Becker und Kollegen
Gillmeister Rode Rechtsanwälte
Dohle Simon Rechtsanwälte
Rechtsanwaltskanzlei Nolte Pustejovsky
Lübbert Haaf Beeretz Berst & Kollegen
Rackette Partnerschaft
Bantel und Kollegen Rechtsanwaltsges. mbH
Thalmaier | Adam | Stark | Rechtsanwälte
"Nehrig, Braun & Sozien"
Rechtsanwaltskanzlei Radü - Scholz - Scholz - Volkmann - Brake
Anwaltsbüro im Hegarhaus
Rechtsanwaltskanzlei Becker - Matthias - Oesterle - Huber
Rechtsanwaltskanzlei Dr. Heß & Kollegen
"Rechtsanwälte Gnann, Thauer & Kollegen"
Rechtsanwälte Meinecke · Seibt · Kaiser
Rechtsanwaltskanzlei Waldmann - Steinmetz - Tappe
Rechtsanwaltskanzlei Roll - Mumdey - Imbach - Wallschlag
Rechtsanwälte Angelika Geil
Kanzlei Wallstraße
FALLER & ABRAHAM Rechtsanwälte und Fachanwälte
Rechtsanwaltskanzlei Dr. Hansen und Kollegen
S³ Schilli Schmidt Sozien Rechtsanwaltsges. mbH
"wvib, Wirtschaftsverband Industrieller Unternehmen Baden e.V."
"Rechtsanwälte Dr. Grund, Grund, Räuchle, Besazza-Sulser"
Rechtsanwaltskanzlei Graf
Dr. Flügler & Partner Rechtsanwälte
Baedeker & Reimann Rechtsanwälte
"Dehmer & Partner Kanzlei für Unternehmens- und Steuerrecht, Rechtsanwälte, Wirtschaftsprüfer, Steuerberater"
"Dr. Bausch, Binninger & Partner GmbH Steuerberatungsgesellschaft"
Rechtsanwaltskanzlei Wagner - Wallmeyer - Althaus
"Dölle, Bingel & Partner Rechtsanwälte"
MAUCHER BÖRJES JENKINS Patent- und Rechtsanwälte
Rechtsanwaltskanzlei Haberbosch - Straub
Schüller Anwältinnenkanzlei
ENDRISS UND KOLLEGEN
Anwaltskanzlei Dr. Mörder & Kollegen
Fridrich Bannasch & Partner Rechtsanwälte mbB
Rechtsanwälte Dr. Musella & Collegen
Rechtsanwälte Bender & Philipp
Rechtsanwälte Pohl-Sitzler
"Krieger, Graff, Gruler & Partner, Rechtsanwälte"
Hiddemann & Kleine-Cosack Rechtsanwälte
Haitz Rechtsanwälte & Steuerberater
Rechtsanwaltskanzlei Mayer - Siegfried - Beate - Plener
Schotten und Partner mbB Rechtsanwälte
Sparwasser & Heilshorn Rechtsanwälte PartG mbB.
Rechtsanwälte Dr. Fricke & Partner
Dr. Riedlinger & Partner GbR
"Brunner, Liesenborghs & Partner GbR"
"Rechtsanwälte Simon, Evers & Dr. Klimsch"
Benesch Winkler RechtsanwaltsPartG mbB
Rechtsanwaltskanzlei Kulpe - Neubert
Sozialrecht in Freiburg Rae Christian L. Fritz und Kollegen
Jugitatio Rechtsanwälte Braune & Podgajny GbR
Mayer & Mayer Rechtsanwälte
Anwaltsbüro Möllinger - Schandl - Hartmann - Lang-Jakob
Dr. Stilz Behrens & Partner mbB Wirtschaftsprüfer Steuerberater Rechtsanwälte
Rechtsanwälte Kuthe & Kollegen
ELC Rechtsanwälte Dunkel Krämer Schällig PartG mbB
"Rosset, Merz & Partner Rechtsanwälte PartG mbB"
Rechtsanwälte Dr. Huber & Großblotekamp
Anwaltskanzlei Waldkirch & Lörrach
Rechtsanwaltskanzlei Kiesel - Schätzle - Thoma
Prill & Fidler Rechtsanwälte
Rechtsanwaltskanzlei Scherer - Fessler - Hofmann
"Dr. Einhaus & Partner, Rechtsanwälte"
"Steiger, Schill & Kollegen Rechtsanwälte PartG mbB"
Rechtsanwälte Herrigel - Rau § Partner
Rechtsanwaltskanzlei Wilser - Bürkle - Mössner
AC A. Cordier & Kollegen
Rechtsanwaltskanzlei Schirk - Engelmann - Dumpert - Wolter
Rechtsanwälte Bergner und Weber
Anwaltskanzlei Binder & Kollegen
Rechtsanwaltskanzlei Fröhmcke - Wittich-Olt
Rechtsanwälte Roschmann & Begemann
Rechtsanwälte Dr. Hitzfeld & Kollegen
Rechtsanwaltskanzlei Suffel
Rechtsanwaltskanzlei Simon
Reissmann & Künstle Dagmar Hitzfeld Rechtsanwälte
Rechtsanwälte Dr. Boll & Kollegen
"Rechtsanwälte Hubert Pfeifle, Manfred Lutz und Ilona Schütz"
Bürogemeinschaft m. Rechtsanwälte Scharfenberg
Michelsen Rechtsanwälte
Anwaltskanzlei Althoff
Rechtsanwälte Dr. Vortisch & Koll.
Seidler & Kollegen
Rechtsanwälte Foege & Kollegen
Dr. May und Jung Rechtsanwaltskanzlei
Rechtsanwaltskanzlei Meier - Liesenbrink - Limberger
Rechtsanwälte Graf & Kollegen
Rechtsanwaltskanzlei Thoma - Spingler - Thoma
Rechtsanwaltskanzlei Greulich - Heilmann - Zirkel - Pidancet
Notariat Bad Säckingen
Rechtsanwaltskanzlei Hapig - Sternke - Hanschmann
Anwaltskanzlei Schreiber&Küpfer
Anwaltskanzlei Straub & Kollegen
PSB Rechtsanwälte Pfeiffer Schneider Breski
HTH GbR
Dr. Brunner & Partner Rechtsanwaltsgesellschaft mbB
mohr & stritt Anwaltskanzlei
Falke & Fiedler Rechtsanwälte
Stolmár & Partner Patentanwälte PartG mbB
Jurelus Rechtsanwaltsges. mbH
"Ratner & Prestia, P.C., Zweigniederlassung München"
"LEITNER & PARTNER, Rechtsanwälte"
Tacke Krafft Rechtsanwälte in PartG mbB
Kanzlei Tomanke & Hönig
"Wallinger Ricker Schlotter Tostmann, Patent- und Rechtsanwälte PartG mbB"
Jakab und Fichtner Rechtsanwalts-Partnerschaft
Gassner Rechtsanwälte
Knorr Rechtsanwälte AG
Rechtsanwaltskanzlei Koch - Koch - Westner
"Kollmar, Deby & Sinz Rechtsanwaltsges. mbH"
Rechtsanwaltskanzlei Boehm
Kanzlei Ziegelmayer & Hopfensperger
Kanzlei Gütt Olk Feldhaus
Kanzlei Shearman & Sterling LLP
Kudlek & Grunert Patentanwälte Partnerschaft
Rechtsanwaltskanzlei Ludwig - Hornung - Schaich
SOLEOS Rechtsanwälte Gimple Neuenhahn PartG mbB
Dehmel & Bettenhausen Patent- und Rechtsanwälte
Rechtsanwaltskanzlei Frikell - Zinkeisen - Frikell
Kanzlei Rayermann Legal
Rechtsanwaltskanzlei Olsen
Kanzlei Lang Kleindienst Fuchs
nospat Patent- und Rechtsanwälte GbR
Kanzlei Müller-Feyen
Schwarz Thönebe & Kollegen Rechtsanwälte
von Máriássy Dr. von Stetten Rechtsanwälte
Eber Schäder Schäfer Bergida Wiesinger Gebhardt Rechtsanwaltspartnerschaft
Dr. Weigl Augustinowski Treuconsult GmbH Rechtsanwaltsgesellschaft Steuerberatungsgesellschaft
BMMF RECHTSANWÄLTE
Glock Liphart Probst & Partner Rechtsanwälte mbB
Kanzlei Otto Hugendubel Emmert GbR
Kanzlei Illichmann Kettl & Partner GbR
Patent- und Rechtsanwälte PETERREINS SCHLEY
Kanzlei Dr. Freundorfer Melzer Langer
SCHWAMB · HEILING RECHTSANWÄLTE
BTU SIMON GmbH Rechtsanwaltsgesellschaft Steuerberatungsgesellschaft
Kanzlei Pohlmann Hofmann Partnerschaft
HOLTERMAN & FISCHER RECHTSANWÄLTE FACHANWÄLTE FÜR SOZIALRECHT
"Mitscherlich, Patent- und Rechtsanwälte PartG mbB"
"Dr. Tscheuschner, Schauer & Lengler Rechtsanwälte"
Kanzlei Hägele Fehling
Nath & Kollegen Rechtsanwälte
Meister Rechtsanwälte PartG mbB
Winter Werndl-Laue Rechtsanwälte
Straßer Feyock Partnerschaft Rechtsanwälte
SBL Rechtsanwälte GbR
WELLENSIEK Rechtsanwälte - Partnerschaft
Kanzlei Dr. Boeters & Lieck
Patentanwälte Staeger & Sperling PartG mbB
Rechtsanwälte Prof. Dr. Müller und Partner Partnerschaft mbB
Kanzlei Graßinger u. a.
Thomas Vasel Rechtsanwalt
Dr. Keusch Rechtsanwälte
Dr. Grill & Wilde Rechtsanwälte Partnerschaft
"Kanzlei Dr. Bumeder, Rehrl, Fiedler, Vilsmeier"
Rechtsanwaltskanzlei Oswald - Gerleit - Anzenberger
Kanzlei Wessel & Wessel
Rechtsanwaltskanzlei Dr. Heublein
Kanzlei Kapellmann & Partner
Kohlmeier Illenseher
Kanzlei Freshfields Bruckhaus Deringer
Kanzlei Schwaiger & Kollegen
Kanzlei v. Martius Vornehm & Burnhauser
Stetter Rechtsanwälte Wirtschafts- und Steuerstrafrecht
Kanzlei Rombach
Rechtsanwaltskanzlei Kirchmann - Wedekind
Kanzlei Dr. Pradelski & Pradelski
Kanzlei Wach & Meckes LLP
Laskos Rechtsanwälte Rechtsanwaltsges. mbH
Kanzlei Ubert · Hochmuth · Kaspar
kleeberg Rechtsanwaltsges. mbH
Rechtsanwaltskanzlei Herkommer
Lohberger & Leipold Sozietät von Rechtsanwälten
Kanzlei Kanz & Kollegen
Kanzlei Halt & Schmid
Lauterbach Partner Rechtsanwälte
Labbè & Partner mbB Rechtsanwälte - Steuerberater
Kanzlei Maly Häcker & Kollegen
Rechtsanwältin Prof. Dr. jur. habil. Ute Walter
"GROLL, GROSS & STEINER"
Amereller Rechtsanwälte - PartG mbB
KOPF WESTENBERGER WACHENHAUSEN Patentanwälte PartG mbB
Kantenwein Zimmermann Fox Kröck & Partner Rechtsanwälte Steuerberater Wirtschaftsprüfer PartG mbB
"WGZ Wolf, von Gaál, Zuschlag & Partner Rechtsanwälte"
Kanzlei Graf Kanitz Schüppen & Partner
Kanzlei Fiedler Becker-Busche Gebhardt
Kanzlei Thelen & Reiners
Kanzlei La Rosee & Kollegen
SNP Schlawien PartG mbB Rechtsanwälte Steuerberater Wirtschaftsprüfer
Kanzlei Dr. Jofer & Kollegen
LUTZ / ABEL Rechtsanwälte PartG mbB
DABB Rechtsanwaltsges. mbH
Betten & Resch Patent- und Rechtsanwälte PartG mbB
KAP Rechtsanwaltsges. mbH
Rechtsanwaltskanzlei Kochanski - Hofstetter - Breutel - Lederer
Rechtsanwaltskanzlei Kaufmann - Häring - Schmidt-Fichtner
Kanzlei A&R - Avvocati in Bürogemeinschaft
Kanzlei Meier Stretz & Coll.
Kanzlei ASR Astner Sünkenberg GbR
Weimann Rechtsanwälte
Rechtsanwalt Leonhard Graßmann
Kanzlei Reibetanz
Rechtsanwaltskanzlei Kranzbühler - Kranzbühler - Engler
Rechtsanwaltskanzlei Schaller - Beisler - Struppler
DR. HINTERMAYER & KOLLEGEN Rechtsanwälte
Kanzlei Lohner & Fischer
Steinpichler Rechtsanwälte · Steuerberater
Kanzlei Zillich
Kanzlei Lang Colberg Wagner
Meisterernst Rechtsanwälte PartG mbB
Kanzlei Täuber & Steegmann
Zirngibl Rechtsanwälte PartG mbB
MJP Rechtsanwälte
GLNS Ege Graßl Gubitz Lindner Mittermeier Nikoleyczik Peitsmeyer Scheidle Schult Rechtsanwälte Steuerberater PartG mbB
Bossi & Ziegert Rechtsanwälte
"Dr. Kainz & Partner mbB Rechtsanwälte für privates Baurecht, Architektenrecht und Vergaberecht, Mediation in Bausachen"
Rechtsanwaltskanzlei Roder - Schneider
Hupe Gantenberg Partnerschaft von Rechtsanwälten
Forum GmbH Wirtschaftsprüfungsgesellschaft
Rechtsanwaltskanzlei Georg Stock & Kollegen
PÖLLMANN Rechtsanwälte - Insolvenzverwalter
Kanzlei Rombach & Christ
Trimolt & Idek Rechtsanwälte Partnerschaft
Kanzlei Ringel & Hillebrand
Kanzlei Winkelmeier & Maiwald
Kanzlei Westermeyr & Lerg
"Rechtsanwälte Prof. Mayer, Kambli, Steger, Schlauch"
Rechtsanwälte Dr. Hokema Partnerschaft
Kanzlei Wiesener Koller
"Schaal & Partner Wirtschaftsprüfer, Steuerberater mbB"
W&R - Weigell Rechtsanwälte
Rechtsanwälte Wächtler und Kollegen
Rechtsanwaltskanzlei WürtenbergerKunze
Heisse Kursawe Eversheds Rechtsanwälte Partnerschaft
PMP Paproth Metzler Partner Rechtsanwälte
Artz & Partner Rechtsanwälte . Steuerberater
Kanzlei v. Geldern-Crispendorf
meyer.rechtsanwälte PartG mbB
Kanzlei Breitmoser Krauss Wechtenbruch
Kanzlei Treuheit & Volpers
"Werner, Luger & Partner, Rechtsanwälte"
Kanzlei Roglmeier & Demirci
"di Pace, Wagener, Rechtsanwälte PartG mbB"
Rechtsanwaltskanzlei Rauch - Mayer - Fiedler - Plamann
Kanzlei LegaleDE
Kanzlei Bergschneider Michelmann Hamm
v. Waldthausen Rechtsanwaltsgesellschaft Steuerberatungsges. mbH
Kanzlei Baker & McKenzie Part.-Ges.
Gleichenstein & Breitling Rechtsanwälte
"TREUCURATOR Grosse, Reuther & Collegen GmbH Rechtsanwaltsgesellschaft Steuerberatungsgesellschaft"
Kanzlei Duchon & Meißner
Theatiner Rechtsanwälte
Wolfsteiner Roberts & Partner Rechtsanwälte
Winkhaus Vogel Tröster Fachanwälte für Medizinrecht Partnerschaft
awt Rechtsanwälte
Kanzlei Fendt - Mangold
Kanzlei Frenzel & Goetzl
Maiwald Partnerschaft - Patent- und Rechtsanwälte
Horsch Oberhauser Rechtsanwälte Partnerschaft
"Kremer, Höck & Kollegen"
Ebner Stolz Mönning Bachem GmbH & Co. KG Wirtschaftsprüfungsgesellschaft Steuerberatungsgesellschaft
"Rechtsanwälte Romatka & Collegen, Gesellschaft Bürgerlichen Rechts"
Rechtsanwälte Simsekol
Rechtsanwaltskanzlei Maier
Senft & Collegen Rechtsanwaltsges. mbH
ENDEMANN.SCHMIDT Partnerschaft von Rechtsanwälten mbB
Waigel Rechtsanwälte PartG mbB
Kanzlei Förschner Färbinger
Kanzlei Kreuzer Pfister & Girshausen
Kanzlei Kränzlein Adams Eckstein
"Ruttensperger Lachnit Trossin Gomoll, Patent- und Rechtsanwälte PartG mbB"
"Eisenführ, Speiser & Partner Patentanwälte Rechtsanwälte"
Synek Norman
Kanzlei Laumer & Laumer
Imbeck Rechtsanwaltsges. mbH
Wall & Kollegen Rechtsanwälte
FLÜGEL PREISSNER SCHOBER SEIDEL Patentanwälte PartG mbB
Dr. Langenmayr GmbH Wirtschaftsprüfungsgesellschaft
Pause Rechtsanwälte
seebacher.fleischmann.müller kanzlei für arbeitsrecht
Laqua & Kollegen
"Emrich, Schötz und Partner GbR"
Kanzlei Ott & Gerloff
Rechtsanwälte Bink Ottmann
FASP Finck Sigl & Partner Rechtsanwälte Steuerberater mbB
Brandstock Legal Rechtsanwaltsges. mbH
SANAS Rechtsanwälte
Kanzlei Dr. Gallus & Kollegen
Kanzlei Braun & Kollegen
Kanzlei Hans-Dieter Fuchs
ANWALTSKANZLEI ULUSAN
KMP Klamert Mahr Partner Rechtsanwälte Partnerschaft
Anwaltskanzlei Bauer
Kanzlei Heene & Stenger
Kanzlei Heiss & Kollegen
Kanzlei Waldorf Frommer GbR
Rechtsanwaltskanzlei Eckstein & Kollegen
Rechtsanwaltskanzlei huber.mücke.helm
Kanzlei Hausberger & Kollegen
Kanzlei Heuberger
KROHER - STROBEL Rechts- und Patentanwälte
Kanzlei Merget & Vogel
EQZ Rechtsanwälte
Kanzlei TBK-Patent
Bronhofer Lukac Langlotz & Partner Rechtsanwälte mbB
Kanzlei Wächter & Kuss
K&E Fette Schoepe Pennartz Reinke Richert Rechtsanwälte
"conlex Rechtsanwälte, Bühler und Partner Partnerschaft"
Rechtsanwaltskanzlei Hamann
v. Luxburg & v. Luxburg Rechtsanwälte Partnerschaft
Kanzlei Goth & Jacoby Partnerschaft
LermerRaible Patentanwälte und Rechtsanwälte
RAe Niklas & Vita Mantscheff
Kanzlei Bistritzki Brügel & Partner
Kanzlei Batzer Weisser Gerhard
"Dr. Klüver, Dr. Klass, Zimpel & Kollegen Rechtsanwälte"
Liebl LL.M. Dr. Schöfer-Liebl & Kollegen (GbR)
Kanzlei Leibbrand Fischer
Ampersand Rechtsanwaelte LLP
Dr. Roller & Partner - Rechtsanwälte PartG mbB
Rechtsanwaltskanzlei Schmid - Krone
GERSTENBERG Rechtsanwälte GbR
Rechtsanwaltskanzlei Eberwein - Winkler - Fellmann - Beck
RechtsanwälteG Haug & Partner
Ritzer & Kollegen Rechtsanwälte - Steuerberater Partnerschaft
Kanzlei Fürer & Röhrle
"Waibl, Soukup & Partner, Partnerschaft von Rechtsanwälten mbB"
Rechtsanwaltskanzlei Ganslmeier
Kanzlei Brinkmann & Partner
Kanzlei H. D. Steichele
Kanzlei Schneider Schiffer Weihermüller
ZEUNER SUMMERER STÜTZ Patent- und Rechtsanwälte Partnerschaft
Bürogemeinschaft p24
Schuhmann Rechtsanwälte
Kanzlei Witte u. a.
"Dr. Becker, Dr. Kurig, Dr. Straus"
Bettinger Scheffelt Kobiako von Gamm PartG mbB
Kanzlei Manitz Finsterwald & Partner
Rechtsanwäte Tarabochia
Kanzlei Appelt Rechtsanwälte
Schneider & Collegen Rechtsanwälte München PartG mbB
Kanzlei Seidl Hohenbleicher Mirz
RA Klaus Stadler
Kanzlei Ewald & Eidloth
Graf & Naydis Rechtsanwälte
Dollinger Partnerschaft Rechtsanwältinnen und Rechtsanwälte
Rechtsanwaltskanzlei Hartman-Hilter
Rau & Kollegen Rechtsanwaltsges. mbH
Reiners & Partner Rechtsanwälte
Anwaltscontor
Rechtsanwaltskanzlei Schreyer - Loy-Birzer - Loy-Birzer
"FRIEDLEIN Rechtsanwälte, Wirtschaftsprüfer, Steuerberater PartG mbB"
TRACC Legal Rechtsanwälte
RAINER & DIEKÖTTER RECHTSANWÄLTE
Campbell Holtmann & Partner - Rechtsanwälte -
"Rechtsanwälte Bendler , Fuchs-Baumann und Kollegen"
O&R Oppenhoff & Rädler AG Wirtschaftsprüfungsgesellschaft Steuerberatungsgesellschaft
"Pfenning, Meinig & Partner GbR"
ljh Lindlbauer Rechtsanwälte
Gritschneder Kastert Zinka GbR Rechtsanwälte
Kanzlei Dreyer & Pfeiffer
Noli | Seidler | Fischer | van Bracht Rechtsanwälte
WKGT Rechtsanwaltsges. mbH
Kanzlei Trepesch & Treff
"Kraus, Sienz & Partner, Rechtsanwälte, PartG mbB"
Koch & Schiweck Patentanwälte
Dr. Schäder + Partner Rechtsanwälte mbB
Kanzlei Gasteiger & Partner
Kanzlei Meidert & Kollegen
iutax Fuchs Päuser Hofferek Partnerschaft Steuerberater Rechtsanwälte
rwzh Rechtsanwälte Wachinger Zoebisch PartG mbB
Kanzlei Burger Bohl Meyer-Gutknecht
Horn Kleimann Waitzhofer Patentanwälte PartG mbB
Rechtsanwaltskanzlei Braun
Rechtsanwälte Schaefer Schuster
Lugmayr & Kollegen
Kanzlei Lecon
Rechtsanwaltskanzlei Baumann
KELLER MENZ Rechtsanwälte PartG mbB
Kador & Partner - Munich
"ZMP Zitzewitz Markowsky Nagel Wunsch & Partner, Rechtsanwälte, Wirtschaftsprüfer, Steuerberater"
Kanzlei Lorenz Seidler Gossel
Beetz & Partner mbB Patentanwälte
HLDS Hohenlohe Hohenlohe-Langenburg & Hartl Rechtsanwälte Steuerberater Partnerschaft
Kanzlei Kaltwasser Cornet u. a..
"Eckart, Köster & Kollegen Rechtsanwälte"
Kanzlei Herrlinger & Collegen
HAIGES HERMAN ANDERSON LLP
Kanzlei Dr. Stöckl Rausch & Partner
Hoffmann Böttger Rechtsanwaltsges. mbH
Rechtsanwaltskanzlei Siebeck Hofmann Voßen & Kollegen Gesellschaft bürgerlichen Rechts
LPA Feuerstein Kirfel Spieth Tross Rechtsanwälte Steuerberater PartG mbB
Kanzlei Steinbacher & Steinbacher
LEDERER & KELLER Patentanwälte
"Kronthaler, Schmidt & Coll."
"Sozietät Kehl, Ascherl, Liebhoff & Ettmayr, Patentanwälte"
Wagner + Helbig Patentanwälte
Kanzlei Pflanzl & Köllner
WPM Werner & Partner Rechtsanwälte Steuerberater PartG mbB
Kanzlei Schleich
Rechtsanwaltskanzlei Prinz Biron von Curland - Waldschmidt
Kanzlei Mattil & Kollegen
RECHTSANWÄLTE WEBER PartG mbB
JARONI PRACHT RIEGL SCHRÖTER Rechtsanwälte Partnerschaft
Wagner & Geyer PartG mbB Patent- und Rechtsanwälte
Kanzlei Lentze Stopper
Kanzlei Völkl Schulte-Spechtel
Peters Fleschutz Graf von Carmer Kääb Rechtsanwälte Steuerberater
Kanzlei Löffler & Kollegen
Samson & Partner Patentanwälte mbB
Lupp + Partner Partnerschaft von Rechtsanwälten mbB
Busse und Partner-Rechtsanwälte
Schieber & Farago Patentanwälte
Kanzlei Hermann Jobe & Partner
W E I E R M A N N und K O L L E G E N R E C H T S A N W Ä L T E
Klapp Röschmann Rechtsanwälte
Rechtsanwaltskanzlei Paloubis
Knaak & Kollegen Rechtsanwälte
CORPLEGAL Großmann Fadani & Partner Rechtsanwälte PartG mbB
Rechtsanwalt und Mediator Dr. Rosenbach
"Stolzenberg Rechtsanwälte PartG mbB Brehmenkamp, Degmair, von Hutten zum Stolzenberg, Maslo, Ultsch"
Kanzlei Meissner Bolte & Partner
DTS Patent- und Rechtsanwälte Schnekenbühl und Partner mbB
Kanzlei Wragge & Co. LLP
Graf von Stosch Patentanwaltsges. mbH
Behler Rechtsanwälte
Nachmann Rechtsanwälte Rechtsanwaltsges. mbH
Kanzlei Deißler Krauß & Domcke
Kanzlei Pöhlmann Früchtl Oppermann
"Gründel, Kilger & Partner Rechtsanwälte - Wirtschaftsprüfer"
Leisner Steckel Engler Rechtsanwälte Partnerschaft
Kanzlei Hogan Lovells Int. LLP
Kanzlei Reed Smith LLP
Kanzlei Acuris Rechtsanwälte
Kanzlei Büsing Müffelmann & Theye
Rechtsanwaltskanzlei Kunz-Hallstein
Kanzlei Dr. Janicki & Kollegen
Kanzlei Harms Hasskarl Melzer
Wirsing Hass Zoller Rechtsanwälte PartG mbB
Kanzlei Kirkland & Ellis Int. LLP
Kraus & Weisert Patentanwälte PartG mbB
Kanzlei EBA Endrös-Baum Associès
"PSP Peters Schönberger GmbH, Wirtschaftsprüfungsgesellschaft, Steuerberatungsgesellschaft"
Kanzlei Ashurst LLP
Kanzlei Heim Fuss Beibl Part mbB
LoschelderLeisenberg Rechtsanwaltsges. mbH
m law group Partnerschaft von Rechtsanwälten Besner Kremer
Ufer Knauer Rechtsanwälte
Haas Bacher Scheuer Wirtschaftsprüfungsgesellschaft GmbH
Offinger Stürzer & Partner Rechtsanwälte
CBA Studio Legale Tributario
Kanzlei HFK Rechtsanwälte
Rechtsanwaltskanzlei Heinrich - Loth
Garlipp · Schmidtke & Kollegen
Unrath Christoph
Roithmaier Rechtsanwälte
maat Rechtsanwälte Späth und Partner PartG mbB
PRW Rechtsanwälte Partnerschaft Reiners Wilser Schloßmacher Herrmann
HARTWIG URBAINSKY Rechtsanwalt
Rechtsanwälte Hans-Dieter Gross & Kollegen
Kampf Rechtsanwälte Partnerschaft
Bergemann Schönherr & Partner Steuerberater Rechtsanwälte Wirtschaftsprüfer
PricewaterhouseCoopers Legal AG Rechtsanwaltsgesellschaft Zweigniederlassung München
Kanzlei Limmer-Schlerf und Burgkardt Rechtsanwälte & Fachanwälte
Diehl & Partner GbR
Blume & Asam Rechtsanwälte - Avvocati
Schuffels Rechtsanwälte
KLEIN & PARTNER
Kanzlei Zimmermann Thürer & Ulm
Spiegel Rechtsanwälte Wirtschaftsprüfer Steuerberater PartG mbB
KLERX Rechtsanwaltsges. mbH
KSLEX Rechtsanwaltsges. mbH
"Dilg, Haeusler, Schindelmann Patentanwaltsges. mbH"
EMPLAWYERS Falder Walk Bertram Partnerschaft von Rechtsanwälten mbB
hph Halmburger & Kampf GbR
Bakker Binder Neubauer Partnerschaft - Rechtsanwälte
Kanzlei WTW & Kollegen
Rechtsanwaltskanzlei Haslinger - Haslinger - Haslinger - Utsch
Kanzlei Grimm
Bestelmeyer Rechtsanwälte
Kanzlei Dres. Mähler & Kollegen
Müller-Boré & Partner Patentanwälte PartG mbB
DUVINAGE Rechtsanwaltsges. mbH
"Greffenius, Zehle & Partner, Rechtsanwälte"
Kanzlei Hubertus 4
Kanzlei Rentrop Zeeb Sperling Kellner
Kanzlei Dr. Thomas Fritz
Wilhelm & Beck
Ratzel - Rechtsanwälte PartG mbB
Epping Hermann Fischer Patentanwaltsges. mbH
Patent- und Rechtsanwälte Lang & Tomerius
Kanzlei Consilia
Rechtsanwaltskanzlei Döring - Spieß
Bergdolt und Schubert Rechtsanwält
Kanzlei Federer u. a.
"Schmid, v. Buttlar & Partner Rechtsanwälte Steuerberater mbB"
Manstein Rechtsanwälte GmbH
Dr. Cichon und Partner Rechtsanwälte
Bosch Jehle Patentanwaltsges. mbH
Kanzlei Brockdorff Weiland & Kleist
"R.A.W. Rath, Anders, Dr. Wanner GmbH Wirtschaftsprüfungsgesellschaft"
Patentship Patentanwaltsges. mbH
Rechtsanwaltskanzlei von Willmann - Krafka - Ganter - Dittmann
"Badache, Weindl & Partner Steuerberater, Wirtschaftsprüfer, Rechtsanwälte Partnerschaft"
Dr. Schlockermann GmbH Wirtschaftsprüfungsgesellschaft
Prof. Hauth & Partner Rechtsanwälte
"Schweiger & Partners, Patentanwälte und Rechtsanwältin"
Kanzlei Tempel & Kollegen
ECOVIS L + C Rechtsanwaltsges. mbH
Kanzlei Riffart & Kollegen
Kramer Barske Schmidtchen
Fachanwalt für Arbeitsrecht Maier
Kanzlei Heberlein Mack-Pfeiffer & Koll.
Florentz DATA GmbH Steuerberatungsgesellschaft
Kanzlei Haucke-D´Aiello & Kollegen
Maltry Rechtsanwältinnen
Kanzlei Kerscher & Kollegen
Dres. Kloster-Harz & Harz Rechtsanwälte Partnerschaft
Kanzlei Suckert & Collegen
NEUMAYER LEHMANN STRÖSE Rechtsanwälte
Schwan Schwan Schorer
Kanzlei Dr. Menges
"Klunker, Schmitt-Nilson, Hirsch"
BRUNE · NOWAK & KOLLEGEN RECHTSANWÄLTE
Rechtsanwaltskanzlei Dietzel - Wiedermann - Geigenberger
Sozietät Beil Staehle Milde
Kanzlei Lentzke Gienanth & Partner
Kanzlei Schiecke & Kollegen
Kanzlei OLH Rechtsanwälte
Rechtsanwaltskanzlei Kalveram - Velte - Eichinger
Martens Rechtsanwälte
Kanzlei SKP Rechtsanwälte
Kanzlei Dr. Litzinger & Kollegen
Rechtsanwaltskanzlei Simonis
"Kempter, Gierlinger und Partner Rechtsanwälte mbB"
v. Bezold & Partner Patentanwälte - PartG mbB
Honsell Niemöller Rechtsanwälte Gesellschaft bürgerlichen Rechts
MFG Patentanwälte Meyer-Wildhagen Meggle-Freund Gerhard PartG mbB
Kanzlei Althaus & Fellermeier
Anwaltskanzlei Eberth & Kollegen
JAFFÉ Rechtsanwälte LLP
Rechtsanwälte München von der Locht - Ochsner
Kanzlei Jacob Associates
Hartl Manger und Kollegen
"Henle Peter , Dentler Gerhard , Authenried Roland Rechtsanwälte"
Kanzlei Schaeble Kaiser & Riedel
Kanzlei Böger & Partner
Bernet Michael Dr.
isarpatent - Patent- und Rechtsanwälte Behnisch Barth Charles Hassa Peckmann und Partner mbB
Tassl Rechtsanwälte
Peres und Partner Rechtsanwälte PartG mbB
Kanzlei Tippner & v. Nostitz
Rechtsanwaltskanzlei Schwerdt - Theiss - Hinterseher - Diller
juravendis Rechtsanwaltskanzlei
HEISS & PARTNER Rechtsanwälte
Rechtsanwaltskanzlei von Mengden
Schorler & Sütterlin Rechtsanwälte Partnerschaft
Kanzlei Keller & Keller
Rechtsanwaltskanzlei Gehrke - Blasig - Mitleger-Lehner
Kanzlei Dr. Baier & Kollegen
Grund IPG
Rechtsanwaltskanzlei Dührssen
"KSPP Rechtsanwälte Kanzlei Schmid, Petersen, Becker & Partner"
FINGERHUT RECHTSANWÄLTE
EGO HUMRICH WYEN Partnerschaft von Rechtsanwälten mbB
Kanzlei Schlumberger Anders u. a.
Kanzlei Dr. Simons & Koll.
Kanzlei Loewenfeld
Jöchle & Ahammer Rechtsanwälte Partnerschaft
Wolff Schultze Kieferle Partnerschaft von Rechtsanwälten mbB
Rechtsanwälte Witting Contzen & Kollegen
Hambach & Hambach Rechtsanwälte PartG mbB
Kanzlei Lechner & Kollegen
Rechtsanwaltskanzlei Meyer-Lück - Schweyer - Weller
Kanzlei Schulze Küster Müller Mueller
Kanzlei Littmann Eulenstein & Kollegen
Kanzlei Schöfer Jeremias & Kollegen
Kanzlei Dr. Graf Wrangel Rechtsanwälte
Kanzlei Brodski & Lehner
Kanzlei Dr. Thorn & Kollegen
Vlachopoulos Rechtsanwaltskanzlei
Rechtsanwaltskanzlei Blum & Dickerboom & Opitz
Rechtsanwaltskanzlei Waldschütz - Kronbichler - Kronbichler
Kanzlei Eckhard & Kollegen
Kanzlei STKAUTZ Rechtsanwälte
Kanzlei Strauss Zier Duken Nappert
SLB Kloepper Rechtsanwaltsges. mbH
Kanzlei Füchsl Jaeger Berg-Grünenwald
Rechtsanwaltskanzlei Gräfin v Plettenberg-Lenhausen - von Bezold - Wilcke
Linn Goppold Treuhand GmbH Wirtschaftsprüfungsgesellschaft Steuerberatungsgesellschaft
Adolf Lüken Höflich Sawodny Rechts- und Patentanwälte Partnerschaft
Buntscheck Rechtsanwaltsges. mbH
Fish & Richardson P.C.
AFW Simon Partnerschaft Rechtsanwälte
Kanzlei Walser Rechtsanwälte PartG mbB
Kanzlei Kreuzmair
Rechtsanwaltskanzlei Grochut und Dr. Sütterlin
anwaltskontor
Breyer | Rechtsanwälte München LLP
Rechtsanwälte Prof. Nauschütt & Collegen
Kanzlei Söldenwagner & Koll.
RÖSLER-RASCH-van der HEIDE & PARTNER PATENT- UND RECHTSANWÄLTE PartG mbB
Rechtsanwaltskanzlei Nibbe
"Albrecht, Neupert, Suter & Partner Rechtsanwälte, Steuerberater"
Rechtsanwaltskanzlei Dr. Heberer & Kollegen
Sozietät Hartmannsgruber Gemke Argyrakis & Partner Rechtsanwälte
LM Leinauer Müller & Partner Rechtsanwalt Steuerberater
Rechtsanwaltskanzlei Völtz - Manthey - Völtz - Manthey
WESER & Kollegen
Rechtsanwaltskanzlei Wech - Kuzmany - Kuzmany
Kanzlei Braunger & Haag
Rechtsanwaltskanzlei Schlaegel - Marten - Jaklin
Rechtsanwaltskanzlei Schulz-Hennig
Schroth & Coll. Rechtsanwaltsges. mbH
LS-IP Loth & Spuhler Intellectual Property Law Partnerschaft von Rechtsanwälten mbB
HAMMERSENs Rechtsanwälte
Zwicker Schnappauf & Partner Patentanwälte PartG mbB
LS-MP von Puttkamer Berngruber Loth Spuhler Partnerschaft von Patent- und Rechtsanwälten mbB
2SPL Patentanwälte PartG mbB Schuler Schacht Platzer Lehmann
"Schoppe, Zimmermann, Stöckeler, Zinkler & Partner Patentanwälte"
Dennemeyer & Associates S.A.
RBI Rechtsanwaltsges. mbH
Buchwald Rechtsanwälte
Wannemacher & Partner Rechtsanwälte mbB
Rotter Rechtsanwälte PartG mbB
"Rechtsanwälte Dr. Heinicke, Eggebrecht, Ossenforth & Kollegen"
Kilian Kilian & Partner Patentanwälte
Melcher Grünhagen PartG
Kanzlei Mader & Stadler
dkm Rechtsanwälte. Kanzlei für Arbeitsrecht
MOSLER+PARTNER RECHTSANWÄLTE mbB
Rechtsanwaltskanzlei Maier - Maier - Maier-Sistermann
Kanzlei Koppe & Schaar
Rechtsanwaltskanzlei Pass - Sörgel - Pass
Maas & Kollegen Rechtsanwaltsges. mbH
Prüfer & Partner GbR
"Werner, Freund & Partner Rechtsanwälte mbB"
Prüfer & Partner mbB Patentanwälte Rechtsanwalt
GOEBEL FABIAN Rechtsanwälte PartG mbB
Kanzlei Weber & Heim
Schönefelder Ziegler Lehners Rechtsanwälte PartG mbB
Anwaltskanzlei am Giesinger Bahnhof
Rechtsanwaltskanzlei Brachtel - Hupe - Seemann
"Wuesthoff & Wuesthoff, Patentanwälte PartG mbB"
v. Füner Ebbinghaus Finck Hano
Hofstetter
HKP Hüttisch & Partner
Dr. Solf & Zapf
Kanzlei Putz & Steldinger GbR
Rechtsanwaltskanzlei Fritzsche
SYLVENSTEIN Rechtsanwälte Herzog & Partner PartG mbB
Nelson Rechtsanwaltsges. mbH
Rechtsanwaelte-Steinstrasse.de
FASSBENDER RECHTSANWÄLTE
Advocatio Rechtsanwälte
Müller & Schubert
Riebe & Wanner Rechtsanwälte in Partnerschaft
Rechtsanwaltskanzlei Franke - Göhle
Bölke & Römer Partnerschaft Wirtschaftsprüfungsgesellschaft Steuerberatungsgesellschaft Rechtsanwälte
Kanzlei cumlege Rechtsanwälte
Stock Aders Klein Ramershoven Gerhold Pühler Partnerschaft von Rechtsanwälten mbB
"Patronus IP Patent- und Rechtsanwälte Ganahl, Naefe GbR"
Patentanwälte Lambsdorff & Lange
Angerbauer Lindauer Hauf Rath Rechtsanwälte - Steuerberater PartG mbB
Kanzlei Axel Schmidt & Collegen
"BARDEHLE PAGENBERG PartG mbB, Patentanwälte, Rechtsanwälte"
HARTMANN & ZACH RECHTSANWÄLTE
Rechtsanwälte Wilhelm Lachmair & Kollegen
VOSSIUS & PARTNER Patentanwälte Rechtsanwälte mbB
Kanzlei Ritter von Schönfeld & Partner
Anwaltskanzlei Dr. Gerhard Riedl
ARIATHES Rechtsanwälte
mfe. Rechtsanwälte Mößner Fürnthaler Ender PartG mbB
Kanzlei Müller & Hillmayer
"Rechtsanwaltskanzlei Sponfeldner, Wolf & Koll."
BUSSE RECHTSANWÄLTE Gesellschaft Bürgerlichen Rechts
Scheele & Kollegen Steuerberatungsges. mbH
Beyer Rechtsanwaltsges. mbH
Schmitz-Rathsfeld Rechtsanwälte
Kanzlei Mundigl & Klimesch
Kanzlei Dr. Gronefeld Thoma & Kollegen
Rechtsanwälte Soukup & Platzen Partnerschaft
Kanzlei Bergmann u. a.
"Viering, Jentschura & Partner mbB Patent- und Rechtsanwälte"
Rechtsanwaltskanzlei Weidenbusch Deutlmoser
Kanzlei Kwiatkowski Rechtsanwälte
Rechtsanwalt Uwe Paschertz
BLL Braun Leberfinger Ludwig Steuerberater Rechtsanwälte Wirtschaftsprüfer PartG mbB
Rechtsanwaltskanzlei Fritschi
Kanzlei Heck & Wieland
"Marzillier, Dr. Meier und Dr. Guntner Rechtsanwaltsges. mbH"
Kanzlei Bettinger Schneider Schramm
"Melzer, Merzel & Partner, Rechtsanwälte"
Rechtsanwaltskanzlei Weickmann & Weickmann
Andreae & Kiessling
"Hoffstadt Graf Schönborn Skusa Frhr. v. Feury - Rechtsanwälte, Steuerberater, PartG mbB"
Gollob Rechtsanwälte - Steuerberater
Schaumburg und Partner Patentanwälte mbB
Kanzlei Dr. Lang & Kollegen
Gritschneder Rechtsanwälte Steuerberater PartG mbB
Weickmann & Weickmann Patentanwälte - Rechtsanwalt PartG mbB
"Habermann, Hruschka & Schnabel"
Jaspert & Kollegen rechtsanwälte steuerberater
Kanzlei Ameskamp & Brock
"Schöne & Günzel Partnerschaft, Rechtsanwälte Steuerberater"
Kanzlei Beinroth & Bachinger
Kanzlei Lindemann Mentzel RA-GmbH
Kanzlei Huber & Schüssler
Kanzlei Weinlich & Brezovszky
Rechtsanwaltskanzlei Paulus - Klaes - Bückle
Kanzlei Schwabe Sandmair Marx
Hoffmann Eitle Patent- und Rechtsanwälte PartG mbB
Kanzlei Tobias Rechtsanwälte
Kanzlei Prof. Schweizer Rechtsanwaltsges. mbH
RÖSSNER RECHTSANWÄLTE
Kanzlei Sauter & Wurm
SSB Söder Schwarz Berlinger Rechtsanwälte PartG mbB
Hopfner Rechtsanwälte
Kanzlei Meindl & Riedel
Kanzlei Kupka Dudenhöffer Wüst u. a.
Kanzlei Geray & Kiebel
Altmann & Babor Rechtsanwaltsges. mbH
Rechtsanwaltskanzlei Arendts
WallCon Rechtsanwaltsges. mbH
Schweizer Franke Matzner Partnerschaft von Rechtsanwälten mbB
Kanzlei Siegert
Kanzlei Borgert & Borries
Rechtsanwaltskanzlei Führer - Kögler - Müller
Rechtsanwaltskanzlei Dietzel
Kanzlei Muth & Puchta
Kanzlei Zachmann & Partner
Kanzlei Karwath & Karwath
Kratzer & Partner Rechtsanwälte
Rechtsanwälte Kormaier & Partner
Kanzlei Spohrer & Kollegen
Prof. Dr. Thieler - Prof. Dr. Böh - Thieler - Seitz Rechtsanwaltsges. mbH
DR. SÜSSENGUTH & SÜSSENGUTH RECHTSANWÄLTE
"Lohr, Jöstingmeier & Partner Patent- und Rechtsanwälte"
Kanzlei Streng Haidacher Rechtsanwaltspartnerschaft
Rechtsanwaltskanzlei Peiffer-Kucharcik
"Neuhierl und Gierke, Rechtsanwälte - Partnerschaft"
Kanzlei Vogt & Kollege
Kanzlei Multerer & Multerer
Grättinger Möhring von Poschinger
Kanzlei Mehr & Kriebel
ULLMANN ZACH LANG GEHLERT KRIETER Rechtsanwälte Fachanwälte Partnerschaft
Kanzlei Dr. Henning & Kollegen
Dr. Klix & Partner Rechtsanwälte
Kanzlei Kluge Schaetzler Ott Knoll
"Kanzlei am Starnberger See, Partnerschaft von Rechtsanwälten, Großer-Fettweis & Fey"
Rechtsanwaltskanzlei Wiezorrek & Kollegen
Dr. Schauer Steuerberater - Rechtsanwälte Partnerschaft
Kanzlei Dr. Samstag & Collegen
Rechtsanwaltskanzlei Zunterer
Bockhorni Dr. u. Kollegen
Kanzlei Radtke & Collegen
GRAF - DETZER Rechtsanwälte PartG mbB
RECHTSANWÄLTE Sperling & Kollegen
Kanzlei Borcherdt & Kurth
Luithlen & v. Stackelberg Rechtsanwälte
Kugler & Lutz Rechtsanwälte Partnerschaft
Möller Astner Funk Friedel & Hermann Rechtsanwälte
Mertl Pösl Rechtsanwälte Partnerschaft
Kanzlei Rummel Schomandl Baumgärtl
Eisenrieder Reichelt Wachter Dr. Frank Rechtsanwalt
Kiesl Severin
SCHEUER FRICKE MULTRUS Rechtsanwälte
Mitterer Pius Dr.
Rechtsanwaltskanzlei Lodes - Mader - Mader - Mader
Anwaltskanzlei [fiducius]
Dr. Herzog Rechtsanwälte
Kanzlei Heidbreder & Peckert
KLAR & HOLDERLE Anwaltskanzlei
Aiblinger Anwälte
Kanzlei Bergmann & Kollegen
Gerstmeier Jakob
Kanzlei John & Haubrich
"Dr. Griehl, Drescher & Partner Rechtsanwaltsgesellschaft Steuerberatungsges. mbH"
Rechtsanwältin Beatrix Frank-Baur
Kanzlei Tschofen Rohleder & Koll.
Kanzlei Kruse & Harkotte
Kanzlei Conrads
"BSP Rechtsanwälte Dr. Büttner, Dr. Seufert & Partner mbB"
Gutwald Rechtanwaltsges. mbH
Rechtsanwaltskanzlei Leeb - Mayer - Daxenberger
Rechtsanwälte Lenze & Kollegen Gesellschaft bürgerlichen Rechts
Kanzlei Blachian v. Ribaupierre u. a.
Kanzlei von Ellerts
Kanzlei Aicher
Fabian Sporer u. Stefan Probst Rechtsanwaltskanzlei
Kanzlei Dr. Trendtel & Burck
Rechtsanwaltskanzlei Eder
"Weißauer, Gmeiner & Partner - Rechtsanwälte, Steuerberater"
"Herrmann, Groll-Nagel, Starke Rechtsanwälte PartG m.b.B."
Frobenius Foisner Holzeis Steuerberatungsges. mbH
Ritter & Pilsel
Rechtsanwaltskanzlei Schmeling - Tretter
Rechtsanwälte Dr. Brezina und Kollegen PartG mbB
Kanzlei Zornek & Weber
Beckord & Niedlich
Rechtsanwaltskanzlei Hitzelberger - Breiter
"Zirngibl, Schulz, Hartman-Hilter, Pointner und Burghardt Rechtsanwälte, Fachanwälte, Steuerberater"
Kanzlei Kuisle
"Hammerstein, Brenner, Kögler"
Rechtsanwaltskanzlei Beil - Fischer - Beil
Rechtsanwaltskanzlei Lutz - Gerhardt - Mahn - Brüning
Weiss & Grunert Rechtsanwälte - Partnerschaft
Kanzlei Dr. Floegel & Kollegen
Kanzlei Heindl Schweiger & Kollegen
Kanzlei Dr. Glatz und Kollegen
Kanzlei Dr. Götzer Götzer & Kollegen
"Rechtsanwaltskanzlei Kourim, Dyk, Jais & Kollegen"
Kanzlei Ecovis L + C RA-GmbH
"Dr. Ziegler, Finger, Prof.Dr.Weindl & Kollegen Rechtsanwälte - Steuerberater"
Niedermeier Ludwig
Kanzlei Kämpfe-Kraus & Partner
"Märkl, Frey & Rinker"
Rechtsanwaltskanzlei Scharl - Dienst - Kaltenegger
Die Kanzlei Drei Helme
"Rechtsanwälte Sigl, Seiler, Gleixner, Strasser & Kollegen"
"Marx & Partner, Rechtsanwälte"
"Rechtsanwaltskanzlei Meindl, Kitzinger, Krimmel, Wunsch"
Dr. Jockisch Rechtsanwalts-GmbH
Kanzlei RAin Segl
Kanzlei Prof. Dr. Fricke & Coll.
Drahonovsky & Kollegen
"Rechtsanwälte May, Saponjic, Zattler PartG mbB"
"Kanzlei Kreitmeier, Dr. Holzmair & Kollegen"
Kanzlei Jomrich Rechtsanwälte
Kanzlei Englbrecht Zierer & Kollegen
Rechtsanwälte Berger & Müller
Kanzlei Markefka & Arnold
Kanzlei Klefke Schmatz-Schmidmaier u.a.
Kanzlei Michalke & Partner
Rechtsanwaltskanzlei Kempfler & Kempfler Sozietät
Kanzlei Kraus & Kollegen
Kanzlei Weiß & Wiesmeier
Kanzlei Lemberger
Rechtsanwälte Reiter und Kollegen
Rechtsanwälte Salzberger Reiter Mandlsperger & Kollegen
Schranner Hinterberger & Kollegen GmbH Wirtschaftsprüfungsgesellschaft Steuerberatungsgesellschaft Rechtsanwaltsgesellschaft
KARL Sonja
Siemund & Partner Rechtsanwälte
Kanzlei Dr. Holzapfel Lurz & Kollegen
Dr. Starflinger & Coll. Rechtsanwälte
Linderer & Kollegen / Inh. RAin Sieglinde Linderer
Kanzlei gmg Rechtsanwälte
Kanzlei Frank Hiebl & Coll.
Kanzlei Dr. Göttsberger & Koll.
Kanzlei Ruhrmann
Kanzlei Neuberger und Kollegen
"Anwaltskanzlei Dr. Mayer, Strehle, Süßenguth"
Kanzlei HSK Kroll & Kollegen
Ritzer Gelhorn Reber Rechtsanwaltskanzlei
Rechtsanwaltskanzlei Funk
"Rechtsanwälte Hagn, Deckert, Kuffer & Partner"
Kanzlei Hugger & Pollin
Rechtsanwaltskanzlei Funk - Hepach - Lutz
Kanzlei Schieferbein Rechtsanwälte
Kanzlei Gietl & Kollegen
Kanzlei Nüsslein Sättler & Kollegen
"Rechtsanwaltskanzlei Schwaiger, Feldmeier, Regler & Kollegen"
"Rudolf, Goldschadt & Kollegen Rechtsanwälte, Fachanwälte"
Rechtsanwaltskanzlei Kremer - Rehm
Kanzlei Kobinger & Kollegen
Rechtsanwälte Berreth & Kollegen
Kanzlei Dr. Richter & Kollegen
Rechtsanwaltskanzlei Horndasch - Hübl - Rößle
Kanzlei Dr. Schleicher & Kollegen
Kanzlei Lefmann & Wittmann
Kanzlei Vergho Donaubauer & Dr. Vergho
Kanzlei Lorz & Partner GbR
Kanzlei Götz Steinbeiß Spillner
Kanzlei Dr. U. W. Tonnemacher & Koll.
Kanzlei amperlex Rechtsanwälte
"Burgmair, Lechler & Wiedenmann Rechtsanwälte in Partnerschaft"
Schorten & Kollegen
HCL Rechtsanwälte GbR
Kanzlei Winter-Blümel
Alavi Frösner Stadler in Freising Rechtsanwälte und Fachanwälte
Kanzlei Kuhnen & Wacker
Herrmann & Mey Rechtsanwälte Partnerschaft
Kanzlei Weh
May Reiprich
Kanzlei Huber-Wilhelm & Kollegen
Kanzlei Dr. Ahl Desch Kuhn
Kanzlei Dr. Alersberger & Coll.
Folger & Kollegen Rechtsanwälte
Kanzlei Hofer & Hoynatzky
Rechtsanwälte Böhm & Collegen
Rechtsanwaltskanzlei Franz - Aberle - Seitz - Sommer - Tanka
Kanzlei Eckert & Gebhardt
Neupärtl Kehlringer Rechtsanwälte Partnerschaft
"Brunner, Kreglinger & Kollegen GbR, Rechtsanwälte - Fachanwälte"
Rechtsanwaltskanzlei Hack und Bernau
Kanzlei Balschbach & Martin
Kanzlei Hanslmaier & Kollegen
Bobbert & Partner Patentanwälte PartG mbB
Rechtsanwälte Otto & v. Stetten
Kanzlei Prof. Dr. Stähler-May
Rechtsanwaltskanzlei Lilienthal - Wittmer
Kanzlei Kamloth Orlin & Ultsch
Zabransky Rechtsanwälte
Rechtsanwaltskanzlei Kiskalt
Kanzlei Haenisch
Kanzlei Goerisch & Koll.
Rechtsanwaltskanzlei Müller - Mur - Mur
Kanzlei Jenewein Kufner & Partner
Kanzlei Prof. Dr. Greulich & Kollegen
Rechtsanwaltskanzlei Vanoni
Breitfeld & Walter
Rechtsanwaltskanzlei Schnetzer - Lilly - Herzog
Rechtsanwaltskanzlei Paschek
Wörner & Partner mbB Rechtsanwälte und vereidigte Buchprüfer
Rechtsanwaltskanzlei Dürscherl - Dürscherl-Köhler - Liberta
"Scheerschmidt, Laukaitis & Kapfer Rechtsanwälte"
Zegowitz Werner
Kanzlei Gall-Alberth Haarmann Lerche
Dimpfl und Kollegen Anwaltskanzlei
Faber Sarah
Scheidle & Partner Treuhand mbB Wirtschaftsprüfungsgesellschaft Steuerberatungsgesellschaft
Rechtsanwaltskanzlei Polz
Kanzlei Benning Reinecke Nerlinger
Konopatzky | Fendt | Klopfer | Thiel Rechtsanwälte
Seitz Weckbach Fackler & Partner mbB Rechtsanwälte und Steuerberater
Puhle & Kollegen Rechtsanwälte
JuS Rechtsanwälte Schloms und Partner
Kanzlei LRH
Röhl Dehm & Partner Rechtsanwälte mbB
Rechtsanwälte WUNSCH . SCHÖNAUER . LEINFELDER . BENDER . DEHNE & KOLLEGEN
Rechtsanwaltskanzlei Gollmann Brosche Heinlein
Anwaltskanzlei Reissner · Junginger · Ernst
RLCP Rubach & Partner Rechtsanwälte mbB
anwaltsbüro47 Rupp-Zipp-Meyer-Wank
Kanzlei Dr. Merkel & Grünwald
Maxkanzlei Rechtsanwälte Dühring. Marx. Junker
Kanzlei D & R Anwaltskanzlei
Rechtsanwaltskanzlei Pietzsch
KDM Juraexperten
"Klebau Schaller, Rechtsanwälte"
Rechtsanwaltskanzlei Monz - Seubert - Thaler
Holz Sandmann Kühn Rechtsanwälte
Rechtsanwaltskanzlei Schneider
Rechtsanwaltskanzlei Augste und Müssig
Rechtsanwälte Decker & Kollegen PartG mbB
Charrier Rapp & Liebau
Kanzlei Glück & Lutzenberger
Kanzlei Prof. Herrmann & Kollegen
Anwaltskanzlei Hild & Kollegen
Kanzlei Pfalzgraf & Kollegen
Kanzlei Braml
AWI TREUHAND Rechtsanwaltsgesellschaft GmbH
Rechtsanwaltskanzlei Füßl - Schaller - Mandel
Dr. Große und Partner Rechtsanwälte Steuerberater
Holzbock Stefan
Rechtsanwaltskanzlei Ruppert - Frede - Stupple
Anwaltskanzlei am Dom Siegmund & Karrer
Eulberg und Ott-Eulberg
"Dr. Hille Heinemann, Rechtsanwälte, PartG mbB"
Rechtsanwälte müller & müller
"Ernicke, Ernicke"
Anwälte Augsburg
Anwaltskanzlei Sethmacher & Kollegen
Rechtsanwaltskanzlei Wahlster-Bode
"Epple, Dr. Hörmann & Kollegen"
Rechtsanwälte Semle + Kollegen
Dr. Jur. Ecker & Kollegen
Rechtsanwaltskanzlei Wittl - Stemmler - Stemmler
Kanzlei Rudolf & Koop
Ruisinger Werner
bulex Rechtsanwaltskanzlei Burkard
Meidert & Kollegen Rechtsanwälte PartG mbB
Umbach Rechtsanwälte PartG mbB
Kanzlei Yorulmaz & Kollegen
Götz & Färber Rechtsanwälte
Anwaltskanzlei Steber Rechtsanwälte und Wirtschaftsmediator
Kanzlei Kasparek & Kollegen
Greiner-Thumbach Christine
Kanzlei Gabrielli Kaufer & Collegen
"Rechtsanwaltskanzlei Schiersner, Dr. Schiersner & Kollegen"
Rechtsanwaltskanzlei Weinkamm
Kanzlei Grönda & Konrad
"ADVOCON, Dr. Eikam & Partner, Rechtsanwälte"
"Anwaltskanzlei Thoma, Baade, Dr. Helm"
Kanzlei Sobottka Abel-Brugger & Koll.
Sturm | Dr. Körner & Partner
Rechtsanwälte Herrmann & Kollegen
Rechtsanwälte Nicklaß-Bergér & Kollegen
Kanzlei Walter
Kanzlei Prestel & Collegen
Lange - Brendel - Gaudernack Rechtsanwälte - Fachanwälte
Kanzlei Wörlen & Kollegen
Kanzlei Kremnitz & Kollegen
Pielorz und Partner Rechtsanwälte
Kanzlei KAPPES & KOLLEGEN
Rechtsanwaltskanzlei von Lucke
Kanzlei Dlugosch Feller Mielke
Freutsmiedl & Winkler Rechtsanwaltskanzlei
Kanzlei Bertoll Bauer Raim
Rechtsanwaltskanzlei Amend
Kanzlei Hollmann
Rechtsanwälte Fuchsluger & Kollegen
Rechtsanwälte Dr. Botzenhardt und Kollegen
KANZLEI ECKL | GREGOR | ROMINGER Rechtsanwälte - Fachanwaltskanzlei
DORN RECHTSANWÄLTE INSOLVENZVERWALTER
Kanzlei Volmar Thomae Haase
Kanzlei Cerny
Rechtsanwaltskanzlei Grünewald - Ramjouè - Bader
DR. HÖRMANN GmbH WIRTSCHAFTSPRÜFUNGSGESELLSCHAFT
KMK Knaus und Partner Rechtsanwälte Wirtschaftsprüfer PartG mbB
KANZLEI GOCKEL & KOLLEGEN
Kanzlei Greve u. Böhm
Thümlein & Kollegen
Kanzlei am Kornhausplatz
Kanzlei Mögele Schmidbauer
Kanzlei Nitzl-Zels & Koll.
Kanzlei Hollfelder & Kollegen
Kanzlei Metzler & Kollegen
Rechtsanwaltskanzlei Scheiber & Hanisch
"Schaal, Hanisch, Söder, Adomeit Rechtsanwälte, Fachanwälte, Mediatoren"
Penke Heinze Ketterl & Partner Steuerberatungsgesellschaft
Kanzlei Forum Rechtsanwälte
"Kanzlei Pohl, Völsch, Zinner"
Rechtsanwaltskanzlei Kirchmaier
Kanzlei Chasklowicz & Kollegen
Kanzlei Wollnitzer & Bartmann
"Hoffmann, Volkheimer & Collegen Rechtsanwälte"
Rechtsanwälte Zobeley und Kollegen
"Rechtsanwälte Ceelen, Dr. Hutter, Stalter, Pfaudler, Dr. Veh, Partnerschaft"
Fischer & Hiller Rechtsanwälte
Kanzlei Maisenhälder & Kollegen
Kanzlei Höhn & Kollegen
Kanzlei Dr. Vad & Kollegen
Rechtsanwaltskanzlei Schreiner - Schmölders - Evertz - Hacker
Werner & Kollegen Rechtsanwälte
Menz & Partner - Rechtsanwälte
Kanzlei Pfister & Pfister
Notariat Friedrichshafen
Anwaltskanzlei am Schlossgarten
Kanzlei Brotzer u. Koll.
Kanzlei Brugger u. Koll.
Dr. Baunach & Brauchle Rechtsanwälte
Kanzlei Kubon u. Koll.
Kanzlei Letsche u. Koll.
N O W A C K . R E C H T S A N W Ä L T E GmbH
"Elser, Dr. Kohnke, Dr. Kugler Anwaltskanzlei"
BRSH Rechtsanwälte - Kanzlei Lindau
Anwaltskanzlei Dr. Birk & Kollegen
Kanzlei Konrad
Kanzlei Wucher & Kollegen
Wilms & Schaub Rechtsanwaltsges. mbH
Kanzlei Wagner Wiedemann & Koll.
Zimmermann Rechtsanwaltssozietät
Kanzlei Waizenegger u. Koll.
Herrmann & Kneissle Rechtsanwalts- und Steuerberaterkanzlei PartG mbB
Rechtsanwälte Balze Pilartz Bader Partnerschaft
"Rommelspacher Glaser Prüß Mattes PartG mbB Rechtsanwälte, Steuerberater"
Kanzlei Wendt & Engels
Rechtsanwälte Wagner & Peisker GbR
Rechtsanwälte Dreher + Partner mbB
Kanzlei Schlipf u. Koll.
"Rechtsanwälte Volz, Angelstorf, Manok, Lehmann & Partner mbB"
Rechtsanwaltskanzlei Kübler
Kanzlei Hanßler u. Koll.
"Rechtsanwälte Dr. Zeifang, Rogg und Kollegen"
"Kanzlei Kleefisch, Dietz & Kollegen"
R E C H T S A N W Ä L T E Bockamp Wölfle Mangler Briel Steinle
Notariat Ravensburg 3
Notariat Wangen im Allgäu
Rechtsanwaltskanzlei von Bronk - Will
"Kanzlei Springer, Obinger & Coll."
Notariat Weingarten
Kanzlei Dudik u. Koll.
"Otten, Roth, Dobler & Partner Patentanwälte"
Bott & Eber Rechtsanwälte
Kanzlei Dr. Schneider u. Koll.
Kanzlei Dr. Tachilzik u. Koll.
Anwaltskanzlei Kabus & Kollegen
Anwaltskanzlei Quadflieg und Kollegen
Notariat Biberach an der Riß
"RSW Rechtsanwälte Tobelander, Dr. Dolinski, PartG mbB"
Legalis.Anwälte Partnerschaft Ramsperger Egle Stehle
Schirmer Treuhand GmbH Wirtschaftsprüfungsgesellschaft
Balke Truffner Dr. Hirner Rechtsanwälte Partnerschaft
Ziegler Rechtsanwälte GbR
Kanzlei Dr. Lämmle u. Koll.
"Fachanwaltskanzlei Dachroth, Habrik, Berger & Neher Partnerschaft"
Kanzlei Huchler u. Koll.
"Kanzlei Hiller, Stammen & Partner"
Kanzlei Raufeisen u. Koll.
Kanzlei Dr. Weiß u. Koll.
dst Anwaltskanzlei
Notariat Riedlingen
Kanzlei Etter & Bartnik
Rechtsanwaltskanzlei Wachsmuth
"Rechtsanwälte Faupel, Haffelder"
Rechtsanwälte Keller & Bitzer
Fachanwalt - Muffler und Heizmann Rechtsanwälte
"Kanzlei Förster, Lorenz, Förster-Weinreich"
Daub Patentanwaltskanzlei & Rechtsanwaltskanzlei
Heyerhoff Geiger Partner Patentanwälte
RAe Dr. Wetzel & Behm
Rechtsanwälte Dichgans & Besserer
Kiefer Zimmermann & Kollegen
RAe Elben & Kollegen
Rechtsanwälte Wurst - Frey und Kollegen
Rechtsanwaltskanzlei Mogg
"Derra, Meyer & Partner Rechtsanwälte PartG mbB"
Kanzlei Berger & Faoual
Rechtsanwälte mfg
Filius - Brosch - Bodenmüller - Ruß - Mayer Schaufler - Fahrenkamp Rechtsanwälte GbR
KNORR RAe AG
"Anwaltskanzlei Bansemir, Nübling, Russ, Henrich"
Rechtsanwälte Doppstadt + Kollegen
Kanzlei am Ulmer Münster
Rechtsanwaltsknazlei Willbold
Notariat Ulm
Rechtsanwaltskanzlei Aehle - Müller - Gnjidic
Rechtsanwaltskanzlei Oelmayer - Huff - Wahl - Brenner - Pfetsch
WWS Rechtsanwälte Werner & Partner
Rechtsanwälte Mössner & Partner mbB
Rechtsanwaltskanzlei Günther
Cremer & Cremer
Kanzlei Bonin & Kollegen - Rechtsanwälte
Rechtsanwaltskanzlei Schweizer - Lehmann - Lehmann
Rechtsanwälte Manfred Bott & Dr. Hans Göggelmann
KGNU Kanzleigemeinschaft Neu-Ulm
SGP Schneider Geiwitz GmbH Wirtschaftsprüfungsgesellschaft Steuerberatungsgesellschaft
Kanzlei Dr. Schanbacher u. a.
Kanzlei Esser Rechtsanwälte
Kanzlei Dr. Mühlbacher & Partner
Urwantschky Dangel Borst Partnerschaft von Rechtsanwälten mbB
Kanzlei Knopf Mühe Erdt
Dr. Schmid Rechtsanwälte
Kanzlei Schwarz Rechtsanwälte
Kanzlei Lenzer & Grob
DR. VON SCHWALLER & KOLLEGEN RECHTSANWALTS- UND STEUERBERATUNGSKANZLEI
Kanzlei Probst & Ludwig
Rechtsanwaltskanzlei Zengerle - Baur - Kudlek
"Siegle, Hess, Köpf, Proksch und Kollegen"
Rechtsanwaltskanzlei Hofmann
Dr. Weitzel & Partner Patent- und Rechtsanwälte
Kanzlei Ehrlinger Lehrnbecher & Koll.
Notar Käppeler
Rechtsanwaltskanzlei Wiedenmann - Bretzger - Gladis
Buck & Moewert Rechtsanwälte
Michaela Christ & Kai Dewald Rechtsanwälte
"LINDNER BLAUMEIER, Patent- und Rechtsanwälte, PartG mbB"
Neumüller & Partner GbR
Kanzlei Schlegel Rechtsanwälte
Schumm & Aigner GmbH Rechtsanwaltsgesellschaft Wirtschaftsprüfungsgesellschaft
"Rister, Wulf & Partner Rechtsanwälte"
Härlein + Kollegen Rechtsanwälte
"Rechtsanwälte Dr. Ulrich Gummel, Jörg Beck, Dr. Désirée Cimmino, Elmar Maier"
Kanzlei Müller GbR
Rechtsanwaltskanzlei Imendörffer - Imendörffer - Weiler
Lock & Roth
"RAU, SCHNECK & HÜBNER Patentanwälte Rechtsanwälte PartG mbB"
Rechtsanwälte Eißfeld und Negendanck
Dr. Scholz & Weispfenning Rechtsanwälte - Partnerschaft
ADVONORIS Rechtsanwälte Pejman & Partner
Kopp & Mühling Rechtsanwälte
"Dr. Wiedemann, Dr. Bronnenmeyer, Dr. Zeug, Datzer & Kollegen"
"Zirnbauer, Dr. Hoevels & Partner RAe"
Hilgers & Hirschmann
RAin Hösel-Eichinger / Römer
"Rechtsanwaltskanzlei Pasch, Winter, Grönert-Bauer"
"RAe Hubich, Häusele & Kollegen"
Rechtsanwälte Treiber & Wehr GbR
Foerster + Rutow Rechtsanwälte
Dr. Bader & Partner Nachfolge GbR
"Dahrmann, v.Rosenstiel & Coll."
Eckert & Kollegen
"Zimmermann, König, Singer"
Rechtsanwaltskanzlei Lippmann - Lippmann - Fischer
WOERTGE RECHTSANWÄLTE
Freud & Dolmany
Reitzenstein Junge Lottner
"Clausen, Doll & Partner RAe"
"Rechtsanwälte Moser-Nees, Bierhoff"
Dr. Hans Besendorfer und Kollegen GbR
"Rechtsanwaltskanzlei Bach, Drescher & Celik. Partnerschaft"
Dr. Lehmann & Collegen
Engelmann Eismann Ast
Prell & Collegen
Link Siry Kupfer Rechtsanwälte
"Rechtsanwälte Dr. Helm, Schmidt und Partner GdbR"
MEIXNER GbR Rechtsanwälte | Steuerberater | Mediatoren
Tschirpig & Koll. Rechtsanwälte
"Grohmann, Schmidt und Partner Rechtsanwälte mbB"
Altstötter & Spängler Rechtsanwälte
LOUIS PÖHLAU LOHRENTZ
Schultze & Braun Insolvenzverw. GmbH
Rechtsanwälte Beck und Schwanke PartG mbB
"Gussmann, Böhner & Kropp"
Dr. Schmitt & Kollegen
Anwaltskanzlei Dr. Debernitz Dr. Schmidt & Kollegen
"Wendt, Koch & Dorobek"
Rechtsanwälte Molitor Babel Singer Vitzthum PartG mbB
Zäh Rechtsanwälte Rechtsanwalts- und Steuerkanzlei
Rechtsanwälte Stern-Hübner-Dries-Würker Partnerschaft
Lawrenz & Kollegen Rechtsanwalts- und Steuerkanzlei
"Stingl, Neumann & Koll."
HRS Hupfer Ruckdeschel Schuierer
Steiner & Kollegen
Beutel & Voigt Rechtsanwälte
Rechtsanwaltskanzlei Kuth - Sieben
KGH Anwaltskanzlei Kreuzer Goßler Horlamus GdbR
"Manske & Partner, Rechtsanwälte"
Horn & Collegen
Rudolph Rechtsanwälte
Beisse & Rath Partnerschaft von RAen
"Riedel, Riedel & Riedel"
"Kanzlei Hofbeck, Buchner und Collegen GbR"
Kefalas & Linster Rechtsanwälte
Freitag Kohlmann Hansen*
Zurawel und Partner Rechtsanwälte
Hinrichs Rechtsanwälte GbR
"Rechtsanwälte Yilmazel, Aslan & Kotz"
Demin & Koll. Nürnberg
"Wirth, Niederalt & Weber"
Schnell & Kollegen
Schwarzer Rechtsanwälte
Gammel & Kollegen
Rechtsanwaltskanzlei Ellmer
Rechtsanwälte Dr. Waldmann Kohler & Kollegen GbR
PKF Sozietät Dr. Fischer
Rechtsanwälte und Steuerberater Gençer & Coll. Nürnberg
"Schmidt Nickl Fürst & Partner, Rechtsanwälte, Wirtschaftsprüfer, Steuerberater"
Dr. Sörgel und Kollegin
tittus & gross & lehner
Dr. Reiner & Kollegen
Stulle Wagner & Kollegen
Lederer & Partner GdbR
Rechtsanwälte D. Matthias Schneider Walter Hippel
Dr. Ostner & Ostner
Dr. Zech Rechtsanwälte Partnerschaft
Prager & Partner Rechtsanwälte
Weisgerber Weispfenning Roth Rechtsanwälte Partnerschaft
Kratzer & Kollegen
v.Rochow & Partner GbR
FAMILIENWERTE GmbH Rechtsanwaltsgesellschaft
Anwaltskanzlei Wolf
"Schieder, Schellhas & Stelzig"
Cöster & Partner Rechtsanwälte mbB
"THEOPARK Rechtsanwälte und Steuerberater Becker, Giesecke, Krumwiede, Saueracker, Schaaf, Siegl PartG mbB"
"Meinhardt, Gieseler & Partner Rechtsanwälte mbB"
"Rechtsanwaltskanzlei Ficht, Dr. Reitenspiess und Kollegen"
"Dr. Herzog und Partner, Rechtsanwälte"
Kalb - Dr. Möschel & Kollegen Rechtsanwälte
G&P Gloeckner.Fuhrmann.Nentwich. Rechtsanwaltsges. mbH
Dr. Endress & Partner GbR
Rechtsanwaltskanzlei Besendorfer
Hafner & Kohl Patentanwaltskanzlei Rechtsanwaltskanzlei
Wittmann & Schmitt Rechtsanwälte
RMH Rechtsanwälte
Neuhof Rechtsanwälte Partnerschaft
Schaffer WP Partner GmbH Wirtschaftsprüfungsgesellschaft
"Magold, Walter & Hermann, Rechtsanwaltspartnerschaft"
Munkert & Partner GbR
Dr. Beckstein & Kollegen GdbR
Baumgärtner Pasemann Ruppert
Rechtsanwälte Müller & Steenken
Stark & Nähr
Rothe Heike
Rechtsanwaltsgesellschaft Steger mbH
RÖSSLER Rechtsanwälte
"Preißler, Ohlmann & Partner RAe"
DR. MAEDER & PARTNER Rechtsanwälte
Rechtsanwaltskanzlei Guggenbichler
KÖNIG Rechtsanwälte
LOHBECK & PARTNER RECHTSANWÄLTE
"Maurus, Hacker & Edelthalhammer"
"Heimler, Mönius & Kollegen"
Rechtsanwaltskanzlei Becker - Schabesberger-Ida - Lacis
Dr. Sonntag Rechtsanwälte
Habel & Klostermeier Partnerschaft von Rechtsanwälten
Abel & Dr. Schuhmann Rechtsanwaltsges. mbH
Dr. Gassner & Partner mbB Patentanwälte
Rechtsanwaltskanzlei Porstmann - Löffler - Porstmann
Rechtsanwalt Goldenstein
Weiß Glimm Gutwin Rechtsanwälte Partnerschaft
Rechtsanwaltskanzlei Metzner
FSR.Recht GbR
Bissel + Partner Rechtsanwälte PartG mbB
AFK Rechtsanwälte
Rechtsanwälte Skapczyk und Kollegen
Rechtsanwälte Körner und Kollegen
Fella-Fricke-Wagner Rechtsanwälte
"Richter & Partner, Rechtsanwälte"
SALLECK + PARTNER Rechtsanwälte Steuerberater
"Hummelmann, von Pierer & Kollegen Rechtsanwälte"
RECHTSANWÄLTE JACOBS & KOLLEGEN
Rechtsanwaltskanzlei Kirchner-Petzel - Martelock - Frisch
"Zinner, Lang & Kollegen Anwaltskanzlei - Rechtsanwälte"
Rechtsanwaltskanzlei Meier - Abels - Brabant
"Schorr, Eggert, Stock&KasanmascheffGbR"
Bail & Kollegen Rechtsanwaltsges. mbH
von Bieren & Kollegen
"Kanzlei Mussbach, Blum & Uhl"
"Fürbeth, Hofmann & Rothenbucher"
Hefele & Donhauser
Rechtsanwälte Förster & Förster
"Heckel, Löhr & Kronast"
Rechtsanwälte Feder & Kollegen
Hausmann & Sandreuther Rechtsanwälte
Dr. Gramming & Kollegen
Bienert & Kollegen
Besold Schreiner Wilde & Kollegen
"Gerber, Schreiner & Kittmann"
Waggershauser & Kollegen Rechtsanwälte
Rechtsanwaltskanzlei Dr. Güllich & Döbler
Dotzler & Collegen
Schmauß + Lothar
Kanzlei Bleisteiner & Kollegen
"Rechtsanwälte Haydn, Deuerlein & Kollegen"
SZS Rechtsanwälte
Rogoz Stenz Rechtsanwälte
Rechtsanwaltskanzlei Schultheis - Hofmann
Kanzlei Mönius & Partner
Kanzlei Haas-Platzek-Hartl
Rechtsanwaltskanzlei Schmid - Geiger
Scharbatke Künkele Schuster
Anwaltskanzlei Sommer
"Rechtsanwälte Merbach, Saager & Helzel"
Rechtsanwälte Böhner & Hönicka GbR
Rechtsanwälte Graf von Seckendorff und Kollegen
"Dr. Danowski, Kohla & Gramsamer"
Promm Rechtsanwälte
RAe Beck & Kollegen
Dr. Carl & Partner mbB Wirtschaftsprüfer | Steuerberater | Rechtsanwälte
Fackelmeier & Kollegen
Hüttl Rechtsanwälte
Niesta-Weiser & Kollegen
Westphal & Kollegen
Rechtsanwälte Kreißl & Kollegen
Ponsel Luttenberger Huber Jendricke
Rechtsanwaltskanzlei Pleischl - Thümmler - Lenz
Goß & Rieger
Dr. Konrad Wilfurth Rechtsanwalts-GmbH
"Rechtsanwälte Taubmann, Malz, Greißinger & Partner mbB"
Rechtsanwaltskanzlei MEIER SCHMITZ WEBER
Rechtsanwaltskanzlei Kellermann & Kollegen
Braun Hintz Distler RAe
Rechtsanwälte Mümmler + Kollegen GbR
Knychalla Bauanwälte
Rechtsanwaltskanzlei Loichinger - Lebert - Buring
Kanzlei Mümmler & Regnath
Kaplitz & Greger
"Dr. Beck, Wartha & Gierl"
"Dr. Rittmann, Grochowina & Kollegen"
Rechtsanwälte Lochmüller Merk Schlama Faltenbacher
Rechtsanwaltskanzlei Brünnig - Brünnig - Michler
Lutz Freiherr von Hirschberg Rechtsanwalt
Rechtsanwälte Adolf Buckenleib Angerer
Kröber & Kollegen
"Pfister Jakob Kanzlei Pfister, Lang & Kollegen Rechtsanwälte"
Wanninger Schmidt Rechtsanwälte PartG mbB
lippl gailer betz krziminski dinesen
Anwaltskanzlei Biber
Rechtsanwälte Dr. Rockinger & Partner
BLTS Rechtsanwälte Fachanwälte GbR
"Rechtsanwälte Braun, Schmitz-Rosellen, Tesseraux Partnerschaft"
Rechtsanwälte Auer & Coll.
Rechtsanwaltskanzlei Straka-Veith - Früchtl - Deichl - Bausch
Brenninger Welnhofer Riedel & Partner Rechtsanwälte
Bauer & Partner GbR
Potthoff Stadler Dr. Müller Rechtsanwälte Steuerberater Partnerschaft
Wilfurth & Kollegen
Graml & Kollegen
"Rechtsanwälte Swoboda, Siegert-Bomhard, Eder Partnerschaft"
Schild Weinmann Zeller Winkler&Koll.
Weinland & Kollegen
Melzl & Kollegen
Rechtsanwälte Milek & Kollegen
Hellwig & Kollegen
Schlachter & Kollegen Rechtsanwälte
Rechtsanwälte Lutz Mirus & Christine Obermeier
Haizmann & Kollegen
K.W.B. Rechtsanwälte
Tischler Abt & Partner Rechtsanwälte
Dr. Rauscher & Partner Rechtsanwälte
KLX Kreis Lindheim Xander RAe GbR
Bäumel & Coll.
Espenhain Niels u. Sonja
Rechtsanwälte SPR
Treutler Rechtsanwälte Fachanwälte Partnerschaft
Rechtsanwaltskanzlei Neumeyer - Maar - Korb - Hutzler
Rechtsanwälte Dr. Schrems und Partner mbB
Rechtsanwälte Prof. Dr. Rauch & Partner
GRAF - GLÜCK - KRITZENBERGER
Baumann Mayer Seidel & Partner
Rechtsanwaltskanzlei Christian Hopfner
Zeilinger Rosenschon Fiebig Rößger
"v. Düsterlho, Rothammer & Partner mbB Wirtschaftsprüfer, Steuerberater, Rechtsanwälte"
Dr. Schörnig & Schimmel
Schwolow & Kollegen
JURAFLEX RechtsanwaltsAG
"Dr. Groda & Partner mbB, Rechtsanwälte Fachanwälte"
Rechtsanwaltskanzlei Lehmann & Lehmann-Mayer
Paluka Sobola Loibl & Partner Rechtsanwälte
Wagner & Lehner GbR
"Mörtl, Weinmann & Huber"
"Rechtsanwaltskanzlei Chmiel, Hofmann, Oertel & Sauer"
Sprenger.Rechtsanwälte
ECOVIS L+C RechtsanwaltsgmbH
Ulrich Weber & Partner Rechtsanwälte
"Anwaltshaus-Regensburg-Nord Mahrer, Meschütz & Kollegen"
Rechtsanwaltsges. Erös mbH
Avemaria . Wagner & Partner mbB - Rechtsanwälte Wirtschaftsprüfer
Rechtsanwälte Ißler & Schnetzer
"BLP Braun & Lachner Partnerschaft, Steuerberater und Rechtsanwalt"
AIV - Anwaltliche Interessenvertretung
Dr.Reuthlinger&Breig u.Partn.GbR
Rechtsanwälte Rubner & Arbinger
"Heinrich, Bertsch & Ries"
T & P Treml & Partner mbB Rechtsanwälte
Wanninger & Kollegen
Kuchenreuter + Georg
Kanzlei Zwick
Prof. Dr. Haffke Kahlert Dr. Schnabl Rechtsanwälte in Partnerschaft
Rechtsanwaltskanzlei Herrmann
Rechtsanwaltskanzlei Behammer Hausruckinger Partnerschaft
Kanzlei Ketter
Rechtsanwaltskanzlei Greiner-Zimmermann - Heindörfer - Westenberger
Reidel & Kollegen Rechtsanwaltsges. mbH
Olschar Rechtsanwaltskanzlei
Kanzlei Croy & Kollegen
Flisek + Galla Rechtsanwaltsges. mbH
Anwaltskanzlei Ramelsberger & Weber in Bürogemeinschaft
John Rechtsanwälte
Kanzlei von Veltheim Schima & Kollegen
Rechtsanwaltskanzlei Wiszkocsill
Binder und Partner Rechtsanwälte
Kanzlei Wolter & Musselmann
Rechtsanwaltskanzlei Kuczera
SIWE Rechtsanwälte Sinzger & Partner mbB
Rechtsanwälte Werts | Mühlberger | Scholler
Prof. Gerauer Rechtsanwälte
Dr. BAUMGARTNER & BENDER & JAHN
Kanzlei Dr. Kapsreiter & Wagner
Dr. Vachek Rechtsanwälte
Rolf Schuster | Wolfgang Dersch | Michael Mandlmaier | Angelika Hauer Rechtsanwaltskanzlei
Kanzlei Gößl & Kollegin
Rechtsanwaltskanzlei Vilsmeier - Aigner - Artmann
Kanzlei Stadler Rankl Stadler
Rechtsanwalt Dr. Helmut Holzapfel
Kanzlei Lacher Zenger & Kollegen
Prof. Dr. Hofbauer u. Koll.-RAe/StB
Wittmann & Denk
Freitag & Coll.
Passian & Kollegen
Rechtsanwaltskanzlei Briza - Krinner - Schurr
Brüker Treuhand GmbH Steuerberatungsgesellschaft
Rechtsanwalts-Kooperation Mühlbauer Gattung Krumm Schöller Sänger
Kanzlei Moosmeier
Kanzlei Tischler
KANZLEI AM ALTEN RATHAUS Rechtsanwaltskanzlei (BGB-Gesellschaft)
Cording Rechtsanwälte
Kanzlei Kutz & Partner
Kanzlei Seidl & Kollegen
Kanzlei Plötz Kramer & Feldmaier
Kanzlei Aumeier & Kollegen
Rechtsanwaltskanzlei Blanke - Fritz
Rechtsanwaltskanzlei Kitzlinger
Rechtsanwaltskanzlei GOLLWITZER & KOLLEGEN
Rechtsanwaltskanzlei Damm - Beyer - Beyer - Pechstein
Dr. Schneiderbanger & Kollegen Steuerberater - Rechtsanwälte
Buchta.Bagnoli.von Varel Rechtsanwälte.Fachanwälte.Partnerschaft
vMH Heun & Partner Rechtsanwälte Steuerberater
Kanzlei Schneider & Kollegen
Rechtsanwaltskanzlei Ketsch - Peetz - Reinel
Rechtsanwaltskanzlei Baumann - Fieback
"Schena, Piel & Partner Rechtsanwälte-Fachanwälte"
Rechtsanwälte Horn & Kollegen
Schmidt Hammon Stübinger & Kollegen Rechtsanwälte
Rechtsanwaltskanzlei Hübner - Brandl
Rechtsanwaltskanzlei Elßner
hieber ® RECHTSANWÄLTE
"RAe Elsner, Winkler & Kollegen"
Krammer Jahn Rechtsanwälte PartG mbB
"C.P.A. Dr. Schnetzer, Roider & Collegen GbR"
"Rechtsanwaltskanzlei Kramme, Günther & Kollegen"
Kanzlei Dr. Zeitler
MFM Rechtsanwälte
Kanzlei Lowack & Lowack
"F.E.L.S Rechtanwälte, Wirtschaftsprüfer, Steuerberater GdbR"
"Rechtsanwälte Dr. König, Heinold und Kollegen"
A. Beckmann & A. Blöcher Rechtsanwälte
Kanzlei Dr. Fischer
Kanzlei Huttinger & Krause
Rainer Teufel & Partner GmbH Steuerberatungsgesellschaft
Kanzlei Hübner Mayer Grohs
Rechtsanwaltskanzlei Kuhn - Strobel - Eismann
Rechtsanwaltskanzlei Merkl - Pöhlmann - Nürnberger-Winter - Winter - Glaser
Sanner & Meichner
Rechtsanwaltskanzlei Popp
Rechtsanwälte Behrmann Roensch Partnerschaft
RAe Basler & Cimander
"Rechtsanwälte Stock, Tengler & Kollegen"
Rechtsanwaltskanzlei Hoffmann - Kaiser-Kunitz
RAe Stühlein & Barthelmes
Rechtsanwaltskanzlei Schikowski - Schikowski - Kulla
"Rechtsanwälte Schott, Lange & Geheeb"
Rechtsanwaltskanzlei Zahn - Prade-Weigel - Schauer - Schulz
Kessler Winkelmeyr Neubauer RechtsanwaltsPartG mbB
"Rechtsanwälte Firlus, Winkler u. Kollegen"
Kanzlei Werner Lüttge & Thomas Brändlein
HellerKratzLemke Anwalts-PartG mbB
Rechtsanwaltskanzlei Presser - Rimkus - Tysiak - Sörgel
Rechtsanwaltskanzlei Brab - Kaller - Voigt
GEBHARDT & KLIEMANN Anwalts- und Fachanwaltskanzlei
"Rechtsanwaltskanzlei Weinmann, Hahn & Koll."
Rechtsanwälte Raab & Altstötter
Hornig | Dr. Händler Rechtsanwälte
Rechtsanwaltskanzlei Hillmann
"Familienkanzlei Rechtsanwältinnen Stammberger, Egetenmeyer, Kupfer"
Rechtsanwaltskanzlei Wagler
Drehsen Gärtner Rechtsanwälte
Kanzlei Schick und Kollegen
Rechtsanwälte Karl & Partner
Rechtsanwaltskanzlei Junkert - Schneider - Reimesch
Legal Rechtsanwälte
Rechtsanwaltskanzlei Guggemos - Jungkunz - Guggemos
Rechtsanwaltskanzlei Walder - Bott - Schaller-Böhm
Kanzlei Wittmann
wagler fachanwälte
Rechtsanwaltskanzlei Gralher - Lesch - Lesch-Lasaridis
Anwaltskanzlei Büschel-Girndt | Hofer | Kestel
Rechtsanwaltskanzlei Leyde - von Imhoff - von Pezold
HÄRER Wirtschaftsprüfer - Steuerberater - Rechtsanwalt
Kanzlei Linse
Bittorf Eike Dr. + Kollegen Rechtsanwaltskanzlei
Rechtsanwälte Beck & Zeitner
Anwaltskanzlei Hörnlein & Feyler Gesellschaft bürgerlichen Rechts
RAe Woik u. Nachtigall
Rechtsanwaltskanzlei Schlangen - Krüggeler - Bum
Ulbrich § Kollegen Rechtsanwälte PartG mbB
Wolfgang Kunkel Joachim Hengefeld Rechtsanwaltsges. mbH
Jordan·Schäfer·Auffermann Gesellschaft des bürgerlichen Rechts
Kanzlei Koch und Kollegen Rechtsanwälte in Würzburg
"Rechtsanwaltskanzlei Niggl, Lamprecht und Kollegen"
Dr. Waldhorn & Partner Rechtsanwälte
Rechtsanwälte | Partnerschaft Jacob | Paulsen | Wüst | Löwinger
"Lang, Tiemann &. Koll. Rechtsanwälte - Partnerschaft"
Rechtsanwaltskanzlei Widmann-Eidenmüller - Eidenmüller
RAe Dr. Pongratz & Kollegen
Reitmaier Partnerschaft von Rechtsanwälten
Voigt & Partner Rechtsanwälte GbR
Kollman-Jehle & Kessel Rechtsanwälte in Kooperation
HWR Insolvenzverwaltung
FRIES Rechtsanwälte Partnersch.
Kanzlei Winter & Kollegen
"RAe Mottl, Wilhelm, Leopold, Gurk"
Kracht Rechtsanwälte
Rechtsanwälte Wagner & Gräf
ERLBECK Rechtsanwälte
Rechtsanwälte Buschatzki & Kollegen
Kanzlei BAUMANN RECHTSANWÄLTE
RAe Macht & Eckstein
Bohl & Coll. Rechtsanwälte
Rechtsanwaltskanzlei Meyer - Wallenhorst - Frey
Jun Rechtsanwälte
Jäger Rechtsanwälte
Rechtsanwaltskanzlei LESCHNIG & COLL.
DR. SCHULTE DR. HUMM & PARTNER Wirtschaftsprüfer - Steuerberater - Rechtsanwälte
Kanzlei Fuchs & Martin
BFP Fraas & Partner
Rechtsanwaltskanzlei Bauermees - Mayer-Rödle - Rödle
Cornea Franz Rechtsanwälte PartG mbB
Rechtsanwaltskanzlei Lehrieder - Graf - Sternisko - Sorrentino
Kanzlei Hemmer & Kollegen
RECHTSANWÄLTE SPENGLER & KOLLEGEN
Kanzlei RAe Bildl & Kollegen
Rechtsanwaltskanzlei WEGNER & SCHÖBENER
Rechtsanwälte Hans-Günther Deubel & Thorsten Leimeister Gesellschaft bürgerlichen Rechts (GbR)
Dr. Stock & Kollegen Rechtsanwälte
Rechtsanwaltskanzlei Oestreicher - Braun - Braun
Rechtsanwaltskanzlei Kelle - Behnke - Schlereth - König
"RAe Lehr, Kilian, Kuhn"
Kanzlei Freund
Rechtsanwälte Rudolph & Berninger PartG mbB
RAe Hans Müller & Kollegen
"RSCW Rainer Rothmund, Dr. Michael Schulze, Christof Cramer, Thomas Wolfrum, Nicolas Sauer RechtsanwaltsPartG mbB"
Rechtsanwaltskanzlei Barufke - Scheu - Kirchhoff
RAe Fehn & Kollegen
Rechtsanwaltskanzlei Pensel
RAe Ditzel u. Koll.
Rechtsanwaltskanzlei Kraus - Lochner
Rechtsanwaltskanzlei Eckstein - Vollmert
Kanzlei Dr. Gündisch & Kollegen
Kanzlei Hofmann & Beck
Rechtsanwaltskanzlei Martin - Seidel - Martin
Haas Joachim Dr.
Pickel & Dombrowski Anwalts- und Wirtschaftssozietät
WICHTERMANN Rechtsanwälte
Anwaltsbüro Blan& Grüne
Rechtsanwaltskanzlei Beck - Walter - Burkard - Schürkens - Akcay
Rechtsanwaltskanzlei Blatt & Kollegen
PKS Stahl GbR
Borowka & Kratz Rechtsanwaltsges. mbH
KSVW Rechtsanwälte
Anwalts- und Fachanwaltskanzlei Windfelder & Kollegen
Rechtsanwaltskanzlei Ullrich
Kubik & Kollegen Rechtsanwälte
Bürogemeinschaft Gunther Fink Sabine Faust Rechtsanwälte
Rechtsanwälte Klett & Kollegen Gesellschaft bürgerlichen Rechts
Rechtsanwaltskanzlei Weinhardt
Rechtsanwälte Büttner & Kollegen
AHLERS & PARTNER Rechtsanwälte-Steuerberater
Kanzlei Blankenburg & Frank
Rechtsanwaltskanzlei Kunz - Kunz - Kunz
Rachor|Engert|Wendel|Försch GbR Rechtsanwälte & Fachanwälte
Rechtsanwaltskanzlei Richartz
Heidelmann Rechtsanwälte
Eisner Rechtsanwälte GmbH Rechtsanwaltsgesellschaft
Notariat Tauberbischofsheim
Rechtsanwaltskanzlei Himmelsbach - Himmelsbach - Müssig - Himmelsbach
KONRAD Rechtsanwälte PartG mbB
Anwaltsbüro Gert Schöppler und Kollegen
Rechtsanwälte Korn&Kollegen
Rechtsanwaltskanzlei Jasper - Hausdörfer - Jasper
Rechtsanwaltskanzlei Reinhardt
Held & Partner Rechtsanwälte Fachanwälte
Heller & Rotter Partnerschaft Rechtsanwälte
Rechtsanwaltskanzlei Brader - Sperling - Schubert - Anschütz - Latour
RAe Brunzel & Brunzel
Rechtsanwaltskanzlei Schneider - Kruse - Kaden
Greger Woertge Jacob Leidigkeit
Gilmour Rechtsanwälte GbR
WEISSKOPF Rechtsanwälte Partnerschaft
Schicker Thies Partnerschaft von Rechtsanwälten mbB
Anwälte am Anger Schieder Henkner Schreiter Stegner Rechtsanwälte
Rechtsanwälte Buck & Collegen
Hahn & Kollegen Rechtsanwälte
Löffler Rechtsanwälte
Rechtsanwaltskanzlei Kordel - Schneider - Arens
Rechtsanwälte Spilker & Coll. PartG mbB
RAe Bach Wandner Haak
Fischer & Collegen
Rechtsanwaltskanzlei Ebeling - Kattermann - Theile
Böhm Mathes Vent Rechtsanwälte in Bürogemeinschaft
Rechtsanwaltskanzlei Stolze - Goldmann - Gehret
Lomberg & Kollegen Rechtsanwälte
REINHARDT & KOLLEGEN Rechtsanwälte und Insolvenzverwalter GmbH Rechtsanwaltsgesellschaft
Rechtsanwaltskanzlei Wipper
Baumann & Kollegen
Rochlitz Kretschmer Vogel Rechtsanwälte und Fachanwälte Partnerschaft
"Rechtsanwälte Dres. Leese, Hildebrandt & Esser"
Hannack & Partner
RFTH Grünert Swierczyna König Rechtsanwälte
Bette - Westenberger - Brink
Rechtsanwaltskanzlei Schmidt - Mangel - Maier
Rechtsanwaltskanzlei Heiland - Pape - Thomas - Hahn
Rechtanwälte Alter & Kreysa
Liedtke & Partner Patentanwälte
Rienecker Rechtsanwälte
Menzel-Amarotico Rechtsanwaltsges. mbH
"Schramek, Meier & Collegen"
Neuenfeld | Gräfin Dohna Rechtsanwälte
Rechtsanwaltskanzlei Grosse-Röthig - Grosse - Grosse
Hanke & Matzky
Die Autobahnkanzlei
Rechtsanwaltskanzlei Faust - Ziemke - Altmeyer
Rechtsanwaltskanzlei Hilgarth - Wolf - Finger
Rechtsanwaltskanzlei Grolle - Feistkorn - Spaniel
Kanzlei Maurer & Möbius
Eisenach Rechtsanwälte
RA Maurer
Rechtsanwaltskanzlei Hajok - Tillmann - Rohrbach
Sauerwald + Heyn
Rechtsanwälte Kruse & Hellenkamp-Kruse
Warmbold Dirk
Rechtsanwälte Schwarz & Schwarz GbR
Rechtsanwaltskanzlei Gottlob - Teschner - Schultheis - Biedermann
"Rechtsanwälte Christian Krug v. Einem, Andreas Achterberg & Andreas Klemt"
"Oehlmann, Carsten"
FHR Rechtsanwälte
Rechtsanwaltskanzlei Longard - Gruska-Theus - Weber
Rechtsanwaltskanzlei Beckmann - Bürge - Adamaschek
Rechtsanwaltskanzlei Metz - Keyser - Keyser
Luther LLP
