Job_Title,Job_URL,Location,Company_Name,Posted_Date
Rechtsanwaltsfachangestellte/r (m/w/d),https://de.indeed.com/viewjob?jk=7681878e2dcb4e89,66111 Saarbrücken,Rechtsanwälte Comtesse & Comtesse,2026-04-09T10:41:02.279Z
Sachbearbeiter Fluggastrechte (m/w/d),https://de.indeed.com/viewjob?jk=7d43cc67275d3c41,68219 Mannheim,Mauser Steinbrenner Rechtsanwälte,2025-10-08T22:55:24.992Z
Rechtsanwaltsfachangestellte (m/w/d),https://de.indeed.com/viewjob?jk=315b5ba263a2a093,10117 Berlin,Leinemann Partner Rechtsanwälte mbB,2026-04-02T10:21:11.973Z
Rechtsanwaltsfachangestellte:r (m/w/d),https://de.indeed.com/viewjob?jk=5b29bd6c80628be6,94032 Passau,Rechtsanwaltskanzlei Ramelsberger,2026-04-10T10:28:20.296Z
Rechtsanwaltsfachangestellte (m/w/d),https://de.indeed.com/viewjob?jk=d489d94b015a321a,64807 Dieburg,Höck Spieß Fach Lieb,2025-10-21T16:11:31.379Z
Buchhalter (m/w/d),https://de.indeed.com/viewjob?jk=dbe3ce766b1d868a,86150 Augsburg,Ernst Voigt Rechtsanwälte,2026-03-30T18:52:35.314Z
Sachbearbeiter Forderungsmanagement (m/w/d),https://de.indeed.com/viewjob?jk=e60cb1cc4772eae4,10829 Berlin,EOS Deutscher Inkasso-Dienst GmbH,2026-03-26T15:55:55.539Z
Rechtsanwaltsfachangestellte (m/w/d),https://de.indeed.com/viewjob?jk=848d28afa5eae42f,66111 Saarbrücken,Rechtsanwaltskanzlei Will,2026-03-31T16:55:35.375Z
Rechtsanwaltsfachangestellter (m/w/d),https://de.indeed.com/viewjob?jk=d09b5af7ab413778,99817 Eisenach,Gerlach Hünlein Rechtsanwaltsgesellschaft mbH,2024-11-23T21:27:38.307Z
Rechtsanwaltsfachangestellte(r) (m/w/d),https://de.indeed.com/viewjob?jk=2a61b1ded41e0c34,79787 Lauchringen,Lovisi Versicherungsmakler GmbH,2026-02-27T07:04:30.941Z
Mitarbeiter/in Fachbereich 1 -Zentrale Dienste / Sachgebiet Kita's + Schulen (w/m/d),https://de.indeed.com/viewjob?jk=50d45bc042bdeb88,67806 Rockenhausen,Verbandsgemeinde Nordpfälzer Land,2026-04-14T15:34:38.138Z
Rechtsanwaltsfachangestellte (m/w/d),https://de.indeed.com/viewjob?jk=ade85d41a7a62367,63571 Gelnhausen,Rechtsanwälte Dr. Hamm//Scherer//Heß,2026-04-13T15:33:53.250Z
Rechtsanwaltsfachangestellte (m/w/d),https://de.indeed.com/viewjob?jk=06bc935f9814aab5,73033 Göppingen,Hauptmann-Uhl & Kollegen,2025-07-15T04:11:18.140Z
Sachbearbeiter (m/w/d) – Vorgerichtliche Forderungsbearbeitung,https://de.indeed.com/viewjob?jk=a8fb6c488db2a5b8,74074 Heilbronn,LIQUIDA Inkasso GmbH,2025-07-08T15:22:59.883Z
Rechtsanwaltsfachangestellte (m/w/d) mit Bock auf Dispo,https://de.indeed.com/viewjob?jk=992f66b7de2a48f5,09120 Chemnitz,Leihtaxi BTW & Ersatzwagen GmbH,2026-03-29T17:33:46.226Z
Notarfachangestellte (m/w/d),https://de.indeed.com/viewjob?jk=b55896bfb9d534a7,99084 Erfurt,Notar Alexander Beck,2026-04-12T12:57:45.802Z
Mitarbeiter/in Sekretariat (w/m/d),https://de.indeed.com/viewjob?jk=d540cd1f5f74286a,41334 Nettetal,"WWS Wirtz, Walter, Schmitz GmbH",2026-04-09T12:10:47.960Z
Rechtsanwaltsfachangestellte (m/w/d),https://de.indeed.com/viewjob?jk=4ce859fc830dc0f6,97070 Würzburg,Haus- und Grundbesitzerverein Würzburg & Umgebung e.V.,2026-04-16T21:40:22.746Z
Justizbeschäftigte/r (w/m/d),https://de.indeed.com/viewjob?jk=f8202d7ea95d9918,28195 Bremen,Freie Hansestadt Bremen,2025-05-20T08:08:49.373Z
Mitarbeiter*in (m/w/d),https://de.indeed.com/viewjob?jk=3a2a5059ca095f5d,26427 Esens,Samtgemeinde Esens,2026-04-23T10:56:46.820Z
Rechtsanwaltsfachangestellte/r (m/w/d),https://de.indeed.com/viewjob?jk=46aab525914dd2cd,10117 Berlin,Rexlegal,2024-11-30T17:07:15.610Z
Rechtsanwaltsfachangestellte/r (m/w/d),https://de.indeed.com/viewjob?jk=7dfb4ebf154310af,20095 Hamburg,Hansen & Münch Rechtsanwaltskanzlei Partnerschaftsgesellschaft,2026-04-13T10:24:34.742Z
Rechtsanwaltsfachangestellte(r) / Legal Assistant,https://de.indeed.com/viewjob?jk=9e38af0cf99ac201,14199 Berlin,Nyman Legal - Real Estate & Transactions,2026-04-16T17:48:15.486Z
Rechtsanwaltsfachangestellte:r (m/w/d) - Moderne Kanzlei statt Akten-Chaos,https://de.indeed.com/viewjob?jk=ff9747fcfb1c10ba,Landsberg am Lech,4Chain Consulting,2025-12-16T23:38:23.647Z
Rechtsanwaltsfachangestellte (m/w/d),https://de.indeed.com/viewjob?jk=8dfaba6f97a40468,86150 Augsburg,Ernst Voigt Rechtsanwälte,2026-03-30T18:44:26.150Z
Rechtsanwalt (m/w/d),https://de.indeed.com/viewjob?jk=805c68ae957eb259,73033 Göppingen,Hauptmann-Uhl & Kollegen,2025-07-15T22:10:37.319Z
Rechtsanwalt (m/w/d),https://de.indeed.com/viewjob?jk=75323e90eee69394,55299 Nackenheim,Cadenberg Rechtsanwaltsgesellschaft Rhein/Main mbH,2026-04-14T11:17:56.650Z
Rechtsanwalt (m/w/d),https://de.indeed.com/viewjob?jk=ab2c9a848329fcb8,32832 Augustdorf,Hüsemann & Kurt Kanzlei für Erbrecht,2026-04-15T13:01:56.153Z
Rechtsanwalt mit Partnerschaftsoption (m/w/d),https://de.indeed.com/viewjob?jk=69a0c584de9fb56f,27753 Delmenhorst,AWP GmbH & Co. KG Wirtschaftsprüfungsgesellschaft Steuerberatungsgesellschaft,2025-05-23T15:19:42.733Z
Rechtsanwalt (m/w/d),https://de.indeed.com/viewjob?jk=c8bba33ca5b919b1,Emmendingen,"RUFUNDSCHLENKER Wirtschaftsprüfer, Steuerberater, Rechtsanwälte",2026-04-04T11:01:07.830Z
Rechtsanwaltsfachangestellte (m/w/d),https://de.indeed.com/viewjob?jk=d489d94b015a321a,64807 Dieburg,Höck Spieß Fach Lieb,2025-10-21T16:11:31.379Z
"Partner (m/w/d) in einer Wirtschaftskanzlei – Mit voller Freiheit, ohne Umsatzvorgaben",https://de.indeed.com/viewjob?jk=4e0860fdb46a947f,79098 Freiburg,SNP Schlawien Partnerschaft mbB,2025-10-07T16:10:46.174Z
Referendariat,https://de.indeed.com/viewjob?jk=53bba04a663fba2a,24103 Kiel,Cornelius + Krage Rechtsanwälte PartG mbB,2025-05-13T01:44:21.280Z
Rechtsanwalt (m/w/d),https://de.indeed.com/viewjob?jk=4f135182c4a619ac,56727 Mayen,Walek Rechtsanwälte Partnerschaft,2026-03-31T21:25:29.602Z
Rechtsanwalt (m/w/d),https://de.indeed.com/viewjob?jk=89ae7fa600f432b5,Radevormwald,GKS Rechtsanwälte GbR,2026-04-14T02:24:00.737Z
Rechtsanwalt (m/w/d),https://de.indeed.com/viewjob?jk=6eb2af44a8fb39f9,41564 Kaarst,Rechtsanwälte Schmitter advokaarst,2026-03-31T16:30:45.300Z
Rechtsreferendar Wahlstation (m/w/d),https://de.indeed.com/viewjob?jk=797fc82090efde25,32339 Espelkamp,Naue GmbH & Co. KG,2026-02-28T05:06:08.684Z
Wirtschaftsjuristen,https://de.indeed.com/viewjob?jk=968afb90023d03b5,Hannover,horak Rechtsanwälte Partnerschaft mbB,2025-09-09T09:38:12.566Z
Rechtsanwalt (m/w/d) gesucht,https://de.indeed.com/viewjob?jk=5c1f6194a9d753f8,73525 Schwäbisch Gmünd,Anwaltskanzlei Schmid + Kollegen,2025-10-01T20:54:55.706Z
"Rechtsanwalt / Rechtsanwältin (m/w/d) im Bereich Vertragsrecht, Baurecht und Zivilprozessrecht",https://de.indeed.com/viewjob?jk=b4bafe4955cec1cd,91052 Erlangen,EKS Elektrotechnik GmbH,2025-09-22T21:43:01.591Z
Rechtsanwalt (m/w/d),https://de.indeed.com/viewjob?jk=60bc86228a68e955,80331 München,LEITNER&PARTNER GbR,2025-02-26T17:10:16.613Z
Referendar:innen,https://de.indeed.com/viewjob?jk=e99b9ba887014f2b,Hamburg,"KSP Kanzlei Dr. Seegers, Dr. Frankenheim Rechtsanwaltsgesellschaft mbH",2025-05-05T15:07:35.866Z
Rechtsreferendar/in,https://de.indeed.com/viewjob?jk=110408d39ae5fb0d,63739 Aschaffenburg,Fenderl & Dietrich,2026-02-27T20:05:35.935Z
Rechtsanwaltsfachangestellte(r) (m/w/d),https://de.indeed.com/viewjob?jk=2a61b1ded41e0c34,79787 Lauchringen,Lovisi Versicherungsmakler GmbH,2026-02-27T07:04:30.941Z
Rechtsanwalt (m/w/d) mit Berufserfahrung,https://de.indeed.com/viewjob?jk=ccd585c60590a26e,84130 Dingolfing,DIE KANZLEI. Englbrecht & Kollegen Part GmbB,2026-04-22T14:34:48.123Z
Rechtsanwalt (m/w/d),https://de.indeed.com/viewjob?jk=99153a55be361eb4,31655 Stadthagen,RAe Conrad & Hessel,2026-04-17T17:15:25.229Z
Mitarbeiter*in (m/w/d),https://de.indeed.com/viewjob?jk=3a2a5059ca095f5d,26427 Esens,Samtgemeinde Esens,2026-04-23T10:56:46.820Z
Rechtsanwalt,https://de.indeed.com/viewjob?jk=1f0d3eb54efdc8d7,44575 Castrop-Rauxel,Steuerberater Dennis Kreiskorte,2024-11-24T00:42:02.152Z
Rechtsanwaltsfachangestellte (m/w/d),https://de.indeed.com/viewjob?jk=ade85d41a7a62367,63571 Gelnhausen,Rechtsanwälte Dr. Hamm//Scherer//Heß,2026-04-13T15:33:53.250Z
Juristin (m/w/d),https://de.indeed.com/viewjob?jk=d86f3a24fc46dfe7,50823 Köln,cvbj,2026-03-31T17:59:50.705Z
Juristischer Referent (Recht & Beratung) mit Einsatz in der Betriebsarbeit (Springer) (m/w/d),https://de.indeed.com/viewjob?jk=e8cea98d7c085028,60487 Frankfurt am Main,Sozialverband VdK Hessen-Thüringen e.V.,2026-03-10T14:18:30.878Z
Associate (w/m/d) – M&A / Gesellschaftsrecht,https://de.indeed.com/viewjob?jk=e85fe87aa7260f07,Nordrhein-Westfalen,Konzept und Marketing GmbH,2026-04-22T16:11:33.516Z
Rechtsanwalt im Wettbewerbsrecht (w/m/d),https://de.indeed.com/viewjob?jk=019d94ee8a040086,01097 Dresden,KUCKLICK dresdner-fachanwaelte.de,2025-05-20T11:19:11.968Z
Volljuristen (m/w/d),https://de.indeed.com/viewjob?jk=9d66a0f1f3d9f062,21337 Lüneburg,Handelsverband Harz-Heide e. V.,2026-04-09T16:02:18.942Z
"Stabsstellenleitung Recht, Steuern und Personal (m/w/d)",https://de.indeed.com/viewjob?jk=b315fa55f3730db5,19053 Schwerin,Industrie- und Handelskammer zu Schwerin,2026-04-11T03:44:29.632Z
Referent Recht / Volljurist (w/m/d),https://de.indeed.com/viewjob?jk=948a06e07b14bc6d,74613 Öhringen,Hohenloher Krankenhaus,2026-02-19T15:50:58.139Z
Associate (w/m/d) – M&A / Gesellschaftsrecht,https://de.indeed.com/viewjob?jk=f0449be2c8f34e57,30659 Hannover,Konzept und Marketing GmbH,2026-04-22T16:11:34.180Z
Wirtschaftsjurist (m/w/d),https://de.indeed.com/viewjob?jk=572f1bb1558b6909,93426 Roding,Mühlbauer ID Services GmbH,2026-02-28T04:13:32.817Z
Juristischer Referent (m/w/d) Sozialrecht,https://de.indeed.com/viewjob?jk=d56e696d6121308c,60322 Frankfurt am Main,Sozialverband VdK Hessen-Thüringen e.V.,2026-03-26T14:19:20.700Z
Juristin (m/w/d),https://de.indeed.com/viewjob?jk=d86f3a24fc46dfe7,50823 Köln,cvbj,2026-03-31T17:59:50.705Z
Rechtsanwalt (m/w/d) als Associate im Arbeitsrecht,https://de.indeed.com/viewjob?jk=2fa55382d2bddc3c,München,Rexlegal,2026-02-27T23:51:45.449Z
Volljurist/in,https://de.indeed.com/viewjob?jk=d0bdc49e7abe0de0,06108 Halle (Saale),KEHL Rechtsanwaltsgesellschaft mbH,2024-11-23T16:07:35.178Z
Jurist (m/w/d) / Wirschaftsjurist (m/w/d),https://de.indeed.com/viewjob?jk=85c7c9cf1c8a98f2,55116 Mainz,Notar Peter Orth,2026-03-30T12:15:00.699Z
Volljurist (m/w/d),https://de.indeed.com/viewjob?jk=793eb96ab3db3f10,42281 Wuppertal,WSW Wuppertaler Stadtwerke GmbH,2026-03-30T10:54:37.964Z
Unternehmensjurist Recht & Compliance (m/w/d),https://de.indeed.com/viewjob?jk=35b8b5f9ef44258b,56112 Lahnstein,Zschimmer & Schwarz,2026-02-28T08:15:40.196Z
Legal Counsel - Datenschutz & IT Recht (m/w/d),https://de.indeed.com/viewjob?jk=3b54425361ea2cb3,42929 Wermelskirchen,Interroll Holding GmbH,2026-03-17T09:57:20.677Z
Volljurist*in,https://de.indeed.com/viewjob?jk=83ba28620829ee13,42119 Wuppertal,BarmeniaGothaer AG,2026-04-08T13:04:56.936Z
Legal Counsel - Syndikusrechtsanwalt (m/w/d),https://de.indeed.com/viewjob?jk=362175bb1df6bfbb,65779 Kelkheim (Taunus),ROTHENBERGER Gruppe,2026-03-17T20:18:59.744Z
Volljurist (m/w/d),https://de.indeed.com/viewjob?jk=68c960e5d6402a28,39104 Magdeburg,Investitionsbank Sachsen-Anhalt,2026-02-23T15:47:16.617Z
Volljurist bzw. Volljuristin (m/w/d),https://de.indeed.com/viewjob?jk=d275930f44c3ee68,91301 Forchheim,Stadt Forchheim,2026-04-22T09:42:46.165Z
Senior Legal Counsel (m/w/d),https://de.indeed.com/viewjob?jk=232b40c9e566c670,45127 Essen,NES Glob. DE,2026-04-13T16:11:31.894Z
Jurist m/w/d für rechtliche Grundsatzthemen,https://de.indeed.com/viewjob?jk=7fb43c5af381dc12,Kornwestheim,Karriereseite_cobisiconsult,2026-03-07T21:59:18.675Z
Jurist / Wirtschaftsjurist / Volljurist als Schadensachbearbeiter (m/w/d),https://de.indeed.com/viewjob?jk=9f16f3c0013538d1,50968 Köln,DMB Rechtsschutz-Versicherung AG,2025-07-29T14:05:56.209Z
General Legal Counsel (m/f/d),https://de.indeed.com/viewjob?jk=f52e4c276d1965ca,80333 München,CERTANIA Beteiligungen GmbH,2026-03-09T20:16:55.750Z
Rechtsanwaltsfachangestellte (m/w/d),https://de.indeed.com/viewjob?jk=be88fcc47a9dc9fb,93055 Regensburg,Paluka Rechtsanwälte Loibl Specht PartmbB,2025-06-27T16:30:32.100Z
Juristische Fachkraft EU/US bis zu 100% REMOTE möglich (alle Geschlechter),https://de.indeed.com/viewjob?jk=2cc5bf1bbb69df94,60311 Frankfurt am Main,21X,2026-04-21T03:25:47.434Z
Rechtsanwaltsfachangestellte (m/w/d),https://de.indeed.com/viewjob?jk=c3ce238dcabfec18,70191 Stuttgart,HSF Hartmann Fuchs + Partner Rechtsanwälte PartG mbB,2026-04-21T17:40:31.851Z
Fachberater Sozialrecht (m/w/d),https://de.indeed.com/viewjob?jk=05d6c723273e7d75,63667 Nidda,Sozialverband VdK Hessen-Thüringen e.V.,2026-02-26T20:14:29.249Z
Rechtsfachwirt (m/w/d),https://de.indeed.com/viewjob?jk=90b6127ba5fd11d7,76756 Bellheim,Gehrlein & Kollegen GbR,2025-09-02T09:03:26.262Z
Assistenz (m/w/d) im Vergaberecht,https://de.indeed.com/viewjob?jk=e01791cda53cca53,70191 Stuttgart,Menold Bezler,2026-03-05T14:14:18.229Z
Assistenz Rechtsabteilung (m/w/d),https://de.indeed.com/viewjob?jk=65047f7a96fd0ab0,97980 Bad Mergentheim,Caritas-Krankenhaus Bad Mergentheim gGmbH,2026-03-11T10:18:47.212Z
Azubi Rechtsanwalts- und Notarfachangestellter (m/w/d),https://de.indeed.com/viewjob?jk=21c644b5bd9aa9d2,Coesfeld,Dr. Rehse und Partner- Rechtsanwälte,2025-03-10T16:33:58.578Z
Teamleitung Bürgerservice (m/w/d),https://de.indeed.com/viewjob?jk=8d9e8fd159afe34d,Niesky,Landkreis Görlitz,2026-04-21T12:40:55.798Z
RECHTSANWALTSFACHANGESTELLTE(R) / RECHTSFACHWIRT(IN) (M/W/D),https://de.indeed.com/viewjob?jk=85bee96555ec9ca2,76227 Karlsruhe,MARTIN RECHTSANWÄLTE,2026-04-20T08:49:04.530Z
Assistenz / Rechtsanwaltsfachangestellte / Rechtsfachwirtin (m/w/d),https://de.indeed.com/viewjob?jk=8fbee58c550ffd70,70191 Stuttgart,Menold Bezler,2026-03-25T14:17:26.835Z
Rechtsanwaltsfachangestellte (m/w/d) - Gleitarbeitszeit & bis zu 48.000 €,https://de.indeed.com/viewjob?jk=23252f003f91c12f,86899 Landsberg am Lech,Kanzlei HERR,2026-03-27T15:10:32.835Z
Assistenz (m/w/d) im Gesellschaftsrecht / M&A,https://de.indeed.com/viewjob?jk=724841c9ee43a346,70191 Stuttgart,Menold Bezler,2026-03-04T14:13:44.839Z
Rechtsanwaltsfachangestellte/r,https://de.indeed.com/viewjob?jk=2b8f2249cf815cab,93049 Regensburg,Rechtsanwaltskanzlei Christian Hopfner,2026-02-26T21:23:00.160Z
"Mitarbeiter/in für das Sekretariat (m, w, d) in Voll- oder Teilzeit",https://de.indeed.com/viewjob?jk=fd63f62ae14ab8b9,48149 Münster,Voß.Partner Medizinrecht,2026-04-20T12:09:55.296Z
"Rechtsanwaltsfachangestellter (m/w/d), Notarfachangestellter (m/w/d) oder Rechtsfachwirt (m/w/d)",https://de.indeed.com/viewjob?jk=8f0a55d8e8c06cb1,97980 Bad Mergentheim,Caritas-Krankenhaus Bad Mergentheim gGmbH,2026-02-23T16:45:35.392Z
Rechtsfachwirtin (m/w/d) - Gleitarbeitszeit & bis zu 48.000 €,https://de.indeed.com/viewjob?jk=6e99b6d26aa34174,86899 Landsberg am Lech,Kanzlei HERR,2026-03-27T15:10:32.919Z
RECHTSREFERENDAR:IN (m/w/d) – Schwerpunkt Urheberrecht | Wahl-/Rechtsanwaltsstation | ab Oktober 2026,https://de.indeed.com/viewjob?jk=6609a2c87eed6330,80336 München,Frommer Legal,2026-02-17T14:20:35.916Z
Rechtsanwaltsfachangestellte (m/w/d),https://de.indeed.com/viewjob?jk=d489d94b015a321a,64807 Dieburg,Höck Spieß Fach Lieb,2025-10-21T16:11:31.379Z
Rechtsanwaltsfachangestellte (m/w/d),https://de.indeed.com/viewjob?jk=54a3d53a27683037,13407 Berlin,"aust und partner - Steuerberater, Rechtsanwälte",2026-03-30T14:49:04.812Z
Rechtsanwaltsfachangestellte (m/w/d),https://de.indeed.com/viewjob?jk=8dfaba6f97a40468,86150 Augsburg,Ernst Voigt Rechtsanwälte,2026-03-30T18:44:26.150Z
Teamassistenz (m/w/d) - Rechtsberatung,https://de.indeed.com/viewjob?jk=bae36012d95a955d,40237 Düsseldorf,ECOVIS KSO Steuerberater + Rechtsanwälte GmbH & Co. KG,2026-03-09T20:25:28.670Z
Rechtsanwalt (m/w/d),https://de.indeed.com/viewjob?jk=89ae7fa600f432b5,Radevormwald,GKS Rechtsanwälte GbR,2026-04-14T02:24:00.737Z
Rechtsanwaltsfachangestellte (m/w/d),https://de.indeed.com/viewjob?jk=1ebbf46f3af9fe52,51373 Leverkusen,Rechtsanwaltskanzlei Veit,2026-04-09T10:48:30.280Z
Rechtsanwaltsfachangestellte:r (m/w/d) - Ohne dich läuft hier nichts,https://de.indeed.com/viewjob?jk=2a5c68dfb683e0e2,Frankfurt am Main,4Chain Consulting,2026-03-15T17:22:06.349Z
Justizbeschäftigte/r (w/m/d),https://de.indeed.com/viewjob?jk=f8202d7ea95d9918,28195 Bremen,Freie Hansestadt Bremen,2025-05-20T08:08:49.373Z
Rechtsanwaltsfachangestellte (m/w/d) gesucht!,https://de.indeed.com/viewjob?jk=0c67da8546b34175,25704 Meldorf,Kannieß & Partner Rechtsanwälte mbB,2026-02-27T23:28:47.827Z
Rechtsanwaltsfachangestellte (m/w/d),https://de.indeed.com/viewjob?jk=06bc935f9814aab5,73033 Göppingen,Hauptmann-Uhl & Kollegen,2025-07-15T04:11:18.140Z
Rechtsanwaltsfachangestellte:r (m/w/d),https://de.indeed.com/viewjob?jk=5b29bd6c80628be6,94032 Passau,Rechtsanwaltskanzlei Ramelsberger,2026-04-10T10:28:20.296Z
Sachbearbeiter (m/w/d) – Vorgerichtliche Forderungsbearbeitung,https://de.indeed.com/viewjob?jk=a8fb6c488db2a5b8,74074 Heilbronn,LIQUIDA Inkasso GmbH,2025-07-08T15:22:59.883Z
Sachbearbeiter Fluggastrechte (m/w/d),https://de.indeed.com/viewjob?jk=7d43cc67275d3c41,68219 Mannheim,Mauser Steinbrenner Rechtsanwälte,2025-10-08T22:55:24.992Z
Rechtsanwaltsfachangestellte (m/w/d),https://de.indeed.com/viewjob?jk=c6373d828388da3f,77709 Wolfach,ZeTax GmbH,2026-01-14T21:58:13.990Z
Rechtsanwaltsfachangestellte (m/w/d),https://de.indeed.com/viewjob?jk=848d28afa5eae42f,66111 Saarbrücken,Rechtsanwaltskanzlei Will,2026-03-31T16:55:35.375Z
Rechtsanwaltsfachangestellte (m/w/d) - Forderungsmanagement,https://de.indeed.com/viewjob?jk=ea39a6e5d3d2f879,Rheinauhafen,Dr. Bachem Rechtsanwälte,2026-03-26T17:43:37.616Z
Rechtsanwaltsfachangestellte (m/w/d),https://de.indeed.com/viewjob?jk=5d6b405b69201b86,80538 München,"Eckart, Köster & Kollegen Rechtsanwälte",2026-04-20T16:45:08.403Z
Rechtsanwaltsfachangestellte (m/w/d),https://de.indeed.com/viewjob?jk=4ce859fc830dc0f6,97070 Würzburg,Haus- und Grundbesitzerverein Würzburg & Umgebung e.V.,2026-04-16T21:40:22.746Z
Rechtsanwaltsfachangestellte (m/w/d),https://de.indeed.com/viewjob?jk=d489d94b015a321a,64807 Dieburg,Höck Spieß Fach Lieb,2025-10-21T16:11:31.379Z
Rechtsanwaltsfachangestellte / Teamassistenz,https://de.indeed.com/viewjob?jk=a94695411484fdea,24103 Kiel,Cornelius + Krage Rechtsanwälte PartG mbB,2025-05-13T01:44:21.146Z
Rechtsanwaltsfachangestellte(r) (m/w/d),https://de.indeed.com/viewjob?jk=2a61b1ded41e0c34,79787 Lauchringen,Lovisi Versicherungsmakler GmbH,2026-02-27T07:04:30.941Z
Rechtsanwaltsfachangestellte:r (m/w/d) - Moderne Kanzlei statt Akten-Chaos,https://de.indeed.com/viewjob?jk=ff9747fcfb1c10ba,Landsberg am Lech,4Chain Consulting,2025-12-16T23:38:23.647Z
RECHTSANWÄLTIN:RECHTSANWALT LITIGATION (m/w/d) Hybrid,https://de.indeed.com/viewjob?jk=c3ff8bc4a60e82b6,80336 München,Frommer Legal,2026-03-23T14:22:33.309Z
Rechtsanwaltsfachangestellter (m/w/d),https://de.indeed.com/viewjob?jk=f64338a5437ab5f2,Stuttgart,Becker Büttner Held,2026-03-30T20:53:21.860Z
Rechtsanwaltsfachangestellter (m/w/d),https://de.indeed.com/viewjob?jk=d09b5af7ab413778,99817 Eisenach,Gerlach Hünlein Rechtsanwaltsgesellschaft mbH,2024-11-23T21:27:38.307Z
Rechtsanwaltsfachangestellte/r (m/w/d),https://de.indeed.com/viewjob?jk=7dfb4ebf154310af,20095 Hamburg,Hansen & Münch Rechtsanwaltskanzlei Partnerschaftsgesellschaft,2026-04-13T10:24:34.742Z
Rechtsanwaltsfachangestellte/r (m/w/d),https://de.indeed.com/viewjob?jk=46aab525914dd2cd,10117 Berlin,Rexlegal,2024-11-30T17:07:15.610Z
Rechtsanwaltsfachangestellte/r (m/w/d),https://de.indeed.com/viewjob?jk=7681878e2dcb4e89,66111 Saarbrücken,Rechtsanwälte Comtesse & Comtesse,2026-04-09T10:41:02.279Z
Rechtsanwaltsfachangestellte (m/w/d),https://de.indeed.com/viewjob?jk=ade85d41a7a62367,63571 Gelnhausen,Rechtsanwälte Dr. Hamm//Scherer//Heß,2026-04-13T15:33:53.250Z
Mitarbeiter*in (m/w/d),https://de.indeed.com/viewjob?jk=3a2a5059ca095f5d,26427 Esens,Samtgemeinde Esens,2026-04-23T10:56:46.820Z
Rechtsanwaltsfachangestellte (m/w/d),https://de.indeed.com/viewjob?jk=2c5175d3d7b51223,71634 Ludwigsburg,Kollegium Juris,2026-04-23T12:37:54.260Z
Rechtsanwaltsfachangestellter (m/w/d),https://de.indeed.com/viewjob?jk=9345b6ae80823c96,32052 Herford,LTS Rechtsanwälte • Wirtschaftsprüfer • Steuerberater Partnerschaft mbB,2026-03-23T21:10:17.768Z
Rechtsanwaltsfachangestellte(r) / Legal Assistant,https://de.indeed.com/viewjob?jk=9e38af0cf99ac201,14199 Berlin,Nyman Legal - Real Estate & Transactions,2026-04-16T17:48:15.486Z
Rechtsanwaltsfachangestellte (m/w/d),https://de.indeed.com/viewjob?jk=ef871da7e919014a,52499 Baesweiler,Krings & Krings,2026-03-30T11:24:32.289Z
Rechtsanwaltsfachangestellte (m/w/d),https://de.indeed.com/viewjob?jk=f1adfbae72519495,44135 Dortmund,nbh Strafrecht,2026-04-21T18:06:19.887Z
Rechtsanwaltsfachangestellte (m/w/d),https://de.indeed.com/viewjob?jk=2c5175d3d7b51223,71634 Ludwigsburg,Kollegium Juris,2026-04-23T12:37:54.260Z
Rechtsanwaltsfachangestellte/r (m/w/d),https://de.indeed.com/viewjob?jk=b3b7f00e02e0e628,40822 Mettmann,Erbrechtler - Fachkanzlei für Erbrecht,2026-04-14T12:11:43.748Z
Rechtsanwaltsfachangestellte (m/w/d) - Forderungsmanagement,https://de.indeed.com/viewjob?jk=ea39a6e5d3d2f879,Rheinauhafen,Dr. Bachem Rechtsanwälte,2026-03-26T17:43:37.616Z
Rechtsanwaltsfachangestellte (m/w/d),https://de.indeed.com/viewjob?jk=5d6b405b69201b86,80538 München,"Eckart, Köster & Kollegen Rechtsanwälte",2026-04-20T16:45:08.403Z
"Rechtsanwaltsfachangestellte:r (m/w/d) - Kanzlei, die dich Wertschätzt",https://de.indeed.com/viewjob?jk=acf7e7d386de7339,Koblenz,4Chain Consulting,2026-04-07T10:11:08.698Z
Rechtsanwaltsfachangestellter (m/w/d),https://de.indeed.com/viewjob?jk=14afada4c3c8208c,12683 Berlin,"Rechtsanwälte Kehrberg, Schuster & Coll.",2026-04-23T13:51:01.307Z
Rechtsanwaltsfachangestellte (m/w/d),https://de.indeed.com/viewjob?jk=c6373d828388da3f,77709 Wolfach,ZeTax GmbH,2026-01-14T21:58:13.990Z
Rechtsanwalt (m/w/d),https://de.indeed.com/viewjob?jk=89ae7fa600f432b5,Radevormwald,GKS Rechtsanwälte GbR,2026-04-14T02:24:00.737Z
Rechtsanwaltsfachangestellte (m/w/d),https://de.indeed.com/viewjob?jk=06b126262429860e,51379 Leverkusen,Rechtsanwaltskanzlei Lobitz,2026-04-08T00:07:46.914Z
Rechtsanwaltsfachangestellte (m/w/d) gesucht!,https://de.indeed.com/viewjob?jk=0c67da8546b34175,25704 Meldorf,Kannieß & Partner Rechtsanwälte mbB,2026-02-27T23:28:47.827Z
RECHTSANWALTSFACHANGESTELLTE (m/w/divers),https://de.indeed.com/viewjob?jk=459f0db98ca01323,Koblenz,"Rechtsanwälte Zakrzewski, Turowski und Leberig (GbR)",2025-04-06T15:12:48.823Z
Office Manager / Rechtsanwaltsfachangestellte (m/w/d),https://de.indeed.com/viewjob?jk=3893a15ceef3773d,21614 Buxtehude,ROCKZ Consulting,2026-03-04T03:12:09.392Z
rechtsanwaltsfachangestellte/r (m/w/d) in weißenburg i. bay.,https://de.indeed.com/viewjob?jk=8928d5b3579cf321,91781 Weißenburg in Bayern,meyerhuber rechtsanwälte partnerschaft mbb,2026-03-06T07:51:01.606Z
Rechtsanwaltsfachangestellte (m/w/d),https://de.indeed.com/viewjob?jk=66b968b3fa628999,50668 Köln,Rechtsanwälte Roos & Schmitz-Gagnon,2025-01-02T09:42:49.122Z
Rechtsanwaltsfachangestellte / Teamassistenz,https://de.indeed.com/viewjob?jk=a94695411484fdea,24103 Kiel,Cornelius + Krage Rechtsanwälte PartG mbB,2025-05-13T01:44:21.146Z
Rechtsanwaltsfachangestellte (m/w/d) – Minijob (flexibel),https://de.indeed.com/viewjob?jk=087b20616eac93a3,Leipzig,LWV Leipziger Wach- und Veranstaltungsdienst,2026-04-23T13:14:24.394Z
Rechtsanwaltsfachangestellte:r (m/w/d) - Ohne dich läuft hier nichts,https://de.indeed.com/viewjob?jk=2a5c68dfb683e0e2,Frankfurt am Main,4Chain Consulting,2026-03-15T17:22:06.349Z
Rechtsanwaltsfachangestellte (m/w/d) für int. Großkanzlei,https://de.indeed.com/viewjob?jk=21d3416a5b65aba4,60329 Frankfurt am Main,CENTRIO Partners,2026-03-31T14:24:59.998Z
Rechtsanwaltsfachangestellte (m/w/d),https://de.indeed.com/viewjob?jk=e412238ccec36544,04103 Leipzig,Weidauer Rechtsanwälte,2026-03-31T12:13:00.908Z
Rechtsreferendar (m/w/d),https://de.indeed.com/viewjob?jk=0ff61195f265bb64,30173 Hannover,activelaw Offenhausen.Wolter PartmbB,2025-08-12T22:22:44.932Z
Rechtsanwaltsfachangestellte (m/w/d),https://de.indeed.com/viewjob?jk=0cd092588d64180e,50933 Köln,W·I·R Jennißen und Partner Rechtsanwälte,2026-04-02T10:42:37.242Z
Rechtsanwälte (m/w/d).,https://de.indeed.com/viewjob?jk=f478586dd696453c,40212 Düsseldorf,NOVACOS Rechtsanwälte,2026-03-24T15:41:41.133Z
rechtsanwaltsfachangestellte/r (m/w/d) in dinkelsbühl,https://de.indeed.com/viewjob?jk=453955ba305ef08e,91550 Dinkelsbühl,meyerhuber rechtsanwälte partnerschaft mbb,2026-02-04T15:12:53.692Z
Volljurist / Volljuristin (m/w/d) für Hochschul- und Berufungsrecht,https://de.indeed.com/viewjob?jk=fc00fe6f0f251321,93053 Regensburg,Universität Regensburg,2026-04-01T21:07:26.805Z
Volljurist (m/w/d) im Arbeitsrecht,https://de.indeed.com/viewjob?jk=a33cc9bf7a3419b5,30625 Hannover,Kaufmännische Krankenkasse – KKH,2026-04-20T08:05:51.417Z
Rechtsanwalt Gesellschafts- und/oder Steuerrecht (m/w/d),https://de.indeed.com/viewjob?jk=1158eb147d27e227,Bremen,Unsere Stellenangebote in Bremen,2026-03-16T17:12:32.500Z
Rechtsanwalt / Volljurist (m/w/d) – Schwerpunkt Sozialrecht,https://de.indeed.com/viewjob?jk=dabf6ee866201a70,10245 Berlin-Friedrichshain,Rechtsanwalt Sauerbrey,2026-04-02T16:58:33.920Z
Rechtsanwalt mit Interessenschwerpunkt Steuerrecht/Steuerstrafrecht (m/w/d),https://de.indeed.com/viewjob?jk=56f82e273eea7b28,21337 Lüneburg,"Wöbken, Braune & Kollegen GbR",2026-01-08T15:10:23.743Z
Rechtsanwalt / Wirtschaftsjurist / Insolvenzrecht (m/w/d),https://de.indeed.com/viewjob?jk=970677ed2070eff6,86150 Augsburg,SGP Schneider Geiwitz,2026-03-24T16:42:08.282Z
Rechtsanwalt für Strafrecht in Festanstellung (w/m/d),https://de.indeed.com/viewjob?jk=f64cc369fadca6ef,95444 Bayreuth,Kanzlei Pflefka - Rechtsanwälte Pflefka und Jotschke,2026-04-23T11:59:38.330Z
Volljurist (m/w/d),https://de.indeed.com/viewjob?jk=df2ee0f74ac4bcf4,89081 Ulm Jungingen,Müller Holding GmbH & Co. KG,2026-03-16T13:39:33.859Z
Rechtsanwältin / Rechtsanwalt (Teilzeit oder Vollzeit),https://de.indeed.com/viewjob?jk=1dd72a626279bed0,Düsseldorf,Rechtsanwalt Güler,2026-04-13T11:03:38.620Z
Volljurist (m/w/d),https://de.indeed.com/viewjob?jk=44f2f3fdb899d614,Lüneburg,Landeskrankenhilfe V.V.a.G.,2025-09-02T13:00:51.915Z
Leiter juristische Abteilung & Syndikusanwalt (m/w/d),https://de.indeed.com/viewjob?jk=f48a0f14f1888053,90429 Nürnberg,DEHOGA Bayern e.V.,2025-12-04T14:16:32.751Z
Rechtsreferendar*in (m/d/w),https://de.indeed.com/viewjob?jk=a54a4dde08adff8c,Berlin-Schöneberg,Bürgerbewegung Finanzwende e.V.,2024-11-25T13:34:44.720Z
Legal Counsel,https://de.indeed.com/viewjob?jk=8c702d26d2f848ec,82166 Gräfelfing,FUTRUE,2026-03-31T09:15:18.834Z
Rechtsanwältin/Rechtsanwalt (m/w/d) im Bereich des Zivil- sowie Handels- und Gesellschaftsrechts,https://de.indeed.com/viewjob?jk=3165b653ec6af37b,53227 Bonn,Lawyers Eimer Heuschmid Mehle Partnership mbB,2024-11-30T00:55:17.992Z
Volljurist (m/w/d) Arbeitsrecht – Labour Relations/ HR,https://de.indeed.com/viewjob?jk=5152b6fd64bfcb20,Berlin,Securitas Deutschland,2026-03-13T15:09:05.467Z
Volljurist / Syndikusanwalt (m/w/d),https://de.indeed.com/viewjob?jk=787804b086ad985a,Augsburg,Wohnbaugruppe Augsburg,2025-10-13T15:32:28.652Z
Syndikusrechtsanwalt (m/w/d),https://de.indeed.com/viewjob?jk=2a44363eb9b816c5,46047 Oberhausen,EP Power Minerals GmbH,2026-04-23T07:39:27.743Z
Richter*innen (w/ m/ d) im Richterverhältnis auf Probe,https://de.indeed.com/viewjob?jk=569f22babd901d3f,28195 Bremen,Freie Hansestadt Bremen,2025-05-20T08:11:26.863Z
Anwalt (m/w/d),https://de.indeed.com/viewjob?jk=a0b1d42492bafc09,67059 Ludwigshafen am Rhein,Delta Inkasso GmbH,2026-04-15T09:17:22.900Z
Volljurist m/w/d,https://de.indeed.com/viewjob?jk=88088a121290fbcb,01219 Dresden,GICON Großmann Ingenieur Consult GmbH,2026-03-24T20:14:45.595Z
Rechtsanwalt m/w/d in Rostock,https://de.indeed.com/viewjob?jk=5292194fc075de7e,18055 Rostock,Rechtsanwälte Klostermann Schmidt Monstadt Eisbrecher,2026-04-16T09:09:10.979Z
"Volljurist / Volljuristin im Bereich Haushalts-, Steuer- und Körperschaftsrecht (m/w/d)",https://de.indeed.com/viewjob?jk=81c2da13140308e0,80539 München,Ludwig-Maximilians-Universität München,2026-04-07T12:05:04.750Z
Fachanwältin / Fachanwalt für Arbeitsrecht (m/w/d),https://de.indeed.com/viewjob?jk=a9262f80f47c5448,51377 Leverkusen,Mourkojannis Mörschner Rechtsanwälte PartGmbB,2026-04-15T11:13:07.369Z
Volljurist / Wirtschaftsjurist im Bereich Compliance (all genders),https://de.indeed.com/viewjob?jk=4897b006087c509e,Deutschland,Wavestone Germany AG,2026-02-28T21:53:52.499Z
Assistenz (w/m/d) für Rechtsanwaltskanzlei mit Schwerpunkt Buchhaltung,https://de.indeed.com/viewjob?jk=7665fd38fdd92b85,12683 Berlin,"Rechtsanwälte Kehrberg, Schuster & Coll.",2026-04-23T15:11:19.310Z
Notarfachangestellte (m/w/d),https://de.indeed.com/viewjob?jk=ddd1880eed57f695,26123 Oldenburg,Hibben & Fugger Rechtsanwaltspartnerschaft,2026-04-14T14:31:22.583Z
Notarfachangestellte (m/w/d),https://de.indeed.com/viewjob?jk=2f18e7af12c92053,24114 Kiel,"Wegner, Stähr & Partner",2024-11-30T12:06:19.848Z
Rechtsanwaltsfachangestellte (m/w/d) – Minijob (flexibel),https://de.indeed.com/viewjob?jk=087b20616eac93a3,Leipzig,LWV Leipziger Wach- und Veranstaltungsdienst,2026-04-23T13:14:24.394Z
BÜROGEMEINSCHAFT,https://de.indeed.com/viewjob?jk=423e717bf2db20f4,45130 Essen,Rechtsanwalt Clemens Louis,2025-10-01T18:27:30.397Z
Ausbildung zur Rechtsanwaltsfachangestellten (m/w/d),https://de.indeed.com/viewjob?jk=dab1ee096ff253a2,71634 Ludwigsburg,Kollegium Juris,2026-04-23T12:57:47.690Z
Rechtsanwaltsfachangestellte (m/w/d),https://de.indeed.com/viewjob?jk=2c5175d3d7b51223,71634 Ludwigsburg,Kollegium Juris,2026-04-23T12:37:54.260Z
Rechtsanwaltsfachangestellte (m/w/d) in Teilzeit – 20–25 Std.,https://de.indeed.com/viewjob?jk=447ce2e850d86dfc,80469 München,Rechtsanwalt Ismet Mujakic,2026-04-20T16:15:27.827Z
Rechtsanwaltsfachangestellte (m/w/d),https://de.indeed.com/viewjob?jk=4ce859fc830dc0f6,97070 Würzburg,Haus- und Grundbesitzerverein Würzburg & Umgebung e.V.,2026-04-16T21:40:22.746Z
Notarfachangestellte (m/w/d) gesucht,https://de.indeed.com/viewjob?jk=c36f4bab84b5ec8e,60486 Frankfurt am Main,Kanzlei Rodenburg /// Senger,2026-04-21T12:26:20.150Z
Notarfachangestellte (m/w/d),https://de.indeed.com/viewjob?jk=04c1bb7fb569e07c,45721 Haltern am See,Kanzlei Luft-Gautsch & Wessel,2026-04-21T17:52:14.120Z
Rechtsanwaltsfachangestellte (m/w/d),https://de.indeed.com/viewjob?jk=f1adfbae72519495,44135 Dortmund,nbh Strafrecht,2026-04-21T18:06:19.887Z
Mitarbeiter*in (m/w/d) aus dem Bereich der Hausverwaltung oder Rechtsanwaltsfachangestellte (m/w/d),https://de.indeed.com/viewjob?jk=12bb03e9ddc0ae7f,97070 Würzburg,Haus- und Grundbesitzerverein Würzburg & Umgebung e.V.,2026-04-16T21:38:38.180Z
Ausbildung als Rechtsanwaltsfachangestellte (m/w/d),https://de.indeed.com/viewjob?jk=f6b35849b8d3aa46,53113 Bonn,Kraemer.Law,2026-04-22T09:41:20.882Z
Rechtsanwaltsfachangestellte / Teamassistenz,https://de.indeed.com/viewjob?jk=a94695411484fdea,24103 Kiel,Cornelius + Krage Rechtsanwälte PartG mbB,2025-05-13T01:44:21.146Z
Rechtsanwaltsfachangestellter (m/w/d),https://de.indeed.com/viewjob?jk=14afada4c3c8208c,12683 Berlin,"Rechtsanwälte Kehrberg, Schuster & Coll.",2026-04-23T13:51:01.307Z
Schreibkraft (m/w/d),https://de.indeed.com/viewjob?jk=fa56b642e3a64eb0,44787 Bochum,Rechtsanwaltskanzlei Anja Kalka,2026-04-17T16:33:37.129Z
Rechtsanwaltsfachangestellte/r (m/w/d),https://de.indeed.com/viewjob?jk=b3b7f00e02e0e628,40822 Mettmann,Erbrechtler - Fachkanzlei für Erbrecht,2026-04-14T12:11:43.748Z
Rechtsanwaltsfachangestellte/r (m/w/d),https://de.indeed.com/viewjob?jk=7681878e2dcb4e89,66111 Saarbrücken,Rechtsanwälte Comtesse & Comtesse,2026-04-09T10:41:02.279Z
Juristische Fachkraft EU/US bis zu 100% REMOTE möglich (alle Geschlechter),https://de.indeed.com/viewjob?jk=2cc5bf1bbb69df94,60311 Frankfurt am Main,21X,2026-04-21T03:25:47.434Z
Rechtsanwalt (m/w/d),https://de.indeed.com/viewjob?jk=c57c031c282ac884,32052 Herford,LTS Rechtsanwälte • Wirtschaftsprüfer • Steuerberater Partnerschaft mbB,2026-03-23T21:10:18.540Z
Rechtsanwaltsfachangestellte (m/w/d),https://de.indeed.com/viewjob?jk=5d6b405b69201b86,80538 München,"Eckart, Köster & Kollegen Rechtsanwälte",2026-04-20T16:45:08.403Z
Rechtsanwaltsfachangestellte (m/w/d) – Vollzeit | ab sofort,https://de.indeed.com/viewjob?jk=2217e55cff965519,81476 München,Maas & Kollegen Rechtsanwaltsgesellschaft mbH,2026-04-17T19:03:25.266Z
"Jurist(in), Jurastudent(in) (m/w/d) für Buchprojekte gesucht",https://de.indeed.com/viewjob?jk=93115dce3781b620,Home Office,VmuR Verlag Mittelstand und Recht,2026-04-13T16:30:28.691Z
Du liebst Marken? Dann werde Markensachbearbeiter*in (m/w/d) bei HÄRTING,https://de.indeed.com/viewjob?jk=66375737c40da72b,10115 Berlin,HÄRTING Rechtsanwälte PartGmbB,2026-04-14T14:37:07.245Z
"Rechtsanwaltsfachangestellter (m/w/d), Notarfachangestellter (m/w/d) oder Rechtsfachwirt (m/w/d)",https://de.indeed.com/viewjob?jk=8f0a55d8e8c06cb1,97980 Bad Mergentheim,Caritas-Krankenhaus Bad Mergentheim gGmbH,2026-02-23T16:45:35.392Z
Assistenz Rechtsreferat,https://de.indeed.com/viewjob?jk=c4dc967e02d16a94,60528 Frankfurt am Main,Bundesverband Prakt. Tierärzte e.V.,2026-04-23T14:55:59.653Z
Assistenz / Rechtsanwaltsfachangestellte / Rechtsfachwirtin (m/w/d),https://de.indeed.com/viewjob?jk=8fbee58c550ffd70,70191 Stuttgart,Menold Bezler,2026-03-25T14:17:26.835Z
Rechtsfachwirt (m/w/d),https://de.indeed.com/viewjob?jk=90b6127ba5fd11d7,76756 Bellheim,Gehrlein & Kollegen GbR,2025-09-02T09:03:26.262Z
Rechtsanwaltsfachangestellte (m/w/d) – Vollzeit | ab sofort,https://de.indeed.com/viewjob?jk=2217e55cff965519,81476 München,Maas & Kollegen Rechtsanwaltsgesellschaft mbH,2026-04-17T19:03:25.266Z
Beratungsstellenassistenz (m/w/d),https://de.indeed.com/viewjob?jk=35362bf904da191b,65205 Wiesbaden,Sozialverband VdK Hessen-Thüringen e.V.,2026-03-03T14:16:36.452Z
Assistenz Rechtsabteilung (m/w/d),https://de.indeed.com/viewjob?jk=65047f7a96fd0ab0,97980 Bad Mergentheim,Caritas-Krankenhaus Bad Mergentheim gGmbH,2026-03-11T10:18:47.212Z
Assistenz (m/w/d) im Gesellschaftsrecht / M&A,https://de.indeed.com/viewjob?jk=724841c9ee43a346,70191 Stuttgart,Menold Bezler,2026-03-04T14:13:44.839Z
Sachbearbeiter (m/w/d) - Vereinsverwaltung und Büroorganisation,https://de.indeed.com/viewjob?jk=ef8a288d1265e1d7,09126 Chemnitz,Verein für Gesundheitssport und Sporttherapie Chemnitz e.V.,2026-04-17T21:00:07.860Z
Mitarbeiter (m/w/d/ohne Geschlechtsangaben) Personal und Recht,https://de.indeed.com/viewjob?jk=0476351f14900c73,70567 Stuttgart,Baden-Württembergische Spielbanken GmbH & Co. KG,2026-02-27T21:57:25.392Z
Notarfachangestellte/r (m/w/d),https://de.indeed.com/viewjob?jk=2c3c40bf3de59244,67061 Ludwigshafen am Rhein,Notariat Dr. Erich Daubermann,2026-04-05T15:16:31.846Z
Rechtsanwaltsfachangestellte (m/w/d) in Teilzeit – 20–25 Std.,https://de.indeed.com/viewjob?jk=447ce2e850d86dfc,80469 München,Rechtsanwalt Ismet Mujakic,2026-04-20T16:15:27.827Z
Juristische Fachkraft EU/US bis zu 100% REMOTE möglich (alle Geschlechter),https://de.indeed.com/viewjob?jk=2cc5bf1bbb69df94,60311 Frankfurt am Main,21X,2026-04-21T03:25:47.434Z
Mitarbeiter/-in (m/w/d) in der Datenverwaltung,https://de.indeed.com/viewjob?jk=942c20d6b82e2833,82256 Fürstenfeldbruck,Landratsamt Fürstenfeldbruck,2026-04-22T00:14:31.385Z
Ausbildung als Rechtsanwaltsfachangestellte (m/w/d),https://de.indeed.com/viewjob?jk=f6b35849b8d3aa46,53113 Bonn,Kraemer.Law,2026-04-22T09:41:20.882Z
Ausbildung zur Rechtsanwaltsfachangestellten (m/w/d),https://de.indeed.com/viewjob?jk=a0957d0d5fda0a7f,66111 Saarbrücken,Rechtsanwälte Comtesse & Comtesse,2026-04-13T11:03:59.740Z
Rechtsanwaltsfachangestellte / Legal Assistant / Paralegal (m/w/d),https://de.indeed.com/viewjob?jk=28002170a738522d,14199 Berlin,Nyman Legal - Real Estate & Transactions,2026-04-01T14:57:52.230Z
Rechtsanwaltsfachangestellte für Wirtschafts- und Rechtsberatung (m/w/d),https://de.indeed.com/viewjob?jk=2f875b4e9332994e,44149 Dortmund,FINEOO Inhaber Eric Martin,2026-03-24T09:10:53.770Z
Teamassistenz (m/w/d) - Rechtsberatung,https://de.indeed.com/viewjob?jk=bae36012d95a955d,40237 Düsseldorf,ECOVIS KSO Steuerberater + Rechtsanwälte GmbH & Co. KG,2026-03-09T20:25:28.670Z
Rechtsanwaltsfachangestellte:r / ReNo/ Sekretär:in mit langjähriger Erfahrung in einer Rechtsanwalts,https://de.indeed.com/viewjob?jk=f1d622325f36dc17,12355 Berlin,Rechtsanwaltskanzlei Wittlake,2026-04-09T14:16:55.900Z
Ausbildung zur Rechtsanwaltsfachangestellten (m/w/d),https://de.indeed.com/viewjob?jk=dab1ee096ff253a2,71634 Ludwigsburg,Kollegium Juris,2026-04-23T12:57:47.690Z
Sachbearbeiter Regelinsolvenzverfahren (m/w/d),https://de.indeed.com/viewjob?jk=c7aae094a4d47570,60323 Frankfurt am Main,Reimer Rechtsanwälte,2026-03-31T16:10:36.473Z
Assistenz (m/w/d) im Vergaberecht,https://de.indeed.com/viewjob?jk=e01791cda53cca53,70191 Stuttgart,Menold Bezler,2026-03-05T14:14:18.229Z
Assistenz Rechtsabteilung (m/w/d),https://de.indeed.com/viewjob?jk=f4c9dc55ade0909b,22769 Hamburg,Seier Holding GmbH & Co. KG,2026-04-17T11:01:07.894Z
Rechtsanwaltsfachangestellte (m/w/d),https://de.indeed.com/viewjob?jk=6feb80e3f117dcd0,München,LUTZ | ABEL Rechtsanwalts PartG mbB,2026-02-19T05:31:11.319Z
Mitarbeiter*in (m/w/d) aus dem Bereich der Hausverwaltung oder Rechtsanwaltsfachangestellte (m/w/d),https://de.indeed.com/viewjob?jk=12bb03e9ddc0ae7f,97070 Würzburg,Haus- und Grundbesitzerverein Würzburg & Umgebung e.V.,2026-04-16T21:38:38.180Z
Rechtsanwaltsfachangestellte (w/m/d) in Hamminkeln/Niederrhein,https://de.indeed.com/viewjob?jk=13239cc264f7a3b1,46499 Hamminkeln,HTM Meyer Venn & Partner,2025-07-04T12:48:22.419Z
Legal Specialist / Wirtschaftsjurist/in (m/f/d),https://de.indeed.com/viewjob?jk=024699227c7ef51f,95100 Selb,"Vishay Intertechnology, Inc.",2026-03-30T20:32:20.662Z
Rechtsanwaltsfachangestellte/n oder Rechtsfachwirt/in (m/w/d),https://de.indeed.com/viewjob?jk=e1128545acb565e5,50226 Frechen,Kanzlei Müller & Partner PartG mbB,2024-11-25T00:58:01.431Z
Sachbearbeiter Mahnverfahren / Zwangsvollstreckung (m/w/d) in Essen,https://de.indeed.com/viewjob?jk=76b4e0cb79e7f76b,45131 Essen,Thelen Holding GmbH,2026-03-19T17:49:29.446Z
Rechtsanwaltsfachangestellte (m/w/d),https://de.indeed.com/viewjob?jk=149862b77a69dab2,85757 Karlsfeld,Kanzlei Breitfeld & Walter,2026-04-14T14:57:47.951Z
Bürovorsteher(in) (m/w/d),https://de.indeed.com/viewjob?jk=071d4e52091eaaa1,66424 Homburg,Rechtsanwälte Gebhardt und Kollegen GdbR,2025-08-31T17:20:15.922Z
Sachbearbeiter/-in Hilfe zum Lebensunterhalt / Grundsicherung nach dem SGB XII / AslybLG (m/w/d),https://de.indeed.com/viewjob?jk=cdb81235fe9434b9,Deutschland,Landesregierung Brandenburg,2026-04-09T08:25:00.879Z
Sachbearbeiter/-in Hilfe zum Lebensunterhalt / Grundsicherung nach dem SGB XII / AslybLG (m/w/d),https://de.indeed.com/viewjob?jk=556efb9f8ee8ffc6,14772 Brandenburg an der Havel,Stadt Brandenburg an der Havel,2026-04-08T10:42:12.945Z
Rechtsanwaltsfachangestellte/n oder Rechtsfachwirt/in,https://de.indeed.com/viewjob?jk=160b73200ab7a8b9,Eislingen,Dr. Nickl & Seufert Rechtsanwälte Partnerschaft mbB,2024-12-01T22:26:23.375Z
"Rechtsanwaltsfachangestellte/ -r, Rechtsfachwirt/ -in",https://de.indeed.com/viewjob?jk=8a8df087354cbe5b,Weil am Rhein,Rechtsanwälte Seidler & Kollegen Partnerschaftsgesellschaft mbB,2024-11-23T09:54:26.567Z
Rechtsanwaltsfachangestellte / Rechtsfachwirtin (w/m/d),https://de.indeed.com/viewjob?jk=4c3720eea17bb532,51429 Bergisch Gladbach,Bietmann Rechtsanwälte Steuerberater PartmbB,2026-01-26T10:21:30.650Z
Sachbearbeitung Unternehmensinsolvenz (M/W/D),https://de.indeed.com/viewjob?jk=d33c2f60744fcd10,Mühldorf,Loserth Schranner & Partner Steuerberater Rechtsanwälte Wirtschaftsprüfer mbB,2026-04-02T08:37:10.352Z
Sachbearbeiter/innen für Ordnungswidrigkeiten/Einsprüche (w/m/d),https://de.indeed.com/viewjob?jk=68fb032f6288ba26,Gransee,Landesregierung Brandenburg,2026-04-23T08:24:13.528Z
Sachbearbeiter (m/w/d) Einbürgerungen/ Staatsangehörigkeitsrecht,https://de.indeed.com/viewjob?jk=be58c26a6e786e88,Bad Doberan,Landkreis Rostock,2026-04-15T12:51:18.807Z
Rechtsanwaltsfachangestellte (m/w/d),https://de.indeed.com/viewjob?jk=b83e415922417d0e,76756 Bellheim,Gehrlein & Kollegen GbR,2025-09-02T09:03:21.634Z
Rechtsanwaltsfachangestellter / Rechtsfachwirt (m/w/d),https://de.indeed.com/viewjob?jk=3dd96034a06a60d6,Hamburg,ECOVIS Webservice GmbH,2026-04-13T13:51:22.269Z
Sachbearbeiter:innen (w/m/d) Vollstreckungsinnendienst (Oberinspektor:in),https://de.indeed.com/viewjob?jk=867851593040dde9,Frankfurt am Main,Stadt Frankfurt am Main,2026-03-31T14:13:33.951Z
Geprüfter Rechtsfachwirt m/w/d Rechtsanwaltsfachangestellte m/w/d Bürofachkraft m/w/d in Teilzeit oder Vollzeit,https://de.indeed.com/viewjob?jk=68ab4bbf00d52840,Albstadt,Scharf • Hafner & Partner mbB,2025-03-14T13:09:18.360Z
Rechtsanwaltsfachangestellte (m/w/d) und / oder Rechtsfachwirt (m/w/d),https://de.indeed.com/viewjob?jk=aa009b09bd31c425,Angelbachtal,Rudolf & Kollegen,2025-12-08T15:33:13.308Z
Rechtsanwaltsfachangestellte/r (m/w/d),https://de.indeed.com/viewjob?jk=e3a5be95168b9f37,Mannheim,Pabst | Lorenz Partner PartG mbB,2024-12-16T12:32:58.480Z
Rechtsanwaltsfachangestellte/r (m/w/d),https://de.indeed.com/viewjob?jk=b6c3804e3428bb25,Weimar,Saller Gruppe,2026-03-03T07:11:08.498Z
Sachbearbeitung Insolvenz – Schwerpunkt Verfahrensabschluss (M/W/D),https://de.indeed.com/viewjob?jk=7ec895eb41dec76c,Mühldorf,Loserth Schranner & Partner Steuerberater Rechtsanwälte Wirtschaftsprüfer mbB,2026-04-02T08:37:11.926Z
Auszubildende/r zur/m Rechtsanwaltsfachangestellten,https://de.indeed.com/viewjob?jk=cd16c5172aa90273,91126 Schwabach,Rechtsanwälte Hausmann & Sandreuther,2025-06-09T14:22:04.970Z
Rechtsanwaltsfachangestellter / geprüfter Rechtsfachwirt (m/w/d),https://de.indeed.com/viewjob?jk=86be413f7843680d,Offenburg,Volksbank eG - Die Gestalterbank,2026-01-13T15:36:43.570Z
Insolvenzsachbearbeiter m/w/d,https://de.indeed.com/viewjob?jk=23a936357c58c2f9,Berlin,Graf Treuhand GmbH,2026-03-03T15:01:36.236Z
Sachbearbeiter/in Urheberrechte (m/w/d),https://de.indeed.com/viewjob?jk=6eb996d10007ee60,80337 München,Image Professionals GmbH,2026-04-02T15:30:19.899Z
Sachbearbeiter für die Insolvenzverwaltung (w/m/d),https://de.indeed.com/viewjob?jk=264e2cebdb796076,Nürnberg,Schultze & Braun,2026-02-28T21:10:54.265Z
Rechtsanwaltsfachangestellte (m/w/d),https://de.indeed.com/viewjob?jk=96b4c3594d525708,80331 München,"Rechtsanwälte Otto, Hugendubel, Emmert",2026-04-09T10:21:19.630Z
Rechtsanwalts- und Notarfachangestellte (m/w/d),https://de.indeed.com/viewjob?jk=7c4322a460c21bd7,30453 Hannover,Ziehm Rechtsanwälte PartGmbB,2026-04-21T09:14:53.258Z
Empfangsmitarbeiterin (m/w/d),https://de.indeed.com/viewjob?jk=48b8c254e740add4,47249 Duisburg,Bietmann Rechtsanwälte Steuerberater PartmbB,2025-11-12T14:05:34.952Z
Rechtsanwaltsfachangestellte (m/w/d),https://de.indeed.com/viewjob?jk=e5810fd07f11b32c,44787 Bochum,LNS Leifeld Niechoj Scholten Rechtsanwälte und Fachanwälte für Arbeitsrecht PartG,2026-04-01T08:35:18.430Z
zukunftsgestaltender Volljurist/Wirtschaftsjurist (m/w/d),https://de.indeed.com/viewjob?jk=b30bc5c7c6e93c6b,Rugendorf,M. Münch Elektrotechnik GmbH & Co. KG,2025-06-27T22:45:28.148Z
Rechtsanwaltsfachangestellte/r (m/w/d) in der Zwangsvollstreckungsabteilung,https://de.indeed.com/viewjob?jk=1cfea3756452a80a,55116 Mainz,Gräf & Centorbi Rechtsanwaltsgesellschaft mbH,2024-12-04T14:18:59.920Z
Ausbildung zum/zur Rechtsanwaltsfachangestellten (m/w/d),https://de.indeed.com/viewjob?jk=ef1a6355de296e3e,08412 Werdau,Diehl und Pape - Rechtsanwälte,2026-04-24T10:51:06.417Z
Jurist (m/w/d),https://de.indeed.com/viewjob?jk=d509c95c5fc11e49,72762 Reutlingen,"Notare am Bürgerpark, Notarsozietät Reisser & Eberhardt",2026-04-18T04:11:37.300Z
Rechtsanwalt m/w/d in Rostock,https://de.indeed.com/viewjob?jk=5292194fc075de7e,18055 Rostock,Rechtsanwälte Klostermann Schmidt Monstadt Eisbrecher,2026-04-16T09:09:10.979Z
Persönlicher Ansprechpartner (pAp) - bewerberorientiert (m/w/d),https://de.indeed.com/viewjob?jk=5d9442160a04ab3b,Aue-Bad Schlema,Landratsamt Erzgebirgskreis,2026-01-27T10:54:55.342Z
Rechtsanwaltsfachangestellte:r (m/w/d),https://de.indeed.com/viewjob?jk=5b29bd6c80628be6,94032 Passau,Rechtsanwaltskanzlei Ramelsberger,2026-04-10T10:28:20.296Z
Sachbearbeiter Forderungsmanagement / kaufmännischer Mitarbeiter im Mahnwesen / Rechtsanwaltsfachangestellte (m/w/d),https://de.indeed.com/viewjob?jk=0c5773a99634cd67,72813 Sankt Johann,RSU GmbH,2025-10-08T16:11:14.982Z
Rechtsanwaltsfachangestellte(r) in München oder Homeoffice,https://de.indeed.com/viewjob?jk=e7e0c27fe8e59a05,München,Brennecke Rechtsanwälte,2024-11-30T12:15:04.0Z
Rechtsanwaltsfachangestellte/r (w/m/d),https://de.indeed.com/viewjob?jk=2726c47fdb51a0f9,Braunschweig,SCHULTE & PRASSE,2026-02-18T14:31:35.713Z
Rechtsanwaltsfachangestellte (m/w/d),https://de.indeed.com/viewjob?jk=d3c25d53f4b76f75,Düsseldorf,"Dr. Ganteführer, Marquardt & Partner mbB Wirtschaftsprüfer – Steuerberater – Rechtsanwälte",2025-08-19T20:32:49.366Z
NOTARFACHASSISTENT (M/W/D),https://de.indeed.com/viewjob?jk=7133783384c14071,74821 Mosbach,Notare Berlin & Strauß,2026-02-26T23:58:50.200Z
Legal Counsel (m/f/d),https://de.indeed.com/viewjob?jk=eccc6bc78c35fe1a,10405 Berlin,HOLY Softdrinks GmbH,2026-02-26T14:11:40.494Z
Syndikusrechtsanwalt / Rechtsanwalt / Volljurist (m/w/d),https://de.indeed.com/viewjob?jk=2463de835976be5a,26382 Wilhelmshaven,Arbeitgeber- und Wirtschaftsverband Jade e.V.,2025-10-17T14:06:32.289Z
Fachkraft Büromanagement Bremen (m/w/d),https://de.indeed.com/viewjob?jk=893d66987f1dad22,28359 Bremen,Hahn Rechtsanwälte PartG mbB,2025-05-27T00:21:05.501Z
Volljurist / Syndikusrechtsanwalt (m/w/d),https://de.indeed.com/viewjob?jk=12d3fc35e59a2f28,Frankenthal,KSB SE & Co. KGaA,2026-03-05T18:27:59.802Z
Ausbildung zum/zur Rechtsanwaltsfachangestellten (m/w/d) 2026,https://de.indeed.com/viewjob?jk=473c9fd2e809d899,57072 Siegen,8P Steuerberatung - Wirtschaftsprüfung - Rechtsberatung,2026-02-11T21:57:09.470Z
Rechtsanwaltsfachangestellte/r (m/w/d),https://de.indeed.com/viewjob?jk=2af869e2362a6f91,30173 Hannover,activelaw Offenhausen.Wolter PartmbB,2025-09-01T19:30:50.740Z
Teamassistenz für Büromanagement (m/w/d),https://de.indeed.com/viewjob?jk=4473454411400997,Berlin-Lichtenberg,Mehner | Bogula PartGmbB StBG,2024-11-23T19:12:51.694Z
Assistenz / Kauffrau für Büromanagement / Rechtsanwaltsfachangestellte (m/w/d) in Voll- oder Teilzeit (mind. 30 h/Woche),https://de.indeed.com/viewjob?jk=a7598def7d080b89,34121 Kassel,FreySchallerHardt und Partner mbB,2025-09-19T09:11:51.192Z
Rechtsanwalt im Wettbewerbsrecht (w/m/d),https://de.indeed.com/viewjob?jk=019d94ee8a040086,01097 Dresden,KUCKLICK dresdner-fachanwaelte.de,2025-05-20T11:19:11.968Z
Volljurist (m/w/d) Corporate & Compliance,https://de.indeed.com/viewjob?jk=93a362b059cddd70,Monheim am Rhein,ExtraHolding GmbH,2024-11-29T22:26:43.340Z
Notarfachangestellte (m/w/d),https://de.indeed.com/viewjob?jk=b55896bfb9d534a7,99084 Erfurt,Notar Alexander Beck,2026-04-12T12:57:45.802Z
Rechtsanwalt / Rechtsanwältin (m/w/d),https://de.indeed.com/viewjob?jk=3ca8579306839422,34117 Kassel,Kanzlei Voigt Rechtsanwalts GmbH,2025-08-28T15:31:25.688Z
Sachbearbeiter / kaufmännischer Mitarbeiter (m/w/d),https://de.indeed.com/viewjob?jk=6bd7440bb9b9eac1,22307 Hamburg,AdvoNeo Schuldnerberatung,2025-04-07T17:35:36.318Z
Rechtsanwalt / Sanierungs- und Insolvenzrecht (m/w/d) – mit Partnerperspektive und Möglichkeit auf Homeoffice oder remote Arbeit,https://de.indeed.com/viewjob?jk=d19ab76feae99b95,20354 Hamburg,LWS Rechtsanwälte Partnerschaft mbB,2026-04-08T16:10:21.941Z
Rechtsanwaltsfachangestellte (m/w/d) Teilzeit / Vollzeit / Minijob,https://de.indeed.com/viewjob?jk=86153beb514420bf,73525 Schwäbisch Gmünd,Anwaltskanzlei Schmid + Kollegen,2024-11-23T09:41:19.339Z
Rechtsanwaltsfachangestellte:r / ReNo/ Sekretär:in mit langjähriger Erfahrung in einer Rechtsanwalts,https://de.indeed.com/viewjob?jk=f1d622325f36dc17,12355 Berlin,Rechtsanwaltskanzlei Wittlake,2026-04-09T14:16:55.900Z
Partner-Assistenz (m/w/d) / Executive Assistant,https://de.indeed.com/viewjob?jk=f40fc752f4bbfb8f,Verden (Aller),WILLMERKÖSTER,2025-12-12T00:57:15.706Z
Rechtsanwaltsfachangestellte/r (m/w/d),https://de.indeed.com/viewjob?jk=7dfb4ebf154310af,20095 Hamburg,Hansen & Münch Rechtsanwaltskanzlei Partnerschaftsgesellschaft,2026-04-13T10:24:34.742Z
Rechtsanwaltsfachangestellte (m/w/d),https://de.indeed.com/viewjob?jk=cfbeb712eaef24a1,70174 Stuttgart,LUTZ | ABEL Rechtsanwalts PartG mbB,2026-02-19T11:29:59.953Z
"Teamassistenz – Legal & Sales Support, Accounting (m/w/d)",https://de.indeed.com/viewjob?jk=de8ddbf9d6421034,Burghausen,znt Management Holding,2026-02-24T01:14:01.124Z
General Legal Counsel,https://de.indeed.com/viewjob?jk=89af364fdc978c60,Berlin,Andercore,2026-02-10T09:30:37.364Z
Rechtsanwalt (m/w/d),https://de.indeed.com/viewjob?jk=2a9bad5974f07cc1,45130 Essen,BISTER BRUNKE Rechtsanwälte PartG mbB PartGmbB,2025-12-09T22:06:00.538Z
Rechtsanwaltsgehilfin (m/w/d),https://de.indeed.com/viewjob?jk=78c9a417ad3162b6,53840 Troisdorf,Rechtsanwaltskanzlei Cem Sariyalim,2026-04-14T17:23:59.477Z
Mitarbeiter/in Sekretariat (w/m/d),https://de.indeed.com/viewjob?jk=d540cd1f5f74286a,41334 Nettetal,"WWS Wirtz, Walter, Schmitz GmbH",2026-04-09T12:10:47.960Z
Volljurist - Energierecht (m/w/d),https://de.indeed.com/viewjob?jk=1677d6b9975192f3,Potsdam,Danpower Gruppe,2026-02-25T15:56:44.994Z
Volljurist*in,https://de.indeed.com/viewjob?jk=0c1a51f320a9cd09,14532 Kleinmachnow,Landesregierung Brandenburg,2026-04-22T08:24:15.255Z
Volljurist*in für den Bereich allgemeine Rechtsangelegenheiten (m/w/d),https://de.indeed.com/viewjob?jk=843b4cd00bd66f2c,79098 Freiburg,Universität Freiburg,2026-03-24T23:51:07.439Z
ausbildung zur/zum rechtsanwaltsfachangestellten (m/w/d) in ansbach,https://de.indeed.com/viewjob?jk=c7e26cc01e81fcf8,91522 Ansbach,meyerhuber rechtsanwälte partnerschaft mbb,2026-02-10T11:57:02.508Z
Rechtsanwalt / Volljurist,https://de.indeed.com/viewjob?jk=6cf015358d0dbab6,Landshut,HPK - Steuerberater Rechtsanwälte,2025-07-24T08:47:48.163Z
Rechtsanwalts  fachangestellte (m/w/d),https://de.indeed.com/viewjob?jk=78234fbde5fdabf1,Hamburg,WILLMERKÖSTER,2025-12-12T00:57:17.390Z
Assistenz (m/w/d),https://de.indeed.com/viewjob?jk=66a41d75d69cc622,München,Oppenhoff & Partner Rechtsanwälte Steuerberater mbB,2026-02-27T16:17:43.444Z
Notarfachangestellte/r (m/w/d),https://de.indeed.com/viewjob?jk=d370bdaaa8607f99,Kirchrode,activelaw Offenhausen.Wolter PartmbB,2026-02-24T18:11:21.862Z
Auszubildender zum Rechtsanwaltsfachangestellten (m/w/d),https://de.indeed.com/viewjob?jk=22d5730f089b75ee,Regensburg,Fritz & Partner mbB Rechtsanwälte,2026-02-12T00:42:50.564Z
Referendar (m/w/d),https://de.indeed.com/viewjob?jk=e7b846d803f23eca,70184 Stuttgart,Rechtsanwalt Dr. Axel Kulas,2025-03-26T08:17:22.409Z
Volljurist Datenschutz (m/w/d),https://de.indeed.com/viewjob?jk=b420c61e9af5195c,85748 Garching bei München,Zeppelin GmbH,2025-11-13T15:11:15.546Z
Referent*in Nachlassverwaltung (Teilzeit 50%),https://de.indeed.com/viewjob?jk=20a4e66070f04e4d,53173 Bonn,Deutsche Welthungerhilfe e. V.,2026-04-20T22:47:12.610Z
Leiter*in Recht Immobilienrecht 5+,https://de.indeed.com/viewjob?jk=186515ce04fe5a76,Baden-Württemberg,Schollmeyer & Steidl GmbH,2026-04-23T04:11:36.258Z
Rechtsanwaltsfachangestellte (m/w/d),https://de.indeed.com/viewjob?jk=ac4eb79169441296,66740 Saarlouis,Rechtsanwälte BREHM,2026-03-29T19:43:18.134Z
Rechtsanwalt (m/w/d),https://de.indeed.com/viewjob?jk=ee81bbe3d014c264,Heidelberg,ECOVIS Webservice GmbH,2026-02-27T06:50:13.608Z
Justiziar / Syndikusrechtsanwalt (m/w/d),https://de.indeed.com/viewjob?jk=3c53c3f90004a41a,Deutschland,Joh. Wilh. von Eicken GmbH,2025-11-12T17:11:26.839Z
Justiziar / Legal Counsel (m/w/d),https://de.indeed.com/viewjob?jk=ba51ecc89603e7e2,50667 Köln,Indra Avitech GmbH,2026-02-24T14:21:21.157Z
Rechtsreferendar - Bereich HR Compliance / Arbeitsrecht (w/m/d),https://de.indeed.com/viewjob?jk=32ea950f74640f3d,Ingolstadt,AUDI AG,2025-09-10T19:49:29.936Z
(Senior) Legal Counsel / Unternehmensjurist (m/w/d),https://de.indeed.com/viewjob?jk=ab34926e37ac302b,04109 Leipzig,Distart Education GmbH,2026-02-28T22:32:21.721Z
"Rechtsanwaltsfachangestellte:r (m/w/d) - Kanzlei, die dich Wertschätzt",https://de.indeed.com/viewjob?jk=acf7e7d386de7339,Koblenz,4Chain Consulting,2026-04-07T10:11:08.698Z
Volljurist als Syndikusrechtsanwalt (m/w/d),https://de.indeed.com/viewjob?jk=bb28d42e52714f73,22761 Hamburg,Zeppelin Power Systems GmbH,2026-03-24T19:16:41.450Z
Rechtsanwaltsfachangestellte/Vollzeit (m/w/d) Lastrup,https://de.indeed.com/viewjob?jk=a439d7fdcc2eaf05,Lastrup,"Mählmeyer & Partner, Rechtsanwälte & Steuerberater",2025-07-16T22:02:42.740Z
Rechtsanwaltsfachangestellte (m/w/d),https://de.indeed.com/viewjob?jk=315b5ba263a2a093,10117 Berlin,Leinemann Partner Rechtsanwälte mbB,2026-04-02T10:21:11.973Z
Rechtsanwalt (m/w/d) Allgemeines Energie- und Energiewirtschaftsrecht,https://de.indeed.com/viewjob?jk=a351bea174838330,Erfurt,Becker Büttner Held,2025-09-15T08:53:28.493Z
Leiter (m/w/d) Wirtschaftsrecht,https://de.indeed.com/viewjob?jk=519320b860cbf2c4,Frankfurt am Main,WINHELLER GmbH,2026-02-27T18:15:01.450Z
Rechtsanwalt/Rechtsanwältin (M/w/d),https://de.indeed.com/viewjob?jk=1284d1fee982c252,59368 Werne,S & P Schröer GmbH,2025-07-04T20:09:49.707Z
Ausbildung mit Perspektive: Werde Rechtsfachangestellte/r (m/w/d),https://de.indeed.com/viewjob?jk=0149a5b9f94ca595,80469 München,Rechtsanwalt Ismet Mujakic,2026-04-09T13:36:36.444Z
Rechtsanwaltsfachangestellte (m/w/d),https://de.indeed.com/viewjob?jk=f1adfbae72519495,44135 Dortmund,nbh Strafrecht,2026-04-21T18:06:19.887Z
Sachbearbeiter Regelinsolvenzverfahren (m/w/d),https://de.indeed.com/viewjob?jk=c7aae094a4d47570,60323 Frankfurt am Main,Reimer Rechtsanwälte,2026-03-31T16:10:36.473Z
Rechtsanwaltsfachangestellte (m/w/d),https://de.indeed.com/viewjob?jk=315b5ba263a2a093,10117 Berlin,Leinemann Partner Rechtsanwälte mbB,2026-04-02T10:21:11.973Z
Sachbearbeiter Forderungsmanagement (m/w/d),https://de.indeed.com/viewjob?jk=e60cb1cc4772eae4,10829 Berlin,EOS Deutscher Inkasso-Dienst GmbH,2026-03-26T15:55:55.539Z
Rechtsanwaltsfachangestellte (m/w/d) – Minijob (flexibel),https://de.indeed.com/viewjob?jk=087b20616eac93a3,Leipzig,LWV Leipziger Wach- und Veranstaltungsdienst,2026-04-23T13:14:24.394Z
Rechtsanwaltsfachangestellte (m/w/d) für int. Großkanzlei,https://de.indeed.com/viewjob?jk=21d3416a5b65aba4,60329 Frankfurt am Main,CENTRIO Partners,2026-03-31T14:24:59.998Z
Ausbildung als Rechtsanwaltsfachangestellte (m/w/d),https://de.indeed.com/viewjob?jk=f6b35849b8d3aa46,53113 Bonn,Kraemer.Law,2026-04-22T09:41:20.882Z
Assistenz Rechtsreferat,https://de.indeed.com/viewjob?jk=c4dc967e02d16a94,60528 Frankfurt am Main,Bundesverband Prakt. Tierärzte e.V.,2026-04-23T14:55:59.653Z
RECHTSANWALTSFACHANGESTELLTE (m/w/divers),https://de.indeed.com/viewjob?jk=459f0db98ca01323,Koblenz,"Rechtsanwälte Zakrzewski, Turowski und Leberig (GbR)",2025-04-06T15:12:48.823Z
Rechtsanwaltsfachangestellte (m/w/d) mit Bock auf Dispo,https://de.indeed.com/viewjob?jk=992f66b7de2a48f5,09120 Chemnitz,Leihtaxi BTW & Ersatzwagen GmbH,2026-03-29T17:33:46.226Z
Rechtsfachwirt (m/w/d),https://de.indeed.com/viewjob?jk=90b6127ba5fd11d7,76756 Bellheim,Gehrlein & Kollegen GbR,2025-09-02T09:03:26.262Z
rechtsanwaltsfachangestellte/r (m/w/d) in dinkelsbühl,https://de.indeed.com/viewjob?jk=453955ba305ef08e,91550 Dinkelsbühl,meyerhuber rechtsanwälte partnerschaft mbb,2026-02-04T15:12:53.692Z
Office Manager / Rechtsanwaltsfachangestellte (m/w/d),https://de.indeed.com/viewjob?jk=3893a15ceef3773d,21614 Buxtehude,ROCKZ Consulting,2026-03-04T03:12:09.392Z
rechtsanwaltsfachangestellte/r (m/w/d) in dinkelsbühl,https://de.indeed.com/viewjob?jk=453955ba305ef08e,91550 Dinkelsbühl,meyerhuber rechtsanwälte partnerschaft mbb,2026-02-04T15:12:53.692Z
Rechtsanwaltsfachangestellte:r (m/w/d) - Ohne dich läuft hier nichts,https://de.indeed.com/viewjob?jk=42f4aafa87bb3a42,Darmstadt,4Chain Consulting,2026-03-15T17:22:06.659Z
Rechtsanwaltsfachangestellte (m/w/d),https://de.indeed.com/viewjob?jk=66b968b3fa628999,50668 Köln,Rechtsanwälte Roos & Schmitz-Gagnon,2025-01-02T09:42:49.122Z
Rechtsreferendar (m/w/d),https://de.indeed.com/viewjob?jk=0ff61195f265bb64,30173 Hannover,activelaw Offenhausen.Wolter PartmbB,2025-08-12T22:22:44.932Z
Rechtsanwaltsfachangestellte (m/w/d) für int. Großkanzlei,https://de.indeed.com/viewjob?jk=21d3416a5b65aba4,60329 Frankfurt am Main,CENTRIO Partners,2026-03-31T14:24:59.998Z
Wirtschaftsjuristen (m/w/d) Insolvenzrecht in Vollzeit,https://de.indeed.com/viewjob?jk=3af39ffaf7deae8e,20354 Hamburg,Reimer Rechtsanwälte,2026-03-31T16:10:36.186Z
Mitarbeiter/-in (m/w/d) in der Datenverwaltung,https://de.indeed.com/viewjob?jk=942c20d6b82e2833,82256 Fürstenfeldbruck,Landratsamt Fürstenfeldbruck,2026-04-22T00:14:31.385Z
Wissenschaftlicher Mitarbeiter (m/w/d) im Bereich Investment-Funds mit dem Schwerpunkt auf Private Equity/Venture Capital Funds - mit vier bis fünf Tagen pro Woche,https://de.indeed.com/viewjob?jk=67c4af91036064f9,10785 Berlin,POELLATH Rechtsanwälte,2026-03-04T20:23:44.783Z
Rechtsanwalts- und Notarfachangestellte (m/w/d),https://de.indeed.com/viewjob?jk=e38697be3188493d,06528 Wallhausen,Unternehmensverbund WM Agrar,2026-03-05T21:59:06.997Z
"Rechtsanwaltsfachangestellte:r (m/w/d) - Kanzlei, die dich Wertschätzt",https://de.indeed.com/viewjob?jk=acf7e7d386de7339,Koblenz,4Chain Consulting,2026-04-07T10:11:08.698Z
Rechtsanwaltsfachangestellter (m/w/d),https://de.indeed.com/viewjob?jk=14afada4c3c8208c,12683 Berlin,"Rechtsanwälte Kehrberg, Schuster & Coll.",2026-04-23T13:51:01.307Z
Rechtsanwaltsfachangestellte (m/w/d) mit Bock auf Dispo,https://de.indeed.com/viewjob?jk=992f66b7de2a48f5,09120 Chemnitz,Leihtaxi BTW & Ersatzwagen GmbH,2026-03-29T17:33:46.226Z
Rechtsanwaltsfachangestellte (m/w/d),https://de.indeed.com/viewjob?jk=ef871da7e919014a,52499 Baesweiler,Krings & Krings,2026-03-30T11:24:32.289Z
Junior Jurist (m/w/d),https://de.indeed.com/viewjob?jk=3f528d271175d929,26845 Nortmoor,J. Bünting ﻿﻿Beteiligungs﻿﻿ AG,2026-03-18T19:11:26.484Z
Rechtsanwaltsfachangestellte (m/w/d),https://de.indeed.com/viewjob?jk=e412238ccec36544,04103 Leipzig,Weidauer Rechtsanwälte,2026-03-31T12:13:00.908Z
Rechtsanwaltsfachangestellte (m/w/d),https://de.indeed.com/viewjob?jk=8dfaba6f97a40468,86150 Augsburg,Ernst Voigt Rechtsanwälte,2026-03-30T18:44:26.150Z
Studentische Aushilfe (m/w/d) Kanzlei,https://de.indeed.com/viewjob?jk=972693c14c8c8288,20457 Hamburg,Kanzlei Sengül,2026-04-01T13:26:55.340Z
Ausbildung zur Rechtsanwaltsfachangestellten (m/w/d),https://de.indeed.com/viewjob?jk=dab1ee096ff253a2,71634 Ludwigsburg,Kollegium Juris,2026-04-23T12:57:47.690Z
"Rechtsanwalt (m/w/d) - Mit Perspektive auf Partnerschaft – Recht trifft Wirtschaft, Teamgeist trifft Verantwortung",https://de.indeed.com/viewjob?jk=d46a75097d579724,49377 Vechta,Dr. Koops & Partner,2025-11-06T21:10:37.495Z
Notarfachangestellte (m/w/d),https://de.indeed.com/viewjob?jk=c6291cbf630b3f15,60329 Frankfurt am Main,Franziska Gärtner - Inhouse Recruiting,2026-03-03T15:56:38.348Z
"Rechtsanwaltsfachangestellter (m/w/d), Notarfachangestellter (m/w/d) oder Rechtsfachwirt (m/w/d)",https://de.indeed.com/viewjob?jk=8f0a55d8e8c06cb1,97980 Bad Mergentheim,Caritas-Krankenhaus Bad Mergentheim gGmbH,2026-02-23T16:45:35.392Z
Rechtsanwaltsfachangestellter (m/w/d),https://de.indeed.com/viewjob?jk=9345b6ae80823c96,32052 Herford,LTS Rechtsanwälte • Wirtschaftsprüfer • Steuerberater Partnerschaft mbB,2026-03-23T21:10:17.768Z
Rechtsanwaltsfachangestellte (m/w/d),https://de.indeed.com/viewjob?jk=e412238ccec36544,04103 Leipzig,Weidauer Rechtsanwälte,2026-03-31T12:13:00.908Z
Rechtsanwaltsfachangestellte/Vollzeit (m/w/d) Lastrup,https://de.indeed.com/viewjob?jk=a439d7fdcc2eaf05,Lastrup,"Mählmeyer & Partner, Rechtsanwälte & Steuerberater",2025-07-16T22:02:42.740Z
Legal Counsel - Syndikusrechtsanwalt (m/w/d),https://de.indeed.com/viewjob?jk=362175bb1df6bfbb,65779 Kelkheim (Taunus),ROTHENBERGER Gruppe,2026-03-17T20:18:59.744Z
Wissenschaftliche Mitarbeiter (m/w/d) Legal Tech,https://de.indeed.com/viewjob?jk=7d0e8b6d2690aa99,50668 Köln,Oppenhoff & Partner Rechtsanwälte Steuerberater mbB,2026-03-31T20:13:25.134Z
Rechtsanwaltsfachangestellte/r (m/w/d),https://de.indeed.com/viewjob?jk=b3b7f00e02e0e628,40822 Mettmann,Erbrechtler - Fachkanzlei für Erbrecht,2026-04-14T12:11:43.748Z
"Referendare (m/w/d) in der Anwalts- oder Wahlstation, Osnabrück",https://de.indeed.com/viewjob?jk=a38dc12401fec572,49078 Osnabrück,Schindhelm Rechtsanwaltsgesellschaft mbH,2025-06-04T14:54:20.152Z
Rechtsanwaltsfachangestellte (m/w/d) gesucht!,https://de.indeed.com/viewjob?jk=0c67da8546b34175,25704 Meldorf,Kannieß & Partner Rechtsanwälte mbB,2026-02-27T23:28:47.827Z
Absolvent/in Agrar als Landwirtschaftliche/r Unternehmensberater/in (m/w/d),https://de.indeed.com/viewjob?jk=e07055334a9e332b,03051 Cottbus,Buchführungsdienst der Bayerischen Jungbauernschaft e.V.,2025-08-25T11:31:33.372Z
Rechtsfachwirt (m/w/d),https://de.indeed.com/viewjob?jk=90b6127ba5fd11d7,76756 Bellheim,Gehrlein & Kollegen GbR,2025-09-02T09:03:26.262Z
Insolvenzsachbearbeiter (m/w/d),https://de.indeed.com/viewjob?jk=04258390a05c0dce,01219 Dresden,Tiefenbacher Rechtsanwälte,2024-11-29T11:46:40.832Z
RECHTSANWALTS- UND NOTARFACHANGESTELLTE/N (m/w/d),https://de.indeed.com/viewjob?jk=2a3fc39ea7063afb,37154 Northeim,KAPPUHNE SCHREIER HERBOTE RECHTSANWÄLTE · NOTAR · PARTNERSCHAFTSGESELLSCHAFT,2026-02-27T22:57:02.857Z
Rechtsanwaltsfachangestellte (m/w/d),https://de.indeed.com/viewjob?jk=d3c25d53f4b76f75,Düsseldorf,"Dr. Ganteführer, Marquardt & Partner mbB Wirtschaftsprüfer – Steuerberater – Rechtsanwälte",2025-08-19T20:32:49.366Z
Teamassistenz (m/w/d) für nachmittags,https://de.indeed.com/viewjob?jk=1ca6cb13e66e2b82,Oyten,Kanzlei Erbacher Sascha Erbacher // Rechtsanwälte & Notar,2025-08-08T14:13:09.607Z
Fachkraft Büromanagement Bremen (m/w/d),https://de.indeed.com/viewjob?jk=893d66987f1dad22,28359 Bremen,Hahn Rechtsanwälte PartG mbB,2025-05-27T00:21:05.501Z
Sachbearbeiter Forderungsmanagement / kaufmännischer Mitarbeiter im Mahnwesen / Rechtsanwaltsfachangestellte (m/w/d),https://de.indeed.com/viewjob?jk=0c5773a99634cd67,72813 Sankt Johann,RSU GmbH,2025-10-08T16:11:14.982Z
Bürokaufkraft (m/w/d),https://de.indeed.com/viewjob?jk=55e7c8afff8504f4,20095 Hamburg,Leinemann & Partner Rechtsanwälte mbB,2026-02-28T03:14:59.368Z
Rechtsanwaltsfachangestellte (m/w/d),https://de.indeed.com/viewjob?jk=848d28afa5eae42f,66111 Saarbrücken,Rechtsanwaltskanzlei Will,2026-03-31T16:55:35.375Z
Rechtsanwalt für Steuerrecht & Steuerstrafrecht (m/w/d),https://de.indeed.com/viewjob?jk=860f185e244cee03,71063 Sindelfingen,Kullen Muller Zinser,2025-07-02T10:36:34.498Z
Mosbach: Rechtsanwaltsfachangestellter (m/w/d),https://de.indeed.com/viewjob?jk=9f30f6870489fafb,Mosbach,Sozialverband VdK Baden-Württemberg e.V.,2026-04-10T12:52:12.768Z
Rechtsanwaltsfachangestellte (m/w/d),https://de.indeed.com/viewjob?jk=c6373d828388da3f,77709 Wolfach,ZeTax GmbH,2026-01-14T21:58:13.990Z
Rechtsanwaltsfachangestellte/Vollzeit (m/w/d) Lastrup,https://de.indeed.com/viewjob?jk=a439d7fdcc2eaf05,Lastrup,"Mählmeyer & Partner, Rechtsanwälte & Steuerberater",2025-07-16T22:02:42.740Z
Auszubildende zum Rechtsanwalts- und Notarfachangestellten (m/w/d),https://de.indeed.com/viewjob?jk=ea4bfaeaeb8d43a5,28857 Syke,Salfer Bühler Dornieden Rechtsanwälte PartG mbB,2025-09-10T16:59:45.519Z
Rechtsanwalts- und Notarfachangestellte/r (m/w/d) in Voll-/Teilzeit,https://de.indeed.com/viewjob?jk=a0395b45b4dff102,Oyten,Kanzlei Erbacher Sascha Erbacher // Rechtsanwälte & Notar,2025-08-08T14:14:05.208Z
Rechtsanwaltsfachangestellte (m/w/d),https://de.indeed.com/viewjob?jk=cfbeb712eaef24a1,70174 Stuttgart,LUTZ | ABEL Rechtsanwalts PartG mbB,2026-02-19T11:29:59.953Z
Volljurist (m/w/d),https://de.indeed.com/viewjob?jk=df2ee0f74ac4bcf4,89081 Ulm Jungingen,Müller Holding GmbH & Co. KG,2026-03-16T13:39:33.859Z
Jurist (m/w/d) für Compliance und Datenschutz,https://de.indeed.com/viewjob?jk=948d66786ff6a2e8,08525 Plauen,Augustin & Krückel Rechtsanwälte und Fachanwälte,2025-07-30T20:44:03.145Z
Rechtsanwaltsfachangestellte (m/w/d) - Forderungsmanagement,https://de.indeed.com/viewjob?jk=ea39a6e5d3d2f879,Rheinauhafen,Dr. Bachem Rechtsanwälte,2026-03-26T17:43:37.616Z
Rechtsanwalt/Rechtsanwältin (m/w/d),https://de.indeed.com/viewjob?jk=2e6ba585ff2c52bc,Gera,THORWART Rechtsanwälte Steuerberater Wirtschaftsprüfer Partnerschaft mbB,2024-11-24T18:08:50.527Z
Rechtsanwaltsfachangestellte (m/w/d),https://de.indeed.com/viewjob?jk=ca71294be15e14a4,74072 Heilbronn,"Anwaltskanzlei Linkenheil, Rügner-Späth, Uhl und Burkhardt",2026-04-02T11:25:30.466Z
Rechtsanwaltsfachangestellte (m/w/d),https://de.indeed.com/viewjob?jk=3fd36155535ea071,90513 Zirndorf,Rechtsanwaltskanzlei Iris Scholz,2026-04-12T17:44:25.883Z
Volljurist / Syndikusanwalt (m/w/d),https://de.indeed.com/viewjob?jk=787804b086ad985a,Augsburg,Wohnbaugruppe Augsburg,2025-10-13T15:32:28.652Z
Rechtsanwaltsfachangestellte (m/w/d),https://de.indeed.com/viewjob?jk=d761531def5061da,79098 Freiburg,Rechtsanwälte Abletshauser Gröger & Kollegen,2026-04-15T09:00:13.396Z
Rechtsanwaltsfachangestellte (m/w/d),https://de.indeed.com/viewjob?jk=9b786328558e7b7c,06112 Halle (Saale),VITASERV AG,2026-04-20T17:11:50.293Z
Rechtsanwaltsfachangestellte (m/w/d),https://de.indeed.com/viewjob?jk=24c987464f7b526c,60594 Frankfurt am Main,Thomas & Partner Rechtsanwälte PartmbB,2026-04-15T11:57:37.859Z
Rechtsanwaltsfachangestellte (m/w/d),https://de.indeed.com/viewjob?jk=6b05fc5ee6a5f8db,16341 Panketal,Hand in Hand Alltagshelfer UG (haftungsbeschränkt),2026-04-01T19:13:18.692Z
Rechtsanwaltsfachangestellte (m/w/d),https://de.indeed.com/viewjob?jk=149862b77a69dab2,85757 Karlsfeld,Kanzlei Breitfeld & Walter,2026-04-14T14:57:47.951Z
Rechtsanwaltsfachangestellte (m/w/d),https://de.indeed.com/viewjob?jk=0b11ad19e8c0668b,55116 Mainz,Müller Fischer Rechtsanwälte Partnerschaft mbB,2026-03-30T18:50:01.590Z
Rechtsanwaltsfachangestellte (m/w/d),https://de.indeed.com/viewjob?jk=c3ce238dcabfec18,70191 Stuttgart,HSF Hartmann Fuchs + Partner Rechtsanwälte PartG mbB,2026-04-21T17:40:31.851Z
Rechtsanwaltsfachangestellte (m/w/d),https://de.indeed.com/viewjob?jk=6b72787155d531d5,10709 Berlin,Kärgel de Maizière & Partner,2026-04-22T13:36:39.319Z
Rechtsanwaltsfachangestellte (m/w/d),https://de.indeed.com/viewjob?jk=1e95524296c48495,49084 Osnabrück,Klenner Rechtsanwälte,2026-04-07T08:59:15.191Z
Rechtsanwaltsfachangestellter (m/w/d),https://de.indeed.com/viewjob?jk=bbe70c02ce05686b,Fürth,Dr. SchwarzPartners GmbH,2026-03-06T11:03:19.156Z
Rechtsanwaltsfachangestellte (m/w/d),https://de.indeed.com/viewjob?jk=97af8c2444e8b96c,10787 Berlin,"Schmidt, Schaum & Wilk Rechtsanwälte PartG mbB",2026-04-02T10:43:40.821Z
Rechtsanwaltsfachangestellte (m/w/d) Rechtsanwaltsfachangestellte (m/w/d),https://de.indeed.com/viewjob?jk=d19c8066535a3eab,01067 Dresden,RIEDIGER. legal | tax Rechtsanwaltsgesellschaft mbH,2026-04-02T10:27:01.758Z
Rechtsanwaltsfachangestellte/r (m/w/d),https://de.indeed.com/viewjob?jk=6607773ac8cae015,10405 Berlin,dka Rechtsanwälte Fachanwälte Partnerschaft mbB,2026-04-23T16:49:50.610Z
Rechtsanwaltsfachangestellte (m/w/d),https://de.indeed.com/viewjob?jk=a8d89786a7a3b241,88348 Bad Saulgau,Storz & Meyer Anwaltskanzlei,2026-04-08T14:30:29.188Z
Rechtsanwaltsfachangestellte (m/w/d),https://de.indeed.com/viewjob?jk=54a3d53a27683037,13407 Berlin,"aust und partner - Steuerberater, Rechtsanwälte",2026-03-30T14:49:04.812Z
Rechtsanwaltsfachangestellte oder Rechtsanwalts- und Notarfachangestellte (m/w/d),https://de.indeed.com/viewjob?jk=1543543a264e6ed6,31542 Bad Nenndorf,Böttcher & Dr. Borchers GbR,2026-04-14T12:36:13.958Z
Rechtsanwaltsfachangestellte (m/w/d),https://de.indeed.com/viewjob?jk=4661ce50a40b1b90,10178 Berlin,Grawert PartmbB Rechtsanwälte,2026-04-09T09:34:37.365Z
Sachbearbeiter:in (m/w/d) Forderungsmanagement,https://de.indeed.com/viewjob?jk=9bc15122dc561995,28207 Bremen,SEGHORN GmbH,2026-04-17T08:47:30.277Z
Rechtsanwaltsfachangestellte (m/w/d),https://de.indeed.com/viewjob?jk=1ebbf46f3af9fe52,51373 Leverkusen,Rechtsanwaltskanzlei Veit,2026-04-09T10:48:30.280Z
Rechtsanwaltsfachangestellte (m/w/d),https://de.indeed.com/viewjob?jk=be88fcc47a9dc9fb,93055 Regensburg,Paluka Rechtsanwälte Loibl Specht PartmbB,2025-06-27T16:30:32.100Z
Rechtsanwaltsfachangestellte (m/w/d),https://de.indeed.com/viewjob?jk=b21f07cf14d3c2b6,37075 Göttingen,Anwaltskanzlei Matani & Kollegen,2026-04-18T17:26:51.970Z
Rechtsanwaltsfachangestellte(r) (m/w/d),https://de.indeed.com/viewjob?jk=a958b7c0655a2b04,94315 Straubing,SLD Schmid Lindheim Dirmeier Wirtschaftsprüfer Steuerberater Rechtsanwälte PartGmbB,2025-02-26T00:26:37.806Z
Rechtsanwaltsfachangestellte (m/w/d),https://de.indeed.com/viewjob?jk=06b126262429860e,51379 Leverkusen,Rechtsanwaltskanzlei Lobitz,2026-04-08T00:07:46.914Z
Rechtsanwaltsfachangestellte (m/w/d),https://de.indeed.com/viewjob?jk=0cd092588d64180e,50933 Köln,W·I·R Jennißen und Partner Rechtsanwälte,2026-04-02T10:42:37.242Z
Mitarbeiter*in (m/w/d) aus dem Bereich der Hausverwaltung oder Rechtsanwaltsfachangestellte (m/w/d),https://de.indeed.com/viewjob?jk=12bb03e9ddc0ae7f,97070 Würzburg,Haus- und Grundbesitzerverein Würzburg & Umgebung e.V.,2026-04-16T21:38:38.180Z
Rechtsanwaltsfachangestellte (m/w/d),https://de.indeed.com/viewjob?jk=d3c25d53f4b76f75,Düsseldorf,"Dr. Ganteführer, Marquardt & Partner mbB Wirtschaftsprüfer – Steuerberater – Rechtsanwälte",2025-08-19T20:32:49.366Z
Rechtsanwaltsfachangestellte (m/w/d) in Teilzeit – 20–25 Std.,https://de.indeed.com/viewjob?jk=447ce2e850d86dfc,80469 München,Rechtsanwalt Ismet Mujakic,2026-04-20T16:15:27.827Z
Assistenz Rechtsabteilung (m/w/d),https://de.indeed.com/viewjob?jk=f4c9dc55ade0909b,22769 Hamburg,Seier Holding GmbH & Co. KG,2026-04-17T11:01:07.894Z
Juristische Fachkraft EU/US bis zu 100% REMOTE möglich (alle Geschlechter),https://de.indeed.com/viewjob?jk=2cc5bf1bbb69df94,60311 Frankfurt am Main,21X,2026-04-21T03:25:47.434Z
Sachbearbeiter (m/w/d) - Vereinsverwaltung und Büroorganisation,https://de.indeed.com/viewjob?jk=ef8a288d1265e1d7,09126 Chemnitz,Verein für Gesundheitssport und Sporttherapie Chemnitz e.V.,2026-04-17T21:00:07.860Z
Rechtsanwaltsfachangestellte (m/w/d) – Vollzeit | ab sofort,https://de.indeed.com/viewjob?jk=2217e55cff965519,81476 München,Maas & Kollegen Rechtsanwaltsgesellschaft mbH,2026-04-17T19:03:25.266Z
Buchhalter (m/w/d),https://de.indeed.com/viewjob?jk=dbe3ce766b1d868a,86150 Augsburg,Ernst Voigt Rechtsanwälte,2026-03-30T18:52:35.314Z
Ausbildung zur Rechtsanwaltsfachangestellten (m/w/d),https://de.indeed.com/viewjob?jk=a0957d0d5fda0a7f,66111 Saarbrücken,Rechtsanwälte Comtesse & Comtesse,2026-04-13T11:03:59.740Z
Notarfachangestellte/r (m/w/d),https://de.indeed.com/viewjob?jk=2c3c40bf3de59244,67061 Ludwigshafen am Rhein,Notariat Dr. Erich Daubermann,2026-04-05T15:16:31.846Z
Assistenz (m/w/d) im Gesellschaftsrecht / M&A,https://de.indeed.com/viewjob?jk=724841c9ee43a346,70191 Stuttgart,Menold Bezler,2026-03-04T14:13:44.839Z
Teamassistenz (m/w/d) - Rechtsberatung,https://de.indeed.com/viewjob?jk=bae36012d95a955d,40237 Düsseldorf,ECOVIS KSO Steuerberater + Rechtsanwälte GmbH & Co. KG,2026-03-09T20:25:28.670Z
Mitarbeiter/in Sekretariat (w/m/d),https://de.indeed.com/viewjob?jk=d540cd1f5f74286a,41334 Nettetal,"WWS Wirtz, Walter, Schmitz GmbH",2026-04-09T12:10:47.960Z
Rechtsanwaltsfachangestellte / Legal Assistant / Paralegal (m/w/d),https://de.indeed.com/viewjob?jk=28002170a738522d,14199 Berlin,Nyman Legal - Real Estate & Transactions,2026-04-01T14:57:52.230Z
Assistenz (m/w/d) im Vergaberecht,https://de.indeed.com/viewjob?jk=e01791cda53cca53,70191 Stuttgart,Menold Bezler,2026-03-05T14:14:18.229Z
Assistenz / Rechtsanwaltsfachangestellte / Rechtsfachwirtin (m/w/d),https://de.indeed.com/viewjob?jk=8fbee58c550ffd70,70191 Stuttgart,Menold Bezler,2026-03-25T14:17:26.835Z
Sachbearbeiter Regelinsolvenzverfahren (m/w/d),https://de.indeed.com/viewjob?jk=c7aae094a4d47570,60323 Frankfurt am Main,Reimer Rechtsanwälte,2026-03-31T16:10:36.473Z
Notarfachangestellte (m/w/d),https://de.indeed.com/viewjob?jk=b55896bfb9d534a7,99084 Erfurt,Notar Alexander Beck,2026-04-12T12:57:45.802Z
Rechtsanwaltsfachangestellte:r / ReNo/ Sekretär:in mit langjähriger Erfahrung in einer Rechtsanwalts,https://de.indeed.com/viewjob?jk=f1d622325f36dc17,12355 Berlin,Rechtsanwaltskanzlei Wittlake,2026-04-09T14:16:55.900Z
Beratungsstellenassistenz (m/w/d),https://de.indeed.com/viewjob?jk=35362bf904da191b,65205 Wiesbaden,Sozialverband VdK Hessen-Thüringen e.V.,2026-03-03T14:16:36.452Z
Rechtsanwaltsfachangestellte für Wirtschafts- und Rechtsberatung (m/w/d),https://de.indeed.com/viewjob?jk=2f875b4e9332994e,44149 Dortmund,FINEOO Inhaber Eric Martin,2026-03-24T09:10:53.770Z
Assistenz Rechtsabteilung (m/w/d),https://de.indeed.com/viewjob?jk=65047f7a96fd0ab0,97980 Bad Mergentheim,Caritas-Krankenhaus Bad Mergentheim gGmbH,2026-03-11T10:18:47.212Z
Mitarbeiter/in Fachbereich 1 -Zentrale Dienste / Sachgebiet Kita's + Schulen (w/m/d),https://de.indeed.com/viewjob?jk=50d45bc042bdeb88,67806 Rockenhausen,Verbandsgemeinde Nordpfälzer Land,2026-04-14T15:34:38.138Z
Juristischer Mitarbeiter (m/w/d),https://de.indeed.com/viewjob?jk=4e954fca974854aa,89518 Heidenheim an der Brenz,Landratsamt Heidenheim,2026-03-09T03:09:12.878Z
Juristischer Referent (Recht & Beratung) mit Einsatz in der Betriebsarbeit (Springer) (m/w/d),https://de.indeed.com/viewjob?jk=eca7c365c5806d80,Frankfurt am Main,Sozialverband VdK Hessen-Thüringen e.V.,2026-03-30T17:10:44.771Z
RECHTSANWALT ARBEITSRECHT (M/W/D),https://de.indeed.com/viewjob?jk=0c73da9466ed220e,Osnabrück,"Dr. Rudel, Schäfer & Partner mbB",2025-04-23T14:36:45.741Z
Volljurist:in (w/m/d) im Justiziariat der Universität,https://de.indeed.com/viewjob?jk=2564c977aca2d6ee,28215 Bremen,Freie Hansestadt Bremen,2026-04-13T00:50:49.128Z
Rechtsanwalt (Steuerjurist) und / oder Steuerberater (m/w/d) im Bereich Steuern,https://de.indeed.com/viewjob?jk=48a875c5a466b8df,80335 München,Satell,2025-03-18T15:18:25.189Z
Volljurist/in (m/w/d),https://de.indeed.com/viewjob?jk=a8828e1c0ca6102b,66953 Pirmasens,Stadt Pirmasens,2026-04-02T23:27:58.353Z
Notarfachangestellte(r) / Notarfachwirt(in) (m/w/d),https://de.indeed.com/viewjob?jk=fcffbb6390158336,Gießen,Völpel Rechtsanwälte PartG mbB i.G.,2025-03-17T23:33:45.666Z
Callcenter-Agent:in im In- und Outbound,https://de.indeed.com/viewjob?jk=71a54561220a9efe,Hamburg,"KSP Kanzlei Dr. Seegers, Dr. Frankenheim Rechtsanwaltsgesellschaft mbH",2025-03-14T20:07:11.279Z
Volljurist Arbeitsrecht (m/w/d),https://de.indeed.com/viewjob?jk=da6da7465aa68206,Kassel,CAPERA GmbH & Co. KG,2026-03-24T13:19:29.380Z
Legal Counsel (m/w/d),https://de.indeed.com/viewjob?jk=e82c4c594a872853,35781 Weilburg,FEIG ELECTRONIC,2026-04-13T16:11:31.875Z
Jurist für HR-Compliance und Arbeitsrecht (m/w/d),https://de.indeed.com/viewjob?jk=b67a7396ab5784f4,86153 Augsburg,Everllence SE,2026-04-01T17:59:07.792Z
Wissenschaftliche Mitarbeitende (m/w/d) auch studienbegleitend,https://de.indeed.com/viewjob?jk=73642eb13bbd6f45,Hannover,Prime Rechtsanwalts GmbH,2025-04-22T09:43:47.798Z
Rechtsanwalt / Rechtsanwältin (m/w/d),https://de.indeed.com/viewjob?jk=007121f55a23e7b7,Deutschland,Pickartz Rechtsanwaelte,2026-03-23T19:44:51.333Z
Azubi Rechtsanwalts- und Notarfachangestellter (m/w/d),https://de.indeed.com/viewjob?jk=21c644b5bd9aa9d2,Coesfeld,Dr. Rehse und Partner- Rechtsanwälte,2025-03-10T16:33:58.578Z
Legal Counsel (m/f/d) (part-time with potential for full-time),https://de.indeed.com/viewjob?jk=6b5c1fd9e09d3442,Berlin,Yepoda,2026-04-17T18:28:42.218Z
Unternehmensjurist (m/w/d),https://de.indeed.com/viewjob?jk=85019cd7886b03c1,München,ECOVIS Webservice GmbH,2026-03-17T12:51:38.118Z
Notarfachangestellte (m/w/d),https://de.indeed.com/viewjob?jk=717c707cbc29fe93,Frankfurt am Main,Oppenhoff & Partner Rechtsanwälte Steuerberater mbB,2026-02-27T18:35:26.161Z
Volljuristen (w/m/d),https://de.indeed.com/viewjob?jk=10bc86186d8ca6ca,70736 Fellbach,Landesamt für Besoldung und Versorgung Baden-Württemberg,2026-03-16T18:39:50.521Z
Unternehmensjurist/in (w/m/d),https://de.indeed.com/viewjob?jk=4284617fc4f0a947,27777 Ganderkesee,Volkswind,2026-03-17T23:56:21.810Z
Rechtsanwalt / Rechtsanwält,https://de.indeed.com/viewjob?jk=58556c42fdd8f1a8,Dresden,Kanzlei Lauck,2026-02-27T20:24:49.461Z
Rechtsanwaltsfachangestellte (m/w/d) in Teilzeit – 20–25 Std.,https://de.indeed.com/viewjob?jk=447ce2e850d86dfc,80469 München,Rechtsanwalt Ismet Mujakic,2026-04-20T16:15:27.827Z
"Referendare (m/w/d) für die Anwalts -, oder Wahlstation",https://de.indeed.com/viewjob?jk=ab473e693e4140df,Hannover,Prime Rechtsanwalts GmbH,2025-04-22T09:43:49.725Z
Rechtsreferendare (m/w/d) / wissenschaftliche Mitarbeiter (m/w/d) am Standort Rödinghausen,https://de.indeed.com/viewjob?jk=2512425b47a626c6,32289 Rödinghausen,"König, Kreft und Partner mbB – Steuerberater, Rechtsanwälte",2025-03-21T14:36:02.427Z
Rechtsanwalt (m|w|d) für den Bereich Arbeitsrecht,https://de.indeed.com/viewjob?jk=35a1fa5dd325b91a,64295 Darmstadt,MOOG Partnerschaftsgesellschaft mbB,2026-04-15T15:45:59.746Z
bis zu zwei Volljuristen im Polizeivollzugsdienst,https://de.indeed.com/viewjob?jk=4804ea0e4dac1bb8,Magdeburg,Landesportal Sachsen-Anhalt,2026-03-30T13:03:08.220Z
Fachberater Sozialrecht (m/w/d),https://de.indeed.com/viewjob?jk=5e99795d14a68bf0,Gelnhausen,Sozialverband VdK Hessen-Thüringen e.V.,2026-04-09T14:06:18.636Z
Rechtsanwalts  fachangestellte (m/w/d),https://de.indeed.com/viewjob?jk=78234fbde5fdabf1,Hamburg,WILLMERKÖSTER,2025-12-12T00:57:17.390Z
Senior Legal Counsel (m/w/d) Corporate & Commercial - München,https://de.indeed.com/viewjob?jk=58d7f2c84e571612,85630 Grasbrunn,accompio GmbH,2026-04-03T14:26:20.155Z
Rechtsamt,https://de.indeed.com/viewjob?jk=d8da491743e5c70f,66953 Pirmasens,Stadt Pirmasens,2026-04-02T23:31:21.535Z
Wirtschaftsjurist (m/w/d) mit Schwerpunkt Notariat/M&A,https://de.indeed.com/viewjob?jk=a7b45d4e2d0a7108,Frankfurt am Main,Oppenhoff & Partner Rechtsanwälte Steuerberater mbB,2026-02-27T22:26:32.347Z
Rechtsanwaltsfachangestellte (m/w/d),https://de.indeed.com/viewjob?jk=9f6c1e43208668ff,47119 Duisburg,Kanzlei NJP Grotstollen,2026-04-08T12:53:30.930Z
ReferentIn Recht (m/w/d),https://de.indeed.com/viewjob?jk=1abea15fdc048a14,Neuss,Sparkasse Neuss,2026-04-16T14:39:18.187Z
Hannover · Rechtsanwältin / Rechtsanwalt (m/w/d) Gesellschaftsrecht und Transaktionsgeschäft,https://de.indeed.com/viewjob?jk=daa11c8e8bd6b142,Hannover,BRANDI Rechtsanwälte Partnerschaft mbB,2026-02-10T23:04:40.260Z
Rechtsanwalt/Rechtsanwältin (m/w/d) Mönchengladbach,https://de.indeed.com/viewjob?jk=b09f99923b26f587,Mönchengladbach,Dr. Stallmeyer GmbH,2026-02-27T19:16:08.868Z
Rechtsanwalt (m/w/d) am Standort Rödinghausen,https://de.indeed.com/viewjob?jk=acdb6b6bae2f1cd1,32289 Rödinghausen,"König, Kreft und Partner mbB – Steuerberater, Rechtsanwälte",2025-03-21T14:36:06.453Z
Notarfachangestellte (m/w/d),https://de.indeed.com/viewjob?jk=cbc4b83d2ee9612b,Coesfeld,Dr. Rehse und Partner- Rechtsanwälte,2026-02-27T19:09:45.598Z
ab sofort Rechtsanwalt / Volljuristen / Juristen (d/w/m) - unbefristet,https://de.indeed.com/viewjob?jk=a843d393fc747098,Bautzen,Rechtsanwalt Jens Reime,2026-04-09T14:56:43.935Z
Junior Legal Specialist DACH,https://de.indeed.com/viewjob?jk=87d529131cc98f04,Deutschland,Nexi Germany GmbH,2026-03-18T17:00:12.788Z
Sachbearbeiter / kaufmännischer Mitarbeiter (m/w/d),https://de.indeed.com/viewjob?jk=6bd7440bb9b9eac1,22307 Hamburg,AdvoNeo Schuldnerberatung,2025-04-07T17:35:36.318Z
Juristen (m/w/d) in Teilzeit,https://de.indeed.com/viewjob?jk=dcc5c1e6906f9275,93053 Regensburg,Caritasverband für die Diözese Regensburg e.V.,2026-04-01T16:55:08.790Z
Sekretariat und Assistenz der Geschäftsführung (m/w/d),https://de.indeed.com/viewjob?jk=605dd80e1173531d,97080 Würzburg,HPS | Hemberger Prinz Siebenlist GmbH & Co. KG,2026-02-27T19:56:24.983Z
Volljurist (m/w/d) mit dem Schwerpunkt ziviles Bau- und Vergaberecht beim Amt für Bundesbau (ABB) in Mainz,https://de.indeed.com/viewjob?jk=d7b539a59ac8d4dc,55122 Mainz,Staatskanzlei Rheinland-Pfalz,2026-04-13T19:40:02.220Z
Rechtsreferent (m/w/d)* IT-Regulatorik,https://de.indeed.com/viewjob?jk=5fa5d665dbd3dbf1,Stuttgart,ALH Gruppe,2026-03-08T20:53:38.105Z
Assistenz (m/w/d),https://de.indeed.com/viewjob?jk=66a41d75d69cc622,München,Oppenhoff & Partner Rechtsanwälte Steuerberater mbB,2026-02-27T16:17:43.444Z
Avocat:e / Rechtsanwält:in im französischen Individualarbeitsrecht,https://de.indeed.com/viewjob?jk=9cf7b61a955e5220,Köln,Qivive,2026-03-02T19:10:10.230Z
Biberach: Sozialrechtsreferent (m/w/d),https://de.indeed.com/viewjob?jk=ef82a1de8d3cb995,Biberach an der Riß,Sozialverband VdK Baden-Württemberg e.V.,2026-04-01T18:53:09.960Z
Volljurist / Senior Legal Counsel (w/m/d) befristet für 2 Jahre,https://de.indeed.com/viewjob?jk=2f6cdb6f4322d962,48429 Rheine,Nur Die Germany GmbH,2026-04-02T04:11:37.310Z
"Teamassistenz – Legal & Sales Support, Accounting (m/w/d)",https://de.indeed.com/viewjob?jk=de8ddbf9d6421034,Burghausen,znt Management Holding,2026-02-24T01:14:01.124Z
Rechtsanwalts- und Notarfachangestellte (m/w/d) oder Notariatsfachwirte (m/w/d),https://de.indeed.com/viewjob?jk=bb395bfe81933d61,Celle,KSB INTAX,2026-02-27T18:33:07.870Z
Rechtsanwältin Rechtsanwalt (m/w/d) im Bereich Medizinrecht,https://de.indeed.com/viewjob?jk=7ab241fa1f606f2f,71065 Sindelfingen,Ratajczak & Partner Rechtsanwälte mbB,2025-01-13T21:52:18.276Z
Teamassistenz für Büromanagement (m/w/d),https://de.indeed.com/viewjob?jk=4473454411400997,Berlin-Lichtenberg,Mehner | Bogula PartGmbB StBG,2024-11-23T19:12:51.694Z
Associate (m/w/d) Venture Capital | M&A,https://de.indeed.com/viewjob?jk=64f0f7098aabc73c,München,LUTZ | ABEL Rechtsanwalts PartG mbB,2026-01-31T05:29:53.350Z
"Teamassistenz – Legal & Sales Support, Accounting (m/w/d)",https://de.indeed.com/viewjob?jk=de8ddbf9d6421034,Burghausen,znt Management Holding,2026-02-24T01:14:01.124Z
Rechtsanwalts  fachangestellte (m/w/d),https://de.indeed.com/viewjob?jk=78234fbde5fdabf1,Hamburg,WILLMERKÖSTER,2025-12-12T00:57:17.390Z
Partner-Assistenz (m/w/d) / Executive Assistant,https://de.indeed.com/viewjob?jk=f40fc752f4bbfb8f,Verden (Aller),WILLMERKÖSTER,2025-12-12T00:57:15.706Z
Fachkraft Büromanagement Bremen (m/w/d),https://de.indeed.com/viewjob?jk=893d66987f1dad22,28359 Bremen,Hahn Rechtsanwälte PartG mbB,2025-05-27T00:21:05.501Z
Rechtsanwaltsfachangestellte/r (m/w/d),https://de.indeed.com/viewjob?jk=2af869e2362a6f91,30173 Hannover,activelaw Offenhausen.Wolter PartmbB,2025-09-01T19:30:50.740Z
Rechtsanwaltsfachangestellte/r (m/w/d) in der Zwangsvollstreckungsabteilung,https://de.indeed.com/viewjob?jk=1cfea3756452a80a,55116 Mainz,Gräf & Centorbi Rechtsanwaltsgesellschaft mbH,2024-12-04T14:18:59.920Z
Rechtsanwaltsfachangestellte(r) in München oder Homeoffice,https://de.indeed.com/viewjob?jk=e7e0c27fe8e59a05,München,Brennecke Rechtsanwälte,2024-11-30T12:15:04.0Z
Rechtsanwalt m/w/d in Rostock,https://de.indeed.com/viewjob?jk=5292194fc075de7e,18055 Rostock,Rechtsanwälte Klostermann Schmidt Monstadt Eisbrecher,2026-04-16T09:09:10.979Z
Assistenz / Kauffrau für Büromanagement / Rechtsanwaltsfachangestellte (m/w/d) in Voll- oder Teilzeit (mind. 30 h/Woche),https://de.indeed.com/viewjob?jk=a7598def7d080b89,34121 Kassel,FreySchallerHardt und Partner mbB,2025-09-19T09:11:51.192Z
Mitarbeiter (m/w/d/ohne Geschlechtsangaben) Personal und Recht,https://de.indeed.com/viewjob?jk=0476351f14900c73,70567 Stuttgart,Baden-Württembergische Spielbanken GmbH & Co. KG,2026-02-27T21:57:25.392Z
Rechtsanwaltsgehilfin (m/w/d),https://de.indeed.com/viewjob?jk=78c9a417ad3162b6,53840 Troisdorf,Rechtsanwaltskanzlei Cem Sariyalim,2026-04-14T17:23:59.477Z
Sachbearbeiter / kaufmännischer Mitarbeiter (m/w/d),https://de.indeed.com/viewjob?jk=6bd7440bb9b9eac1,22307 Hamburg,AdvoNeo Schuldnerberatung,2025-04-07T17:35:36.318Z
rechtsanwaltsfachangestellte/r (m/w/d) in weißenburg i. bay.,https://de.indeed.com/viewjob?jk=8928d5b3579cf321,91781 Weißenburg in Bayern,meyerhuber rechtsanwälte partnerschaft mbb,2026-03-06T07:51:01.606Z
Rechtsanwaltsfachangestellte (m/w/d) Teilzeit / Vollzeit / Minijob,https://de.indeed.com/viewjob?jk=86153beb514420bf,73525 Schwäbisch Gmünd,Anwaltskanzlei Schmid + Kollegen,2024-11-23T09:41:19.339Z
Rechtsanwaltsfachangestellte (m/w/d),https://de.indeed.com/viewjob?jk=ac4eb79169441296,66740 Saarlouis,Rechtsanwälte BREHM,2026-03-29T19:43:18.134Z
Auszubildender zum Rechtsanwaltsfachangestellten (m/w/d),https://de.indeed.com/viewjob?jk=22d5730f089b75ee,Regensburg,Fritz & Partner mbB Rechtsanwälte,2026-02-12T00:42:50.564Z
Assistenz (m/w/d),https://de.indeed.com/viewjob?jk=66a41d75d69cc622,München,Oppenhoff & Partner Rechtsanwälte Steuerberater mbB,2026-02-27T16:17:43.444Z
Ausbildung zum/zur Rechtsanwaltsfachangestellten (m/w/d) 2026,https://de.indeed.com/viewjob?jk=473c9fd2e809d899,57072 Siegen,8P Steuerberatung - Wirtschaftsprüfung - Rechtsberatung,2026-02-11T21:57:09.470Z
Rechtsanwaltsfachangestellte/r (w/m/d),https://de.indeed.com/viewjob?jk=2726c47fdb51a0f9,Braunschweig,SCHULTE & PRASSE,2026-02-18T14:31:35.713Z
Notarfachangestellte/r (m/w/d),https://de.indeed.com/viewjob?jk=d370bdaaa8607f99,Kirchrode,activelaw Offenhausen.Wolter PartmbB,2026-02-24T18:11:21.862Z
NOTARFACHASSISTENT (M/W/D),https://de.indeed.com/viewjob?jk=7133783384c14071,74821 Mosbach,Notare Berlin & Strauß,2026-02-26T23:58:50.200Z
ausbildung zur/zum rechtsanwaltsfachangestellten (m/w/d) in ansbach,https://de.indeed.com/viewjob?jk=c7e26cc01e81fcf8,91522 Ansbach,meyerhuber rechtsanwälte partnerschaft mbb,2026-02-10T11:57:02.508Z
Rechtsanwaltsfachangestellte (m/w/d),https://de.indeed.com/viewjob?jk=cfbeb712eaef24a1,70174 Stuttgart,LUTZ | ABEL Rechtsanwalts PartG mbB,2026-02-19T11:29:59.953Z
RECHTSANWALTSFACHANGESTELLTE(R) / RECHTSFACHWIRT(IN) (M/W/D),https://de.indeed.com/viewjob?jk=85bee96555ec9ca2,76227 Karlsruhe,MARTIN RECHTSANWÄLTE,2026-04-20T08:49:04.530Z
Sachbearbeiter Forderungsmanagement / kaufmännischer Mitarbeiter im Mahnwesen / Rechtsanwaltsfachangestellte (m/w/d),https://de.indeed.com/viewjob?jk=0c5773a99634cd67,72813 Sankt Johann,RSU GmbH,2025-10-08T16:11:14.982Z
Kaufm. Quereinsteiger (w/m/d),https://de.indeed.com/viewjob?jk=7f7cd0837b250461,92660 Neustadt an der Waldnaab,Lohnsteuerhilfe Bayern e. V.,2026-03-18T15:57:33.445Z
Sachbearbeiter*in Ausbildungsförderung (35 Stunden/Woche),https://de.indeed.com/viewjob?jk=b54198182068b323,18055 Rostock,Studierendenwerk Rostock-Wismar,2026-04-14T14:40:16.155Z
Ausbildung zur Rechtsanwaltsfachangestellten (m/w/d),https://de.indeed.com/viewjob?jk=50be22355ba3e541,69115 Heidelberg,Patent- und Rechtsanwälte Ullrich & Naumann PartG mbB,2026-04-22T10:52:08.367Z
Auszubildende(n) zur Rechtsanwaltsfachangestellte(n) (m/w/d),https://de.indeed.com/viewjob?jk=b2ad03f47741977d,53227 Bonn,Mourkojannis Mörschner Rechtsanwälte PartGmbB,2026-04-15T11:51:50.592Z
"Mitarbeiter/in für das Sekretariat (m, w, d) in Voll- oder Teilzeit",https://de.indeed.com/viewjob?jk=fd63f62ae14ab8b9,48149 Münster,Voß.Partner Medizinrecht,2026-04-20T12:09:55.296Z
Bürokauffrau (m/w/d),https://de.indeed.com/viewjob?jk=12bc1c78ed0fa06e,67376 Harthausen,UGV Inkasso GmbH,2026-04-15T09:07:12.137Z
RECHTSANWALTSFACHANGESTELLTE (m/w/d) Voll- oder Teilzeit für Frankfurt/Hamburg / Berlin,https://de.indeed.com/viewjob?jk=c426cddf515ecfbe,60329 Frankfurt am Main,Johannsen Rechtsanwälte PartG mbB,2026-04-17T10:44:40.203Z
Office Manager / Rechtsanwaltsfachangestellte (m/w/d),https://de.indeed.com/viewjob?jk=dff526c71abae753,63179 Obertshausen,EURICON GmbH & Co. KG Steuerberatungsgesellschaft,2026-03-06T20:17:25.983Z
RECHTSREFERENDAR:IN (m/w/d) – Schwerpunkt Urheberrecht | Wahl-/Rechtsanwaltsstation | ab Oktober 2026,https://de.indeed.com/viewjob?jk=6609a2c87eed6330,80336 München,Frommer Legal,2026-02-17T14:20:35.916Z
Rechtsanwaltsfachangestellte(r) (m/w/d),https://de.indeed.com/viewjob?jk=2a61b1ded41e0c34,79787 Lauchringen,Lovisi Versicherungsmakler GmbH,2026-02-27T07:04:30.941Z
Teamassistenz (m/w/d) in Teilzeit,https://de.indeed.com/viewjob?jk=9204e628f2d083db,70794 Filderstadt,TOPREGAL GmbH,2026-04-15T15:17:57.976Z
Physikerin / Physiker zur Ausbildung zur Patentanwältin oder zum Patentanwalt (m/w/d) - Start 2027,https://de.indeed.com/viewjob?jk=15ca0beca0bf5c7f,Düsseldorf,COHAUSZ & FLORACK Patent- und Rechtsanwälte,2025-01-29T08:22:33.259Z
Volljurist (m/w/d),https://de.indeed.com/viewjob?jk=793eb96ab3db3f10,42281 Wuppertal,WSW Wuppertaler Stadtwerke GmbH,2026-03-30T10:54:37.964Z
Rechtsanwaltsfachangestellte (m/w/d),https://de.indeed.com/viewjob?jk=66b968b3fa628999,50668 Köln,Rechtsanwälte Roos & Schmitz-Gagnon,2025-01-02T09:42:49.122Z
Rechtsanwaltsfachangestellte/r (w/m/d),https://de.indeed.com/viewjob?jk=2726c47fdb51a0f9,Braunschweig,SCHULTE & PRASSE,2026-02-18T14:31:35.713Z
Digitalisierung und Öffentliches Recht,https://de.indeed.com/viewjob?jk=7fa4f12fd56ce12d,Berlin,Redeker Sellner Dahs,2025-05-13T16:04:21.184Z
Partner-Assistenz (m/w/d) / Executive Assistant,https://de.indeed.com/viewjob?jk=f40fc752f4bbfb8f,Verden (Aller),WILLMERKÖSTER,2025-12-12T00:57:15.706Z
Rechtsanwältin/Rechtsanwalt (m/w/d) im Bereich des Zivil- sowie Handels- und Gesellschaftsrechts,https://de.indeed.com/viewjob?jk=3165b653ec6af37b,53227 Bonn,Lawyers Eimer Heuschmid Mehle Partnership mbB,2024-11-30T00:55:17.992Z
Juristin (m/w/d),https://de.indeed.com/viewjob?jk=d86f3a24fc46dfe7,50823 Köln,cvbj,2026-03-31T17:59:50.705Z
Assistenzkraft (w/m/d) Servicestelle Bürgerbeteiligung,https://de.indeed.com/viewjob?jk=205a0710dd2a492a,70184 Stuttgart,Staatsministerium Baden-Württemberg,2026-04-13T11:31:54.532Z
Verwaltungsangestellte (m/w/d),https://de.indeed.com/viewjob?jk=f5c5da3864b65269,Lörrach,Deutsches Erwachsenen-Bildungswerk,2026-03-03T19:12:25.973Z
Rechtsanwalt (m/w/d),https://de.indeed.com/viewjob?jk=c57c031c282ac884,32052 Herford,LTS Rechtsanwälte • Wirtschaftsprüfer • Steuerberater Partnerschaft mbB,2026-03-23T21:10:18.540Z
Sachbearbeitung Gesundheitsschutz und DGUV Vorsorge,https://de.indeed.com/viewjob?jk=014787ef00a8b71f,53757 Sankt Augustin,Deutsche Gesetzliche Unfallversicherung e.V.,2026-04-14T08:39:28.972Z
Rechtsanwalt / Rechtsanwältin (m/w/d) für Wirtschaftsrecht,https://de.indeed.com/viewjob?jk=d34dd8dbdf3fc029,Speyer,Pabst | Lorenz Partner PartG mbB,2024-12-16T12:32:58.456Z
Rechtsreferendare für die Anwalts- oder Wahlstation (m/w/d),https://de.indeed.com/viewjob?jk=555a05e2086530e6,Düsseldorf,COHAUSZ & FLORACK Patent- und Rechtsanwälte,2025-01-29T08:22:23.269Z
Rechtsanwalt (m/w/d) für den Bereich Steuer- und Gesellschaftsrecht,https://de.indeed.com/viewjob?jk=5729554f6e615bcb,Bielefeld,HLB Stückmann,2026-02-27T14:28:48.758Z
Rechtsanwaltsfachangestellte (m/w/d),https://de.indeed.com/viewjob?jk=848d28afa5eae42f,66111 Saarbrücken,Rechtsanwaltskanzlei Will,2026-03-31T16:55:35.375Z
Insolvenzsachbearbeiterin (m/w/d),https://de.indeed.com/viewjob?jk=6502616827d85a7e,10707 Berlin,hww hermann wienberg wilhelm Rechtsanwälte Partnerschaft,2026-04-07T12:14:52.112Z
Leiter juristische Abteilung & Syndikusanwalt (m/w/d),https://de.indeed.com/viewjob?jk=f48a0f14f1888053,90429 Nürnberg,DEHOGA Bayern e.V.,2025-12-04T14:16:32.751Z
Verwaltungsstation/Wahlstation Rechtsanwaltsstation II für Rechtsreferendarinnen/Rechtsreferendare (m/w/d),https://de.indeed.com/viewjob?jk=598c2b96617a997c,66121 Saarbrücken,Saarländischer Rundfunk,2024-12-03T12:25:18.269Z
RECHTSANWALTS- UND NOTARFACHANGESTELLTE (M/W/D),https://de.indeed.com/viewjob?jk=6f61abd7ee37e9fb,Emsbüren,Aktuelle Stellenangebote in EMSBÜREN,2026-02-19T22:29:05.680Z
Rechtsanwalt Gesellschafts- und/oder Steuerrecht (m/w/d),https://de.indeed.com/viewjob?jk=1158eb147d27e227,Bremen,Unsere Stellenangebote in Bremen,2026-03-16T17:12:32.500Z
Volljurist / Syndikusrechtsanwalt (m/w/d),https://de.indeed.com/viewjob?jk=12d3fc35e59a2f28,Frankenthal,KSB SE & Co. KGaA,2026-03-05T18:27:59.802Z
Rechtsreferendar Arbeitsrecht (m/w/d),https://de.indeed.com/viewjob?jk=9a64a2f0657644b4,86641 Rain,Dehner Gartencenter,2026-02-27T17:55:27.465Z
Volljurist Datenschutz (m/w/d),https://de.indeed.com/viewjob?jk=b420c61e9af5195c,85748 Garching bei München,Zeppelin GmbH,2025-11-13T15:11:15.546Z
Rechtsanwaltsfachangestellte (m/w/d),https://de.indeed.com/viewjob?jk=c6373d828388da3f,77709 Wolfach,ZeTax GmbH,2026-01-14T21:58:13.990Z
Legal Counsel / Syndikusrechtsanwalt (m/w/d),https://de.indeed.com/viewjob?jk=2a0343ce54d067f5,Mettlach,Villeroy & Boch,2026-03-05T08:54:46.741Z
Rechtsanwalt (Syndikusrechtsanwalt) / Rechtsanwältin (Syndikusrechtsanwältin) Medizinrecht,https://de.indeed.com/viewjob?jk=3de27afb70fc33d5,22769 Hamburg,amedes Medizinische Dienstleistungen GmbH,2026-03-10T13:09:20.730Z
Rechtsreferendar (m/w/d),https://de.indeed.com/viewjob?jk=0ff61195f265bb64,30173 Hannover,activelaw Offenhausen.Wolter PartmbB,2025-08-12T22:22:44.932Z
Rechtsanwaltsfachangestellte/r (m/w/d),https://de.indeed.com/viewjob?jk=2af869e2362a6f91,30173 Hannover,activelaw Offenhausen.Wolter PartmbB,2025-09-01T19:30:50.740Z
PRAKTIKANTEN / WERKSTUDENTEN (M/W/D),https://de.indeed.com/viewjob?jk=c248078d305cd49f,49377 Vechta,Kanzlei Dr. Koops & Partner mbB,2024-11-28T10:47:01.859Z
Volljurist als Syndikusrechtsanwalt (m/w/d),https://de.indeed.com/viewjob?jk=bb28d42e52714f73,22761 Hamburg,Zeppelin Power Systems GmbH,2026-03-24T19:16:41.450Z
Notarfachangestellen (w/m/d)/Notarfachwirt (w/m/d),https://de.indeed.com/viewjob?jk=c42dfee0e5849e29,49074 Osnabrück,Rechtsanwaltskanzlei Schmidt-Laute,2024-11-28T03:46:51.581Z
Rechtsanwaltsfachangestellte/r (m/w/d) gesucht – Vollzeit,https://de.indeed.com/viewjob?jk=2e8f9d3de8b0aa04,40474 Düsseldorf,KRIEGER MES,2026-04-23T16:20:02.439Z
Rechtsanwaltsfachangestellte (m/w/d),https://de.indeed.com/viewjob?jk=08e0ec33c0c5d0bb,67059 Ludwigshafen am Rhein,Delta Inkasso GmbH,2026-04-15T09:51:59.633Z
Rechtsanwaltsfachangestellter (m/w/d),https://de.indeed.com/viewjob?jk=f64338a5437ab5f2,Stuttgart,Becker Büttner Held,2026-03-30T20:53:21.860Z
Rechtsanwaltsfachangestellte/r (m/w/d),https://de.indeed.com/viewjob?jk=d2c3bf19df68c698,99084 Erfurt,Kanzlei Voigt Rechtsanwalts GmbH,2026-03-06T14:31:23.141Z
Kaufm. Quereinsteiger (m/w/d) - Einkommensteuerberatung,https://de.indeed.com/viewjob?jk=437bebfaf57dde64,65195 Wiesbaden,Lohnsteuerhilfe Bayern e. V.,2026-04-16T17:00:59.729Z
Rechtsanwaltsfachangestellter als Bearbeiter in der Geschäftsstelle (m/w/d),https://de.indeed.com/viewjob?jk=d66f0adf474a1280,80634 München,Sozialgericht München,2026-04-21T08:24:52.270Z
General Legal Counsel,https://de.indeed.com/viewjob?jk=89af364fdc978c60,Berlin,Andercore,2026-02-10T09:30:37.364Z
Volljurist / Syndikusrechtsanwalt,https://de.indeed.com/viewjob?jk=587ddedc423ea9d6,44787 Bochum,Diakonie Ruhr gemeinnützige GmbH,2025-11-10T16:41:51.946Z
Patentanwaltsfachangestellte/ r (m/w/d) in Vollzeit oder Teilzeit,https://de.indeed.com/viewjob?jk=5e09f6bd02cca4dc,69115 Heidelberg,Patent- und Rechtsanwälte Ullrich & Naumann PartG mbB,2026-04-22T10:20:16.478Z
Justiziar / Syndikusrechtsanwalt (m/w/d),https://de.indeed.com/viewjob?jk=3c53c3f90004a41a,Deutschland,Joh. Wilh. von Eicken GmbH,2025-11-12T17:11:26.839Z
Rechtsanwalt (Syndikusrechtsanwalt) – Satzungsreferent (m/w/d),https://de.indeed.com/viewjob?jk=fda11a2ede003129,Düsseldorf,Versorgungswerk der Rechtsanwälte im Lande Nordrhein-Westfalen,2026-02-03T17:07:52.580Z
Syndikusrechtsanwalt (m/w/d),https://de.indeed.com/viewjob?jk=75356088f9d615a7,Urloffen,NOVELLUS Integrierte Dienste GmbH,2026-03-23T21:43:12.460Z
Referent Recht / Volljurist (w/m/d),https://de.indeed.com/viewjob?jk=948a06e07b14bc6d,74613 Öhringen,Hohenloher Krankenhaus,2026-02-19T15:50:58.139Z
Senior Associate (m/w/d) Energierecht und/oder Anlagenbau,https://de.indeed.com/viewjob?jk=35672f3843c4578e,22297 Hamburg,Carneades Legal,2025-06-27T05:59:03.950Z
Rechtsanwalt*,https://de.indeed.com/viewjob?jk=cf5454344149d1e1,86551 Aichach,Energiebauern GmbH,2025-11-27T14:58:24.845Z
Rechtsanwaltsfachangestellte (m/w/d) - Gleitarbeitszeit & bis zu 48.000 €,https://de.indeed.com/viewjob?jk=23252f003f91c12f,86899 Landsberg am Lech,Kanzlei HERR,2026-03-27T15:10:32.835Z
Rechtsanwalt (m/w/d) Immobilien- und Baurecht,https://de.indeed.com/viewjob?jk=89085e601ec33178,Düsseldorf,Mütze Korsch Rechtsanwaltsgesellschaft mbH,2025-07-29T17:58:49.263Z
Juristische Mitarbeiter (M/W/D),https://de.indeed.com/viewjob?jk=1e95cf20a03b3787,57223 Kreuztal,Rechtsanwälte Kotz GbR,2024-11-29T11:30:06.740Z
Hauptsachbearbeitung (m/w/d) in der Abteilung Zentrale Abrechnung für Gemeinsame Vergütungsregeln,https://de.indeed.com/viewjob?jk=c53658c10234bfc8,60320 Frankfurt am Main,ARD Degeto Film GmbH,2026-04-10T14:14:10.290Z
Rechtsanwaltsfachangestellte/r (m/w/d) in der Zwangsvollstreckungsabteilung,https://de.indeed.com/viewjob?jk=1cfea3756452a80a,55116 Mainz,Gräf & Centorbi Rechtsanwaltsgesellschaft mbH,2024-12-04T14:18:59.920Z
Senior Associate (m/w/d) Energierecht und/oder Anlagenbau,https://de.indeed.com/viewjob?jk=35672f3843c4578e,22297 Hamburg,Carneades Legal,2025-06-27T05:59:03.950Z
Volljurist Arbeitsrecht (m/w/d),https://de.indeed.com/viewjob?jk=da6da7465aa68206,Kassel,CAPERA GmbH & Co. KG,2026-03-24T13:19:29.380Z
"Syndikusrechtsanwalt / Legal Counsel (m/w/d) (Teilzeit, 20 Std./Woche)",https://de.indeed.com/viewjob?jk=37dc192b8f87654e,66740 Saarlouis,Deutsche Glasfaser,2026-03-10T11:56:25.937Z
Mitarbeiter*in (m/w/d),https://de.indeed.com/viewjob?jk=3a2a5059ca095f5d,26427 Esens,Samtgemeinde Esens,2026-04-23T10:56:46.820Z
"Rechtsanwalt/Rechtsanwältin, Volljurist/Volljuristin (m/w/d)",https://de.indeed.com/viewjob?jk=b23f9a05c6d252ed,Deutschland,Rechtsanwälte Hufnagel,2025-07-14T11:55:16.487Z
Volljurist (m/w/d) Bank- und Kreditrecht,https://de.indeed.com/viewjob?jk=ad348bc285146cbd,Telgte,Volksbank Münsterland Nord eG,2026-02-02T15:58:51.569Z
Volljurist (m/w/d),https://de.indeed.com/viewjob?jk=339b454e5cf32f4a,Deutschland,Sport1 GmbH,2026-02-10T16:31:26.655Z
Sachbearbeiter/in (w/m/d) im Notariat – Schwerpunkt Gesellschaftsrecht –,https://de.indeed.com/viewjob?jk=5744008739ed14d8,20095 Hamburg,Hamburgische Notarkammer,2026-02-12T17:42:28.903Z
"Rechtsanwalt (m, w, d) für die Abwicklung von zivilrechtlichen Mandaten",https://de.indeed.com/viewjob?jk=77c85534ad3c3412,Bersenbrück,Rechtsanwaltskanzlei Kreimer & Kollegen,2026-02-27T05:16:14.420Z
Bachelor of Laws (LL.B.) (w/m/d) / Wirtschaftsjurist/in im Notariat (w/m/d),https://de.indeed.com/viewjob?jk=15f60a0bb7b0f0bd,20095 Hamburg,Hamburgische Notarkammer,2026-02-24T11:43:03.654Z
Legal Counsel - Syndikusrechtsanwalt (m/w/d),https://de.indeed.com/viewjob?jk=362175bb1df6bfbb,65779 Kelkheim (Taunus),ROTHENBERGER Gruppe,2026-03-17T20:18:59.744Z
"Sachbearbeiter (m, w, d) für die Abwicklung von Insolvenzverfahren",https://de.indeed.com/viewjob?jk=76a50d5be9ae222d,Stadtlohn,Rechtsanwaltskanzlei Kreimer & Kollegen,2026-02-27T05:16:14.392Z
Volljurist - Energierecht (m/w/d),https://de.indeed.com/viewjob?jk=1677d6b9975192f3,Potsdam,Danpower Gruppe,2026-02-25T15:56:44.994Z
Rechtsanwalt / Syndikusrechtsanwalt (m/w/d) als Legal Counsel,https://de.indeed.com/viewjob?jk=970bf60ebbb1750b,Mülheim an der Ruhr,Hans Turck GmbH & Co. KG,2026-02-11T14:56:38.508Z
Volljurist / Syndikusrechtsanwalt (m/w/d),https://de.indeed.com/viewjob?jk=94e783982ef9231b,34281 Gudensberg,Rudolph Logistik Gruppe,2026-03-30T16:06:14.814Z
Assistenz General Counsel/Assistenz GF Legal und Compliance M/W/D,https://de.indeed.com/viewjob?jk=61c69d72ea22b083,Siegen,invicem gmbh,2025-11-26T13:42:41.984Z
Bilanzbuchhalter/in (m/w/d),https://de.indeed.com/viewjob?jk=9eb733af8ec3a402,55124 Mainz,Gräf & Centorbi Rechtsanwaltsgesellschaft mbH,2024-12-04T14:19:02.316Z
Häfele | Unternehmensjurist / Syndikusrechtsanwalt (m/w/d) mit Schwerpunkt Vertragsrecht,https://de.indeed.com/viewjob?jk=414752c8d92727ab,72202 Nagold,Häfele,2026-02-24T05:20:36.800Z
Syndikusrechtsanwalt / Rechtsanwalt / Volljurist (m/w/d),https://de.indeed.com/viewjob?jk=2463de835976be5a,26382 Wilhelmshaven,Arbeitgeber- und Wirtschaftsverband Jade e.V.,2025-10-17T14:06:32.289Z
Syndikusrechtsanwalt (m/w/d),https://de.indeed.com/viewjob?jk=2a44363eb9b816c5,46047 Oberhausen,EP Power Minerals GmbH,2026-04-23T07:39:27.743Z
Manager (m/w/d) Labour Law,https://de.indeed.com/viewjob?jk=a86fba35a6e139bb,Allermöhe,Gebr. Heinemann SE & Co. KG,2026-04-07T18:31:30.123Z
Legal Counsel / Senior Legal Counsel (m/w/d),https://de.indeed.com/viewjob?jk=24cdd1317b1e7487,Freiburg,Dr. Falk Pharma GmbH,2026-01-14T15:36:33.810Z
Volljurist / Diplomjurist (m/w/d),https://de.indeed.com/viewjob?jk=a8c1f2e4eb78516d,79822 Titisee-Neustadt,Notar Dr. Marco Berger,2025-06-24T18:37:43.397Z
Rechtsanwalt / Inhouse Legal Counsel (m/w/d) – Photovoltaik,https://de.indeed.com/viewjob?jk=9a77d079f3fbaa85,23570 Lübeck,Hanseatic Projektentwicklung GmbH,2026-02-16T10:28:29.669Z
Volljurist / Syndikusrechtsanwalt,https://de.indeed.com/viewjob?jk=587ddedc423ea9d6,44787 Bochum,Diakonie Ruhr gemeinnützige GmbH,2025-11-10T16:41:51.946Z
Volljurist (m/w/d)* Schadenregulierung Haftpflichtversicherung,https://de.indeed.com/viewjob?jk=7978129123bc6c09,61440 Oberursel,ALH Gruppe,2026-02-17T20:50:09.204Z
Rechtsanwalt (w/m/d) Commercial Law / Trade,https://de.indeed.com/viewjob?jk=26b74e92e00021aa,70173 Stuttgart,WTS Tax AG,2026-01-06T18:22:02.249Z
Volljurist/in mit Schwerpunkt Versicherungs- und Schadenrecht,https://de.indeed.com/viewjob?jk=399c40ee2a80d9bb,29525 Uelzen,Uelzener Allgemeine Versicherungs-Gesellschaft a. G.,2025-12-18T12:22:52.882Z
Rechtsanwältin / Rechtsanwalt / Volljurist/in (m/w/d) im Bereich Öffentliches Wirtschaftsrecht/Vergaberecht,https://de.indeed.com/viewjob?jk=0a4a91bfea2dd7f5,Flensburg,Ehler Ermer & Partner,2025-08-11T17:25:41.468Z
Staatsanwältinnen/Staatsanwälte (w/m/d) im Richterverhältnis auf Probe (Besoldungsgruppe R1),https://de.indeed.com/viewjob?jk=85567df323ef7eab,28195 Bremen,Freie Hansestadt Bremen,2026-01-01T05:50:16.320Z
Rechtsanwalt (Syndikusrechtsanwalt) – Satzungsreferent (m/w/d),https://de.indeed.com/viewjob?jk=fda11a2ede003129,Düsseldorf,Versorgungswerk der Rechtsanwälte im Lande Nordrhein-Westfalen,2026-02-03T17:07:52.580Z
Referent Recht & Compliance (m/w/d),https://de.indeed.com/viewjob?jk=073d1a0f0bc7f62b,Frankenthal,KSB SE & Co. KGaA,2026-03-05T14:36:16.670Z
Häfele | Unternehmensjurist / Syndikusrechtsanwalt (m/w/d) mit Schwerpunkt Vertragsrecht,https://de.indeed.com/viewjob?jk=414752c8d92727ab,72202 Nagold,Häfele,2026-02-24T05:20:36.800Z
Referendariat im Arbeits- und Sozialrecht (m/w/d),https://de.indeed.com/viewjob?jk=a024d56d9bef3e36,26382 Wilhelmshaven,Arbeitgeber- und Wirtschaftsverband Jade e.V.,2024-11-25T03:16:31.950Z
Volljurist (m/w/d) in der Versicherungsabteilung,https://de.indeed.com/viewjob?jk=bcd01800c0d559b3,Leer,Briese Schiffahrt,2026-01-09T11:51:38.782Z
Rechtsanwaltsfachangestellte (m/w/d),https://de.indeed.com/viewjob?jk=ca71294be15e14a4,74072 Heilbronn,"Anwaltskanzlei Linkenheil, Rügner-Späth, Uhl und Burkhardt",2026-04-02T11:25:30.466Z
Rechtsanwaltsfachangestellte (m/w/d),https://de.indeed.com/viewjob?jk=a8d89786a7a3b241,88348 Bad Saulgau,Storz & Meyer Anwaltskanzlei,2026-04-08T14:30:29.188Z
Rechtsanwaltsfachangestellte (m/w/d),https://de.indeed.com/viewjob?jk=d761531def5061da,79098 Freiburg,Rechtsanwälte Abletshauser Gröger & Kollegen,2026-04-15T09:00:13.396Z
Rechtsanwaltsfachangestellte (m/w/d),https://de.indeed.com/viewjob?jk=24c987464f7b526c,60594 Frankfurt am Main,Thomas & Partner Rechtsanwälte PartmbB,2026-04-15T11:57:37.859Z
Rechtsanwaltsfachangestellte (m/w/d),https://de.indeed.com/viewjob?jk=6b05fc5ee6a5f8db,16341 Panketal,Hand in Hand Alltagshelfer UG (haftungsbeschränkt),2026-04-01T19:13:18.692Z
Rechtsanwaltsfachangestellte (m/w/d),https://de.indeed.com/viewjob?jk=4661ce50a40b1b90,10178 Berlin,Grawert PartmbB Rechtsanwälte,2026-04-09T09:34:37.365Z
Rechtsanwaltsfachangestellte (m/w/d),https://de.indeed.com/viewjob?jk=149862b77a69dab2,85757 Karlsfeld,Kanzlei Breitfeld & Walter,2026-04-14T14:57:47.951Z
Rechtsanwaltsfachangestellte (m/w/d) Rechtsanwaltsfachangestellte (m/w/d),https://de.indeed.com/viewjob?jk=d19c8066535a3eab,01067 Dresden,RIEDIGER. legal | tax Rechtsanwaltsgesellschaft mbH,2026-04-02T10:27:01.758Z
Rechtsanwaltsfachangestellte/r (m/w/d),https://de.indeed.com/viewjob?jk=6607773ac8cae015,10405 Berlin,dka Rechtsanwälte Fachanwälte Partnerschaft mbB,2026-04-23T16:49:50.610Z
Rechtsanwaltsfachangestellte (m/w/d),https://de.indeed.com/viewjob?jk=54a3d53a27683037,13407 Berlin,"aust und partner - Steuerberater, Rechtsanwälte",2026-03-30T14:49:04.812Z
Rechtsanwaltsfachangestellte (m/w/d),https://de.indeed.com/viewjob?jk=3fd36155535ea071,90513 Zirndorf,Rechtsanwaltskanzlei Iris Scholz,2026-04-12T17:44:25.883Z
Rechtsanwaltsfachangestellte (m/w/d),https://de.indeed.com/viewjob?jk=1ebbf46f3af9fe52,51373 Leverkusen,Rechtsanwaltskanzlei Veit,2026-04-09T10:48:30.280Z
Rechtsanwaltsfachangestellte (m/w/d),https://de.indeed.com/viewjob?jk=9f6c1e43208668ff,47119 Duisburg,Kanzlei NJP Grotstollen,2026-04-08T12:53:30.930Z
Sachbearbeiter*in Ausbildungsförderung (35 Stunden/Woche),https://de.indeed.com/viewjob?jk=b54198182068b323,18055 Rostock,Studierendenwerk Rostock-Wismar,2026-04-14T14:40:16.155Z
Rechtsanwaltsfachangestellte (m/w/d),https://de.indeed.com/viewjob?jk=9b786328558e7b7c,06112 Halle (Saale),VITASERV AG,2026-04-20T17:11:50.293Z
Rechtsanwaltsfachangestellte (m/w/d),https://de.indeed.com/viewjob?jk=6b72787155d531d5,10709 Berlin,Kärgel de Maizière & Partner,2026-04-22T13:36:39.319Z
Rechtsanwaltsfachangestellte (m/w/d),https://de.indeed.com/viewjob?jk=b21f07cf14d3c2b6,37075 Göttingen,Anwaltskanzlei Matani & Kollegen,2026-04-18T17:26:51.970Z
Rechtsanwaltsfachangestellte (m/w/d),https://de.indeed.com/viewjob?jk=1e95524296c48495,49084 Osnabrück,Klenner Rechtsanwälte,2026-04-07T08:59:15.191Z
Rechtsanwaltsfachangestellte (m/w/d),https://de.indeed.com/viewjob?jk=0b11ad19e8c0668b,55116 Mainz,Müller Fischer Rechtsanwälte Partnerschaft mbB,2026-03-30T18:50:01.590Z
Rechtsanwaltsfachangestellter (m/w/d),https://de.indeed.com/viewjob?jk=bbe70c02ce05686b,Fürth,Dr. SchwarzPartners GmbH,2026-03-06T11:03:19.156Z
Rechtsanwaltsfachangestellte (m/w/d),https://de.indeed.com/viewjob?jk=08e0ec33c0c5d0bb,67059 Ludwigshafen am Rhein,Delta Inkasso GmbH,2026-04-15T09:51:59.633Z
Rechtsanwaltsfachangestellte oder Rechtsanwalts- und Notarfachangestellte (m/w/d),https://de.indeed.com/viewjob?jk=1543543a264e6ed6,31542 Bad Nenndorf,Böttcher & Dr. Borchers GbR,2026-04-14T12:36:13.958Z
Rechtsanwaltsfachangestellte(r) (m/w/d),https://de.indeed.com/viewjob?jk=a958b7c0655a2b04,94315 Straubing,SLD Schmid Lindheim Dirmeier Wirtschaftsprüfer Steuerberater Rechtsanwälte PartGmbB,2025-02-26T00:26:37.806Z
Rechtsanwaltsfachangestellte (m/w/d),https://de.indeed.com/viewjob?jk=c3ce238dcabfec18,70191 Stuttgart,HSF Hartmann Fuchs + Partner Rechtsanwälte PartG mbB,2026-04-21T17:40:31.851Z
Rechtsanwalt (m/w/d),https://de.indeed.com/viewjob?jk=d43d7b5bea677534,49084 Osnabrück,Klenner Rechtsanwälte,2026-04-07T08:58:22.843Z
Objektbetreuer (m/w/d),https://de.indeed.com/viewjob?jk=509c79134a9fbfe5,Landshut,Uni Apart GmbH,2026-04-13T13:02:15.112Z
Rechtsanwaltsfachangestellte (m/w/d),https://de.indeed.com/viewjob?jk=24c987464f7b526c,60594 Frankfurt am Main,Thomas & Partner Rechtsanwälte PartmbB,2026-04-15T11:57:37.859Z
Rechtsanwaltsfachangestellte (m/w/d),https://de.indeed.com/viewjob?jk=be88fcc47a9dc9fb,93055 Regensburg,Paluka Rechtsanwälte Loibl Specht PartmbB,2025-06-27T16:30:32.100Z
Auszubildender zum Rechtsanwaltsfachangestellten (m/w/d),https://de.indeed.com/viewjob?jk=22d5730f089b75ee,Regensburg,Fritz & Partner mbB Rechtsanwälte,2026-02-12T00:42:50.564Z
Rechtsanwaltsfachangestellte (m/w/d),https://de.indeed.com/viewjob?jk=d761531def5061da,79098 Freiburg,Rechtsanwälte Abletshauser Gröger & Kollegen,2026-04-15T09:00:13.396Z
Rechtsanwalt (m/w/d),https://de.indeed.com/viewjob?jk=c1587e20e69653a5,21279 Hollenstedt,Weiss Weiss Rechtsanwälte Fachanwälte,2026-04-17T10:51:55.556Z
Wissenschaftlicher Mitarbeiter (m/w/d) im Bereich Investment-Funds mit dem Schwerpunkt auf Private Equity/Venture Capital Funds - mit vier bis fünf Tagen pro Woche,https://de.indeed.com/viewjob?jk=67c4af91036064f9,10785 Berlin,POELLATH Rechtsanwälte,2026-03-04T20:23:44.783Z
Jurist m/w/d für rechtliche Grundsatzthemen,https://de.indeed.com/viewjob?jk=7fb43c5af381dc12,Kornwestheim,Karriereseite_cobisiconsult,2026-03-07T21:59:18.675Z
Teilnehmer (m/w/d) Roser Summer School (Karriere-Event),https://de.indeed.com/viewjob?jk=533d90a52c08d8e0,Leipzig,Roser Rechtsanwaltsgesellschaft mbH,2026-04-08T19:02:02.847Z
Rechtsanwaltsfachangestellte:r (m/w/d) - Ohne dich läuft hier nichts,https://de.indeed.com/viewjob?jk=2a5c68dfb683e0e2,Frankfurt am Main,4Chain Consulting,2026-03-15T17:22:06.349Z
Rechtsreferendar (w/m/d),https://de.indeed.com/viewjob?jk=3cb46327b11699ec,49074 Osnabrück,Rechtsanwaltskanzlei Schmidt-Laute,2024-11-23T16:18:34.192Z
Notarfachangestellte/r (m/w/d),https://de.indeed.com/viewjob?jk=d370bdaaa8607f99,Kirchrode,activelaw Offenhausen.Wolter PartmbB,2026-02-24T18:11:21.862Z
Rechtsanwalt m/w/d in Rostock,https://de.indeed.com/viewjob?jk=5292194fc075de7e,18055 Rostock,Rechtsanwälte Klostermann Schmidt Monstadt Eisbrecher,2026-04-16T09:09:10.979Z
Volljurist (m/w/d),https://de.indeed.com/viewjob?jk=44f2f3fdb899d614,Lüneburg,Landeskrankenhilfe V.V.a.G.,2025-09-02T13:00:51.915Z
Anwalt (m/w/d),https://de.indeed.com/viewjob?jk=a0b1d42492bafc09,67059 Ludwigshafen am Rhein,Delta Inkasso GmbH,2026-04-15T09:17:22.900Z
Rechtsanwaltsfachangestellte (m/w/d),https://de.indeed.com/viewjob?jk=ca71294be15e14a4,74072 Heilbronn,"Anwaltskanzlei Linkenheil, Rügner-Späth, Uhl und Burkhardt",2026-04-02T11:25:30.466Z
Rechtsanwaltsfachangestellte (m/w/d),https://de.indeed.com/viewjob?jk=ac4eb79169441296,66740 Saarlouis,Rechtsanwälte BREHM,2026-03-29T19:43:18.134Z
Rechtsanwalt (m|w|d) Gesellschaftsrecht,https://de.indeed.com/viewjob?jk=403e7aab4c827b09,Nürnberg,Sonntag & Partner,2025-02-27T17:44:52.477Z
Rechtsanwälte (m/w/d).,https://de.indeed.com/viewjob?jk=f478586dd696453c,40212 Düsseldorf,NOVACOS Rechtsanwälte,2026-03-24T15:41:41.133Z
Syndikusrechtsanwalt (m/w/d),https://de.indeed.com/viewjob?jk=2a44363eb9b816c5,46047 Oberhausen,EP Power Minerals GmbH,2026-04-23T07:39:27.743Z
Rechtsanwalt (m/w/d) Non-Profit-Organisationen / NPO,https://de.indeed.com/viewjob?jk=d2d74d7acb3b4c2d,Bonn,Flick Gocke Schaumburg,2025-07-01T13:09:33.771Z
Rechtsanwalt/Rechtsanwältin (m/w/d),https://de.indeed.com/viewjob?jk=978b62326d9b3822,Verden (Aller),WILLMERKÖSTER,2025-12-12T00:57:19.189Z
Referendare I Düsseldorf,https://de.indeed.com/viewjob?jk=34d75e5f9015e1a5,Düsseldorf,Baker McKenzie Rechtsanwaltsgesellschaft mbH von Rechtsanwälten und Steuerberatern,2026-02-28T01:44:43.776Z
"Syndikusrechtsanwalt als Leiter des Geschäftsbereichs Allgemeines Recht, Compliance und Versicherungen (m/w/d)",https://de.indeed.com/viewjob?jk=ca692bfaeff7cf19,Recklinghausen,Knappschaft Kliniken GmbH,2026-03-18T17:41:24.278Z
NOTARFACHASSISTENT (M/W/D),https://de.indeed.com/viewjob?jk=7133783384c14071,74821 Mosbach,Notare Berlin & Strauß,2026-02-26T23:58:50.200Z
RECHTSANWALTSFACHANGESTELLTE (m/w/divers),https://de.indeed.com/viewjob?jk=459f0db98ca01323,Koblenz,"Rechtsanwälte Zakrzewski, Turowski und Leberig (GbR)",2025-04-06T15:12:48.823Z
(Senior) Legal Counsel / Syndikusrechtsanwalt / Volljurist (m/w/d),https://de.indeed.com/viewjob?jk=b4493091a206e2ed,Köln,Interzero Holding GmbH & Co. KG,2026-02-27T16:06:39.296Z
Unternehmensjurist/Syndikusrechtsanwalt (w/m/d),https://de.indeed.com/viewjob?jk=f5df6a0cc24bae2a,79689 Maulburg,Endress+Hauser Level+Pressure Germany,2026-02-17T16:59:42.749Z
Volljurist / Syndikusrechtsanwalt (m/w/d) als Leitung Recht und Compliance in der Stabsstelle Regulatorik,https://de.indeed.com/viewjob?jk=2909988c91755f4e,Gelsenkirchen,Evangelisches Klinikum Gelsenkirchen GmbH,2025-11-12T22:51:29.596Z
Legal Counsel / Syndikusrechtsanwalt (m/w/d) - Schwerpunkt Onshore-Windenergie & Erneuerbare Energie,https://de.indeed.com/viewjob?jk=e98db940b812f738,22419 Hamburg,Nordex SE,2026-03-12T01:19:06.321Z
Syndikusrechtsanwalt / Volljurist (m/w/d),https://de.indeed.com/viewjob?jk=77910d5cdfedc287,90766 Fürth,Dr. Schuhmann Gruppe,2024-11-25T11:15:08.558Z
Legal Counsel Labour Relations / Syndikusrechtsanwalt (m/w/d),https://de.indeed.com/viewjob?jk=acd4b2672d6d6793,81671 München,Interhyp AG,2026-03-26T13:29:55.953Z
Syndikusrechtsanwältin / Syndikusrechtsanwalt – Rechtsanwältin / Rechtsanwalt (w/m/d),https://de.indeed.com/viewjob?jk=f7cabc1cbbff9134,52428 Jülich,Forschungszentrum Jülich GmbH,2026-04-08T22:11:29.527Z
(Senior) Legal Counsel/ Syndikusrechtsanwalt (all genders) mit Schwerpunkt Versicherungsrecht bei BNP Paribas Cardif,https://de.indeed.com/viewjob?jk=50ca830c943053c2,Gerlingen,BNP Paribas,2026-02-04T14:22:53.727Z
Volljurist als Syndikusrechtsanwalt (m/w/d),https://de.indeed.com/viewjob?jk=c7ef166ca98e0a02,40547 Düsseldorf,Deutsche Apotheker- und Ärztebank eG,2026-03-18T13:48:59.400Z
Volljurist/-in mit Schwerpunkt Digitalisierung / IT-Recht (m/w/d),https://de.indeed.com/viewjob?jk=00d953760b898ad7,20097 Hamburg,DAK-Gesundheit,2026-03-04T16:20:34.456Z
Senior Legal Counsel (m/w/d) / Syndikusrechtsanwalt (m/w/d),https://de.indeed.com/viewjob?jk=3b71ac774fc20f49,Bad Ems,Löwenstein Medical SE & Co. KG,2026-01-26T22:00:23.860Z
Legal Counsel - Syndikusrechtsanwalt (m/w/d),https://de.indeed.com/viewjob?jk=7d9af155931692ac,Kelkheim (Taunus),ROTHENBERGER Werkzeuge GmbH,2026-03-18T10:59:36.825Z
Volljurist Arbeitsrecht (w/m/d),https://de.indeed.com/viewjob?jk=fa5c3a5a06cdfa33,53919 Weilerswist,dm-drogerie markt GmbH + Co. KG,2026-04-03T06:17:10.616Z
Syndikusrechtsanwalt (w/m/d) Export-Compliance,https://de.indeed.com/viewjob?jk=7846add929f5d439,82024 Taufkirchen,HENSOLDT AG,2026-01-14T03:54:15.766Z
Legal Counsel Arbeitsrecht / Syndikusrechtsanwalt (befristet auf 16 Monate in Teilzeit) (m/w/d),https://de.indeed.com/viewjob?jk=dd38a30bd4842055,20354 Hamburg,Hermes Germany GmbH,2026-04-07T17:11:59.778Z
Volljurist / Syndikusrechtsanwalt Arbeitsrecht (m/w/d),https://de.indeed.com/viewjob?jk=4a01ddf226ca8fb2,16816 Neuruppin,Universitätsklinikum Ruppin-Brandenburg,2026-02-10T13:08:32.750Z
Arbeitsrechtsanwalt - Syndikusrechtsanwalt (m/w/d) - Gigafactory Berlin-Brandenburg,https://de.indeed.com/viewjob?jk=f173b6a78ab2fc19,10317 Berlin,Tesla,2025-08-08T17:58:25.394Z
Syndikusrechtsanwalt / Wirtschaftsjurist / Unternehmensjurist (m/w/d),https://de.indeed.com/viewjob?jk=4765d35c0981be07,Kupferzell,GEMÜ Gebr. Müller Apparatebau GmbH & Co. KG,2026-03-18T15:11:45.652Z
Arbeitsrechtsanwalt - Syndikusrechtsanwalt (m/w/d) - Berlin,https://de.indeed.com/viewjob?jk=e1a4a116a08182e5,10245 Berlin-Friedrichshain,Tesla,2025-12-16T16:58:32.177Z
Syndikusrechtsanwalt / Wirtschaftsjurist (m/w/d) / in Teilzeit (20 Std./Woche),https://de.indeed.com/viewjob?jk=c39ed58c6052f3ee,56579 Rengsdorf,Lohmann & Rauscher GmbH & Co. KG,2026-02-19T02:18:58.873Z
Volljurist / Syndikusrechtsanwalt (d/m/w) Förderrecht,https://de.indeed.com/viewjob?jk=c93135033225c306,60313 Frankfurt am Main,Landwirtschaftliche Rentenbank,2026-03-05T14:06:13.809Z
"(Senior) Legal Counsel / Syndikusrechtsanwalt (m/w/d) IT-Recht, KI & Vertragsrecht",https://de.indeed.com/viewjob?jk=d02d741904c2ae7a,Köln,Interzero Holding GmbH & Co. KG,2026-03-24T16:05:40.400Z
"Syndikusrechtsanwalt als Leiter des Geschäftsbereichs Allgemeines Recht, Compliance und Versicherungen (m/w/d)",https://de.indeed.com/viewjob?jk=6122de6be2e2b37f,Recklinghausen,Marienhospital Bottrop gGmbH,2026-03-18T18:37:33.421Z
(Senior) Legal Counsel / Syndikusrechtsanwalt (m/w/d) Regulatory & (Abfall)Wirtschaftsrecht,https://de.indeed.com/viewjob?jk=bc6e513c9f0cdf2a,Köln,Interzero Holding GmbH & Co. KG,2026-03-04T15:17:24.613Z
Sachbearbeiter / kaufmännischer Mitarbeiter (m/w/d) im Forderungsmanagement,https://de.indeed.com/viewjob?jk=6e13217c4319f0ed,22307 Hamburg,AdvoNeo Schuldnerberatung,2026-04-02T09:21:07.627Z
Auszubildende(r) zur/zum Rechtsanwaltsfachangestellten (m/w/d),https://de.indeed.com/viewjob?jk=3005a0b9ac486af3,91054 Erlangen,Rechtsanwälte Jacobs & Kollegen,2026-04-03T18:13:10.302Z
RECHTSANWALTSFACHANGESTELLTE(R) / RECHTSFACHWIRT(IN) (M/W/D),https://de.indeed.com/viewjob?jk=85bee96555ec9ca2,76227 Karlsruhe,MARTIN RECHTSANWÄLTE,2026-04-20T08:49:04.530Z
Sekretariat (m/w/d),https://de.indeed.com/viewjob?jk=9c14fc1c104cdd80,Mainz,Müller Fischer Rechtsanwälte Partnerschaft mbB,2026-03-30T17:24:29.823Z
Auszubildende(n) zur Rechtsanwaltsfachangestellte(n) (m/w/d),https://de.indeed.com/viewjob?jk=b2ad03f47741977d,53227 Bonn,Mourkojannis Mörschner Rechtsanwälte PartGmbB,2026-04-15T11:51:50.592Z
"Mitarbeiter/in für das Sekretariat (m, w, d) in Voll- oder Teilzeit",https://de.indeed.com/viewjob?jk=fd63f62ae14ab8b9,48149 Münster,Voß.Partner Medizinrecht,2026-04-20T12:09:55.296Z
"Rechtsanwaltsfachangestellte/r, Geschäftsstellenverwalter/in, (m/w/d)",https://de.indeed.com/viewjob?jk=cee284157eda3c21,90403 Nürnberg,Sozialgericht Nürnberg,2026-04-01T10:32:44.308Z
Kaufm. Quereinsteiger (m/w/d) - Einkommensteuerberatung,https://de.indeed.com/viewjob?jk=437bebfaf57dde64,65195 Wiesbaden,Lohnsteuerhilfe Bayern e. V.,2026-04-16T17:00:59.729Z
Sachbearbeiter:in (m/w/d) Forderungsmanagement,https://de.indeed.com/viewjob?jk=9bc15122dc561995,28207 Bremen,SEGHORN GmbH,2026-04-17T08:47:30.277Z
Sachbearbeitung Gesundheitsschutz und DGUV Vorsorge,https://de.indeed.com/viewjob?jk=014787ef00a8b71f,53757 Sankt Augustin,Deutsche Gesetzliche Unfallversicherung e.V.,2026-04-14T08:39:28.972Z
Insolvenzsachbearbeiterin (m/w/d),https://de.indeed.com/viewjob?jk=6502616827d85a7e,10707 Berlin,hww hermann wienberg wilhelm Rechtsanwälte Partnerschaft,2026-04-07T12:14:52.112Z
Patentanwaltsfachangestellte/ r (m/w/d) in Vollzeit oder Teilzeit,https://de.indeed.com/viewjob?jk=5e09f6bd02cca4dc,69115 Heidelberg,Patent- und Rechtsanwälte Ullrich & Naumann PartG mbB,2026-04-22T10:20:16.478Z
Sachbearbeitung (m/w/d) in der Abteilung Zentrale Abrechnung für Gemeinsame Vergütungsregeln (GVR),https://de.indeed.com/viewjob?jk=6de29cd606c2345f,60320 Frankfurt am Main,ARD Degeto Film GmbH,2026-04-10T14:08:51.560Z
Teamassistenz (m/w/d) in Teilzeit,https://de.indeed.com/viewjob?jk=9204e628f2d083db,70794 Filderstadt,TOPREGAL GmbH,2026-04-15T15:17:57.976Z
RECHTSANWALTSFACHANGESTELLTE (m/w/d) Voll- oder Teilzeit für Frankfurt/Hamburg / Berlin,https://de.indeed.com/viewjob?jk=c426cddf515ecfbe,60329 Frankfurt am Main,Johannsen Rechtsanwälte PartG mbB,2026-04-17T10:44:40.203Z
Ausbildung zur Rechtsanwaltsfachangestellten (m/w/d),https://de.indeed.com/viewjob?jk=50be22355ba3e541,69115 Heidelberg,Patent- und Rechtsanwälte Ullrich & Naumann PartG mbB,2026-04-22T10:52:08.367Z
Rechtsanwaltsfachangestellter als Bearbeiter in der Geschäftsstelle (m/w/d),https://de.indeed.com/viewjob?jk=d66f0adf474a1280,80634 München,Sozialgericht München,2026-04-21T08:24:52.270Z
Volljurist / Wirtschaftsjurist / Datenschutz-Spezialist (m/w/d),https://de.indeed.com/viewjob?jk=feb4ab3afe94547a,Reutlingen,RWT Personalberatung GmbH,2026-04-14T08:32:49.453Z
"Leitung des Referates „Recht, Personal“ beim Landeskriminalamt",https://de.indeed.com/viewjob?jk=5c7bc009b2e2d44c,01097 Dresden,Freistaat Sachsen,2026-04-21T09:23:24.326Z
Legal Counsel Arbeitsrecht / Syndikusrechtsanwalt (befristet auf 16 Monate in Teilzeit) (m/w/d),https://de.indeed.com/viewjob?jk=dd38a30bd4842055,20354 Hamburg,Hermes Germany GmbH,2026-04-07T17:11:59.778Z
Hauptsachbearbeitung (m/w/d) in der Abteilung Zentrale Abrechnung für Gemeinsame Vergütungsregeln,https://de.indeed.com/viewjob?jk=c53658c10234bfc8,60320 Frankfurt am Main,ARD Degeto Film GmbH,2026-04-10T14:14:10.290Z
Volljurist / Syndikusrechtsanwalt (m/w/d),https://de.indeed.com/viewjob?jk=94e783982ef9231b,34281 Gudensberg,Rudolph Logistik Gruppe,2026-03-30T16:06:14.814Z
Legal Counsel,https://de.indeed.com/viewjob?jk=ef0a7d6893c8b47d,Frankfurt am Main,MEDːON MVZ,2026-04-17T17:17:23.686Z
Legal Counsel (job for all genders),https://de.indeed.com/viewjob?jk=5c69f87ace803ce7,Nürtingen,KOKI Group,2026-04-14T08:32:58.503Z
Sachbearbeiter Vollrechtsschutz (w|m|d),https://de.indeed.com/viewjob?jk=5b7a8c8ca4516138,München,ADAC Allgemeiner Deutscher Automobil Club,2026-04-20T18:23:08.713Z
Volljurist in der Rechtsabteilung (m/w/d),https://de.indeed.com/viewjob?jk=af57f6f124fa262f,Schlüsselfeld,Dennert Gruppe,2026-04-23T16:37:39.962Z
(Senior) Legal Counsel / Syndikusrechtsanwalt / Volljurist (m/w/d),https://de.indeed.com/viewjob?jk=b4493091a206e2ed,Köln,Interzero Holding GmbH & Co. KG,2026-02-27T16:06:39.296Z
Volljurist Energiewirtschaft (M/W/D),https://de.indeed.com/viewjob?jk=7365fae35058fa96,42549 Velbert,Stadtwerke Velbert GmbH,2026-04-21T12:52:12.866Z
Manager (m/w/d) Labour Law,https://de.indeed.com/viewjob?jk=a86fba35a6e139bb,Allermöhe,Gebr. Heinemann SE & Co. KG,2026-04-07T18:31:30.123Z
Volljurist:in (w/m/d) im Justiziariat der Universität,https://de.indeed.com/viewjob?jk=35466797798bfc72,28359 Bremen,Universität Bremen,2026-04-13T02:44:04.278Z
Syndikusrechtsanwalt (m/w/d),https://de.indeed.com/viewjob?jk=75356088f9d615a7,Urloffen,NOVELLUS Integrierte Dienste GmbH,2026-03-23T21:43:12.460Z
Rechtsanwaltsfachangestellte (m/w/d),https://de.indeed.com/viewjob?jk=97af8c2444e8b96c,10787 Berlin,"Schmidt, Schaum & Wilk Rechtsanwälte PartG mbB",2026-04-02T10:43:40.821Z
Qualifizierter Büromitarbeiter (m/w/d) für die Geschäftsstelle des Düsseldorfer Anwaltvereins e.V.,https://de.indeed.com/viewjob?jk=784e04b1bc62345f,40227 Düsseldorf,Düsseldorfer AnwaltVerein e.V.,2026-03-31T10:29:19.757Z
Verwaltungsangestellte/r (m/w/d) in Teilzeit VdK Rosenheim,https://de.indeed.com/viewjob?jk=04f3f82d9d562d7b,83022 Rosenheim,Sozialverband VdK Bayern e.V.,2026-03-27T15:55:21.404Z
Volljuristen (w/m/d) für das Referat Vergabe und Recht,https://de.indeed.com/viewjob?jk=ab05e963ef8348a3,Stuttgart,Vermögen und Bau Baden-Württemberg,2026-04-15T14:33:00.363Z
Rechtsanwaltsfachangestellte/r (m/w/d) gesucht – Vollzeit,https://de.indeed.com/viewjob?jk=2e8f9d3de8b0aa04,40474 Düsseldorf,KRIEGER MES,2026-04-23T16:20:02.439Z
Volljurist*in - Überwachung der Börsenfolgepflichten (w/m/d),https://de.indeed.com/viewjob?jk=3722e7b4cb8e01f8,Frankfurt am Main,Deutsche Börse,2026-04-13T14:09:11.201Z
Assistenzkraft (w/m/d) Servicestelle Bürgerbeteiligung,https://de.indeed.com/viewjob?jk=205a0710dd2a492a,70184 Stuttgart,Staatsministerium Baden-Württemberg,2026-04-13T11:31:54.532Z
Rechtsanwalt (w/m/d),https://de.indeed.com/viewjob?jk=6bf5e97e2631ba3c,80333 München,Bietmann Rechtsanwälte Steuerberater PartmbB,2026-04-08T15:05:25.360Z
Volljurist/-in als Referent Recht (m/w/d),https://de.indeed.com/viewjob?jk=8f7d72fdf3218a43,01796 Pirna,Freistaat Sachsen,2026-04-14T15:23:59.680Z
Volljurist Arbeitsrecht (w/m/d),https://de.indeed.com/viewjob?jk=c5eaa155ba62af63,38239 Salzgitter,Salzgitter AG,2026-04-08T18:46:46.370Z
Bürokauffrau (m/w/d),https://de.indeed.com/viewjob?jk=12bc1c78ed0fa06e,67376 Harthausen,UGV Inkasso GmbH,2026-04-15T09:07:12.137Z
Volljurist / Syndikusrechtsanwalt (d/m/w) Förderrecht,https://de.indeed.com/viewjob?jk=c93135033225c306,60313 Frankfurt am Main,Landwirtschaftliche Rentenbank,2026-03-05T14:06:13.809Z
Volljurist / Syndikusrechtsanwalt (m/w/d) als Leitung Recht und Compliance in der Stabsstelle Regulatorik,https://de.indeed.com/viewjob?jk=2909988c91755f4e,Gelsenkirchen,Evangelisches Klinikum Gelsenkirchen GmbH,2025-11-12T22:51:29.596Z
Werkstudent im Bereich HR für Kollektivrecht (w|m|d),https://de.indeed.com/viewjob?jk=cd493c40933c185a,47804 Krefeld,SWK AG,2026-04-13T19:05:19.649Z
Volljurist für den Geschäftsbereich Personal (m/w/d),https://de.indeed.com/viewjob?jk=c78ba2791c1628bf,Wolfsburg,Stadt Wolfsburg,2026-04-14T14:14:05.983Z
Volljuristen (m/ w/d) in Teilzeit,https://de.indeed.com/viewjob?jk=29e7e59e4cca180d,73230 Kirchheim unter Teck,Stadt Kirchheim unter Teck,2026-04-10T07:50:06.940Z
Jurist für Arbeitsrecht und Grundsatzfragen (m/w/d),https://de.indeed.com/viewjob?jk=b6ea58c6ca381df3,Karlsruhe,Atruvia AG,2026-04-07T16:40:02.131Z
"Rechtsanwaltsfachangestellter (m/w/d) - Flexibel (Minijob, Teilzeit, Vollzeit)",https://de.indeed.com/viewjob?jk=49d8d41eb5e68dbd,28717 Bremen,Stier24,2026-04-09T13:16:04.834Z
Volljurist Arbeitsrecht (w/m/d),https://de.indeed.com/viewjob?jk=fa5c3a5a06cdfa33,53919 Weilerswist,dm-drogerie markt GmbH + Co. KG,2026-04-03T06:17:10.616Z
Insolvenzsachbearbeiter (m/w/d) mit Flexibilität & Perspektive – Voll-/Teilzeit,https://de.indeed.com/viewjob?jk=e09c4136eb084577,54296 Trier,Schiebe und Collegen,2026-01-26T15:09:33.474Z
Quereinstieg (m/w/d) für die Onlinefiliale,https://de.indeed.com/viewjob?jk=7b487970a67de116,41751 Viersen,Volksbank Viersen EG,2026-02-27T19:47:49.984Z
Assistenz (m/w/x) München,https://de.indeed.com/viewjob?jk=bd38dce363e4367c,80539 München,DLA Piper,2025-04-29T19:49:03.770Z
Assistent:in in der Rechtsabteilung (w/m/d) Kelsterbach,https://de.indeed.com/viewjob?jk=71fbc5f30dcfd620,Kelsterbach,I-SEC,2025-09-12T14:54:48.817Z
Rechtsanwaltsfachangestellte (m/w/d),https://de.indeed.com/viewjob?jk=b11f4e4421af5093,53111 Bonn,BRRS Rechtsanwälte,2026-02-27T19:15:55.725Z
Sachbearbeiter Staatsangehörigkeitsrecht (männlich/weiblich/divers) im Einwohnermeldeamt,https://de.indeed.com/viewjob?jk=40d65b92f3db0dae,Gera,Stadtverwaltung Gera,2026-04-08T19:14:08.700Z
Finanzbuchhalter (m/w/d),https://de.indeed.com/viewjob?jk=bf45dfe5241e070b,Großenhain,INGSERV GmbH,2026-02-13T13:45:52.440Z
Sachbearbeitung (m/w/d) in der Abteilung Zentrale Abrechnung für Gemeinsame Vergütungsregeln (GVR),https://de.indeed.com/viewjob?jk=6de29cd606c2345f,60320 Frankfurt am Main,ARD Degeto Film GmbH,2026-04-10T14:08:51.560Z
Rechtsanwaltsfachangestellte (m/w/d) Rechtsabteilung | Immobilien,https://de.indeed.com/viewjob?jk=d491713219cd9b08,22529 Hamburg,Wentzel Dr. GmbH,2026-03-05T14:11:47.161Z
"Mehrere Rechtsanwaltsfachangestellte (m/w/d), Bürokräfte (m/w/d)",https://de.indeed.com/viewjob?jk=be8392bf8e9396be,22763 Hamburg,BRRS Rechtsanwälte,2026-02-27T19:15:42.840Z
Insolvenzsachbearbeiterin (m/w/d),https://de.indeed.com/viewjob?jk=35bfe75711e78e90,50679 Köln,GÖRG Partnerschaft von Rechtsanwälten mbB,2025-06-16T21:28:02.258Z
Sachbearbeiter / kaufmännischer Mitarbeiter (m/w/d) im Forderungsmanagement,https://de.indeed.com/viewjob?jk=6e13217c4319f0ed,22307 Hamburg,AdvoNeo Schuldnerberatung,2026-04-02T09:21:07.627Z
RECHTSANWÄLTIN:RECHTSANWALT LITIGATION (m/w/d) Hybrid,https://de.indeed.com/viewjob?jk=c3ff8bc4a60e82b6,80336 München,Frommer Legal,2026-03-23T14:22:33.309Z
Auszubildende(r) zur/zum Rechtsanwaltsfachangestellten (m/w/d),https://de.indeed.com/viewjob?jk=3005a0b9ac486af3,91054 Erlangen,Rechtsanwälte Jacobs & Kollegen,2026-04-03T18:13:10.302Z
Verwaltungsangestellte/r (m/w/d) in Teilzeit VdK Rosenheim,https://de.indeed.com/viewjob?jk=04f3f82d9d562d7b,83022 Rosenheim,Sozialverband VdK Bayern e.V.,2026-03-27T15:55:21.404Z
"Rechtsanwaltsfachangestellte/r, Geschäftsstellenverwalter/in, (m/w/d)",https://de.indeed.com/viewjob?jk=cee284157eda3c21,90403 Nürnberg,Sozialgericht Nürnberg,2026-04-01T10:32:44.308Z
Qualifizierter Büromitarbeiter (m/w/d) für die Geschäftsstelle des Düsseldorfer Anwaltvereins e.V.,https://de.indeed.com/viewjob?jk=784e04b1bc62345f,40227 Düsseldorf,Düsseldorfer AnwaltVerein e.V.,2026-03-31T10:29:19.757Z
Mitarbeiter Kundenservice – Innendienst (m/w/d),https://de.indeed.com/viewjob?jk=60afbc41b2681854,56410 Montabaur,STC Risk Consulting GmbH,2026-03-13T02:22:25.544Z
Rechtsfachwirtin (m/w/d) - Gleitarbeitszeit & bis zu 48.000 €,https://de.indeed.com/viewjob?jk=6e99b6d26aa34174,86899 Landsberg am Lech,Kanzlei HERR,2026-03-27T15:10:32.919Z
Teamassistenz im Bereich Insolvenzverwaltung / Insolvenzsachbearbeiter (m/w/d),https://de.indeed.com/viewjob?jk=c28df452a8128bb2,70178 Stuttgart,GÖRG Partnerschaft von Rechtsanwälten mbB,2025-06-16T21:20:18.323Z
Justizfachangestellter / Rechtsanwaltsfachangestellter (m/w/d),https://de.indeed.com/viewjob?jk=953907aed234e83d,61118 Bad Vilbel,Bad Homburger Inkasso GmbH,2024-12-01T16:36:34.740Z
Sekretariat (m/w/d),https://de.indeed.com/viewjob?jk=9c14fc1c104cdd80,Mainz,Müller Fischer Rechtsanwälte Partnerschaft mbB,2026-03-30T17:24:29.823Z
AML/KYC Analyst (w/m/d) / Sachbearbeiter (w/m/d) Geldwäscheprävention,https://de.indeed.com/viewjob?jk=f5ce802ad5d54369,20359 Hamburg,Osborne Clarke,2026-02-20T20:44:10.671Z
Ausbildung Rechtsanwaltsfachangestellter (m/w/d),https://de.indeed.com/viewjob?jk=3dc3c1d725c7cac6,47051 Duisburg,Hoist Finance,2026-03-16T14:05:49.383Z
Syndikusrechtsanwältin / Syndikusrechtsanwalt (d/w/m) | Teilzeit,https://de.indeed.com/viewjob?jk=ede68e0cf5722853,50676 Köln,DEG - Deutsche Investitions- und Entwicklungsgesellschaft mbH,2026-03-07T04:55:27.500Z
Legal Counsel/Syndikusrechtsanwalt (m/w/d) Schwerpunkt Arbeitsrecht,https://de.indeed.com/viewjob?jk=277ad958bebdec57,Hamburg,Carl Remigius Fresenius Education GmbH,2026-04-14T18:11:58.737Z
Syndikusrechtsanwält*in Finanzrecht (w/m/d),https://de.indeed.com/viewjob?jk=8e719b1f76b482a0,Erlangen,Siemens Healthineers,2026-03-13T16:22:45.213Z
Syndikusrechtsanwalt / Legal Counsel (m/w/d),https://de.indeed.com/viewjob?jk=2d4fa1f1051f7036,14199 Berlin,ENERCON,2025-12-15T20:25:29.961Z
Rechtsreferendar (m/w/d) für die Stabsstelle Personal und Recht,https://de.indeed.com/viewjob?jk=7feb35e9235061b5,90429 Nürnberg,Kliniken Dr. Erler gGmbH,2026-04-15T16:40:01.862Z
Syndikusrechtsanwalt mit Schwerpunkt Datenschutzrecht (w/m/d),https://de.indeed.com/viewjob?jk=c4575e1e39260cb2,82024 Taufkirchen,HENSOLDT AG,2026-04-10T04:53:11.712Z
Volljuristen / Syndikusrechtsanwalt (m/w/d) als Leitung Recht und Compliance in der Stabsstelle Regulatorik,https://de.indeed.com/viewjob?jk=b59769caf41030cc,44623 Herne,Ev. Krankenhausgemeinschaft Herne | Castrop-Rauxel,2025-11-11T15:28:31.957Z
Rechtsanwaltsfachangestellte (m/w/d),https://de.indeed.com/viewjob?jk=54a3d53a27683037,13407 Berlin,"aust und partner - Steuerberater, Rechtsanwälte",2026-03-30T14:49:04.812Z
Volljurist/Junior Experte Schadenbearbeitung (m/w/d),https://de.indeed.com/viewjob?jk=1765a112e76e0523,Neuss,Deutsche Post & DHL,2026-04-08T18:19:25.933Z
Fachreferent Recht/Syndikusrechtsanwalt mit Schwerpunkt Sanktionsrecht (m/w/d),https://de.indeed.com/viewjob?jk=6eb6fc367f0691de,Esslingen,Eberspächer,2025-08-01T14:02:08.472Z
Teamassistenz (w/m/d) Vollzeit oder Teilzeit.,https://de.indeed.com/viewjob?jk=f8936493e695fc25,Frankfurt am Main,BUSE Rechtsanwälte Steuerberater Partnerschaftsgesellschaft mbB,2026-02-09T15:29:44.600Z
Rechtsanwaltsfachangestellte (m/w/d),https://de.indeed.com/viewjob?jk=1ebbf46f3af9fe52,51373 Leverkusen,Rechtsanwaltskanzlei Veit,2026-04-09T10:48:30.280Z
Rechtsreferendar (m/w/d),https://de.indeed.com/viewjob?jk=bc0adcb223f9aba8,Grenzach-Wyhlen,Roche,2026-04-13T22:16:35.602Z
Syndikusrechtsanwältin / Legal Counsel (m/w/d),https://de.indeed.com/viewjob?jk=1184e4cc7686bb44,26605 Aurich,ENERCON,2025-09-19T15:26:12.327Z
Jurist /Wirtschaftsjurist – Privatrecht & Compliance w/m/d,https://de.indeed.com/viewjob?jk=5b31dd2ad1dafd95,Mannheim,SRH Fernhochschule - The Mobile University,2026-03-27T19:31:19.405Z
Rechtsanwaltsfachangestellte(r) (m/w/d),https://de.indeed.com/viewjob?jk=2a61b1ded41e0c34,79787 Lauchringen,Lovisi Versicherungsmakler GmbH,2026-02-27T07:04:30.941Z
Rechtsanwalt (m/w/d) Litigation | Arbitration,https://de.indeed.com/viewjob?jk=0188e27f60dd9681,10719 Berlin,adesse anwälte Eckhardt & Packi Partnerschaft mbB,2026-04-08T12:05:08.588Z
Rechtsanwaltsfachangestellte (m/w/d),https://de.indeed.com/viewjob?jk=9b786328558e7b7c,06112 Halle (Saale),VITASERV AG,2026-04-20T17:11:50.293Z
Rechtsanwalt für Strafrecht in Festanstellung (w/m/d),https://de.indeed.com/viewjob?jk=f64cc369fadca6ef,95444 Bayreuth,Kanzlei Pflefka - Rechtsanwälte Pflefka und Jotschke,2026-04-23T11:59:38.330Z
Office & Facility Manager Mitarbeiter (m/w/d) in Teilzeit in Hamburg,https://de.indeed.com/viewjob?jk=b0cb840b2e1087e4,20099 Hamburg,Johannsen Rechtsanwälte PartG mbB,2026-04-23T20:44:54.448Z
Rechtsanwaltsfachangestellte (m/w/d),https://de.indeed.com/viewjob?jk=c3ce238dcabfec18,70191 Stuttgart,HSF Hartmann Fuchs + Partner Rechtsanwälte PartG mbB,2026-04-21T17:40:31.851Z
Personalsachbearbeiter (m/w/d),https://de.indeed.com/viewjob?jk=a67a4c0e113498db,Home Office,"aust und partner - Steuerberater, Rechtsanwälte",2026-04-22T13:37:12.145Z
RECHTSANWALTSFACHANGESTELLTE(R) / RECHTSFACHWIRT(IN) (M/W/D),https://de.indeed.com/viewjob?jk=85bee96555ec9ca2,76227 Karlsruhe,MARTIN RECHTSANWÄLTE,2026-04-20T08:49:04.530Z
Referendariat (Rechtsanwalts-/Wahlstation)/Wissenschaftliche Mitarbeit Corporate Crime,https://de.indeed.com/viewjob?jk=74ecd70e596e396f,50678 Köln,YPOG,2026-04-20T22:11:26.831Z
RECHTSANWALT (m/w/d) - STEUERRECHT / STEUERSTRAFRECHT,https://de.indeed.com/viewjob?jk=afcad16834fa5894,76227 Karlsruhe,MARTIN RECHTSANWÄLTE,2026-04-20T08:31:23.840Z
Volljurist (m/w/d),https://de.indeed.com/viewjob?jk=793eb96ab3db3f10,42281 Wuppertal,WSW Wuppertaler Stadtwerke GmbH,2026-03-30T10:54:37.964Z
Patentanwaltsfachangestellte/ r (m/w/d) in Vollzeit oder Teilzeit,https://de.indeed.com/viewjob?jk=5e09f6bd02cca4dc,69115 Heidelberg,Patent- und Rechtsanwälte Ullrich & Naumann PartG mbB,2026-04-22T10:20:16.478Z
Rechtsanwaltsfachangestellte (m/w/d),https://de.indeed.com/viewjob?jk=b21f07cf14d3c2b6,37075 Göttingen,Anwaltskanzlei Matani & Kollegen,2026-04-18T17:26:51.970Z
Rechtsanwalt (m/w/d) Corporate / M&A,https://de.indeed.com/viewjob?jk=c10b7005604b79c5,München,Flick Gocke Schaumburg,2026-03-03T12:09:25.701Z
Rechtsanwalts- und Notarfachangestellte (m/w/d),https://de.indeed.com/viewjob?jk=5876307adf094ff8,30175 Hannover,"Rechtsanwälte Gebauer, Dr. Xanke und Kollegen",2026-04-22T17:13:57.621Z
Büro- und Organisationstalent (m/w/d) in Teilzeit (38 Wochenstunden),https://de.indeed.com/viewjob?jk=7bb92e35cd4fcd3c,83714 Miesbach,Landratsamt Miesbach,2026-04-22T13:22:42.689Z
Rechtsanwaltsfachangestellte/r (m/w/d),https://de.indeed.com/viewjob?jk=6607773ac8cae015,10405 Berlin,dka Rechtsanwälte Fachanwälte Partnerschaft mbB,2026-04-23T16:49:50.610Z
Rechtsanwaltsfachangestellte (m/w/d),https://de.indeed.com/viewjob?jk=6b72787155d531d5,10709 Berlin,Kärgel de Maizière & Partner,2026-04-22T13:36:39.319Z
Rechtsanwalt Immobilientransaktionen (m/w/d),https://de.indeed.com/viewjob?jk=70072b0acaec2ef7,90491 Nürnberg,Rödl & Partner GmbH,2026-02-27T19:37:47.704Z
Anwaltliche Tätigkeit in Legal Tech-Kanzlei (m/w/d),https://de.indeed.com/viewjob?jk=dd47dc6c337b8494,69117 Heidelberg,Szypulka & Yuan Rechtsanwaltsgesellschaft mbH,2026-04-22T12:02:40.485Z
Rechtsanwaltsfachangestellte (m/w/d) Rechtsanwaltsfachangestellte (m/w/d),https://de.indeed.com/viewjob?jk=d19c8066535a3eab,01067 Dresden,RIEDIGER. legal | tax Rechtsanwaltsgesellschaft mbH,2026-04-02T10:27:01.758Z
Legal Counsel (m/w/d) Elternzeitvertretung bis Ende Juni 2027,https://de.indeed.com/viewjob?jk=58c9d23f4c47615c,Berlin,Takeda Pharmaceutical,2026-03-18T00:00:38.857Z
Juristischer Sachbearbeiter (w|m|d) Beschwerde- und Qualitätsmanagement,https://de.indeed.com/viewjob?jk=3a9c2f6062b5a714,München,ADAC Allgemeiner Deutscher Automobil Club,2026-03-23T17:23:11.592Z
Werkstudent (m/w/d) - Assistant Evening Desk,https://de.indeed.com/viewjob?jk=23ab7fdcf28c321e,50678 Köln,YPOG,2026-04-21T22:11:40.279Z
Wirtschaftsjurist / Diplom-Jurist (m/w/d) - Insolvenzverwaltung,https://de.indeed.com/viewjob?jk=873196750269e9d3,Dortmund,BBL Brockdorff Rechtsanwaltsgesellschaft mbH,2026-03-19T03:27:21.588Z
(Junior) Legal Counsel (m/w/d),https://de.indeed.com/viewjob?jk=b8034ca12ccd857d,95448 Bayreuth,CYBEX,2026-03-02T16:26:57.701Z
Legal Counsel Global IT (m/w/d),https://de.indeed.com/viewjob?jk=cc0a139e4026c51b,Düsseldorf,ERGO,2026-03-19T11:41:21.454Z
Legal Counsel IT Law & Data Protection (m/w/d),https://de.indeed.com/viewjob?jk=9f484e65ad72e17a,Hanau,Heraeus Holding GmbH,2026-03-31T19:04:57.182Z
Teamleiter*in in der Insolvenzverwaltung (m/w/d),https://de.indeed.com/viewjob?jk=1b7869aa84f1272c,Frankfurt am Main,BBL Brockdorff Rechtsanwaltsgesellschaft mbH,2026-03-18T03:27:20.933Z
Junior Legal Specialist DACH,https://de.indeed.com/viewjob?jk=deea23ba4126e17a,Deutschland,Nexi Group,2026-03-18T15:50:12.723Z
Volljurist als Claims Handler im Bereich Complex (m/w/d),https://de.indeed.com/viewjob?jk=3c2c55fce101fce2,Köln,Zurich Insurance,2026-03-10T12:19:29.944Z
Senior Legal Counsel IP (m/w/d),https://de.indeed.com/viewjob?jk=b18a6c28f12d7e7c,Bietigheim-Bissingen,Dürr Dental SE,2026-03-19T10:30:31.129Z
Jurist/Lawyer (Corporate) - m/w/d,https://de.indeed.com/viewjob?jk=68c0943645187661,Frankfurt am Main,TMF Group,2026-03-13T11:13:40.271Z
"(Senior) Legal Counsel / Syndikusrechtsanwalt (m/w/d) IT-Recht, KI & Vertragsrecht",https://de.indeed.com/viewjob?jk=d02d741904c2ae7a,Köln,Interzero Holding GmbH & Co. KG,2026-03-24T16:05:40.400Z
Volljuristen (m/w/d) in Teilzeit,https://de.indeed.com/viewjob?jk=8b01b0b7fb9cde8b,Bremervörde,evb | Eisenbahnen und Verkehrsbetriebe Elbe-Weser GmbH,2026-04-02T16:59:24.239Z
Volljurist oder Jurist IT Recht (all genders),https://de.indeed.com/viewjob?jk=b586b5d19e2a67fa,85737 Ismaning,msg systems ag,2026-03-25T14:09:38.560Z
Volljurist als NJW-Redakteur (m/w/d),https://de.indeed.com/viewjob?jk=d045a4f5bfae1bb8,60311 Frankfurt am Main,Verlag C.H.BECK GmbH & Co. KG,2026-03-17T09:10:37.648Z
Legal Counsel Labour Relations (all genders) Arbeitsrecht und Datenschutz bei Human Resources,https://de.indeed.com/viewjob?jk=009dcd1d1a476168,Gerlingen,BNP Paribas,2026-03-05T14:23:13.963Z
Volljuristin / Volljurist (w/m/d) im Personalreferat (Kennziffer A/Z3/9),https://de.indeed.com/viewjob?jk=92dc7b1e871b6540,95030 Hof,Bayerisches Landesamt für Umwelt,2026-03-31T14:59:32.579Z
Volljurist / Senior Legal Counsel (d/m/w),https://de.indeed.com/viewjob?jk=8c0f1ac34edc621f,Frankfurt am Main,Deutsche Bank,2026-03-09T08:56:18.341Z
Volljurist (d/m/w) Vergaberecht,https://de.indeed.com/viewjob?jk=8ac7c5a2fe25870c,60313 Frankfurt am Main,Landwirtschaftliche Rentenbank,2026-03-24T14:05:51.879Z
(Junior) Legal Counsel / Syndikusanwalt (m/w/d),https://de.indeed.com/viewjob?jk=651209f710115a8d,Düsseldorf,Swiss Steel Holding AG,2026-03-24T14:19:10.468Z
Volljurist/-in mit Schwerpunkt Digitalisierung / IT-Recht (m/w/d),https://de.indeed.com/viewjob?jk=00d953760b898ad7,20097 Hamburg,DAK-Gesundheit,2026-03-04T16:20:34.456Z
(Senior) Legal Counsel / Syndikusrechtsanwalt (m/w/d) Regulatory & (Abfall)Wirtschaftsrecht,https://de.indeed.com/viewjob?jk=bc6e513c9f0cdf2a,Köln,Interzero Holding GmbH & Co. KG,2026-03-04T15:17:24.613Z
Insolvenzsachbearbeiterin (m/w/d),https://de.indeed.com/viewjob?jk=35bfe75711e78e90,50679 Köln,GÖRG Partnerschaft von Rechtsanwälten mbB,2025-06-16T21:28:02.258Z
Legal Counsel / Syndikusrechtsanwalt (m/w/d) - Schwerpunkt Onshore-Windenergie & Erneuerbare Energie,https://de.indeed.com/viewjob?jk=e98db940b812f738,22419 Hamburg,Nordex SE,2026-03-12T01:19:06.321Z
Rechtsanwält*in (m/w/d) – Gewerblicher Rechtsschutz,https://de.indeed.com/viewjob?jk=a48e8a4b2f15943e,Frankfurt am Main,BOEHMERT & BOEHMERT,2026-03-06T01:40:30.335Z
Junior Legal Counsel IP (m/w/d),https://de.indeed.com/viewjob?jk=861838425d2ed327,Bietigheim-Bissingen,Dürr Dental SE,2026-03-19T10:34:42.229Z
AML/KYC Analyst (w/m/d) / Sachbearbeiter (w/m/d) Geldwäscheprävention,https://de.indeed.com/viewjob?jk=f5ce802ad5d54369,20359 Hamburg,Osborne Clarke,2026-02-20T20:44:10.671Z
Assistenz (m/w/x) München,https://de.indeed.com/viewjob?jk=bd38dce363e4367c,80539 München,DLA Piper,2025-04-29T19:49:03.770Z
Finanzbuchhalter (m/w/d),https://de.indeed.com/viewjob?jk=bf45dfe5241e070b,Großenhain,INGSERV GmbH,2026-02-13T13:45:52.440Z
Assistent:in in der Rechtsabteilung (w/m/d) Kelsterbach,https://de.indeed.com/viewjob?jk=71fbc5f30dcfd620,Kelsterbach,I-SEC,2025-09-12T14:54:48.817Z
Rechtsanwaltsfachangestellter (m/w/d),https://de.indeed.com/viewjob?jk=f64338a5437ab5f2,Stuttgart,Becker Büttner Held,2026-03-30T20:53:21.860Z
Assistenz / Teamassistenz (m/w/d),https://de.indeed.com/viewjob?jk=44cb036927fe52f8,Hamburg,Flick Gocke Schaumburg,2026-02-27T11:19:33.311Z
Rechtsanwaltsfachangestellte (m/w/d) Rechtsabteilung | Immobilien,https://de.indeed.com/viewjob?jk=d491713219cd9b08,22529 Hamburg,Wentzel Dr. GmbH,2026-03-05T14:11:47.161Z
RECHTSREFERENDAR:IN (m/w/d) – Schwerpunkt Urheberrecht | Wahl-/Rechtsanwaltsstation | ab Oktober 2026,https://de.indeed.com/viewjob?jk=6609a2c87eed6330,80336 München,Frommer Legal,2026-02-17T14:20:35.916Z
Office Manager / Rechtsanwaltsfachangestellte (m/w/d),https://de.indeed.com/viewjob?jk=dff526c71abae753,63179 Obertshausen,EURICON GmbH & Co. KG Steuerberatungsgesellschaft,2026-03-06T20:17:25.983Z
Sachbearbeiter Staatsangehörigkeitsrecht (männlich/weiblich/divers) im Einwohnermeldeamt,https://de.indeed.com/viewjob?jk=40d65b92f3db0dae,Gera,Stadtverwaltung Gera,2026-04-08T19:14:08.700Z
Kaufm. Quereinsteiger (w/m/d),https://de.indeed.com/viewjob?jk=7f7cd0837b250461,92660 Neustadt an der Waldnaab,Lohnsteuerhilfe Bayern e. V.,2026-03-18T15:57:33.445Z
"Rechtsanwaltsfachangestellte/ -r, Rechtsfachwirt/ -in",https://de.indeed.com/viewjob?jk=8a8df087354cbe5b,Weil am Rhein,Rechtsanwälte Seidler & Kollegen Partnerschaftsgesellschaft mbB,2024-11-23T09:54:26.567Z
Rechtsanwaltsfachangestellte (m/w/d),https://de.indeed.com/viewjob?jk=414174b239faa8a2,45130 Essen,BISTER BRUNKE Rechtsanwälte PartG mbB PartGmbB,2025-11-29T10:05:06.435Z
Rechtsanwaltsfachangestellte (m/w/x),https://de.indeed.com/viewjob?jk=081084a6fc01e447,Zwickau,SCHENK LECHLEITNER KRÖSCH,2024-11-23T11:46:54.530Z
Rechtsanwalt / Rechtsanwältin (m/w/d),https://de.indeed.com/viewjob?jk=007121f55a23e7b7,Deutschland,Pickartz Rechtsanwaelte,2026-03-23T19:44:51.333Z
Teamassistenz (w/m/d) Vollzeit oder Teilzeit.,https://de.indeed.com/viewjob?jk=f8936493e695fc25,Frankfurt am Main,BUSE Rechtsanwälte Steuerberater Partnerschaftsgesellschaft mbB,2026-02-09T15:29:44.600Z
Rechtsanwaltsfachangestellte (m/w/d),https://de.indeed.com/viewjob?jk=57f14a393363c62a,Staufen,"Steiger, Schill & Kollegen",2025-04-17T08:24:08.112Z
Rechtsanwaltsfachangestellte (m/w/d),https://de.indeed.com/viewjob?jk=dfd8b6fa78e6add9,Bamberg,AfA Rechtsanwälte Frankfurt,2026-04-02T08:30:18.755Z
Mitarbeiter Kundenservice – Innendienst (m/w/d),https://de.indeed.com/viewjob?jk=60afbc41b2681854,56410 Montabaur,STC Risk Consulting GmbH,2026-03-13T02:22:25.544Z
Quereinstieg (m/w/d) für die Onlinefiliale,https://de.indeed.com/viewjob?jk=7b487970a67de116,41751 Viersen,Volksbank Viersen EG,2026-02-27T19:47:49.984Z
Rechtsfachwirtin (m/w/d) - Gleitarbeitszeit & bis zu 48.000 €,https://de.indeed.com/viewjob?jk=6e99b6d26aa34174,86899 Landsberg am Lech,Kanzlei HERR,2026-03-27T15:10:32.919Z
Justizfachangestellter / Rechtsanwaltsfachangestellter (m/w/d),https://de.indeed.com/viewjob?jk=953907aed234e83d,61118 Bad Vilbel,Bad Homburger Inkasso GmbH,2024-12-01T16:36:34.740Z
Legal Assistent (d/m/w) – Teilzeit 30 Std./Woche,https://de.indeed.com/viewjob?jk=7dd50e15a0877d75,10785 Berlin,Toll Collect GmbH,2026-03-27T21:55:05.618Z
Rechtsanwaltsfachangestelle (m/w/d),https://de.indeed.com/viewjob?jk=1cd8e5d6c44fe4db,56218 Mülheim-Kärlich,Wengenstein Rechtsanwälte,2025-07-24T18:17:26.351Z
Rechtsanwaltfachangestelle(r) (m/w/d),https://de.indeed.com/viewjob?jk=b9b8948b02787f91,Deutschland,Rechtsanwaltskanzlei Andreas Polz,2026-02-11T11:24:50.405Z
Rechtsanwaltsfachangestellte/n oder Rechtsfachwirt/in,https://de.indeed.com/viewjob?jk=160b73200ab7a8b9,Eislingen,Dr. Nickl & Seufert Rechtsanwälte Partnerschaft mbB,2024-12-01T22:26:23.375Z
Teamassistenz im Bereich Insolvenzverwaltung / Insolvenzsachbearbeiter (m/w/d),https://de.indeed.com/viewjob?jk=c28df452a8128bb2,70178 Stuttgart,GÖRG Partnerschaft von Rechtsanwälten mbB,2025-06-16T21:20:18.323Z
Bürovorsteher(in) (m/w/d),https://de.indeed.com/viewjob?jk=071d4e52091eaaa1,66424 Homburg,Rechtsanwälte Gebhardt und Kollegen GdbR,2025-08-31T17:20:15.922Z
Ausbildung Rechtsanwaltsfachangestellter (m/w/d),https://de.indeed.com/viewjob?jk=3dc3c1d725c7cac6,47051 Duisburg,Hoist Finance,2026-03-16T14:05:49.383Z
Assistenz / Teamassistenz (m/w/d),https://de.indeed.com/viewjob?jk=44cb036927fe52f8,Hamburg,Flick Gocke Schaumburg,2026-02-27T11:19:33.311Z
Rechtsanwaltsfachangestellte/r,https://de.indeed.com/viewjob?jk=91052f538317e93d,72072 Tübingen,Dr. Kroll & Partner Rechtsanwälte mbB,2026-01-27T14:40:24.237Z
Rechtsanwaltsfachangestellte/r,https://de.indeed.com/viewjob?jk=2b8f2249cf815cab,93049 Regensburg,Rechtsanwaltskanzlei Christian Hopfner,2026-02-26T21:23:00.160Z
Rechtsanwaltsfachangestellter / geprüfter Rechtsfachwirt (m/w/d),https://de.indeed.com/viewjob?jk=86be413f7843680d,Offenburg,Volksbank eG - Die Gestalterbank,2026-01-13T15:36:43.570Z
Rechtsanwaltsfachangestellte/r (m/w/d) Rostock,https://de.indeed.com/viewjob?jk=a54bb923324bb85c,18057 Rostock,Geiersberger Glas & Partner mbB Rechtsanwälte,2026-02-16T13:38:21.190Z
RECHTSANWALTSFACHANGESTELLE*N (M/W/D),https://de.indeed.com/viewjob?jk=b1dd1ab2a87734d9,Hamburg-Altona,MW Mittelstein Legal PartG mbB,2025-10-09T16:31:35.275Z
Fachkraft Beiträge/Insolvenz &  Forderungsmanagement (w/m/d),https://de.indeed.com/viewjob?jk=98917e477c91bd40,Augsburg,IKK classic,2026-04-20T12:41:22.979Z
Insolvenzsachbearbeiter (m/w/d) mit Flexibilität & Perspektive – Voll-/Teilzeit,https://de.indeed.com/viewjob?jk=e09c4136eb084577,54296 Trier,Schiebe und Collegen,2026-01-26T15:09:33.474Z
Justizbeschäftigter (m/w/d),https://de.indeed.com/viewjob?jk=27be89f3d37c938b,Halle (Saale),Landesportal Sachsen-Anhalt,2026-04-07T12:59:05.553Z
Rechtsanwaltsfachangestellte (m/w/d) - Gleitarbeitszeit & bis zu 48.000 €,https://de.indeed.com/viewjob?jk=23252f003f91c12f,86899 Landsberg am Lech,Kanzlei HERR,2026-03-27T15:10:32.835Z
"Rechtsanwaltsfachangestellten (m,w,d)",https://de.indeed.com/viewjob?jk=888241ab7b5ae5f9,17373 Ueckermünde,"Rechtsanwälte Kopp, Kirchhof & Partner",2026-03-21T03:06:31.996Z
RECHTSANWÄLTIN:RECHTSANWALT LITIGATION (m/w/d) Hybrid,https://de.indeed.com/viewjob?jk=c3ff8bc4a60e82b6,80336 München,Frommer Legal,2026-03-23T14:22:33.309Z
Rechtsanwaltsfachangestellte (m/w/d),https://de.indeed.com/viewjob?jk=b11f4e4421af5093,53111 Bonn,BRRS Rechtsanwälte,2026-02-27T19:15:55.725Z
"Mehrere Rechtsanwaltsfachangestellte (m/w/d), Bürokräfte (m/w/d)",https://de.indeed.com/viewjob?jk=be8392bf8e9396be,22763 Hamburg,BRRS Rechtsanwälte,2026-02-27T19:15:42.840Z
Notarfachangestellter (m/w/d),https://de.indeed.com/viewjob?jk=be11cd10dc770d58,87435 Kempten (Allgäu),Notare Martin Stemmer und Karl Büringer,2024-11-24T08:17:53.587Z
Rechtsanwaltsfachangestellte/r (m/w/d),https://de.indeed.com/viewjob?jk=a87f9420565c0b92,50679 Köln,Kanzlei Voigt Rechtsanwalts GmbH,2024-12-01T06:07:13.314Z
Auszubildende/n zur/m Rechtsanwaltsfachangestellten (m/w/d),https://de.indeed.com/viewjob?jk=b57eeda5067c707c,Lutherstadt Wittenberg,Rechtsanwälte Buse GbR,2026-02-27T07:22:53.642Z
Rechtsanwaltsfachangestellte/n (m / w / d),https://de.indeed.com/viewjob?jk=9a2ce3884904a468,94032 Passau,Olschar & Partner Rechtsanwälte Steuerberater mbB,2026-03-24T05:59:27.727Z
Sachbearbeiterin / Sachbearbeiter,https://de.indeed.com/viewjob?jk=d15a0424bde2e9d6,Deutschland,Notar Christoph M. Ritter,2026-03-05T19:46:59.374Z
Rechtsanwaltsfachangestellte (m/w/d),https://de.indeed.com/viewjob?jk=06b126262429860e,51379 Leverkusen,Rechtsanwaltskanzlei Lobitz,2026-04-08T00:07:46.914Z
Mosbach: Rechtsanwaltsfachangestellter (m/w/d),https://de.indeed.com/viewjob?jk=9f30f6870489fafb,Mosbach,Sozialverband VdK Baden-Württemberg e.V.,2026-04-10T12:52:12.768Z
Juristin (m/w/d),https://de.indeed.com/viewjob?jk=d86f3a24fc46dfe7,50823 Köln,cvbj,2026-03-31T17:59:50.705Z
Rechtsanwalt (m/w/d),https://de.indeed.com/viewjob?jk=805c68ae957eb259,73033 Göppingen,Hauptmann-Uhl & Kollegen,2025-07-15T22:10:37.319Z
Rechtsanwaltsfachangestellter (m/w/d),https://de.indeed.com/viewjob?jk=f5902f3099fb6430,Vogtlandkreis,Industriepersonalservice GmbH,2026-03-19T07:23:10.154Z
Rechtsanwaltsgehilfin (m/w/d),https://de.indeed.com/viewjob?jk=78c9a417ad3162b6,53840 Troisdorf,Rechtsanwaltskanzlei Cem Sariyalim,2026-04-14T17:23:59.477Z
Rechtsanwaltsfachangestellte(r) (m/w/d),https://de.indeed.com/viewjob?jk=a958b7c0655a2b04,94315 Straubing,SLD Schmid Lindheim Dirmeier Wirtschaftsprüfer Steuerberater Rechtsanwälte PartGmbB,2025-02-26T00:26:37.806Z
Rechtsanwalt in freier Mitarbeit (m/w/d),https://de.indeed.com/viewjob?jk=e84502e9878b003a,52249 Eschweiler,Lukez-Bürrig | Frantzen Rechtsanwälte PartGmbB,2026-04-04T21:50:03.103Z
Rechtsanwalt (m/w/d) Gesellschaftsrecht/M&A,https://de.indeed.com/viewjob?jk=05060f59b0635e37,München,Linklaters LLP,2026-03-18T17:07:12.819Z
Rechtsanwalt / Rechtsanwältin (m/w/d),https://de.indeed.com/viewjob?jk=3ca8579306839422,34117 Kassel,Kanzlei Voigt Rechtsanwalts GmbH,2025-08-28T15:31:25.688Z
Rechtsanwaltsfachangestellte (m/w/d),https://de.indeed.com/viewjob?jk=ef871da7e919014a,52499 Baesweiler,Krings & Krings,2026-03-30T11:24:32.289Z
Rechtsanwältin / Rechtsanwalt (Teilzeit oder Vollzeit),https://de.indeed.com/viewjob?jk=1dd72a626279bed0,Düsseldorf,Rechtsanwalt Güler,2026-04-13T11:03:38.620Z
Rechtsanwaltsfachangestellte (m/w/d),https://de.indeed.com/viewjob?jk=848d28afa5eae42f,66111 Saarbrücken,Rechtsanwaltskanzlei Will,2026-03-31T16:55:35.375Z
Rechtsanwalt (m/w/d) Gesellschaftsrecht | M&A,https://de.indeed.com/viewjob?jk=1a629547cc7c4e9f,10719 Berlin,adesse anwälte Eckhardt & Packi Partnerschaft mbB,2026-04-08T12:01:17.120Z
Office Manager / Rechtsanwaltsfachangestellte (m/w/d),https://de.indeed.com/viewjob?jk=3893a15ceef3773d,21614 Buxtehude,ROCKZ Consulting,2026-03-04T03:12:09.392Z
Rechtsanwälte (m/w/d),https://de.indeed.com/viewjob?jk=46faa16616ec8c0f,Bremen,BLANKE MEIER EVERS Rechtsanwälte in Partnerschaft mbB,2026-04-21T19:31:57.894Z
Rechtsanwaltsfachangestellte (m/w/d),https://de.indeed.com/viewjob?jk=be88fcc47a9dc9fb,93055 Regensburg,Paluka Rechtsanwälte Loibl Specht PartmbB,2025-06-27T16:30:32.100Z
Rechtsanwaltsfachangestellte (m/w/d),https://de.indeed.com/viewjob?jk=0b11ad19e8c0668b,55116 Mainz,Müller Fischer Rechtsanwälte Partnerschaft mbB,2026-03-30T18:50:01.590Z
Rechtsanwaltsfachangestellte(r) / Legal Assistant,https://de.indeed.com/viewjob?jk=9e38af0cf99ac201,14199 Berlin,Nyman Legal - Real Estate & Transactions,2026-04-16T17:48:15.486Z
"Syndikusrechtsanwalt / Legal Counsel (m/w/d) (Teilzeit, 20 Std./Woche)",https://de.indeed.com/viewjob?jk=37dc192b8f87654e,66740 Saarlouis,Deutsche Glasfaser,2026-03-10T11:56:25.937Z
"Partner (m/w/d) in einer Wirtschaftskanzlei – Mit voller Freiheit, ohne Umsatzvorgaben",https://de.indeed.com/viewjob?jk=4e0860fdb46a947f,79098 Freiburg,SNP Schlawien Partnerschaft mbB,2025-10-07T16:10:46.174Z
Rechtsanwalt / Volljurist (m/w/d) – Schwerpunkt Sozialrecht,https://de.indeed.com/viewjob?jk=dabf6ee866201a70,10245 Berlin-Friedrichshain,Rechtsanwalt Sauerbrey,2026-04-02T16:58:33.920Z
Rechtsanwaltsfachangestellte/r (m/w/d) Rostock,https://de.indeed.com/viewjob?jk=a54bb923324bb85c,18057 Rostock,Geiersberger Glas & Partner mbB Rechtsanwälte,2026-02-16T13:38:21.190Z
"Rechtsanwaltsfachangestellte/ -r, Rechtsfachwirt/ -in",https://de.indeed.com/viewjob?jk=8a8df087354cbe5b,Weil am Rhein,Rechtsanwälte Seidler & Kollegen Partnerschaftsgesellschaft mbB,2024-11-23T09:54:26.567Z
Legal Assistent (d/m/w) – Teilzeit 30 Std./Woche,https://de.indeed.com/viewjob?jk=7dd50e15a0877d75,10785 Berlin,Toll Collect GmbH,2026-03-27T21:55:05.618Z
Rechtsanwaltsfachangestellte:r (m/w/d) - Ohne dich läuft hier nichts,https://de.indeed.com/viewjob?jk=2a5c68dfb683e0e2,Frankfurt am Main,4Chain Consulting,2026-03-15T17:22:06.349Z
Rechtsanwaltsfachangestellte (m/w/d),https://de.indeed.com/viewjob?jk=57f14a393363c62a,Staufen,"Steiger, Schill & Kollegen",2025-04-17T08:24:08.112Z
Rechtsanwaltsfachangestellte,https://de.indeed.com/viewjob?jk=3abf2b74ef2ea15a,09648 Mittweida,"Rechtsanwälte Fessler, Fiebig & Schuster",2025-05-22T08:03:35.527Z
Rechtsanwaltsfachangestellte/n oder Rechtsfachwirt/in,https://de.indeed.com/viewjob?jk=160b73200ab7a8b9,Eislingen,Dr. Nickl & Seufert Rechtsanwälte Partnerschaft mbB,2024-12-01T22:26:23.375Z
Rechtsanwaltsfachangestellte (m/w/x),https://de.indeed.com/viewjob?jk=081084a6fc01e447,Zwickau,SCHENK LECHLEITNER KRÖSCH,2024-11-23T11:46:54.530Z
Rechtsanwalt mit Partnerschaftsoption (m/w/d),https://de.indeed.com/viewjob?jk=69a0c584de9fb56f,27753 Delmenhorst,AWP GmbH & Co. KG Wirtschaftsprüfungsgesellschaft Steuerberatungsgesellschaft,2025-05-23T15:19:42.733Z
RECHTSANWALTSFACHANGESTELLE*N (M/W/D),https://de.indeed.com/viewjob?jk=b1dd1ab2a87734d9,Hamburg-Altona,MW Mittelstein Legal PartG mbB,2025-10-09T16:31:35.275Z
Rechtsanwaltsfachangestellte/r,https://de.indeed.com/viewjob?jk=2b8f2249cf815cab,93049 Regensburg,Rechtsanwaltskanzlei Christian Hopfner,2026-02-26T21:23:00.160Z
Rechtsanwaltsfachangestellte (m/w/d),https://de.indeed.com/viewjob?jk=1e95524296c48495,49084 Osnabrück,Klenner Rechtsanwälte,2026-04-07T08:59:15.191Z
Notarfachangestellter (m/w/d),https://de.indeed.com/viewjob?jk=be11cd10dc770d58,87435 Kempten (Allgäu),Notare Martin Stemmer und Karl Büringer,2024-11-24T08:17:53.587Z
Rechtsanwaltsfachangestellte (m/w/d),https://de.indeed.com/viewjob?jk=149862b77a69dab2,85757 Karlsfeld,Kanzlei Breitfeld & Walter,2026-04-14T14:57:47.951Z
Rechtsanwaltsfachangestellte/r (m/w/d),https://de.indeed.com/viewjob?jk=d2c3bf19df68c698,99084 Erfurt,Kanzlei Voigt Rechtsanwalts GmbH,2026-03-06T14:31:23.141Z
Rechtsanwaltsfachangestellte/r,https://de.indeed.com/viewjob?jk=91052f538317e93d,72072 Tübingen,Dr. Kroll & Partner Rechtsanwälte mbB,2026-01-27T14:40:24.237Z
Rechtsanwaltsfachangestellte (m/w/d),https://de.indeed.com/viewjob?jk=414174b239faa8a2,45130 Essen,BISTER BRUNKE Rechtsanwälte PartG mbB PartGmbB,2025-11-29T10:05:06.435Z
Rechtsanwalt / Rechtsanwältin (m/w/d),https://de.indeed.com/viewjob?jk=007121f55a23e7b7,Deutschland,Pickartz Rechtsanwaelte,2026-03-23T19:44:51.333Z
Fachkraft Beiträge/Insolvenz &  Forderungsmanagement (w/m/d),https://de.indeed.com/viewjob?jk=98917e477c91bd40,Augsburg,IKK classic,2026-04-20T12:41:22.979Z
Sachbearbeiterin / Sachbearbeiter,https://de.indeed.com/viewjob?jk=d15a0424bde2e9d6,Deutschland,Notar Christoph M. Ritter,2026-03-05T19:46:59.374Z
auszubildende rechtsanwaltsfachangestellte (m/w/d),https://de.indeed.com/viewjob?jk=80c0f143c0ef7ea9,Memmingen,Menz & Partner Rechtsanwälte Steuerberater,2026-04-08T13:05:17.525Z
"Rechtsanwaltsfachangestellten (m,w,d)",https://de.indeed.com/viewjob?jk=888241ab7b5ae5f9,17373 Ueckermünde,"Rechtsanwälte Kopp, Kirchhof & Partner",2026-03-21T03:06:31.996Z
Rechtsanwaltsfachangestellte/n (m / w / d),https://de.indeed.com/viewjob?jk=9a2ce3884904a468,94032 Passau,Olschar & Partner Rechtsanwälte Steuerberater mbB,2026-03-24T05:59:27.727Z
Justizbeschäftigter (m/w/d),https://de.indeed.com/viewjob?jk=27be89f3d37c938b,Halle (Saale),Landesportal Sachsen-Anhalt,2026-04-07T12:59:05.553Z
Rechtsanwaltfachangestelle(r) (m/w/d),https://de.indeed.com/viewjob?jk=b9b8948b02787f91,Deutschland,Rechtsanwaltskanzlei Andreas Polz,2026-02-11T11:24:50.405Z
Rechtsanwaltsfachangestelle (m/w/d),https://de.indeed.com/viewjob?jk=1cd8e5d6c44fe4db,56218 Mülheim-Kärlich,Wengenstein Rechtsanwälte,2025-07-24T18:17:26.351Z
Rechtsanwaltsfachangestellte (m/w/d),https://de.indeed.com/viewjob?jk=0d0a29a1896948f1,Freising,SGP Treuhand,2024-12-01T15:00:02.218Z
Auszubildende/n zur/m Rechtsanwaltsfachangestellten (m/w/d),https://de.indeed.com/viewjob?jk=b57eeda5067c707c,Lutherstadt Wittenberg,Rechtsanwälte Buse GbR,2026-02-27T07:22:53.642Z
auszubildende rechtsanwaltsfachangestellte (m/w/d),https://de.indeed.com/viewjob?jk=80c0f143c0ef7ea9,Memmingen,Menz & Partner Rechtsanwälte Steuerberater,2026-04-08T13:05:17.525Z
Rechtsanwaltsfachangestellter / Rechtsfachwirt (m/w/d),https://de.indeed.com/viewjob?jk=3dd96034a06a60d6,Hamburg,ECOVIS Webservice GmbH,2026-04-13T13:51:22.269Z
Sachbearbeiter (m/w/d) Handwerksrolle,https://de.indeed.com/viewjob?jk=47e634d2ed3cd9e6,50667 Köln,Handswerkskammer zu Köln,2026-03-04T14:36:35.586Z
Rechtsanwaltsfachangestellter / geprüfter Rechtsfachwirt (m/w/d),https://de.indeed.com/viewjob?jk=86be413f7843680d,Offenburg,Volksbank eG - Die Gestalterbank,2026-01-13T15:36:43.570Z
Sachbearbeiter Insolvenztabelle (m/w/d),https://de.indeed.com/viewjob?jk=a6bd896f3c65264c,Rostock,ECOVIS Webservice GmbH,2026-02-23T18:50:23.330Z
Schadensachbearbeiter (m/w/d),https://de.indeed.com/viewjob?jk=250de76fb4010815,Deutschland,Pickartz Rechtsanwaelte,2026-03-23T19:44:51.680Z
Rechtsanwaltsfachangestellte(n) / Rechtsanwalts- und Notarfachangestellte(n),https://de.indeed.com/viewjob?jk=2fc5b60482ffb172,Celle,Raßmann + Partner GmbH Steuerberatungsgesellschaft,2025-10-25T13:57:36.492Z
Rechtsanwaltsfachangestellte (m/w/d),https://de.indeed.com/viewjob?jk=ba5364ccafbe5ad8,49809 Lingen,Streitbörger PartGmbB,2025-08-13T17:01:22.453Z
"Juristische/r Fachangestellte/r, Rechtsanwaltsfachangestellte/r",https://de.indeed.com/viewjob?jk=ac08a07f43ae4329,Neuseddin,Maltry Rehatechnik GmbH & Co. KG,2025-04-17T03:58:28.677Z
Rechtsanwaltsfachangestellte (m/w/d),https://de.indeed.com/viewjob?jk=0d0a29a1896948f1,Freising,SGP Treuhand,2024-12-01T15:00:02.218Z
Sachbearbeitung Wohngeld (w/m/d),https://de.indeed.com/viewjob?jk=8a652f765c4cc95e,52146 Würselen,Rathaus der Stadt Würselen,2026-04-20T17:28:42.436Z
Geschäftsstelle der Gleichstellungsbeauftragten (m/w/d),https://de.indeed.com/viewjob?jk=858374e6d1ed29f4,24106 Kiel,Wasserstraßen- und Schifffahrtsamt Weser,2026-04-03T07:24:26.630Z
Justizbeschäftigter (m/w/d),https://de.indeed.com/viewjob?jk=94a131791bb0b4e8,56112 Lahnstein,Staatskanzlei Rheinland-Pfalz,2026-03-20T23:59:31.126Z
rechtsanwaltsfachangestellte (m/w/d),https://de.indeed.com/viewjob?jk=7471d61d10ff7995,Memmingen,Menz & Partner Rechtsanwälte Steuerberater,2026-04-08T13:05:16.954Z
Rechtsanwaltsfachangestellte (m/w/d),https://de.indeed.com/viewjob?jk=1efcc2c68be3da6c,40211 Düsseldorf,ITMR Rechtsanwälte GbR,2025-11-02T08:27:20.736Z
Justizfachwirt (m/w/d),https://de.indeed.com/viewjob?jk=b9325cb5a4243115,Stendal,Landesportal Sachsen-Anhalt,2026-03-13T18:00:37.621Z
eine/n Rechtsanwaltsfachangestellte/n (m/w/d),https://de.indeed.com/viewjob?jk=e2b3b0ba92557898,86150 Augsburg,Kanzlei Professor Herrmann & Kollegen,2026-04-21T13:04:25.571Z
Rechtsanwaltsfachangestellte (m/w/d),https://de.indeed.com/viewjob?jk=c6bbaa233de777f4,Passau,ECOVIS Webservice GmbH,2026-02-06T16:57:33.150Z
Rechtsanwaltsfachangestellte (m/w/d),https://de.indeed.com/viewjob?jk=868ef673f08bd97c,Bielefeld,Rechtsanwaltskanzlei Bino Akin,2025-08-21T09:13:52.283Z
Rechtsanwaltsfachangestellte,https://de.indeed.com/viewjob?jk=3abf2b74ef2ea15a,09648 Mittweida,"Rechtsanwälte Fessler, Fiebig & Schuster",2025-05-22T08:03:35.527Z
Rechtsanwaltsfachangestellte/r (m/w/d),https://de.indeed.com/viewjob?jk=090f0987bf7c29e9,08525 Plauen,Augustin & Krückel Rechtsanwälte und Fachanwälte,2025-07-30T20:44:01.562Z
Rechtsanwaltsfachangestellte (m/w/d) und / oder Rechtsfachwirt (m/w/d),https://de.indeed.com/viewjob?jk=aa009b09bd31c425,Angelbachtal,Rudolf & Kollegen,2025-12-08T15:33:13.308Z
Sachbearbeiter (m/w/d) – Vorgerichtliche Forderungsbearbeitung,https://de.indeed.com/viewjob?jk=a8fb6c488db2a5b8,74074 Heilbronn,LIQUIDA Inkasso GmbH,2025-07-08T15:22:59.883Z
Rechtsanwaltsfachangestellte (m/w/d),https://de.indeed.com/viewjob?jk=9c2e13eadac62e0d,20099 Hamburg,Johannsen Rechtsanwälte PartG mbB,2026-03-30T11:15:17.657Z
Rechtsreferendar/-in (w/m/d),https://de.indeed.com/viewjob?jk=d906df439b595c9b,Hildesheim,"Oberlandesgericht Celle, Justiz Niedersachsen",2026-02-27T22:38:15.312Z
Rechtsanwaltsfachangestellte/r (m/w/d) gesucht – Vollzeit,https://de.indeed.com/viewjob?jk=2e8f9d3de8b0aa04,40474 Düsseldorf,KRIEGER MES,2026-04-23T16:20:02.439Z
Köln,https://de.indeed.com/viewjob?jk=39ede352414f054c,Köln,Lenz und Johlen Rechtsanwälte Partnerschaft mbB,2026-02-20T16:48:38.246Z
Rechtsanwalt/Rechtsanwältin (m/w/d),https://de.indeed.com/viewjob?jk=1080c6c26878faa2,94315 Straubing,SLD Schmid Lindheim Dirmeier Wirtschaftsprüfer Steuerberater Rechtsanwälte PartGmbB,2024-11-25T11:15:25.655Z
Rechtsanwaltsfachangestellte (w/m/d),https://de.indeed.com/viewjob?jk=fb90ac51e5bfb4a7,86633 Neuburg an der Donau,Notar Dr. Christian Fackelmann,2024-11-23T23:04:58.593Z
Rechtsanwaltsfachangestellter (m/w/d),https://de.indeed.com/viewjob?jk=f64338a5437ab5f2,Stuttgart,Becker Büttner Held,2026-03-30T20:53:21.860Z
Mitarbeiter/in (m/w/d) HR & Office Management,https://de.indeed.com/viewjob?jk=6ced4ca1821c0c57,Frankfurt am Main,Schalast & Partner Rechtsanwälte mbB,2026-03-16T18:32:40.350Z
Rechtsanwalt Sozialrecht (w/m/d),https://de.indeed.com/viewjob?jk=fb64a3f70543f161,64297 Darmstadt,Iffland Wischnewski Rechtsanwälte PartG mbB,2026-04-08T14:43:02.957Z
Rechtsanwaltsfachangestellte (m/w/d),https://de.indeed.com/viewjob?jk=4661ce50a40b1b90,10178 Berlin,Grawert PartmbB Rechtsanwälte,2026-04-09T09:34:37.365Z
Rechtsreferendar (m/w/d),https://de.indeed.com/viewjob?jk=7d55a0f86100026e,Ravensburg,Vetter Pharma-Fertigung GmbH & Co. KG,2024-11-24T07:51:58.216Z
RECHTSANWALTSFACHANGESTELLTE (m/w/d) Voll- oder Teilzeit für Frankfurt/Hamburg / Berlin,https://de.indeed.com/viewjob?jk=c426cddf515ecfbe,60329 Frankfurt am Main,Johannsen Rechtsanwälte PartG mbB,2026-04-17T10:44:40.203Z
Teamassistenz (m/w/d) Leitungsbüro,https://de.indeed.com/viewjob?jk=6099a3dfd8ddf8a7,59494 Soest,QUA-LiS NRW,2026-04-16T16:40:02.839Z
Referendare (w/m/d),https://de.indeed.com/viewjob?jk=f38aa6a3d77d5539,51429 Bergisch Gladbach,Bietmann Rechtsanwälte Steuerberater PartmbB,2026-02-28T03:08:55.946Z
Rechtsanwaltsfachangestellte (m/w/d),https://de.indeed.com/viewjob?jk=6b05fc5ee6a5f8db,16341 Panketal,Hand in Hand Alltagshelfer UG (haftungsbeschränkt),2026-04-01T19:13:18.692Z
Rechtsreferendar Wahlstation (m/w/d),https://de.indeed.com/viewjob?jk=a339cb02a2473b62,32339 Espelkamp,Naue GmbH & Co. KG,2026-02-26T08:51:23.516Z
Leiter (m/w/d) Wirtschaftsrecht,https://de.indeed.com/viewjob?jk=519320b860cbf2c4,Frankfurt am Main,WINHELLER GmbH,2026-02-27T18:15:01.450Z
Rechtsanwaltsfachangestellte(r) / Sekretär/in (m/w/d),https://de.indeed.com/viewjob?jk=7ff8fd1a4daeffab,66424 Homburg,Rechtsanwälte Gebhardt und Kollegen GdbR,2025-08-31T17:20:15.865Z
Rechtsanwaltsfachangestellte (m/w/d),https://de.indeed.com/viewjob?jk=97af8c2444e8b96c,10787 Berlin,"Schmidt, Schaum & Wilk Rechtsanwälte PartG mbB",2026-04-02T10:43:40.821Z
Referendar (m/w/x) Frankfurt,https://de.indeed.com/viewjob?jk=71688d8e6aaf509f,60311 Frankfurt am Main,DLA Piper,2025-05-26T20:04:36.591Z
Rechtsanwaltsfachangestellte oder Rechtsanwalts- und Notarfachangestellte (m/w/d),https://de.indeed.com/viewjob?jk=1543543a264e6ed6,31542 Bad Nenndorf,Böttcher & Dr. Borchers GbR,2026-04-14T12:36:13.958Z
Rechtsanwaltsfachangestellte (m/w/d) - Gleitarbeitszeit & bis zu 48.000 €,https://de.indeed.com/viewjob?jk=23252f003f91c12f,86899 Landsberg am Lech,Kanzlei HERR,2026-03-27T15:10:32.835Z
Rechtsanwalt (m/w/d) Allgemeines Energie- und Energiewirtschaftsrecht,https://de.indeed.com/viewjob?jk=a351bea174838330,Erfurt,Becker Büttner Held,2025-09-15T08:53:28.493Z
Rechtsanwaltsfachangestellte (m/w/d),https://de.indeed.com/viewjob?jk=08e0ec33c0c5d0bb,67059 Ludwigshafen am Rhein,Delta Inkasso GmbH,2026-04-15T09:51:59.633Z
Referent Recht / Volljurist (w/m/d),https://de.indeed.com/viewjob?jk=948a06e07b14bc6d,74613 Öhringen,Hohenloher Krankenhaus,2026-02-19T15:50:58.139Z
Rechtsanwaltsfachangestellte/r (m/w/d),https://de.indeed.com/viewjob?jk=d2c3bf19df68c698,99084 Erfurt,Kanzlei Voigt Rechtsanwalts GmbH,2026-03-06T14:31:23.141Z
Office Manager / Rechtsanwaltsfachangestellte (m/w/d),https://de.indeed.com/viewjob?jk=dff526c71abae753,63179 Obertshausen,EURICON GmbH & Co. KG Steuerberatungsgesellschaft,2026-03-06T20:17:25.983Z
Rechtsanwaltsfachangestellte (m/w/d),https://de.indeed.com/viewjob?jk=9f6c1e43208668ff,47119 Duisburg,Kanzlei NJP Grotstollen,2026-04-08T12:53:30.930Z
Rechtsanwalt (W/M/D) für Familienrecht Köln,https://de.indeed.com/viewjob?jk=aa4e75f6c966216f,50667 Köln,Bietmann Rechtsanwälte Steuerberater PartmbB,2026-02-23T14:04:46.851Z
Rechtsanwaltsfachangestellte/r (m/w/d),https://de.indeed.com/viewjob?jk=e3a5be95168b9f37,Mannheim,Pabst | Lorenz Partner PartG mbB,2024-12-16T12:32:58.480Z
Mitarbeiter/in Zwangsvollstreckung (m/w/d),https://de.indeed.com/viewjob?jk=1efd114e48995c57,Gießen,Helduser Richtberg GbR Rechtsanwälte - Notare - Fachanwälte,2026-04-07T18:31:40.155Z
Rechtsanwaltsfachangestellte (m/w/d),https://de.indeed.com/viewjob?jk=b83e415922417d0e,76756 Bellheim,Gehrlein & Kollegen GbR,2025-09-02T09:03:21.634Z
Legal Counsel (m/w/d) Fokus: internationales Wirtschaftsrecht,https://de.indeed.com/viewjob?jk=629c37d53ba18eae,83301 Traunreut,DR. JOHANNES HEIDENHAIN GmbH,2026-02-20T08:22:55.119Z
Volljuristin / Volljuristen (w/m/d),https://de.indeed.com/viewjob?jk=728d317e41ae701d,Ulm,Universitätsklinikum Ulm,2026-02-24T18:18:19.881Z
Inhouse-Jurist:in / Legal Counsel (m/w/d),https://de.indeed.com/viewjob?jk=03b219638e614a6c,Hannover,TÜV NORD AG,2026-02-05T04:56:58.356Z
Rechtsanwaltsfachangestellte (m/w/d) Schwerpunkt Mahn- und Vollstreckungswesen,https://de.indeed.com/viewjob?jk=3bc117cf3cd99a7d,35576 Wetzlar,"Unützer, Wagner, Werding Rechtsanwälte · Steuerberater Partnerschaftsgesellschaft mbB",2025-07-23T12:42:57.672Z
Assistenz (m/w/d) | Teilzeit,https://de.indeed.com/viewjob?jk=5929b8d638fcbcdc,Reichenbach im Vogtland,Kanzlei Labitzke,2026-02-25T13:27:38.253Z
Rechtsanwaltsfachangestellte (w/m/d) in Hamminkeln/Niederrhein,https://de.indeed.com/viewjob?jk=13239cc264f7a3b1,46499 Hamminkeln,HTM Meyer Venn & Partner,2025-07-04T12:48:22.419Z
Außendienst Vollstreckung/Vollziehungsbeamter Landkreis Konstanz (w/m/d),https://de.indeed.com/viewjob?jk=63b3a02b82bc4b4e,Konstanz,IKK classic,2026-04-20T12:39:41.227Z
Mitarbeiter*in im Vorzimmer,https://de.indeed.com/viewjob?jk=2e329af36376637c,Hattingen,Stadt Hattingen,2026-04-10T14:35:37.113Z
Jurist*innen mit 1. Staatsexamen (m/w/d),https://de.indeed.com/viewjob?jk=2e29d31661dd11e8,Berlin,Bundesministerium für Arbeit und Soziales,2026-02-27T07:22:21.362Z
Rechtsanwaltsfachangestellte/r (m/w/d),https://de.indeed.com/viewjob?jk=dd84a6c751a1c823,42103 Wuppertal,GKS Rechtsanwälte GbR,2026-04-14T02:24:00.997Z
Volljurist Vertriebsrecht (m/w/d),https://de.indeed.com/viewjob?jk=deea7755bbdb52fa,Köln,Zurich Insurance,2026-02-10T18:05:51.852Z
Unfallsachbearbeiter*in Schenefeld,https://de.indeed.com/viewjob?jk=14a78117316bde53,Schenefeld,vhh.mobility | Verkehrsbetriebe Hamburg-Holstein,2026-03-05T20:08:48.650Z
Senior Legal Counsel (m/w/d),https://de.indeed.com/viewjob?jk=2237e193ae181c8d,Hamburg,Eppendorf,2026-03-06T17:44:57.255Z
"Sachbearbeiter/in Innendienst (m,w,d)",https://de.indeed.com/viewjob?jk=707d42bda4451c13,18055 Rostock,Hanse- und Universitätsstadt Rostock,2026-04-10T10:32:46.119Z
Rechtsanwaltsfachangestellte (m/w/d),https://de.indeed.com/viewjob?jk=e8ddfd0c398f5bd7,21244 Buchholz in der Nordheide,Peters & Pallaske GbR Rechtsanwälte,2026-03-06T09:13:34.838Z
Rechtsanwalt/Rechtsanwältin (m/w/d),https://de.indeed.com/viewjob?jk=3d39c64534f98135,76185 Karlsruhe,Nonnenmacher Rechtsanwälte Part mbB,2026-03-30T12:08:47.127Z
Jurist / Syndikusanwalt (m/w/d) Arbeitsrecht,https://de.indeed.com/viewjob?jk=c2e50deece2a93cc,Haiger,Loh Services,2026-02-06T16:35:17.219Z
Sachbearbeitung Bürgerservice (m/w/d),https://de.indeed.com/viewjob?jk=2376cbaabb39833b,Schweinfurt,Landratsamt Schweinfurt,2026-04-08T14:49:39.709Z
Rechtsanwaltsfachangestellte/r (m/w/d),https://de.indeed.com/viewjob?jk=ce55221a4b9d3ee4,20354 Hamburg,Posikow Kehren Rechtsanwälte Partnerschaft mbB,2026-03-23T08:24:17.482Z
Rechtsreferendar (m/w/d),https://de.indeed.com/viewjob?jk=e4f2d933620d4ca0,Duisburg,PKF Fasselt Partnerschaft mbB,2025-12-29T13:57:05.580Z
Erfahrener Rechtsanwalt / Fachanwalt für Vergaberecht (m/w/d),https://de.indeed.com/viewjob?jk=e908d0d72eb66368,46117 Oberhausen,Aurantia Rechtsanwaltsgesellschaft Steuerberatungsgesellschaft mbH,2026-02-05T02:15:57.709Z
Rechtsanwaltsfachangestellte(r) m/w/d,https://de.indeed.com/viewjob?jk=f8641f139aa326ab,68161 Mannheim,Ax Rechtsanwälte,2025-08-18T15:51:25.664Z
Mitarbeiter/in Forderungsmanagement m/w/d,https://de.indeed.com/viewjob?jk=2159e080999b787f,Braunschweig,Voets Verwaltungsdienste GmbH,2026-01-15T15:45:46.950Z
Rechtsanwaltsfachangestellte/n / Rechtsanwaltsfachwirt/in,https://de.indeed.com/viewjob?jk=09237d8823b2f3a9,30880 Laatzen,"Rechtsanwälte & Notar Dr. Winfried Lippmann, Hennigs & Coll.",2026-04-02T14:06:30.600Z
Rechtsanwaltsfachangestellt:innen/Fachwirt:innen (m/w/d),https://de.indeed.com/viewjob?jk=330ab20276beff77,76185 Karlsruhe,Nonnenmacher Rechtsanwälte Part mbB,2026-03-30T12:08:47.127Z
Team-Assistenz (m/w/d),https://de.indeed.com/viewjob?jk=8be28610e813e074,Berlin,c.r.p. law. partnerschaft mbb,2025-07-31T14:37:35.458Z
Volljurist (m/w/d),https://de.indeed.com/viewjob?jk=3012cf7934b60187,73431 Aalen,LGG Steuerberatung GmbH,2025-03-18T17:52:34.851Z
Rechtsanwaltsfachangestellte/n oder Rechtsfachwirt/in (m/w/d),https://de.indeed.com/viewjob?jk=e1128545acb565e5,50226 Frechen,Kanzlei Müller & Partner PartG mbB,2024-11-25T00:58:01.431Z
Erfahrener Rechtsanwalt / Fachanwalt für Bau- und Architektenrecht (m/w/d),https://de.indeed.com/viewjob?jk=5b6470475f9dab9b,46117 Oberhausen,Aurantia Rechtsanwaltsgesellschaft Steuerberatungsgesellschaft mbH,2026-02-05T02:16:24.136Z
Rechtsanwaltsfachangestellte:r (m/w/d),https://de.indeed.com/viewjob?jk=5b5d8e6562ed0b9c,90449 Nürnberg,KSR | Kanzlei Siegfried Reulein,2025-05-18T16:56:24.605Z
Junior Syndikusanwalt / Volljurist / Legal Councel (m|w|d),https://de.indeed.com/viewjob?jk=231f77edc3194211,Frankfurt am Main,DZ PRIVATBANK S.A.,2026-03-02T04:06:47.592Z
Volljuristin / Volljurist (w/m/d) im Personalreferat (Kennziffer A/Z3/9),https://de.indeed.com/viewjob?jk=068b712ca2f5c224,Augsburg,Bayerisches Landesamt für Umwelt,2026-03-31T14:59:32.591Z
"Senior Legal Counsel (m/w/d), Legal & Risk I Core Operations",https://de.indeed.com/viewjob?jk=d9e2d14e9863581a,60325 Frankfurt am Main,"FTI Consulting, Inc.",2026-02-19T18:13:35.844Z
Legal Counsel (m/w/d),https://de.indeed.com/viewjob?jk=7bc35170f3c724e2,Grasbrunn,Lactalis Deutschland GmbH,2026-03-02T22:45:27.409Z
Legal Counsel Vertriebsrecht (m/w/d),https://de.indeed.com/viewjob?jk=dbd2b0196e5392ec,Düsseldorf,ERGO,2026-03-06T18:19:12.381Z
Rechtsanwaltsfachangestellte*r (m/w/d),https://de.indeed.com/viewjob?jk=90f1da69d1f9d0ea,36466 Dermbach,MSN-Rechtsanwaltsgesellschaft mbH,2026-02-17T03:25:41.223Z
Rechtsanwalt (W/M/D) für Erbrecht Köln,https://de.indeed.com/viewjob?jk=34b6ea352d627844,50667 Köln,Bietmann Rechtsanwälte Steuerberater PartmbB,2026-02-23T14:04:24.155Z
Rechtsanwaltsfachangestellte(r) (w/m/d),https://de.indeed.com/viewjob?jk=a6b0a0962b26d9d0,44269 Dortmund,Kloth Versicherungsrecht,2025-10-21T12:17:06.314Z
Volljuristen (m/w/d),https://de.indeed.com/viewjob?jk=f4cb4c2b07510da1,Deutschland,Notare am Gänsemarkt,2026-01-28T13:17:57.235Z
Teamleitung Recht (m/w/d) / Head of Legal (m/w/d),https://de.indeed.com/viewjob?jk=731fffa652e7b739,Freiburg,JobRad Leasing GmbH,2026-02-25T15:40:45.729Z
juristischen Mitarbeiter(-in) / Jurist(-in) (m/w/d) in Teil- oder Vollzeit,https://de.indeed.com/viewjob?jk=738cec73441045d2,Erkelenz,HBI Europe GmbH,2026-02-26T22:47:23.771Z
"Associates | Investigations, Compliance & Ethics | München",https://de.indeed.com/viewjob?jk=1a4bb5ce4c00933b,München,Baker McKenzie,2026-01-28T12:08:39.436Z
Abwicklungsspezialist (m/w/d),https://de.indeed.com/viewjob?jk=e6f1e5b242d48aca,Radolfzell am Bodensee,Volksbank Bodensee-Oberschwaben eG,2025-12-01T06:10:35.285Z
Rechtsanwalt (m/w/d) Wirtschaftsrecht & Energierecht Mit Aussicht auf Partnerschaft,https://de.indeed.com/viewjob?jk=7054cd07f50adf97,97076 Würzburg,WPV Rechtsanwaltsgesellschaft mbH,2026-01-13T11:50:24.179Z
Verbandsjurist / Volljurist (m/w/d),https://de.indeed.com/viewjob?jk=201576291512c655,10117 Berlin,Deutscher Bauernverband e.V.,2025-11-12T17:41:25.290Z
Volljurist:in mit Schwerpunkt Arbeitsrecht (w/m/d) Kelsterbach,https://de.indeed.com/viewjob?jk=f3ed3961a3acc93d,Kelsterbach,I-SEC,2026-02-17T13:54:33.999Z
Teilnehmer (m/w/d) Roser Summer School (Karriere-Event),https://de.indeed.com/viewjob?jk=922b95d4c44ff55a,Hamburg,Roser Rechtsanwaltsgesellschaft mbH,2026-04-08T19:02:03.681Z
Rechtsanwaltsfachangestellter (m/w/d),https://de.indeed.com/viewjob?jk=bbe70c02ce05686b,Fürth,Dr. SchwarzPartners GmbH,2026-03-06T11:03:19.156Z
Rechtsanwaltsfachangestellter (m/w/d),https://de.indeed.com/viewjob?jk=9345b6ae80823c96,32052 Herford,LTS Rechtsanwälte • Wirtschaftsprüfer • Steuerberater Partnerschaft mbB,2026-03-23T21:10:17.768Z
"Syndikusrechtsanwalt / Legal Counsel (m/w/d) (Teilzeit, 20 Std./Woche)",https://de.indeed.com/viewjob?jk=67e5463ac419e877,46325 Borken,Deutsche Glasfaser,2026-03-10T11:52:55.221Z
Rechtsanwalt (m/w/d) im Verwaltungsrecht,https://de.indeed.com/viewjob?jk=ec393d8ba924d85c,18057 Rostock,Geiersberger Glas & Partner mbB Rechtsanwälte,2026-04-02T14:02:47.567Z
Rechtsanwalt für Arbeitsrecht (m/w/d),https://de.indeed.com/viewjob?jk=e2ddadf8bcebfbeb,99817 Eisenach,Gerlach Hünlein Rechtsanwaltsgesellschaft mbH,2025-10-13T16:10:53.425Z
Rechtsanwalt (W/M/D) Vollzeit in Mülheim/Ruhr inkl. Prozessführung,https://de.indeed.com/viewjob?jk=fed413977c64b8a9,45468 Mülheim an der Ruhr,Rechtsanwälte & Notar Dr. Keller,2024-11-28T17:22:52.291Z
Rechtsanwalts- und Notarfachangestellte (m/w/d),https://de.indeed.com/viewjob?jk=e38697be3188493d,06528 Wallhausen,Unternehmensverbund WM Agrar,2026-03-05T21:59:06.997Z
Wissenschaftlicher Mitarbeiter (m/w/d) Regulatory,https://de.indeed.com/viewjob?jk=d59bb25681df10ba,Berlin,ARQIS,2026-02-27T13:17:15.377Z
rechtsanwaltsfachangestellte/r (m/w/d) in weißenburg i. bay.,https://de.indeed.com/viewjob?jk=8928d5b3579cf321,91781 Weißenburg in Bayern,meyerhuber rechtsanwälte partnerschaft mbb,2026-03-06T07:51:01.606Z
Rechtsanwalt mit Interessenschwerpunkt Steuerrecht/Steuerstrafrecht (m/w/d),https://de.indeed.com/viewjob?jk=56f82e273eea7b28,21337 Lüneburg,"Wöbken, Braune & Kollegen GbR",2026-01-08T15:10:23.743Z
Sachbearbeiter Regelinsolvenzverfahren (m/w/d),https://de.indeed.com/viewjob?jk=c7aae094a4d47570,60323 Frankfurt am Main,Reimer Rechtsanwälte,2026-03-31T16:10:36.473Z
Rechtsanwaltsfachangestellte/r (m/w/d),https://de.indeed.com/viewjob?jk=46aab525914dd2cd,10117 Berlin,Rexlegal,2024-11-30T17:07:15.610Z
Rechtsreferendar/-in (w/m/d),https://de.indeed.com/viewjob?jk=57f2b473d88f322e,Stade,"Oberlandesgericht Celle, Justiz Niedersachsen",2025-05-02T14:32:38.340Z
Justizfachangestellter / Rechtsanwaltsfachangestellter (m/w/d),https://de.indeed.com/viewjob?jk=953907aed234e83d,61118 Bad Vilbel,Bad Homburger Inkasso GmbH,2024-12-01T16:36:34.740Z
Compliance Associates I Senior Associates,https://de.indeed.com/viewjob?jk=b1ee9345a4f8fa3f,80538 München,pikepartners. Rechtsanwaltsgesellschaft mbH,2026-04-09T07:06:02.120Z
Rechtsanwalts- und Notarfachangestellte (m/w/d),https://de.indeed.com/viewjob?jk=516a9dbcd9f13c6a,16515 Oranienburg,Märkischer Sozialverein e. V.,2026-04-15T10:07:23.866Z
Rechtsreferendar Wahlstation (m/w/d),https://de.indeed.com/viewjob?jk=797fc82090efde25,32339 Espelkamp,Naue GmbH & Co. KG,2026-02-28T05:06:08.684Z
Wissenschaftlicher Mitarbeiter (m/w/x) München,https://de.indeed.com/viewjob?jk=0a2137eab3fb4c39,80539 München,DLA Piper,2025-05-26T20:04:39.681Z
Sachbearbeiter Staatsangehörigkeitsrecht (männlich/weiblich/divers) im Einwohnermeldeamt,https://de.indeed.com/viewjob?jk=40d65b92f3db0dae,Gera,Stadtverwaltung Gera,2026-04-08T19:14:08.700Z
Rechtsanwaltsfachangestellte (m/w/d),https://de.indeed.com/viewjob?jk=b11f4e4421af5093,53111 Bonn,BRRS Rechtsanwälte,2026-02-27T19:15:55.725Z
Notarfachangestellte (m/w/d),https://de.indeed.com/viewjob?jk=b55896bfb9d534a7,99084 Erfurt,Notar Alexander Beck,2026-04-12T12:57:45.802Z
Rechtsanwalt (m/w/d) für die Bereiche Energierecht und Gesellschaftsrecht,https://de.indeed.com/viewjob?jk=7738b28238d8469d,18057 Rostock,Geiersberger Glas & Partner mbB Rechtsanwälte,2026-04-02T14:01:24.865Z
Wissenschaftlicher Mitarbeiter (m/w/d),https://de.indeed.com/viewjob?jk=a44b731cfb0b84bd,50668 Köln,BLD Bach Langheid Dallmayr,2025-04-16T14:34:07.855Z
Sachbearbeiter (m/w/d),https://de.indeed.com/viewjob?jk=79df8655e9df85c0,22083 Hamburg,Rechtsanwälte – Wirtschaftsprüfer Steuerberater – Insolvenzverwalter,2025-02-01T14:36:08.829Z
Wissenschaftliche Mitarbeit im Bereich Restrukturierung & Insolvenz,https://de.indeed.com/viewjob?jk=6c0f2769bb419f47,Hamburg,CMS Hasche Sigle Partnerschaft von Rechtsanwälten und Steuerberatern mbB,2025-08-27T05:57:57.380Z
Sachbearbeiter/-in Zulassungsbehörde (m/w/d),https://de.indeed.com/viewjob?jk=4d8ead87c49cf347,Brandenburg an der Havel,Landesregierung Brandenburg,2026-04-09T08:25:33.845Z
Bielefeld · Rechtsanwaltsfachangestellte (m/w/d) bzw. Rechtsanwalts- und Notarfachangestellte (m/w/d),https://de.indeed.com/viewjob?jk=a1c0b97b205cea82,33602 Bielefeld,BRANDI Rechtsanwälte Partnerschaft mbB,2026-02-10T23:04:41.247Z
Erfahrene Insolvenzsachbearbeiter (m/w/d),https://de.indeed.com/viewjob?jk=6fa05e6fd4177425,33330 Gütersloh,KJP GbR,2026-02-11T02:03:53.469Z
Rechtsanwaltsfachangestellte (m/w/d),https://de.indeed.com/viewjob?jk=ce0658e86d0c8847,Linnich,Rechtsanwälte Koof & Kollegen,2024-11-23T17:15:51.499Z
Sachbearbeiter:in (m/w/d) für Schadensbearbeitung und Forderungsmanagement,https://de.indeed.com/viewjob?jk=f523055d2ccf6185,52070 Aachen,STAWAG – Stadt- und Städteregionswerke Aachen AG,2026-04-16T09:25:06.881Z
Schulsekretär*innen (m/w/d),https://de.indeed.com/viewjob?jk=315f9cdf83f1502a,52062 Aachen,Stadt Aachen,2026-04-09T14:20:13.381Z
Sachbearbeitung Liegenschaften (m/w/d),https://de.indeed.com/viewjob?jk=ffe746647441e939,41515 Grevenbroich,Stadt Grevenbroich,2026-04-13T15:14:08.860Z
Rechtsanwaltsfachangestellte (m/w/d) in Teilzeit,https://de.indeed.com/viewjob?jk=e3ee19a9702184db,46242 Bottrop,ResNova Rechtsanwälte Partnerschaftsgesellschaft mbB,2026-03-02T18:24:53.948Z
Sachbearbeiter (m/w/d) Forderungsmanagement,https://de.indeed.com/viewjob?jk=ec29701813a78555,Magdeburg,BKK Landesverband Mitte,2026-04-20T11:19:11.989Z
Rechtsanwaltsfachangestellte / Anwaltssekretär (m/w/d),https://de.indeed.com/viewjob?jk=76435963993074fe,14469 Potsdam,NORDEMANN,2026-03-23T13:02:37.956Z
Sekretär/in (m/w/d),https://de.indeed.com/viewjob?jk=995784450acc15c4,03051 Cottbus,Buchführungsdienst der Bayerischen Jungbauernschaft e.V.,2026-03-24T16:31:33.184Z
Verwaltungskraft | Assistenz Geschäftsführung,https://de.indeed.com/viewjob?jk=7f8bb475ac8761bd,Deutschland,medaceum gmbh,2024-11-30T19:35:28.879Z
"Eine gut eingeführte Anwaltskanzlei mit einem Team aus drei Berufsträgern, Rechtsanwaltsfachangestellten und Sachbearbeitern sucht Unterstützung.",https://de.indeed.com/viewjob?jk=b543aa60e48920cd,Henningsdorf,Bergsdorf Rechtsanwälte,2025-08-05T01:16:52.560Z
Rechtsanwaltsfachangestellte (m/w/d) in Vollzeit oder Teilzeit,https://de.indeed.com/viewjob?jk=3926aaebbd6f9e06,Münster,Möllenhoff Rechtsanwälte,2025-09-10T11:12:56.612Z
Insolvenzsachbearbeiter (m/w/d),https://de.indeed.com/viewjob?jk=4635ae5b74cf21c5,44141 Dortmund,Streitbörger PartGmbB,2024-12-09T16:01:23.541Z
Insolvenzsachbearbeiter (m/w/d),https://de.indeed.com/viewjob?jk=5a500bbbbd4b892e,34131 Kassel,Römermann Rechtsanwälte,2026-03-03T09:07:26.616Z
Auszubildende(r) zur/zum Rechtsanwaltsfachangestelle(n),https://de.indeed.com/viewjob?jk=04e12c2d9e737e32,90482 Nürnberg,Haas & Coll. Anwaltskanzlei,2025-03-20T12:36:46.422Z
ab sofort Rechtsanwaltsfachangestellte (d/w/m) - unbefristet,https://de.indeed.com/viewjob?jk=721463574a453880,Bautzen,Rechtsanwalt Jens Reime,2026-04-09T14:56:43.202Z
Sekretariatsleitung (m/w/d),https://de.indeed.com/viewjob?jk=415138719d2d59f8,69469 Weinheim,GE/CON GmbH,2026-03-25T16:05:41.802Z
Personalfachkraft (m/w/d) – HR Allrounder,https://de.indeed.com/viewjob?jk=7a5e15fb41dc9a4e,67258 Heßheim,Herbert Willersinn Straßenbaustoffe GmbH & Co. KG,2026-03-03T07:15:22.684Z
"Rechtsanwaltsfachangestellte/r (w/m/d) In Vollzeit, zum nächstmöglichen Zeitpunkt.",https://de.indeed.com/viewjob?jk=7f00689e93c20c66,63739 Aschaffenburg,Rechtsanwalt Günter Bach,2026-02-12T20:37:31.187Z
ReFa / Rechtsanwaltsfachangestellter (m/w/d) | Vollzeit oder Teilzeit | Remote-Option,https://de.indeed.com/viewjob?jk=4a27ea04d9636b6f,Reichenbach im Vogtland,Kanzlei Labitzke,2026-02-25T13:27:37.649Z
Schuldner- und Insolvenzberater (m/w/d),https://de.indeed.com/viewjob?jk=109f4435e71e59ab,15306 Seelow,Diakonisches Werk Oderland – Spree e.V.,2026-03-06T23:04:22.497Z
Pforzheim: Rechtsanwaltsfachangestellter (m/w/d),https://de.indeed.com/viewjob?jk=2f183459e2af1945,Pforzheim,Sozialverband VdK Baden-Württemberg e.V.,2025-11-25T11:52:04.600Z
TeamassistentIn (m/w/d),https://de.indeed.com/viewjob?jk=8b488e79ecc498c5,85540 Haar,C. Gielisch GmbH,2025-07-30T15:32:40.376Z
Assistenz / Teamassistenz (m/w/d),https://de.indeed.com/viewjob?jk=44cb036927fe52f8,Hamburg,Flick Gocke Schaumburg,2026-02-27T11:19:33.311Z
Assistent:in in der Rechtsabteilung (w/m/d) Kelsterbach,https://de.indeed.com/viewjob?jk=71fbc5f30dcfd620,Kelsterbach,I-SEC,2025-09-12T14:54:48.817Z
Rechtsanwältin / Rechtsanwalt (m/w/d),https://de.indeed.com/viewjob?jk=fd23e4b25a3e3e30,90491 Nürnberg,Rechtsanwälte Dr. Beckstein und Kollegen Partnerschaft mbB,2026-04-02T10:02:27.321Z
Teamassistenz im Bereich Insolvenzverwaltung / Insolvenzsachbearbeiter (m/w/d),https://de.indeed.com/viewjob?jk=c28df452a8128bb2,70178 Stuttgart,GÖRG Partnerschaft von Rechtsanwälten mbB,2025-06-16T21:20:18.323Z
Rechtsanwaltsfachangestellte (m/w/d) Rechtsabteilung | Immobilien,https://de.indeed.com/viewjob?jk=d491713219cd9b08,22529 Hamburg,Wentzel Dr. GmbH,2026-03-05T14:11:47.161Z
Rechtsanwälte (m/w/d),https://de.indeed.com/viewjob?jk=0101b9794f189b3b,Stuttgart,CMS Hasche Sigle Partnerschaft von Rechtsanwälten und Steuerberatern mbB,2025-09-29T13:16:21.970Z
Rechtsreferendar für die Wahlstation (m/w/d),https://de.indeed.com/viewjob?jk=6989711ec22b9753,Köln,Ströer SE & Co. KGaA,2025-10-29T18:03:40.421Z
Insolvenzsachbearbeiterin (m/w/d),https://de.indeed.com/viewjob?jk=35bfe75711e78e90,50679 Köln,GÖRG Partnerschaft von Rechtsanwälten mbB,2025-06-16T21:28:02.258Z
Auszubildende/n zur/m Rechtsanwaltsfachangestellten (m/w/d),https://de.indeed.com/viewjob?jk=b57eeda5067c707c,Lutherstadt Wittenberg,Rechtsanwälte Buse GbR,2026-02-27T07:22:53.642Z
Teamassistenz (w/m/d) Vollzeit oder Teilzeit.,https://de.indeed.com/viewjob?jk=f8936493e695fc25,Frankfurt am Main,BUSE Rechtsanwälte Steuerberater Partnerschaftsgesellschaft mbB,2026-02-09T15:29:44.600Z
Volljurist als Syndikusrechtsanwalt (m/w/d),https://de.indeed.com/viewjob?jk=bb28d42e52714f73,22761 Hamburg,Zeppelin Power Systems GmbH,2026-03-24T19:16:41.450Z
Volljurist / Syndikusrechtsanwalt (m/w/d),https://de.indeed.com/viewjob?jk=12d3fc35e59a2f28,Frankenthal,KSB SE & Co. KGaA,2026-03-05T18:27:59.802Z
Backoffice / Frontoffice Liegenschaften,https://de.indeed.com/viewjob?jk=15851ca5d4bb7582,Eisenach,DMT Engineering Surveying GmbH & Co. KG,2025-06-25T17:56:24.441Z
Kfm. Mitarbeiter als Assistenz der Personalabteilung TZ 25-30 Std. (m/w/d),https://de.indeed.com/viewjob?jk=e221888e721d9755,Lippstadt,Gesellschaft für schlüsselfertigen Industriebau Lippstadt + Geseke mbH,2025-10-14T20:00:45.132Z
Assistenz (m/w/x) München,https://de.indeed.com/viewjob?jk=bd38dce363e4367c,80539 München,DLA Piper,2025-04-29T19:49:03.770Z
Wissenschaftliche Mitarbeiterin / wissenschaftlicher Mitarbeiter (m/w/d),https://de.indeed.com/viewjob?jk=c0063ea50dd77204,Hamburg,White & Case LLP,2026-02-27T21:51:48.590Z
Justiziar / Syndikusrechtsanwalt (m/w/d),https://de.indeed.com/viewjob?jk=3c53c3f90004a41a,Deutschland,Joh. Wilh. von Eicken GmbH,2025-11-12T17:11:26.839Z
Berufseinsteiger/Rechtsanwalt (m/w/d) HR.Law,https://de.indeed.com/viewjob?jk=f2c5d9c075758498,Düsseldorf,ARQIS,2026-02-27T08:37:32.586Z
Rechtsreferendar/-in (w/m/d),https://de.indeed.com/viewjob?jk=d906df439b595c9b,Hildesheim,"Oberlandesgericht Celle, Justiz Niedersachsen",2026-02-27T22:38:15.312Z
Rechtsanwaltsfachangestellte (m/w/d),https://de.indeed.com/viewjob?jk=9f6c1e43208668ff,47119 Duisburg,Kanzlei NJP Grotstollen,2026-04-08T12:53:30.930Z
Rechtsanwalt im Bankrecht − Distressed Debt (m/w/d) Standort Düsseldorf,https://de.indeed.com/viewjob?jk=a5b244c837606751,40549 Düsseldorf,Buchalik Brömmekamp,2026-02-28T16:17:43.294Z
Referendariat,https://de.indeed.com/viewjob?jk=498ba480c21ad41a,79110 Freiburg,Heilshorn Mock Edelbluth Rechtsanwälte Partnerschaft mbB,2025-08-27T09:09:56.181Z
Master of Taxation (m/w/d),https://de.indeed.com/viewjob?jk=7a08f94e5c938268,Isny im Allgäu,"Rinninger & Partner mbB, Steuerberater und Rechtsanwalt",2025-01-08T11:28:52.874Z
Rechtsanwalt,https://de.indeed.com/viewjob?jk=268ba8e51a1818cd,30880 Laatzen,"Rechtsanwälte & Notar Dr. Winfried Lippmann, Hennigs & Coll.",2026-04-02T14:06:34.654Z
Legal Council / Volljurist(in) für Arbeitsrecht und Betriebsratsbeziehungen (alle Geschlechter) – befristet bis 31.08.2027,https://de.indeed.com/viewjob?jk=d43af4e13dadaa80,10587 Berlin,MBition GmbH,2025-11-26T11:44:17.305Z
Volljurist / Syndikusanwalt (m/w/d),https://de.indeed.com/viewjob?jk=d542aca97ab7a1ca,Görlitz,Deloitte GmbH,2026-03-02T17:02:17.497Z
Jurist für Regulation & Policy (w|m|d),https://de.indeed.com/viewjob?jk=7478e1cc658b8292,Weßling,ADAC Allgemeiner Deutscher Automobil Club,2026-01-27T17:28:52.128Z
Syndikusrechtsanwältin / Syndikusrechtsanwalt - Rechtsanwältin / Rechtsanwalt (w/m/d),https://de.indeed.com/viewjob?jk=2aa975f9a584b2c8,52428 Jülich,Forschungszentrum Jülich GmbH,2026-04-01T08:18:13.207Z
Volljurist (m/w/d),https://de.indeed.com/viewjob?jk=7bbd0fd362b500f9,Herten,AGR Gruppe,2026-03-27T15:55:29.948Z
Volljurist für Arbeitsrecht (m/w/d),https://de.indeed.com/viewjob?jk=91832dcb7af16a29,88046 Friedrichshafen,ZF,2026-04-08T11:15:40.532Z
Syndikusrechtsanwalt / Volljurist (m/w/d),https://de.indeed.com/viewjob?jk=77910d5cdfedc287,90766 Fürth,Dr. Schuhmann Gruppe,2024-11-25T11:15:08.558Z
Leitung Grundsatzfragen (w/m/d),https://de.indeed.com/viewjob?jk=a1ca3978a2182b95,10179 Berlin,Berliner Wasserbetriebe,2026-03-30T13:38:35.479Z
Volljuristin / Volljurist (w/m/d) im Personalreferat (Kennziffer A/Z3/9),https://de.indeed.com/viewjob?jk=92dc7b1e871b6540,95030 Hof,Bayerisches Landesamt für Umwelt,2026-03-31T14:59:32.579Z
Volljurist*in (m/w/d),https://de.indeed.com/viewjob?jk=4acefcd36929baba,26382 Wilhelmshaven,Stadt Wilhelmshaven,2026-04-09T15:47:45.790Z
Jurist (m/w/d) Vertrags- und Wirtschaftsrecht,https://de.indeed.com/viewjob?jk=c000a53b29638387,Haiger,Loh Services,2025-11-14T10:36:20.829Z
Volljurist (m/w/d) Arbeitsrecht,https://de.indeed.com/viewjob?jk=b973f0ee13c93019,Münster,Ratiodata SE,2026-02-27T19:36:02.769Z
Legal Counsel (m/w/d) Animal Health,https://de.indeed.com/viewjob?jk=b7e1bc9aa75fb4ad,Straße,BI Corporate Center GmbH,2025-12-13T02:33:06.735Z
Graduate Specialist Program (Trainee) - Arbeitsrecht,https://de.indeed.com/viewjob?jk=59b9cae21e7bb247,97816 Lohr,Rexroth,2025-12-15T15:31:58.409Z
Jurist / Volljurist (m/w/d) Baurecht und Vertragsrecht,https://de.indeed.com/viewjob?jk=f749e2cb1d6828ce,Karlsruhe,sanierungsprofi GmbH,2025-05-21T14:47:03.227Z
Volljurist (m/w/d) – Schwerpunkt Arbeitsrecht,https://de.indeed.com/viewjob?jk=da2de5665368d75f,19348 Perleberg,Kreiskrankenhaus Prignitz gemeinnützige GmbH,2026-01-22T20:01:17.440Z
Volljuristen/innen (m/w/d),https://de.indeed.com/viewjob?jk=4dffb2dde607aac9,München,"Bayerisches Staatsministerium für Wirtschaft, Landesentwicklung und Energie",2026-01-21T08:26:08.910Z
Volljurist (m/w/d),https://de.indeed.com/viewjob?jk=211e3265247c7c30,79426 Buggingen,PEARL GmbH,2025-12-04T20:13:49.523Z
Senior Legal Counsel (m/w/d),https://de.indeed.com/viewjob?jk=05a1b188a8f29000,Kassel,SMA Solar Technology AG,2025-12-06T10:42:56.881Z
"Volljurist im Kartell-, Wettbewerbs-, Wirtschafts- und Zivilrecht (m/w/d) in Teilzeit ab 20 Std./Woche",https://de.indeed.com/viewjob?jk=e8650b2e2cbbc8e4,Essen,NOWEDA Apothekergenossenschaft eG,2026-01-20T14:22:18.198Z
Senior Legal Counsel (m/w/d) / Syndikusrechtsanwalt (m/w/d),https://de.indeed.com/viewjob?jk=3b71ac774fc20f49,Bad Ems,Löwenstein Medical SE & Co. KG,2026-01-26T22:00:23.860Z
Jurist / Wirtschaftsjurist (m/w/d),https://de.indeed.com/viewjob?jk=bf7e4233456a59c0,Herten,AGR Gruppe,2026-03-27T15:55:29.360Z
Volljurist - Schwerpunkt Zivil- und Wirtschaftsrecht (m/w/d),https://de.indeed.com/viewjob?jk=59b80201a06b1a6c,58640 Iserlohn,Schlüter-Systems KG,2025-12-19T16:07:02.400Z
Staatsanwältin / Staatsanwalt (m/w/d) für den Bezirk der Generalstaatsanwaltschaft Hamm (Volljuristinnen und Volljuristen),https://de.indeed.com/viewjob?jk=b0a9bd8d05917700,59065 Hamm,Justiz NRW,2026-01-03T10:51:17.186Z
Fachkraft Beiträge/Insolvenz &  Forderungsmanagement (w/m/d),https://de.indeed.com/viewjob?jk=abdbb28f123cc4d9,45657 Recklinghausen,IKK classic,2026-04-10T12:39:25.980Z
Justizfachwirt (m/w/d),https://de.indeed.com/viewjob?jk=b9325cb5a4243115,Stendal,Landesportal Sachsen-Anhalt,2026-03-13T18:00:37.621Z
Manager (m/w/d),https://de.indeed.com/viewjob?jk=138a527135d86800,Hamburg,SIGNAL IDUNA,2026-03-26T11:32:52.949Z
Rechtsanwaltsfachangestellte (m/w/d),https://de.indeed.com/viewjob?jk=ba5364ccafbe5ad8,49809 Lingen,Streitbörger PartGmbB,2025-08-13T17:01:22.453Z
Rechtsanwaltsfachangestellte (m/w/d),https://de.indeed.com/viewjob?jk=dfd8b6fa78e6add9,Bamberg,AfA Rechtsanwälte Frankfurt,2026-04-02T08:30:18.755Z
Außendienst Vollstreckung/Vollziehungsbeamter Landkreis Konstanz (w/m/d),https://de.indeed.com/viewjob?jk=63b3a02b82bc4b4e,Konstanz,IKK classic,2026-04-20T12:39:41.227Z
Rechtsanwaltsfachangestellter / Rechtsfachwirt (m/w/d),https://de.indeed.com/viewjob?jk=3dd96034a06a60d6,Hamburg,ECOVIS Webservice GmbH,2026-04-13T13:51:22.269Z
Rechtsanwaltsfachangestellte(r) / Sekretär/in (m/w/d),https://de.indeed.com/viewjob?jk=7ff8fd1a4daeffab,66424 Homburg,Rechtsanwälte Gebhardt und Kollegen GdbR,2025-08-31T17:20:15.865Z
Schadensachbearbeiter (m/w/d),https://de.indeed.com/viewjob?jk=250de76fb4010815,Deutschland,Pickartz Rechtsanwaelte,2026-03-23T19:44:51.680Z
"Juristische/r Fachangestellte/r, Rechtsanwaltsfachangestellte/r",https://de.indeed.com/viewjob?jk=ac08a07f43ae4329,Neuseddin,Maltry Rehatechnik GmbH & Co. KG,2025-04-17T03:58:28.677Z
Rechtsanwaltsfachangestellte/r (m/w/d),https://de.indeed.com/viewjob?jk=090f0987bf7c29e9,08525 Plauen,Augustin & Krückel Rechtsanwälte und Fachanwälte,2025-07-30T20:44:01.562Z
Rechtsanwaltsfachangestellte (m/w/d),https://de.indeed.com/viewjob?jk=1efcc2c68be3da6c,40211 Düsseldorf,ITMR Rechtsanwälte GbR,2025-11-02T08:27:20.736Z
Sachbearbeitung Wohngeld (w/m/d),https://de.indeed.com/viewjob?jk=8a652f765c4cc95e,52146 Würselen,Rathaus der Stadt Würselen,2026-04-20T17:28:42.436Z
Rechtsanwaltsfachangestellte(n) / Rechtsanwalts- und Notarfachangestellte(n),https://de.indeed.com/viewjob?jk=2fc5b60482ffb172,Celle,Raßmann + Partner GmbH Steuerberatungsgesellschaft,2025-10-25T13:57:36.492Z
Rechtsanwaltsfachangestellter (m/w/d),https://de.indeed.com/viewjob?jk=f5902f3099fb6430,Vogtlandkreis,Industriepersonalservice GmbH,2026-03-19T07:23:10.154Z
Justizbeschäftigter (m/w/d),https://de.indeed.com/viewjob?jk=94a131791bb0b4e8,56112 Lahnstein,Staatskanzlei Rheinland-Pfalz,2026-03-20T23:59:31.126Z
Bürovorsteher(in) (m/w/d),https://de.indeed.com/viewjob?jk=071d4e52091eaaa1,66424 Homburg,Rechtsanwälte Gebhardt und Kollegen GdbR,2025-08-31T17:20:15.922Z
Rechtsanwaltsfachangestellt:innen/Fachwirt:innen (m/w/d),https://de.indeed.com/viewjob?jk=330ab20276beff77,76185 Karlsruhe,Nonnenmacher Rechtsanwälte Part mbB,2026-03-30T12:08:47.127Z
Rechtsanwaltsfachangestellte (w/m/d),https://de.indeed.com/viewjob?jk=fb90ac51e5bfb4a7,86633 Neuburg an der Donau,Notar Dr. Christian Fackelmann,2024-11-23T23:04:58.593Z
Mitarbeiter*in im Vorzimmer,https://de.indeed.com/viewjob?jk=2e329af36376637c,Hattingen,Stadt Hattingen,2026-04-10T14:35:37.113Z
Geschäftsstelle der Gleichstellungsbeauftragten (m/w/d),https://de.indeed.com/viewjob?jk=858374e6d1ed29f4,24106 Kiel,Wasserstraßen- und Schifffahrtsamt Weser,2026-04-03T07:24:26.630Z
Rechtsanwaltsfachangestellte (m/w/d),https://de.indeed.com/viewjob?jk=b83e415922417d0e,76756 Bellheim,Gehrlein & Kollegen GbR,2025-09-02T09:03:21.634Z
Rechtsanwaltsfachangestellte (m/w/d) und / oder Rechtsfachwirt (m/w/d),https://de.indeed.com/viewjob?jk=aa009b09bd31c425,Angelbachtal,Rudolf & Kollegen,2025-12-08T15:33:13.308Z
Rechtsanwaltsfachangestellte (m/w/d),https://de.indeed.com/viewjob?jk=868ef673f08bd97c,Bielefeld,Rechtsanwaltskanzlei Bino Akin,2025-08-21T09:13:52.283Z
rechtsanwaltsfachangestellte (m/w/d),https://de.indeed.com/viewjob?jk=7471d61d10ff7995,Memmingen,Menz & Partner Rechtsanwälte Steuerberater,2026-04-08T13:05:16.954Z
Sachbearbeiter (m/w/d) Handwerksrolle,https://de.indeed.com/viewjob?jk=47e634d2ed3cd9e6,50667 Köln,Handswerkskammer zu Köln,2026-03-04T14:36:35.586Z
Rechtsanwalt (m/w/div.),https://de.indeed.com/viewjob?jk=e931ffa11e5440ac,66994 Dahn,Thomas Maier & Partner,2025-04-08T17:15:58.185Z
Rechtsanwalt (w/m/d),https://de.indeed.com/viewjob?jk=0b2ff32ad0b67db8,31582 Nienburg,Rubel & Kothe GmbH Steuerberatungsgesellschaft,2025-03-25T07:20:48.361Z
Rechtsanwalt (m/w/d),https://de.indeed.com/viewjob?jk=3cefa449a1b5bb5a,Göttingen,RechtDialog Rechtsanwaltsgesellschaft mbH,2025-06-09T19:13:05.597Z
Referendare (w/m/d),https://de.indeed.com/viewjob?jk=162b53778b637b7f,Erfurt,Bietmann Rechtsanwälte Steuerberater PartmbB,2026-02-28T03:08:55.619Z
eine/n Rechtsanwalt/in (m/w/d),https://de.indeed.com/viewjob?jk=d9491c269bff9924,Leipzig,Stolpe Rechtsanwälte,2025-08-31T19:19:50.543Z
Referendar (m/w/d),https://de.indeed.com/viewjob?jk=4bafae2963377280,26382 Wilhelmshaven,Naraschewski Rechtsanwälte und Notar,2026-03-23T19:41:55.378Z
Wir ermöglichen zum nächstmöglichen Zeitpunkt:,https://de.indeed.com/viewjob?jk=1a0731a3e65373a7,79110 Freiburg,Heilshorn Mock Edelbluth Rechtsanwälte Partnerschaft mbB,2026-02-11T15:15:48.870Z
Rechtsanwalt (m/w/d),https://de.indeed.com/viewjob?jk=9bc20ab65d7d0d7a,Angelbachtal,Rudolf & Kollegen,2025-12-08T15:33:15.301Z
Rechtsanwaltfachangestelle(r) (m/w/d),https://de.indeed.com/viewjob?jk=b9b8948b02787f91,Deutschland,Rechtsanwaltskanzlei Andreas Polz,2026-02-11T11:24:50.405Z
Rechtsanwaltsfachangestellte (m/w/d),https://de.indeed.com/viewjob?jk=d675f35fd7a5f2e1,97070 Würzburg,Haus- und Grundbesitzerverein Würzburg & Umgebung e.V.,2026-03-30T18:10:28.605Z
General Legal Counsel,https://de.indeed.com/viewjob?jk=89af364fdc978c60,Berlin,Andercore,2026-02-10T09:30:37.364Z
Patentingenieure,https://de.indeed.com/viewjob?jk=755eb2040ece2ed3,Hannover,horak Rechtsanwälte Partnerschaft mbB,2025-09-09T09:38:14.677Z
Rechtsanwalt / Wirtschaftsjurist / Insolvenzrecht (m/w/d),https://de.indeed.com/viewjob?jk=970677ed2070eff6,86150 Augsburg,SGP Schneider Geiwitz,2026-03-24T16:42:08.282Z
Rechtsanwalt (m|w|d),https://de.indeed.com/viewjob?jk=20914b0744370c6e,Regensburg,Consilia,2025-12-08T20:43:12.209Z
Bürovorsteher im Notariat (m/w/d),https://de.indeed.com/viewjob?jk=fc363bca8e35aa67,60329 Frankfurt am Main,Franziska Gärtner - Inhouse Recruiting,2026-03-23T16:01:18.506Z
Rechtsanwalt (m/w/d),https://de.indeed.com/viewjob?jk=0a265a738ef3ac30,47798 Krefeld,Treuhand- und Revisions-Aktiengesellschaft Niederrhein,2026-03-18T21:10:42.655Z
Patentanwälte,https://de.indeed.com/viewjob?jk=b8e47adc94d9464c,Hannover,horak Rechtsanwälte Partnerschaft mbB,2025-09-09T09:38:13.593Z
Rechtsanwalt (m/w/d),https://de.indeed.com/viewjob?jk=2a9bad5974f07cc1,45130 Essen,BISTER BRUNKE Rechtsanwälte PartG mbB PartGmbB,2025-12-09T22:06:00.538Z
Rechtsanwalt (Syndikusrechtsanwalt) – Satzungsreferent (m/w/d),https://de.indeed.com/viewjob?jk=fda11a2ede003129,Düsseldorf,Versorgungswerk der Rechtsanwälte im Lande Nordrhein-Westfalen,2026-02-03T17:07:52.580Z
Referendare (m/w/d),https://de.indeed.com/viewjob?jk=6030be2e6be76573,72138 Kirchentellinsfurt,TILP Rechtsanwaltsgesellschaft mbH,2025-01-06T12:08:36.449Z
Teilnehmer (m/w/d) Roser Summer School (Karriere-Event),https://de.indeed.com/viewjob?jk=533d90a52c08d8e0,Leipzig,Roser Rechtsanwaltsgesellschaft mbH,2026-04-08T19:02:02.847Z
Mitarbeiter:in Sekretariat,https://de.indeed.com/viewjob?jk=8d10e96ea0b632f6,49565 Bramsche,Südbeck-Brauer-Leinweber Steuerberatung,2026-04-09T15:16:27.118Z
Rechtsanwalt (m/w/d),https://de.indeed.com/viewjob?jk=59784bf012a67e50,Kempten (Allgäu),Menz & Partner Rechtsanwälte Steuerberater,2026-04-08T13:05:22.884Z
Rechtsanwalt / Volljurist,https://de.indeed.com/viewjob?jk=6cf015358d0dbab6,Landshut,HPK - Steuerberater Rechtsanwälte,2025-07-24T08:47:48.163Z
Referent Recht (m/w/d),https://de.indeed.com/viewjob?jk=5a5d2b2de1d0c8e7,58239 Schwerte,Stadtwerke Schwerte GmbH,2026-04-17T12:38:33.119Z
Volljurist als Syndikusrechtsanwalt (m/w/d),https://de.indeed.com/viewjob?jk=c7ef166ca98e0a02,40547 Düsseldorf,Deutsche Apotheker- und Ärztebank eG,2026-03-18T13:48:59.400Z
Syndikusrechtsanwalt / Rechtsanwalt / Volljurist (m/w/d),https://de.indeed.com/viewjob?jk=2463de835976be5a,26382 Wilhelmshaven,Arbeitgeber- und Wirtschaftsverband Jade e.V.,2025-10-17T14:06:32.289Z
VOLLJURIST als SENIOR LEGAL COUNSEL (m/w/d),https://de.indeed.com/viewjob?jk=c382c0aa184e9c9b,Wiesbaden,P&I Personal & Informatik AG,2025-12-16T15:14:56.489Z
Syndikusrechtsanwalt / Wirtschaftsjurist (m/w/d) / in Teilzeit (20 Std./Woche),https://de.indeed.com/viewjob?jk=c39ed58c6052f3ee,56579 Rengsdorf,Lohmann & Rauscher GmbH & Co. KG,2026-02-19T02:18:58.873Z
Volljurist / Legal Counsel (m/w/d),https://de.indeed.com/viewjob?jk=cf4d519a0afecb76,Neckarsulm,Lidl,2026-03-02T19:41:20.960Z
Volljurist Haftpflicht & Schadensersatzrecht (m/w/d) Berufserfahrene | Neckarsulm,https://de.indeed.com/viewjob?jk=0124b83b459620cf,74172 Neckarsulm,Schwarz Corporate Solutions,2026-03-03T21:32:42.465Z
Volljuristen / Syndikusrechtsanwalt (m/w/d) als Leitung Recht und Compliance in der Stabsstelle Regulatorik,https://de.indeed.com/viewjob?jk=b59769caf41030cc,44623 Herne,Ev. Krankenhausgemeinschaft Herne | Castrop-Rauxel,2025-11-11T15:28:31.957Z
Legal Counsel - Syndikusrechtsanwalt (m/w/d),https://de.indeed.com/viewjob?jk=7d9af155931692ac,Kelkheim (Taunus),ROTHENBERGER Werkzeuge GmbH,2026-03-18T10:59:36.825Z
Volljurist / Syndikusrechtsanwalt Arbeitsrecht (m/w/d),https://de.indeed.com/viewjob?jk=4a01ddf226ca8fb2,16816 Neuruppin,Universitätsklinikum Ruppin-Brandenburg,2026-02-10T13:08:32.750Z
Volljuristin / Volljurist (w/m/d) im Personalreferat (Kennziffer A/Z3/9),https://de.indeed.com/viewjob?jk=068b712ca2f5c224,Augsburg,Bayerisches Landesamt für Umwelt,2026-03-31T14:59:32.591Z
Rechtsanwalt (m/w/d) im Steuerrecht,https://de.indeed.com/viewjob?jk=259a0cdc88e10f89,47051 Duisburg,Neumann & Partner Rechtsanwälte und Notare,2026-04-14T16:06:29.662Z
Notarvertreter – Notariat in Stuttgart (m/w/d),https://de.indeed.com/viewjob?jk=849657f9b4afafa8,70182 Stuttgart,DKW Consulting GmbH,2026-03-29T15:00:59.742Z
Rechts- und Grundsatzreferent/in (w/m/d),https://de.indeed.com/viewjob?jk=959531504ee9c064,10119 Berlin,Senatsverwaltung für Kultur und Gesellschaftlichen Zusammenhalt,2026-04-20T12:45:13.593Z
Legal Counsel (m|w|d),https://de.indeed.com/viewjob?jk=11e7bee3b28291ac,80331 München,Alois Dallmayr KG,2026-04-16T17:01:01.723Z
Volljurist / Rechtsanwalt Arbeitsrecht (x/w/m),https://de.indeed.com/viewjob?jk=b120cb8a617763e1,10245 Berlin-Friedrichshain,Allright,2026-04-16T12:25:56.241Z
SYNDIKUS / VOLLJURIST* FÜR BAU- UND IMMOBILIENRECHT /LEGAL COUNSEL CONSTRUCTION- AND REAL ESTATE LAW,https://de.indeed.com/viewjob?jk=a10a4b19fec4ee81,Braunschweig,New Yorker,2025-10-13T14:10:36.680Z
Legal Counsel / Unternehmensjurist in Teilzeit (m/w/d),https://de.indeed.com/viewjob?jk=13f56778d0b08471,20457 Hamburg,zipmend GmbH,2026-02-19T13:54:29.367Z
Senior Legal Counsel Payment (m/w/d) Berufserfahrene | Neckarsulm,https://de.indeed.com/viewjob?jk=9125107862cbe14c,74172 Neckarsulm,Schwarz Corporate Solutions,2026-03-24T08:32:11.391Z
Senior Legal Counsel M&A und Gesellschaftsrecht (m/w/d) Berufserfahrene | Neckarsulm,https://de.indeed.com/viewjob?jk=2a2e469b4fef08d2,74172 Neckarsulm,Schwarz Corporate Solutions,2025-11-24T14:31:56.302Z
(Senior) Legal Counsel / Advisor (m/w/d),https://de.indeed.com/viewjob?jk=fbac541ad542e9ba,München,ClimatePartner GmbH,2026-03-04T17:03:15.101Z
"Jurist Legal Tech: Volljurist, Wirtschaftsjurist, Rechtsinformatiker",https://de.indeed.com/viewjob?jk=496c7fd7afad6c3f,10117 Berlin,cyberintelligence.institute,2026-04-23T14:23:32.109Z
Staatsanwältin / Staatsanwalt (m/w/d) für den Bezirk der Generalstaatsanwaltschaft Düsseldorf (Volljuristinnen und Volljuristen),https://de.indeed.com/viewjob?jk=269f5310acc1c7f1,40223 Düsseldorf,Generalstaatsanwaltschaft Düsseldorf,2025-08-13T16:05:09.371Z
Syndikusrechtsanwalt / Wirtschaftsjurist / Unternehmensjurist (m/w/d),https://de.indeed.com/viewjob?jk=4765d35c0981be07,Kupferzell,GEMÜ Gebr. Müller Apparatebau GmbH & Co. KG,2026-03-18T15:11:45.652Z
Syndikusrechtsanwalt mit Schwerpunkt Datenschutzrecht (w/m/d),https://de.indeed.com/viewjob?jk=c4575e1e39260cb2,82024 Taufkirchen,HENSOLDT AG,2026-04-10T04:53:11.712Z
Rechtsanwalt (M/W/D),https://de.indeed.com/viewjob?jk=52c792106b8f4991,82256 Fürstenfeldbruck,Burggraf Holding Steuerberatungsgesellschaft mbH,2025-01-16T02:50:59.376Z
Rechtsanwaltsfachangestellte/r,https://de.indeed.com/viewjob?jk=07c52b0132a840e3,Balingen,Dr. Kroll & Partner Rechtsanwälte mbB,2026-01-26T14:40:13.229Z
Rechtsanwaltsfachangestellte (m/w/d),https://de.indeed.com/viewjob?jk=9c2e13eadac62e0d,20099 Hamburg,Johannsen Rechtsanwälte PartG mbB,2026-03-30T11:15:17.657Z
Experte Datenschutz und IT-Recht (m/w/d),https://de.indeed.com/viewjob?jk=3f4c3fd284b5d74b,Ludwigshafen am Rhein,PFALZWERKE AKTIENGESELLSCHAFT,2026-02-13T22:19:30.180Z
Team-Assistenz (m/w/d),https://de.indeed.com/viewjob?jk=8be28610e813e074,Berlin,c.r.p. law. partnerschaft mbb,2025-07-31T14:37:35.458Z
Assistenz (m/w/d) | Teilzeit,https://de.indeed.com/viewjob?jk=5929b8d638fcbcdc,Reichenbach im Vogtland,Kanzlei Labitzke,2026-02-25T13:27:38.253Z
Rechtsanwalt als Partner und Nachfolger (m/w/d),https://de.indeed.com/viewjob?jk=cf5b2a0f46063116,40212 Düsseldorf,PFP Rechtsanwälte GmbH,2025-06-12T16:11:12.746Z
Mitarbeiter/in Zwangsvollstreckung (m/w/d),https://de.indeed.com/viewjob?jk=1efd114e48995c57,Gießen,Helduser Richtberg GbR Rechtsanwälte - Notare - Fachanwälte,2026-04-07T18:31:40.155Z
Unfallsachbearbeiter*in Schenefeld,https://de.indeed.com/viewjob?jk=14a78117316bde53,Schenefeld,vhh.mobility | Verkehrsbetriebe Hamburg-Holstein,2026-03-05T20:08:48.650Z
Rechtsanwaltsfachangestellte (m/w/d) und / oder Rechtsfachwirt (m/w/d),https://de.indeed.com/viewjob?jk=aa009b09bd31c425,Angelbachtal,Rudolf & Kollegen,2025-12-08T15:33:13.308Z
Rechtsanwalt als Mediator / Anwaltsmediator (m/w/d),https://de.indeed.com/viewjob?jk=8c0d0ca19b7948d6,83093 Bad Endorf,M2 Recht und Lösung,2025-06-24T08:29:28.552Z
Rechtsanwaltsfachangestellte (m/w/d),https://de.indeed.com/viewjob?jk=5b04bf1c97ce40b6,51379 Leverkusen,Rechtsanwaltskanzlei Lobitz,2026-04-01T21:06:52.879Z
Rechtsanwaltsfachangestellte (m/w/d),https://de.indeed.com/viewjob?jk=c6bbaa233de777f4,Passau,ECOVIS Webservice GmbH,2026-02-06T16:57:33.150Z
Rechtsanwaltsfachangestellte/n / Rechtsanwaltsfachwirt/in,https://de.indeed.com/viewjob?jk=09237d8823b2f3a9,30880 Laatzen,"Rechtsanwälte & Notar Dr. Winfried Lippmann, Hennigs & Coll.",2026-04-02T14:06:30.600Z
Rechtsanwaltsfachangestellte*r (m/w/d),https://de.indeed.com/viewjob?jk=90f1da69d1f9d0ea,36466 Dermbach,MSN-Rechtsanwaltsgesellschaft mbH,2026-02-17T03:25:41.223Z
Rechtsanwältin / Rechtsanwalt (m/w/d),https://de.indeed.com/viewjob?jk=fd23e4b25a3e3e30,90491 Nürnberg,Rechtsanwälte Dr. Beckstein und Kollegen Partnerschaft mbB,2026-04-02T10:02:27.321Z
Häfele | Unternehmensjurist / Syndikusrechtsanwalt (m/w/d) mit Schwerpunkt Vertragsrecht,https://de.indeed.com/viewjob?jk=414752c8d92727ab,72202 Nagold,Häfele,2026-02-24T05:20:36.800Z
"Eine gut eingeführte Anwaltskanzlei mit einem Team aus drei Berufsträgern, Rechtsanwaltsfachangestellten und Sachbearbeitern sucht Unterstützung.",https://de.indeed.com/viewjob?jk=b543aa60e48920cd,Henningsdorf,Bergsdorf Rechtsanwälte,2025-08-05T01:16:52.560Z
Rechtsanwaltsfachangestellte (m/w/d) Schwerpunkt Mahn- und Vollstreckungswesen,https://de.indeed.com/viewjob?jk=3bc117cf3cd99a7d,35576 Wetzlar,"Unützer, Wagner, Werding Rechtsanwälte · Steuerberater Partnerschaftsgesellschaft mbB",2025-07-23T12:42:57.672Z
Rechtsanwaltsfachangestellte (m/w/d) in Vollzeit oder Teilzeit,https://de.indeed.com/viewjob?jk=3926aaebbd6f9e06,Münster,Möllenhoff Rechtsanwälte,2025-09-10T11:12:56.612Z
Rechtsanwaltsfachangestellte(r) (w/m/d),https://de.indeed.com/viewjob?jk=a6b0a0962b26d9d0,44269 Dortmund,Kloth Versicherungsrecht,2025-10-21T12:17:06.314Z
Rechtsanwalt als Syndikus oder Ass. jur. (m/w/d),https://de.indeed.com/viewjob?jk=bc13586ab79b1529,36179 Bebra,ISIHOME Group GmbH,2024-11-23T11:51:35.723Z
Rechtsanwaltsfachangestellte:r (m/w/d),https://de.indeed.com/viewjob?jk=5b5d8e6562ed0b9c,90449 Nürnberg,KSR | Kanzlei Siegfried Reulein,2025-05-18T16:56:24.605Z
"Rechtsanwaltsfachangestellte/r (w/m/d) In Vollzeit, zum nächstmöglichen Zeitpunkt.",https://de.indeed.com/viewjob?jk=7f00689e93c20c66,63739 Aschaffenburg,Rechtsanwalt Günter Bach,2026-02-12T20:37:31.187Z
eine/n Rechtsanwaltsfachangestellte/n (m/w/d),https://de.indeed.com/viewjob?jk=e2b3b0ba92557898,86150 Augsburg,Kanzlei Professor Herrmann & Kollegen,2026-04-21T13:04:25.571Z
Rechtsanwaltsfachangestellte/n oder Rechtsfachwirt/in,https://de.indeed.com/viewjob?jk=160b73200ab7a8b9,Eislingen,Dr. Nickl & Seufert Rechtsanwälte Partnerschaft mbB,2024-12-01T22:26:23.375Z
Büro- und Organisationstalent (m/w/d) in Teilzeit (38 Wochenstunden),https://de.indeed.com/viewjob?jk=7bb92e35cd4fcd3c,83714 Miesbach,Landratsamt Miesbach,2026-04-22T13:22:42.689Z
Referendare (m/w/d),https://de.indeed.com/viewjob?jk=8fcb2c334df3837e,59555 Lippstadt,"Engemann und Partner, Rechtsanwälte mbB",2026-04-08T17:12:15.780Z
Mitarbeiter*in (m/w/d) aus dem Bereich der Hausverwaltung oder Rechtsanwaltsfachangestellte (m/w/d),https://de.indeed.com/viewjob?jk=0b452338480d477d,97070 Würzburg,Haus- und Grundbesitzerverein Würzburg & Umgebung e.V.,2026-03-30T18:14:37.906Z
Mitarbeiter/in Forderungsmanagement m/w/d,https://de.indeed.com/viewjob?jk=2159e080999b787f,Braunschweig,Voets Verwaltungsdienste GmbH,2026-01-15T15:45:46.950Z
"Rechtsanwaltsfachangestellte/ -r, Rechtsfachwirt/ -in",https://de.indeed.com/viewjob?jk=8a8df087354cbe5b,Weil am Rhein,Rechtsanwälte Seidler & Kollegen Partnerschaftsgesellschaft mbB,2024-11-23T09:54:26.567Z
Staatsanwalt / Staatsanwältin (m/w/d),https://de.indeed.com/viewjob?jk=3ae5797435a237cc,Brandenburg,Generalstaatsanwalt des Landes Brandenburg,2026-01-19T19:28:33.474Z
Referendarinnen/Referendare,https://de.indeed.com/viewjob?jk=2d81dae0946b8d1a,77652 Offenburg,Morstadt | Arendt Rechtsanwälte,2026-02-04T05:00:49.331Z
Rechtsanwalt / Syndikusrechtsanwalt (m/w/d) als Legal Counsel,https://de.indeed.com/viewjob?jk=970bf60ebbb1750b,Mülheim an der Ruhr,Hans Turck GmbH & Co. KG,2026-02-11T14:56:38.508Z
Abwicklungsspezialist (m/w/d),https://de.indeed.com/viewjob?jk=e6f1e5b242d48aca,Radolfzell am Bodensee,Volksbank Bodensee-Oberschwaben eG,2025-12-01T06:10:35.285Z
Rechtsanwaltsfachangestellte/n (m / w / d),https://de.indeed.com/viewjob?jk=9a2ce3884904a468,94032 Passau,Olschar & Partner Rechtsanwälte Steuerberater mbB,2026-03-24T05:59:27.727Z
Rechtsanwaltsfachangestellter / geprüfter Rechtsfachwirt (m/w/d),https://de.indeed.com/viewjob?jk=86be413f7843680d,Offenburg,Volksbank eG - Die Gestalterbank,2026-01-13T15:36:43.570Z
Rechtsanwalt (m/w/d),https://de.indeed.com/viewjob?jk=1e7fc815b51e6bea,50668 Köln,Rechtsanwälte Roos & Schmitz-Gagnon,2025-01-02T09:42:51.520Z
Sachbearbeiter Insolvenztabelle (m/w/d),https://de.indeed.com/viewjob?jk=a6bd896f3c65264c,Rostock,ECOVIS Webservice GmbH,2026-02-23T18:50:23.330Z
Sekretär/in (m/w/d),https://de.indeed.com/viewjob?jk=d7edb91025647827,86956 Schongau,Buchführungsdienst der Bayerischen Jungbauernschaft e.V.,2026-03-16T16:32:04.725Z
Rechtsanwaltsfachangestellte/r (m/w/d),https://de.indeed.com/viewjob?jk=ce55221a4b9d3ee4,20354 Hamburg,Posikow Kehren Rechtsanwälte Partnerschaft mbB,2026-03-23T08:24:17.482Z
"Rechtsanwalt/Rechtsanwältin, Volljurist/Volljuristin (m/w/d)",https://de.indeed.com/viewjob?jk=b23f9a05c6d252ed,Deutschland,Rechtsanwälte Hufnagel,2025-07-14T11:55:16.487Z
Rechtsanwalt (m/w/d) mit Partnerperspektive,https://de.indeed.com/viewjob?jk=3556984a990d2c87,85053 Ingolstadt,MTG Wirtschaftskanzlei,2026-03-30T17:00:59.285Z
Rechtsanwaltsfachangestellte/n oder Rechtsfachwirt/in (m/w/d),https://de.indeed.com/viewjob?jk=e1128545acb565e5,50226 Frechen,Kanzlei Müller & Partner PartG mbB,2024-11-25T00:58:01.431Z
Rechtsanwaltsfachangestellte (w/m/d) in Hamminkeln/Niederrhein,https://de.indeed.com/viewjob?jk=13239cc264f7a3b1,46499 Hamminkeln,HTM Meyer Venn & Partner,2025-07-04T12:48:22.419Z
Rechtsanwalt (m/w/d),https://de.indeed.com/viewjob?jk=1926379dbd0431e9,Hanau,Anwalts- und Steuerkanzlei Neuhauser,2024-11-23T07:25:35.100Z
Jurist m/w/d für rechtliche Grundsatzthemen,https://de.indeed.com/viewjob?jk=7fb43c5af381dc12,Kornwestheim,Karriereseite_cobisiconsult,2026-03-07T21:59:18.675Z
Rechtsanwaltsfachangestelle (m/w/d),https://de.indeed.com/viewjob?jk=1cd8e5d6c44fe4db,56218 Mülheim-Kärlich,Wengenstein Rechtsanwälte,2025-07-24T18:17:26.351Z
Rechtsanwaltsfachangestellte (m/w/d),https://de.indeed.com/viewjob?jk=e8ddfd0c398f5bd7,21244 Buchholz in der Nordheide,Peters & Pallaske GbR Rechtsanwälte,2026-03-06T09:13:34.838Z
Rechtsanwalt/Rechtsanwältin (m/w/d),https://de.indeed.com/viewjob?jk=3d39c64534f98135,76185 Karlsruhe,Nonnenmacher Rechtsanwälte Part mbB,2026-03-30T12:08:47.127Z
"Sachbearbeiter/in Innendienst (m,w,d)",https://de.indeed.com/viewjob?jk=707d42bda4451c13,18055 Rostock,Hanse- und Universitätsstadt Rostock,2026-04-10T10:32:46.119Z
Rechtsreferendar (m/w/d) für die Stabsstelle Personal und Recht,https://de.indeed.com/viewjob?jk=7feb35e9235061b5,90429 Nürnberg,Kliniken Dr. Erler gGmbH,2026-04-15T16:40:01.862Z
Senior Counsel Nachhaltigkeits- und Produkterecht (w/m/d),https://de.indeed.com/viewjob?jk=5259352db20d6f61,Waiblingen,ANDREAS STIHL AG & Co. KG,2026-03-06T21:32:50.646Z
Volljurist:in,https://de.indeed.com/viewjob?jk=62559e30065883a1,53639 Königswinter,Stadt Königswinter,2026-04-08T16:02:34.757Z
Volljurist/Junior Experte Schadenbearbeitung (m/w/d),https://de.indeed.com/viewjob?jk=1765a112e76e0523,Neuss,Deutsche Post & DHL,2026-04-08T18:19:25.933Z
(Senior) Legal Counsel (f/m/d),https://de.indeed.com/viewjob?jk=14f98e3c339a8102,Erlangen,Siemens Energy,2026-04-08T12:13:22.136Z
Volljurist Immobilienrecht (m/w/x),https://de.indeed.com/viewjob?jk=a1e960a626027798,73207 Plochingen,DECATHLON Deutschland SE & Co. KG,2025-11-03T13:28:54.878Z
Wirtschaftsjurist / Volljurist (d/w/m) mit Schwerpunkt Außenwirtschaftsrecht,https://de.indeed.com/viewjob?jk=0acea93631d49db8,München,Airbus Defence and Space GmbH,2025-12-02T16:16:03.794Z
Senior Expert (m/f/d) 54A1-17 / AT nltd Level 2 (BesGr A 14 / A 15),https://de.indeed.com/viewjob?jk=872db5b6df185046,Bonn,Deutsche Post & DHL,2026-02-10T17:18:52.362Z
ab sofort Rechtsanwaltsfachangestellte (d/w/m) - unbefristet,https://de.indeed.com/viewjob?jk=721463574a453880,Bautzen,Rechtsanwalt Jens Reime,2026-04-09T14:56:43.202Z
Volljurist*in Arbeitsrecht/ Syndikusanwalt*in - Schwerpunkt Kollektivarbeitsrecht (w/m/d),https://de.indeed.com/viewjob?jk=6f42b2a8308abee7,69120 Heidelberg,Universitätsklinikum Heidelberg,2026-04-07T09:26:57.902Z
ReFa / Rechtsanwaltsfachangestellter (m/w/d) | Vollzeit oder Teilzeit | Remote-Option,https://de.indeed.com/viewjob?jk=4a27ea04d9636b6f,Reichenbach im Vogtland,Kanzlei Labitzke,2026-02-25T13:27:37.649Z
Rechtsanwaltsfachangestellte/r (m/w/d),https://de.indeed.com/viewjob?jk=e3a5be95168b9f37,Mannheim,Pabst | Lorenz Partner PartG mbB,2024-12-16T12:32:58.480Z
Mitarbeiter*in (m/w/d) aus dem Bereich der Hausverwaltung oder Rechtsanwaltsfachangestellte (m/w/d),https://de.indeed.com/viewjob?jk=12bb03e9ddc0ae7f,97070 Würzburg,Haus- und Grundbesitzerverein Würzburg & Umgebung e.V.,2026-04-16T21:38:38.180Z
Teamassistent (m/w/d) Personalverwaltung,https://de.indeed.com/viewjob?jk=4903444cc6a584fa,10367 Berlin,NETINERA Deutschland GmbH,2026-02-18T15:47:42.915Z
Rechtsanwaltsfachangestellte (m/w/d) in Biberach an der Riß,https://de.indeed.com/viewjob?jk=059d10b362273d9f,88400 Biberach an der Riß,RSW Rechtsanwälte & Steuerberater,2026-04-01T16:59:02.711Z
Pforzheim: Rechtsanwaltsfachangestellter (m/w/d),https://de.indeed.com/viewjob?jk=2f183459e2af1945,Pforzheim,Sozialverband VdK Baden-Württemberg e.V.,2025-11-25T11:52:04.600Z
Rechtsanwaltsfachangestellte / Anwaltssekretär (m/w/d),https://de.indeed.com/viewjob?jk=76435963993074fe,14469 Potsdam,NORDEMANN,2026-03-23T13:02:37.956Z
Markensachbearbeiter in Voll- oder Teilzeit (m/w/d),https://de.indeed.com/viewjob?jk=740a9de942a20fbd,Berlin,NORDEMANN,2026-03-23T13:02:37.696Z
Sachbearbeitung Liegenschaften (m/w/d),https://de.indeed.com/viewjob?jk=ffe746647441e939,41515 Grevenbroich,Stadt Grevenbroich,2026-04-13T15:14:08.860Z
Rechtsanwaltsfachangestellte/r,https://de.indeed.com/viewjob?jk=07c52b0132a840e3,Balingen,Dr. Kroll & Partner Rechtsanwälte mbB,2026-01-26T14:40:13.229Z
Rechtsanwaltsfachangestellte (m/w/d),https://de.indeed.com/viewjob?jk=ce0658e86d0c8847,Linnich,Rechtsanwälte Koof & Kollegen,2024-11-23T17:15:51.499Z
Rechtsanwaltsfachangestellte (m/w/d) in Teilzeit,https://de.indeed.com/viewjob?jk=e3ee19a9702184db,46242 Bottrop,ResNova Rechtsanwälte Partnerschaftsgesellschaft mbB,2026-03-02T18:24:53.948Z
Verwaltungskraft | Assistenz Geschäftsführung,https://de.indeed.com/viewjob?jk=7f8bb475ac8761bd,Deutschland,medaceum gmbh,2024-11-30T19:35:28.879Z
Staatsanwältin / Staatsanwalt (m/w/d) für den Bezirk der Generalstaatsanwaltschaft Köln (Volljuristinnen und Volljuristen),https://de.indeed.com/viewjob?jk=c367409312062f51,50670 Köln,Generalstaatsanwaltschaft Köln,2025-06-03T16:01:07.125Z
Sachbearbeiter:in (m/w/d) für Schadensbearbeitung und Forderungsmanagement,https://de.indeed.com/viewjob?jk=f523055d2ccf6185,52070 Aachen,STAWAG – Stadt- und Städteregionswerke Aachen AG,2026-04-16T09:25:06.881Z
Bielefeld · Rechtsanwaltsfachangestellte (m/w/d) bzw. Rechtsanwalts- und Notarfachangestellte (m/w/d),https://de.indeed.com/viewjob?jk=a1c0b97b205cea82,33602 Bielefeld,BRANDI Rechtsanwälte Partnerschaft mbB,2026-02-10T23:04:41.247Z
Personalfachkraft (m/w/d) – HR Allrounder,https://de.indeed.com/viewjob?jk=7a5e15fb41dc9a4e,67258 Heßheim,Herbert Willersinn Straßenbaustoffe GmbH & Co. KG,2026-03-03T07:15:22.684Z
Erfahrene Insolvenzsachbearbeiter (m/w/d),https://de.indeed.com/viewjob?jk=6fa05e6fd4177425,33330 Gütersloh,KJP GbR,2026-02-11T02:03:53.469Z
Schulsekretär*innen (m/w/d),https://de.indeed.com/viewjob?jk=315f9cdf83f1502a,52062 Aachen,Stadt Aachen,2026-04-09T14:20:13.381Z
Rechtsanwaltsfachangestellte/r (m/w/d),https://de.indeed.com/viewjob?jk=dd84a6c751a1c823,42103 Wuppertal,GKS Rechtsanwälte GbR,2026-04-14T02:24:00.997Z
Markensachbearbeiter in Voll- oder Teilzeit (m/w/d),https://de.indeed.com/viewjob?jk=740a9de942a20fbd,Berlin,NORDEMANN,2026-03-23T13:02:37.696Z
SB Vorzimmer (m/w/d) im Fachbereich Soziales/Jugend am Standort Stralsund,https://de.indeed.com/viewjob?jk=03bc0fe058f01435,18437 Stralsund,Landkreis Vorpommern-Rügen,2026-04-16T13:27:58.954Z
Mitarbeiter/in (w/m/d) einer Serviceeinheit beim Amtsgericht Neubrandenburg,https://de.indeed.com/viewjob?jk=b1f5984017da4aaa,17033 Neubrandenburg,Landesamt für Straßenbau und Verkehr Mecklenburg-Vorpommern,2026-04-02T13:18:38.413Z
SB Vorzimmer (m/w/d) im Fachbereich Soziales/Jugend am Standort Stralsund,https://de.indeed.com/viewjob?jk=03bc0fe058f01435,18437 Stralsund,Landkreis Vorpommern-Rügen,2026-04-16T13:27:58.954Z
Rechtsanwaltsfachangestellte(r) m/w/d,https://de.indeed.com/viewjob?jk=f8641f139aa326ab,68161 Mannheim,Ax Rechtsanwälte,2025-08-18T15:51:25.664Z
Rechtsanwaltsfachangestellter (m/w/d) in Voll- oder Teilzeit für den Standort Hamburg,https://de.indeed.com/viewjob?jk=c7222653cebba633,Hamburg,Reimer Rechtsanwälte,2024-11-30T03:14:01.646Z
Teamassistent (m/w/d) Personalverwaltung,https://de.indeed.com/viewjob?jk=4903444cc6a584fa,10367 Berlin,NETINERA Deutschland GmbH,2026-02-18T15:47:42.915Z
Rechtsanwaltsfachangestellter (m/w/d) in Voll- oder Teilzeit für den Standort Hamburg,https://de.indeed.com/viewjob?jk=c7222653cebba633,Hamburg,Reimer Rechtsanwälte,2024-11-30T03:14:01.646Z
Verwaltungsangestellte (m/w/d) Vorzimmer Gesundheitsamt (202624),https://de.indeed.com/viewjob?jk=067a319d206aad12,Landshut,Landratsamt Landshut,2026-04-22T11:38:31.640Z
Sachbearbeiter (w/m/d) im Bereich Verbraucherinsolvenzen,https://de.indeed.com/viewjob?jk=75c93bf1220baadf,Dortmund,Husemann Partnerschaftsgesellschaft mbB,2026-03-09T14:48:42.623Z
"Sachbearbeiter Forderungsmanagement (m/w/d) im Bereich Miet- und WEG-Verwaltung wahlweise in Leipzig, Halle oder Wurzen",https://de.indeed.com/viewjob?jk=a14b217dfebc8e00,04107 Leipzig,Casa Con Service GmbH,2026-03-31T02:07:44.446Z
Verwaltungssachbearbeiter (m/w/d),https://de.indeed.com/viewjob?jk=b6dab333dc9629db,56410 Montabaur,Staatskanzlei Rheinland-Pfalz,2026-04-13T19:40:04.250Z
Sekretariatsleitung (m/w/d),https://de.indeed.com/viewjob?jk=415138719d2d59f8,69469 Weinheim,GE/CON GmbH,2026-03-25T16:05:41.802Z
Rechtsanwalt/Rechtsanwältin oder Steuerberater/in zunächst in Bürogemeinschaft oder für freie Mitarbeit gesucht,https://de.indeed.com/viewjob?jk=875172e01a540693,Ober-Mörlen,Reimertshofer GmbH Rechtsanwaltsgesellschaft,2026-03-06T18:39:20.670Z
Sekretärin der Geschäftsführung (m/w/d),https://de.indeed.com/viewjob?jk=b2962046b17edb34,85107 Baar-Ebenhausen,GSB – Sonderabfall-Entsorgung Bayern GmbH,2025-12-16T12:00:31.733Z
Sachbearbeiter (m/w/d) Bürgerservice (Nr. 25/2026),https://de.indeed.com/viewjob?jk=5ffc793dfc350dd7,Weimar,Stadtverwaltung Weimar,2026-03-30T15:42:32.276Z
Assistenz der Geschäftsführung (m/w/d) Voll- oder Teilzeit,https://de.indeed.com/viewjob?jk=8bbbd94c69ca7940,01067 Dresden,RIEDIGER. legal | tax Rechtsanwaltsgesellschaft mbH,2026-03-10T12:51:04.318Z
Rechtsanwaltsfachangestellte/r / Assistenz (m/w/d),https://de.indeed.com/viewjob?jk=de67953bfabda844,München,Redeker Sellner Dahs,2025-04-07T10:03:41.339Z
Beratungsstellenassistenz (m/w/d),https://de.indeed.com/viewjob?jk=10e7bdf8bc95703e,Darmstadt,Sozialverband VdK Hessen-Thüringen e.V.,2026-04-13T14:07:43.410Z
Rechtsanwaltsfachangestellte/r / Assistenz (m/w/d),https://de.indeed.com/viewjob?jk=de67953bfabda844,München,Redeker Sellner Dahs,2025-04-07T10:03:41.339Z
Fachkraft Beiträge/Insolvenz &  Forderungsmanagement (w/m/d),https://de.indeed.com/viewjob?jk=abdbb28f123cc4d9,45657 Recklinghausen,IKK classic,2026-04-10T12:39:25.980Z
Rechtsanwalts- und Notarfachangestellte (m/w/d) für das Notariat in Vollzeit oder Teilzeit (ab 15 Std./Woche),https://de.indeed.com/viewjob?jk=ea39efd99c930060,21244 Buchholz in der Nordheide,Peters & Pallaske GbR Rechtsanwälte,2026-03-06T09:13:43.105Z
Fachkraft Leistung SGB II (m/w/d) für das Jobcenter,https://de.indeed.com/viewjob?jk=4cc6808b6ac8a47c,55765 Birkenfeld,Nationalparklandkreis Birkenfeld,2026-03-27T14:55:30.847Z
Rechtsanwaltsfachangestellte:n zur Mitarbeit im Debitorenmanagment in Teilzeit (m/w/d),https://de.indeed.com/viewjob?jk=0501c8b6a817719f,56645 Nickenich,Hamann Bauzentren GmbH,2026-01-06T10:05:34.959Z
Teamassistenz / Sekretär (m/w/d),https://de.indeed.com/viewjob?jk=1ab1c87da2500b59,14469 Potsdam,NORDEMANN,2026-03-23T13:02:38.270Z
Rechtsanwaltsfachangestellte (m/w/d) in Biberach an der Riß,https://de.indeed.com/viewjob?jk=059d10b362273d9f,88400 Biberach an der Riß,RSW Rechtsanwälte & Steuerberater,2026-04-01T16:59:02.711Z
Rechtsanwaltsfachangestellte/n (m/w/d) in Teilzeit,https://de.indeed.com/viewjob?jk=b61f4fa2bddbc946,47058 Duisburg,MT Rechtsanwalts GmbH,2025-05-07T13:45:16.629Z
Geprüfter Rechtsfachwirt m/w/d Rechtsanwaltsfachangestellte m/w/d Bürofachkraft m/w/d in Teilzeit oder Vollzeit,https://de.indeed.com/viewjob?jk=68ab4bbf00d52840,Albstadt,Scharf • Hafner & Partner mbB,2025-03-14T13:09:18.360Z
Rechtsanwaltfachangestellte(M/W/D) Voll/Teilzeit in Magdeburg,https://de.indeed.com/viewjob?jk=9379d1aec0103fe2,39104 Magdeburg,Göhmann Rechtsanwälte und Notare,2026-01-30T23:49:46.687Z
Rechtsanwaltsfachangestellte/n oder Rechtsfachwirt/in (m/w/d),https://de.indeed.com/viewjob?jk=e1128545acb565e5,50226 Frechen,Kanzlei Müller & Partner PartG mbB,2024-11-25T00:58:01.431Z
"Eine gut eingeführte Anwaltskanzlei mit einem Team aus drei Berufsträgern, Rechtsanwaltsfachangestellten und Sachbearbeitern sucht Unterstützung.",https://de.indeed.com/viewjob?jk=b543aa60e48920cd,Henningsdorf,Bergsdorf Rechtsanwälte,2025-08-05T01:16:52.560Z
Insolvenzsachbearbeiter (m/w/d) in Mühlhausen,https://de.indeed.com/viewjob?jk=e09d05bf1f7c1e7e,99974 Mühlhausen,B·B·O·R·S Kreuznacht Rechtsanwälte,2026-04-21T00:57:40.856Z
Rechtsanwaltsfachangestellte(n) / Rechtsanwalts- und Notarfachangestellte(n),https://de.indeed.com/viewjob?jk=2fc5b60482ffb172,Celle,Raßmann + Partner GmbH Steuerberatungsgesellschaft,2025-10-25T13:57:36.492Z
Syndikusrechtsanwalt (m/w/d),https://de.indeed.com/viewjob?jk=75356088f9d615a7,Urloffen,NOVELLUS Integrierte Dienste GmbH,2026-03-23T21:43:12.460Z
RECHTSANWALTSFACHANGESTELLE*N (M/W/D),https://de.indeed.com/viewjob?jk=b1dd1ab2a87734d9,Hamburg-Altona,MW Mittelstein Legal PartG mbB,2025-10-09T16:31:35.275Z
Assistenz / Rechtsanwaltsfachangestellte / Rechtsfachwirtin (m/w/d),https://de.indeed.com/viewjob?jk=8fbee58c550ffd70,70191 Stuttgart,Menold Bezler,2026-03-25T14:17:26.835Z
Rechtsanwältin / Rechtsanwalt (m/w/d),https://de.indeed.com/viewjob?jk=75c72af7eff7a2f0,Stuttgart Untertürkheim,HOS Rechtsanwälte,2024-11-23T18:22:25.862Z
Patentanwaltsfachangestellte/ r (m/w/d) in Vollzeit oder Teilzeit,https://de.indeed.com/viewjob?jk=5e09f6bd02cca4dc,69115 Heidelberg,Patent- und Rechtsanwälte Ullrich & Naumann PartG mbB,2026-04-22T10:20:16.478Z
Wirtschaftsjuristen (m/w/d) Insolvenzrecht in Vollzeit,https://de.indeed.com/viewjob?jk=3af39ffaf7deae8e,20354 Hamburg,Reimer Rechtsanwälte,2026-03-31T16:10:36.186Z
Rechtsanwalt / Rechtsanwältin (m/w/d),https://de.indeed.com/viewjob?jk=007121f55a23e7b7,Deutschland,Pickartz Rechtsanwaelte,2026-03-23T19:44:51.333Z
Syndikusrechtsanwältin / Syndikusrechtsanwalt (d/w/m) | Teilzeit,https://de.indeed.com/viewjob?jk=ede68e0cf5722853,50676 Köln,DEG - Deutsche Investitions- und Entwicklungsgesellschaft mbH,2026-03-07T04:55:27.500Z
"Juristische/r Fachangestellte/r, Rechtsanwaltsfachangestellte/r",https://de.indeed.com/viewjob?jk=ac08a07f43ae4329,Neuseddin,Maltry Rehatechnik GmbH & Co. KG,2025-04-17T03:58:28.677Z
Teilnehmer (m/w/d) Roser Summer School (Karriere-Event),https://de.indeed.com/viewjob?jk=922b95d4c44ff55a,Hamburg,Roser Rechtsanwaltsgesellschaft mbH,2026-04-08T19:02:03.681Z
"Rechtsanwalt (m/w/d) für Arbeitsrecht, Erbrecht, Familienrecht und / oder Verkehrsrecht",https://de.indeed.com/viewjob?jk=1bad864d07ad80f9,86609 Donauwörth,Rechtsanwalt Florian Menn,2025-07-10T06:41:08.344Z
Volljurist / Syndikusrechtsanwalt,https://de.indeed.com/viewjob?jk=587ddedc423ea9d6,44787 Bochum,Diakonie Ruhr gemeinnützige GmbH,2025-11-10T16:41:51.946Z
Rechtsreferendar/-in (w/m/d),https://de.indeed.com/viewjob?jk=57f2b473d88f322e,Stade,"Oberlandesgericht Celle, Justiz Niedersachsen",2025-05-02T14:32:38.340Z
Rechtsanwaltsfachangestellte/r (m/w/d) Rostock,https://de.indeed.com/viewjob?jk=a54bb923324bb85c,18057 Rostock,Geiersberger Glas & Partner mbB Rechtsanwälte,2026-02-16T13:38:21.190Z
Rechtsanwaltsfachangestellte/r,https://de.indeed.com/viewjob?jk=91052f538317e93d,72072 Tübingen,Dr. Kroll & Partner Rechtsanwälte mbB,2026-01-27T14:40:24.237Z
Rechtsanwalt (m/w/d) für den Tätigkeitsbereich Arbeits- und Wirtschaftsrecht,https://de.indeed.com/viewjob?jk=c1a989bfe2c9bb45,44787 Bochum,Dr. Ulbrich & Kaminski,2026-02-17T17:53:11.903Z
Rechtsanwalt*in (m/w/d),https://de.indeed.com/viewjob?jk=d4111bf1228d1ecc,90449 Nürnberg,KSR | Kanzlei Siegfried Reulein,2025-05-18T16:56:21.907Z
Rechtsanwaltsfachangestellte:r / ReNo/ Sekretär:in mit langjähriger Erfahrung in einer Rechtsanwalts,https://de.indeed.com/viewjob?jk=f1d622325f36dc17,12355 Berlin,Rechtsanwaltskanzlei Wittlake,2026-04-09T14:16:55.900Z
Du liebst Marken? Dann werde Markensachbearbeiter*in (m/w/d) bei HÄRTING,https://de.indeed.com/viewjob?jk=66375737c40da72b,10115 Berlin,HÄRTING Rechtsanwälte PartGmbB,2026-04-14T14:37:07.245Z
Sekretärin der Geschäftsführung (m/w/d),https://de.indeed.com/viewjob?jk=b2962046b17edb34,85107 Baar-Ebenhausen,GSB – Sonderabfall-Entsorgung Bayern GmbH,2025-12-16T12:00:31.733Z
"Syndikusrechtsanwalt / Legal Counsel (m/w/d) (Teilzeit, 20 Std./Woche)",https://de.indeed.com/viewjob?jk=37dc192b8f87654e,66740 Saarlouis,Deutsche Glasfaser,2026-03-10T11:56:25.937Z
Geprüfter Rechtsfachwirt m/w/d Rechtsanwaltsfachangestellte m/w/d Bürofachkraft m/w/d in Teilzeit oder Vollzeit,https://de.indeed.com/viewjob?jk=68ab4bbf00d52840,Albstadt,Scharf • Hafner & Partner mbB,2025-03-14T13:09:18.360Z
Rechtsanwalt im Bereich Arbeitsrecht mit Partnerperspektive (m/w/d),https://de.indeed.com/viewjob?jk=07104333b9263aab,Hamburg-Harburg,SKNvonGEYSO Rechtsanwälte Steuerberater Wirtschaftsprüfer Partnerschaft mbB,2026-03-03T16:00:18.568Z
Rechtsanwalt / Rechtsanwältin (m/w/d) mit Schwerpunkt Arbeitsrecht und allgemeines Zivilrecht.,https://de.indeed.com/viewjob?jk=fc9c7999ae10db09,Plettenberg,Prange Rechtsanwaltsgesellschaft MBH,2026-03-03T10:40:36.408Z
"Wirtschaftsjurist/in (m/w/d), Dipl. Jurist/in (m/w/d) im Bereich Vergaberecht.",https://de.indeed.com/viewjob?jk=edd3872090cd8535,68161 Mannheim,Ax Rechtsanwälte,2026-02-28T09:06:20.477Z
Beratungsstellenassistenz (m/w/d),https://de.indeed.com/viewjob?jk=10e7bdf8bc95703e,Darmstadt,Sozialverband VdK Hessen-Thüringen e.V.,2026-04-13T14:07:43.410Z
Rechtsanwaltsfachangestellte / Kauffrau für Büromanagement (m/w/d) in Fulda,https://de.indeed.com/viewjob?jk=df8e6c8e38296e40,Mühlhausen,B·B·O·R·S Kreuznacht Rechtsanwälte,2026-04-21T00:57:42.467Z
Insolvenzsachbearbeiter/in (m/w/d) in Hiddenhausen,https://de.indeed.com/viewjob?jk=fd1187ee73696982,Mühlhausen,B·B·O·R·S Kreuznacht Rechtsanwälte,2026-04-21T00:57:38.865Z
Bürosachbearbeiter/in (w/m/d),https://de.indeed.com/viewjob?jk=bc2fb571bb9bd66d,17033 Neubrandenburg,Landesamt für Straßenbau und Verkehr Mecklenburg-Vorpommern,2026-04-07T13:18:14.762Z
Sachbearbeiter/in (w/m/d) im Notariat – Schwerpunkt Gesellschaftsrecht –,https://de.indeed.com/viewjob?jk=5744008739ed14d8,20095 Hamburg,Hamburgische Notarkammer,2026-02-12T17:42:28.903Z
Sachbearbeiter (m/w/d) Forderungsmanagement,https://de.indeed.com/viewjob?jk=ec29701813a78555,Magdeburg,BKK Landesverband Mitte,2026-04-20T11:19:11.989Z
Rechtsanwaltsfachangestellte:n zur Mitarbeit im Debitorenmanagment in Teilzeit (m/w/d),https://de.indeed.com/viewjob?jk=0501c8b6a817719f,56645 Nickenich,Hamann Bauzentren GmbH,2026-01-06T10:05:34.959Z
Fachassistent:in für Lohn und Gehalt (m/w/d),https://de.indeed.com/viewjob?jk=2b166d92bf2477aa,09648 Mittweida,ATG Amira Treuhandgesellschaft Chemnitz mbH,2026-04-20T11:05:47.359Z
Mitarbeiter/in (w/m/d) einer Serviceeinheit beim Amtsgericht Neubrandenburg,https://de.indeed.com/viewjob?jk=b1f5984017da4aaa,17033 Neubrandenburg,Landesamt für Straßenbau und Verkehr Mecklenburg-Vorpommern,2026-04-02T13:18:38.413Z
Rechtsanwalt/Rechtsanwältin oder Steuerberater/in zunächst in Bürogemeinschaft oder für freie Mitarbeit gesucht,https://de.indeed.com/viewjob?jk=875172e01a540693,Ober-Mörlen,Reimertshofer GmbH Rechtsanwaltsgesellschaft,2026-03-06T18:39:20.670Z
Teamassistenz im Bereich der Insolvenzverwaltung (m/w/d),https://de.indeed.com/viewjob?jk=f5f9f0aafcbdd3c9,Stuttgart,Rechtsanwalt Dr. Axel Kulas,2025-03-26T08:17:24.605Z
Mitarbeiter (m/w/d) im Schulsekretariat der Integrierten Gesamtschule in Selters,https://de.indeed.com/viewjob?jk=e94911c021e06b47,56410 Montabaur,Westerwaldkreis,2026-04-13T08:20:16.229Z
Mitarbeiter (m/w/d) im Schulsekretariat der Integrierten Gesamtschule in Selters,https://de.indeed.com/viewjob?jk=756ce47eff82662c,56410 Montabaur,Kreisverwaltung des Westerwaldkreises,2026-04-13T02:33:34.323Z
Assistenz (w/m/d) im Bereich der Insolvenzverwaltung,https://de.indeed.com/viewjob?jk=972f619035af1b24,Dortmund,Husemann Partnerschaftsgesellschaft mbB,2026-03-09T20:54:26.175Z
Bürokauffrau/-mann (m/w/d),https://de.indeed.com/viewjob?jk=b4b38c9c6b7635cd,45130 Essen,BISTER BRUNKE Rechtsanwälte PartG mbB PartGmbB,2025-12-03T16:05:07.552Z
Verwaltungssachbearbeiter (m/w/d),https://de.indeed.com/viewjob?jk=b6dab333dc9629db,56410 Montabaur,Staatskanzlei Rheinland-Pfalz,2026-04-13T19:40:04.250Z
Rechtsanwaltsfachangestellte / Kauffrau für Büromanagement (m/w/d) in Fulda,https://de.indeed.com/viewjob?jk=df8e6c8e38296e40,Mühlhausen,B·B·O·R·S Kreuznacht Rechtsanwälte,2026-04-21T00:57:42.467Z
Fachkraft Leistung SGB II (m/w/d) für das Jobcenter,https://de.indeed.com/viewjob?jk=4cc6808b6ac8a47c,55765 Birkenfeld,Nationalparklandkreis Birkenfeld,2026-03-27T14:55:30.847Z
Rechtsanwaltsfachangestellte/n (m/w/d) in Teilzeit,https://de.indeed.com/viewjob?jk=b61f4fa2bddbc946,47058 Duisburg,MT Rechtsanwalts GmbH,2025-05-07T13:45:16.629Z
Assistenz in Vollzeit für unsere Rechtsabteilung (m/w/d),https://de.indeed.com/viewjob?jk=57d75536b08326cc,Frankfurt am Main,ABG FRANKFURT,2025-02-27T14:29:53.480Z
Auszubildende(r) zur/zum Rechtsanwaltsfachangestelle(n),https://de.indeed.com/viewjob?jk=04e12c2d9e737e32,90482 Nürnberg,Haas & Coll. Anwaltskanzlei,2025-03-20T12:36:46.422Z
Sachbearbeiter/in (w/m/d) im Notariat – Schwerpunkt Gesellschaftsrecht –,https://de.indeed.com/viewjob?jk=30828f4112660613,20095 Hamburg,notariat-bergstrasse,2026-02-11T18:59:26.394Z
Insolvenzsachbearbeiter (m/w/d),https://de.indeed.com/viewjob?jk=5a500bbbbd4b892e,34131 Kassel,Römermann Rechtsanwälte,2026-03-03T09:07:26.616Z
Auszubildende zu Rechtsanwaltsfachangestellten (m/w/d) am Standort Freilassing,https://de.indeed.com/viewjob?jk=c166bc679fed6196,83395 Freilassing,Reubel Grubwinkler Rechtsanwälte PartG,2026-03-16T05:07:37.880Z
Sachbearbeiter (m/w/d) Bürgerservice (Nr. 25/2026),https://de.indeed.com/viewjob?jk=5ffc793dfc350dd7,Weimar,Stadtverwaltung Weimar,2026-03-30T15:42:32.276Z
Spezialist Corporate Governance Risk & Sustainability (m/w/d),https://de.indeed.com/viewjob?jk=78ed00d53fcaf2e0,Lübbecke,MERKUR GROUP,2026-04-20T16:34:05.980Z
Auszubildende (m/w/d),https://de.indeed.com/viewjob?jk=c9fc0f0edb5415b8,40211 Düsseldorf,ITMR Rechtsanwälte GbR,2025-11-02T07:46:14.268Z
Sachbearbeiter (w/m/d) im Bereich Verbraucherinsolvenzen,https://de.indeed.com/viewjob?jk=75c93bf1220baadf,Dortmund,Husemann Partnerschaftsgesellschaft mbB,2026-03-09T14:48:42.623Z
Schuldner- und Insolvenzberater (m/w/d),https://de.indeed.com/viewjob?jk=109f4435e71e59ab,15306 Seelow,Diakonisches Werk Oderland – Spree e.V.,2026-03-06T23:04:22.497Z
"Sachbearbeiter Forderungsmanagement (m/w/d) im Bereich Miet- und WEG-Verwaltung wahlweise in Leipzig, Halle oder Wurzen",https://de.indeed.com/viewjob?jk=a14b217dfebc8e00,04107 Leipzig,Casa Con Service GmbH,2026-03-31T02:07:44.446Z
Verwaltungsangestellte/n (m/w/d) für den Arbeitsbereich Schuldnerberatung,https://de.indeed.com/viewjob?jk=549b4f46334d3ae2,Dreieich,PARITÄTISCHE Projekte gemeinnützige GmbH,2026-04-21T23:21:27.731Z
Rechtsanwaltfachangestellte(M/W/D) Voll/Teilzeit in Magdeburg,https://de.indeed.com/viewjob?jk=9379d1aec0103fe2,39104 Magdeburg,Göhmann Rechtsanwälte und Notare,2026-01-30T23:49:46.687Z
Bürofachkraft (m/w/d) in Voll- oder Teilzeit,https://de.indeed.com/viewjob?jk=4019d70b872ed077,Berlin-Köpenick,BUSE HERZ GRUNST Rechtsanwälte,2026-01-19T21:53:46.724Z
Assistenz in Vollzeit für unsere Rechtsabteilung (m/w/d),https://de.indeed.com/viewjob?jk=57d75536b08326cc,Frankfurt am Main,ABG FRANKFURT,2025-02-27T14:29:53.480Z
AUSZUBILDENDE/R ZUR/ZUM RECHTSANWALTSFACHANGESTELLTE/N (M/W/D),https://de.indeed.com/viewjob?jk=dcee3a230f6d5b09,46047 Oberhausen,Schwentker · Bückmann GbR,2026-03-01T22:04:57.202Z
Auszubildende/​n zur/​m Rechtsanwaltsfachangestellten (m/​w/​d) (Lörrach),https://de.indeed.com/viewjob?jk=51e3c1ce2da6745f,79539 Lörrach,BENDER HARRER KREVET Rechtsanwälte Partnerschaft mbB,2026-03-06T14:16:19.628Z
Sekretärin (m/w/d) in Kassel,https://de.indeed.com/viewjob?jk=61c3602c626de977,Mühlhausen,B·B·O·R·S Kreuznacht Rechtsanwälte,2026-04-21T00:57:42.469Z
Assistenz der Geschäftsführung (m/w/d) Voll- oder Teilzeit,https://de.indeed.com/viewjob?jk=8bbbd94c69ca7940,01067 Dresden,RIEDIGER. legal | tax Rechtsanwaltsgesellschaft mbH,2026-03-10T12:51:04.318Z
Rechtsanwaltsfachangestellte/r,https://de.indeed.com/viewjob?jk=07c52b0132a840e3,Balingen,Dr. Kroll & Partner Rechtsanwälte mbB,2026-01-26T14:40:13.229Z
Rechtsanwalts- und Notarfachangestellte (m/w/d) für das Notariat in Vollzeit oder Teilzeit (ab 15 Std./Woche),https://de.indeed.com/viewjob?jk=ea39efd99c930060,21244 Buchholz in der Nordheide,Peters & Pallaske GbR Rechtsanwälte,2026-03-06T09:13:43.105Z
Sachbearbeiter (m/w/d),https://de.indeed.com/viewjob?jk=79df8655e9df85c0,22083 Hamburg,Rechtsanwälte – Wirtschaftsprüfer Steuerberater – Insolvenzverwalter,2025-02-01T14:36:08.829Z
Sachbearbeiter/-in Zulassungsbehörde (m/w/d),https://de.indeed.com/viewjob?jk=4d8ead87c49cf347,Brandenburg an der Havel,Landesregierung Brandenburg,2026-04-09T08:25:33.845Z
Ausbildungsplatz zur Rechtsanwaltsfachangestellten (m/w/d),https://de.indeed.com/viewjob?jk=38951db31c48aa69,Bonn,Lehmkühler Rechtsanwälte Steuerberater,2026-01-13T06:45:43.683Z
Verwaltungsangestellte (m/w/d) Vorzimmer Gesundheitsamt (202624),https://de.indeed.com/viewjob?jk=067a319d206aad12,Landshut,Landratsamt Landshut,2026-04-22T11:38:31.640Z
Sekretär/in (m/w/d),https://de.indeed.com/viewjob?jk=d7edb91025647827,86956 Schongau,Buchführungsdienst der Bayerischen Jungbauernschaft e.V.,2026-03-16T16:32:04.725Z
Auszubildende/r zur/zum Rechtsanwaltsfachangestellten gesucht,https://de.indeed.com/viewjob?jk=636fdafbd9d8114e,Ober-Mörlen,Reimertshofer GmbH Rechtsanwaltsgesellschaft,2026-03-06T18:39:12.681Z
Verwaltungsmitarbeiter*in (m/w/d) AWO Beratungsdienste,https://de.indeed.com/viewjob?jk=a9ccc3b06e7c7d17,51373 Leverkusen,Arbeiterwohlfahrt Kreisverband Leverkusen e. V.,2026-04-01T11:54:55.853Z
Sachbearbeiter/in (w/m/d) im Notariat – Schwerpunkt Gesellschaftsrecht –,https://de.indeed.com/viewjob?jk=5744008739ed14d8,20095 Hamburg,Hamburgische Notarkammer,2026-02-12T17:42:28.903Z
Sachbearbeitung Bürgerservice (m/w/d),https://de.indeed.com/viewjob?jk=2376cbaabb39833b,Schweinfurt,Landratsamt Schweinfurt,2026-04-08T14:49:39.709Z
Bürosachbearbeiter/in (w/m/d),https://de.indeed.com/viewjob?jk=bc2fb571bb9bd66d,17033 Neubrandenburg,Landesamt für Straßenbau und Verkehr Mecklenburg-Vorpommern,2026-04-07T13:18:14.762Z
Rechtsanwaltsfachangestellte/r,https://de.indeed.com/viewjob?jk=91052f538317e93d,72072 Tübingen,Dr. Kroll & Partner Rechtsanwälte mbB,2026-01-27T14:40:24.237Z
Ausbildungsplatz zur Rechtsanwaltsfachangestellten (m/w/d),https://de.indeed.com/viewjob?jk=38951db31c48aa69,Bonn,Lehmkühler Rechtsanwälte Steuerberater,2026-01-13T06:45:43.683Z
"Assistenz der Geschäftsführung - Verträge, Verwaltung & Sekretariat, Erneuerbare Energien (w/m/d)",https://de.indeed.com/viewjob?jk=14bf9273cb8aeded,46286 Dorsten,Loick Bioenergie GmbH,2026-03-31T12:49:40.784Z
Insolvenzsachbearbeiter (m/w/d),https://de.indeed.com/viewjob?jk=4635ae5b74cf21c5,44141 Dortmund,Streitbörger PartGmbB,2024-12-09T16:01:23.541Z
Mitarbeiter (m/w/d) im Schulsekretariat der Integrierten Gesamtschule in Selters,https://de.indeed.com/viewjob?jk=756ce47eff82662c,56410 Montabaur,Kreisverwaltung des Westerwaldkreises,2026-04-13T02:33:34.323Z
Teamassistenz / Sekretär (m/w/d),https://de.indeed.com/viewjob?jk=1ab1c87da2500b59,14469 Potsdam,NORDEMANN,2026-03-23T13:02:38.270Z
Insolvenzsachbearbeiter (m/w/d) in Mühlhausen,https://de.indeed.com/viewjob?jk=e09d05bf1f7c1e7e,99974 Mühlhausen,B·B·O·R·S Kreuznacht Rechtsanwälte,2026-04-21T00:57:40.856Z
Insolvenzsachbearbeiter/in (m/w/d) in Hiddenhausen,https://de.indeed.com/viewjob?jk=fd1187ee73696982,Mühlhausen,B·B·O·R·S Kreuznacht Rechtsanwälte,2026-04-21T00:57:38.865Z
Teamassistenz im Bereich der Insolvenzverwaltung (m/w/d),https://de.indeed.com/viewjob?jk=f5f9f0aafcbdd3c9,Stuttgart,Rechtsanwalt Dr. Axel Kulas,2025-03-26T08:17:24.605Z
Sachbearbeiter/in (w/m/d) im Notariat – Schwerpunkt Gesellschaftsrecht –,https://de.indeed.com/viewjob?jk=30828f4112660613,20095 Hamburg,notariat-bergstrasse,2026-02-11T18:59:26.394Z
Fachassistent:in für Lohn und Gehalt (m/w/d),https://de.indeed.com/viewjob?jk=2b166d92bf2477aa,09648 Mittweida,ATG Amira Treuhandgesellschaft Chemnitz mbH,2026-04-20T11:05:47.359Z
Bürofachkraft (m/w/d) in Voll- oder Teilzeit,https://de.indeed.com/viewjob?jk=4019d70b872ed077,Berlin-Köpenick,BUSE HERZ GRUNST Rechtsanwälte,2026-01-19T21:53:46.724Z
Verwaltungsangestellte/n (m/w/d) für den Arbeitsbereich Schuldnerberatung,https://de.indeed.com/viewjob?jk=549b4f46334d3ae2,Dreieich,PARITÄTISCHE Projekte gemeinnützige GmbH,2026-04-21T23:21:27.731Z
Mitarbeiter (m/w/d) im Schulsekretariat der Integrierten Gesamtschule in Selters,https://de.indeed.com/viewjob?jk=e94911c021e06b47,56410 Montabaur,Westerwaldkreis,2026-04-13T08:20:16.229Z
Auszubildende/​n zur/​m Rechtsanwaltsfachangestellten (m/​w/​d) (Lörrach),https://de.indeed.com/viewjob?jk=51e3c1ce2da6745f,79539 Lörrach,BENDER HARRER KREVET Rechtsanwälte Partnerschaft mbB,2026-03-06T14:16:19.628Z
Spezialist Corporate Governance Risk & Sustainability (m/w/d),https://de.indeed.com/viewjob?jk=78ed00d53fcaf2e0,Lübbecke,MERKUR GROUP,2026-04-20T16:34:05.980Z
Sekretär/in (m/w/d),https://de.indeed.com/viewjob?jk=995784450acc15c4,03051 Cottbus,Buchführungsdienst der Bayerischen Jungbauernschaft e.V.,2026-03-24T16:31:33.184Z
Assistenz (w/m/d) im Bereich der Insolvenzverwaltung,https://de.indeed.com/viewjob?jk=972f619035af1b24,Dortmund,Husemann Partnerschaftsgesellschaft mbB,2026-03-09T20:54:26.175Z
"Wirtschaftsjurist/in (m/w/d), Dipl. Jurist/in (m/w/d) im Bereich Vergaberecht.",https://de.indeed.com/viewjob?jk=edd3872090cd8535,68161 Mannheim,Ax Rechtsanwälte,2026-02-28T09:06:20.477Z
Auszubildende zu Rechtsanwaltsfachangestellten (m/w/d) am Standort Freilassing,https://de.indeed.com/viewjob?jk=c166bc679fed6196,83395 Freilassing,Reubel Grubwinkler Rechtsanwälte PartG,2026-03-16T05:07:37.880Z
AUSZUBILDENDE/R ZUR/ZUM RECHTSANWALTSFACHANGESTELLTE/N (M/W/D),https://de.indeed.com/viewjob?jk=dcee3a230f6d5b09,46047 Oberhausen,Schwentker · Bückmann GbR,2026-03-01T22:04:57.202Z
Auszubildende (m/w/d),https://de.indeed.com/viewjob?jk=c9fc0f0edb5415b8,40211 Düsseldorf,ITMR Rechtsanwälte GbR,2025-11-02T07:46:14.268Z
Rechtsanwalt/Rechtsanwältin für Verkehrsrecht (m/w/d),https://de.indeed.com/viewjob?jk=47ffc7c52aa5ae66,Deutschland,Rechtsanwaltskanzlei Andreas Polz,2026-02-11T11:24:48.373Z
Justizbeschäftigter (m/w/d),https://de.indeed.com/viewjob?jk=27be89f3d37c938b,Halle (Saale),Landesportal Sachsen-Anhalt,2026-04-07T12:59:05.553Z
Rechtsanwalt mit Schwerpunkt Erbrecht & Arbeitsrecht,https://de.indeed.com/viewjob?jk=47f17869e4cf6875,78056 Villingen-Schwenningen,Welzer Partner,2026-03-12T00:57:15.455Z
Rechtsanwälte (m/w/d),https://de.indeed.com/viewjob?jk=3fa17a804ba9115f,91126 Schwabach,Rechtsanwälte Hausmann & Sandreuther,2025-06-09T14:22:03.126Z
Rechtsanwältin / Rechtsanwalt (m/w/d) für Hamburg,https://de.indeed.com/viewjob?jk=c49b6b0d6c597e62,20354 Hamburg,Posikow Kehren Rechtsanwälte Partnerschaft mbB,2026-03-23T08:18:57.506Z
Rechtsanwalt / Fachanwalt für Bau- und Architektenrecht (m/w/d),https://de.indeed.com/viewjob?jk=1f072839b8fae44f,Langwasser,HLB Hußmann,2025-04-10T16:51:37.132Z
Rechtsanwältin / Rechtsanwalt / Volljurist/in (m/w/d) im Bereich Öffentliches Wirtschaftsrecht/Vergaberecht,https://de.indeed.com/viewjob?jk=0a4a91bfea2dd7f5,Flensburg,Ehler Ermer & Partner,2025-08-11T17:25:41.468Z
Rechtsanwaltsfachangestellte (m/w/d),https://de.indeed.com/viewjob?jk=b83e415922417d0e,76756 Bellheim,Gehrlein & Kollegen GbR,2025-09-02T09:03:21.634Z
Referendare|wissenschaftliche Mitarbeiter (m/w/d),https://de.indeed.com/viewjob?jk=e1041a8cbf647553,Münster,Möllenhoff Rechtsanwälte,2025-09-10T11:12:55.746Z
Referendar(in) (m/w/d) für die Rechtsanwalts- / Wahlstation,https://de.indeed.com/viewjob?jk=77e30da55ffd9320,Henningsdorf,Bergsdorf Rechtsanwälte,2025-08-05T01:16:53.545Z
Rechtsanwaltsfachangestellte(r) / Sekretär/in (m/w/d),https://de.indeed.com/viewjob?jk=7ff8fd1a4daeffab,66424 Homburg,Rechtsanwälte Gebhardt und Kollegen GdbR,2025-08-31T17:20:15.865Z
Rechtsanwalt (w/m/d) Commercial Law / Trade,https://de.indeed.com/viewjob?jk=26b74e92e00021aa,70173 Stuttgart,WTS Tax AG,2026-01-06T18:22:02.249Z
PATENTANWALTSKANDIDAT (M/W/D) der Fachrichtung Maschinenbau,https://de.indeed.com/viewjob?jk=f04859362a4da5a9,80538 München,Meissner Bolte Patentanwälte Rechtsanwälte Partnerschaft mbB,2026-04-06T10:36:13.983Z
Rechtsanwaltsfachangestellte (m/w/d),https://de.indeed.com/viewjob?jk=9c2e13eadac62e0d,20099 Hamburg,Johannsen Rechtsanwälte PartG mbB,2026-03-30T11:15:17.657Z
RECHTSANWALT ZIVILRECHT / WIRTSCHAFTSRECHT (M/W/D),https://de.indeed.com/viewjob?jk=ec8da8ce346bd0df,Osnabrück,"Dr. Rudel, Schäfer & Partner mbB",2025-04-23T14:36:41.522Z
Rechtsanwaltsfachangestellte (m/w/d),https://de.indeed.com/viewjob?jk=1efcc2c68be3da6c,40211 Düsseldorf,ITMR Rechtsanwälte GbR,2025-11-02T08:27:20.736Z
Rechtsanwalt/Rechtsanwältin (M/w/d),https://de.indeed.com/viewjob?jk=1284d1fee982c252,59368 Werne,S & P Schröer GmbH,2025-07-04T20:09:49.707Z
"Patentanwältin / Patentanwalt (m/w/d) Biochemie, Pharmazie oder Life Sciences",https://de.indeed.com/viewjob?jk=70c78f182881809c,Düsseldorf,COHAUSZ & FLORACK Patent- und Rechtsanwälte,2025-07-08T15:22:52.422Z
Rechtsanwaltsfachangestellte (m/w/d) Schwerpunkt Mahn- und Vollstreckungswesen,https://de.indeed.com/viewjob?jk=3bc117cf3cd99a7d,35576 Wetzlar,"Unützer, Wagner, Werding Rechtsanwälte · Steuerberater Partnerschaftsgesellschaft mbB",2025-07-23T12:42:57.672Z
Rechtsanwaltsfachangestellte / Anwaltssekretär (m/w/d),https://de.indeed.com/viewjob?jk=76435963993074fe,14469 Potsdam,NORDEMANN,2026-03-23T13:02:37.956Z
"Stellenangebot als Rechtsanwalt, Strafverteidiger (m/w/d)",https://de.indeed.com/viewjob?jk=a0c94dd6888d9a5d,83395 Freilassing,Reubel Grubwinkler Rechtsanwälte PartG,2026-03-16T05:07:38.670Z
Rechtsanwaltsfachangestellte (w/m/d),https://de.indeed.com/viewjob?jk=fb90ac51e5bfb4a7,86633 Neuburg an der Donau,Notar Dr. Christian Fackelmann,2024-11-23T23:04:58.593Z
Detmold · Rechtsanwältin / Rechtsanwalt (m/w/d) ziviles Wirtschaftsrecht,https://de.indeed.com/viewjob?jk=3a98f73389779cf5,32756 Detmold,BRANDI Rechtsanwälte Partnerschaft mbB,2026-02-10T23:04:40.261Z
Rechtsanwaltsfachangestellt:innen/Fachwirt:innen (m/w/d),https://de.indeed.com/viewjob?jk=330ab20276beff77,76185 Karlsruhe,Nonnenmacher Rechtsanwälte Part mbB,2026-03-30T12:08:47.127Z
Assistenz / Rechtsanwaltsfachangestellte / Rechtsfachwirtin (m/w/d),https://de.indeed.com/viewjob?jk=8fbee58c550ffd70,70191 Stuttgart,Menold Bezler,2026-03-25T14:17:26.835Z
Rechtsanwaltsfachangestellter / Rechtsfachwirt (m/w/d),https://de.indeed.com/viewjob?jk=3dd96034a06a60d6,Hamburg,ECOVIS Webservice GmbH,2026-04-13T13:51:22.269Z
Rechtsanwaltsfachangestellte (m/w/d),https://de.indeed.com/viewjob?jk=f48c2f5c70eb9a1d,20457 Hamburg,Rödl & Partner GmbH,2026-03-03T14:14:21.269Z
Teilnehmer (m/w/d) Roser Summer School (Karriere-Event),https://de.indeed.com/viewjob?jk=533d90a52c08d8e0,Leipzig,Roser Rechtsanwaltsgesellschaft mbH,2026-04-08T19:02:02.847Z
Wissenschaftlicher Mitarbeiter (m/w/d),https://de.indeed.com/viewjob?jk=8908fb06dbf53aab,20457 Hamburg,ASG | Rechtsanwälte Steuerberater Wirtschaftsprüfer,2026-04-21T17:47:13.705Z
Rechtsanwalt Fachrichtung Steuern in Stadtlohn (m/w/d),https://de.indeed.com/viewjob?jk=fa13178519638aa3,48703 Stadtlohn,Weinbrenner & Collegen,2026-03-02T01:13:51.585Z
Rechtsanwaltsfachangestellte,https://de.indeed.com/viewjob?jk=3abf2b74ef2ea15a,09648 Mittweida,"Rechtsanwälte Fessler, Fiebig & Schuster",2025-05-22T08:03:35.527Z
Rechtsanwaltsfachangestellte(r) m/w/d,https://de.indeed.com/viewjob?jk=f8641f139aa326ab,68161 Mannheim,Ax Rechtsanwälte,2025-08-18T15:51:25.664Z
Auszubildende/r zur/zum Rechtsanwaltsfachangestellten gesucht,https://de.indeed.com/viewjob?jk=636fdafbd9d8114e,Ober-Mörlen,Reimertshofer GmbH Rechtsanwaltsgesellschaft,2026-03-06T18:39:12.681Z
Auszubildende zum/zur Rechtsanwaltsfachangestellten (m/w/d),https://de.indeed.com/viewjob?jk=e650fd0ea335d889,56410 Montabaur,Quirmbach & Partner mbB,2026-03-09T13:38:09.328Z
Rechtsanwaltsfachangestellte/r,https://de.indeed.com/viewjob?jk=07c52b0132a840e3,Balingen,Dr. Kroll & Partner Rechtsanwälte mbB,2026-01-26T14:40:13.229Z
Paderborn · Rechtsanwältin / Rechtsanwalt (m/w/d) im Arbeitsrecht,https://de.indeed.com/viewjob?jk=c9ace5c18a3c0045,33102 Paderborn,BRANDI Rechtsanwälte Partnerschaft mbB,2026-02-11T17:26:28.884Z
Rechtsanwaltsfachangestellte/r (m/w/d),https://de.indeed.com/viewjob?jk=ce55221a4b9d3ee4,20354 Hamburg,Posikow Kehren Rechtsanwälte Partnerschaft mbB,2026-03-23T08:24:17.482Z
Rechtsanwaltsfachangestellte (m/w/x),https://de.indeed.com/viewjob?jk=081084a6fc01e447,Zwickau,SCHENK LECHLEITNER KRÖSCH,2024-11-23T11:46:54.530Z
Sachbearbeitung Führerschein (Schalterdienst),https://de.indeed.com/viewjob?jk=be1e180f1fb38aec,07318 Saalfeld,Landratsamt Saalfeld-Rudolstadt,2026-04-20T16:23:11.606Z
Rechtsanwälte (w/m/d),https://de.indeed.com/viewjob?jk=82cc45f55cb78b15,Linnich,Rechtsanwälte Koof & Kollegen,2024-11-23T17:15:48.908Z
Assistenz (w/m/d) für Rechtsanwaltskanzlei mit Schwerpunkt Buchhaltung,https://de.indeed.com/viewjob?jk=7665fd38fdd92b85,12683 Berlin,"Rechtsanwälte Kehrberg, Schuster & Coll.",2026-04-23T15:11:19.310Z
"Ausbildung zur/zum Rechtsanwaltsfachangestellte/n oder Kauffrau/mann für Büromanagement (m, w, d)",https://de.indeed.com/viewjob?jk=a3b2725f535c720c,Stadtlohn,Rechtsanwaltskanzlei Kreimer & Kollegen,2026-02-27T05:16:13.278Z
Rechtsanwalt (m/w/d) Schwerpunkt Bau- und Architektenrecht,https://de.indeed.com/viewjob?jk=683dcdd64bad5515,Öhringen,Rechtsanwälte & Steuerberater RBB & Partner,2026-02-27T21:33:58.642Z
Rechtsanwalt / Rechtsanwältin (m/w/d),https://de.indeed.com/viewjob?jk=c35adefdddce9f7f,Regensburg,Weidner Rechtsanwalt,2026-04-10T01:32:13.594Z
Rechtsanwaltsfachangestellte (m/w/d),https://de.indeed.com/viewjob?jk=dfd8b6fa78e6add9,Bamberg,AfA Rechtsanwälte Frankfurt,2026-04-02T08:30:18.755Z
Rechtsanwaltsfachangestellter (m/w/d),https://de.indeed.com/viewjob?jk=6b6e661ae0cc9a80,Heilbronn,Südwestmetall - Verband der Metall- und Elektroindustrie Baden-Württemberg e.V.,2026-02-10T16:24:58.240Z
Rechtsanwalt (m/w/d) Immobilien- und Baurecht,https://de.indeed.com/viewjob?jk=89085e601ec33178,Düsseldorf,Mütze Korsch Rechtsanwaltsgesellschaft mbH,2025-07-29T17:58:49.263Z
Teamassistent (m/w/d),https://de.indeed.com/viewjob?jk=b638c70a195d8861,Heilbronn,Südwestmetall - Verband der Metall- und Elektroindustrie Baden-Württemberg e.V.,2025-12-22T16:25:27.852Z
Volljurist Arbeitsrecht (m/w/d),https://de.indeed.com/viewjob?jk=da6da7465aa68206,Kassel,CAPERA GmbH & Co. KG,2026-03-24T13:19:29.380Z
Rechtsanwaltsfachangestellter/ Refa (w/m/d) – Halle (Saale),https://de.indeed.com/viewjob?jk=4f20758d64712cd9,06108 Halle (Saale),Brinkmann & Partner,2024-11-23T23:35:36.634Z
Rechtsanwalt/Rechtsanwältin (m/w/d),https://de.indeed.com/viewjob?jk=3d39c64534f98135,76185 Karlsruhe,Nonnenmacher Rechtsanwälte Part mbB,2026-03-30T12:08:47.127Z
Sachbearbeitung (m/w/d) für die Ausländerbehörde beim Bürgeramt,https://de.indeed.com/viewjob?jk=fef07061a884c208,Heilbronn,Stadt Heilbronn,2026-04-14T21:35:31.483Z
Rechtsanwalts- und Notarfachangestellte (m/w/d),https://de.indeed.com/viewjob?jk=5ec3fd20e99f58c7,28195 Bremen,GÖRG Partnerschaft von Rechtsanwälten mbB,2025-11-10T14:21:59.135Z
Sekretärin (m/w/d) in Kassel,https://de.indeed.com/viewjob?jk=61c3602c626de977,Mühlhausen,B·B·O·R·S Kreuznacht Rechtsanwälte,2026-04-21T00:57:42.469Z
Rechtsanwaltsfachangestellte (m/w/d) für unser Inkasso-Team,https://de.indeed.com/viewjob?jk=beccfd1bb240ca75,59063 Hamm,First Debit GmbH,2025-03-28T07:55:04.495Z
Rechtsanwalt (m|w|d) für den Bereich Arbeitsrecht,https://de.indeed.com/viewjob?jk=35a1fa5dd325b91a,64295 Darmstadt,MOOG Partnerschaftsgesellschaft mbB,2026-04-15T15:45:59.746Z
Rechtsanwaltsfachangestellte/n / Rechtsanwaltsfachwirt/in,https://de.indeed.com/viewjob?jk=09237d8823b2f3a9,30880 Laatzen,"Rechtsanwälte & Notar Dr. Winfried Lippmann, Hennigs & Coll.",2026-04-02T14:06:30.600Z
Rechtsanwaltsfachangestellte (m/w/d),https://de.indeed.com/viewjob?jk=67384333ac12d9fd,70174 Stuttgart,FEBA Consulting UG (haftungsbeschränkt),2026-04-01T12:20:00.910Z
Rechtsanwaltsfachangestellte (m/w/d),https://de.indeed.com/viewjob?jk=ba77ba0a627a3023,Home Office,WELCO GmbH & Co. KG,2026-04-24T11:45:38.954Z
Rechtsanwaltsfachangestellte (m/w/d),https://de.indeed.com/viewjob?jk=0d0a29a1896948f1,Freising,SGP Treuhand,2024-12-01T15:00:02.218Z
Auszubildende/r zur/m Rechtsanwaltsfachangestellten,https://de.indeed.com/viewjob?jk=cd16c5172aa90273,91126 Schwabach,Rechtsanwälte Hausmann & Sandreuther,2025-06-09T14:22:04.970Z
Sekretär/in (m/w/d),https://de.indeed.com/viewjob?jk=d7edb91025647827,86956 Schongau,Buchführungsdienst der Bayerischen Jungbauernschaft e.V.,2026-03-16T16:32:04.725Z
Bürokauffrau/-mann (m/w/d),https://de.indeed.com/viewjob?jk=b4b38c9c6b7635cd,45130 Essen,BISTER BRUNKE Rechtsanwälte PartG mbB PartGmbB,2025-12-03T16:05:07.552Z
Rechtsanwalt (m/w/d) Bau- und Architektenrecht,https://de.indeed.com/viewjob?jk=c6209adebdaf1c9f,Schwäbisch Hall,ADVOCA Rechtsanwälte PartG mbB,2026-01-26T16:10:29.239Z
Head of Group Paralegal (w/m/d) 80-100 %,https://de.indeed.com/viewjob?jk=b0d9fef66144a485,79576 Weil am Rhein,Endress+Hauser Group Services Germany,2026-03-12T10:59:51.483Z
Rechtsanwaltsfachangestellte * Rechtsanwaltsfachangestellter,https://de.indeed.com/viewjob?jk=6f030e6f2535223a,09599 Freiberg,BSKP Dr. Broll Schmitt Kaufmann & Partner,2025-12-04T00:12:55.407Z
Rechtsanwaltsfachangestellte für Wirtschafts- und Rechtsberatung (m/w/d),https://de.indeed.com/viewjob?jk=2f875b4e9332994e,44149 Dortmund,FINEOO Inhaber Eric Martin,2026-03-24T09:10:53.770Z
Rechtsanwaltsfachangestellte/r (m/w/d),https://de.indeed.com/viewjob?jk=b6c3804e3428bb25,Weimar,Saller Gruppe,2026-03-03T07:11:08.498Z
Rechtsanwaltsfachangestellte*,https://de.indeed.com/viewjob?jk=50737697979b1acf,86551 Aichach,Energiebauern GmbH,2026-03-03T14:26:40.467Z
AUSZUBILDENDE ALS RECHTSANWALTSFACHANGESTELLTE (m/w/divers),https://de.indeed.com/viewjob?jk=88fcde30e6c15d29,Koblenz,"Rechtsanwälte Zakrzewski, Turowski und Leberig (GbR)",2025-04-06T15:12:48.750Z
Rechtsanwaltsfachangestellter/kfm. Mitarbeiter (m/w/d) Baurecht,https://de.indeed.com/viewjob?jk=9c785bcb1698bc66,55469 Simmern,DFH Haus GmbH,2026-01-22T14:50:17.783Z
Rechtsanwaltsfachangestellte/r,https://de.indeed.com/viewjob?jk=2b8f2249cf815cab,93049 Regensburg,Rechtsanwaltskanzlei Christian Hopfner,2026-02-26T21:23:00.160Z
Rechtsanwaltsfachangestellte (m/w/d),https://de.indeed.com/viewjob?jk=ba5364ccafbe5ad8,49809 Lingen,Streitbörger PartGmbB,2025-08-13T17:01:22.453Z
Quereinsteiger (m/w/d),https://de.indeed.com/viewjob?jk=a775bae8a6363374,Singen (Hohentwiel),BKK Linde,2026-04-23T08:51:16.993Z
Rechtsanwaltsfachangestellte (m/w/d),https://de.indeed.com/viewjob?jk=f48c2f5c70eb9a1d,20457 Hamburg,Rödl & Partner GmbH,2026-03-03T14:14:21.269Z
Rechtsanwaltsfachangestellte (m/w/d) in Teilzeit – 20–25 Std.,https://de.indeed.com/viewjob?jk=447ce2e850d86dfc,80469 München,Rechtsanwalt Ismet Mujakic,2026-04-20T16:15:27.827Z
Rechtsanwaltsfachangestellte (m/w/d) für unser Inkasso-Team,https://de.indeed.com/viewjob?jk=beccfd1bb240ca75,59063 Hamm,First Debit GmbH,2025-03-28T07:55:04.495Z
Sekretär/in (m/w/d),https://de.indeed.com/viewjob?jk=995784450acc15c4,03051 Cottbus,Buchführungsdienst der Bayerischen Jungbauernschaft e.V.,2026-03-24T16:31:33.184Z
Insolvenzsachbearbeiter (m/w/d),https://de.indeed.com/viewjob?jk=d6c3b143d11c87e6,47051 Duisburg,Streitbörger PartGmbB,2024-12-09T16:01:17.794Z
Rechtsanwaltsfachangestellter/ Refa (w/m/d) – Halle (Saale),https://de.indeed.com/viewjob?jk=4f20758d64712cd9,06108 Halle (Saale),Brinkmann & Partner,2024-11-23T23:35:36.634Z
Sachbearbeitung (m/w/d) für die Ausländerbehörde beim Bürgeramt,https://de.indeed.com/viewjob?jk=fef07061a884c208,Heilbronn,Stadt Heilbronn,2026-04-14T21:35:31.483Z
Rechtsanwaltsfachangestellte*,https://de.indeed.com/viewjob?jk=50737697979b1acf,86551 Aichach,Energiebauern GmbH,2026-03-03T14:26:40.467Z
Sachbearbeitung Führerschein (Schalterdienst),https://de.indeed.com/viewjob?jk=be1e180f1fb38aec,07318 Saalfeld,Landratsamt Saalfeld-Rudolstadt,2026-04-20T16:23:11.606Z
Verwaltungsmitarbeiter*in (m/w/d) AWO Beratungsdienste,https://de.indeed.com/viewjob?jk=a9ccc3b06e7c7d17,51373 Leverkusen,Arbeiterwohlfahrt Kreisverband Leverkusen e. V.,2026-04-01T11:54:55.853Z
Mitarbeiter (m/w/d) Büromanagement – Rechtsanwaltskanzlei,https://de.indeed.com/viewjob?jk=5a446b075f7310dd,Hamburg,Bartsch & Kollegen,2026-03-17T14:01:34.483Z
Auszubildende/r zur/m Rechtsanwaltsfachangestellten,https://de.indeed.com/viewjob?jk=cd16c5172aa90273,91126 Schwabach,Rechtsanwälte Hausmann & Sandreuther,2025-06-09T14:22:04.970Z
Rechtsanwaltsfachangestellter (m/w/d),https://de.indeed.com/viewjob?jk=6b6e661ae0cc9a80,Heilbronn,Südwestmetall - Verband der Metall- und Elektroindustrie Baden-Württemberg e.V.,2026-02-10T16:24:58.240Z
Head of Group Paralegal (w/m/d) 80-100 %,https://de.indeed.com/viewjob?jk=b0d9fef66144a485,79576 Weil am Rhein,Endress+Hauser Group Services Germany,2026-03-12T10:59:51.483Z
Rechtsanwalt (m/w/d) | Teilzeit | Remote-Option,https://de.indeed.com/viewjob?jk=f0a162e2bbea596b,Reichenbach im Vogtland,Kanzlei Labitzke,2026-02-25T13:27:47.933Z
Rechtsanwälte (m/w/d),https://de.indeed.com/viewjob?jk=9546b3da21849bde,56218 Mülheim-Kärlich,Wengenstein Rechtsanwälte,2025-07-24T18:17:28.363Z
"Assistenz der Geschäftsführung - Verträge, Verwaltung & Sekretariat, Erneuerbare Energien (w/m/d)",https://de.indeed.com/viewjob?jk=14bf9273cb8aeded,46286 Dorsten,Loick Bioenergie GmbH,2026-03-31T12:49:40.784Z
Fachkraft Beiträge/ Insolvenz  und Forderungsmanagement (w/m/d),https://de.indeed.com/viewjob?jk=cd8940fd0c3f6ae7,45657 Recklinghausen,IKK classic,2026-03-30T18:40:08.884Z
Rechtsanwaltsfachangestellte/r (m/w/d),https://de.indeed.com/viewjob?jk=b6c3804e3428bb25,Weimar,Saller Gruppe,2026-03-03T07:11:08.498Z
Assistenz Rechtsabteilung / Rechtsanwaltsfachangestellte (m/w/d),https://de.indeed.com/viewjob?jk=b6cf56959d1d6835,Baden-Baden,DRK-Blutspendedienst Baden-Württemberg - Hessen gemeinnützige GmbH,2026-03-18T12:57:30.160Z
Quereinsteiger (m/w/d),https://de.indeed.com/viewjob?jk=a775bae8a6363374,Singen (Hohentwiel),BKK Linde,2026-04-23T08:51:16.993Z
Rechtsanwaltsfachangestellte (m/w/d) in Vollzeit oder Teilzeit,https://de.indeed.com/viewjob?jk=3926aaebbd6f9e06,Münster,Möllenhoff Rechtsanwälte,2025-09-10T11:12:56.612Z
Sachbearbeiter (m/w/d) Handwerksrolle,https://de.indeed.com/viewjob?jk=47e634d2ed3cd9e6,50667 Köln,Handswerkskammer zu Köln,2026-03-04T14:36:35.586Z
Rechtsanwaltsfachangestellte (m/w/d),https://de.indeed.com/viewjob?jk=b140bef33fe70f8e,16341 Panketal,Hand in Hand Alltagshelfer UG (haftungsbeschränkt),2026-04-01T19:02:15.209Z
Rechtsanwaltsfachangestellte (m/w/d),https://de.indeed.com/viewjob?jk=414174b239faa8a2,45130 Essen,BISTER BRUNKE Rechtsanwälte PartG mbB PartGmbB,2025-11-29T10:05:06.435Z
Rechtsanwaltsfachangestellte/r,https://de.indeed.com/viewjob?jk=07c52b0132a840e3,Balingen,Dr. Kroll & Partner Rechtsanwälte mbB,2026-01-26T14:40:13.229Z
Rechtsanwaltsfachangestellte/r (m/w/d),https://de.indeed.com/viewjob?jk=090f0987bf7c29e9,08525 Plauen,Augustin & Krückel Rechtsanwälte und Fachanwälte,2025-07-30T20:44:01.562Z
Anwaltsassistenz / Teamassistenz (w/m/d),https://de.indeed.com/viewjob?jk=7c0de9cd8b3189c4,60329 Frankfurt am Main,Gleiss Lutz,2026-02-19T03:38:38.143Z
"Ausbildung zur/zum Rechtsanwaltsfachangestellte/n oder Kauffrau/mann für Büromanagement (m, w, d)",https://de.indeed.com/viewjob?jk=a3b2725f535c720c,Stadtlohn,Rechtsanwaltskanzlei Kreimer & Kollegen,2026-02-27T05:16:13.278Z
Du liebst Marken? Dann werde Markensachbearbeiter*in (m/w/d) bei HÄRTING,https://de.indeed.com/viewjob?jk=66375737c40da72b,10115 Berlin,HÄRTING Rechtsanwälte PartGmbB,2026-04-14T14:37:07.245Z
Rechtsanwaltsfachangestellte * Rechtsanwaltsfachangestellter,https://de.indeed.com/viewjob?jk=6f030e6f2535223a,09599 Freiberg,BSKP Dr. Broll Schmitt Kaufmann & Partner,2025-12-04T00:12:55.407Z
Rechtsanwaltsfachangestellter (m/w/d),https://de.indeed.com/viewjob?jk=14afada4c3c8208c,12683 Berlin,"Rechtsanwälte Kehrberg, Schuster & Coll.",2026-04-23T13:51:01.307Z
Rechtsanwalts- und Notarfachangestellte (m/w/d),https://de.indeed.com/viewjob?jk=5ec3fd20e99f58c7,28195 Bremen,GÖRG Partnerschaft von Rechtsanwälten mbB,2025-11-10T14:21:59.135Z
Rechtsanwalt / Inhouse Legal Counsel (m/w/d) – Photovoltaik,https://de.indeed.com/viewjob?jk=9a77d079f3fbaa85,23570 Lübeck,Hanseatic Projektentwicklung GmbH,2026-02-16T10:28:29.669Z
Rechtsanwalt (m/w/d) mit Entwicklungsperspektive in der Insolvenzverwaltung,https://de.indeed.com/viewjob?jk=f9eb02f8b28c3175,68163 Mannheim,Schiebe und Collegen,2026-03-30T22:09:32.777Z
Sachbearbeiter Insolvenzen (w/m/d) – Kiel,https://de.indeed.com/viewjob?jk=fc2601290e6c6cc9,24103 Kiel,Brinkmann & Partner,2024-11-30T12:12:33.530Z
Sachbearbeiter (m/w/d) im Bereich Insolvenztabelle,https://de.indeed.com/viewjob?jk=2f27d1a80c5f182e,70178 Stuttgart,GÖRG Partnerschaft von Rechtsanwälten mbB,2025-06-16T21:25:45.941Z
Insolvenzsachbearbeiter (m/w/d),https://de.indeed.com/viewjob?jk=d6c3b143d11c87e6,47051 Duisburg,Streitbörger PartGmbB,2024-12-09T16:01:17.794Z
SB Vorzimmer (m/w/d) im Fachbereich Soziales/Jugend am Standort Stralsund,https://de.indeed.com/viewjob?jk=03bc0fe058f01435,18437 Stralsund,Landkreis Vorpommern-Rügen,2026-04-16T13:27:58.954Z
AUSZUBILDENDE ALS RECHTSANWALTSFACHANGESTELLTE (m/w/divers),https://de.indeed.com/viewjob?jk=88fcde30e6c15d29,Koblenz,"Rechtsanwälte Zakrzewski, Turowski und Leberig (GbR)",2025-04-06T15:12:48.750Z
Fachassistent:in für Lohn und Gehalt (m/w/d),https://de.indeed.com/viewjob?jk=2ef974813e308473,09112 Chemnitz,ATG Amira Treuhandgesellschaft Chemnitz mbH,2026-04-20T11:05:46.756Z
Teamassistent (m/w/d),https://de.indeed.com/viewjob?jk=b638c70a195d8861,Heilbronn,Südwestmetall - Verband der Metall- und Elektroindustrie Baden-Württemberg e.V.,2025-12-22T16:25:27.852Z
Jurist m/w/d für rechtliche Grundsatzthemen,https://de.indeed.com/viewjob?jk=7fb43c5af381dc12,Kornwestheim,Karriereseite_cobisiconsult,2026-03-07T21:59:18.675Z
Rechtsanwaltsfachangestellte/r (m/w/d),https://de.indeed.com/viewjob?jk=e3a5be95168b9f37,Mannheim,Pabst | Lorenz Partner PartG mbB,2024-12-16T12:32:58.480Z
ReFa / Rechtsanwaltsfachangestellter (m/w/d) | Vollzeit oder Teilzeit | Remote-Option,https://de.indeed.com/viewjob?jk=4a27ea04d9636b6f,Reichenbach im Vogtland,Kanzlei Labitzke,2026-02-25T13:27:37.649Z
RECHTSANWÄLT:IN (M/W/D),https://de.indeed.com/viewjob?jk=20f534ecf10d7f7c,Hamburg-Altona,MW Mittelstein Legal PartG mbB,2025-10-09T16:31:31.873Z
Referendare (w/m/d/ohne Angabe),https://de.indeed.com/viewjob?jk=46d0693ec3d03fbe,20355 Hamburg,Rechtsanwälte münchow commandeur brügge PartG mbB,2025-12-01T13:15:28.941Z
Backoffice Manager (M/W/D),https://de.indeed.com/viewjob?jk=750a86ec47206e28,50667 Köln,Schmitz+Partner mbB Steuerberatungsgesellschaft,2026-04-01T16:54:04.369Z
Auszubildende zum/zur Rechtsanwaltsfachangestellten (m/w/d),https://de.indeed.com/viewjob?jk=e650fd0ea335d889,56410 Montabaur,Quirmbach & Partner mbB,2026-03-09T13:38:09.328Z
Rechtsanwalts- und Notarfachangestellte/r (m/w/d),https://de.indeed.com/viewjob?jk=89578f2422a9a9e6,Flensburg,Brock Müller Ziegenbein Rechtsanwälte mbB,2025-05-13T19:58:25.472Z
Assistenz Rechtsabteilung / Rechtsanwaltsfachangestellte (m/w/d),https://de.indeed.com/viewjob?jk=b6cf56959d1d6835,Baden-Baden,DRK-Blutspendedienst Baden-Württemberg - Hessen gemeinnützige GmbH,2026-03-18T12:57:30.160Z
Rechtsanwaltsfachangestellte*r (m/w/d),https://de.indeed.com/viewjob?jk=90f1da69d1f9d0ea,36466 Dermbach,MSN-Rechtsanwaltsgesellschaft mbH,2026-02-17T03:25:41.223Z
Sachbearbeiter/-in Einrichtungsmanagement (m/w/d),https://de.indeed.com/viewjob?jk=9f57f3ea87122b48,14772 Brandenburg an der Havel,Stadt Brandenburg an der Havel,2026-04-08T10:42:15.857Z
Insolvenzsachbearbeiter m/w/d,https://de.indeed.com/viewjob?jk=23a936357c58c2f9,Berlin,Graf Treuhand GmbH,2026-03-03T15:01:36.236Z
Rechtsanwaltsfachangestellte (m/w/d),https://de.indeed.com/viewjob?jk=b140bef33fe70f8e,16341 Panketal,Hand in Hand Alltagshelfer UG (haftungsbeschränkt),2026-04-01T19:02:15.209Z
Assistent/-in Recht (w/m/d) Personal im Internen Service (Arbeitsort Nürnberg),https://de.indeed.com/viewjob?jk=efcb192f0e64f039,Nürnberg,Bundesagentur für Arbeit (BA),2026-04-21T12:20:50.401Z
Rechtsanwaltsfachangestellte (m/w/d),https://de.indeed.com/viewjob?jk=868ef673f08bd97c,Bielefeld,Rechtsanwaltskanzlei Bino Akin,2025-08-21T09:13:52.283Z
Rechtsanwaltsfachangestellte/r / Assistenz (m/w/d),https://de.indeed.com/viewjob?jk=de67953bfabda844,München,Redeker Sellner Dahs,2025-04-07T10:03:41.339Z
Rechtsanwaltsfachangestellte:r (m/w/d),https://de.indeed.com/viewjob?jk=5b5d8e6562ed0b9c,90449 Nürnberg,KSR | Kanzlei Siegfried Reulein,2025-05-18T16:56:24.605Z
Rechtsanwaltsfachangestellte (w/m/d) in Hamminkeln/Niederrhein,https://de.indeed.com/viewjob?jk=13239cc264f7a3b1,46499 Hamminkeln,HTM Meyer Venn & Partner,2025-07-04T12:48:22.419Z
Fachkraft Beiträge/ Insolvenz  und Forderungsmanagement (w/m/d),https://de.indeed.com/viewjob?jk=cd8940fd0c3f6ae7,45657 Recklinghausen,IKK classic,2026-03-30T18:40:08.884Z
Rechtsanwaltsfachangestellte / Rechtsfachwirtin (w/m/d),https://de.indeed.com/viewjob?jk=4c3720eea17bb532,51429 Bergisch Gladbach,Bietmann Rechtsanwälte Steuerberater PartmbB,2026-01-26T10:21:30.650Z
"Bürosachbearbeiter/-in M3 - Bundesrat/Innenministerkonferenz (E 9a TV-L) als Elternzeitvertretung im Thrüinger Ministerium für Inneres, Kommunales und Landesentwicklung",https://de.indeed.com/viewjob?jk=af7557afd04b9f7d,Erfurt,"Thüringer Ministerium für Inneres, Kommunales und Landesentwicklung - Referat 11",2026-04-07T10:47:18.321Z
Fachassistent:in für Lohn und Gehalt (m/w/d),https://de.indeed.com/viewjob?jk=2ef974813e308473,09112 Chemnitz,ATG Amira Treuhandgesellschaft Chemnitz mbH,2026-04-20T11:05:46.756Z
"Sachbearbeitung Führerschein (Schalterdienst, befristet)",https://de.indeed.com/viewjob?jk=b388334dffbb74d5,07318 Saalfeld,Landratsamt Saalfeld-Rudolstadt,2026-04-20T16:23:13.177Z
Mitarbeiter (m/w/d) Debitorenbuchhaltung,https://de.indeed.com/viewjob?jk=0e635701098a57b0,Essen,Luttermann GmbH,2026-04-09T17:13:06.350Z
Markensachbearbeiter (m/w/d),https://de.indeed.com/viewjob?jk=4f965adf7ee547b6,20457 Hamburg,White & Case LLP,2026-04-09T16:11:45.689Z
Sachbearbeiter Insolvenztabelle (w/m/d) - Hamburg,https://de.indeed.com/viewjob?jk=b9736f1e99f2da7f,22087 Hamburg,Brinkmann & Partner,2026-02-04T09:49:43.580Z
Sachbearbeiter Insolvenzabteilung / Kaufmann/frau für Büromanagement / Bürokaufmann/frau / Rechtsanwaltsfachangestellte/r (m/w/d),https://de.indeed.com/viewjob?jk=9eab8fa97dbcc449,Erfurt,eureos gmbh,2025-02-12T16:54:39.245Z
Sachbearbeiter/-in (m/w/d) für die Fahrerlaubnisbehörde,https://de.indeed.com/viewjob?jk=1652f1d2ad5096f7,85276 Pfaffenhofen an der Ilm,Regierung von Oberbayern,2026-04-21T14:07:13.290Z
Sekretär/in (m/w/d),https://de.indeed.com/viewjob?jk=995784450acc15c4,03051 Cottbus,Buchführungsdienst der Bayerischen Jungbauernschaft e.V.,2026-03-24T16:31:33.184Z
Legal Assistant (m/w/d),https://de.indeed.com/viewjob?jk=c9baf03810ef420b,Friedrichshafen,ETL Bodensee Holding Steuerberatungsgesellschaft mbH,2026-04-20T21:44:08.872Z
Assistent/in / Rechtsanwaltsfachangestellte/r (m/w/d) // Admin. Assistant / Paralegal,https://de.indeed.com/viewjob?jk=27dc609f3e88a522,München,onsemi,2026-02-24T23:11:25.405Z
Assistenz in Wirtschaftskanzlei (w/m/d) Voll- oder Teilzeit,https://de.indeed.com/viewjob?jk=ff1b7c43b94fec6e,Hamburg,Taylor Wessing Partnerschaftsgesellschaft mbB,2026-04-14T03:44:16.974Z
Verwaltungsangestellte (m/w/d),https://de.indeed.com/viewjob?jk=cec57549b2683492,96052 Bamberg,Deutsches Erwachsenen-Bildungswerk,2026-01-29T13:11:53.716Z
Compliance Associates I Senior Associates,https://de.indeed.com/viewjob?jk=b1ee9345a4f8fa3f,80538 München,pikepartners. Rechtsanwaltsgesellschaft mbH,2026-04-09T07:06:02.120Z
Rechtsanwälte (m/w/d),https://de.indeed.com/viewjob?jk=7b01c038de77e41d,56626 Andernach,Kerkmann • Saame • Jeromin,2025-12-03T23:17:36.388Z
Rechtsanwaltsfachangestellter (m/w/d) in Voll- oder Teilzeit für den Standort Hamburg,https://de.indeed.com/viewjob?jk=c7222653cebba633,Hamburg,Reimer Rechtsanwälte,2024-11-30T03:14:01.646Z
Geprüfter Rechtsfachwirt m/w/d Rechtsanwaltsfachangestellte m/w/d Bürofachkraft m/w/d in Teilzeit oder Vollzeit,https://de.indeed.com/viewjob?jk=68ab4bbf00d52840,Albstadt,Scharf • Hafner & Partner mbB,2025-03-14T13:09:18.360Z
Jurist / Rechtsanwalt Teilzeit (m/w/d),https://de.indeed.com/viewjob?jk=732f4cc89d74b6e4,Kulmbach,VA Verkehrsakademie Holding GmbH & CO. KG,2025-07-24T19:58:14.450Z
Rechtsanwaltsfachangestellter als Bearbeiter in der Geschäftsstelle (m/w/d),https://de.indeed.com/viewjob?jk=d66f0adf474a1280,80634 München,Sozialgericht München,2026-04-21T08:24:52.270Z
IT-Administrator (m/w/d) in Voll- oder Teilzeit,https://de.indeed.com/viewjob?jk=bf4de6bd843182b0,02708 Löbau,RIEDIGER. legal | tax Rechtsanwaltsgesellschaft mbH,2025-12-03T12:50:30.202Z
Teamleitung Bürgerservice (m/w/d),https://de.indeed.com/viewjob?jk=8d9e8fd159afe34d,Niesky,Landkreis Görlitz,2026-04-21T12:40:55.798Z
Verwaltungsangestellter (m/w/d) in Vollzeit VdK Augsburg,https://de.indeed.com/viewjob?jk=4320924a59bf36f2,86150 Augsburg,Sozialverband VdK Bayern e.V.,2026-04-21T17:20:53.772Z
Rechtsanwalt (m/w/d),https://de.indeed.com/viewjob?jk=7e94ed82264e50ec,60325 Frankfurt am Main,MEK Rechtsanwaltsgesellschaft mbH,2026-04-24T16:02:44.583Z
eine/n Rechtsanwaltsfachangestellte/n (m/w/d),https://de.indeed.com/viewjob?jk=e2b3b0ba92557898,86150 Augsburg,Kanzlei Professor Herrmann & Kollegen,2026-04-21T13:04:25.571Z
Teamassistenz/Sekretariat im Bereich Insolvenzverwaltung in Voll- oder Teilzeit (m/w/d),https://de.indeed.com/viewjob?jk=4766a245866fd7d9,10623 Berlin,GÖRG Partnerschaft von Rechtsanwälten mbB,2026-04-15T15:15:51.645Z
Sachbearbeiter Insolvenzen (w/m/d) – Kiel,https://de.indeed.com/viewjob?jk=fc2601290e6c6cc9,24103 Kiel,Brinkmann & Partner,2024-11-30T12:12:33.530Z
Studenten der Rechtswissenschaften (m/w/d) zur Mitarbeit in unserer Kanzlei,https://de.indeed.com/viewjob?jk=50a2c95f7b76ea16,57223 Kreuztal,Rechtsanwälte Kotz GbR,2025-03-24T19:01:19.309Z
Sekretär:in,https://de.indeed.com/viewjob?jk=6d1448f107086e66,Erfurt,ECOVIS Webservice GmbH,2026-02-06T16:57:03.249Z
Justizfachwirt (m/w/d),https://de.indeed.com/viewjob?jk=b9325cb5a4243115,Stendal,Landesportal Sachsen-Anhalt,2026-03-13T18:00:37.621Z
Rechtsanwaltsfachangestellte / Rechtsfachwirtin (w/m/d),https://de.indeed.com/viewjob?jk=4c3720eea17bb532,51429 Bergisch Gladbach,Bietmann Rechtsanwälte Steuerberater PartmbB,2026-01-26T10:21:30.650Z
Mitarbeiter*in im Vorzimmer,https://de.indeed.com/viewjob?jk=2e329af36376637c,Hattingen,Stadt Hattingen,2026-04-10T14:35:37.113Z
Anwaltsassistenz / Teamassistenz (w/m/d),https://de.indeed.com/viewjob?jk=7c0de9cd8b3189c4,60329 Frankfurt am Main,Gleiss Lutz,2026-02-19T03:38:38.143Z
Rechtsanwaltsfachangestellte(r) (w/m/d),https://de.indeed.com/viewjob?jk=a6b0a0962b26d9d0,44269 Dortmund,Kloth Versicherungsrecht,2025-10-21T12:17:06.314Z
Insolvenzsachbearbeiter (m/w/d),https://de.indeed.com/viewjob?jk=6193117a4be521e6,20457 Hamburg,GÖRG Partnerschaft von Rechtsanwälten mbB,2026-04-20T21:21:43.480Z
Verwaltungsangestellte (m/w/d),https://de.indeed.com/viewjob?jk=cec57549b2683492,96052 Bamberg,Deutsches Erwachsenen-Bildungswerk,2026-01-29T13:11:53.716Z
Assistenz der Geschäftsführung (m/w/d) Voll- oder Teilzeit,https://de.indeed.com/viewjob?jk=8bbbd94c69ca7940,01067 Dresden,RIEDIGER. legal | tax Rechtsanwaltsgesellschaft mbH,2026-03-10T12:51:04.318Z
Assistent/-in Recht (w/m/d) Personal im Internen Service (Arbeitsort Nürnberg),https://de.indeed.com/viewjob?jk=efcb192f0e64f039,Nürnberg,Bundesagentur für Arbeit (BA),2026-04-21T12:20:50.401Z
Sachbearbeiter für die Bearbeitung der Insolvenztabelle (m/w/d) Mainz,https://de.indeed.com/viewjob?jk=56bb1f67d908208c,55118 Mainz,Schiebe und Collegen,2025-04-18T05:18:38.490Z
Insolvenzsachbearbeiter m/w/d,https://de.indeed.com/viewjob?jk=23a936357c58c2f9,Berlin,Graf Treuhand GmbH,2026-03-03T15:01:36.236Z
Sachbearbeiter Recht (m/w/d),https://de.indeed.com/viewjob?jk=9832f5f2bc2ea587,Osnabrück,Kaffee Partner GmbH,2026-03-16T16:46:24.364Z
Mitarbeiter (m/w/d) Debitorenbuchhaltung,https://de.indeed.com/viewjob?jk=0e635701098a57b0,Essen,Luttermann GmbH,2026-04-09T17:13:06.350Z
Legal Assistent (d/m/w) – Teilzeit 30 Std./Woche,https://de.indeed.com/viewjob?jk=7dd50e15a0877d75,10785 Berlin,Toll Collect GmbH,2026-03-27T21:55:05.618Z
Rechtsanwaltsfachangestellter/kfm. Mitarbeiter (m/w/d) Baurecht,https://de.indeed.com/viewjob?jk=9c785bcb1698bc66,55469 Simmern,DFH Haus GmbH,2026-01-22T14:50:17.783Z
Rechtsanwaltsfachangestellte/r (m/w/d),https://de.indeed.com/viewjob?jk=a87f9420565c0b92,50679 Köln,Kanzlei Voigt Rechtsanwalts GmbH,2024-12-01T06:07:13.314Z
Rechtsreferendare und Referendarinnen,https://de.indeed.com/viewjob?jk=4ee8f51252e62cb5,52064 Aachen,AIXLAW Rechtsanwälte,2025-04-25T19:16:26.488Z
Rechtsanwalt (m/w/d) - Erneuerbare Energien (Zivilrecht) -,https://de.indeed.com/viewjob?jk=97d504386ee6447d,59555 Lippstadt,"Engemann und Partner, Rechtsanwälte mbB",2026-04-08T17:12:15.567Z
"Patentanwalts-, Rechtsanwalts- oder Notarfachangestellte(n) (m/w/d) in Voll- oder Teilzeit",https://de.indeed.com/viewjob?jk=95d67b0a14fa530e,Koblenz,Hannke Bittner & Partner mbB,2025-12-10T11:10:20.709Z
"Sachbearbeiter/in Innendienst (m,w,d)",https://de.indeed.com/viewjob?jk=707d42bda4451c13,18055 Rostock,Hanse- und Universitätsstadt Rostock,2026-04-10T10:32:46.119Z
Fachassistent/in Lohn und Gehalt (m/w/d) in Voll- oder Teilzeit,https://de.indeed.com/viewjob?jk=5768be0e7f13ce6a,01067 Dresden,RIEDIGER. legal | tax Rechtsanwaltsgesellschaft mbH,2025-07-08T13:51:46.750Z
Patentanwaltsfachangestellte (m/w/d) in Vollzeit oder Teilzeit (mögl. 5 Tage/Woche),https://de.indeed.com/viewjob?jk=4c0c4d59a49a4680,80801 München,"isarpatent, Patent- und Rechtsanwälte",2025-10-13T16:07:54.190Z
Geschäftsstelle der Gleichstellungsbeauftragten (m/w/d),https://de.indeed.com/viewjob?jk=858374e6d1ed29f4,24106 Kiel,Wasserstraßen- und Schifffahrtsamt Weser,2026-04-03T07:24:26.630Z
Sachbearbeiter Insolvenztabelle (w/m/d) - Hamburg,https://de.indeed.com/viewjob?jk=b9736f1e99f2da7f,22087 Hamburg,Brinkmann & Partner,2026-02-04T09:49:43.580Z
Sachbearbeiter (m/w/d) im Bereich Insolvenztabelle,https://de.indeed.com/viewjob?jk=2f27d1a80c5f182e,70178 Stuttgart,GÖRG Partnerschaft von Rechtsanwälten mbB,2025-06-16T21:25:45.941Z
Backoffice Manager (M/W/D),https://de.indeed.com/viewjob?jk=750a86ec47206e28,50667 Köln,Schmitz+Partner mbB Steuerberatungsgesellschaft,2026-04-01T16:54:04.369Z
"Rechtsanwaltsfachangestellten (m,w,d)",https://de.indeed.com/viewjob?jk=888241ab7b5ae5f9,17373 Ueckermünde,"Rechtsanwälte Kopp, Kirchhof & Partner",2026-03-21T03:06:31.996Z
"Bürosachbearbeiter/-in M3 - Bundesrat/Innenministerkonferenz (E 9a TV-L) als Elternzeitvertretung im Thrüinger Ministerium für Inneres, Kommunales und Landesentwicklung",https://de.indeed.com/viewjob?jk=af7557afd04b9f7d,Erfurt,"Thüringer Ministerium für Inneres, Kommunales und Landesentwicklung - Referat 11",2026-04-07T10:47:18.321Z
Insolvenzsachbearbeiter (m/w/d),https://de.indeed.com/viewjob?jk=d9994551da10531e,44649 Herne,Streitbörger PartGmbB,2024-12-09T16:01:18.459Z
Markensachbearbeiter (m/w/d),https://de.indeed.com/viewjob?jk=4f965adf7ee547b6,20457 Hamburg,White & Case LLP,2026-04-09T16:11:45.689Z
Sachbearbeiter/-in Einrichtungsmanagement (m/w/d),https://de.indeed.com/viewjob?jk=9f57f3ea87122b48,14772 Brandenburg an der Havel,Stadt Brandenburg an der Havel,2026-04-08T10:42:15.857Z
Sachbearbeiter Insolvenzabteilung / Kaufmann/frau für Büromanagement / Bürokaufmann/frau / Rechtsanwaltsfachangestellte/r (m/w/d),https://de.indeed.com/viewjob?jk=9eab8fa97dbcc449,Erfurt,eureos gmbh,2025-02-12T16:54:39.245Z
Sachbearbeiter/-in Zulassungsbehörde (m/w/d),https://de.indeed.com/viewjob?jk=58e9fbd34c07c459,14770 Brandenburg an der Havel,Stadt Brandenburg an der Havel,2026-04-08T10:42:13.320Z
"Sachbearbeitung Führerschein (Schalterdienst, befristet)",https://de.indeed.com/viewjob?jk=b388334dffbb74d5,07318 Saalfeld,Landratsamt Saalfeld-Rudolstadt,2026-04-20T16:23:13.177Z
Insolvenzsachbearbeiter (m/w/d),https://de.indeed.com/viewjob?jk=6193117a4be521e6,20457 Hamburg,GÖRG Partnerschaft von Rechtsanwälten mbB,2026-04-20T21:21:43.480Z
Legal Assistant (m/w/d),https://de.indeed.com/viewjob?jk=c9baf03810ef420b,Friedrichshafen,ETL Bodensee Holding Steuerberatungsgesellschaft mbH,2026-04-20T21:44:08.872Z
Assistenz in Wirtschaftskanzlei (w/m/d) Voll- oder Teilzeit,https://de.indeed.com/viewjob?jk=ff1b7c43b94fec6e,Hamburg,Taylor Wessing Partnerschaftsgesellschaft mbB,2026-04-14T03:44:16.974Z
Insolvenzsachbearbeiter/ Sachbearbeiter Insolvenzen (w/m/d) – Halle (Saale),https://de.indeed.com/viewjob?jk=bf55e05c84f3cd1a,06108 Halle (Saale),Brinkmann & Partner,2024-11-23T23:35:36.376Z
Sachbearbeiter für die Bearbeitung der Insolvenztabelle (m/w/d) Mainz,https://de.indeed.com/viewjob?jk=56bb1f67d908208c,55118 Mainz,Schiebe und Collegen,2025-04-18T05:18:38.490Z
(Junior) Sachbearbeiter im Forderungseinzug/Inkasso (m/w/d),https://de.indeed.com/viewjob?jk=060da8dd402b7397,München,LEGIAL,2026-02-10T17:41:33.504Z
Mitarbeiter (m/w/d) für Sekretariat und Empfang Mannheim,https://de.indeed.com/viewjob?jk=c3166f4fd7c366ce,68163 Mannheim,Schiebe und Collegen,2025-04-18T05:18:44.835Z
Verwaltungsangestellter (m/w/d) in Teilzeit VdK Günzburg,https://de.indeed.com/viewjob?jk=8ab46207ad167ce4,89312 Günzburg,Sozialverband VdK Bayern e.V.,2026-04-20T17:20:51.441Z
Bürokraft (m/w/d),https://de.indeed.com/viewjob?jk=2afff870d0aebf22,Unterfranken,Polizeipräsidium Unterfranken,2026-04-07T07:40:06.681Z
Insolvenzsachbearbeiter (m/w/d) - Insolvenztabelle,https://de.indeed.com/viewjob?jk=118786fd9b6e4425,44137 Dortmund,White & Case LLP,2026-03-31T16:10:36.335Z
Sachbearbeiterin / Sachbearbeiter (d/w/m) Versicherungsreferat,https://de.indeed.com/viewjob?jk=2ad9bba3b60a98d2,Berlin-Wedding,Charité,2026-04-17T14:48:57.845Z
Sachbearbeiter Verkehrsrechtsschutz (w|m|d),https://de.indeed.com/viewjob?jk=529ff1ac46e493fa,München,ADAC Allgemeiner Deutscher Automobil Club,2026-04-07T18:22:08.441Z
Sachbearbeiter (m/w/d) Innendienst,https://de.indeed.com/viewjob?jk=07afba669ecb2e2f,80992 München,Fonds Finanz Maklerservice GmbH,2026-02-03T16:48:24.430Z
Schadenregulierer / Schadensachbearbeiter Kraftfahrtschäden oder Sachschäden (m/w/d),https://de.indeed.com/viewjob?jk=b109870b589f88f2,70565 Stuttgart,DEKRA,2026-02-20T04:26:17.911Z
Verwaltungsmitarbeiter/in (w/m/d) für den mittleren Verwaltungsdienst im Justizvollzug,https://de.indeed.com/viewjob?jk=e2d045d68b2d0d28,76646 Bruchsal,Justizvollzugsanstalt Bruchsal,2026-04-23T17:07:18.517Z
Sachbearbeiter im Bereich Insolvenzverwaltung (m/w/d),https://de.indeed.com/viewjob?jk=3f57f963e49147f3,88045 Friedrichshafen,GÖRG Partnerschaft von Rechtsanwälten mbB,2026-04-02T15:15:35.466Z
Teamassistenz (m/w/d) Legal in Teilzeit,https://de.indeed.com/viewjob?jk=39205d63ef37d1c3,Düsseldorf,Ayvens,2026-01-14T10:43:02.404Z
Teamassistenz/Sekretariat im Bereich Insolvenzverwaltung in Voll- oder Teilzeit (m/w/d),https://de.indeed.com/viewjob?jk=4766a245866fd7d9,10623 Berlin,GÖRG Partnerschaft von Rechtsanwälten mbB,2026-04-15T15:15:51.645Z
Sekretariatsmitarbeiter/in (m/w/d) bei der Staatsanwaltschaft Darmstadt,https://de.indeed.com/viewjob?jk=2fe840272eb66890,64283 Darmstadt,Staatsanwaltschaft Darmstadt,2026-04-08T23:01:22.983Z
Sachbearbeiterin / Sachbearbeiter / Fachkraft (d/w/m) Schwerpunkt Sozialversicherung und Erlössicherung,https://de.indeed.com/viewjob?jk=800ae94ba31524a3,Berlin-Steglitz,Charité,2026-04-17T14:49:12.225Z
Insolvenzsachbearbeiter (m/w/d),https://de.indeed.com/viewjob?jk=d9994551da10531e,44649 Herne,Streitbörger PartGmbB,2024-12-09T16:01:18.459Z
Sachbearbeiter/-in Zulassungsbehörde (m/w/d),https://de.indeed.com/viewjob?jk=58e9fbd34c07c459,14770 Brandenburg an der Havel,Stadt Brandenburg an der Havel,2026-04-08T10:42:13.320Z
Insolvenzsachbearbeiter (w/m/d) Verbraucher und natürliche Personen - Düsseldorf,https://de.indeed.com/viewjob?jk=25472c4a071c6d88,40476 Düsseldorf,Brinkmann & Partner,2025-08-04T10:53:34.529Z
Verwaltungsangestellter (m/w/d) in Vollzeit VdK Augsburg,https://de.indeed.com/viewjob?jk=4320924a59bf36f2,86150 Augsburg,Sozialverband VdK Bayern e.V.,2026-04-21T17:20:53.772Z
Sachbearbeiter Recht (m/w/d),https://de.indeed.com/viewjob?jk=9832f5f2bc2ea587,Osnabrück,Kaffee Partner GmbH,2026-03-16T16:46:24.364Z
Sachbearbeiter Mahnverfahren / Zwangsvollstreckung (m/w/d) in Essen,https://de.indeed.com/viewjob?jk=76b4e0cb79e7f76b,45131 Essen,Thelen Holding GmbH,2026-03-19T17:49:29.446Z
Mitarbeiter Bürodienst (m/w/d) in der Abteilung 2 - Studium,https://de.indeed.com/viewjob?jk=cee2acd06a1b9492,02929 Rothenburg,Freistaat Sachsen,2026-04-14T15:23:04.244Z
Teamassistenz (m/w/d),https://de.indeed.com/viewjob?jk=3bb49a9b1e201086,64372 Ober-Ramstadt,BAUMANN & BAUMANN PartmbB Steuerberater Rechtsanwälte,2026-04-02T15:33:01.825Z
Rechtsanwaltsfachangestellte (m/w/d),https://de.indeed.com/viewjob?jk=c6bbaa233de777f4,Passau,ECOVIS Webservice GmbH,2026-02-06T16:57:33.150Z
Senior Associate (m/w/d) Energierecht und/oder Anlagenbau,https://de.indeed.com/viewjob?jk=35672f3843c4578e,22297 Hamburg,Carneades Legal,2025-06-27T05:59:03.950Z
Auszubildende/n zur/zum Rechtsanwaltsfachangestellten (m/w/d),https://de.indeed.com/viewjob?jk=b597f9e1533e1efa,Leipzig,PASCHEN Rechtsanwälte PartGmbB,2026-03-24T14:03:41.748Z
Verwaltungsangestellter (m/w/d) in Teilzeit VdK Günzburg,https://de.indeed.com/viewjob?jk=8ab46207ad167ce4,89312 Günzburg,Sozialverband VdK Bayern e.V.,2026-04-20T17:20:51.441Z
Mitarbeiter (m/w/d) für Sekretariat und Empfang Mannheim,https://de.indeed.com/viewjob?jk=c3166f4fd7c366ce,68163 Mannheim,Schiebe und Collegen,2025-04-18T05:18:44.835Z
Sachbearbeiterin / Sachbearbeiter / Fachkraft (d/w/m) Schwerpunkt Sozialversicherung und Erlössicherung,https://de.indeed.com/viewjob?jk=800ae94ba31524a3,Berlin-Steglitz,Charité,2026-04-17T14:49:12.225Z
Sachbearbeiter (m/w/d) Innendienst,https://de.indeed.com/viewjob?jk=07afba669ecb2e2f,80992 München,Fonds Finanz Maklerservice GmbH,2026-02-03T16:48:24.430Z
Insolvenzsachbearbeiter (w/m/d) Verbraucher und natürliche Personen - Düsseldorf,https://de.indeed.com/viewjob?jk=25472c4a071c6d88,40476 Düsseldorf,Brinkmann & Partner,2025-08-04T10:53:34.529Z
Sachbearbeiter Mahnverfahren / Zwangsvollstreckung (m/w/d) in Essen,https://de.indeed.com/viewjob?jk=76b4e0cb79e7f76b,45131 Essen,Thelen Holding GmbH,2026-03-19T17:49:29.446Z
(Junior) Sachbearbeiter im Forderungseinzug/Inkasso (m/w/d),https://de.indeed.com/viewjob?jk=060da8dd402b7397,München,LEGIAL,2026-02-10T17:41:33.504Z
Sachbearbeiter Verkehrsrechtsschutz (w|m|d),https://de.indeed.com/viewjob?jk=529ff1ac46e493fa,München,ADAC Allgemeiner Deutscher Automobil Club,2026-04-07T18:22:08.441Z
Insolvenzsachbearbeiter/ Sachbearbeiter Insolvenzen (w/m/d) – Halle (Saale),https://de.indeed.com/viewjob?jk=bf55e05c84f3cd1a,06108 Halle (Saale),Brinkmann & Partner,2024-11-23T23:35:36.376Z
Rechtsanwaltsfachangestellte (m/w/d),https://de.indeed.com/viewjob?jk=1e95524296c48495,49084 Osnabrück,Klenner Rechtsanwälte,2026-04-07T08:59:15.191Z
Rechtsanwaltsfachangestellte für Wirtschafts- und Rechtsberatung (m/w/d),https://de.indeed.com/viewjob?jk=2f875b4e9332994e,44149 Dortmund,FINEOO Inhaber Eric Martin,2026-03-24T09:10:53.770Z
Sachbearbeiterin / Sachbearbeiter (d/w/m) Versicherungsreferat,https://de.indeed.com/viewjob?jk=2ad9bba3b60a98d2,Berlin-Wedding,Charité,2026-04-17T14:48:57.845Z
Insolvenzsachbearbeiter (m/w/d) - Insolvenztabelle,https://de.indeed.com/viewjob?jk=118786fd9b6e4425,44137 Dortmund,White & Case LLP,2026-03-31T16:10:36.335Z
Insolvenzsachbearbeiter (m/w/d),https://de.indeed.com/viewjob?jk=d6c3b143d11c87e6,47051 Duisburg,Streitbörger PartGmbB,2024-12-09T16:01:17.794Z
Sekretariatsmitarbeiter/in (m/w/d) bei der Staatsanwaltschaft Darmstadt,https://de.indeed.com/viewjob?jk=2fe840272eb66890,64283 Darmstadt,Staatsanwaltschaft Darmstadt,2026-04-08T23:01:22.983Z
Verwaltungsmitarbeiter/in (w/m/d) für den mittleren Verwaltungsdienst im Justizvollzug,https://de.indeed.com/viewjob?jk=e2d045d68b2d0d28,76646 Bruchsal,Justizvollzugsanstalt Bruchsal,2026-04-23T17:07:18.517Z
Sachbearbeiter/-in (m/w/d) für die Fahrerlaubnisbehörde,https://de.indeed.com/viewjob?jk=1652f1d2ad5096f7,85276 Pfaffenhofen an der Ilm,Regierung von Oberbayern,2026-04-21T14:07:13.290Z
Rechtsanwaltsfachangestellte (m/w/d),https://de.indeed.com/viewjob?jk=e8ddfd0c398f5bd7,21244 Buchholz in der Nordheide,Peters & Pallaske GbR Rechtsanwälte,2026-03-06T09:13:34.838Z
Teamassistenz (m/w/d) Legal in Teilzeit,https://de.indeed.com/viewjob?jk=39205d63ef37d1c3,Düsseldorf,Ayvens,2026-01-14T10:43:02.404Z
Mitarbeiter Bürodienst (m/w/d) in der Abteilung 2 - Studium,https://de.indeed.com/viewjob?jk=cee2acd06a1b9492,02929 Rothenburg,Freistaat Sachsen,2026-04-14T15:23:04.244Z
Schadenregulierer / Schadensachbearbeiter Kraftfahrtschäden oder Sachschäden (m/w/d),https://de.indeed.com/viewjob?jk=b109870b589f88f2,70565 Stuttgart,DEKRA,2026-02-20T04:26:17.911Z
Assistent/in / Rechtsanwaltsfachangestellte/r (m/w/d) // Admin. Assistant / Paralegal,https://de.indeed.com/viewjob?jk=27dc609f3e88a522,München,onsemi,2026-02-24T23:11:25.405Z
"Rechtsanwalt/Rechtsanwältin (m,w,d)",https://de.indeed.com/viewjob?jk=3f68aba947000fdd,17373 Ueckermünde,"Rechtsanwälte Kopp, Kirchhof & Partner",2026-03-21T03:06:35.397Z
Legal Specialist / Wirtschaftsjurist/in (m/f/d),https://de.indeed.com/viewjob?jk=024699227c7ef51f,95100 Selb,"Vishay Intertechnology, Inc.",2026-03-30T20:32:20.662Z
Bürokraft (m/w/d),https://de.indeed.com/viewjob?jk=2afff870d0aebf22,Unterfranken,Polizeipräsidium Unterfranken,2026-04-07T07:40:06.681Z
ausbildung zur/zum rechtsanwaltsfachangestellten (m/w/d) in gunzenhausen,https://de.indeed.com/viewjob?jk=a8926a6e7be303c9,91710 Gunzenhausen,meyerhuber rechtsanwälte partnerschaft mbb,2026-02-10T11:54:56.768Z
Sachbearbeiter im Bereich Insolvenzverwaltung (m/w/d),https://de.indeed.com/viewjob?jk=3f57f963e49147f3,88045 Friedrichshafen,GÖRG Partnerschaft von Rechtsanwälten mbB,2026-04-02T15:15:35.466Z
rechtsanwaltsfachangestellte/r (m/w/d) in weißenburg i. bay.,https://de.indeed.com/viewjob?jk=8928d5b3579cf321,91781 Weißenburg in Bayern,meyerhuber rechtsanwälte partnerschaft mbb,2026-03-06T07:51:01.606Z
Rechtsanwaltsfachangestellte (m/w/d),https://de.indeed.com/viewjob?jk=b140bef33fe70f8e,16341 Panketal,Hand in Hand Alltagshelfer UG (haftungsbeschränkt),2026-04-01T19:02:15.209Z
Rechtsanwalt/Rechtsanwältin oder Steuerberater/in zunächst in Bürogemeinschaft oder für freie Mitarbeit gesucht,https://de.indeed.com/viewjob?jk=875172e01a540693,Ober-Mörlen,Reimertshofer GmbH Rechtsanwaltsgesellschaft,2026-03-06T18:39:20.670Z
Rechtsanwalt (m/w/d) - Erneuerbare Energien (Verwaltungsrecht) -,https://de.indeed.com/viewjob?jk=5212f20da1b28961,59555 Lippstadt,"Engemann und Partner, Rechtsanwälte mbB",2026-04-08T17:12:15.350Z
"Rechtsreferendar (m/w/d) – Anwaltsstation oder Wahlstation mit Schwerpunkt Gesellschafts-, Steuer- bzw. Arbeitsrecht",https://de.indeed.com/viewjob?jk=8bce829509acfa52,01099 Dresden,Stölzel Rechtsanwälte Steuerberater,2025-08-12T15:25:34.454Z
Rechtsreferendar (m/w/d) Anwaltsstation,https://de.indeed.com/viewjob?jk=032db1922a27cb52,40211 Düsseldorf,ITMR Rechtsanwälte GbR,2026-02-22T15:19:14.135Z
Rechtsanwalt (m/w/d) Miet- und WEG-Recht,https://de.indeed.com/viewjob?jk=7615abc4e1282d1f,Schwäbisch Hall,ADVOCA Rechtsanwälte PartG mbB,2026-01-26T16:10:26.988Z
ab sofort Rechtsanwaltsfachangestellte (d/w/m) - unbefristet,https://de.indeed.com/viewjob?jk=721463574a453880,Bautzen,Rechtsanwalt Jens Reime,2026-04-09T14:56:43.202Z
Rechtsanwaltsfachangestellte (m/w/d) in Teilzeit,https://de.indeed.com/viewjob?jk=e3ee19a9702184db,46242 Bottrop,ResNova Rechtsanwälte Partnerschaftsgesellschaft mbB,2026-03-02T18:24:53.948Z
Unternehmensjurist (m/w/d),https://de.indeed.com/viewjob?jk=85019cd7886b03c1,München,ECOVIS Webservice GmbH,2026-03-17T12:51:38.118Z
RECHTSANWALT- UND NOTARFACHANGESTELLTE (M/W/D),https://de.indeed.com/viewjob?jk=b79ec020d5275cce,49074 Osnabrück,"Dr. Klein, Dr. Mönstermann + Partner mbB",2026-04-13T19:25:08.262Z
rechtsanwaltsfachangestellte (m/w/d),https://de.indeed.com/viewjob?jk=7471d61d10ff7995,Memmingen,Menz & Partner Rechtsanwälte Steuerberater,2026-04-08T13:05:16.954Z
"Bielefeld · Wissenschaftliche Mitarbeitende (m/w/d) im Bereich Corporate / M&A, Insolvenzrecht",https://de.indeed.com/viewjob?jk=513afd4118767f09,33602 Bielefeld,BRANDI Rechtsanwälte Partnerschaft mbB,2026-02-26T11:26:15.770Z
Rechtsanwaltsfachangestellte:n zur Mitarbeit im Debitorenmanagment in Teilzeit (m/w/d),https://de.indeed.com/viewjob?jk=0501c8b6a817719f,56645 Nickenich,Hamann Bauzentren GmbH,2026-01-06T10:05:34.959Z
Rechtsanwaltsfachangestellte (m/w/d),https://de.indeed.com/viewjob?jk=57f14a393363c62a,Staufen,"Steiger, Schill & Kollegen",2025-04-17T08:24:08.112Z
ab sofort Rechtsanwalt / Volljuristen / Juristen (d/w/m) - unbefristet,https://de.indeed.com/viewjob?jk=a843d393fc747098,Bautzen,Rechtsanwalt Jens Reime,2026-04-09T14:56:43.935Z
Rechtsanwaltsfachangestellte/r (m/w/d),https://de.indeed.com/viewjob?jk=dd84a6c751a1c823,42103 Wuppertal,GKS Rechtsanwälte GbR,2026-04-14T02:24:00.997Z
"Rechtsanwaltsfachangestellte/r (w/m/d) In Vollzeit, zum nächstmöglichen Zeitpunkt.",https://de.indeed.com/viewjob?jk=7f00689e93c20c66,63739 Aschaffenburg,Rechtsanwalt Günter Bach,2026-02-12T20:37:31.187Z
Rechtsanwaltsfachangestellte/n (m/w/d) in Teilzeit,https://de.indeed.com/viewjob?jk=b61f4fa2bddbc946,47058 Duisburg,MT Rechtsanwalts GmbH,2025-05-07T13:45:16.629Z
ausbildung zur/zum rechtsanwaltsfachangestellten (m/w/d) in gunzenhausen,https://de.indeed.com/viewjob?jk=a8926a6e7be303c9,91710 Gunzenhausen,meyerhuber rechtsanwälte partnerschaft mbb,2026-02-10T11:54:56.768Z
Rechtsanwaltsfachangestellter / Assistent (w/m/d) - Düsseldorf,https://de.indeed.com/viewjob?jk=8c2f379432f197eb,40210 Düsseldorf,Hoffmann Eitle,2026-02-23T20:14:11.497Z
Rechtsanwaltsfachangestellte / Sachbearbeiter Rechtsabteilung (m/w/d),https://de.indeed.com/viewjob?jk=13c00f2af393c1af,74906 Bad Rappenau,EOS KSI Inkasso Deutschland GmbH,2026-04-10T17:01:19.494Z
Rechtsanwaltsfachangestellte (w/m/d),https://de.indeed.com/viewjob?jk=6ef223abd88d2029,Düsseldorf,KMLZ Rechtsanwaltsgesellschaft mbH,2026-03-26T15:38:32.833Z
"Rechtsanwaltsfachangestellte (m/w/d), Notarfachangestellte (m/w/d) | Osnabrück",https://de.indeed.com/viewjob?jk=d689b42561e4967d,49074 Osnabrück,SSP-LAW Rechtsanwälte | Steuerberater | Wirtschaftsprüfer,2026-04-24T15:07:26.962Z
Mitarbeiter (m/w/d),https://de.indeed.com/viewjob?jk=7e514c5ae632d541,Hamburg,SIGNAL IDUNA,2026-01-19T17:29:03.875Z
Sekretär im Cross-Border-Team Frankreich (w/m/d),https://de.indeed.com/viewjob?jk=9cd9c785f3503402,Kehl,Schultze & Braun,2026-02-28T16:02:07.939Z
Auszubildende/n zur/zum Rechtsanwaltsfachangestellten (m/w/d),https://de.indeed.com/viewjob?jk=b597f9e1533e1efa,Leipzig,PASCHEN Rechtsanwälte PartGmbB,2026-03-24T14:03:41.748Z
Auszubildende*r Rechtsanwaltsfachangestellte*r (m/w/d),https://de.indeed.com/viewjob?jk=7f403d4411d052ce,71634 Ludwigsburg,"Rechtsanwälte Jäger, Widmaier & Collegen Partnerschaft mbB",2026-04-09T13:51:47.534Z
Stellvertretende Teamleitung (m/w/d) Forderungsmanagement,https://de.indeed.com/viewjob?jk=6bd7e1686e8b102d,68219 Mannheim,EOS KSI Inkasso Deutschland GmbH,2026-03-31T16:55:48.121Z
Rechtsanwaltsfachangestellte (m/w/d),https://de.indeed.com/viewjob?jk=4ce859fc830dc0f6,97070 Würzburg,Haus- und Grundbesitzerverein Würzburg & Umgebung e.V.,2026-04-16T21:40:22.746Z
Rechtsanwaltsfachangestellte (m/w/d),https://de.indeed.com/viewjob?jk=e6a01cb14077d67a,80799 München,Stington & Partner Legal GmbH,2026-04-20T20:46:33.410Z
Verwaltungssachbearbeiter (m/w/d),https://de.indeed.com/viewjob?jk=d52b688d76392f07,54290 Trier,Aufsichts- und Dienstleistungsdirektion (ADD),2026-04-14T13:36:25.887Z
Ehrenamtliche Berater (m/w/d) Sozialrecht,https://de.indeed.com/viewjob?jk=49d5d56ad30d4a40,53119 Bonn,BDH Bundesverband,2026-02-27T17:26:55.910Z
Teamassistenz (w/m/d),https://de.indeed.com/viewjob?jk=7be4c6b08012a79d,München,KMLZ Rechtsanwaltsgesellschaft mbH,2026-03-26T15:38:11.554Z
Rechtsanwaltsfachangestellte (m/w/d),https://de.indeed.com/viewjob?jk=4ce859fc830dc0f6,97070 Würzburg,Haus- und Grundbesitzerverein Würzburg & Umgebung e.V.,2026-04-16T21:40:22.746Z
Mitarbeiter im Schreibbüro (w/m/d),https://de.indeed.com/viewjob?jk=9e1dc62ef23c7c5a,Achern,Schultze & Braun,2025-09-30T00:22:55.493Z
Rechtsanwaltsfachangestellte (m/w/d) für Billing-Team – 100% Homeoffice,https://de.indeed.com/viewjob?jk=fe594d00d3e7432b,49074 Osnabrück,Die Lawgentur GmbH,2026-03-04T13:54:07.301Z
Verwaltungsfachangestellte (m/w/d),https://de.indeed.com/viewjob?jk=9b1112ee4afae60b,80799 München,Stington & Partner Legal GmbH,2026-04-17T10:51:36.501Z
Rechtsanwaltsfachangestellte (w/m/d),https://de.indeed.com/viewjob?jk=6ef223abd88d2029,Düsseldorf,KMLZ Rechtsanwaltsgesellschaft mbH,2026-03-26T15:38:32.833Z
Auszubildende*r Rechtsanwaltsfachangestellte*r (m/w/d),https://de.indeed.com/viewjob?jk=7f403d4411d052ce,71634 Ludwigsburg,"Rechtsanwälte Jäger, Widmaier & Collegen Partnerschaft mbB",2026-04-09T13:51:47.534Z
Kaufmännischer Mitarbeiter Audit/Wirtschaftsprüfung (m/w/d),https://de.indeed.com/viewjob?jk=4dacef79b7321980,Leipzig,Deloitte GmbH,2026-01-27T18:21:25.760Z
(53/26) Regionalkoordinatorin oder Regionalkoordinator (w-m-d) für die Schulverwaltung,https://de.indeed.com/viewjob?jk=f139e61ca069f585,63128 Dietzenbach,Kreis Offenbach,2026-04-13T13:28:29.648Z
Legal Specialist / Wirtschaftsjurist/in (m/f/d),https://de.indeed.com/viewjob?jk=024699227c7ef51f,95100 Selb,"Vishay Intertechnology, Inc.",2026-03-30T20:32:20.662Z
Insolvenzsachbearbeiter (m/w/d),https://de.indeed.com/viewjob?jk=d6c3b143d11c87e6,47051 Duisburg,Streitbörger PartGmbB,2024-12-09T16:01:17.794Z
Kaufmännischer Mitarbeiter Audit/Wirtschaftsprüfung (m/w/d),https://de.indeed.com/viewjob?jk=4dacef79b7321980,Leipzig,Deloitte GmbH,2026-01-27T18:21:25.760Z
Forderungsmanager (m/w/d) Sachbearbeiter außergerichtlich,https://de.indeed.com/viewjob?jk=ae4238f013dfc085,68219 Mannheim,EOS KSI Inkasso Deutschland GmbH,2026-04-15T11:01:43.285Z
Verwaltungssachbearbeiter (m/w/d),https://de.indeed.com/viewjob?jk=d52b688d76392f07,54290 Trier,Aufsichts- und Dienstleistungsdirektion (ADD),2026-04-14T13:36:25.887Z
Verwaltungsfachangestellte (m/w/d),https://de.indeed.com/viewjob?jk=9b1112ee4afae60b,80799 München,Stington & Partner Legal GmbH,2026-04-17T10:51:36.501Z
Rechtsanwaltsfachangestellte (m/w/d),https://de.indeed.com/viewjob?jk=67384333ac12d9fd,70174 Stuttgart,FEBA Consulting UG (haftungsbeschränkt),2026-04-01T12:20:00.910Z
Empfangsmitarbeiterin (m/w/d),https://de.indeed.com/viewjob?jk=48b8c254e740add4,47249 Duisburg,Bietmann Rechtsanwälte Steuerberater PartmbB,2025-11-12T14:05:34.952Z
"Kaufmännische Assistenz/ Sekretariat/ Teamassistenz (m/w/d), Sanierung und Insolvenz",https://de.indeed.com/viewjob?jk=f80303f690870b19,Berlin,BRL Boege Rohde Luebbehuesen,2026-03-30T23:39:08.300Z
Forderungsmanager (m/w/d) Sachbearbeiter außergerichtlich,https://de.indeed.com/viewjob?jk=ae4238f013dfc085,68219 Mannheim,EOS KSI Inkasso Deutschland GmbH,2026-04-15T11:01:43.285Z
Mitarbeiter im Schreibbüro (w/m/d),https://de.indeed.com/viewjob?jk=9e1dc62ef23c7c5a,Achern,Schultze & Braun,2025-09-30T00:22:55.493Z
Rechtsanwaltsfachangestellter / Assistent (w/m/d) - Düsseldorf,https://de.indeed.com/viewjob?jk=8c2f379432f197eb,40210 Düsseldorf,Hoffmann Eitle,2026-02-23T20:14:11.497Z
Rechtsanwaltsfachangestellte (m/w/d),https://de.indeed.com/viewjob?jk=ba77ba0a627a3023,Home Office,WELCO GmbH & Co. KG,2026-04-24T11:45:38.954Z
Empfangsmitarbeiterin (m/w/d),https://de.indeed.com/viewjob?jk=48b8c254e740add4,47249 Duisburg,Bietmann Rechtsanwälte Steuerberater PartmbB,2025-11-12T14:05:34.952Z
"Kaufmännische Assistenz/ Sekretariat/ Teamassistenz (m/w/d), Sanierung und Insolvenz",https://de.indeed.com/viewjob?jk=f80303f690870b19,Berlin,BRL Boege Rohde Luebbehuesen,2026-03-30T23:39:08.300Z
Sekretär im Cross-Border-Team Frankreich (w/m/d),https://de.indeed.com/viewjob?jk=9cd9c785f3503402,Kehl,Schultze & Braun,2026-02-28T16:02:07.939Z
"Assistenz, Sekretärin, Rechtsanwaltsfachangestellte (m/w/d)",https://de.indeed.com/viewjob?jk=186c8a23e00c501f,80333 München,Luther,2026-04-14T22:11:40.848Z
(53/26) Regionalkoordinatorin oder Regionalkoordinator (w-m-d) für die Schulverwaltung,https://de.indeed.com/viewjob?jk=f139e61ca069f585,63128 Dietzenbach,Kreis Offenbach,2026-04-13T13:28:29.648Z
Rechtsanwaltsfachangestellte / Sachbearbeiter Rechtsabteilung (m/w/d),https://de.indeed.com/viewjob?jk=13c00f2af393c1af,74906 Bad Rappenau,EOS KSI Inkasso Deutschland GmbH,2026-04-10T17:01:19.494Z
Rechtsanwaltsfachangestellte (m/w/d),https://de.indeed.com/viewjob?jk=e6a01cb14077d67a,80799 München,Stington & Partner Legal GmbH,2026-04-20T20:46:33.410Z
"Rechtsanwaltsfachangestellte (m/w/d), Notarfachangestellte (m/w/d) | Osnabrück",https://de.indeed.com/viewjob?jk=d689b42561e4967d,49074 Osnabrück,SSP-LAW Rechtsanwälte | Steuerberater | Wirtschaftsprüfer,2026-04-24T15:07:26.962Z
Mitarbeiter (m/w/d),https://de.indeed.com/viewjob?jk=7e514c5ae632d541,Hamburg,SIGNAL IDUNA,2026-01-19T17:29:03.875Z
Teamassistenz (w/m/d),https://de.indeed.com/viewjob?jk=7be4c6b08012a79d,München,KMLZ Rechtsanwaltsgesellschaft mbH,2026-03-26T15:38:11.554Z
Sachbearbeiter Compliance in Teilzeit (m/w/d),https://de.indeed.com/viewjob?jk=78223d1acbab04ce,22339 Hamburg,Waldemar Link Gmbh & Co. KG,2026-03-31T15:19:02.303Z
Rechtsanwaltsfachangestellte (m/w/d) für Billing-Team – 100% Homeoffice,https://de.indeed.com/viewjob?jk=fe594d00d3e7432b,49074 Osnabrück,Die Lawgentur GmbH,2026-03-04T13:54:07.301Z
Rechtsanwaltsfachangestellte (m/w/d),https://de.indeed.com/viewjob?jk=96b4c3594d525708,80331 München,"Rechtsanwälte Otto, Hugendubel, Emmert",2026-04-09T10:21:19.630Z
Ehrenamtliche Berater (m/w/d) Sozialrecht,https://de.indeed.com/viewjob?jk=49d5d56ad30d4a40,53119 Bonn,BDH Bundesverband,2026-02-27T17:26:55.910Z
Sachbearbeiter/in (w/m/d) im Notariat – Schwerpunkt Gesellschaftsrecht –,https://de.indeed.com/viewjob?jk=30828f4112660613,20095 Hamburg,notariat-bergstrasse,2026-02-11T18:59:26.394Z
Markensachbearbeiter in Voll- oder Teilzeit (m/w/d),https://de.indeed.com/viewjob?jk=740a9de942a20fbd,Berlin,NORDEMANN,2026-03-23T13:02:37.696Z
Wissenschaftlicher Mitarbeiter (m/w/d) im Bereich Investment-Funds mit dem Schwerpunkt auf Private Equity/Venture Capital Funds - mit vier bis fünf Tagen pro Woche,https://de.indeed.com/viewjob?jk=67c4af91036064f9,10785 Berlin,POELLATH Rechtsanwälte,2026-03-04T20:23:44.783Z
zur/zum Rechtsanwalts- und Notarfachangestellten (m/w/d),https://de.indeed.com/viewjob?jk=b1352ddc173cd530,46485 Wesel,Lühl & Partner GbR,2026-03-30T15:02:18.424Z
Juristische Mitarbeiter (M/W/D),https://de.indeed.com/viewjob?jk=1e95cf20a03b3787,57223 Kreuztal,Rechtsanwälte Kotz GbR,2024-11-29T11:30:06.740Z
Sachbearbeiter (m/w/d),https://de.indeed.com/viewjob?jk=79df8655e9df85c0,22083 Hamburg,Rechtsanwälte – Wirtschaftsprüfer Steuerberater – Insolvenzverwalter,2025-02-01T14:36:08.829Z
Bielefeld · Rechtsanwaltsfachangestellte (m/w/d) bzw. Rechtsanwalts- und Notarfachangestellte (m/w/d),https://de.indeed.com/viewjob?jk=a1c0b97b205cea82,33602 Bielefeld,BRANDI Rechtsanwälte Partnerschaft mbB,2026-02-10T23:04:41.247Z
Rechtsanwaltsfachangestellter (m/w/d),https://de.indeed.com/viewjob?jk=f5902f3099fb6430,Vogtlandkreis,Industriepersonalservice GmbH,2026-03-19T07:23:10.154Z
Teamassistenz Insolvenz (M/W/D),https://de.indeed.com/viewjob?jk=0690c7d4ed623be9,Mühldorf,Loserth Schranner & Partner Steuerberater Rechtsanwälte Wirtschaftsprüfer mbB,2026-04-02T08:37:09.111Z
RECHTSREFERENDAR:IN (m/w/d) – Schwerpunkt Urheberrecht | Wahl-/Rechtsanwaltsstation | ab Oktober 2026,https://de.indeed.com/viewjob?jk=6609a2c87eed6330,80336 München,Frommer Legal,2026-02-17T14:20:35.916Z
Rechtsanwält*in (m/w/d),https://de.indeed.com/viewjob?jk=259931ac4574c8f1,36466 Dermbach,MSN-Rechtsanwaltsgesellschaft mbH,2026-02-17T03:25:41.959Z
Rechtsanwalts- und Notarfachangestellte/r mit Aufgabenschwerpunkt in der Anwaltschaft.,https://de.indeed.com/viewjob?jk=887a4ea9d0c11678,Heppenheim (Bergstraße),Kanzlei Dr. Engelhard Weimar & Kollegen,2025-10-10T11:21:15.106Z
Rechtsanwälte (m/w/d) für den Bereich Zivilrecht,https://de.indeed.com/viewjob?jk=c58f00452630af34,78628 Rottweil,Dr. Kroll & Partner Rechtsanwälte mbB,2026-02-06T08:40:58.305Z
"Unterstützung im Empfangs- und Sekretäriatsbereich (m/w/d) in Vollzeit, Teilzeit oder auf Minijobbasis",https://de.indeed.com/viewjob?jk=e73a6406f506d20c,Hamburg,GWGL Grimme Winkler Grau Legal Rechtsanwälte Fachanwälte Steuerberater PartGmbB,2025-10-30T13:32:25.578Z
Rechtsanwalts- und Notarfachangestellte/r (w/m/d) mit Aufgabenschwerpunkt im Notariat.,https://de.indeed.com/viewjob?jk=ad068256fbcadaae,Heppenheim (Bergstraße),Kanzlei Dr. Engelhard Weimar & Kollegen,2025-10-10T11:21:13.144Z
Rechtsanwalts- und Notarfachangestellte (m/w/d) für das Notariat in Vollzeit oder Teilzeit (ab 15 Std./Woche),https://de.indeed.com/viewjob?jk=ea39efd99c930060,21244 Buchholz in der Nordheide,Peters & Pallaske GbR Rechtsanwälte,2026-03-06T09:13:43.105Z
Pforzheim: Rechtsanwaltsfachangestellter (m/w/d),https://de.indeed.com/viewjob?jk=2f183459e2af1945,Pforzheim,Sozialverband VdK Baden-Württemberg e.V.,2025-11-25T11:52:04.600Z
"Wirtschaftsjurist/in (m/w/d), Dipl. Jurist/in (m/w/d) im Bereich Vergaberecht.",https://de.indeed.com/viewjob?jk=edd3872090cd8535,68161 Mannheim,Ax Rechtsanwälte,2026-02-28T09:06:20.477Z
Bachelor of Laws (LL.B.) (w/m/d) / Wirtschaftsjurist/in im Notariat (w/m/d),https://de.indeed.com/viewjob?jk=15f60a0bb7b0f0bd,20095 Hamburg,Hamburgische Notarkammer,2026-02-24T11:43:03.654Z
Insolvenzsachbearbeiter (m/w/d) in Vollzeit oder Teilzeit für den Standort Hamburg,https://de.indeed.com/viewjob?jk=d0c822c9df05e1d2,Hamburg,Reimer Rechtsanwälte,2025-10-20T14:28:54.230Z
Assistenz (m/w/d) | Teilzeit,https://de.indeed.com/viewjob?jk=5929b8d638fcbcdc,Reichenbach im Vogtland,Kanzlei Labitzke,2026-02-25T13:27:38.253Z
Team-Assistenz (m/w/d),https://de.indeed.com/viewjob?jk=8be28610e813e074,Berlin,c.r.p. law. partnerschaft mbb,2025-07-31T14:37:35.458Z
Rechtsanwaltsfachangestellte (m/w/d) in Biberach an der Riß,https://de.indeed.com/viewjob?jk=059d10b362273d9f,88400 Biberach an der Riß,RSW Rechtsanwälte & Steuerberater,2026-04-01T16:59:02.711Z
Bilanzbuchhalter (m/w/d),https://de.indeed.com/viewjob?jk=40cfa74c474ed9be,87527 Sonthofen,Schwendinger Keck & Partner Wirtschaftsprüfer - Steuerberater - Rechtsanwalt mbB,2026-03-16T21:40:34.376Z
Finanzbuchhalter/in (m/w/d),https://de.indeed.com/viewjob?jk=276c129dde763f18,55124 Mainz,Gräf & Centorbi Rechtsanwaltsgesellschaft mbH,2024-12-04T14:19:00.578Z
ausbildung zur/zum rechtsanwaltsfachangestellten (m/w/d) in ansbach,https://de.indeed.com/viewjob?jk=c7e26cc01e81fcf8,91522 Ansbach,meyerhuber rechtsanwälte partnerschaft mbb,2026-02-10T11:57:02.508Z
Rechtsanwaltsfachangestellte (m/w/d),https://de.indeed.com/viewjob?jk=96f079623c391a67,Nürnberg,KGH Anwaltskanzlei Kreuzer Goßler Horlamus und Partner mbB,2026-04-17T16:17:39.723Z
Rechtsanwaltsfachangestellte (m/w/d) Vollzeit,https://de.indeed.com/viewjob?jk=82cdc74dadf534ae,74072 Heilbronn,Ernestus Rechtsanwälte GmbH & Co. KG,2026-04-17T15:38:15.433Z
Rechtsanwaltsfachangestellte/r (m/w/d) für immobilienrechtliche Kanzlei - Vollzeit/Teilzeit,https://de.indeed.com/viewjob?jk=e2f105b8258c248d,10707 Berlin,Brunner Budenberg Schöneck Kondo & Partner Rechtsanwäle PartG,2026-03-31T07:49:57.200Z
Rechtsanwaltsfachangestellte (m/w/d),https://de.indeed.com/viewjob?jk=52d7d0b42bdcfb65,40213 Düsseldorf,Krönig Liegenschaften,2026-04-15T13:04:19.487Z
Leiter/-in Sekretariat & Kanzleimanagement (m/w/d),https://de.indeed.com/viewjob?jk=1c6a3a1d0f4c4be0,52070 Aachen,Momen + Franz PartG mbB,2026-04-06T00:04:41.786Z
Rechtsanwaltsfachangestellte*r /Anwaltsassistenz (m/w/d),https://de.indeed.com/viewjob?jk=508a08e12b3ab89c,90449 Nürnberg,"KSR Rechtsanwaltskanzlei, Main Donau Park",2026-04-23T12:26:43.107Z
Rechtsanwaltsfachangestellte (m/w/d),https://de.indeed.com/viewjob?jk=e5810fd07f11b32c,44787 Bochum,LNS Leifeld Niechoj Scholten Rechtsanwälte und Fachanwälte für Arbeitsrecht PartG,2026-04-01T08:35:18.430Z
Rechtsanwaltsfachangestellte (m/w/d),https://de.indeed.com/viewjob?jk=beb007ed776a0151,60322 Frankfurt am Main,franzmann. geilen. brückmann.,2026-04-10T15:12:38.444Z
Rechtsanwaltsfachangestellte (m/w/d),https://de.indeed.com/viewjob?jk=722f271f7a5e8e16,76133 Karlsruhe,HMK Rechtsanwälte,2026-03-31T14:19:44.820Z
Sachbearbeiter Compliance in Teilzeit (m/w/d),https://de.indeed.com/viewjob?jk=78223d1acbab04ce,22339 Hamburg,Waldemar Link Gmbh & Co. KG,2026-03-31T15:19:02.303Z
Sekretäre / Assistenten / Rechtsanwaltsfachangestellte (m/w/d) im Anwaltssekretariat - Essen,https://de.indeed.com/viewjob?jk=81c21100baf704b4,45133 Essen,Aulinger Rechtsanwälte Notare,2026-04-20T09:41:37.103Z
Rechtsanwaltsfachangestellte (m/w/d),https://de.indeed.com/viewjob?jk=7bca8bb96fc4f3ff,Mönchengladbach,Maier und Wintz Rechtsanwälte,2026-04-08T10:52:47.627Z
Rechtsanwaltsfachangestellte (m/w/d),https://de.indeed.com/viewjob?jk=96b4c3594d525708,80331 München,"Rechtsanwälte Otto, Hugendubel, Emmert",2026-04-09T10:21:19.630Z
Rechtsanwaltsfachangestellte/-r mit Schwerpunkt Buchhaltung (m/w/d),https://de.indeed.com/viewjob?jk=3a3887d119d23b09,52070 Aachen,Momen + Franz PartG mbB,2026-04-06T00:31:42.678Z
Rechtsanwaltsfachangestellte / Legal Assistant (m/w/d) – Vertragsrecht in Berlin,https://de.indeed.com/viewjob?jk=1b43e770e0d575b8,10115 Berlin,Tierarzt Plus GmbH,2026-03-11T20:13:13.734Z
Rechtsanwaltsfachangestellte (m/w/d),https://de.indeed.com/viewjob?jk=52d7d0b42bdcfb65,40213 Düsseldorf,Krönig Liegenschaften,2026-04-15T13:04:19.487Z
Teamassistenz für die Wirtschaftsprüfung / Steuerberatung / Rechtsberatung (m/w/d),https://de.indeed.com/viewjob?jk=c586f3314d1bd59c,Frankfurt am Main,RSM Ebner Stolz Wirtschaftsprüfer Steuerberater Rechtsanwälte Partnerschaft mbB,2026-02-28T00:12:30.850Z
Rechtsanwaltsfachangestellte (m/w/d),https://de.indeed.com/viewjob?jk=b026234e189d4b06,86899 Landsberg am Lech,Rechtsanwälte Dlugosch Dr. Lintz Hammermüller LL.M.,2026-04-15T15:21:43.562Z
Rechtsanwalts- und Notarfachangestellte (m/w/d),https://de.indeed.com/viewjob?jk=7c4322a460c21bd7,30453 Hannover,Ziehm Rechtsanwälte PartGmbB,2026-04-21T09:14:53.258Z
Rechtsanwaltsfachangestellte (m/w/d),https://de.indeed.com/viewjob?jk=fd6ce8fb13a381a6,30175 Hannover,Markert-Rohland & Rohland,2026-04-16T14:54:43.545Z
Rechtsanwaltsfachangestellte (m/w/d) / kaufmännische Fachkraft (m/w/d) in Vollzeit oder Teilzeit,https://de.indeed.com/viewjob?jk=18c510eca63617c9,73447 Oberkochen,SCHULLE Rechtsanwälte GmbH & Co KG,2026-04-17T10:31:19.336Z
Sachbearbeiter/in Urheberrechte (m/w/d),https://de.indeed.com/viewjob?jk=6eb996d10007ee60,80337 München,Image Professionals GmbH,2026-04-02T15:30:19.899Z
"Assistenz, Sekretärin, Rechtsanwaltsfachangestellte (m/w/d)",https://de.indeed.com/viewjob?jk=186c8a23e00c501f,80333 München,Luther,2026-04-14T22:11:40.848Z
Rechtsanwaltsfachangestellte (m/w/d) in Teilzeit (20-25h) + Homeoffice & flexible Arbeitszeiten,https://de.indeed.com/viewjob?jk=5e1ee7d3cce64ef3,70173 Stuttgart,Die Lawgentur GmbH,2026-03-25T13:55:17.400Z
Sachbearbeiter/in in der Mitgliederverwaltung (m/w/d),https://de.indeed.com/viewjob?jk=08721bbbc935a179,48155 Münster,PENSIONSKASSE Deutscher Genossenschaften VVaG,2026-04-23T17:14:08.503Z
Rechtsanwaltsfachangestellte (m/w/d),https://de.indeed.com/viewjob?jk=ac90b83b2a1ac56b,99084 Erfurt,Hahn & Gempe Rechtsanwälte,2026-04-23T16:21:21.731Z
Rechtsanwaltsfachangestellte (m/w/d),https://de.indeed.com/viewjob?jk=ac90b83b2a1ac56b,99084 Erfurt,Hahn & Gempe Rechtsanwälte,2026-04-23T16:21:21.731Z
Rechtsanwaltsfachangestellte (m/w/d),https://de.indeed.com/viewjob?jk=96f079623c391a67,Nürnberg,KGH Anwaltskanzlei Kreuzer Goßler Horlamus und Partner mbB,2026-04-17T16:17:39.723Z
Rechtsanwaltsfachangestellte (m/w/d) in Teilzeit (20-25h) + Homeoffice & flexible Arbeitszeiten,https://de.indeed.com/viewjob?jk=5e1ee7d3cce64ef3,70173 Stuttgart,Die Lawgentur GmbH,2026-03-25T13:55:17.400Z
Sachbearbeiter/in Urheberrechte (m/w/d),https://de.indeed.com/viewjob?jk=6eb996d10007ee60,80337 München,Image Professionals GmbH,2026-04-02T15:30:19.899Z
Rechtsanwaltsfachangestellte (m/w/d),https://de.indeed.com/viewjob?jk=fd6ce8fb13a381a6,30175 Hannover,Markert-Rohland & Rohland,2026-04-16T14:54:43.545Z
Rechtsanwaltsfachangestellte (m/w/d),https://de.indeed.com/viewjob?jk=e5810fd07f11b32c,44787 Bochum,LNS Leifeld Niechoj Scholten Rechtsanwälte und Fachanwälte für Arbeitsrecht PartG,2026-04-01T08:35:18.430Z
Leiter/-in Sekretariat & Kanzleimanagement (m/w/d),https://de.indeed.com/viewjob?jk=1c6a3a1d0f4c4be0,52070 Aachen,Momen + Franz PartG mbB,2026-04-06T00:04:41.786Z
Sachbearbeiter/in in der Mitgliederverwaltung (m/w/d),https://de.indeed.com/viewjob?jk=08721bbbc935a179,48155 Münster,PENSIONSKASSE Deutscher Genossenschaften VVaG,2026-04-23T17:14:08.503Z
Rechtsanwaltsfachangestellte (m/w/d),https://de.indeed.com/viewjob?jk=beb007ed776a0151,60322 Frankfurt am Main,franzmann. geilen. brückmann.,2026-04-10T15:12:38.444Z
Rechtsanwaltsfachangestellte (m/w/d),https://de.indeed.com/viewjob?jk=722f271f7a5e8e16,76133 Karlsruhe,HMK Rechtsanwälte,2026-03-31T14:19:44.820Z
Teamassistenz für die Wirtschaftsprüfung / Steuerberatung / Rechtsberatung (m/w/d),https://de.indeed.com/viewjob?jk=c586f3314d1bd59c,Frankfurt am Main,RSM Ebner Stolz Wirtschaftsprüfer Steuerberater Rechtsanwälte Partnerschaft mbB,2026-02-28T00:12:30.850Z
Rechtsanwaltsfachangestellte (m/w/d),https://de.indeed.com/viewjob?jk=7bca8bb96fc4f3ff,Mönchengladbach,Maier und Wintz Rechtsanwälte,2026-04-08T10:52:47.627Z
Rechtsanwaltsfachangestellte/r (m/w/d) für immobilienrechtliche Kanzlei - Vollzeit/Teilzeit,https://de.indeed.com/viewjob?jk=e2f105b8258c248d,10707 Berlin,Brunner Budenberg Schöneck Kondo & Partner Rechtsanwäle PartG,2026-03-31T07:49:57.200Z
Rechtsanwaltsfachangestellte (m/w/d),https://de.indeed.com/viewjob?jk=b026234e189d4b06,86899 Landsberg am Lech,Rechtsanwälte Dlugosch Dr. Lintz Hammermüller LL.M.,2026-04-15T15:21:43.562Z
Rechtsanwaltsfachangestellte/-r mit Schwerpunkt Buchhaltung (m/w/d),https://de.indeed.com/viewjob?jk=3a3887d119d23b09,52070 Aachen,Momen + Franz PartG mbB,2026-04-06T00:31:42.678Z
Rechtsanwaltsfachangestellte (m/w/d) / kaufmännische Fachkraft (m/w/d) in Vollzeit oder Teilzeit,https://de.indeed.com/viewjob?jk=18c510eca63617c9,73447 Oberkochen,SCHULLE Rechtsanwälte GmbH & Co KG,2026-04-17T10:31:19.336Z
Rechtsanwaltsfachangestellte / ReFa / Kanzleiassistenz (m/w/d),https://de.indeed.com/viewjob?jk=bb5ea79ac667b900,Darmstadt,Fachkanzlei für Arbeitsrecht,2026-04-11T18:05:20.807Z
Sekretäre / Assistenten / Rechtsanwaltsfachangestellte (m/w/d) im Anwaltssekretariat - Essen,https://de.indeed.com/viewjob?jk=81c21100baf704b4,45133 Essen,Aulinger Rechtsanwälte Notare,2026-04-20T09:41:37.103Z
Rechtsanwaltsfachangestellte (m/w/d) Vollzeit,https://de.indeed.com/viewjob?jk=82cdc74dadf534ae,74072 Heilbronn,Ernestus Rechtsanwälte GmbH & Co. KG,2026-04-17T15:38:15.433Z
Rechtsanwaltsfachangestellte / Legal Assistant (m/w/d) – Vertragsrecht in Berlin,https://de.indeed.com/viewjob?jk=1b43e770e0d575b8,10115 Berlin,Tierarzt Plus GmbH,2026-03-11T20:13:13.734Z
Rechtsanwaltsfachangestellte*r /Anwaltsassistenz (m/w/d),https://de.indeed.com/viewjob?jk=508a08e12b3ab89c,90449 Nürnberg,"KSR Rechtsanwaltskanzlei, Main Donau Park",2026-04-23T12:26:43.107Z
Inhouse Jurist/Legal Counsel (m/w/d),https://de.indeed.com/viewjob?jk=4fe8d5cda0874b35,Karlsruhe,BBBank eG,2026-02-16T16:03:36.131Z
Rechtsanwaltsfachangestellte (m/w/d) im Verkehrsrecht,https://de.indeed.com/viewjob?jk=54e35d88a0a4e878,50829 Köln,Nextright,2026-04-07T16:36:57.799Z
Sachbearbeiter Insolvenztabelle (m/w/d),https://de.indeed.com/viewjob?jk=a6bd896f3c65264c,Rostock,ECOVIS Webservice GmbH,2026-02-23T18:50:23.330Z
Rechtsreferendare (m/w/d),https://de.indeed.com/viewjob?jk=42b4e7a3bb06968a,Staufen,"Steiger, Schill & Kollegen",2025-04-17T08:24:09.700Z
Verwaltungsangestellte (m/w/d) Vorzimmer Gesundheitsamt (202624),https://de.indeed.com/viewjob?jk=067a319d206aad12,Landshut,Landratsamt Landshut,2026-04-22T11:38:31.640Z
Steuerberater *,https://de.indeed.com/viewjob?jk=414ac9b5931f5385,59192 Bergkamen,Swientek & Koitka PartGmbB Steuerberater & Rechtsanwalt,2026-03-09T13:04:39.638Z
Rechtsanwaltsfachangestellte (m/w/d),https://de.indeed.com/viewjob?jk=2bd9e9a361843df5,86899 Landsberg am Lech,KAPPES & KOLLEGEN - Rechtsanwälte,2026-04-01T16:42:15.796Z
Rechtsanwalts- und Notarfachangestellter in Löningen (m/w/d),https://de.indeed.com/viewjob?jk=e6fdfbb8fdcf6cb9,49624 Löningen,STFK Schwegmann + Partner mbB Rechtsanwalt,2026-03-31T10:55:02.170Z
Studierende (m/w/d),https://de.indeed.com/viewjob?jk=bfb8b2e92215e978,72138 Kirchentellinsfurt,TILP Rechtsanwaltsgesellschaft mbH,2025-01-06T12:08:34.783Z
Rechtsanwaltfachangestellte(M/W/D) Voll/Teilzeit in Magdeburg,https://de.indeed.com/viewjob?jk=9379d1aec0103fe2,39104 Magdeburg,Göhmann Rechtsanwälte und Notare,2026-01-30T23:49:46.687Z
Rechtsanwalts- und Notarfachangestellte/n (w/m/d) oder Notarfachwirt/in (w/m/d),https://de.indeed.com/viewjob?jk=34b376a1c4d5cc85,31582 Nienburg,Rubel & Kothe GmbH Steuerberatungsgesellschaft,2025-03-25T07:20:47.521Z
Sachbearbeitung Insolvenz – Schwerpunkt Verfahrensabschluss (M/W/D),https://de.indeed.com/viewjob?jk=7ec895eb41dec76c,Mühldorf,Loserth Schranner & Partner Steuerberater Rechtsanwälte Wirtschaftsprüfer mbB,2026-04-02T08:37:11.926Z
Sachbearbeiter/in (w/m/d) im Notariat – Schwerpunkt Gesellschaftsrecht –,https://de.indeed.com/viewjob?jk=5744008739ed14d8,20095 Hamburg,Hamburgische Notarkammer,2026-02-12T17:42:28.903Z
"Rechtsanwalt (m, w, d) für die Abwicklung von zivilrechtlichen Mandaten",https://de.indeed.com/viewjob?jk=77c85534ad3c3412,Bersenbrück,Rechtsanwaltskanzlei Kreimer & Kollegen,2026-02-27T05:16:14.420Z
Fachkraft Lohnabrechnung (m/w/d) – mit Leidenschaft fürs Anleiten und Weitergeben,https://de.indeed.com/viewjob?jk=02f62a837a61ba5c,01067 Dresden,RIEDIGER. legal | tax Rechtsanwaltsgesellschaft mbH,2025-07-10T13:51:33.106Z
Personalfachkraft (m/w/d) – HR Allrounder,https://de.indeed.com/viewjob?jk=7a5e15fb41dc9a4e,67258 Heßheim,Herbert Willersinn Straßenbaustoffe GmbH & Co. KG,2026-03-03T07:15:22.684Z
Rechtsreferendare (m/w/d),https://de.indeed.com/viewjob?jk=e74dfe445e780705,73728 Esslingen,"Rechtsanwälte Dr. Späth, Rues & Partner mbB",2026-03-04T11:57:17.327Z
Justizbeschäftigte (m/w/d) in der Verwaltung bei dem Landgericht Koblenz,https://de.indeed.com/viewjob?jk=d6ef1f1119357d27,56068 Koblenz,Staatskanzlei Rheinland-Pfalz,2026-04-15T13:40:00.420Z
Eine Stelle als Servicemitarbeiter (m/w/d) des mittleren Dienstes,https://de.indeed.com/viewjob?jk=d30631fe60451de3,03046 Cottbus,Landesregierung Brandenburg,2026-03-27T07:25:01.398Z
Bürovorsteher(in) (m/w/d),https://de.indeed.com/viewjob?jk=071d4e52091eaaa1,66424 Homburg,Rechtsanwälte Gebhardt und Kollegen GdbR,2025-08-31T17:20:15.922Z
Wir zum nächstmöglichen Zeitpunkt eine engagierte Persönlichkeit als Legal Counsel / Unternehmensjurist (m/w/d) – Vollzeit,https://de.indeed.com/viewjob?jk=39d3982d6bfa4129,61231 Bad Nauheim,VIL Institut für Lebensmittelsicherheit GmbH,2026-03-22T22:17:34.204Z
Markenassistent/in Patentreferent/in Quereinsteiger/in (m/w/d),https://de.indeed.com/viewjob?jk=30e00299e91d6d36,66130 Saarbrücken,WAGNER webvocat Rechtsanwaltsgesellschaft mbH,2026-02-18T21:55:12.757Z
Rechtsanwalts- und Notarfachangestellte/n (m/w/d),https://de.indeed.com/viewjob?jk=ba072b5aa4278af3,Marburg an der Lahn,Rechtsanwälte Kögel & Feltz,2026-02-26T12:35:54.762Z
Sachbearbeitung Unternehmensinsolvenz (M/W/D),https://de.indeed.com/viewjob?jk=d33c2f60744fcd10,Mühldorf,Loserth Schranner & Partner Steuerberater Rechtsanwälte Wirtschaftsprüfer mbB,2026-04-02T08:37:10.352Z
Paderborn · Juristische Mitarbeitende (m/w/d),https://de.indeed.com/viewjob?jk=bc050fa79cfa5c22,33102 Paderborn,BRANDI Rechtsanwälte Partnerschaft mbB,2026-02-10T23:04:41.656Z
Juristin / Jurist (m/w/d) in Vollzeit in großer Notarkanzlei in Dachau,https://de.indeed.com/viewjob?jk=6bdeffd98cfbabcd,85221 Dachau,"Notare Dr. Ingmar Wolf, Dr. Felix Odersky",2026-04-01T04:11:25.959Z
Schulsekretär*innen (m/w/d),https://de.indeed.com/viewjob?jk=315f9cdf83f1502a,52062 Aachen,Stadt Aachen,2026-04-09T14:20:13.381Z
Rechtsanwaltsfachangestellter als Sachbearbeiter Mahn- und Klagewesen (m/w/d),https://de.indeed.com/viewjob?jk=49f836c8e8a52301,Barmbek,SAGA Unternehmensgruppe,2026-04-22T13:54:18.471Z
Justizbeschäftigte/r in einer Serviceeinheit (w/m/d) mit der Möglichkeit einer späteren Verbeamtung,https://de.indeed.com/viewjob?jk=caa193f97d01dd52,Berlin,Die Präsidentin des Kammergerichts,2026-04-15T18:45:58.435Z
Referent Liegenschaften (m/w/d),https://de.indeed.com/viewjob?jk=56885775e132b575,01159 Dresden,uniplan Management GmbH,2026-03-23T14:17:44.855Z
Rechtsanwaltsfachangestellte (m/w/d),https://de.indeed.com/viewjob?jk=2dfd860761530c2b,18057 Rostock,KTV Anwälte,2026-04-25T10:47:04.636Z
Ausbildung zur/zum Patentanwaltsfachangestellten (m/w/d),https://de.indeed.com/viewjob?jk=f50c687fb9ea8697,48153 Münster,PELSTER BEHRENDS Patentanwälte PartG mbB,2026-04-01T08:30:30.414Z
Rechtsanwaltsfachangestellte/r und Notarfachangestellte/r (m/w/d),https://de.indeed.com/viewjob?jk=dd68f390917d26be,49074 Osnabrück,Cherek Rechtsanwälte und Notar,2026-04-16T21:20:41.514Z
Ausbildung zum/zur Rechtsanwaltsfachangestellten (m/w/d),https://de.indeed.com/viewjob?jk=ef1a6355de296e3e,08412 Werdau,Diehl und Pape - Rechtsanwälte,2026-04-24T10:51:06.417Z
Sachbearbeiter (m/w/d) Mahnbearbeitung in Teilzeit,https://de.indeed.com/viewjob?jk=edaf09f4fe01a21b,70178 Stuttgart,Creditplus Bank AG,2026-04-20T23:02:07.966Z
Sachbearbeiter – Debitorenbuchhaltung oder Rechtsanwaltsfachangestellter (m/w/d),https://de.indeed.com/viewjob?jk=58227f3410a85c0a,15834 Rangsdorf,GC Großhandels Contor GmbH,2026-02-18T23:37:04.909Z
Ausbildung zur Rechtsanwaltsfachangestellten (w/m/d) 2026,https://de.indeed.com/viewjob?jk=79250d3227689c7a,Duisburg,Anchor Rechtsanwaltsgesellschaft mbH,2026-02-23T14:24:39.401Z
ausbildung zur/zum rechtsanwaltsfachangestellten (m/w/d) in ansbach,https://de.indeed.com/viewjob?jk=c7e26cc01e81fcf8,91522 Ansbach,meyerhuber rechtsanwälte partnerschaft mbb,2026-02-10T11:57:02.508Z
Kaufmännischer Sachbearbeiter Zahlungsmanagement / Payments (m/w/d) Berufserfahrene | Neckarsulm,https://de.indeed.com/viewjob?jk=9aceb5cfc6ce9e06,74172 Neckarsulm,Schwarz Corporate Solutions,2026-02-09T14:31:18.937Z
Teamassistenz 2.0 (m/w/d) in Voll- oder Teilzeit,https://de.indeed.com/viewjob?jk=9573923c8f6bc221,20457 Hamburg,Kliemt Arbeitsrecht,2026-03-09T21:12:04.968Z
Kaufmännischer Sachbearbeiter (m/w/d) im Forderungsmanagement,https://de.indeed.com/viewjob?jk=4c8834cbc659d3dd,86368 Gersthofen,Utilitas GmbH,2026-04-07T11:14:04.538Z
Kundenberater für den Bereich Privatkunden (m/w/d),https://de.indeed.com/viewjob?jk=0d7ac2f76adf4414,Bremen,BKK firmus,2025-11-03T20:53:42.353Z
Rechtsanwaltsfachangestellte (m/w/d),https://de.indeed.com/viewjob?jk=7817c00bc0d152e3,69190 Walldorf,Heid Immobilien GmbH,2025-03-18T04:17:57.679Z
Kaufmännischer Mitarbeiter (m/w/d) Nebenkostenabrechnung/Betriebskosten,https://de.indeed.com/viewjob?jk=cba6fe9f2ecd698f,Frankfurt am Main,Tectareal Property Management GmbH,2026-04-14T13:42:31.117Z
"Sachbearbeiter außergerichtliches Forderungsmanagement (m/w/d) - Teilzeit, 30,4 Std./Woche",https://de.indeed.com/viewjob?jk=0a71f5824288cae5,Ludwigshafen am Rhein,PFALZWERKE AKTIENGESELLSCHAFT,2026-03-19T16:19:43.440Z
Stellvertretende Teamleitung (m/w/d) Forderungsmanagement,https://de.indeed.com/viewjob?jk=6bd7e1686e8b102d,68219 Mannheim,EOS KSI Inkasso Deutschland GmbH,2026-03-31T16:55:48.121Z
Sekretäre / Assistenten (m/w/d) im Anwaltssekretariat - Bochum,https://de.indeed.com/viewjob?jk=a3d4ccb49c937aeb,44787 Bochum,Aulinger Rechtsanwälte Notare,2026-04-20T09:42:31.984Z
ASSISTENZ DER RECHTSABTEILUNG (m/w/d),https://de.indeed.com/viewjob?jk=3744f39e088fe1e9,28816 Stuhr,GC Großhandels Contor GmbH,2026-03-13T23:37:31.908Z
Rechtsanwaltsfachangestellte (m/w/d),https://de.indeed.com/viewjob?jk=a8cc23aab51ed07c,84034 Landshut,Kanzlei Prof. Dr. Fricke & Coll.,2026-04-25T14:12:57.250Z
Mitarbeiter/-in Zentrale Asservatenstelle (m/w/d),https://de.indeed.com/viewjob?jk=1eb49b38b4414d73,Bonn,Polizeipräsidium Bonn,2026-04-16T10:01:52.460Z
Rechtsanwaltsfachangestellter in Teilzeit (m/w/d),https://de.indeed.com/viewjob?jk=3f4cd52db14d2774,74172 Neckarsulm,Kaufland,2026-03-13T13:46:38.279Z
Empfangsmitarbeiter/in (m/w/d),https://de.indeed.com/viewjob?jk=061ceb31a66d1360,40212 Düsseldorf,Klühs notar,2026-04-16T11:39:09.755Z
"Sachbearbeiter außergerichtliches Forderungsmanagement (m/w/d) - Teilzeit, 30,4 Std./Woche",https://de.indeed.com/viewjob?jk=0a71f5824288cae5,Ludwigshafen am Rhein,PFALZWERKE AKTIENGESELLSCHAFT,2026-03-19T16:19:43.440Z
Justizbeschäftigte/r in einer Serviceeinheit (w/m/d) mit der Möglichkeit einer späteren Verbeamtung,https://de.indeed.com/viewjob?jk=caa193f97d01dd52,Berlin,Die Präsidentin des Kammergerichts,2026-04-15T18:45:58.435Z
Rechtsanwaltsfachangestellter als Sachbearbeiter Mahn- und Klagewesen (m/w/d),https://de.indeed.com/viewjob?jk=49f836c8e8a52301,Barmbek,SAGA Unternehmensgruppe,2026-04-22T13:54:18.471Z
Insolvenzsachbearbeiter (m/w/d),https://de.indeed.com/viewjob?jk=d6c3b143d11c87e6,47051 Duisburg,Streitbörger PartGmbB,2024-12-09T16:01:17.794Z
Rechtsanwaltsfachangestellte (m/w/d),https://de.indeed.com/viewjob?jk=2bd9e9a361843df5,86899 Landsberg am Lech,KAPPES & KOLLEGEN - Rechtsanwälte,2026-04-01T16:42:15.796Z
Ausbildung zur/zum Patentanwaltsfachangestellten (m/w/d),https://de.indeed.com/viewjob?jk=f50c687fb9ea8697,48153 Münster,PELSTER BEHRENDS Patentanwälte PartG mbB,2026-04-01T08:30:30.414Z
ausbildung zur/zum rechtsanwaltsfachangestellten (m/w/d) in gunzenhausen,https://de.indeed.com/viewjob?jk=a8926a6e7be303c9,91710 Gunzenhausen,meyerhuber rechtsanwälte partnerschaft mbb,2026-02-10T11:54:56.768Z
Teamassistenz 2.0 (m/w/d) in Voll- oder Teilzeit,https://de.indeed.com/viewjob?jk=9573923c8f6bc221,20457 Hamburg,Kliemt Arbeitsrecht,2026-03-09T21:12:04.968Z
Rechtsanwaltsfachangestellte (m/w/d),https://de.indeed.com/viewjob?jk=7817c00bc0d152e3,69190 Walldorf,Heid Immobilien GmbH,2025-03-18T04:17:57.679Z
Rechtsanwaltsfachangestellte/r und Notarfachangestellte/r (m/w/d),https://de.indeed.com/viewjob?jk=dd68f390917d26be,49074 Osnabrück,Cherek Rechtsanwälte und Notar,2026-04-16T21:20:41.514Z
Kaufmännischer Mitarbeiter (m/w/d) Nebenkostenabrechnung/Betriebskosten,https://de.indeed.com/viewjob?jk=cba6fe9f2ecd698f,Frankfurt am Main,Tectareal Property Management GmbH,2026-04-14T13:42:31.117Z
Sachbearbeiter – Debitorenbuchhaltung oder Rechtsanwaltsfachangestellter (m/w/d),https://de.indeed.com/viewjob?jk=58227f3410a85c0a,15834 Rangsdorf,GC Großhandels Contor GmbH,2026-02-18T23:37:04.909Z
Kaufmännischer Sachbearbeiter Zahlungsmanagement / Payments (m/w/d) Berufserfahrene | Neckarsulm,https://de.indeed.com/viewjob?jk=9aceb5cfc6ce9e06,74172 Neckarsulm,Schwarz Corporate Solutions,2026-02-09T14:31:18.937Z
Rechtsanwalts- und Notarfachangestellte (m/w/d),https://de.indeed.com/viewjob?jk=7c4322a460c21bd7,30453 Hannover,Ziehm Rechtsanwälte PartGmbB,2026-04-21T09:14:53.258Z
ASSISTENZ DER RECHTSABTEILUNG (m/w/d),https://de.indeed.com/viewjob?jk=3744f39e088fe1e9,28816 Stuhr,GC Großhandels Contor GmbH,2026-03-13T23:37:31.908Z
Ausbildung zur Rechtsanwaltsfachangestellten (w/m/d) 2026,https://de.indeed.com/viewjob?jk=79250d3227689c7a,Duisburg,Anchor Rechtsanwaltsgesellschaft mbH,2026-02-23T14:24:39.401Z
Rechtsanwaltsfachangestellte (m/w/d) im Verkehrsrecht,https://de.indeed.com/viewjob?jk=54e35d88a0a4e878,50829 Köln,Nextright,2026-04-07T16:36:57.799Z
Ausbildung zum/zur Rechtsanwaltsfachangestellten (m/w/d),https://de.indeed.com/viewjob?jk=ef1a6355de296e3e,08412 Werdau,Diehl und Pape - Rechtsanwälte,2026-04-24T10:51:06.417Z
Sekretäre / Assistenten (m/w/d) im Anwaltssekretariat - Bochum,https://de.indeed.com/viewjob?jk=a3d4ccb49c937aeb,44787 Bochum,Aulinger Rechtsanwälte Notare,2026-04-20T09:42:31.984Z
Kaufmännischer Sachbearbeiter (m/w/d) im Forderungsmanagement,https://de.indeed.com/viewjob?jk=4c8834cbc659d3dd,86368 Gersthofen,Utilitas GmbH,2026-04-07T11:14:04.538Z
Empfangsmitarbeiter/in (m/w/d),https://de.indeed.com/viewjob?jk=061ceb31a66d1360,40212 Düsseldorf,Klühs notar,2026-04-16T11:39:09.755Z
Referent Liegenschaften (m/w/d),https://de.indeed.com/viewjob?jk=56885775e132b575,01159 Dresden,uniplan Management GmbH,2026-03-23T14:17:44.855Z
Rechtsanwaltsfachangestellte / ReFa / Kanzleiassistenz (m/w/d),https://de.indeed.com/viewjob?jk=bb5ea79ac667b900,Darmstadt,Fachkanzlei für Arbeitsrecht,2026-04-11T18:05:20.807Z
Kundenberater für den Bereich Privatkunden (m/w/d),https://de.indeed.com/viewjob?jk=0d7ac2f76adf4414,Bremen,BKK firmus,2025-11-03T20:53:42.353Z
Sachbearbeiter (m/w/d) Mahnbearbeitung in Teilzeit,https://de.indeed.com/viewjob?jk=edaf09f4fe01a21b,70178 Stuttgart,Creditplus Bank AG,2026-04-20T23:02:07.966Z
auszubildende rechtsanwaltsfachangestellte (m/w/d),https://de.indeed.com/viewjob?jk=80c0f143c0ef7ea9,Memmingen,Menz & Partner Rechtsanwälte Steuerberater,2026-04-08T13:05:17.525Z
Mitarbeiter (m/w/d) im Schulsekretariat der Integrierten Gesamtschule in Selters,https://de.indeed.com/viewjob?jk=e94911c021e06b47,56410 Montabaur,Westerwaldkreis,2026-04-13T08:20:16.229Z
Erfahrene Insolvenzsachbearbeiter (m/w/d),https://de.indeed.com/viewjob?jk=6fa05e6fd4177425,33330 Gütersloh,KJP GbR,2026-02-11T02:03:53.469Z
Referent*in Nachlassverwaltung (Teilzeit 50%),https://de.indeed.com/viewjob?jk=20a4e66070f04e4d,53173 Bonn,Deutsche Welthungerhilfe e. V.,2026-04-20T22:47:12.610Z
Sachbearbeiter/-in Zulassungsbehörde (m/w/d),https://de.indeed.com/viewjob?jk=4d8ead87c49cf347,Brandenburg an der Havel,Landesregierung Brandenburg,2026-04-09T08:25:33.845Z
Insolvenzsachbearbeiter (m/w/d),https://de.indeed.com/viewjob?jk=d9994551da10531e,44649 Herne,Streitbörger PartGmbB,2024-12-09T16:01:18.459Z
Notarfachangestellter (m/w/d),https://de.indeed.com/viewjob?jk=be11cd10dc770d58,87435 Kempten (Allgäu),Notare Martin Stemmer und Karl Büringer,2024-11-24T08:17:53.587Z
Rechtsanwaltsfachangestellte / Kauffrau für Büromanagement (m/w/d) in Fulda,https://de.indeed.com/viewjob?jk=df8e6c8e38296e40,Mühlhausen,B·B·O·R·S Kreuznacht Rechtsanwälte,2026-04-21T00:57:42.467Z
Insolvenzsachbearbeiter (m/w/d) in Voll- oder Teilzeit,https://de.indeed.com/viewjob?jk=f74660cbd0b07eb2,69115 Heidelberg,Wellensiek,2025-10-13T18:54:46.921Z
Rechtsanwalts- und Notarfachangestellte (m/w/d),https://de.indeed.com/viewjob?jk=d9fa47fb74bdd74a,59555 Lippstadt,"Engemann und Partner, Rechtsanwälte mbB",2026-04-08T17:12:15.591Z
Sachbearbeitung (m/w/d) Veterinärangelegenheiten,https://de.indeed.com/viewjob?jk=4da55f60f6a0b952,Verden (Aller),Freie Hansestadt Bremen,2026-04-21T18:51:19.715Z
Rechtsreferendar/in,https://de.indeed.com/viewjob?jk=4bff1352cfcd966e,09648 Mittweida,"Rechtsanwälte Fessler, Fiebig & Schuster",2025-05-22T08:03:34.710Z
Sachbearbeitung (w/m/d) im RFA Ruhrgebiet,https://de.indeed.com/viewjob?jk=2e447a2227aff0e3,Gelsenkirchen,Landesbetrieb Wald und Holz Nordrhein-Westfalen,2026-04-23T14:35:10.710Z
Tabellensachbearbeiter/in (m/w/d),https://de.indeed.com/viewjob?jk=61a6c0f8ce344651,24983 Flensburg,Ehler Ermer & Partner,2025-10-29T15:55:12.700Z
Patentanwaltsfachangestellte/ Patentanwaltssekretär mit Berufserfahrung (M/W/D) in Voll-oder Teilzeit,https://de.indeed.com/viewjob?jk=15fd345e16d6c8e2,Gera,Meissner Bolte Patentanwälte Rechtsanwälte Partnerschaft mbB,2026-04-06T10:36:13.841Z
Team Lead Legal / Teamleiter Recht (human),https://de.indeed.com/viewjob?jk=f2f896d8c63f7319,Karlsruhe,All for One Switzerland AG,2026-01-12T14:46:30.923Z
"Rechtsreferendar im Bereich Zivil-, Immobilien- und Arbeitsrecht in Hannover (m/w/d)",https://de.indeed.com/viewjob?jk=2125ddadcba97197,30159 Hannover,"bbt+ Rechtsanwälte und Steuerberater von Boehmer, Borchert, Trittel Partnerschaftsgesellschaft mit beschänkter Berufshaftung",2026-01-19T09:59:00.863Z
Notar Thomas Diehl in Duisburg-Ruhrort sucht zur Verstärkung seines Teams eine engagierte Notarfachangestellte (m/w/d) in Voll- oder Teilzeit zum nächst möglichen Termin.,https://de.indeed.com/viewjob?jk=68eacd60924d624b,47119 Duisburg,Rheinische Notarkammer,2026-02-10T10:34:23.373Z
Sekretariatsleitung (m/w/d),https://de.indeed.com/viewjob?jk=415138719d2d59f8,69469 Weinheim,GE/CON GmbH,2026-03-25T16:05:41.802Z
Verwaltungsangestellte:n (w/m/d); Sachbearbeiter:in (w/m/d) im Bürgerbüro,https://de.indeed.com/viewjob?jk=f730495f07eaf0d4,Verden (Aller),Freie Hansestadt Bremen,2026-04-22T18:52:02.378Z
Verwaltungssachbearbeiter (m/w/d),https://de.indeed.com/viewjob?jk=b6dab333dc9629db,56410 Montabaur,Staatskanzlei Rheinland-Pfalz,2026-04-13T19:40:04.250Z
Sekretär / Sekretärin (m/w/d),https://de.indeed.com/viewjob?jk=224bafcc3ad79cb4,Nürnberg,PKF Sozietät Dr. Fischer PartmbB,2025-12-16T16:01:34.250Z
"Rechtsanwalts-, Notarfach- oder kaufmännischen Angestellten (m/w/d)",https://de.indeed.com/viewjob?jk=c5ab89c5970f16c5,35392 Gießen,Hessische Landgesellschaft mbH,2026-01-26T11:58:41.365Z
Steuer-Fachangestellte und Insolvenzbuchhalter (m/w/d),https://de.indeed.com/viewjob?jk=cd7962821434a023,Stuttgart,Rechtsanwalt Dr. Axel Kulas,2025-03-26T08:17:24.638Z
Referendar (m/w/d),https://de.indeed.com/viewjob?jk=e7b846d803f23eca,70184 Stuttgart,Rechtsanwalt Dr. Axel Kulas,2025-03-26T08:17:22.409Z
Empfangs- und Teamassistenz (m/w/d) 100%,https://de.indeed.com/viewjob?jk=b17586e1d403dc77,Reutlingen,RSM Ebner Stolz Wirtschaftsprüfer Steuerberater Rechtsanwälte Partnerschaft mbB,2026-03-20T11:39:32.527Z
Coordinator Legal m/w/d,https://de.indeed.com/viewjob?jk=73575eda7a08e81e,83071 Stephanskirchen,Marc O'Polo,2026-02-23T16:22:19.283Z
Ausbildung als Rechtsanwaltsfachangestellte/r (m/w/d),https://de.indeed.com/viewjob?jk=a788bb95f43faa76,80333 München,Kanzlei Tomanke,2026-04-27T08:14:23.180Z
Mitarbeiter/in für die Finanzbuchhaltung - Zahlungsabwicklung (m/w/d),https://de.indeed.com/viewjob?jk=b1f57c171a8c461a,53332 Bornheim,Stadt Bornheim,2026-04-17T10:05:07.117Z
Rechtsanwalts- und Notarfachangestellte (m/w/d),https://de.indeed.com/viewjob?jk=e6b9abab89a7f782,30167 Hannover,Becker-Baurecht,2026-04-25T19:27:06.983Z
Assistent Schadenbearbeitung (m/w/d),https://de.indeed.com/viewjob?jk=7b0ec1b20359d224,Neuss,Deutsche Post & DHL,2026-04-08T18:19:25.481Z
Sachbearbeiterin / Sachbearbeiter in der Verwaltung des Landgerichts Aachen (m/w/d),https://de.indeed.com/viewjob?jk=94308873dd015524,52070 Aachen,Landgericht Aachen,2026-04-01T16:02:13.846Z
Sachbearbeitung Wohngeld und Bildung und Teilhabe (m/w/d),https://de.indeed.com/viewjob?jk=1ae2c1a2592a3d4c,40878 Ratingen,Stadt Ratingen,2026-04-20T16:08:20.140Z
Rechtsanwalts- und Notarfachangestellte (m/w/d),https://de.indeed.com/viewjob?jk=e6b9abab89a7f782,30167 Hannover,Becker-Baurecht,2026-04-25T19:27:06.983Z
Rechtsanwalts- und Notarfachangestellte (m/d/w) oder Notarfachwirte (m/d/w),https://de.indeed.com/viewjob?jk=1e3b0065d31a044c,33415 Verl,CV-Recht,2026-04-25T15:08:31.610Z
Bürokauffrau/Bürokaufmann (m/w/d) im Forderungsmanagement,https://de.indeed.com/viewjob?jk=3ad802d72baaef8a,55128 Mainz,SVEA Collection GmbH,2026-04-27T09:16:24.415Z
Bürokauffrau/Bürokaufmann (m/w/d) im Forderungsmanagement,https://de.indeed.com/viewjob?jk=3ad802d72baaef8a,55128 Mainz,SVEA Collection GmbH,2026-04-27T09:16:24.415Z
Sachbearbeiter (m/w/d) Forderungsmanagement,https://de.indeed.com/viewjob?jk=5ed9c98b3cbab70f,40882 Ratingen,Prosegur GmbH,2026-02-18T13:53:46.369Z
Teamassistent:in,https://de.indeed.com/viewjob?jk=2f17faa11a8b1eb5,Linz am Rhein,Edthaler Leitner-Bommer Schmieder & Partner Rechtsanwälte GmbH,2024-12-02T14:45:17.750Z
Mitarbeiter/in für die Finanzbuchhaltung - Zahlungsabwicklung (m/w/d),https://de.indeed.com/viewjob?jk=b1f57c171a8c461a,53332 Bornheim,Stadt Bornheim,2026-04-17T10:05:07.117Z
Rechtsanwaltsfachangestellter in Teilzeit (m/w/d),https://de.indeed.com/viewjob?jk=3f4cd52db14d2774,74172 Neckarsulm,Kaufland,2026-03-13T13:46:38.279Z
Sachbearbeiterin / Sachbearbeiter in der Verwaltung des Landgerichts Aachen (m/w/d),https://de.indeed.com/viewjob?jk=94308873dd015524,52070 Aachen,Landgericht Aachen,2026-04-01T16:02:13.846Z
Ausbildung als Rechtsanwaltsfachangestellte/r (m/w/d),https://de.indeed.com/viewjob?jk=a788bb95f43faa76,80333 München,Kanzlei Tomanke,2026-04-27T08:14:23.180Z
Koordinator für gesetzliche Vorgaben und Verordnungen (m/w/d),https://de.indeed.com/viewjob?jk=f81d995fe0af02ba,76287 Rheinstetten,EDEKA Südwest Fleisch GmbH,2026-03-19T19:41:43.944Z
Mitarbeiter/-in Zentrale Asservatenstelle (m/w/d),https://de.indeed.com/viewjob?jk=1eb49b38b4414d73,Bonn,Polizeipräsidium Bonn,2026-04-16T10:01:52.460Z
Sachbearbeiter (m/w/d) Forderungsmanagement,https://de.indeed.com/viewjob?jk=5ed9c98b3cbab70f,40882 Ratingen,Prosegur GmbH,2026-02-18T13:53:46.369Z
Steuerfachwirt(in) (m/w/d) in Teil-/Vollzeit,https://de.indeed.com/viewjob?jk=d09153a07ed167c2,53489 Sinzig,FUCHS + Partner Steuerberatungsgesellschaft und Rechtsanwaltsgesellschaft mbH,2026-04-09T02:44:13.976Z
Insolvenzsachbearbeiter Tabelle (m/w/d) in Vollzeit oder Teilzeit für den Standort Hamburg,https://de.indeed.com/viewjob?jk=8e6db010a92214eb,Hamburg,Reimer Rechtsanwälte,2024-12-02T08:06:10.592Z
Rechtsanwaltsfachangestellte (m/w/d),https://de.indeed.com/viewjob?jk=a8cc23aab51ed07c,84034 Landshut,Kanzlei Prof. Dr. Fricke & Coll.,2026-04-25T14:12:57.250Z
Rechtsanwalts- und Notarfachangestellte (m/d/w) oder Notarfachwirte (m/d/w),https://de.indeed.com/viewjob?jk=1e3b0065d31a044c,33415 Verl,CV-Recht,2026-04-25T15:08:31.610Z
Assistenz im Patentwesen(m/w/d),https://de.indeed.com/viewjob?jk=e59cc7f8307b958f,73447 Oberkochen,Bertrandt AG,2026-04-17T14:57:58.991Z
Sachbearbeiter (m/w/d),https://de.indeed.com/viewjob?jk=1d6c3eea27c8f38d,Chemnitz,Tiefenbacher Rechtsanwälte,2024-11-29T11:46:40.662Z
Coordinator Legal m/w/d,https://de.indeed.com/viewjob?jk=73575eda7a08e81e,83071 Stephanskirchen,Marc O'Polo,2026-02-23T16:22:19.283Z
Empfangs- und Teamassistenz (m/w/d) 100%,https://de.indeed.com/viewjob?jk=b17586e1d403dc77,Reutlingen,RSM Ebner Stolz Wirtschaftsprüfer Steuerberater Rechtsanwälte Partnerschaft mbB,2026-03-20T11:39:32.527Z
Assistenz Kanzleiorganisation & Administration (m/w/d),https://de.indeed.com/viewjob?jk=da73c3fae5cf073e,Nürnberg,PKF Sozietät Dr. Fischer PartmbB,2026-03-03T16:01:30.103Z
Sekretär/in (m/w/d),https://de.indeed.com/viewjob?jk=995784450acc15c4,03051 Cottbus,Buchführungsdienst der Bayerischen Jungbauernschaft e.V.,2026-03-24T16:31:33.184Z
Steuerfachangestellter / Steuerfachwirt (m/w/d) als Allrounder,https://de.indeed.com/viewjob?jk=b4d5199f2b2f12ff,76870 Kandel,EHL - HUBER - WARTH & AMANN Partnerschaft mbB Steuerberater Wirtschaftsprüfer Rechtsanwalt,2026-04-15T16:11:33.220Z
Koordinator für gesetzliche Vorgaben und Verordnungen (m/w/d),https://de.indeed.com/viewjob?jk=f81d995fe0af02ba,76287 Rheinstetten,EDEKA Südwest Fleisch GmbH,2026-03-19T19:41:43.944Z
Bürosachbearbeitung (m/w/d) im Bereich Stellenwirtschaft / Innerer Dienst,https://de.indeed.com/viewjob?jk=a477335baf1b273a,Braunschweig,WSA-MLK-ESK,2026-04-22T09:52:06.162Z
Standesbeamtin/Standesbeamter,https://de.indeed.com/viewjob?jk=88d416e51a7c397e,52156 Monschau,Stadt Monschau,2026-04-17T16:01:51.918Z
Teamassistenz / Sekretär (m/w/d),https://de.indeed.com/viewjob?jk=1ab1c87da2500b59,14469 Potsdam,NORDEMANN,2026-03-23T13:02:38.270Z
Teamassistenz im Bereich der Insolvenzverwaltung (m/w/d),https://de.indeed.com/viewjob?jk=f5f9f0aafcbdd3c9,Stuttgart,Rechtsanwalt Dr. Axel Kulas,2025-03-26T08:17:24.605Z
Assistent Schadenbearbeitung (m/w/d),https://de.indeed.com/viewjob?jk=7b0ec1b20359d224,Neuss,Deutsche Post & DHL,2026-04-08T18:19:25.481Z
Standesbeamtin/Standesbeamter,https://de.indeed.com/viewjob?jk=88d416e51a7c397e,52156 Monschau,Stadt Monschau,2026-04-17T16:01:51.918Z
Rechtsanwaltsfachangestellte (m/w/d),https://de.indeed.com/viewjob?jk=2dfd860761530c2b,18057 Rostock,KTV Anwälte,2026-04-25T10:47:04.636Z
Sachbearbeitung Bürgerservice (m/w/d),https://de.indeed.com/viewjob?jk=2376cbaabb39833b,Schweinfurt,Landratsamt Schweinfurt,2026-04-08T14:49:39.709Z
Sachbearbeitung Wohngeld und Bildung und Teilhabe (m/w/d),https://de.indeed.com/viewjob?jk=1ae2c1a2592a3d4c,40878 Ratingen,Stadt Ratingen,2026-04-20T16:08:20.140Z
Bürosachbearbeitung (m/w/d) im Bereich Stellenwirtschaft / Innerer Dienst,https://de.indeed.com/viewjob?jk=a477335baf1b273a,Braunschweig,WSA-MLK-ESK,2026-04-22T09:52:06.162Z
Rechtsreferendar (m/w/d),https://de.indeed.com/viewjob?jk=653dc63ce18dd2de,34117 Kassel,h a a s k ö h l e r Rechtsanwälte PartG mbB | Notar,2026-01-28T17:41:58.655Z
Sekretärin der Geschäftsführung (m/w/d),https://de.indeed.com/viewjob?jk=b2962046b17edb34,85107 Baar-Ebenhausen,GSB – Sonderabfall-Entsorgung Bayern GmbH,2025-12-16T12:00:31.733Z
Kaufmännische Fachkraft (m/w/d),https://de.indeed.com/viewjob?jk=925756f4c054020b,34466 Wolfhagen,Weide & Partner mbB Steuerberatungsgesellschaft,2026-03-23T07:40:41.725Z
Hannover · drei Promotionsstellen (m/w/d),https://de.indeed.com/viewjob?jk=018975275a376eaa,Hannover,BRANDI Rechtsanwälte Partnerschaft mbB,2026-02-10T23:04:42.490Z
Teamassistenz (m/w/d) - Organisation - Verwaltung - HR - Marketing,https://de.indeed.com/viewjob?jk=aef630f4cf6bfbe8,Nürnberg,AfA Rechtsanwälte Frankfurt,2026-04-02T08:30:21.163Z
"Rechtsanwaltsfachangestellte/r, Bürokauffrau/-mann, oder Quereinsteiger/in (m/w/d)",https://de.indeed.com/viewjob?jk=c621202923267f00,48157 Münster,"Rechtsanwalt & Notar Dr. Christian Heine, LL.M.",2026-04-26T18:19:18.732Z
Assistenz im Patentwesen(m/w/d),https://de.indeed.com/viewjob?jk=e59cc7f8307b958f,73447 Oberkochen,Bertrandt AG,2026-04-17T14:57:58.991Z
Mitarbeiter/in Zwangsvollstreckung (m/w/d),https://de.indeed.com/viewjob?jk=1efd114e48995c57,Gießen,Helduser Richtberg GbR Rechtsanwälte - Notare - Fachanwälte,2026-04-07T18:31:40.155Z
Teamassistent (m/w/d) Personalverwaltung,https://de.indeed.com/viewjob?jk=4903444cc6a584fa,10367 Berlin,NETINERA Deutschland GmbH,2026-02-18T15:47:42.915Z
Sachbearbeiter (m/w/d) für Tabellensachbearbeitung,https://de.indeed.com/viewjob?jk=0a01f570981968ed,69115 Heidelberg,Wellensiek,2025-10-13T18:54:32.900Z
"Rechtsanwaltsfachangestellte/r, Bürokauffrau/-mann, oder Quereinsteiger/in (m/w/d)",https://de.indeed.com/viewjob?jk=c621202923267f00,48157 Münster,"Rechtsanwalt & Notar Dr. Christian Heine, LL.M.",2026-04-26T18:19:18.732Z
Assistenz — m/w/d,https://de.indeed.com/viewjob?jk=a8ea71175a3bcb48,70192 Stuttgart,Kuhn Carl Norden Baum Rechtsanwälte,2026-03-24T22:06:07.123Z
Notarfachangestellte/n / Notarfachwirt/in,https://de.indeed.com/viewjob?jk=2f036a8fa58cdee0,30880 Laatzen,"Rechtsanwälte & Notar Dr. Winfried Lippmann, Hennigs & Coll.",2026-04-02T14:06:40.290Z
Insolvenzsachbearbeiter (m/w/d),https://de.indeed.com/viewjob?jk=5a500bbbbd4b892e,34131 Kassel,Römermann Rechtsanwälte,2026-03-03T09:07:26.616Z
Lohn- und Gehaltsbuchhalter (m/w/d) in Voll- oder Teilzeit,https://de.indeed.com/viewjob?jk=ab72b3caf4a1e0e4,02708 Löbau,RIEDIGER. legal | tax Rechtsanwaltsgesellschaft mbH,2025-04-01T19:58:58.421Z
Office- & Kanzleimanagement in der Steuerberatung (m/w/d),https://de.indeed.com/viewjob?jk=4ad4619b337fc2b1,87527 Sonthofen,Schwendinger Keck & Partner Wirtschaftsprüfer - Steuerberater - Rechtsanwalt mbB,2026-03-16T21:40:33.774Z
Mitarbeiter (m/w/d) im Schulsekretariat der Integrierten Gesamtschule in Selters,https://de.indeed.com/viewjob?jk=756ce47eff82662c,56410 Montabaur,Kreisverwaltung des Westerwaldkreises,2026-04-13T02:33:34.323Z
Rechtsreferendar (m/w/d) Wahlstation,https://de.indeed.com/viewjob?jk=b7ab183fa646061c,40211 Düsseldorf,ITMR Rechtsanwälte GbR,2026-02-22T15:19:21.620Z
Assistenz (m/w/d),https://de.indeed.com/viewjob?jk=8dfae12406bfe3f5,Düsseldorf,"Dr. Ganteführer, Marquardt & Partner mbB Wirtschaftsprüfer – Steuerberater – Rechtsanwälte",2026-02-11T01:32:34.281Z
Minden · Referendare (m/w/d),https://de.indeed.com/viewjob?jk=6ae869e9716bf19d,32425 Minden,BRANDI Rechtsanwälte Partnerschaft mbB,2026-02-10T23:04:41.207Z
(2026/41) Sachbearbeitung (m/w/d) Bußgeldstelle,https://de.indeed.com/viewjob?jk=b64c9cdb02920b6e,07973 Greiz,Landkreis Greiz,2026-04-14T13:40:35.268Z
Justizbeschäftigter (m/w/d),https://de.indeed.com/viewjob?jk=94a131791bb0b4e8,56112 Lahnstein,Staatskanzlei Rheinland-Pfalz,2026-03-20T23:59:31.126Z
Sachbearbeiter Liegenschaften m/w/d,https://de.indeed.com/viewjob?jk=a4879f6c887d6b21,Hockenheim,SPIE Germany Switzerland Austria GmbH,2026-02-18T16:42:00.492Z
Mitarbeitende/r im Bereich Bürgerbüro (m/w/d),https://de.indeed.com/viewjob?jk=04a049003c4f432c,Reinfeld (Holstein),Stadt Reinfeld (Holstein),2026-04-14T15:00:06.989Z
Patentanwaltsfachangestellte,https://de.indeed.com/viewjob?jk=23a135d15d8fa83a,Hannover,horak Rechtsanwälte Partnerschaft mbB,2025-09-09T09:38:14.714Z
Empfangsmitarbeiter (m/w/d) in Vollzeit für den Standort Hamburg,https://de.indeed.com/viewjob?jk=ad834ae4d688943c,Hamburg,Reimer Rechtsanwälte,2026-01-29T19:34:22.886Z
Sachbearbeitung Liegenschaften (m/w/d),https://de.indeed.com/viewjob?jk=ffe746647441e939,41515 Grevenbroich,Stadt Grevenbroich,2026-04-13T15:14:08.860Z
Spezialist Corporate Governance Risk & Sustainability (m/w/d),https://de.indeed.com/viewjob?jk=78ed00d53fcaf2e0,Lübbecke,MERKUR GROUP,2026-04-20T16:34:05.980Z
Steuerfachangestellte/r (m/w/d),https://de.indeed.com/viewjob?jk=c06caa6e12ed7057,68161 Mannheim,Ax Rechtsanwälte,2025-08-18T15:51:31.834Z
Ausbildungsplatz zur Rechtsanwaltsfachangestellten (m/w/d),https://de.indeed.com/viewjob?jk=38951db31c48aa69,Bonn,Lehmkühler Rechtsanwälte Steuerberater,2026-01-13T06:45:43.683Z
"Assistenz der Geschäftsführung - Verträge, Verwaltung & Sekretariat, Erneuerbare Energien (w/m/d)",https://de.indeed.com/viewjob?jk=14bf9273cb8aeded,46286 Dorsten,Loick Bioenergie GmbH,2026-03-31T12:49:40.784Z
kaufmännische Sachbearbeiter:innen,https://de.indeed.com/viewjob?jk=96f5346e68fb25ce,Hamburg,"KSP Kanzlei Dr. Seegers, Dr. Frankenheim Rechtsanwaltsgesellschaft mbH",2025-03-14T20:07:15.185Z
Sachbearbeiterin / Sachbearbeiter,https://de.indeed.com/viewjob?jk=d15a0424bde2e9d6,Deutschland,Notar Christoph M. Ritter,2026-03-05T19:46:59.374Z
Ausbildung (m/w/d),https://de.indeed.com/viewjob?jk=0ba77a42d18fbf46,Cloppenburg,"Mählmeyer & Partner, Rechtsanwälte & Steuerberater",2025-07-16T22:02:43.125Z
Assistenz (w/m/d) im Bereich der Insolvenzverwaltung,https://de.indeed.com/viewjob?jk=972f619035af1b24,Dortmund,Husemann Partnerschaftsgesellschaft mbB,2026-03-09T20:54:26.175Z
Minden · Rechtsanwalts- und Notarfachangestellte (m/w/d),https://de.indeed.com/viewjob?jk=12a18d82ad49827b,32425 Minden,BRANDI Rechtsanwälte Partnerschaft mbB,2026-02-10T23:04:40.543Z
Assistenz General Counsel/Assistenz GF Legal und Compliance M/W/D,https://de.indeed.com/viewjob?jk=61c69d72ea22b083,Siegen,invicem gmbh,2025-11-26T13:42:41.984Z
Bürosachbearbeiter/in (w/m/d),https://de.indeed.com/viewjob?jk=bc2fb571bb9bd66d,17033 Neubrandenburg,Landesamt für Straßenbau und Verkehr Mecklenburg-Vorpommern,2026-04-07T13:18:14.762Z
Sachbearbeiter*innen (m/w/d) zwecks Absolvierung des Angestelltenlehrgangs I,https://de.indeed.com/viewjob?jk=b530d5302e42e652,31137 Hildesheim,Landkreis Hildesheim,2026-03-19T14:36:01.114Z
Bürokraft (m/w/d) Einstellung geplant: Ab sofort – Frühjahr 2026,https://de.indeed.com/viewjob?jk=8479710813e147b8,83395 Freilassing,Reubel Grubwinkler Rechtsanwälte PartG,2026-03-16T05:07:37.858Z
Verwaltungskraft | Assistenz Geschäftsführung,https://de.indeed.com/viewjob?jk=7f8bb475ac8761bd,Deutschland,medaceum gmbh,2024-11-30T19:35:28.879Z
Sachbearbeiter (w/m/d) im Bereich Verbraucherinsolvenzen,https://de.indeed.com/viewjob?jk=75c93bf1220baadf,Dortmund,Husemann Partnerschaftsgesellschaft mbB,2026-03-09T14:48:42.623Z
Sachbearbeiter-/in Insolvenztabelle (m/w/d) in Fulda,https://de.indeed.com/viewjob?jk=d5d502317f59879c,Mühlhausen,B·B·O·R·S Kreuznacht Rechtsanwälte,2026-04-21T00:57:40.440Z
Sekretärin (m/w/d) in Kassel,https://de.indeed.com/viewjob?jk=61c3602c626de977,Mühlhausen,B·B·O·R·S Kreuznacht Rechtsanwälte,2026-04-21T00:57:42.469Z
Rechtsreferendar (m/w/d) für unseren Anwaltsbereich,https://de.indeed.com/viewjob?jk=7e1d6f2eac8c814e,Plettenberg,Prange Rechtsanwaltsgesellschaft MBH,2025-10-01T18:22:11.788Z
Sachbearbeiter/innen für Ordnungswidrigkeiten/Einsprüche (w/m/d),https://de.indeed.com/viewjob?jk=68fb032f6288ba26,Gransee,Landesregierung Brandenburg,2026-04-23T08:24:13.528Z
Kauffrau/-mann Bürokommunikation (m/w/d),https://de.indeed.com/viewjob?jk=8080eb5d793cae95,Schöllnach,Steuerberater Klaus Jobst,2026-04-23T09:11:29.183Z
Notarfachangestellte (m/w/d) oder Notarfachwirtin (m/w/d),https://de.indeed.com/viewjob?jk=de72397a1b314e7d,35576 Wetzlar,"Unützer, Wagner, Werding Rechtsanwälte · Steuerberater Partnerschaftsgesellschaft mbB",2024-11-29T00:03:20.890Z
Teamassistenz der Rechtsberatung (m/w/d),https://de.indeed.com/viewjob?jk=85fcf1f95a303b07,Oldenburg,Unsere Stellenangebote in Oldenburg,2026-03-19T14:08:19.784Z
Werkstudent/Wirtschaftsjurist im Bereich Steuern (m/w/d),https://de.indeed.com/viewjob?jk=08fe71057c375143,Balingen,Scharf • Hafner & Partner mbB,2025-03-14T13:09:21.470Z
Steuerfachwirt in Löningen (m/w/d),https://de.indeed.com/viewjob?jk=22d564a53f196ff0,49624 Löningen,STFK Schwegmann + Partner mbB Rechtsanwalt,2026-03-31T10:55:02.543Z
Insolvenzsachbearbeiter (m/w/d) in Mühlhausen,https://de.indeed.com/viewjob?jk=e09d05bf1f7c1e7e,99974 Mühlhausen,B·B·O·R·S Kreuznacht Rechtsanwälte,2026-04-21T00:57:40.856Z
Jurist (m/w/d) im Studium / Wirtschaftsjurist (m/w/d) / juristische Unterstützung (m/w/d),https://de.indeed.com/viewjob?jk=78b6b18cdf7c4e86,97762 Hammelburg,Dr. Schmitt Leasing GmbH,2026-03-23T14:35:14.406Z
Bürosachbearbeiterin/Bürosachbearbeiter (m/w/d),https://de.indeed.com/viewjob?jk=ce4e584f1e235ad6,24159 Kiel,Wasserstraßen- und Schifffahrtsamt Weser,2026-04-11T07:25:22.310Z
Werkstudent im Assistenzbereich (m/w/d),https://de.indeed.com/viewjob?jk=d5d9bbd36c74c764,70174 Stuttgart,LUTZ | ABEL Rechtsanwalts PartG mbB,2026-03-25T17:30:53.254Z
Notarfachangestellte/Vollzeit (m/w/d) CLP,https://de.indeed.com/viewjob?jk=e7009b641829626b,Cloppenburg,"Mählmeyer & Partner, Rechtsanwälte & Steuerberater",2025-07-16T22:02:41.240Z
Auszubildende/r zur/m Rechtsanwaltsfachangestellten,https://de.indeed.com/viewjob?jk=cd16c5172aa90273,91126 Schwabach,Rechtsanwälte Hausmann & Sandreuther,2025-06-09T14:22:04.970Z
Verwaltungsangestellte/n (m/w/d) für den Arbeitsbereich Schuldnerberatung,https://de.indeed.com/viewjob?jk=549b4f46334d3ae2,Dreieich,PARITÄTISCHE Projekte gemeinnützige GmbH,2026-04-21T23:21:27.731Z
Steuerassistent in Löningen (m/w/d),https://de.indeed.com/viewjob?jk=efc47337c227a085,49624 Löningen,STFK Schwegmann + Partner mbB Rechtsanwalt,2026-03-31T10:55:02.284Z
Steuerfachangestellte(r) (m/w/d) in Teil-/Vollzeit,https://de.indeed.com/viewjob?jk=6c6f54211e1c0e93,53489 Sinzig,FUCHS + Partner Steuerberatungsgesellschaft und Rechtsanwaltsgesellschaft mbH,2026-04-09T02:44:18.330Z
Bürokauffrau/-mann (m/w/d),https://de.indeed.com/viewjob?jk=b4b38c9c6b7635cd,45130 Essen,BISTER BRUNKE Rechtsanwälte PartG mbB PartGmbB,2025-12-03T16:05:07.552Z
Auszubildende zu Rechtsanwaltsfachangestellten (m/w/d) am Standort Freilassing,https://de.indeed.com/viewjob?jk=c166bc679fed6196,83395 Freilassing,Reubel Grubwinkler Rechtsanwälte PartG,2026-03-16T05:07:37.880Z
Insolvenzsachbearbeiter/in (m/w/d) in Hiddenhausen,https://de.indeed.com/viewjob?jk=fd1187ee73696982,Mühlhausen,B·B·O·R·S Kreuznacht Rechtsanwälte,2026-04-21T00:57:38.865Z
Notarfachangestellte,https://de.indeed.com/viewjob?jk=b52bd8850d99f627,32312 Lübbecke,ASH Arning Partnerschaft mbB Rechtsanwälte Steuerberater,2024-11-24T12:43:45.165Z
Auszubildende/​n zur/​m Rechtsanwaltsfachangestellten (m/​w/​d) (Lörrach),https://de.indeed.com/viewjob?jk=51e3c1ce2da6745f,79539 Lörrach,BENDER HARRER KREVET Rechtsanwälte Partnerschaft mbB,2026-03-06T14:16:19.628Z
Auszubildende (m/w/d),https://de.indeed.com/viewjob?jk=c9fc0f0edb5415b8,40211 Düsseldorf,ITMR Rechtsanwälte GbR,2025-11-02T07:46:14.268Z
Mitarbeiter (m/w/d) für unsere Grundstücksverwaltung,https://de.indeed.com/viewjob?jk=2dbc2a2a54310ff5,79639 Grenzach-Wyhlen,Gemeinde Grenzach-Wyhlen,2026-04-15T16:48:04.500Z
Werkstudent/ Rechtsreferendar (m/w/d),https://de.indeed.com/viewjob?jk=2b2c073a2adc2db7,93059 Regensburg,Rechtsanwaltskanzlei HUFNAGEL,2026-04-09T21:58:06.811Z
"Ausbildung zur/zum Rechtsanwaltsfachangestellte/n oder Kauffrau/mann für Büromanagement (m, w, d)",https://de.indeed.com/viewjob?jk=a3b2725f535c720c,Stadtlohn,Rechtsanwaltskanzlei Kreimer & Kollegen,2026-02-27T05:16:13.278Z
Rechtsreferendar (m/w/d),https://de.indeed.com/viewjob?jk=a2506743a03adca6,Hohenlohe,ADVOCA Rechtsanwälte PartG mbB,2024-11-23T19:47:04.686Z
Büroassistenz (m/w/d) Sozialamt,https://de.indeed.com/viewjob?jk=1efef69e79e6bc8c,31655 Stadthagen,Landkreis Schaumburg,2026-04-15T12:27:56.469Z
Minden · Notarfachangestellte oder Notarfachwirte (m/w/d),https://de.indeed.com/viewjob?jk=6d570bc657537fd3,32425 Minden,BRANDI Rechtsanwälte Partnerschaft mbB,2026-02-10T23:04:42.110Z
"Steuerfachangestellte (m/w/d) an unseren Standorten in Bocholt, Hamminkeln und Kleve",https://de.indeed.com/viewjob?jk=689a96c61a52e048,46499 Hamminkeln,HTM Meyer Venn & Partner,2025-07-04T12:47:20.278Z
Paderborn · Auszubildende (m/w/d),https://de.indeed.com/viewjob?jk=d3ebfd9d9bb81730,33102 Paderborn,BRANDI Rechtsanwälte Partnerschaft mbB,2026-02-10T23:04:42.400Z
"Sachbearbeiter (m, w, d) für die Abwicklung von Insolvenzverfahren",https://de.indeed.com/viewjob?jk=76a50d5be9ae222d,Stadtlohn,Rechtsanwaltskanzlei Kreimer & Kollegen,2026-02-27T05:16:14.392Z
Kauffrau/-mann für Büromanagement (m/w/d),https://de.indeed.com/viewjob?jk=1982920ba6f3d58c,Schöllnach,Steuerberater Klaus Jobst,2026-04-23T09:11:24.954Z
Auszubildende/r zur/zum Rechtsanwaltsfachangestellten gesucht,https://de.indeed.com/viewjob?jk=636fdafbd9d8114e,Ober-Mörlen,Reimertshofer GmbH Rechtsanwaltsgesellschaft,2026-03-06T18:39:12.681Z
Auszubildende zum/zur Rechtsanwaltsfachangestellten (m/w/d),https://de.indeed.com/viewjob?jk=e650fd0ea335d889,56410 Montabaur,Quirmbach & Partner mbB,2026-03-09T13:38:09.328Z
Notarfachangestellte (m/w/d),https://de.indeed.com/viewjob?jk=9358844e0631340f,28857 Syke,Salfer Bühler Dornieden Rechtsanwälte PartG mbB,2026-04-15T10:57:12.955Z
Rechtsanwalt,https://de.indeed.com/viewjob?jk=1ed0bced5bdeb1bf,Frankfurt am Main,Bryan Cave Leighton Paisner LLP,2025-10-14T19:57:53.810Z
Auszubildender zum Patentanwaltsfachangestellten (M/W/D),https://de.indeed.com/viewjob?jk=a2b109f8c5972324,Nürnberg,Meissner Bolte Patentanwälte Rechtsanwälte Partnerschaft mbB,2026-04-06T10:36:11.807Z
Referendarin * Referendar,https://de.indeed.com/viewjob?jk=46d5a6afbc6cc5f9,01589 Riesa,BSKP Dr. Broll Schmitt Kaufmann & Partner,2025-12-04T00:14:23.131Z
Volljurist / Syndikusrechtsanwalt (m/w/d),https://de.indeed.com/viewjob?jk=94e783982ef9231b,34281 Gudensberg,Rudolph Logistik Gruppe,2026-03-30T16:06:14.814Z
Notarfachangestellte (m/w/d) in Hamminkeln/Niederrhein,https://de.indeed.com/viewjob?jk=e1c5c9824bf5fa37,46499 Hamminkeln,HTM Meyer Venn & Partner,2025-07-04T12:48:21.115Z
Rechtsanwalt (W/M/D) für Familienrecht Köln,https://de.indeed.com/viewjob?jk=aa4e75f6c966216f,50667 Köln,Bietmann Rechtsanwälte Steuerberater PartmbB,2026-02-23T14:04:46.851Z
Rechtsanwalt*,https://de.indeed.com/viewjob?jk=cf5454344149d1e1,86551 Aichach,Energiebauern GmbH,2025-11-27T14:58:24.845Z
Rechtsanwalt (w/m/d),https://de.indeed.com/viewjob?jk=6bf5e97e2631ba3c,80333 München,Bietmann Rechtsanwälte Steuerberater PartmbB,2026-04-08T15:05:25.360Z
Rechtsanwalt (m|w|d) Arbeitsrecht,https://de.indeed.com/viewjob?jk=9b7d86658cee2c89,Nürnberg,Sonntag & Partner,2026-03-17T12:06:19.174Z
Rechtsanwalt * Rechtsanwältin,https://de.indeed.com/viewjob?jk=d7d1e4c3d330703a,01589 Riesa,BSKP Dr. Broll Schmitt Kaufmann & Partner,2025-12-04T00:14:21.250Z
Rechtsanwalt * Rechtsanwältin im allgemeinen Zivilrecht & weitere(s) Rechtsgebiet(e),https://de.indeed.com/viewjob?jk=6431c88276fe6fee,Marbach am Neckar,BSKP Dr. Broll Schmitt Kaufmann & Partner,2025-12-04T00:13:16.909Z
Rechtsanwalt (W/M/D) für Erbrecht Köln,https://de.indeed.com/viewjob?jk=34b6ea352d627844,50667 Köln,Bietmann Rechtsanwälte Steuerberater PartmbB,2026-02-23T14:04:24.155Z
Arbeitsrechtsanwalt - Syndikusrechtsanwalt (m/w/d) - Berlin,https://de.indeed.com/viewjob?jk=e1a4a116a08182e5,10245 Berlin-Friedrichshain,Tesla,2025-12-16T16:58:32.177Z
Legal Counsel / Syndikusrechtsanwalt (m/w/d),https://de.indeed.com/viewjob?jk=2a0343ce54d067f5,Mettlach,Villeroy & Boch,2026-03-05T08:54:46.741Z
Rechtsanwaltsfachangestellte (m/w/d),https://de.indeed.com/viewjob?jk=f48c2f5c70eb9a1d,20457 Hamburg,Rödl & Partner GmbH,2026-03-03T14:14:21.269Z
"(Senior) Legal Counsel / Syndikusrechtsanwalt (m/w/d) IT-Recht, KI & Vertragsrecht",https://de.indeed.com/viewjob?jk=d02d741904c2ae7a,Köln,Interzero Holding GmbH & Co. KG,2026-03-24T16:05:40.400Z
Legal Counsel Arbeitsrecht / Syndikusrechtsanwalt (befristet auf 16 Monate in Teilzeit) (m/w/d),https://de.indeed.com/viewjob?jk=dd38a30bd4842055,20354 Hamburg,Hermes Germany GmbH,2026-04-07T17:11:59.778Z
Rechtsanwaltsfachangestellter (m/w/d),https://de.indeed.com/viewjob?jk=6b6e661ae0cc9a80,Heilbronn,Südwestmetall - Verband der Metall- und Elektroindustrie Baden-Württemberg e.V.,2026-02-10T16:24:58.240Z
Volljurist / Syndikusrechtsanwalt (d/m/w) Förderrecht,https://de.indeed.com/viewjob?jk=c93135033225c306,60313 Frankfurt am Main,Landwirtschaftliche Rentenbank,2026-03-05T14:06:13.809Z
Rechtsanwälte im Bereich Arbeitsrecht (m/w/d),https://de.indeed.com/viewjob?jk=270bd56d8e9ed644,81829 München,seitz,2026-03-31T11:33:15.832Z
Erfahrener Rechtsanwalt / Fachanwalt für Vergaberecht (m/w/d),https://de.indeed.com/viewjob?jk=e908d0d72eb66368,46117 Oberhausen,Aurantia Rechtsanwaltsgesellschaft Steuerberatungsgesellschaft mbH,2026-02-05T02:15:57.709Z
Rechtsanwaltsfachangestellte/r (m/w/d),https://de.indeed.com/viewjob?jk=b6c3804e3428bb25,Weimar,Saller Gruppe,2026-03-03T07:11:08.498Z
(Senior) Legal Counsel / Syndikusrechtsanwalt (m/w/d) Regulatory & (Abfall)Wirtschaftsrecht,https://de.indeed.com/viewjob?jk=bc6e513c9f0cdf2a,Köln,Interzero Holding GmbH & Co. KG,2026-03-04T15:17:24.613Z
Volljurist / Syndikusrechtsanwalt (m/w/d) als Leitung Recht und Compliance in der Stabsstelle Regulatorik,https://de.indeed.com/viewjob?jk=2909988c91755f4e,Gelsenkirchen,Evangelisches Klinikum Gelsenkirchen GmbH,2025-11-12T22:51:29.596Z
Wissenschaftlicher Mitarbeiter (m/w/d),https://de.indeed.com/viewjob?jk=da356ddb6f664fc8,Friedrichshafen,ETL Bodensee Holding Steuerberatungsgesellschaft mbH,2026-04-20T21:44:13.780Z
(Senior) Legal Counsel/ Syndikusrechtsanwalt (all genders) mit Schwerpunkt Versicherungsrecht bei BNP Paribas Cardif,https://de.indeed.com/viewjob?jk=50ca830c943053c2,Gerlingen,BNP Paribas,2026-02-04T14:22:53.727Z
(Senior) Legal Counsel / Syndikusrechtsanwalt / Volljurist (m/w/d),https://de.indeed.com/viewjob?jk=b4493091a206e2ed,Köln,Interzero Holding GmbH & Co. KG,2026-02-27T16:06:39.296Z
Erfahrener Rechtsanwalt / Fachanwalt für Bau- und Architektenrecht (m/w/d),https://de.indeed.com/viewjob?jk=5b6470475f9dab9b,46117 Oberhausen,Aurantia Rechtsanwaltsgesellschaft Steuerberatungsgesellschaft mbH,2026-02-05T02:16:24.136Z
Legal Counsel / Syndikusrechtsanwalt (m/w/d) - Schwerpunkt Onshore-Windenergie & Erneuerbare Energie,https://de.indeed.com/viewjob?jk=e98db940b812f738,22419 Hamburg,Nordex SE,2026-03-12T01:19:06.321Z
Arbeitsrechtsanwalt - Syndikusrechtsanwalt (m/w/d) - Gigafactory Berlin-Brandenburg,https://de.indeed.com/viewjob?jk=f173b6a78ab2fc19,10317 Berlin,Tesla,2025-08-08T17:58:25.394Z
Patentanwaltskandidat:in Chemie/Life Sciences (w/m/d),https://de.indeed.com/viewjob?jk=8666061ce8fe6d6b,München,Weickmann & Weickmann Patent- und Rechtsanwälte PartmbB,2026-01-19T19:48:28.820Z
"Syndikusrechtsanwalt als Leiter des Geschäftsbereichs Allgemeines Recht, Compliance und Versicherungen (m/w/d)",https://de.indeed.com/viewjob?jk=6122de6be2e2b37f,Recklinghausen,Marienhospital Bottrop gGmbH,2026-03-18T18:37:33.421Z
Unternehmensjurist/Syndikusrechtsanwalt (w/m/d),https://de.indeed.com/viewjob?jk=f5df6a0cc24bae2a,79689 Maulburg,Endress+Hauser Level+Pressure Germany,2026-02-17T16:59:42.749Z
Jurist/Lawyer (Corporate) - m/w/d,https://de.indeed.com/viewjob?jk=68c0943645187661,Frankfurt am Main,TMF Group,2026-03-13T11:13:40.271Z
Rechtsanwaltsfachangestellte*,https://de.indeed.com/viewjob?jk=50737697979b1acf,86551 Aichach,Energiebauern GmbH,2026-03-03T14:26:40.467Z
"Syndikusrechtsanwalt als Leiter des Geschäftsbereichs Allgemeines Recht, Compliance und Versicherungen (m/w/d)",https://de.indeed.com/viewjob?jk=ca692bfaeff7cf19,Recklinghausen,Knappschaft Kliniken GmbH,2026-03-18T17:41:24.278Z
Teamassistent (m/w/d),https://de.indeed.com/viewjob?jk=b638c70a195d8861,Heilbronn,Südwestmetall - Verband der Metall- und Elektroindustrie Baden-Württemberg e.V.,2025-12-22T16:25:27.852Z
(Senior-) Associate / Rechtsanwalt (m/w/d) Dispute Resolution,https://de.indeed.com/viewjob?jk=ae63e994a35f9ed8,München,Ashurst LLP,2026-03-18T12:12:43.973Z
Volljurist/-in mit Schwerpunkt Digitalisierung / IT-Recht (m/w/d),https://de.indeed.com/viewjob?jk=00d953760b898ad7,20097 Hamburg,DAK-Gesundheit,2026-03-04T16:20:34.456Z
Abteilungsleitung Verwaltung/Baurecht (m/w/d),https://de.indeed.com/viewjob?jk=6c2f0ebaacc5e31d,01069 Dresden,Landeshauptstadt Dresden,2026-04-08T10:13:11.455Z
Insolvenzsachbearbeiter m/w/d,https://de.indeed.com/viewjob?jk=23a936357c58c2f9,Berlin,Graf Treuhand GmbH,2026-03-03T15:01:36.236Z
Rechtsanwaltsfachangestellte * Rechtsanwaltsfachangestellter,https://de.indeed.com/viewjob?jk=6f030e6f2535223a,09599 Freiberg,BSKP Dr. Broll Schmitt Kaufmann & Partner,2025-12-04T00:12:55.407Z
Assistent/in / Rechtsanwaltsfachangestellte/r (m/w/d) // Admin. Assistant / Paralegal,https://de.indeed.com/viewjob?jk=27dc609f3e88a522,München,onsemi,2026-02-24T23:11:25.405Z
Referendarin / Referendar (m/w/d),https://de.indeed.com/viewjob?jk=d50bf7c1e03d9711,60311 Frankfurt am Main,White & Case LLP,2026-03-18T21:10:42.642Z
Legal Counsel (w/m/d),https://de.indeed.com/viewjob?jk=dfbc1271df945084,Frankfurt am Main,Deutsche Börse,2025-06-24T20:10:36.796Z
Rechtsanwalt (m/w/d) Wirtschaftsrecht & Energierecht Mit Aussicht auf Partnerschaft,https://de.indeed.com/viewjob?jk=7054cd07f50adf97,97076 Würzburg,WPV Rechtsanwaltsgesellschaft mbH,2026-01-13T11:50:24.179Z
Leiter juristische Abteilung & Syndikusanwalt (m/w/d),https://de.indeed.com/viewjob?jk=f48a0f14f1888053,90429 Nürnberg,DEHOGA Bayern e.V.,2025-12-04T14:16:32.751Z
Personalleiter/Abteilungsleiter (m/w/d),https://de.indeed.com/viewjob?jk=19ecc95aaeeb63e8,86154 Augsburg,LabKom Biochemische Dienstleistungen GmbH,2025-11-19T16:22:33.227Z
Legal Counsel temporary (m/w/d),https://de.indeed.com/viewjob?jk=5218082661f3cf07,Deutschland,Aptean,2026-03-24T10:53:25.723Z
Volljurist Arbeitsrecht (w/m/d),https://de.indeed.com/viewjob?jk=fa5c3a5a06cdfa33,53919 Weilerswist,dm-drogerie markt GmbH + Co. KG,2026-04-03T06:17:10.616Z
Assistenz Rechtsabteilung / Rechtsanwaltsfachangestellte (m/w/d),https://de.indeed.com/viewjob?jk=b6cf56959d1d6835,Baden-Baden,DRK-Blutspendedienst Baden-Württemberg - Hessen gemeinnützige GmbH,2026-03-18T12:57:30.160Z
Syndikusanwalt/-anwältin (w/m/d) als Teamleitung Unfallschaden- und Versicherungsmanagement,https://de.indeed.com/viewjob?jk=43c41ac0a2bb7083,70329 Stuttgart,Die Autobahn GmbH des Bundes,2026-03-11T16:33:52.167Z
Sachbearbeitung (m/w/d) für die Ausländerbehörde beim Bürgeramt,https://de.indeed.com/viewjob?jk=fef07061a884c208,Heilbronn,Stadt Heilbronn,2026-04-14T21:35:31.483Z
OFFICE ASSISTENT (gn),https://de.indeed.com/viewjob?jk=b06a4f3a4c5e615d,66663 Merzig,W+ST Wirtschaftsprüfung AG & Co. KG Wirtschaftsprüfungsgesellschaft,2026-04-13T11:31:08.703Z
Syndikusanwalt | Legal Counsel (x|w|m) - Hybrid,https://de.indeed.com/viewjob?jk=fbca3891c4550cea,37079 Göttingen,Sartorius AG,2025-09-09T19:32:44.846Z
Head of Group Paralegal (w/m/d) 80-100 %,https://de.indeed.com/viewjob?jk=b0d9fef66144a485,79576 Weil am Rhein,Endress+Hauser Group Services Germany,2026-03-12T10:59:51.483Z
Volljurist Energiewirtschaft (M/W/D),https://de.indeed.com/viewjob?jk=7365fae35058fa96,42549 Velbert,Stadtwerke Velbert GmbH,2026-04-21T12:52:12.866Z
Manager (m/w/d) Labour Law,https://de.indeed.com/viewjob?jk=a86fba35a6e139bb,Allermöhe,Gebr. Heinemann SE & Co. KG,2026-04-07T18:31:30.123Z
Senior Legal Counsel M&A (m/w/d),https://de.indeed.com/viewjob?jk=ae16c54b848d5d51,46483 Wesel,ECKART America,2026-04-21T09:57:54.340Z
Rechtsanwaltsfachangestellte / Rechtsfachwirtin (w/m/d),https://de.indeed.com/viewjob?jk=4c3720eea17bb532,51429 Bergisch Gladbach,Bietmann Rechtsanwälte Steuerberater PartmbB,2026-01-26T10:21:30.650Z
Rechtsanwalts- und Notarfachangestellte (m/w/d),https://de.indeed.com/viewjob?jk=5ec3fd20e99f58c7,28195 Bremen,GÖRG Partnerschaft von Rechtsanwälten mbB,2025-11-10T14:21:59.135Z
Wissenschaftlicher Mitarbeiter (m/w/d),https://de.indeed.com/viewjob?jk=0306d7f69127f0d6,Köln,Lenz und Johlen Rechtsanwälte Partnerschaft mbB,2024-11-29T23:16:48.327Z
Rechtsanwaltsfachangestellter/ Refa (w/m/d) – Halle (Saale),https://de.indeed.com/viewjob?jk=4f20758d64712cd9,06108 Halle (Saale),Brinkmann & Partner,2024-11-23T23:35:36.634Z
Mitarbeiter (m/w/d) für das Vertrags- und Zulassungsmanagement,https://de.indeed.com/viewjob?jk=4d58f083407c7bca,Berlin,advita Pflegedienst GmbH,2026-01-29T10:48:41.805Z
"Mitarbeiter im Bürodienst, Geschätsstelle (m/w/d) in der Abteilung 5, Polizeilicher Staatsschutz/PTAZ, Dezernat 52, Ermittlungen",https://de.indeed.com/viewjob?jk=9b574b0d0d780a43,01129 Dresden,Freistaat Sachsen,2026-04-22T15:23:42.154Z
Legal Assistant (m/w/d),https://de.indeed.com/viewjob?jk=c9baf03810ef420b,Friedrichshafen,ETL Bodensee Holding Steuerberatungsgesellschaft mbH,2026-04-20T21:44:08.872Z
Sachbearbeiter Recht (m/w/d),https://de.indeed.com/viewjob?jk=9832f5f2bc2ea587,Osnabrück,Kaffee Partner GmbH,2026-03-16T16:46:24.364Z
Anwaltsassistenz / Teamassistenz (w/m/d),https://de.indeed.com/viewjob?jk=7c0de9cd8b3189c4,60329 Frankfurt am Main,Gleiss Lutz,2026-02-19T03:38:38.143Z
"Bürosachbearbeiter/-in M3 - Bundesrat/Innenministerkonferenz (E 9a TV-L) als Elternzeitvertretung im Thrüinger Ministerium für Inneres, Kommunales und Landesentwicklung",https://de.indeed.com/viewjob?jk=af7557afd04b9f7d,Erfurt,"Thüringer Ministerium für Inneres, Kommunales und Landesentwicklung - Referat 11",2026-04-07T10:47:18.321Z
Rechtsanwält*in (m/w/d) – Gewerblicher Rechtsschutz,https://de.indeed.com/viewjob?jk=a48e8a4b2f15943e,Frankfurt am Main,BOEHMERT & BOEHMERT,2026-03-06T01:40:30.335Z
Rechtsanwaltsfachangestellte (m/w/d) für unser Inkasso-Team,https://de.indeed.com/viewjob?jk=beccfd1bb240ca75,59063 Hamm,First Debit GmbH,2025-03-28T07:55:04.495Z
Auszubildende/n zur/zum Rechtsanwaltsfachangestellten (m/w/d),https://de.indeed.com/viewjob?jk=b597f9e1533e1efa,Leipzig,PASCHEN Rechtsanwälte PartGmbB,2026-03-24T14:03:41.748Z
Legal Counsel (m/w/d),https://de.indeed.com/viewjob?jk=7bc35170f3c724e2,Grasbrunn,Lactalis Deutschland GmbH,2026-03-02T22:45:27.409Z
Team Lead / Führungskraft IP Paralegals (m/w/d),https://de.indeed.com/viewjob?jk=33614716ab02c641,Hannover,Continental,2026-04-08T17:47:03.655Z
Assistenz in Wirtschaftskanzlei (w/m/d) Voll- oder Teilzeit,https://de.indeed.com/viewjob?jk=ff1b7c43b94fec6e,Hamburg,Taylor Wessing Partnerschaftsgesellschaft mbB,2026-04-14T03:44:16.974Z
Teamassistenz (m/w/d),https://de.indeed.com/viewjob?jk=af1083b484a52c9e,Isny im Allgäu,"Rinninger & Partner mbB, Steuerberater und Rechtsanwalt",2025-05-19T12:27:24.984Z
Sachbearbeiter (m/w/d) im Bereich Insolvenztabelle,https://de.indeed.com/viewjob?jk=c55b46fb993c6777,28195 Bremen,GÖRG Partnerschaft von Rechtsanwälten mbB,2026-03-02T14:17:21.536Z
Mitarbeiter (m/w/d) HR / Personalabteilung / Administration (Vollzeit /Teilzeit),https://de.indeed.com/viewjob?jk=aa04ed4860356e48,Bonn,Flick Gocke Schaumburg,2026-03-02T12:09:30.333Z
studentische Aushilfe (m/w/d),https://de.indeed.com/viewjob?jk=90ccf177180bf958,28359 Bremen,Kanzlei Voigt Rechtsanwalts GmbH,2026-03-19T14:43:42.710Z
Markensachbearbeiter (m/w/d),https://de.indeed.com/viewjob?jk=4f965adf7ee547b6,20457 Hamburg,White & Case LLP,2026-04-09T16:11:45.689Z
Rechtsanwaltsfachangestellter/kfm. Mitarbeiter (m/w/d) Baurecht,https://de.indeed.com/viewjob?jk=9c785bcb1698bc66,55469 Simmern,DFH Haus GmbH,2026-01-22T14:50:17.783Z
Sachbearbeitung Führerschein (Schalterdienst),https://de.indeed.com/viewjob?jk=be1e180f1fb38aec,07318 Saalfeld,Landratsamt Saalfeld-Rudolstadt,2026-04-20T16:23:11.606Z
"Sachbearbeitung Führerschein (Schalterdienst, befristet)",https://de.indeed.com/viewjob?jk=b388334dffbb74d5,07318 Saalfeld,Landratsamt Saalfeld-Rudolstadt,2026-04-20T16:23:13.177Z
Partnerassistent/Partnerassistentin in Vollzeit,https://de.indeed.com/viewjob?jk=f74e6e91074700ef,30163 Hannover,Brinkmann & Partner,2026-01-28T21:49:40.618Z
Rechtsanwalts- und Notarfachangestellte - Traditionskanzlei (m/w/d),https://de.indeed.com/viewjob?jk=91f7ad88216081ac,24340 Eckernförde,Küter & Partner mbB Rechtsanwälte,2026-03-25T01:35:37.254Z
Praktikant (m/w/d) im Rahmen der Summer School 2026,https://de.indeed.com/viewjob?jk=bc5b01b138ca600b,Düsseldorf,DLA Piper,2026-03-24T19:03:44.640Z
Senior Legal Counsel (m/w/d),https://de.indeed.com/viewjob?jk=05a1b188a8f29000,Kassel,SMA Solar Technology AG,2025-12-06T10:42:56.881Z
Verwaltungsangestellte (m/w/d),https://de.indeed.com/viewjob?jk=cec57549b2683492,96052 Bamberg,Deutsches Erwachsenen-Bildungswerk,2026-01-29T13:11:53.716Z
Werkstudent im Rechtsbereich einer europäischen Bank (m/w/d),https://de.indeed.com/viewjob?jk=125b0e6e68cd674d,München,HypoVereinsbank - UniCredit Bank GmbH,2026-04-07T12:05:28.663Z
Sekretärin (m/w/d),https://de.indeed.com/viewjob?jk=35814290bc039db5,Karlsruhe,Dr. Schreiner Partner Rechtsanwälte Attendorn Partnerschaftsgesellschaft mbB,2025-12-04T10:48:51.363Z
Legal Counsel / Unternehmensjurist (m/w/d) – Vollzeit,https://de.indeed.com/viewjob?jk=e57c3234a9865fa1,93133 Burglengenfeld,Labor Kneißler,2026-03-26T23:59:33.353Z
Verwaltungsmitarbeiter/in (w/m/d) für den mittleren Verwaltungsdienst im Justizvollzug,https://de.indeed.com/viewjob?jk=e2d045d68b2d0d28,76646 Bruchsal,Justizvollzugsanstalt Bruchsal,2026-04-23T17:07:18.517Z
Buchhalter/in (m/w/d) Kanzlei (m/w/d),https://de.indeed.com/viewjob?jk=a1fcc85b5921e9bb,44139 Dortmund,Kanzlei Voigt Rechtsanwalts GmbH,2026-03-10T20:35:18.700Z
Sachbearbeiter*in (d/m/w) im Kinder- und Jugendbüro,https://de.indeed.com/viewjob?jk=14cb10557f24d9b7,24937 Flensburg,Stadt Flensburg,2026-04-22T20:14:13.403Z
Teamassistenz (m/w/d) Legal in Teilzeit,https://de.indeed.com/viewjob?jk=39205d63ef37d1c3,Düsseldorf,Ayvens,2026-01-14T10:43:02.404Z
Sachbearbeiterin oder Sachbearbeiter (m/w/d) im Arbeitsgebiet Asylverfahren,https://de.indeed.com/viewjob?jk=7b1347408cea8a0c,81379 München,Regierung von Oberbayern,2026-04-17T14:06:39.609Z
Assistenz (m/w/d) Rechtsabteilung,https://de.indeed.com/viewjob?jk=24279e7920ca6645,85586 Poing,REMA TIP TOP AG,2026-04-23T12:43:06.702Z
Teamleiter*in in der Insolvenzverwaltung (m/w/d),https://de.indeed.com/viewjob?jk=1b7869aa84f1272c,Frankfurt am Main,BBL Brockdorff Rechtsanwaltsgesellschaft mbH,2026-03-18T03:27:20.933Z
Sachbearbeiter/-in Einrichtungsmanagement (m/w/d),https://de.indeed.com/viewjob?jk=9f57f3ea87122b48,14772 Brandenburg an der Havel,Stadt Brandenburg an der Havel,2026-04-08T10:42:15.857Z
Büromanager(w/m/d),https://de.indeed.com/viewjob?jk=12b956a73e8de5e6,51429 Bergisch Gladbach,Bietmann Rechtsanwälte Steuerberater PartmbB,2026-02-23T14:04:28.990Z
Teamassistent*in / Office Manager*in (m/w/d),https://de.indeed.com/viewjob?jk=affe473c8e236b1b,Bielefeld,Universität Bielefeld,2026-04-08T15:09:24.766Z
Studentische Hilfskraft (m/w/d),https://de.indeed.com/viewjob?jk=01ad1afe5b4939e3,Eschborn,BRRS Rechtsanwälte,2026-04-15T17:12:15.192Z
Sachbearbeiter/-in Zulassungsbehörde (m/w/d),https://de.indeed.com/viewjob?jk=58e9fbd34c07c459,14770 Brandenburg an der Havel,Stadt Brandenburg an der Havel,2026-04-08T10:42:13.320Z
Junior Legal Counsel IP (m/w/d),https://de.indeed.com/viewjob?jk=861838425d2ed327,Bietigheim-Bissingen,Dürr Dental SE,2026-03-19T10:34:42.229Z
"Senior Legal Counsel (m/w/d) – Retail, E-Commerce & Franchise (Operational Focus)",https://de.indeed.com/viewjob?jk=293b24bc3d63f8e7,Eschborn,Jack Wolfskin,2026-04-18T08:26:15.202Z
Sachbearbeiter für die Bearbeitung der Insolvenztabelle (m/w/d) Mainz,https://de.indeed.com/viewjob?jk=56bb1f67d908208c,55118 Mainz,Schiebe und Collegen,2025-04-18T05:18:38.490Z
Wiss. Mitarbeiter(in)/Praktikant(in) (m/w/d),https://de.indeed.com/viewjob?jk=b85dd1a770b4becc,93049 Regensburg,SLD Schmid Lindheim Dirmeier Wirtschaftsprüfer Steuerberater Rechtsanwälte PartGmbB,2024-11-23T19:12:00.281Z
Aushilfe (m/w/d),https://de.indeed.com/viewjob?jk=d9766a5e05569f73,Frankfurt am Main,CMS Hasche Sigle Partnerschaft von Rechtsanwälten und Steuerberatern mbB,2026-04-21T19:08:08.777Z
Wirtschaftsjurist / Transaction Manager(m/w/d) für den Bereich Banking & Finance,https://de.indeed.com/viewjob?jk=14bd1e8fd8bef4e2,Frankfurt am Main,Ashurst LLP,2026-03-17T18:12:31.966Z
Insolvenzsachbearbeiter (m/w/d),https://de.indeed.com/viewjob?jk=6193117a4be521e6,20457 Hamburg,GÖRG Partnerschaft von Rechtsanwälten mbB,2026-04-20T21:21:43.480Z
Senior Legal Counsel IP (m/w/d),https://de.indeed.com/viewjob?jk=b18a6c28f12d7e7c,Bietigheim-Bissingen,Dürr Dental SE,2026-03-19T10:30:31.129Z
Backoffice Manager (M/W/D),https://de.indeed.com/viewjob?jk=750a86ec47206e28,50667 Köln,Schmitz+Partner mbB Steuerberatungsgesellschaft,2026-04-01T16:54:04.369Z
Sekretariatsmitarbeiter/in (m/w/d) bei der Staatsanwaltschaft Darmstadt,https://de.indeed.com/viewjob?jk=2fe840272eb66890,64283 Darmstadt,Staatsanwaltschaft Darmstadt,2026-04-08T23:01:22.983Z
Sachbearbeiter/-in (m/w/d) für die Fahrerlaubnisbehörde,https://de.indeed.com/viewjob?jk=1652f1d2ad5096f7,85276 Pfaffenhofen an der Ilm,Regierung von Oberbayern,2026-04-21T14:07:13.290Z
Insolvenzsachbearbeiter/ Sachbearbeiter Insolvenzverwaltung (w/m/d) - Stuttgart,https://de.indeed.com/viewjob?jk=027f681efdd6ae9e,70173 Stuttgart,Brinkmann & Partner,2025-01-17T22:20:35.713Z
Mitarbeiter (m/w/x) am Empfang,https://de.indeed.com/viewjob?jk=559f2370476453c0,60311 Frankfurt am Main,DLA Piper,2026-03-13T13:04:16.640Z
Verwaltungsangestellter (m/w/d) in Teilzeit VdK Günzburg,https://de.indeed.com/viewjob?jk=8ab46207ad167ce4,89312 Günzburg,Sozialverband VdK Bayern e.V.,2026-04-20T17:20:51.441Z
Schulsachbearbeiter (m/w/d),https://de.indeed.com/viewjob?jk=af8d4f65d862ba8e,Güstrow,Landkreis Rostock,2026-04-20T12:51:19.745Z
Wirtschaftsjurist / Diplom-Jurist (m/w/d) - Insolvenzverwaltung,https://de.indeed.com/viewjob?jk=873196750269e9d3,Dortmund,BBL Brockdorff Rechtsanwaltsgesellschaft mbH,2026-03-19T03:27:21.588Z
Werkstudent:in Vertragsmanagement,https://de.indeed.com/viewjob?jk=3198cb6a7a94b42a,Köln,Bastei Lübbe AG,2026-02-26T09:45:20.139Z
Manager (m/w/d),https://de.indeed.com/viewjob?jk=138a527135d86800,Hamburg,SIGNAL IDUNA,2026-03-26T11:32:52.949Z
Legal Specialist / Wirtschaftsjurist/in (m/f/d),https://de.indeed.com/viewjob?jk=024699227c7ef51f,95100 Selb,"Vishay Intertechnology, Inc.",2026-03-30T20:32:20.662Z
Sachbearbeiter im Bereich Insolvenzverwaltung (m/w/d),https://de.indeed.com/viewjob?jk=3f57f963e49147f3,88045 Friedrichshafen,GÖRG Partnerschaft von Rechtsanwälten mbB,2026-04-02T15:15:35.466Z
fibutroniker / Fachassistent für digitalisierung und it-prozesse (m/w/d),https://de.indeed.com/viewjob?jk=e0c37baea41b09a5,Isny im Allgäu,"Rinninger & Partner mbB, Steuerberater und Rechtsanwalt",2025-05-19T18:27:18.213Z
Sachbearbeiter Insolvenztabelle (w/m/d) - Hamburg,https://de.indeed.com/viewjob?jk=b9736f1e99f2da7f,22087 Hamburg,Brinkmann & Partner,2026-02-04T09:49:43.580Z
Insolvenzsachbearbeiter (m/w/d) - Insolvenztabelle,https://de.indeed.com/viewjob?jk=118786fd9b6e4425,44137 Dortmund,White & Case LLP,2026-03-31T16:10:36.335Z
Empfangsmitarbeiter (m/w/d),https://de.indeed.com/viewjob?jk=fd72e599ab4e9920,München,CMS Hasche Sigle Partnerschaft von Rechtsanwälten und Steuerberatern mbB,2026-01-27T12:05:43.117Z
Sachbearbeiter (m/w/d),https://de.indeed.com/viewjob?jk=55e901a1f97930ab,86633 Neuburg an der Donau,Landratsamt Neuburg-Schrobenhausen,2026-04-17T03:24:00.166Z
Senior Legal Counsel (m/w/d) / Syndikusrechtsanwalt (m/w/d),https://de.indeed.com/viewjob?jk=3b71ac774fc20f49,Bad Ems,Löwenstein Medical SE & Co. KG,2026-01-26T22:00:23.860Z
Rechtsanwaltsfachangestellte / Sachbearbeiter Rechtsabteilung (m/w/d),https://de.indeed.com/viewjob?jk=13c00f2af393c1af,74906 Bad Rappenau,EOS KSI Inkasso Deutschland GmbH,2026-04-10T17:01:19.494Z
Mitarbeiter Bürodienst (m/w/d) in der Abteilung 2 - Studium,https://de.indeed.com/viewjob?jk=cee2acd06a1b9492,02929 Rothenburg,Freistaat Sachsen,2026-04-14T15:23:04.244Z
(53/26) Regionalkoordinatorin oder Regionalkoordinator (w-m-d) für die Schulverwaltung,https://de.indeed.com/viewjob?jk=f139e61ca069f585,63128 Dietzenbach,Kreis Offenbach,2026-04-13T13:28:29.648Z
Verwaltungsmitarbeiter*in (d/w/m) im Sekretariat der Schule Ramsharde,https://de.indeed.com/viewjob?jk=8a56aa4b05d75dc1,24937 Flensburg,Stadt Flensburg,2026-03-30T14:21:19.816Z
Insolvenzsachbearbeiter (w/m/d) Verbraucher und natürliche Personen - Düsseldorf,https://de.indeed.com/viewjob?jk=25472c4a071c6d88,40476 Düsseldorf,Brinkmann & Partner,2025-08-04T10:53:34.529Z
Bürokraft (m/w/d),https://de.indeed.com/viewjob?jk=2afff870d0aebf22,Unterfranken,Polizeipräsidium Unterfranken,2026-04-07T07:40:06.681Z
Mitarbeiter (m/w/d),https://de.indeed.com/viewjob?jk=7e514c5ae632d541,Hamburg,SIGNAL IDUNA,2026-01-19T17:29:03.875Z
Volljurist für Arbeitsrecht (m/w/d),https://de.indeed.com/viewjob?jk=91832dcb7af16a29,88046 Friedrichshafen,ZF,2026-04-08T11:15:40.532Z
Insolvenzsachbearbeiter/ Sachbearbeiter Insolvenzen (w/m/d) – Halle (Saale),https://de.indeed.com/viewjob?jk=bf55e05c84f3cd1a,06108 Halle (Saale),Brinkmann & Partner,2024-11-23T23:35:36.376Z
"Kaufmännische Assistenz/ Sekretariat/ Teamassistenz (m/w/d), Sanierung und Insolvenz",https://de.indeed.com/viewjob?jk=f80303f690870b19,Berlin,BRL Boege Rohde Luebbehuesen,2026-03-30T23:39:08.300Z
Rechtsanwalt (w/m/d),https://de.indeed.com/viewjob?jk=466f9f240f49900d,Achern,Schultze & Braun,2026-02-28T16:02:08.139Z
Sachbearbeiter Insolvenzen (w/m/d) – Kiel,https://de.indeed.com/viewjob?jk=fc2601290e6c6cc9,24103 Kiel,Brinkmann & Partner,2024-11-30T12:12:33.530Z
Syndikusrechtsanwalt / Volljurist (m/w/d),https://de.indeed.com/viewjob?jk=77910d5cdfedc287,90766 Fürth,Dr. Schuhmann Gruppe,2024-11-25T11:15:08.558Z
Rechtsanwaltsfachangestellte (m/w/d),https://de.indeed.com/viewjob?jk=67384333ac12d9fd,70174 Stuttgart,FEBA Consulting UG (haftungsbeschränkt),2026-04-01T12:20:00.910Z
Kauffrau/Kaufmann für Büromanagement (w/m/d),https://de.indeed.com/viewjob?jk=f155996246fb03c0,Köln,Kauffrau/Kaufmann für Büromanagement (w/m/d),2026-04-21T11:35:03.914Z
Rechtsreferendar/in (m/w/d),https://de.indeed.com/viewjob?jk=49408f3456e52479,Kleve,KPP Steuerberatungsgesellschaft mbH,2026-03-31T16:18:33.277Z
Kaufmännische Assistenz / Teamassistenz (m/w/d) in der Steuerstrukturierung,https://de.indeed.com/viewjob?jk=652d631ddcabac5a,Hamburg,BRL Boege Rohde Luebbehuesen,2026-03-30T23:38:13.400Z
Rechtsanwalt (m/w/d),https://de.indeed.com/viewjob?jk=fd2fafe7dee5010c,89584 Ehingen,Dr. Schur & Kollegen,2026-03-16T16:00:11.607Z
Verwaltungssachbearbeiter (m/w/d),https://de.indeed.com/viewjob?jk=d52b688d76392f07,54290 Trier,Aufsichts- und Dienstleistungsdirektion (ADD),2026-04-14T13:36:25.887Z
Volljurist*in (m/w/d),https://de.indeed.com/viewjob?jk=4acefcd36929baba,26382 Wilhelmshaven,Stadt Wilhelmshaven,2026-04-09T15:47:45.790Z
Praktikum Rechtsabteilung,https://de.indeed.com/viewjob?jk=4c457eb8c5fdf972,Bietigheim-Bissingen,Porsche Financial Services GmbH,2024-12-03T12:51:55.498Z
Fachliche Werkstudententätigkeit (w/m/d),https://de.indeed.com/viewjob?jk=55bdb5b8d410c252,Düsseldorf,KMLZ Rechtsanwaltsgesellschaft mbH,2026-03-26T15:38:15.596Z
Wirtschaftsjurist (w/m/d) als Sachbearbeiter für die Insolvenzverwaltung,https://de.indeed.com/viewjob?jk=ea700c968b6ed9ae,Karlsruhe,Schultze & Braun,2025-09-30T00:20:32.472Z
Rechtsanwalt (m/w/d),https://de.indeed.com/viewjob?jk=d1083077d9818b03,76133 Karlsruhe,Lutz Beck Grobosch Rechtsanwälte,2026-04-22T11:17:56.146Z
Rechtsanwaltsfachangestellte (m/w/d),https://de.indeed.com/viewjob?jk=e6a01cb14077d67a,80799 München,Stington & Partner Legal GmbH,2026-04-20T20:46:33.410Z
RECHTSREFERENDARE (M/W/D),https://de.indeed.com/viewjob?jk=79b66ba295197839,89079 Ulm,Uzin Utz,2024-12-01T17:03:44.964Z
Rechtsanwaltsfachangestellte (w/m/d),https://de.indeed.com/viewjob?jk=6ef223abd88d2029,Düsseldorf,KMLZ Rechtsanwaltsgesellschaft mbH,2026-03-26T15:38:32.833Z
Teamassistenz (w/m/d),https://de.indeed.com/viewjob?jk=7be4c6b08012a79d,München,KMLZ Rechtsanwaltsgesellschaft mbH,2026-03-26T15:38:11.554Z
Junior Jurist (m/w/d),https://de.indeed.com/viewjob?jk=a0535c0f26c15fee,26845 Nortmoor,J. Bünting ﻿﻿Beteiligungs﻿﻿ AG,2026-03-18T15:04:04.385Z
Sekretär im Cross-Border-Team Frankreich (w/m/d),https://de.indeed.com/viewjob?jk=9cd9c785f3503402,Kehl,Schultze & Braun,2026-02-28T16:02:07.939Z
Rechtsreferendar (w/m/d) für das Cross-Border-Team Frankreich,https://de.indeed.com/viewjob?jk=b3aa1079d5245a16,Kehl,Schultze & Braun,2026-02-28T16:02:08.651Z
Mitarbeiter im Schreibbüro (w/m/d),https://de.indeed.com/viewjob?jk=9e1dc62ef23c7c5a,Achern,Schultze & Braun,2025-09-30T00:22:55.493Z
Rechtsanwalt (w/m/d) für das Cross-Border-Team Frankreich,https://de.indeed.com/viewjob?jk=de254cd97422b384,Kehl,Schultze & Braun,2026-02-28T16:02:07.129Z
Rechtsreferendar (w/m/d): Internationale Rechtsberatung,https://de.indeed.com/viewjob?jk=7d93badccbc56573,Achern,Schultze & Braun,2026-02-28T16:02:08.141Z
Rechtsanwaltsfachangestellte (m/w/d),https://de.indeed.com/viewjob?jk=96b4c3594d525708,80331 München,"Rechtsanwälte Otto, Hugendubel, Emmert",2026-04-09T10:21:19.630Z
Rechtsreferendar & Wissenschaftliche Mitarbeit (w/m/d),https://de.indeed.com/viewjob?jk=1c72426e8b2d33da,Düsseldorf,KMLZ Rechtsanwaltsgesellschaft mbH,2026-03-26T15:38:10.100Z
"Rechtsanwalt (m/w/d) Corporate / M&A -Top-Vergütung, Mentoring & echte Teilzeit-Option",https://de.indeed.com/viewjob?jk=af4d619b1a5b6300,70173 Stuttgart,Die Lawgentur GmbH,2026-03-25T13:55:17.852Z
Wissenschaftlicher Mitarbeiter (m/w/d),https://de.indeed.com/viewjob?jk=f9452e871c19a199,Hamburg,RSM Ebner Stolz Wirtschaftsprüfer Steuerberater Rechtsanwälte Partnerschaft mbB,2026-01-09T17:38:53.706Z
"Steuerfachangestellte*r, Finanzbuchhalter*in, Rechtsanwalts- und Notarfachangestellte*r (w/m/d)",https://de.indeed.com/viewjob?jk=14e12bb52ef5f5f9,Home Office,RA-MICRO Software AG,2026-04-23T09:44:48.394Z
Volljurist als Syndikusrechtsanwalt (m/w/d),https://de.indeed.com/viewjob?jk=c7ef166ca98e0a02,40547 Düsseldorf,Deutsche Apotheker- und Ärztebank eG,2026-03-18T13:48:59.400Z
Volljurist / Rechtsanwalt Arbeitsrecht (x/w/m),https://de.indeed.com/viewjob?jk=b120cb8a617763e1,10245 Berlin-Friedrichshain,Allright,2026-04-16T12:25:56.241Z
Rechtsanwalts- und Notarfachangestellte (m/w/d),https://de.indeed.com/viewjob?jk=9d4fc2575c15a2b1,26121 Oldenburg,König & Pflüger RechtsanwaltsPartGmbB,2026-04-14T11:00:03.630Z
Rechtsanwalt Prozessführung / Litigation (m/w/d),https://de.indeed.com/viewjob?jk=6b9d43c9ef2b232d,01309 Dresden,"Thümmel, Schütze & Partner Rechtsanwälte Partnerschaftsgesellschaft mbB",2026-03-30T15:28:01.277Z
Rechtsanwaltsfachangestellte (m/w/d),https://de.indeed.com/viewjob?jk=96f079623c391a67,Nürnberg,KGH Anwaltskanzlei Kreuzer Goßler Horlamus und Partner mbB,2026-04-17T16:17:39.723Z
Rechtsanwaltsfachangestellte/-r mit Schwerpunkt Buchhaltung (m/w/d),https://de.indeed.com/viewjob?jk=3a3887d119d23b09,52070 Aachen,Momen + Franz PartG mbB,2026-04-06T00:31:42.678Z
Rechtsanwaltsfachangestellte (m/w/d) für Billing-Team – 100% Homeoffice,https://de.indeed.com/viewjob?jk=fe594d00d3e7432b,49074 Osnabrück,Die Lawgentur GmbH,2026-03-04T13:54:07.301Z
Rechtsanwalt (m/w/d),https://de.indeed.com/viewjob?jk=fca83c22b325b187,78048 Villingen-Schwenningen,Rechtsanwaltskanzlei Jürgen Rapp,2026-04-02T11:01:55.760Z
Erfahrener Rechtsanwalt Corporate / M&A & Handelsrecht (w/m/d),https://de.indeed.com/viewjob?jk=7486d458e160123a,28217 Bremen,KPMG,2026-02-28T15:53:55.680Z
Leiter juristische Abteilung & Syndikusanwalt (m/w/d),https://de.indeed.com/viewjob?jk=f48a0f14f1888053,90429 Nürnberg,DEHOGA Bayern e.V.,2025-12-04T14:16:32.751Z
Rechtsanwalt (m/w/d) im Steuerrecht,https://de.indeed.com/viewjob?jk=259a0cdc88e10f89,47051 Duisburg,Neumann & Partner Rechtsanwälte und Notare,2026-04-14T16:06:29.662Z
Rechtsanwaltsfachangestellte (m/w/d),https://de.indeed.com/viewjob?jk=b026234e189d4b06,86899 Landsberg am Lech,Rechtsanwälte Dlugosch Dr. Lintz Hammermüller LL.M.,2026-04-15T15:21:43.562Z
Wissenschaftlicher Mitarbeiter in der Rechtsberatung (m/w/d),https://de.indeed.com/viewjob?jk=50e02da456fa8278,Köln,RSM Ebner Stolz Wirtschaftsprüfer Steuerberater Rechtsanwälte Partnerschaft mbB,2026-02-28T00:12:32.130Z
Teamassistenz für die Wirtschaftsprüfung / Steuerberatung / Rechtsberatung (m/w/d),https://de.indeed.com/viewjob?jk=c586f3314d1bd59c,Frankfurt am Main,RSM Ebner Stolz Wirtschaftsprüfer Steuerberater Rechtsanwälte Partnerschaft mbB,2026-02-28T00:12:30.850Z
Rechtsanwalt im Arbeitsrecht (m/w/d),https://de.indeed.com/viewjob?jk=45c58169b35ed006,Köln,RSM Ebner Stolz Wirtschaftsprüfer Steuerberater Rechtsanwälte Partnerschaft mbB,2026-03-17T11:39:25.800Z
Partner- und Team-Assistenz in der Unternehmensberatung (m/w/d),https://de.indeed.com/viewjob?jk=28c91e0a290ee61b,Köln,RSM Ebner Stolz Wirtschaftsprüfer Steuerberater Rechtsanwälte Partnerschaft mbB,2026-02-26T11:46:59.216Z
Rechtsanwältin / Rechtsanwalt in Vollzeit im Immobilien- und Energierecht,https://de.indeed.com/viewjob?jk=8cfd9496fa9af955,22297 Hamburg Winterhude,KANZLEI IM GRÜNEN QUARTIER,2026-04-22T12:00:54.193Z
"Assistenz, Sekretärin, Rechtsanwaltsfachangestellte (m/w/d)",https://de.indeed.com/viewjob?jk=186c8a23e00c501f,80333 München,Luther,2026-04-14T22:11:40.848Z
Kauffrau/-mann für Büromanagement als Assistenz im Bereich Wirtschaftsprüfung / Steuerberatung (m/w/d),https://de.indeed.com/viewjob?jk=2d2d4bc05cd7ab30,Stuttgart,RSM Ebner Stolz Wirtschaftsprüfer Steuerberater Rechtsanwälte Partnerschaft mbB,2025-12-08T23:40:22.265Z
Rechtsanwalt (m/w/d) Arbeitsrecht,https://de.indeed.com/viewjob?jk=d803604b47f87c0d,70173 Stuttgart,Luther,2026-04-14T22:11:41.528Z
Rechtsreferendar - Rechtsanwalts-/Wahlstation Recht und Governance (m/w/d),https://de.indeed.com/viewjob?jk=c1c8d9c5669b5e16,Heilbronn,Kaufland,2024-11-25T04:12:45.861Z
(Senior) Business Development Manager Immobilienbewertungen (m/w/d),https://de.indeed.com/viewjob?jk=f1680a25df56ac5d,69190 Walldorf,Heid Immobilien GmbH,2026-02-10T07:17:29.342Z
ASSISTENZ DER RECHTSABTEILUNG (m/w/d),https://de.indeed.com/viewjob?jk=3744f39e088fe1e9,28816 Stuhr,GC Großhandels Contor GmbH,2026-03-13T23:37:31.908Z
Legal Counsel / Unternehmensjurist in Teilzeit (m/w/d),https://de.indeed.com/viewjob?jk=13f56778d0b08471,20457 Hamburg,zipmend GmbH,2026-02-19T13:54:29.367Z
Jurist (w/m/d),https://de.indeed.com/viewjob?jk=325cc51431c2a04d,Neu-Isenburg,Apleona GmbH,2026-03-04T18:20:40.347Z
Sachbearbeitung in Allzuständigkeit im Bürgeramt,https://de.indeed.com/viewjob?jk=e76241d4f90d670b,Berlin,Zentraler Rekrutierungsservice (LVwA),2026-04-16T18:45:58.503Z
Schulsekretär/in (w/m/d) für die Willy-Brandt-Schule,https://de.indeed.com/viewjob?jk=0100d4eda826a4c6,22846 Norderstedt,Stadt Norderstedt,2026-04-09T13:15:24.754Z
Rechtsanwaltsfachangestellte (m/w/d),https://de.indeed.com/viewjob?jk=7817c00bc0d152e3,69190 Walldorf,Heid Immobilien GmbH,2025-03-18T04:17:57.679Z
Legal Counsel - Syndikusrechtsanwalt (m/w/d),https://de.indeed.com/viewjob?jk=7d9af155931692ac,Kelkheim (Taunus),ROTHENBERGER Werkzeuge GmbH,2026-03-18T10:59:36.825Z
Referent Liegenschaften (m/w/d),https://de.indeed.com/viewjob?jk=56885775e132b575,01159 Dresden,uniplan Management GmbH,2026-03-23T14:17:44.855Z
Teamassistenz 2.0 (m/w/d) in Voll- oder Teilzeit,https://de.indeed.com/viewjob?jk=9573923c8f6bc221,20457 Hamburg,Kliemt Arbeitsrecht,2026-03-09T21:12:04.968Z
Sachbearbeiter/in (w/m/d) für allgemeine Ordnungsaufgaben,https://de.indeed.com/viewjob?jk=619d7b5b3d060592,22846 Norderstedt,Stadt Norderstedt,2026-04-15T19:13:58.342Z
Syndikusrechtsanwalt / Wirtschaftsjurist / Unternehmensjurist (m/w/d),https://de.indeed.com/viewjob?jk=4765d35c0981be07,Kupferzell,GEMÜ Gebr. Müller Apparatebau GmbH & Co. KG,2026-03-18T15:11:45.652Z
Rechtsanwaltsfachangestellter als Sachbearbeiter Mahn- und Klagewesen (m/w/d),https://de.indeed.com/viewjob?jk=49f836c8e8a52301,Barmbek,SAGA Unternehmensgruppe,2026-04-22T13:54:18.471Z
Sachbearbeiter für die Insolvenzverwaltung (w/m/d),https://de.indeed.com/viewjob?jk=264e2cebdb796076,Nürnberg,Schultze & Braun,2026-02-28T21:10:54.265Z
Team Lead Legal / Teamleiter Recht (human),https://de.indeed.com/viewjob?jk=adf09b3324c701ac,Karlsruhe,All for One Group SE,2026-01-12T17:11:55.298Z
Sachbearbeitung Personal und Organisation (m/w/d),https://de.indeed.com/viewjob?jk=3e566b11658bdd04,Ludwigshafen am Rhein,Stadt Ludwigshafen am Rhein,2026-04-15T17:22:03.178Z
Sachbearbeiter – Debitorenbuchhaltung oder Rechtsanwaltsfachangestellter (m/w/d),https://de.indeed.com/viewjob?jk=58227f3410a85c0a,15834 Rangsdorf,GC Großhandels Contor GmbH,2026-02-18T23:37:04.909Z
Justizbeschäftigte/r in einer Serviceeinheit (w/m/d) mit der Möglichkeit einer späteren Verbeamtung,https://de.indeed.com/viewjob?jk=caa193f97d01dd52,Berlin,Die Präsidentin des Kammergerichts,2026-04-15T18:45:58.435Z
Sachbearbeiter /-in (m/w/d) Bürgerbüros - Stellen-Nr. 33-05,https://de.indeed.com/viewjob?jk=bf6bb8d647576cc2,Regensburg,Stadt Regensburg,2026-04-01T15:58:06.806Z
Legal Counsel Labour Relations / Syndikusrechtsanwalt (m/w/d),https://de.indeed.com/viewjob?jk=acd4b2672d6d6793,81671 München,Interhyp AG,2026-03-26T13:29:55.953Z
Syndikusrechtsanwalt / Wirtschaftsjurist (m/w/d) / in Teilzeit (20 Std./Woche),https://de.indeed.com/viewjob?jk=c39ed58c6052f3ee,56579 Rengsdorf,Lohmann & Rauscher GmbH & Co. KG,2026-02-19T02:18:58.873Z
Sachbearbeiter für die Widerspruchsstelle (W/M/D),https://de.indeed.com/viewjob?jk=7220f2cd52bac455,75175 Pforzheim,Stadt Pforzheim,2026-04-08T09:56:31.438Z
Sachbearbeiter (w/m/d),https://de.indeed.com/viewjob?jk=4b675a377c51a842,Endingen am Kaiserstuhl,Schultze & Braun,2026-04-01T10:06:28.681Z
Studentischer Mitarbeiter (m/w/d) für Rechtsanwaltskanzlei in Berlin-Charlottenburg-Wilmersdorf gesucht,https://de.indeed.com/viewjob?jk=e5fdad7bd4befe07,Bezirk Charlottenburg-Wilmersdorf,HENSCHE Rechtsanwälte,2026-04-10T14:05:01.732Z
Rechtsanwaltsfachangestellte (m/w/d),https://de.indeed.com/viewjob?jk=2dfd860761530c2b,18057 Rostock,KTV Anwälte,2026-04-25T10:47:04.636Z
Kaufmännischer Mitarbeiter (m/w/d) Nebenkostenabrechnung/Betriebskosten,https://de.indeed.com/viewjob?jk=cba6fe9f2ecd698f,Frankfurt am Main,Tectareal Property Management GmbH,2026-04-14T13:42:31.117Z
Syndikusrechtsanwalt mit Schwerpunkt Datenschutzrecht (w/m/d),https://de.indeed.com/viewjob?jk=c4575e1e39260cb2,82024 Taufkirchen,HENSOLDT AG,2026-04-10T04:53:11.712Z
Rechtsanwaltsfachangestellter in Teilzeit (m/w/d),https://de.indeed.com/viewjob?jk=3f4cd52db14d2774,74172 Neckarsulm,Kaufland,2026-03-13T13:46:38.279Z
Sachbearbeitung OV-Büro Mundenheim (m/w/d),https://de.indeed.com/viewjob?jk=9a09ec0367817feb,Ludwigshafen am Rhein,Stadt Ludwigshafen am Rhein,2026-04-22T11:21:55.428Z
Anwalt Arbeitsrecht Fachanwalt,https://de.indeed.com/viewjob?jk=9f3977f138b49e32,Home Office,Rechtsanwaltskanzlei Schöffler,2026-04-26T21:12:01.208Z
Volljuristen / Syndikusrechtsanwalt (m/w/d) als Leitung Recht und Compliance in der Stabsstelle Regulatorik,https://de.indeed.com/viewjob?jk=b59769caf41030cc,44623 Herne,Ev. Krankenhausgemeinschaft Herne | Castrop-Rauxel,2025-11-11T15:28:31.957Z
MITARBEITENDE (M/W/D) FÜR DAS REISEMANAGEMENT,https://de.indeed.com/viewjob?jk=6c99ed104a9aa7c0,Köln,Bundesamt für Verfassungsschutz,2026-04-17T14:56:34.563Z
Legal Counsel/Syndikusrechtsanwalt (m/w/d) Schwerpunkt Arbeitsrecht,https://de.indeed.com/viewjob?jk=277ad958bebdec57,Hamburg,Carl Remigius Fresenius Education GmbH,2026-04-14T18:11:58.737Z
Rechtsanwalts- und Notarfachangestellter (m/w/d),https://de.indeed.com/viewjob?jk=388ee86be6e286f2,32051 Herford,Deutsche Fachpflege,2026-03-11T02:55:20.792Z
Regierungsbeschäftigte/r (EG 8) in der Führungsstelle der Direktion Kriminalität (w/m/d),https://de.indeed.com/viewjob?jk=27a4932ae67a2cfd,40219 Düsseldorf,Polizeipräsidium Düsseldorf,2026-04-20T10:02:19.525Z
Rechtsanwaltsfachangestellte (m/w/d),https://de.indeed.com/viewjob?jk=a8cc23aab51ed07c,84034 Landshut,Kanzlei Prof. Dr. Fricke & Coll.,2026-04-25T14:12:57.250Z
Rechtsanwalts- /Justizfachangestellter - operatives Arbeitsrecht (w/m/d),https://de.indeed.com/viewjob?jk=9390f76818ed6457,Koblenz,Debeka-Gruppe,2026-01-28T13:47:26.422Z
Syndikusrechtsanwalt (w/m/d) Export-Compliance,https://de.indeed.com/viewjob?jk=7846add929f5d439,82024 Taufkirchen,HENSOLDT AG,2026-01-14T03:54:15.766Z
Syndikusrechtsanwalt / Legal Counsel (m/w/d),https://de.indeed.com/viewjob?jk=2d4fa1f1051f7036,14199 Berlin,ENERCON,2025-12-15T20:25:29.961Z
Sachbearbeitung Asyl/Rückführung (m/w/d),https://de.indeed.com/viewjob?jk=fdbdac5bd4013950,Ludwigshafen am Rhein,Stadt Ludwigshafen am Rhein,2026-03-03T16:21:13.460Z
Rechtsanwalt Arbeitsrecht (m/w/d) - Standort Mölln,https://de.indeed.com/viewjob?jk=56c3a2e3abc4bf6a,Mölln,AWADO Gruppe,2026-02-03T21:10:51.863Z
Syndikusrechtsanwält*in Finanzrecht (w/m/d),https://de.indeed.com/viewjob?jk=8e719b1f76b482a0,Erlangen,Siemens Healthineers,2026-03-13T16:22:45.213Z
"Rechtsanwalt / Rechtsanwältin (m/w/d) Bau-, Immobilien- und Verwaltungsrecht",https://de.indeed.com/viewjob?jk=3bafe2025a549d6c,10315 Berlin,OLBRICHT Rechtsanwälte,2026-04-13T16:28:12.143Z
Syndikusrechtsanwältin / Syndikusrechtsanwalt – Rechtsanwältin / Rechtsanwalt (w/m/d),https://de.indeed.com/viewjob?jk=f7cabc1cbbff9134,52428 Jülich,Forschungszentrum Jülich GmbH,2026-04-08T22:11:29.527Z
Rechtsreferendar in der Konzernrechtsabteilung (m/w/divers),https://de.indeed.com/viewjob?jk=ec54a226338e9793,Darmstadt,Merck Group,2025-09-17T21:14:14.482Z
Assistenz im Geschäftszimmer (all genders),https://de.indeed.com/viewjob?jk=301ef32e82bb63ea,Hamburg,UKE - Universitätsklinikum Hamburg-Eppendorf,2026-04-27T05:27:10.800Z
Fachreferent Recht/Syndikusrechtsanwalt mit Schwerpunkt Sanktionsrecht (m/w/d),https://de.indeed.com/viewjob?jk=6eb6fc367f0691de,Esslingen,Eberspächer,2025-08-01T14:02:08.472Z
Sachbearbeiter*in (m/w/d) - Ausländerwesen/Rückkehrmansgement,https://de.indeed.com/viewjob?jk=8aa02f0d88f9d368,45468 Mülheim an der Ruhr,Stadt Mülheim an der Ruhr,2026-04-15T04:04:56.909Z
Verwaltungskraft (m/w/d) im Schulsekretariat für die LVR-David-Ludwig-Bloch-Schule in Essen Förderschwerpunkt Hören und Kommunikation,https://de.indeed.com/viewjob?jk=272fdaef58edb353,Essen,Landschaftsverband Rheinland,2026-04-18T04:05:47.295Z
Rechtsreferendar (m/w/d) für die Stabsstelle Personal und Recht,https://de.indeed.com/viewjob?jk=7feb35e9235061b5,90429 Nürnberg,Kliniken Dr. Erler gGmbH,2026-04-15T16:40:01.862Z
Koordinator für gesetzliche Vorgaben und Verordnungen (m/w/d),https://de.indeed.com/viewjob?jk=f81d995fe0af02ba,76287 Rheinstetten,EDEKA Südwest Fleisch GmbH,2026-03-19T19:41:43.944Z
Rechtsanwalts- und Notarfachangestellte (m/w/d),https://de.indeed.com/viewjob?jk=e6b9abab89a7f782,30167 Hannover,Becker-Baurecht,2026-04-25T19:27:06.983Z
Syndikusrechtsanwältin / Legal Counsel (m/w/d),https://de.indeed.com/viewjob?jk=1184e4cc7686bb44,26605 Aurich,ENERCON,2025-09-19T15:26:12.327Z
Sekretär:in (w/m/d) der Datenschutzbeauftragten / Mitarbeiter:in (w/m/d) im Datenschutzbüro,https://de.indeed.com/viewjob?jk=c0f04028e3d764d7,32657 Lemgo,Technische Hochschule Ostwestfalen-Lippe,2026-04-17T04:06:46.401Z
Teamassistenz in der Immobilienprojektentwicklung (m/w/d),https://de.indeed.com/viewjob?jk=df4145a41c84b4d7,München,Strabag,2026-01-28T16:22:09.850Z
Bürosachbearbeiterin/Bürosachbearbeiter (m/w/d),https://de.indeed.com/viewjob?jk=1d4f4d4e32e48584,Kiel,WSA-Nord-Ostsee-Kanal,2026-04-10T09:52:06.584Z
Bürosachbearbeitung (m/w/d) im Bereich Stellenwirtschaft / Innerer Dienst,https://de.indeed.com/viewjob?jk=a477335baf1b273a,Braunschweig,WSA-MLK-ESK,2026-04-22T09:52:06.162Z
Sachbearbeiterin / Sachbearbeiter in der Verwaltung des Landgerichts Aachen (m/w/d),https://de.indeed.com/viewjob?jk=94308873dd015524,52070 Aachen,Landgericht Aachen,2026-04-01T16:02:13.846Z
Empfangs- und Teamassistenz (m/w/d) 100%,https://de.indeed.com/viewjob?jk=b17586e1d403dc77,Reutlingen,RSM Ebner Stolz Wirtschaftsprüfer Steuerberater Rechtsanwälte Partnerschaft mbB,2026-03-20T11:39:32.527Z
Mitarbeit (m/w/d) im Prüfungsinnendienst des Finanzamtes für Groß- und Konzernbetriebsprüfung Aachen,https://de.indeed.com/viewjob?jk=b21706c043d7d826,52070 Aachen,Finanzamt für Groß- und Konzernbetriebsprüfung Aachen,2026-04-21T16:10:18.294Z
Assistenz im Patentwesen(m/w/d),https://de.indeed.com/viewjob?jk=e59cc7f8307b958f,73447 Oberkochen,Bertrandt AG,2026-04-17T14:57:58.991Z
Notariatsfachangestellte/n / Notariatsfachwirt/in (m/w/d),https://de.indeed.com/viewjob?jk=464388c27c3792b3,Harsefeld,Viebrockhaus AG,2026-02-24T11:53:23.868Z
HR Shared Services Mitarbeiter / Generalist in Teilzeit 16-24 Std./Woche (m/w/d),https://de.indeed.com/viewjob?jk=100ae1feec575844,Köln,RSM Ebner Stolz Wirtschaftsprüfer Steuerberater Rechtsanwälte Partnerschaft mbB,2026-03-17T17:38:43.544Z
Sachbearbeitung (m/w/d) Zentrale Erfassungsstelle (Stellenausschreibung Nr. 15/2026),https://de.indeed.com/viewjob?jk=f1a68dc28c5315e8,58636 Iserlohn,Kreispolizeibehörde Märkischer Kreis,2026-03-27T09:02:31.510Z
Coordinator Legal m/w/d,https://de.indeed.com/viewjob?jk=73575eda7a08e81e,83071 Stephanskirchen,Marc O'Polo,2026-02-23T16:22:19.283Z
Sekretariat/ Assistenz (m/w/d) Legal,https://de.indeed.com/viewjob?jk=1b81ecdfadf5d8f0,82024 Taufkirchen,HENSOLDT AG,2026-02-18T03:53:10.567Z
Teamassistenz (m/w/d) Leitungsbüro,https://de.indeed.com/viewjob?jk=b1c2a3a9f5b38d89,59494 Soest,Qualitäts- und UnterstützungsAgentur - Landesinstitut für Schule,2026-04-16T22:08:47.878Z
Standesbeamtin/Standesbeamter,https://de.indeed.com/viewjob?jk=88d416e51a7c397e,52156 Monschau,Stadt Monschau,2026-04-17T16:01:51.918Z