"Titel","Link","Kanzlei","Stadt","Quelle","first_seen","last_seen"
"2026/41) Sachbearbeitung (m/w/d) Bußgeldstelle","https://de.indeed.com/viewjob?jk=b64c9cdb02920b6e","Landkreis Greiz","07973 Greiz","legacy","2026-04-14","2026-06-02"
"AI & Digital Innovation Manager (m/w/d)","https://zirngibl.de/karriere","ZIRNGIBL Rechtsanwälte Partnerschaft mbB","München","legacy","2026-04-03","2026-06-02"
"AML/KYC Analyst (w/m/d) / Sachbearbeiter (w/m/d) Geldwäscheprävention","https://de.indeed.com/viewjob?jk=f5ce802ad5d54369","Osborne Clarke","20359 Hamburg","legacy","2026-02-20","2026-06-02"
"ANWÄLTINNEN / ANWÄLTE","http://www.contentlaw.de/anwaeltinnen-anwaelte","HOPPENSTEDT RECHTSANWÄLTE","Zentrale/Unbekannt","legacy","2026-04-02","2026-06-02"
"ASSISTENT Unternehmensinsolvenz/nat. Personen (m/w/d)","https://kanzlei-scholze.de/wp-content/uploads/2021/05/Assistent-IN.pdf","KANZLEI SCHOLZE","Dresden","legacy","2026-04-03","2026-06-02"
"ASSISTENZ (M/W/D) RECHTSANWALTSFACHANGESTELLTE(R), FREMDSPRACHENKORRESPONDENT(IN)","https://blaum.de/karriere","Blaum Dettmers Rabstein Rechtsanwälte","Hamburg","legacy","2026-04-03","2026-06-02"
"ASSISTENZ DER GESCHÄFTSFÜHRUNG/BÜROLEITER (M/W/D)","https://kanzlei-scholze.de/wp-content/uploads/2021/06/Bu%CC%88roleiter.pdf","KANZLEI SCHOLZE","Dresden","legacy","2026-04-03","2026-06-02"
"AUSBILDUNG PATENTANWALTSFACHANGESTELLTE (m/w/d)","https://www.patguard.de/job/patentanwaltsfachangestellte-m-w-d-2","Patentanwälte und Rechtsanwälte Bockhorni & Kollegen Chemnitz","Buchloe","legacy","2026-04-02","2026-06-02"
"AUSBILDUNG ZUR/ZUM RECHTSANWALTSFACHANGESTELLTEN (m/w/d)","https://holzhauser.de/karriere","H&P Prof. Dr. Holzhauser & Partner Rechtsanwälte","Dresden","legacy","2026-04-02","2026-06-02"
"AUSZUBILDENDE (M/W/D) für den Beruf des RechtsanwaltsGehilfen und RechtsanwaltsFachangestellten","https://hsk-anwaelte.de/kontakt","HSK Rechtsanwälte Kroll & Kollegen","Eichstätt","legacy","2026-04-03","2026-06-02"
"AUSZUBILDENDE (M/W/D) für den Beruf des RechtsanwaltsGehilfen und RechtsanwaltsFachangestellten","https://hsk-anwaelte.de/karriere","HSK Rechtsanwälte Kroll & Kollegen","Ingolstadt","legacy","2026-04-03","2026-06-02"
"AZUBI RECHTSANWALTS- UND NOTARFACHANGESTELLTE/R (M/W/D)","https://www.schmel.de/jobs","DR. SCHMEL - Notar Fachanwälte Rechtsanwälte","Bremerhaven","legacy","2026-04-02","2026-06-02"
"Account Manager (m/w/d) für beck-online.DIE DATENBANK Teilzeit","https://www.stepstone.de/stellenangebote--Account-Manager-m-w-d-fuer-beck-online-DIE-DATENBANK-Teilzeit-Muenchen-Verlag-C-H-BECK--13841678-inline.html?rltr=625_625_25_seorl_m_0_0_0_0_0_0","Verlag C.H.BECK","München","legacy","2026-04-15","2026-06-02"
"Aktuelle Stellenangebote für Rechtsanwaltsfachangestellte (m/w/d)","https://www.baumeister.org/karriere","Baumeister Rechtsanwälte Partnerschaft MBB","Münster","legacy","2026-04-05","2026-06-02"
"Ambitionierter Patentingenieur (m/w/d)","https://www.isarpatent.com/stellenangebote-karriere","isarpatent - Patent- und Rechtsanwälte Behnisch Barth Charles Hassa Peckmann und Partner mbB","München","legacy","2026-05-05","2026-06-02"
"Angebot für Referendare","https://www.kosswig.com/wp-content/uploads/2025/02/Referendare.pdf","Lawyers Kosswig & colleagues","Braunschweig","legacy","2026-04-02","2026-06-02"
"Angestellter Rechtsanwalt (m/w/d) - Associate - Markenrecht - IT-Recht - Saarbrücken","http://www.dury.de/stellenanzeigen/747-rechtsanwalt-rechtsanwaeltin-volljurist-associate-m-w-d","DURY LEGAL Rechtsanwälte - Saarbrücken - Markenrecht - IT-Recht - Urheberrecht - Wettbewerbsrecht - Lebensmittelrecht","Saarbrücken","legacy","2026-04-03","2026-06-02"
"Anmeldung als Anwalt","https://www.123recht.de/fuer_anwaelte.asp","Frag-einen-Anwalt","Remote","legacy","2026-04-05","2026-06-02"
"Anwalt","https://www.anwaelte-as.de/ueber-uns/karriere","Anwalts- & Steuerkanzlei Sarimehmetoglu | Hamburg","Hamburg","legacy","2026-04-03","2026-06-02"
"Anwalt (m/w/d)","https://kanzlei-steinhausen.de/karriere/anwalt-m-w-d","Kanzlei Steinhausen","Krefeld","legacy","2026-04-03","2026-06-02"
"Anwalt (m/w/d)","https://www.ps-verkehrsrecht.de/job-anwaeltin-anwalt","PS/Rechtsanwälte für Verkehrsrecht - Anwaltskanzlei Dortmund","Dortmund","legacy","2026-04-02","2026-06-02"
"Anwalt (m/w/d)","https://www.rospatt.de/career/job-advertisement-and-form-lawyer","rospatt Rechtsanwälte PartGmbB","Düsseldorf","legacy","2026-04-02","2026-06-02"
"Anwalt (m/w/d) in Bürogemeinschaft gesucht","http://www.sauerheber-zimmer.de/stellenangebot.html","Sauerheber & Zimmer","Mannheim","legacy","2026-04-05","2026-06-02"
"Anwalt Arbeitsrecht Fachanwalt","https://de.indeed.com/viewjob?jk=9f3977f138b49e32","Rechtsanwaltskanzlei Schöffler","Home Office","legacy","2026-04-26","2026-06-02"
"Anwalt Insolvenzrecht","https://entschuldungskanzlei.de/","KECKE Rechtsanwälte","Crimmitschau","legacy","2026-04-03","2026-06-02"
"Anwalt für Arbeitsrecht (m/w/d)","https://www.stepstone.de/stellenangebote--Anwalt-fuer-Arbeitsrecht-m-w-d-Duesseldorf-Action-Deutschland-GmbH--13877729-inline.html?rltr=165_15_25_seorl_m_0_0_0_0_0_0","Action Deutschland GmbH","Düsseldorf","legacy","2026-04-24","2026-06-02"
"Anwalt für Arbeitsrecht (m/w/d)","https://www.msh-rechtsanwaelte.de/stellenangebote-2","MSH migration professionals - Fachanwälte für Arbeitsrecht und Migrationsrecht Düsseldorf","Düsseldorf","legacy","2026-04-02","2026-06-02"
"Anwalt für Bau- und Immobilienrecht","http://www.jenanwalt.de/kanzlei/job-karriere/spezialisierung-anwalt-fuer-bau-und-immobilienrecht-in-jena","SUFFEL Kanzlei für Bau- und Immobilienrecht","Jena","legacy","2026-04-03","2026-06-02"
"Anwalt für Versicherungs- und Verkehrsrecht (m/w/d)","https://www.stobbe.de/karriere","STOBBE Rechtsanwälte I Notare","Hannover","legacy","2026-04-03","2026-06-02"
"Anwalt/Anwältin (m/w/d)","https://www.kanzlei-waldhorn.info/karriere","Dr. Waldhorn & Partner Rechtsanwälte mbB","Würzburg","legacy","2026-04-03","2026-06-02"
"Anwalt/Anwältin (m/w/d)","https://www.lutzabel.com/karriere","LUTZ | ABEL Rechtsanwalts PartG mbB","München","legacy","2026-05-05","2026-06-02"
"Anwalt/Anwältin (m/w/d)","https://anwalt.skradde.com/anwaltbewerbung","Skradde Rechtsanwälte","Köln","legacy","2026-04-05","2026-06-02"
"Anwalt/Notar (w/m/d)","https://heilig-kiel.de/jobs","Heilig. Notarin, Rechtsanwälte","Kiel","legacy","2026-04-03","2026-06-02"
"Anwaltliche Berufseinsteiger*innen","http://www.rae-herzog-partner.de/karriere","Dr. Herzog und Partner Rechtsanwälte mbB","Nürnberg","legacy","2026-04-05","2026-06-02"
"Anwaltliche Tätigkeit in Legal Tech-Kanzlei (m/w/d)","https://de.indeed.com/viewjob?jk=dd47dc6c337b8494","Szypulka & Yuan Rechtsanwaltsgesellschaft mbH","69117 Heidelberg","legacy","2026-04-22","2026-06-02"
"Anwalts-/Wahlstation für Rechtsreferendar/in (m/w/d)","https://www.kanzlei-hummelmann.de/karriere","Hummelmann, v. Pierer & Koll.","Erlangen","legacy","2026-04-02","2026-06-02"
"Anwaltsassistenten (m/w/d)","https://www.grueter.de/de/anwaltsassistenten-mwd","Grüter Hamm Münster PartGmbB","Duisburg","legacy","2026-04-03","2026-06-02"
"Anwaltsassistenten (m/w/d)","http://www.grueter.de/de/anwaltsassistenten-mwd","Grüter Rechtsanwälte PartGmbB","Duisburg","legacy","2026-04-02","2026-06-02"
"Anwaltsassistenz","https://www.blauertz-rechtsanwaelte.de/karriere/stellenanzeige-anwaltsassistenz","Blauertz Rechtsanwälte","Frankfurt am Main","legacy","2026-04-03","2026-06-02"
"Anwaltsassistenz / Executive Assistant / Rechtsanwaltsfachangestellten im Arbeitsrecht (m/w/d)","https://www.gleisslutz.com/de/node/240","Gleiss Lutz","Frankfurt","legacy","2026-04-02","2026-06-02"
"Anwaltsassistenz / Rechtsanwaltsfachangestellte (m/w/d)","https://www.stepstone.de/stellenangebote--Anwaltsassistenz-Rechtsanwaltsfachangestellte-m-w-d-Koeln-CMS-Hasche-Sigle-Partnerschaft-mbB--13856509-inline.html?rltr=93_18_25_seorl_m_0_0_0_0_0_0","CMS Hasche Sigle Partnerschaft mbB","Köln","legacy","2026-04-17","2026-06-02"
"Anwaltsassistenz / Rechtsanwaltsfachangestellte (m/w/d)","https://www.stepstone.de/stellenangebote--Anwaltsassistenz-Rechtsanwaltsfachangestellte-m-w-d-Stuttgart-CMS-Hasche-Sigle-Partnerschaft-mbB--13803162-inline.html?rltr=31_6_25_seorl_m_0_0_0_0_0_0","CMS Hasche Sigle Partnerschaft mbB","Stuttgart","legacy","2026-04-20","2026-06-02"
"Anwaltsassistenz / Rechtsanwaltsfachangestellte (w/m/d)","https://www.recht-bochum.de/jobs/stellenangebot-anwaltsassistenz-rechtsanwaltsfachangestellte-w-m-d","Rechtsanwälte und Fachanwälte Bochum, Wolfgang Tings & Ingo Kauder","Bochum","legacy","2026-04-02","2026-06-02"
"Anwaltsassistenz / Sachbearbeiter (m/w/d)","https://fps-law.de/de/karriere/jobs","FPS Fritze Wicke Seelig","Frankfurt","legacy","2026-04-30","2026-06-02"
"Anwaltsassistenz / Teamassistenz (w/m/d)","https://de.indeed.com/viewjob?jk=7c0de9cd8b3189c4","Gleiss Lutz","60329 Frankfurt am Main","legacy","2026-02-19","2026-06-02"
"Anwaltsfachangestellte Sekretariat","https://dda-legal.de/anwaltskanzlei/karriere/rechtsanwaltsfachangestellte","DDA Legal Dupont Danzel d'Aumont Partnerschaft von Rechtsanwälten & Avocat à la Cour mbB","Frankfurt am Main","legacy","2026-04-03","2026-06-02"
"Anwaltssekretariat (m/w/d)","https://onepage.io/","Dr. Baur Rechtsanwälte","Stuttgart","legacy","2026-04-03","2026-06-02"
"Anwaltsstation Strafrecht für Referendare mit Vergütung","https://bbr.legal/anwaltsstation-strafrecht-hannover-refrendariat-mit-verguetung","bbr.legal Baumann Brunkhorst Rechtsanwälte - Anwälte Strafrecht Hannover","Hannover","legacy","2026-04-03","2026-06-02"
"Anwaltsstation für Rechtsreferendarinnen und Rechtsreferendare (w/m/d)","https://www.kanzlei-fathieh.de/Karriere.html","Kanzlei Fathieh","Heidelberg","legacy","2026-04-03","2026-06-02"
"Anwaltstätigkeit","https://amwall.eu/","AM WALL Rechtsanwälte in Partnerschaft Lühring Lützen Bönninghaus","Bremen","legacy","2026-04-02","2026-06-02"
"Anwält:innen (m/w/d)","https://tsp-law.com/de/karriere","Thümmel Schütze","Stuttgart / Berlin / Dresden / Frankfurt / München","legacy","2026-05-05","2026-06-02"
"Anwälte (m/w/d)","https://www.brandi.net/ueber-brandi/karriere","Brandi Rechtsanwälte GbR","Bielefeld","legacy","2026-05-05","2026-06-02"
"Anwälte (m/w/d)","https://www.greengate.legal/karriere","GreenGate Partners","Berlin / München","legacy","2026-05-05","2026-06-02"
"Anwälte (m/w/d)","https://www.luther-lawfirm.com/luther-karriere/stellenangebote","Luther Rechtsanwaltsgesellschaft mbH","Köln","legacy","2026-05-05","2026-06-02"
"Anwälte (m/w/d)","https://schluender.info/stellenangebote","Schlünder Rechtsanwälte","Hamm","legacy","2026-04-03","2026-06-02"
"Anwälte (m/w/d)","https://www.schweibertlessmann.de/karriere","Schweibert Leßmann & Partner - Rechtsanwälte mbB","Frankfurt am Main","legacy","2026-04-05","2026-06-02"
"Anwälte (m/w/d)","http://www.wgw.law/karriere","WGW Rechtsanwälte","Bochum","legacy","2026-04-02","2026-06-02"
"Anwälte und Legal Specialists (m/w/d)","https://www.arqis.com/karriere","ARQIS","Düsseldorf","legacy","2026-05-05","2026-06-02"
"Anwältin / Anwalt (w/m/d) in Festanstellung im Wirtschaftsrecht","https://www.goertz-legal.de/anwaeltin-anwalt-w-m-d-in-festanstellung-im-wirtschaftsrecht","Görtz Legal Rechtsanwaltsgesellschaft mbH","Stuttgart","legacy","2026-04-05","2026-06-02"
"Anwältin oder Anwalt für Schadenersatzrecht / Haftpflichtrecht (Zivilrecht)","https://www.versicherungsrecht-wittig.de/karriere/anwaltin-m-w-d-schadensersatzrecht-haftpflichtrecht-gesucht","Wittig Ünalp Rechtsanwälte - Arbeitsrecht, Versicherungsrecht, Wirtschaftsrecht","Zentrale/Unbekannt","legacy","2026-04-05","2026-06-02"
"Anwältinnen & Anwälte","https://eea-rechtsanwalt-nuernberg.de/karriere","Rechtsanwaltskanzlei Engelmann • Eismann • Ast GbR","Fürth","legacy","2026-04-05","2026-06-02"
"Arbeitsrecht und Verbraucherschutz Rechtsanwalt","https://anwalt-verbraucherschutz.de/","Wawra & Gaibler Rechtsanwälte","Zentrale/Unbekannt","legacy","2026-04-02","2026-06-02"
"Arbeitsrecht: (Fach-)Anwältin oder (Fach-)Anwalt","https://www.ra-wittig.de/karriere/rechts-fachanwalt-fuer-arbeitsrecht","Wittig Ünalp Rechtsanwälte - Arbeitsrecht, Versicherungsrecht, Wirtschaftsrecht","Zentrale/Unbekannt","legacy","2026-04-02","2026-06-02"
"Architekt / Ingenieur, Contract Management, Wirtschaftsjurist, Verwaltungsfachwirt Vergabe/Bau (w/m/d)","https://www.stepstone.de/stellenangebote--Architekt-Ingenieur-Contract-Management-Wirtschaftsjurist-Verwaltungsfachwirt-Vergabe-Bau-w-m-d-Karlsruhe-Staatliches-Hochbauamt-Karlsruhe-Bundesbau-Baden-Wuerttemberg--13888533-inline.html?rltr=39_14_25_seorl_m_0_0_0_0_1_0","Staatliches Hochbauamt Karlsruhe Bundesbau Baden-Württemberg","Karlsruhe","legacy","2026-04-25","2026-06-02"
"Assistent / Assistentin (m/w/d)","https://www.peters-legal.com/karriere","Klaus Brembach","Düsseldorf","legacy","2026-04-02","2026-06-02"
"Assistent / Fremdsprachenkorrespondent / Personal Assistant / Teamassistent (w/m/d) im Bereich Legal Support","https://www.stepstone.de/stellenangebote--Assistent-Fremdsprachenkorrespondent-Personal-Assistant-Teamassistent-w-m-d-im-Bereich-Legal-Support-Muenchen-Hogan-Lovells-International-LLP--13857015-inline.html?rltr=83_8_25_seorl_m_0_0_0_0_0_0","Hogan Lovells International LLP","München","legacy","2026-04-17","2026-06-02"
"Assistent/-in Recht (w/m/d) Personal im Internen Service (Arbeitsort Nürnberg)","https://de.indeed.com/viewjob?jk=efcb192f0e64f039","Bundesagentur für Arbeit (BA)","Nürnberg","legacy","2026-04-21","2026-06-02"
"Assistent/in (m/w/d)","https://www.hennerkes.de/karriere","Hennerkes, Kirchdörfer & Lorz","Stuttgart","legacy","2026-04-03","2026-06-02"
"Assistent/in (w/m/d)","https://hfk.de/karriere/stellenanzeigen/detail/fuer-unseren-standort-hamburg-suchen-wir-zum-naechstmoeglichen-zeitpunkt-eine-weitere-assistent/in-w/m/d-in-vollzeit","HFK Rechtsanwälte LLP","Hamburg","legacy","2026-05-05","2026-06-02"
"Assistent/in (w/m/d), Sekretariat/Empfang","https://gauweiler-sauter.de/wp-content/uploads/2024/03/GauweilerSauter-Stellenanzeige-Assistenz-2024-1.pdf","Gauweiler & Sauter Rechtsanwälte Partnerschaft mbB","Zentrale/Unbekannt","legacy","2026-04-03","2026-06-02"
"Assistent/in / Rechtsanwaltsfachangestellte/r (m/w/d) // Admin. Assistant / Paralegal","https://de.indeed.com/viewjob?jk=27dc609f3e88a522","onsemi","München","legacy","2026-02-24","2026-06-02"
"Assistent/in für Büromanagement (m/w/d)","https://www.stepstone.de/stellenangebote--Assistent-in-fuer-Bueromanagement-m-w-d-Koeln-NIERING-STOCK-TOEMP-und-Partner-mbB-Rechtsanwaelte--13578692-inline.html?rltr=14_14_25_seorl_m_0_0_0_0_0_0","NIERING STOCK TÖMP und Partner mbB Rechtsanwälte","Köln","legacy","2026-04-25","2026-06-02"
"Assistenten (m/w/d)","https://rittershaus.net/karriere-1/interessante-perspektiven-fuer-alle-nichtanwaltlichen-mitarbeiter.html","RITTERSHAUS Rechtsanwälte PartmbB","Frankfurt","legacy","2026-05-05","2026-06-02"
"Assistenten / Rechtsanwaltsfachangestellte (m/w/d)","http://hfk.de/karriere/stellenanzeigen/detail/assistenten-/-rechtsanwaltsfachangestellte","HFK Rechtsanwälte PartGmbB","Berlin","legacy","2026-04-02","2026-06-02"
"Assistenz","https://kapellmann.de/de/karriere/assistenz","Kapellmann und Partner Rechtsanwälte mbB","Berlin","dom","2026-04-02","2026-06-02"
"Assistenz (m/w/d)","https://www.dnk-rechtsanwaelte.de/de/kanzlei/karriere","DNK Rechtsanwälte PartGmbB","München","legacy","2026-04-03","2026-06-02"
"Assistenz (m/w/d) - Insolvenzverwaltung","https://www.stepstone.de/stellenangebote--Assistenz-m-w-d-Insolvenzverwaltung-Hamburg-BBL-Brockdorff-Rechtsanwaltsgesellschaft-mbH--13748776-inline.html?rltr=22_22_25_seorl_m_0_0_0_0_1_0","BBL Brockdorff Rechtsanwaltsgesellschaft mbH","Hamburg","legacy","2026-04-10","2026-06-02"
"Assistenz (m/w/d) - Insolvenzverwaltung","https://www.stepstone.de/stellenangebote--Assistenz-m-w-d-Insolvenzverwaltung-Muenchen-Berlin-Augsburg-BBL-Brockdorff-Rechtsanwaltsgesellschaft-mbH--13719510-inline.html?rltr=726_1_25_seorl_m_0_0_0_0_1_0","BBL Brockdorff Rechtsanwaltsgesellschaft mbH","München, Berlin, Augsburg","legacy","2026-04-03","2026-06-02"
"Assistenz (m/w/d) des Betriebsrats","https://www.stepstone.de/stellenangebote--Assistenz-m-w-d-des-Betriebsrats-Roethenbach-a-d-Pegnitz-Metropolregion-Nuernberg-Diehl-Defence-GmbH-Co-KG--13922283-inline.html?rltr=359_9_25_seorl_m_0_0_0_0_0_0","Diehl Defence GmbH & Co. KG","Röthenbach a. d. Pegnitz / Metropolregion Nürnberg","legacy","2026-04-17","2026-06-02"
"Assistenz (m/w/d) für Gesellschaftsrecht","https://www.stepstone.de/stellenangebote--Assistenz-m-w-d-fuer-Gesellschaftsrecht-Koeln-Oppenhoff-Partner-Rechtsanwaelte-Steuerberater-mbB--13731699-inline.html?rltr=1069_19_25_seorl_m_0_0_0_0_1_0","Oppenhoff & Partner Rechtsanwälte Steuerberater mbB","Köln","legacy","2026-04-05","2026-06-02"
"Assistenz (m/w/d) für Vorstand und Geschäftsführung","https://www.stepstone.de/stellenangebote--Assistenz-m-w-d-fuer-Vorstand-und-Geschaeftsfuehrung-Hannover-Psychotherapeutenkammer-Niedersachsen-KdoeR--13714783-inline.html?rltr=769_19_25_seorl_m_0_0_0_0_1_0","Psychotherapeutenkammer Niedersachsen KdöR","Hannover","legacy","2026-04-27","2026-06-02"
"Assistenz (m/w/d) im Gesellschaftsrecht / M&A","https://de.indeed.com/viewjob?jk=724841c9ee43a346","Menold Bezler","70191 Stuttgart","legacy","2026-03-04","2026-06-02"
"Assistenz (m/w/d) im Officebereich in Teilzeit","https://legalteam.de/karriere","Dr. Dickstein Rechtsanwälte Fachanwälte | Kanzlei Hamburg","Hamburg","legacy","2026-04-03","2026-06-02"
"Assistenz (m/w/d) zur Unterstützung der internen Verwaltung/ Mitarbeiter (m/w/d) in der Verwaltung / Kaufmann für Bürokommunikation (m/w/d)","https://weigell.de/karriere","W & R Weigell Rechtsanwälte Partnerschaft mit beschränkter Berufshaftung","München","legacy","2026-04-03","2026-06-02"
"Assistenz (w/m/d)","https://hfk.de/karriere/stellenanzeigen/detail/fuer-unseren-standort-frankfurt-a-m-su-chen-wir-zum-naechstmoeglichen-zeitpunkt-eine-weitere-assistenz-w/m/d-in-teil-oder-vollzeit","HFK Rechtsanwälte LLP","Frankfurt am Main","legacy","2026-05-05","2026-06-02"
"Assistenz (w/m/d) für den Personalrat","https://www.stepstone.de/stellenangebote--Assistenz-w-m-d-fuer-den-Personalrat-Duesseldorf-Bau-und-Liegenschaftsbetrieb-NRW--13842710-inline.html?rltr=364_14_25_seorl_m_0_0_0_0_0_0","Bau- und Liegenschaftsbetrieb NRW","Düsseldorf","legacy","2026-04-15","2026-06-02"
"Assistenz (w/m/d) im Anwaltsbereich","https://hfk.de/karriere/stellenanzeigen/detail/assistenz-w/m/d-im-anwaltsbereich-in-voll-oder-teilzeit","HFK Rechtsanwälte LLP","Berlin","legacy","2026-05-05","2026-06-02"
"Assistenz (w/m/d) im Bereich der Vorzimmer","https://www.stepstone.de/stellenangebote--Assistenz-w-m-d-im-Bereich-der-Vorzimmer-Stuttgart-Ministerium-fuer-Umwelt-Klima-und-Energiewirtschaft-Baden-Wuerttemberg--13864483-inline.html?rltr=282_7_25_seorl_m_0_0_0_0_0_0","Ministerium für Umwelt, Klima und Energiewirtschaft Baden-Württemberg","Stuttgart","legacy","2026-04-22","2026-06-02"
"Assistenz / Kauffrau für Büromanagement / Rechtsanwaltsfachangestellte (m/w/d) in Voll- oder Teilzeit (mind. 30 h/Woche)","https://freyschallerhardt.de/karriere","FreySchallerHardt und Partner mbB, Rechtsanwälte / Steuerberater / Fachanwälte / Notare","Kassel","legacy","2026-04-03","2026-06-02"
"Assistenz Bereichsvorstand Law (w/m/d)","https://www.stepstone.de/stellenangebote--Assistenz-Bereichsvorstand-Law-w-m-d-Nuernberg-KPMG-LAW-Rechtsanwaltsgesellschaft--13108694-inline.html?rltr=109_9_25_seorl_m_0_0_0_0_0_0","KPMG LAW Rechtsanwaltsgesellschaft","Nürnberg","legacy","2026-04-17","2026-06-02"
"Assistenz Geschäftsleitung (w/m/d)","https://www.stepstone.de/stellenangebote--Assistenz-Geschaeftsleitung-w-m-d-Berlin-Wohnbau-Commerz-GmbH-Co-Bautreuhand-KG--13856383-inline.html?rltr=111_11_25_seorl_m_0_0_0_0_0_0","Wohnbau-Commerz GmbH & Co. Bautreuhand KG","Berlin","legacy","2026-04-17","2026-06-02"
"Assistenz Law (w/m/d)","https://www.stepstone.de/stellenangebote--Assistenz-Law-w-m-d-Koeln-Frankfurt-Nuernberg-KPMG-LAW-Rechtsanwaltsgesellschaft--13286783-inline.html?rltr=680_5_25_seorl_m_0_0_0_0_0_0","KPMG LAW Rechtsanwaltsgesellschaft","Köln, Frankfurt, Nürnberg","legacy","2026-04-17","2026-06-02"
"Assistenz Rechtsanwalt (m/w/d)","http://www.honold.de/karriere/assistenz-rechtsanwalt","Rechtsanwälte Honold & Partner mbB","Karlsruhe","legacy","2026-04-03","2026-06-02"
"Assistenz der Geschäftsführung - Verträge, Verwaltung & Sekretariat, Erneuerbare Energien (w/m/d)","https://de.indeed.com/viewjob?jk=14bf9273cb8aeded","Loick Bioenergie GmbH","46286 Dorsten","legacy","2026-03-31","2026-06-02"
"Assistenz der Geschäftsführung mit Schwerpunkt: Compliance & Vertragsmanagement (m/w/d)","https://www.stepstone.de/stellenangebote--Assistenz-der-Geschaeftsfuehrung-mit-Schwerpunkt-Compliance-Vertragsmanagement-m-w-d-Buchholz-in-der-Nordheide-Stadtwerke-Buchholz-i-d-N-GmbH--13854158-inline.html?rltr=117_17_25_seorl_m_0_0_0_0_0_0","Stadtwerke Buchholz i.d.N. GmbH","Buchholz in der Nordheide","legacy","2026-04-17","2026-06-02"
"Assistenz der Geschäftsleitung (m/w/d)","https://www.stepstone.de/stellenangebote--Assistenz-der-Geschaeftsleitung-m-w-d-Bremerhaven-D-Heinrichs-Logistic-GmbH--13826541-inline.html?rltr=357_7_25_seorl_m_0_0_0_0_1_0","D. Heinrichs Logistic GmbH","Bremerhaven","legacy","2026-04-27","2026-06-02"
"Assistenz der Geschäftsleitung (m/w/d)","https://activelaw.de/stellenanzeigen/assistenz-der-geschaftsleitung-m-w-d","activelaw Offenhausen.Wolter PartmbB","Hannover","legacy","2026-04-03","2026-06-02"
"Assistenz der Geschäftsleitung (m/w/d) in Teilzeit (20-30 Stunden / Woche)","https://www.stepstone.de/stellenangebote--Assistenz-der-Geschaeftsleitung-m-w-d-in-Teilzeit-20-30-Stunden-Woche-Koeln-BBL-Brockdorff-Rechtsanwaltsgesellschaft-mbH--13697936-inline.html?rltr=1534_9_25_seorl_m_0_0_0_0_1_0","BBL Brockdorff Rechtsanwaltsgesellschaft mbH","Köln","legacy","2026-03-28","2026-06-02"
"Assistenz der Leitung Recht m/w/d","https://www.stepstone.de/stellenangebote--Assistenz-der-Leitung-Recht-m-w-d-Bonn-Verband-der-deutschen-Fruchtsaft-Industrie-e-V--13954575-inline.html?rltr=37_12_25_seorl_m_0_0_0_0_1_0","Verband der deutschen Fruchtsaft-Industrie e.V.","Bonn","legacy","2026-04-27","2026-06-02"
"Assistenz des Kanzleiinhabers (m/w/d)","https://www.stepstone.de/stellenangebote--Assistenz-des-Kanzleiinhabers-m-w-d-Regensburg-Rechtsanwaltskanzlei-Maximilian-Hufnagel-Muenchen--13897925-inline.html?rltr=1541_16_25_seorl_m_0_0_0_0_1_0","Rechtsanwaltskanzlei Maximilian Hufnagel München","Regensburg","legacy","2026-04-26","2026-06-02"
"Assistenz im Bereich Anwalt und Notar","http://www.rlg-law.de/de/karriere","Reith Neumahr lawyers and notaries","Zentrale/Unbekannt","legacy","2026-04-03","2026-06-02"
"Assistenz in Teilzeit (m/w/d)","http://www.weller-kanzlei.eu/component/content/article/assistenz-m-w-d.html?catid=9","WELLER Kanzlei für Arbeitsrecht","Stuttgart","legacy","2026-04-03","2026-06-02"
"Assistenz in Vollzeit für unsere Rechtsabteilung (m/w/d)","https://de.indeed.com/viewjob?jk=57d75536b08326cc","ABG FRANKFURT","Frankfurt am Main","legacy","2025-02-27","2026-06-02"
"Assistenz – Abendsekretariat (m/w/d)","https://karriere.kirkland.com/einstiegsmoeglichkeiten/assistenz-abendsekretariat","Kirkland & Ellis","München/Frankfurt","legacy","2026-05-05","2026-06-02"
"Assistenz, Sekretärin, Rechtsanwaltsfachangestellte (m/w/d)","https://de.indeed.com/viewjob?jk=186c8a23e00c501f","Luther","80333 München","legacy","2026-04-14","2026-06-02"
"Assistenz, Sekretärin, Rechtsanwaltsfachangestellte (m/w/d)","https://jobs.luther-lawfirm.com/jobportal/luther/viewAusschreibung/2025-050.html","Luther Rechtsanwaltsgesellschaft mbH","München","legacy","2026-04-30","2026-06-02"
"Assistenzkraft (w/m/d) Servicestelle Bürgerbeteiligung","https://de.indeed.com/viewjob?jk=205a0710dd2a492a","Staatsministerium Baden-Württemberg","70184 Stuttgart","legacy","2026-04-13","2026-06-02"
"Associate","http://legalrecruit-eu.cgsh.com/EUselfapply/viRecruitSelfApply/RecDefault.aspx?FilterREID=6&FilterJobCategoryID=1","Cleary Gottlieb Steen & Hamilton LLP","Köln","legacy","2026-05-05","2026-06-02"
"Associate (m/w/d)","https://niedingbarth.de/home/careers","Nieding + Barth","Frankfurt","legacy","2026-04-03","2026-06-02"
"©2026 SZA SCHILLING, ZUTT & ANSCHÜTZ Rechtsanwaltsgesellschaft mbH","https://www.sza.de/de/karriere/offene-stellen","SZA Schilling, Zutt & Anschütz","Standort Frankfurt","dom","2026-04-30","2026-06-02"
"Associate (m/w/d) Telekommunikation, Digitalisierung und Weltraum","https://www.stepstone.de/stellenangebote--Associate-m-w-d-Telekommunikation-Digitalisierung-und-Weltraum-Duesseldorf-GvW-Graf-von-Westphalen-Rechtsanwaelte-Steuerberater-Partnerschaft-mbB--13848448-inline.html?rltr=99_24_25_seorl_m_0_0_0_0_1_0","GvW Graf von Westphalen Rechtsanwälte Steuerberater Partnerschaft mbB","Düsseldorf","legacy","2026-04-16","2026-06-02"
"Associate (m/w/d) für Kartellrecht / allgemeines Wirtschaftsrecht","https://schulte-lawyers.jobs.personio.de/job/2517405?language=de&display=de","Kanzlei SCHULTE RECHTSANWÄLTE. Rechtsanwaltsgesellschaft mbH","Frankfurt am Main","legacy","2026-04-02","2026-06-02"
"Associates (M/W/D)","https://www.lex.tm/karriere/associates","lexTM Rechtsanwälte","Frankfurt am Main","legacy","2026-04-02","2026-06-02"
"Audit Assistant / Prüfungsassistent (m/w/d)","https://www.stepstone.de/stellenangebote--Audit-Assistant-Pruefungsassistent-m-w-d-Duesseldorf-ADKL-AG-Wirtschaftspruefungsgesellschaft--13884943-inline.html?rltr=727_2_25_seorl_m_0_0_0_0_0_0","ADKL AG Wirtschaftsprüfungsgesellschaft","Düsseldorf","legacy","2026-04-25","2026-06-02"
"Ausbildung","https://cornelius-krage.de/karriere","Cornelius + coll Lawyers PartG MBB","Kiel","legacy","2026-04-03","2026-06-02"
"Ausbildung","https://dr-degner.de/karriere","Dr. Egbert Degner & Kollegen","Reutlingen","legacy","2026-04-05","2026-06-02"
"Ausbildung","http://www.diekmeyer.de/informationen/karriere/ausbildung.html","Kanzlei Diekmeyer Wagenknecht Nordmeyer Rechtsanwälte und Notare","Bielefeld","legacy","2026-04-02","2026-06-02"
"Ausbildung","https://www.rechtsanwalt-in-hannover.de/karriere","Rechtsanwalt Isik, LL.M. MLE - Fachanwalt für Strafrecht | Arbeitsrecht | Verkehrsrecht","Hannover","legacy","2026-04-03","2026-06-02"
"Ausbildung","http://www.familienanwalt-hamburg.de/de/159971-Stellenangebote","Schwartz Uppendieck Hölck & Steffen","Hamburg","legacy","2026-04-05","2026-06-02"
"Ausbildung","https://www.rae-blatt.com/stellenangebote/ausbildung","Thomas Blatt Rechtsanwalts AG Dortmund - Rechtsanwälte / Fachanwälte","Dinslaken","legacy","2026-04-02","2026-06-02"
"Ausbildung","http://rae-blatt.com/stellenangebote/ausbildung","Thomas Blatt Rechtsanwalts AG Duisburg - Rechtsanwälte / Fachanwälte","Dinslaken","legacy","2026-04-02","2026-06-02"
"Ausbildung","http://www.rae-blatt.de/stellenangebote/ausbildung","Thomas Blatt Rechtsanwalts AG München- Rechtsanwälte / Fachanwälte","Dinslaken","legacy","2026-04-03","2026-06-02"
"Ausbildung / Umschulung als Rechtsanwaltsfachangestellte","https://oswaldrecht.de/karriere","Doerte Oswald","Berlin-Friedrichshagen","legacy","2026-04-05","2026-06-02"
"Ausbildung 2024","https://rechtsanwaelte-bade.de/media/azubi_2024_ueberarbeitet_3_neu.jpg","Rechtsanwälte Bade & Kollegen","Lübeck","legacy","2026-04-05","2026-06-02"
"Ausbildung Bürokaufmann/-frau","https://www.albrecht-plogmaker.de/unsere-kanzlei","Steuerberater & Rechtsanwälte Dr. Albrecht & Plogmaker","Berlin","legacy","2026-04-02","2026-06-02"
"Ausbildung Patent­­anwalts­­fach­­angestellte (w/m/d)","https://www.stepstone.de/stellenangebote--Ausbildung-Patent-anwalts-fach-angestellte-w-m-d-Muenchen-Berlin-Bremen-BOEHMERT-BOEHMERT-Anwaltspartnerschaft-mbB--12030836-inline.html?rltr=387_12_25_seorl_m_0_0_0_0_1_0","BOEHMERT & BOEHMERT Anwaltspartnerschaft mbB","München, Berlin, Bremen","legacy","2026-04-15","2026-06-02"
"Ausbildung ReFA","https://www.graf-bonn.de/kanzlei/karriere/ausbildung-refa","GRAF | BONN | LINDEMANN Sozialrecht & Strafrecht Köln","Köln","legacy","2026-04-03","2026-06-02"
"Ausbildung ReFa","https://froeling-reimers.de/jobs/refa-ausbildung","Fröling & Reimers","Hamburg","legacy","2026-04-03","2026-06-02"
"Ausbildung Rechtsanwalts- und Notarfachangestellte (m/w/d)","https://anwaelte-da.de/karriere","Dr. Henrik Jacoby, lawyer and notary","Darmstadt","legacy","2026-04-02","2026-06-02"
"Ausbildung Rechtsanwalts- und Notarfachangestellte (m/w/d)","http://kessler-rs.com/karriere-jobs/rechtsanwalts-und-notarfachangestellte-ausbildung","KESSLER Rechtsanwaltsgesellschaft mbH","Bremen","legacy","2026-04-02","2026-06-02"
"Ausbildung Rechtsanwalts- und Notarfachangestellte/r","https://www.arbeitsagentur.de/jobsuche/jobdetail/10001-1002768493-S","Elsner & Elsner Rechtsanwälte","Lübeck","legacy","2026-04-05","2026-06-02"
"Ausbildung Rechtsanwaltsfach- und Notarfachangestellte (ReNos)","http://www.robe.org/de/online-bewerbung?plgvfformview_2_0bewerbung=Rechtsanwaltsfach-+und+Notarfachangestellte%2Fr","Lawyers and notaries Betz rocket-Dombek","Berlin","legacy","2026-04-05","2026-06-02"
"Ausbildung Rechtsanwaltsfachangestellte","http://www.rastender.de/kontakt.html","Karsten Stender Rechtsanwalt","Hamburg-Harburg","legacy","2026-04-05","2026-06-02"
"Ausbildung Rechtsanwaltsfachangestellte (m/w/d)","https://rechtsanwalt-ciobanu.de/karriere","Rechtsanwalt Daniel Ciobanu, MLE Kanzlei in Hannover","Hannover","legacy","2026-04-03","2026-06-02"
"Ausbildung Rechtsanwaltsfachangestellte(r) (w/m/d)","https://www.dresden-klein.de/ausbildung","Kanzlei Klein","Dresden","legacy","2026-04-02","2026-06-02"
"Ausbildung Rechtsanwaltsfachangestellte/r","https://www.staab-collegen.de/karriere","Kanzlei Staab.Kollegen","Bremen","legacy","2026-04-02","2026-06-02"
"Ausbildung Rechtsanwaltsfachangestellte:r","https://jurivio-recht.de/karriere","Jurivio Rechtsanwälte - mit Haltung für Miet- und Wohnungseigentumsrecht, Verkehrsrecht und als externe Rechtsabteilung","Hamburg","legacy","2026-04-05","2026-06-02"
"Ausbildung Rechtsanwaltsfachangestellte:r (m/w/d)","https://www.martin-anwaelte.de/job/ausbildung-rechtsanwaltsfachangestellter-m-w-d","MARTIN RECHTSANWÄLTE","Karlsruhe","legacy","2026-04-03","2026-06-02"
"Ausbildung Rechtsanwaltsfachangestellte:r (m/w/d)","https://praxisrecht.de/aktuelles/karriere","Praxisrecht - Dr. Fürstenberg & Partner","Hamburg","legacy","2026-04-05","2026-06-02"
"Ausbildung Rechtsanwaltsfachangestellter (m/w/d)","https://www.unsere-kanzlei.de/karriere","Rechtsanwälte Wagner + Gräf","Homeoffice möglich","legacy","2026-04-03","2026-06-02"
"Ausbildung Steuerfachangestellte (m/w/d)","http://kessler-rs.com/karriere-jobs/steuerfachangestellte-ausbildung","KESSLER Rechtsanwaltsgesellschaft mbH","Bremen","legacy","2026-04-02","2026-06-02"
"Ausbildung Steuerfachangestellte*r (m/w/d), Start 2026","https://dresden.bskp.de/karriere/azubi-steuerfachangestellter","BSKP Dr. Broll · Schmitt · Kaufmann & Partner","Dresden","legacy","2026-04-02","2026-06-02"
"Ausbildung Steuerfachangestellter (m/w/d) Bad Salzuflen","https://www.stepstone.de/stellenangebote--Ausbildung-Steuerfachangestellter-m-w-d-Bad-Salzuflen-Bad-Salzuflen-Deutschland-Steuerpartner-PartG-mbB--13369969-inline.html?rltr=1537_12_25_seorl_m_0_0_0_0_0_0","Steuerpartner PartG mbB","Bad Salzuflen, Deutschland","legacy","2026-04-27","2026-06-02"
"Ausbildung als Kauffrau / Kaufmann für Bürokommunikation (m/w/d)","https://www.sponagel-recht.de/karriere-ausbildung-bueromanagement","Dr. Moritz Sponagel Insolvenzverwalter","Hannover","legacy","2026-04-03","2026-06-02"
"Ausbildung als Kaufmann für Büromanagement (m/w/d) in Köln","https://www.stepstone.de/stellenangebote--Ausbildung-als-Kaufmann-fuer-Bueromanagement-m-w-d-in-Koeln-Koeln-Becker-Buettner-Held-Rechtsanwaelte-Steuerberater-Unternehmensberater-PartGmbB--13869428-inline.html?rltr=822_22_25_seorl_m_0_0_0_0_0_0","Becker Büttner Held Rechtsanwälte Steuerberater Unternehmensberater PartGmbB","Köln","legacy","2026-04-23","2026-06-02"
"Ausbildung als Rechtsanwalts- und Notarfachangestellte/r (gn)","https://www.feldkamp-rechtsanwaelte.de/ausbildung-zur-rechtsanwaltsfachangestellten","Feldkamp und Partner, Rechtsanwälte","Osnabrück","legacy","2026-04-03","2026-06-02"
"Ausbildung als Rechtsanwalts- und Notarfachangestellter (m/w/d)","https://www.aulinger.eu/karriere/stellenangebote","AULINGER lawyers and notaries","Bochum","legacy","2026-04-02","2026-06-02"
"Ausbildung als Rechtsanwaltsfachangestellte (m/w)","https://www.liesegang-partner.de/karriere","Liesegang & Partner mbB Rechtsanwälte","Frankfurt am Main","legacy","2026-04-02","2026-06-02"
"Ausbildung als Rechtsanwaltsfachangestellte(r) (m/w/d)","http://www.medavo.de/karriere?view=article&id=94%3Aauszubildende-rechtsanwaltsfachangestellte-m-w-d&catid=12","medavo GmbH Rechtsanwaltsgesellschaft","Glinde","legacy","2026-04-03","2026-06-02"
"Ausbildung als Rechtsanwaltsfachangestellte/r","http://www.kanzlei-merten.de/","Kanzlei Merten Rechtsanwälte","Dortmund","legacy","2026-04-02","2026-06-02"
"Ausbildung als Rechtsanwaltsfachangestellte/r (m/w/d)","https://bulex-rechtsanwaltsgesellschaft.jobs.personio.de/job/1099513?display=de","Bulex Rechtsanwaltsgesellschaft mbH","Augsburg","legacy","2026-04-02","2026-06-02"
"Ausbildung als Steuerfachangestellte 2026","https://www.actio-cpa.de/karriere/blitzbewerbung","ACTIO Revision und Treuhand GmbH","München","legacy","2026-04-03","2026-06-02"
"Ausbildung mit Perspektive: Werde Rechtsfachangestellte/r (m/w/d)","https://de.indeed.com/viewjob?jk=0149a5b9f94ca595","Rechtsanwalt Ismet Mujakic","80469 München","legacy","2026-04-09","2026-06-02"
"Ausbildung und Fortbildung","http://www.schiffer.de/index.php?id=100","Schiffer & Partner Partnerschaft von Rechtsanwälten","Bonn-Bad Godesberg","legacy","2026-04-05","2026-06-02"
"Ausbildung zu Patentanwaltsfachangestellten (m/w/d)","https://www.stepstone.de/stellenangebote--Ausbildung-zu-Patentanwaltsfachangestellten-m-w-d-Hamburg-Eppendorf-SE--13837437-inline.html?rltr=232_7_25_seorl_m_0_0_0_0_0_0","Eppendorf SE","Hamburg","legacy","2026-04-14","2026-06-02"
"Ausbildung zu Rechtsanwaltsfachangestellten","http://www.bj-p.de/karriere.html","Rechtsanwälte Braetsch, Jessen & Partner","Hamburg-Harburg","legacy","2026-04-05","2026-06-02"
"Ausbildung zum / zur Patentanwaltsfachangestellten (m/w/d)","https://www.ripa.de/karriere/Pafa-Ausbildung","Rieder & Partner mbB Patentanwälte - Rechtsanwalt","Wuppertal","legacy","2026-04-03","2026-06-02"
"Ausbildung zum Patentanwalt (m/w/d)","https://www.meissnerbolte.com/de/karriere","Meissner Bolte","München","legacy","2026-05-05","2026-06-02"
"Ausbildung zum Patentanwalt (m/w/d) der Fachrichtung Chemie","https://www.stepstone.de/stellenangebote--Ausbildung-zum-Patentanwalt-m-w-d-der-Fachrichtung-Chemie-Bergisch-Gladbach-Fleischer-Engels-Partner-mbB-Patentanwaelte--13818022-inline.html?rltr=245_20_25_seorl_m_0_0_0_0_1_0","Fleischer, Engels & Partner mbB, Patentanwälte","Bergisch Gladbach","legacy","2026-04-16","2026-06-02"
"Ausbildung zum Rechtsanwalts- und Notarfachangestellten (m/w/d)","https://www.ksb-intax.de/karriere/stellenangebote/auszubildendealsrechtsanwalts-und-notarfachangestellten-m-w-d-celle","KSB Intax","Celle","legacy","2026-05-05","2026-06-02"
"Ausbildung zum Rechtsanwaltsfachangestellten (m/w/d)","https://snp.law/karriere","SNP Schlawien Partnerschaft mbB Rechtsanwälte Steuerberater","Leipzig","legacy","2026-04-02","2026-06-02"
"Ausbildung zum Verwaltungsfachangestellten (m/w/d) Fachrichtung Kirchen- und Kommunalverwaltung","https://www.stepstone.de/stellenangebote--Ausbildung-zum-Verwaltungsfachangestellten-m-w-d-Fachrichtung-Kirchen-und-Kommunalverwaltung-Duisburg-Evangelischer-Verwaltungsverband-Rhein-Ruhr--13853739-inline.html?rltr=427_2_25_seorl_s_0_0_0_0_0_0","Evangelischer Verwaltungsverband Rhein-Ruhr","Duisburg","legacy","2026-04-22","2026-06-02"
"Ausbildung zum/r Rechtsanwaltsfachangestellte:r (m/w/d)","https://ksr-law.de/karriere","KSR Rechtsanwaltskanzlei","Nürnberg","legacy","2026-04-03","2026-06-02"
"Ausbildung zum/r Rechtsanwaltsfachangestellten (m/w/d)","https://stirnweiss-brenner.de/karriere","Stirnweiss Brenner Rechtsanwälte | Kanzlei für Strafrecht Stuttgart, Strafverteidiger & Fachanwälte","Konstanz","legacy","2026-04-03","2026-06-02"
"Ausbildung zum/zur Fachinformatiker*in für Systemintegration (m/w/d)","https://www.jus-kanzlei.de/jus-karriere","JuS Lawyers Schloms and partners","Augsburg","legacy","2026-04-02","2026-06-02"
"Ausbildung zum/zur Notarfachangestellten/in","https://zachhuber-schoenrock.de/Startseite/Ausbildung-zum/zur-Notarfachangestellten/in","Kanzlei Zachhuber & Schönrock Rechtsanwälte, Steuerberaterin, Notare","Berlin","legacy","2026-04-02","2026-06-02"
"Ausbildung zum/zur ReNo oder ReFa","https://www.dbm.legal/job-karriere","DBM RECHTSANWÄLTE Geske & Partner","Berlin","legacy","2026-04-02","2026-06-02"
"Ausbildung zum/zur Rechtsanwalts- und Notarfachangestellten","http://www.anwaelte-fuer-arbeitsrecht.de/Karriere","Dette, Nacken, Öğüt und Kollegen","Bremen","legacy","2026-04-02","2026-06-02"
"Ausbildung zum/zur Rechtsanwalts- und Notariatsfachangestellten (m/w/d)","https://beineke-kipping-partner.de/stellenanzeigen","Rechtsanwälte Beineke Kipping und Partner","Neunkirchen","legacy","2026-04-05","2026-06-02"
"Ausbildung zum/zur Rechtsanwaltsfachangestellten","https://www.rae-vocke.de/","Rechtsanwälte Dr. Vocke, Winter & Partner mbB","Würzburg","legacy","2026-04-03","2026-06-02"
"Ausbildung zum/zur Rechtsanwaltsfachangestellten (m/w/d)","https://www.dr-lohmann.info/karriere","Dr. Lohmann & Partner Rechtsanwaltskanzlei","Stuttgart","legacy","2026-04-03","2026-06-02"
"Ausbildung zum/zur Rechtsanwaltsfachangestellten (m/w/d) 2026","https://de.indeed.com/viewjob?jk=473c9fd2e809d899","8P Steuerberatung - Wirtschaftsprüfung - Rechtsberatung","57072 Siegen","legacy","2026-02-11","2026-06-02"
"Ausbildung zum/zur Steuerfachangestellten","https://wbg-kanzlei.de/kontakt","WBG","München","legacy","2026-04-03","2026-06-02"
"Ausbildung zum/zur Straßenwärter/in","https://www.stepstone.de/stellenangebote--Ausbildung-zum-zur-Strassenwaerter-in-Waldshut-Tiengen-Landratsamt-Waldshut--13500612-inline.html?rltr=78_3_25_seorl_m_0_0_0_0_1_0","Landratsamt Waldshut","Waldshut-Tiengen","legacy","2026-04-24","2026-06-02"
"Ausbildung zur Patentanwaltsfachangestellten (m/w)","https://www.hoefer-pat.de/stellenangebote/ausbildung-zur-patentanwaltsfachangestellte-patentanwaltsfachangestellter","Hoefer & Partner Patentanwälte mbB","München","legacy","2026-04-03","2026-06-02"
"Ausbildung zur Rechtsanwalts- und Notarfachangestellten (m/w/d)","https://www.seppel-partner-oldenburg.de/stellenangebote/ausbildung-zur-rechtsanwalts-und-notarfachangestellten-mwd","Seppel & Partner Rechtsanwälte in PartGmbB","Oldenburg","legacy","2026-04-03","2026-06-02"
"Ausbildung zur Rechtsanwalts- und Notarfachangestellten (m/w/d)","https://wsp-recht.de/karriere","Wegner, Stähr & Partner","Kiel","legacy","2026-04-03","2026-06-02"
"Ausbildung zur Rechtsanwaltsfachangestellte/r","https://www.rechtsanwalt-borrmann.de/service/stellenangebote","Rechtsanwalt Dennis Borrmann","Dortmund","legacy","2026-04-02","2026-06-02"
"Ausbildung zur Rechtsanwaltsfachangestellten","https://www.wunschanwalt.de/karriere","Wunsch, Schönauer, Leinfelder, Bender, Dehne und Kollegen","Augsburg","legacy","2026-04-02","2026-06-02"
"Ausbildung zur Rechtsanwaltsfachangestellten (m/d/w)","https://foerster-blob.de/karriere","Rechtsanwälte Förster & Blob","Nürnberg","legacy","2026-04-03","2026-06-02"
"Ausbildung zur Rechtsanwaltsfachangestellten (m/w/d)","https://herfet-oezpolat.de/karriere","Anwaltskanzlei Herfet & Özpolat Rechtsanwälte PartGmbB in Mönchengladbach","Mönchengladbach","legacy","2026-04-03","2026-06-02"
"Ausbildung zur Rechtsanwaltsfachangestellten (m/w/d)","https://gloeckle.law/karriere","Glöckle Rechtsanwälte","Stuttgart","legacy","2026-04-03","2026-06-02"
"Ausbildung zur Rechtsanwaltsfachangestellten (m/w/d)","https://www.ra-samimi.de/jobs-und-karriere","Gregor Samimi, Fachanwalt für Verkehrsrecht, Strafrecht & Versicherungsrecht","Berlin","legacy","2026-04-02","2026-06-02"
"Ausbildung zur Rechtsanwaltsfachangestellten (m/w/d)","https://www.kanzlei-loewenberg.de/karriere","Kanzlei Löwenberg & Kollegen Rechtsanwälte","Schweinfurt","legacy","2026-04-03","2026-06-02"
"Ausbildung zur Rechtsanwaltsfachangestellten (m/w/d)","https://de.indeed.com/viewjob?jk=a0957d0d5fda0a7f","Rechtsanwälte Comtesse & Comtesse","66111 Saarbrücken","legacy","2026-04-13","2026-06-02"
"Ausbildung zur Rechtsanwaltsfachangestellten (m/w/d)","https://oberberg-rae.de/","Rechtsanwälte Oberberg, Hasche, Reinbender","Kiel","legacy","2026-04-03","2026-06-02"
"Ausbildung zur Rechtsanwaltsfachangestellten (m/w/d)","https://uhsadel.com/karriere","Uhsadel Rechtsanwälte PartGmbB","Hamburg","legacy","2026-04-03","2026-06-02"
"Ausbildung zur/ zum Rechtsanwaltsfachangestellten (m/w/d)","https://psh-rechtsanwaelte.de/job/ausbildung-zur-zum-rechtsanwaltsfachangestellten-m-w-d-2","PSH Rechtsanwälte Potrafke Schütze Houben Partnerschaft mbB","Viersen","legacy","2026-04-03","2026-06-02"
"Ausbildung zur/m Rechtsanwaltsfachangestellten","https://rieck-partner.de/ausbildung-zur-m-rechtsanwaltsfachangestellten-m","Rieck & Partner Rechtsanwälte mbB","Hamburg","legacy","2026-04-05","2026-06-02"
"Ausbildung zur/m Rechtsanwaltsfachangestellten (m/w/d)","https://papsch.de/stellenangebote","Dr. Papsch & Collegen Rechtsanwälte","Hannover","legacy","2026-04-03","2026-06-02"
"Ausbildung zur/m Rechtsanwaltsfachangestellten (m/w/d)","http://vicarii.de/karriere.php","VICARII Rechtsanwälte Martinovic Steiner Germalidis Partnerschaftsgesellschaft","Stuttgart","legacy","2026-04-03","2026-06-02"
"Ausbildung zur/zum Patentanwaltsfachangestellten (m/w/d)","https://de.indeed.com/viewjob?jk=f50c687fb9ea8697","PELSTER BEHRENDS Patentanwälte PartG mbB","48153 Münster","legacy","2026-04-01","2026-06-02"
"Ausbildung zur/zum ReFa (m/w/d)","https://anwaltskanzlei-kwk.de/ausbildung-zum-zur-rechtsanwaltsfachangestellten-m-w-d","Klemm & Wolfgramm & Kollegen","Stuttgart","legacy","2026-04-03","2026-06-02"
"Ausbildung zur/zum Rechtsanwaltsfachangestellten","https://www.hwhlaw.de/auszubildende","Hecker Werner Himmelreich Rechtsanwälte Partnerschaft","Köln","legacy","2026-04-03","2026-06-02"
"Ausbildung zur/zum Rechtsanwaltsfachangestellten","https://www.kgh.de/karriere","KGH Law Office Nuremberg","Nürnberg","legacy","2026-04-05","2026-06-02"
"Ausbildung zur/zum Rechtsanwaltsfachangestellten (m/w/d)","http://www.graml-kollegen.de/karriere","Graml & Kollegen Rechtsanwälte Regensburg","Regensburg","legacy","2026-04-03","2026-06-02"
"Ausbildung zur/zum Rechtsanwaltsfachangestellten (m/w/d)","https://www.hopfgarten.de/karriere","Hopfgarten Rechtsanwälte","Düsseldorf","legacy","2026-04-03","2026-06-02"
"Ausbildung zur/zum Rechtsanwaltsfachangestellten (m/w/d)","https://www.kk-strafrecht.de/aktuelles/allgemein/ausbildung-zur-zum-rechtsanwaltsfachangestellten-m-w-d","KleinKlefenz Kanzlei für Strafrecht","Köln","legacy","2026-04-03","2026-06-02"
"Ausbildung zur/zum Rechtsanwaltsfachangestellten (m/w/d)","https://www.ph-rechtsanwaelte.de/karriere","Rechtsanwälte Dr. Pohlenk & Hankowetz, Kanzlei Rechtsanwältin Dr. Pohlenk und Rechtsanwalt Hankowetz","Regensburg","legacy","2026-04-03","2026-06-02"
"Ausbildung zur/zum Rechtsanwaltsfachangestellten (m/w/d)","https://karriere.skwschwarz.de/jobs/azubi.muc.01","SKW Schwarz - Frankfurt / Main","München","legacy","2026-04-03","2026-06-02"
"Ausbildung zur/zum Rechtsanwaltsfachangestellten (m/w/d)","https://www.wille-hahn.de/karriere.html","WILLE | HAHN RECHTSANWÄLTE PartG mbB","Kassel","legacy","2026-04-03","2026-06-02"
"Ausbildung zur/zum Rechtsanwaltsfachangestellten (m/w/d)","https://www.kanzlei-wsk.de/karriere","Weber, Knaier, Hörmann - Rechtsanwälte","Ehingen","legacy","2026-04-03","2026-06-02"
"Ausbildung zur/zum Rechtsanwaltsfachangestellten (m/w/d) ab 1. August 2026","https://schulte-lawyers.jobs.personio.de/job/2568891?language=de&display=de","Kanzlei SCHULTE RECHTSANWÄLTE. Rechtsanwaltsgesellschaft mbH","Frankfurt am Main","legacy","2026-04-02","2026-06-02"
"Ausbildung zur/zum Rechtsanwaltsfachangestellten (w/m/d)","https://www.dresdner-fachanwaelte.de/karriere/ausbildung/ausbildung-zur-zum-rechtsanwaltsfachangestellte-n","KUCKLICK dresdner-fachanwaelte.de","Dresden","legacy","2026-04-05","2026-06-02"
"Ausbildung zur/zum Rechtsanwaltsfachangestellten m/w/d","https://www.stuttgart-anwaltskanzlei.com/ANWALTSKANZLEI/KARRIERE","RA Alexander Fischer","Stuttgart","legacy","2026-04-03","2026-06-02"
"Ausbildung zur:m Rechtsanwalts- und Notarfachangestellten (m/w/d)","https://www.nahmereinicke.de/de/karriere","Rechtsanwälte Nahme & Reinicke Partnerschaftsgesellschaft mbB","Hannover","legacy","2026-04-03","2026-06-02"
"Ausbildung zur:zum Rechtsanwaltsfachangestellten (2026)","https://www.iw-recht.de/stellenangebote/stellenangebot-ausbildung-rechtsanwaltsfachangestellte-w-m-d-darmstadt-1","Iffland Wischnewski Rechtsanwälte PartG mbB","Darmstadt","legacy","2026-04-02","2026-06-02"
"Ausbildung, Praktikum & Referendariat","http://www.kp-recht.de/karriere/ausbildung-und-praktikum","Dr. Kroll & Partner - Law firm Reutlingen","Balingen","legacy","2026-04-03","2026-06-02"
"Ausbildung: Rechtsanwaltsfachangestellte(r)","https://www.atn-ra.de/kanzlei/karriere/rechtsanwaltsfachangestellte","ATN D'AVOINE TEUBLER NEU Rechtsanwälte","Zentrale/Unbekannt","legacy","2026-04-03","2026-06-02"
"Ausbildungsplatz","http://www.kanzlei73.de/announcements/ausbildungsplatz","Kanzlei 73 Wächtler & Kolleg:innen","München","legacy","2026-04-03","2026-06-02"
"Ausbildungsplatz","http://www.lauterbach-jansen.de/index.php/kanzlei/ausbildung","Rechtsanwälte Lauterbach Jansen Lauterbach - Verkehrsrecht, Arbeitsrecht, Strafrecht","Solingen","legacy","2026-04-03","2026-06-02"
"Ausbildungsplatz Notarfachangestellte/r","http://www.notare-klett.de/","Notare Klett","Stuttgart","legacy","2026-04-03","2026-06-02"
"Ausbildungsplatz Rechtsanwalts- und Notarfachangestellte m/w/d","https://www.recht-bs.de/portfolio-item/azubi-gesucht-ausbildungsplatz-rechtsanwalts-und-notarfachangestellte-m-w-d","Schlüter · Rechtsanwälte · Notare","Braunschweig","legacy","2026-04-02","2026-06-02"
"Ausbildungsplatz Rechtsanwaltsfachangestelle (m/w/d)","https://lamster-kanzlei.de/wp-content/uploads/2024/12/813398-Stellenausschreibung-Ausbildungsplatz-2025.pdf","Lamster & Partner Rechtsanwälte PartG mbB","Freiburg","legacy","2026-04-03","2026-06-02"
"Ausbildungsplatz Rechtsanwaltsfachangestellte","https://malkus.lawyer/profil-rechtsanwaltskanzlei-leipzig/karriere-und-ausbildung","buero.malkus - Rechtsanwaltskanzlei in Leipzig für Immobilien-, WEG-, Grundstücks- und Mietrecht | Strafverteidigung","Leipzig","legacy","2026-04-03","2026-06-02"
"Ausbildungsplatz Rechtsanwaltsfachangestellte (m/w/d)","https://rpmed.de/stellenangebote","Ratajczak & Partner Rechtsanwälte mbB","Böblingen","legacy","2026-04-03","2026-06-02"
"Ausbildungsplatz Rechtsanwaltsfachangestellte(r)","https://www.vanbuehren.de/unsere-sozietaet/karriere","VAN BÜHREN & KLUTINIUS","Zentrale/Unbekannt","legacy","2026-04-05","2026-06-02"
"Ausbildungsplatz Rechtsanwaltsfachangestellte(r)","https://www.ilex-bankrecht.de/karriere.html","ilex Rechtsanwälte","Potsdam","legacy","2026-04-05","2026-06-02"
"Ausbildungsplatz Rechtsanwaltsfachangestellte/r","https://www.dr-klassen.de/kanzlei/karriere","Rechtsanwälte Dr. Klassen + Partner mbB","Bonn","legacy","2026-04-02","2026-06-02"
"Ausbildungsplatz Rechtsanwaltsfachangestellte/r","https://www.reissenberger.com/kanzlei/jobs","Sven Reissenberger lawyer","Dortmund","legacy","2026-04-02","2026-06-02"
"Ausbildungsplatz Rechtsanwaltsfachangestelte/r","https://borgelt.de/stellenanzeigen","Borgelt & Partner Rechtsanwälte Düsseldorf","Düsseldorf","legacy","2026-04-02","2026-06-02"
"Ausbildungsplatz Steuerfachangestellte/r (m/w/d)","http://www.kanzlei-drebber.de/index.php/kanzlei/stellenangebote","Kanzlei Drebber - Steuerberater Wirtschaftsprüfer Rechtsbeistand","Zentrale/Unbekannt","legacy","2026-04-03","2026-06-02"
"Ausbildungsplatz als Rechtsanwalts- und Notarfachangestellte (ReNo) (m/w/d)","https://www.kanzlei-ahlborn.de/kanzleiteam","DR. AHLBORN ARBEITSRECHT - Rechtsanwalt und Fachanwalt für Arbeitsrecht & Notar","Bielefeld","legacy","2026-04-05","2026-06-02"
"Ausbildungsplatz als Rechtsanwaltsfachangestellte/r","https://www.steinbock-partner.de/stellenangebote","Rechtsanwälte Steinbock & Partner | Würzburg","Würzburg","legacy","2026-04-03","2026-06-02"
"Ausbildungsplatz für Rechtsanwaltsfachangestellte / ReFa","https://kanzlei-it.com/ausbildungsplatz-rechtsanwaltsfachangestellte","IT-Kanzlei Twelmeier","Ulm","legacy","2026-04-05","2026-06-02"
"Ausbildungsplatz zum /zur Rechtanwaltsfachangestellten (m/w/d)","https://www.ms-concept.de/jobs/ausbildungsplatz-zum-zur-rechtanwaltsfachangestellten-m-w-d","MS Concept Rechtsanwälte | Stuttgart","Backnang","legacy","2026-04-03","2026-06-02"
"Ausbildungsplatz zum 01.08.2026","https://lohsin-partner.de/stellen/ausbildungsplatz-zum-01-08-2026","Dr. Lohsin & Partner Rechtsanwälte und Notare","Bremen","legacy","2026-04-02","2026-06-02"
"Ausbildungsplatz zum Rechtsanwaltsfachangestellten (m/w/d)","https://www.rechtsanwaeltin-ahmadi.de/karriere.html","Strafverteidigerin Jacqueline Ahmadi Rechtsanwältin","Hamburg","legacy","2026-04-05","2026-06-02"
"Ausbildungsplatz zum/zur ReNo-Fachangestellten","https://kanzlei-hb.de/karriere","Schröder Kühne & Partner","Bremen","legacy","2026-04-02","2026-06-02"
"Ausbildungsplatz zum/zur Rechtsanwaltsfachangestellten (m/w/d)","https://www.martinvoss.com/2024/06/ausbildungsplatz-zum-zur-rechtsanwaltsfachangestellten-m-w-d-ab-08-2024","Martin Voß, LL.M.","Braunschweig","legacy","2026-04-02","2026-06-02"
"Ausbildungsplatz zum/zur Steuerfachangestellten","https://peterspartner-stb.dein-karriere-portal.de/","Peters + Partner Steuerberater Rechtsanwalt mbB","Gütersloh","legacy","2026-04-03","2026-06-02"
"Ausbildungsplatz zur / zum Rechtsanwaltsfachangestellten (m/w/d)","https://www.petri-kramer.de/stellenangebote","Claudia Petri-Kramer & Kollegen","Hannover","legacy","2026-04-03","2026-06-02"
"Ausbildungsplatz zur/ zum Rechtsanwaltsfachangestellten","http://www.zippelius.eu/index.php?option=com_content&amp%3Bview=article&amp%3Bid=43&amp%3BItemid=179","Zippelius Rechtsanwälte Partnerschaftsgesellschaft mbB","Karlsruhe","legacy","2026-04-03","2026-06-02"
"Ausbildungsplatz zur/zum Rechtsanwalts- und Notarfachangestellten","https://sbzw.de/","SBZW Rechtsanwaltskanzlei und Notariat - Dr. Bodenburg, Zilian, Werk","Göttingen","legacy","2026-04-05","2026-06-02"
"Ausbildungsplatz zur/zum Rechtsanwaltsfachangestellten (m/w/d)","https://www.sfw-arbeitsrecht.de/ausbildungsplatz-zur-zum-rechtsanwaltsfachangestellten-m-w-d-2","SFW Fachanwälte für Arbeitsrecht Steigelmann Fischer Weidner Pforzheim","Karlsruhe","legacy","2026-04-03","2026-06-02"
"Ausbildungsplatz zur/zum Rechtsanwaltsfachangestellten (m/w/d)","https://www.sfw-arbeitsrecht.de/ausbildungsplatz-zur-zum-rechtsanwaltsfachangestellten-m-w-d-in-landau","SFW Fachanwälte für Arbeitsrecht Steigelmann Fischer Weidner Pforzheim","Landau","legacy","2026-04-03","2026-06-02"
"Ausbildungsplatz: Rechtsanwaltsfachangestellte/r (m/w/d)","http://www.philex-ak.de/seite/646806/karriere.html","PHILEX Anwaltskanzlei - RA Hatzopoulos","Osnabrück","legacy","2026-04-03","2026-06-02"
"Ausbildungsstelle","http://www.lgb-recht.com/","Rechtsanwälte Fachanwälte am Königshof Lippl Betz Dinesen Balles","Regensburg","legacy","2026-04-03","2026-06-02"
"Ausbildungsstelle für Rechtsreferendare","https://gerber-lorenz.de/rechtsanwaelte","Gerber & Lorenz Rechtsanwälte","München","legacy","2026-04-03","2026-06-02"
"Ausbildungsstelle für berufliche Qualifizierungsmaßnahmen","https://www.scheidung-siegen.de/","Frank Baranowski Fachkanzlei für Familienrecht und Scheidung Siegen","Siegen","legacy","2026-04-05","2026-06-02"
"Ausgebildete/n Rechtsanwaltsfachangestellte/n","https://www.strafrecht-bundesweit.de/strafrecht-kanzlei-dr-boettner/karriere-im-strafrecht/rechtsanwaltsfachangestellte-r-im-bereich-strafrecht-gesucht-standort-hamburg","Strafverteidiger Dr. Böttner - Rechtsanwalt, Fachanwalt für Strafrecht","Hamburg","legacy","2026-04-02","2026-06-02"
"Ausgebildete/n Rechtsanwaltsfachangestellte/n","https://www.strafrecht-bundesweit.de/strafrecht-kanzlei-dr-boettner/karriere-im-strafrecht/stellenausschreibung-rechtsanwaltsfachangestellte-mw","Strafverteidiger Dr. Böttner - Rechtsanwalt, Fachanwalt für Strafrecht","Neumünster","legacy","2026-04-02","2026-06-02"
"Aushilfe Kanzleisekretariat (m/w/d/s)","https://xn--fachanwaltfrarbeitsrecht-5sc.net/aushilfe-fuer-kanzleisekretariat-gesucht-m-w-d-s","RECHTSANWÄLTE - Dr.Breuer -Fachanwälte für Arbeitsrecht","Adlershof","legacy","2026-04-05","2026-06-02"
"Aushilfen, auch fachfremd (m/w/d)","http://www.heeser-meyer.de/Kontakt.php","Dr. Heeser & Kollegen Rechtsanwaltsgesellschaft mbH","Krefeld","legacy","2026-04-03","2026-06-02"
"Aushilfskraft im Sekretariat (Nachmittags)","https://www.rechtsanwalt-elci.de/karriere","Rechtsanwalt Elci","Duisburg","legacy","2026-04-02","2026-06-02"
"Auslagerungsmanager (m/w/d)","https://www.stepstone.de/stellenangebote--Auslagerungsmanager-m-w-d-Mainz-Investitions-und-Strukturbank-Rheinland-Pfalz-ISB--13839647-inline.html?rltr=344_19_25_seorl_s_0_0_0_0_0_0","Investitions- und Strukturbank Rheinland-Pfalz (ISB)","Mainz","legacy","2026-04-14","2026-06-02"
"Auszubildende (M/W/D)","https://www.rae-geisler-franke.de/karriere/auszubildende","Dr. Geisler, Dr. Franke Rechtsanwälte Partnerschaft mbB","Bielefeld","legacy","2026-04-02","2026-06-02"
"Auszubildende (m/w) ReNo oder FeFa","https://kanzleimitte.de/karriere/auszubildende-mw-gesucht-renorefa","JUSTUS Rechtsanwälte","Berlin","legacy","2026-04-05","2026-06-02"
"Auszubildende (m/w) Rechtsanwalts- und Notarfachangestellte","https://munte.de/die-kanzlei/karriere","MUNTE Rechtsanwälte · Notare","Wolfsburg","legacy","2026-04-05","2026-06-02"
"Auszubildende (m/w/d)","http://www.brandi.net/ueber-brandi/karriere/auszubildende/bielefeld-auszubildende-mwd","BRANDI Rechtsanwälte Partnerschaft mbB","Bielefeld","legacy","2026-04-02","2026-06-02"
"Auszubildende (m/w/d)","http://www.brandi.net/ueber-brandi/karriere/auszubildende/guetersloh-auszubildende-mwd","BRANDI Rechtsanwälte Partnerschaft mbB","Gütersloh","legacy","2026-04-02","2026-06-02"
"Auszubildende (m/w/d)","http://www.brandi.net/ueber-brandi/karriere/auszubildende/hannover-auszubildende-mwd","BRANDI Rechtsanwälte Partnerschaft mbB","Hannover","legacy","2026-04-02","2026-06-02"
"Auszubildende (m/w/d)","http://www.brandi.net/ueber-brandi/karriere/auszubildende/minden-auszubildende-mwd","BRANDI Rechtsanwälte Partnerschaft mbB","Minden","legacy","2026-04-02","2026-06-02"
"Auszubildende (m/w/d)","http://www.brandi.net/ueber-brandi/karriere/auszubildende/paderborn-auszubildende-mwd","BRANDI Rechtsanwälte Partnerschaft mbB","Paderborn","legacy","2026-04-02","2026-06-02"
"Auszubildende (m/w/d)","https://www.heinicke-eggebrecht.com/karriere","Dr. Heinicke, Eggebrecht & Partner mbB Rechtsanwälte","München","legacy","2026-04-03","2026-06-02"
"Auszubildende (m/w/d)","http://www.miedtank.de/job-gesucht","Dr. Miedtank u. Partner Rechtsanwalts GbR","Oldenburg","legacy","2026-04-03","2026-06-02"
"Auszubildende (m/w/d)","https://jobs.ulbrich-kaminski.de/ausbildung","Dr. Ulbrich & Kaminski Rechtsanwälte","Bochum","legacy","2026-04-02","2026-06-02"
"Auszubildende (m/w/d)","https://fzf.de/karriere","FZF Rechtsanwälte Partnerschaft mbB","Frankfurt","legacy","2026-04-05","2026-06-02"
"Auszubildende (m/w/d)","https://familienanwalt-bs.de/karriere","Familienanwälte","Braunschweig","legacy","2026-04-02","2026-06-02"
"Auszubildende (m/w/d)","https://www.grueter.de/de/auszubildende-mwd","Grüter Hamm Münster PartGmbB","Duisburg","legacy","2026-04-03","2026-06-02"
"Auszubildende (m/w/d)","http://www.grueter.de/de/auszubildende-mwd","Grüter Rechtsanwälte PartGmbB","Duisburg","legacy","2026-04-02","2026-06-02"
"Auszubildende (m/w/d)","https://www.heinemann-und-partner.de/karriere","Heinemann & Partner Rechtsanwälte","Essen","legacy","2026-04-02","2026-06-02"
"Auszubildende (m/w/d)","https://www.kunzrechtsanwaelte.de/kanzlei/karriere/auszubildende","KUNZ Rechtsanwälte Partnerschaft mbB","Koblenz/Köln/Mainz/Düsseldorf/Frankfurt/Stuttgart","legacy","2026-05-05","2026-06-02"
"Auszubildende (m/w/d)","https://www.kaven.de/","Kaven - Voß - Moorkamp - Bergkeller, Rechtsanwälte in Partnerschaft mbB","Münster","legacy","2026-04-03","2026-06-02"
"Auszubildende (m/w/d)","http://www.kaven.de/","Rechtsanwälte Dr. Kaven, Kaven, Voß, Moorkamp LL.M. und Bergkeller","Münster","legacy","2026-04-03","2026-06-02"
"Auszubildende (m/w/d)","https://www.drmahlstedt.de/kanzlei/karriere/auszubildender-m-w-d-gesucht","Rechtsanwälte Dr. Mahlstedt & Partner","Bremen","legacy","2026-04-05","2026-06-02"
"Auszubildende (m/w/d)","https://www.caspers-mock.de/stellenangebote/azubi_recht.html","Rechtsanwälte caspers mock Koblenz","Bonn","legacy","2026-04-03","2026-06-02"
"Auszubildende (m/w/d)","https://www.ohletz.eu/karriere/karriere/auszubildende","Rechtsanwälte, Notare & Steuerberater Ohletz","Essen","legacy","2026-04-02","2026-06-02"
"Auszubildende (m/w/d)","https://www.swk-rechtsanwaelte.de/","SWK Rechtsanwälte - Rechtsanwälte, Fachanwälte, Notare","Gütersloh","legacy","2026-04-03","2026-06-02"
"Auszubildende (m/w/d)","https://www.schleifenbaum-adler.de/karriere/auszubildende","Schleifenbaum & Adler","Siegen","legacy","2026-04-03","2026-06-02"
"Auszubildende (m/w/d) Rechtsanwaltsfachangestellte/r","https://silcher.com/karriere","M\S\L Dr. Silcher Rechtsanwälte Steuerberater","Heilbronn","legacy","2026-04-03","2026-06-02"
"Auszubildende (m/w/d) als Rechtsanwalts- und Notarfachangestellte","http://www.eickhoff-meyer-otten.de/","Rechtsanwälte und Notare: Eickhoff - Dr. Meyer - Otten","Hagen im Bremischen","legacy","2026-04-03","2026-06-02"
"Auszubildende (m/w/d) zum Rechtsanwaltsfachangestellten","https://brp.de/karriere/stellenangebote","BRP RENAUD","Stuttgart","legacy","2026-04-30","2026-06-02"
"Auszubildende (m/w/d) zur Rechtsanwaltsfachangestellten","https://www.jaehne-guenther.de/team/karriere","Jähne Günther Rechtsanwälte PartGmbB","Hannover","legacy","2026-04-03","2026-06-02"
"Auszubildende (m/w/d) zur Rechtsanwaltsfachangestellten","https://jobs.luther-lawfirm.com/jobportal/luther/viewAusschreibung/2025-090.html","Luther Rechtsanwaltsgesellschaft mbH","Hamburg","legacy","2026-04-30","2026-06-02"
"Auszubildende (m/w/d) zur Rechtsanwaltsfachangestellten","https://www.smb-legal.de/stellenangebote/auszubildende-m-w-d","SMB Rechtsanwälte","Köln","legacy","2026-04-03","2026-06-02"
"Auszubildende (m/w/d) zur Rechtsanwaltsfachangestellten","http://www.ra-vsz.de/ausbildung","VSZ Rechtsanwälte Schabbeck und Partner mbB","Ludwigshafen","legacy","2026-04-03","2026-06-02"
"Auszubildende (m|w|d) Rechtsanwaltsfachangestellte","http://www.puplick-partner.de/images/jobs-karriere/Puplick_Stellenanzeige2023_07.pdf","Lawyers Dr. Puplick & Partner GbR","Dortmund","legacy","2026-04-02","2026-06-02"
"Auszubildende / Auszubildender (m/w/d) zur/ zum Rechtsanwaltsfachangestellten","http://www.huesch-und-partner.de/karriere.html","Dr. Hüsch & Partner Rechtsanwälte","Neuss","legacy","2026-04-03","2026-06-02"
"Auszubildende / Auszubildender z. Rechtsanwaltsfachangestellten (m/w/d)","https://www.kanzlei-fathieh.de/ausbildungsplatz.html","Kanzlei Fathieh","Heidelberg","legacy","2026-04-03","2026-06-02"
"Auszubildende Bürokauffrau /-mann im Unternehmensrecht (m/w/d)","https://anwalt-kg.de/kanzlei/karriere","KRAUS GHENDLER Anwaltskanzlei","Berlin","legacy","2026-04-05","2026-06-02"
"Auszubildende Rechtsanwaltsfachangestellte (m/w/d)","https://www.rechtsanwalt-copey-coll.de/karriere","Rechtsanwaltskanzlei Stefan Copey & Coll.","Edemissen","legacy","2026-04-03","2026-06-02"
"Auszubildende Rechtsanwaltsfachangestellte (m/w/x)","https://www.anwalt-leverkusen.de/kanzlei/offene-stelle/auszubildende-n-zur-m-rechtsanwaltsfachangestellten.html","Anwaltskanzlei Lenné","Leverkusen","legacy","2026-04-03","2026-06-02"
"Auszubildende Steuerfachangestellte (m/w/d)","https://www.pennpartner.de/Stellenangebote","Penn & Partner mbB Steuerberater und Rechtsanwalt","Hagen","legacy","2026-04-03","2026-06-02"
"Auszubildende Zum/Zur Rechtsanwalts- und NotarfachangestellteN (m/w/d)","https://rpm-recht.de/karriere","RPM Rechtsanwälte und Notare","Gettorf","legacy","2026-04-03","2026-06-02"
"Auszubildende als Rechtsanwalts- und Notarfachangestellte","https://hellmann-fachanwaelte.de/karriere","HELLMANN Fachanwälte Rechtsanwälte in Partnerschaft mbB","Osnabrück","legacy","2026-04-05","2026-06-02"
"Auszubildende als Rechtsanwalts- und Notarfachangestellte (m/w/d)","https://www.ludwigwollweberbansch.de/job/auszubildende-als-rechtsanwalts-und-notarfachangestellte-m-w-d","Ludwig Wollweber Bansch - Rechtsanwälte, Notare, Steuerberater","Hanau","legacy","2026-04-02","2026-06-02"
"Auszubildende für Steuerfachangestellte","https://karriere.dr-sup.de/stellenangebote","DR. SCHMIDT UND PARTNER","Dresden","legacy","2026-04-05","2026-06-02"
"Auszubildende für den Beruf der bzw. des Rechtsanwaltsangestellten","https://anwaltskanzlei-fricke.de/ausbildung-und-stellenangebote","DR. FRICKE & COLLEGEN PartG mbB Rechtsanwälte Fachanwälte Mediator","Hannover","legacy","2026-04-03","2026-06-02"
"Auszubildende für die Berufe Rechtsanwalts- und Notariatsangestellte (m/w/d)","https://www.soth.de/kanzlei/karriere","Rechtsanwälte und Notare SOTH","Norderstedt","legacy","2026-04-03","2026-06-02"
"Auszubildende in Fritzlar zur Rechtsanwalts- und Notarfachangestellten (m/w/d)","https://www.rechtsanwaelte-vd.de/stellenangebote","VOLZ DRASTIK HEROLD Rechtsanwälte & Fachanwälte","Fritzlar","legacy","2026-04-05","2026-06-02"
"Auszubildende zu Rechtsanwaltsfachangestellten","https://benesch.de/karriere","Benesch Rechtsanwaltspartnerschaft mbB","Frankfurt a.M.","legacy","2026-04-03","2026-06-02"
"Auszubildende zu Rechtsanwaltsfachangestellten (m/w/d)","https://www.rgra.de/karriere","Reubel Grubwinkler Rechtsanwälte","Freilassing","legacy","2026-04-03","2026-06-02"
"Auszubildende zu Rechtsanwaltsfachangestellten (m/w/d)","https://sparwasser-schmidt.de/karriere","Sparwasser & Schmidt Rechtsanwaltsgesellschaft mbH | Baurecht, Verwaltungsrecht, Mietrecht Freiburg","Freiburg","legacy","2026-04-03","2026-06-02"
"Auszubildende zu Rechtsanwaltsfachangestellten (m/w/d) am Standort Freilassing","https://www.stepstone.de/stellenangebote--Auszubildende-zu-Rechtsanwaltsfachangestellten-m-w-d-am-Standort-Freilassing-Freilassing-Reubel-Grubwinkler-Rechtsanwaelte--13795421-inline.html?rltr=464_14_25_seorl_m_0_0_0_0_1_0","Reubel Grubwinkler Rechtsanwälte","Freilassing","legacy","2026-04-19","2026-06-02"
"Auszubildende zu Rechtsanwaltsfachgestellten (m/w/d)","https://www.blf-partner.de/karriere","BLF RECHTSANWÄLTE – DR. BILIR & PARTNER mbB","Stuttgart","legacy","2026-04-03","2026-06-02"
"Auszubildende zum Rechtsanwaltsfachangestellte/n (m/w/d)","https://www.ewf-kanzlei.de/aktuelles/stellenangebote","Engert Wendel Försch","Karlstadt am Main","legacy","2026-04-03","2026-06-02"
"Auszubildende zum Rechtsanwaltsfachangestellten (m/w/d)","https://www.ehm-kanzlei.de/karriere","Rechtsanwälte Eimer Heuschmid Mehle Partnerschaft mbB","Bonn","legacy","2026-05-05","2026-06-02"
"Auszubildende zum Rechtsanwaltsfachangestellten (m/w/d) für August 2026","https://www.anwalt-hilden.de/karriere/stellenangebote","BÖSCH & KALAGI Rechtsanwälte Fachanwälte","Hilden","legacy","2026-04-02","2026-06-02"
"Auszubildende zum Rechtsanwaltsfachangestellten m/w/d","http://www.ehm-kanzlei.de/karriere","Eimer Heuschmid Mehle Rechtsanwälte Partnerschaft mbB","Bonn","legacy","2026-04-02","2026-06-02"
"Auszubildende zum Rechtsanwaltsfachangestellten m/w/d","https://www.ra0711.de/media/personal_stellenangebot_azubi_briefkopf_2026.pdf","RA 0711 Rechtsanwälte Stuttgart Sauer + Partner","Stuttgart","legacy","2026-04-03","2026-06-02"
"Auszubildende zum Steuerfachangestellten (m/w/d)","https://clostermann-jasper.de/stellenangebote","Clostermann & Jasper","Bremen/Hamburg","legacy","2026-05-05","2026-06-02"
"Auszubildende zum/zur Rechtsanwaltsfachangestellten (m/w/d)","https://www.kanzlei-hufnagel.de/auszubildende-rechtsanwaltsfachangestellte.php","Kanzlei Hufnagel","München","legacy","2026-04-03","2026-06-02"
"Auszubildende zum/zur Rechtsanwaltsfachangestellten (m/w/d)","https://steinundpartner.de/karriere","Stein & Partner Rechtsanwälte","Aachen","legacy","2026-04-02","2026-06-02"
"Auszubildende zur Kauffrau für Büromanagement (m/w/d)","https://lenz-johlen.de/auszubildende-zur-kfb_m_w_d","Lenz und Johlen Rechtsanwälte Partnerschaft mbB","Köln","legacy","2026-04-03","2026-06-02"
"Auszubildende zur Patentanwaltsfachangestellten","https://www.bwlh.de/anwaltskanzlei/Anwaltsnews/Stellenangebote/Auszubildende_zur_Patentanwalt/auszubildende_zur_patentanwaltsfachangestellten.html","horak Rechtsanwälte","Berlin","legacy","2026-04-03","2026-06-02"
"Auszubildende zur Patentanwaltsfachangestellten","http://www.bwlh.de/anwaltskanzlei/Anwaltsnews/Stellenangebote/Auszubildende_zur_Patentanwalt/auszubildende_zur_patentanwaltsfachangestellten.html","horak Rechtsanwälte/Fachanwälte/Patentanwälte München","Berlin","legacy","2026-04-03","2026-06-02"
"Auszubildende zur Patentanwaltsfachangestellten (m/w/d)","https://kunst-kulturrecht.de/stellenangebote/stellenangebot-auszubildende-zur-patentanwaltsfachangestellten-m-w-d","Fachanwältin Katharina Gitmann - horak Rechtsanwälte Düsseldorf","Berlin","legacy","2026-04-02","2026-06-02"
"Auszubildende zur Rechtsanwalts- und Notarfachangestellte (m/w/d)","https://www.zank-nickel.de/kontakt","Zank & Nickel Rechtsanwälte und Notar","Lübeck","legacy","2026-04-03","2026-06-02"
"Auszubildende zur Rechtsanwalts- und Notarfachangestellten (m/w/d)","http://www.rechtsberatung-kassel.de/karriere","Kanzlei am Ständeplatz","Kassel","legacy","2026-04-03","2026-06-02"
"Auszubildende zur Rechtsanwalts- und Notarfachangestellten (m/w/d)","https://www.lampe-legal.de/karriere","Lampe legal Anwaltsgesellschaft und Notare - Göttingen","Göttingen","legacy","2026-04-03","2026-06-02"
"Auszubildende zur Rechtsanwaltsfach-angestellten (m/w/d)","https://lenz-johlen.de/auszubildende-zur-refa_m_w_d","Lenz und Johlen Rechtsanwälte Partnerschaft mbB","Köln","legacy","2026-04-03","2026-06-02"
"Auszubildende zur Rechtsanwaltsfachangestellten","https://www.ra-sonntag.de/unser-team","Dr. Sonntag lawyers","Fürth","legacy","2026-04-03","2026-06-02"
"Auszubildende zur Rechtsanwaltsfachangestellten","https://klinge-hess.de/kanzlei/karriere","Klinge | Hess Rechtsanwälte PartmbB","Koblenz","legacy","2026-04-03","2026-06-02"
"Auszubildende zur Rechtsanwaltsfachangestellten","https://razeng.de/auszubildende-zum-rechtsanwaltsfachangestellten-m-w-d","RAZENG | RECHTSANWÄLTE","Berlin","legacy","2026-04-05","2026-06-02"
"Auszubildende zur Rechtsanwaltsfachangestellten","https://nicolekuerten.de/allgemein/gesucht-auszubildende-zur-rechtsanwaltsfachangestellten-2","Rechtsanwaltskanzlei Nicole Kürten","Trier","legacy","2026-04-03","2026-06-02"
"Auszubildende zur Rechtsanwaltsfachangestellten","https://www.bwlh.de/anwaltskanzlei/Anwaltsnews/Stellenangebote/Auszubildende_zur_Rechtsanwalt/auszubildende_zur_rechtsanwaltsfachangestellten.html","horak Rechtsanwälte","Berlin","legacy","2026-04-03","2026-06-02"
"Auszubildende zur Rechtsanwaltsfachangestellten","http://www.bwlh.de/anwaltskanzlei/Anwaltsnews/Stellenangebote/Auszubildende_zur_Rechtsanwalt/auszubildende_zur_rechtsanwaltsfachangestellten.html","horak Rechtsanwälte/Fachanwälte/Patentanwälte München","Berlin","legacy","2026-04-03","2026-06-02"
"Auszubildende zur Rechtsanwaltsfachangestellten (m/w/d)","https://kunst-kulturrecht.de/stellenangebote/stellenangebot-auszubildende-zur-rechtsanwaltsfachangestellten-m-w-d","Fachanwältin Katharina Gitmann - horak Rechtsanwälte Düsseldorf","Berlin","legacy","2026-04-02","2026-06-02"
"Auszubildende zur Rechtsanwaltsfachangestellten (m/w/d)","https://www.scheibler.de/karriere","Kanzlei Scheibler","Ismaning","legacy","2026-04-03","2026-06-02"
"Auszubildende zur Rechtsanwaltsfachangestellten (m/w/d)","http://www.ladenburger.com/de/karriere","Ladenburg Neifeind Schmücker & Homann Lawyers","Pforzheim","legacy","2026-04-03","2026-06-02"
"Auszubildende zur Rechtsanwaltsfachangestellten (m/w/d)","http://www.dortmund-anwalt.de/jobs/auszubildende","Rechtsanwalt Tobias Eskowitz","Dortmund","legacy","2026-04-02","2026-06-02"
"Auszubildende zur Rechtsanwaltsfachangestellten (w/m/d)","https://rae-hsp.de/karriere-ausbildung","Hüsing | Stark | Partner Rechtsanwälte in Partnerschaft Hamburg","Stade","legacy","2026-04-03","2026-06-02"
"Auszubildende zur Rechtsanwaltsfachangestellten (w/m/d)","https://www.solmecke.eu/auszubildende-zur-rechtsanwaltsfachangestellten-w-m-d","Solmecke Rechtsanwälte PartGmbB","Zentrale/Unbekannt","legacy","2026-04-02","2026-06-02"
"Auszubildende zur Rechtsanwaltsfachangestellten / Auszubildender zum Rechtsanwaltsfachangestellten","https://ssbp.de/karriere","SSBP Rechtsanwälte & Fachanwälte, Koblenz","Koblenz","legacy","2026-04-03","2026-06-02"
"Auszubildende zur/m Rechtsanwalts- und Notarfachangestellten","https://www.rae-vogt.de/karriere","Rechtsanwälte und Notare Vogt und Partner","Oldenburg","legacy","2026-04-03","2026-06-02"
"Auszubildende zur/m Rechtsanwaltsfachangestellten","https://www.jockisch.de/stellenangebote.html","DR. JOCKISCH RECHTSANWALTS-GMBH - Ihre große Anwaltskanzlei in München für verschiedene Rechtsgebiete - 30 Jahre Erfahrung","Landshut","legacy","2026-04-03","2026-06-02"
"Auszubildende zur/m Rechtsanwaltsfachangestellten (m/w/d)","https://www.jlm-freiburg.com/karriere","Jehle · Láng · v Rudloff · Köberle · Feldmann","Freiburg","legacy","2026-04-03","2026-06-02"
"Auszubildende zur/zum Rechtsanwaltsfachangestellten (m/w/d)","http://www.kanzlei-fuer-mietrecht.de/kontakt","Lützenkirchen Rechtsanwälte Part mbB","Köln","legacy","2026-04-03","2026-06-02"
"Auszubildende zur/zum Rechtsanwaltsfachangestellten (m/w/d)","https://www.raemaar.de/Kanzleiteam/stellenangebote.html","Rechtsanwälte Maar & Kollegen","Regensburg","legacy","2026-04-03","2026-06-02"
"Auszubildende zur/zum Rechtsanwaltsfachangestellten (m/w/d)","http://www.axisrechtsanwaelte.de/karriere/auszubildende-zur-zum-rechtsanwaltsf-achangestellten-m-w-d","axis Rechtsanwälte GmbH Rechtsanwaltsgesellschaft","Köln","legacy","2026-04-03","2026-06-02"
"Auszubildende zur/zum Steuerfachangestellten (m/w/d)","http://www.axisrechtsanwaelte.de/karriere/auszubildende-zur-zum-steuerfachangestellten-m-w-d","axis Rechtsanwälte GmbH Rechtsanwaltsgesellschaft","Köln","legacy","2026-04-03","2026-06-02"
"Auszubildende(m/w/d) zum/zur Rechtsanwalts- und Notarfachangestellten","http://www.werk-wurtz.de/","Werk, Wurtz und Freidl - Rechtsanwälte und Notar","Bremerhaven","legacy","2026-04-02","2026-06-02"
"Auszubildende(n) (w/m/d) zum/zur Rechtsanwaltsfachangestellten","http://www.fachanwalt-halle.de/stellenangebote","jks - Rechtsanwälte Fachanwälte Überörtliche Anwaltssozietät","Halle","legacy","2026-04-03","2026-06-02"
"Auszubildende(n) für den Beruf der/des Rechtsanwaltsfachangestellten","https://steinkrueger-stingl.com/karriere","Steinkrüger Stingl & Partner lawyers and tax consultants","Köln","legacy","2026-04-03","2026-06-02"
"Auszubildende(n) zum/zur Rechtsanwaltsangestellten (m/w/d)","http://www.kanzlei-bolten.de/Stellenangebote/index.html","Rechtsanwältin Verena Bolten","Remscheid","legacy","2026-04-05","2026-06-02"
"Auszubildende(n) zum/zur Rechtsanwaltsfachangestellten","https://stuttgart-anwalt.com/karriere","Rechtsanwälte Dres. Ulmschneider & Partner","Stuttgart","legacy","2026-04-03","2026-06-02"
"Auszubildende(n) zur / zum Rechtsanwaltsfachangestellten / div.","https://dein-anwalt-regensburg.de/karriere","Anwaltskanzlei Rockenstein, Lösche & Kollegen","Regensburg","legacy","2026-04-03","2026-06-02"
"Auszubildende(n) zur/zum Rechtsanwalts- und/oder Notarfachangestellten (m/w/d)","https://finkbeiner-kanzlei.de/karriere","Finkbeiner & Druckenbrodt Rechtsanwälte","Hamburg","legacy","2026-04-05","2026-06-02"
"Auszubildende(r) (m/w/d)","https://www.kloenne-klein.de/karriere","Klönne, Klein und Partner Rechtsanwälte","Duisburg","legacy","2026-04-02","2026-06-02"
"Auszubildende(r) oder Fachkraft (m/w/d)","http://www.voelkerecht.de/","Kollegium Völker - Rechtsanwälte - Partnerschaftsgesellschaft mbB","Reutlingen","legacy","2026-04-05","2026-06-02"
"Auszubildende(r) zur/m Notarfachangestellten (m/w/d)","https://www.anwalt-in-recklinghausen.de/stellenangebote","Anwalt & Notar in Recklinghausen - Dr. Tykwer, Mecke, Stegemann & Palm - Rechtsanwälte","Recklinghausen","legacy","2026-04-03","2026-06-02"
"Auszubildende(r) zur/m Rechtsanwalts- und Notarfachangestellte(n) (m,w,d)","https://hellnigk.de/jobs/auszubildender-zur-m-rechtsanwalts-und-notarfachangestellten-mwd","Hellnigk, Führ & Sozien • Rechtsanwälte, Steuerberater & Notare","Oberhausen","legacy","2026-04-05","2026-06-02"
"Auszubildende(r) zur/zum Rechtsanwaltsfachangestelle(n)","https://www.kanzlei-haas-nuernberg.de/","Haas & Coll. (RA Tassilo M. Haas)","Nürnberg","legacy","2026-04-03","2026-06-02"
"Auszubildende(r) zur/zum Rechtsanwaltsfachangestellten (m/w/d)","http://www.bsk-halle.de/karriere.htm","Gresch | Schaar | Zabel - Rechtsanwälte und Fachanwälte","Halle","legacy","2026-04-03","2026-06-02"
"Auszubildende(r) zur/zum Rechtsanwaltsfachangestellten (m/w/d)","https://de.indeed.com/viewjob?jk=3005a0b9ac486af3","Rechtsanwälte Jacobs & Kollegen","91054 Erlangen","legacy","2026-04-03","2026-06-02"
"Auszubildende*n als Rechtsanwalts- und Notarfachangestellte*n","https://www.dk-ra.de/karriere/auszubildender-als-rechtsanwalts-und-notarfachangestellter","Daryai Kuo & Partner Rechtsanwälte und Notar","Berlin","legacy","2026-04-02","2026-06-02"
"Auszubildende*r Rechtsanwaltsfachangestellte*r (m/w/d)","https://de.indeed.com/viewjob?jk=7f403d4411d052ce","Rechtsanwälte Jäger, Widmaier & Collegen Partnerschaft mbB","71634 Ludwigsburg","legacy","2026-04-09","2026-06-02"
"Auszubildende*r als Rechtsanwaltsfachangestellte*r (w/m/d)","https://www.stepstone.de/stellenangebote--Auszubildender-als-Rechtsanwaltsfachangestellter-w-m-d-Freiburg-DGB-Rechtsschutz-GmbH--13837019-inline.html?rltr=215_15_25_seorl_m_0_0_0_0_0_0","DGB Rechtsschutz GmbH","Freiburg","legacy","2026-04-15","2026-06-02"
"Auszubildende/-r (m/w/d) Dein Einstieg ins Recht – Deine Ausbildung zur/zum Rechtsanwaltsfachangestellten (m/w/d)","https://kanzlei-michaelis.de/karriere","Kanzlei Michaelis Rechtsanwälte Partnerschaftgesellchaft","Hamburg","legacy","2026-04-03","2026-06-02"
"Auszubildende/-r Rechtsanwaltsfachangestellte/-r","http://www.burgerkrause.de/content/jobangebote.html","Burger & Krause Rechtsanwälte","Augsburg","legacy","2026-04-02","2026-06-02"
"Auszubildende/Auszubildender als Rechtsanwaltsfachangestellte/Rechtsanwaltsfachangestellter (w/m/d)","https://www.kanzlei-fuer-arbeitsrecht.de/auszubildende-auszubildender-als-rechtsanwaltsfachangestellte-rechtsanwaltsfachangestellter-w-m-d","Labisch Kanzlei für Arbeitsrecht Rechts-& Fachanwälte PartG mbB","Mainz","legacy","2026-04-05","2026-06-02"
"Auszubildende/n (w/m/d)","https://www.sittartz-klee-wiechmann.de/jobs","Sittartz Klee Wiechmann - Rechtsanwälte und Notare","Bremen","legacy","2026-04-05","2026-06-02"
"Auszubildende/n als Rechtsanwalts- und Notarfachangestellte/n(m/w/d)","https://onecdn.io/media/20260206-stellenanzeige-azubi-3677bf84-546f-4d25-87d6-48c3463ebff9.pdf","Zacharias & Partner Rechtsanwälte mbB","Paderborn","legacy","2026-04-03","2026-06-02"
"Auszubildende/n zum/zur Rechtsanwaltsfachangestellte/n (m/w/d)","https://www.dr-rechtsanwaelte.de/karriere","Dillerup & Rohn Rechtsanwälte PartGmbB","Münster","legacy","2026-04-03","2026-06-02"
"Auszubildende/n zum/zur Rechtsanwaltsfachangestellten (m/w/d)","https://www.meisl-rechtsanwaelte.de/stellenangebot-ausbildung","Dr. Meisl RECHTSANWÄLTE GmbH & Co. KG","Regensburg","legacy","2026-04-05","2026-06-02"
"Auszubildende/n zum/zur Rechtsanwaltsfachangestellten (m/w/d)","https://weinelt-collegen.de/stellenangebote/ausbildung-rechtsanwaltsfachangestellte-regensburg-m-w-d","Lawyers Bäumel, Dr. Weinelt & Coll.","Regensburg","legacy","2026-04-03","2026-06-02"
"Auszubildende/n zum/zur Rechtsanwaltsfachangestellten (m/w/d)","http://www.wilfurth.de/karriere","Rechtsanwälte WILFURTH & KOLLEGEN","Regensburg","legacy","2026-04-03","2026-06-02"
"Auszubildende/n zur/m Rechtsanwaltsfachangestellten (m/w/d)","https://ppp-rae.de/karriere","PPP Rechtsanwälte Dres. Pittrof, Penner, Reimer & Partner PartGmbB","Düsseldorf","legacy","2026-04-05","2026-06-02"
"Auszubildende/n zur/zum Rechtsanwalts- und Notarfachangestelle/n","https://theo-schmidt.de/karriere","Kanzlei Theo Schmidt Bochum","Bochum","legacy","2026-04-05","2026-06-02"
"Auszubildende/n zur/zum Rechtsanwalts- und Notarfachangestellten","http://www.pfbs.de/stellenanzeigen","Pfeifer Bergmann Schwartz Hingst Rechtsanwälte und Notare","Lübeck","legacy","2026-04-05","2026-06-02"
"Auszubildende/n zur/zum Rechtsanwaltsfachangestellte/n (m/w/d)","https://blum-koelsch.de/auszubildende-n-zur-zum-rechtsanwaltsfachangestellte-n-m-w-d","Blum & Kölsch Rechtsanwälte","Wuppertal","legacy","2026-04-03","2026-06-02"
"Auszubildende/n zur/zum Rechtsanwaltsfachangestellten","http://www.bedenk-heun.de/stellenangebot","Bedenk & Dr. Heun | Rechtsanwälte PartG","Berlin","legacy","2026-04-02","2026-06-02"
"Auszubildende/n zur/zum Rechtsanwaltsfachangestellten","https://malmendier-legal.com/wp-content/uploads/2024/06/240606-Stellenanzeige-Azubi.pdf","Malmendier Legal","Berlin","legacy","2026-05-05","2026-06-02"
"Auszubildende/n zur/zum Rechtsanwaltsfachangestellten (m/w/d)","https://www.anwalt-paderborn.com/karriere","Kanzlei Ferlings, Cramer, Mix","Berlin","legacy","2026-04-03","2026-06-02"
"Auszubildende/n zur/zum Rechtsanwaltsfachangestellten (m/w/d)","https://rae-korn.de/karriere/ausbildung","Korn Rechtsanwälte GbR, Inhaber: Andreas Hammelstein, Ralf Maus, Dr. Vanessa Staude","Mönchengladbach","legacy","2026-04-03","2026-06-02"
"Auszubildende/n zur/zum Rechtsanwaltsfachangestellten (m/w/d)","https://www.paschen.cc/karriere/auszubildende-rechtsanwaltsfachangestellte-m-w-d-leipzig","PASCHEN Rechtsanwälte PartGmbB","Leipzig","legacy","2026-04-02","2026-06-02"
"Auszubildende/n zur/zum Rechtsanwaltsfachangestellten (m/w/d) im Wirtschaftsrecht","https://www.paschen.cc/karriere/auszubildende-rechtsanwaltsfachangestellte-m-w-d","PASCHEN Rechtsanwälte PartGmbB","Zentrale/Unbekannt","legacy","2026-04-02","2026-06-02"
"Auszubildende/r (m/w/d) als Rechtsanwaltsfachangestellte/r","http://kanzlei-raimer.com/kanzlei/karriere","Kanzlei Daniel Raimer","Düsseldorf","legacy","2026-04-02","2026-06-02"
"Auszubildende/r (m/w/d) zur/m Rechtsanwaltsfachangestellten","https://www.kupka-stillfried.de/kanzlei/jobs","Rechtsanwälte Kupka & Stillfried","München","legacy","2026-04-03","2026-06-02"
"Auszubildende/r Rechtsanwalts- und Notarfachangestellte/r","http://www.tegtmeier-berlin.de/karriere","Tegtmeier und Partner PartG • Rechtsanwälte und Notare","Berlin-Mitte","legacy","2026-04-02","2026-06-02"
"Auszubildende/r Rechtsanwalts- und Notarfachangestellte/r (w/m/d)","https://www.rohs-anwaelte.de/karriere-kanzlei-rohs-partner","Rohs und Partner Rechtsanwälte mbB Rechtsanwälte Notar Fachanwälte","Hattingen","legacy","2026-04-02","2026-06-02"
"Auszubildende/r Rechtsanwaltsfachangestellte/r","https://www.klages-kollegen.de/stellenangebote","Klages und Kollegen eGbR","Osnabrück","legacy","2026-04-05","2026-06-02"
"Auszubildende/r Rechtsanwaltsfachangestellte/r (m/w/d)","https://www.tauer-rechtsanwaelte.de/kanzlei/karriere","Dr. Höll + Tauer Rechtsanwälte | Medizinrecht | Versicherungsrecht","Home-Office","legacy","2026-04-03","2026-06-02"
"Auszubildende/r als Rechtsanwaltsfachangestellte/r","https://rechtsverkehr.de/stellenanzeige","Rechtsanwälte Schmenger, Greß","Mainz","legacy","2026-04-03","2026-06-02"
"Auszubildende/r für den Beruf des/der Rechtsanwaltsfachangestellten","https://www.kanzlei-graser.de/jobs-karriere","ABALEGIS Graser Rechtsanwälte","Essen","legacy","2026-04-02","2026-06-02"
"Auszubildende/r zum/zur Rechtsanwaltsfachangestellten (m/w/d)","https://pfo-anwaelte.de/stellenangebote/auszubildende-r-zum-zur-rechtsanwaltsfachangestellten-m-w-d","PFO Rechtsanwälte | Pöhlmann • Früchtl • Oppermann PartmbB","Bamberg","legacy","2026-04-03","2026-06-02"
"Auszubildende/r zum/zur Rechtsanwaltsfachangestellten (m/w/d)","https://www.topjus.de/job/rechtsanwaltsfachgestellte-2","TOPJUS Rechtsanwälte Kupferschmid & Partner mbB","Ingolstadt","legacy","2026-04-03","2026-06-02"
"Auszubildende/r zum/zur Rechtsanwaltsfachangestellten (m/w/d)","https://www.topjus.de/job/rechtsanwaltsfachgestellte-2-2","TOPJUS Rechtsanwälte Kupferschmid & Partner mbB","Pfaffenhofen an der Ilm","legacy","2026-04-03","2026-06-02"
"Auszubildende/r zum/zur Rechtsanwaltsfachangestellten (m/w/d)","https://www.topjus.de/job/rechtsanwaltsfachgestellte-2-2-2","TOPJUS Rechtsanwälte Kupferschmid & Partner mbB","Schrobenhausen","legacy","2026-04-03","2026-06-02"
"Auszubildende/r zur/m Rechtsanwaltsfachangestellte/n (m/w/d)","https://maas-kollegen.de/stellenanzeige-auszubildende-r-rechtsanwaltsfachangestellte-r-m-w-d","Maas & Kollegen Rechtsanwaltsgesellschaft mbH","München","legacy","2026-04-03","2026-06-02"
"Auszubildende/r zur/m Rechtsanwaltsfachangestellten (m/w/d) Rostock","https://www.geiersberger.de/karriere-auszubildende-hro.htm","Geiersberger Glas & Partner mbB Rechtsanwälte Rostock","Rostock","legacy","2026-04-03","2026-06-02"
"Auszubildende/r zur/zum Rechtsanwaltsfachangestellten (m/w/d)","https://www.hbc-anwaelte.de/wp-content/uploads/2025/08/Azubi-Rechtsanwaltsfachangestellte-mwd-008-25.pdf","hbc - Hofbeck, Buchner & Collegen - Rechtsanwälte","Nürnberg","legacy","2026-04-03","2026-06-02"
"Auszubildende/r zur/zum Steuerfachangestellten (m,w,d)","https://hellnigk.de/jobs/auszubildende-r-zur-zum-steuerfachangestellten-mwd","Hellnigk, Führ & Sozien • Rechtsanwälte, Steuerberater & Notare","Oberhausen","legacy","2026-04-03","2026-06-02"
"Auszubildende:n zur/zum Rechtsanwaltsfachangestellte:n (m/w/d)","https://www.arbeitsagentur.de/jobsuche/jobdetail/10000-1201395378-S","Lawyers Stolz & Faust","Gelsenkirchen","legacy","2026-04-03","2026-06-02"
"Auszubildender (m/w/d)","https://dennig-kollegen.de/karriere","DENNIG & KOLLEGEN - Fachanwälte für Familienrecht, Verkehrsrecht, Arbeitsrecht und mehr","Karlsruhe","legacy","2026-04-03","2026-06-02"
"Auszubildender (m/w/d)","https://www.eppleluther.de/karriere.html","Epple Luther Rechtsanwälte","Reutlingen","legacy","2026-04-03","2026-06-02"
"Auszubildender (m/w/d) zum Rechtsanwaltsfachangestellten","https://www.goehmann.de/karriere/auszubildender-zum-rechtsanwaltsfachangestellen-m-w-d-in-bremen-gesucht","GÖHMANN Rechtsanwälte · Notare","Bremen","legacy","2026-04-02","2026-06-02"
"Auszubildender Rechtsanwaltsfachangestellter (m/w/d)","http://www.warm-rechtsanwaelte.de/stellenangebote","Warm & Kollegen Rechtsanwälte","Paderborn","legacy","2026-04-03","2026-06-02"
"Auszubildender Steuerfachangestellter (m/w/d)","https://roeh-partner.de/karriere","Dr. Röh & Partner - Rechtsanwälte und Steuerberater","Hamburg","legacy","2026-04-03","2026-06-02"
"Auszubildender zum Notarfachangestellten (m/w/d)","https://www.kanzlei-doganay.de/auszubildender-zum-notarfachangestellten-m-w-d-in-wiesbaden","Dr. Doganay & Doganay, Notare - Rechtsanwälte - Fachanwälte","Wiesbaden","legacy","2026-04-03","2026-06-02"
"Auszubildender zum Rechtsanwalts- und Notarfachangestellten (m/w/d)","https://snp.law/stellenangebote/auszubildender-zum-rechtsanwalts-und-notarfachangestellten-m-w-d","SNP Schlawien Partnerschaft mbB","Berlin","legacy","2026-05-05","2026-06-02"
"Auszubildender zum Rechtsanwaltsfachangestellten (m/w/d)","https://www.kanzlei-doganay.de/auszubildender-zum-rechtsanwaltsfachangestellten-m-w-d-in-wiesbaden","Dr. Doganay & Doganay, Notare - Rechtsanwälte - Fachanwälte","Wiesbaden","legacy","2026-04-03","2026-06-02"
"Auszubildender zum Rechtsanwaltsfachangestellten (m/w/d)","https://snp.law/stellenangebote/auszubildender-zum-rechtsanwaltsfachangestellten-m-w-d","SNP Schlawien Partnerschaft mbB","Stuttgart","legacy","2026-05-05","2026-06-02"
"Auszubildene (m/w/d)","https://linten.de/karriere","Linten & Partner Rechtsanwälte mbB","Essen","legacy","2026-04-02","2026-06-02"
"Auszubilndende (m/w/d)","https://www.itmr-legal.de/karriere","ITMR Rechtsanwälte PartGmbB","Düsseldorf","legacy","2026-04-02","2026-06-02"
"Auzubildende ReFa / ReNo (m/w/d)","https://www.sjs-rechtsanwaelte.de/stellenausschreibungen","sjs Rechtsanwälte","Zentrale/Unbekannt","legacy","2026-04-03","2026-06-02"
"Avocat:e / Rechtsanwält:in im französischen Gesellschaftsrecht","https://www.qivive.com/de/stellenanzeige/avocate-rechtsanwaeltin-im-franzoesischen-gesellschaftsrecht","QIVIVE Rechtsanwalts GmbH","Köln / Paris / Lyon / Straßburg","legacy","2026-05-05","2026-06-02"
"Avocat:e / Rechtsanwält:in im französischen Individualarbeitsrecht","https://www.qivive.com/de/stellenanzeige/avocate-rechtsanwaeltin-im-franzoesischen-arbeitsrecht","QIVIVE Rechtsanwalts GmbH","Köln / Paris / Lyon / Straßburg","legacy","2026-05-05","2026-06-02"
"Avocat:e / Rechtsanwält:in im französischen Steuerrecht","https://www.qivive.com/de/stellenanzeige/avocate-rechtsanwaeltin-im-franzoesischen-steuerrecht","QIVIVE Rechtsanwalts GmbH","Köln / Paris / Lyon / Straßburg","legacy","2026-05-05","2026-06-02"
"Azubi (m/w/d)","http://www.himmelreither.de/karriere/azubi-m-w-d-ab-sofort-fur-unser-buro-gesucht-in-hurth-bei-koln","HIMMELREITHER Rechtsanwaltskanzlei - Dr. Henseler","Köln","legacy","2026-04-03","2026-06-02"
"Azubi (m/w/d)","https://www.anjariemann.de/karriere","SCHULTE.Rechtsanwälte PartGmbB | Opferrecht | Düsseldorf • Krefeld • Mönchengladbach • Leipzig","Düsseldorf","legacy","2026-04-05","2026-06-02"
"Azubi (m/w/d) Rechtsanwaltsfachangestellte","https://www.meinicke-berthel.de/karriere","Meinicke & Berthel Rechtsanwälte","Hamburg","legacy","2026-04-03","2026-06-02"
"Azubi Patentanwaltsfachang.","http://it-rechthannover.de/Stellenangebote/Azubi_Patentanwaltsfachang_/azubi_patentanwaltsfachang_.html","Franziska Tesoro, horak Rechtsanwälte Berlin","Berlin","legacy","2026-04-02","2026-06-02"
"Azubi Rechtsanwaltsfachang.","http://it-rechthannover.de/Stellenangebote/Azubi_Rechtsanwaltsfachang_/azubi_rechtsanwaltsfachang_.html","Franziska Tesoro, horak Rechtsanwälte Berlin","Berlin","legacy","2026-04-02","2026-06-02"
"Azubi Steuerfachangestellte (m/w/d)","https://kanzlei-bossin.de/karriere","Dr. Bossin & Partner Steuerberater und Rechtsanwälte mbB","Bad Freienwalde","legacy","2026-04-02","2026-06-02"
"Bachelor / Master im Steuerbereich (m/w/d) gesucht","https://kanzlei-stoelzel.de/bachelor-master-gesucht","Kanzlei Stölzel | Stölzel Rechtsanwälte Steuerberater GmbH","Dresden","legacy","2026-04-02","2026-06-02"
"Bachelor of Arts / Master im Steuerbereich (m/w/d) gesucht","https://www.stepstone.de/stellenangebote--Bachelor-of-Arts-Master-im-Steuerbereich-m-w-d-gesucht-Dresden-Stoelzel-Rechtsanwaelte-Steuerberater-GmbH--13924090-inline.html?rltr=830_5_25_seorl_m_0_0_0_0_1_0","Stölzel Rechtsanwälte Steuerberater GmbH","Dresden","legacy","2026-04-17","2026-06-02"
"Bachelor of Laws (LL.B.) (w/m/d) / Wirtschaftsjurist/in im Notariat (w/m/d)","https://de.indeed.com/viewjob?jk=15f60a0bb7b0f0bd","Hamburgische Notarkammer","20095 Hamburg","legacy","2026-02-24","2026-06-02"
"Bachelor of Laws LL.B. (m/w/d)","https://meinsteuerberaterinhannover.de/karriere","Kanzlei Am Zoo Steuerberatungs GmbH","Hannover","legacy","2026-04-03","2026-06-02"
"Bachelor/Master of Laws / Wirtschaftsjurist / Fachwirt für Insolvenzmanagement als Sachbearbeiter in der Insolvenzverwaltung (m/w/d)","https://www.stepstone.de/stellenangebote--Bachelor-Master-of-Laws-Wirtschaftsjurist-Fachwirt-fuer-Insolvenzmanagement-als-Sachbearbeiter-in-der-Insolvenzverwaltung-m-w-d-Essen-Krefeld-Koeln-NIERING-STOCK-TOEMP-und-Partner-mbB-Rechtsanwaelte--13556101-inline.html?rltr=209_9_25_seorl_s_0_0_0_0_0_0","NIERING STOCK TÖMP und Partner mbB Rechtsanwälte","Essen, Krefeld, Köln","legacy","2026-04-16","2026-06-02"
"Back Office – Azubi","https://rechtsanwaelte-schuette.de/karriere/back-office-azubi","Schütte Horstkotte & Partner Rechtsanwälte","Bad Doberan","legacy","2026-04-02","2026-06-02"
"Backoffice / Frontoffice Liegenschaften","https://de.indeed.com/viewjob?jk=15851ca5d4bb7582","DMT Engineering Surveying GmbH & Co. KG","Eisenach","legacy","2025-06-25","2026-06-02"
"Baiker & Richter Rechtsanwälte, Referendare (m/w/d) im Verwaltungsrecht für die Anwalts-/Wahlstation in Düsseldorf bei Baiker & Richter in Düsseldorf","https://www.stepstone.de/stellenangebote--Baiker-Richter-Rechtsanwaelte-Referendare-m-w-d-im-Verwaltungsrecht-fuer-die-Anwalts-Wahlstation-in-Duesseldorf-bei-Baiker-Richter-in-Duesseldorf-Duesseldorf-Deutschland-Baiker-Richter--13715284-inline.html?rltr=620_20_25_seorl_m_0_0_0_0_0_0","Baiker & Richter","Düsseldorf, Deutschland","legacy","2026-04-18","2026-06-02"
"Bankkaufmann / Rechtsanwaltsfachangestellter / Rechtsfachwirt (m/w/d)","https://www.stepstone.de/stellenangebote--Bankkaufmann-Rechtsanwaltsfachangestellter-Rechtsfachwirt-m-w-d-Nuernberg-Dr-Beck-Partner-GbR-Rechtsanwaelte-und-Insolvenzverwalter--12017024-inline.html?rltr=89_14_25_seorl_m_1_0_0_0_1_0","Dr. Beck & Partner GbR - Rechtsanwälte und Insolvenzverwalter","Nürnberg","legacy","2026-04-17","2026-06-02"
"Bearbeiterin / Bearbeiter (w/m/d) für den Bereich Rechtsbehelfe (Entgeltgruppe 6 TV EntgO-DRV)","https://www.stepstone.de/stellenangebote--Bearbeiterin-Bearbeiter-w-m-d-fuer-den-Bereich-Rechtsbehelfe-Entgeltgruppe-6-TV-EntgO-DRV-Koenigstein-im-Taunus-Deutsche-Rentenversicherung-Hessen--13877738-inline.html?rltr=683_8_25_seorl_m_0_0_0_0_0_0","Deutsche Rentenversicherung Hessen","Königstein im Taunus","legacy","2026-04-24","2026-06-02"
"Beauftragte/ Beauftragter (m/w/d) für WpHG-Compliance","https://www.stepstone.de/stellenangebote--Beauftragte-Beauftragter-m-w-d-fuer-WpHG-Compliance-Oberhausen-S-Service-Rhein-Ruhr-GmbH--13839076-inline.html?rltr=343_18_25_seorl_s_0_0_0_0_0_0","S Service Rhein-Ruhr GmbH","Oberhausen","legacy","2026-04-14","2026-06-02"
"Berater für Sanierung/ Restrukturierung (m/w/d)","https://www.stepstone.de/stellenangebote--Berater-fuer-Sanierung-Restrukturierung-m-w-d-Hamburg-PLUTA-Rechtsanwalts-GmbH--13723588-inline.html?rltr=1229_4_25_seorl_m_0_0_0_0_0_0","PLUTA Rechtsanwalts GmbH","Hamburg","legacy","2026-04-20","2026-06-02"
"Berater im Bereich Corporate Finance (m/w/d)","https://www.neumann-schmeer.de/2022/11/29/berater-im-bereich-corporate-finance-m-w-d","Dr. Maubach - NS+P Dr. Neumann Schmeer und Partner mbB","Aachen","legacy","2026-04-02","2026-06-02"
"Beratungsstellenassistenz (m/w/d)","https://de.indeed.com/viewjob?jk=10e7bdf8bc95703e","Sozialverband VdK Hessen-Thüringen e.V.","Darmstadt","legacy","2026-04-13","2026-06-02"
"Beratungsstellenleiter/in / Rechtsberater/in für unsere Beratungsstelle in Meißen","https://www.stepstone.de/stellenangebote--Beratungsstellenleiter-in-Rechtsberater-in-fuer-unsere-Beratungsstelle-in-Meissen-Meissen-Sachsen-Verbraucherzentrale-Sachsen-e-V--13776425-inline.html?rltr=600_600_25_seorl_m_0_0_0_0_1_0","Verbraucherzentrale Sachsen e.V.","Meißen Sachsen","legacy","2026-04-15","2026-06-02"
"Bereits tätige Insolvenzverwalter (m/w/d)","https://shnf.de/karriere","Kanzlei SHNF","Berlin","legacy","2026-04-03","2026-06-02"
"Berufsausbildung","https://www.kanzlei-bgw.de/kanzlei/karriere","Rechtsanwälte Becker Giebeler Weiß","Hagen","legacy","2026-04-03","2026-06-02"
"Berufseinsteiger (m/w/d)","https://strafverteidiger-gp.de/karriere","Rechtsanwälte Göbel & Partner - Fachanwälte für Strafrecht","Düsseldorf","legacy","2026-04-03","2026-06-02"
"Berufseinsteiger (m/w/d) und Berufserfahrene (m/w/d) im Bau- und Architektenrecht","http://www.khg-dresden.com/de/karriere","KHG Rechtsanwälte Partnerschaftsgesellschaft mbB","Dresden","legacy","2026-04-02","2026-06-02"
"Berufseinsteiger (m/w/d) und Rechtsanwälte (m/w/d) mit Berufserfahrung im Medizin- und Gesundheitsrecht","https://www.hackstein-reuter.de/anwalt_flyer-2","Hackstein Reuter Rechtsanwälte","Bielefeld","legacy","2026-04-05","2026-06-02"
"Bilanzbuchhalter (m/w/d)","https://steuerberater-moehlig.de/","Steuerkanzlei Chris Möhlig (Steuerberater) Niederlassung Frankfurt","Frankfurt am Main","legacy","2026-04-03","2026-06-02"
"Bilanzbuchhalter (m/w/d) in Vollzeit oder Teilzeit","https://drschulze-recht.de/stellenangebot-bilanzbuchhalter","Dr. Schulze Steuerberater und Rechtsanwalt","Berlin Adlershof","legacy","2026-04-02","2026-06-02"
"Bilanzbuchhalter (m|w|d)","https://www.sonntag-karriere.de/stellenangebot/bilanzbuchhalter-mwd-in-augsburg-ulm-oder-nuernberg","SONNTAG | Sonntag & Partner Partnerschaftsgesellschaft mbB","Augsburg","legacy","2026-04-03","2026-06-02"
"Bilanzbuchhalter (w/m/d) Steuerkanzlei","https://www.stepstone.de/stellenangebote--Bilanzbuchhalter-w-m-d-Steuerkanzlei-Bonn-Euskirchen-Koeln-VRT-Partnerschaft-mbB-Wirtschaftspruefer-Steuerberater-Rechtsanwaelte--13858720-inline.html?rltr=886_11_25_seorl_m_0_0_0_0_0_0","VRT Partnerschaft mbB Wirtschaftsprüfer Steuerberater Rechtsanwälte","Bonn, Euskirchen, Köln","legacy","2026-04-17","2026-06-02"
"Bilanzbuchhalter/-in","http://www.rechtsanwalt-geisler.com/Stellenangebote","Andreas Geisler","München","legacy","2026-04-03","2026-06-02"
"Bilanzbuchhalter/in (m/w/d)","https://www.gc-kanzlei.de/kanzlei/stellenangebote","Gräf & Centorbi Rechtsanwaltsgesellschaft mbH","Mainz","legacy","2026-04-03","2026-06-02"
"Bilanzbuchhalter/in/Bachelor Professional in Bilanzbuchhaltung","https://www.stepstone.de/stellenangebote--Bilanzbuchhalter-in-Bachelor-Professional-in-Bilanzbuchhaltung-Lahr-Schwarzwald-Dr-Weber-Partner-Vereidigter-Buchpruefer-Steuerberater-Rechtsanwalt--13913454-inline.html?rltr=1496_21_25_seorl_m_0_0_0_0_0_0","Dr. Weber & Partner Vereidigter Buchprüfer Steuerberater Rechtsanwalt","Lahr Schwarzwald","legacy","2026-04-15","2026-06-02"
"Bu
Anwaltskanzlei El Ouali,Steuerfachangestellte m/w/d in Vollzeit","https://www.ra-te.de/karriere","Anwaltskanzlei El Ouali","Teilzeit oder als Aushilfe","legacy","2026-04-02","2026-06-02"
"Buchhalter (m/w/d)","https://de.indeed.com/viewjob?jk=dbe3ce766b1d868a","Ernst Voigt Rechtsanwälte","86150 Augsburg","legacy","2026-03-30","2026-06-02"
"Buchhalter (m/w/d)","https://www.ossenkopp-notar.de/mitarbeiter","Matthias Ossenkopp","Berlin-Frohnau","legacy","2026-04-02","2026-06-02"
"Buchhalter (m/w/d)","http://www.muellerfischer.de/karriere","Müller Fischer Rechtsanwälte Partnerschaft mbB, Fachanwälte für Steuerrecht und Strafrecht","Mainz","legacy","2026-04-03","2026-06-02"
"Buchhalter (m/w/d)","https://www.ohletz.eu/karriere/karriere/buchhalter","Rechtsanwälte, Notare & Steuerberater Ohletz","Essen","legacy","2026-04-02","2026-06-02"
"Buchhalter (m/w/d) – Teilzeit","https://www.olbricht-rechtsanwaelte.de/anzeigen/buchhalter-m-w-d-teilzeit","OLBRICHT Rechtsanwälte","Berlin","legacy","2026-04-02","2026-06-02"
"Buchhalter - Jahresabschlüsse / Steuererklärungen / KMU (m/w/d)","https://www.stepstone.de/stellenangebote--Buchhalter-Jahresabschluesse-Steuererklaerungen-KMU-m-w-d-Freiburg-im-Breisgau-Harteck-Partner-PartGmbB-Steuerberater-Rechtsanwalt--11995488-inline.html?rltr=443_18_25_seorl_m_0_0_0_0_1_0","Harteck & Partner PartGmbB Steuerberater - Rechtsanwalt","Freiburg im Breisgau","legacy","2026-04-23","2026-06-02"
"Buchhalter/ Steuerfachangestellter (w/m/d) im Bereich Gemeinnützigkeit","https://kanzlei-leu.de/stellenangebot-buchhalterin-steuerfachangestellter-w-m-d-im-bereich-gemeinnuetzigkeit-2","Leu Rechtsanwaltsgesellschaft mbH","Berlin","legacy","2026-04-03","2026-06-02"
"Buchhalter/in (m/w/d)","https://www.stepstone.de/stellenangebote--Buchhalter-in-m-w-d-Lauda-Koenigshofen-bei-Wuerzburg-Eisner-Rechtsanwaelte-GmbH--13272299-inline.html?rltr=2039_14_25_seorl_m_0_0_0_0_0_0","Eisner Rechtsanwälte GmbH","Lauda-Königshofen bei Würzburg","legacy","2026-04-24","2026-06-02"
"Buchhalter/in (m/w/d)","https://kanzlei-voigt.de/standort/dortmund-ruhrallee","Kanzlei Voigt Rechtsanwalts GmbH","Dortmund","legacy","2026-04-05","2026-06-02"
"Buchhalter/in (m/w/d)","https://skb-legal.com/job/buchhalter-in-m-w-d-karlsruhe","SCHORK KAUFFMANN BREMENKAMP - Rechtsanwälte-Fachanwälte","Karlsruhe","legacy","2026-04-03","2026-06-02"
"Buchhalter/innen (m/d/w)","https://www.ggg-kanzlei.de/kanzlei/karriere","Die Anwälte GGG","Karlsruhe","legacy","2026-04-03","2026-06-02"
"Buchhalter:in (m/w/d)","https://www.engar.de/karriere/buchhalter","EnGarde. Rechtsanwälte PartG mbB","Reutlingen","legacy","2026-04-03","2026-06-02"
"Buchhalter:in / Abrechnungsfachkraft (m/w/d)","https://abante.de/karriere","abante Rechtsanwälte","Leipzig","legacy","2026-04-03","2026-06-02"
"Buchhalter:in/Finanzbuchhaltung","https://mueller.legal/de/de/karriere/mitarbeiter-in-accounting-finanzbuchhaltung-m-w-d","Mueller.legal Rechtsanwälte","Berlin","legacy","2026-04-02","2026-06-02"
"Buchhalter:innen und/oder Steuerfachangestellte (d/w/m)","https://www.amigo-kanzlei.de/post/wir-stellen-buchhalter-innen-und-oder-steuerfachangestellte-d-w-m-ein","Kanzlei Amigo Gorski","Berlin","legacy","2026-04-02","2026-06-02"
"Büro- und Organisationstalent (m/w/d) in Teilzeit (38 Wochenstunden)","https://de.indeed.com/viewjob?jk=7bb92e35cd4fcd3c","Landratsamt Miesbach","83714 Miesbach","legacy","2026-04-22","2026-06-02"
"Büro-/Schreibkraft (m/w/d)","https://anwaelte-kaumanns.de/","Rechtsanwälte Dr. Kaumanns","Neuss","legacy","2026-04-03","2026-06-02"
"Büroassistenz","https://jobs.rechtsanwalt-nobis.de/","NOBIS Rechtsanwälte für Strafrecht","Brüggen","legacy","2026-04-02","2026-06-02"
"Büroassistenz (m/w/d)","https://d-b-partner.de/stellenausschreibung","Dreyer & Bättjer Rechtsanwälte","Hamburg","legacy","2026-04-03","2026-06-02"
"Büroassistenz (m/w/d)","https://www.kanzlei-koenigstrasse.de/karriere/sekretariat","Kanzlei Königstraße Köster & Kollegen","Stuttgart","legacy","2026-04-05","2026-06-02"
"Büroassistenz (m/w/d) Sozialamt","https://de.indeed.com/viewjob?jk=1efef69e79e6bc8c","Landkreis Schaumburg","31655 Stadthagen","legacy","2026-04-15","2026-06-02"
"Büroassistenz (m/w/d) auf Minijob-Basis oder in Teilzeit (15 Stunden/Woche) in Anwaltskanzlei","https://www.mm-law.de/ueber-mm-law/karriere","Mourkojannis, Mörschner Rechtsanwälte | MM-LAW","Bonn","legacy","2026-04-03","2026-06-02"
"Büroassistenz (m/w/d) in Voll- oder Teilzeit","https://www.sg-rechtsanwaelte.de/karriere","Schmit Gerkhardt Rechtsanwälte","Ludwigshafen","legacy","2026-04-03","2026-06-02"
"Büroassistenz Kaufmann/-frau Büromanagement Mitarbeiter Sekretariat","https://www.stepstone.de/stellenangebote--Bueroassistenz-Kaufmann-frau-Bueromanagement-Mitarbeiter-Sekretariat-Chemnitz-Sachsen-Mark-Andreas-Elsner-und-Claus-Peter-Appel-Rechtsanwaelte--13913474-inline.html?rltr=1821_21_25_seorl_m_0_0_0_0_0_0","Mark-Andreas Elsner und Claus Peter Appel Rechtsanwälte","Chemnitz Sachsen","legacy","2026-04-15","2026-06-02"
"Büroassistenz/Rechtsanwaltsfachangestellte/r (m/w/d)","https://alpha-recht.de/karriere","alpha Rechtsanwälte Fachanwälte PartG mbB","Erfurt","legacy","2026-04-02","2026-06-02"
"Bürofachangestellte","https://graf-bonn.de/kanzlei/karriere/buerofachangestellte","GRAF | BONN | LINDEMANN Sozialrecht & Strafrecht Köln","Köln","legacy","2026-04-03","2026-06-02"
"Bürofachkraft (m/w/d) in Voll- oder Teilzeit","https://www.kanzlei.law/unser-team/karriere","BUSE HERZ GRUNST Rechtsanwälte Berlin II | Medienrecht, Strafrecht, Urheberrecht","Berlin-Köpenick","legacy","2026-04-02","2026-06-02"
"Bürofachkraft (w/m/d)","https://www.gilmour-rechtsanwaelte.de/stellenangebote","GILMOUR Rechtsanwälte","Ilmenau","legacy","2026-04-02","2026-06-02"
"Bürofachkraft im Personalwesen (m/w/d)","https://www.ra-wittig.de/karriere/personalsachbearbeitung","Wittig Ünalp Rechtsanwälte - Arbeitsrecht, Versicherungsrecht, Wirtschaftsrecht","Zentrale/Unbekannt","legacy","2026-04-02","2026-06-02"
"Bürofachkraft | Backoffice (m/w/d) – Teil- oder Vollzeit","https://bruns-redmann.de/jobs","Lawyer specializing in family law Torsten Bruns","Bremen","legacy","2026-04-02","2026-06-02"
"Bürofachkräfte (m/w/d)","https://www.meyer-arbeitsrecht.de/karriere","Meyer Arbeitsrecht","Paderborn","legacy","2026-04-03","2026-06-02"
"Bürogemeinschaft (Anwaltskollegen, Notar oder Steuerberater m/w/d)","http://www.kanzlei-cakmak.de/kontakt","Anwaltskanzlei Cakmak | Rechtsanwalt und Fachanwalt für Verkehrsrecht","Essen","legacy","2026-04-05","2026-06-02"
"Bürokauffrau (m/w/d)","https://kanzlei-kmsv.de/kontakt","Koch-Walldorf Stehle Voß Rechtsanwältinnen PartG mbB","Düsseldorf","legacy","2026-04-05","2026-06-02"
"Bürokauffrau, Kaufmann Bürokommunikation, -management, Steuer-, Rechtsanwaltsfachgestellte (m/w/d)","https://www.stepstone.de/stellenangebote--Buerokauffrau-Kaufmann-Buerokommunikation-management-Steuer-Rechtsanwaltsfachgestellte-m-w-d-Goettingen-Neue-Wege-Neue-Chancen-gemeinnuetzige-Gesellschaft-mbH--13903110-inline.html?rltr=484_9_25_seorl_m_0_0_0_0_0_0","Neue Wege Neue Chancen gemeinnützige Gesellschaft mbH","Göttingen","legacy","2026-04-13","2026-06-02"
"Bürokauffrau/-mann (m/w/d)","https://de.indeed.com/viewjob?jk=b4b38c9c6b7635cd","BISTER BRUNKE Rechtsanwälte PartG mbB PartGmbB","45130 Essen","legacy","2025-12-03","2026-06-02"
"Bürokauffrau/-mann (m/w/d)","https://gesundheitsrecht.com/buerokauffrau-mann-m-w-d-in-frankfurt","Prof. Schlegel • Hohmann • Mangold & Partner","Frankfurt","legacy","2026-04-02","2026-06-02"
"Bürokauffrau/Bürokaufmann (m/w/d) in Kanzlei für Insolvenzrecht","https://www.sponagel-recht.de/karriere-sekretaer-in-bremen","Dr. Moritz Sponagel Insolvenzverwalter","Bremen","legacy","2026-04-03","2026-06-02"
"Bürokauffrau/Bürokaufmann - auch Quereinstieg mit Büroerfahrung möglich (m/w/d)","https://www.stepstone.de/stellenangebote--Buerokauffrau-Buerokaufmann-auch-Quereinstieg-mit-Bueroerfahrung-moeglich-m-w-d-Weil-der-Stadt-Dawood-Rechtsanwaelte--11322147-inline.html?rltr=1822_22_25_seorl_m_0_0_0_0_1_0","Dawood Rechtsanwälte","Weil der Stadt","legacy","2026-04-20","2026-06-02"
"Bürokaufleute (m/w/d)","https://www.caspers-mock.de/stellenangebote/kaufleute.html","Rechtsanwälte caspers mock Koblenz","Bonn","legacy","2026-04-03","2026-06-02"
"Bürokaufrau (m/w/d)","https://kanzlei-kmsv.de/","Koch-Walldorf Stehle Voß Rechtsanwältinnen PartG mbB","Düsseldorf","legacy","2026-04-02","2026-06-02"
"Bürokraft (m/w/d)","https://www.anwaltskanzlei-jung.de/","Lawyers Dr. Young and Partners","Köln","legacy","2026-04-03","2026-06-02"
"Bürokraft (m/w/d)","https://www.moeller-rechtsanwaelte.de/buerokraft-m-w-d","Möller Rechtsanwälte Partnerschaft mbB","Münster","legacy","2026-04-03","2026-06-02"
"Bürokraft (m/w/d)","https://de.indeed.com/viewjob?jk=2afff870d0aebf22","Polizeipräsidium Unterfranken","Unterfranken","legacy","2026-04-07","2026-06-02"
"Bürokraft (m/w/d) für Rechtsanwaltskanzlei","https://kanzlei-mayr.com/jobs","Kanzlei Luba Mayr","Bonn","legacy","2026-04-02","2026-06-02"
"Bürokraft (m/w/d) für unser Sekretariat","https://lutz-rae.de/stellenanzeigen-details/b%C3%BCrokraft-f%C3%BCr-unser-sekretariat.html","LUTZ Rechtsanwälte","Stuttgart","legacy","2026-04-03","2026-06-02"
"Bürokraft / Kanzleimitarbeiterin (m/w/d)","https://www.stepstone.de/stellenangebote--Buerokraft-Kanzleimitarbeiterin-m-w-d-Prenzlauer-Berg-Berlin-Deutschland-IPPC-LAW-Rechtsanwaltsgesellschaft-mbH--13680710-inline.html?rltr=437_12_25_seorl_m_0_0_0_0_0_0","IPPC LAW Rechtsanwaltsgesellschaft mbH","Prenzlauer Berg, Berlin, Deutschland","legacy","2026-04-24","2026-06-02"
"Bürokraft / Teamassistenz (m/w/d)","https://kanzlei-herfurtner.de/karriere/buerokauffrau","Herfurtner Rechtsanwälte","Frankfurt am Main","legacy","2026-04-05","2026-06-02"
"Bürokraft, Sekretariat, Anwaltsassistenz","https://www.stepstone.de/stellenangebote--Buerokraft-Sekretariat-Anwaltsassistenz-Heidelberg-Rechtsanwaelte-Obst-Schuh-Hipp--13663046-inline.html?rltr=409_9_25_seorl_m_0_0_0_0_0_0","Rechtsanwälte Obst, Schuh & Hipp","Heidelberg","legacy","2026-04-19","2026-06-02"
"Büromitarbeiter (m/w/d)","http://www.hollender-partner.de/index.php?module=forms&op=download_file&file=%2Fnavigationblocks%2F95%2F95_2663_stellenausschreibung-refa-2025.pdf&filename=stellenausschreibung-refa-2025.pdf","Hollender Lampe Lampe Rechtsanwälte","Erkelenz","legacy","2026-04-05","2026-06-02"
"Büromitarbeiter/in (m,w,d)","https://hellnigk.de/jobs/bueromitarbeiter-in-mwd","Hellnigk, Führ & Sozien • Rechtsanwälte, Steuerberater & Notare","Oberhausen","legacy","2026-04-05","2026-06-02"
"Bürosachbearbeiter (m/w/d) Stipendiaten-verwaltung Garantiefonds-Hochschule (2608 BSB GF-H)","https://www.stepstone.de/stellenangebote--Buerosachbearbeiter-m-w-d-Stipendiaten-verwaltung-Garantiefonds-Hochschule-2608-BSB-GF-H-Bonn-Otto-Benecke-Stiftung-e-V--13885968-inline.html?rltr=434_9_25_seorl_m_0_0_0_0_1_0","Otto Benecke Stiftung e.V.","Bonn","legacy","2026-04-25","2026-06-02"
"Bürosachbearbeiter/in (w/m/d)","https://de.indeed.com/viewjob?jk=bc2fb571bb9bd66d","Landesamt für Straßenbau und Verkehr Mecklenburg-Vorpommern","17033 Neubrandenburg","legacy","2026-04-07","2026-06-02"
"Bürosachbearbeiterin/Bürosachbearbeiter (m/w/d)","https://de.indeed.com/viewjob?jk=1d4f4d4e32e48584","WSA-Nord-Ostsee-Kanal","Kiel","legacy","2026-04-10","2026-06-02"
"Bürosachbearbeiterin/Bürosachbearbeiter (m/w/d)","https://de.indeed.com/viewjob?jk=ce4e584f1e235ad6","Wasserstraßen- und Schifffahrtsamt Weser","24159 Kiel","legacy","2026-04-11","2026-06-02"
"Bürovorsteher im Notariat (m/w/d)","https://de.indeed.com/viewjob?jk=fc363bca8e35aa67","Franziska Gärtner - Inhouse Recruiting","60329 Frankfurt am Main","legacy","2026-03-23","2026-06-02"
"Call Center & Customer Service Representative English (m/w/d)","https://se-legal.de/karriere","Schlun & Elseven Lawyers","Aachen","legacy","2026-04-02","2026-06-02"
"Casemanager:in Familiennachzug im Backoffice/Mandantenbetreuung (m/w/d)","https://lawandortler.de/jobs/backoffice-mandantenbetreuung","Rechtsanwältin Mara Ortler","Würzburg","legacy","2026-04-03","2026-06-02"
"Chemielaboranten/Chemisch-technischen Assistenten (m/w/d) für den Bereich LC (Liquid Chromatography)","https://www.stepstone.de/stellenangebote--Chemielaboranten-Chemisch-technischen-Assistenten-m-w-d-fuer-den-Bereich-LC-Liquid-Chromatography-Berlin-PICA-GmbH--13952654-inline.html?rltr=88_13_25_seorl_m_0_0_0_0_0_0","PICA GmbH","Berlin","legacy","2026-04-25","2026-06-02"
"Claims Agent Specialist (Bike & Sports Focus) m/w/d","https://www.stepstone.de/stellenangebote--Claims-Agent-Specialist-Bike-Sports-Focus-m-w-d-Munich-TFJ-Buycycle-GmbH--13883711-inline.html?rltr=365_15_25_seorl_s_0_0_0_0_1_0","TFJ Buycycle GmbH","Munich","legacy","2026-04-25","2026-06-02"
"Commercial Counsel with French language","https://www.stepstone.de/stellenangebote--Commercial-Counsel-with-French-language-Berlin-Germany-ZWG172-Motorola-Solutions-Germany-GmbH--13809304-inline.html?rltr=111_11_25_seorl_m_0_0_0_0_0_0","Motorola Solutions Germany GmbH","Berlin, Germany (ZWG172)","legacy","2026-04-24","2026-06-02"
"Compliance Associates I Senior Associates","https://de.indeed.com/viewjob?jk=b1ee9345a4f8fa3f","pikepartners. Rechtsanwaltsgesellschaft mbH","80538 München","legacy","2026-04-09","2026-06-02"
"Consultant IT-Revision mit Schwerpunkt Informationssicherheit und/oder Datenschutz (m/w/d)","https://www.stepstone.de/stellenangebote--Consultant-IT-Revision-mit-Schwerpunkt-Informationssicherheit-und-oder-Datenschutz-m-w-d-Muenchen-RSM-Ebner-Stolz--13929590-inline.html?rltr=2095_20_25_seorl_s_1_0_0_0_0_0","RSM Ebner Stolz","München","legacy","2026-04-20","2026-06-02"
"Contract Administrator | Teilzeit | Dresden | (w/m/d","https://www.stepstone.de/stellenangebote--Contract-Administrator-Teilzeit-Dresden-w-m-d-Dresden-Schneider-Electric-GmbH--13876379-inline.html?rltr=46_21_25_seorl_m_0_0_0_0_0_0","Schneider Electric GmbH","Dresden","legacy","2026-04-24","2026-06-02"
"Coordinator / Legal Assistant (m/w/d) – Migrationsrecht","https://oezkan.legal/karriere/coordinator-legal-assistant-m-w-d-migrationsrecht","Rechtsanwalt Zafer Özkan","Offenbach am Main","legacy","2026-04-03","2026-06-02"
"Coordinator in Teilzeit oder Vollzeit (m/w/d) für Hilfstätigkeit in international tätiger Kanzlei gesucht","https://www.vpmk.de/coordinator-in-teilzeit-oder-vollzeit-m-w-d-fuer-hilfstaetigkeit-in-international-taetiger-kanzlei-gesucht","vpmk Rechtsanwälte Legal Services PartmbB","Berlin","legacy","2026-04-02","2026-06-02"
"Coordinator in Teilzeit oder Vollzeit (m/w/d) für Berlin gesucht","https://www.vpmk.de/coordinator-in-teilzeit-oder-vollzeit-m-w-d-fuer-berlin-gesucht","vpmk Rechtsanwälte Legal Services PartmbB","Berlin","legacy","2026-04-02","2026-06-02"
"Corporate Counsel / Unternehmensjurist (m/w/d)","https://www.stepstone.de/stellenangebote--Corporate-Counsel-Unternehmensjurist-m-w-d-Leipzig-Goldschmidt-Holding-GmbH--13752397-inline.html?rltr=8_8_25_seorl_m_0_0_0_0_0_0","Goldschmidt Holding GmbH","Leipzig","legacy","2026-04-10","2026-06-02"
"Counsel","https://www.dornkamp.com/karriere","DORNKAMP Rechtsanwälte PartGmbB","Berlin","legacy","2026-04-05","2026-06-02"
"Country-Manager/-in Frankreich","https://www.anwaltinfos.de/jobs.html","Stolzenburg Ingo","Zentrale/Unbekannt","legacy","2026-04-03","2026-06-02"
"DATEV Spezialist (m/w/d) in unserer Consulting","https://www.neumann-schmeer.de/2023/10/23/datev-spezialist","Dr. Maubach - NS+P Dr. Neumann Schmeer und Partner mbB","Aachen","legacy","2026-04-02","2026-06-02"
"Der Betreuungsverein Neumünster e.V. sucht einen rechtlichen Betreuer (w/m/d)","https://www.stepstone.de/stellenangebote--Der-Betreuungsverein-Neumuenster-e-V-sucht-einen-rechtlichen-Betreuer-w-m-d-Neumuenster-Holstein-Betreuungsverein-Neumuenster-e-V--13851496-inline.html?rltr=106_6_25_seorl_m_0_0_0_0_1_0","Betreuungsverein Neumünster e.V.","Neumünster Holstein","legacy","2026-04-16","2026-06-02"
"Digitalisierungsberater / DATEV Experte (m/w/d)","https://www.stepstone.de/stellenangebote--Digitalisierungsberater-DATEV-Experte-m-w-d-Bergisch-Gladbach-Die-Kanzlei-Entwickler-GmbH--13914355-inline.html?rltr=1988_13_25_seorl_m_0_0_0_0_0_0","Die Kanzlei Entwickler GmbH","Bergisch Gladbach","legacy","2026-04-16","2026-06-02"
"Dipl. Jurist / Assessor / Rechtsanwalt (m/w)","https://12anwalt.de/ueber-uns/karriere","Piper & Partner - Rechtsanwälte für Ausländerrecht","Marzahn","legacy","2026-04-05","2026-06-02"
"Diplom-Finanzwirt und/oder Steuerberater (m/w/d)","https://www.stepstone.de/stellenangebote--Diplom-Finanzwirt-und-oder-Steuerberater-m-w-d-Bonn-meinestadt-de--13753427-inline.html?rltr=639_14_25_seorl_m_0_0_0_0_0_0","meinestadt.de","Bonn","legacy","2026-04-26","2026-06-02"
"Doktorandinnen und Doktoranden (m/w/d)","https://vontrott-lammek.de/karriere","RAe von Trott zu Solz Lammek","Berlin","legacy","2026-05-05","2026-06-02"
"Du liebst Marken? Dann werde Markensachbearbeiter*in (m/w/d) bei HÄRTING","https://de.indeed.com/viewjob?jk=66375737c40da72b","HÄRTING Rechtsanwälte PartGmbB","10115 Berlin","legacy","2026-04-14","2026-06-02"
"Duales Studium ""Bachelor of Laws"" - Kommunaler Verwaltungsdienst (m/w/d) - Einstellungsjahr 2027","https://www.stepstone.de/stellenangebote--Duales-Studium-Bachelor-of-Laws-Kommunaler-Verwaltungsdienst-m-w-d-Einstellungsjahr-2027-51688-Wipperfuerth-Deutschland-Stadt-Wipperfuerth-KoeR--13829373-inline.html?rltr=423_23_25_seorl_s_0_0_0_0_1_0","Stadt Wipperfürth KöR","51688 Wipperfürth, Deutschland","legacy","2026-04-12","2026-06-02"
"Duales Studium Bachelor of Laws im Beamtenverhältnis - Regierungsinspektoranwärter*in (m/w/d)","https://www.stepstone.de/stellenangebote--Duales-Studium-Bachelor-of-Laws-im-Beamtenverhaeltnis-Regierungsinspektoranwaerterin-m-w-d-Bielefeld-Landesbetrieb-Strassenbau-Nordrhein-Westfalen-Strassen-NRW--13853991-inline.html?rltr=248_23_25_seorl_s_0_0_0_0_0_0","Landesbetrieb Straßenbau Nordrhein-Westfalen (Straßen.NRW)","Bielefeld","legacy","2026-04-17","2026-06-02"
"Duales Studium – RSW Steuern und Prüfungswesen (DHBW Karlsruhe und DHBW Mannheim) – zum Bachelor of Arts (m/w/d)","https://lueckeundpartner.com/karriere","Lücke & Partner Partnerschaftsgesellschaft mbB Steuerberater | Rechtsanwälte","Karlsruhe","legacy","2026-04-03","2026-06-02"
"Educator for Nursery / Erzieher (all genders)","https://www.stepstone.de/stellenangebote--Educator-for-Nursery-Erzieher-all-genders-Muenchen-Phorms-Education-SE--13876507-inline.html?rltr=622_22_25_seorl_m_0_0_0_0_0_0","Phorms Education SE","München","legacy","2026-04-24","2026-06-02"
"Eine Rechtsanwältin / einen Rechtsanwalt (m/w/d) für den Bereich Insolvenzverwaltung","https://www.atn-ra.de/kanzlei/karriere/rechtsanwalt-insolvenzverwaltung-2","ATN D'AVOINE TEUBLER NEU Rechtsanwälte","Ratingen","legacy","2026-04-03","2026-06-02"
"Eine Stelle als Servicemitarbeiter (m/w/d) des mittleren Dienstes","https://de.indeed.com/viewjob?jk=d30631fe60451de3","Landesregierung Brandenburg","03046 Cottbus","legacy","2026-03-27","2026-06-02"
"Eine/n Rechtsanwalt/-anwältin m/w/d im Bereich BAU- UND ARCHITEKTENRECHT","https://www.ags-freiburg.de/stellenangebote","Abletshauser, Gröger & Kollegen","Freiburg","legacy","2026-04-03","2026-06-02"
"Eine/n Rechtsanwaltsfachangestellte/n (m/w/d) in Teil- oder Vollzeit gesucht","https://xn--fachanwaltfrarbeitsrecht-5sc.net/eine-n-rechtsanwaltsfachangestellte-n-m-w-d-in-teil-oder-vollzeit-gesucht","Rechtsanwälte Dr. Breuer","Berlin","legacy","2026-04-05","2026-06-02"
"Eine/n Rechtsanwaltsfachangestellten (m/w/d)","https://www.atn-ra.de/kanzlei/karriere/eine-n-rechtsanwaltsfachangestellte-n-m-w-d","ATN D'AVOINE TEUBLER NEU Rechtsanwälte","Köln","legacy","2026-04-03","2026-06-02"
"Eine/n Steuerfachangestellte(r) / Finanzbuchhalter(in) – Insolvenzbuchhaltung (m/w/d)","https://www.atn-ra.de/kanzlei/karriere/steuerfachangestellter-finanzbuchhalterin-insolvenzbuchhaltung-m-w-d","ATN D'AVOINE TEUBLER NEU Rechtsanwälte","Remscheid","legacy","2026-04-03","2026-06-02"
"Einkommensteuertalente (m/w/d)","https://www.neumann-schmeer.de/2023/10/19/einkommensteuertalente-m-w-d","Dr. Maubach - NS+P Dr. Neumann Schmeer und Partner mbB","Aachen","legacy","2026-04-02","2026-06-02"
"Empfangskraft (m/w/d) (ab 35 Std./Woche)","https://kessler-rs.com/wp-content/uploads/2026/02/Kessler_Stellenanzeige_Empfang_voll-und-Teilzeit.pdf","KESSLER Rechtsanwaltsgesellschaft mbH","Bremen","legacy","2026-04-02","2026-06-02"
"Empfangskraft (m/w/d)in Vollzeit","https://anwaltskanzlei-lankau.de/aktuelle-jobs-empfangskraft","Lankau Weitz Gallina Rechtsanwälte & Notare Darmstadt","Darmstadt","legacy","2026-04-02","2026-06-02"
"Empfangskraft in der Insolvenzverwaltung (m/w/d)","https://www.stepstone.de/stellenangebote--Empfangskraft-in-der-Insolvenzverwaltung-m-w-d-Essen-GOERG-Partnerschaft-von-Rechtsanwaelten-mbB--13621241-inline.html?rltr=911_11_25_seorl_m_0_0_0_0_0_0","GÖRG Partnerschaft von Rechtsanwälten mbB","Essen","legacy","2026-04-16","2026-06-02"
"Empfangsmitarbeiter (m/w/d)","https://www.stepstone.de/stellenangebote--Empfangsmitarbeiter-m-w-d-Berlin-BRL-BOEGE-ROHDE-LUEBBEHUESEN--13868979-inline.html?rltr=813_13_25_seorl_m_0_0_0_0_0_0","BRL BOEGE ROHDE LUEBBEHUESEN","Berlin","legacy","2026-04-23","2026-06-02"
"Empfangsmitarbeiter (m/w/d)","https://www.stepstone.de/stellenangebote--Empfangsmitarbeiter-m-w-d-Muenchen-CMS-Hasche-Sigle-Partnerschaft-mbB--13573949-inline.html?rltr=1320_20_25_seorl_m_0_0_0_0_0_0","CMS Hasche Sigle Partnerschaft mbB","München","legacy","2026-04-14","2026-06-02"
"Empfangsmitarbeiter (m/w/d)","https://de.indeed.com/viewjob?jk=fd72e599ab4e9920","CMS Hasche Sigle Partnerschaft von Rechtsanwälten und Steuerberatern mbB","München","legacy","2026-01-27","2026-06-02"
"Empfangsmitarbeiter (m/w/d)","https://www.stepstone.de/stellenangebote--Empfangsmitarbeiter-m-w-d-Koeln-Deutschland-Dipl-Ing-Albert-M-Seitz-Sachverstaendigenbuero--13728900-inline.html?rltr=1777_2_25_seorl_m_0_0_0_0_0_0","Dipl.-Ing. Albert M. Seitz Sachverständigenbüro","Köln, Deutschland","legacy","2026-04-21","2026-06-02"
"Empfangsmitarbeiter(in) (m/w/d)","https://www.seebach-frey.de/stellenausschreibungen","SEEBACH FREY & PARTNER - Notar I Rechtsanwälte I Fachanwälte","Kassel","legacy","2026-04-03","2026-06-02"
"Empfangsmitarbeiter/in (m/w/d)","https://de.indeed.com/viewjob?jk=061ceb31a66d1360","Klühs notar","40212 Düsseldorf","legacy","2026-04-16","2026-06-02"
"Empfangsmitarbeiter/in (w/m/d) Teilzeit nachmittags","https://www.stepstone.de/stellenangebote--Empfangsmitarbeiter-in-w-m-d-Teilzeit-nachmittags-Frankfurt-am-Main-Dolce-Lauda-Rechtsanwaelte-Avvocati-Partnerschaftsges-mbB--13913289-inline.html?rltr=1810_10_25_seorl_m_0_0_0_0_0_0","Dolce Lauda Rechtsanwälte Avvocati Partnerschaftsges. mbB","Frankfurt am Main","legacy","2026-04-15","2026-06-02"
"Empfangsmitarbeiter/in / Rezeptionist/in (m/w/d)","https://www.fgvw.de/de/karriere","Friedrich Graf von Westphalen & Partner mbB Rechtsanwälte","Köln","legacy","2026-04-03","2026-06-02"
"Engagierte Juristinnen und Juristen","https://ra-lewinski.de/karriere","Genadi Lewinski","Bielefeld","legacy","2026-04-05","2026-06-02"
"Erbrecht: (Fach-)Anwältin oder (Fach-)Anwalt","https://wirtschaftsrecht-wittig.de/karriere/fach-anwaeltin-oder-fach-anwalt-fuer-erbrecht","Wittig Ünalp Rechtsanwälte - Arbeitsrecht, Versicherungsrecht, Wirtschaftsrecht","Zentrale/Unbekannt","legacy","2026-04-02","2026-06-02"
"Erfahrene Notariatsfachangestellte (m/w/d)","http://www.wiechers-jahn.de/jobs","WIECHERS-JAHN – Rechtsanwälte und Notarin","Ellerbek","legacy","2026-04-05","2026-06-02"
"Erfahrene Rechtsanwälte (m/w/d)","https://snp.law/stellenangebote/erfahrene-rechtsanwaelte-m-w-d-zur-aufnahme-in-die-partnerschaft-2","SNP Schlawien Partnerschaft mbB","Stuttgart / Düsseldorf","legacy","2026-05-05","2026-06-02"
"Erfahrene/r Notarmitarbeiter/in oder Notarfachangestellte/r","https://www.stepstone.de/stellenangebote--Erfahrene-r-Notarmitarbeiter-in-oder-Notarfachangestellte-r-Muenchen-Notar-Dr-Markus-Riemenschneider--13253427-inline.html?rltr=2_2_25_seorl_m_0_0_0_0_1_0","Notar Dr. Markus Riemenschneider","München","legacy","2026-04-25","2026-06-02"
"Erfahrener Steuerfachangestellter oder Steuerfachwirt, Bilanzbuchhalter (m/w/d) für in- und ausländische Mandanten","https://www.stepstone.de/stellenangebote--Erfahrener-Steuerfachangestellter-oder-Steuerfachwirt-Bilanzbuchhalter-m-w-d-fuer-in-und-auslaendische-Mandanten-Muenchen-Pasing-Muenchen-Mitte-LM-Audit-Tax-GmbH-Wirtschaftspruefungsgesellschaft--13714058-inline.html?rltr=1132_7_25_seorl_m_0_0_0_0_0_0","LM Audit & Tax GmbH Wirtschaftsprüfungsgesellschaft","München-Pasing, München-Mitte","legacy","2026-04-02","2026-06-02"
"Erzieherin / Sozialpädagogin (m/w/d) für unsere Wohngruppen im SOS-Kinderdorf Worpswede","https://www.stepstone.de/stellenangebote--Erzieherin-Sozialpaedagogin-m-w-d-fuer-unsere-Wohngruppen-im-SOS-Kinderdorf-Worpswede-Worpswede-SOS-Kinderdorf-e-V--13911001-inline.html?rltr=1088_13_25_seorl_m_0_0_0_0_0_0","SOS-Kinderdorf e.V.","Worpswede","legacy","2026-04-15","2026-06-02"
"Executive Assistant / Personal Assistent","https://malmendier-legal.com/wp-content/uploads/2026/03/260226-Stellenanzeige-PA1.pdf","Malmendier Legal","Berlin","legacy","2026-05-05","2026-06-02"
"Experte / Jurist Medizinrecht / Behandlungsfehler (w/m/d)","https://www.stepstone.de/stellenangebote--Experte-Jurist-Medizinrecht-Behandlungsfehler-w-m-d-Bochum-IKK-classic--13853360-inline.html?rltr=850_850_25_seorl_m_0_0_0_0_0_0","IKK classic","Bochum","legacy","2026-04-17","2026-06-02"
"Experten im Bereich Wirtschaftsprüfung und Steuern","https://www.vierhaus-kanzlei.de/karriere/stellenanzeigen/experten-im-bereich-wirtschaftspruefung-und-steuern","Vierhaus Kanzlei","Berlin","legacy","2026-04-05","2026-06-02"
"Fach-)Anwältin oder (Fach-)Anwalt für Handels- und Gesellschaftsrecht","https://wirtschaftsrecht-wittig.de/karriere/rechts-fachanwalt-fuer-handels-gesellschaftsrecht","Wittig Ünalp Rechtsanwälte - Arbeitsrecht, Versicherungsrecht, Wirtschaftsrecht","Zentrale/Unbekannt","legacy","2026-04-05","2026-06-02"
"Fach-)Anwältin oder (Fach-)Anwalt für Miet- und WEG Recht","https://wirtschaftsrecht-wittig.de/karriere/fach-anwaeltin-oder-fach-anwalt-fuer-miet-und-weg-recht","Wittig Ünalp Rechtsanwälte - Arbeitsrecht, Versicherungsrecht, Wirtschaftsrecht","Zentrale/Unbekannt","legacy","2026-04-05","2026-06-02"
"Fach-)Anwältin oder (Fach-)Anwalt für Versicherungsrecht","https://www.versicherungsrecht-wittig.de/karriere/anwaltin-versicherungsrecht","Wittig Ünalp Rechtsanwälte - Arbeitsrecht, Versicherungsrecht, Wirtschaftsrecht","Zentrale/Unbekannt","legacy","2026-04-05","2026-06-02"
"Fachangestellte","https://www.rechtsanwaelte-fruehauf.de/stellenangebot-fachangestellte","Frühauf & Henning Rechtsanwälte","Hamburg","legacy","2026-04-05","2026-06-02"
"Fachanwalt (m/w/d) Arbeitsrecht","https://www.kanzlei-hasselbach.de/stellenangebote/fachanwalt-arbeitsrecht","Kanzlei Hasselbach","Köln","legacy","2026-04-02","2026-06-02"
"Fachanwalt (m/w/d) für Arbeitsrecht","https://boisseree.de/wp-content/uploads/2021/01/Boisseree_Stelle_Arbeitsrecht_0121.pdf","Boisserée Rechtsanwälte","Köln","legacy","2026-04-03","2026-06-02"
"Fachanwalt (m/w/d) für Bau- und Architektenrecht","https://boisseree.de/wp-content/uploads/2021/01/Boisseree_Stelle_Bau-Architektenrecht_0121.pdf","Boisserée Rechtsanwälte","Köln","legacy","2026-04-03","2026-06-02"
"Fachanwalt (m/w/d) für Handels- und Gesellschaftsrecht","https://boisseree.de/wp-content/uploads/2021/01/Boisseree_Stelle_Gesellschaftsrecht_0121.pdf","Boisserée Rechtsanwälte","Köln","legacy","2026-04-03","2026-06-02"
"Fachanwalt (m/w/d) für Versicherungsrecht","https://boisseree.de/wp-content/uploads/2021/01/Boisseree_Stelle_Versicherungsrecht_0121.pdf","Boisserée Rechtsanwälte","Köln","legacy","2026-04-03","2026-06-02"
"Fachanwalt / Fachanwältin für Verkehrsrecht","https://www.schneiderrechtsanwaelte.de/karriere","Anwalt Verkehrsrecht Düsseldorf | Anwaltskanzlei Schneider Rechtsanwälte","Berlin","legacy","2026-04-02","2026-06-02"
"Fachanwalt Steuerrecht/Steuerberater","https://www.rosepartner.de/stellenangebot-rechtsanwalt-refa-referendariat.html","ROSE & PARTNER - Rechtsanwälte Steuerberater","Berlin","legacy","2026-04-05","2026-06-02"
"Fachanwalt für Immobilienrecht","http://www.kanzlei-salman.de/","Kanzlei Salman | Rechtsanwalt Husain Salman | Mietrecht | Verkehrsrecht | Strafrecht | Berlin","Berlin","legacy","2026-04-05","2026-06-02"
"Fachanwalt für Urheberrecht","http://www.dieurheberrechtler.de/","Rechtsanwältin Anna Umberg - horak Rechtsanwälte Berlin","Berlin","legacy","2026-04-02","2026-06-02"
"Fachanwalt/Fachanwältin für Arbeitsrecht (w/m/d)","https://www.kanzlei-fuer-arbeitsrecht.de/fachanwalt-fachanwaeltin-fuer-arbeitsrecht-w-m-d","Labisch Kanzlei für Arbeitsrecht Rechts-& Fachanwälte PartG mbB","Mainz","legacy","2026-04-05","2026-06-02"
"Fachanwalt/anwältin Verkehrsrecht (m/w/d)","https://www.stepstone.de/stellenangebote--Fachanwalt-anwaeltin-Verkehrsrecht-m-w-d-Neunkirchen-RAdirekt-Rechtsanwaltsgesellschaft-mbH--13731997-inline.html?rltr=324_24_25_seorl_m_0_0_0_0_1_0","RAdirekt Rechtsanwaltsgesellschaft mbH","Neunkirchen","legacy","2026-04-05","2026-06-02"
"Fachanwälte m/w/d für Erbrecht","http://www.ra0711.de/karriere","RA 0711 Rechtsanwälte Stuttgart Sauer + Partner","Stuttgart","legacy","2026-04-03","2026-06-02"
"Fachanwältin für Medizinrecht (m/w/d) mit Blick über den Tellerrand – Humanmedizin & Tierrecht","https://www.stepstone.de/stellenangebote--Fachanwaeltin-fuer-Medizinrecht-m-w-d-mit-Blick-ueber-den-Tellerrand-Humanmedizin-Tierrecht-Hannover-horak-Rechtsanwaelte-Partnerschaft-mbB--13885966-inline.html?rltr=508_8_25_seorl_m_0_0_0_0_1_0","horak Rechtsanwälte Partnerschaft mbB","Hannover","legacy","2026-04-25","2026-06-02"
"Fachanwältin/Fachanwalt für Erbrecht","https://kanzlei-bismarckstrasse.de/wp-content/uploads/2025/09/Stellenanzeige-Fachanwaeltin-Fachanwalt-fuer-Erbrecht.pdf","Kanzlei Lösch Caspar Kuznik Brisch - Rechtsanwälte · Notar · Fachanwälte","Darmstadt","legacy","2026-04-02","2026-06-02"
"Fachanwältin/Fachanwalt für Familienrecht","https://www.templer.de/karriere.html","Templer & Partner","München","legacy","2026-04-03","2026-06-02"
"Fachanwältin/Fachanwalt für Steuerrecht (m/w/d)","https://pfordtebosbach.de/karriere/fachanwaeltin-fachanwalt-fuer-steuerrecht-m-w-d","Pfordte Bosbach Rechtsanwälte Partnerschaftsgesellschaft mbB","München","legacy","2026-04-03","2026-06-02"
"Fachanwältin/Fachanwalt für Strafrecht (m/w/d)","https://pfordtebosbach.de/karriere/fachanwaeltin-fachanwalt-fuer-strafrecht-m-w-d","Pfordte Bosbach Rechtsanwälte Partnerschaftsgesellschaft mbB","München","legacy","2026-04-03","2026-06-02"
"Fachassistent:in für Lohn und Gehalt (m/w/d)","https://de.indeed.com/viewjob?jk=2ef974813e308473","ATG Amira Treuhandgesellschaft Chemnitz mbH","09112 Chemnitz","legacy","2026-04-20","2026-06-02"
"Fachberater Sozialrecht (m/w/d)","https://de.indeed.com/viewjob?jk=05d6c723273e7d75","Sozialverband VdK Hessen-Thüringen e.V.","63667 Nidda","legacy","2026-02-26","2026-06-02"
"Fachberater Sozialrecht (m/w/d)","https://de.indeed.com/viewjob?jk=5e99795d14a68bf0","Sozialverband VdK Hessen-Thüringen e.V.","Gelnhausen","legacy","2026-04-09","2026-06-02"
"Fachkraft Beiträge / Insolvenz & Forderungsmanagement (w/m/d)","https://www.stepstone.de/stellenangebote--Fachkraft-Beitraege-Insolvenz-Forderungsmanagement-w-m-d-Recklinghausen-meinestadt-de--13888847-inline.html?rltr=373_23_25_seorl_m_0_0_0_0_0_0","meinestadt.de","Recklinghausen","legacy","2026-04-25","2026-06-02"
"Fachkraft Beiträge/ Insolvenz  und Forderungsmanagement (w/m/d)","https://de.indeed.com/viewjob?jk=cd8940fd0c3f6ae7","IKK classic","45657 Recklinghausen","legacy","2026-03-30","2026-06-02"
"Fachkraft Beiträge/ Insolvenz & Forderungsmanagement (w/m/d)","https://www.stepstone.de/stellenangebote--Fachkraft-Beitraege-Insolvenz-Forderungsmanagement-w-m-d-Recklinghausen-meinestadt-de--13841587-inline.html?rltr=513_13_25_seorl_m_0_0_0_0_0_0","meinestadt.de","Recklinghausen","legacy","2026-04-15","2026-06-02"
"Fachkraft Beiträge/Insolvenz &  Forderungsmanagement (w/m/d)","https://de.indeed.com/viewjob?jk=abdbb28f123cc4d9","IKK classic","45657 Recklinghausen","legacy","2026-04-10","2026-06-02"
"Fachkraft Leistung SGB II (m/w/d) für das Jobcenter","https://de.indeed.com/viewjob?jk=4cc6808b6ac8a47c","Nationalparklandkreis Birkenfeld","55765 Birkenfeld","legacy","2026-03-27","2026-06-02"
"Fachkraft für die Sekretariatsarbeit (m/w/d) in der Insolvenzabteilung","https://streitboerger.de/karriere","Streitbörger PartGmbB - Streitbörger PartGmbB - Rechtsanwälte | Insolvenzverwalter | Notare / Düsseldorf","Düsseldorf","legacy","2026-04-02","2026-06-02"
"Fachliche Werkstudententätigkeit (w/m/d)","https://de.indeed.com/viewjob?jk=55bdb5b8d410c252","KMLZ Rechtsanwaltsgesellschaft mbH","Düsseldorf","legacy","2026-03-26","2026-06-02"
"Fachreferent Recht/Syndikusrechtsanwalt mit Schwerpunkt Sanktionsrecht (m/w/d)","https://de.indeed.com/viewjob?jk=6eb6fc367f0691de","Eberspächer","Esslingen","legacy","2025-08-01","2026-06-02"
"Fee earners (m/w/d)","https://www.addleshawgoddard.com/en/careers","Addleshaw Goddard","Germany","legacy","2026-05-05","2026-06-02"
"Finanzbuchhalter (w/m/d) Schwerpunkt Rechnungskontrolle & Ausgangsrechnungen","https://www.stepstone.de/stellenangebote--Finanzbuchhalter-w-m-d-Schwerpunkt-Rechnungskontrolle-Ausgangsrechnungen-Muenchen-LORENZ-SEIDLER-GOSSEL-Rechtsanwaelte-Patentanwaelte-Partnerschaft-mbB--13865111-inline.html?rltr=818_18_25_seorl_m_0_0_0_0_1_0","LORENZ SEIDLER GOSSEL Rechtsanwälte Patentanwälte Partnerschaft mbB","München","legacy","2026-04-22","2026-06-02"
"Finanzbuchhalter - Debitoren / Kreditoren / Gehaltsabrechnungen (m/w/d)","https://www.stepstone.de/stellenangebote--Finanzbuchhalter-Debitoren-Kreditoren-Gehaltsabrechnungen-m-w-d-Wuppertal-Breidenbach-und-Partner-PartG-mbB--12853550-inline.html?rltr=1018_18_25_seorl_m_0_0_0_0_1_0","Breidenbach und Partner PartG mbB","Wuppertal","legacy","2026-04-24","2026-06-02"
"Finanzbuchhalter*in // Steuerfachangestellte*n in Teilzeit oder Vollzeit (m/w/d)","https://www.manes-anwalt.de/Finanzbuchhalter","Rechtsanwalts- und Steuerberatungskanzlei Manes","Bonn","legacy","2026-04-02","2026-06-02"
"Finanzbuchhalter/-in für die Mandantenbuchhaltung","https://ra-mammadli.de/downloads/Anzeige_Buchhaltung_Mitarbeiter.pdf","Kanzlei Mammadli, Rechtsanwalt Habib B. Mammadli","Berlin","legacy","2026-04-02","2026-06-02"
"Forderungsmanager – Inkasso (all genders)","https://www.stepstone.de/stellenangebote--Forderungsmanager-Inkasso-all-genders-Leipzig-Unterfoehring-Hamburg-Home-Office-Tele-Columbus-AG--13850246-inline.html?rltr=768_18_25_seorl_m_1_0_0_0_0_0","Tele Columbus AG","Leipzig, Unterföhring, Hamburg, Home-Office","legacy","2026-04-16","2026-06-02"
"Founder's Associate - Business Operations (Internship, 6 Monate, Vollzeit)","https://www.stepstone.de/stellenangebote--Founders-Associate-Business-Operations-Internship-6-Monate-Vollzeit-Munich-Silvernova-Gmbh--13628228-inline.html?rltr=1954_4_25_seorl_m_0_0_0_0_0_0","Silvernova Gmbh","Munich","legacy","2026-04-24","2026-06-02"
"Freie Ausbildungsstelle für angehende(n) Rechtsanwaltsfachangestellte/n (m/w/d)","https://www.hos-recht.de/karriere/freie-ausbildungsstelle-fuer-angehende-n-rechtsanwaltsfachangestellte-n-m-w-d-1","HOS Rechtsanwälte","Stuttgart","legacy","2026-04-03","2026-06-02"
"Freie Mitarbeiter / Freie Mitarbeiterinnen","https://www.brennecke-rechtsanwaelte.de/Freie-Mitarbeiter-Freie-Mitarbeiterinnen_70790","Brennecke & Partner Rechtsanwälte","Zentrale/Unbekannt","legacy","2026-04-03","2026-06-02"
"Freie Mitarbeiter für Marketing und Media-Management (w/m/d)","https://www.meides.de/gesucht-freie-mitarbeiter-fuer-marketing-und-media-management","MEIDES Rechtsanwälte & Partner","Frankfurt am Main","legacy","2026-04-02","2026-06-02"
"Fremdsprachenkorrespondent / Europasekretär (m/w/d)","https://www.gleisslutz.com/de/node/18577","Gleiss Lutz","Stuttgart","legacy","2026-04-02","2026-06-02"
"Fremdsprachenkorrespondenz (m/w/d)","https://www.stepstone.de/stellenangebote--Fremdsprachenkorrespondenz-m-w-d-Frankfurt-CMS-Hasche-Sigle-Partnerschaft-mbB--13936694-inline.html?rltr=437_12_25_seorl_s_0_0_0_0_0_0","CMS Hasche Sigle Partnerschaft mbB","Frankfurt","legacy","2026-04-22","2026-06-02"
"Full-Stack Entwickler (m/w/d) – Backend (Flutter) & WordPress Webdesign","https://www.stepstone.de/stellenangebote--Full-Stack-Entwickler-m-w-d-Backend-Flutter-WordPress-Webdesign-Hannover-horak-Rechtsanwaelte-Partnerschaft-mbB--13879181-inline.html?rltr=1685_10_25_seorl_m_0_0_0_0_1_0","horak Rechtsanwälte Partnerschaft mbB","Hannover","legacy","2026-04-24","2026-06-02"
"Fördermittelmanager (m/w/d)","https://www.stepstone.de/stellenangebote--Foerdermittelmanager-m-w-d-Bonn-Deutsches-Zentrum-fuer-Neurodegenerative-Erkrankungen-e-V-DZNE--13869166-inline.html?rltr=2133_8_25_seorl_s_0_0_0_0_0_0","Deutsches Zentrum für Neurodegenerative Erkrankungen e.V. (DZNE)","Bonn","legacy","2026-04-23","2026-06-02"
"GSK INSIGHT – Praktikantenprogramm","https://career.gsk.de/stellenangebote/gsk-insight-praktikantenprogramm","GSK Stockmann","Berlin, Frankfurt am Main, Hamburg, Heidelberg, München","legacy","2026-04-30","2026-06-02"
"Geschäftsstelle der Gleichstellungsbeauftragten (m/w/d)","https://de.indeed.com/viewjob?jk=858374e6d1ed29f4","Wasserstraßen- und Schifffahrtsamt Weser","24106 Kiel","legacy","2026-04-03","2026-06-02"
"Gesellschaftsrechts- und Transaktionsanwalt (m/w/d)","https://www.rkh-law.de/de/sozietaet/karriere","Raschke von Knobelsdorff Heiser Partnerschaft von Rechtsanwälten mbB","Hamburg","legacy","2026-05-05","2026-06-02"
"Gestalter (m/w/d)","http://www.keller-menz.de/karriere","Keller Menz Rechtsanwälte PartG MBB","München","legacy","2026-04-03","2026-06-02"
"Gesucht: Rechtsanwalt für Arbeitsrecht (w/m/d)","https://www.meides.de/gesucht-fachanwalt-fuer-arbeitsrecht-m-w-fuer-sozialkassenverfahren","MEIDES Rechtsanwälte & Partner","Frankfurt am Main","legacy","2026-04-05","2026-06-02"
"Gesucht: Rechtsanwalt – Profi der Zeugenvernehmung im Zivilprozess (w/m/d)","https://www.meides.de/gesucht-rechtsanwalt-profi-der-zeugenvernehmung-im-zivilprozess-w-m-d","MEIDES Rechtsanwälte & Partner","Frankfurt am Main","legacy","2026-04-05","2026-06-02"
"Gesucht: Wissenschaftliche Mitarbeiter (w/m/d)","https://www.meides.de/gesucht-wissenschaftliche-mitarbeiter-m-w","MEIDES Rechtsanwälte & Partner","Frankfurt am Main","legacy","2026-04-05","2026-06-02"
"Group Legal Counsel Germany & Deputy General Counsel (m/w/d)","https://www.stepstone.de/stellenangebote--Group-Legal-Counsel-Germany-Deputy-General-Counsel-m-w-d-Ehingen-ISG-Personalmanagement-GmbH--13868822-inline.html?rltr=19_19_25_seorl_m_0_0_0_0_0_0","ISG Personalmanagement GmbH","Ehingen","legacy","2026-04-23","2026-06-02"
"Grundstücks- und Vertragsrechtsspezialist (m/w/d)","https://www.stepstone.de/stellenangebote--Grundstuecks-und-Vertragsrechtsspezialist-m-w-d-Lindau-Stadt-Lindau-B--13941315-inline.html?rltr=258_8_25_seorl_m_0_0_0_0_1_0","Stadt Lindau (B)","Lindau","legacy","2026-04-23","2026-06-02"
"Grundstücks- und Vertragsrechtsspezialist (m/w/d)","https://www.stepstone.de/stellenangebote--Grundstuecks-und-Vertragsrechtsspezialist-m-w-d-Lindau-Bodensee-meinestadt-de--13944331-inline.html?rltr=252_2_25_seorl_m_0_0_0_0_0_0","meinestadt.de","Lindau/Bodensee","legacy","2026-04-23","2026-06-02"
"HR Coordinator – Trainee Advisory (w/m/d)","https://www.stepstone.de/stellenangebote--HR-Coordinator-Trainee-Advisory-w-m-d-Muenchen-Hogan-Lovells-International-LLP--13857017-inline.html?rltr=1299_24_25_seorl_m_0_0_0_0_0_0","Hogan Lovells International LLP","München","legacy","2026-04-17","2026-06-02"
"Hauptsachbearbeitung (m/w/d) in der Abteilung Zentrale Abrechnung für Gemeinsame Vergütungsregeln","https://de.indeed.com/viewjob?jk=c53658c10234bfc8","ARD Degeto Film GmbH","60320 Frankfurt am Main","legacy","2026-04-10","2026-06-02"
"Hausmeister/in (m/w/d)","https://activelaw.de/stellenanzeigen/hausmeister","activelaw Offenhausen.Wolter PartmbB","Hannover","legacy","2026-04-03","2026-06-02"
"Head of Marketing (m/w/d)","https://www.xing.com/jobs/ahrensburg-head-of-marketing-150118053","Niedergesäß Stephan","Ahrensburg","legacy","2026-04-02","2026-06-02"
"Head of Supply Chain Management & Customer Service (w/m/d)","https://www.xing.com/jobs/feldkirchen-westerham-head-of-supply-chain-management-customer-service-149897888","Niedergesäß Stephan","Feldkirchen-Westerham","legacy","2026-04-02","2026-06-02"
"Hochschulabsolvent (m/w/d) mit Schwerpunkt Steuern","https://www.neumann-schmeer.de/2022/11/29/hochschulabsolventen-m-w-d-mit-schwerpunkt-steuern","Dr. Maubach - NS+P Dr. Neumann Schmeer und Partner mbB","Aachen","legacy","2026-04-02","2026-06-02"
"Hochschulabsolvent (m/w/d) mit Schwerpunkt Wirtschaftsprüfung","https://www.neumann-schmeer.de/2022/11/29/hochschulabsolventen-m-w-d-mit-schwerpunkt-wirtschaftspruefung","Dr. Maubach - NS+P Dr. Neumann Schmeer und Partner mbB","Aachen","legacy","2026-04-02","2026-06-02"
"Honorar-/Stationsreferendar","https://www.skbl.de/das-team","skbl Lentze Berger Sander Rechtsanwälte Fachanwälte PartGmbB","Magdeburg","legacy","2026-04-03","2026-06-02"
"Hotelfachmann / Gastronomie-Fachkraft (m/w/d)","https://jobs.luther-lawfirm.com/jobportal/luther/viewAusschreibung/2026-025.html","Luther Rechtsanwaltsgesellschaft mbH","Essen","legacy","2026-04-30","2026-06-02"
"IP Paralegal | IP Sachbearbeiter (x|w|m)","https://www.stepstone.de/stellenangebote--IP-Paralegal-IP-Sachbearbeiter-xwm-Goettingen-Sartorius--13853742-inline.html?rltr=85_10_25_seorl_m_0_0_0_0_0_0","Sartorius","Göttingen","legacy","2026-04-17","2026-06-02"
"IP Strategy and Portfolio Management Expert (m/f/x)","https://www.stepstone.de/stellenangebote--IP-Strategy-and-Portfolio-Management-Expert-m-f-x-Aalen-Baden-Wuerttemberg-ZEISS--13876746-inline.html?rltr=95_20_25_seorl_m_0_0_0_0_0_0","ZEISS","Aalen (Baden-Württemberg)","legacy","2026-04-24","2026-06-02"
"IT ANWENDUNGSBETREUER FÜR DEN DIGITALEN ARBEITSPLATZ (M/W/D)","https://kanzlei-scholze.de/wp-content/uploads/2021/06/IT-Anwendungsbetreuer.pdf","KANZLEI SCHOLZE","Dresden","legacy","2026-04-03","2026-06-02"
"IT Application Specialist (m/w/d) - ERP & Data Analytics","https://jobs.luther-lawfirm.com/jobportal/luther/viewAusschreibung/2025-104.html","Luther Rechtsanwaltsgesellschaft mbH","Köln, Leipzig","legacy","2026-04-30","2026-06-02"
"IT-Produktmanager / Informatiker oder Fachinformatiker (m/w/d)","https://www.stepstone.de/stellenangebote--IT-Produktmanager-Informatiker-oder-Fachinformatiker-m-w-d-Karlsruhe-Stuttgart-Oberlandesgericht-Stuttgart-IuK-Fachzentrum-Justiz--13850151-inline.html?rltr=1010_10_25_seorl_m_0_0_0_0_1_0","Oberlandesgericht Stuttgart - IuK-Fachzentrum Justiz","Karlsruhe, Stuttgart","legacy","2026-04-16","2026-06-02"
"IT-Sachbearbeitung (m/w/d)","https://www.stepstone.de/stellenangebote--IT-Sachbearbeitung-m-w-d-Berlin-Bezirksamt-Neukoelln-von-Berlin--13728034-inline.html?rltr=238_13_25_seorl_m_0_0_0_0_0_0","Bezirksamt Neukölln von Berlin","Berlin","legacy","2026-04-22","2026-06-02"
"IT-Student/Freelancer (Webdevelopment, Design, WordPress)","https://widerruf-kuendigung.de/it-student-gesucht","JUSTUS Rechtsanwälte","Berlin","legacy","2026-04-02","2026-06-02"
"IT-Support (m/w/d) – First-Level-Support","https://jobs.luther-lawfirm.com/jobportal/luther/viewAusschreibung/2025-070.html","Luther Rechtsanwaltsgesellschaft mbH","Berlin, Stuttgart","legacy","2026-04-30","2026-06-02"
"IT-Supporter (m/w/d)","https://www.ohletz.eu/karriere/karriere/it-supporter","Rechtsanwälte, Notare & Steuerberater Ohletz","Essen","legacy","2026-04-02","2026-06-02"
"IT-Systemadministrator - IT-Support / User Helpdesk (m/w/d)","https://www.stepstone.de/stellenangebote--IT-Systemadministrator-IT-Support-User-Helpdesk-m-w-d-Muenchen-Gleiss-Lutz-Hootz-Hirsch-PartmbB-Rechtsanwaelte--13835963-inline.html?rltr=1097_22_25_seorl_m_0_0_0_0_1_0","Gleiss Lutz Hootz Hirsch PartmbB Rechtsanwälte","München","legacy","2026-04-19","2026-06-02"
"In-House Counsel / Unternehmensjurist / Senior Legal Counsel (m/w/d)*","https://www.stepstone.de/stellenangebote--In-House-Counsel-Unternehmensjurist-Senior-Legal-Counsel-m-w-d-Frankfurt-am-Main-TIMEConsult-GmbH--13742510-inline.html?rltr=12_12_25_seorl_m_0_0_0_0_0_0","TIMEConsult GmbH","Frankfurt am Main","legacy","2026-04-08","2026-06-02"
"Inhouse Legal Counsel (m/f/x)","https://www.stepstone.de/stellenangebote--Inhouse-Legal-Counsel-m-f-x-Munich-CRX-Markets-AG--13449629-inline.html?rltr=85_10_25_seorl_m_0_0_0_0_0_0","CRX Markets AG","Munich","legacy","2026-04-19","2026-06-02"
"Inhouse-Jurist:in / Legal Counsel (m/w/d)","https://de.indeed.com/viewjob?jk=03b219638e614a6c","TÜV NORD AG","Hannover","legacy","2026-02-05","2026-06-02"
"Initiativbewerbung (m/w/d)","https://bulex-rechtsanwaltsgesellschaft.jobs.personio.de/job/1148705?display=de","Bulex Rechtsanwaltsgesellschaft mbH","Augsburg","legacy","2026-04-02","2026-06-02"
"Initiativbewerbung (m/w/d)","https://drabele.de/karriere","Dr. Abele Rechtsanwalts GmbH | Augsburg","Augsburg","legacy","2026-04-02","2026-06-02"
"Initiativbewerbung (m/w/d)","https://www.olbricht-rechtsanwaelte.de/anzeigen/initiativbewerbung-m-w-d","OLBRICHT Rechtsanwälte","Berlin","legacy","2026-04-02","2026-06-02"
"Initiativbewerbung (m/w/d)","https://schumacherundpartner.de/karriere","Rechtsanwälte Kanzlei Schumacher & Partner","Zentrale/Unbekannt","legacy","2026-04-03","2026-06-02"
"Initiativbewerbung (m/w/d)","https://www.ohletz.eu/karriere/karriere/initiativbewerbung","Rechtsanwälte, Notare & Steuerberater Ohletz","Essen","legacy","2026-04-02","2026-06-02"
"Initiativbewerbung (m/w/d)","https://www.schliffka.de/karriere","Schliffka & Schwab - Rechtsanwälte","Pforzheim","legacy","2026-04-03","2026-06-02"
"Initiativbewerbung (m/w/d)","https://activelaw.de/stellenanzeigen/initiativbewerbung-m-w-d","activelaw Offenhausen.Wolter PartmbB","Hannover","legacy","2026-04-03","2026-06-02"
"Initiativbewerbung (m/w/d) KINAST Anwaltsservice GmbH","https://kinast.jobs.personio.de/","KINAST Rechtsanwaltsgesellschaft mbH","Köln","legacy","2026-04-03","2026-06-02"
"Initiativbewerbung Jura-Studierende (Pflichtpraktikum)","http://www.dr-kaba.de/","Rechtsanwaltskanzlei Dr. Aziz Kaba","Bergisch Gladbach","legacy","2026-04-05","2026-06-02"
"Initiativbewerbung Rechtsanwalt (m/w/d)","https://www.werwigkhenne.de/","Werwigk Henne Partnerschaft mbB","Stuttgart","legacy","2026-04-05","2026-06-02"
"Initiativbewerbung Rechtsanwalt / Rechtsanwältin","https://kanzlei-sachse.de/offene-stellen","Kanzlei Sachse - Rechtsanwälte & Fachanwälte Offenbach","Darmstadt","legacy","2026-04-03","2026-06-02"
"Initiativbewerbung Studentinnen und Studenten (m/w/d)","https://www.rechtsanwalt-notar-wiesbaden.de/karriere","klein sarris saraf partnerschaft mbb","Wiesbaden","legacy","2026-04-05","2026-06-02"
"Initiativbewerbung für juristische Berufe","https://www.gtg-recht.de/karriere","Groenewold · Tiedemann · Griffel Rechtsanwälte","Hamburg","legacy","2026-04-05","2026-06-02"
"Initiativbewerbung für juristische Berufe und Kanzleimitarbeiter (m/w/x)","https://kanzlei-technologiepark.de/karriere.html","Kanzlei im Technologiepark Peter Suminski","Paderborn","legacy","2026-04-03","2026-06-02"
"Initiativbewerbungen für Rechtsanwaltsfachangestellte (m/w/d)","https://rp-erbrecht.de/stellenangebote","RPE Roglmeier Pranzo | Kanzlei für Erbrecht Stuttgart","München","legacy","2026-04-03","2026-06-02"
"Inkasso Manager (m/w/d) | bundesweit remote","https://www.stepstone.de/stellenangebote--Inkasso-Manager-m-w-d-bundesweit-remote-bundesweit-Home-Office-HAPEKO-Deutschland-GmbH--13947838-inline.html?rltr=1242_17_25_seorl_m_1_0_0_0_0_0","HAPEKO Deutschland GmbH","bundesweit, Home-Office","legacy","2026-04-24","2026-06-02"
"Insolvenzsachbearbeiter (m/w/d)","http://www.dettmer-rechtsanwaelte.de/home-1","Dettmer Rechtsanwälte","Köln","legacy","2026-04-03","2026-06-02"
"Insolvenzsachbearbeiter (m/w/d)","https://de.indeed.com/viewjob?jk=6193117a4be521e6","GÖRG Partnerschaft von Rechtsanwälten mbB","20457 Hamburg","legacy","2026-04-20","2026-06-02"
"Insolvenzsachbearbeiter (m/w/d)","https://www.schiebe.de/karriere","Schiebe und Collegen","Mainz","legacy","2026-05-05","2026-06-02"
"Insolvenzsachbearbeiter (m/w/d)","https://de.indeed.com/viewjob?jk=d9994551da10531e","Streitbörger PartGmbB","44649 Herne","legacy","2024-12-09","2026-06-02"
"Insolvenzsachbearbeiter (m/w/d) - Insolvenztabelle","https://de.indeed.com/viewjob?jk=118786fd9b6e4425","White & Case LLP","44137 Dortmund","legacy","2026-03-31","2026-06-02"
"Insolvenzsachbearbeiter (m/w/d) Schwerpunkt Schlussberichte & Vergütung","https://www.stepstone.de/stellenangebote--Insolvenzsachbearbeiter-m-w-d-Schwerpunkt-Schlussberichte-Verguetung-Hamburg-BRL-BOEGE-ROHDE-LUEBBEHUESEN--13868982-inline.html?rltr=139_14_25_seorl_s_0_0_0_0_0_0","BRL BOEGE ROHDE LUEBBEHUESEN","Hamburg","legacy","2026-04-23","2026-06-02"
"Insolvenzsachbearbeiter (m/w/d) mit Flexibilität & Perspektive – Voll-/Teilzeit","https://de.indeed.com/viewjob?jk=e09c4136eb084577","Schiebe und Collegen","54296 Trier","legacy","2026-01-26","2026-06-02"
"Insolvenzsachbearbeiter - Insolvenztabelle / Kanzlei (m/w/d)","https://www.stepstone.de/stellenangebote--Insolvenzsachbearbeiter-Insolvenztabelle-Kanzlei-m-w-d-Dortmund-White-Case-LLP--13863683-inline.html?rltr=295_20_25_seorl_s_0_0_0_0_1_0","White & Case LLP","Dortmund","legacy","2026-04-20","2026-06-02"
"Insolvenzsachbearbeiter/in Unternehmensinsolvenzen (m/w/d)","https://www.stepstone.de/stellenangebote--Insolvenzsachbearbeiter-in-Unternehmensinsolvenzen-m-w-d-Dresden-Erfurt-Hamburg-Hannover-Koeln-Leipzig-ECKERT-Rechtsanwaelte-Steuerberater-Partnerschaftsgesellschaft--13313581-inline.html?rltr=282_7_25_seorl_s_0_0_0_0_0_0","ECKERT Rechtsanwälte Steuerberater Partnerschaftsgesellschaft","Dresden, Erfurt, Hamburg, Hannover, Köln, Leipzig","legacy","2026-04-17","2026-06-02"
"Insolvenzsachbearbeiter/in Verbraucherinsolvenzen (m/w/d)","https://www.stepstone.de/stellenangebote--Insolvenzsachbearbeiter-in-Verbraucherinsolvenzen-m-w-d-Erfurt-Hannover-Koeln-Wiesbaden-ECKERT-Rechtsanwaelte-Steuerberater-Partnerschaftsgesellschaft--13313547-inline.html?rltr=283_8_25_seorl_s_0_0_0_0_0_0","ECKERT Rechtsanwälte Steuerberater Partnerschaftsgesellschaft","Erfurt, Hannover, Köln, Wiesbaden","legacy","2026-04-17","2026-06-02"
"Insolvenzsachbearbeiter/in bzw. Rechtsanwaltsfachangestellte/r (m/w/d)","https://www.atn-ra.de/kanzlei/karriere/insolvenzsachbearbeiterinnen-insolvenzsachbearbeiter-standorte-remscheid-und-koeln","ATN D'AVOINE TEUBLER NEU Rechtsanwälte","Köln","legacy","2026-04-03","2026-06-02"
"Insolvenzsachbearbeiter/in bzw. Rechtsanwaltsfachangestellte/r (m/w/d)","https://www.atn-ra.de/kanzlei/karriere/insolvenzsachbearbeiterinnen-insolvenzsachbearbeiter-bzw-rechtsanwaltsfachangestellte-2","ATN D'AVOINE TEUBLER NEU Rechtsanwälte","Ratingen","legacy","2026-04-03","2026-06-02"
"Insolvenzsachbearbeiter/in bzw. Rechtsanwaltsfachangestellte/r (m/w/d)","https://www.atn-ra.de/kanzlei/karriere/insolvenzverwaltungteam-jobs-wuppertal","ATN D'AVOINE TEUBLER NEU Rechtsanwälte","Wuppertal","legacy","2026-04-03","2026-06-02"
"Insolvenzsachbearbeiterin (m/w/d)","https://de.indeed.com/viewjob?jk=6502616827d85a7e","hww hermann wienberg wilhelm Rechtsanwälte Partnerschaft","10707 Berlin","legacy","2026-04-07","2026-06-02"
"Insurance & Claims Specialist (m/w/d) - Transport-/Verkehrshaftungsversicherung (m/w/d)","https://www.stepstone.de/stellenangebote--Insurance-Claims-Specialist-m-w-d-Transport-Verkehrshaftungsversicherung-m-w-d-Hamburg-Fr-Meyers-Sohn-GmbH-Co-KG--13837373-inline.html?rltr=1307_7_25_seorl_m_0_0_0_0_0_0","Fr. Meyer's Sohn (GmbH & Co.) KG","Hamburg","legacy","2026-04-14","2026-06-02"
"Internal Legal Counsel - Infrastructure Projects (m/w/d) VZ/TZ","https://www.stepstone.de/stellenangebote--Internal-Legal-Counsel-Infrastructure-Projects-m-w-d-VZ-TZ-Sulzbach-Kraftblock-GmbH--13621949-inline.html?rltr=83_8_25_seorl_m_0_0_0_0_0_0","Kraftblock GmbH","Sulzbach","legacy","2026-04-23","2026-06-02"
"International Contract Manager / Syndikusanwalt / Wirtschaftsjurist (m/w/d) für Vertragsrecht","https://www.stepstone.de/stellenangebote--International-Contract-Manager-Syndikusanwalt-Wirtschaftsjurist-m-w-d-fuer-Vertragsrecht-Moringen-Piller-Blowers-Compressors-GmbH--13836756-inline.html?rltr=226_1_25_seorl_m_0_0_0_0_0_0","Piller Blowers & Compressors GmbH","Moringen","legacy","2026-04-14","2026-06-02"
"Jahrespraktikant (m/w/d)","https://www.caesar-preller.de/jobs","Rechtsanwaltskanzlei Cäsar-Preller","Wiesbaden","legacy","2026-04-03","2026-06-02"
"Jahrespraktikant/ Jahrespraktikantin der Fachoberschule Recht und Verwaltung","https://www.pi-kanzlei.de/rechtsanwaltskanzlei-hannover/bewerbung-karriere","Kanzlei Inhestern","Hannover","legacy","2026-04-03","2026-06-02"
"Jahrespraktikanten (m/w/d) Schuljahr 2024/25","https://www.pss-rechtsanwaelte.de/jobs","PSS Rechtsanwälte","Wiesbaden","legacy","2026-04-03","2026-06-02"
"Jahrespraktikum (Fachhochschulreife)","https://kanzlei-schimp.de/karriere","Kanzlei Schimp - Rechtsanwältin Aufenthaltsrecht Wiesbaden, Rechtsanwalt Strafrecht, Einbürgerung","Wiesbaden","legacy","2026-04-03","2026-06-02"
"Jahrespraktikum (schulische Ausbildung)","https://recht-hs4.de/jobs","Brand | Müller | Dr. Port - Rechtsanwälte","Kassel","legacy","2026-04-03","2026-06-02"
"Jahrespraktikum zur Erlangung der Fachhochschulreife","https://www.kanzlei-jsh.de/job-karriere","Kanzlei JSH - Rechtsanwältin Jessica Schwerdt (ehemals Müller-Horaczek)","Wiesbaden","legacy","2026-04-03","2026-06-02"
"Jobs für Studierende (m/w/d)","https://www.heckmann.net/stellenangebote","Anwaltskanzlei Heckmann, Kanzlei für Privatinsolvenz und Schuldnerberatung Charlottenburg","Berlin","legacy","2026-04-02","2026-06-02"
"Junganwalt:in (m/w/d)","https://www.martin-anwaelte.de/job/junganwaltin-m-w-d","MARTIN RECHTSANWÄLTE","Karlsruhe","legacy","2026-04-03","2026-06-02"
"Junior / Senior Wirtschaftsprüfung für EU-Audits / Mittelverwendungsprüfungen / Energy-Audits / energiewirtschaftliche Sonderprüfungen (m/w/d)","https://www.neumann-schmeer.de/2024/05/21/pruefungsassistent-mitarbeiter-im-bereich-jahresabschlusspruefung-m-w-d","Dr. Maubach - NS+P Dr. Neumann Schmeer und Partner mbB","Aachen","legacy","2026-04-02","2026-06-02"
"Junior Berater Interne Revision (m/w/d)","https://www.curacon.de/karriere-bei-curacon/stellenangebote/stellen/junior-berater-interne-revision-m-w-d-1","CURACON GmbH","bundesweit","legacy","2026-05-05","2026-06-02"
"Junior Consultant Datenschutz - Jura / Compliance (m/w/d)","https://www.stepstone.de/stellenangebote--Junior-Consultant-Datenschutz-Jura-Compliance-m-w-d-Pforzheim-DSBE-GmbH--13869781-inline.html?rltr=2121_21_25_seorl_s_0_0_0_0_1_0","DSBE GmbH","Pforzheim","legacy","2026-04-23","2026-06-02"
"Junior Consultant Datenschutz - Recht / Informationssicherheit (m/w/d)","https://www.stepstone.de/stellenangebote--Junior-Consultant-Datenschutz-Recht-Informationssicherheit-m-w-d-Bayreuth-Workwise-GmbH--13869779-inline.html?rltr=2126_1_25_seorl_s_0_0_0_0_1_0","Workwise GmbH","Bayreuth","legacy","2026-04-23","2026-06-02"
"Junior Jurist (m/w/d)","https://de.indeed.com/viewjob?jk=3f528d271175d929","J. Bünting ﻿﻿Beteiligungs﻿﻿ AG","26845 Nortmoor","legacy","2026-03-18","2026-06-02"
"Junior Legal Counsel IP (m/w/d)","https://de.indeed.com/viewjob?jk=861838425d2ed327","Dürr Dental SE","Bietigheim-Bissingen","legacy","2026-03-19","2026-06-02"
"Junior Paralegal (m/w/d)","https://www.stepstone.de/stellenangebote--Junior-Paralegal-m-w-d-Melle-Tetra-GmbH--13850208-inline.html?rltr=116_16_25_seorl_m_0_0_0_0_1_0","Tetra GmbH","Melle","legacy","2026-04-16","2026-06-02"
"Junior Projektleiter (w/m/d) Wiesent Eventdekoration","https://www.xing.com/jobs/muenchen-junior-projektleiter-wiesent-eventdekoration-149656719","Niedergesäß Stephan","München","legacy","2026-04-02","2026-06-02"
"Junior Referentin / Referent (w/m/d) Beteiligungen","https://www.stepstone.de/stellenangebote--Junior-Referentin-Referent-w-m-d-Beteiligungen-Duesseldorf-Rheinischer-Sparkassen-und-Giroverband--13915580-inline.html?rltr=679_4_25_seorl_m_0_0_0_0_1_0","Rheinischer Sparkassen- und Giroverband","Düsseldorf","legacy","2026-04-16","2026-06-02"
"Junior Vertrags- und Angebotsmanager:in Umwelt- & Geo-Services","https://www.stepstone.de/stellenangebote--Junior-Vertrags-und-Angebotsmanager-in-Umwelt-Geo-Services-Duisburg-Deutsche-Bahn-AG--13939242-inline.html?rltr=337_12_25_seorl_s_0_0_0_0_0_0","Deutsche Bahn AG","Duisburg","legacy","2026-04-23","2026-06-02"
"Junior Vertriebsmanager:in (m/w/d) -   Legal-Tech mit Zukunft!                      Gestalte digitale Kanzleien und baue deine eigene Kundenbasis auf - mit ungedeckelter Provision und Firmenwagen!","https://www.stepstone.de/stellenangebote--Junior-Vertriebsmanager-in-m-w-d-Legal-Tech-mit-Zukunft-Gestalte-digitale-Kanzleien-und-baue-deine-eigene-Kundenbasis-auf-mit-ungedeckelter-Provision-und-Firmenwagen-Bergisch-Gladbach-RA-MICRO-Vertriebs-GmbH-Koeln--13378951-inline.html?rltr=1406_6_25_seorl_m_0_0_0_0_0_0","RA-MICRO Vertriebs GmbH Köln","Bergisch Gladbach","legacy","2026-04-24","2026-06-02"
"Junior) Customer Service Manager (Guest Feedback) (all gender) für die Marke Mein Schiff","https://www.stepstone.de/stellenangebote--Junior-Customer-Service-Manager-Guest-Feedback-all-gender-fuer-die-Marke-Mein-Schiff-Hamburg-TUI-Cruises-GmbH--13848475-inline.html?rltr=1420_20_25_seorl_m_0_0_0_0_0_0","TUI Cruises GmbH","Hamburg","legacy","2026-04-16","2026-06-02"
"Junior) Investmentmanager (w/m/d)","https://www.stepstone.de/stellenangebote--Junior-Investmentmanager-w-m-d-Berlin-Velero-Management-GmbH--13868870-inline.html?rltr=1459_9_25_seorl_m_0_0_0_0_1_0","Velero Management GmbH","Berlin","legacy","2026-04-23","2026-06-02"
"Junior) Jurist (alle*) IT- und Datenschutzrecht","https://www.stepstone.de/stellenangebote--Junior-Jurist-alle-IT-und-Datenschutzrecht-Koeln-HAEVG-Hausaerztliche-Vertragsgemeinschaft-AG--13849823-inline.html?rltr=190_15_25_seorl_s_0_0_0_0_0_0","HÄVG Hausärztliche Vertragsgemeinschaft AG","Köln","legacy","2026-04-16","2026-06-02"
"Junior) Legal & Compliance Specialist (m/w/d)","https://www.stepstone.de/stellenangebote--Junior-Legal-Compliance-Specialist-m-w-d-Koeln-Matratzen-Concord-GmbH--13868191-inline.html?rltr=131_6_25_seorl_s_0_0_0_0_0_0","Matratzen Concord GmbH","Köln","legacy","2026-04-23","2026-06-02"
"Junior) Legal Counsel (m/w/d)","https://de.indeed.com/viewjob?jk=b8034ca12ccd857d","CYBEX","95448 Bayreuth","legacy","2026-03-02","2026-06-02"
"Junior) Legal Counsel / Syndikusanwalt (m/w/d)","https://de.indeed.com/viewjob?jk=651209f710115a8d","Swiss Steel Holding AG","Düsseldorf","legacy","2026-03-24","2026-06-02"
"Junior) Legal Counsel Labour Relations (m/w/d)","https://www.stepstone.de/stellenangebote--Junior-Legal-Counsel-Labour-Relations-m-w-d-Gummersbach-FERCHAU-Connecting-People-and-Technologies--13596919-inline.html?rltr=62_12_25_seorl_m_0_0_0_0_0_0","FERCHAU – Connecting People and Technologies","Gummersbach","legacy","2026-04-03","2026-06-02"
"Junior) Sachbearbeiter im Forderungseinzug/Inkasso (m/w/d)","https://de.indeed.com/viewjob?jk=060da8dd402b7397","LEGIAL","München","legacy","2026-02-10","2026-06-02"
"Junior*in-Volljurist*in (m/w/d) Elternzeitvertretung, befristet auf bis zu maximal 3 Jahre","https://www.stepstone.de/stellenangebote--Juniorin-Volljuristin-m-w-d-Elternzeitvertretung-befristet-auf-bis-zu-maximal-3-Jahre-Bochum-VBW-Bauen-und-Wohnen-GmbH--13853867-inline.html?rltr=65_15_25_seorl_m_0_0_0_0_1_0","VBW Bauen und Wohnen GmbH","Bochum","legacy","2026-04-17","2026-06-02"
"Junior-) Referent (m/w/d) Recht","https://www.stepstone.de/stellenangebote--Junior-Referent-m-w-d-Recht-Bad-Homburg-vor-der-Hoehe-Taunus-Sparkasse--13928667-inline.html?rltr=80_5_25_seorl_m_0_0_0_0_0_0","Taunus Sparkasse","Bad Homburg vor der Höhe","legacy","2026-04-20","2026-06-02"
"Junior-) Vertragsmanager (w/m/d) gewerbliche Sach- Versicherung","https://www.stepstone.de/stellenangebote--Junior-Vertragsmanager-w-m-d-gewerbliche-Sach-Versicherung-Hannover-VHV-Gruppe--13888780-inline.html?rltr=320_20_25_seorl_s_0_0_0_0_1_0","VHV Gruppe","Hannover","legacy","2026-04-25","2026-06-02"
"Juniorberater (m / w / d)","https://www.stepstone.de/stellenangebote--Juniorberater-m-w-d-Ahaus-BLP-GmbH--11684633-inline.html?rltr=1566_16_25_seorl_m_0_0_0_0_1_0","BLP GmbH","Ahaus","legacy","2026-04-19","2026-06-02"
"Jura Student / Referendar / Trainee (m/w/d)","https://jurix.de/job/referendar-trainee-werkstudent-im-verkehrsrecht-in-voll-oder-teilzeit-m-w-d","JURIX® | Unfallregulierung","Baden-Württemberg","legacy","2026-04-03","2026-06-02"
"Jura-Student:in (Uni) (m/w/d)","https://www.martin-anwaelte.de/job/jura-studentin-uni-m-w-d","MARTIN RECHTSANWÄLTE","Karlsruhe","legacy","2026-04-03","2026-06-02"
"Jurastudent für jur. Content-Erstellung (m/w/d)","https://www.stepstone.de/stellenangebote--Jurastudent-fuer-jur-Content-Erstellung-m-w-d-Fuerth-Corominas-Consulting-GmbH--12152861-inline.html?rltr=1601_1_25_seorl_m_0_0_0_0_1_0","Corominas Consulting GmbH","Fürth","legacy","2026-04-24","2026-06-02"
"Jurastudent/in (Rechtswissenschaft)","https://kanzleimitte.de/karriere","JUSTUS Rechtsanwälte","Berlin","legacy","2026-04-02","2026-06-02"
"Jurist (m/w/d)","https://www.kanzlei-menaker.de/unser-team","Kanzlei Menaker","Berlin","legacy","2026-04-02","2026-06-02"
"Jurist (m/w/d) / Wirschaftsjurist (m/w/d)","https://de.indeed.com/viewjob?jk=85c7c9cf1c8a98f2","Notar Peter Orth","55116 Mainz","legacy","2026-03-30","2026-06-02"
"Jurist (m/w/d) Tarif- und Arbeitsrecht sowie Tarifpolitik","https://www.stepstone.de/stellenangebote--Jurist-m-w-d-Tarif-und-Arbeitsrecht-sowie-Tarifpolitik-Wiesbaden-Arbeitgeberverband-Chemie-und-verwandte-Industrien-fuer-das-Land-Hessen-e-V--13752507-inline.html?rltr=373_23_25_seorl_m_0_0_0_0_0_0","Arbeitgeberverband Chemie und verwandte Industrien für das Land Hessen e. V.","Wiesbaden","legacy","2026-04-10","2026-06-02"
"Jurist (w/m/d)","https://www.stepstone.de/stellenangebote--Jurist-w-m-d-Neu-Isenburg-Apleona-GmbH--13850955-inline.html?rltr=1275_1275_25_seorl_m_0_0_0_0_0_0","Apleona GmbH","Neu-Isenburg","legacy","2026-04-16","2026-06-02"
"Jurist / Legal Counsel (m/w/d)","https://www.stepstone.de/stellenangebote--Jurist-Legal-Counsel-m-w-d-Solingen-BIA-Kunststoff-und-Galvanotechnik-GmbH-Co-KG--13849876-inline.html?rltr=43_18_25_seorl_m_0_0_0_0_1_0","BIA Kunststoff- und Galvanotechnik GmbH & Co. KG","Solingen","legacy","2026-04-16","2026-06-02"
"Jurist / Rechtsanwalt (m/w/d) mit Schwerpunkt Erbschaftsteuerrecht","https://karriere.etl.de/jobs-kanzleimatch","ETL Rechtsanwälte GmbH Rechtsanwaltsgesellschaft","Essen","legacy","2026-04-02","2026-06-02"
"Jurist / Wirtschaftsjurist – Privatrecht & Compliance w/m/d","https://www.stepstone.de/stellenangebote--Jurist-Wirtschaftsjurist-Privatrecht-Compliance-w-m-d-Mannheim-Riedlingen-SRH-Fernhochschule-The-Mobile-University--13842806-inline.html?rltr=212_12_25_seorl_s_0_0_0_0_0_0","SRH Fernhochschule – The Mobile University","Mannheim, Riedlingen","legacy","2026-04-15","2026-06-02"
"Jurist Arbeitsrecht (w/m/x)","https://www.stepstone.de/stellenangebote--Jurist-Arbeitsrecht-w-m-x-Regensburg-BMW-Group--13728345-inline.html?rltr=380_5_25_seorl_m_0_0_0_0_0_0","BMW Group","Regensburg","legacy","2026-04-05","2026-06-02"
"Jurist Internationales Arbeitsrecht (all genders) ‒ in Teilzeit","https://www.stepstone.de/stellenangebote--Jurist-Internationales-Arbeitsrecht-all-genders-in-Teilzeit-Muenchen-Fraunhofer-Gesellschaft-e-V--13842132-inline.html?rltr=360_10_25_seorl_m_0_0_0_0_0_0","Fraunhofer-Gesellschaft e.V.","München","legacy","2026-04-15","2026-06-02"
"Jurist Legal Tech: Volljurist, Wirtschaftsjurist, Rechtsinformatiker","https://de.indeed.com/viewjob?jk=496c7fd7afad6c3f","cyberintelligence.institute","10117 Berlin","legacy","2026-04-23","2026-06-02"
"Jurist Teilzeit (m/w/d) für Frankfurt a. Main","https://www.stepstone.de/stellenangebote--Jurist-Teilzeit-m-w-d-fuer-Frankfurt-a-Main-Frankfurt-a-Main-HAPEKO-Deutschland-GmbH--13953421-inline.html?rltr=94_19_25_seorl_m_1_0_0_0_0_0","HAPEKO Deutschland GmbH","Frankfurt a. Main","legacy","2026-04-27","2026-06-02"
"Jurist(in), Jurastudent(in) (m/w/d) für Buchprojekte gesucht","https://de.indeed.com/viewjob?jk=93115dce3781b620","VmuR Verlag Mittelstand und Recht","Home Office","legacy","2026-04-13","2026-06-02"
"Jurist*in (m/w/d) Private Clients – Erbrecht, Notariat & Steuerrecht","https://www.stepstone.de/stellenangebote--Juristin-m-w-d-Private-Clients-Erbrecht-Notariat-Steuerrecht-Frankfurt-am-Main-GvW-Graf-von-Westphalen-Rechtsanwaelte-Steuerberater-Partnerschaft-mbB--13815260-inline.html?rltr=856_6_25_seorl_m_0_0_0_0_1_0","GvW Graf von Westphalen Rechtsanwälte Steuerberater Partnerschaft mbB","Frankfurt am Main","legacy","2026-04-25","2026-06-02"
"Jurist*in/Wirtschaftsjurist*in (m/w/d)","https://www.stepstone.de/stellenangebote--Juristin-Wirtschaftsjuristin-m-w-d-Berlin-MAX-DELBRUECK-CENTRUM-FUER-MOLEKULARE-MEDIZIN--13901747-inline.html?rltr=244_19_25_seorl_s_0_0_0_0_1_0","MAX-DELBRÜCK-CENTRUM FÜR MOLEKULARE MEDIZIN","Berlin","legacy","2026-04-13","2026-06-02"
"Jurist/Lawyer (Corporate) - m/w/d","https://de.indeed.com/viewjob?jk=68c0943645187661","TMF Group","Frankfurt am Main","legacy","2026-03-13","2026-06-02"
"Jurist/in (m/w/d) Schadenbearbeitung Haftpflicht- und Unfallversicherung","https://www.stepstone.de/stellenangebote--Jurist-in-m-w-d-Schadenbearbeitung-Haftpflicht-und-Unfallversicherung-Berlin-Funk-Internationaler-Versicherungsmakler-und-Risk-Consultant--13535054-inline.html?rltr=394_19_25_seorl_m_1_0_0_0_0_0","Funk - Internationaler Versicherungsmakler und Risk Consultant","Berlin","legacy","2026-04-18","2026-06-02"
"Jurist/in IT-Recht m/d/w","https://www.stepstone.de/stellenangebote--Jurist-in-IT-Recht-m-d-w-Bonn-SiCoDa-GmbH--13925052-inline.html?rltr=587_12_25_seorl_m_0_0_0_0_0_0","SiCoDa GmbH","Bonn","legacy","2026-04-18","2026-06-02"
"Jurist:in (rechtliche Expertise)","https://rightmart.group/jobs","rightmart GmbH","Berlin","legacy","2026-04-02","2026-06-02"
"Jurist:in für projektbasierte Mitarbeit","https://www.dr-schulte.de/jurist-gesucht","Dr. Thomas Schulte Rechtsanwalt","Deutschlandweit","legacy","2026-04-02","2026-06-02"
"Jurist:in im Sozialrecht (m/w/d) sowie Leitung der Stabsstelle „Projekte“","https://www.stepstone.de/stellenangebote--Jurist-in-im-Sozialrecht-m-w-d-sowie-Leitung-der-Stabsstelle-Projekte-Hamburg-Sozialverband-Deutschland-SoVD-Landesverband-Hamburg-e-V--13837166-inline.html?rltr=362_12_25_seorl_m_0_0_0_0_1_0","Sozialverband Deutschland, SoVD-Landesverband Hamburg e.V.","Hamburg","legacy","2026-04-14","2026-06-02"
"Juristen","https://www.curant-ra.com/","Curant Rechtsanwaltsgesellschaft mbH","Berlin","legacy","2026-04-02","2026-06-02"
"Juristen/Diplomjuristen/Juristen (FH)","http://www.kanzlei-nonnenmacher.de/karriere/rechtsanwaelte-und-juristen","NONNENMACHER & DROTLEFF Fachanwaltskanzlei","Pforzheim","legacy","2026-04-03","2026-06-02"
"Juristin (m/w/d)","https://de.indeed.com/viewjob?jk=d86f3a24fc46dfe7","cvbj","50823 Köln","legacy","2026-03-31","2026-06-02"
"Juristin / Juristen / Fachreferentin /-referenten (m/w/d) im Stabsbereich des Vorstandes","https://www.stepstone.de/stellenangebote--Juristin-Juristen-Fachreferentin-referenten-m-w-d-im-Stabsbereich-des-Vorstandes-Berlin-Medizinischer-Dienst-Berlin-Brandenburg-e-V--13881799-inline.html?rltr=601_1_25_seorl_m_0_0_0_0_1_0","Medizinischer Dienst Berlin-Brandenburg e.V.","Berlin","legacy","2026-04-25","2026-06-02"
"Juristische Mitarbeitende (m/w/d)","http://www.brandi.net/ueber-brandi/karriere/juristische-mitarbeitende/paderborn-juristische-mitarbeitende-mwd","BRANDI Rechtsanwälte Partnerschaft mbB","Paderborn","legacy","2026-04-02","2026-06-02"
"Juristische Mitarbeiter","https://www.advofleet.de/studium-referendariat","Advofleet Rechtsanwaltsgesellschaft mbH","bundesweit","legacy","2026-04-05","2026-06-02"
"Juristische Mitarbeiter","http://www.bg-anwalt.de/karriere.html","Dr. Miluscheva Rechtsanwaltskanzlei/ Адвокатска кантора/ Studio legale/ Law office","München","legacy","2026-04-03","2026-06-02"
"Juristische*n Referent*in / Syndikusrechtsanwält*in für Baurecht","https://www.stepstone.de/stellenangebote--Juristischen-Referentin-Syndikusrechtsanwaeltin-fuer-Baurecht-Muenchen-Max-Planck-Gesellschaft-zur-Foerderung-der-Wissenschaften-e-V--13864513-inline.html?rltr=249_24_25_seorl_m_0_0_0_0_1_0","Max-Planck-Gesellschaft zur Förderung der Wissenschaften e. V.","München","legacy","2026-04-22","2026-06-02"
"Juristischer Mitarbeiter (m/w/d)","https://de.indeed.com/viewjob?jk=4e954fca974854aa","Landratsamt Heidenheim","89518 Heidenheim an der Brenz","legacy","2026-03-09","2026-06-02"
"Juristischer Mitarbeiter (z. B. für Recherchen, Schriftsätze)","https://kanzlei-ratio.de/karriere","Kanzlei Ratio - Rechtsanwälte für Straf- und Verkehrsrecht","Norderstedt","legacy","2026-04-05","2026-06-02"
"Juristischer Referent (m/w/d) mit Schwerpunkt im Verwaltungsrecht","https://www.stepstone.de/stellenangebote--Juristischer-Referent-m-w-d-mit-Schwerpunkt-im-Verwaltungsrecht-Hannover-Psychotherapeutenkammer-Niedersachsen-KdoeR--13714838-inline.html?rltr=86_11_25_seorl_s_0_0_0_0_1_0","Psychotherapeutenkammer Niedersachsen KdöR","Hannover","legacy","2026-04-27","2026-06-02"
"Juristischer Referent (m/w/x) für die Stabsstelle Kirchliche Aufsicht","https://www.stepstone.de/stellenangebote--Juristischer-Referent-m-w-x-fuer-die-Stabsstelle-Kirchliche-Aufsicht-Regensburg-Bischoefliches-Ordinariat-Regensburg--13865050-inline.html?rltr=169_19_25_seorl_s_0_0_0_0_1_0","Bischöfliches Ordinariat Regensburg","Regensburg","legacy","2026-04-22","2026-06-02"
"Juristischer Referent + Betriebsarbeit Springer (m/w/d)","https://www.stepstone.de/stellenangebote--Juristischer-Referent-Betriebsarbeit-Springer-m-w-d-Frankfurt-am-Main-Sozialverband-VdK-Hessen-Thueringen-e-V--13858521-inline.html?rltr=388_13_25_seorl_s_0_0_0_0_1_0","Sozialverband VdK Hessen-Thüringen e. V.","Frankfurt am Main","legacy","2026-04-17","2026-06-02"
"Justizangestellte (m/w/d) bei der bayerischen Justiz","https://www.stepstone.de/stellenangebote--Justizangestellte-m-w-d-bei-der-bayerischen-Justiz-Wuerzburg-Justiz-in-Bayern--13694116-inline.html?rltr=223_23_25_seorl_m_0_0_0_0_1_0","Justiz in Bayern","Würzburg","legacy","2026-04-13","2026-06-02"
"Justizangestellte / Justizangestellter (m/w/d) in der Serviceeinheit","https://www.stepstone.de/stellenangebote--Justizangestellte-Justizangestellter-m-w-d-in-der-Serviceeinheit-Kempten-Justiz-in-Bayern--13876179-inline.html?rltr=108_8_25_seorl_m_0_0_0_0_1_0","Justiz in Bayern","Kempten","legacy","2026-04-24","2026-06-02"
"Justizangestellte/r (m/w/d)","https://www.stepstone.de/stellenangebote--Justizangestellte-r-m-w-d-Fuerth-Bayern-Amtsgericht-Fuerth--13941858-inline.html?rltr=298_23_25_seorl_m_0_0_0_0_0_0","Amtsgericht Fürth","Fürth Bayern","legacy","2026-04-23","2026-06-02"
"Justizangestellte/r (m/w/d) bei der bayerischen Justiz","https://www.stepstone.de/stellenangebote--Justizangestellte-r-m-w-d-bei-der-bayerischen-Justiz-Muenchen-Justiz-in-Bayern--13865605-inline.html?rltr=202_2_25_seorl_m_0_0_0_0_1_0","Justiz in Bayern","München","legacy","2026-04-22","2026-06-02"
"Justizangestellte/r (m/w/d) bei der bayerischen Justiz","https://www.stepstone.de/stellenangebote--Justizangestellte-r-m-w-d-bei-der-bayerischen-Justiz-Rosenheim-Justiz-in-Bayern--13855591-inline.html?rltr=235_10_25_seorl_m_0_0_0_0_1_0","Justiz in Bayern","Rosenheim","legacy","2026-04-17","2026-06-02"
"Justizangestellter (m/w/d) im Justizwachtmeisterdienst","https://www.stepstone.de/stellenangebote--Justizangestellter-m-w-d-im-Justizwachtmeisterdienst-Greiz-Amtsgericht-Greiz--13913177-inline.html?rltr=757_7_25_seorl_m_0_0_0_0_0_0","Amtsgericht Greiz","Greiz","legacy","2026-04-15","2026-06-02"
"Justizbeschäftigte (m/w/d) in der Verwaltung bei dem Landgericht Koblenz","https://de.indeed.com/viewjob?jk=d6ef1f1119357d27","Staatskanzlei Rheinland-Pfalz","56068 Koblenz","legacy","2026-04-15","2026-06-02"
"Justizbeschäftigter (m/w/d)","https://de.indeed.com/viewjob?jk=94a131791bb0b4e8","Staatskanzlei Rheinland-Pfalz","56112 Lahnstein","legacy","2026-03-20","2026-06-02"
"Justizbeschäftigter (w/m/d) im Justizwachtmeisterdienst","https://www.stepstone.de/stellenangebote--Justizbeschaeftigter-w-m-d-im-Justizwachtmeisterdienst-Betzdorf-Sieg-Amtsgericht-Betzdorf--13907729-inline.html?rltr=810_10_25_seorl_m_0_0_0_0_1_0","Amtsgericht Betzdorf","Betzdorf Sieg","legacy","2026-04-14","2026-06-02"
"Justizfachwirt (m/w/d)","https://de.indeed.com/viewjob?jk=b9325cb5a4243115","Landesportal Sachsen-Anhalt","Stendal","legacy","2026-03-13","2026-06-02"
"Justiziar (m/w/d) Hochschul- und Verwaltungsrecht","https://www.stepstone.de/stellenangebote--Justiziar-m-w-d-Hochschul-und-Verwaltungsrecht-Pforzheim-Hochschule-Pforzheim--13856585-inline.html?rltr=175_175_25_seorl_s_0_0_0_0_0_0","Hochschule Pforzheim","Pforzheim","legacy","2026-04-17","2026-06-02"
"Justiziar und Teamleitung (m/w/d)","https://www.stepstone.de/stellenangebote--Justiziar-und-Teamleitung-m-w-d-Stuttgart-Landesanstalt-fuer-Kommunikation-Baden-Wuerttemberg--13849439-inline.html?rltr=195_20_25_seorl_s_0_0_0_0_1_0","Landesanstalt für Kommunikation Baden-Württemberg","Stuttgart","legacy","2026-04-16","2026-06-02"
"Justiziar*in (m/w/d)","https://www.stepstone.de/stellenangebote--Justiziarin-m-w-d-Erfurt-Thueringer-Fernwasserversorgung--13869118-inline.html?rltr=97_22_25_seorl_s_0_0_0_0_1_0","Thüringer Fernwasserversorgung","Erfurt","legacy","2026-04-23","2026-06-02"
"Justiziar/-in (m/w/d) Stabstelle Recht","https://www.stepstone.de/stellenangebote--Justiziar-in-m-w-d-Stabstelle-Recht-Frankfurt-Frankfurt-University-of-Applied-Sciences--13954041-inline.html?rltr=40_15_25_seorl_s_0_0_0_0_0_0","Frankfurt University of Applied Sciences","Frankfurt","legacy","2026-04-27","2026-06-02"
"KANZLEILEITUNG (m/w/d) – Organisationstalent und gute Seele","https://angerercollegen.com/karriere","Angerer Hundt & Collegen Rechtsanwaltsgesellschaft mbH","Siegen","legacy","2026-04-03","2026-06-02"
"Kanzlei-/Officemanagement (m/w/d)","https://www.beinertpartner.de/karriere.html","Beinert & Partner Rechtsanwälte Partnerschaft mbB","Karlsruhe","legacy","2026-04-05","2026-06-02"
"Kanzleiassistenz Arbeitsrecht (m/w/d) – Teilzeit (20–25 Stunden)","https://www.stepstone.de/stellenangebote--Kanzleiassistenz-Arbeitsrecht-m-w-d-Teilzeit-20-25-Stunden-Berlin-Heither-Partnerschaft-von-Rechtsanwaelten-mbB--13904654-inline.html?rltr=126_1_25_seorl_m_0_0_0_0_1_0","Heither Partnerschaft von Rechtsanwälten mbB","Berlin","legacy","2026-04-14","2026-06-02"
"Kanzleimanager (m/w/d)","https://www.kanzlei-hufnagel.de/kanzleimanager.php","Kanzlei Hufnagel","München","legacy","2026-04-03","2026-06-02"
"Karriere bei Gessner Rechtsanwälte","https://gessnerlaw.de/","GESSNER Rechtsanwälte Partnerschaftsgesellschaft mbB","Saarbrücken","legacy","2026-04-05","2026-06-02"
"Karriereportal Anwälte und Rechtsanwaltsfachangestellte","http://www.nonnenmacher.de/karriere","Nonnenmacher Rechtsanwälte und Steuerberater","Karlsruhe","legacy","2026-04-05","2026-06-02"
"Kauffrau / Kaufmann für Büromanagement (m/w/d)","https://www.sponagel-recht.de/karriere-sekretaer-in","Dr. Moritz Sponagel Insolvenzverwalter","Hannover","legacy","2026-04-03","2026-06-02"
"Kauffrau/-mann für Bürokommunikation / Kauffrau/-mann für Büromanagement (m/w/d)","https://jurformedic.de/stellenangebote","Jurformedic Rechtsanwälte","Köln","legacy","2026-04-03","2026-06-02"
"Kauffrau/-mann für Büromanagement (w/m/d)","https://www.solmecke.eu/kaufrau-mann","Solmecke Rechtsanwälte PartGmbB","Zentrale/Unbekannt","legacy","2026-04-02","2026-06-02"
"Kauffrau/Kaufmann für Büromanagement (w/m/d)","https://lahtz.de/karriere/buromanagement","Lahtz und Partner","Duisburg","legacy","2026-04-02","2026-06-02"
"Kaufleute für Büromanagement / Rechtsanwaltsfachangestellte/r (m/w/d)","https://www.stepstone.de/stellenangebote--Kaufleute-fuer-Bueromanagement-Rechtsanwaltsfachangestellte-r-m-w-d-Regensburg-DRPA-Partnerschaftsgesellschaft-mbB--13171420-inline.html?rltr=87_12_25_seorl_m_0_0_0_0_0_0","DRPA Partnerschaftsgesellschaft mbB","Regensburg","legacy","2026-04-17","2026-06-02"
"Kaufm. Quereinsteiger (m/w/d) - Einkommensteuerberatung","https://www.stepstone.de/stellenangebote--Kaufm-Quereinsteiger-m-w-d-Einkommensteuerberatung-Neuwied-Lohnsteuerhilfe-Bayern-e-V-Lohnsteuerhilfeverein--13927968-inline.html?rltr=614_14_25_seorl_m_0_0_0_0_1_0","Lohnsteuerhilfe Bayern e. V. Lohnsteuerhilfeverein","Neuwied","legacy","2026-04-20","2026-06-02"
"Kaufm. Quereinsteiger:in (w/m/d) - Einkommensteuerberatung","https://www.stepstone.de/stellenangebote--Kaufm-Quereinsteiger-in-w-m-d-Einkommensteuerberatung-Hannover-Lohnsteuerhilfe-Bayern-e-V-Lohnsteuerhilfeverein--13940631-inline.html?rltr=454_4_25_seorl_m_0_0_0_0_1_0","Lohnsteuerhilfe Bayern e. V. Lohnsteuerhilfeverein","Hannover","legacy","2026-04-23","2026-06-02"
"Kaufmännische Assistenz / Teamassistenz (m/w/d) in der Steuerstrukturierung","https://www.stepstone.de/stellenangebote--Kaufmaennische-Assistenz-Teamassistenz-m-w-d-in-der-Steuerstrukturierung-Hamburg-BRL-BOEGE-ROHDE-LUEBBEHUESEN--13868983-inline.html?rltr=816_16_25_seorl_m_0_0_0_0_0_0","BRL BOEGE ROHDE LUEBBEHUESEN","Hamburg","legacy","2026-04-23","2026-06-02"
"Kaufmännische Assistenz/ Sekretariat/ Teamassistenz (m/w/d) Sanierung und Insolvenz","https://www.stepstone.de/stellenangebote--Kaufmaennische-Assistenz-Sekretariat-Teamassistenz-m-w-d-Sanierung-und-Insolvenz-Berlin-BRL-BOEGE-ROHDE-LUEBBEHUESEN--13868976-inline.html?rltr=647_22_25_seorl_m_0_0_0_0_0_0","BRL BOEGE ROHDE LUEBBEHUESEN","Berlin","legacy","2026-04-23","2026-06-02"
"Kaufmännische/r Angestellte/r (m/w/d)","https://www.stepstone.de/stellenangebote--Kaufmaennische-r-Angestellte-r-m-w-d-Weil-der-Stadt-Dawood-Rechtsanwaelte--11322038-inline.html?rltr=1720_20_25_seorl_m_0_0_0_0_1_0","Dawood Rechtsanwälte","Weil der Stadt","legacy","2026-04-21","2026-06-02"
"Kaufmännische:r Mitarbeiter:in Rechnungswesen & Verträge (m/w/d)","https://www.stepstone.de/stellenangebote--Kaufmaennische-r-Mitarbeiter-in-Rechnungswesen-Vertraege-m-w-d-Muenster-Blue-Safety-Hygienetechnologie-GmbH--13790433-inline.html?rltr=834_9_25_seorl_m_0_0_0_0_0_0","Blue Safety Hygienetechnologie GmbH","Münster","legacy","2026-04-17","2026-06-02"
"Kaufmännischer Mitarbeiter (m/w/d) im Autohaus für die Bereiche Versicherung, Marketing und Datenschutz","https://www.stepstone.de/stellenangebote--Kaufmaennischer-Mitarbeiter-m-w-d-im-Autohaus-fuer-die-Bereiche-Versicherung-Marketing-und-Datenschutz-Muenchen-Autohaus-am-Olympiapark-GmbH--13836374-inline.html?rltr=262_12_25_seorl_s_0_0_0_0_1_0","Autohaus am Olympiapark GmbH","München","legacy","2026-04-14","2026-06-02"
"Kaufmännischer Mitarbeiter Audit/Wirtschaftsprüfung (m/w/d)","https://de.indeed.com/viewjob?jk=4dacef79b7321980","Deloitte GmbH","Leipzig","legacy","2026-01-27","2026-06-02"
"Kaufmännischer Projektmitarbeiter Contract Administration (m/w/d)","https://www.stepstone.de/stellenangebote--Kaufmaennischer-Projektmitarbeiter-Contract-Administration-m-w-d-Berlin-Bickenbach-bei-Darmstadt-Bochum-Crailsheim-Duesseldorf-Hamburg-Leipzig-Mannheim-CDM-Smith-SE--13855046-inline.html?rltr=88_13_25_seorl_m_1_0_0_0_1_0","CDM Smith SE","Berlin, Bickenbach (bei Darmstadt), Bochum, Crailsheim, Düsseldorf, Hamburg, Leipzig,  Mannheim","legacy","2026-04-17","2026-06-02"
"Kaufmännischer Sachbearbeiter (m/w/d) im Forderungsmanagement","https://de.indeed.com/viewjob?jk=4c8834cbc659d3dd","Utilitas GmbH","86368 Gersthofen","legacy","2026-04-07","2026-06-02"
"Kaufmännischer Sachbearbeiter Zahlungsmanagement / Payments (m/w/d) Berufserfahrene | Neckarsulm","https://de.indeed.com/viewjob?jk=9aceb5cfc6ce9e06","Schwarz Corporate Solutions","74172 Neckarsulm","legacy","2026-02-09","2026-06-02"
"Key-Account-Manager (m/w/d)","https://sterne-advo.de/karriere","STERNE-ADVO Rechtsanwälte","Düsseldorf","legacy","2026-04-02","2026-06-02"
"Kfm. Mitarbeiter* International Compliance *Geschlecht egal, Hauptsache gut","https://www.stepstone.de/stellenangebote--Kfm-Mitarbeiter-International-Compliance-Geschlecht-egal-Hauptsache-gut-Hamburg-take-e-way-GmbH--13864439-inline.html?rltr=60_10_25_seorl_m_0_0_0_0_0_0","take-e-way GmbH","Hamburg","legacy","2026-04-22","2026-06-02"
"Kfm. Mitarbeiter/in Vertragsmanagement mit juristischem Hintergrund (m/w/d)","https://www.stepstone.de/stellenangebote--Kfm-Mitarbeiter-in-Vertragsmanagement-mit-juristischem-Hintergrund-m-w-d-Koblenz-awk-AUSSENWERBUNG-GmbH--13850309-inline.html?rltr=221_21_25_seorl_m_0_0_0_0_1_0","awk AUSSENWERBUNG GmbH","Koblenz","legacy","2026-04-16","2026-06-02"
"Kodier –und Dokumentationsassistenten/Fallmanager (w/m/d) für die Klinik für Neurologie","https://www.stepstone.de/stellenangebote--Kodier-und-Dokumentationsassistenten-Fallmanager-w-m-d-fuer-die-Klinik-fuer-Neurologie-Brandenburg-an-der-Havel-Asklepios-Fachklinikum-Brandenburg-GmbH--13742051-inline.html?rltr=106_6_25_seorl_m_0_0_0_0_1_0","Asklepios Fachklinikum Brandenburg GmbH","Brandenburg an der Havel","legacy","2026-04-08","2026-06-02"
"Kodierfachkraft / DRG-Fallmanager (m/w/d)","https://www.stepstone.de/stellenangebote--Kodierfachkraft-DRG-Fallmanager-m-w-d-Muelheim-an-der-Ruhr-Contilia-GmbH--13865225-inline.html?rltr=208_8_25_seorl_m_0_0_0_0_1_0","Contilia GmbH","Mülheim an der Ruhr","legacy","2026-04-22","2026-06-02"
"Kooperationspartner/in (m/w/d)","https://kanzleihohnstock.de/karriere","Kanzlei Hohnstock","Bundesweit","legacy","2026-04-03","2026-06-02"
"Koordinator für gesetzliche Vorgaben und Verordnungen (m/w/d)","https://de.indeed.com/viewjob?jk=f81d995fe0af02ba","EDEKA Südwest Fleisch GmbH","76287 Rheinstetten","legacy","2026-03-19","2026-06-02"
"Kreditorenbuchhalter / Sachbearbeiter Kreditorenbuchhaltung (m/w/d) internen Rechnungswesen","https://www.stepstone.de/stellenangebote--Kreditorenbuchhalter-Sachbearbeiter-Kreditorenbuchhaltung-m-w-d-internen-Rechnungswesen-Bonn-Flick-Gocke-Schaumburg--13635653-inline.html?rltr=988_13_25_seorl_m_0_0_0_0_0_0","Flick Gocke Schaumburg","Bonn","legacy","2026-04-13","2026-06-02"
"Legal & Compliance Senior Expert (w/m/d)","https://www.stepstone.de/stellenangebote--Legal-Compliance-Senior-Expert-w-m-d-St-Johann-in-Tirol-Egger-Holzwerkstoffe-GmbH--13753214-inline.html?rltr=65_15_25_seorl_s_0_0_0_0_0_0","Egger Holzwerkstoffe GmbH","St. Johann in Tirol","legacy","2026-04-25","2026-06-02"
"Legal & Contract Manager (m/w/d)","https://www.stepstone.de/stellenangebote--Legal-Contract-Manager-m-w-d-Stephanskirchen-EAD-Eutermoser-Abrechnungsdienst-GmbH--13915195-inline.html?rltr=1314_14_25_seorl_m_0_0_0_0_1_0","EAD Eutermoser Abrechnungsdienst GmbH","Stephanskirchen","legacy","2026-04-16","2026-06-02"
"Legal Advisor Insurance (m/w/d) – Teilzeit 24h","https://www.stepstone.de/stellenangebote--Legal-Advisor-Insurance-m-w-d-Teilzeit-24h-Fischach-Aretsried-Unternehmensgruppe-Theo-Mueller-GmbH-Co-KG--13841988-inline.html?rltr=154_4_25_seorl_s_0_0_0_0_0_0","Unternehmensgruppe Theo Müller GmbH & Co. KG","Fischach-Aretsried","legacy","2026-04-15","2026-06-02"
"Legal Assistant/Support Lawyer im Bereich Arbeitsmigrationsrecht (m/w/d) für Stuttgart gesucht","https://www.vpmk.de/legal-assistant-support-lawyer-im-bereich-arbeitsmigrationsrecht-m-w-d-fuer-stuttgart-gesucht","vpmk Rechtsanwälte Legal Services PartmbB","Berlin","legacy","2026-04-02","2026-06-02"
"Legal Assistant/Support Lawyer im Bereich Gesellschaftsrecht (m/w/d) – Teilzeit für Stuttgart gesucht","https://www.vpmk.de/legal-assistant-support-lawyer-im-bereich-gesellschaftsrecht-m-w-d-teilzeit-fuer-stuttgart-gesucht","vpmk Rechtsanwälte Legal Services PartmbB","Stuttgart","legacy","2026-04-02","2026-06-02"
"Legal Council / Volljurist(in) für Arbeitsrecht und Betriebsratsbeziehungen (alle Geschlechter) – befristet bis 31.08.2027","https://de.indeed.com/viewjob?jk=d43af4e13dadaa80","MBition GmbH","10587 Berlin","legacy","2025-11-26","2026-06-02"
"Legal Counsel (m/f/d) (part-time with potential for full-time)","https://de.indeed.com/viewjob?jk=6b5c1fd9e09d3442","Yepoda","Berlin","legacy","2026-04-17","2026-06-02"
"Legal Counsel (m/w/d)","https://www.stepstone.de/stellenangebote--Legal-Counsel-m-w-d-Weilburg-FEIG-ELECTRONIC-GmbH--13885114-inline.html?rltr=13_13_25_seorl_m_0_0_0_0_1_0","FEIG ELECTRONIC GmbH","Weilburg","legacy","2026-04-25","2026-06-02"
"Legal Counsel (m/w/d) Animal Health","https://de.indeed.com/viewjob?jk=b7e1bc9aa75fb4ad","BI Corporate Center GmbH","Straße","legacy","2025-12-13","2026-06-02"
"Legal Counsel (m/w/d) in Teilzeit","https://www.stepstone.de/stellenangebote--Legal-Counsel-m-w-d-in-Teilzeit-Hamburg-REOS-GmbH--13680095-inline.html?rltr=82_7_25_seorl_m_0_0_0_0_1_0","REOS GmbH","Hamburg","legacy","2026-04-23","2026-06-02"
"Legal Counsel (m|w|d)","https://www.stepstone.de/stellenangebote--Legal-Counsel-mwd-Muenchen-Alois-Dallmayr--13916393-inline.html?rltr=46_21_25_seorl_m_0_0_0_0_1_0","Alois Dallmayr","München","legacy","2026-04-16","2026-06-02"
"Legal Counsel (m|w|d)","https://de.indeed.com/viewjob?jk=11e7bee3b28291ac","Alois Dallmayr KG","80331 München","legacy","2026-04-16","2026-06-02"
"Legal Counsel (w/m/d) Banking & Finance","https://www.stepstone.de/stellenangebote--Legal-Counsel-w-m-d-Banking-Finance-Frankfurt-am-Main-KfW-Capital-GmbH-Co-KG--13877771-inline.html?rltr=16_16_25_seorl_m_0_0_0_0_0_0","KfW Capital GmbH & Co. KG","Frankfurt am Main","legacy","2026-04-24","2026-06-02"
"Legal Counsel (w/m/d) Miet- und Vertragsrecht","https://www.stepstone.de/stellenangebote--Legal-Counsel-w-m-d-Miet-und-Vertragsrecht-Frankfurt-11--13953881-inline.html?rltr=7_7_25_seorl_m_0_0_0_0_0_0","1&1","Frankfurt","legacy","2026-04-27","2026-06-02"
"Legal Counsel - Recht & Compliance (m/w/d) / Teilzeit möglich","https://www.stepstone.de/stellenangebote--Legal-Counsel-Recht-Compliance-m-w-d-Teilzeit-moeglich-Duesseldorf-Deutsche-Energy-Terminal-GmbH--13378145-inline.html?rltr=30_5_25_seorl_m_0_0_0_0_1_0","Deutsche Energy Terminal GmbH","Düsseldorf","legacy","2026-04-14","2026-06-02"
"Legal Counsel / Senior Legal Counsel (m/w/d)","https://de.indeed.com/viewjob?jk=24cdd1317b1e7487","Dr. Falk Pharma GmbH","Freiburg","legacy","2026-01-14","2026-06-02"
"Legal Counsel / Syndikusanwalt für Immobilienfinanzierung (m/w/d)","https://www.stepstone.de/stellenangebote--Legal-Counsel-Syndikusanwalt-fuer-Immobilienfinanzierung-m-w-d-Duesseldorf-ERGO-Group-AG--13716192-inline.html?rltr=58_8_25_seorl_m_0_0_0_0_0_0","ERGO Group AG","Düsseldorf","legacy","2026-04-02","2026-06-02"
"Legal Counsel / Syndikusrechtsanwalt (m/w/d)","https://de.indeed.com/viewjob?jk=2a0343ce54d067f5","Villeroy & Boch","Mettlach","legacy","2026-03-05","2026-06-02"
"Legal Counsel / Syndikusrechtsanwalt (m/w/d) - Schwerpunkt Onshore-Windenergie & Erneuerbare Energie","https://de.indeed.com/viewjob?jk=e98db940b812f738","Nordex SE","22419 Hamburg","legacy","2026-03-12","2026-06-02"
"Legal Counsel / Syndikusrechtsanwalt mit Schwerpunkt Gesellschaftsrecht (w/m/d) Teilzeit 50%/20h","https://www.stepstone.de/stellenangebote--Legal-Counsel-Syndikusrechtsanwalt-mit-Schwerpunkt-Gesellschaftsrecht-w-m-d-Teilzeit-50-20h-Hamburg-HASPA-Finanzholding--13867865-inline.html?rltr=22_22_25_seorl_m_0_0_0_0_0_0","HASPA Finanzholding","Hamburg","legacy","2026-04-23","2026-06-02"
"Legal Counsel / Unternehmensjurist (m/w/d)","https://www.stepstone.de/stellenangebote--Legal-Counsel-Unternehmensjurist-m-w-d-Goslar-Stoebich-Holding-GmbH-Co-KG--13623624-inline.html?rltr=1_1_25_seorl_m_0_0_0_0_0_0","Stöbich Holding GmbH & Co. KG","Goslar","legacy","2026-04-24","2026-06-02"
"Legal Counsel / Unternehmensjurist (m/w/d) – Vollzeit","https://de.indeed.com/viewjob?jk=e57c3234a9865fa1","Labor Kneißler","93133 Burglengenfeld","legacy","2026-03-26","2026-06-02"
"Legal Counsel Arbeitsrecht / Syndikusrechtsanwalt (befristet auf 16 Monate in Teilzeit) (m/w/d)","https://de.indeed.com/viewjob?jk=dd38a30bd4842055","Hermes Germany GmbH","20354 Hamburg","legacy","2026-04-07","2026-06-02"
"Legal Counsel Labour Relations (all genders) Arbeitsrecht und Datenschutz bei Human Resources","https://www.stepstone.de/stellenangebote--Legal-Counsel-Labour-Relations-all-genders-Arbeitsrecht-und-Datenschutz-bei-Human-Resources-Gerlingen-BNP-Paribas-Cardif--13725597-inline.html?rltr=57_7_25_seorl_m_0_0_0_0_0_0","BNP Paribas Cardif","Gerlingen","legacy","2026-04-04","2026-06-02"
"Legal Counsel Labour Relations / Syndikusrechtsanwalt (m/w/d)","https://de.indeed.com/viewjob?jk=acd4b2672d6d6793","Interhyp AG","81671 München","legacy","2026-03-26","2026-06-02"
"Legal Counsel Labour Relations / Syndikusrechtsanwalt (m/w/d)","https://www.stepstone.de/stellenangebote--Legal-Counsel-Labour-Relations-Syndikusrechtsanwalt-m-w-d-Muenchen-Interhyp-Gruppe--13868938-inline.html?rltr=23_23_25_seorl_m_0_0_0_0_0_0","Interhyp Gruppe","München","legacy","2026-04-23","2026-06-02"
"Legal Counsel Vertriebsrecht (m/w/d)","https://de.indeed.com/viewjob?jk=dbd2b0196e5392ec","ERGO","Düsseldorf","legacy","2026-03-06","2026-06-02"
"Legal Counsel temporary (m/w/d)","https://de.indeed.com/viewjob?jk=5218082661f3cf07","Aptean","Deutschland","legacy","2026-03-24","2026-06-02"
"Legal Counsel-Contract & Claim Management (m/w/d)","https://www.stepstone.de/stellenangebote--Legal-Counsel-Contract-Claim-Management-m-w-d-Muenchen-ILF-CONSULTING-ENGINEERS-GERMANY-GMBH--13953464-inline.html?rltr=9_9_25_seorl_m_0_0_0_0_0_0","ILF CONSULTING ENGINEERS GERMANY GMBH","München","legacy","2026-04-27","2026-06-02"
"Legal Engineer / (Senior) Legal Tech Specialist (m/w/d) mit Schwerpunkt ""AI / Workflow Automation","https://www.stepstone.de/stellenangebote--Legal-Engineer-Senior-Legal-Tech-Specialist-m-w-d-mit-Schwerpunkt-AI-Workflow-Automation-Berlin-Duesseldorf-Frankfurt-Hamburg-Koeln-Leipzig-Muenchen-Stuttgart-CMS-Hasche-Sigle-Partnerschaft-mbB--13180818-inline.html?rltr=110_10_25_seorl_s_0_0_0_0_0_0","CMS Hasche Sigle Partnerschaft mbB","Berlin, Düsseldorf, Frankfurt, Hamburg, Köln, Leipzig, München, Stuttgart","legacy","2026-04-25","2026-06-02"
"Legal Intern (Praktikum) (m/w/d)","http://legalrecruit-eu.cgsh.com/EUselfapply/viRecruitSelfApply/RecDefault.aspx?FilterREID=6&FilterJobCategoryID=2","Cleary Gottlieb Steen & Hamilton LLP","Köln","legacy","2026-05-05","2026-06-02"
"Legal Regulatory Project Manager (m/w/d)","https://www.stepstone.de/stellenangebote--Legal-Regulatory-Project-Manager-m-w-d-Berlin-Deutscher-Sparkassen-und-Giroverband-e-V--13849387-inline.html?rltr=338_13_25_seorl_s_0_0_0_0_0_0","Deutscher Sparkassen- und Giroverband e.V.","Berlin","legacy","2026-04-16","2026-06-02"
"Legal Counsel (m/w/d) Elternzeitvertretung bis Ende Juni 2027","https://de.indeed.com/viewjob?jk=58c9d23f4c47615c","Takeda Pharmaceutical","Berlin","legacy","2026-03-18","2026-06-02"
"Leiter Juristische Abteilung & Syndikusrechtsanwalt (m/w/d) mit Schwerpunkt Arbeitsrecht","https://www.stepstone.de/stellenangebote--Leiter-Juristische-Abteilung-Syndikusrechtsanwalt-m-w-d-mit-Schwerpunkt-Arbeitsrecht-Nuernberg-Bayerischer-Hotel-u-Gaststaettenverband-DEHOGA-Bayern-e-V--13409308-inline.html?rltr=184_9_25_seorl_m_0_0_0_0_0_0","Bayerischer Hotel- u. Gaststättenverband DEHOGA Bayern e.V.","Nürnberg","legacy","2026-04-18","2026-06-02"
"Leiter/-in Sekretariat & Kanzleimanagement (m/w/d)","https://de.indeed.com/viewjob?jk=1c6a3a1d0f4c4be0","Momen + Franz PartG mbB","52070 Aachen","legacy","2026-04-06","2026-06-02"
"Linienführer (all genders), befristet bis 31.01.2028","https://www.xing.com/jobs/berlin-linienfuehrer-all-genders-befristet-31-01-2028-148212733","Niedergesäß Stephan","Berlin","legacy","2026-04-02","2026-06-02"
"Lohn- und Finanzbuchhalter (m/w/d)","https://karriere.eck-steuerberatung.de/lohn-u-finanzbuchhaltung?v=3","Eck und Partner Steuerberatungsgesellschaft","Mannheim","legacy","2026-04-03","2026-06-02"
"Lohn- und Finanzbuchhalter*in (m/w/d)","https://verkehrsrecht-bs.de/wp-content/uploads/2026/01/A4_Stellenausschreibung_Fibu.pdf","Rischmüller & Seide Rechtsanwaltskanzlei","Braunschweig","legacy","2026-04-02","2026-06-02"
"Lohn- und Gehaltsbuchhalter (m/w/d) in Teilzeit oder Vollzeit","https://drschulze-recht.de/stellenangebot-lohn-und-gehaltsbuchhalter-berlin","Dr. Schulze Steuerberater und Rechtsanwalt","Berlin Adlershof","legacy","2026-04-02","2026-06-02"
"Lohnbuchhalter (m/w/d) Tax Compliance","https://www.stepstone.de/stellenangebote--Lohnbuchhalter-m-w-d-Tax-Compliance-Hamburg-BRL-BOEGE-ROHDE-LUEBBEHUESEN--13868980-inline.html?rltr=794_19_25_seorl_m_0_0_0_0_0_0","BRL BOEGE ROHDE LUEBBEHUESEN","Hamburg","legacy","2026-04-23","2026-06-02"
"Lohnbuchhalter/in (m/w/d)","https://www.stepstone.de/stellenangebote--Lohnbuchhalter-in-m-w-d-Augsburg-Dr-Grosse-und-Partner-Rechtsanwaelte-Steuerberater--13553163-inline.html?rltr=742_17_25_seorl_m_0_0_0_0_0_0","Dr. Große und Partner Rechtsanwälte Steuerberater","Augsburg","legacy","2026-04-21","2026-06-02"
"Lohnbuchhalterin (m/w/d)","https://www.stepstone.de/stellenangebote--Lohnbuchhalterin-m-w-d-Duesseldorf-ADKL-Abels-Decker-Kuhfuss-Partner-mbB--13884939-inline.html?rltr=709_9_25_seorl_m_0_0_0_0_0_0","ADKL Abels Decker Kuhfuß & Partner mbB","Düsseldorf","legacy","2026-04-25","2026-06-02"
"Lohnbuchhalterin (m/w/d)","https://www.sommerfeld-majka.de/karriere/steuerfachangestellter-2","Sommerfeld - Majka - Reifig Rechtsanwälte - Notare - Steuerberater","Münster","legacy","2026-04-03","2026-06-02"
"Lohnsachbearbeiter (m/w/d)","https://www.neumann-schmeer.de/2022/11/29/steuerfachangestellte-m-w-d-mit-dem-schwerpunkt-lohn-gehalt","Dr. Maubach - NS+P Dr. Neumann Schmeer und Partner mbB","Aachen","legacy","2026-04-02","2026-06-02"
"Lohnspezialist (m/w/d)","https://www.steuerwerk.com/job/lohnspezialist-m-w-d","steuerwerk Partnerschaftsgesellschaft mbB Steuerberater Rechtsanwälte","Mönchengladbach","legacy","2026-04-03","2026-06-02"
"Lohnspezialist (m/w/d)","https://www.stepstone.de/stellenangebote--Lohnspezialist-m-w-d-Moenchengladbach-Deutschland-steuerwerk-Partnerschaftsgesellschaft-mbB-Steuerberater-Rechtsanwaelte--13735789-inline.html?rltr=1757_7_25_seorl_m_0_0_0_0_0_0","steuerwerk Partnerschaftsgesellschaft mbB Steuerberater Rechtsanwälte","Mönchengladbach, Deutschland","legacy","2026-04-22","2026-06-02"
"MITARBEITER FÜR SCAN- UND POSTDIENSTE, IT-DATENERFASSUNG, DIGITALISIERUNG (M/W/D)","https://kanzlei-scholze.de/wp-content/uploads/2021/06/Mitarbeiter-fu%CC%88r-Scan-und-Postdienste.pdf","KANZLEI SCHOLZE","Dresden","legacy","2026-04-03","2026-06-02"
"Manager (m/w/d)","https://de.indeed.com/viewjob?jk=138a527135d86800","SIGNAL IDUNA","Hamburg","legacy","2026-03-26","2026-06-02"
"Manager Digitales Wachstum (m/w/d)","https://www.stepstone.de/stellenangebote--Manager-Digitales-Wachstum-m-w-d-Duesseldorf-D-R-S-Deutsche-Rechtsanwalts-Service-GmbH--13931242-inline.html?rltr=1403_3_25_seorl_m_0_0_0_0_0_0","D.R.S. Deutsche Rechtsanwalts Service GmbH","Düsseldorf","legacy","2026-04-22","2026-06-02"
"Manager Labor Relations (m/w/d) - REF4541Q","https://www.stepstone.de/stellenangebote--Manager-Labor-Relations-m-w-d-REF4541Q-Frankfurt-am-Main-AUMOVIO-Germany-GmbH--13595418-inline.html?rltr=107_7_25_seorl_m_0_0_0_0_1_0","AUMOVIO Germany GmbH","Frankfurt am Main","legacy","2026-04-17","2026-06-02"
"Manager Verkaufssteuerung (m/w/d) Immobilien / Manager Immobilienverkauf & Steuerung (m/w/d)","https://www.stepstone.de/stellenangebote--Manager-Verkaufssteuerung-m-w-d-Immobilien-Manager-Immobilienverkauf-Steuerung-m-w-d-Berlin-Livos-Gruppe-Management-GmbH--13690888-inline.html?rltr=1435_10_25_seorl_m_0_0_0_0_1_0","Livos-Gruppe Management GmbH","Berlin","legacy","2026-04-04","2026-06-02"
"Markenassistent/in Patentreferent/in Quereinsteiger/in (m/w/d)","https://webvocat.de/karriere/patentreferent","WAGNER Lawyers Webvocat Partnership","Saarbrücken","legacy","2026-04-03","2026-06-02"
"Markensachbearbeiter*in (m/w/d)","https://haerting.de/app/uploads/2026/01/Stellenanzeige-Markensachbearbeiterin-2026_v2-1.pdf","HÄRTING Rechtsanwälte","Berlin","legacy","2026-04-02","2026-06-02"
"Marketing (m/w/d)","https://www.caspers-mock.de/stellenangebote/marketing.html","Rechtsanwälte Dr. Caspers, Mock und Partner mbB Mainz","Bonn","legacy","2026-04-03","2026-06-02"
"Marketing- und Social-Media Manager*in (m/w/d)","https://media-kanzlei.com/karriere","Media Kanzlei - Rechtsanwalt Medienrecht, Markenrecht, UWG, Presserecht, Abmahnung, Account Sperre","Frankfurt am Main","legacy","2026-04-02","2026-06-02"
"Mediengestalter (w/m/d)","https://kanzlei-leu.de/stellenangebot-mediengestalter-m-w-d","Leu Rechtsanwaltsgesellschaft mbH","Berlin","legacy","2026-04-03","2026-06-02"
"Mehrere Rechtsanwaltsfachangestellte (m/w/d), Bürokräfte (m/w/d)","https://de.indeed.com/viewjob?jk=be8392bf8e9396be","BRRS Rechtsanwälte","22763 Hamburg","legacy","2026-02-27","2026-06-02"
"Minden · Notarfachangestellte oder Notarfachwirte (m/w/d)","https://de.indeed.com/viewjob?jk=6d570bc657537fd3","BRANDI Rechtsanwälte Partnerschaft mbB","32425 Minden","legacy","2026-02-10","2026-06-02"
"Minden · Rechtsanwalts- und Notarfachangestellte (m/w/d)","https://de.indeed.com/viewjob?jk=12a18d82ad49827b","BRANDI Rechtsanwälte Partnerschaft mbB","32425 Minden","legacy","2026-02-10","2026-06-02"
"Mitarbeit als Rechtsreferendar/in oder Student/in der Rechtswissenschaft (Ausbildungsstation oder Nebentätigkeit)","http://www.berstermann.com/kanzlei-osnabrueck-berlin-bewerben.php","Dr. Jost Berstermann & Partner Rechtsanwälte","Osnabrück","legacy","2026-04-05","2026-06-02"
"Mitarbeitende/r im Bereich Bürgerbüro (m/w/d)","https://de.indeed.com/viewjob?jk=04a049003c4f432c","Stadt Reinfeld (Holstein)","Reinfeld (Holstein)","legacy","2026-04-14","2026-06-02"
"Mitarbeiter","https://www.lls-steuerberatung.de/index.php/karriere","Ferdinand Luttenberger Steuerberater","Berlin-Buch","legacy","2026-04-05","2026-06-02"
"Mitarbeiter","https://www.baurecht-potsdam.de/karriere","Katja Damrow lawyer","Potsdam","legacy","2026-04-05","2026-06-02"
"Mitarbeiter","https://wk-recht.de/kanzlei/karriere","Robert Wagner - Fachanwalt für Insolvenzrecht Schuldenregulierung Sanierung","Krefeld","legacy","2026-04-03","2026-06-02"
"Mitarbeiter (gerichtliches) Forderungsmanagement (m/w/d) in Vollzeit","https://www.stepstone.de/stellenangebote--Mitarbeiter-gerichtliches-Forderungsmanagement-m-w-d-in-Vollzeit-Duesseldorf-Alloheim-Senioren-Residenzen-SE--13849789-inline.html?rltr=597_22_25_seorl_m_1_0_0_0_1_0","Alloheim Senioren-Residenzen SE","Düsseldorf","legacy","2026-04-16","2026-06-02"
"Mitarbeiter (in) für das Thema Erbbaurechte (d/m/w)","https://www.stepstone.de/stellenangebote--Mitarbeiter-in-fuer-das-Thema-Erbbaurechte-d-m-w-Berlin-Berliner-Stadtgueter-GmbH--13849089-inline.html?rltr=261_11_25_seorl_m_0_0_0_0_1_0","Berliner Stadtgüter GmbH","Berlin","legacy","2026-04-16","2026-06-02"
"Mitarbeiter (in) mit ausgeprägten juristischen Kenntnissen (m/w/d) als Notarassistenz","https://kanzlei-am-europaplatz.de/karriere","STRÄTER Kanzlei am Europaplatz - Notare - Rechtsanwälte (ehemals STRÄTER I ZIEMS) Dortmund Stadtkrone Ost","Dortmund","legacy","2026-04-02","2026-06-02"
"Mitarbeiter (m/w/d)","https://kanzlei-vogedes.de/wp-content/uploads/Jobprofil-1.pdf","Kanzlei Christian Vogedes","Bielefeld","legacy","2026-04-02","2026-06-02"
"Mitarbeiter (m/w/d)","http://www.lawyer-berlin.com/kontakt","Rechtsanwaltskanzlei Law Firm Vera Zambrano & Associates - Internationales Recht - International Law","Berlin","legacy","2026-04-02","2026-06-02"
"Mitarbeiter (m/w/d)","https://ehspanner.com/jobs","Rechtsanwaltskanzlei Matthias & Anne Ehspanner","Zentrale/Unbekannt","legacy","2026-04-02","2026-06-02"
"Mitarbeiter (m/w/d)","https://de.indeed.com/viewjob?jk=7e514c5ae632d541","SIGNAL IDUNA","Hamburg","legacy","2026-01-19","2026-06-02"
"Mitarbeiter (m/w/d)","https://stb-aust.de/mitarbeiter","aust and partner - tax consultant and lawyer","Berlin","legacy","2026-04-02","2026-06-02"
"Mitarbeiter (m/w/d) ... für unsere Jahresabschlussabteilung","https://voellinger-partner.com/karriere","Völlinger & Partner m.b.B. Steuerberater · Rechtsanwalt","Karlsruhe","legacy","2026-04-05","2026-06-02"
"Mitarbeiter (m/w/d) / Referendar (m/w/d)","https://www.carlbarthel.de/wir-stellen-ein-2","Rechtsanwälte Barthel","Bergheim","legacy","2026-04-03","2026-06-02"
"Mitarbeiter (m/w/d) Empfang (studentisch)","http://www.ra-vsz.de/karriere","VSZ Rechtsanwälte Schabbeck und Partner mbB","Ludwigshafen","legacy","2026-04-05","2026-06-02"
"Mitarbeiter (m/w/d) Forderungsmanagement","https://www.stepstone.de/stellenangebote--Mitarbeiter-m-w-d-Forderungsmanagement-Beverungen-EAM-Energie-aus-der-Mitte--13876225-inline.html?rltr=131_6_25_seorl_m_0_0_0_0_0_0","EAM | Energie aus der Mitte","Beverungen","legacy","2026-04-24","2026-06-02"
"Mitarbeiter (m/w/d) HR / Personalabteilung / Administration (Vollzeit /Teilzeit)","https://www.stepstone.de/stellenangebote--Mitarbeiter-m-w-d-HR-Personalabteilung-Administration-Vollzeit-Teilzeit-Bonn-Flick-Gocke-Schaumburg--13709171-inline.html?rltr=1027_2_25_seorl_m_0_0_0_0_0_0","Flick Gocke Schaumburg","Bonn","legacy","2026-04-13","2026-06-02"
"Mitarbeiter (m/w/d) Housekeeping","https://www.stepstone.de/stellenangebote--Mitarbeiter-m-w-d-Housekeeping-Waren-Mueritz-MAREMUERITZ-Yachthafenresort--7177268-inline.html?rltr=109_9_25_seorl_s_0_0_0_0_1_0","MAREMÜRITZ Yachthafenresort","Waren / Müritz","legacy","2026-04-26","2026-06-02"
"Mitarbeiter (m/w/d) Sekretariat und Assistenz","https://www.strafrecht.hamburg/karriere","Dr. Benedikt Mick - SCHNEIDER || MICK Rechtsanwälte · Strafverteidiger","Hamburg","legacy","2026-04-02","2026-06-02"
"Mitarbeiter (m/w/d) für Anwaltskanzlei und Notariat","https://rda-anwaelte.de/rechtsanwalte.html","Notare und Rechtsanwälte Raguse - Drenhaus - Aertken","Gelsenkirchen","legacy","2026-04-03","2026-06-02"
"Mitarbeiter (m/w/d) für unsere Grundstücksverwaltung","https://de.indeed.com/viewjob?jk=2dbc2a2a54310ff5","Gemeinde Grenzach-Wyhlen","79639 Grenzach-Wyhlen","legacy","2026-04-15","2026-06-02"
"Mitarbeiter (m/w/d) im Notariat","https://www.kanzlei-ob.de/rechtsanwaelte","frank schwanekamp","Oberhausen","legacy","2026-04-05","2026-06-02"
"Mitarbeiter (m/w/d) im Patientenservice in Teilzeit - KIRINUS Online Therapie","https://joblift.de/joblink?to=eyJ0eXAiOiJKV1QiLCJhbGciOiJIUzI1NiJ9.eyJvZmZlcklkIjoiMzQzYmFhMmMtMDVkMy00OTIyLWIyMWUtMTBhMjNiMDE3OTNmIn0.g_rwXJnVlX-y9mRAjXPuGAie8noUHGkOmpwuOTDBV+M&feii=df814e1c-e1dd-4aa0-8653-d2b4422b33dd&fefi=d022a0f2-d6b5-4b38-a41d-b4ceb2ba9eb6","Niedergesäß Stephan","München","legacy","2026-04-02","2026-06-02"
"Mitarbeiter (m/w/d) im Rechnungswesen - Voll- und Teilzeit","https://lenz-johlen.de/mitarbeiter-m-w-d-im-rechnungswesen","Lenz und Johlen Rechtsanwälte Partnerschaft mbB","Köln","legacy","2026-04-03","2026-06-02"
"Mitarbeiter (m/w/d) im Schulsekretariat der Integrierten Gesamtschule in Selters","https://de.indeed.com/viewjob?jk=756ce47eff82662c","Kreisverwaltung des Westerwaldkreises","56410 Montabaur","legacy","2026-04-13","2026-06-02"
"Mitarbeiter (m/w/d) im Schulsekretariat der Integrierten Gesamtschule in Selters","https://de.indeed.com/viewjob?jk=e94911c021e06b47","Westerwaldkreis","56410 Montabaur","legacy","2026-04-13","2026-06-02"
"Mitarbeiter (m/w/d)* Sekretariat Betriebsrats-Büro","https://www.stepstone.de/stellenangebote--Mitarbeiter-m-w-d-Sekretariat-Betriebsrats-Buero-Oberursel-bei-Frankfurt-am-Main-ALH-Gruppe--13868662-inline.html?rltr=306_6_25_seorl_m_0_0_0_0_0_0","ALH Gruppe","Oberursel bei Frankfurt am Main","legacy","2026-04-23","2026-06-02"
"Mitarbeiter (m/w/d/ohne Geschlechtsangaben) Personal und Recht","https://de.indeed.com/viewjob?jk=0476351f14900c73","Baden-Württembergische Spielbanken GmbH & Co. KG","70567 Stuttgart","legacy","2026-02-27","2026-06-02"
"Mitarbeiter (m/w/x) am Empfang","https://de.indeed.com/viewjob?jk=559f2370476453c0","DLA Piper","60311 Frankfurt am Main","legacy","2026-03-13","2026-06-02"
"Mitarbeiter Antragsbearbeitung (m/w/d) in der Betriebsabteilung Unfall/Haftpflicht/Sachversicherung","https://www.stepstone.de/stellenangebote--Mitarbeiter-Antragsbearbeitung-m-w-d-in-der-Betriebsabteilung-Unfall-Haftpflicht-Sachversicherung-Wiesbaden-InterRisk-Versicherungs-AG-Vienna-Insurance-Group--13849303-inline.html?rltr=238_13_25_seorl_s_0_0_0_0_1_0","InterRisk Versicherungs-AG Vienna Insurance Group","Wiesbaden","legacy","2026-04-16","2026-06-02"
"Mitarbeiter Bürodienst (m/w/d) in der Abteilung 2 - Studium","https://de.indeed.com/viewjob?jk=cee2acd06a1b9492","Freistaat Sachsen","02929 Rothenburg","legacy","2026-04-14","2026-06-02"
"Mitarbeiter Customer Service (m/w/d)","https://www.xing.com/jobs/koeln-mitarbeiter-customer-service-150453755","Niedergesäß Stephan","Köln","legacy","2026-04-05","2026-06-02"
"Mitarbeiter Empfang (m/w/d)","https://www.haas-law.de/karriere/mitarbeiter-empfang-m-w-d","Haas Rechtsanwälte PartGmbB","Düsseldorf","legacy","2026-04-05","2026-06-02"
"Mitarbeiter Forderungsmanagement (w/m/d)","http://www.iurfriend-kanzlei.de/karriere/job-forderungsmanagement","iurFRIEND Kanzlei","Düsseldorf","legacy","2026-04-02","2026-06-02"
"Mitarbeiter Housekeeping (m/w/d) Reinigungskraft","https://www.stepstone.de/stellenangebote--Mitarbeiter-Housekeeping-m-w-d-Reinigungskraft-Bad-Oeynhausen-GOP-Variete-Theater-Kaiserpalais-Bad-Oeynhausen-GmbH-Co-KG--8564506-inline.html?rltr=158_8_25_seorl_s_0_0_0_0_1_0","GOP Varieté-Theater Kaiserpalais Bad Oeynhausen GmbH & Co. KG","Bad Oeynhausen","legacy","2026-04-23","2026-06-02"
"Mitarbeiter Housekeeping (m/w/d) mit Sinn für Sauberkeit, Ordnung und ein gutes Miteinander","https://www.stepstone.de/stellenangebote--Mitarbeiter-Housekeeping-m-w-d-mit-Sinn-fuer-Sauberkeit-Ordnung-und-ein-gutes-Miteinander-Friedrichshafen-Hotel-Restaurant-Maier--12487036-inline.html?rltr=309_9_25_seorl_s_0_0_0_0_1_0","Hotel Restaurant Maier","Friedrichshafen","legacy","2026-04-20","2026-06-02"
"Mitarbeiter Kanzlei & Büromanagement","https://www.erbrecht-jena.de/stellenangebote.html","Kanzlei für Erbrecht - Martina Klose (Fachanwältin für Erbrecht und Fachanwältin für Steuerrecht)","Jena","legacy","2026-04-05","2026-06-02"
"Mitarbeiter Notariat (m/w/d) – Quereinstieg mit Studium","https://www.vonthunen.de/wp-content/uploads/2024/08/91001090-1-Stellenanzeige.pdf","VON THUNEN","Bielefeld","legacy","2026-04-03","2026-06-02"
"Mitarbeiter Schadenregulierung Sach- oder Personenschaden (m/w/d)","https://www.stepstone.de/stellenangebote--Mitarbeiter-Schadenregulierung-Sach-oder-Personenschaden-m-w-d-Teltow-bei-Berlin-Verti-Versicherung-AG--10168766-inline.html?rltr=273_23_25_seorl_m_0_0_0_0_1_0","Verti Versicherung AG","Teltow bei Berlin","legacy","2026-04-18","2026-06-02"
"Mitarbeiter für das Sekretariat","https://www.magdeburg-anwalt.de/offene-stellen","Gamroth§Lang Rechtsanwälte in Bürogemeinschaft","Magdeburg","legacy","2026-04-03","2026-06-02"
"Mitarbeiter gesucht","https://www.steuerverbund.de/mitarbeiter-gesucht","Müller-Braun Peter Rechtsanwalt","Bundesweit","legacy","2026-04-03","2026-06-02"
"Mitarbeiter im Bürodienst, Geschäftsstelle (m/w/d)","https://www.stepstone.de/stellenangebote--Mitarbeiter-im-Buerodienst-Geschaeftsstelle-m-w-d-Dresden-Landeskriminalamt-Sachsen--13942100-inline.html?rltr=896_21_25_seorl_m_0_0_0_0_1_0","Landeskriminalamt Sachsen","Dresden","legacy","2026-04-23","2026-06-02"
"Mitarbeiter im Bürodienst, Geschätsstelle (m/w/d) in der Abteilung 5, Polizeilicher Staatsschutz/PTAZ, Dezernat 52, Ermittlungen","https://de.indeed.com/viewjob?jk=9b574b0d0d780a43","Freistaat Sachsen","01129 Dresden","legacy","2026-04-22","2026-06-02"
"Mitarbeiter im Sekretariat (m/w/d)","https://www.kanzlei-hufnagel.de/mitarbeiter-sekretariat.php","Kanzlei Hufnagel","München","legacy","2026-04-03","2026-06-02"
"Mitarbeiter im Team Datenschutz (m/w/d)","https://www.stepstone.de/stellenangebote--Mitarbeiter-im-Team-Datenschutz-m-w-d-Essen-KOETTER-GmbH-Co-KG-Verwaltungsdienstleistungen--13701076-inline.html?rltr=303_3_25_seorl_s_0_0_0_0_1_0","KÖTTER GmbH & Co. KG Verwaltungsdienstleistungen","Essen","legacy","2026-03-29","2026-06-02"
"Mitarbeiter im notariellen Bereich","https://www.centamore-loghman.de/de/karriere","Centamore & Loghman-Adham Rechtsanwälte · Fachanwälte · Notar","Düsseldorf","legacy","2026-04-03","2026-06-02"
"Mitarbeiter* für die Rechtsabteilung","https://www.stepstone.de/stellenangebote--Mitarbeiter-fuer-die-Rechtsabteilung-Koeln-APOSAN-GmbH--13709347-inline.html?rltr=297_22_25_seorl_s_0_0_0_0_0_0","APOSAN GmbH","Köln","legacy","2026-04-01","2026-06-02"
"Mitarbeiter*in (m/w/d) im Bereich Kanzleibuchhaltung und Vertragsmanagement","https://anwaltskanzlei-lankau.de/jobangebot-kanzleibuchhaltung-vertragsmanagement","Lankau Weitz Gallina Rechtsanwälte & Notare Darmstadt","Darmstadt","legacy","2026-04-02","2026-06-02"
"Mitarbeiter*in für die telefonische Kundenbetreuung (m/w/d)","https://www.manes-anwalt.de/Kundenbetreuer","Rechtsanwalts- und Steuerberatungskanzlei Manes","Bonn","legacy","2026-04-02","2026-06-02"
"Mitarbeiter*in im Vorzimmer","https://de.indeed.com/viewjob?jk=2e329af36376637c","Stadt Hattingen","Hattingen","legacy","2026-04-10","2026-06-02"
"Mitarbeiter/-in (m/w/d) in der Datenverwaltung","https://de.indeed.com/viewjob?jk=942c20d6b82e2833","Landratsamt Fürstenfeldbruck","82256 Fürstenfeldbruck","legacy","2026-04-22","2026-06-02"
"Mitarbeiter/in (w/m/d) einer Serviceeinheit beim Amtsgericht Neubrandenburg","https://de.indeed.com/viewjob?jk=b1f5984017da4aaa","Landesamt für Straßenbau und Verkehr Mecklenburg-Vorpommern","17033 Neubrandenburg","legacy","2026-04-02","2026-06-02"
"Mitarbeiter/in Betriebliche Altersversorgung (m/w/d)","https://www.stepstone.de/stellenangebote--Mitarbeiter-in-Betriebliche-Altersversorgung-m-w-d-Wiesbaden-ZVK-des-Steinmetz-und-Steinbildhauerhandwerks-VVaG--13839097-inline.html?rltr=262_12_25_seorl_m_0_0_0_0_1_0","ZVK des Steinmetz- und Steinbildhauerhandwerks VVaG","Wiesbaden","legacy","2026-04-14","2026-06-02"
"Mitarbeiter/in Empfang und Telefon (m/w/d)","https://skb-legal.com/job/mitarbeiter-in-empfang-und-telefon-m-w-d","SCHORK KAUFFMANN BREMENKAMP - Rechtsanwälte-Fachanwälte","Karlsruhe","legacy","2026-04-03","2026-06-02"
"Mitarbeiter/in Fachbereich 1 -Zentrale Dienste / Sachgebiet Kita's + Schulen (w/m/d)","https://de.indeed.com/viewjob?jk=50d45bc042bdeb88","Verbandsgemeinde Nordpfälzer Land","67806 Rockenhausen","legacy","2026-04-14","2026-06-02"
"Mitarbeiter/in Personaladministration (m/w/d) Schwerpunkt Vertragsmanagement sowie vorbereitende Entgelt- und Honorarabrechnung (in Teilzeit)","https://www.stepstone.de/stellenangebote--Mitarbeiter-in-Personaladministration-m-w-d-Schwerpunkt-Vertragsmanagement-sowie-vorbereitende-Entgelt-und-Honorarabrechnung-in-Teilzeit-Mannheim-Mannheim-Business-School-gGmbH--13850233-inline.html?rltr=107_7_25_seorl_m_0_0_0_0_1_0","Mannheim Business School gGmbH","Mannheim","legacy","2026-04-16","2026-06-02"
"Mitarbeiter/in Sekretariat (m/w/d)","https://www.stepstone.de/stellenangebote--Mitarbeiter-in-Sekretariat-m-w-d-Koeln-Lindenthal-HSP-PartGmbB-Steuerberater-Wirtschaftspruefer-Rechtsanwalt--12712493-inline.html?rltr=436_11_25_seorl_m_0_0_0_0_1_0","HSP PartGmbB Steuerberater Wirtschaftsprüfer Rechtsanwalt","Köln-Lindenthal","legacy","2026-04-18","2026-06-02"
"Mitarbeiter/in Sekretariat (w/m/d)","https://de.indeed.com/viewjob?jk=d540cd1f5f74286a","WWS Wirtz, Walter, Schmitz GmbH","41334 Nettetal","legacy","2026-04-09","2026-06-02"
"Mitarbeiter/in für die Finanzbuchhaltung - Zahlungsabwicklung (m/w/d)","https://de.indeed.com/viewjob?jk=b1f57c171a8c461a","Stadt Bornheim","53332 Bornheim","legacy","2026-04-17","2026-06-02"
"Mitarbeiter/in im Sekretariat Vorstand (m/w/d)","https://www.stepstone.de/stellenangebote--Mitarbeiter-in-im-Sekretariat-Vorstand-m-w-d-Mainz-Kassenzahnaerztliche-Vereinigung-Rheinland-Pfalz--13847954-inline.html?rltr=675_675_25_seorl_m_0_0_0_0_0_0","Kassenzahnärztliche Vereinigung Rheinland-Pfalz","Mainz","legacy","2026-04-16","2026-06-02"
"Mitarbeiter:in Sekretariat","https://de.indeed.com/viewjob?jk=8d10e96ea0b632f6","Südbeck-Brauer-Leinweber Steuerberatung","49565 Bramsche","legacy","2026-04-09","2026-06-02"
"Mitarbeiterin (m/w/d) für das Sekretariat – möglichst mit Ausbildung zur Rechtsanwaltsfachangestellen","https://ra-juedemann.de/aktuelle-stellenangebote","Jüdemann Rechtsanwälte","Berlin","legacy","2026-04-02","2026-06-02"
"Mitarbeiterin / Mitarbeiter","http://www.scheibenhof.eu/jobs.html","Dr. Scheibenhof","Erfurt","legacy","2026-04-05","2026-06-02"
"Mitarbeiterin / Mitarbeiter (m/w/d) für die Geschäftsstelle Personalrat","https://www.stepstone.de/stellenangebote--Mitarbeiterin-Mitarbeiter-m-w-d-fuer-die-Geschaeftsstelle-Personalrat-Aurich-Bundesanstalt-fuer-Verwaltungsdienstleistungen--13856681-inline.html?rltr=244_19_25_seorl_m_0_0_0_0_0_0","Bundesanstalt für Verwaltungsdienstleistungen","Aurich","legacy","2026-04-17","2026-06-02"
"Mitarbeiterin / Mitarbeiter im Fachbereich NATO-Pipelinemanagement (w/m/d)","https://www.stepstone.de/stellenangebote--Mitarbeiterin-Mitarbeiter-im-Fachbereich-NATO-Pipelinemanagement-w-m-d-Trier-Bundesanstalt-fuer-Immobilienaufgaben--13885406-inline.html?rltr=196_21_25_seorl_m_0_0_0_0_0_0","Bundesanstalt für Immobilienaufgaben","Trier","legacy","2026-04-25","2026-06-02"
"Mosbach: Rechtsanwaltsfachangestellter (m/w/d)","https://de.indeed.com/viewjob?jk=9f30f6870489fafb","Sozialverband VdK Baden-Württemberg e.V.","Mosbach","legacy","2026-04-10","2026-06-02"
"NOTARFACHANGESTELLTE IN DER SACHBEARBEITUNG (M/W/D)","https://www.stepstone.de/stellenangebote--NOTARFACHANGESTELLTE-IN-DER-SACHBEARBEITUNG-M-W-D-Freiburg-Notar-Dr-Alexander-Vivell--12862278-inline.html?rltr=158_8_25_seorl_m_0_0_0_0_1_0","Notar Dr. Alexander Vivell","Freiburg","legacy","2026-04-25","2026-06-02"
"Nebenjob für Jurastudenten auf Minijob-Basis aus Homeoffice","https://www.brennecke-rechtsanwaelte.de/Nebenjob-fuer-Jurastudenten-auf-Minijob-Basis-aus-Homeoffice_202084","Brennecke & Partner Rechtsanwälte","Homeoffice","legacy","2026-04-03","2026-06-02"
"Nebentätigkeit für Rechtsreferendare (m/w/d)","http://www.dortmund-anwalt.de/jobs/rechtsreferendar-nebentaetigkeit","Rechtsanwalt Tobias Eskowitz","Dortmund","legacy","2026-04-02","2026-06-02"
"New Business Development Manager (m/w/d)","https://www.xing.com/jobs/muenster-new-business-development-manager-150191353","Niedergesäß Stephan","Münster","legacy","2026-04-02","2026-06-02"
"Notar oder Rechtsanwalt m/w/d","https://kanzlei-an-der-stadtkrone.de/karriere","Ziems - Kanzlei an der Stadtkrone I Notare I Rechtsanwälte","Dortmund","legacy","2026-04-02","2026-06-02"
"Notarfachangestelle/r (mwd)","https://fritzen-kilian.de/karriere","Fritzen & Kilian Rechtsanwälte und Notare","Wentorf bei Hamburg","legacy","2026-04-03","2026-06-02"
"Notarfachangestellen (w/m/d)/Notarfachwirt (w/m/d)","https://schmidt-laute.de/wp-content/uploads/2024/09/StellenanzeigeNotariat.pdf","RAe. Dr. Schmidt & Laute","Osnabrück","legacy","2026-04-03","2026-06-02"
"Notarfachangestellte","http://www.hildebrandt-maeder.de/sites/Karriere.html","Hildebrandt - Mäder - Mette","Berlin","legacy","2026-04-02","2026-06-02"
"Notarfachangestellte (NOFA)","https://www.krs-recht.de/","Ritter und Spreter | Rechtsanwälte & Notar","Wiesbaden","legacy","2026-04-03","2026-06-02"
"Notarfachangestellte (NoFa) (m/w/d) oder Rechtsanwalts- und Notarfachangestellte (ReNo)","https://www.tavanti-redeker.com/de/karriere","TAVANTI, REDEKER & PARTNER Rechtsanwälte und Notare","Berlin","legacy","2026-04-02","2026-06-02"
"Notarfachangestellte (m/w/d)","https://de.indeed.com/viewjob?jk=c6291cbf630b3f15","Franziska Gärtner - Inhouse Recruiting","60329 Frankfurt am Main","legacy","2026-03-03","2026-06-02"
"Notarfachangestellte (m/w/d)","https://www.grueter.de/de/notarfachangestellte-mwd","Grüter Hamm Münster PartGmbB","Duisburg","legacy","2026-04-03","2026-06-02"
"Notarfachangestellte (m/w/d)","http://www.grueter.de/de/notarfachangestellte-mwd","Grüter Rechtsanwälte PartGmbB","Duisburg","legacy","2026-04-02","2026-06-02"
"Notarfachangestellte (m/w/d)","https://de.indeed.com/viewjob?jk=ddd1880eed57f695","Hibben & Fugger Rechtsanwaltspartnerschaft","26123 Oldenburg","legacy","2026-04-14","2026-06-02"
"Notarfachangestellte (m/w/d)","https://de.indeed.com/viewjob?jk=04c1bb7fb569e07c","Kanzlei Luft-Gautsch & Wessel","45721 Haltern am See","legacy","2026-04-21","2026-06-02"
"Notarfachangestellte (m/w/d)","https://www.vbwr.de/karriere","Kanzlei VBWR I Rechtsanwälte I Fachanwälte I Notar","Wiesbaden","legacy","2026-04-03","2026-06-02"
"Notarfachangestellte (m/w/d)","https://www.notar-rennert.de/karriere","Lawyers and notary Rennert & Demtröder","Dortmund","legacy","2026-04-02","2026-06-02"
"Notarfachangestellte (m/w/d)","https://menge-noack.de/stellenangebote","Menge Noack Rechtsanwälte","Göttingen","legacy","2026-04-03","2026-06-02"
"Notarfachangestellte (m/w/d)","https://www.stepstone.de/stellenangebote--Notarfachangestellte-m-w-d-Hamburg-Notare-Dres-Heier-Brambring--13875425-inline.html?rltr=12_12_25_seorl_m_0_0_0_0_1_0","Notare Dres. Heier & Brambring","Hamburg","legacy","2026-04-24","2026-06-02"
"Notarfachangestellte (m/w/d)","https://www.drmahlstedt.de/kanzlei/karriere/notarfachangestellte-m-w-d-gesucht","Rechtsanwälte Dr. Mahlstedt & Partner","Bremen","legacy","2026-04-05","2026-06-02"
"Notarfachangestellte (m/w/d)","https://www.poppe.law/sozietaet/notarfachangestellter.php","Rechtsanwälte Poppe","Pinneberg","legacy","2026-05-05","2026-06-02"
"Notarfachangestellte (m/w/d)","https://kanzlei-haus-buchwald.de/karriere","Rechtsanwälte und Notare Balk & Quast","Gütersloh","legacy","2026-04-03","2026-06-02"
"Notarfachangestellte (m/w/d)","https://de.indeed.com/viewjob?jk=2f18e7af12c92053","Wegner, Stähr & Partner","24114 Kiel","legacy","2024-11-30","2026-06-02"
"Notarfachangestellte (m/w/d)","https://rbo-rechtsanwaelte.de/notarfachangestellte-m-w-d","rbo - Rechtsanwälte","Oldenburg","legacy","2026-04-03","2026-06-02"
"Notarfachangestellte (m/w/d) / Notarfachwirte (m/w/d)","https://www.bk-law.de/karriere","BK-LAW Bottermann Khorrami Rechtsanwälte PartGmbB","Berlin","legacy","2026-04-02","2026-06-02"
"Notarfachangestellte (m/w/d) Homeoffice & Top Gehalt in moderner Wirtschaftskanzlei","https://www.stepstone.de/stellenangebote--Notarfachangestellte-m-w-d-Homeoffice-Top-Gehalt-in-moderner-Wirtschaftskanzlei-Frankfurt-am-Main-Berlin-Layton-Consulting-GmbH--13849650-inline.html?rltr=58_8_25_seorl_m_0_0_0_0_1_0","Layton Consulting GmbH","Frankfurt am Main, Berlin","legacy","2026-04-16","2026-06-02"
"Notarfachangestellte (m/w/d) Notarfachwirtin (m/w/d)","http://www.roling-partner.de/karriere/karriere","Kanzlei Roling & Partner","Osnabrück","legacy","2026-04-03","2026-06-02"
"Notarfachangestellte (m/w/d) gesucht","https://de.indeed.com/viewjob?jk=c36f4bab84b5ec8e","Kanzlei Rodenburg /// Senger","60486 Frankfurt am Main","legacy","2026-04-21","2026-06-02"
"Notarfachangestellte (m/w/d) mit Schwerpunkt Immobilien- oder Gesellschaftsrecht (Vollzeit oder Teilzeit)","https://www.mueller-radack.com/karriere","MÜLLER RADACK SCHULTZ Rechtsanwälte Notare","Berlin","legacy","2026-04-05","2026-06-02"
"Notarfachangestellte (m/w/d) oder Notarfachwirtin (m/w/d)","https://www.anwalt-ol.de/karriere-notarfachangestellte","Kreft, Wehage, Schwackenberg & Freericks PartGmbB","Oldenburg","legacy","2026-04-03","2026-06-02"
"Notarfachangestellte (m/w/d) – in Teilzeit","https://www.huettenbrink.com/karriere","HüttenbrinkPartner Rechtsanwälte mbB | Notar, N. Burke, Dr. Stelzig, Dr. Schiller, Dr. Heinert, Dr. Weber, D. Schulz","Münster","legacy","2026-04-03","2026-06-02"
"Notarfachangestellte (m|w|d)","http://www.puplick-partner.de/images/jobs-karriere/Puplick_Stellenanzeige2023_02.pdf","Lawyers Dr. Puplick & Partner GbR","Dortmund","legacy","2026-04-02","2026-06-02"
"Notarfachangestellte (w/m/d)","https://www.cornea-franz.de/notarfachangestellte-fulda","Cornea Franz Rechtsanwälte Partnerschaft MBB","Fulda","legacy","2026-04-03","2026-06-02"
"Notarfachangestellte / Notarfachwirte (m/w/d)","https://www.stepstone.de/stellenangebote--Notarfachangestellte-Notarfachwirte-m-w-d-Muenchen-Notar-Dr-Markus-Riemenschneider--13253691-inline.html?rltr=9_9_25_seorl_m_0_0_0_0_0_0","Notar Dr. Markus Riemenschneider","München","legacy","2026-04-18","2026-06-02"
"Notarfachangestellte / Notarfachwirte (m/w/d)","https://www.stepstone.de/stellenangebote--Notarfachangestellte-Notarfachwirte-m-w-d-Berlin-Hamburg-Frankfurt-Muenchen-Duesseldorf-Prime-Talents--13137360-inline.html?rltr=53_3_25_seorl_m_0_0_0_0_0_0","Prime Talents","Berlin, Hamburg, Frankfurt, München, Düsseldorf","legacy","2026-04-17","2026-06-02"
"Notarfachangestellte oder Notarfachwirte (m/w/d)","http://www.brandi.net/ueber-brandi/karriere/mitarbeiter/bielefeld-notarfachangestellte-oder-notarfachwirte-mwd","BRANDI Rechtsanwälte Partnerschaft mbB","Bielefeld","legacy","2026-04-02","2026-06-02"
"Notarfachangestellte oder Notarfachwirte (m/w/d)","http://www.brandi.net/ueber-brandi/karriere/mitarbeiter/guetersloh-notarfachangestellte-oder-notarfachwirte-mwd","BRANDI Rechtsanwälte Partnerschaft mbB","Gütersloh","legacy","2026-04-02","2026-06-02"
"Notarfachangestellte oder Notarfachwirte (m/w/d)","http://www.brandi.net/ueber-brandi/karriere/mitarbeiter/hannover-notarfachangestellte-oder-notarfachwirte-mwd","BRANDI Rechtsanwälte Partnerschaft mbB","Hannover","legacy","2026-04-02","2026-06-02"
"Notarfachangestellte oder Notarfachwirte (m/w/d)","http://www.brandi.net/ueber-brandi/karriere/mitarbeiter/minden-notarfachangestellte-oder-notarfachwirte-mwd","BRANDI Rechtsanwälte Partnerschaft mbB","Minden","legacy","2026-04-02","2026-06-02"
"Notarfachangestellte oder Rechtsanwalts- und Notarfachangestellte (m/w/d)","https://penning-horn.de/karriere","Rechtsanwälte und Notare Penning, Horn, Bethke","Dortmund","legacy","2026-04-02","2026-06-02"
"Notarfachangestellte(r) (m/w/d)","https://ra-stracke.de/","Dr. Stracke, Bubenzer & Partner Rechtsanwälte und Notare","Bielefeld","legacy","2026-04-02","2026-06-02"
"Notarfachangestellte*n (m/w/d)","https://www.stepstone.de/stellenangebote--Notarfachangestellten-m-w-d-Essen-Emschergenossenschaft-Lippeverband--13855580-inline.html?rltr=33_8_25_seorl_m_0_0_0_0_0_0","Emschergenossenschaft/Lippeverband","Essen","legacy","2026-04-17","2026-06-02"
"Notarfachangestellte*n (m/w/d) in Vollzeit oder Teilzeit","https://anwaltskanzlei-lankau.de/aktuelle-jobs","Lankau Weitz Gallina Rechtsanwälte & Notare Darmstadt","Darmstadt","legacy","2026-04-02","2026-06-02"
"Notarfachangestellte*r (m/w/d)","https://www.gutsche-notar.de/karriere","Martin Gutsche","Berlin","legacy","2026-04-02","2026-06-02"
"Notarfachangestellte, Notarfachwirte (m/w/d) Vollzeit / Teilzeit","https://www.stepstone.de/stellenangebote--Notarfachangestellte-Notarfachwirte-m-w-d-Vollzeit-Teilzeit-Essen-Ruhr-Kuemmerlein-Simon-Partner-Rechtsanwaelte-mbB--13293628-inline.html?rltr=105_5_25_seorl_m_0_0_0_0_0_0","Kümmerlein Simon & Partner Rechtsanwälte mbB","Essen Ruhr","legacy","2026-04-25","2026-06-02"
"Notarfachangestellte/ Notarfachwirtin / Notarfachreferentin (m/w/d)","https://jobs.luther-lawfirm.com/jobportal/luther/viewAusschreibung/2024-003.html","Luther Rechtsanwaltsgesellschaft mbH","Essen","legacy","2026-04-30","2026-06-02"
"Notarfachangestellte/-en, Notarfachwirt/-in oder Rechtspfleger/-in","http://www.notardorn.de/node/9","Rechtsanwalt und Notar Stephan Dorn","Berlin","legacy","2026-04-02","2026-06-02"
"Notarfachangestellte/n","https://www.aichinger-notare.de/stellenanzeigen","Aichinger Lawyers and Notary Publics Wiesbaden","Wiesbaden","legacy","2026-04-03","2026-06-02"
"Notarfachangestellte/n (m/w/d)","https://hfk.de/karriere/stellenanzeigen/detail/rechtsanwalt-m/w/d-mit-schwerpunkt-im-oeffentlichen-bau-planungs-und-umweltrecht-fuer-unsere-standorte-frankfurt-am-main-oder-hamburg-berufseinsteiger-sind-willkommen-1","HFK Rechtsanwälte LLP","Berlin","legacy","2026-05-05","2026-06-02"
"Notarfachangestellte/n (m/w/d) gerne mit dem Fokus auf Immobilienrecht","https://www.goehmann.de/karriere/notarfachangestellte-r-m-w-d-in-voll-und-oder-teilzeit-in-frankfurt-am-main-gesucht","GÖHMANN Rechtsanwälte · Notare","Frankfurt am Main","legacy","2026-04-02","2026-06-02"
"Notarfachangestellte/n (m/w/d) in Voll- oder Teilzeit.","https://kanzlei-am-europaplatz.de/notarfachangestellte","STRÄTER Kanzlei am Europaplatz - Notare - Rechtsanwälte (ehemals STRÄTER I ZIEMS) Dortmund Stadtkrone Ost","Dortmund","legacy","2026-04-02","2026-06-02"
"Notarfachangestellte/n (m/w/d) oder Notarfachwirt/in (m/w/d)","http://www.mv-law.de/footer/stellenangebote","Müller-Vogelsang PartGmbB – Rechtsanwälte","Essen","legacy","2026-04-02","2026-06-02"
"Notarfachangestellte/n oder ReNo–Fachangestellte/n (m/w/d)","http://www.rechtsanwalt-und-notar-christian-pfeiffer.de/karriere-jobangebot-stellenausschreibung-notarfachangestellte.php","Rechtsanwalt und Notar Christian Pfeiffer","Norderstedt","legacy","2026-04-03","2026-06-02"
"Notarfachangestellte/r","https://www.stepstone.de/stellenangebote--Notarfachangestellte-r-Nuernberg-Mittelfranken-Notare-Dr-Michael-El-Gayar-o-Dr-Christoph-Schrenk--13878736-inline.html?rltr=110_10_25_seorl_m_0_0_0_0_1_0","Notare Dr. Michael El-Gayar • Dr. Christoph Schrenk","Nürnberg Mittelfranken","legacy","2026-04-24","2026-06-02"
"Notarfachangestellte/r","https://www.kanzlei-poetter.de/karriere","PÖTTER - Rechtsanwälte Notar","Berlin","legacy","2026-04-02","2026-06-02"
"Notarfachangestellte/r (ReNo/ReFa) (m/w/d)","https://eins5acht.de/karriere/notarfachangestellte-r","EINSFÜNFACHT | Rechtsanwälte Notare","Hannover","legacy","2026-04-03","2026-06-02"
"Notarfachangestellte/r (m,w,d)","https://hellnigk.de/jobs/notarfachangestellte-r-mwd","Hellnigk, Führ & Sozien • Rechtsanwälte, Steuerberater & Notare","Oberhausen","legacy","2026-04-05","2026-06-02"
"Notarfachangestellte/r (m/w) - in Teil- oder Vollzeit","https://probandt.com/doku/NoFa-Mitarbeiter.pdf","PROBANDT - Rechtsanwälte und Notare","Berlin","legacy","2026-04-02","2026-06-02"
"Notarfachangestellte/r (m/w/d)","https://de.indeed.com/viewjob?jk=2c3c40bf3de59244","Notariat Dr. Erich Daubermann","67061 Ludwigshafen am Rhein","legacy","2026-04-05","2026-06-02"
"Notarfachangestellte/r (m/w/d)","https://pd-partner.de/karriere","Pinkvoss, Dahlmann & Partner PartG mbB Rechtsanwälte","Gevelsberg","legacy","2026-04-05","2026-06-02"
"Notarfachangestellte/r (m/w/d)","https://activelaw.de/stellenanzeigen/notarfachangestellte","activelaw Offenhausen.Wolter PartmbB","Hannover","legacy","2026-04-03","2026-06-02"
"Notarfachangestellte/r (m/w/d) (Berufseinsteiger)","http://www.rlg-law.de/downloads/karriere/RLG_AZ_2203_NFA.pdf?c=1","Reith Neumahr lawyers and notaries","Zentrale/Unbekannt","legacy","2026-04-03","2026-06-02"
"Notarfachangestellte/r (m/w/d) in Kirchrode","https://activelaw.de/stellenanzeigen/notarfachangestellte-m-w-d","activelaw Offenhausen.Wolter PartmbB","Kirchrode","legacy","2026-04-03","2026-06-02"
"Notarfachangestellte/r / Notarfachwirt/in","http://www.rlg-law.de/downloads/karriere/RLG_AZ_2001_NFA.pdf?c=1","Reith Neumahr lawyers and notaries","Zentrale/Unbekannt","legacy","2026-04-03","2026-06-02"
"Notarfachangestellte/r / Notarfachwirt/in (m/w/d)","https://lohsin-partner.de/stellen/notarfachangestellte-r-notarfachwirt-in-m-w-d-bei-dr-lohsin-and-partner","Dr. Lohsin & Partner Rechtsanwälte und Notare","Bremen-Mitte","legacy","2026-04-02","2026-06-02"
"Notarfachangestellte/r / Notarfachwirt/in (m/w/d) in Voll- oder Teilzeit","https://www.gs-recht.de/de","georg und schmitt Partnerschaft von Rechtsanwälten mbB","Siegen","legacy","2026-04-03","2026-06-02"
"Notarfachangestellte/r in Teilzeit, gerne auch Quereinsteiger (m/w/d) in Neubrandenburg","https://www.stepstone.de/stellenangebote--Notarfachangestellte-r-in-Teilzeit-gerne-auch-Quereinsteiger-m-w-d-in-Neubrandenburg-Neubrandenburg-Deutschland-Notarin-Sabine-Juedes--13686933-inline.html?rltr=85_10_25_seorl_m_0_0_0_0_0_0","Notarin Sabine Jüdes","Neubrandenburg, Deutschland","legacy","2026-04-27","2026-06-02"
"Notarfachangestellte/r in Zerbst/Anhalt","https://www.stepstone.de/stellenangebote--Notarfachangestellte-r-in-Zerbst-Anhalt-39-Zerbst-Anhalt-Deutschland-Notar-Dr-Matthias-Golz--13897740-inline.html?rltr=87_12_25_seorl_m_0_0_0_0_1_0","Notar Dr. Matthias Golz","39 Zerbst/Anhalt, Deutschland","legacy","2026-04-26","2026-06-02"
"Notarfachangestellte/r oder Notarfachwirt/in (m/w/d)","https://www.bmz-recht.de/karriere","Brock Müller Ziegenbein","Kiel","legacy","2026-05-05","2026-06-02"
"Notarfachangestellte/r oder Notarfachwirt/in (m/w/d)","https://kroos-kollegen.de/karriere","Kroos I Kollegen","Frankfurt am Main","legacy","2026-04-02","2026-06-02"
"Notarfachangestellte/r, Notarfachassistent oder Notarfachwirt (m/w/d)","https://kanzlei-soergel.de/kontakt","Kanzlei Soergel","Stuttgart","legacy","2026-04-03","2026-06-02"
"Notarfachangestellte/r, Notarfachwirt/in oder Rechtspfleger/in","http://www.notardorn.de/contact","Rechtsanwalt und Notar Stephan Dorn","Berlin","legacy","2026-04-05","2026-06-02"
"Notarfachangestellten (m/w/d)","http://www.kanzlei-am-amtshaus.de/Karriere/index.html","Kanzlei Am Amtshaus","Dortmund","legacy","2026-04-02","2026-06-02"
"Notarfachangestellten (m/w/d)","https://www.kanzlei-am-amtshaus.de/","Kanzlei Am Amtshaus","Dortmund-Mengede","legacy","2026-04-05","2026-06-02"
"Notarfachangestellten / Notarfachassistenten (m/w/d) / Notarfachwirt (m/w/d) in Voll- oder Teilzeit (mind. 30 Std./Woche)","https://hsgb-anwaelte.de/karriere/stellenanzeige-notarfachangestellte-r","Dr. Jörg Schaible","Stuttgart-Feuerbach","legacy","2026-04-03","2026-06-02"
"Notarfachangestellten/in ( m/w/d )","https://notar-schmidt-bochum.de/notarfachangestellten-in-m-w-d-vollzeit","Notar Bochum | Rechtsanwälte & Notare | Fachanwalt für Familienrecht, Erbrecht, Steuerrecht","Bochum","legacy","2026-04-02","2026-06-02"
"Notarfachangestellten/in (m/w/d)","https://theo-schmidt.de/notarfachangestellten-in-m-w-d-vollzeit","Kanzlei Theo Schmidt Bochum","Bochum","legacy","2026-04-02","2026-06-02"
"Notarfachangestellter (m/w/d)","https://www.kanzlei-doganay.de/notarfachangestellter-m-w-d-in-wiesbaden","Dr. Doganay & Doganay, Notare - Rechtsanwälte - Fachanwälte","Wiesbaden","legacy","2026-04-03","2026-06-02"
"Notarfachangestellter (m/w/d)","https://kessler-rs.com/wp-content/uploads/2026/03/Kessler_Stellenanzeige_Notarfachangestellte_NEU03.04.2025.pdf","KESSLER Rechtsanwaltsgesellschaft mbH","Bremen","legacy","2026-04-02","2026-06-02"
"Notarfachangestellter (m/w/d)","https://www.stepstone.de/stellenangebote--Notarfachangestellter-m-w-d-Ammersbek-Schormann-Rechtsanwaelte-und-Notar--13720139-inline.html?rltr=18_18_25_seorl_m_0_0_0_0_1_0","Schormann - Rechtsanwälte und Notar","Ammersbek","legacy","2026-04-17","2026-06-02"
"Notarfachangestellter (m/w/d)","https://onecdn.io/media/20250124stellenanzeigenotarfachangestellter-3e7692b9-d504-424d-8ce0-b730ac8d67b5.pdf","Zacharias & Partner Rechtsanwälte mbB","Paderborn","legacy","2026-04-03","2026-06-02"
"Notarfachangestellter / Notarassistent / Notarfachwirt (m/w/d)","https://www.vonthunen.de/wp-content/uploads/2024/08/Stellenanzeige-Notarassistenz-2.pdf","VON THUNEN","Bielefeld","legacy","2026-04-03","2026-06-02"
"Notarfachangestellter, Notarfachwirt (m/w/d)","https://www.stepstone.de/stellenangebote--Notarfachangestellter-Notarfachwirt-m-w-d-Limburg-an-der-Lahn-Schaefer-Kollegen-Rechtsanwaelte-u-Notare--13861373-inline.html?rltr=147_22_25_seorl_m_0_0_0_0_1_0","Schäfer & Kollegen, Rechtsanwälte u. Notare","Limburg an der Lahn","legacy","2026-04-18","2026-06-02"
"Notarfachangestellter/ Notarfachwirt (m/w/d)","https://ihde.de/karriere","IHDE & Partner Rechtsanwälte","Berlin","legacy","2026-04-02","2026-06-02"
"Notarfachangestellter/Notarfachwirt (m/w/d) in Voll- oder Teilzeit","https://www.goehmann.de/karriere/notarfachangestellter-notarfachwirt-m-w-d-in-voll-oder-teilzeit-in-hannover-gesucht","GÖHMANN Rechtsanwälte · Notare","Hannover","legacy","2026-04-02","2026-06-02"
"Notarfachreferent(in), Notarfachwirt(in) oder Notarfachangestellte(n) (m/w/d)","https://drplottek.de/karriere","Dr. Plottek Notar & Fachanwalt Erbrecht","Bochum","legacy","2026-04-05","2026-06-02"
"Notarfachwirt (m/w/d) oder Rechtsanwalts- und Notarfachangestellte/n (m/w/d) mit Erfahrung im Notariat","https://ra-groene.de/karriere","GRÖNE - Rechtsanwalt Arbeitsrecht, Familienrecht, Erbrecht, Mietrecht, Verkehrsrecht Osnabrück","Osnabrück","legacy","2026-04-03","2026-06-02"
"Notarfachwirt/in (m/w/d) in Voll- oder Teilzeit.","https://kanzlei-am-europaplatz.de/notarfachwirt-in","STRÄTER Kanzlei am Europaplatz - Notare - Rechtsanwälte (ehemals STRÄTER I ZIEMS) Dortmund Stadtkrone Ost","Dortmund","legacy","2026-04-02","2026-06-02"
"Notariatsfachangestellte (m/w/d) in Teilzeit oder Vollzeit","http://www.robe.org/de/online-bewerbung?plgvfformview_2_0bewerbung=RA-Fachangestellte+%28m%2Fw%2Fd%29+in+Teilzeit+oder+Vollzeit","Lawyers and notaries Betz rocket-Dombek","Berlin","legacy","2026-04-02","2026-06-02"
"Notariatsfachangestellte / Notarfachangestellter (m/w/d)","http://karriere.soudry.de/","SOUDRY & SOUDRY Rechtsanwälte und Notar","Berlin","legacy","2026-04-02","2026-06-02"
"Notariatsfachangestellte / Notarfachangestellter (m/w/d) – Ausbildung · Berufserfahrene · ReNo · Quereinsteiger in Berlin gesucht","https://karriere.soudry.de/","SOUDRY & SOUDRY Rechtsanwälte und Notar","Berlin","legacy","2026-04-05","2026-06-02"
"Notariatsfachangestellte(r) (m,w,d)","http://www.rain-stange.de/kanzlei.php","Ursula Stange Rechtsanwältin","Berlin-Zehlendorf","legacy","2026-04-02","2026-06-02"
"Notariatsfachangestellte/n / Notariatsfachwirt/in (m/w/d)","https://de.indeed.com/viewjob?jk=464388c27c3792b3","Viebrockhaus AG","Harsefeld","legacy","2026-02-24","2026-06-02"
"Notariatsfachangestellte/r (m/w/d)","https://rechtsanwalt-dasbach.de/jobs","Karl-Heinz Dasbach Rechtsanwalt und Notar","Duisburg -Walsum","legacy","2026-04-02","2026-06-02"
"Notariatsfachangestellte/r oder Notarfachwirt/in (w/m/d)","https://spieker-jaeger.de/stellenanzeige/notariatsfachangestellte-r-oder-notarfachwirt-in-w-m-d","Spieker & Jaeger Rechtsanwälte, Steuerberater, Wirtschaftsprüfer und Notare","Dortmund","legacy","2026-04-02","2026-06-02"
"Notarvertreter – Notariat in Stuttgart (m/w/d)","https://de.indeed.com/viewjob?jk=849657f9b4afafa8","DKW Consulting GmbH","70182 Stuttgart","legacy","2026-03-29","2026-06-02"
"Objektbetreuer (m/w/d)","https://de.indeed.com/viewjob?jk=509c79134a9fbfe5","Uni Apart GmbH","Landshut","legacy","2026-04-13","2026-06-02"
"Office Manager (m/w/d)","https://www.stepstone.de/stellenangebote--Office-Manager-m-w-d-Muenchen-Pasing-LM-Audit-Tax-GmbH-Wirtschaftspruefungsgesellschaft--13744063-inline.html?rltr=1065_15_25_seorl_m_0_0_0_0_0_0","LM Audit & Tax GmbH Wirtschaftsprüfungsgesellschaft","München-Pasing","legacy","2026-04-08","2026-06-02"
"Office Manager / Rechtsanwaltsfachangestellte (m/w/d)","https://de.indeed.com/viewjob?jk=3893a15ceef3773d","ROCKZ Consulting","21614 Buxtehude","legacy","2026-03-04","2026-06-02"
"Office- & Teamassistenz mit Schwerpunkt Buchhaltung (m/w/d)","https://www.stepstone.de/stellenangebote--Office-Teamassistenz-mit-Schwerpunkt-Buchhaltung-m-w-d-Koeln-MTR-Rechtsanwaltsgesellschaft-mbH--13884249-inline.html?rltr=1706_6_25_seorl_m_0_0_0_0_1_0","MTR Rechtsanwaltsgesellschaft mbH","Köln","legacy","2026-04-25","2026-06-02"
"Office-Manager/in","https://kayp.de/karriere","KAYP Rechtsanwaltsgesellschaft mbH","Berlin","legacy","2026-04-02","2026-06-02"
"Online Redakteur:in/Content Manager:in","https://mueller.legal/de/de/karriere/online-redakteurIn-content-managerIn","Mueller.legal Rechtsanwälte","Berlin","legacy","2026-04-02","2026-06-02"
"P&C Junior Labor Law Expert (m/w/d)","https://www.stepstone.de/stellenangebote--PC-Junior-Labor-Law-Expert-m-w-d-Kiel-Emden-Hamburg-Wismar-Bremen-TKMS-GmbH--13832943-inline.html?rltr=814_14_25_seorl_m_0_0_0_0_0_0","TKMS GmbH","Kiel, Emden, Hamburg, Wismar, Bremen","legacy","2026-04-12","2026-06-02"
"PRAKTIKUM – AUSBILDUNG ZUM KAUFMANN FÜR BÜROMANAGEMENT (M/W) (Pflichtpraktika)","https://ra-mammadli.de/downloads/Anzeige_B%C3%BCrokauffrau_Kaufmann_Praktikum.pdf","Kanzlei Mammadli, Rechtsanwalt Habib B. Mammadli","Berlin","legacy","2026-04-05","2026-06-02"
"Paderborn · Rechtsanwältin / Rechtsanwalt (m/w/d) im Arbeitsrecht","https://de.indeed.com/viewjob?jk=c9ace5c18a3c0045","BRANDI Rechtsanwälte Partnerschaft mbB","33102 Paderborn","legacy","2026-02-11","2026-06-02"
"Paralegal (m/w/d)","https://www.solmecke.eu/paralegal","Solmecke Rechtsanwälte PartGmbB","Zentrale/Unbekannt","legacy","2026-04-02","2026-06-02"
"Paralegal / Legal Operations (all genders)","https://www.stepstone.de/stellenangebote--Paralegal-Legal-Operations-all-genders-Remote-Germany-Contabo-GmbH--13935527-inline.html?rltr=321_21_25_seorl_m_0_0_0_0_0_0","Contabo GmbH","Remote (Germany)","legacy","2026-04-22","2026-06-02"
"Paralegal / Legal Operations Manager (m/w/d)","https://www.stepstone.de/stellenangebote--Paralegal-Legal-Operations-Manager-m-w-d-Nuernberg-Galvanek-Bau-GmbH--13841245-inline.html?rltr=1511_11_25_seorl_m_0_0_0_0_1_0","Galvanek Bau GmbH","Nürnberg","legacy","2026-04-15","2026-06-02"
"Partner (m/w/d)","https://snp.law/stellenangebote/partner-m-w-d-am-standort-freiburg","SNP Schlawien Partnerschaft mbB","Freiburg / Frankfurt am Main","legacy","2026-05-05","2026-06-02"
"Partner:in (m/w/d)","https://www.olbricht-rechtsanwaelte.de/anzeigen/partner-in-m-w-d","OLBRICHT Rechtsanwälte","Berlin","legacy","2026-04-02","2026-06-02"
"Partnerassistenz (m/w/d)","https://www.ksb-intax.de/karriere/stellenangebote/partnerassistenz-m-w-d","KSB Intax","Hannover","legacy","2026-05-05","2026-06-02"
"Patent Professional Exterieur/ Interieur/ Autonomous Driving (d/m/w/x)","https://www.stepstone.de/stellenangebote--Patent-Professional-Exterieur-Interieur-Autonomous-Driving-d-m-w-x-Boeblingen-Mercedes-Benz-Intellectual-Property-GmbH-CO-KG--13842728-inline.html?rltr=1291_16_25_seorl_m_0_0_0_0_0_0","Mercedes-Benz Intellectual Property GmbH & CO. KG","Böblingen","legacy","2026-04-15","2026-06-02"
"Patent Professional Fachfunktion Interieur E4 (d/m/w/x)","https://www.stepstone.de/stellenangebote--Patent-Professional-Fachfunktion-Interieur-E4-d-m-w-x-Boeblingen-Mercedes-Benz-Intellectual-Property-GmbH-CO-KG--13874767-inline.html?rltr=1157_7_25_seorl_m_0_0_0_0_0_0","Mercedes-Benz Intellectual Property GmbH & CO. KG","Böblingen","legacy","2026-04-23","2026-06-02"
"Patentanw","http://it-rechthannover.de/Stellenangebote/Patentanwalte/patentanwalte.html","Franziska Tesoro, horak Rechtsanwälte Berlin","Berlin","legacy","2026-04-05","2026-06-02"
"Patentanwalt (m/w)","https://www.hoefer-pat.de/stellenangebote/patentanwalt","Hoefer & Partner Patentanwälte mbB","München","legacy","2026-04-03","2026-06-02"
"Patentanwalt (m/w/d)","https://www.white-ip.com/ueber-uns/jobs/patentanwalt-m-w-d-stellenanzeige","Dieter Merz","Dresden","legacy","2026-04-02","2026-06-02"
"Patentanwalt (m/w/d)","https://www.stepstone.de/stellenangebote--Patentanwalt-m-w-d-Kuenzelsau-Wuerth-Deutschland--13904757-inline.html?rltr=220_20_25_seorl_m_0_0_0_0_0_0","Würth Deutschland","Künzelsau","legacy","2026-04-14","2026-06-02"
"Patentanwalt (m/w/d) - Fachrichtung Maschinenbau / Materialwissenschaften / Werkstoffingenieurwesen","https://solf-zapf.de/karriere","Dr. Solf & Zapf Patent- und Rechtsanwälte","Wuppertal","legacy","2026-04-03","2026-06-02"
"Patentanwalt in spe (m/w/d) – Naturwissenschaftler / Ingenieur mit juristischer Neugier gesucht","https://www.stepstone.de/stellenangebote--Patentanwalt-in-spe-m-w-d-Naturwissenschaftler-Ingenieur-mit-juristischer-Neugier-gesucht-Hannover-horak-Rechtsanwaelte-Partnerschaft-mbB--13879379-inline.html?rltr=524_24_25_seorl_m_0_0_0_0_1_0","horak Rechtsanwälte Partnerschaft mbB","Hannover","legacy","2026-04-24","2026-06-02"
"Patentanwaltsfachangestellte","http://it-rechthannover.de/Stellenangebote/Patentanwaltsfachangestellte/patentanwaltsfachangestellte.html","Franziska Tesoro, horak Rechtsanwälte Berlin","Berlin","legacy","2026-04-02","2026-06-02"
"Patentanwaltsfachangestellte","https://www.bwlh.de/anwaltskanzlei/Anwaltsnews/Stellenangebote/Patentanwaltsfachangestellte/patentanwaltsfachangestellte.html","horak Rechtsanwälte","Berlin","legacy","2026-04-03","2026-06-02"
"Patentanwaltsfachangestellte","http://www.bwlh.de/anwaltskanzlei/Anwaltsnews/Stellenangebote/Patentanwaltsfachangestellte/patentanwaltsfachangestellte.html","horak Rechtsanwälte/Fachanwälte/Patentanwälte München","Berlin","legacy","2026-04-03","2026-06-02"
"Patentanwaltsfachangestellte (m/w/d)","https://kunst-kulturrecht.de/stellenangebote/stellenangebot-patentanwaltsfachangestellte-m-w-d","Fachanwältin Katharina Gitmann - horak Rechtsanwälte Düsseldorf","Berlin","legacy","2026-04-02","2026-06-02"
"Patentanwaltsfachangestellte (m/w/d)","https://ssmpatent.de/karriere-patentanwalt-muenchen-jobs-bei-ssm-patent","SSM Sandmair Patentanwälte Rechtsanwälte Partnerschaft mbB","MesseCampus Riem","legacy","2026-04-03","2026-06-02"
"Patentanwaltsfachangestellte (w/m/d)","https://www.stepstone.de/stellenangebote--Patentanwaltsfachangestellte-w-m-d-Muenchen-Berlin-Bremen-Duesseldorf-BOEHMERT-BOEHMERT-Anwaltspartnerschaft-mbB--9917550-inline.html?rltr=244_19_25_seorl_m_0_0_0_0_0_0","BOEHMERT & BOEHMERT Anwaltspartnerschaft mbB","München, Berlin, Bremen, Düsseldorf","legacy","2026-04-04","2026-06-02"
"Patentanwaltsfachangestellte/ Patentanwaltssekretär mit Berufserfahrung (M/W/D) in Voll-oder Teilzeit","https://de.indeed.com/viewjob?jk=15fd345e16d6c8e2","Meissner Bolte Patentanwälte Rechtsanwälte Partnerschaft mbB","Gera","legacy","2026-04-06","2026-06-02"
"Patentanwaltsfachangestellte/r (m/w/d) - Teilzeit (15-25h/Woche)","https://www.stepstone.de/stellenangebote--Patentanwaltsfachangestellte-r-m-w-d-Teilzeit-15-25h-Woche-Muenchen-Samson-Partner-Patentanwaelte-mbB--13887595-inline.html?rltr=575_575_25_seorl_m_0_0_0_0_1_0","Samson & Partner Patentanwälte mbB","München","legacy","2026-04-25","2026-06-02"
"Patentanwaltsfachangestellte/r (m/w/d) - Vollzeit (35-40H/Woche)","https://www.stepstone.de/stellenangebote--Patentanwaltsfachangestellte-r-m-w-d-Vollzeit-35-40H-Woche-Muenchen-Samson-Partner-Patentanwaelte-mbB--13883803-inline.html?rltr=582_7_25_seorl_m_0_0_0_0_1_0","Samson & Partner Patentanwälte mbB","München","legacy","2026-04-25","2026-06-02"
"Patentanwaltsfachangestellter (m/w/d)","https://www.stepstone.de/stellenangebote--Patentanwaltsfachangestellter-m-w-d-Frankfurt-am-Main-Fuchs-Patentanwaelte-Partnerschaft-mbB--13886479-inline.html?rltr=578_3_25_seorl_m_0_0_0_0_1_0","Fuchs Patentanwälte Partnerschaft mbB","Frankfurt am Main","legacy","2026-04-25","2026-06-02"
"Patentanwaltsfachangestellter (w/m/x)","https://www.stepstone.de/stellenangebote--Patentanwaltsfachangestellter-w-m-x-Muenchen-BMW-Group--13888920-inline.html?rltr=168_18_25_seorl_m_0_0_0_0_0_0","BMW Group","München","legacy","2026-04-25","2026-06-02"
"Patentanwaltskandidat (m/w)","https://www.hoefer-pat.de/stellenangebote/patentanwaltskandidat","Hoefer & Partner Patentanwälte mbB","München","legacy","2026-04-03","2026-06-02"
"Patentanwaltskandidat:in Chemie/Life Sciences (w/m/d)","https://de.indeed.com/viewjob?jk=8666061ce8fe6d6b","Weickmann & Weickmann Patent- und Rechtsanwälte PartmbB","München","legacy","2026-01-19","2026-06-02"
"Patentanwälte","https://www.bwlh.de/anwaltskanzlei/Anwaltsnews/Stellenangebote/Patentanwalte/patentanwalte.html","horak Rechtsanwälte","Berlin","legacy","2026-04-03","2026-06-02"
"Patentanwälte","http://www.bwlh.de/anwaltskanzlei/Anwaltsnews/Stellenangebote/Patentanwalte/patentanwalte.html","horak Rechtsanwälte/Fachanwälte/Patentanwälte München","Berlin","legacy","2026-04-03","2026-06-02"
"Patentanwälte (m/w/d)","https://kunst-kulturrecht.de/stellenangebote/stellenangebot-patentanwaelte-m-w-d","Fachanwältin Katharina Gitmann - horak Rechtsanwälte Düsseldorf","Berlin","legacy","2026-04-02","2026-06-02"
"Patentanwältin (m/w/d) Technik verstehen. Innovation schützen. Exzellenz gestalten.","https://www.stepstone.de/stellenangebote--Patentanwaeltin-m-w-d-Technik-verstehen-Innovation-schuetzen-Exzellenz-gestalten-Hannover-horak-Rechtsanwaelte-Partnerschaft-mbB--13878417-inline.html?rltr=518_18_25_seorl_m_0_0_0_0_1_0","horak Rechtsanwälte Partnerschaft mbB","Hannover","legacy","2026-04-24","2026-06-02"
"Patentingeneure (m/w/d)","https://kunst-kulturrecht.de/stellenangebote/stellenangebot-patentingenieure-m-w-d","Fachanwältin Katharina Gitmann - horak Rechtsanwälte Düsseldorf","Berlin","legacy","2026-04-02","2026-06-02"
"Patentingenieur m|w","https://www.hoefer-pat.de/stellenangebote/patentingenieur","Hoefer & Partner Patentanwälte mbB","München","legacy","2026-04-03","2026-06-02"
"Patentingenieure","http://it-rechthannover.de/Stellenangebote/Patentingenieure/patentingenieure.html","Franziska Tesoro, horak Rechtsanwälte Berlin","Berlin","legacy","2026-04-02","2026-06-02"
"Patentingenieure","https://www.bwlh.de/anwaltskanzlei/Anwaltsnews/Stellenangebote/Patentingenieure/patentingenieure.html","horak Rechtsanwälte","Berlin","legacy","2026-04-03","2026-06-02"
"Patentingenieure","http://www.bwlh.de/anwaltskanzlei/Anwaltsnews/Stellenangebote/Patentingenieure/patentingenieure.html","horak Rechtsanwälte/Fachanwälte/Patentanwälte München","Berlin","legacy","2026-04-03","2026-06-02"
"Personal Assistant (m/w/d)","https://www.stepstone.de/stellenangebote--Personal-Assistant-m-w-d-Muenchen-Hengeler-Mueller-Partnerschaft-von-Rechtsanwaelten-mbB--13850136-inline.html?rltr=619_19_25_seorl_m_0_0_0_0_0_0","Hengeler Mueller Partnerschaft von Rechtsanwälten mbB","München","legacy","2026-04-16","2026-06-02"
"Personalfachkauffrau (w/m/d)","https://www.stepstone.de/stellenangebote--Personalfachkauffrau-w-m-d-Stuttgart-Oppenlaender-Rechtsanwaelte-Partnerschaft--13716415-inline.html?rltr=1062_12_25_seorl_m_0_0_0_0_1_0","Oppenländer Rechtsanwälte Partnerschaft","Stuttgart","legacy","2026-04-02","2026-06-02"
"Personalsachbearbeiter (m/w/d)","https://de.indeed.com/viewjob?jk=a67a4c0e113498db","aust und partner - Steuerberater, Rechtsanwälte","Home Office","legacy","2026-04-22","2026-06-02"
"Pflichtpraktika im Rahmen des Studiums der Rechtswissenschaften","https://kanzlei-scheibeler.de/stellenangebote","Kanzlei Scheibeler, Dr. Elke Scheibeler","Wuppertal","legacy","2026-04-03","2026-06-02"
"Pflichtpraktikum (Student/in)","http://www.kanzlei-glockenbachviertel.de/stellenausschreibung","Rechtsanwalt Tim Eller - Arbeitsrecht, Urheberrecht, Medienrecht, Filesharing","Heidelberg","legacy","2026-04-03","2026-06-02"
"Pflichtpraktikumsplatz für Jurastudierende (m/w/d)","https://www.kanzlei-erven.de/wir-suchen-verstaerkung","Thomas Erven - lawyer specializing in traffic law","Köln","legacy","2026-04-03","2026-06-02"
"Praktika","https://kanzlei-steinhausen.de/karriere/praktika","Kanzlei Steinhausen","Krefeld","legacy","2026-04-03","2026-06-02"
"Praktika","https://rechtsanwaelte-schuette.de/karriere/praktika","Schütte Horstkotte & Partner Rechtsanwälte","Bad Doberan","legacy","2026-04-02","2026-06-02"
"Praktikant","http://www.rahaizmann.de/karriere-und-jobs","Anwaltskanzlei Haizmann & Büttner","Regensburg","legacy","2026-04-03","2026-06-02"
"Praktikant","http://www.kozianka-law.de/de/de/karriere.html","KOZIANKA & WEIDNER Rechtsanwälte","Hamburg","legacy","2026-04-05","2026-06-02"
"Praktikant","https://www.kanzlei-koenigstrasse.de/karriere/praktikum","Kanzlei Königstraße Köster & Kollegen","Stuttgart","legacy","2026-04-05","2026-06-02"
"Praktikant","http://www.klaus-anwaelte.de/kontakt","Rechtsanwaltskanzlei Dr. Thomas Klaus","Magdeburg","legacy","2026-04-03","2026-06-02"
"Praktikant","https://anwalt-hkb.de/karriere","Rechtsanwälte von Hollen & Buschmann","Bielefeld","legacy","2026-04-02","2026-06-02"
"Praktikant (Rechtswissenschaft)","http://www.recht-auf-studienplatz.de/kontakt.html","Joachim Schaller","Hamburg","legacy","2026-04-05","2026-06-02"
"Praktikant (Studierende der Rechtswissenschaften)","https://ra-schauer.de/jobs","Rechtsanwalt Marek Schauer Kanzlei für Strafrecht, Mietrecht, Sozialrecht und Ausbildungsrecht","Berlin","legacy","2026-04-02","2026-06-02"
"Praktikant (m/w/d)","https://www.eip-run.de/de/7/Karriere.html","Esper Ihrig & Partner","Stuttgart","legacy","2026-04-03","2026-06-02"
"Praktikant (m/w/d)","https://www.meilicke-hoffmann.de/de/karriere.html","Meilicke Hoffmann & Partner Rechtsanwälte Steuerberater mbB","Bonn","legacy","2026-04-02","2026-06-02"
"Praktikant (m/w/d) Rechtswissenschaften","https://www.rechtsanwaeltinball.de/karriere","Gudrun Ball Rechtsanwältin","Berlin","legacy","2026-04-05","2026-06-02"
"Praktikant (m/w/d) für Rechts- oder Wirtschaftswissenschaften oder Wirtschaftsrecht","https://www.anwaltskanzlei-wollweber.de/karriere","Rechtsanwältin Wollweber","Berlin","legacy","2026-04-02","2026-06-02"
"Praktikant (w/m/d)","http://www.corak-fink.de/karriere","Corak und Fink Rechtsanwälte","Stuttgart","legacy","2026-04-05","2026-06-02"
"Praktikant (w/m/d)","https://karriere.kirkland.com/einstiegsmoeglichkeiten/praktikant","Kirkland & Ellis","München/Frankfurt","legacy","2026-05-05","2026-06-02"
"Praktikant Legal (d/w/m)","https://www.rtpartner.de/karriere","RT & Partner Rechtsanwaltsgesellschaft mbH","München","legacy","2026-04-05","2026-06-02"
"Praktikant(in)","https://siegert-wegener.de/karriere.html","Siegert & Wegener Rechtsanwälte","Berlin","legacy","2026-04-02","2026-06-02"
"Praktikant(in) Informationsrecht (m/w/d)","https://kanzlei-kramarz.de/jobs","Rechtsanwalt Kramarz","Darmstadt","legacy","2026-04-02","2026-06-02"
"Praktikant*Innen","https://ra-bertwittenburg.de/karriere","Kanzlei Wittenburg","Berlin","legacy","2026-04-02","2026-06-02"
"Praktikant*in (w/m/d)","https://www.kaiser-rechtsanwaelte.com/kanzlei/karriere","Kaiser Rechtsanwälte","Bingen","legacy","2026-04-03","2026-06-02"
"Praktikant*in im Bereich technische Schutzrechte","https://www.stepstone.de/stellenangebote--Praktikantin-im-Bereich-technische-Schutzrechte-Stuttgart-Mercedes-Benz-Intellectual-Property-GmbH-CO-KG--13885097-inline.html?rltr=1162_12_25_seorl_m_0_0_0_0_0_0","Mercedes-Benz Intellectual Property GmbH & CO. KG","Stuttgart","legacy","2026-04-25","2026-06-02"
"Praktikant:in","https://www.bgzb.de/index.htm","Kanzlei am Winterhuder Markt, Rechtsanwälte Gutmann & Zander-Böhm","Hamburg","legacy","2026-04-05","2026-06-02"
"Praktikant:in","https://www.slopek.com/karriere","Slopek Rechtsanwälte - Markenrecht, Urheberrecht, Wettbewerbsrecht, Designrecht, Medienrecht","Hamburg","legacy","2026-04-03","2026-06-02"
"Praktikant:in (Studienpraktikum)","https://www.bgzb.de/kanzlei.htm","Kanzlei am Winterhuder Markt, Rechtsanwälte Gutmann & Zander-Böhm","Hamburg","legacy","2026-04-03","2026-06-02"
"Praktikant:in (m/w/d)","https://muegge-pitschel.de/karriere","Mügge · Pitschel Rechtsanwälte","Göttingen","legacy","2026-04-03","2026-06-02"
"Praktikanten","http://www.ra-matuschewski.de/karierre.html","Matuschewski Rechtsanwälte","Berlin","legacy","2026-04-02","2026-06-02"
"Praktikanten","https://www.ihr-anwalt-rostock.de/rechtsanwalt-rostock-jobs","mv-recht - Drewelow, Ziegler & Nickel Rechtsanwälte","Rostock","legacy","2026-04-03","2026-06-02"
"Praktikanten (m/w)","https://www.dolunaylaw.com/dolunaylawrechtsanwaltskanzlei-anwaltarbeitsrechtm%C3%BCnchen14","Dolunay Law Rechtsanwaltskanzlei","München","legacy","2026-04-03","2026-06-02"
"Praktikanten (m/w)","https://www.erinclaw.de/Karriere","Erinc Law Rechtsanwaltskanzlei","Hamm","legacy","2026-04-03","2026-06-02"
"Praktikanten (m/w/d)","https://albus.legal/karriere","ALBUS LEGAL | Arbeitsrecht & Medizinrecht Kanzlei","Göttingen","legacy","2026-04-03","2026-06-02"
"Praktikanten (m/w/d)","http://www.brandi.net/ueber-brandi/karriere/praktikanten/bielefeld-praktikanten-mwd","BRANDI Rechtsanwälte Partnerschaft mbB","Bielefeld","legacy","2026-04-02","2026-06-02"
"Praktikanten (m/w/d)","http://www.brandi.net/ueber-brandi/karriere/praktikanten/detmold-praktikanten-mwd","BRANDI Rechtsanwälte Partnerschaft mbB","Detmold","legacy","2026-04-02","2026-06-02"
"Praktikanten (m/w/d)","http://www.brandi.net/ueber-brandi/karriere/praktikanten/hannover-praktikanten-mwd","BRANDI Rechtsanwälte Partnerschaft mbB","Hannover","legacy","2026-04-02","2026-06-02"
"Praktikanten (m/w/d)","http://www.brandi.net/ueber-brandi/karriere/praktikanten/minden-praktikanten-mwd","BRANDI Rechtsanwälte Partnerschaft mbB","Minden","legacy","2026-04-02","2026-06-02"
"Praktikanten (m/w/d)","http://www.brandi.net/ueber-brandi/karriere/praktikanten/paderborn-praktikanten-mwd","BRANDI Rechtsanwälte Partnerschaft mbB","Paderborn","legacy","2026-04-02","2026-06-02"
"Praktikanten (m/w/d)","http://die-strafverteidigerkanzlei.de/karriere","Die Strafverteidigerkanzlei - Dr. Arabella Pooth - Rechtsanwältin & Fachanwältin für Strafrecht","Dortmund","legacy","2026-04-02","2026-06-02"
"Praktikanten (m/w/d)","https://www.grueter.de/de/praktikanten-mwd","Grüter Hamm Münster PartGmbB","Duisburg","legacy","2026-04-03","2026-06-02"
"Praktikanten (m/w/d)","http://www.grueter.de/de/praktikanten-mwd","Grüter Rechtsanwälte PartGmbB","Duisburg","legacy","2026-04-02","2026-06-02"
"Praktikanten (m/w/d)","https://jahnhettler.de/kanzlei/karriere/praktikanten-fuer-frankfurt-a-m","Jahn Hettler Rechtsanwälte","Frankfurt a. M.","legacy","2026-04-03","2026-06-02"
"Praktikanten (m/w/d) im Bereich Crypto Tax Advisory","https://www.stepstone.de/stellenangebote--Praktikanten-m-w-d-im-Bereich-Crypto-Tax-Advisory-Hamburg-MOEHRLE-HAPP-LUTHER--13876412-inline.html?rltr=605_5_25_seorl_m_0_0_0_0_0_0","MÖHRLE HAPP LUTHER","Hamburg","legacy","2026-04-24","2026-06-02"
"Praktikanten (m/w/x)","https://www.anwalt-leverkusen.de/kanzlei/offene-stelle/praktikanten-m-w-x.html","Anwaltskanzlei Lenné","Leverkusen","legacy","2026-04-03","2026-06-02"
"Praktikanten (m|w|d)","http://www.puplick-partner.de/images/jobs-karriere/Puplick_Stellenanzeige2023_06.pdf","Lawyers Dr. Puplick & Partner GbR","Dortmund","legacy","2026-04-02","2026-06-02"
"Praktikanten / Trainee","https://dda-legal.de/anwaltskanzlei/karriere","DDA Legal Dupont Danzel d'Aumont Partnerschaft von Rechtsanwälten & Avocat à la Cour mbB","Frankfurt am Main","legacy","2026-04-05","2026-06-02"
"Praktikanten und Praktikantinnen","http://www.rugekroemer.de/karriere/mitarbeiter/-innen","rugekrömer Arbeitsrecht.","Hamburg","legacy","2026-04-03","2026-06-02"
"Praktikantenstelle (w/m/d) für Studierende der Rechts- und Wirtschaftswissenschaften","https://www.gtkr.de/karriere/karriere","GTK Rechtsanwälte Klein Figatowski Todtenhöfer","Bonn","legacy","2026-04-02","2026-06-02"
"Praktikum","https://www.kanzlei13.de/ausbildungen","Alexander Klein","Ludwigshafen","legacy","2026-04-03","2026-06-02"
"Praktikum","http://www.rmk-recht.de/stellen.php","Dr. Reinisch u. Kollegen, Rechtsanwälte","Nürnberg","legacy","2026-04-05","2026-06-02"
"Praktikum","https://www.graf-bonn.de/praktikum","GRAF | BONN | LINDEMANN Sozialrecht & Strafrecht Köln","Köln","legacy","2026-04-03","2026-06-02"
"Praktikum","https://rechtsanwalt-goldbeck.de/jobs","Goldbeck - Fachanwalt für Strafrecht und Rechtsanwalt","Düsseldorf","legacy","2026-04-03","2026-06-02"
"Praktikum","https://www.gruneberg-rechtsanwaelte.de/kontakt","Gruneberg Rechtsanwälte","Köln","legacy","2026-04-05","2026-06-02"
"Praktikum","https://www.kleinkes-nettelstroth.de/karriere","Rechtsanwälte Kleinkes & Nettelstroth","Bielefeld","legacy","2026-04-02","2026-06-02"
"Praktikum (m/w/d), Frankfurt am Main","https://www.lenhardt-lenhardt.de/jobs-anwalt-frankfurt","Lenhardt & Lenhardt Rechtsanwälte","Frankfurt am Main","legacy","2026-04-02","2026-06-02"
"Praktikum Rechtsabteilung","https://de.indeed.com/viewjob?jk=4c457eb8c5fdf972","Porsche Financial Services GmbH","Bietigheim-Bissingen","legacy","2024-12-03","2026-06-02"
"Praktikum Studenten (m/w/d)","https://www.kanzlei-landucci.de/jobs-karriere","Kanzlei Landucci","Köln","legacy","2026-04-03","2026-06-02"
"Praktikum für Schüler","https://www.nfp-kanzlei.de/karriere","NFP Rechtsanwälte","Leipzig","legacy","2026-04-03","2026-06-02"
"Praktikum für Studenten (m/w/s) der Rechtswissenschaften","https://www.stemmermann.org/ueber-uns/karriere","Stemmermann Rechtsanwälte","Ludwigshafen","legacy","2026-04-03","2026-06-02"
"Praktikumsplatz","https://kanzlei-smajic.de/kontakt","KANZLEI SMAJIC","Aachen","legacy","2026-04-05","2026-06-02"
"Praktikumsplätze für Jura-Studenten","https://www.dr-bockwoldt.de/","Dr. Bockwoldt & Collegen Rechtsanwälte","Hamburg","legacy","2026-04-03","2026-06-02"
"Praktikumsplätze für Schülerinnen und Schüler","http://www.anwalt-simoncic.de/karriere","Simoncic Rechtsanwälte und Fachanwalt","Berlin","legacy","2026-04-05","2026-06-02"
"Praktikumsplätze für Studierende","https://strafverteidiger-bremen.de/freie-stellen","Joester & Partner - Rechtsanwälte und Fachanwälte für Strafrecht PartGmbB","Bremen","legacy","2026-04-05","2026-06-02"
"Product Manager (m/w/d)","https://www.jobblitz.de/jobad/16198456?location_hash=72411AE8&pja_cmp=win685448_xing_031&campaign=jb_xing","Niedergesäß Stephan","Glinde","legacy","2026-04-02","2026-06-02"
"Projekt- und Teamassistenz für Immobilien | Berlin","https://www.stepstone.de/stellenangebote--Projekt-und-Teamassistenz-fuer-Immobilien-Berlin-Berlin-Art-Invest-Real-Estate-Management-GmbH-Co-KG--13877308-inline.html?rltr=789_14_25_seorl_m_0_0_0_0_1_0","Art-Invest Real Estate Management GmbH & Co KG","Berlin","legacy","2026-04-24","2026-06-02"
"Projektjurist (m/w/d) Legal Counsel, Mid-Level ab 01.05 in Vollzeit","https://www.stepstone.de/stellenangebote--Projektjurist-m-w-d-Legal-Counsel-Mid-Level-ab-01-05-in-Vollzeit-Muenchen-Lexx360--13868286-inline.html?rltr=5_5_25_seorl_m_0_0_0_0_1_0","Lexx360","München","legacy","2026-04-23","2026-06-02"
"Projektleiter Rüstungsprojekte (w/m/d) –Bekleidung und Ausrüstung der Bundeswehr","https://www.xing.com/jobs/koeln-projektleiter-ruestungsprojekte-bekleidung-ausruestung-bundeswehr-149598069","Niedergesäß Stephan","Köln","legacy","2026-04-02","2026-06-02"
"ProjektleiterIn Projektentwicklung (m/w/d)","https://www.xing.com/jobs/muenster-projektleiterin-projektentwicklung-150191355","Niedergesäß Stephan","Münster","legacy","2026-04-02","2026-06-02"
"Projektmanager EquiCrown, Schwerpunkt Kundenservice (w/m/d)","https://www.xing.com/jobs/aichach-projektmanager-equicrown-schwerpunkt-kundenservice-152530724","Niedergesäß Stephan","Aichach","legacy","2026-04-02","2026-06-02"
"Projektmanager IT (m/w/d)","https://www.kanzlei-siebert.de/karriere","Kanzlei Siebert Lexow","Berlin","legacy","2026-04-02","2026-06-02"
"Projektmanager mit Grafikexpertise (m/w/d)","https://www.xing.com/jobs/dortmund-projektmanager-grafikexpertise-150173521","Niedergesäß Stephan","Dortmund","legacy","2026-04-02","2026-06-02"
"Prozessanwalt/-anwältin (w/m/d) im Produkt- und Wirtschaftsrecht","https://www.goertz-legal.de/prozessanwalt-anwaeltin-w-m-d-im-produkt-und-wirtschaftsrecht-stuttgart","Görtz Legal Rechtsanwaltsgesellschaft mbH","Stuttgart","legacy","2026-04-03","2026-06-02"
"Prüfungs- und Steuerassistenten","https://www.vierhaus-kanzlei.de/karriere/stellenanzeigen/pruefungs-und-steuerassistenten","Vierhaus Kanzlei","Berlin","legacy","2026-04-05","2026-06-02"
"Prüfungsassistent / Mitarbeiter im Bereich Jahresabschlussprüfung (m/w/d)","https://www.neumann-schmeer.de/2022/11/29/pruefungsassistenten-mitarbeiter-im-bereich-jahresabschlusspruefungm-w-d","Dr. Maubach - NS+P Dr. Neumann Schmeer und Partner mbB","Aachen","legacy","2026-04-02","2026-06-02"
"Prüfungsleiter (m/w/d) in der Wirtschaftsprüfung","https://www.neumann-schmeer.de/2026/02/03/pruefungsleiter-m-w-d-in-der-wirtschaftspruefung","Dr. Maubach - NS+P Dr. Neumann Schmeer und Partner mbB","Aachen","legacy","2026-04-02","2026-06-02"
"Publicis Media - Junior Legal Contract Manager (Staatsexamen/ Bachelor of Laws (LL.B.) / Master of Laws) (m/w/d)","https://www.stepstone.de/stellenangebote--Publicis-Media-Junior-Legal-Contract-Manager-Staatsexamen-Bachelor-of-Laws-LL-B-Master-of-Laws-m-w-d-Duesseldorf-Publicis-Media-GmbH--13928600-inline.html?rltr=167_17_25_seorl_s_0_0_0_0_0_0","Publicis Media GmbH","Düsseldorf","legacy","2026-04-20","2026-06-02"
"Qualifizierte Rechtsreferendare (m/w/d)","https://www.funk-tenfelde.de/karriere","Dr. Funk, Dr. Tenfelde & Partner mbB - Rechtsanwalt Osnabrück","Osnabrück","legacy","2026-04-05","2026-06-02"
"Qualifizierte Rechtsreferendare/innen im Arbeitsrecht","http://www.robe.org/de/online-bewerbung?plgvfformview_2_0bewerbung=Rechtsreferendar%2Fin+im+Arbeitsrecht","Lawyers and notaries Betz rocket-Dombek","Berlin","legacy","2026-04-02","2026-06-02"
"Qualifizierte Rechtsreferendare/innen im Familienrecht","http://www.robe.org/de/online-bewerbung?plgvfformview_2_0bewerbung=Rechtsreferendar%2Fin+im+Familienrecht","Lawyers and notaries Betz rocket-Dombek","Berlin","legacy","2026-04-02","2026-06-02"
"Qualifizierte Steuerfachkraft (m/w/d) gesucht","https://kanzlei-stoelzel.de/steuerfachkraft-gesucht","Kanzlei Stölzel | Stölzel Rechtsanwälte Steuerberater GmbH","Dresden","legacy","2026-04-02","2026-06-02"
"Qualifizierte/r Kollege/Kollegin (m/w/d) zur Verstärkung des Teams","https://mbk-rechtsanwaelte.de/karriere","MBK Rechtsanwälte","Mönchengladbach","legacy","2026-04-03","2026-06-02"
"Qualifizierter Büromitarbeiter (m/w/d) für die Geschäftsstelle des Düsseldorfer Anwaltvereins e.V.","https://de.indeed.com/viewjob?jk=784e04b1bc62345f","Düsseldorfer AnwaltVerein e.V.","40227 Düsseldorf","legacy","2026-03-31","2026-06-02"
"Quereinsteiger (m/w/d) im kaufmännisch-dienstleistenden (Beratungs-) Umfeld bzw. dem Vertrieb (Innen- und Außendienst)","https://www.jurcar.de/karriere","JURCAR GbR - Kanzlei für Verkehrsrecht","Hannover","legacy","2026-04-03","2026-06-02"
"Quereinsteiger in den Gerichtsvollzieherdienst (m/w/d)","https://www.stepstone.de/stellenangebote--Quereinsteiger-in-den-Gerichtsvollzieherdienst-m-w-d-Duesseldorf-Hamm-Koeln-Justiz-des-Landes-Nordrhein-Westfalen--13711479-inline.html?rltr=281_6_25_seorl_m_0_0_0_0_0_0","Justiz des Landes Nordrhein-Westfalen","Düsseldorf, Hamm, Köln","legacy","2026-04-01","2026-06-02"
"Quereinstieg (m/w/d) für die Onlinefiliale","https://de.indeed.com/viewjob?jk=7b487970a67de116","Volksbank Viersen EG","41751 Viersen","legacy","2026-02-27","2026-06-02"
"Quereinstieg Kriminal­polizei zur Bekämpfung der Cyber­kriminalität (m/w/d) in der Laufbahn des gehobenen Polizei­vollzugs­dienstes","https://www.stepstone.de/stellenangebote--Quereinstieg-Kriminal-polizei-zur-Bekaempfung-der-Cyber-kriminalitaet-m-w-d-in-der-Laufbahn-des-gehobenen-Polizei-vollzugs-dienstes-Berlin-Polizei-Berlin--13847426-inline.html?rltr=659_9_25_seorl_m_0_0_0_0_0_0","Polizei Berlin","Berlin","legacy","2026-04-16","2026-06-02"
"Quereinstieg Kriminal­polizei zur Bekämpfung der Wirtschafts­kriminalität (m/w/d) in der Laufbahn des gehobenen Polizei­vollzugs­dienstes","https://www.stepstone.de/stellenangebote--Quereinstieg-Kriminal-polizei-zur-Bekaempfung-der-Wirtschafts-kriminalitaet-m-w-d-in-der-Laufbahn-des-gehobenen-Polizei-vollzugs-dienstes-Berlin-Polizei-Berlin--13847424-inline.html?rltr=610_10_25_seorl_m_0_0_0_0_0_0","Polizei Berlin","Berlin","legacy","2026-04-16","2026-06-02"
"RA-Fachangestellte (m/w/d)","http://www.theobald-koll.de/index.html","Dr. Theobald & Kollegen","Kaiserslautern","legacy","2026-04-03","2026-06-02"
"RECHTSANWALT (M/W/D)","https://bridgehouselaw.de/karriere","BridgehouseLaw Germany - Standort Berlin","Köln","legacy","2026-04-02","2026-06-02"
"RECHTSANWALTS- UND NOTARFACHANGESTELLTE (M/W/D)","https://de.indeed.com/viewjob?jk=6f61abd7ee37e9fb","Aktuelle Stellenangebote in EMSBÜREN","Emsbüren","legacy","2026-02-19","2026-06-02"
"RECHTSANWALTSFACHANGESTELLTE (M/W/X)","https://kanzlei-siegert-paar.de/karriere","SIEGERTPAAR Fachanwaltskanzlei für Strafrecht und Verkehrsrecht","Gummersbach","legacy","2026-04-03","2026-06-02"
"RECHTSANWALTSFACHANGESTELLTE (m/w/d)","https://muellerseidelvos.de/ihre-karriere-bei-uns","MÜLLER SEIDEL VOS Rechtsanwälte & Steuerberater","Köln","legacy","2026-04-03","2026-06-02"
"RECHTSANWALTSFACHANGESTELLTE/R","http://www.haufs-brusberg.de/mehr/karriere","Rechtsanwälte Haufs-Brusberg & Kollegen GbR","Trier","legacy","2026-04-03","2026-06-02"
"RECHTSANWÄLTIN:RECHTSANWALT LITIGATION (m/w/d) Hybrid","https://de.indeed.com/viewjob?jk=c3ff8bc4a60e82b6","Frommer Legal","80336 München","legacy","2026-03-23","2026-06-02"
"RECHTSANWÄLTIN:RECHTS­ANWALT LITIGATION (m/w/d) Hybrid","https://www.stepstone.de/stellenangebote--RECHTSANWAELTIN-RECHTS-ANWALT-LITIGATION-m-w-d-Hybrid-Muenchen-amp-Remote-Frommer-Rechtsanwalts-PartG-mbB--13887439-inline.html?rltr=549_24_25_seorl_m_0_0_0_0_1_0","Frommer Rechtsanwalts PartG mbB","München &amp; Remote","legacy","2026-04-25","2026-06-02"
"RECHTSREFERENDAR:IN (m/w/d) – Schwerpunkt Urheberrecht | Wahl-/Rechtsanwaltsstation | ab Oktober 2026","https://de.indeed.com/viewjob?jk=6609a2c87eed6330","Frommer Legal","80336 München","legacy","2026-02-17","2026-06-02"
"REFERENDAR*in / DOKTORAND*IN / WISSENSCHAFTLICHE*R MITARBEITER*in (M/W/D)","https://www.sva-recht.de/karriere/stelle/1","SvA Schneiders von Arnim Rechtsanwälte Partnerschaft mbB","Düsseldorf","legacy","2026-04-02","2026-06-02"
"REFERENDARIAT","http://www.contentlaw.de/referendariat","HOPPENSTEDT RECHTSANWÄLTE","Zentrale/Unbekannt","legacy","2026-04-02","2026-06-02"
"ReFA (m/w/d)","https://advocati-md.de/karriere","Müller & Michael, LL.M.oec, Rechtsanwälte, PartG mbB","Magdeburg","legacy","2026-04-03","2026-06-02"
"ReFa (Rechtsanwaltsfachangestellte)","https://www.zander-rechtsanwaelte.de/karriere","Zander Rechtsanwälte Mannheim - Fachanwalt Arbeitsrecht und Familienrecht","Mannheim","legacy","2026-04-03","2026-06-02"
"ReFa (w/m/d)","http://www.rae-wellmann.de/karriere.html","Rechtsanwälte Wellmann & Kollegen","Darmstadt","legacy","2026-04-02","2026-06-02"
"ReFa/ReNo (m/w/d)","https://wmrc.de/karriere/refa-reno-m-w-d","WMRC Rechtsanwälte","Berlin","legacy","2026-04-02","2026-06-02"
"ReNo / ReFa (m/w/d)","https://rechtsanwalt-hollitzer.de/karriere-stellenangebote","Fachkanzlei Dr. Hollitzer & Hiller - Rechtsanwälte Kiel - Arbeitsrecht, Medizinrecht, Versicherungsrecht, Steuerrecht","Kiel","legacy","2026-04-03","2026-06-02"
"ReNo oder ReFa","https://kanzleimitte.de/rechtsanwaltsfachangestellter-refareno-gesucht","JUSTUS Rechtsanwälte","Berlin","legacy","2026-04-05","2026-06-02"
"Rechts- und Notarfachangestellte (m/w/d)","https://jobs.ulbrich-kaminski.de/","Dr. Ulbrich & Kaminski Rechtsanwälte","Bochum","legacy","2026-04-02","2026-06-02"
"Rechts-Referendar:in (m/w/d)","https://www.martin-anwaelte.de/job/rechts-referendarin-m-w-d","MARTIN RECHTSANWÄLTE","Karlsruhe","legacy","2026-04-03","2026-06-02"
"Rechtsanw"",","http://it-rechthannover.de/Stellenangebote/Rechtsanwalte/rechtsanwalte.html","Franziska Tesoro, horak Rechtsanwälte Berlin","Berlin","legacy","2026-04-05","2026-06-02"
"Rechtsanw"",","http://www.hkb-anwaelte.de/stellenangebote-anwaelte.html","HKB-Rechtsanwälte","Frankfurt","legacy","2026-04-02","2026-06-02"
"Rechtsanwalt","https://www.advofleet.de/anwaltliche-mitarbeit","Advofleet Rechtsanwaltsgesellschaft mbH","Bundesweit","legacy","2026-04-02","2026-06-02"
"Rechtsanwalt","https://www.blauertz-rechtsanwaelte.de/karriere/stellenanzeige-rechtsanwalt","Blauertz Rechtsanwälte","Frankfurt am Main","legacy","2026-04-03","2026-06-02"
"Rechtsanwalt","https://falch-partner.de/stellenangebote","Falch & Partner Rechtsanwälte - Steuerberater PartG mbB","München","legacy","2026-04-03","2026-06-02"
"Rechtsanwalt","https://www.rae-schmachtendorf.de/","Funke - Werner - Harms - Hell Rechtsanwälte und Notare","Oberhausen","legacy","2026-04-03","2026-06-02"
"Rechtsanwalt","https://rechtsanwalt-magdeburg.de/kontakt","Kanzlei Krahmer und Krug","Magdeburg","legacy","2026-04-05","2026-06-02"
"Rechtsanwalt","https://www.kanzlei-koenigstrasse.de/karriere/rechtsanwaelte-steuerberater-und-wirtschaftspruefer","Kanzlei Königstraße Köster & Kollegen","Stuttgart","legacy","2026-04-05","2026-06-02"
"Rechtsanwalt","https://www.kuther.de/karriere","Kuther & Partner, Rechtsanwälte-Notare","Frankfurt am Main","legacy","2026-04-02","2026-06-02"
"Rechtsanwalt","https://www.wbs.legal/karriere/rechtsanwalt/stellenanzeigen","WBS LEGAL","Köln","legacy","2026-04-05","2026-06-02"
"Rechtsanwalt (M/W/D)","https://www.rae-geisler-franke.de/karriere/rechtsanwalt","Dr. Geisler, Dr. Franke Rechtsanwälte Partnerschaft mbB","Bielefeld","legacy","2026-04-02","2026-06-02"
"Rechtsanwalt (M/W/D)","https://www.goehmann.de/karriere/5921","GÖHMANN Rechtsanwälte · Notare","Braunschweig","legacy","2026-04-02","2026-06-02"
"Rechtsanwalt (Syndikusrechtsanwalt) / Rechtsanwältin (Syndikusrechtsanwältin) Medizinrecht","https://www.stepstone.de/stellenangebote--Rechtsanwalt-Syndikusrechtsanwalt-Rechtsanwaeltin-Syndikusrechtsanwaeltin-Medizinrecht-Hamburg-amedes-Medizinische-Dienstleistungen-GmbH--13865961-inline.html?rltr=3_3_25_seorl_m_1_0_0_0_1_0","amedes Medizinische Dienstleistungen GmbH","Hamburg","legacy","2026-04-22","2026-06-02"
"Rechtsanwalt (W/M/D)","https://rechtsanwaltnotardrkeller.scope-recruiting.de/","Rechtsanwälte & Notar Dr. Keller Oberhausen","Mülheim/Ruhr","legacy","2026-04-03","2026-06-02"
"Rechtsanwalt (m/w)","http://www.anwaltskanzleiarnold.de/stellenangebote.html","Anwaltskanzlei Arnold","Berlin","legacy","2026-04-02","2026-06-02"
"Rechtsanwalt (m/w)","https://www.graf-bonn.de/rechtsanwalt-in","GRAF | BONN | LINDEMANN Sozialrecht & Strafrecht Köln","Köln","legacy","2026-04-03","2026-06-02"
"Rechtsanwalt (m/w)","https://www.btr-rechtsanwaelte.de/anwaelte/karriere","SYBILLE MÖBIUS RECHTSANWÄLTIN und NOTARIN","Berlin","legacy","2026-04-03","2026-06-02"
"Rechtsanwalt (m/w) Datenschutzrecht, IP- und IT-Recht","http://www.medi-ip.de/de/de/rechtsanwalt-datenschutz-ip-it-recht","Kazemi & Partner Rechtsanwälte Partnerschaftsgesellschaft","Zentrale/Unbekannt","legacy","2026-04-05","2026-06-02"
"Rechtsanwalt (m/w) für privates Bau- und Architektenrecht","https://probandt.com/doku/Rechtsanwalt-Bau-Architektenrecht_2021.pdf","PROBANDT - Rechtsanwälte und Notare","Berlin","legacy","2026-04-02","2026-06-02"
"Rechtsanwalt (m/w/d)","https://www.adkl-msi.de/de/karriere","ADKL Abels Decker Kuhfuß & Partner","Düsseldorf","legacy","2026-05-05","2026-06-02"
"Rechtsanwalt (m/w/d)","https://eikel-partner.de/stellenanzeigen","ANWALTSKANZLEI EIKEL & PARTNER GbR RECHTSANWÄLTE UND PATENTANWÄLTE","Detmold","legacy","2026-04-03","2026-06-02"
"Rechtsanwalt (m/w/d)","https://www.die-kuendigungsschutzkanzlei.de/kanzlei/karriere","Anwalt für Arbeitsrecht - Die Kündigungsschutzkanzlei","Augsburg","legacy","2026-04-02","2026-06-02"
"Rechtsanwalt (m/w/d)","https://anwaltskanzlei-arslan.de/stellenanzeige-rechtsanwalt-guetersloh","Anwaltskanzlei Arslan","Gütersloh","legacy","2026-04-05","2026-06-02"
"Rechtsanwalt (m/w/d)","https://www.besold-rae.de/stellenanzeige/stellenanzeige-ra-rain","Besold Rechtsanwälte","Nürnberg","legacy","2026-04-03","2026-06-02"
"Rechtsanwalt (m/w/d)","https://www.stepstone.de/stellenangebote--Rechtsanwalt-m-w-d-Passau-Regensburg-Deggendorf-Consilia-GmbH--13864733-inline.html?rltr=23_23_25_seorl_m_0_0_0_0_1_0","Consilia GmbH","Passau, Regensburg, Deggendorf","legacy","2026-04-22","2026-06-02"
"Rechtsanwalt (m/w/d)","https://diekanzlei-nadolny.de/karriere","DIE KANZLEI Nadolny","Essen","legacy","2026-04-02","2026-06-02"
"Rechtsanwalt (m/w/d)","http://www.sarafi.de/karriere","DR. SARAFI Rechtsanwaltsgesellschaft mbH","Berlin","legacy","2026-04-05","2026-06-02"
"Rechtsanwalt (m/w/d)","https://www.dk-ra.de/karriere/rechtsanwalt-m-w-d","Daryai Kuo & Partner Rechtsanwälte und Notar","Berlin","legacy","2026-04-02","2026-06-02"
"Rechtsanwalt (m/w/d)","https://www.white-ip.com/ueber-uns/jobs/rechtsanwalt-kanzlei-stellenanzeige","Dieter Merz","Dresden","legacy","2026-04-02","2026-06-02"
"Rechtsanwalt (m/w/d)","https://karriere.dornbach.de/de/karriere","Dornbach","Mainz","legacy","2026-05-05","2026-06-02"
"Rechtsanwalt (m/w/d)","https://www.dr-bachem.de/karriere.php","Dr. Bachem Lawyers","Köln","legacy","2026-04-05","2026-06-02"
"Rechtsanwalt (m/w/d)","https://www.kanzlei-doganay.de/rechtsanwalt-m-w-d-in-wiesbaden","Dr. Doganay & Doganay, Notare - Rechtsanwälte - Fachanwälte","Wiesbaden","legacy","2026-04-03","2026-06-02"
"Rechtsanwalt (m/w/d)","https://www.dr-eick.de/karriere","Dr. Eick & Partner GbR","Bochum","legacy","2026-05-05","2026-06-02"
"Rechtsanwalt (m/w/d)","http://www.weiland-rechtsanwaelte.de/karriere","Dr. Ferdinand Müller Weiland Rechtsanwälte","Stuttgart","legacy","2026-04-03","2026-06-02"
"Rechtsanwalt (m/w/d)","https://www.groda-kollegen.de/karriere","Dr. Groda & Partner MBB","Regensburg","legacy","2026-04-05","2026-06-02"
"Rechtsanwalt (m/w/d)","https://www.peus-partner.de/de/karriere.html","Dr. Peus Dr. Leuer Dr. Haarmann Partnerschaft von Rechtsanwälten mbB ∙ Notar","Münster","legacy","2026-04-03","2026-06-02"
"Rechtsanwalt (m/w/d)","https://www.rae-schreiner.de/stellenanzeige/rechtsanwalt-m-w-d-fachrichtung-arbeitsrecht-attendorn","Dr. Schreiner + Partner Rechtsanwälte PartGmbB","Attendorn","legacy","2026-04-03","2026-06-02"
"Rechtsanwalt (m/w/d)","https://www.rae-schreiner.de/stellenanzeige/rechtsanwalt-m-w-d-2","Dr. Schreiner + Partner Rechtsanwälte PartGmbB","Bundesweit","legacy","2026-04-03","2026-06-02"
"Rechtsanwalt (m/w/d)","https://www.rae-schreiner.de/stellenanzeige/rechtsanwalt-m-w-d-5","Dr. Schreiner + Partner Rechtsanwälte PartGmbB","Karlsruhe","legacy","2026-04-03","2026-06-02"
"Rechtsanwalt (m/w/d)","https://www.wessel-plueckebaum.de/kanzlei/stellenangebote-rechtsanwalt-anwaeltin-m-w-d","Dr. Wessel & Plückebaum PartGmbB Rechtsanwälte | Notare","Paderborn","legacy","2026-04-05","2026-06-02"
"Rechtsanwalt (m/w/d)","http://www.eckert-kollegen.de/karriere","Eckert & Kollegen Rechtsanwälte","Braunschweig","legacy","2026-04-05","2026-06-02"
"Rechtsanwalt (m/w/d)","https://froeling-reimers.de/jobs/rechtsanwaelte","Fröling & Reimers","Hamburg","legacy","2026-04-03","2026-06-02"
"Rechtsanwalt (m/w/d)","https://www.gamapa.de/karriere-steuerberater-wirtschaftspruefer-rechtsanwaelte","GANTEFÜHRER","Düsseldorf","legacy","2026-05-05","2026-06-02"
"Rechtsanwalt (m/w/d)","https://gks-rechtsanwaelte.de/karriere/rechtsanwalt-m-w-d-radevormwald","GKS Rechtsanwälte","Radevormwald","legacy","2026-04-05","2026-06-02"
"Rechtsanwalt (m/w/d)","https://gks-rechtsanwaelte.de/karriere/rechtsanwalt-m-w-d-wuppertal","GKS Rechtsanwälte","Wuppertal","legacy","2026-04-05","2026-06-02"
"Rechtsanwalt (m/w/d)","https://g-t-w-kr.com/karriere","GTW Anwälte für Bau- und Immobilienrecht","Krefeld","legacy","2026-04-03","2026-06-02"
"Rechtsanwalt (m/w/d)","https://www.hackstein-reuter.de/kanzlei","Hackstein Reuter Rechtsanwälte","Bielefeld","legacy","2026-04-02","2026-06-02"
"Rechtsanwalt (m/w/d)","http://www.ifrlegal.de/","INGENSIEP Fachanwälte Rechtsanwälte PartGmbB","Chemnitz","legacy","2026-04-02","2026-06-02"
"Rechtsanwalt (m/w/d)","https://www.stepstone.de/stellenangebote--Rechtsanwalt-m-w-d-Duesseldorf-JetztJob-de--13386096-inline.html?rltr=1_1_25_seorl_m_0_0_0_0_0_0","JetztJob.de","Düsseldorf","legacy","2026-04-27","2026-06-02"
"Rechtsanwalt (m/w/d)","https://kanzlei-scholze.de/wp-content/uploads/2020/04/20200407-Anzeige-RA-IN.pdf","KANZLEI SCHOLZE","Dresden","legacy","2026-04-03","2026-06-02"
"Rechtsanwalt (m/w/d)","http://kessler-rs.com/rechtsanwalt","KESSLER Rechtsanwaltsgesellschaft mbH","Bremen","legacy","2026-04-02","2026-06-02"
"Rechtsanwalt (m/w/d)","http://www.rechtsanwalt-in.de/kanzlei/stellenangebote.html","Kanzlei Kronbichler","München","legacy","2026-04-03","2026-06-02"
"Rechtsanwalt (m/w/d)","https://www.arbeitsrechtler-hamburg.eu/kanzlei/stellenangebote.html","Kanzlei Kronbichler und Partner, Fach- und Rechtsanwälte für Arbeitsrecht Hamburg","Hamburg","legacy","2026-04-03","2026-06-02"
"Rechtsanwalt (m/w/d)","https://www.kanzleisek.de/rechtsanwalt-m-w-d-gesucht","Kanzlei SEK - Dr. Klimsch & Partner","Freiburg i. Br.","legacy","2026-04-05","2026-06-02"
"Rechtsanwalt (m/w/d)","http://www.kanzlei-am-kontor.de/","Kanzlei am Kontor","Bremen","legacy","2026-04-02","2026-06-02"
"Rechtsanwalt (m/w/d)","https://de.indeed.com/viewjob?jk=d43d7b5bea677534","Klenner Rechtsanwälte","49084 Osnabrück","legacy","2026-04-07","2026-06-02"
"Rechtsanwalt (m/w/d)","https://www.rak-ffm.de/anzeigenmarkt/detailseite/rechtsanwalt-m-w-d-knarr-knopp-milde-netuschil-zimmer-rechtsanwaelte-partg-mbb","Knarr & Knopp Milde Netuschil Zimmer Rechtsanwälte Notare Fachanwälte","Darmstadt","legacy","2026-04-02","2026-06-02"
"Rechtsanwalt (m/w/d)","https://lutz-rae.de/stellenanzeigen-details/rechtsanwalt-rechtsanw%C3%A4ltin.html","LUTZ Rechtsanwälte","Stuttgart","legacy","2026-04-03","2026-06-02"
"Rechtsanwalt (m/w/d)","https://de.indeed.com/viewjob?jk=d1083077d9818b03","Lutz Beck Grobosch Rechtsanwälte","76133 Karlsruhe","legacy","2026-04-22","2026-06-02"
"Rechtsanwalt (m/w/d)","https://www.moeller-rechtsanwaelte.de/rechtsanwaelte-und-notar","Möller Rechtsanwälte Partnerschaft mbB","Münster","legacy","2026-04-03","2026-06-02"
"Rechtsanwalt (m/w/d)","https://www.noel-waffenschmidt.de/stellenanzeigen","Noël - Waffenschmidt - Güldenberg - Notare, Rechtsanwälte & Steuerberater","Duisburg Meiderich","legacy","2026-04-05","2026-06-02"
"Rechtsanwalt (m/w/d)","https://de.indeed.com/viewjob?jk=c8bba33ca5b919b1","RUFUNDSCHLENKER Wirtschaftsprüfer, Steuerberater, Rechtsanwälte","Emmendingen","legacy","2026-04-04","2026-06-02"
"Rechtsanwalt (m/w/d)","https://raspe.legal/stellenangebote","Raspe & Partner Rechtsanwälte","Hagen","legacy","2026-04-03","2026-06-02"
"Rechtsanwalt (m/w/d)","https://www.freund-rechtsanwalt.de/page3.html","Rechtsanwaltskanzlei Freund","Mülheim (Ruhr)","legacy","2026-04-03","2026-06-02"
"Rechtsanwalt (m/w/d)","https://de.indeed.com/viewjob?jk=fca83c22b325b187","Rechtsanwaltskanzlei Jürgen Rapp","78048 Villingen-Schwenningen","legacy","2026-04-02","2026-06-02"
"Rechtsanwalt (m/w/d)","https://ciper.de/karriere","Rechtsanwälte Ciper & Coll. - Medizinrecht und Patientenrecht","Düsseldorf","legacy","2026-04-02","2026-06-02"
"Rechtsanwalt (m/w/d)","https://lawplus.de/karriere","Rechtsanwälte Dr. Schulte, Prof. Schönrath & Schmid","Krefeld","legacy","2026-04-02","2026-06-02"
"Rechtsanwalt (m/w/d)","http://www.honold.de/karriere/job-rechtsanwalt-karlsruhe","Rechtsanwälte Honold & Partner mbB","Karlsruhe","legacy","2026-04-03","2026-06-02"
"Rechtsanwalt (m/w/d)","https://de.indeed.com/viewjob?jk=6eb2af44a8fb39f9","Rechtsanwälte Schmitter advokaarst","41564 Kaarst","legacy","2026-03-31","2026-06-02"
"Rechtsanwalt (m/w/d)","https://www.wittenberg-kollegen.de/karriere","Rechtsanwälte Wittenberg und Kollegen","Neuss","legacy","2026-04-03","2026-06-02"
"Rechtsanwalt (m/w/d)","https://berufung.kanzlei-wulf.de/rechtsanwalt_m_w_d?v=1","Rechtsanwälte Wulf & Collegen","Magdeburg","legacy","2026-04-03","2026-06-02"
"Rechtsanwalt (m/w/d)","https://kanzlei-rohring.de/jobs","Rechtsanwältin Ellen Rohring (Fachanwältin für Steuerrecht)","Paderborn","legacy","2026-04-03","2026-06-02"
"Rechtsanwalt (m/w/d)","https://www.die-betriebsratskanzlei.com/kanzlei/karriere","Sarah-Carina Leu - Rechtsanwältin für Betriebsräte","Augsburg","legacy","2026-04-02","2026-06-02"
"Rechtsanwalt (m/w/d)","https://schulte-prasse.de/rechtsanwalt-w-m-d","Schulte & Prasse Rechtsanwälte Partnerschaftsgesellschaft mbB","Braunschweig","legacy","2026-04-02","2026-06-02"
"Rechtsanwalt (m/w/d)","https://www.solmecke.eu/rechtsanwalt","Solmecke Rechtsanwälte PartGmbB","Zentrale/Unbekannt","legacy","2026-04-02","2026-06-02"
"Rechtsanwalt (m/w/d)","https://www.steinkuehler-legal.com/rechtsanwaeltinrechtsanwalt-mit-schwerpunkt-arbeits-und-gesellschaftsrecht-gesucht","Steinkühler – Kanzlei für Arbeits- und Gesellschaftsrecht","Berlin","legacy","2026-04-05","2026-06-02"
"Rechtsanwalt (m/w/d)","https://www.topjus.de/job/rechtsanwalt-m-w-d","TOPJUS Rechtsanwälte Kupferschmid & Partner mbB","Ingolstadt","legacy","2026-04-03","2026-06-02"
"Rechtsanwalt (m/w/d)","http://www.ra-vsz.de/anwaltsstellen","VSZ Rechtsanwälte Schabbeck und Partner mbB","Ludwigshafen","legacy","2026-04-03","2026-06-02"
"Rechtsanwalt (m/w/d)","https://de.indeed.com/viewjob?jk=4f135182c4a619ac","Walek Rechtsanwälte Partnerschaft","56727 Mayen","legacy","2026-03-31","2026-06-02"
"Rechtsanwalt (m/w/d)","https://www.kanzlei.de/karriere/rechtsanwalt-in-stuttgart-gesucht","esb Rechtsanwälte Emmert, Strewe, Buck, Bücking, Speichert Partnerschaft","Stuttgart","legacy","2026-04-03","2026-06-02"
"Rechtsanwalt (m/w/d)","https://www.forum-ra.de/karriere","forum Partnerschaftsgesellschaft mbB - Rechtsberatung","Chemnitz","legacy","2026-04-02","2026-06-02"
"Rechtsanwalt (m/w/d)","https://frankundthiele.de/jobs","frankundthiele Rechtsanwälte","Hamburg","legacy","2026-04-03","2026-06-02"
"Rechtsanwalt (m/w/d)","https://www.stepstone.de/stellenangebote--Rechtsanwalt-m-w-d-Hamburg-hww-hermann-wienberg-wilhelm-Rechtsanwaelte-Partnerschaft--13855408-inline.html?rltr=35_10_25_seorl_m_0_0_0_0_1_0","hww hermann wienberg wilhelm Rechtsanwälte Partnerschaft","Hamburg","legacy","2026-04-17","2026-06-02"
"Rechtsanwalt (m/w/d)","https://www.ilex-bankrecht.de/nachricht-im-detail/stellenangebot-rechtsanwalt-m-w-d-potsdam-nahe-berlin.html","ilex Rechtsanwälte","Berlin","legacy","2026-04-03","2026-06-02"
"Rechtsanwalt (m/w/d)","https://www.rellermeyer.de/rechtsanwaelte","rellermeyer Rechtsanwälte","Düsseldorf","legacy","2026-04-02","2026-06-02"
"Rechtsanwalt (m/w/d) - Aktuelle Stellenausschreibung I/2020","https://www.ilex-bankrecht.de/nachricht-im-detail/stellenausschreibung-rechtsanwalt-m-w-d-in-potsdam.html","ilex Rechtsanwälte","Potsdam","legacy","2026-04-05","2026-06-02"
"Rechtsanwalt (m/w/d) - Bau- und Architektenrecht","http://www.dr-eick.de/index.php?module=jobs&amp%3Bindex%5Bjobs%5D%5Baction%5D=details&amp%3Bindex%5Bjobs%5D%5Bdata%5D%5Bjobs_id%5D=14","Dr. Eick & Partner Rechtsanwälte Partnerschaft mbB","Dresden","legacy","2026-04-03","2026-06-02"
"Rechtsanwalt (m/w/d) - Verkehrsrecht (Vollzeit)","https://bulex-rechtsanwaltsgesellschaft.jobs.personio.de/job/1064085?display=de","Bulex Rechtsanwaltsgesellschaft mbH","Augsburg","legacy","2026-04-02","2026-06-02"
"Rechtsanwalt (m/w/d) - Verkehrsrecht - Voll- oder Teilzeit","http://www.dr-eick.de/index.php?module=jobs&amp%3Bindex%5Bjobs%5D%5Baction%5D=details&amp%3Bindex%5Bjobs%5D%5Bdata%5D%5Bjobs_id%5D=6","Dr. Eick & Partner Rechtsanwälte Partnerschaft mbB","München","legacy","2026-04-03","2026-06-02"
"Rechtsanwalt (m/w/d) Arbeitsrecht","https://fernsehanwalt.de/jobs","Bredereck Willkomm Rechtsanwälte","Lichtenow","legacy","2026-04-02","2026-06-02"
"Rechtsanwalt (m/w/d) Arbeitsrecht","https://www.rae-schreiner.de/stellenanzeige/rechtsanwalt-m-w-d-augsburg","Dr. Schreiner + Partner Rechtsanwälte PartGmbB","Augsburg","legacy","2026-04-03","2026-06-02"
"Rechtsanwalt (m/w/d) Arbeitsrecht","https://de.indeed.com/viewjob?jk=d803604b47f87c0d","Luther","70173 Stuttgart","legacy","2026-04-14","2026-06-02"
"Rechtsanwalt (m/w/d) Arbeitsrecht","https://jobs.luther-lawfirm.com/jobportal/luther/viewAusschreibung/2026-019.html","Luther Rechtsanwaltsgesellschaft mbH","Köln","legacy","2026-04-30","2026-06-02"
"Rechtsanwalt (m/w/d) Arbeitsrecht","https://jobs.luther-lawfirm.com/jobportal/luther/viewAusschreibung/2026-022.html","Luther Rechtsanwaltsgesellschaft mbH","Stuttgart","legacy","2026-04-30","2026-06-02"
"Rechtsanwalt (m/w/d) Arbeitsrecht mit Berufserfahrung","https://jobs.luther-lawfirm.com/jobportal/luther/viewAusschreibung/2026-015.html","Luther Rechtsanwaltsgesellschaft mbH","Frankfurt am Main","legacy","2026-04-30","2026-06-02"
"Rechtsanwalt (m/w/d) Arbeitsrecht mit Berufserfahrung","https://jobs.luther-lawfirm.com/jobportal/luther/viewAusschreibung/2026-017.html","Luther Rechtsanwaltsgesellschaft mbH","Hamburg","legacy","2026-04-30","2026-06-02"
"Rechtsanwalt (m/w/d) Arbeitsrecht und Datenschutz","https://kolb-blickhan-partner.de/karriere/rechtsanwalt-m-w-d-arbeitsrecht-datenschutz","Lawyers Kolb, Blickhan & Partner","Darmstadt","legacy","2026-04-05","2026-06-02"
"Rechtsanwalt (m/w/d) Corporate / M&A","https://jobs.luther-lawfirm.com/jobportal/luther/viewAusschreibung/2025-067.html","Luther Rechtsanwaltsgesellschaft mbH","Leipzig","legacy","2026-04-30","2026-06-02"
"Rechtsanwalt (m/w/d) Corporate / M&A / Private Equity / Venture Capital","https://jobs.luther-lawfirm.com/jobportal/luther/viewAusschreibung/2025-055.html","Luther Rechtsanwaltsgesellschaft mbH","München","legacy","2026-04-30","2026-06-02"
"Rechtsanwalt (m/w/d) Corporate / M&A mit Berufserfahrung","https://jobs.luther-lawfirm.com/jobportal/luther/viewAusschreibung/2025-054.html","Luther Rechtsanwaltsgesellschaft mbH","Leipzig","legacy","2026-04-02","2026-06-02"
"Rechtsanwalt (m/w/d) Energierecht","https://jobs.luther-lawfirm.com/jobportal/luther/viewAusschreibung/2026-032.html","Luther Rechtsanwaltsgesellschaft mbH","Berlin, Düsseldorf","legacy","2026-04-30","2026-06-02"
"Rechtsanwalt (m/w/d) Familienrecht","https://www.cornea-franz.de/job-rechtsanwalt-familienrecht-wuerzburg","Cornea Franz Rechtsanwälte Partnerschaft MBB","Würzburg","legacy","2026-04-03","2026-06-02"
"Rechtsanwalt (m/w/d) Familienrecht / Erbrecht","https://www.rvr.de/karriere/rechtsanwalt-m-w-d-auf-dem-gebiet-des-familienrechts-erbrecht","RVR Rechts­an­wäl­te Rechts­an­walts­ge­sell­schaft mbH","Stuttgart","legacy","2026-04-03","2026-06-02"
"Rechtsanwalt (m/w/d) Familienrecht und Arbeitsrecht","https://www.kanzlei-hasselbach.de/stellenangebote/rechtsanwalt-familien-und-arbeitsrecht","Kanzlei Hasselbach","Frankfurt","legacy","2026-04-02","2026-06-02"
"Rechtsanwalt (m/w/d) Gesellschaftsrecht | M&A","https://de.indeed.com/viewjob?jk=1a629547cc7c4e9f","adesse anwälte Eckhardt & Packi Partnerschaft mbB","10719 Berlin","legacy","2026-04-08","2026-06-02"
"Rechtsanwalt (m/w/d) Gewerblicher Rechtsschutz","https://www.cornea-franz.de/rechtsanwalt-gewerblicher-rechtschutz-wuerzburg","Cornea Franz Rechtsanwälte Partnerschaft MBB","Würzburg","legacy","2026-04-03","2026-06-02"
"Rechtsanwalt (m/w/d) IP-/IT- und Datenschutzrecht","https://kolb-blickhan-partner.de/karriere/rechtsanwalt-ip-it-und-datenschutzrecht","Lawyers Kolb, Blickhan & Partner","Darmstadt","legacy","2026-04-05","2026-06-02"
"Rechtsanwalt (m/w/d) IT-Recht / Datenschutz mit Berufserfahrung","https://jobs.luther-lawfirm.com/jobportal/luther/viewAusschreibung/2024-187.html","Luther Rechtsanwaltsgesellschaft mbH","Köln","legacy","2026-04-02","2026-06-02"
"Rechtsanwalt (m/w/d) Litigation | Arbitration","https://de.indeed.com/viewjob?jk=0188e27f60dd9681","adesse anwälte Eckhardt & Packi Partnerschaft mbB","10719 Berlin","legacy","2026-04-08","2026-06-02"
"Rechtsanwalt (m/w/d) Litigation/Wirtschaftsrecht in Teilzeit","https://www.paschen.cc/karriere/rechtsanwalt_litigation_wirtschaftsrecht_teilzeit","PASCHEN Rechtsanwälte PartGmbB","Zentrale/Unbekannt","legacy","2026-04-02","2026-06-02"
"Rechtsanwalt (m/w/d) Medizinrecht / Health Care mit Berufserfahrung","https://jobs.luther-lawfirm.com/jobportal/luther/viewAusschreibung/2026-014.html","Luther Rechtsanwaltsgesellschaft mbH","Berlin","legacy","2026-04-30","2026-06-02"
"Rechtsanwalt (m/w/d) Privates Bau- und Architektenrecht","https://jobs.luther-lawfirm.com/jobportal/luther/viewAusschreibung/2024-062.html","Luther Rechtsanwaltsgesellschaft mbH","Essen","legacy","2026-04-30","2026-06-02"
"Rechtsanwalt (m/w/d) Privates Bau- und Architektenrecht/ Immobilienwirtschaftsrecht","http://www.rittershaus.net/karriere-1/kanzlei-weiter-auf-erfolgskurs-wir-verstaerken-uns.html","Rittershaus – Lawyers partnership company MBB","Frankfurt","legacy","2026-04-03","2026-06-02"
"Rechtsanwalt (m/w/d) Straf- und Verkehrsrecht","https://www.stepstone.de/stellenangebote--Rechtsanwalt-m-w-d-Straf-und-Verkehrsrecht-Berlin-Johannes-Engelmann-Rechtsanwalt--13912974-inline.html?rltr=687_12_25_seorl_m_0_0_0_0_0_0","Johannes Engelmann Rechtsanwalt","Berlin","legacy","2026-04-15","2026-06-02"
"Rechtsanwalt (m/w/d) Verkehrsrecht","https://www.cornea-franz.de/job-rechtsanwalt-verkehrsrecht","Cornea Franz Rechtsanwälte Partnerschaft MBB","Würzburg","legacy","2026-04-03","2026-06-02"
"Rechtsanwalt (m/w/d) White Collar – Compliance – Investigations","https://jobs.luther-lawfirm.com/jobportal/luther/viewAusschreibung/2025-084.html","Luther Rechtsanwaltsgesellschaft mbH","München","legacy","2026-04-30","2026-06-02"
"Rechtsanwalt (m/w/d) Wirtschaftsrecht","https://www.cornea-franz.de/rechtsanwalt-wirtschaftsrecht-fulda-2","Cornea Franz Rechtsanwälte Partnerschaft MBB","Fulda","legacy","2026-04-03","2026-06-02"
"Rechtsanwalt (m/w/d) Zivilrecht (allgemein)","https://www.falkenstein-partner.de/karriere","Falkenstein Lawyers PartmbB","Stuttgart","legacy","2026-04-05","2026-06-02"
"Rechtsanwalt (m/w/d) für Arbeitsrecht & Zivilrecht","https://www.kanzlei-kuhlmann.de/karriere","Kanzlei Kuhlmann Rechtsanwaltsgesellschaft mbH","Datteln","legacy","2026-04-02","2026-06-02"
"Rechtsanwalt (m/w/d) für Baurecht und Immobilienrecht","https://www.matchpunkt.de/jobs/74735","MLM MansouriLohmeierMissaghian Partnerschaftsgesellschaft von Rechtsanwälten und Steuerberatern mbB","Düsseldorf","legacy","2026-04-05","2026-06-02"
"Rechtsanwalt (m/w/d) für Erb-, Gesellschafts- und Migrationsrecht","https://gencer-coll.de/kontakt/online-anfrage","Cüneyt Gencer","Antalya","legacy","2026-04-05","2026-06-02"
"Rechtsanwalt (m/w/d) für Erb-, Gesellschafts- und Migrationsrecht","https://gencer-coll.de/kanzlei/jobs","Cüneyt Gencer","Berlin","legacy","2026-04-03","2026-06-02"
"Rechtsanwalt (m/w/d) für Erb-, Gesellschafts- und Migrationsrecht","https://gencer-coll.de/kanzlei/jobs/rechtsanwalt-m-w-d-fuer-erb-gesellschafts-und-migrationsrecht","gençer & coll. Rechtsanwälte und Steuerberater Berlin","Antalya","legacy","2026-04-05","2026-06-02"
"Rechtsanwalt (m/w/d) für Erb-, Gesellschafts- und Migrationsrecht","https://gencer-coll.de/kanzlei/jobs/bewerbung","gençer & coll. Rechtsanwälte und Steuerberater Berlin","Nürnberg","legacy","2026-04-02","2026-06-02"
"Rechtsanwalt (m/w/d) für Erbrecht und Immobilienrecht","https://www.matchpunkt.de/jobs/74738","MLM MansouriLohmeierMissaghian Partnerschaftsgesellschaft von Rechtsanwälten und Steuerberatern mbB","Düsseldorf","legacy","2026-04-05","2026-06-02"
"Rechtsanwalt (m/w/d) für Fluggastrecht in Teilzeit","https://www.diekmann-rechtsanwaelte.de/karriere/rechtsanwalt-fluggastrecht-hamburg","DIEKMANN Rechtsanwälte GbR","Hamburg","legacy","2026-04-03","2026-06-02"
"Rechtsanwalt (m/w/d) für Mietrecht, Wohnungseigentumsrecht und Immobilienrecht (0 
Reilbach Rechtsanwälte Köln I Arbeitsrecht I Immobilienrecht I Mietrecht,Rechtsanwalt (m/w/d) für Mietrecht","https://reilbach-rechtsanwaelte.de/karriere","Reilbach Rechtsanwälte Köln I Arbeitsrecht I Immobilienrecht I Mietrecht","Wohnungseigentumsrecht und Immobilienrecht (0 – 5 Jahre Berufserfahrung) in Vollzeit","legacy","2026-04-05","2026-06-02"
"Rechtsanwalt (m/w/d) für Straf- und Verkehrsrecht","https://www.carlbarthel.de/rechtsanwalt-m-w-d-fuer-straf-und-verkehrsrecht","Rechtsanwälte Barthel","Bergheim","legacy","2026-04-03","2026-06-02"
"Rechtsanwalt (m/w/d) für Verbraucherrecht","https://vinqo.de/karriere","VINQO Rechtsanwälte","Homeoffice","legacy","2026-04-03","2026-06-02"
"Rechtsanwalt (m/w/d) für Verkehrsrecht","https://hertwig-auer.de/bewerbung","Rechtsanwälte Hertwig & Auer","Saarbrücken","legacy","2026-04-03","2026-06-02"
"Rechtsanwalt (m/w/d) für Zivilrecht und Gesellschaftsrecht","https://www.mix-legal.de/stellenangebot-rechtsanwalt-berlin-zivilrecht-gesellschaftsrecht","MIX/LEGAL Rechtsanwälte Partnerschaft mbB","Berlin","legacy","2026-04-02","2026-06-02"
"Rechtsanwalt (m/w/d) für das Vergabe- und Wirtschaftsrecht","https://soudry.de/karriere","SOUDRY & SOUDRY Rechtsanwälte und Notar","Berlin","legacy","2026-04-02","2026-06-02"
"Rechtsanwalt (m/w/d) für die Bereiche Energierecht und Gesellschaftsrecht","https://de.indeed.com/viewjob?jk=7738b28238d8469d","Geiersberger Glas & Partner mbB Rechtsanwälte","18057 Rostock","legacy","2026-04-02","2026-06-02"
"Rechtsanwalt (m/w/d) für die Bereiche privates Bau- und Architektenrecht, Immobilienwirtschaftsrecht","https://breyer-rechtsanwaelte.de/stellenangebot/rechtsanwalt-m-w-d-fuer-die-bereiche-privates-bau-und-architektenrecht-immobilienwirtschaftsrecht","Breyer Rechtsanwälte","Frankfurt","legacy","2026-04-03","2026-06-02"
"Rechtsanwalt (m/w/d) für die Bereiche privates Bau- und Architektenrecht, Vergaberecht, Immobilienwirtschaftsrecht","https://breyer-rechtsanwaelte.de/stellenangebot/rechtsanwalt-m-w-d-fuer-die-bereiche-privates-bau-und-architektenrecht-vergaberecht-immobilienwirtschaftsrecht-3","Breyer Rechtsanwälte","Berlin","legacy","2026-04-03","2026-06-02"
"Rechtsanwalt (m/w/d) für die Bereiche privates Bau- und Architektenrecht, Vergaberecht, Immobilienwirtschaftsrecht","https://breyer-rechtsanwaelte.de/stellenangebot/rechtsanwalt-m-w-d-fuer-die-bereiche-privates-bau-und-architektenrecht-vergaberecht-immobilienwirtschaftsrecht-2","Breyer Rechtsanwälte","München","legacy","2026-04-03","2026-06-02"
"Rechtsanwalt (m/w/d) für die Bereiche privates Bau- und Architektenrecht, Vergaberecht, Immobilienwirtschaftsrecht","https://breyer-rechtsanwaelte.de/stellenangebot/rechtsanwalt-m-w-d-fuer-die-bereiche-privates-bau-und-architektenrecht-vergaberecht-immobilienwirtschaftsrecht","Breyer Rechtsanwälte","Stuttgart","legacy","2026-04-03","2026-06-02"
"Rechtsanwalt (m/w/d) im Bereich Gesellschaftsrecht und/oder Litigation","https://www.dr-riedl.eu/karriere","Riedl Prinz & Partner Rechtsanwälte","München","legacy","2026-04-03","2026-06-02"
"Rechtsanwalt (m/w/d) im Bereich Healthcare und Life Science in Vollzeit","https://www.diekmann-rechtsanwaelte.de/karriere/rechtsanwalt-hamburg","DIEKMANN Rechtsanwälte GbR","Hamburg","legacy","2026-04-03","2026-06-02"
"Rechtsanwalt (m/w/d) im Bereich öffentliches Baurecht/Immobilien-Projektentwicklung","https://career.gsk.de/stellenangebote/rechtsanwalt-m-w-d-im-bereich-oeffentliches-baurecht-immobilien-projektentwicklung","GSK Stockmann","Berlin","legacy","2026-04-30","2026-06-02"
"Rechtsanwalt (m/w/d) im Bereich öffentliches Recht / Verwaltungsrecht / Bau-, Umwelt- und Planungsrecht","https://www.klemmpartner.de/stellenanzeige","Rechtsanwälte Klemm & Partner","Hamburg","legacy","2026-05-05","2026-06-02"
"Rechtsanwalt (m/w/d) im Marken-, Design- und Wettbewerbsrecht","https://www.stepstone.de/stellenangebote--Rechtsanwalt-m-w-d-im-Marken-Design-und-Wettbewerbsrecht-Muenchen-Gruenecker-Patent-und-Rechtsanwaelte-PartG-mbB--13911317-inline.html?rltr=45_20_25_seorl_m_0_0_0_0_1_0","Grünecker Patent- und Rechtsanwälte PartG mbB","München","legacy","2026-04-15","2026-06-02"
"Rechtsanwalt (m/w/d) im Verwaltungsrecht","https://de.indeed.com/viewjob?jk=ec393d8ba924d85c","Geiersberger Glas & Partner mbB Rechtsanwälte","18057 Rostock","legacy","2026-04-02","2026-06-02"
"Rechtsanwalt (m/w/d) im Zivil- und Wirtschaftsrecht","https://mki-kanzlei.de/","Melchior Krüger Illig Rechtsanwälte","Dresden","legacy","2026-04-02","2026-06-02"
"Rechtsanwalt (m/w/d) in Anstellung","https://pauls-coerper.de/kanzlei/karriere/rechtsanwalt-m-w-d-in-anstellung","Pauls Cörper Rechtsanwälte PartGmbB","Krefeld","legacy","2026-04-03","2026-06-02"
"Rechtsanwalt (m/w/d) in Bürogemeinschaft","https://lskf.de/rechtsanwalt-m-w-d-in-buerogemeinschaft","KIENLE & FRECHE Rechtsanwälte in Bürogemeinschaft","Koblenz","legacy","2026-04-03","2026-06-02"
"Rechtsanwalt (m/w/d) in Rostock","https://www.ksme-rechtsanwaelte.de/job/rechtsanwalt-m-w-d-in-rostock","KSME Rechtsanwälte","Rostock","legacy","2026-04-03","2026-06-02"
"Rechtsanwalt (m/w/d) in Teil- oder Vollzeit","https://www.ra-kranz.de/karriere","Kranz Rechtsanwälte","Frankfurt","legacy","2026-04-02","2026-06-02"
"Rechtsanwalt (m/w/d) in Voll- oder Teilzeit","https://anwaltskanzlei-kwk.de/rechtsanwalt-m-w-d-jobs","Klemm & Wolfgramm & Kollegen","Stuttgart","legacy","2026-04-03","2026-06-02"
"Rechtsanwalt (m/w/d) in Vollzeit im spannenden Bereich Medizinrecht/Arzthaftung","https://www.patientenanwalt-freihoefer.de/ueber-uns/karriere","Kanzlei Freihöfer - Ihr Patientenanwalt für Arzthaftung und Behandlungsfehler","München","legacy","2026-04-03","2026-06-02"
"Rechtsanwalt (m/w/d) mit Partnerperspektive","https://www.stepstone.de/stellenangebote--Rechtsanwalt-m-w-d-mit-Partnerperspektive-Essen-TC-Treuhand-GmbH-Wirtschaftspruefungsgesellschaft--13051649-inline.html?rltr=591_16_25_seorl_m_0_0_0_0_0_0","TC Treuhand GmbH Wirtschaftsprüfungsgesellschaft","Essen","legacy","2026-04-13","2026-06-02"
"Rechtsanwalt (m/w/d) mit Schwerpunkt Erbrecht","https://www.drmahlstedt.de/kanzlei/karriere/rechtsanwalt-mwd-mit-scherpunkt-erbrecht-gesucht","Rechtsanwälte Dr. Mahlstedt & Partner","Bremen","legacy","2026-04-05","2026-06-02"
"Rechtsanwalt (m/w/d) mit Schwerpunkt Handels- und Gesellschaftsrecht und/oder Steuerrecht","https://mkm.legal/jobs/rechtsanwalt-m-w-d-mit-schwerpunkt-handels-und-gesellschaftsrecht-und-oder-steuerrecht","MKM + PARTNER Rechtsanwälte PartmbB","Berlin","legacy","2026-04-02","2026-06-02"
"Rechtsanwalt (m/w/d) mit Schwerpunkt Zivilprozess- oder Medizinrecht in Voll- oder Teilzeit","http://www.medavo.de/karriere?view=article&id=158%3Arechtsanwalt-mit-schwerpunkt-zivilprozess-oder-medizinrecht&catid=12","medavo GmbH Rechtsanwaltsgesellschaft","Glinde","legacy","2026-04-03","2026-06-02"
"Rechtsanwalt (m/w/d) mit Schwerpunkt im Bereich des Arzthaftungsrechts","https://www.anwalt-wiesbaden.de/kanzlei/jobs","WALTER Rechtsanwälte","Wiesbaden","legacy","2026-04-03","2026-06-02"
"Rechtsanwalt (m/w/d) mit dem Schwerpunkt Arbeits- und Sozialversicherungsrecht","https://ppp-rechtsanwaelte.heyjobs.co/de-de/jobs/a1146d69-9dde-4cf5-9b1e-0a598bab6c76?preview=true","PPP Rechtsanwälte Dres. Pittrof, Penner, Reimer & Partner PartGmbB","Düsseldorf","legacy","2026-04-05","2026-06-02"
"Rechtsanwalt (m/w/d) mit dem Schwerpunkt Arbeitsrecht","https://www.neumann-schmeer.de/2022/09/12/rechtsanwalt-mit-dem-schwerpunkt-arbeitsrecht","Dr. Maubach - NS+P Dr. Neumann Schmeer und Partner mbB","Aachen","legacy","2026-04-02","2026-06-02"
"Rechtsanwalt (m/w/d) mit dem Schwerpunkt M&A / Gesellschaftsrecht","https://www.neumann-schmeer.de/2022/11/29/rechtsanwalt-m-w-d-mit-dem-schwerpunkt-ma-gesellschaftsrecht","Dr. Maubach - NS+P Dr. Neumann Schmeer und Partner mbB","Aachen","legacy","2026-04-02","2026-06-02"
"Rechtsanwalt (m/w/d) mit dem Schwerpunkt Medizin- und Vertragsarztrecht","https://ppp-rechtsanwaelte.heyjobs.co/de-de/jobs/fdf65db5-dbf5-4896-821b-17d69e2f0020?preview=true","PPP Rechtsanwälte Dres. Pittrof, Penner, Reimer & Partner PartGmbB","Düsseldorf","legacy","2026-04-05","2026-06-02"
"Rechtsanwalt (m/w/d) mit dem Schwerpunkt Steuerrecht","https://www.neumann-schmeer.de/2022/11/22/stellenanzeige","Dr. Maubach - NS+P Dr. Neumann Schmeer und Partner mbB","Aachen","legacy","2026-04-02","2026-06-02"
"Rechtsanwalt (m/w/d) privates Bau- und Architektenrecht","https://www.stepstone.de/stellenangebote--Rechtsanwalt-m-w-d-privates-Bau-und-Architektenrecht-Koeln-Dr-Lenz-Dr-Johlen-Rechtsanwaelte-Partnerschaft--13883704-inline.html?rltr=479_4_25_seorl_m_0_0_0_0_1_0","Dr. Lenz & Dr. Johlen Rechtsanwaelte Partnerschaft","Köln","legacy","2026-04-25","2026-06-02"
"Rechtsanwalt (m/w/d) privates Bau- und Architektenrecht","https://lenz-johlen.de/rechtsanwalt-m-w-d-privates-bau-und-architektenrecht-3","Lenz und Johlen Rechtsanwälte Partnerschaft mbB","Köln","legacy","2026-04-03","2026-06-02"
"Rechtsanwalt (m/w/d) privates Baurecht","https://hfk.de/karriere/stellenanzeigen/detail/rechtsanwalt-m/w/d-mit-schwerpunkt-im-privaten-baurecht-mit-3-5-jahren-berufserfahrung-frankfurt","HFK Rechtsanwälte LLP","Frankfurt am Main","legacy","2026-05-05","2026-06-02"
"Rechtsanwalt (m/w/d) privates Baurecht","https://hfk.de/karriere/stellenanzeigen/detail/rechtsanwalt-m/w/d-mit-schwerpunkt-im-privaten-baurecht-mit-3-5-jahren-berufserfahrung-stuttgart","HFK Rechtsanwälte LLP","Stuttgart","legacy","2026-05-05","2026-06-02"
"Rechtsanwalt (m/w/d) privates Baurecht/Vergaberecht","https://lenz-johlen.de/rechtsanwalt-m-w-d-privates-bau-und-vergaberecht","Lenz und Johlen Rechtsanwälte Partnerschaft mbB","Köln","legacy","2026-04-03","2026-06-02"
"Rechtsanwalt (m/w/d) zur Anstellung oder zur freien Mitarbeit in Vollzeit","http://www.anwaltskanzlei-schuebel.de/karriere.html","Martti Schübel, Rechtsanwalt","Heilbronn","legacy","2026-04-03","2026-06-02"
"Rechtsanwalt (m/w/d) öffentliches Bau- und Planungsrecht","https://lenz-johlen.de/rechtsanwalt-m-w-d-oeffentliches-bau-und-planungsrecht","Lenz und Johlen Rechtsanwälte Partnerschaft mbB","Köln","legacy","2026-04-03","2026-06-02"
"Rechtsanwalt (m/w/d) öffentliches Bau- und Wirtschaftsrecht mit Berufserfahrung","https://jobs.luther-lawfirm.com/jobportal/luther/viewAusschreibung/2026-028.html","Luther Rechtsanwaltsgesellschaft mbH","Essen","legacy","2026-04-30","2026-06-02"
"Rechtsanwalt (m/w/d) öffentliches Baurecht","https://hfk.de/karriere/stellenanzeigen/detail/erfahrene-rechtsanwaelte-m/w/d-fuer-den-bereich-privates-baurecht-standort-stuttgart-gesucht","HFK Rechtsanwälte LLP","Stuttgart","legacy","2026-05-05","2026-06-02"
"Rechtsanwalt (m/w/d) – Arbeitsrecht","https://www.kanzlei-hautumm.de/rechtsanwalt-w-m-d-arbeitsrecht","Rechtsanwalt Daniel Hautumm","Düsseldorf","legacy","2026-04-02","2026-06-02"
"Rechtsanwalt (m/w/d) – Immobilienrecht und privates Bau- und Architektenrecht in Vollzeit","http://www.hd-anwalt.de/meta/karriere","Hartmann Dahlmanns Rechtsanwälte","Wuppertal","legacy","2026-04-03","2026-06-02"
"Rechtsanwalt (m/w/d)in Teilzeit / Vollzeit","https://www.jusra.de/karriere","Jansen Schwarz & Schulte-Bromby Rechtsanwälte Fachanwälte Partnerschaftsgesellschaft mbB","Neuss","legacy","2026-04-03","2026-06-02"
"Rechtsanwalt (m/w/div.)","https://nsg-anwaelte.de/offene-stellen","Kanzlei Dr. Nicknig-Schicha-Gras","Köln","legacy","2026-04-03","2026-06-02"
"Rechtsanwalt (m/w/divers)","https://www.srf-hn.de/informationen/karriere","SRF Sickenberger Rehmet Frauenknecht Rechtsanwälte, Partnerschaft mbB","Heilbronn","legacy","2026-04-03","2026-06-02"
"Rechtsanwalt (m|w|d)","https://www.k1.de/karriere/rechtsanwalt","Löffler Corporate Law Commercial Law Tax Law","Erfurt","legacy","2026-04-02","2026-06-02"
"Rechtsanwalt (m|w|d) Privates Baurecht in Senior Manager- / Director-Position","https://www.stepstone.de/stellenangebote--Rechtsanwalt-mwd-Privates-Baurecht-in-Senior-Manager-Director-Position-Augsburg-Ulm-Nuernberg-SONNTAG-Wirtschaftspruefung-Steuer-Recht--13721025-inline.html?rltr=87_12_25_seorl_m_1_0_0_0_0_0","SONNTAG. Wirtschaftsprüfung. Steuer. Recht.","Augsburg, Ulm, Nürnberg","legacy","2026-04-03","2026-06-02"
"Rechtsanwalt (w/m)","http://www.commer-law.de/Karriere/Rechtsanwalt-w/m","Vicki Irene Commer","München","legacy","2026-04-03","2026-06-02"
"Rechtsanwalt (w/m/d)","https://www.biebinger.de/kanzlei/karriere/rechtsanwalt-w-m","BIEBINGER - Wirtschaftskanzlei","Mannheim","legacy","2026-04-03","2026-06-02"
"Rechtsanwalt (w/m/d)","https://www.dresdner-fachanwaelte.de/karriere/stellenangebote/rechtsanwalt-m-w-d","KUCKLICK dresdner-fachanwaelte.de","Dresden","legacy","2026-04-02","2026-06-02"
"Rechtsanwalt (w/m/d)","https://karriere.kirkland.com/einstiegsmoeglichkeiten/rechtsanwalt","Kirkland & Ellis","München/Frankfurt","legacy","2026-05-05","2026-06-02"
"Rechtsanwalt (w/m/d)","https://www.kretschmer-rechtsanwaelte.de/karriere","Kretschmer Rechtsanwälte","Berlin","legacy","2026-04-02","2026-06-02"
"Rechtsanwalt (w/m/d)","https://schmidt-laute.de/wp-content/uploads/2024/06/Stellenanzeige-2024.pdf","RAe. Dr. Schmidt & Laute","Osnabrück","legacy","2026-04-03","2026-06-02"
"Rechtsanwalt (w/m/d)","https://www.rp-law.de/karriere","rp law Rechtsanwaltsgesellschaft","Frankfurt am Main","legacy","2026-04-03","2026-06-02"
"Rechtsanwalt (w/m/d) Commercial Law / Trade","https://de.indeed.com/viewjob?jk=26b74e92e00021aa","WTS Tax AG","70173 Stuttgart","legacy","2026-01-06","2026-06-02"
"Rechtsanwalt (w/m/d) Restructuring","https://karriere.kirkland.com/einstiegsmoeglichkeiten/rechtsanwalt-restructuring","Kirkland & Ellis","München/Frankfurt","legacy","2026-05-05","2026-06-02"
"Rechtsanwalt (w/m/d) für das Cross-Border-Team Frankreich","https://de.indeed.com/viewjob?jk=de254cd97422b384","Schultze & Braun","Kehl","legacy","2026-02-28","2026-06-02"
"Rechtsanwalt (w/m/d) für das Cross-Border-Team Frankreich","https://www.stepstone.de/stellenangebote--Rechtsanwalt-w-m-d-fuer-das-Cross-Border-Team-Frankreich-Kehl-Schultze-Braun-GmbH-Rechtsanwaltsgesellschaft--13821046-inline.html?rltr=15_15_25_seorl_m_0_0_0_0_0_0","Schultze & Braun GmbH Rechtsanwaltsgesellschaft","Kehl","legacy","2026-04-27","2026-06-02"
"Rechtsanwalt (w/m/d) im Bereich Insolvenzverwaltung","https://www.stepstone.de/stellenangebote--Rechtsanwalt-w-m-d-im-Bereich-Insolvenzverwaltung-Karlsruhe-Schultze-Braun-Rechtsanwaltsgesellschaft--11539532-inline.html?rltr=73_23_25_seorl_m_0_0_0_0_0_0","Schultze & Braun Rechtsanwaltsgesellschaft","Karlsruhe","legacy","2026-04-14","2026-06-02"
"Rechtsanwalt (w/m/d) im Bereich Zivilrecht - Königsallee, Düsseldorf","https://www.stepstone.de/stellenangebote--Rechtsanwalt-w-m-d-im-Bereich-Zivilrecht-Koenigsallee-Duesseldorf-Duesseldorf-Bender-und-Pfitzmann-Rechtsanwaelte-Partnerschaftsges-mbb--13882062-inline.html?rltr=483_8_25_seorl_m_0_0_0_0_1_0","Bender und Pfitzmann – Rechtsanwälte Partnerschaftsges. mbb","Düsseldorf","legacy","2026-04-25","2026-06-02"
"Rechtsanwalt (w/m/d) in Vollzeit","https://www.muensteraner-rechtsanwaelte.de/karriere","Dr. Wallscheid & Drouven Fachanwälte | IT-Recht, Urheberrecht, Markenrecht, Wettbewerbsrecht, Abmahnung","Münster","legacy","2026-04-03","2026-06-02"
"Rechtsanwalt (w/m/d) mind. 3 Jahre Berufserfahrung","https://www.ilex-bankrecht.de/nachricht-im-detail/rechtsanwalt-w-m-d-mind-3-jahre-berufserfahrung-gesucht.html","ilex Rechtsanwälte","Berlin","legacy","2026-04-02","2026-06-02"
"Rechtsanwalt (w/m/d) mit Schwerpunkt Bank- und Kapitalmarktrecht - Königsallee, Düsseldorf","https://www.stepstone.de/stellenangebote--Rechtsanwalt-w-m-d-mit-Schwerpunkt-Bank-und-Kapitalmarktrecht-Koenigsallee-Duesseldorf-Duesseldorf-Bender-und-Pfitzmann-Rechtsanwaelte-Partnerschaftsges-mbb--13882009-inline.html?rltr=481_6_25_seorl_m_0_0_0_0_1_0","Bender und Pfitzmann – Rechtsanwälte Partnerschaftsges. mbb","Düsseldorf","legacy","2026-04-25","2026-06-02"
"Rechtsanwalt (w/m/d) von 0-3 Jahren Berufserfahrung","https://www.ilex-bankrecht.de/nachricht-im-detail/rechtsanwalt-w-m-d-von-0-3-jahren-berufserfahrung-gesucht.html","ilex Rechtsanwälte","Berlin","legacy","2026-04-02","2026-06-02"
"Rechtsanwalt (w/m/d) Öffentliches Recht / Umweltrecht","https://jobs.luther-lawfirm.com/jobportal/luther/viewAusschreibung/2026-011.html","Luther Rechtsanwaltsgesellschaft mbH","Leipzig","legacy","2026-04-30","2026-06-02"
"Rechtsanwalt (w/m/d) – Wirtschafts- & IT-Recht","https://www.kanzlei-kraemer.com/rechtsanwalt-fachanwalt-im-it-recht/stellenausschreibung-rechtsanwalt-wirtschats-it-recht","Krämer Rechtsanwaltskanzlei","Home-Office","legacy","2026-04-03","2026-06-02"
"Rechtsanwalt * Rechtsanw&auml;ltin","https://dresden.bskp.de/karriere/rechtsanwalt","BSKP Dr. Broll · Schmitt · Kaufmann & Partner","Dresden","legacy","2026-04-02","2026-06-02"
"Rechtsanwalt * Rechtsanw&auml;ltin f&uuml;r Allgemeines Zivilrecht","https://dresden.bskp.de/karriere/rechtsanwalt-zivilrecht","BSKP Dr. Broll · Schmitt · Kaufmann & Partner","Dresden","legacy","2026-04-02","2026-06-02"
"Rechtsanwalt * Rechtsanw&auml;ltin im Arbeitsrecht","https://kallenberg.bskp.de/karriere/rechtsanwalt-arbeitsrecht","Reichert and partners MBB lawyers and tax consultants","Heilbronn","legacy","2026-04-05","2026-06-02"
"Rechtsanwalt * Rechtsanw&auml;ltin im Gesellschaftsrecht / M&A","https://kallenberg.bskp.de/karriere/rechtsanwalt-gesellschaftsrecht","Reichert and partners MBB lawyers and tax consultants","Heilbronn","legacy","2026-04-05","2026-06-02"
"Rechtsanwalt * Rechtsanw&auml;ltin im allgemeinen Zivilrecht &amp; weitere(s) Rechtsgebiet(e)","https://kallenberg.bskp.de/karriere/rechtsanwalt-zivilrecht","Reichert and partners MBB lawyers and tax consultants","Heilbronn","legacy","2026-04-05","2026-06-02"
"Rechtsanwalt - Insolvenzrecht / Beratung / Krisenmanagement (m/w/d)","https://www.stepstone.de/stellenangebote--Rechtsanwalt-Insolvenzrecht-Beratung-Krisenmanagement-m-w-d-Dresden-Mulansky-Kollegen-Rechtsanwaelte-GmbH--12913050-inline.html?rltr=64_14_25_seorl_m_0_0_0_0_1_0","Mulansky + Kollegen Rechtsanwälte GmbH","Dresden","legacy","2026-04-22","2026-06-02"
"Rechtsanwalt - Insolvenzverfahren / Gutachten / Kommunikation (m/w/d)","https://www.stepstone.de/stellenangebote--Rechtsanwalt-Insolvenzverfahren-Gutachten-Kommunikation-m-w-d-Wuerzburg-HWR-HERRMANN-WOLLNER-REINEL-GbR--13611652-inline.html?rltr=56_6_25_seorl_m_0_0_0_0_0_0","HWR HERRMANN WOLLNER REINEL GbR","Würzburg","legacy","2026-04-24","2026-06-02"
"Rechtsanwalt - Volljurist / Mandantenberatung / Rechtswissenschaften (m/w/d)","https://www.stepstone.de/stellenangebote--Rechtsanwalt-Volljurist-Mandantenberatung-Rechtswissenschaften-m-w-d-Fuerth-RA-und-Notar-Dr-Winfried-Kilian-Rechtsanwaelte-und-Notare--13875651-inline.html?rltr=17_17_25_seorl_m_0_0_0_0_1_0","RA und Notar Dr. Winfried Kilian Rechtsanwälte und Notare","Fürth","legacy","2026-04-24","2026-06-02"
"Rechtsanwalt / Associate (m/w/d) Arbeitsrecht","https://jobs.luther-lawfirm.com/jobportal/luther/viewAusschreibung/2025-072.html","Luther Rechtsanwaltsgesellschaft mbH","Frankfurt am Main","legacy","2026-04-30","2026-06-02"
"Rechtsanwalt / Associate (m/w/d) Arbeitsrecht","https://jobs.luther-lawfirm.com/jobportal/luther/viewAusschreibung/2026-029.html","Luther Rechtsanwaltsgesellschaft mbH","Hamburg","legacy","2026-04-30","2026-06-02"
"Rechtsanwalt / Fachanwalt (m/w/d) im Familien- und Erbrecht","https://kanzlei-vonhase.de/offene-stellen","Kanzlei von Hase - Fachanwälte f. Familien- u. Erbrecht Düsseldorf","Düsseldorf","legacy","2026-04-05","2026-06-02"
"Rechtsanwalt / Fachanwalt für Mietrecht (w/m/d)","https://www.iw-recht.de/stellenangebote/stellenangebot-rechtsanwalt-mietrecht-darmstadt-w-m-d","Iffland Wischnewski Rechtsanwälte PartG mbB","Darmstadt","legacy","2026-04-02","2026-06-02"
"Rechtsanwalt / Fachanwalt – Bau- und Architektenrecht (m/w/d)","https://www.hlb-hussmann.de/project/rechtsanwalt-fachanwalt-m-w-d-fuer-bau-und-architektenrecht","HLB HUSSMANN Rechtsanwälte","Homeoffice","legacy","2026-04-03","2026-06-02"
"Rechtsanwalt / Jurist für Steuerrecht – (m/w/d)","https://www.stepstone.de/stellenangebote--Rechtsanwalt-Jurist-fuer-Steuerrecht-m-w-d-Stuttgart-Kanzlei-Koenigstrasse-RA-Koester--13861776-inline.html?rltr=662_12_25_seorl_m_0_0_0_0_1_0","Kanzlei Königstraße - RA Köster","Stuttgart","legacy","2026-04-18","2026-06-02"
"Rechtsanwalt / Juristischer Mitarbeiter","http://www.ra-diesel.de/karriere","Rechtsanwälte Diesel | Schmitt | Ammer und Partner mbB","Trier","legacy","2026-04-05","2026-06-02"
"Rechtsanwalt / Rechtsanw&auml;ltin (m/w/d)","https://kanzlei-voigt.de/stellenanzeigen/rechtsanwalt-rechtsanwaeltin-m-w-d-in-essen","Kanzlei Voigt Rechtsanwalts GmbH","Essen","legacy","2026-04-03","2026-06-02"
"Rechtsanwalt / Rechtsanw&auml;ltin (m/w/d)","https://kanzlei-voigt.de/stellenanzeigen/rechtsanwalt-rechtsanwaeltin-m-w-d-in-frankfurt-am-main","Kanzlei Voigt Rechtsanwalts GmbH","Frankfurt am Main","legacy","2026-04-03","2026-06-02"
"Rechtsanwalt / Rechtsanw&auml;ltin (m/w/d)","https://kanzlei-voigt.de/stellenanzeigen/rechtsanwalt-rechtsanwaeltin-m-w-d-in-hannover","Kanzlei Voigt Rechtsanwalts GmbH","Hannover","legacy","2026-04-03","2026-06-02"
"Rechtsanwalt / Rechtsanw&auml;ltin (m/w/d)","https://kanzlei-voigt.de/stellenanzeigen/rechtsanwalt-rechtsanwaeltin-m-w-d-in-kassel","Kanzlei Voigt Rechtsanwalts GmbH","Kassel","legacy","2026-04-03","2026-06-02"
"Rechtsanwalt / Rechtsanw&auml;ltin (m/w/d)","https://kanzlei-voigt.de/stellenanzeigen/rechtsanwalt-rechtsanwaeltin-m-w-d-in-saarbruecken","Kanzlei Voigt Rechtsanwalts GmbH","Saarbrücken","legacy","2026-04-03","2026-06-02"
"Rechtsanwalt / Rechtsanwältin","https://harlander-partner.eu/karriere/ra","Harlander & Partner Rechtsanwälte GmbH","Graz","legacy","2026-04-03","2026-06-02"
"Rechtsanwalt / Rechtsanwältin","https://www.hassenpflug-rechtsanwaelte.de/aktuelles/stellenangebote.html","Hassenpflug Rechtsanwaltsgesellschaft mbH","Kassel","legacy","2026-04-05","2026-06-02"
"Rechtsanwalt / Rechtsanwältin","https://kanzlei-wtw.de/Rechtsanwaltin.pdf","Rechtsanwaltskanzlei WTW & Kollegen","München","legacy","2026-04-03","2026-06-02"
"Rechtsanwalt / Rechtsanwältin","https://www.endress-und-partner.de/wp-content/uploads/2025/07/stellenausschreibungRAE_07-2025.jpg","Rechtsanwälte Dr. Endress & Partner GbR","Nürnberg","legacy","2026-04-03","2026-06-02"
"Rechtsanwalt / Rechtsanwältin","https://www.kanzlei-rose.com/kanzlei/karriere","Rose Rechtsanwälte","Frankfurt","legacy","2026-04-02","2026-06-02"
"Rechtsanwalt / Rechtsanwältin","http://www.medavo.de/karriere?view=article&id=27%3Arechtsanwalt-rechtsanwaeltin&catid=12","medavo GmbH Rechtsanwaltsgesellschaft","Glinde","legacy","2026-04-03","2026-06-02"
"Rechtsanwalt / Rechtsanwältin (Teilzeit)","https://rechtsanwalt-mannheim-ludwigshafen.de/stellenangebote","Lawyers Kühner & Löffler","Ludwigshafen","legacy","2026-04-03","2026-06-02"
"Rechtsanwalt / Rechtsanwältin (m/w) in Vollzeit","http://zpp-kanzlei.de/karriere.php","Ziegler, Peters & Partner, Rechtsanwälte","Kleve","legacy","2026-04-02","2026-06-02"
"Rechtsanwalt / Rechtsanwältin (m/w/d)","https://www.schlachter-kollegen.de/kanzlei-regensburg/karriere/rechtsanwalt-rechtsanwaltin","Dr. Matthias Ruckdäschel - Kanzlei Schlachter und Kollegen","Regensburg","legacy","2026-04-03","2026-06-02"
"Rechtsanwalt / Rechtsanwältin (m/w/d)","https://karriere.ehlers-feldmeier.de/","Ehlers & Feldmeier","Dortmund","legacy","2026-04-02","2026-06-02"
"Rechtsanwalt / Rechtsanwältin (m/w/d)","http://www.tnbe.de/stellenangebot-rechtsanwalt-saarbruecken.html","Gisela Nickel-Bernard Fachanwältin für Familienrecht","Saarbrücken","legacy","2026-04-03","2026-06-02"
"Rechtsanwalt / Rechtsanwältin (m/w/d)","https://kanzlei-herfurtner.de/karriere/rechtsanwalt","Herfurtner Rechtsanwälte","Frankfurt am Main","legacy","2026-04-05","2026-06-02"
"Rechtsanwalt / Rechtsanwältin (m/w/d)","https://de.indeed.com/viewjob?jk=3ca8579306839422","Kanzlei Voigt Rechtsanwalts GmbH","34117 Kassel","legacy","2025-08-28","2026-06-02"
"Rechtsanwalt / Rechtsanwältin (m/w/d)","https://www.anwalt-ol.de/rechtsanwalt-rechtsanwaeltin-gesucht-karriere-in-oldenburg","Kreft, Wehage, Schwackenberg & Freericks PartGmbB","Oldenburg","legacy","2026-04-03","2026-06-02"
"Rechtsanwalt / Rechtsanwältin (m/w/d)","https://www.olbricht-rechtsanwaelte.de/anzeigen/rechtsanwaltrechtsanw%C3%A4ltin-m-w-d","OLBRICHT Rechtsanwälte","Berlin","legacy","2026-04-02","2026-06-02"
"Rechtsanwalt / Rechtsanwältin (m/w/d)","http://www.schild-collegen.de/","Rechtsanwälte und Notare Schild & Collegen","Gelsenkirchen","legacy","2026-04-03","2026-06-02"
"Rechtsanwalt / Rechtsanwältin (m/w/d)","https://www.kanzlei-dr-schmitz.com/karriere","Rechtsanwältin Dr. Alexandra Schmitz","Stuttgart","legacy","2026-04-03","2026-06-02"
"Rechtsanwalt / Rechtsanwältin (m/w/d)","https://de.indeed.com/viewjob?jk=c35adefdddce9f7f","Weidner Rechtsanwalt","Regensburg","legacy","2026-04-10","2026-06-02"
"Rechtsanwalt / Rechtsanwältin (m/w/d) Bau-, Immobilien- und Verwaltungsrecht","https://de.indeed.com/viewjob?jk=3bafe2025a549d6c","OLBRICHT Rechtsanwälte","10315 Berlin","legacy","2026-04-13","2026-06-02"
"Rechtsanwalt / Rechtsanwältin (m/w/d) für die Übernahme einer Partnerschaft","https://mannheim.law/partnerschaft","mannheim.law – Rechtsanwälte: Azize Ekinci, LL.M., Eckhard Geiß, Michael Bender","Köln","legacy","2026-04-03","2026-06-02"
"Rechtsanwalt / Rechtsanwältin (m/w/d) im Immobilienrecht","https://www.bornheim.com/stellenangebote/rechtsanwalt-rechtsanwaeltin-m-w-d-im-immobilienrecht","Bornheim und Partner Rechtsanwälte","Heidelberg","legacy","2026-04-02","2026-06-02"
"Rechtsanwalt / Rechtsanwältin (m/w/d) im Medizin- und Personenschadensrecht – auch Berufseinsteiger willkommen","https://www.stepstone.de/stellenangebote--Rechtsanwalt-Rechtsanwaeltin-m-w-d-im-Medizin-und-Personenschadensrecht-auch-Berufseinsteiger-willkommen-Berlin-Lambrecht-Rechtsanwaelte--13850171-inline.html?rltr=20_20_25_seorl_m_0_0_0_0_1_0","Lambrecht Rechtsanwälte","Berlin","legacy","2026-04-22","2026-06-02"
"Rechtsanwalt / Rechtsanwältin (m/w/d) mit Schwerpunkt Familienrecht","https://www.ms-concept.de/jobs/rechtsanwalt-familienrecht","MS Concept Rechtsanwälte | Stuttgart","Backnang","legacy","2026-04-03","2026-06-02"
"Rechtsanwalt / Rechtsanwältin (m/w/d) mit Schwerpunkt Strafrecht","https://www.ms-concept.de/jobs/rechtsanwalt-strafrecht","MS Concept Rechtsanwälte | Stuttgart","Backnang","legacy","2026-04-03","2026-06-02"
"Rechtsanwalt / Rechtsanwältin (m/w/d) vorwiegend im Bereich Vertragsrecht, ggf. mit Interesse am gewerblichen Rechtsschutz","https://ra-weidner.com/jobs","Weidner Rechtsanwalt Regensburg","Regensburg","legacy","2026-04-05","2026-06-02"
"Rechtsanwalt / Rechtsanwältin (m/w/d) | Homeoffice | Teilzeit möglich | Versicherungs- & Erbrecht","https://www.stepstone.de/stellenangebote--Rechtsanwalt-Rechtsanwaeltin-m-w-d-Homeoffice-Teilzeit-moeglich-Versicherungs-Erbrecht-Erding-VSP-Rechtsanwaltskanzlei--13877075-inline.html?rltr=55_5_25_seorl_m_0_0_0_0_1_0","VSP Rechtsanwaltskanzlei","Erding","legacy","2026-04-24","2026-06-02"
"Rechtsanwalt / Rechtsanwältin (m/w/d) – Arbeitsrecht","https://rae-sp.de/portfolio-items/rechtsanwalt-m-w-d-arbeitsrecht","Schindhelm Pfisterer und Kollegen Rechtsanwälte","Pforzheim","legacy","2026-04-03","2026-06-02"
"Rechtsanwalt / Rechtsanwältin (m/w/d) – Handels- und Gesellschaftsrecht / Insolvenzrecht & Sanierung","https://rae-sp.de/portfolio-items/rechtsanwalt-m-w-d-handels-und-gesellschaftsrecht","Schindhelm Pfisterer und Kollegen Rechtsanwälte","Pforzheim","legacy","2026-04-03","2026-06-02"
"Rechtsanwalt / Rechtsanwältin (m/w/d) –Familienrecht","https://rae-sp.de/portfolio-items/rechtsanwalt-m-w-d-familienrecht","Schindhelm Pfisterer und Kollegen Rechtsanwälte","Pforzheim","legacy","2026-04-03","2026-06-02"
"Rechtsanwalt / Rechtsanwältin Zivilrecht Mainz (w/m/d)","https://kanzlei-dill.de/jobs-karriere","Anwaltskanzlei Dill | Rechtsanwalt Mainz","Mainz","legacy","2026-04-03","2026-06-02"
"Rechtsanwalt / Rechtsanwältin für Erbrecht (m/w/d)","https://rechtsanwaelte-gsp.de/karriere/stellenanzeige-rechtsanwalt","Fachanwälte Erbrecht & Steuerrecht Berlin | Scheidt, Kalthoff & Partner","Berlin","legacy","2026-04-02","2026-06-02"
"Rechtsanwalt / Rechtsanwältin für Zivilrecht (m/w/d)","https://rechtsanwaelte-gsp.de/karriere/rechtsanwalt-zivilrecht-stellenanzeige","Scheidt Kalthoff RAe PartG mbB","Berlin","legacy","2026-04-02","2026-06-02"
"Rechtsanwalt / Rechtsanwältin – Allrounder für Regensburg (m/w/d)","https://www.stepstone.de/stellenangebote--Rechtsanwalt-Rechtsanwaeltin-Allrounder-fuer-Regensburg-m-w-d-Regensburg-Rechtsanwaltskanzlei-Maximilian-Hufnagel-Muenchen--13899277-inline.html?rltr=466_16_25_seorl_m_0_0_0_0_1_0","Rechtsanwaltskanzlei Maximilian Hufnagel München","Regensburg","legacy","2026-04-26","2026-06-02"
"Rechtsanwalt / Rechtsanwältin – Erbrecht (m/w/d) in Regensburg - VZ, TZ, Minijob oder Freiberuflich","https://www.stepstone.de/stellenangebote--Rechtsanwalt-Rechtsanwaeltin-Erbrecht-m-w-d-in-Regensburg-VZ-TZ-Minijob-oder-Freiberuflich-Regensburg-Rechtsanwaltskanzlei-Maximilian-Hufnagel-Muenchen--13899215-inline.html?rltr=473_23_25_seorl_m_0_0_0_0_1_0","Rechtsanwaltskanzlei Maximilian Hufnagel München","Regensburg","legacy","2026-04-26","2026-06-02"
"Rechtsanwalt / Rechtsanwältin – Strafrecht (m/w/d) in Regensburg VZ, TZ, Minijob oder Freiberuflich","https://www.stepstone.de/stellenangebote--Rechtsanwalt-Rechtsanwaeltin-Strafrecht-m-w-d-in-Regensburg-VZ-TZ-Minijob-oder-Freiberuflich-Regensburg-Rechtsanwaltskanzlei-Maximilian-Hufnagel-Muenchen--13899242-inline.html?rltr=577_2_25_seorl_m_0_0_0_0_1_0","Rechtsanwaltskanzlei Maximilian Hufnagel München","Regensburg","legacy","2026-04-26","2026-06-02"
"Rechtsanwalt / Referendar","https://naegele-arbeitsrecht.eu/karriere-2","NAEGELE Rechtsanwälte PartGmbB","Stuttgart","legacy","2026-04-03","2026-06-02"
"Rechtsanwalt / Syndikusrechtsanwalt (m/w/d) als Legal Counsel","https://de.indeed.com/viewjob?jk=970bf60ebbb1750b","Hans Turck GmbH & Co. KG","Mülheim an der Ruhr","legacy","2026-02-11","2026-06-02"
"Rechtsanwalt / Syndikusrechtsanwalt (m/w/d) als Legal Counsel","https://www.stepstone.de/stellenangebote--Rechtsanwalt-Syndikusrechtsanwalt-m-w-d-als-Legal-Counsel-Muelheim-an-der-Ruhr-Turck-Holding-GmbH--13677405-inline.html?rltr=34_9_25_seorl_m_0_0_0_0_0_0","Turck Holding GmbH","Mülheim an der Ruhr","legacy","2026-04-24","2026-06-02"
"Rechtsanwalt / Volljurist","https://de.indeed.com/viewjob?jk=6cf015358d0dbab6","HPK - Steuerberater Rechtsanwälte","Landshut","legacy","2025-07-24","2026-06-02"
"Rechtsanwalt / Volljurist (m/w/d)","https://www.meisl-rechtsanwaelte.de/stellenangebot-rechtsanwalt","Dr. Meisl RECHTSANWÄLTE GmbH & Co. KG","Regensburg","legacy","2026-04-05","2026-06-02"
"Rechtsanwalt / Volljurist (m/w/d) Steuerrecht","https://www.stepstone.de/stellenangebote--Rechtsanwalt-Volljurist-m-w-d-Steuerrecht-Koblenz-Nexia-GmbH-Wirtschaftspruefungsgesellschaft-Steuerberatungsgesellschaft--13888476-inline.html?rltr=48_23_25_seorl_m_0_0_0_0_1_0","Nexia GmbH Wirtschaftsprüfungsgesellschaft / Steuerberatungsgesellschaft","Koblenz","legacy","2026-04-25","2026-06-02"
"Rechtsanwalt / Volljurist (m/w/d) für Insolvenzrecht","https://www.sponagel-recht.de/karriere-rechtsanwalt-fuer-insolvenzrecht-m-w-d","Dr. Moritz Sponagel Insolvenzverwalter","Hannover","legacy","2026-04-03","2026-06-02"
"Rechtsanwalt / Volljurist (m/w/d) – Schwerpunkt Sozialrecht","https://de.indeed.com/viewjob?jk=dabf6ee866201a70","Rechtsanwalt Sauerbrey","10245 Berlin-Friedrichshain","legacy","2026-04-02","2026-06-02"
"Rechtsanwalt Datenschutz & Compliance (all genders)","https://www.stepstone.de/stellenangebote--Rechtsanwalt-Datenschutz-Compliance-all-genders-Hamburg-Forvis-Mazars-GmbH-Co-KG--13836836-inline.html?rltr=50_50_25_seorl_m_0_0_0_0_0_0","Forvis Mazars GmbH & Co. KG","Hamburg","legacy","2026-04-14","2026-06-02"
"Rechtsanwalt Erbrecht","https://www.karriere-meidert-kollegen.de/stellen/rechtsanwalt-im-erbrecht-m-w-d","Meidert & Kollegen Rechtsanwälte Partnerschaft","Augsburg","legacy","2026-04-02","2026-06-02"
"Rechtsanwalt Familienrecht","https://www.karriere-meidert-kollegen.de/stellen/rechtsanwalt-im-familienrecht-m-w-d","Meidert & Kollegen Rechtsanwälte Partnerschaft","Augsburg","legacy","2026-04-02","2026-06-02"
"Rechtsanwalt Immobilienwirtschaftsrecht (m/w/d)","https://fr-partner.de/karriere","FREUND I RÜLL I PARTNER","Zentrale/Unbekannt","legacy","2026-04-03","2026-06-02"
"Rechtsanwalt M | W | D","https://www.recht-bs.de/portfolio-item/rechtsanwalt-mwd","Schlüter · Rechtsanwälte · Notare","Braunschweig","legacy","2026-04-02","2026-06-02"
"Rechtsanwalt Medizinrecht","https://brockhaus-medizinrecht.de/","MedLaw Brockhaus - Kanzlei für Medizinrecht","Frankfurt am Main","legacy","2026-04-03","2026-06-02"
"Rechtsanwalt Miet- und Wohnungseigentumsrecht (m/w/d)","https://www.ohletz.eu/karriere/karriere/rechtsanwalt-miet-und-wohnungseigentumsrecht","Rechtsanwälte, Notare & Steuerberater Ohletz","Essen","legacy","2026-04-02","2026-06-02"
"Rechtsanwalt Mietrecht (m/w/d)","http://www.diekmeyer.de/informationen/karriere/rechtsanwalt-mietrecht-m/w/d.html","Kanzlei Diekmeyer Wagenknecht Nordmeyer Rechtsanwälte und Notare","Bielefeld","legacy","2026-04-02","2026-06-02"
"Rechtsanwalt Prozessführung / Litigation (m/w/d)","https://de.indeed.com/viewjob?jk=6b9d43c9ef2b232d","Thümmel, Schütze & Partner Rechtsanwälte Partnerschaftsgesellschaft mbB","01309 Dresden","legacy","2026-03-30","2026-06-02"
"Rechtsanwalt Sozialrecht (w/m/d)","https://de.indeed.com/viewjob?jk=fb64a3f70543f161","Iffland Wischnewski Rechtsanwälte PartG mbB","64297 Darmstadt","legacy","2026-04-08","2026-06-02"
"Rechtsanwalt Sozialrecht (w/m/d)","https://www.iw-recht.de/stellenangebote/rechtsanwalt-sozialrecht-pflege-behindertenhilfe-kinder-und-jugendhilfe-w-m-d","Iffland Wischnewski Rechtsanwälte PartG mbB","Darmstadt","legacy","2026-04-02","2026-06-02"
"Rechtsanwalt Vollzeit (m/w/d)","https://www.advomano.de/de/rechtsanwalt-m-w-d","advomano Rechtsanwälte Fachanwälte Notare","Hagen","legacy","2026-04-03","2026-06-02"
"Rechtsanwalt Wirtschaftsrecht","https://www.karriere-meidert-kollegen.de/stellen/rechtsanwalt-im-wirtschaftsrecht-m-w-d","Meidert & Kollegen Rechtsanwälte Partnerschaft","Augsburg","legacy","2026-04-02","2026-06-02"
"Rechtsanwalt Wirtschaftsrecht (w/m/d)","https://www.iw-recht.de/stellenangebote/rechtsanwalt-wirtschaftsrecht-w-m-d-1","Iffland Wischnewski Rechtsanwälte PartG mbB","Darmstadt","legacy","2026-04-02","2026-06-02"
"Rechtsanwalt Zivilrecht (m/w/d)","http://www.diekmeyer.de/karriere/rechtsanwaelte-bielefeld.html","Kanzlei Diekmeyer Wagenknecht Nordmeyer Rechtsanwälte und Notare","Bielefeld","legacy","2026-04-02","2026-06-02"
"Rechtsanwalt für Arbeitsrecht (m/w/d)","https://www.geiersberger.de/karriere-rechtsanwaelte2.htm","Geiersberger Glas & Partner mbB Rechtsanwälte Rostock","Rostock","legacy","2026-04-03","2026-06-02"
"Rechtsanwalt für Arbeitsrecht (m/w/d) in Vollzeit","https://www.dkm-rechtsanwaelte.de/karriere/rechtsanwalt-fuer-arbeitsrecht-m-w-d-in-vollzeit","dkm Rechtsanwälte. Kanzlei für Arbeitsrecht.","München","legacy","2026-04-03","2026-06-02"
"Rechtsanwalt für Familienrecht (m/w/d)","https://www.rechtsanwaeltinnen.com/de/kanzlei/stellengesuche","Maltry RechtsanwältInnen PartG mbB","München","legacy","2026-04-03","2026-06-02"
"Rechtsanwalt für Handels- und Gesellschaftsrecht (m|w|d)","https://www.k1.de/karriere/rechtsanwalt-gesellschaftsrecht","Löffler Corporate Law Commercial Law Tax Law","Erfurt","legacy","2026-04-02","2026-06-02"
"Rechtsanwalt für Steuerrecht (m|w|d)","https://www.k1.de/karriere/rechtsanwalt-steuerrecht","Löffler Corporate Law Commercial Law Tax Law","Erfurt","legacy","2026-04-02","2026-06-02"
"Rechtsanwalt für Verkehrsrecht und allgemeines Zivilrecht (m/w/d)","https://www.hbc-anwaelte.de/wp-content/uploads/2025/05/Rechtsanwalt-fuer-Verkehrsrecht-und-allg.-Zivilrecht-mwd-007-25.pdf","hbc - Hofbeck, Buchner & Collegen - Rechtsanwälte","Nürnberg","legacy","2026-04-03","2026-06-02"
"Rechtsanwalt für Verwaltungsrecht & Migrationsrecht","https://leonhardt-kanzlei.de/","Rechtsanwaltskanzlei Leonhardt","Berlin","legacy","2026-04-05","2026-06-02"
"Rechtsanwalt für Verwaltungsrecht (m/w/d)","https://www.geiersberger.de/karriere-rechtsanwaelte.htm","Geiersberger Glas & Partner mbB Rechtsanwälte Rostock","Rostock","legacy","2026-04-03","2026-06-02"
"Rechtsanwalt für Wirtschaftsrecht (w/m/d)","http://www.fuerst-recht.de/de/karriere","Schmidt Nickl Fürst & Partner Rechtsanwälte","Deutschland","legacy","2026-04-03","2026-06-02"
"Rechtsanwalt für die größte Branche Deutschlands (w/m/d)","https://www.iw-recht.de/stellenangebote/stellenangebot-rechtsanwalt-darmstadt-w-m-d","Iffland Wischnewski Rechtsanwälte PartG mbB","Darmstadt","legacy","2026-04-02","2026-06-02"
"Rechtsanwalt für gewerblichen Rechtsschutz","http://www.rechtsanwalt-lee.de/","Rechtsanwaltskanzlei Peter Lee, LL.M. - Düsseldorf, Germany","Düsseldorf","legacy","2026-04-02","2026-06-02"
"Rechtsanwalt im Bereich ARBEITSRECHT (m/w/d)","https://www.haver-mailaender.de/user/pages/05.karriere/pdf/202504_Haver und Mailaender RA_Stellenanzeige_Rechtsanwalt Arbeitsrecht.pdf","HAVER & MAILÄNDER Rechtsanwälte Partnerschaft mbB","Stuttgart","legacy","2026-04-05","2026-06-02"
"Rechtsanwalt im Familienrecht und Erbrecht (w/m/d)","https://www.dresdner-fachanwaelte.de/karriere/stellenangebote/rechtsanwalt-im-familienrecht-und-erbrecht-m-w-d","KUCKLICK dresdner-fachanwaelte.de","Dresden","legacy","2026-04-02","2026-06-02"
"Rechtsanwalt im Privaten Baurecht (w/m/d)","https://www.wir-jennissen.de/karriere/rechtsanwalt-im-privaten-baurecht","Jennissen and partners","Köln","legacy","2026-04-05","2026-06-02"
"Rechtsanwalt im Versicherungs- und Verkehrsrecht (m/w/d)","https://www.dresdner-fachanwaelte.de/karriere/stellenangebote/rechtsanwalt-im-verkehrsrecht-und-schadensrecht-m-w-d","KUCKLICK dresdner-fachanwaelte.de","Dresden","legacy","2026-04-02","2026-06-02"
"Rechtsanwalt im Wettbewerbsrecht (w/m/d)","https://www.dresdner-fachanwaelte.de/karriere/stellenangebote/rechtsanwalt-im-wettbewerbsrecht-m-w-d","KUCKLICK dresdner-fachanwaelte.de","Dresden","legacy","2026-04-02","2026-06-02"
"Rechtsanwalt im Öffentlichen Baurecht (w/m/d)","https://www.wir-jennissen.de/karriere/rechtsanwalt-im-oeffentlichen-baurecht","Jennissen and partners","Köln","legacy","2026-04-05","2026-06-02"
"Rechtsanwalt in Teilzeit oder Vollzeit (m/w/d)","http://www.weller-kanzlei.eu/component/content/article/rechtsanwalt-m-w-d.html?catid=9","WELLER Kanzlei für Arbeitsrecht","Stuttgart","legacy","2026-04-03","2026-06-02"
"Rechtsanwalt in der Insolvenzverwaltung (m/w/d)","https://www.stepstone.de/stellenangebote--Rechtsanwalt-in-der-Insolvenzverwaltung-m-w-d-Nuernberg-PLUTA-Rechtsanwalts-GmbH--13584789-inline.html?rltr=51_1_25_seorl_m_0_0_0_0_0_0","PLUTA Rechtsanwalts GmbH","Nürnberg","legacy","2026-04-14","2026-06-02"
"Rechtsanwalt in freier Mitarbeit (m/w/d)","https://de.indeed.com/viewjob?jk=e84502e9878b003a","Lukez-Bürrig | Frantzen Rechtsanwälte PartGmbB","52249 Eschweiler","legacy","2026-04-04","2026-06-02"
"Rechtsanwalt in freier Mitarbeit oder Bürogemeinschaft (m/w/d)","https://wbk-augsburg.de/karriere","Kanzlei WBK - Wahlster-Bode und Köppert PartG mbB Rechtsanwälte","Augsburg","legacy","2026-04-02","2026-06-02"
"Rechtsanwalt m/w/d","https://www.rae-kulle.de/de","Rechtsanwälte Kulle & Klosner GbR","Kassel","legacy","2026-04-05","2026-06-02"
"Rechtsanwalt m/w/d für sofort gesucht.","https://www.rae-kulle.de/","Rechtsanwälte Kulle & Klosner GbR","Kassel","legacy","2026-04-03","2026-06-02"
"Rechtsanwalt m/w/d im Bereich Gesellschaftsrecht","https://advolon.de/rechtsanwalt-im-bereich-gesellschaftsrecht","Alexander Görtzel Fachanwalt für Handels- und Gesellschaftsrecht","Augsburg","legacy","2026-04-02","2026-06-02"
"Rechtsanwalt m/w/d im Bereich Handelsrecht","https://advolon.de/rechtsanwalt-im-bereich-vertriebsrecht","Alexander Görtzel Fachanwalt für Handels- und Gesellschaftsrecht","Augsburg","legacy","2026-04-02","2026-06-02"
"Rechtsanwalt m/w/d im Bereich allgemeines Zivilrecht","https://advolon.de/rechtsanwalt-im-bereich-allgemeines-zivilrecht","Alexander Görtzel Fachanwalt für Handels- und Gesellschaftsrecht","Augsburg","legacy","2026-04-02","2026-06-02"
"Rechtsanwalt m/w/d in Schwerin","https://www.ksme-rechtsanwaelte.de/job/rechtsanwalt-m-w-d-in-schwerin","KSME Rechtsanwälte","Schwerin","legacy","2026-04-03","2026-06-02"
"Rechtsanwalt(in) m/w/d","https://delorette.de/jobs/rechtsanwaltin-m-w-d","ANWALTSKANZLEI DELORETTE","Wuppertal","legacy","2026-04-05","2026-06-02"
"Rechtsanwalt, Rechtsanwältin (m/w/d)","https://www.kanzlei-gerling.de/wp-content/uploads/2024/11/Rechtsanwalt-Rechtsanwaeltin.pdf","Kanzlei Gerling Paderborn","Bielefeld","legacy","2026-04-03","2026-06-02"
"Rechtsanwalt/ Rechtsanwältin (m/w/d) für Erbrecht","https://www.kanzlei-hufnagel.de/rechtsanwalt-erbrecht.php","Kanzlei Hufnagel","München","legacy","2026-04-03","2026-06-02"
"Rechtsanwalt/ Rechtsanwältin (m/w/d) für Familienrecht","https://www.kanzlei-hufnagel.de/rechtsanwalt-familienrecht.php","Kanzlei Hufnagel","München","legacy","2026-04-03","2026-06-02"
"Rechtsanwalt/ Rechtsanwältin (m/w/d) für Zivilrecht","https://www.kanzlei-hufnagel.de/rechtsanwalt-zivilrecht.php","Kanzlei Hufnagel","München","legacy","2026-04-03","2026-06-02"
"Rechtsanwalt/ Rechtsanwältin (m/w/d) mit Schwerpunkt Bau- und Architektenrecht","https://www.stepstone.de/stellenangebote--Rechtsanwalt-Rechtsanwaeltin-m-w-d-mit-Schwerpunkt-Bau-und-Architektenrecht-Dresden-BATTKE-GRUENBERG-Rechtsanwaelte-PartGmbB--13845915-inline.html?rltr=559_9_25_seorl_m_0_0_0_0_1_0","BATTKE GRÜNBERG Rechtsanwälte PartGmbB","Dresden","legacy","2026-04-15","2026-06-02"
"Rechtsanwalt/ Rechtsanwältin für Immobilienrecht, Mietrecht, WEG-Recht","https://hammel-roehrenbeck.de/karriere","Hammel & Röhrenbeck Rechtsanwälte Partnerschaft mbB","Kaiserslautern","legacy","2026-04-03","2026-06-02"
"Rechtsanwalt/-anwältin (m/w/d)","http://www.wilde-rechtsanwaelte.de/karriere","WILDE.Rechtsanwälte","Köln","legacy","2026-04-03","2026-06-02"
"Rechtsanwalt/-anwältin (m/w/d) an der Schnittstelle Zivilrecht & Öffentliches Recht","https://www.stepstone.de/stellenangebote--Rechtsanwalt-anwaeltin-m-w-d-an-der-Schnittstelle-Zivilrecht-Oeffentliches-Recht-Dresden-BATTKE-GRUENBERG-Rechtsanwaelte-PartGmbB--13869927-inline.html?rltr=603_3_25_seorl_m_0_0_0_0_1_0","BATTKE GRÜNBERG Rechtsanwälte PartGmbB","Dresden","legacy","2026-04-23","2026-06-02"
"Rechtsanwalt/-anwältin (m/w/d) gesucht","https://frey.eu/karriere/wir-suchen-verstaerkung-rechtsanwalt-anwaeltin-m-w-d-gesucht","FREY Rechtsanwälte Partnerschaft mbB","Köln","legacy","2026-04-03","2026-06-02"
"Rechtsanwalt/-in im Mietrecht (m/w/d)","https://www.rechtsanwalt-schoeffler.de/karriere","Fachanwalt für Mietrecht Herwig Schöffler","Homeoffice","legacy","2026-04-03","2026-06-02"
"Rechtsanwalt/Associate (m/w/d) Arbeitsrecht","https://activelaw.de/stellenanzeigen/rechtsanwalt-associate-m-w-d-arbeitsrecht","activelaw Offenhausen.Wolter PartmbB","Hannover","legacy","2026-04-03","2026-06-02"
"Rechtsanwalt/Notar (m/w/d)","https://rbo-rechtsanwaelte.de/de/service/jobs","rbo - Rechtsanwälte","Oldenburg","legacy","2026-04-03","2026-06-02"
"Rechtsanwalt/Rechtsanwältin","https://www.bugla-anwaelte.de/stellenanzeige","Dr. Bugla Rechtsanwalts AG","Chemnitz","legacy","2026-04-03","2026-06-02"
"Rechtsanwalt/Rechtsanwältin","https://www.stepstone.de/stellenangebote--Rechtsanwalt-Rechtsanwaeltin-Stadtlohn-Frank-Mensing--13287581-inline.html?rltr=490_15_25_seorl_m_0_0_0_0_0_0","Frank Mensing","Stadtlohn","legacy","2026-04-24","2026-06-02"
"Rechtsanwalt/Rechtsanwältin","http://www.gaidzik-rechtsanwaelte.de/","Rechtsanwälte Prof. Dr. med. Gaidzik","Hamm","legacy","2026-04-03","2026-06-02"
"Rechtsanwalt/Rechtsanwältin","http://www.rlg-law.de/downloads/karriere/RLG_AZ_RA_2108.pdf?c=1","Reith Neumahr lawyers and notaries","Tuttlingen","legacy","2026-04-03","2026-06-02"
"Rechtsanwalt/Rechtsanwältin","https://wirtz-kraneis.com/karriere_rechtsreferendariat","WIRTZ & KRANEIS Rechtsanwälte Partnerschaft mbB","Köln","legacy","2026-04-03","2026-06-02"
"Rechtsanwalt/Rechtsanwältin","https://www.stepstone.de/stellenangebote--Rechtsanwalt-Rechtsanwaeltin-Wuppertal-WPK-Beratung-GmbH-Wirtschaftspruefungsgesellschaft-Steuerberatungsgesellschaft--13730949-inline.html?rltr=507_7_25_seorl_m_0_0_0_0_1_0","WPK Beratung GmbH Wirtschaftsprüfungsgesellschaft Steuerberatungsgesellschaft","Wuppertal","legacy","2026-04-21","2026-06-02"
"Rechtsanwalt/Rechtsanwältin (Initiativbewerbung)","https://www.mzs-recht.de/die-kanzlei/stellenangebote","mzs Rechtsanwälte","Düsseldorf","legacy","2026-04-05","2026-06-02"
"Rechtsanwalt/Rechtsanwältin (m/w/d)","https://www.stepstone.de/stellenangebote--Rechtsanwalt-Rechtsanwaeltin-m-w-d-Hannover-Advogada-Delaine-Pastor-Kuehn--13241231-inline.html?rltr=532_7_25_seorl_m_0_0_0_0_0_0","Advogada Delaine Pastor Kühn","Hannover","legacy","2026-04-19","2026-06-02"
"Rechtsanwalt/Rechtsanwältin (m/w/d)","http://www.gerhard-eschbach.de/stellenangebote/rechtsanwalt","Andreas Gerhard und Moritz Eschbach Rechtsanwälte","Kaiserslautern","legacy","2026-04-03","2026-06-02"
"Rechtsanwalt/Rechtsanwältin (m/w/d)","https://www.stepstone.de/stellenangebote--Rechtsanwalt-Rechtsanwaeltin-m-w-d-Hettstedt-Anwaltskanzlei-Dr-jur-Juergen-Horn-Inh-Rechtsanwaeltin-Maria-Munk--13253467-inline.html?rltr=97_22_25_seorl_m_0_0_0_0_0_0","Anwaltskanzlei Dr. jur. Jürgen Horn Inh. Rechtsanwältin Maria Munk","Hettstedt","legacy","2026-03-29","2026-06-02"
"Rechtsanwalt/Rechtsanwältin (m/w/d)","https://kanzlei-gha.de/kanzlei/stellenangebote","GHA RECHTSANWÄLTE, Gass, Herrmann, Andreß","Heilbronn","legacy","2026-04-03","2026-06-02"
"Rechtsanwalt/Rechtsanwältin (m/w/d)","https://rae-korn.de/karriere/rechtsanwalt-m-w-d","Korn Rechtsanwälte GbR, Inhaber: Andreas Hammelstein, Ralf Maus, Dr. Vanessa Staude","Mönchengladbach","legacy","2026-04-03","2026-06-02"
"Rechtsanwalt/Rechtsanwältin (m/w/d)","https://www.rechtschaffen.de/karriere","Sven Krüger Rechtsanwälte","Hamburg","legacy","2026-04-03","2026-06-02"
"Rechtsanwalt/Rechtsanwältin (m/w/d)","http://www.thorwart.de/karriere/stellen-rechtsberatung","THORWART Rechtsanwälte Steuerberater Wirtschaftsprüfer Partnerschaft mbB","Nürnberg","legacy","2026-04-03","2026-06-02"
"Rechtsanwalt/Rechtsanwältin (m/w/d)","http://www.aufrecht.de/karriere/rechtsanwaelte.html","Terhaag & Partner Rechtsanwälte","Düsseldorf","legacy","2026-04-02","2026-06-02"
"Rechtsanwalt/Rechtsanwältin (m/w/d)","https://wmrc.de/karriere/rechtsanwalt-rechtsanwaeltin-m-w-d","WMRC Rechtsanwälte","Berlin","legacy","2026-04-02","2026-06-02"
"Rechtsanwalt/Rechtsanwältin (m/w/d) Familienrecht, Voll- oder Teilzeit","https://www.straesser.com/stellenangebote.html","Strässer und Partner Rechtsanwälte Fachanwälte Partnerschaftsgesellschaft mbB","Solingen","legacy","2026-04-03","2026-06-02"
"Rechtsanwalt/Rechtsanwältin (m/w/d) am Standort Bonn","https://www.rnsp.de/wp-content/uploads/Stellenanzeige-Rechtsanwalt-m-w-d-promotionsbegleitend-Januar-2026.pdf","Roos Nelskamp Schumacher & Partner Rechtsanwälte Fachanwälte","Bonn","legacy","2026-04-02","2026-06-02"
"Rechtsanwalt/Rechtsanwältin (m/w/d) für Arbeitsrecht","https://kspp.de/arbeitsrecht-stellenausschreibungen-jobs","KSPP Rechtsanwälte Kanzlei Becker | Petersen","München","legacy","2026-04-03","2026-06-02"
"Rechtsanwalt/Rechtsanwältin (m/w/d) für Verkehrsrecht und Arbeitsrecht","https://rae-hoerl.de/karriere","Dr. Hörl Rechtsanwälte","Zentrale/Unbekannt","legacy","2026-04-05","2026-06-02"
"Rechtsanwalt/Rechtsanwältin (m/w/d) in den Bereichen Arbeitsrecht, Zivilrecht und Strafrecht","https://kanzlei-breitfeld-walter.de/stellenangebote","Kanzlei Breitfeld & Walter","Dachau","legacy","2026-04-03","2026-06-02"
"Rechtsanwalt/Rechtsanwältin (m/w/d) Öffentliches Recht in Vollzeit mit Vertragsabschlussprämie","https://www.heinze-rechtsanwaelte.de/karriere","Rechtsanwälte Dr. Heinze & Partner","Hamburg","legacy","2026-04-02","2026-06-02"
"Rechtsanwalt/Rechtsanwältin (w/m/d)","https://nannrae.de/karriere","NANN Rechtsanwälte Fachanwälte","Stuttgart","legacy","2026-04-03","2026-06-02"
"Rechtsanwalt/Rechtsanwältin Filmrecht","https://graef.law/wp-content/uploads/Graef_Stellenanzeigen_2025_Film.pdf","GRAEF Rechtsanwälte","Berlin","legacy","2026-04-05","2026-06-02"
"Rechtsanwalt/Rechtsanwältin Markenrecht","https://graef.law/wp-content/uploads/Graef_Stellenanzeigen_2025_Marke.pdf","GRAEF Rechtsanwälte","Berlin","legacy","2026-04-05","2026-06-02"
"Rechtsanwalt/Rechtsanwältin Presserecht/Verlagsrecht","https://graef.law/wp-content/uploads/Graef_Stellenanzeigen_2025_Presse1-scaled.jpg","GRAEF Rechtsanwälte","Berlin","legacy","2026-04-05","2026-06-02"
"Rechtsanwalt/Rechtsanwältin Steuerrecht (m/w/d) VZ, TZ, Minijob, Freelancer oder Kooperation","https://www.stepstone.de/stellenangebote--Rechtsanwalt-Rechtsanwaeltin-Steuerrecht-m-w-d-VZ-TZ-Minijob-Freelancer-oder-Kooperation-Regensburg-Rechtsanwaltskanzlei-Maximilian-Hufnagel-Muenchen--13899238-inline.html?rltr=560_10_25_seorl_m_0_0_0_0_1_0","Rechtsanwaltskanzlei Maximilian Hufnagel München","Regensburg","legacy","2026-04-26","2026-06-02"
"Rechtsanwalt/Rechtsanwältin Zivilrecht (m/w/d) in Regensburg - VZ, TZ, Minijob oder Freiberuflich","https://www.stepstone.de/stellenangebote--Rechtsanwalt-Rechtsanwaeltin-Zivilrecht-m-w-d-in-Regensburg-VZ-TZ-Minijob-oder-Freiberuflich-Regensburg-Rechtsanwaltskanzlei-Maximilian-Hufnagel-Muenchen--13899436-inline.html?rltr=463_13_25_seorl_m_0_0_0_0_1_0","Rechtsanwaltskanzlei Maximilian Hufnagel München","Regensburg","legacy","2026-04-26","2026-06-02"
"Rechtsanwalt/Rechtsanwältin für Arbeitsrecht (w/m/d)","https://www.kanzlei-fuer-arbeitsrecht.de/rechtsanwalt-rechtsanwaeltin-fuer-arbeitsrecht-w-m-d","Labisch Kanzlei für Arbeitsrecht Rechts-& Fachanwälte PartG mbB","Mainz","legacy","2026-04-05","2026-06-02"
"Rechtsanwalt/Rechtsanwältin für Erbrecht (m/w/d)","https://hannekum-partner.de/jobs","Hannekum & Partner Rechtsanwälte","Ahrensburg","legacy","2026-04-03","2026-06-02"
"Rechtsanwalt/Rechtsanwältin im Bereich Arbeitsrecht / Insolvenzarbeitsrecht (m/w/d)","https://www.stepstone.de/stellenangebote--Rechtsanwalt-Rechtsanwaeltin-im-Bereich-Arbeitsrecht-Insolvenzarbeitsrecht-m-w-d-Hannover-Koeln-ECKERT-Rechtsanwaelte-Steuerberater-Partnerschaftsgesellschaft--13313569-inline.html?rltr=107_7_25_seorl_m_0_0_0_0_0_0","ECKERT Rechtsanwälte Steuerberater Partnerschaftsgesellschaft","Hannover, Köln","legacy","2026-04-17","2026-06-02"
"Rechtsanwalt/Rechtsanwältin im Bereich Zivilrecht (m/w/d)","https://www.drwittenstein.de/karriere","Lawyers Dr. Wittenstein & colleagues","Leverkusen","legacy","2026-04-03","2026-06-02"
"Rechtsanwalt/Rechtsanwältin in Teil- oder Vollzeit zur Festanstellung","https://bmdd.de/kontakt-und-anfahrt","BMDD Buder & Mühlbauer Rechtsanwälte","Berlin","legacy","2026-04-02","2026-06-02"
"Rechtsanwalt/Rechtsanwältin in Teil- oder Vollzeit zur Festanstellung","https://bmdd.de/stellenangebote","Kanzlei Buder & Mühlbauer Rechtsanwälte Dresden","Berlin","legacy","2026-04-02","2026-06-02"
"Rechtsanwalt/Rechtsanwältin in Vollzeit","http://www.kanzlei-pb.de/","Preidel . Burmester & Kollegen, Fachanwälte für Arbeitsrecht | Verkehrsrecht | Familienrecht | Erbrecht","Gehrden","legacy","2026-04-03","2026-06-02"
"Rechtsanwalt/Rechtsanwältin – Familienrecht (m/w/d) in Regensburg VZ, TZ, Minijob oder Freiberuflich","https://www.stepstone.de/stellenangebote--Rechtsanwalt-Rechtsanwaeltin-Familienrecht-m-w-d-in-Regensburg-VZ-TZ-Minijob-oder-Freiberuflich-Regensburg-Rechtsanwaltskanzlei-Maximilian-Hufnagel-Muenchen--13899218-inline.html?rltr=464_14_25_seorl_m_0_0_0_0_1_0","Rechtsanwaltskanzlei Maximilian Hufnagel München","Regensburg","legacy","2026-04-26","2026-06-02"
"Rechtsanwalt/Rechtsanwältin, Volljurist/Volljuristin (m/w/d) Schwerpunkt Erbrecht","https://hufnagel-rechtsanwaelte.de/karriere/rechtsanwalt-rechtsanwaeltin-volljurist-volljuristin-m-w-d-erbrecht","Rechtsanwaltskanzlei Hufnagel","München","legacy","2026-04-03","2026-06-02"
"Rechtsanwalt/Rechtsanwältin, Volljurist/Volljuristin (m/w/d) Schwerpunkt Zivilrecht","https://hufnagel-rechtsanwaelte.de/karriere/rechtsanwalt-rechtsanwaeltin-volljurist-volljuristin-m-w-d-zivilrecht","Rechtsanwaltskanzlei Hufnagel","München","legacy","2026-04-03","2026-06-02"
"Rechtsanwalt/Rechtsanwältin, Volljurist/Volljuristin (m/w/d) Schwerpunkte Familienrecht","https://hufnagel-rechtsanwaelte.de/karriere/rechtsanwalt-rechtsanwaeltin-volljurist-volljuristin-m-w-d-familienrecht","Rechtsanwaltskanzlei Hufnagel","München","legacy","2026-04-03","2026-06-02"
"Rechtsanwalt/Rechtsanwältin/divers für das allgemeine Zivilrecht","https://rechtsanwaelte-bwp.de/karriere","bwp - Rechtsanwälte Baehr, Wübbeke & Partner","Chemnitz","legacy","2026-04-02","2026-06-02"
"Rechtsanwalt/in","https://kanzleimitte.de/rechtsanwalt-fachanwalt-fuer-bank-und-kapitalmarktrecht-mw","JUSTUS Rechtsanwälte","Berlin","legacy","2026-04-02","2026-06-02"
"Rechtsanwalt/in","https://spies-rechtsanwaelte.com/job/rechtsanwalt-in","Spies Rechtsanwälte","Frankfurt am Main","legacy","2026-04-02","2026-06-02"
"Rechtsanwalt/in ( m/w/d )","https://theo-schmidt.de/rechtsanwalt-in-m-w-d","Kanzlei Theo Schmidt Bochum","Bochum","legacy","2026-04-02","2026-06-02"
"Rechtsanwalt/in (m/w/d)","https://www.knabben-partner.de/de/karriere","Knabben, Schmitz, Seelhorst & Partner Rechtsanwälte mbB","Köln","legacy","2026-04-05","2026-06-02"
"Rechtsanwalt/in (m/w/d)","http://www.stolpe-rechtsanwaelte.de/karriere.html","STOLPE Rechtsanwälte - Fachanwälte","Chemnitz","legacy","2026-04-02","2026-06-02"
"Rechtsanwalt:in (m/w/d)","https://www.martin-anwaelte.de/job/rechtsanwaltin-m-w-d","MARTIN RECHTSANWÄLTE","Karlsruhe","legacy","2026-04-03","2026-06-02"
"Rechtsanwaltfach-angestelle","http://www.commer-law.de/Karriere/Rechtsanwaltfach-angestelle","Vicki Irene Commer","München","legacy","2026-04-03","2026-06-02"
"Rechtsanwaltfachangestellte(M/W/D) Voll/Teilzeit","https://www.goehmann.de/karriere/rechtsanwaltfachangestelltem-w-d-voll-teilzeit-in-magdeburg-gesucht","GÖHMANN Rechtsanwälte · Notare","Magdeburg","legacy","2026-04-02","2026-06-02"
"Rechtsanwaltfachangestellter (m/w/d)","https://kolb-blickhan-partner.de/karriere","Lawyers Kolb, Blickhan & Partner","Darmstadt","legacy","2026-04-02","2026-06-02"
"Rechtsanwaltfachangstellte:r (m/w/d)","https://refa-bewerbung.onepage.me/refabewerbung","Skradde Rechtsanwälte","Köln","legacy","2026-04-05","2026-06-02"
"Rechtsanwalts- / Justizfachangestellte (w/m/d) für die Prüfungsstelle am Standort Köln","https://www.stepstone.de/stellenangebote--Rechtsanwalts-Justizfachangestellte-w-m-d-fuer-die-Pruefungsstelle-am-Standort-Koeln-Koeln-Kassenaerztliche-Vereinigung-Nordrhein--13867868-inline.html?rltr=45_20_25_seorl_m_0_0_0_0_0_0","Kassenärztliche Vereinigung Nordrhein","Köln","legacy","2026-04-23","2026-06-02"
"Rechtsanwalts- / Notarfachangestellte/r / Justizfachangestelle/r (m/w/d)","https://www.stepstone.de/stellenangebote--Rechtsanwalts-Notarfachangestellte-r-Justizfachangestelle-r-m-w-d-Koeln-NIERING-STOCK-TOEMP-und-Partner-mbB-Rechtsanwaelte--13875390-inline.html?rltr=13_13_25_seorl_m_0_0_0_0_1_0","NIERING STOCK TÖMP und Partner mbB Rechtsanwälte","Köln","legacy","2026-04-24","2026-06-02"
"Rechtsanwalts- fachangestellte (M/W/D)","https://www.lex.tm/karriere/rechtsanwaltsfachangestellte","lexTM Rechtsanwälte","Frankfurt am Main","legacy","2026-04-05","2026-06-02"
"Rechtsanwalts- oder Notarfachangestellte (m/w/d)","https://www.ksb-intax.de/karriere/stellenangebote/rechtsanwalts-oder-notarfachangestellte-m-w-d-oder-notarfachwirt-m-w-d-hannover","KSB Intax","Hannover","legacy","2026-05-05","2026-06-02"
"Rechtsanwalts- oder Notarfachangestellte (m/w/d) (VZ oder TZ)","https://www.stepstone.de/stellenangebote--Rechtsanwalts-oder-Notarfachangestellte-m-w-d-VZ-oder-TZ-Muenchen-Michael-Page--13837976-inline.html?rltr=292_17_25_seorl_m_1_0_0_0_0_0","Michael Page","München","legacy","2026-04-14","2026-06-02"
"Rechtsanwalts- u. Notarfachang.","http://it-rechthannover.de/Stellenangebote/Rechtsanwalts-_u__Notarfachang/rechtsanwalts-_u__notarfachang_.html","Franziska Tesoro, horak Rechtsanwälte Berlin","Berlin","legacy","2026-04-02","2026-06-02"
"Rechtsanwalts- und / oder Notariatsfachangestellte (m/w/d) (Kanzlei und Notariat)","https://www.huelsebusch-werler.de/stellenangebote","HUELSEBUSCH WERLER GbR","Salzgitter","legacy","2026-04-03","2026-06-02"
"Rechtsanwalts- und Notarfachangestellt (m/w/d) für den Bereich Advokatur","http://www.werk-wurtz.de/download/Stellenanzeige.pdf","Werk, Wurtz und Freidl - Rechtsanwälte und Notar","Bremerhaven","legacy","2026-04-02","2026-06-02"
"Rechtsanwalts- und Notarfachangestellte","https://www.bwlh.de/anwaltskanzlei/Anwaltsnews/Stellenangebote/Rechtsanwalts-_und_Notarfachan/rechtsanwalts-_und_notarfachangestellte.html","horak Rechtsanwälte","Berlin","legacy","2026-04-03","2026-06-02"
"Rechtsanwalts- und Notarfachangestellte","http://www.bwlh.de/anwaltskanzlei/Anwaltsnews/Stellenangebote/Rechtsanwalts-_und_Notarfachan/rechtsanwalts-_und_notarfachangestellte.html","horak Rechtsanwälte/Fachanwälte/Patentanwälte München","Berlin","legacy","2026-04-03","2026-06-02"
"Rechtsanwalts- und Notarfachangestellte (m/w)","http://www.baumann-heising.de/jobs","Notar & Rechtsanwälte Baumann & Heising","Berlin-Charlottenburg","legacy","2026-04-02","2026-06-02"
"Rechtsanwalts- und Notarfachangestellte (m/w/d)","http://www.brandi.net/ueber-brandi/karriere/mitarbeiter/detmold-rechtsanwalts-und-notarfachangestellte-mwd","BRANDI Rechtsanwälte Partnerschaft mbB","Detmold","legacy","2026-04-02","2026-06-02"
"Rechtsanwalts- und Notarfachangestellte (m/w/d)","http://www.brandi.net/ueber-brandi/karriere/mitarbeiter/minden-rechtsanwalts-und-notarfachangestellte-mwd","BRANDI Rechtsanwälte Partnerschaft mbB","Minden","legacy","2026-04-02","2026-06-02"
"Rechtsanwalts- und Notarfachangestellte (m/w/d)","http://www.brandi.net/ueber-brandi/karriere/mitarbeiter/paderborn-rechtsanwalts-und-notarfachangestellte-mwd","BRANDI Rechtsanwälte Partnerschaft mbB","Paderborn","legacy","2026-04-02","2026-06-02"
"Rechtsanwalts- und Notarfachangestellte (m/w/d)","https://de.indeed.com/viewjob?jk=e6b9abab89a7f782","Becker-Baurecht","30167 Hannover","legacy","2026-04-25","2026-06-02"
"Rechtsanwalts- und Notarfachangestellte (m/w/d)","https://kunst-kulturrecht.de/stellenangebote/stellenangebot-rechtsanwalts-und-notarfachangestellte-m-w-d","Fachanwältin Katharina Gitmann - horak Rechtsanwälte Düsseldorf","Berlin","legacy","2026-04-02","2026-06-02"
"Rechtsanwalts- und Notarfachangestellte (m/w/d)","https://hoppelegal.com/karriere","HOPPE. Rechtsanwälte","Eschborn","legacy","2026-04-03","2026-06-02"
"Rechtsanwalts- und Notarfachangestellte (m/w/d)","https://www.herbst-broecker.de/karriere-reno","Herbst Bröcker Rechtsanwälte","Berlin","legacy","2026-04-02","2026-06-02"
"Rechtsanwalts- und Notarfachangestellte (m/w/d)","http://kessler-rs.com/karriere-jobs/rechtsanwalts-und-notarfachangestellte","KESSLER Rechtsanwaltsgesellschaft mbH","Bremen","legacy","2026-04-02","2026-06-02"
"Rechtsanwalts- und Notarfachangestellte (m/w/d)","http://www.diekmeyer.de/informationen/karriere/rechtsanwalt-mietrecht.html","Kanzlei Diekmeyer Wagenknecht Nordmeyer Rechtsanwälte und Notare","Bielefeld","legacy","2026-04-02","2026-06-02"
"Rechtsanwalts- und Notarfachangestellte (m/w/d)","https://de.indeed.com/viewjob?jk=9d4fc2575c15a2b1","König & Pflüger RechtsanwaltsPartGmbB","26121 Oldenburg","legacy","2026-04-14","2026-06-02"
"Rechtsanwalts- und Notarfachangestellte (m/w/d)","http://www.lauprecht-kiel.de/karriere/notarfachangestellter-mwd","Lauprecht Rechtsanwälte Notare","Kiel","legacy","2026-04-03","2026-06-02"
"Rechtsanwalts- und Notarfachangestellte (m/w/d)","https://www.mock-rechtsanwaelte.de/karriere/rechtsanwalts-und-notarfachangestellte-m-w-d","MOCK Rechtsanwälte & Notare","Berlin","legacy","2026-04-02","2026-06-02"
"Rechtsanwalts- und Notarfachangestellte (m/w/d)","https://de.indeed.com/viewjob?jk=516a9dbcd9f13c6a","Märkischer Sozialverein e. V.","16515 Oranienburg","legacy","2026-04-15","2026-06-02"
"Rechtsanwalts- und Notarfachangestellte (m/w/d)","https://www.seppel-partner-oldenburg.de/stellenangebote/rechtsanwalts-und-notarfachangestellte-mwd","Seppel & Partner Rechtsanwälte in PartGmbB","Oldenburg","legacy","2026-04-03","2026-06-02"
"Rechtsanwalts- und Notarfachangestellte (m/w/d)","https://de.indeed.com/viewjob?jk=e38697be3188493d","Unternehmensverbund WM Agrar","06528 Wallhausen","legacy","2026-03-05","2026-06-02"
"Rechtsanwalts- und Notarfachangestellte (m/w/d)","https://de.indeed.com/viewjob?jk=7c4322a460c21bd7","Ziehm Rechtsanwälte PartGmbB","30453 Hannover","legacy","2026-04-21","2026-06-02"
"Rechtsanwalts- und Notarfachangestellte (m/w/d)","http://www.addlegal.de/karriere","addLegal Rechtsanwälte und Notar","Göttingen","legacy","2026-04-05","2026-06-02"
"Rechtsanwalts- und Notarfachangestellte (m/w/d)","https://www.stepstone.de/stellenangebote--Rechtsanwalts-und-Notarfachangestellte-m-w-d-Osnabrueck-meinestadt-de--13876969-inline.html?rltr=14_14_25_seorl_m_0_0_0_0_0_0","meinestadt.de","Osnabrück","legacy","2026-04-24","2026-06-02"
"Rechtsanwalts- und Notarfachangestellte (m/w/d) / Notarfachangestellte (m/w/d)","https://einem.de/rechtsanwalts-und-notarfachangestellte-m-w-d-notarfachangestellte-m-w-d","v. Einem & Partner Rechtsanwälte","Bremen","legacy","2026-04-02","2026-06-02"
"Rechtsanwalts- und Notarfachangestellte (m/w/d) gesucht","https://www.stepstone.de/stellenangebote--Rechtsanwalts-und-Notarfachangestellte-m-w-d-gesucht-Rendsburg-Boysen-Simon-Partner-Rechtsanwaelte--13289533-inline.html?rltr=115_15_25_seorl_m_0_0_0_0_0_0","Boysen Simon & Partner - Rechtsanwälte","Rendsburg","legacy","2026-04-24","2026-06-02"
"Rechtsanwalts- und Notarfachangestellte (m/w/d) gesucht – werde Teil unseres wertschätzenden Teams","https://www.stepstone.de/stellenangebote--Rechtsanwalts-und-Notarfachangestellte-m-w-d-gesucht-werde-Teil-unseres-wertschaetzenden-Teams-Saterland-KESSING-Rechtsanwaelte-und-Fachanwaelte-in-PartG-mbB--13784139-inline.html?rltr=168_18_25_seorl_m_0_0_0_0_1_0","KESSING Rechtsanwälte und Fachanwälte in PartG mbB","Saterland","legacy","2026-04-16","2026-06-02"
"Rechtsanwalts- und Notarfachangestellte / Notarfachwirtin (m/w/d)","https://www.ludwigwollweberbansch.de/job/rechtsanwalts-und-notarfachangestellte-notarfachwirtin-m-w-d","Ludwig Wollweber Bansch - Rechtsanwälte, Notare, Steuerberater","Hanau","legacy","2026-04-02","2026-06-02"
"Rechtsanwalts- und Notarfachangestellte / Rechtsfachwirtin (m/w/d)","https://www.ludwigwollweberbansch.de/job/3859","Ludwig Wollweber Bansch - Rechtsanwälte, Notare, Steuerberater","Hanau","legacy","2026-04-02","2026-06-02"
"Rechtsanwalts- und Notarfachangestellte M | W | D","https://www.recht-bs.de/portfolio-item/rechtsanwaltsfachangestellter-m-w-d","Schlüter · Rechtsanwälte · Notare","Braunschweig","legacy","2026-04-02","2026-06-02"
"Rechtsanwalts- und Notarfachangestellte(n) (w/m/d)","https://endemann-partner.de/stellenangebote","Dr. Endemann & Partner - Rechtsanwälte und Notar","Münster","legacy","2026-04-03","2026-06-02"
"Rechtsanwalts- und Notarfachangestellte(n) / Rechtsanwaltsfachangestellte(n) (m/w/d)","https://www.moeller-rechtsanwaelte.de/rechtsanwalts-und-notarfachangestellten","Möller Rechtsanwälte Partnerschaft mbB","Münster","legacy","2026-04-03","2026-06-02"
"Rechtsanwalts- und Notarfachangestellte, Rechts- bzw. Notarfachwirte (m/w/d)","https://www.ohletz.eu/karriere/karriere/rechtsanwalts-und-notarfachangestellte","Rechtsanwälte, Notare & Steuerberater Ohletz","Essen","legacy","2026-04-02","2026-06-02"
"Rechtsanwalts- und Notarfachangestellte/ Notarfachwirtin / Notarfachreferentin (m/w/d)","https://jobs.luther-lawfirm.com/jobportal/luther/viewAusschreibung/2025-034.html","Luther Rechtsanwaltsgesellschaft mbH","Berlin","legacy","2026-04-30","2026-06-02"
"Rechtsanwalts- und Notarfachangestellte/n","https://romuender.com/de","Romünder & Kollegen, Rechtsanwälte und Notare","Siegen","legacy","2026-04-03","2026-06-02"
"Rechtsanwalts- und Notarfachangestellte/n (m/w/d)","https://www.sora-recht.de/","SoRa Sommerburg & Raab Rechtsanwälte","Heidelberg","legacy","2026-04-03","2026-06-02"
"Rechtsanwalts- und Notarfachangestellte/n in Vollzeit","https://www.esser-kanzlei.de/karriere","ESSER RECHTSANWÄLTE","Essen","legacy","2026-04-02","2026-06-02"
"Rechtsanwalts- und Notarfachangestellte/n oder Rechtsanwaltsfachangestellte/n (m/w/d)","https://www.gollub-klemeyer.de/stellenangebote/rechtsanwalts-und-notarfachangestellte-n-oder-rechtsanwaltsfachangestellte-n-m-w-d","Gollub Klemeyer Fachanwälte","Bremerhaven","legacy","2026-04-02","2026-06-02"
"Rechtsanwalts- und Notarfachangestellte/r","https://www.kanzlei-sachs.de/jobs","Christel und Joachim Sachs Rechtsanwälte","Hamburg","legacy","2026-04-03","2026-06-02"
"Rechtsanwalts- und Notarfachangestellte/r","http://ensenbach.de/karriere","ENSENBACH Rechtsanwälte","Berlin","legacy","2026-04-02","2026-06-02"
"Rechtsanwalts- und Notarfachangestellte/r","https://kanzleianderburg.de/karriere","KANZLEI § AN DER BURG","Bielefeld","legacy","2026-04-02","2026-06-02"
"Rechtsanwalts- und Notarfachangestellte/r (gn)","https://www.feldkamp-rechtsanwaelte.de/rechtsanwalts-und-notarfachangestellte","Feldkamp und Partner, Rechtsanwälte","Osnabrück","legacy","2026-04-03","2026-06-02"
"Rechtsanwalts- und Notarfachangestellte/r (m/w/d)","http://www.rechtsanwalt-in-kassel.de/","Güldenpfennig | Schmidt | Schroeter Rechtsanwälte Fachanwälte Partnerschaft","Kassel","legacy","2026-04-03","2026-06-02"
"Rechtsanwalts- und Notarfachangestellte/r (m/w/d)","https://kanzlei-wagner-sylt.de/","Rechtsanwälte Massolle Wagner Herkenrath & Partner","Sylt","legacy","2026-04-03","2026-06-02"
"Rechtsanwalts- und Notarfachangestellte/r (m/w/d)","https://www.pirminpartners.de/karriere","pirminpartners Rechtsanwälte Notar","Berlin","legacy","2026-04-02","2026-06-02"
"Rechtsanwalts- und Notarfachangestellte:r","https://kanzlei-kanalstrasse.de/wp-content/uploads/2024/05/Stellenausschreibung_Rechtsanwalts_und_Notarfachangestellte.pdf","Anwalts- und Notarkanzlei Kanalstraße 21","Kiel","legacy","2026-04-03","2026-06-02"
"Rechtsanwalts- und Notarfachangestellten (m/w/d)","http://www.hsh-kanzlei.de/","Rechtsanwälte & Notar Haßler | Schüller | Hülsebusch in Lübeck","Lübeck","legacy","2026-04-03","2026-06-02"
"Rechtsanwalts- und Notarfachangestellter (m/w/d)","https://de.indeed.com/viewjob?jk=388ee86be6e286f2","Deutsche Fachpflege","32051 Herford","legacy","2026-03-11","2026-06-02"
"Rechtsanwalts- und Notarfachangestellter (m/w/d)","https://snp.law/stellenangebote/rechtsanwalts-und-notarfachangestellter-m-w-d","SNP Schlawien Partnerschaft mbB","Berlin","legacy","2026-05-05","2026-06-02"
"Rechtsanwalts- und Notarfachangestellter (m/w/d)","https://www.stepstone.de/stellenangebote--Rechtsanwalts-und-Notarfachangestellter-m-w-d-Waechtersbach-WK-Personalberatung-GmbH--13837158-inline.html?rltr=42_17_25_seorl_m_0_0_0_0_1_0","WK Personalberatung GmbH","Wächtersbach","legacy","2026-04-14","2026-06-02"
"Rechtsanwalts- und Notarfachangestellter (m/w/d) Compliance","https://www.stepstone.de/stellenangebote--Rechtsanwalts-und-Notarfachangestellter-m-w-d-Compliance-Kiel-CONDOK-GmbH--13884937-inline.html?rltr=25_25_25_seorl_m_0_0_0_0_1_0","CONDOK GmbH","Kiel","legacy","2026-04-25","2026-06-02"
"Rechtsanwalts- und Notarfachkraft","https://www.ohlegal.eu/karriere","Oltmanns, Heinemann & Coll. | Rechtsanwälte in Partnerschaft","Bremen","legacy","2026-04-02","2026-06-02"
"Rechtsanwalts- und Notargehilfin (m/w/d) in Vollzeit oder Teilzeit","https://drschulze-recht.de/rechtsanwalts-und-notargehilfin","Dr. Schulze Steuerberater und Rechtsanwalt","Berlin Adlershof","legacy","2026-04-02","2026-06-02"
"Rechtsanwalts- und Notariatsfachangestellten (m/w/d)","https://www.elk-rechtsanwaelte.de/stellenangebot","Evers-Lüdeke & Knapp Rechtsanwälte und Notarinnen in Bürogemeinschaft mit Rechtsanwalt Lackner","Bottrop","legacy","2026-04-02","2026-06-02"
"Rechtsanwalts-/Notarfachangestellte im Inkasso (m/w/x) in Vollzeit","https://www.stepstone.de/stellenangebote--Rechtsanwalts-Notarfachangestellte-im-Inkasso-m-w-x-in-Vollzeit-Darmstadt-Creditreform--13888740-inline.html?rltr=24_24_25_seorl_m_0_0_0_0_1_0","Creditreform","Darmstadt","legacy","2026-04-25","2026-06-02"
"Rechtsanwalts-Fachangestellte/n","https://spies-rechtsanwaelte.com/job/rechtsanwalts-fachangestellte-n","Spies Rechtsanwälte","Frankfurt am Main","legacy","2026-04-02","2026-06-02"
"Rechtsanwalts-fachangestellte:r (m/w/d)","https://www.engar.de/karriere/rechtsanwaltsfachangestellte","EnGarde. Rechtsanwälte PartG mbB","Reutlingen","legacy","2026-04-03","2026-06-02"
"Rechtsanwaltsanwärter*in mit großer LU","https://harlander-partner.eu/karriere/raa-grosse-lu","Harlander & Partner Rechtsanwälte GmbH","Salzburg","legacy","2026-04-03","2026-06-02"
"Rechtsanwaltsassistenz/Rechtsanwaltsfachangestellte (m/w/d)","https://www.kunzrechtsanwaelte.de/kanzlei/karriere/rechtsanwaltsassistenz/rechtsanwaltsfachangestellte","KUNZ Rechtsanwälte Partnerschaft mbB","Koblenz/Köln/Mainz/Düsseldorf/Frankfurt/Stuttgart","legacy","2026-05-05","2026-06-02"
"Rechtsanwaltsfach- angestellte (m/w/d) oder Rechtsfachwirte (m/w/d)","https://www.it-anwalt-kanzlei.de/karriere","KLÄNER Rechtsanwälte","Koblenz","legacy","2026-04-03","2026-06-02"
"Rechtsanwaltsfachangestelle (m/w/d)","https://de.indeed.com/viewjob?jk=1cd8e5d6c44fe4db","Wengenstein Rechtsanwälte","56218 Mülheim-Kärlich","legacy","2025-07-24","2026-06-02"
"Rechtsanwaltsfachangestelle/r oder Notarfachangestellte/r (w/m/d) in Teil- oder Vollzeit","https://gfkp.de/stellenanzeige-notarfachangestellte-r-w-m-d-in-teil-oder-vollzeit-kiel","GFKP Rechtsanwälte, Notar und Notarin in Kiel ⎜ GFKP Göldner & Fredrich Partnerschaft mbB","Kiel","legacy","2026-04-03","2026-06-02"
"Rechtsanwaltsfachangestellte","https://aixlaw.de/service/karriere","AIXLAW Rechtsanwälte Speicher,Betzer PartGmbB","Aachen","legacy","2026-04-02","2026-06-02"
"Rechtsanwaltsfachangestellte","https://www.meyer-goetz-oertel.de/","Anwaltskanzlei Meyer-Götz, Oertel & Kollegen","Dresden","legacy","2026-04-02","2026-06-02"
"Rechtsanwaltsfachangestellte","http://it-rechthannover.de/Stellenangebote/Rechtsanwaltsfachangestellte/rechtsanwaltsfachangestellte.html","Franziska Tesoro, horak Rechtsanwälte Berlin","Berlin","legacy","2026-04-02","2026-06-02"
"Rechtsanwaltsfachangestellte","https://froeling-reimers.de/jobs/refa","Fröling & Reimers","Hamburg","legacy","2026-04-03","2026-06-02"
"Rechtsanwaltsfachangestellte","https://graf-bonn.de/kanzlei/karriere/rechtsanwaltsfachangestellte","GRAF | BONN | LINDEMANN Sozialrecht & Strafrecht Köln","Köln","legacy","2026-04-03","2026-06-02"
"Rechtsanwaltsfachangestellte","https://glock-liphart-probst.de/karriere/rechtsanwaltsfachangestellte","Glock Liphart Probst & Partner Rechtsanwälte MBB","Zentrale/Unbekannt","legacy","2026-04-03","2026-06-02"
"Rechtsanwaltsfachangestellte","https://www.hegewerk.de/karriere","HEGEWERK Rechtsanwälte","Berlin","legacy","2026-04-02","2026-06-02"
"Rechtsanwaltsfachangestellte","http://www.haidlfunk.de/rechtsanwalt-karriere.html","Haidl Funk - Rechtsanwälte Fachanwälte","Ingolstadt","legacy","2026-04-03","2026-06-02"
"Rechtsanwaltsfachangestellte","https://kanzlei-katsch.de/jobs-und-ausbildung","Lawyer & Mediator Michael Katsch","Berlin","legacy","2026-04-02","2026-06-02"
"Rechtsanwaltsfachangestellte","http://www.leinemann-partner.de/stellenangebote","Leinemann Partner Rechtsanwälte mbB","Berlin","legacy","2026-04-03","2026-06-02"
"Rechtsanwaltsfachangestellte","https://malmendier-legal.com/wp-content/uploads/2022/10/221018-Stellenanzeige-RAfachangestellte-1.pdf","Malmendier Legal","Berlin","legacy","2026-05-05","2026-06-02"
"Rechtsanwaltsfachangestellte","https://www.karriere-meidert-kollegen.de/stellen/rechtsanwaltsfachangestellte-m-w-d","Meidert & Kollegen Rechtsanwälte Partnerschaft","Augsburg","legacy","2026-04-02","2026-06-02"
"Rechtsanwaltsfachangestellte","https://www.mainzer-anwalt.de/rechtsanwaltsfachangestellte-2","Rechtsanwälte Hechmat & Kollegen- Fachanwälte I Arbeitsrecht I Familienrecht I Ausländerrecht.","Mainz","legacy","2026-04-03","2026-06-02"
"Rechtsanwaltsfachangestellte","http://www.berlin-rechtsanwalt.com/","Rechtsanwälte Terhedebrügge + Sander + Pankow","Berlin-Dahlem","legacy","2026-04-05","2026-06-02"
"Rechtsanwaltsfachangestellte","http://rmk-partner.de/karriere","Rosenboom Menges Klindwort Rechtsanwälte in Partnerschaft","Bremen","legacy","2026-04-02","2026-06-02"
"Rechtsanwaltsfachangestellte","https://stkautz.de/karriere/rechtsanwaltsfachangestellte","STKAUTZ RECHTSANWÄLTE","München","legacy","2026-04-03","2026-06-02"
"Rechtsanwaltsfachangestellte","https://www.rsuk.de/stellenanzeige-refa-arbeitsrecht-frankfurt.html","Scheurich & Kollegen Rechtsanwaltsgesellschaft mbH","Frankfurt am Main","legacy","2026-04-02","2026-06-02"
"Rechtsanwaltsfachangestellte","https://www.keilhack-brecht.de/","Sonja Keilhack-Brecht","Bremen","legacy","2026-04-02","2026-06-02"
"Rechtsanwaltsfachangestellte","https://www.wbs.legal/karriere/rechtsanwaltsfachangestellte/jobs","WBS LEGAL","Köln","legacy","2026-04-05","2026-06-02"
"Rechtsanwaltsfachangestellte","https://www.ra-wittig.de/karriere/rechtsanwaltsfachangestellte","Wittig Ünalp Rechtsanwälte - Arbeitsrecht, Versicherungsrecht, Wirtschaftsrecht","Zentrale/Unbekannt","legacy","2026-04-02","2026-06-02"
"Rechtsanwaltsfachangestellte","https://www.bwlh.de/anwaltskanzlei/Anwaltsnews/Stellenangebote/Rechtsanwaltsfachangestellte/rechtsanwaltsfachangestellte.html","horak Rechtsanwälte","Berlin","legacy","2026-04-03","2026-06-02"
"Rechtsanwaltsfachangestellte","http://www.bwlh.de/anwaltskanzlei/Anwaltsnews/Stellenangebote/Rechtsanwaltsfachangestellte/rechtsanwaltsfachangestellte.html","horak Rechtsanwälte/Fachanwälte/Patentanwälte München","Berlin","legacy","2026-04-03","2026-06-02"
"Rechtsanwaltsfachangestellte (M/W/D)","https://www.hoffmann-rechtsanwaelte.de/","Hoffmann & Jung Rechtsanwälte","Chemnitz","legacy","2026-04-02","2026-06-02"
"Rechtsanwaltsfachangestellte (ReFa)","https://www.rechtsanwaelte-blankenese.de/stellenangebote","Rechtsanwälte Hauenschild, Schütt, Wünsche & Machts","Hamburg","legacy","2026-04-05","2026-06-02"
"Rechtsanwaltsfachangestellte (ReFa) / Rechtsfachwirt (ReFaWi) (m/w/d)","https://beaucamp-beaucamp.de/karriere","RAe Beaucamp & Beaucamp","Homeoffice","legacy","2026-04-03","2026-06-02"
"Rechtsanwaltsfachangestellte (all genders)","https://hlvs.de/karriere","HEINZE LANGE v. SENDEN Rechtsanwälte Partnerschaft mbB","Hannover","legacy","2026-04-03","2026-06-02"
"Rechtsanwaltsfachangestellte (m/w)","https://www.dein-ruf.de/jobs/rechtsanwaltsfachangestellte","Dein-Ruf | Kanzlei für Reputationsrecht - Rechtsanwalt Imanuel Schulz","Zentrale/Unbekannt","legacy","2026-04-02","2026-06-02"
"Rechtsanwaltsfachangestellte (m/w)","https://www.henningsmeier.de/karriere.html","Henningsmeier","Hamburg","legacy","2026-04-03","2026-06-02"
"Rechtsanwaltsfachangestellte (m/w) in Teilzeit","https://hoesmann.eu/rechtsanwaltsfachangestellte-mw-in-teilzeit-fuer-kanzlei-in-berlin-gesucht","Kanzlei Hoesmann - Urheberrecht, Medienrecht, Wirtschaftsrecht","Berlin","legacy","2026-04-02","2026-06-02"
"Rechtsanwaltsfachangestellte (m/w) in Teilzeit","http://www.kanzlei-reimer.de/karriere/fachangestellte","REIMER | Wirtschaftskanzlei","Hamburg","legacy","2026-04-03","2026-06-02"
"Rechtsanwaltsfachangestellte (m/w/d)","https://de.indeed.com/viewjob?jk=ca71294be15e14a4","Anwaltskanzlei Linkenheil, Rügner-Späth, Uhl und Burkhardt","74072 Heilbronn","legacy","2026-04-02","2026-06-02"
"Rechtsanwaltsfachangestellte (m/w/d)","https://www.ckb-anwaelte.de/stellenangebote","BERNARD KORN & PARTNER Rechtsanwälte und Fachanwälte in Mainz","Mainz","legacy","2026-04-03","2026-06-02"
"Rechtsanwaltsfachangestellte (m/w/d)","https://boisseree.de/wp-content/uploads/2025/03/Boisseree_Stelle_Rechtsfachwirt_2025.pdf","Boisserée Rechtsanwälte","Köln","legacy","2026-04-03","2026-06-02"
"Rechtsanwaltsfachangestellte (m/w/d)","https://www.cornea-franz.de/rechtsanwaltsfachangestellte-wuerzburg","Cornea Franz Rechtsanwälte Partnerschaft MBB","Würzburg","legacy","2026-04-03","2026-06-02"
"Rechtsanwaltsfachangestellte (m/w/d)","https://www.stepstone.de/stellenangebote--Rechtsanwaltsfachangestellte-m-w-d-Berlin-DIS-AG--13865711-inline.html?rltr=102_2_25_seorl_m_1_0_0_0_0_0","DIS AG","Berlin","legacy","2026-04-22","2026-06-02"
"Rechtsanwaltsfachangestellte (m/w/d)","https://barone-vogt.de/karriere","Die Münchner Kanzlei für Arbeitsrecht, Familienrecht & Unternehmensrecht","München","legacy","2026-04-03","2026-06-02"
"Rechtsanwaltsfachangestellte (m/w/d)","http://www.dr-eick.de/index.php?module=jobs&amp%3Bindex%5Bjobs%5D%5Baction%5D=details&amp%3Bindex%5Bjobs%5D%5Bdata%5D%5Bjobs_id%5D=4","Dr. Eick & Partner Rechtsanwälte Partnerschaft mbB","Dresden","legacy","2026-04-03","2026-06-02"
"Rechtsanwaltsfachangestellte (m/w/d)","http://www.dr-eick.de/index.php?module=jobs&amp%3Bindex%5Bjobs%5D%5Baction%5D=details&amp%3Bindex%5Bjobs%5D%5Bdata%5D%5Bjobs_id%5D=21","Dr. Eick & Partner Rechtsanwälte Partnerschaft mbB","Hamm","legacy","2026-04-03","2026-06-02"
"Rechtsanwaltsfachangestellte (m/w/d)","http://www.dr-eick.de/index.php?module=jobs&amp%3Bindex%5Bjobs%5D%5Baction%5D=details&amp%3Bindex%5Bjobs%5D%5Bdata%5D%5Bjobs_id%5D=19","Dr. Eick & Partner Rechtsanwälte Partnerschaft mbB","Hannover","legacy","2026-04-03","2026-06-02"
"Rechtsanwaltsfachangestellte (m/w/d)","https://de.indeed.com/viewjob?jk=d3c25d53f4b76f75","Dr. Ganteführer, Marquardt & Partner mbB Wirtschaftsprüfer – Steuerberater – Rechtsanwälte","Düsseldorf","legacy","2025-08-19","2026-06-02"
"Rechtsanwaltsfachangestellte (m/w/d)","https://www.stepstone.de/stellenangebote--Rechtsanwaltsfachangestellte-m-w-d-Koeln-Dr-Lenz-Dr-Johlen-Rechtsanwaelte-Partnerschaft--13887147-inline.html?rltr=302_2_25_seorl_m_0_0_0_0_1_0","Dr. Lenz & Dr. Johlen Rechtsanwaelte Partnerschaft","Köln","legacy","2026-04-25","2026-06-02"
"Rechtsanwaltsfachangestellte (m/w/d)","https://www.rae-schneider-magdeburg.de/stellenangebote","Dr. Schneider & Partner GbR","Magdeburg","legacy","2026-04-03","2026-06-02"
"Rechtsanwaltsfachangestellte (m/w/d)","https://www.rae-schreiner.de/stellenanzeige/rechtsanwaltsfachangestellte-m-w-d-4","Dr. Schreiner + Partner Rechtsanwälte PartGmbB","Dresden","legacy","2026-04-03","2026-06-02"
"Rechtsanwaltsfachangestellte (m/w/d)","https://www.rae-schreiner.de/stellenanzeige/rechtsanwaltsfachangestellte-m-w-d-2","Dr. Schreiner + Partner Rechtsanwälte PartGmbB","Karlsruhe","legacy","2026-04-03","2026-06-02"
"Rechtsanwaltsfachangestellte (m/w/d)","https://www.stepstone.de/stellenangebote--Rechtsanwaltsfachangestellte-m-w-d-Kiel-Erich-J-Gross-Partner-GbR--13899309-inline.html?rltr=285_10_25_seorl_m_0_0_0_0_1_0","Erich J. Groß & Partner GbR","Kiel","legacy","2026-04-26","2026-06-02"
"Rechtsanwaltsfachangestellte (m/w/d)","https://de.indeed.com/viewjob?jk=8dfaba6f97a40468","Ernst Voigt Rechtsanwälte","86150 Augsburg","legacy","2026-03-30","2026-06-02"
"Rechtsanwaltsfachangestellte (m/w/d)","https://de.indeed.com/viewjob?jk=67384333ac12d9fd","FEBA Consulting UG (haftungsbeschränkt)","70174 Stuttgart","legacy","2026-04-01","2026-06-02"
"Rechtsanwaltsfachangestellte (m/w/d)","https://fries.law/rechtsanwaltsfachangestellte-m-w-d-in-nuernberg.html","FRIES Rechtsanwälte Partnerschaft mbB","Nürnberg","legacy","2026-04-03","2026-06-02"
"Rechtsanwaltsfachangestellte (m/w/d)","https://kunst-kulturrecht.de/stellenangebote/stellenangebot-rechtsanwaltsfachangestellte-m-w-d","Fachanwältin Katharina Gitmann - horak Rechtsanwälte Düsseldorf","Berlin","legacy","2026-04-02","2026-06-02"
"Rechtsanwaltsfachangestellte (m/w/d)","https://www.spross-rechtsanwalt.de/kontakt","Georg Spross Rechtsanwalt","Koblenz","legacy","2026-04-03","2026-06-02"
"Rechtsanwaltsfachangestellte (m/w/d)","https://de.indeed.com/viewjob?jk=4661ce50a40b1b90","Grawert PartmbB Rechtsanwälte","10178 Berlin","legacy","2026-04-09","2026-06-02"
"Rechtsanwaltsfachangestellte (m/w/d)","https://www.grosse-wilde-bonn.de/kanzlei/karriere","Große-Wilde & Partner GbR - Fachanwälte Familienrecht Erbrecht Baurecht Mietrecht","Bonn","legacy","2026-04-05","2026-06-02"
"Rechtsanwaltsfachangestellte (m/w/d)","http://helis24.de/stellenangebote.html","HELIS Kanzlei für Verkehrsrecht","Zentrale/Unbekannt","legacy","2026-04-03","2026-06-02"
"Rechtsanwaltsfachangestellte (m/w/d)","http://www.himmelreither.de/karriere/rechtsanwaltsfachangestellte-huerth-bei-koeln","HIMMELREITHER Rechtsanwaltskanzlei - Dr. Henseler","Köln","legacy","2026-04-03","2026-06-02"
"Rechtsanwaltsfachangestellte (m/w/d)","https://de.indeed.com/viewjob?jk=722f271f7a5e8e16","HMK Rechtsanwälte","76133 Karlsruhe","legacy","2026-03-31","2026-06-02"
"Rechtsanwaltsfachangestellte (m/w/d)","https://de.indeed.com/viewjob?jk=6b05fc5ee6a5f8db","Hand in Hand Alltagshelfer UG (haftungsbeschränkt)","16341 Panketal","legacy","2026-04-01","2026-06-02"
"Rechtsanwaltsfachangestellte (m/w/d)","https://www.stepstone.de/stellenangebote--Rechtsanwaltsfachangestellte-m-w-d-Stuttgart-Haus-Wohnungs-und-Grundeigentuemerverein-Stuttgart-und-Umgebung-e-V--13837595-inline.html?rltr=120_20_25_seorl_m_0_0_0_0_1_0","Haus-, Wohnungs- und Grundeigentümerverein Stuttgart und Umgebung e.V.","Stuttgart","legacy","2026-04-14","2026-06-02"
"Rechtsanwaltsfachangestellte (m/w/d)","https://www.wir-jennissen.de/karriere/rechtsanwaltsfachangestellte","Jennissen and partners","Köln","legacy","2026-04-05","2026-06-02"
"Rechtsanwaltsfachangestellte (m/w/d)","https://de.indeed.com/viewjob?jk=2bd9e9a361843df5","KAPPES & KOLLEGEN - Rechtsanwälte","86899 Landsberg am Lech","legacy","2026-04-01","2026-06-02"
"Rechtsanwaltsfachangestellte (m/w/d)","https://de.indeed.com/viewjob?jk=2dfd860761530c2b","KTV Anwälte","18057 Rostock","legacy","2026-04-25","2026-06-02"
"Rechtsanwaltsfachangestellte (m/w/d)","https://www.kahlert-padberg.de/rechtsanwaltsfachangestellte","Kahlert Padberg Rechtsanwälte Fachanwälte Partnerschaft mbB","Halle","legacy","2026-04-03","2026-06-02"
"Rechtsanwaltsfachangestellte (m/w/d)","https://de.indeed.com/viewjob?jk=9f6c1e43208668ff","Kanzlei NJP Grotstollen","47119 Duisburg","legacy","2026-04-08","2026-06-02"
"Rechtsanwaltsfachangestellte (m/w/d)","https://www.kanzleiamtiergarten.de/kanzlei-nuernberg/karriere","Kanzlei am Tiergarten, Schätzlein & Fischer Rechtsanwälte","Nürnberg","legacy","2026-04-03","2026-06-02"
"Rechtsanwaltsfachangestellte (m/w/d)","https://kanzlei-kerger.de/service","Kerger & Partner Rechtsanwälte PartG","Gauting","legacy","2026-04-03","2026-06-02"
"Rechtsanwaltsfachangestellte (m/w/d)","https://de.indeed.com/viewjob?jk=1e95524296c48495","Klenner Rechtsanwälte","49084 Osnabrück","legacy","2026-04-07","2026-06-02"
"Rechtsanwaltsfachangestellte (m/w/d)","https://www.stepstone.de/stellenangebote--Rechtsanwaltsfachangestellte-m-w-d-Bergisch-Gladbach-Kreishandwerkerschaft-Bergisches-Land--13844936-inline.html?rltr=531_6_25_seorl_m_0_0_0_0_1_0","Kreishandwerkerschaft Bergisches Land","Bergisch Gladbach","legacy","2026-04-15","2026-06-02"
"Rechtsanwaltsfachangestellte (m/w/d)","https://de.indeed.com/viewjob?jk=ef871da7e919014a","Krings & Krings","52499 Baesweiler","legacy","2026-03-30","2026-06-02"
"Rechtsanwaltsfachangestellte (m/w/d)","https://de.indeed.com/viewjob?jk=6b72787155d531d5","Kärgel de Maizière & Partner","10709 Berlin","legacy","2026-04-22","2026-06-02"
"Rechtsanwaltsfachangestellte (m/w/d)","https://de.indeed.com/viewjob?jk=e5810fd07f11b32c","LNS Leifeld Niechoj Scholten Rechtsanwälte und Fachanwälte für Arbeitsrecht PartG","44787 Bochum","legacy","2026-04-01","2026-06-02"
"Rechtsanwaltsfachangestellte (m/w/d)","https://www.stepstone.de/stellenangebote--Rechtsanwaltsfachangestellte-m-w-d-Berlin-Mitte-Lambrecht-Rechtsanwaelte--13811200-inline.html?rltr=121_21_25_seorl_m_0_0_0_0_1_0","Lambrecht Rechtsanwälte","Berlin Mitte","legacy","2026-04-14","2026-06-02"
"Rechtsanwaltsfachangestellte (m/w/d)","https://www.braun-kollegen.de/karriere","Law firm Brown & Associates","München","legacy","2026-04-03","2026-06-02"
"Rechtsanwaltsfachangestellte (m/w/d)","https://de.indeed.com/viewjob?jk=315b5ba263a2a093","Leinemann Partner Rechtsanwälte mbB","10117 Berlin","legacy","2026-04-02","2026-06-02"
"Rechtsanwaltsfachangestellte (m/w/d)","https://jobs.luther-lawfirm.com/jobportal/luther/viewAusschreibung/2026-013.html","Luther Rechtsanwaltsgesellschaft mbH","Köln","legacy","2026-04-30","2026-06-02"
"Rechtsanwaltsfachangestellte (m/w/d)","https://jobs.luther-lawfirm.com/jobportal/luther/viewAusschreibung/2025-065.html","Luther Rechtsanwaltsgesellschaft mbH","München","legacy","2026-04-30","2026-06-02"
"Rechtsanwaltsfachangestellte (m/w/d)","https://www.meinhardt-online.com/de/offene-stellen","MEINHARDT Rechtsanwaltskanzlei Rechtsanwalt Holger Meinhardt","Berlin","legacy","2026-04-02","2026-06-02"
"Rechtsanwaltsfachangestellte (m/w/d)","https://de.indeed.com/viewjob?jk=7bca8bb96fc4f3ff","Maier und Wintz Rechtsanwälte","Mönchengladbach","legacy","2026-04-08","2026-06-02"
"Rechtsanwaltsfachangestellte (m/w/d)","https://de.indeed.com/viewjob?jk=fd6ce8fb13a381a6","Markert-Rohland & Rohland","30175 Hannover","legacy","2026-04-16","2026-06-02"
"Rechtsanwaltsfachangestellte (m/w/d)","http://www.mark-essen.de/service/stellenangebot","Martina Mark - Rechtsanwältin","Essen-Bredeney","legacy","2026-04-02","2026-06-02"
"Rechtsanwaltsfachangestellte (m/w/d)","https://www.stepstone.de/stellenangebote--Rechtsanwaltsfachangestellte-m-w-d-Muenchen-Michael-Page--13838025-inline.html?rltr=793_18_25_seorl_m_1_0_0_0_0_0","Michael Page","München","legacy","2026-04-14","2026-06-02"
"Rechtsanwaltsfachangestellte (m/w/d)","https://mhl.de/de/karriere","Möhrle Happ Luther","Hamburg/Berlin/Schwerin","legacy","2026-05-05","2026-06-02"
"Rechtsanwaltsfachangestellte (m/w/d)","https://de.indeed.com/viewjob?jk=0b11ad19e8c0668b","Müller Fischer Rechtsanwälte Partnerschaft mbB","55116 Mainz","legacy","2026-03-30","2026-06-02"
"Rechtsanwaltsfachangestellte (m/w/d)","https://www.olbricht-rechtsanwaelte.de/anzeigen/rechtsanwaltsfachangestellte","OLBRICHT Rechtsanwälte","Berlin","legacy","2026-04-02","2026-06-02"
"Rechtsanwaltsfachangestellte (m/w/d)","https://ppp-rae.de/wp-content/uploads/2020/11/2020-11-03-Rechtsanwaltsfachangestellte.pdf","PPP Rechtsanwälte Dres. Pittrof, Penner, Reimer & Partner PartGmbB","Düsseldorf","legacy","2026-04-05","2026-06-02"
"Rechtsanwaltsfachangestellte (m/w/d)","https://www.ps-verkehrsrecht.de/job-rechtsanwaltsfachangestellte-r","PS/Rechtsanwälte für Verkehrsrecht - Anwaltskanzlei Dortmund","Dortmund","legacy","2026-04-02","2026-06-02"
"Rechtsanwaltsfachangestellte (m/w/d)","https://www.stepstone.de/stellenangebote--Rechtsanwaltsfachangestellte-m-w-d-Hamburg-RSM-Ebner-Stolz--13863432-inline.html?rltr=33_8_25_seorl_m_1_0_0_0_0_0","RSM Ebner Stolz","Hamburg","legacy","2026-04-20","2026-06-02"
"Rechtsanwaltsfachangestellte (m/w/d)","https://www.jus-plus.de/kanzlei/karriere.html","Rechtsanwaltskanzlei Dr. Herzog & Kollegen GbR","Kitzingen","legacy","2026-04-03","2026-06-02"
"Rechtsanwaltsfachangestellte (m/w/d)","https://kanzlei-hering.de/stellenanzeigen/rechtsanwaltsfachangestellte-m-w-d","Rechtsanwaltskanzlei Hering & Hermann","Erlangen","legacy","2026-04-02","2026-06-02"
"Rechtsanwaltsfachangestellte (m/w/d)","https://hufnagel-rechtsanwaelte.de/karriere/bilanzbuchhalter-anwaerter-m-w-d","Rechtsanwaltskanzlei Hufnagel","München","legacy","2026-04-03","2026-06-02"
"Rechtsanwaltsfachangestellte (m/w/d)","https://rechtsanwaltskanzlei-hampel.de/rechtsanwaltsfachangestellte-m-w-d-2","Rechtsanwaltskanzlei M. Hampel & F. Steiner GbR","Bielefeld","legacy","2026-04-02","2026-06-02"
"Rechtsanwaltsfachangestellte (m/w/d)","https://de.indeed.com/viewjob?jk=1ebbf46f3af9fe52","Rechtsanwaltskanzlei Veit","51373 Leverkusen","legacy","2026-04-09","2026-06-02"
"Rechtsanwaltsfachangestellte (m/w/d)","https://de.indeed.com/viewjob?jk=848d28afa5eae42f","Rechtsanwaltskanzlei Will","66111 Saarbrücken","legacy","2026-03-31","2026-06-02"
"Rechtsanwaltsfachangestellte (m/w/d)","https://de.indeed.com/viewjob?jk=ac4eb79169441296","Rechtsanwälte BREHM","66740 Saarlouis","legacy","2026-03-29","2026-06-02"
"Rechtsanwaltsfachangestellte (m/w/d)","https://de.indeed.com/viewjob?jk=b026234e189d4b06","Rechtsanwälte Dlugosch Dr. Lintz Hammermüller LL.M.","86899 Landsberg am Lech","legacy","2026-04-15","2026-06-02"
"Rechtsanwaltsfachangestellte (m/w/d)","https://www.caspers-mock.de/stellenangebote/Mitarbeiter.html","Rechtsanwälte Dr. Caspers, Mock und Partner mbB Mainz","Bonn","legacy","2026-04-03","2026-06-02"
"Rechtsanwaltsfachangestellte (m/w/d)","https://de.indeed.com/viewjob?jk=ade85d41a7a62367","Rechtsanwälte Dr. Hamm//Scherer//Heß","63571 Gelnhausen","legacy","2026-04-13","2026-06-02"
"Rechtsanwaltsfachangestellte (m/w/d)","https://de.indeed.com/viewjob?jk=96b4c3594d525708","Rechtsanwälte Otto, Hugendubel, Emmert","80331 München","legacy","2026-04-09","2026-06-02"
"Rechtsanwaltsfachangestellte (m/w/d)","https://www.kanzlei-dr-schmitz.com/wp-content/uploads/2024/10/Stellenausschreibung.pdf","Rechtsanwältin Dr. Alexandra Schmitz","Stuttgart","legacy","2026-04-03","2026-06-02"
"Rechtsanwaltsfachangestellte (m/w/d)","http://www.riverside.de/karriere/rechtsanwaltsfachangestellte","Riverside Rechtsanwälte Partnerschaft mbB","Hamburg","legacy","2026-04-03","2026-06-02"
"Rechtsanwaltsfachangestellte (m/w/d)","https://www.swm.co/rechtsanwaltsfachangestellte-m-w-d","Sauer Wolff Martin Rechtsanwälte","Frankfurt","legacy","2026-04-02","2026-06-02"
"Rechtsanwaltsfachangestellte (m/w/d)","http://www.szup.de/Stellenangebote","Schließer Zab & Partner","Berlin","legacy","2026-04-02","2026-06-02"
"Rechtsanwaltsfachangestellte (m/w/d)","https://de.indeed.com/viewjob?jk=97af8c2444e8b96c","Schmidt, Schaum & Wilk Rechtsanwälte PartG mbB","10787 Berlin","legacy","2026-04-02","2026-06-02"
"Rechtsanwaltsfachangestellte (m/w/d)","https://www.stiehl-schmitt.de/kontakt/stellenausschreibung","Stiehl & Schmitt Heidelberger Rechtsanwaltsgesellschaft mbH","Heidelberg","legacy","2026-04-03","2026-06-02"
"Rechtsanwaltsfachangestellte (m/w/d)","https://de.indeed.com/viewjob?jk=a8d89786a7a3b241","Storz & Meyer Anwaltskanzlei","88348 Bad Saulgau","legacy","2026-04-08","2026-06-02"
"Rechtsanwaltsfachangestellte (m/w/d)","https://de.indeed.com/viewjob?jk=ba77ba0a627a3023","WELCO GmbH & Co. KG","Home Office","legacy","2026-04-24","2026-06-02"
"Rechtsanwaltsfachangestellte (m/w/d)","https://de.indeed.com/viewjob?jk=e412238ccec36544","Weidauer Rechtsanwälte","04103 Leipzig","legacy","2026-03-31","2026-06-02"
"Rechtsanwaltsfachangestellte (m/w/d)","https://www.zz-anwaelte.de/%C3%BCber-die-kanzlei/stellenangebote","Zebisch & Zukowski Rechtsanwälte","Dresden","legacy","2026-04-02","2026-06-02"
"Rechtsanwaltsfachangestellte (m/w/d)","https://abd-partner.de/karriere","ab&d Rechtsanwälte","Berlin","legacy","2026-04-02","2026-06-02"
"Rechtsanwaltsfachangestellte (m/w/d)","https://de.indeed.com/viewjob?jk=54a3d53a27683037","aust und partner - Steuerberater, Rechtsanwälte","13407 Berlin","legacy","2026-03-30","2026-06-02"
"Rechtsanwaltsfachangestellte (m/w/d)","https://de.indeed.com/viewjob?jk=beb007ed776a0151","franzmann. geilen. brückmann.","60322 Frankfurt am Main","legacy","2026-04-10","2026-06-02"
"Rechtsanwaltsfachangestellte (m/w/d)","https://www.ilex-bankrecht.de/nachricht-im-detail/stellenangebot-rechtsanwaltsfachangestellte.html","ilex Rechtsanwälte","Potsdam","legacy","2026-04-03","2026-06-02"
"Rechtsanwaltsfachangestellte (m/w/d)","https://mfe-arbeitsrecht.de/karriere","mfe. Spezialisten für Arbeitsrecht","Augsburg","legacy","2026-04-03","2026-06-02"
"Rechtsanwaltsfachangestellte (m/w/d)","https://www.rospatt.de/career/job-advertisement-and-form-assistant","rospatt Rechtsanwälte PartGmbB","Düsseldorf","legacy","2026-04-02","2026-06-02"
"Rechtsanwaltsfachangestellte (m/w/d) / kaufmännische Fachkraft (m/w/d) in Vollzeit oder Teilzeit","https://de.indeed.com/viewjob?jk=18c510eca63617c9","SCHULLE Rechtsanwälte GmbH & Co KG","73447 Oberkochen","legacy","2026-04-17","2026-06-02"
"Rechtsanwaltsfachangestellte (m/w/d) Rechtsanwaltsfachangestellte (m/w/d)","https://de.indeed.com/viewjob?jk=d19c8066535a3eab","RIEDIGER. legal | tax Rechtsanwaltsgesellschaft mbH","01067 Dresden","legacy","2026-04-02","2026-06-02"
"Rechtsanwaltsfachangestellte (m/w/d) Teilzeit","https://www.rechtsanwaelte-benscheid.de/","Benscheid Weckbrodt Kraus Milz","Remscheid","legacy","2026-04-03","2026-06-02"
"Rechtsanwaltsfachangestellte (m/w/d) Voll- oder Teilzeit","https://www.goehmann.de/karriere/rechtsanwaltsfachangestellte-m-w-d-voll-oder-teilzeit-in-hannover","GÖHMANN Rechtsanwälte · Notare","Hannover","legacy","2026-04-02","2026-06-02"
"Rechtsanwaltsfachangestellte (m/w/d) Vollzeit","https://de.indeed.com/viewjob?jk=82cdc74dadf534ae","Ernestus Rechtsanwälte GmbH & Co. KG","74072 Heilbronn","legacy","2026-04-17","2026-06-02"
"Rechtsanwaltsfachangestellte (m/w/d) Vollzeit / Vollzeit","https://jobs.luther-lawfirm.com/jobportal/luther/viewAusschreibung/2026-030.html","Luther Rechtsanwaltsgesellschaft mbH","Hamburg","legacy","2026-04-30","2026-06-02"
"Rechtsanwaltsfachangestellte (m/w/d) als Dezernatssekretärin / Dezernatssekretär","https://kws-ac.de/stellenangebote/rechtsanwaltsfachangestellte-dezernatssekretariat","KWS Rechtsanwälte & Steuerberater","Aachen","legacy","2026-04-02","2026-06-02"
"Rechtsanwaltsfachangestellte (m/w/d) bzw. Rechtsanwalts- und Notarfachangestellte (m/w/d)","http://www.brandi.net/ueber-brandi/karriere/mitarbeiter/bielefeld-rechtsanwaltsfachangestellte-mwd-bzw-rechtsanwalts-und-notarfachangestellte-mwd","BRANDI Rechtsanwälte Partnerschaft mbB","Bielefeld","legacy","2026-04-02","2026-06-02"
"Rechtsanwaltsfachangestellte (m/w/d) für int. Großkanzlei","https://de.indeed.com/viewjob?jk=21d3416a5b65aba4","CENTRIO Partners","60329 Frankfurt am Main","legacy","2026-03-31","2026-06-02"
"Rechtsanwaltsfachangestellte (m/w/d) in Teil- oder Vollzeit","https://khk-anwaelte.de/","Hirt-Kremling, Süß und Kollegen","75015 Bretten","legacy","2026-04-03","2026-06-02"
"Rechtsanwaltsfachangestellte (m/w/d) in Teilzeit","http://www.familienrecht-kanzlei.de/kanzlei/stellenangebot-rechtsanwaltsgehilfin.php","Rechtsanwälte Krall & Brückmann","Düsseldorf","legacy","2026-04-03","2026-06-02"
"Rechtsanwaltsfachangestellte (m/w/d) in Teilzeit (ab 20 Std.","https://www.stepstone.de/stellenangebote--Rechtsanwaltsfachangestellte-m-w-d-in-Teilzeit-ab-20-Std-Hannover-Rechtsanwalt-Patrick-Inhestern--13245037-inline.html?rltr=411_11_25_seorl_m_0_0_0_0_0_0","Rechtsanwalt Patrick Inhestern","Hannover","legacy","2026-04-19","2026-06-02"
"Rechtsanwaltsfachangestellte (m/w/d) in Teilzeit in Solingen","https://rechtsanwaelte-hsh.de/rechtsanwaltsfachangestellte-m-w-d-in-voll-oder-teilzeit-in-solingen","HSH & Daun Rechtsanwälte","Solingen","legacy","2026-04-05","2026-06-02"
"Rechtsanwaltsfachangestellte (m/w/d) in Voll- oder Teilzeit","https://www.diekmann-rechtsanwaelte.de/karriere/rechtsanwaltsfachangestellte-hamburg","DIEKMANN Rechtsanwälte GbR","Hamburg","legacy","2026-04-03","2026-06-02"
"Rechtsanwaltsfachangestellte (m/w/d) in Voll- oder Teilzeit","https://www.matchpunkt.de/jobs/74737","MLM MansouriLohmeierMissaghian Partnerschaftsgesellschaft von Rechtsanwälten und Steuerberatern mbB","Düsseldorf","legacy","2026-04-05","2026-06-02"
"Rechtsanwaltsfachangestellte (m/w/d) in Voll- oder Teilzeit","https://rapraeger.de/rechtsanwaltsfachangestellte-m-w-d-in-voll-oder-teilzeit","Rapraeger, Hoffmann & Partner","Saarbrücken","legacy","2026-04-03","2026-06-02"
"Rechtsanwaltsfachangestellte (m/w/d) in Voll- oder Teilzeit","https://karriere.skwschwarz.de/jobs/rechtsanwaltsfachangestellte-mwd-in-voll-oder-teilzeit","SKW Schwarz - Frankfurt / Main","München","legacy","2026-04-03","2026-06-02"
"Rechtsanwaltsfachangestellte (m/w/d) in Voll- und/oder Teilzeit","https://www.goehmann.de/karriere/rechtsanwaltsfachangestellter-m-w-d-in-teil-und-oder-vollzeit-in-bremen-gesucht","GÖHMANN Rechtsanwälte · Notare","Bremen","legacy","2026-04-02","2026-06-02"
"Rechtsanwaltsfachangestellte (m/w/d) in Vollzeit","http://www.dr-eick.de/index.php?module=jobs&amp%3Bindex%5Bjobs%5D%5Baction%5D=details&amp%3Bindex%5Bjobs%5D%5Bdata%5D%5Bjobs_id%5D=23","Dr. Eick & Partner Rechtsanwälte Partnerschaft mbB","Bochum","legacy","2026-04-03","2026-06-02"
"Rechtsanwaltsfachangestellte (m/w/d) in Vollzeit","https://www.stepstone.de/stellenangebote--Rechtsanwaltsfachangestellte-m-w-d-in-Vollzeit-Saarbruecken-mediserv-Bank-GmbH--13868409-inline.html?rltr=6_6_25_seorl_m_1_0_0_0_0_0","mediserv Bank GmbH","Saarbrücken","legacy","2026-04-23","2026-06-02"
"Rechtsanwaltsfachangestellte (m/w/d) in Vollzeit oder Teilzeit, Homeoffice möglich","https://www.kanzlei-hemmerich.de/jobs-und-stellenangebote","Kanzlei Hemmerich Heidelberg","Heidelberg","legacy","2026-04-03","2026-06-02"
"Rechtsanwaltsfachangestellte (m/w/d) mit Bock auf Dispo","https://de.indeed.com/viewjob?jk=992f66b7de2a48f5","Leihtaxi BTW & Ersatzwagen GmbH","09120 Chemnitz","legacy","2026-03-29","2026-06-02"
"Rechtsanwaltsfachangestellte (m/w/d) – Teilzeit (bis zu 20 Std./Woche)","https://www.stepstone.de/stellenangebote--Rechtsanwaltsfachangestellte-m-w-d-Teilzeit-bis-zu-20-Std-Woche-Darmstadt-Rechtsanwalt-Markus-Baer-Fachanwalt-fuer-Arbeitsrecht-Markus-Baer--13895375-inline.html?rltr=284_9_25_seorl_m_0_0_0_0_1_0","Rechtsanwalt Markus Bär Fachanwalt für Arbeitsrecht Markus Bär","Darmstadt","legacy","2026-04-26","2026-06-02"
"Rechtsanwaltsfachangestellte (m/w/d) – Top-Kanzlei Frankfurt | Arbitration & Litigation","https://www.stepstone.de/stellenangebote--Rechtsanwaltsfachangestellte-m-w-d-Top-Kanzlei-Frankfurt-Arbitration-Litigation-Frankfurt-am-Main-Layton-Consulting-GmbH--13849783-inline.html?rltr=151_1_25_seorl_m_0_0_0_0_1_0","Layton Consulting GmbH","Frankfurt am Main","legacy","2026-04-16","2026-06-02"
"Rechtsanwaltsfachangestellte (m/w/d), Notarfachangestellte (m/w/d) | Osnabrück","https://de.indeed.com/viewjob?jk=d689b42561e4967d","SSP-LAW Rechtsanwälte | Steuerberater | Wirtschaftsprüfer","49074 Osnabrück","legacy","2026-04-24","2026-06-02"
"Rechtsanwaltsfachangestellte (m/w/x)","https://www.anwalt-leverkusen.de/kanzlei/offene-stelle/rechtsanwaltsfachangestellte-m-w-x.html","Anwaltskanzlei Lenné","Leverkusen","legacy","2026-04-03","2026-06-02"
"Rechtsanwaltsfachangestellte (m|w|d)","http://www.puplick-partner.de/images/jobs-karriere/Puplick_Stellenanzeige2023_03.pdf","Lawyers Dr. Puplick & Partner GbR","Dortmund","legacy","2026-04-02","2026-06-02"
"Rechtsanwaltsfachangestellte (n)","http://www.balkenhol.eu/karrierre","Balkenhol Rechtsanwälte Dr. M. Balkenhol, B. Ruppel, U. Hövelmann-Rosenthal und R. Dzingel","Zentrale/Unbekannt","legacy","2026-04-03","2026-06-02"
"Rechtsanwaltsfachangestellte (w/m)","https://www.biebinger.de/kanzlei/karriere/rechtsanwaltsfachangestellten","BIEBINGER - Wirtschaftskanzlei","Mannheim","legacy","2026-04-03","2026-06-02"
"Rechtsanwaltsfachangestellte (w/m/d)","https://www.stepstone.de/stellenangebote--Rechtsanwaltsfachangestellte-w-m-d-Hamburg-ARBEIT-UND-MEHR-GmbH--13875202-inline.html?rltr=78_3_25_seorl_m_0_0_0_0_0_0","ARBEIT UND MEHR GmbH","Hamburg","legacy","2026-04-24","2026-06-02"
"Rechtsanwaltsfachangestellte (w/m/d)","https://www.rechtsanwaelte-benscheid.de/kanzlei","Benscheid Weckbrodt Kraus Milz","Remscheid","legacy","2026-04-05","2026-06-02"
"Rechtsanwaltsfachangestellte (w/m/d)","https://www.cornea-franz.de/rechtsanwaltsfachfachangestellte-nuernberg","Cornea Franz Rechtsanwälte Partnerschaft MBB","Nürnberg","legacy","2026-04-03","2026-06-02"
"Rechtsanwaltsfachangestellte (w/m/d)","https://ds-anwaelte.de/karriere","Demirel & Sellhusen Rechtsanwälte PartG mbB","Halenreie 40 D-22359 Hamburg","legacy","2026-04-05","2026-06-02"
"Rechtsanwaltsfachangestellte (w/m/d)","https://www.gssr.de/karriere","Garben, Schlüter, Schützler & Reiss PartG mbB","Homeoffice","legacy","2026-04-05","2026-06-02"
"Rechtsanwaltsfachangestellte (w/m/d)","https://www.dresdner-fachanwaelte.de/karriere/stellenangebote/rechtsanwaltsfachangestellte-w-m-d","KUCKLICK dresdner-fachanwaelte.de","Dresden","legacy","2026-04-02","2026-06-02"
"Rechtsanwaltsfachangestellte (w/m/d)","https://www.stepstone.de/stellenangebote--Rechtsanwaltsfachangestellte-w-m-d-Muenchen-PSP-Peters-Schoenberger-Partner-mbB--13720218-inline.html?rltr=187_12_25_seorl_m_0_0_0_0_0_0","PSP Peters, Schönberger & Partner mbB","München","legacy","2026-04-03","2026-06-02"
"Rechtsanwaltsfachangestellte (w/m/d)","https://www.binder-partner.de/jobs","Strafverteidiger Binder & Partners","Bielefeld","legacy","2026-04-05","2026-06-02"
"Rechtsanwaltsfachangestellte (w/m/d)","https://fuchsrohrbach.de/wp-content/uploads/2024/04/Stellenanzeige-Rechtsanwaltsfachangestellte-2024.pdf","fuchsrohrbach Rechtsanwälte PartmbB","Hamburg","legacy","2026-04-03","2026-06-02"
"Rechtsanwaltsfachangestellte (w/m/d)","http://www.iurfriend-kanzlei.de/karriere/job-rechtsanwaltsfachangestellte","iurFRIEND Kanzlei","Düsseldorf","legacy","2026-04-02","2026-06-02"
"Rechtsanwaltsfachangestellte (w/m/d)","https://rbo-rechtsanwaelte.de/rechtsanwaltsfachangestellte-m-w-d","rbo - Rechtsanwälte","Oldenburg","legacy","2026-04-03","2026-06-02"
"Rechtsanwaltsfachangestellte (w/m/d) in Vollzeit","https://www.stepstone.de/stellenangebote--Rechtsanwaltsfachangestellte-w-m-d-in-Vollzeit-Berlin-reuschlaw--13608473-inline.html?rltr=1_1_25_seorl_m_0_0_0_0_0_0","reuschlaw","Berlin","legacy","2026-04-25","2026-06-02"
"Rechtsanwaltsfachangestellte (w/m/d) – Legal Tech, KI & Kleos","https://www.rueden.de/jobs","VON RUEDEN - Partnerschaft von Rechtsanwälten Berlin","Berlin","legacy","2026-04-02","2026-06-02"
"Rechtsanwaltsfachangestellte (w/m/d), Teilzeit, flexibel","http://rae-scholl-juelich.de/stellenangebote.html","Rechtsanwälte Scholl & Jülich","Bonn","legacy","2026-04-02","2026-06-02"
"Rechtsanwaltsfachangestellte - Gleitarbeitszeit & (m/w/d)","https://www.stepstone.de/stellenangebote--Rechtsanwaltsfachangestellte-Gleitarbeitszeit-m-w-d-Landsberg-am-Lech-Kanzlei-HERR-inh-Yvonne-Herr--13861744-inline.html?rltr=439_14_25_seorl_m_0_0_0_0_1_0","Kanzlei HERR inh.Yvonne Herr","Landsberg am Lech","legacy","2026-04-18","2026-06-02"
"Rechtsanwaltsfachangestellte - Notar / Erbrecht / Immobilienrecht / Familienrecht (m/w/d)","https://www.stepstone.de/stellenangebote--Rechtsanwaltsfachangestellte-Notar-Erbrecht-Immobilienrecht-Familienrecht-m-w-d-Fuerth-RA-und-Notar-Dr-Winfried-Kilian-Rechtsanwaelte-und-Notare--13875650-inline.html?rltr=130_5_25_seorl_m_0_0_0_0_1_0","RA und Notar Dr. Winfried Kilian Rechtsanwälte und Notare","Fürth","legacy","2026-04-24","2026-06-02"
"Rechtsanwaltsfachangestellte / Assistentin (m/w/d)","https://www.strafrecht.de/de/karriere","Wessing & Partner Rechtsanwälte mbB","Düsseldorf","legacy","2026-04-02","2026-06-02"
"Rechtsanwaltsfachangestellte / Bürokauffrau / Assistenz (m/w/d)","https://www.kanzlei-mandic.de/stellenanzeigen","Kanzlei Dubravko Mandic Leipzig","Freiburg","legacy","2026-04-03","2026-06-02"
"Rechtsanwaltsfachangestellte / Legal Assistant (m/w/d) | München | Top Arbeitgeber","https://www.stepstone.de/stellenangebote--Rechtsanwaltsfachangestellte-Legal-Assistant-m-w-d-Muenchen-Top-Arbeitgeber-Muenchen-Layton-Consulting-GmbH--13864346-inline.html?rltr=110_10_25_seorl_m_0_0_0_0_1_0","Layton Consulting GmbH","München","legacy","2026-04-21","2026-06-02"
"Rechtsanwaltsfachangestellte / Legal Assistant / Paralegal (m/w/d)","https://de.indeed.com/viewjob?jk=28002170a738522d","Nyman Legal - Real Estate & Transactions","14199 Berlin","legacy","2026-04-01","2026-06-02"
"Rechtsanwaltsfachangestellte / Paralegal (m/w/d)","https://www.stepstone.de/stellenangebote--Rechtsanwaltsfachangestellte-Paralegal-m-w-d-Stuttgart-AnyDesk-Software-GmbH--11668844-inline.html?rltr=158_8_25_seorl_m_0_0_0_0_0_0","AnyDesk Software GmbH","Stuttgart","legacy","2026-04-08","2026-06-02"
"Rechtsanwaltsfachangestellte / Rechtsanwalts- und Notarfachangestellte (m/w/d)","https://www.stepstone.de/stellenangebote--Rechtsanwaltsfachangestellte-Rechtsanwalts-und-Notarfachangestellte-m-w-d-Bremen-GOERG-Partnerschaft-von-Rechtsanwaelten-mbB--13319716-inline.html?rltr=35_10_25_seorl_m_0_0_0_0_0_0","GÖRG Partnerschaft von Rechtsanwälten mbB","Bremen","legacy","2026-04-16","2026-06-02"
"Rechtsanwaltsfachangestellte / Rechtsanwaltsassistenz / Rechtsfachwirte (m/w/d) | TOP-Anwaltskanzlei","https://www.stepstone.de/stellenangebote--Rechtsanwaltsfachangestellte-Rechtsanwaltsassistenz-Rechtsfachwirte-m-w-d-TOP-Anwaltskanzlei-Frankfurt-am-Main-Hamburg-Muenchen-Koeln-Duesseldorf-Stuttgart-Berlin-Step-Advisors-GmbH--13941178-inline.html?rltr=5_5_25_seorl_m_0_0_0_0_1_0","Step Advisors GmbH","Frankfurt am Main, Hamburg, München, Köln, Düsseldorf, Stuttgart, Berlin","legacy","2026-04-23","2026-06-02"
"Rechtsanwaltsfachangestellte / Rechtsanwaltsfachangestellter","https://ssbp.de/wp-content/uploads/2023/06/Stellenanzeige-Rechtsanwaltsfachangestellte_2023.pdf","SSBP Rechtsanwälte & Fachanwälte, Koblenz","Koblenz","legacy","2026-04-03","2026-06-02"
"Rechtsanwaltsfachangestellte / Rechtsanwaltsfachangestellter (m/w/d)","https://kanzlei-herfurtner.de/karriere/rechtsanwaltsfachangestellte","Herfurtner Rechtsanwälte","Frankfurt am Main","legacy","2026-04-05","2026-06-02"
"Rechtsanwaltsfachangestellte / Rechtsanwaltsfachangestellter (m/w/d)","https://kanzlei-kerner.de/ueber-uns/karriere","KERNER Rechtsanwälte - Fachanwälte für Arbeitsrecht","Hannover","legacy","2026-04-03","2026-06-02"
"Rechtsanwaltsfachangestellte / Rechtsanwaltsfachangestellter (m/w/d)","https://www.melchers-law.com/karriere","MELCHERS Rechtsanwälte Partnerschaftsgesellschaft mbB","Frankfurt","legacy","2026-04-03","2026-06-02"
"Rechtsanwaltsfachangestellte / Rechtsanwaltsfachangestellter (m/w/d)","https://strafverteidigerkontor.de/jobs","Strafverteidigerkontor - Rechtsanwalt Jens Kasch","Rostock","legacy","2026-04-03","2026-06-02"
"Rechtsanwaltsfachangestellte / Rechtsfachwirtin (m/w/d)","https://vonbuttlar.com/karriere","von Buttlar Rechtsanwälte","Stuttgart","legacy","2026-04-03","2026-06-02"
"Rechtsanwaltsfachangestellte / Sekretariat","http://www.dda-legal.de/anwaltskanzlei/karriere/rechtsanwaltsfachangestellte","DDA Legal Dupont Danzel d'Aumont Partnerschaft von Rechtsanwälten & Avocat à la Cour mbB","Frankfurt am Main","legacy","2026-04-05","2026-06-02"
"Rechtsanwaltsfachangestellte / Sekretärin (m/w/d)","https://kanzlei-nussmann.de/karriere","Anwaltskanzlei Leipzig | KANZLEI NUSSMANN | Fachanwältin für Erbrecht & Familienrecht","Leipzig","legacy","2026-04-05","2026-06-02"
"Rechtsanwaltsfachangestellte / Teamassistenz (m/w/d)","https://www.stepstone.de/stellenangebote--Rechtsanwaltsfachangestellte-Teamassistenz-m-w-d-Hamburg-Deloitte-Legal-Rechtsanwaltsgesellschaft-mbH--13742153-inline.html?rltr=25_25_25_seorl_m_0_0_0_0_1_0","Deloitte Legal Rechtsanwaltsgesellschaft mbH","Hamburg","legacy","2026-04-08","2026-06-02"
"Rechtsanwaltsfachangestellte Auszubildende (w/m/d)","https://www.cornea-franz.de/rechtsanwaltsfachangestelle-azubi-nuernberg","Cornea Franz Rechtsanwälte Partnerschaft MBB","Nürnberg","legacy","2026-04-03","2026-06-02"
"Rechtsanwaltsfachangestellte Bremen (m/w/d)","http://hahn-rechtsanwaelte.de/karriere/rechtsanwaltsfachangestellte-bremen-mwd","Hahn Rechtsanwälte PartG mbB","Bremen","legacy","2026-04-02","2026-06-02"
"Rechtsanwaltsfachangestellte Hamburg (m/w/d)","http://hahn-rechtsanwaelte.de/karriere/rechtsanwaltsfachangestellte-hamburg-mwd","Hahn Rechtsanwälte PartG mbB","Hamburg","legacy","2026-04-02","2026-06-02"
"Rechtsanwaltsfachangestellte für Wirtschafts- und Rechtsberatung (m/w/d)","https://de.indeed.com/viewjob?jk=2f875b4e9332994e","FINEOO Inhaber Eric Martin","44149 Dortmund","legacy","2026-03-24","2026-06-02"
"Rechtsanwaltsfachangestellte in Vollzeit (m/w/d)","https://www.stepstone.de/stellenangebote--Rechtsanwaltsfachangestellte-in-Vollzeit-m-w-d-Stuttgart-HEUSSEN-Rechtsanwaltsgesellschaft-mbH--8743407-inline.html?rltr=98_23_25_seorl_m_0_0_0_0_1_0","HEUSSEN Rechtsanwaltsgesellschaft mbH","Stuttgart","legacy","2026-04-16","2026-06-02"
"Rechtsanwaltsfachangestellte in Vollzeit (w/m/d)","https://www.solmecke.eu/rechtsanwaltsfachangestellte","Solmecke Rechtsanwälte PartGmbB","Zentrale/Unbekannt","legacy","2026-04-02","2026-06-02"
"Rechtsanwaltsfachangestellte mit Schwerpunkt im Bereich der persönlichen Assistenz des Kanzleiinhabers","http://www.granzin-rechtsanwaelte.de/de/stellenanzeigen/de/stellenanzeigen","Dr. Granzin Rechtsanwälte","Hamburg","legacy","2026-04-03","2026-06-02"
"Rechtsanwaltsfachangestellte oder Rechtsanwalts- und Notarfachangestellte","https://ullmann-rapp.de/wp-content/uploads/2025/05/refa-stellenanzeige-06-05-2025.pdf","Ullmann & Rapp Rechtsanwälte Partnerschaftsgesellschaft mbB","Augsburg","legacy","2026-04-02","2026-06-02"
"Rechtsanwaltsfachangestellte – Leitung Zwangsvollstreckungsabteilung","https://www.karriere-meidert-kollegen.de/stellen/rechtsanwaltsfachangestellte-m-w-d---leitung-zwangsvollstreckungsabteilung","Meidert & Kollegen Rechtsanwälte Partnerschaft","Augsburg","legacy","2026-04-02","2026-06-02"
"Rechtsanwaltsfachangestellte(n) (m/w/d)","https://www.bergeest-richter.de/jobs.html","Bergeest & Richter Rechtsanwälte","Hamburg","legacy","2026-04-03","2026-06-02"
"Rechtsanwaltsfachangestellte(n) (m/w/d)","https://kanzlei-zittau.de/stellenangebot","Mengel - Schwitzky - Hitziger Rechtsanwälte","Zittau","legacy","2026-04-02","2026-06-02"
"Rechtsanwaltsfachangestellte(n) (m/w/d)","http://www.ra-weber-partner.de/karriere","Rechtsanwälte Ulrich Weber & Partner mbB","Frankfurt","legacy","2026-04-03","2026-06-02"
"Rechtsanwaltsfachangestellte(n) (m/w/d) (Vollzeit/Teilzeit)
für den Bereich Energie- und Vergaberecht","https://www.stepstone.de/stellenangebote--Rechtsanwaltsfachangestellten-m-w-d-Vollzeit-Teilzeit-fuer-den-Bereich-Energie-und-Vergaberecht-Berlin-BETHGE-REIMANN-STARI-Rechtsanwaelte-Partnerschaft-mbB--13621368-inline.html?rltr=44_19_25_seorl_m_0_0_0_0_0_0","BETHGE.REIMANN.STARI Rechtsanwälte Partnerschaft mbB","Berlin","legacy","2026-04-23","2026-06-02"
"Rechtsanwaltsfachangestellte(n) (w/m/d)","https://e-commerce-kanzlei.de/karriere-und-jobs","e-commerce-Kanzlei - Günnewig Rechtsanwälte","Hürth","legacy","2026-04-03","2026-06-02"
"Rechtsanwaltsfachangestellte(n) / Sekretär(in) (m/w/div.)","https://www.stepstone.de/stellenangebote--Rechtsanwaltsfachangestellten-Sekretaerin-m-w-div-Hamburg-LICHTE-Rechtsanwaelte-PartmbB--13866342-inline.html?rltr=46_21_25_seorl_m_0_0_0_0_1_0","LICHTE Rechtsanwälte PartmbB","Hamburg","legacy","2026-04-23","2026-06-02"
"Rechtsanwaltsfachangestellte(r)","https://lawfactory-frankfurt.de/de/karriere","Law Factory. Britanow & Dr. Hirsch. Rechtsanwälte. PartG mbB","Frankfurt","legacy","2026-04-03","2026-06-02"
"Rechtsanwaltsfachangestellte(r)","https://medizinrecht-rath.de/Patientenanwaelte/Stellenangebote/index.html","Rath & Koll. Rechtsanwälte - Kanzlei für Patienten","Düsseldorf","legacy","2026-04-02","2026-06-02"
"Rechtsanwaltsfachangestellte(r) & kaufmännische(r) Fachangestelle(r)","https://www.parlex.de/kanzlei/sekretariate","Brunner, Liesenborghs & Partner PartG mbB - Rechtsanwälte","Freiburg","legacy","2026-04-03","2026-06-02"
"Rechtsanwaltsfachangestellte(r) (m/w/d)","https://www.besold-rae.de/stellenanzeige/werden-sie-als-rechtsanwaltsfachangestellter-m-w-d-teil-des-teams-der-besold-rechtsanwaelte","Besold Rechtsanwälte","Nürnberg","legacy","2026-04-03","2026-06-02"
"Rechtsanwaltsfachangestellte(r) (m/w/d)","https://www.stepstone.de/stellenangebote--Rechtsanwaltsfachangestellter-m-w-d-Gruenwald-GNP-Rechtsanwaelte--10567079-inline.html?rltr=26_1_25_seorl_m_0_0_0_0_1_0","GNP Rechtsanwälte","Grünwald","legacy","2026-04-20","2026-06-02"
"Rechtsanwaltsfachangestellte(r) (m/w/d)","https://www.kanzlei-gerling.de/wp-content/uploads/2024/11/Rechtsanwaltsfachangestellter.pdf","Kanzlei Gerling Paderborn","Bielefeld","legacy","2026-04-03","2026-06-02"
"Rechtsanwaltsfachangestellte(r) (m/w/d)","https://www.stepstone.de/stellenangebote--Rechtsanwaltsfachangestellter-m-w-d-Hamburg-Leo-Schmidt-Hollburg-Witte-Frank-Rechtsanwaelte-Partnerschaft-mbB--13699029-inline.html?rltr=399_24_25_seorl_m_0_0_0_0_1_0","Leo Schmidt-Hollburg Witte & Frank Rechtsanwälte Partnerschaft mbB","Hamburg","legacy","2026-03-28","2026-06-02"
"Rechtsanwaltsfachangestellte(r) (m/w/d)","https://razeng.de/rechtsanwaltsfachangestellter-m-w-d","RAZENG | RECHTSANWÄLTE","Berlin","legacy","2026-04-05","2026-06-02"
"Rechtsanwaltsfachangestellte(r) / Assistenz","https://www.stepstone.de/stellenangebote--Rechtsanwaltsfachangestellter-Assistenz-Hof-Verband-der-Bayerischen-Textil-und-Bekleidungsindustrie-e-V--13698807-inline.html?rltr=29_4_25_seorl_m_0_0_0_0_1_0","Verband der Bayerischen Textil- und Bekleidungsindustrie e.V.","Hof","legacy","2026-03-28","2026-06-02"
"Rechtsanwaltsfachangestellte(r) / Teamassistenz (m/w/d)","https://pfordtebosbach.de/karriere/rechtsanwaltsfachangestellte-teamassistenz-m-w-d","Pfordte Bosbach Rechtsanwälte Partnerschaftsgesellschaft mbB","München","legacy","2026-04-03","2026-06-02"
"Rechtsanwaltsfachangestellte(r) m/w/d","https://delorette.de/jobs/rechtsanwaltsfachangestelte-m-w-d","ANWALTSKANZLEI DELORETTE","Wuppertal","legacy","2026-04-05","2026-06-02"
"Rechtsanwaltsfachangestellte(r) und Notarfachangestellte(r) (m/w/d)","https://www.ra-kotz.de/jobs/reno","Rechtsanwälte Kotz GbR","Kreuztal","legacy","2026-04-05","2026-06-02"
"Rechtsanwaltsfachangestellte(r) zur Leitung eines Anwaltssekretariats","https://www.ilex-recht.de/nachricht-im-detail/wir-stellen-ein-rechtsanwaltsfachangestellter-zur-leitung-eines-anwaltssekretariats.html","ilex Rechtsanwälte","Berlin","legacy","2026-04-05","2026-06-02"
"Rechtsanwaltsfachangestellte(r) zur Leitung eines Anwaltssekretariats","https://www.ilex-bankrecht.de/nachricht-im-detail/wir-stellen-ein-rechtsanwaltsfachangestellter-zur-leitung-eines-anwaltssekretariats.html","ilex Rechtsanwälte","Potsdam","legacy","2026-04-02","2026-06-02"
"Rechtsanwaltsfachangestellte*/r (w/d/m)","http://akm-berlin.de/Stellenangebote.php","akm Rechtsanwält*innen","Berlin","legacy","2026-04-02","2026-06-02"
"Rechtsanwaltsfachangestellte*r (m/w/d)","https://dresden.bskp.de/karriere/refa","BSKP Dr. Broll · Schmitt · Kaufmann & Partner","Dresden","legacy","2026-04-02","2026-06-02"
"Rechtsanwaltsfachangestellte*r (m/w/d)","https://grawert.berlin/karriere/rechtsanwaltsfachangestellte","Grawert & Partner","Berlin","legacy","2026-04-02","2026-06-02"
"Rechtsanwaltsfachangestellte*r (m/w/d)","https://www.stepstone.de/stellenangebote--Rechtsanwaltsfachangestellter-m-w-d-Hamburg-MWO-Legal-Mittelstein-Wienhues-Olbers-PartG-mbB--13078718-inline.html?rltr=42_17_25_seorl_m_0_0_0_0_1_0","MWO Legal Mittelstein Wienhues Olbers PartG mbB","Hamburg","legacy","2026-04-23","2026-06-02"
"Rechtsanwaltsfachangestellte*r (m/w/d)","https://www.ra-maibaum.de/karriere","Maibaum Rechtsanwalts GmbH","Köln","legacy","2026-04-03","2026-06-02"
"Rechtsanwaltsfachangestellte*r (m/w/d)","https://verkehrsrecht-bs.de/wp-content/uploads/2025/05/A4_Stellenausschreibung_ReFa_screen-2-1.pdf","Rischmüller & Seide Rechtsanwaltskanzlei","Braunschweig","legacy","2026-04-02","2026-06-02"
"Rechtsanwaltsfachangestellte*r (m/w/d) Teilzeit/Vollzeit","https://www.paschen.cc/karriere/rechtsanwaltsfachangestellte-teilzeit-vollzeit","PASCHEN Rechtsanwälte PartGmbB","Zentrale/Unbekannt","legacy","2026-04-02","2026-06-02"
"Rechtsanwaltsfachangestellte*r (w/m/d)","https://www.stepstone.de/stellenangebote--Rechtsanwaltsfachangestellter-w-m-d-Duesseldorf-DGB-Rechtsschutz-GmbH--13836993-inline.html?rltr=172_22_25_seorl_m_0_0_0_0_0_0","DGB Rechtsschutz GmbH","Düsseldorf","legacy","2026-04-15","2026-06-02"
"Rechtsanwaltsfachangestellte*r (w/m/d)","https://www.stepstone.de/stellenangebote--Rechtsanwaltsfachangestellter-w-m-d-Kempten-DGB-Rechtsschutz-GmbH--13915864-inline.html?rltr=108_8_25_seorl_m_0_0_0_0_0_0","DGB Rechtsschutz GmbH","Kempten","legacy","2026-04-16","2026-06-02"
"Rechtsanwaltsfachangestellte*r (w/m/d)","https://www.stepstone.de/stellenangebote--Rechtsanwaltsfachangestellter-w-m-d-Wiesbaden-DGB-Rechtsschutz-GmbH--13837038-inline.html?rltr=163_13_25_seorl_m_0_0_0_0_0_0","DGB Rechtsschutz GmbH","Wiesbaden","legacy","2026-04-15","2026-06-02"
"Rechtsanwaltsfachangestellte*r / Bürokraft (m/w/d) in Voll- oder Teilzeit","https://www.pferdehirt.com/karriere","Anwaltskanzlei Pferdehirt","Neuss","legacy","2026-04-03","2026-06-02"
"Rechtsanwaltsfachangestellte*r /Anwaltsassistenz (m/w/d)","https://de.indeed.com/viewjob?jk=508a08e12b3ab89c","KSR Rechtsanwaltskanzlei, Main Donau Park","90449 Nürnberg","legacy","2026-04-23","2026-06-02"
"Rechtsanwaltsfachangestellte*r im Front Desk Bereich (m/w/d)","https://verkehrsrecht-bs.de/wp-content/uploads/2026/03/A4_Stellenausschreibung_ReFa-Front-Desk.pdf","Rischmüller & Seide Rechtsanwaltskanzlei","Braunschweig","legacy","2026-04-02","2026-06-02"
"Rechtsanwaltsfachangestellte*r – Rechtsfachwirt*in – Legal Assistant – (m/w/d) Stuttgart","https://www.stepstone.de/stellenangebote--Rechtsanwaltsfachangestellter-Rechtsfachwirtin-Legal-Assistant-m-w-d-Stuttgart-Stuttgart-GRUB-BRUGGER-Partnerschaft-von-Rechtsanwaelten-mbB--13910907-inline.html?rltr=115_15_25_seorl_m_0_0_0_0_1_0","GRUB BRUGGER Partnerschaft von Rechtsanwälten mbB","Stuttgart","legacy","2026-04-15","2026-06-02"
"Rechtsanwaltsfachangestellte*r, Rechtsfachwirt*in oder vergleichbare Qualifikation (m/w/d)","https://besenbinderhof60.de/","Kanzlei Gussone Lewek Kenkel","Hamburg","legacy","2026-04-03","2026-06-02"
"Rechtsanwaltsfachangestellte*r/ Rechtsfachwirt*in als Büroleitung für unseren Standort in München","https://jahnhettler.de/kanzlei/karriere/rechtsanwaltsfachangestellte-assistent-fuer-muenchen","Jahn Hettler Rechtsanwälte","München","legacy","2026-04-03","2026-06-02"
"Rechtsanwaltsfachangestellte, Assistenz, Sekretärin (m/w/d)","https://jobs.luther-lawfirm.com/jobportal/luther/viewAusschreibung/2025-064.html","Luther Rechtsanwaltsgesellschaft mbH","Hannover","legacy","2026-04-30","2026-06-02"
"Rechtsanwaltsfachangestellte, Diplom-Jurist/in oder Wirtschaftsjurist/in (jeweils m/w/d)","https://skb-legal.com/job/rechtsanwaltsfachangestellte-diplom-jurist-in-oder-wirtschaftsjurist-in-jeweils-m-w-d-karlsruhe","SCHORK KAUFFMANN BREMENKAMP - Rechtsanwälte-Fachanwälte","Karlsruhe","legacy","2026-04-03","2026-06-02"
"Rechtsanwaltsfachangestellte/ -r (m/w/d) bzw. Legal Assistant (m/w/d)","https://www.stepstone.de/stellenangebote--Rechtsanwaltsfachangestellte-r-m-w-d-bzw-Legal-Assistant-m-w-d-Limburg-AMADEUS-Group--12225833-inline.html?rltr=171_21_25_seorl_m_0_0_0_0_0_0","AMADEUS Group","Limburg","legacy","2026-04-08","2026-06-02"
"Rechtsanwaltsfachangestellte/ Rechtsanwaltsfachangestellter (m/w/d)","https://www.kanzlei-hufnagel.de/rechtsanwaltsfachangestellte.php","Kanzlei Hufnagel","München","legacy","2026-04-03","2026-06-02"
"Rechtsanwaltsfachangestellte/-r (m/w/d)","https://pfo-anwaelte.de/stellenangebote/rechtsanwaltsfachangestellte-r-m-w-d","PFO Rechtsanwälte | Pöhlmann • Früchtl • Oppermann PartmbB","Fürth","legacy","2026-04-03","2026-06-02"
"Rechtsanwaltsfachangestellte/-r (m/w/d) am Standort Bonn","https://www.rnsp.de/wp-content/uploads/Stellenanzeige-Rechtsanwaltsfachangestellte-r-m-w-d-Maerz-2026.pdf","Roos Nelskamp Schumacher & Partner Rechtsanwälte Fachanwälte","Bonn","legacy","2026-04-02","2026-06-02"
"Rechtsanwaltsfachangestellte/-r mit Schwerpunkt Buchhaltung (m/w/d)","https://de.indeed.com/viewjob?jk=3a3887d119d23b09","Momen + Franz PartG mbB","52070 Aachen","legacy","2026-04-06","2026-06-02"
"Rechtsanwaltsfachangestellte/Anwaltsassistenz (m/w/d) gesucht für traditionsreiche Kanzlei in Koblenz","https://klinge-hess.de/kanzlei/karriere?job=Rechtsanwaltsfachangestellte%2FAnwaltsassistenz_%28m%2Fw%2Fd%29_gesucht_f%C3%BCr_traditionsreiche_Kanzlei_in_Koblenz","Klinge | Hess Rechtsanwälte PartmbB","Koblenz","legacy","2026-04-03","2026-06-02"
"Rechtsanwaltsfachangestellte/Assistenz (m/w/d)","https://www.dkm-rechtsanwaelte.de/karriere/rechtsanwaltsfachangestellte-assistenz-m-w-d","dkm Rechtsanwälte. Kanzlei für Arbeitsrecht.","München","legacy","2026-04-03","2026-06-02"
"Rechtsanwaltsfachangestellte/er","http://www.kp-recht.de/karriere/rechtsanwaltsfachangestellte/er","Dr. Kroll & Partner - Law firm Reutlingen","Balingen","legacy","2026-04-03","2026-06-02"
"Rechtsanwaltsfachangestellte/innen (m/w/d) oder Rechtsfachwirte/innen (m/w/d)","https://www.ddkb-rechtsanwaelte.de/karriere","ddkb Rechtsanwälte - Rechtsanwalt Mietrecht, Arbeitsrecht, Familienrecht, Scheidung Bonn","Bonn","legacy","2026-04-02","2026-06-02"
"Rechtsanwaltsfachangestellte/n","https://nitzundkollegen.de/jobs","Kanzlei Klawitter & Kollegen","Hannover","legacy","2026-04-03","2026-06-02"
"Rechtsanwaltsfachangestellte/n","https://www.ilex-recht.de/nachricht-im-detail/wir-stellen-ein-eine-einen-rechtsanwaltsfachangestellte-n.html","ilex Rechtsanwälte","Berlin","legacy","2026-04-05","2026-06-02"
"Rechtsanwaltsfachangestellte/n","https://www.ilex-bankrecht.de/nachricht-im-detail/wir-stellen-ein-eine-einen-rechtsanwaltsfachangestellte-n.html","ilex Rechtsanwälte","Potsdam","legacy","2026-04-02","2026-06-02"
"Rechtsanwaltsfachangestellte/n ( m/w/d )","https://theo-schmidt.de/rechtsanwaltsfachangestellte-n-m-w-d-vollzeit","Kanzlei Theo Schmidt Bochum","Bochum","legacy","2026-04-02","2026-06-02"
"Rechtsanwaltsfachangestellte/n ( m/w/d) in Teilzeit","https://www.rechtsanwalt-tiergarten.de/stellenangebote","Dammeyer & Kollegen - Rechtsanwalt Tiergarten in Hannover","Hannover","legacy","2026-04-03","2026-06-02"
"Rechtsanwaltsfachangestellte/n (m/w)","https://www.advopart.com/rechtsanwaltskanzlei-koeln/jobs-karriere","advopart","Köln","legacy","2026-04-03","2026-06-02"
"Rechtsanwaltsfachangestellte/n (m/w/d)","https://www.stepstone.de/stellenangebote--Rechtsanwaltsfachangestellte-n-m-w-d-Hamburg-AHB-Rechtsanwaelte-Steuerberater-Arends-Hofert-Bergemann-PartGmbB--13637324-inline.html?rltr=16_16_25_seorl_m_0_0_0_0_0_0","AHB Rechtsanwälte Steuerberater Arends Hofert Bergemann PartGmbB","Hamburg","legacy","2026-04-26","2026-06-02"
"Rechtsanwaltsfachangestellte/n (m/w/d)","https://blum-koelsch.de/rechtsanwaltsfachangestellte-n-m-w-d","Blum & Kölsch Rechtsanwälte","Wuppertal","legacy","2026-04-03","2026-06-02"
"Rechtsanwaltsfachangestellte/n (m/w/d)","https://papsch.de/stellenangebot-als-rechtsanwaltsfachangestellte-n-m-w-d","Dr. Papsch & Collegen Rechtsanwälte","Hannover-Herrenhausen","legacy","2026-04-03","2026-06-02"
"Rechtsanwaltsfachangestellte/n (m/w/d)","http://fachanwaltskanzlei-verkehrsrecht-hamburg.de/karriere","Fachanwaltskanzlei Verkehrsrecht Hamburg Rechtsanwalt Arne Egging","Hamburg","legacy","2026-04-03","2026-06-02"
"Rechtsanwaltsfachangestellte/n (m/w/d)","https://www.stepstone.de/stellenangebote--Rechtsanwaltsfachangestellte-n-m-w-d-Mannheim-GOLLHOFER-WEIDLICH-LESER-Rechtsanwaelte-Steuerberater--13051372-inline.html?rltr=562_12_25_seorl_m_0_0_0_0_1_0","GOLLHOFER WEIDLICH LESER Rechtsanwälte – Steuerberater","Mannheim","legacy","2026-04-13","2026-06-02"
"Rechtsanwaltsfachangestellte/n (m/w/d)","https://krist-kollegen.de/karriere","KDU Krist Deller & Partner Rechtsanwälte","Koblenz","legacy","2026-04-03","2026-06-02"
"Rechtsanwaltsfachangestellte/n (m/w/d)","https://rae-korn.de/karriere/rechtsanwaltsfachangestellte-n-m-w-d","Korn Rechtsanwälte GbR, Inhaber: Andreas Hammelstein, Ralf Maus, Dr. Vanessa Staude","Mönchengladbach","legacy","2026-04-03","2026-06-02"
"Rechtsanwaltsfachangestellte/n (m/w/d)","https://weinelt-collegen.de/stellenangebote/rechtsanwaltsfachangestellte-regensburg","Lawyers Bäumel, Dr. Weinelt & Coll.","Regensburg","legacy","2026-04-03","2026-06-02"
"Rechtsanwaltsfachangestellte/n (m/w/d)","https://mund-rechtsanwaelte.de/karriere","Mund Rechtsanwälte | Fachanwälte Erbrecht, Familienrecht, Arbeitsrecht, Strafrecht, Rechtsanwalt Würzburg","Remote","legacy","2026-04-03","2026-06-02"
"Rechtsanwaltsfachangestellte/n (m/w/d)","https://notar-schmidt-bochum.de/rechtsanwaltsfachangestellte-n-m-w-d","Notar Bochum | Rechtsanwälte & Notare | Fachanwalt für Familienrecht, Erbrecht, Steuerrecht","Bochum","legacy","2026-04-02","2026-06-02"
"Rechtsanwaltsfachangestellte/n (m/w/d)","https://www.ra-osterkamp.de/stellenangebote","Rechtsanwalt Thorsten Osterkamp","Hannover","legacy","2026-04-03","2026-06-02"
"Rechtsanwaltsfachangestellte/n (m/w/d)","https://www.kanzler.legal/stellenangebot","Rechtsanwälte Kanzler - Kern - Kaiser PartG mbB","Bad Kreuznach","legacy","2026-05-05","2026-06-02"
"Rechtsanwaltsfachangestellte/n (m/w/d)","http://www.anwaelte-bitburg.de/stellenanzeigen.html","The lawyers Dr. Haubrich, Blesius, Eifel, Keusch & Hager","Bitburg","legacy","2026-04-03","2026-06-02"
"Rechtsanwaltsfachangestellte/n (m/w/d) in Teilzeit","https://www.rechtsanwalt-tiergarten.de/rechtsanwaelte/harald-schremmer","Dammeyer & Kollegen - Rechtsanwalt Tiergarten in Hannover","Hannover","legacy","2026-04-05","2026-06-02"
"Rechtsanwaltsfachangestellte/n (m/w/d/x) oder Kauffrau/-mann für Büromanagement (m/w/d/x)","https://www.stepstone.de/stellenangebote--Rechtsanwaltsfachangestellte-n-m-w-d-x-oder-Kauffrau-mann-fuer-Bueromanagement-m-w-d-x-Osterholz-Scharmbeck-SoVD-Landesverband-Niedersachsen-e-V--13865033-inline.html?rltr=58_8_25_seorl_m_0_0_0_0_0_0","SoVD-Landesverband Niedersachsen e.V.","Osterholz-Scharmbeck","legacy","2026-04-22","2026-06-02"
"Rechtsanwaltsfachangestellte/n (m/w/d/x) oder Kauffrau/-mann für Büromanagement (m/w/d/x)","https://www.stepstone.de/stellenangebote--Rechtsanwaltsfachangestellte-n-m-w-d-x-oder-Kauffrau-mann-fuer-Bueromanagement-m-w-d-x-Sulingen-SoVD-Landesverband-Niedersachsen-e-V--13864901-inline.html?rltr=59_9_25_seorl_m_0_0_0_0_0_0","SoVD-Landesverband Niedersachsen e.V.","Sulingen","legacy","2026-04-22","2026-06-02"
"Rechtsanwaltsfachangestellte/n (w/m/d)","https://kanzlei-rosset.de/stellenangebote","Rosset, Merz & Partner Rechtsanwälte","Freiburg","legacy","2026-04-05","2026-06-02"
"Rechtsanwaltsfachangestellte/n in Voll-/Teilzeit (m/w/d)","https://www.jurawerk.de/jurawerk/jobs/jurawerk/jobs/stellenangebot","jurawerk Rechtsanwälte Eisele & Wille PartG | Kanzlei für IT-, Urheber-, Marken und Wettbewerbsrecht","Braunschweig","legacy","2026-04-02","2026-06-02"
"Rechtsanwaltsfachangestellte/n oder Rechtsanwalts- und Notarfachangestellte/n (m/w/d)","https://www.becker-baurecht.nrw/includes/karriere.php","Kanzlei Becker Baurecht - Fachanwalt für Bau- und Architektenrecht, Bielefeld","Hannover","legacy","2026-04-02","2026-06-02"
"Rechtsanwaltsfachangestellte/n oder Rechtsanwalts- und Notarfachangestellte/n (m/w/d)","https://becker-baurecht.de/includes/karriere.php","Kanzlei Becker Baurecht - Fachanwalt für Bau- und Architektenrecht, Hannover","Hannover","legacy","2026-04-03","2026-06-02"
"Rechtsanwaltsfachangestellte/n oder Rechtsfachwirt/in (jeweils m/w/d)","https://skb-legal.com/job/rechtsanwalt-m-w-d-stuttgart-karlsruhe","SCHORK KAUFFMANN BREMENKAMP - Rechtsanwälte-Fachanwälte","Karlsruhe","legacy","2026-04-03","2026-06-02"
"Rechtsanwaltsfachangestellte/n oder Rechtsfachwirt/in (m/w/d)","http://www.rae-dr-schmitt.de/karriere.html","Rechtsanwälte Dr. Schmitt und Kollegen - Partnerschaft mbB","Karlsruhe","legacy","2026-04-03","2026-06-02"
"Rechtsanwaltsfachangestellte/n oder Rechtsfachwirt/in (w/m/d)","http://www.rodloff-anwaelte.de/karriere.html","Dr.jur Roman Rodloff Constanze Haas Natalie Friedinger Dr. Rodloff & Kollegen","Stuttgart","legacy","2026-04-03","2026-06-02"
"Rechtsanwaltsfachangestellte/n oder Sekretär/in (m/w/d)","http://www.ra-matani.de/index.php?id=56&no_cache=1","Anwaltskanzlei Matani & Kollegen","Göttingen","legacy","2026-04-03","2026-06-02"
"Rechtsanwaltsfachangestellte/n oder eine/n studentische/n Mitarbeiter/in","https://www.rechtsanwalt-nierfeld.de/rechtsanwaltsfachangestellte-m-w","Michael W. Nierfeld","Essen","legacy","2026-04-02","2026-06-02"
"Rechtsanwaltsfachangestellte/n und/oder Sekretär/in (m/w/d)","https://www.braitinger-kollegen.de/karriere","Dr. Braitinger, Dr. in der Stroth, Lenz","Reutlingen","legacy","2026-04-03","2026-06-02"
"Rechtsanwaltsfachangestellte/r","https://www.stepstone.de/stellenangebote--Rechtsanwaltsfachangestellte-r-Flensburg-CausaConcilio-Koch-Partner-mbB--13784269-inline.html?rltr=501_1_25_seorl_m_0_0_0_0_1_0","CausaConcilio Koch & Partner mbB","Flensburg","legacy","2026-04-16","2026-06-02"
"Rechtsanwaltsfachangestellte/r","http://www.heeser-meyer.de/index.php","Dr. Heeser & Kollegen Rechtsanwaltsgesellschaft mbH","Krefeld","legacy","2026-04-05","2026-06-02"
"Rechtsanwaltsfachangestellte/r","https://de.indeed.com/viewjob?jk=91052f538317e93d","Dr. Kroll & Partner Rechtsanwälte mbB","72072 Tübingen","legacy","2026-01-27","2026-06-02"
"Rechtsanwaltsfachangestellte/r","https://de.indeed.com/viewjob?jk=07c52b0132a840e3","Dr. Kroll & Partner Rechtsanwälte mbB","Balingen","legacy","2026-01-26","2026-06-02"
"Rechtsanwaltsfachangestellte/r","https://www.stepstone.de/stellenangebote--Rechtsanwaltsfachangestellte-r-Gescher-Frank-Mensing--13288637-inline.html?rltr=335_10_25_seorl_m_0_0_0_0_0_0","Frank Mensing","Gescher","legacy","2026-04-24","2026-06-02"
"Rechtsanwaltsfachangestellte/r","http://www.medi-ip.de/de/de/rechtsanwaltsfachangestellte-gesucht","Kazemi & Partner Rechtsanwälte Partnerschaftsgesellschaft","Zentrale/Unbekannt","legacy","2026-04-05","2026-06-02"
"Rechtsanwaltsfachangestellte/r","https://www.stepstone.de/stellenangebote--Rechtsanwaltsfachangestellte-r-Muenster-Westfalen-MOELLER-RECHTSANWAELTE-Partnerschaft-mbB--13861838-inline.html?rltr=310_10_25_seorl_m_0_0_0_0_1_0","MÖLLER RECHTSANWÄLTE Partnerschaft mbB","Münster Westfalen","legacy","2026-04-18","2026-06-02"
"Rechtsanwaltsfachangestellte/r","https://kanzlei-wtw.de/Stellenausschreibung_ReFa.pdf","Rechtsanwaltskanzlei WTW & Kollegen","München","legacy","2026-04-03","2026-06-02"
"Rechtsanwaltsfachangestellte/r","http://www.rechtsanwaelte-neumann.de/Kanzlei/Karriere","Rechtsanwälte Dr. jur. Peter Neumann","Dresden","legacy","2026-04-02","2026-06-02"
"Rechtsanwaltsfachangestellte/r","https://reese-rechtsanwalt.de/karriere","Reese Rechtsanwälte - FA für Verkehrsrecht, Versicherungsrecht und Strafrecht","Berlin","legacy","2026-04-02","2026-06-02"
"Rechtsanwaltsfachangestellte/r","http://www.rlg-law.de/downloads/karriere/RLG_AZ_211215.pdf?c=1","Reith Neumahr lawyers and notaries","Tuttlingen","legacy","2026-04-03","2026-06-02"
"Rechtsanwaltsfachangestellte/r","https://sedlatzek.com/stellenangebote","Sedlatzek Rechtsanwälte","Hamburg","legacy","2026-04-03","2026-06-02"
"Rechtsanwaltsfachangestellte/r","https://www.stepstone.de/stellenangebote--Rechtsanwaltsfachangestellte-r-Torgau-Walther-Anwaltskanzlei-Rechtsanwaeltin-Kathrin-Walther--13919029-inline.html?rltr=476_1_25_seorl_m_0_0_0_0_0_0","Walther Anwaltskanzlei Rechtsanwältin Kathrin Walther","Torgau","legacy","2026-04-16","2026-06-02"
"Rechtsanwaltsfachangestellte/r (M/W/D)","https://www.rae-geisler-franke.de/karriere/rechtsanwaltsfachangestellten","Dr. Geisler, Dr. Franke Rechtsanwälte Partnerschaft mbB","Bielefeld","legacy","2026-04-02","2026-06-02"
"Rechtsanwaltsfachangestellte/r (ReNo-ReFa)","http://kanzleialkan.de/rechtsanwaltsfachangestellte-reno-refa","Kanzlei Alkan","Berlin","legacy","2026-04-02","2026-06-02"
"Rechtsanwaltsfachangestellte/r (W/M/D)","https://www.stepstone.de/stellenangebote--Rechtsanwaltsfachangestellte-r-W-M-D-Hannover-Johannes-Franke-und-Jutta-Franke--13027494-inline.html?rltr=366_16_25_seorl_m_0_0_0_0_1_0","Johannes Franke und Jutta Franke","Hannover","legacy","2026-04-23","2026-06-02"
"Rechtsanwaltsfachangestellte/r (alle Geschlechter)","https://www.stepstone.de/stellenangebote--Rechtsanwaltsfachangestellte-r-alle-Geschlechter-Frankfurt-am-Main-Broich-Partnerschaft-von-Rechtsanwaelten--13899374-inline.html?rltr=291_16_25_seorl_m_0_0_0_0_1_0","Broich Partnerschaft von Rechtsanwälten","Frankfurt am Main","legacy","2026-04-26","2026-06-02"
"Rechtsanwaltsfachangestellte/r (d/m/w) gesucht","https://www.stepstone.de/stellenangebote--Rechtsanwaltsfachangestellte-r-d-m-w-gesucht-Moenchengladbach-Markus-Fischer-Rechtsanwalt--13823622-inline.html?rltr=274_24_25_seorl_m_0_0_0_0_1_0","Markus Fischer Rechtsanwalt","Mönchengladbach","legacy","2026-04-27","2026-06-02"
"Rechtsanwaltsfachangestellte/r (gn.) in Vollzeit oder Teilzeit (Aushilfstätigkeit)","https://www.kanzlei-ksd.de/mailto:info@kanzlei-ksd.de?subject=Bewerbung+Homepage","Rechtsanwälte Heilbronn | Kanzlei Schmidt, Doderer & Kollegen","Heilbronn","legacy","2026-04-03","2026-06-02"
"Rechtsanwaltsfachangestellte/r (m/w/d)","http://www.gerhard-eschbach.de/stellenangebote/rechtsanwaltfachangestellte","Andreas Gerhard und Moritz Eschbach Rechtsanwälte","Kaiserslautern","legacy","2026-04-03","2026-06-02"
"Rechtsanwaltsfachangestellte/r (m/w/d)","https://bgv-partner.de/karriere/rechtsanwaltsfachangestellte-r","Becker Gursky Verhoeven Partnergesellschaft mbB Rechtsanwälte Fachanwälte","Dortmund","legacy","2026-04-02","2026-06-02"
"Rechtsanwaltsfachangestellte/r (m/w/d)","https://www.kanzlei-gueldue.de/","DR. GÜLDÜ Rechtsanwälte","Pfullingen","legacy","2026-04-03","2026-06-02"
"Rechtsanwaltsfachangestellte/r (m/w/d)","https://www.baltesundrixe.de/jobs","Dr. Joachim Baltes u. Georg Rixe Rechtsanwälte für Arbeits-und Familienrecht","Bielefeld","legacy","2026-04-02","2026-06-02"
"Rechtsanwaltsfachangestellte/r (m/w/d)","https://gks-rechtsanwaelte.de/karriere/rechtsanwaltsfachangestellte-m-w-d","GKS Rechtsanwälte","Wuppertal","legacy","2026-04-05","2026-06-02"
"Rechtsanwaltsfachangestellte/r (m/w/d)","https://hfk.de/karriere/stellenanzeigen/detail/rechtsanwaltsfachangestellte/r-m/w/d-in-voll-oder-teilzeit","HFK Rechtsanwälte LLP","München","legacy","2026-05-05","2026-06-02"
"Rechtsanwaltsfachangestellte/r (m/w/d)","https://www.hos-recht.de/karriere/rechtsanwaltsfachangestellte-r-m-w-d","HOS Rechtsanwälte","Stuttgart","legacy","2026-04-03","2026-06-02"
"Rechtsanwaltsfachangestellte/r (m/w/d)","https://de.indeed.com/viewjob?jk=a87f9420565c0b92","Kanzlei Voigt Rechtsanwalts GmbH","50679 Köln","legacy","2024-12-01","2026-06-02"
"Rechtsanwaltsfachangestellte/r (m/w/d)","https://de.indeed.com/viewjob?jk=d2c3bf19df68c698","Kanzlei Voigt Rechtsanwalts GmbH","99084 Erfurt","legacy","2026-03-06","2026-06-02"
"Rechtsanwaltsfachangestellte/r (m/w/d)","https://kanzlei-voigt.de/standort/berlin","Kanzlei Voigt Rechtsanwalts GmbH","Berlin","legacy","2026-04-05","2026-06-02"
"Rechtsanwaltsfachangestellte/r (m/w/d)","https://kanzlei-voigt.de/standort/bielefeld","Kanzlei Voigt Rechtsanwalts GmbH","Bielefeld","legacy","2026-04-05","2026-06-02"
"Rechtsanwaltsfachangestellte/r (m/w/d)","https://www.stepstone.de/stellenangebote--Rechtsanwaltsfachangestellte-r-m-w-d-Eschborn-Michael-Page--13859854-inline.html?rltr=783_8_25_seorl_m_1_0_0_0_0_0","Michael Page","Eschborn","legacy","2026-04-18","2026-06-02"
"Rechtsanwaltsfachangestellte/r (m/w/d)","https://posikow-kehren.de/karriere","Posikow Kehren - Rechtsanwälte für Verkehrsrecht und Mietrecht","Hamburg","legacy","2026-04-03","2026-06-02"
"Rechtsanwaltsfachangestellte/r (m/w/d)","https://de.indeed.com/viewjob?jk=ce55221a4b9d3ee4","Posikow Kehren Rechtsanwälte Partnerschaft mbB","20354 Hamburg","legacy","2026-03-23","2026-06-02"
"Rechtsanwaltsfachangestellte/r (m/w/d)","https://gesundheitsrecht.com/rechtsanwaltsfachangestellte-r-m-w-d-in-frankfurt","Prof. Schlegel • Hohmann • Mangold & Partner","Frankfurt","legacy","2026-04-02","2026-06-02"
"Rechtsanwaltsfachangestellte/r (m/w/d)","https://www.rembert-rechtsanwaelte.de/wp-content/uploads/2023/02/Stellenanzeige-02.pdf","REMBERT.RECHTSANWÄLTE partnership MBB","Hamburg","legacy","2026-04-03","2026-06-02"
"Rechtsanwaltsfachangestellte/r (m/w/d)","https://www.stepstone.de/stellenangebote--Rechtsanwaltsfachangestellte-r-m-w-d-85276-Pfaffenhofen-an-der-Ilm-Deutschland-RISCREEN-GmbH--12467853-inline.html?rltr=343_18_25_seorl_m_0_0_0_0_0_0","RISCREEN GmbH","85276 Pfaffenhofen an der Ilm, Deutschland","legacy","2026-04-24","2026-06-02"
"Rechtsanwaltsfachangestellte/r (m/w/d)","https://kanzlei-jsander.de/jobs","Rechtsanwaltskanzlei Sander","Heilbronn","legacy","2026-04-03","2026-06-02"
"Rechtsanwaltsfachangestellte/r (m/w/d)","https://de.indeed.com/viewjob?jk=7681878e2dcb4e89","Rechtsanwälte Comtesse & Comtesse","66111 Saarbrücken","legacy","2026-04-09","2026-06-02"
"Rechtsanwaltsfachangestellte/r (m/w/d)","http://www.selbmann-partner.de/karriere","Rechtsanwälte Dr. Selbmann, Bergert & Hägele PartmbB","Leipzig","legacy","2026-04-03","2026-06-02"
"Rechtsanwaltsfachangestellte/r (m/w/d)","https://www.lachner-vonlaufenberg.de/2022/10/rechtsanwaltsfachangestellte-r-m-w-d-in-teilzeit-oder-in-vollzeit-ab-sofort-gesucht","Rechtsanwälte Lachner, von Laufenberg & Partner mbB","Köln","legacy","2026-04-05","2026-06-02"
"Rechtsanwaltsfachangestellte/r (m/w/d)","https://www.rechtsanwaeltin-luderer.de/aktuelles/urteile-strafrecht","Rechtsanwältin Aline Luderer - Fachanwältin für Straf- und Familienrecht","Leipzig","legacy","2026-04-03","2026-06-02"
"Rechtsanwaltsfachangestellte/r (m/w/d)","https://rechtsanwaelte-szh.de/karriere","Schäufele Zerfowski Holderbaum Rechtsanwälte","Frankfurt am Main","legacy","2026-04-03","2026-06-02"
"Rechtsanwaltsfachangestellte/r (m/w/d)","https://www.topjus.de/job/rechtsanwaltsfachgestellte","TOPJUS Rechtsanwälte Kupferschmid & Partner mbB","Pfaffenhofen an der Ilm","legacy","2026-04-03","2026-06-02"
"Rechtsanwaltsfachangestellte/r (m/w/d)","https://www.topjus.de/job/rechtsanwaltsfachgestellte-3","TOPJUS Rechtsanwälte Kupferschmid & Partner mbB","Schrobenhausen","legacy","2026-04-03","2026-06-02"
"Rechtsanwaltsfachangestellte/r (m/w/d)","https://www.wenning-rechtsanwaelte.de/kanzlei-2","Wenning Rechtsanwälte","Bonn","legacy","2026-04-05","2026-06-02"
"Rechtsanwaltsfachangestellte/r (m/w/d)","https://activelaw.de/stellenanzeigen/rechtsanwaltsfachangestellte-r","activelaw Offenhausen.Wolter PartmbB","Hannover","legacy","2026-04-03","2026-06-02"
"Rechtsanwaltsfachangestellte/r (m/w/d) Rostock","https://de.indeed.com/viewjob?jk=a54bb923324bb85c","Geiersberger Glas & Partner mbB Rechtsanwälte","18057 Rostock","legacy","2026-02-16","2026-06-02"
"Rechtsanwaltsfachangestellte/r (m/w/d) Rostock","http://www.geiersberger.de/karriere-rechtsanwaltsfachangestellte.htm","Geiersberger Glas & Partner mbB Rechtsanwälte Rostock","Rostock","legacy","2026-04-03","2026-06-02"
"Rechtsanwaltsfachangestellte/r (m/w/d) für immobilienrechtliche Kanzlei - Vollzeit/Teilzeit","https://de.indeed.com/viewjob?jk=e2f105b8258c248d","Brunner Budenberg Schöneck Kondo & Partner Rechtsanwäle PartG","10707 Berlin","legacy","2026-03-31","2026-06-02"
"Rechtsanwaltsfachangestellte/r (m/w/d) im TVS Münster","https://www.stepstone.de/stellenangebote--Rechtsanwaltsfachangestellte-r-m-w-d-im-TVS-Muenster-Muenster-Westfalen-Tieraerztliche-Verrechnungsstelle-NRW-r-V--13189604-inline.html?rltr=521_21_25_seorl_m_0_0_0_0_0_0","Tierärztliche Verrechnungsstelle NRW r.V.","Münster Westfalen","legacy","2026-04-15","2026-06-02"
"Rechtsanwaltsfachangestellte/r (m/w/d) in Teil- oder Vollzeit","https://www.wessel-plueckebaum.de/kanzlei/stellenangebote-rechtsanwaltsfachangestellte-r-m-w-d","Dr. Wessel & Plückebaum PartGmbB Rechtsanwälte | Notare","Paderborn","legacy","2026-04-03","2026-06-02"
"Rechtsanwaltsfachangestellte/r (m/w/d) in Teil- oder Vollzeit","https://www.stepstone.de/stellenangebote--Rechtsanwaltsfachangestellte-r-m-w-d-in-Teil-oder-Vollzeit-Essen-Ruhr-Iris-Kissing-Rechtsanwaeltin--13289961-inline.html?rltr=342_17_25_seorl_m_0_0_0_0_0_0","Iris Kissing Rechtsanwältin","Essen Ruhr","legacy","2026-04-24","2026-06-02"
"Rechtsanwaltsfachangestellte/r (m/w/d) in Teilzeit","https://lskf.de/karriere/rechtsanwaltsfachangestellte-r-m-w-d-in-teilzeit","KIENLE & FRECHE Rechtsanwälte in Bürogemeinschaft","Koblenz","legacy","2026-04-03","2026-06-02"
"Rechtsanwaltsfachangestellte/r (m/w/d) in Voll- oder Teilzeit","https://anwaltskanzlei-kwk.de/rechtsanwaltsfachangestellte-r-m-w-d","Klemm & Wolfgramm & Kollegen","Stuttgart","legacy","2026-04-03","2026-06-02"
"Rechtsanwaltsfachangestellte/r (m/w/d) in Voll- und Teilzeit","https://www.harte-bavendamm.de/jobs/rechtsanwaltsfachangestellte","HARTE-BAVENDAMM Rechtsanwälte Partnerschaftsgesellschaft mbB","Hamburg","legacy","2026-04-03","2026-06-02"
"Rechtsanwaltsfachangestellte/r (m/w/d) in Vollzeit","https://pauls-coerper.de/kanzlei/karriere/rechtsanwaltsfachangestellte-r-m-w-d","Pauls Cörper Rechtsanwälte PartGmbB","Krefeld","legacy","2026-04-03","2026-06-02"
"Rechtsanwaltsfachangestellte/r (m/w/d) in Vollzeit","https://www.mwlg.de/rechtsanwaltsfachangestellte-n-m-w-d-in-vollzeit-gesucht","Rechtsanwaltskanzlei Mottl, Wilhelm, Leopold, Gurk, Sues, Köhn","Würzburg","legacy","2026-04-03","2026-06-02"
"Rechtsanwaltsfachangestellte/r (m/w/d) – Standort Regensburg","https://www.stepstone.de/stellenangebote--Rechtsanwaltsfachangestellte-r-m-w-d-Standort-Regensburg-Regensburg-Rechtsanwaltskanzlei-Maximilian-Hufnagel-Muenchen--13899032-inline.html?rltr=278_3_25_seorl_m_0_0_0_0_1_0","Rechtsanwaltskanzlei Maximilian Hufnagel München","Regensburg","legacy","2026-04-26","2026-06-02"
"Rechtsanwaltsfachangestellte/r (m/w/divers) Standort Dinslaken","https://www.stepstone.de/stellenangebote--Rechtsanwaltsfachangestellte-r-m-w-divers-Standort-Dinslaken-Dinslaken-Thomas-Blatt-Rechtsanwaltsaktienges--13908605-inline.html?rltr=542_17_25_seorl_m_0_0_0_0_0_0","Thomas Blatt Rechtsanwaltsaktienges.","Dinslaken","legacy","2026-04-14","2026-06-02"
"Rechtsanwaltsfachangestellte/r (w/m/d)","https://www.stepstone.de/stellenangebote--Rechtsanwaltsfachangestellte-r-w-m-d-Muenster-Westfalen-Meisterernst-Duesing-Manstetten-Partnerschaft-von-Rechtsanwaeltinnen-und-Rechtsanwaelten-mbB--13861777-inline.html?rltr=453_3_25_seorl_m_0_0_0_0_1_0","Meisterernst Düsing Manstetten Partnerschaft von Rechtsanwältinnen und Rechtsanwälten mbB","Münster Westfalen","legacy","2026-04-18","2026-06-02"
"Rechtsanwaltsfachangestellte/r (w/m/d)","https://www.sk-partner.de/Anwalt_Kontakt_Karriere_de.html","SCHULZ KLUGE PARTNER, Rechtsanwälte","Berlin","legacy","2026-04-05","2026-06-02"
"Rechtsanwaltsfachangestellte/r (w/m/d)","https://schulte-prasse.de/rechtsanwaltsfachangestellter","Schulte & Prasse Rechtsanwälte Partnerschaftsgesellschaft mbB","Braunschweig","legacy","2026-04-02","2026-06-02"
"Rechtsanwaltsfachangestellte/r - Sachbearbeiter/-in Forderungsbeitreibung/Inkasso (m/w/d)","http://www.medavo.de/karriere?view=article&id=97%3Asachbearbeiter-in-m-w-d-forderungsbeitreibung-inkasso&catid=12","medavo GmbH Rechtsanwaltsgesellschaft","Glinde","legacy","2026-04-03","2026-06-02"
"Rechtsanwaltsfachangestellte/r / Rechtsanwalts- und Notarfachangestellte/r (ReNo/ReFa) (m/w/d)","https://eins5acht.de/karriere/rechtsanwaltsfachangestellte-r-rechtsanwalts-und-notarfachangestellte-r-reno-refa-m-w-d","EINSFÜNFACHT | Rechtsanwälte Notare","Hannover","legacy","2026-04-03","2026-06-02"
"Rechtsanwaltsfachangestellte/r / Rechtsanwalts- und Notarfachangestellte/r (m/w/d) gesucht!","https://www.stepstone.de/stellenangebote--Rechtsanwaltsfachangestellte-r-Rechtsanwalts-und-Notarfachangestellte-r-m-w-d-gesucht-Loeningen-MTM-Rechtsanwaltskanzlei-GbR-MTM-MoellerTrommler-Moorkamp--13860472-inline.html?rltr=150_150_25_seorl_m_0_0_0_0_1_0","MTM Rechtsanwaltskanzlei GbR MTM MöllerTrommler Moorkamp","Löningen","legacy","2026-04-18","2026-06-02"
"Rechtsanwaltsfachangestellte/r / Rechtsfachwirt/in (m/w/d)","https://kanzlei-dr-guth.de/karriere","Dr. Guth · Beck · Klein · Cymutta Rechtsanwälte Part mbB","Mannheim","legacy","2026-04-03","2026-06-02"
"Rechtsanwaltsfachangestellte/r /Büroassistenz (m/w/d) in unserer Geschäftsstelle in Mosbach in Teilzeit 50%","https://www.stepstone.de/stellenangebote--Rechtsanwaltsfachangestellte-r-Bueroassistenz-m-w-d-in-unserer-Geschaeftsstelle-in-Mosbach-in-Teilzeit-50-Mosbach-VdK-Sozialrechtsschutz-gGmbH-Baden-Wuerttemberg--13865332-inline.html?rltr=12_12_25_seorl_m_0_0_0_0_0_0","VdK Sozialrechtsschutz gGmbH Baden- Württemberg","Mosbach","legacy","2026-04-22","2026-06-02"
"Rechtsanwaltsfachangestellte/r Anwaltssachbearbeitung (m/w/d)","https://www.hbc-anwaelte.de/wp-content/uploads/2025/05/Rechtsanwaltsfachangestellte-Anwaltssachbearbeitung-mwd-004-25.pdf","hbc - Hofbeck, Buchner & Collegen - Rechtsanwälte","Nürnberg","legacy","2026-04-03","2026-06-02"
"Rechtsanwaltsfachangestellte/r in Teilzeit","https://www.voelschau.net/stellenangebote","Dr. Erk Völschau Steuerberater · Rechtsanwalt","Hamburg","legacy","2026-04-03","2026-06-02"
"Rechtsanwaltsfachangestellte/r in Vollzeit","https://www.ra-klingenberg.de/karriere","Kanzlei am Klingenberg","Lübeck","legacy","2026-04-03","2026-06-02"
"Rechtsanwaltsfachangestellte/r in Vollzeit","http://www.kanzlei-ws.de/karriere","Wiese & Schlichting Rechtsanwälte und Steuerberater","Berlin","legacy","2026-04-02","2026-06-02"
"Rechtsanwaltsfachangestellte/r oder Bürokraft (m/w/d) in Vollzeit oder Teilzeit","https://www.stepstone.de/stellenangebote--Rechtsanwaltsfachangestellte-r-oder-Buerokraft-m-w-d-in-Vollzeit-oder-Teilzeit-Saarlouis-Rechtsanwaelte-Georg-Conrad-und-Dr-Lambert-GbR--13907536-inline.html?rltr=301_1_25_seorl_m_0_0_0_0_1_0","Rechtsanwälte Georg Conrad und Dr.Lambert GbR","Saarlouis","legacy","2026-04-14","2026-06-02"
"Rechtsanwaltsfachangestellte/r oder Rechtsfachwirt/in (m/w/d)","http://www.brandi.net/ueber-brandi/karriere/mitarbeiter/bielefeld-rechtsanwaltsfachangestellte-r-oder-rechtsfachwirt-in-m-w-d","BRANDI Rechtsanwälte Partnerschaft mbB","Bielefeld","legacy","2026-04-02","2026-06-02"
"Rechtsanwaltsfachangestellte/r oder Rechtsfachwirt/in (m/w/d) in Vollzeit","http://www.ra-kaesewieter.de/karriere/rechtsanwaltsfachangestellte/r-oder-rechtsfachwirt/in-m/w/d-in-vollzeit","DR. KÄSEWIETER Rechtsanwaltskanzlei","Regensburg","legacy","2026-04-03","2026-06-02"
"Rechtsanwaltsfachangestellte/r oder Rechtsfachwirt/in oder Bürosachbearbeiter/in (m/w/d)","https://spieker-jaeger.de/stellenanzeige/rechtsanwaltsfachangestellte-r-oder-rechtsfachwirt-in-oder-burosachbearbeiter-in-m-w-d","Spieker & Jaeger Rechtsanwälte, Steuerberater, Wirtschaftsprüfer und Notare","Dortmund","legacy","2026-04-02","2026-06-02"
"Rechtsanwaltsfachangestellte/r und Notarfachangestellte/r (m/w/d)","https://de.indeed.com/viewjob?jk=dd68f390917d26be","Cherek Rechtsanwälte und Notar","49074 Osnabrück","legacy","2026-04-16","2026-06-02"
"Rechtsanwaltsfachangestellte/r, Geschäftsstellenverwalter/in, (m/w/d)","https://de.indeed.com/viewjob?jk=cee284157eda3c21","Sozialgericht Nürnberg","90403 Nürnberg","legacy","2026-04-01","2026-06-02"
"Rechtsanwaltsfachangestellte/r, Rechtsfachwirt/in","https://www.rechtsanwaelte-kuhne.de/","Rechtsanwälte Kuhne & Kuhne","Leipzig","legacy","2026-04-03","2026-06-02"
"Rechtsanwaltsfachangestellte:n (m/w/d)","https://erbrechtler.com/karriere","Erbrechtler - Fachkanzlei für Erbrecht PartG mbB Bäßler, Kaiser und Spitz Rechtsanwälte","Mettmann","legacy","2026-04-03","2026-06-02"
"Rechtsanwaltsfachangestellte:r","https://www.recht-schwarz.de/ueber-die-kanzlei/karriere","Kanzlei Schwarz","Bonn","legacy","2026-04-02","2026-06-02"
"Rechtsanwaltsfachangestellte:r","https://sko.legal/ueber-uns/karriere","Streich & Wittke Rechtsanwälte in Partnerschaft mbB","Stuttgart","legacy","2026-04-05","2026-06-02"
"Rechtsanwaltsfachangestellte:r (m/w/d)","https://kanzlei-trilling.de/karriere","Kanzlei Trilling","Mülheim an der Ruhr","legacy","2026-04-03","2026-06-02"
"Rechtsanwaltsfachangestellte:r (m/w/d)","https://www.martin-anwaelte.de/job/rechtsanwaltsfachangestellter-m-w-d","MARTIN RECHTSANWÄLTE","Karlsruhe","legacy","2026-04-03","2026-06-02"
"Rechtsanwaltsfachangestellte:r (m/w/d)","https://www.prigge-recht.de/stellenausschreibungen","Prigge Recht","Düsseldorf","legacy","2026-04-02","2026-06-02"
"Rechtsanwaltsfachangestellte:r (m/w/d)","https://de.indeed.com/viewjob?jk=5b29bd6c80628be6","Rechtsanwaltskanzlei Ramelsberger","94032 Passau","legacy","2026-04-10","2026-06-02"
"Rechtsanwaltsfachangestellte:r (m/w/d)","https://se-legal.de/stellenanzeige-rechtsanwaltsfachangestellte-m-w-d","Schlun & Elseven Lawyers","Aachen","legacy","2026-04-02","2026-06-02"
"Rechtsanwaltsfachangestellte:r (m/w/d) - Kanzlei, die dich Wertschätzt","https://de.indeed.com/viewjob?jk=acf7e7d386de7339","4Chain Consulting","Koblenz","legacy","2026-04-07","2026-06-02"
"Rechtsanwaltsfachangestellte:r (m/w/d) - Ohne dich läuft hier nichts","https://de.indeed.com/viewjob?jk=2a5c68dfb683e0e2","4Chain Consulting","Frankfurt am Main","legacy","2026-03-15","2026-06-02"
"Rechtsanwaltsfachangestellte:r / ReNo/ Sekretär:in mit langjähriger Erfahrung in einer Rechtsanwalts","https://de.indeed.com/viewjob?jk=f1d622325f36dc17","Rechtsanwaltskanzlei Wittlake","12355 Berlin","legacy","2026-04-09","2026-06-02"
"Rechtsanwaltsfachangestellten (m/w/d)","https://wws-law.de/karriere","Waldheim | Rechtsanwälte","Berlin-Wilmersdorf","legacy","2026-04-02","2026-06-02"
"Rechtsanwaltsfachangestellten*/Assistenten* mit Erfahrung in der Anwaltskanzlei","https://jahnhettler.de/kanzlei/karriere/rechtsanwaltsfachangestellter-franfurt-und-muenchen","Jahn Hettler Rechtsanwälte","Frankfurt a. M.","legacy","2026-04-03","2026-06-02"
"Rechtsanwaltsfachangestellten*/Assistenten* mit Erfahrung in der Anwaltskanzlei","https://jahnhettler.de/kanzlei/karriere/rechtsanwaltsfachangestellte-assistent-fuer-muenchen-2","Jahn Hettler Rechtsanwälte","München","legacy","2026-04-03","2026-06-02"
"Rechtsanwaltsfachangestellter","https://anwaltskanzlei-arslan.de/stellenanzeige-rechtsanwaltsfachangestellter-guetersloh","Anwaltskanzlei Arslan","Gütersloh","legacy","2026-04-03","2026-06-02"
"Rechtsanwaltsfachangestellter (m/w/d)","https://www.kanzlei-doganay.de/rechtsanwaltsfachangestellter-m-w-d-in-wiesbaden","Dr. Doganay & Doganay, Notare - Rechtsanwälte - Fachanwälte","Wiesbaden","legacy","2026-04-03","2026-06-02"
"Rechtsanwaltsfachangestellter (m/w/d)","https://fritzundpartner.com/karriere","Fritz & Partner mbB Rechtsanwälte","Regensburg","legacy","2026-04-05","2026-06-02"
"Rechtsanwaltsfachangestellter (m/w/d)","https://www.gleisslutz.com/de/node/18579","Gleiss Lutz","Düsseldorf","legacy","2026-04-02","2026-06-02"
"Rechtsanwaltsfachangestellter (m/w/d)","https://www.hlb-hussmann.de/project/rechtsanwaltsfachangestellter-m-w-d","HLB HUSSMANN Rechtsanwälte","Nürnberg","legacy","2026-04-03","2026-06-02"
"Rechtsanwaltsfachangestellter (m/w/d)","https://snp.law/stellenangebote/rechtsanwaltsfachangestellter-m-w-d-in-teilzeit","SNP Schlawien Partnerschaft mbB","München","legacy","2026-05-05","2026-06-02"
"Rechtsanwaltsfachangestellter (m/w/d)","https://www.stepstone.de/stellenangebote--Rechtsanwaltsfachangestellter-m-w-d-Groebenzell-meinestadt-de--13866560-inline.html?rltr=52_2_25_seorl_m_0_0_0_0_0_0","meinestadt.de","Gröbenzell","legacy","2026-04-22","2026-06-02"
"Rechtsanwaltsfachangestellter (m/w/d)","https://www.stepstone.de/stellenangebote--Rechtsanwaltsfachangestellter-m-w-d-Muenster-yourCurator-Hausverwaltung-GmbH--13927086-inline.html?rltr=76_1_25_seorl_m_0_0_0_0_1_0","yourCurator Hausverwaltung GmbH","Münster","legacy","2026-04-19","2026-06-02"
"Rechtsanwaltsfachangestellter (m/w/d) - Flexibel (Minijob, Teilzeit, Vollzeit)","https://de.indeed.com/viewjob?jk=49d8d41eb5e68dbd","Stier24","28717 Bremen","legacy","2026-04-09","2026-06-02"
"Rechtsanwaltsfachangestellter (m/w/d) im Presse- und Medienrecht","https://www.stepstone.de/stellenangebote--Rechtsanwaltsfachangestellter-m-w-d-im-Presse-und-Medienrecht-Berlin-Schertz-Bergmann-Rechtsanwaelte-Partnerschaft-mbB--13836924-inline.html?rltr=124_24_25_seorl_m_0_0_0_0_1_0","Schertz Bergmann Rechtsanwälte Partnerschaft mbB","Berlin","legacy","2026-04-14","2026-06-02"
"Rechtsanwaltsfachangestellter / Assistent (w/m/d) - Düsseldorf","https://de.indeed.com/viewjob?jk=8c2f379432f197eb","Hoffmann Eitle","40210 Düsseldorf","legacy","2026-02-23","2026-06-02"
"Rechtsanwaltsfachangestellter / Jurist – Patente / Vertragswesen (m/w/d)","https://www.stepstone.de/stellenangebote--Rechtsanwaltsfachangestellter-Jurist-Patente-Vertragswesen-m-w-d-Bielefeld-Sprick-GmbH-Bielefelder-Papier-und-Wellpappenwerke-Co--13699133-inline.html?rltr=202_2_25_seorl_m_0_0_0_0_0_0","Sprick GmbH Bielefelder Papier- und Wellpappenwerke & Co.","Bielefeld","legacy","2026-03-28","2026-06-02"
"Rechtsanwaltsfachangestellter / Rechtsfachwirt (m/w/d)","https://snp.law/stellenangebote/rechtsanwaltsfachangestellter-rechtsfachwirt-m-w-d","SNP Schlawien Partnerschaft mbB","Stuttgart","legacy","2026-05-05","2026-06-02"
"Rechtsanwaltsfachangestellter / geprüfter Rechtsfachwirt (m/w/d)","https://de.indeed.com/viewjob?jk=86be413f7843680d","Volksbank eG - Die Gestalterbank","Offenburg","legacy","2026-01-13","2026-06-02"
"Rechtsanwaltsfachangestellter oder Rechtsfachwirt (m/w/d)","https://gencer-coll.de/kanzlei/jobs/rechtsanwaltsfachangestellter-oder-rechtsfachwirt-m-w-d","gençer & coll. Rechtsanwälte und Steuerberater Berlin","Antalya","legacy","2026-04-05","2026-06-02"
"Rechtsanwaltsfachengestellte(r) (m/w/d)","http://rak-ffm.de/anzeigenmarkt/detailseite/rechtsanwaltsfachangestellte-n-m-w-d-knarr-knopp-milde-netuschil-zimmer-rechtsanwaelte-partg-mbb","Knarr & Knopp Milde Netuschil Zimmer Rechtsanwälte Notare Fachanwälte","Griesheim","legacy","2026-04-02","2026-06-02"
"Rechtsanwaltsfachgestellte/r (w/m/d)","https://www.stepstone.de/stellenangebote--Rechtsanwaltsfachgestellte-r-w-m-d-Frankfurt-am-Main-Dolce-Lauda-Rechtsanwaelte-Avvocati-Partnerschaftsges-mbB--13913022-inline.html?rltr=870_20_25_seorl_m_0_0_0_0_0_0","Dolce Lauda Rechtsanwälte Avvocati Partnerschaftsges. mbB","Frankfurt am Main","legacy","2026-04-15","2026-06-02"
"Rechtsanwaltsgehilfe m/w/d","https://fragwerner.de/jobs-karriere","Dittenheber & Werner Rechtsanwälte","München","legacy","2026-04-03","2026-06-02"
"Rechtsanwält(innen) im Bereich des Immobilienrechtes","https://www.kanzlei-ramm.de/","Immobilienkanzlei Ramm","Hamburg","legacy","2026-04-03","2026-06-02"
"Rechtsanwält*in (m,w,d)","https://www.rae-westenhellweg.de/","Rechtsanwälte am Westenhellweg","Dortmund","legacy","2026-04-05","2026-06-02"
"Rechtsanwält*in (m/w/d) – Migrationsrecht / Ausländerrecht / Asylrecht / Einbürgerungsrecht","https://oezkan.legal/karriere/rechtsanwaeltin-m-w-d-migrationsrecht-auslaenderrecht-asylrecht-einbuergerungsrecht","Rechtsanwalt Zafer Özkan","Offenbach am Main","legacy","2026-04-03","2026-06-02"
"Rechtsanwält*innen (m/w/d)","https://verkehrsrecht-bs.de/wp-content/uploads/2025/06/A4_Stellenausschreibung_RA.pdf","Rischmüller & Seide Rechtsanwaltskanzlei","Braunschweig","legacy","2026-04-02","2026-06-02"
"Rechtsanwält*innen in Teilzeit (M/W/D)","https://www.sva-recht.de/karriere/stelle/0","SvA Schneiders von Arnim Rechtsanwälte Partnerschaft mbB","Düsseldorf","legacy","2026-04-02","2026-06-02"
"Rechtsanwält/in für den Bereich Insolvenzverwaltung (m/w/d)","https://www.atn-ra.de/kanzlei/karriere/rechtsanwalt-insolvenzverwaltung","ATN D'AVOINE TEUBLER NEU Rechtsanwälte","Köln","legacy","2026-04-03","2026-06-02"
"Rechtsanwält:in (m/w/d)","http://www.arbeitsrecht-am-wall.de/de/karriere","Sieling Winter & Partner","Bremen","legacy","2026-04-02","2026-06-02"
"Rechtsanwält:innen (w/m/d)","https://fuchsrohrbach.de/wp-content/uploads/2023/09/Stellenanzeige-Rechtsanwalt-2023.pdf","fuchsrohrbach Rechtsanwälte PartmbB","Hamburg","legacy","2026-04-03","2026-06-02"
"RechtsanwältIn (m/w/d) – Immobilienrecht","https://jur-law.de/karriere","JUR | URBAN Rechtsanwaltsgesellschaft mbH - Kanzlei für Immobilienrecht und Arbeitsrecht","Berlin","legacy","2026-04-02","2026-06-02"
"Rechtsanwälte","https://career.mtrlegal.com/stellenangebote/rechtsanwaelte","MTR Legal Rechtsanwälte","Aachen","legacy","2026-04-02","2026-06-02"
"Rechtsanwälte","https://www.stepstone.de/stellenangebote--Rechtsanwaelte-Duesseldorf-Deutschland-Rellermeyer-Partner-Rechtsanwaelte-PartGmbB--12486005-inline.html?rltr=582_7_25_seorl_m_0_0_0_0_1_0","Rellermeyer Partner Rechtsanwälte PartGmbB","Düsseldorf, Deutschland","legacy","2026-04-14","2026-06-02"
"Rechtsanwälte","https://stock-partner.eu/karriere","Stock + Partner Rechtsanwälte mbB","Hannover","legacy","2026-04-05","2026-06-02"
"Rechtsanwälte","https://www.strafrecht-bundesweit.de/strafrecht-kanzlei-dr-boettner/karriere-im-strafrecht/stellenausschreibung-rechtsanwaelte-mw","Strafverteidiger Dr. Böttner - Rechtsanwalt, Fachanwalt für Strafrecht","Frankfurt am Main","legacy","2026-04-02","2026-06-02"
"Rechtsanwälte","https://www.bwlh.de/anwaltskanzlei/Anwaltsnews/Stellenangebote/Rechtsanwalte/rechtsanwalte.html","horak Rechtsanwälte","Berlin","legacy","2026-04-03","2026-06-02"
"Rechtsanwälte","http://www.bwlh.de/anwaltskanzlei/Anwaltsnews/Stellenangebote/Rechtsanwalte/rechtsanwalte.html","horak Rechtsanwälte/Fachanwälte/Patentanwälte München","Berlin","legacy","2026-04-03","2026-06-02"
"Rechtsanwälte (m/w/d)","https://de.indeed.com/viewjob?jk=0101b9794f189b3b","CMS Hasche Sigle Partnerschaft von Rechtsanwälten und Steuerberatern mbB","Stuttgart","legacy","2025-09-29","2026-06-02"
"Rechtsanwälte (m/w/d)","https://kunst-kulturrecht.de/stellenangebote/stellenangebot-rechtsanwaelte-m-w-d","Fachanwältin Katharina Gitmann - horak Rechtsanwälte Düsseldorf","Berlin","legacy","2026-04-02","2026-06-02"
"Rechtsanwälte (m/w/d)","https://gelbke-rechtsanwaelte.de/karriere","Gelbke Rechtsanwälte - Moers","Düsseldorf","legacy","2026-04-03","2026-06-02"
"Rechtsanwälte (m/w/d)","https://www.grueter.de/de/rechtsanwaelte-mwd","Grüter Hamm Münster PartGmbB","Duisburg","legacy","2026-04-03","2026-06-02"
"Rechtsanwälte (m/w/d)","http://www.grueter.de/de/rechtsanwaelte-mwd","Grüter Rechtsanwälte PartGmbB","Duisburg","legacy","2026-04-02","2026-06-02"
"Rechtsanwälte (m/w/d)","http://hfk.de/karriere/stellenanzeigen/detail/rechtsanwaelte-berufsbild","HFK Rechtsanwälte PartGmbB","Berlin","legacy","2026-04-02","2026-06-02"
"Rechtsanwälte (m/w/d)","https://www.stepstone.de/stellenangebote--Rechtsanwaelte-m-w-d-Siegburg-Hartmut-Goeddecke-Kanzlei-Goeddecke--13123682-inline.html?rltr=584_9_25_seorl_m_0_0_0_0_0_0","Hartmut Göddecke Kanzlei Göddecke","Siegburg","legacy","2026-04-14","2026-06-02"
"Rechtsanwälte (m/w/d)","https://kraft-strafrecht.de/karriere","KRAFT. Rechtsanwälte","Mönchengladbach","legacy","2026-04-03","2026-06-02"
"Rechtsanwälte (m/w/d)","https://www.kunzrechtsanwaelte.de/kanzlei/karriere/rechtsanwaelte","KUNZ Rechtsanwälte Partnerschaft mbB","Koblenz/Köln/Mainz/Düsseldorf/Frankfurt/Stuttgart","legacy","2026-05-05","2026-06-02"
"Rechtsanwälte (m/w/d)","https://www.kahlert-padberg.de/rechtsanwaelte","Kahlert Padberg Rechtsanwälte Fachanwälte Partnerschaft mbB","Halle","legacy","2026-04-03","2026-06-02"
"Rechtsanwälte (m/w/d)","https://kapellmann.de/de/karriere/rechtsanwaelte-m/w/d","Kapellmann und Partner Rechtsanwälte mbB","Düsseldorf","dom","2026-04-02","2026-06-02"
"Rechtsanwälte (m/w/d)","https://www.mock-rechtsanwaelte.de/karriere/rechtsanwaelte-m-w-d","MOCK Rechtsanwälte & Notare","Berlin","legacy","2026-04-02","2026-06-02"
"Rechtsanwälte (m/w/d)","https://www.caspers-mock.de/stellenangebote/anwaelte.html","Rechtsanwälte Dr. Caspers, Mock und Partner mbB Mainz","Bonn","legacy","2026-04-03","2026-06-02"
"Rechtsanwälte (m/w/d)","http://www.riverside.de/karriere/rechtsanwaelte-m/w/d","Riverside Rechtsanwälte Partnerschaft mbB","Hamburg","legacy","2026-04-03","2026-06-02"
"Rechtsanwälte (m/w/d)","https://www.schleifenbaum-adler.de/karriere/rechtsanwaelte","Schleifenbaum & Adler","Siegen","legacy","2026-04-03","2026-06-02"
"Rechtsanwälte (m/w/d)","https://stenger.legal/career","Stenger Rechtsanwälte","Berlin","legacy","2026-04-05","2026-06-02"
"Rechtsanwälte (m/w/d)","https://de.indeed.com/viewjob?jk=9546b3da21849bde","Wengenstein Rechtsanwälte","56218 Mülheim-Kärlich","legacy","2025-07-24","2026-06-02"
"Rechtsanwälte (m/w/d) - Allgemeine Haftpflicht sowie Verkehrszivilrecht","http://www.dr-eick.de/index.php?module=jobs&amp%3Bindex%5Bjobs%5D%5Baction%5D=details&amp%3Bindex%5Bjobs%5D%5Bdata%5D%5Bjobs_id%5D=13","Dr. Eick & Partner Rechtsanwälte Partnerschaft mbB","Bochum","legacy","2026-04-03","2026-06-02"
"Rechtsanwälte (m/w/d) Dispute Resolution","https://www.gleisslutz.com/de/node/245","Gleiss Lutz","Frankfurt","legacy","2026-04-02","2026-06-02"
"Rechtsanwälte (m/w/d) Finanz- und Kapitalmarktrecht","https://www.stepstone.de/stellenangebote--Rechtsanwaelte-m-w-d-Finanz-und-Kapitalmarktrecht-Mainz-am-Rhein-BETTE-WESTENBERGER-BRINK--13912813-inline.html?rltr=557_7_25_seorl_m_0_0_0_0_0_0","BETTE - WESTENBERGER - BRINK","Mainz am Rhein","legacy","2026-04-15","2026-06-02"
"Rechtsanwälte (m/w/d) Japan-Team","https://www.gleisslutz.com/de/node/237","Gleiss Lutz","Berlin","legacy","2026-04-02","2026-06-02"
"Rechtsanwälte (m/w/d) Kartellrecht","https://www.gleisslutz.com/de/node/18581","Gleiss Lutz","Brüssel","legacy","2026-04-02","2026-06-02"
"Rechtsanwälte (m/w/d) für den Bereich Zivilrecht","https://de.indeed.com/viewjob?jk=c58f00452630af34","Dr. Kroll & Partner Rechtsanwälte mbB","78628 Rottweil","legacy","2026-02-06","2026-06-02"
"Rechtsanwälte (m/w/d) im Bereich des Pharmarechts & Medizinprodukterechts / Healthcare & Life Sciences","https://www.stepstone.de/stellenangebote--Rechtsanwaelte-m-w-d-im-Bereich-des-Pharmarechts-Medizinprodukterechts-Healthcare-Life-Sciences-Duesseldorf-NOVACOS-Rechtsanwaelte--10904636-inline.html?rltr=9_9_25_seorl_m_0_0_0_0_1_0","NOVACOS Rechtsanwälte","Düsseldorf","legacy","2026-04-25","2026-06-02"
"Rechtsanwälte (m/w/d) im Presse- & Äußerungsrecht sowie im Marken- & Wettbewerbsrecht","http://www.hoecker.eu/karriere","HÖCKER Rechtsanwälte PartGmbB","Köln","legacy","2026-04-03","2026-06-02"
"Rechtsanwälte (m/w/d) im Presse- & Äußerungsrecht sowie im Wettbewerbsrecht","https://www.steinhoefel.de/stellenangebote","Rechtsanwälte Steinhöfel","Hamburg","legacy","2026-04-03","2026-06-02"
"Rechtsanwälte (m/w/d) im Vertragsrecht","https://www.lieb-online.com/stellenangebote/stellenangebote","LIEB.Rechtsanwälte","Erlangen","legacy","2026-04-02","2026-06-02"
"Rechtsanwälte (m/w/x)","https://www.anwalt-leverkusen.de/kanzlei/offene-stelle/rechtsanwaelte-m-w-x.html","Anwaltskanzlei Lenné","Leverkusen","legacy","2026-04-03","2026-06-02"
"Rechtsanwälte (m|w|d)","http://www.puplick-partner.de/images/jobs-karriere/Puplick_Stellenanzeige2023_01.pdf","Lawyers Dr. Puplick & Partner GbR","Dortmund","legacy","2026-04-02","2026-06-02"
"Rechtsanwälte Bank- und Finanzrecht (m/w/d)","https://www.gleisslutz.com/de/node/242","Gleiss Lutz","Frankfurt","legacy","2026-04-02","2026-06-02"
"Rechtsanwälte Private Clients","https://career.mtrlegal.com/stellenangebote/rechtsanwaelte-private-clients","MTR Legal Rechtsanwälte","Aachen","legacy","2026-04-02","2026-06-02"
"Rechtsanwälte für Bürogemeinschaft","https://www.rakanzlei-kohlhaas.de/stellenboerse","Anwaltskanzlei Christian Kohlhaas","Dinslaken","legacy","2026-04-02","2026-06-02"
"Rechtsanwälte für alle Bereiche (m/w/d)","https://www.haver-mailaender.de/user/pages/05.karriere/pdf/Haver und Mailaender Stellenanzeige_Rechtsanwälte für alle Bereiche.pdf","HAVER & MAILÄNDER Rechtsanwälte Partnerschaft mbB","Stuttgart","legacy","2026-04-05","2026-06-02"
"Rechtsanwälte mit Berufserfahrung (m/w/d)","https://www.engar.de/karriere/rechtsanwaelte-mit-berufserfahrung","EnGarde. Rechtsanwälte PartG mbB","Reutlingen","legacy","2026-04-03","2026-06-02"
"Rechtsanwälte und Rechtsanwältinnen","http://www.rugekroemer.de/karriere/rechtsanwaelte-und-rechtsanwaeltinnen","rugekrömer Arbeitsrecht.","Hamburg","legacy","2026-04-03","2026-06-02"
"Rechtsanwälte und Referendare für Bau- und Architektenrecht (m/w/d)","https://jahnhettler.de/kanzlei/karriere/rechtsanwaelte-muenchen-frankfurt-am-main","Jahn Hettler Rechtsanwälte","Frankfurt a. M.","legacy","2026-04-03","2026-06-02"
"Rechtsanwälte/innen (m/d/w)","http://www.linkedin.com/jobs/view/rechtsanwalt-at-rechtsanw%C3%A4lte-f%C3%B6rster-blob-4266233805","Riedl Andreas Rechtsanwalt, Fachanwalt für Strafrecht, Verkehrsrecht und Versicherungsrecht","Nürnberg","legacy","2026-04-03","2026-06-02"
"Rechtsanwältin","http://www.rahaizmann.de/rechtsanwaeltin-julia-rubner","Anwaltskanzlei Haizmann & Büttner","Regensburg","legacy","2026-04-03","2026-06-02"
"Rechtsanwältin (m/w/d)","http://www.himmelreither.de/karriere/rechtsanwaltin-huerth-bei-koeln","HIMMELREITHER Rechtsanwaltskanzlei - Dr. Henseler","Köln","legacy","2026-04-03","2026-06-02"
"Rechtsanwältin (m/w/d)","https://www.stepstone.de/stellenangebote--Rechtsanwaeltin-m-w-d-Hannover-Schulze-Borges-Rechtsanwaelte-Wirtschaftspruefer-Steuerberater-PartGmb--13832682-inline.html?rltr=767_17_25_seorl_m_0_0_0_0_1_0","Schulze-Borges Rechtsanwälte Wirtschaftsprüfer Steuerberater PartGmb","Hannover","legacy","2026-04-12","2026-06-02"
"Rechtsanwältin / Rechtsanwalt","https://www.dr-brunner-partner.de/kontakt/kollegin-kollege-gesucht","Dr. Brunner Partner Rechtsanwälte Partnerschaft mbB","Bonndorf","legacy","2026-04-03","2026-06-02"
"Rechtsanwältin / Rechtsanwalt (m/w/d)","https://blum-koelsch.de/rechtsanwaeltin-rechtsanwalt-m-w-d","Blum & Kölsch Rechtsanwälte","Wuppertal","legacy","2026-04-03","2026-06-02"
"Rechtsanwältin / Rechtsanwalt (m/w/d)","https://www.hos-recht.de/karriere/rechtsanwaeltin-rechtsanwalt-m-w-d","HOS Rechtsanwälte","Stuttgart","legacy","2026-04-03","2026-06-02"
"Rechtsanwältin / Rechtsanwalt (m/w/d)","https://www.liebenstein-law.de/karriere","LIEBENSTEIN LAW – KANZLEI FÜR WIRTSCHAFTSRECHT","Frankfurt am Main","legacy","2026-04-02","2026-06-02"
"Rechtsanwältin / Rechtsanwalt (m/w/d)","https://de.indeed.com/viewjob?jk=fd23e4b25a3e3e30","Rechtsanwälte Dr. Beckstein und Kollegen Partnerschaft mbB","90491 Nürnberg","legacy","2026-04-02","2026-06-02"
"Rechtsanwältin / Rechtsanwalt (m/w/d)","https://www.dr-beckstein.de/karriere-als-anwalt-anwaeltin","Rechtsanwälte Dr. Beckstein und Kollegen Partnerschaft mbB","Nürnberg","legacy","2026-04-03","2026-06-02"
"Rechtsanwältin / Rechtsanwalt (m/w/d)","https://skb-legal.com/job/rechtsanwalt-m-w-d-karlsruhe","SCHORK KAUFFMANN BREMENKAMP - Rechtsanwälte-Fachanwälte","Karlsruhe","legacy","2026-04-03","2026-06-02"
"Rechtsanwältin / Rechtsanwalt (m/w/d)","https://spieker-jaeger.de/stellenanzeige/rechtsanwaeltin-rechtsanwalt-m-w-d","Spieker & Jaeger Rechtsanwälte, Steuerberater, Wirtschaftsprüfer und Notare","Dortmund","legacy","2026-04-02","2026-06-02"
"Rechtsanwältin / Rechtsanwalt (m/w/d) Arbeitsrecht","http://www.brandi.net/ueber-brandi/karriere/rechtsanwaelte/hannover-rechtsanwaeltin-rechtsanwalt-mwd-arbeitsrecht","BRANDI Rechtsanwälte Partnerschaft mbB","Hannover","legacy","2026-04-02","2026-06-02"
"Rechtsanwältin / Rechtsanwalt (m/w/d) Bau-, Architekten- und Vergaberecht","http://www.brandi.net/ueber-brandi/karriere/rechtsanwaelte/bielefeld-rechtsanwaeltin-rechtsanwalt-mwd-bau-architekten-und-vergaberecht","BRANDI Rechtsanwälte Partnerschaft mbB","Bielefeld","legacy","2026-04-02","2026-06-02"
"Rechtsanwältin / Rechtsanwalt (m/w/d) Gesellschaftsrecht und Steuerrecht","http://www.brandi.net/ueber-brandi/karriere/rechtsanwaelte/guetersloh-guetersloh-rechtsanwaeltin-/-rechtsanwalt-m/w/d-gesellschaftsrecht-und-steuerrecht","BRANDI Rechtsanwälte Partnerschaft mbB","Gütersloh","legacy","2026-04-02","2026-06-02"
"Rechtsanwältin / Rechtsanwalt (m/w/d) Gesellschaftsrecht und Transaktionsgeschäft","http://www.brandi.net/ueber-brandi/karriere/rechtsanwaelte/guetersloh-rechtsanwaeltin-/-rechtsanwalt-m/w/d-gesellschaftsrecht-und-transaktionsgeschaeft","BRANDI Rechtsanwälte Partnerschaft mbB","Gütersloh","legacy","2026-04-02","2026-06-02"
"Rechtsanwältin / Rechtsanwalt (m/w/d) Gesellschaftsrecht und Transaktionsgeschäft","http://www.brandi.net/ueber-brandi/karriere/rechtsanwaelte/hannover-rechtsanwalt-mwd-gesellschaftsrecht-und-transaktionsgeschaeft","BRANDI Rechtsanwälte Partnerschaft mbB","Hannover","legacy","2026-04-02","2026-06-02"
"Rechtsanwältin / Rechtsanwalt (m/w/d) Gesellschaftsrecht, Insolvenzrecht und Transaktionsgeschäft (M&A)","http://www.brandi.net/ueber-brandi/karriere/rechtsanwaelte/bielefeld-rechtsanwaeltin-rechtsanwalt-m-w-d-gesellschaftsrecht-insolvenzrecht-und-transaktionsgeschaeft-ma","BRANDI Rechtsanwälte Partnerschaft mbB","Bielefeld","legacy","2026-04-02","2026-06-02"
"Rechtsanwältin / Rechtsanwalt (m/w/d) für Hamburg","https://de.indeed.com/viewjob?jk=c49b6b0d6c597e62","Posikow Kehren Rechtsanwälte Partnerschaft mbB","20354 Hamburg","legacy","2026-03-23","2026-06-02"
"Rechtsanwältin / Rechtsanwalt (m/w/d) im Arbeitsrecht","http://www.brandi.net/ueber-brandi/karriere/rechtsanwaelte/paderborn-rechtsanwaeltin-rechtsanwalt-m-w-d-im-arbeitsrecht","BRANDI Rechtsanwälte Partnerschaft mbB","Paderborn","legacy","2026-04-02","2026-06-02"
"Rechtsanwältin / Rechtsanwalt (m/w/d) im IT- und Datenschutzrecht","https://ll-ip.com/karriere","LoschelderLeisenberg Rechtsanwälte | Markenrecht, Wettbewerbsrecht, Medienrecht, Urheberrecht, Designrecht & IT Recht","München","legacy","2026-04-03","2026-06-02"
"Rechtsanwältin / Rechtsanwalt (m/w/d) mit Schwerpunkt IP-Recht","https://haerting.de/app/uploads/2026/03/Stellenanzeige-RAin-IP-1.pdf","HÄRTING Rechtsanwälte","Berlin","legacy","2026-04-02","2026-06-02"
"Rechtsanwältin / Rechtsanwalt (m/w/d) ziviles Wirtschaftsrecht","http://www.brandi.net/ueber-brandi/karriere/rechtsanwaelte/detmold-rechtsanwaeltin-rechtsanwalt-mwd-ziviles-wirtschaftsrecht","BRANDI Rechtsanwälte Partnerschaft mbB","Detmold","legacy","2026-04-02","2026-06-02"
"Rechtsanwältin / Rechtsanwalt (m/w/d) öffentliches Recht","http://www.brandi.net/ueber-brandi/karriere/rechtsanwaelte/minden-rechtsanwaeltin-rechtsanwalt-mwd-oeffentliches-recht","BRANDI Rechtsanwälte Partnerschaft mbB","Minden","legacy","2026-04-02","2026-06-02"
"Rechtsanwältin / Rechtsanwalt (m/w/d) öffentliches Recht","http://www.brandi.net/ueber-brandi/karriere/rechtsanwaelte/paderborn-rechtsanwaeltin-rechtsanwalt-mwd-oeffentliches-recht","BRANDI Rechtsanwälte Partnerschaft mbB","Paderborn","legacy","2026-04-02","2026-06-02"
"Rechtsanwältin / Rechtsanwalt (m/w/d) – Zivilrecht","https://kws-ac.de/stellenangebote/rechtsanwalt-zivilrecht-baurecht","KWS Rechtsanwälte & Steuerberater","Aachen","legacy","2026-04-05","2026-06-02"
"Rechtsanwältin / Rechtsanwalt als freie(n) Mitarbeiter(in)","https://www.kanzlei-steinwachs.de/karriere","STEINWACHS Rechtsanwaltskanzlei Berlin Mitte Zentrum","Berlin","legacy","2026-04-02","2026-06-02"
"Rechtsanwältin / Wirtschaftsjuristin (m/w/d)","https://www.kanzlei.de/karriere/rechtsanwaeltin-m-w-d-in-dresden-gesucht","esb Rechtsanwälte Emmert, Strewe, Buck, Bücking, Speichert Partnerschaft","Dresden","legacy","2026-04-03","2026-06-02"
"Rechtsanwältin oder Rechtsanwalt (m/w/d)","http://www.rae-vonappen.de/karriere","Anwaltspartnerschaft von Appen, Prof. Dr. Fischer, Prof. Schonebeck mbB und Notare","Oldenburg","legacy","2026-04-03","2026-06-02"
"Rechtsanwältin oder Rechtsanwalt (m/w/d) mit Schwerpunkt Erbrecht","http://www.hollender-partner.de/de/rechtsanwalt-erbrecht-moenchengladbach.html","Hollender Lampe Lampe Rechtsanwälte","Mönchengladbach","legacy","2026-04-03","2026-06-02"
"Rechtsanwältin/ Rechtsanwalt für Baurecht","https://sko.legal/ueber-uns/karriere/rechtsanwalt-rechtsanwaeltin-fuer-immobilienrecht-gesucht-m-w-d","Streich & Wittke Rechtsanwälte in Partnerschaft mbB","Hamburg","legacy","2026-04-03","2026-06-02"
"Rechtsanwältin/ Rechtsanwalt in Bürogemeinschaft","https://www.ihr-anwalt-hamburg.de/karriere-studentenpraktikum-referendarpraktikum-anwaltsstation-referendariatspraktikum.html","Strafverteidigung Lauenburg, Strafverteidiger, Verkehrsrechtsanwalt, Fachanwalt für Strafrecht in Hamburg und bundesweit","Hamburg","legacy","2026-04-03","2026-06-02"
"Rechtsanwältin/Rechtsanwalt","https://kanzlei-braun.net/stellenausschreibung","Kanzlei BRAUN","Darmstadt","legacy","2026-04-02","2026-06-02"
"Rechtsanwältin/Rechtsanwalt","https://www.kanzlei-brueckenstrasse.de/common/info/stellenangebote/index.html","Rechtsanwälte Speth & Frintrup - Fachanwälte und Notar in Hamm","Hamm","legacy","2026-04-03","2026-06-02"
"Rechtsanwältin/Rechtsanwalt","https://www.rsuk.de/stellenanzeige-ra-arbeitsrecht-frankfurt.html","Scheurich & Kollegen Rechtsanwaltsgesellschaft mbH","Frankfurt am Main","legacy","2026-04-02","2026-06-02"
"Rechtsanwältin/Rechtsanwalt (m/w/d)","https://www.stepstone.de/stellenangebote--Rechtsanwaeltin-Rechtsanwalt-m-w-d-Koeln-Ghendler-Ruvinskij-Rechtsanwaltsges-mbH--13882118-inline.html?rltr=471_21_25_seorl_m_0_0_0_0_1_0","Ghendler Ruvinskij Rechtsanwaltsges. mbH","Köln","legacy","2026-04-25","2026-06-02"
"Rechtsanwältin/Rechtsanwalt (m/w/d)","https://www.gollub-klemeyer.de/stellenangebote/rechtsanwaeltin-rechtsanwalt-m-w-d","Gollub Klemeyer Fachanwälte","Bremerhaven","legacy","2026-04-02","2026-06-02"
"Rechtsanwältin/Rechtsanwalt (m/w/d)","https://www.stepstone.de/stellenangebote--Rechtsanwaeltin-Rechtsanwalt-m-w-d-Hamburg-SBS-Legal-Rechtsanwaelte-Schulenberg-Partner--13922782-inline.html?rltr=27_2_25_seorl_m_0_0_0_0_1_0","SBS Legal Rechtsanwälte Schulenberg & Partner","Hamburg","legacy","2026-04-20","2026-06-02"
"Rechtsanwältin/Rechtsanwalt (m/w/d) Arbeitsrecht","https://www.arbeitsrecht-berlin.de/job/jetzt-bewerben-rechtsanwalt-arbeitsrecht-m-w-d-berlin","Bechert Rechtsanwälte Arbeitsrecht","Berlin","legacy","2026-04-02","2026-06-02"
"Rechtsanwältin/Rechtsanwalt (m/w/d) für Handels- und Gesellschaftsrecht und Wirtschaftsrecht","https://skb-legal.com/job/rechtsanwaeltin-rechtsanwalt-m-w-d-fuer-handels-und-gesellschaftsrecht-und-wirtschaftsrecht-karlsruhe","SCHORK KAUFFMANN BREMENKAMP - Rechtsanwälte-Fachanwälte","Karlsruhe","legacy","2026-04-03","2026-06-02"
"Rechtsanwältin/Rechtsanwalt (m/w/d) für privates Bau- und Architektenrecht sowie Miet- und Wohnungseigentumsrecht","https://skb-legal.com/job/rechtsanwaeltin-rechtsanwalt-m-w-d-fuer-privates-bau-und-architektenrecht-sowie-miet-und-wohnungseigentumsrecht-karlsruhe","SCHORK KAUFFMANN BREMENKAMP - Rechtsanwälte-Fachanwälte","Karlsruhe","legacy","2026-04-03","2026-06-02"
"Rechtsanwältin/Rechtsanwalt (m/w/d) im Öffentlichen Wirtschaftsrecht","https://www.gruneberg-rechtsanwaelte.de/karriere/rechtsanwaeltin-rechtsanwalt-m-w-d","Gruneberg Rechtsanwälte","Köln","legacy","2026-04-03","2026-06-02"
"Rechtsanwältin/Rechtsanwalt (w/m/d)","http://www.ra-ax.de/Kontakt/index.html","Bernd Ax Rechtsanwalt","Gelsenkirchen","legacy","2026-04-03","2026-06-02"
"Rechtsanwältin/Rechtsanwalt (w/m/d)","http://www.ra-ax.de/index.html","Bernd Ax Rechtsanwalt","Gelsenkirchen-Buer","legacy","2026-04-05","2026-06-02"
"Rechtsanwältin/Rechtsanwalt (w/m/d)","https://www.kanzlei-nomia.de/kanzlei/karriere","Pflüger Rechtsanwälte GmbH","Frankfurt am Main","legacy","2026-04-02","2026-06-02"
"Rechtsanwältin/Rechtsanwalt (w/m/d)","http://www.iurfriend-kanzlei.de/karriere/job-rechtsanwalt","iurFRIEND Kanzlei","Düsseldorf","legacy","2026-04-02","2026-06-02"
"Rechtsanwältin/Rechtsanwalt für Versicherungsrecht","https://www.juestundoprecht.com/aktuelles/hamburger-kanzlei-sucht-rechtsanwaeltin-rechtsanwalt-w-m-d","JUEST + OPRECHT Rechtsanwälte","Hamburg","legacy","2026-04-03","2026-06-02"
"Rechtsanwältinnen / Rechtsanwälte","https://www.rae-blatt.com/stellenangebote/rechtsanwaeltinnen-rechtsanwaelte","Thomas Blatt Rechtsanwalts AG Dortmund - Rechtsanwälte / Fachanwälte","Dinslaken","legacy","2026-04-02","2026-06-02"
"Rechtsanwältinnen / Rechtsanwälte","http://rae-blatt.com/stellenangebote/rechtsanwaeltinnen-rechtsanwaelte","Thomas Blatt Rechtsanwalts AG Duisburg - Rechtsanwälte / Fachanwälte","Dinslaken","legacy","2026-04-02","2026-06-02"
"Rechtsanwältinnen / Rechtsanwälte","http://www.rae-blatt.de/stellenangebote/rechtsanwaeltinnen-rechtsanwaelte","Thomas Blatt Rechtsanwalts AG München- Rechtsanwälte / Fachanwälte","Dinslaken","legacy","2026-04-03","2026-06-02"
"Rechtsanwältinnen / Rechtsanwälte für den Bereich Bank- und Kapitalmarktrecht","https://malmendier-legal.com/wp-content/uploads/2022/06/Stellenanzeige-RA-Bank-und-Kapitalmarktrecht.pdf","Malmendier Legal","Berlin","legacy","2026-05-05","2026-06-02"
"Rechtsanwältinnen / Rechtsanwälte für den Bereich Öffentliches Wirtschaftsrecht","https://malmendier-legal.com/wp-content/uploads/2026/02/Bildschirmfoto-2026-02-25-um-13.24.02.png.pdf","Malmendier Legal","Berlin","legacy","2026-05-05","2026-06-02"
"Rechtsanwältinnen und Rechtsanwälte","https://glock-liphart-probst.de/karriere/rechtsanwaeltinnen-und-rechtsanwaelte","Glock Liphart Probst & Partner Rechtsanwälte MBB","Zentrale/Unbekannt","legacy","2026-04-03","2026-06-02"
"Rechtsanwältinnen und Rechtsanwälte (m/w/d)","http://www.lauprecht-kiel.de/karriere/rechtsanwaelte","Lauprecht Rechtsanwälte Notare","Kiel","legacy","2026-04-03","2026-06-02"
"Rechtsanwältinnen/Rechtsanwälte","http://www.kp-recht.de/karriere/rechtsanwaeltinnen/rechtsanwaelte","Dr. Kroll & Partner - Law firm Reutlingen","Balingen","legacy","2026-04-03","2026-06-02"
"Rechtsanwältinnen/Rechtsanwälte mit Expertise im Gesellschaftsrecht","https://www.pwk-partner.de/kanzlei/karriere-1","pwk & Partner - Rechtsanwälte mbB - Peikert, Wiedemann, Kroel & Partner","Dortmund","legacy","2026-05-05","2026-06-02"
"Rechtsberater*in / Verbraucherberater*in (m/w/d)","https://www.stepstone.de/stellenangebote--Rechtsberaterin-Verbraucherberaterin-m-w-d-Dresden-Verbraucherzentrale-Sachsen-e-V--13776438-inline.html?rltr=601_1_25_seorl_m_0_0_0_0_1_0","Verbraucherzentrale Sachsen e.V.","Dresden","legacy","2026-04-15","2026-06-02"
"Rechtsberater*in / Verbraucherberater*in (m/w/d)","https://www.stepstone.de/stellenangebote--Rechtsberaterin-Verbraucherberaterin-m-w-d-Zwickau-Verbraucherzentrale-Sachsen-e-V--13925551-inline.html?rltr=585_10_25_seorl_m_0_0_0_0_0_0","Verbraucherzentrale Sachsen e.V.","Zwickau","legacy","2026-04-18","2026-06-02"
"Rechtsberater, Jurist, Volljurist (m, w, d)","https://www.stepstone.de/stellenangebote--Rechtsberater-Jurist-Volljurist-m-w-d-Dresden-Mieterverein-Dresden-und-Umgebung-e-V--13205032-inline.html?rltr=596_21_25_seorl_m_0_0_0_0_0_0","Mieterverein Dresden und Umgebung e.V.","Dresden","legacy","2026-04-16","2026-06-02"
"Rechtsberater/in (m/w/d) Mietrecht","https://www.stepstone.de/stellenangebote--Rechtsberater-in-m-w-d-Mietrecht-Nuernberg-Mittelfranken-Mieter-helfen-Mietern-Nbg-Mietergemeinschaft-e-V--13887990-inline.html?rltr=502_2_25_seorl_m_0_0_0_0_1_0","Mieter helfen Mietern Nbg. Mietergemeinschaft e.V.","Nürnberg Mittelfranken","legacy","2026-04-25","2026-06-02"
"Rechtsfachwirt:in (m/w/d)","https://www.martin-anwaelte.de/job/rechtsfachwirtin-m-w-d","MARTIN RECHTSANWÄLTE","Karlsruhe","legacy","2026-04-03","2026-06-02"
"Rechtsfachwirt:in (m/w/d) mit Führungsambition gesucht: Vollzeit | ab sofort | Hannover","https://www.stepstone.de/stellenangebote--Rechtsfachwirt-in-m-w-d-mit-Fuehrungsambition-gesucht-Vollzeit-ab-sofort-Hannover-Hannover-horak-Rechtsanwaelte-Partnerschaft-mbB--13907618-inline.html?rltr=1873_23_25_seorl_m_0_0_0_0_1_0","horak Rechtsanwälte Partnerschaft mbB","Hannover","legacy","2026-04-14","2026-06-02"
"Rechtsfachwirte","http://it-rechthannover.de/Stellenangebote/Rechtsfachwirte/rechtsfachwirte.html","Franziska Tesoro, horak Rechtsanwälte Berlin","Berlin","legacy","2026-04-02","2026-06-02"
"Rechtsfachwirte","https://www.bwlh.de/anwaltskanzlei/Anwaltsnews/Stellenangebote/Rechtsfachwirte/rechtsfachwirte.html","horak Rechtsanwälte","Berlin","legacy","2026-04-03","2026-06-02"
"Rechtsfachwirte","http://www.bwlh.de/anwaltskanzlei/Anwaltsnews/Stellenangebote/Rechtsfachwirte/rechtsfachwirte.html","horak Rechtsanwälte/Fachanwälte/Patentanwälte München","Berlin","legacy","2026-04-03","2026-06-02"
"Rechtsfachwirte (m/w/d)","https://kunst-kulturrecht.de/stellenangebote/stellenangebot-rechtsfachwirte-m-w-d","Fachanwältin Katharina Gitmann - horak Rechtsanwälte Düsseldorf","Berlin","legacy","2026-04-02","2026-06-02"
"Rechtsfachwirte (m/w/d) in Voll- oder Teilzeit","https://rapraeger.de/rechtsfachwirte-m-w-d-in-voll-oder-teilzeit","Rapraeger, Hoffmann & Partner","Saarbrücken","legacy","2026-04-03","2026-06-02"
"Rechtsfachwirtin - Gleitarbeitszeit & bis zu 48.000 (m/w/d)","https://www.stepstone.de/stellenangebote--Rechtsfachwirtin-Gleitarbeitszeit-bis-zu-48-000-m-w-d-Landsberg-am-Lech-Kanzlei-HERR-inh-Yvonne-Herr--13862035-inline.html?rltr=812_12_25_seorl_m_0_0_0_0_1_0","Kanzlei HERR inh.Yvonne Herr","Landsberg am Lech","legacy","2026-04-18","2026-06-02"
"Rechtspfleger / Justizfachangestellter Digitalisierung (all genders)","https://www.stepstone.de/stellenangebote--Rechtspfleger-Justizfachangestellter-Digitalisierung-all-genders-Muenchen-init-AG-fuer-digitale-Kommunikation--13908687-inline.html?rltr=807_7_25_seorl_m_0_0_0_0_0_0","init[ AG für digitale Kommunikation","München","legacy","2026-04-14","2026-06-02"
"Rechtspfleger / Justizfachangestellter Digitalisierung (all genders)","https://www.stepstone.de/stellenangebote--Rechtspfleger-Justizfachangestellter-Digitalisierung-all-genders-Berlin-init-Aktiengesellschaft-fuer-digitale-Kommunikation--13907805-inline.html?rltr=801_1_25_seorl_m_0_0_0_0_1_0","init[ Aktiengesellschaft für digitale Kommunikation","Berlin","legacy","2026-04-14","2026-06-02"
"Rechtspfleger / Justizfachangestellter Digitalisierung (all genders)","https://www.stepstone.de/stellenangebote--Rechtspfleger-Justizfachangestellter-Digitalisierung-all-genders-Koeln-init-Aktiengesellschaft-fuer-digitale-Kommunikation--13908576-inline.html?rltr=802_2_25_seorl_m_0_0_0_0_0_0","init[ Aktiengesellschaft für digitale Kommunikation","Köln","legacy","2026-04-14","2026-06-02"
"Rechtsrefendar*in","https://www.dk-ra.de/karriere/rechtsreferendar-in","Daryai Kuo & Partner Rechtsanwälte und Notar","Berlin","legacy","2026-04-05","2026-06-02"
"Rechtsreferendar","https://anwaltskanzlei-arslan.de/stellenanzeige-rechtsreferendar-guetersloh","Anwaltskanzlei Arslan","Gütersloh","legacy","2026-04-03","2026-06-02"
"Rechtsreferendar","https://breymann.de/karriere","D. Breymann Rechtsanwälte","Mönchengladbach","legacy","2026-04-03","2026-06-02"
"Rechtsreferendar","https://www.gilliand.de/start.html","Gilliand & Collegen","Mönchengladbach","legacy","2026-04-03","2026-06-02"
"Rechtsreferendar (Anwaltsstation / Wahlstation)","https://rehkatsch.de/kanzlei/rechtsreferendar","REHKATSCH RECHTSANWÄLTE","Berlin","legacy","2026-04-05","2026-06-02"
"Rechtsreferendar (m/w/d)","https://raheinemann.de/ueber-uns","Anwaltskanzlei Heinemann","Magdeburg","legacy","2026-04-03","2026-06-02"
"Rechtsreferendar (m/w/d)","https://www.cornea-franz.de/rechtsreferendar-wuerzburg","Cornea Franz Rechtsanwälte Partnerschaft MBB","Würzburg","legacy","2026-04-05","2026-06-02"
"Rechtsreferendar (m/w/d)","http://www.dr-eick.de/index.php?module=jobs&amp%3Bindex%5Bjobs%5D%5Baction%5D=details&amp%3Bindex%5Bjobs%5D%5Bdata%5D%5Bjobs_id%5D=11","Dr. Eick & Partner Rechtsanwälte Partnerschaft mbB","Hamm","legacy","2026-04-03","2026-06-02"
"Rechtsreferendar (m/w/d)","https://www.sponagel-recht.de/karriere-rechtsreferendar-insolvenzverfahren-m-w-d","Dr. Moritz Sponagel Insolvenzverwalter","Hannover","legacy","2026-04-03","2026-06-02"
"Rechtsreferendar (m/w/d)","http://www.hollender-partner.de/index.php?module=forms&op=download_file&file=%2Fnavigationblocks%2F95%2F95_1041_rechtsreferendar-mwd-fuer-den-standort-moenchengladbach.pdf&filename=rechtsreferendar-mwd-fuer-den-standort-moenchengladbach.pdf","Hollender Lampe Lampe Rechtsanwälte","Mönchengladbach","legacy","2026-04-03","2026-06-02"
"Rechtsreferendar (m/w/d)","https://jasper-law.com/karriere","JASPER Rechtsanwälte","Düsseldorf","legacy","2026-04-02","2026-06-02"
"Rechtsreferendar (m/w/d)","https://www.lks-rechtsanwaelte.de/wer-wir-sind/karriere","LKS Rechtsanwälte - Fachanwälte für Arbeitsrecht","Frankfurt am Main","legacy","2026-04-02","2026-06-02"
"Rechtsreferendar (m/w/d)","http://www.weller-kanzlei.eu/component/content/article/rechtsreferendar-m-w-d.html?catid=9","WELLER Kanzlei für Arbeitsrecht","Stuttgart","legacy","2026-04-03","2026-06-02"
"Rechtsreferendar (m/w/d)","https://activelaw.de/stellenanzeigen/rechtsreferendar-m-w-d","activelaw Offenhausen.Wolter PartmbB","Hannover","legacy","2026-04-03","2026-06-02"
"Rechtsreferendar (m/w/d)","https://haaskoehler.de/jobs","h a a s k ö h l e r Rechtsanwälte und Notar - Strafrecht Arbeitsrecht Mietrecht Baurecht Kassel","Kassel","legacy","2026-04-03","2026-06-02"
"Rechtsreferendar (m/w/d) / Werkstudent (m/w/d)","https://www.kanzlei-doganay.de/rechtsreferendar-m-w-d-werksstudent-m-w-d","Dr. Doganay & Doganay, Notare - Rechtsanwälte - Fachanwälte","Zentrale/Unbekannt","legacy","2026-04-03","2026-06-02"
"Rechtsreferendar (m/w/d) für die Wahlstation","https://www.stepstone.de/stellenangebote--Rechtsreferendar-m-w-d-fuer-die-Wahlstation-Hannover-Clarios-Germany-GmbH-Co-KG--13362206-inline.html?rltr=144_19_25_seorl_s_0_0_0_0_0_0","Clarios Germany GmbH & Co. KG","Hannover","legacy","2026-04-24","2026-06-02"
"Rechtsreferendar (m/w/d) mit Schwerpunkt Prozessrecht","https://www.ra-vogeler.de/die-kanzlei","Vogeler Rechtsanwälte PartG mbB","Hannover","legacy","2026-04-03","2026-06-02"
"Rechtsreferendar (m/w/d) – Anwaltsstation oder Wahlstation mit Schwerpunkt Gesellschafts-, Steuer- bzw. Arbeitsrecht","https://kanzlei-stoelzel.de/rechtsreferendar_wahlstation_anwaltsstation","Kanzlei Stölzel | Stölzel Rechtsanwälte Steuerberater GmbH","Dresden","legacy","2026-04-02","2026-06-02"
"Rechtsreferendar (m/w/d) – Employment Law & Labour Relations","https://www.stepstone.de/stellenangebote--Rechtsreferendar-m-w-d-Employment-Law-Labour-Relations-Essen-ista-SE--13866480-inline.html?rltr=96_21_25_seorl_s_0_0_0_0_0_0","ista SE","Essen","legacy","2026-04-22","2026-06-02"
"Rechtsreferendar (w/m/d)","https://schmidt-laute.de/karriere","RAe. Dr. Schmidt & Laute","Osnabrück","legacy","2026-04-03","2026-06-02"
"Rechtsreferendar (w/m/d)","http://www.iurfriend-kanzlei.de/karriere/job-rechtsreferendar","iurFRIEND Kanzlei","Düsseldorf","legacy","2026-04-02","2026-06-02"
"Rechtsreferendar / Rechtsreferendarin (m/w/d)","https://www.stepstone.de/stellenangebote--Rechtsreferendar-Rechtsreferendarin-m-w-d-Erfurt-WSP-Wintzer-Stauffenberg-Pekruhl-GmbH-Rechtsanwaltsges-Steuerberatungsges--13730060-inline.html?rltr=386_11_25_seorl_s_0_0_0_0_1_0","WSP Wintzer Stauffenberg Pekruhl GmbH Rechtsanwaltsges. Steuerberatungsges.","Erfurt","legacy","2026-04-21","2026-06-02"
"Rechtsreferendar / Rechtsreferendarin (m/w/d) Anwaltsstation / Wahlstation","https://rechtsanwalt-louis.de/karriere","Louis & Michaelis lawyers and defense lawyers","Essen","legacy","2026-04-05","2026-06-02"
"Rechtsreferendar / juristischer Mitarbeiter (m/w/d)","https://www.hos-recht.de/karriere/rechtsreferendar-juristischer-mitarbeiter-1","HOS Rechtsanwälte","Stuttgart","legacy","2026-04-03","2026-06-02"
"Rechtsreferendar für Anwaltsstation / Wahlstation (m/w/d)","https://www.ms-concept.de/jobs/rechtsreferendar-fuer-anwaltsstation","MS Concept Rechtsanwälte | Stuttgart","Backnang","legacy","2026-04-03","2026-06-02"
"Rechtsreferendar für die Wahlstation (m/w/d)","https://www.stepstone.de/stellenangebote--Rechtsreferendar-fuer-die-Wahlstation-m-w-d-Koeln-Stroeer-SE-Co-KGaA--13887413-inline.html?rltr=19_19_25_seorl_m_0_0_0_0_1_0","Ströer SE & Co. KGaA","Köln","legacy","2026-04-25","2026-06-02"
"Rechtsreferendar(in)","https://www.bockrecht.de/die-kanzlei-koeln/stellenangebote-koeln","Bock Rechtsanwälte - Erbrecht & Familienrecht Köln","Köln","legacy","2026-04-03","2026-06-02"
"Rechtsreferendar*in (Pflicht-Praktikum als Wahlstation) Konzerndatenschutz","https://www.stepstone.de/stellenangebote--Rechtsreferendarin-Pflicht-Praktikum-als-Wahlstation-Konzerndatenschutz-Stuttgart-Mercedes-Benz-Group-AG--13877556-inline.html?rltr=17_17_25_seorl_m_0_0_0_0_0_0","Mercedes-Benz Group AG","Stuttgart","legacy","2026-04-24","2026-06-02"
"Rechtsreferendar*in (m/w/d) Urheberrecht/Veranstaltungsrecht","https://michow-ulbricht.de/jobs","Michow&Partner","Hamburg","legacy","2026-04-03","2026-06-02"
"Rechtsreferendar*in (m/w/d) Zivilrecht & Handelsrecht","https://www.paschen.cc/karriere/rechtsreferendar-zivil-zivilprozess-und-handelsrecht","PASCHEN Rechtsanwälte PartGmbB","Zentrale/Unbekannt","legacy","2026-04-02","2026-06-02"
"Rechtsreferendar/-in (m/w/d)","http://www.medavo.de/karriere?view=article&id=104%3Arechtsreferendar-in-m-w-d&catid=12","medavo GmbH Rechtsanwaltsgesellschaft","Glinde","legacy","2026-04-03","2026-06-02"
"Rechtsreferendar/-in (w/m/d)","https://de.indeed.com/viewjob?jk=d906df439b595c9b","Oberlandesgericht Celle, Justiz Niedersachsen","Hildesheim","legacy","2026-02-27","2026-06-02"
"Rechtsreferendar/-in (w/m/d)","https://de.indeed.com/viewjob?jk=57f2b473d88f322e","Oberlandesgericht Celle, Justiz Niedersachsen","Stade","legacy","2025-05-02","2026-06-02"
"Rechtsreferendar/in","https://rohwedder-partner.de/karriere","Rohwedder & Partner","Mainz","legacy","2026-04-03","2026-06-02"
"Rechtsreferendar/in (m/w/d)","https://rechtsanwalt-strafrecht.com/karriere","Schwenn Kruse Georg Rechtsanwälte","Berlin","legacy","2026-04-03","2026-06-02"
"Rechtsreferendar/innen (Anwaltsstation/Wahlstation)","https://www.anwaltsbuero-im-hegarhaus.de/kanzlei/stellenangebote","Anwaltsbüro im Hegarhaus","Freiburg","legacy","2026-04-03","2026-06-02"
"Rechtsreferendar:in (m/w/d) für die Anwaltsstation – Schwerpunkt Zivil- und Gesellschaftsrecht mit Schnittstellen zum Migrationsrecht – Teilzeit für Stuttgart gesucht","https://www.vpmk.de/rechtsreferendarin-m-w-d-fuer-die-anwaltsstation-gesucht","vpmk Rechtsanwälte Legal Services PartmbB","Stuttgart","legacy","2026-04-02","2026-06-02"
"Rechtsreferendar:in (w/m/d)","https://fuchsrohrbach.de/wp-content/uploads/2023/07/Stellenanzeige-Referendar-2023.pdf","fuchsrohrbach Rechtsanwälte PartmbB","Hamburg","legacy","2026-04-03","2026-06-02"
"Rechtsreferendar:in mit Begeisterung für das Immobilienrecht","https://www.kanzlei-ramm.de/rechtsreferendar-in","Immobilienkanzlei Ramm","Hamburg","legacy","2026-04-03","2026-06-02"
"Rechtsreferendar:innen","https://ggr-law.com/karriere/rechtsreferendare-innen","gulden röttger rechtsanwälte","Mainz","legacy","2026-04-03","2026-06-02"
"Rechtsreferendar:innen in der Anwalts- oder Wahlstation","https://www.koko-legal.de/jobs","Kanzlei koko legal - Rechtsanwältinnen in Bürogemeinschaft","Bremen","legacy","2026-04-02","2026-06-02"
"RechtsreferendarIn (Wahl- und/oder Anwaltsstage)","https://www.immobilienrechtler.de/de/Karriere","Kreutzer & Kreuzau Rechtsanwälte PartGmbB - Mietrecht und Wohnungseigentumsrecht in Düsseldorf","Düsseldorf","legacy","2026-04-05","2026-06-02"
"Rechtsreferendare","http://it-rechthannover.de/Stellenangebote/Rechtsreferendare/rechtsreferendare.html","Franziska Tesoro, horak Rechtsanwälte Berlin","Berlin","legacy","2026-04-02","2026-06-02"
"Rechtsreferendare","https://gerber-lorenz.de/","Gerber & Lorenz Rechtsanwälte","München","legacy","2026-04-05","2026-06-02"
"Rechtsreferendare","https://career.mtrlegal.com/stellenangebote/referendare","MTR Legal Rechtsanwälte","Aachen","legacy","2026-04-02","2026-06-02"
"Rechtsreferendare","https://malmendier-legal.com/wp-content/uploads/2023/11/231110-Stellenanzeige-Rechtsreferendare.pdf","Malmendier Legal","Berlin","legacy","2026-05-05","2026-06-02"
"Rechtsreferendare","https://www.kanzlei-cyrus.de/referendariat","Rechtsanwalt Dietmar Cyrus","Hamburg","legacy","2026-04-03","2026-06-02"
"Rechtsreferendare","https://www.mainzer-anwalt.de/rechtsreferendare-2","Rechtsanwälte Hechmat & Kollegen- Fachanwälte I Arbeitsrecht I Familienrecht I Ausländerrecht.","Mainz","legacy","2026-04-03","2026-06-02"
"Rechtsreferendare","https://www.strafrecht-bundesweit.de/strafrecht-kanzlei-dr-boettner/karriere-im-strafrecht/stellenausschreibung-referendare-mw","Strafverteidiger Dr. Böttner - Rechtsanwalt, Fachanwalt für Strafrecht","Frankfurt am Main","legacy","2026-04-02","2026-06-02"
"Rechtsreferendare","http://www.commer-law.de/Karriere/Rechtsreferendare","Vicki Irene Commer","München","legacy","2026-04-03","2026-06-02"
"Rechtsreferendare","https://www.bwlh.de/anwaltskanzlei/Anwaltsnews/Stellenangebote/Rechtsreferendare/rechtsreferendare.html","horak Rechtsanwälte","Berlin","legacy","2026-04-03","2026-06-02"
"Rechtsreferendare","http://www.bwlh.de/anwaltskanzlei/Anwaltsnews/Stellenangebote/Rechtsreferendare/rechtsreferendare.html","horak Rechtsanwälte/Fachanwälte/Patentanwälte München","Berlin","legacy","2026-04-03","2026-06-02"
"Rechtsreferendare (M/W/D)","http://www.axisrechtsanwaelte.de/karriere/rechtsreferendare-m-w-d","axis Rechtsanwälte GmbH Rechtsanwaltsgesellschaft","Köln","legacy","2026-04-03","2026-06-02"
"Rechtsreferendare (m/w)","https://www.sikic.de/karriere","Sikic & Kollegen Rechtsanwälte","Stuttgart","legacy","2026-04-03","2026-06-02"
"Rechtsreferendare (m/w/d)","http://www.krafczyk.de/karriere/rechtsreferendare-m-w-d","Dr. Krafczyk & Partner Rechtsanwälte","Hannover","legacy","2026-04-03","2026-06-02"
"Rechtsreferendare (m/w/d)","https://rechtsanwalt-eroes.de/karriere-jobs","Eroes & Kollegen Rechtsanwälte / Fachanwälte","Regensburg","legacy","2026-04-05","2026-06-02"
"Rechtsreferendare (m/w/d)","https://kunst-kulturrecht.de/stellenangebote/stellenangebot-rechtsreferendare-m-w-d","Fachanwältin Katharina Gitmann - horak Rechtsanwälte Düsseldorf","Berlin","legacy","2026-04-02","2026-06-02"
"Rechtsreferendare (m/w/d)","http://www.geiersberger.de/karriere-rechtsreferendare-wimi.htm","Geiersberger Glas & Partner mbB Rechtsanwälte Rostock","Rostock","legacy","2026-04-03","2026-06-02"
"Rechtsreferendare (m/w/d)","https://kanzlei-doszna.de/wp-content/uploads/2025/07/Stellenanzeige.pdf","Kanzlei Doszna","Aachen","legacy","2026-04-02","2026-06-02"
"Rechtsreferendare (m/w/d)","https://www.kanzlei-hasselbach.de/stellenangebote/rechtsreferendare","Kanzlei Hasselbach","Köln","legacy","2026-04-02","2026-06-02"
"Rechtsreferendare (m/w/d)","https://natalello.de/karriere","NATALELLO - Rechtsanwalt für Arbeitsrecht & Wirtschaftsrecht","Mainz","legacy","2026-04-03","2026-06-02"
"Rechtsreferendare (m/w/d)","https://www.ratzel-rechtsanwaelte.de/karriere","Ratzel Rechtsanwälte","München","legacy","2026-04-03","2026-06-02"
"Rechtsreferendare (m/w/d)","http://www.dortmund-anwalt.de/jobs/rechtsreferendare","Rechtsanwalt Tobias Eskowitz","Dortmund","legacy","2026-04-02","2026-06-02"
"Rechtsreferendare (m/w/d)","https://www.caspers-mock.de/stellenangebote/rechtsreferendare.html","Rechtsanwälte Dr. Caspers, Mock und Partner mbB Mainz","Bonn","legacy","2026-04-03","2026-06-02"
"Rechtsreferendare (m/w/d)","https://www.elblaw.de/karriere","elblaw Rechtsanwälte","Hamburg","legacy","2026-04-05","2026-06-02"
"Rechtsreferendare (m/w/d)","https://www.kanzlei.de/karriere/rechtsreferendare-in-dresden-gesucht","esb Rechtsanwälte Emmert, Strewe, Buck, Bücking, Speichert Partnerschaft","Dresden","legacy","2026-04-03","2026-06-02"
"Rechtsreferendare (m/w/d) als wissenschaftliche Mitarbeiter oder Stationsreferendare","https://melzer-penteridis.de/karriere","Melzer Penteridis Kampe Rechtsanwälte PartGmbB","Bad Lippspringe","legacy","2026-04-03","2026-06-02"
"Rechtsreferendare (m/w/d) für Anwalts- oder Wahlstation","https://www.herbst-broecker.de/karriere-ref","Herbst Bröcker Rechtsanwälte","Berlin","legacy","2026-04-02","2026-06-02"
"Rechtsreferendare (m/w/x)","https://www.anwalt-leverkusen.de/kanzlei/offene-stelle/rechtsreferendar-in-m-w-x.html","Anwaltskanzlei Lenné","Leverkusen","legacy","2026-04-03","2026-06-02"
"Rechtsreferendare (m|w|d)","http://www.puplick-partner.de/images/jobs-karriere/Puplick_Stellenanzeige2023_05.pdf","Lawyers Dr. Puplick & Partner GbR","Dortmund","legacy","2026-04-02","2026-06-02"
"Rechtsreferendare (w/m) zur Ausbildung in der Rechtsanwaltsstation und/oder Wahlstation","https://tyskret.com/wp-content/uploads/2018/02/Sagawe-und-Klages-Stellenanzeige-Referendarstation-2018.pdf","Sagawe & Klages Rechtsanwälte Partnerschaftsgesellschaft mbB","Hamburg","legacy","2026-04-03","2026-06-02"
"Rechtsreferendare für Anwalts- oder Wahlstation (m/w/d)","https://seifert-baer.de/karriere","Seifert Bär Rechtsanwälte Partnerschaft mbB","Nürnberg","legacy","2026-04-03","2026-06-02"
"Rechtsreferendare in der Anwalts- oder Wahlstation (m/w/d)","https://rechtsanwalt-erhard.de/karriere","erhard.rechtsanwälte Fachanwälte für IT- und Strafrecht","München","legacy","2026-04-03","2026-06-02"
"Rechtsreferendare m/w/d","https://www.bwr-partner.de/rechtsanwalt-regensburg/stellenangebote","Brenninger Welnhofer Riedel & Partner Rechtsanwälte","Regensburg","legacy","2026-04-03","2026-06-02"
"Rechtsreferendare/innen","http://www.mrd-legal.de/karriere.html","MRD Rechtsanwälte","Köln","legacy","2026-04-03","2026-06-02"
"Rechtsreferendariat","https://www.brinkmeier-partner.de/referendariat","Brinkmeier und Partner","Hamburg","legacy","2026-04-05","2026-06-02"
"Rechtsreferendariat","https://www.wbs.legal/karriere/rechtsreferendariat/jobs","WBS LEGAL","Köln","legacy","2026-04-05","2026-06-02"
"Rechtsreferendariat (m/w/d)","https://delorette.de/jobs/rechtsreferndariat-m-w-d","ANWALTSKANZLEI DELORETTE","Wuppertal","legacy","2026-04-05","2026-06-02"
"Rechtsreferendariat im Steuerrecht","https://www.ludwigwollweberbansch.de/karriere","Ludwig Wollweber Bansch - Rechtsanwälte, Notare, Steuerberater","Hanau","legacy","2026-04-02","2026-06-02"
"Rechtsreferendariat: Anwaltsstation und Wahlstation","https://www.strafrecht.hamburg/karriere/referendariat","SCHNEIDER || MICK Rechtsanwälte · Strafverteidiger","Berlin","legacy","2026-04-03","2026-06-02"
"Rechtsreferendarin / Rechtsreferendar","http://www.advo-gross.de/karriere","gross::rechtsanwaelte","Leipzig","legacy","2026-04-03","2026-06-02"
"Rechtsreferendarin / Rechtsreferendar (m/w/d)","https://www.anwalt-lichtenrade.de/Karriere","Lawyer Schwertle & Schwertle","Berlin","legacy","2026-04-05","2026-06-02"
"Rechtsreferendarin/Rechtsreferendar (m/w/d)","https://www.bornheim.com/stellenangebote/rechtsreferendarin-rechtsreferendar-m-w-d","Bornheim und Partner Rechtsanwälte","Frankfurt","legacy","2026-04-05","2026-06-02"
"Rechtsreferendarinnen / Rechtsreferendare","https://www.rae-blatt.com/stellenangebote/rechtsreferendarinnen-rechtsreferendare","Thomas Blatt Rechtsanwalts AG Dortmund - Rechtsanwälte / Fachanwälte","Dinslaken","legacy","2026-04-02","2026-06-02"
"Rechtsreferendarinnen / Rechtsreferendare","http://rae-blatt.com/stellenangebote/rechtsreferendarinnen-rechtsreferendare","Thomas Blatt Rechtsanwalts AG Duisburg - Rechtsanwälte / Fachanwälte","Dinslaken","legacy","2026-04-02","2026-06-02"
"Rechtsreferendarinnen / Rechtsreferendare","http://www.rae-blatt.de/stellenangebote/rechtsreferendarinnen-rechtsreferendare","Thomas Blatt Rechtsanwalts AG München- Rechtsanwälte / Fachanwälte","Dinslaken","legacy","2026-04-03","2026-06-02"
"Rechtsreferent (m/w/d)* IT-Regulatorik","https://de.indeed.com/viewjob?jk=5fa5d665dbd3dbf1","ALH Gruppe","Stuttgart","legacy","2026-03-08","2026-06-02"
"Rechtsreferent:in für die Strategische Beschaffung und das Vertragswesen","https://www.stepstone.de/stellenangebote--Rechtsreferent-in-fuer-die-Strategische-Beschaffung-und-das-Vertragswesen-Hamburg-FW-Foerdern-Wohnen-AoeR--13856604-inline.html?rltr=84_9_25_seorl_m_0_0_0_0_1_0","F&W - Fördern & Wohnen AöR","Hamburg","legacy","2026-04-17","2026-06-02"
"Rechtswirt/Rechtswirtin (m/w/d) mit Berufserfahrung – Vollzeit oder Teilzeit","https://www.stepstone.de/stellenangebote--Rechtswirt-Rechtswirtin-m-w-d-mit-Berufserfahrung-Vollzeit-oder-Teilzeit-Regensburg-Rechtsanwaltskanzlei-Maximilian-Hufnagel-Muenchen--13899313-inline.html?rltr=1539_14_25_seorl_m_0_0_0_0_1_0","Rechtsanwaltskanzlei Maximilian Hufnagel München","Regensburg","legacy","2026-04-26","2026-06-02"
"Redakteur/in (all genders)","https://www.stepstone.de/stellenangebote--Redakteur-in-all-genders-Hamburg-weCreate-Germany-GmbH--13903718-inline.html?rltr=2011_11_25_seorl_m_0_0_0_0_1_0","weCreate Germany GmbH","Hamburg","legacy","2026-04-14","2026-06-02"
"Refa (m/w/d)","https://www.saarkanzlei.de/refa-gesucht-mwd","Seibert Zimmermann Müller","Saarbrücken","legacy","2026-04-03","2026-06-02"
"Refa (m/w/d) – 30h / Woche – keine Überstunden, feste Zeiten","https://www.stepstone.de/stellenangebote--Refa-m-w-d-30h-Woche-keine-Ueberstunden-feste-Zeiten-Berlin-MAYR-Kanzlei-fuer-Arbeitsrecht-GbR--13948164-inline.html?rltr=257_7_25_seorl_m_0_0_0_0_1_0","MAYR Kanzlei für Arbeitsrecht GbR","Berlin","legacy","2026-04-24","2026-06-02"
"Referendar","https://kanzlei-am-standesamt.de/referendariat","Dr. Christoph Triltsch","Lübeck","legacy","2026-04-03","2026-06-02"
"Referendar","https://www.kanzlei-koenigstrasse.de/karriere/referendariat","Kanzlei Königstraße Köster & Kollegen","Stuttgart","legacy","2026-04-05","2026-06-02"
"Referendar (Anwalts- oder Wahlstation)","https://anwalt-offenbach.de/wordpress/unser-team","Kanzlei Dr. Herbert & Koch","Offenbach","legacy","2026-04-03","2026-06-02"
"Referendar (Anwalts-/Wahlstation) (m/w/d) Berlin","https://jobs.luther-lawfirm.com/jobportal/luther/viewAusschreibung/2024-023.html","Luther Rechtsanwaltsgesellschaft mbH","Berlin","legacy","2026-04-30","2026-06-02"
"Referendar (Anwalts-/Wahlstation) (m/w/d) Brüssel","https://jobs.luther-lawfirm.com/jobportal/luther/viewAusschreibung/2024-040.html","Luther Rechtsanwaltsgesellschaft mbH","Brüssel","legacy","2026-04-30","2026-06-02"
"Referendar (Anwalts-/Wahlstation) (m/w/d) Düsseldorf","https://jobs.luther-lawfirm.com/jobportal/luther/viewAusschreibung/2024-021.html","Luther Rechtsanwaltsgesellschaft mbH","Düsseldorf","legacy","2026-04-30","2026-06-02"
"Referendar (Anwalts-/Wahlstation) (m/w/d) Essen","https://jobs.luther-lawfirm.com/jobportal/luther/viewAusschreibung/2024-022.html","Luther Rechtsanwaltsgesellschaft mbH","Essen","legacy","2026-04-30","2026-06-02"
"Referendar (Anwalts-/Wahlstation) (m/w/d) Frankfurt","https://jobs.luther-lawfirm.com/jobportal/luther/viewAusschreibung/2024-024.html","Luther Rechtsanwaltsgesellschaft mbH","Frankfurt am Main","legacy","2026-04-30","2026-06-02"
"Referendar (Anwalts-/Wahlstation) (m/w/d) Hamburg","https://jobs.luther-lawfirm.com/jobportal/luther/viewAusschreibung/2024-025.html","Luther Rechtsanwaltsgesellschaft mbH","Hamburg","legacy","2026-04-30","2026-06-02"
"Referendar (Anwalts-/Wahlstation) (m/w/d) Hannover","https://jobs.luther-lawfirm.com/jobportal/luther/viewAusschreibung/2024-026.html","Luther Rechtsanwaltsgesellschaft mbH","Hannover","legacy","2026-04-30","2026-06-02"
"Referendar (Anwalts-/Wahlstation) (m/w/d) Köln","https://jobs.luther-lawfirm.com/jobportal/luther/viewAusschreibung/2024-019.html","Luther Rechtsanwaltsgesellschaft mbH","Köln","legacy","2026-04-30","2026-06-02"
"Referendar (Anwalts-/Wahlstation) (m/w/d) Leipzig","https://jobs.luther-lawfirm.com/jobportal/luther/viewAusschreibung/2024-027.html","Luther Rechtsanwaltsgesellschaft mbH","Leipzig","legacy","2026-04-30","2026-06-02"
"Referendar (Anwalts-/Wahlstation) (m/w/d) München","https://jobs.luther-lawfirm.com/jobportal/luther/viewAusschreibung/2024-028.html","Luther Rechtsanwaltsgesellschaft mbH","München","legacy","2026-04-30","2026-06-02"
"Referendar (Anwalts-/Wahlstation) (m/w/d) Stuttgart","https://jobs.luther-lawfirm.com/jobportal/luther/viewAusschreibung/2024-029.html","Luther Rechtsanwaltsgesellschaft mbH","Stuttgart","legacy","2026-04-30","2026-06-02"
"Referendar (m, w, d)","https://www.kanzlei34.de/karriere","Kanzlei 34 Rechtsanwälte PartGmbB","Hannover","legacy","2026-04-03","2026-06-02"
"Referendar (m/w)","https://www.abno.de/stellenangebote-rechtsanwaltskanzlei","Dr. Abramowski & Dr. Nowak","Braunschweig","legacy","2026-04-02","2026-06-02"
"Referendar (m/w/d)","https://lutz-rae.de/stellenanzeigen-details/referendarin.html","LUTZ Rechtsanwälte","Stuttgart","legacy","2026-04-03","2026-06-02"
"Referendar (m/w/d)","https://lenz-johlen.de/stellenausschreibung-referendar","Lenz und Johlen Rechtsanwälte Partnerschaft mbB","Köln","legacy","2026-04-03","2026-06-02"
"Referendar (m/w/d)","https://www.moeller-rechtsanwaelte.de/referendare","Möller Rechtsanwälte Partnerschaft mbB","Münster","legacy","2026-04-03","2026-06-02"
"Referendar (m/w/d)","https://kanzleikanth.de/karriere","Prof. Dr. Kanth - Rechtsanwaltskanzlei","Augsburg","legacy","2026-04-05","2026-06-02"
"Referendar (m/w/d)","https://xn--fachanwaltfrarbeitsrecht-5sc.net/karriere","RECHTSANWÄLTE - Dr.Breuer -Fachanwälte für Arbeitsrecht","Adlershof","legacy","2026-04-05","2026-06-02"
"Referendar (m/w/d)","https://www.dr-beckstein.de/karriere-als-test-2","Rechtsanwälte Dr. Beckstein und Kollegen Partnerschaft mbB","Nürnberg","legacy","2026-04-03","2026-06-02"
"Referendar (m/w/d)","https://www.drmahlstedt.de/kanzlei/karriere/referendarin-m-w-d-gesucht","Rechtsanwälte Dr. Mahlstedt & Partner","Bremen","legacy","2026-04-05","2026-06-02"
"Referendar (m/w/d)","https://rieck-partner.de/kanzlei-fuer-urheberrecht-markenrecht-wettbewerbsrecht-hamburg/karriere","Rieck & Partner Rechtsanwälte mbB","Hamburg","legacy","2026-04-03","2026-06-02"
"Referendar (m/w/d)","https://onecdn.io/media/20250124stellenanzeigereferendar-98e9594b-1895-4a49-a68c-0e589ce8d724.pdf","Zacharias & Partner Rechtsanwälte mbB","Paderborn","legacy","2026-04-03","2026-06-02"
"Referendar (m/w/d)","https://www.hh-partner.de/stellenangebote","hendrik horn. & partner. Rechtsanwälte","Hamburg","legacy","2026-04-03","2026-06-02"
"Referendar (m/w/d)","https://www.rospatt.de/career/job-advertisement-and-form-trainee","rospatt Rechtsanwälte PartGmbB","Düsseldorf","legacy","2026-04-02","2026-06-02"
"Referendar (m/w/d) im Bereich Verwaltungsrecht","https://schaefer-berkels.de/karriere","Schäfer & Berkels RA | Schulrecht Hochschulrecht Prüfungsrecht","Düsseldorf","legacy","2026-04-02","2026-06-02"
"Referendar (m/w/x) Frankfurt","https://de.indeed.com/viewjob?jk=71688d8e6aaf509f","DLA Piper","60311 Frankfurt am Main","legacy","2025-05-26","2026-06-02"
"Referendar (w/m/d)","https://karriere.kirkland.com/einstiegsmoeglichkeiten/referendar","Kirkland & Ellis","München/Frankfurt","legacy","2026-05-05","2026-06-02"
"Referendar (w/m/d) mit Leidenschaft für das Zivilrecht","https://www.biebinger.de/kanzlei/karriere/referendarin-mit-leidenschaft-fuer-das-zivilrecht","BIEBINGER - Wirtschaftskanzlei","Mannheim","legacy","2026-04-03","2026-06-02"
"Referendar * Referendarin","https://dresden.bskp.de/karriere/referendar","BSKP Dr. Broll · Schmitt · Kaufmann & Partner","Dresden","legacy","2026-04-02","2026-06-02"
"Referendar / Referendarin (Schwerin und Rostock)","https://www.ksme-rechtsanwaelte.de/job/referendar-referendarin","KSME Rechtsanwälte","Rostock","legacy","2026-04-03","2026-06-02"
"Referendar Anwalts- oder Wahlstation (m/w/d)","https://boehmanwaltskanzlei.de/karriere","böhm anwaltskanzlei.","Berlin","legacy","2026-04-02","2026-06-02"
"Referendar für die Wahlstation (m/w/d)","https://karriere.sylvenstein-law.de/o/referendar-fur-die-wahlstation-mwd-2-3","SYLVENSTEIN Rechtsanwälte","Bayern","legacy","2026-04-05","2026-06-02"
"Referendar oder Referendarin (m/w/d)","http://www.ra-vsz.de/referendariat","VSZ Rechtsanwälte Schabbeck und Partner mbB","Ludwigshafen","legacy","2026-04-03","2026-06-02"
"Referendar(in)","https://gesundheitsanwalt.de/referendarausbildung","Rechtsanwalt Björn Hülsenbeck | Fachanwalt für Medizinrecht, Sozialrecht und Versicherungsrecht","Essen","legacy","2026-04-02","2026-06-02"
"Referendar(in) (m/w/d)","https://www.kanzlei-gerling.de/wp-content/uploads/2019/11/Rechtsreferendarin.pdf","Kanzlei Gerling Paderborn","Bielefeld","legacy","2026-04-03","2026-06-02"
"Referendar*in / Wissenschaftliche*r Mitarbeiter*in (m/w/d) – Migrationsrecht","https://oezkan.legal/karriere/referendarin-wissenschaftlicher-mitarbeiterin-m-w-d-migrationsrecht","Rechtsanwalt Zafer Özkan","Offenbach am Main","legacy","2026-04-03","2026-06-02"
"Referendar/-in","https://www.hwhlaw.de/hecker-werner-himmelreich-stellenangebote-referendare","Hecker Werner Himmelreich Rechtsanwälte Partnerschaft","Berlin","legacy","2026-04-05","2026-06-02"
"Referendar/Referendarin (m/w/d)","https://bedekorn.de/karriere","Bedekorn Rechtsanwälte","Düsseldorf","legacy","2026-04-02","2026-06-02"
"Referendar/in (m/d/w) für die Anwalts- oder Wahlstation","https://kanzlei-schillmann.de/index.php/team/karriere","KANZLEI SCHILLMANN","Berlin","legacy","2026-04-02","2026-06-02"
"Referendar/in, Wahlstation (m/w/d)","http://www.gerhard-eschbach.de/stellenangebote","Andreas Gerhard und Moritz Eschbach Rechtsanwälte","Kaiserslautern","legacy","2026-04-05","2026-06-02"
"Referendar/wissenschaftlicher Mitarbeiter","https://www.blauertz-rechtsanwaelte.de/karriere/stellenanzeige-referendar-wissenschaftlicher-mitarbeiter","Blauertz Rechtsanwälte","Frankfurt am Main","legacy","2026-04-03","2026-06-02"
"Referendar:in","https://gubitz-partner.de/kontakt","Gubitz and partners","Hamburg","legacy","2026-04-05","2026-06-02"
"Referendar:in","https://www.bgzb.de/ausschreibung_referendariat.htm","Kanzlei am Winterhuder Markt, Rechtsanwälte Gutmann & Zander-Böhm","Hamburg","legacy","2026-04-05","2026-06-02"
"Referendar:innen","http://www.gubitz-partner.de/","Gubitz and partners","Hamburg","legacy","2026-04-03","2026-06-02"
"Referendar:innen (Anwalts- und/oder Wahlstation)","https://jbb.de/Jobs/referendarinnen","JBB Rechtsanwälte","Berlin","legacy","2026-04-02","2026-06-02"
"Referendar:innen (m/w/d)","http://www.kanzlei-hentschel.de/kanzlei/stellenangebote/index.html","Hentschel Rechtsanwälte, Kanzlei für Arbeitsrecht","Göttingen","legacy","2026-04-05","2026-06-02"
"Referendar:innen / Elèves avocat:e:s (PPI / stage final)","https://www.qivive.com/de/stellenanzeige/referendarinnen-eleves-avocates-koeln-paris","QIVIVE Rechtsanwalts GmbH","Köln / Paris / Lyon","legacy","2026-05-05","2026-06-02"
"Referendarausbildung","http://www.rechtsanwalt-bex.de/stellenangebote.html","Anwaltskanzlei Bex","Aachen","legacy","2026-04-02","2026-06-02"
"Referendarausbildung","https://www.erbrecht-mangold.de/kanzlei-erbrecht-koeln/stellenangebote-erbrecht","Law Firm for Inheritance - Specialist Lawyer Ralf Mangold","Köln","legacy","2026-04-03","2026-06-02"
"Referendare","http://www.drtieste.de/Referendare.html","Dr. Oliver Tieste","Bremen","legacy","2026-04-02","2026-06-02"
"Referendare","https://rechtsanwaelte-hsh.de/referendare","HSH & Daun Rechtsanwälte","Solingen","legacy","2026-04-03","2026-06-02"
"Referendare","https://www.kahlert-padberg.de/referendare","Kahlert Padberg Rechtsanwälte Fachanwälte Partnerschaft mbB","Halle","legacy","2026-04-03","2026-06-02"
"Referendare","https://kanzlei-hohaus.de/stellenangebote.html","Kanzlei Hohaus","Hamburg","legacy","2026-04-03","2026-06-02"
"Referendare","https://www.rfth.de/standard/referendare-gesucht","Rechtsanwälte Matthias Grünert, Stefan Swierczyna, Fabian König, Christina Wenk","Bad Tabarz","legacy","2026-04-02","2026-06-02"
"Referendare","https://stkautz.de/karriere/referendare","STKAUTZ RECHTSANWÄLTE","München","legacy","2026-04-03","2026-06-02"
"Referendare (M/W/D)","https://www.lex.tm/karriere/referendare","lexTM Rechtsanwälte","Frankfurt am Main","legacy","2026-04-02","2026-06-02"
"Referendare (m/w/d)","https://www.bq-rechtsanwaelte.de/stellenangebote","BQ-Rechtsanwälte","Hamburg","legacy","2026-04-03","2026-06-02"
"Referendare (m/w/d)","http://www.brandi.net/ueber-brandi/karriere/referendare/bielefeld-referendare-mwd","BRANDI Rechtsanwälte Partnerschaft mbB","Bielefeld","legacy","2026-04-02","2026-06-02"
"Referendare (m/w/d)","http://www.brandi.net/ueber-brandi/karriere/referendare/detmold-referendare-mwd","BRANDI Rechtsanwälte Partnerschaft mbB","Detmold","legacy","2026-04-02","2026-06-02"
"Referendare (m/w/d)","http://www.brandi.net/ueber-brandi/karriere/referendare/guetersloh-referendare-mwd","BRANDI Rechtsanwälte Partnerschaft mbB","Gütersloh","legacy","2026-04-02","2026-06-02"
"Referendare (m/w/d)","http://www.brandi.net/ueber-brandi/karriere/referendare/hannover-referendare-mwd","BRANDI Rechtsanwälte Partnerschaft mbB","Hannover","legacy","2026-04-02","2026-06-02"
"Referendare (m/w/d)","http://www.brandi.net/ueber-brandi/karriere/referendare/minden-referendare-mwd","BRANDI Rechtsanwälte Partnerschaft mbB","Minden","legacy","2026-04-02","2026-06-02"
"Referendare (m/w/d)","http://www.brandi.net/ueber-brandi/karriere/referendare/paderborn-referendare-mwd","BRANDI Rechtsanwälte Partnerschaft mbB","Paderborn","legacy","2026-04-02","2026-06-02"
"Referendare (m/w/d)","https://ra-rueffer.de/stellen","Dr. Tuntke I Rüffer Anwaltskanzlei","Hilden","legacy","2026-04-02","2026-06-02"
"Referendare (m/w/d)","https://www.eisele-schmiedel.de/karriere","Eisele & Schmiedel Rechtsanwälte PartGmbB","Mannheim","legacy","2026-04-03","2026-06-02"
"Referendare (m/w/d)","https://fpr-hamburg.de/kanzlei/karriere","Franke & Prasse Rechtsanwälte PartG","Hamburg","legacy","2026-04-03","2026-06-02"
"Referendare (m/w/d)","https://www.grueter.de/de/referendare-mwd","Grüter Hamm Münster PartGmbB","Duisburg","legacy","2026-04-03","2026-06-02"
"Referendare (m/w/d)","http://www.grueter.de/de/referendare-mwd","Grüter Rechtsanwälte PartGmbB","Duisburg","legacy","2026-04-02","2026-06-02"
"Referendare (m/w/d)","https://www.hackstein-reuter.de/download/stellenangebot-referendare?wpdmdl=1940&refresh=6459433b8cc0e1683571515&ind=1683571504401&filename=1683571504wpdm_Referendare_Flyer.pdf","Hackstein Reuter Rechtsanwälte","Bielefeld","legacy","2026-04-02","2026-06-02"
"Referendare (m/w/d)","https://www.kunzrechtsanwaelte.de/kanzlei/karriere/referendare","KUNZ Rechtsanwälte Partnerschaft mbB","Koblenz/Köln/Mainz/Düsseldorf/Frankfurt/Stuttgart","legacy","2026-05-05","2026-06-02"
"Referendare (m/w/d)","https://kanzlei-steinhausen.de/karriere/referendare","Kanzlei Steinhausen","Krefeld","legacy","2026-04-03","2026-06-02"
"Referendare (m/w/d)","https://gesundheitsrecht.com/referendare-m-w-d-in-frankfurt-und-hamburg","Prof. Schlegel • Hohmann • Mangold & Partner","Frankfurt","legacy","2026-04-02","2026-06-02"
"Referendare (m/w/d)","https://razeng.de/referendare-m-w-d","RAZENG | RECHTSANWÄLTE","Berlin","legacy","2026-04-05","2026-06-02"
"Referendare (m/w/d)","https://www.ohletz.eu/karriere/karriere/referendare","Rechtsanwälte, Notare & Steuerberater Ohletz","Essen","legacy","2026-04-02","2026-06-02"
"Referendare (m/w/d)","https://snp.law/stellenangebote/referendare-m-w-d","SNP Schlawien Partnerschaft mbB","Alle Standorte","legacy","2026-05-05","2026-06-02"
"Referendare (m/w/d)","https://www.schleifenbaum-adler.de/karriere/referendare","Schleifenbaum & Adler","Siegen","legacy","2026-04-03","2026-06-02"
"Referendare (m/w/d)","https://www.sup-kiel.com/job/referendare-m-w-d","Steffens & Partner, Rechtsanwälte","Kronshagen","legacy","2026-04-03","2026-06-02"
"Referendare (m/w/d)","https://de.indeed.com/viewjob?jk=6030be2e6be76573","TILP Rechtsanwaltsgesellschaft mbH","72138 Kirchentellinsfurt","legacy","2025-01-06","2026-06-02"
"Referendare (m/w/d)","https://www.rellermeyer.de/referendare","rellermeyer Rechtsanwälte","Düsseldorf","legacy","2026-04-02","2026-06-02"
"Referendare (m/w/d) - Anwaltsstation / Wahlstation","http://www.dury.de/stellenanzeigen/264-referendar-m-w","DURY LEGAL Rechtsanwälte - Saarbrücken - Markenrecht - IT-Recht - Urheberrecht - Wettbewerbsrecht - Lebensmittelrecht","Frankfurt a.M.","legacy","2026-04-03","2026-06-02"
"Referendare (m/w/d) Arbeitsrecht und / oder Medizinrecht","https://www.es-law.de/wp-content/uploads/250202_Stellenanzeige-Ref_ArbR_MedR_HH.pdf","ENDEMANN.SCHMIDT Partnerschaft von Rechtsanwälten mbB","Hamburg","legacy","2026-04-03","2026-06-02"
"Referendare (m/w/d) für Anwaltsstation / Wahlstation","https://www.mix-legal.de/referendare-fuer-anwaltsstation-wahlstation-berlin","MIX/LEGAL Rechtsanwälte Partnerschaft mbB","Berlin","legacy","2026-04-02","2026-06-02"
"Referendare (m/w/d) in der Anwalts- und Wahlstation","https://eins5acht.de/karriere/referendare-anwalts-wahlstation","EINSFÜNFACHT | Rechtsanwälte Notare","Hannover","legacy","2026-04-03","2026-06-02"
"Referendare (m/w/d) in sämtlichen Tätigkeitsgebieten","https://www.diekmann-rechtsanwaelte.de/karriere/referendare-hamburg","DIEKMANN Rechtsanwälte GbR","Hamburg","legacy","2026-04-03","2026-06-02"
"Referendare (m/w/d) und Studierende","https://www.mock-rechtsanwaelte.de/karriere/referendare-m-w-d-und-studierende","MOCK Rechtsanwälte & Notare","Berlin","legacy","2026-04-02","2026-06-02"
"Referendare (w/m/d)","https://de.indeed.com/viewjob?jk=f38aa6a3d77d5539","Bietmann Rechtsanwälte Steuerberater PartmbB","51429 Bergisch Gladbach","legacy","2026-02-28","2026-06-02"
"Referendare (w/m/d)","https://www.iw-recht.de/stellenangebote/referendare-und-referendarinnen","Iffland Wischnewski Rechtsanwälte PartG mbB","Darmstadt","legacy","2026-04-02","2026-06-02"
"Referendare (w/m/d)","https://www.solmecke.eu/rechtsreferendare","Solmecke Rechtsanwälte PartGmbB","Zentrale/Unbekannt","legacy","2026-04-02","2026-06-02"
"Referendare / Wissenschaftliche Mitarbeiter (m/w/d)","http://hfk.de/karriere/stellenanzeigen/detail/referendare-/-wissenschaftliche-mitarbeiter-m/w/d","HFK Rechtsanwälte PartGmbB","Berlin","legacy","2026-04-02","2026-06-02"
"Referendare I Düsseldorf","https://de.indeed.com/viewjob?jk=34d75e5f9015e1a5","Baker McKenzie Rechtsanwaltsgesellschaft mbH von Rechtsanwälten und Steuerberatern","Düsseldorf","legacy","2026-02-28","2026-06-02"
"Referendare und Praktikanten (w/m/d)","https://www.haver-mailaender.de/user/pages/05.karriere/pdf/Haver und Mailaender Stellenanzeige_Referendare_Praktikanten.pdf","HAVER & MAILÄNDER Rechtsanwälte Partnerschaft mbB","Stuttgart","legacy","2026-04-05","2026-06-02"
"Referendare und Referendarinnen","https://graef.law/karriere","GRAEF Rechtsanwälte","Berlin","legacy","2026-04-05","2026-06-02"
"Referendare und Wissenschaftliche Mitarbeiter (m/w/d)","https://kapellmann.de/de/karriere/referendare-und-wissenschaftliche-mitarbeiter-m/w/d","Kapellmann und Partner Rechtsanwälte mbB","Berlin","dom","2026-04-02","2026-06-02"
"Referendare-/innen (m/w/d)","http://www.aufrecht.de/karriere/referendare.html","Terhaag & Partner Rechtsanwälte","Düsseldorf","legacy","2026-04-02","2026-06-02"
"Referendare/Referendarinnen","http://www.hkb-anwaelte.de/stellenangebote-Referendare.html","HKB-Rechtsanwälte","Frankfurt","legacy","2026-04-05","2026-06-02"
"Referendariat","https://froeling-reimers.de/jobs/referendare","Fröling & Reimers","Hamburg","legacy","2026-04-03","2026-06-02"
"Referendariat","https://www.graf-bonn.de/referendariat","GRAF | BONN | LINDEMANN Sozialrecht & Strafrecht Köln","Köln","legacy","2026-04-03","2026-06-02"
"Referendariat","http://www.gaedicke-schulz.de/referendariat.html","Gädicke u. Schulz Rechtsanwälte","Berlin","legacy","2026-04-05","2026-06-02"
"Referendariat","https://www.kanzlei-shb.de/referendariat-anwaltsstation-wahlstation-kiel-schleswig-holstein-anwaltskanzlei","Kanzlei SHB PartG mbB","Kiel","legacy","2026-04-03","2026-06-02"
"Referendariat","http://www.rayeniceri.de/service/referendariat","Rechtsanwalt Özcan Yeniceri Rechtsanwälte am Wittenbergplatz","Berlin","legacy","2026-04-02","2026-06-02"
"Referendariat","http://www.rechtsanwaeltinburger.de/karriere","Rechtsanwältin Britta Burger","Mainz","legacy","2026-04-03","2026-06-02"
"Referendariat","https://www.vonthunen.de/wp-content/uploads/2026/03/Stellenanzeige-Referendare-1.pdf","VON THUNEN","Bielefeld","legacy","2026-04-03","2026-06-02"
"Referendariat","https://wmrc.de/karriere/referendariat","WMRC Rechtsanwälte","Berlin","legacy","2026-04-02","2026-06-02"
"Referendariat (Rechtsanwalts-/Wahlstation)/Wissenschaftliche Mitarbeit Corporate Crime","https://de.indeed.com/viewjob?jk=74ecd70e596e396f","YPOG","50678 Köln","legacy","2026-04-20","2026-06-02"
"Referendariat I Promotion","https://mkm.legal/jobs/referendariat-i-promotion","MKM + PARTNER Rechtsanwälte PartmbB","Nürnberg","legacy","2026-04-02","2026-06-02"
"Referendariat – Anwaltsstation","https://fachanwaltstrafrechtberlin.de/kanzlei/referendariat-ausbildung-bewerbungen","Rechtsanwalt Kolja Zaborowski","Berlin","legacy","2026-04-05","2026-06-02"
"Referendariat/Praktikum","https://schuessler-zhang.de/jobs","Schüßler Zhang GbR Rechtsanwälte","Würzburg","legacy","2026-04-03","2026-06-02"
"Referendariatstelle (m/w/d)","https://melzgercke.de/karriere","Melz Gercke Rechtsanwälte","Göttingen","legacy","2026-04-03","2026-06-02"
"Referendarin oder Referendar","https://rakleine.de/jobs-karriere","Anwaltskanzlei Kleine & Kollegen","Berlin","legacy","2026-04-02","2026-06-02"
"Referendarin oder Referendar (m/w/d) für den Bereich Bank- und Bankaufsichtsrecht / FinTechs","https://www.hoffmannliebs.de/karriere/referendarin-oder-referendar-m-w-d-fuer-den-bereich-bank-und-bankaufsichtsrecht-fintechs","Hoffmann Liebs Fritsch & Partner Rechtsanwälte MBB","Düsseldorf","legacy","2026-04-02","2026-06-02"
"Referendarin oder Referendar (m/w/d) für den Bereich Commercial","https://www.hoffmannliebs.de/karriere/referendarin-oder-referendar-m-w-d-fuer-den-bereich-commercial","Hoffmann Liebs Fritsch & Partner Rechtsanwälte MBB","Düsseldorf","legacy","2026-04-02","2026-06-02"
"Referendarin und Referendare","https://www.ra-wittig.de/karriere/rechtsreferendare","Wittig Ünalp Rechtsanwälte - Arbeitsrecht, Versicherungsrecht, Wirtschaftsrecht","Zentrale/Unbekannt","legacy","2026-04-02","2026-06-02"
"Referendarin/Referendar","https://www.steinkuehler-legal.com/referendarin-referendar-gesucht","Steinkühler – Kanzlei für Arbeits- und Gesellschaftsrecht","Berlin","legacy","2026-04-02","2026-06-02"
"Referendarin/Referendar (Strafrecht)","https://www.drjensschmidt.de/?page_id=613","Dr. Jens Schmidt","Zentrale/Unbekannt","legacy","2026-04-03","2026-06-02"
"Referendarin/Referendar (m/w/d)","https://www.gollub-klemeyer.de/stellenangebote/referendarin-referendar-m-w-d","Gollub Klemeyer Fachanwälte","Bremerhaven","legacy","2026-04-02","2026-06-02"
"Referendarinnen / Referendare","https://ratgeber-arzthaftung.de/de/wir-suchen-referendarinnen-referendare","Rechtsanwälte Dr. Schultze-Zeu, Manthei & Kollegen","Berlin","legacy","2026-04-02","2026-06-02"
"Referendarinnen und Referendare","https://glock-liphart-probst.de/karriere/referendare","Glock Liphart Probst & Partner Rechtsanwälte MBB","Zentrale/Unbekannt","legacy","2026-04-03","2026-06-02"
"Referendarinnen/Referendare im Bereich (Arbeits-) Migrationsrecht/ Allgemeines Migrationsrecht gesucht","https://www.vpmk.de/referendarinnen-referendare-gesucht","vpmk Rechtsanwälte Legal Services PartmbB","Berlin","legacy","2026-04-02","2026-06-02"
"Referendarstation","https://rechtsanwaelte-schuette.de/karriere/referendarstation","Schütte Horstkotte & Partner Rechtsanwälte","Bad Doberan","legacy","2026-04-02","2026-06-02"
"Referent (m/w/d) Kapitalanlagen – Asset-Liability-Management & Solvency II","https://www.stepstone.de/stellenangebote--Referent-m-w-d-Kapitalanlagen-Asset-Liability-Management-Solvency-II-Berlin-IDEAL-Lebensversicherung-a-G--13851312-inline.html?rltr=229_4_25_seorl_s_0_0_0_0_1_0","IDEAL Lebensversicherung a.G.","Berlin","legacy","2026-04-16","2026-06-02"
"Referent (m/w/d) Netzwirtschaft/Regulierung","https://www.stepstone.de/stellenangebote--Referent-m-w-d-Netzwirtschaft-Regulierung-Essen-Westenergie-AG--13889121-inline.html?rltr=87_12_25_seorl_s_0_0_0_0_0_0","Westenergie AG","Essen","legacy","2026-04-25","2026-06-02"
"Referent (m/w/d) Vertrags- und Vergabemanagement / BWL","https://www.stepstone.de/stellenangebote--Referent-m-w-d-Vertrags-und-Vergabemanagement-BWL-Garching-b-Muenchen-Technische-Universitaet-Muenchen-Forschungs-Neutronenquelle-Heinz-Maier-Leibnitz--13877848-inline.html?rltr=45_20_25_seorl_s_0_0_0_0_0_0","Technische Universität München Forschungs-Neutronenquelle Heinz Maier-Leibnitz","Garching b. München","legacy","2026-04-24","2026-06-02"
"Referent (m/w/d) für Unternehmenskontakte und IHK-Services","https://www.stepstone.de/stellenangebote--Referent-m-w-d-fuer-Unternehmenskontakte-und-IHK-Services-Ludwigsburg-IHK-Region-Stuttgart--13876927-inline.html?rltr=487_12_25_seorl_m_0_0_0_0_0_0","IHK Region Stuttgart","Ludwigsburg","legacy","2026-04-24","2026-06-02"
"Referent Bildung (m/w/d) (Bildungsreferent, Fachreferent Bildungspolitik, Strategiereferent o. ä.)","https://www.stepstone.de/stellenangebote--Referent-Bildung-m-w-d-Bildungsreferent-Fachreferent-Bildungspolitik-Strategiereferent-o-ae-Berlin-Fachgemeinschaft-Bau-Berlin-und-Brandenburg-e-V--13850946-inline.html?rltr=245_20_25_seorl_s_0_0_0_0_1_0","Fachgemeinschaft Bau Berlin und Brandenburg e.V.","Berlin","legacy","2026-04-16","2026-06-02"
"Referent Business Development | Legal Submissions (m/w/d)","https://jobs.luther-lawfirm.com/jobportal/luther/viewAusschreibung/2025-082.html","Luther Rechtsanwaltsgesellschaft mbH","Köln","legacy","2026-04-30","2026-06-02"
"Referent Corporate Taxes Compliance (m/w/divers)","https://www.stepstone.de/stellenangebote--Referent-Corporate-Taxes-Compliance-m-w-divers-Frankfurt-am-Main-Deutsche-Lufthansa-AG--13721757-inline.html?rltr=237_12_25_seorl_m_0_0_0_0_0_0","Deutsche Lufthansa AG","Frankfurt am Main","legacy","2026-04-19","2026-06-02"
"Referent Recht (m/w/d) - Schwerpunkt Nachlassabwicklung","https://www.stepstone.de/stellenangebote--Referent-Recht-m-w-d-Schwerpunkt-Nachlassabwicklung-Berlin-Johanniter-Unfall-Hilfe-e-V--13843259-inline.html?rltr=103_3_25_seorl_m_0_0_0_0_0_0","Johanniter-Unfall-Hilfe e.V.","Berlin","legacy","2026-04-15","2026-06-02"
"Referent Recht / Volljurist (w/m/d)","https://de.indeed.com/viewjob?jk=948a06e07b14bc6d","Hohenloher Krankenhaus","74613 Öhringen","legacy","2026-02-19","2026-06-02"
"Referent für Arbeitsrecht und Tarifpolitik (m/w/d) / Jurist / Syndikusrechtsanwalt (m/w/d)","https://www.stepstone.de/stellenangebote--Referent-fuer-Arbeitsrecht-und-Tarifpolitik-m-w-d-Jurist-Syndikusrechtsanwalt-m-w-d-Hof-Bayreuth-Nuernberg-Jena-Selb-Bundesverband-Keramische-Industrie-e-V--13818958-inline.html?rltr=178_3_25_seorl_m_0_0_0_0_1_0","Bundesverband Keramische Industrie e.V.","Hof, Bayreuth, Nürnberg, Jena, Selb","legacy","2026-04-14","2026-06-02"
"Referent*in (m/w/d) Unternehmenskommunikation","https://www.xing.com/jobs/bremerhaven-referent-unternehmenskommunikation-151330712","Niedergesäß Stephan","Bremerhaven","legacy","2026-04-02","2026-06-02"
"Referent*in (w/m/d) Governance, Risk Management und Compliance (GRC) mit Schwerpunkt Compliance","https://www.stepstone.de/stellenangebote--Referentin-w-m-d-Governance-Risk-Management-und-Compliance-GRC-mit-Schwerpunkt-Compliance-Duesseldorf-Rheinbahn-AG--13876809-inline.html?rltr=525_525_25_seorl_m_0_0_0_0_0_0","Rheinbahn AG","Düsseldorf","legacy","2026-04-24","2026-06-02"
"Referent/in Legal (m/w/d)","https://www.stepstone.de/stellenangebote--Referent-in-Legal-m-w-d-Berlin-NABU-Naturschutzbund-Deutschland-e-V--13808194-inline.html?rltr=96_21_25_seorl_m_0_0_0_0_0_0","NABU (Naturschutzbund Deutschland) e. V.","Berlin","legacy","2026-04-23","2026-06-02"
"Referent/in für den Bereich Recht (m/w/d)","https://www.stepstone.de/stellenangebote--Referent-in-fuer-den-Bereich-Recht-m-w-d-Mainz-Industrie-und-Handelskammer-fuer-Rheinhessen--13916591-inline.html?rltr=92_17_25_seorl_m_0_0_0_0_0_0","Industrie- und Handelskammer für Rheinhessen","Mainz","legacy","2026-04-16","2026-06-02"
"Referent:in des Kanzlers (m/w/d) Hochschulverwaltung & Rechtsangelegenheiten","https://www.stepstone.de/stellenangebote--Referent-in-des-Kanzlers-m-w-d-Hochschulverwaltung-Rechtsangelegenheiten-Karlsruhe-Paedagogische-Hochschule-Karlsruhe--13856591-inline.html?rltr=302_2_25_seorl_m_0_0_0_0_0_0","Pädagogische Hochschule Karlsruhe","Karlsruhe","legacy","2026-04-17","2026-06-02"
"Referentin/Referent (m/w/d) Datenschutz","https://www.stepstone.de/stellenangebote--Referentin-Referent-m-w-d-Datenschutz-Hamburg-BGW-Berufsgenossenschaft-fuer-Gesundheitsdienst-und-Wohlfahrtspflege--13922836-inline.html?rltr=162_12_25_seorl_s_0_0_0_0_0_0","BGW Berufsgenossenschaft für Gesundheitsdienst und Wohlfahrtspflege","Hamburg","legacy","2026-04-20","2026-06-02"
"Rezeption / Front Office Management (m/w/d)","https://www.xing.com/jobs/kreuth-rezeption-front-office-management-148873411","Niedergesäß Stephan","Kreuth","legacy","2026-04-02","2026-06-02"
"SACHBEARBEITER (m/w/d)","https://www.stepstone.de/stellenangebote--SACHBEARBEITER-m-w-d-Coesfeld-Haus-Grund-Coesfeld-e-V--13918820-inline.html?rltr=1575_1575_25_seorl_m_0_0_0_0_0_0","Haus + Grund Coesfeld e V","Coesfeld","legacy","2026-04-16","2026-06-02"
"SACHBEARBEITER VERBRAUCHERINSOLVENZVERFAHREN/INSOLVENZTABELLE (M/W/D)","https://kanzlei-scholze.de/wp-content/uploads/2021/06/SB-IK.pdf","KANZLEI SCHOLZE","Dresden","legacy","2026-04-03","2026-06-02"
"SB Vorzimmer (m/w/d) im Fachbereich Soziales/Jugend am Standort Stralsund","https://de.indeed.com/viewjob?jk=03bc0fe058f01435","Landkreis Vorpommern-Rügen","18437 Stralsund","legacy","2026-04-16","2026-06-02"
"SENIOR HR MANAGER (m/w/d) Allrounder","https://www.stepstone.de/stellenangebote--SENIOR-HR-MANAGER-m-w-d-Allrounder-Muenchen-amp-Remote-Frommer-Rechtsanwalts-PartG-mbB--13884274-inline.html?rltr=1728_3_25_seorl_m_0_0_0_0_1_0","Frommer Rechtsanwalts PartG mbB","München &amp; Remote","legacy","2026-04-25","2026-06-02"
"SENIOR HR MANAGER (m/w/d) Allrounder (Betriebswirt/in (Hochschule) - Personalmanagement)","https://www.stepstone.de/stellenangebote--SENIOR-HR-MANAGER-m-w-d-Allrounder-Betriebswirt-in-Hochschule-Personalmanagement-Muenchen-Frommer-Rechtsanwalts-PartG-mbB--13861515-inline.html?rltr=919_19_25_seorl_m_0_0_0_0_1_0","Frommer Rechtsanwalts PartG mbB","München","legacy","2026-04-18","2026-06-02"
"STEUEREXPERTEN (m/w/d)","https://www.stb-spinnler.de/karriere","Spinnler Steuerberatung","Darmstadt","legacy","2026-04-02","2026-06-02"
"STEUERFACHANGESTELLTE/N oder STEUERFACHWIRT/IN","https://www.kanzlei-hellinger.org/karriere","Hellinger ETL GmbH Steuerberatungsgesellschaft","Hamburg","legacy","2026-04-03","2026-06-02"
"SYNDIKUS / VOLLJURIST* FÜR BAU- UND IMMOBILIENRECHT /LEGAL COUNSEL CONSTRUCTION- AND REAL ESTATE LAW","https://de.indeed.com/viewjob?jk=a10a4b19fec4ee81","New Yorker","Braunschweig","legacy","2025-10-13","2026-06-02"
"Sachbearbeiter (m/w/d)","https://de.indeed.com/viewjob?jk=55e901a1f97930ab","Landratsamt Neuburg-Schrobenhausen","86633 Neuburg an der Donau","legacy","2026-04-17","2026-06-02"
"Sachbearbeiter (m/w/d)","https://www.stepstone.de/stellenangebote--Sachbearbeiter-m-w-d-Freiburg-im-Breisgau-meinestadt-de--13852234-inline.html?rltr=645_20_25_seorl_m_0_0_0_0_0_0","meinestadt.de","Freiburg im Breisgau","legacy","2026-04-16","2026-06-02"
"Sachbearbeiter (m/w/d) - Vereinsverwaltung und Büroorganisation","https://de.indeed.com/viewjob?jk=ef8a288d1265e1d7","Verein für Gesundheitssport und Sporttherapie Chemnitz e.V.","09126 Chemnitz","legacy","2026-04-17","2026-06-02"
"Sachbearbeiter (m/w/d) Bürgerservice (Nr. 25/2026)","https://de.indeed.com/viewjob?jk=5ffc793dfc350dd7","Stadtverwaltung Weimar","Weimar","legacy","2026-03-30","2026-06-02"
"Sachbearbeiter (m/w/d) Genehmigungen Ärzte in Teilzeit (50%)","https://www.stepstone.de/stellenangebote--Sachbearbeiter-m-w-d-Genehmigungen-Aerzte-in-Teilzeit-50-Dortmund-Kassenaerztliche-Vereinigung-Westfalen-Lippe--13841686-inline.html?rltr=249_24_25_seorl_m_0_0_0_0_0_0","Kassenärztliche Vereinigung Westfalen-Lippe","Dortmund","legacy","2026-04-15","2026-06-02"
"Sachbearbeiter (m/w/d) Innendienst","https://de.indeed.com/viewjob?jk=07afba669ecb2e2f","Fonds Finanz Maklerservice GmbH","80992 München","legacy","2026-02-03","2026-06-02"
"Sachbearbeiter (m/w/d) Innendienst","https://www.stepstone.de/stellenangebote--Sachbearbeiter-m-w-d-Innendienst-Muenchen-Fonds-Finanz-Maklerservice-GmbH--13864898-inline.html?rltr=685_10_25_seorl_m_0_0_0_0_1_0","Fonds Finanz Maklerservice GmbH","München","legacy","2026-04-22","2026-06-02"
"Sachbearbeiter (m/w/d) Kreditbearbeitung","https://www.stepstone.de/stellenangebote--Sachbearbeiter-m-w-d-Kreditbearbeitung-Hannover-Sparkasse-Hannover--13885054-inline.html?rltr=253_3_25_seorl_m_0_0_0_0_1_0","Sparkasse Hannover","Hannover","legacy","2026-04-25","2026-06-02"
"Sachbearbeiter (m/w/d) Schaden Reise- & Mietwagenversicherung","https://www.stepstone.de/stellenangebote--Sachbearbeiter-m-w-d-Schaden-Reise-Mietwagenversicherung-Frankfurt-am-Main-MRH-TROWE--13866461-inline.html?rltr=937_12_25_seorl_m_0_0_0_0_1_0","MRH TROWE","Frankfurt am Main","legacy","2026-04-22","2026-06-02"
"Sachbearbeiter (m/w/d) für Unternehmensinsolvenzen","https://pfo-anwaelte.de/stellenangebote/sachbearbeiter-m-w-d-fuer-unternehmensinsolvenzen","PFO Rechtsanwälte | Pöhlmann • Früchtl • Oppermann PartmbB","Fürth","legacy","2026-04-03","2026-06-02"
"Sachbearbeiter (m/w/d) für den Bereich Asylwesen","https://www.stepstone.de/stellenangebote--Sachbearbeiter-m-w-d-fuer-den-Bereich-Asylwesen-Bad-Toelz-Landkreis-Bad-Toelz-Wolfratshausen--13862039-inline.html?rltr=348_23_25_seorl_m_0_0_0_0_1_0","Landkreis Bad Tölz-Wolfratshausen","Bad Tölz","legacy","2026-04-18","2026-06-02"
"Sachbearbeiter (m/w/d) für den Bereich Recht/Liegenschaften/Versicherungen","https://www.stepstone.de/stellenangebote--Sachbearbeiter-m-w-d-fuer-den-Bereich-Recht-Liegenschaften-Versicherungen-Unna-GWA-Gesellschaft-fuer-Wertstoff-und-Abfallwirtschaft-Kreis-Unna-mbH--13900405-inline.html?rltr=101_1_25_seorl_m_0_0_0_0_1_0","GWA - Gesellschaft für Wertstoff- und Abfallwirtschaft Kreis Unna mbH","Unna","legacy","2026-04-13","2026-06-02"
"Sachbearbeiter (m/w/d) für den Bereich Visum­verfahren im (vergleichbaren) gehobenen Dienst","https://www.stepstone.de/stellenangebote--Sachbearbeiter-m-w-d-fuer-den-Bereich-Visum-verfahren-im-vergleichbaren-gehobenen-Dienst-Brandenburg-an-der-Havel-Bundesamt-fuer-Auswaertige-Angelegenheiten--13916208-inline.html?rltr=278_3_25_seorl_m_0_0_0_0_0_0","Bundesamt für Auswärtige Angelegenheiten","Brandenburg an der Havel","legacy","2026-04-16","2026-06-02"
"Sachbearbeiter (m/w/d) für die Erstellung der Insolvenztabelle","https://www.sponagel-recht.de/karriere-sachbearbeiter-in-fuer-die-erstellung-der-insolvenztabelle-mwd","Dr. Moritz Sponagel Insolvenzverwalter","Hannover","legacy","2026-04-03","2026-06-02"
"Sachbearbeiter (m/w/d) für unsere Abteilung Abrechnung","https://www.stepstone.de/stellenangebote--Sachbearbeiter-m-w-d-fuer-unsere-Abteilung-Abrechnung-Bad-Segeberg-Kassenaerztliche-Vereinigung-Schleswig-Holstein--13940526-inline.html?rltr=572_22_25_seorl_m_0_0_0_0_1_0","Kassenärztliche Vereinigung Schleswig-Holstein","Bad Segeberg","legacy","2026-04-23","2026-06-02"
"Sachbearbeiter (m/w/d) im Bereich Insolvenztabelle","https://de.indeed.com/viewjob?jk=c55b46fb993c6777","GÖRG Partnerschaft von Rechtsanwälten mbB","28195 Bremen","legacy","2026-03-02","2026-06-02"
"Sachbearbeiter (m/w/d) im Bereich Insolvenztabelle","https://www.stepstone.de/stellenangebote--Sachbearbeiter-m-w-d-im-Bereich-Insolvenztabelle-Bremen-GOERG-Partnerschaft-von-Rechtsanwaelten-mbB--13850519-inline.html?rltr=579_4_25_seorl_s_0_0_0_0_1_0","GÖRG Partnerschaft von Rechtsanwälten mbB","Bremen","legacy","2026-04-16","2026-06-02"
"Sachbearbeiter - Industriekaufmann, Kaufmann für Büromanagement, Kaufmann für Energiewirtschaft o. ä. (m/w/d) - Einspeisemanagement","https://www.stellenanzeigen.de/job/detail/16215905?location_hash=5CECA975","Niedergesäß Stephan","Lahr/Schwarzwald","legacy","2026-04-05","2026-06-02"
"Sachbearbeiter - Inkasso / Forderungsmanagement / Rechtsanwaltsfachangestellte (m/w/d)","https://www.stepstone.de/stellenangebote--Sachbearbeiter-Inkasso-Forderungsmanagement-Rechtsanwaltsfachangestellte-m-w-d-Hamburg-REAL-Solution-Inkasso-GmbH-Co-KG--13386260-inline.html?rltr=142_17_25_seorl_m_0_0_0_0_1_0","REAL Solution Inkasso GmbH & Co. KG","Hamburg","legacy","2026-04-25","2026-06-02"
"Sachbearbeiter / Wirtschaftsjurist (m/w/d) für Insolvenzanfechtung","https://www.sponagel-recht.de/karriere-sachbearbeiter-anfechtung-m-w-d","Dr. Moritz Sponagel Insolvenzverwalter","Hannover","legacy","2026-04-03","2026-06-02"
"Sachbearbeiter / Wirtschaftsjurist (m/w/d) für Insolvenzverfahren","https://www.sponagel-recht.de/karriere-sachbearbeiter-insolvenzverfahren-m-w-d","Dr. Moritz Sponagel Insolvenzverwalter","Hannover","legacy","2026-04-03","2026-06-02"
"Sachbearbeiter / Wirtschaftsjurist (m/w/d) für Schlussrechnung in Insolvenzverfahren","https://www.sponagel-recht.de/karriere-sachbearbeiter-mwd-fuer-die-schlussrechnung-in-insolvenzverfahren","Dr. Moritz Sponagel Insolvenzverwalter","Hannover","legacy","2026-04-03","2026-06-02"
"Sachbearbeiter / in (m/w/d)- Unfallschadenregulierung (Vollzeit)","https://bulex-rechtsanwaltsgesellschaft.jobs.personio.de/job/1851326?display=de","Bulex Rechtsanwaltsgesellschaft mbH","Augsburg","legacy","2026-04-02","2026-06-02"
"Sachbearbeiter / kaufmännischer Mitarbeiter (m/w/d) im Forderungsmanagement","https://de.indeed.com/viewjob?jk=6e13217c4319f0ed","AdvoNeo Schuldnerberatung","22307 Hamburg","legacy","2026-04-02","2026-06-02"
"Sachbearbeiter /-in (m/w/d) Bürgerbüros - Stellen-Nr. 33-05","https://de.indeed.com/viewjob?jk=bf6bb8d647576cc2","Stadt Regensburg","Regensburg","legacy","2026-04-01","2026-06-02"
"Sachbearbeiter Administration (m/w/d) öffentlicher Dienst in Stuttgart","https://www.stepstone.de/stellenangebote--Sachbearbeiter-Administration-m-w-d-oeffentlicher-Dienst-in-Stuttgart-Stuttgart-Kassenaerztliche-Vereinigung-Baden-Wuerttemberg--13917028-inline.html?rltr=86_11_25_seorl_m_0_0_0_0_1_0","Kassenärztliche Vereinigung Baden-Württemberg","Stuttgart","legacy","2026-04-17","2026-06-02"
"Sachbearbeiter Compliance in Teilzeit (m/w/d)","https://www.stepstone.de/stellenangebote--Sachbearbeiter-Compliance-in-Teilzeit-m-w-d-Hamburg-Waldemar-Link-GmbH-Co-KG--13842074-inline.html?rltr=704_4_25_seorl_m_0_0_0_0_1_0","Waldemar Link GmbH & Co. KG","Hamburg","legacy","2026-04-15","2026-06-02"
"Sachbearbeiter Forderungsmanagement (m/w/d) im Bereich Miet- und WEG-Verwaltung wahlweise in Leipzig, Halle oder Wurzen","https://de.indeed.com/viewjob?jk=a14b217dfebc8e00","Casa Con Service GmbH","04107 Leipzig","legacy","2026-03-31","2026-06-02"
"Sachbearbeiter Immobilien Vertrags-/ Notarwesen (m/w/d)","https://www.stepstone.de/stellenangebote--Sachbearbeiter-Immobilien-Vertrags-Notarwesen-m-w-d-Bad-Wimpfen-bei-Heilbronn-Lidl-Dienstleistung-GmbH-Co-KG--13671190-inline.html?rltr=47_22_25_seorl_m_1_0_0_0_0_0","Lidl Dienstleistung GmbH & Co. KG","Bad Wimpfen bei Heilbronn","legacy","2026-04-24","2026-06-02"
"Sachbearbeiter Insolvenzen / Insolvenzsachbearbeiter (m/w/d)","https://www.voigtsalus.de/de/job/sachbearbeiter-insolvenzen-insolvenzsachbearbeiter-mwd","VOIGT SALUS. Rechtsanwälte und Insolvenzverwalter GbR","bundesweit","legacy","2026-05-05","2026-06-02"
"Sachbearbeiter Insolvenzrecht - Zwangsvollstreckung / Vertragsrecht / Recht (m/w/d)","https://www.stepstone.de/stellenangebote--Sachbearbeiter-Insolvenzrecht-Zwangsvollstreckung-Vertragsrecht-Recht-m-w-d-Stuttgart-Creditreform-Stuttgart-Strahler-KG--12559133-inline.html?rltr=114_14_25_seorl_m_0_0_0_0_1_0","Creditreform Stuttgart Strahler KG","Stuttgart","legacy","2026-04-25","2026-06-02"
"Sachbearbeiter Lohn- und Gehaltsabrechnung (m/w/d)","https://www.steuerwerk.com/job/sachbearbeiter-lohn-und-gehaltsabrechnung-m-w-d","steuerwerk Partnerschaftsgesellschaft mbB Steuerberater Rechtsanwälte","Mönchengladbach","legacy","2026-04-03","2026-06-02"
"Sachbearbeiter Lohn- und Gehaltsabrechnung (m/w/d)","https://www.stepstone.de/stellenangebote--Sachbearbeiter-Lohn-und-Gehaltsabrechnung-m-w-d-Moenchengladbach-Deutschland-steuerwerk-Partnerschaftsgesellschaft-mbB-Steuerberater-Rechtsanwaelte--13728466-inline.html?rltr=1797_22_25_seorl_m_0_0_0_0_0_0","steuerwerk Partnerschaftsgesellschaft mbB Steuerberater Rechtsanwälte","Mönchengladbach, Deutschland","legacy","2026-04-21","2026-06-02"
"Sachbearbeiter Unfallanlage/Telefonzentrale in Vollzeit (m/w/d)","https://www.hbc-anwaelte.de/wp-content/uploads/2025/05/Sachbearbeiter-Unfallanlage-Telefonzentrale-mwd-012-25.pdf","hbc - Hofbeck, Buchner & Collegen - Rechtsanwälte","Nürnberg","legacy","2026-04-03","2026-06-02"
"Sachbearbeiter Verwaltungsmanagement / Jurist / Public Management (m/w/d)","https://www.stepstone.de/stellenangebote--Sachbearbeiter-Verwaltungsmanagement-Jurist-Public-Management-m-w-d-Stuttgart-Steuerberaterkammer-Stuttgart-KdoeR--13744431-inline.html?rltr=128_3_25_seorl_m_0_0_0_0_1_0","Steuerberaterkammer Stuttgart KdöR","Stuttgart","legacy","2026-04-08","2026-06-02"
"Sachbearbeiter für die Insolvenzverwaltung (w/m/d)","https://www.stepstone.de/stellenangebote--Sachbearbeiter-fuer-die-Insolvenzverwaltung-w-m-d-Achern-Schultze-Braun-Rechtsanwaltsgesellschaft--12898137-inline.html?rltr=204_4_25_seorl_s_0_0_0_0_0_0","Schultze & Braun Rechtsanwaltsgesellschaft","Achern","legacy","2026-04-23","2026-06-02"
"Sachbearbeiter für die Kfz-Schadenregulierung (m/w/d)","https://www.hbc-anwaelte.de/wp-content/uploads/2025/05/Sachbearbeiter-fuer-die-Kfz-Schadenregulierung-mwd-005-25.pdf","hbc - Hofbeck, Buchner & Collegen - Rechtsanwälte","Nürnberg","legacy","2026-04-03","2026-06-02"
"Sachbearbeiter für die Widerspruchsstelle (W/M/D)","https://de.indeed.com/viewjob?jk=7220f2cd52bac455","Stadt Pforzheim","75175 Pforzheim","legacy","2026-04-08","2026-06-02"
"Sachbearbeiter für die Widerspruchsstelle (w/m/d)","https://www.stepstone.de/stellenangebote--Sachbearbeiter-fuer-die-Widerspruchsstelle-w-m-d-Pforzheim-Stadt-Pforzheim--13876851-inline.html?rltr=1154_4_25_seorl_m_0_0_0_0_0_0","Stadt Pforzheim","Pforzheim","legacy","2026-04-24","2026-06-02"
"Sachbearbeiter(in) Verkehrsrecht (m/w/d)","https://razeng.de/sachbearbeiterin-verkehrsrecht-m-w-d","RAZENG | RECHTSANWÄLTE","Berlin","legacy","2026-04-05","2026-06-02"
"Sachbearbeiter*in (m/w/d) - Ausländerwesen/Rückkehrmansgement","https://de.indeed.com/viewjob?jk=8aa02f0d88f9d368","Stadt Mülheim an der Ruhr","45468 Mülheim an der Ruhr","legacy","2026-04-15","2026-06-02"
"Sachbearbeiter*in Ausbildungsförderung (35 Stunden/Woche)","https://de.indeed.com/viewjob?jk=b54198182068b323","Studierendenwerk Rostock-Wismar","18055 Rostock","legacy","2026-04-14","2026-06-02"
"Sachbearbeiter*in Contract Management & Corporate Services (m/w/d) - Teilzeit möglich","https://www.stepstone.de/stellenangebote--Sachbearbeiterin-Contract-Management-Corporate-Services-m-w-d-Teilzeit-moeglich-Duesseldorf-Deutsche-Energy-Terminal-GmbH--13378021-inline.html?rltr=351_1_25_seorl_m_0_0_0_0_0_0","Deutsche Energy Terminal GmbH","Düsseldorf","legacy","2026-04-14","2026-06-02"
"Sachbearbeiter*innen (m/w/d) zwecks Absolvierung des Angestelltenlehrgangs I","https://de.indeed.com/viewjob?jk=b530d5302e42e652","Landkreis Hildesheim","31137 Hildesheim","legacy","2026-03-19","2026-06-02"
"Sachbearbeiter*innen / Jus- und R+W-Student*innen","https://harlander-partner.eu/karriere/sachbearbeiterinnen","Harlander & Partner Rechtsanwälte GmbH","Salzburg","legacy","2026-04-03","2026-06-02"
"Sachbearbeiter/-in (m/w/d)","https://www.dahag.de/jobs/sachbearbeiter/-in-m/w/d-1","Martin Groschek","Deutschland","legacy","2026-04-02","2026-06-02"
"Sachbearbeiter/-in Einrichtungsmanagement (m/w/d)","https://de.indeed.com/viewjob?jk=9f57f3ea87122b48","Stadt Brandenburg an der Havel","14772 Brandenburg an der Havel","legacy","2026-04-08","2026-06-02"
"Sachbearbeiter/-in Hilfe zum Lebensunterhalt / Grundsicherung nach dem SGB XII / AslybLG (m/w/d)","https://de.indeed.com/viewjob?jk=cdb81235fe9434b9","Landesregierung Brandenburg","Deutschland","legacy","2026-04-09","2026-06-02"
"Sachbearbeiter/-in Hilfe zum Lebensunterhalt / Grundsicherung nach dem SGB XII / AslybLG (m/w/d)","https://de.indeed.com/viewjob?jk=556efb9f8ee8ffc6","Stadt Brandenburg an der Havel","14772 Brandenburg an der Havel","legacy","2026-04-08","2026-06-02"
"Sachbearbeiter/-in Zulassungsbehörde (m/w/d)","https://de.indeed.com/viewjob?jk=4d8ead87c49cf347","Landesregierung Brandenburg","Brandenburg an der Havel","legacy","2026-04-09","2026-06-02"
"Sachbearbeiter/-in Zulassungsbehörde (m/w/d)","https://de.indeed.com/viewjob?jk=58e9fbd34c07c459","Stadt Brandenburg an der Havel","14770 Brandenburg an der Havel","legacy","2026-04-08","2026-06-02"
"Sachbearbeiter/Sachbearbeiterin (m/w/d) Recht und fachliche Unterstützung","https://www.stepstone.de/stellenangebote--Sachbearbeiter-Sachbearbeiterin-m-w-d-Recht-und-fachliche-Unterstuetzung-Koeln-Generalzolldirektion--13841743-inline.html?rltr=127_2_25_seorl_m_0_0_0_0_0_0","Generalzolldirektion","Köln","legacy","2026-04-15","2026-06-02"
"Sachbearbeiter/in (m/w/d) im Bereich Zulassungsrecht","https://www.stepstone.de/stellenangebote--Sachbearbeiter-in-m-w-d-im-Bereich-Zulassungsrecht-Lauterbach-Hessen-Vogelsbergkreis--13954129-inline.html?rltr=198_23_25_seorl_m_0_0_0_0_0_0","Vogelsbergkreis","Lauterbach (Hessen)","legacy","2026-04-27","2026-06-02"
"Sachbearbeiter/in (w/m/d) für allgemeine Ordnungsaufgaben","https://de.indeed.com/viewjob?jk=619d7b5b3d060592","Stadt Norderstedt","22846 Norderstedt","legacy","2026-04-15","2026-06-02"
"Sachbearbeiter/in (w/m/d) im Notariat – Schwerpunkt Gesellschaftsrecht –","https://de.indeed.com/viewjob?jk=5744008739ed14d8","Hamburgische Notarkammer","20095 Hamburg","legacy","2026-02-12","2026-06-02"
"Sachbearbeiter/in (w/m/d) im Notariat – Schwerpunkt Gesellschaftsrecht –","https://de.indeed.com/viewjob?jk=30828f4112660613","notariat-bergstrasse","20095 Hamburg","legacy","2026-02-11","2026-06-02"
"Sachbearbeiter/in Energiewirtschaft - Abrechnung und Forderungsmanagement in Vollzeit (m/w/d)","https://www.stepstone.de/stellenangebote--Sachbearbeiter-in-Energiewirtschaft-Abrechnung-und-Forderungsmanagement-in-Vollzeit-m-w-d-Munster-Stadtwerke-Munster-Bispingen-GmbH--13848593-inline.html?rltr=232_7_25_seorl_m_0_0_0_0_1_0","Stadtwerke Munster-Bispingen GmbH","Munster","legacy","2026-04-16","2026-06-02"
"Sachbearbeiter/in Insolvenztabelle (m/w/d)","https://www.stepstone.de/stellenangebote--Sachbearbeiter-in-Insolvenztabelle-m-w-d-Berlin-Dresden-Erfurt-Hamburg-Hannover-Koeln-Wiesbaden-ECKERT-Rechtsanwaelte-Steuerberater-Partnerschaftsgesellschaft--13313511-inline.html?rltr=580_5_25_seorl_s_0_0_0_0_0_0","ECKERT Rechtsanwälte Steuerberater Partnerschaftsgesellschaft","Berlin, Dresden, Erfurt, Hamburg, Hannover, Köln, Wiesbaden","legacy","2026-04-17","2026-06-02"
"Sachbearbeiter/in Schadenmanagement (m/w/d)","https://www.stepstone.de/stellenangebote--Sachbearbeiter-in-Schadenmanagement-m-w-d-Muenchen-FINN-GmbH--13716190-inline.html?rltr=1383_8_25_seorl_m_0_0_0_0_0_0","FINN GmbH","München","legacy","2026-04-02","2026-06-02"
"Sachbearbeiter/in Urheberrechte (m/w/d)","https://de.indeed.com/viewjob?jk=6eb996d10007ee60","Image Professionals GmbH","80337 München","legacy","2026-04-02","2026-06-02"
"Sachbearbeiter/in Urheberrechte (m/w/d)","https://www.stepstone.de/stellenangebote--Sachbearbeiter-in-Urheberrechte-m-w-d-Muenchen-Image-Professionals-GmbH--13850302-inline.html?rltr=659_9_25_seorl_m_0_0_0_0_1_0","Image Professionals GmbH","München","legacy","2026-04-16","2026-06-02"
"Sachbearbeiter/in in der Mitgliederverwaltung (m/w/d)","https://de.indeed.com/viewjob?jk=08721bbbc935a179","PENSIONSKASSE Deutscher Genossenschaften VVaG","48155 Münster","legacy","2026-04-23","2026-06-02"
"Sachbearbeiter:in Liegenschaftsmanagement (w/m/d)","https://www.stepstone.de/stellenangebote--Sachbearbeiter-in-Liegenschaftsmanagement-w-m-d-Muenster-Landschaftsverband-Westfalen-Lippe--13928979-inline.html?rltr=1341_16_25_seorl_m_0_0_0_0_0_0","Landschaftsverband Westfalen-Lippe","Münster","legacy","2026-04-20","2026-06-02"
"Sachbearbeiter:in Vertragsmanagement & Finanzen in Teilzeit (w/m/d) - Berlin","https://www.stepstone.de/stellenangebote--Sachbearbeiter-in-Vertragsmanagement-Finanzen-in-Teilzeit-w-m-d-Berlin-Berlin-Mitte-Tierarzt-plus-GmbH--13883581-inline.html?rltr=846_21_25_seorl_m_0_0_0_0_1_0","Tierarzt plus GmbH","Berlin, Mitte","legacy","2026-04-25","2026-06-02"
"Sachbearbeiter:innen (w/m/d) Vollstreckungsinnendienst (Oberinspektor:in)","https://de.indeed.com/viewjob?jk=867851593040dde9","Stadt Frankfurt am Main","Frankfurt am Main","legacy","2026-03-31","2026-06-02"
"Sachbearbeiterin / Sachbearbeiter in der Verwaltung des Landgerichts Aachen (m/w/d)","https://de.indeed.com/viewjob?jk=94308873dd015524","Landgericht Aachen","52070 Aachen","legacy","2026-04-01","2026-06-02"
"Sachbearbeiterin oder Sachbearbeiter (m/w/d) im Arbeitsgebiet Asylverfahren","https://de.indeed.com/viewjob?jk=7b1347408cea8a0c","Regierung von Oberbayern","81379 München","legacy","2026-04-17","2026-06-02"
"Sachbearbeitung (m/w/d) Liegenschaftsverwaltung","https://www.stepstone.de/stellenangebote--Sachbearbeitung-m-w-d-Liegenschaftsverwaltung-Halstenbek-Gemeinde-Halstenbek--13900574-inline.html?rltr=241_16_25_seorl_m_0_0_0_0_0_0","Gemeinde Halstenbek","Halstenbek","legacy","2026-04-13","2026-06-02"
"Sachbearbeitung (m/w/d) Zentrale Erfassungsstelle (Stellenausschreibung Nr. 15/2026)","https://de.indeed.com/viewjob?jk=f1a68dc28c5315e8","Kreispolizeibehörde Märkischer Kreis","58636 Iserlohn","legacy","2026-03-27","2026-06-02"
"Sachbearbeitung (m/w/d) in der Abteilung Zentrale Abrechnung für Gemeinsame Vergütungsregeln (GVR)","https://de.indeed.com/viewjob?jk=6de29cd606c2345f","ARD Degeto Film GmbH","60320 Frankfurt am Main","legacy","2026-04-10","2026-06-02"
"Sachbearbeitung (w/m/d) Versicherungen/Schadenbearbeitung","https://www.stepstone.de/stellenangebote--Sachbearbeitung-w-m-d-Versicherungen-Schadenbearbeitung-Hannover-DIAKOVERE-gGmbH--13793207-inline.html?rltr=612_12_25_seorl_m_0_0_0_0_0_0","DIAKOVERE gGmbH","Hannover","legacy","2026-04-18","2026-06-02"
"Sachbearbeitung Personal und Organisation (m/w/d)","https://de.indeed.com/viewjob?jk=3e566b11658bdd04","Stadt Ludwigshafen am Rhein","Ludwigshafen am Rhein","legacy","2026-04-15","2026-06-02"
"Sachbearbeitung Rechnungswesen / Verwaltung (m/w/d) in Voll- / Teilzeit","https://www.stepstone.de/stellenangebote--Sachbearbeitung-Rechnungswesen-Verwaltung-m-w-d-in-Voll-Teilzeit-Duesseldorf-ZWD-Zukunftswerkstatt-Duesseldorf-GmbH--13902080-inline.html?rltr=676_1_25_seorl_m_0_0_0_0_1_0","ZWD Zukunftswerkstatt Düsseldorf GmbH","Düsseldorf","legacy","2026-04-13","2026-06-02"
"Sachbearbeitung in der Leitstelle des Ordnungsamtes (Allgemeiner Ordnungsdienst (AOD)) (m/w/d)","https://www.stepstone.de/stellenangebote--Sachbearbeitung-in-der-Leitstelle-des-Ordnungsamtes-Allgemeiner-Ordnungsdienst-AOD-m-w-d-Berlin-Bezirksamt-Neukoelln-von-Berlin--13817758-inline.html?rltr=208_8_25_seorl_m_0_0_0_0_0_0","Bezirksamt Neukölln von Berlin","Berlin","legacy","2026-04-26","2026-06-02"
"Sachbearbeitung und telefonische Kundenberatung – kein Verkauf – (w/m/d)","https://www.stepstone.de/stellenangebote--Sachbearbeitung-und-telefonische-Kundenberatung-kein-Verkauf-w-m-d-Koblenz-Debeka-Bausparkasse-AG--13867633-inline.html?rltr=200_200_25_seorl_m_0_0_0_0_0_0","Debeka Bausparkasse AG","Koblenz","legacy","2026-04-23","2026-06-02"
"Sachgebietsleitung einschließlich stellvertretender Fachbereichsleitung (m/w/d)","https://www.stepstone.de/stellenangebote--Sachgebietsleitung-einschliesslich-stellvertretender-Fachbereichsleitung-m-w-d-Erding-Regierung-von-Oberbayern--13868837-inline.html?rltr=610_10_25_seorl_m_0_0_0_0_0_0","Regierung von Oberbayern","Erding","legacy","2026-04-23","2026-06-02"
"Sales Manager für Biometrieprodukte (m/w/d) Südeuropa, Vorderasien und Stan-Länder","https://www.xing.com/jobs/jena-sales-manager-biometrieprodukte-suedeuropa-vorderasien-stan-laender-149781448","Niedergesäß Stephan","Jena","legacy","2026-04-02","2026-06-02"
"Schadenfallmanager / Schadensachbearbeiter Kfz- und Sachversicherung in Hamburg (w/m/d)","https://www.stepstone.de/stellenangebote--Schadenfallmanager-Schadensachbearbeiter-Kfz-und-Sachversicherung-in-Hamburg-w-m-d-Hamburg-HUK-COBURG-Versicherungsgruppe--13868178-inline.html?rltr=214_14_25_seorl_m_0_0_0_0_0_0","HUK-COBURG Versicherungsgruppe","Hamburg","legacy","2026-04-23","2026-06-02"
"Schadenfallmanager / Schadensachbearbeiter Kfz- und Sachversicherung in Hamm (w/m/d)","https://www.stepstone.de/stellenangebote--Schadenfallmanager-Schadensachbearbeiter-Kfz-und-Sachversicherung-in-Hamm-w-m-d-Hamm-HUK-COBURG-Versicherungsgruppe--13868182-inline.html?rltr=215_15_25_seorl_m_0_0_0_0_0_0","HUK-COBURG Versicherungsgruppe","Hamm","legacy","2026-04-23","2026-06-02"
"Schadenfallmanager / Schadensachbearbeiter Kfz- und Sachversicherung in München (w/m/d)","https://www.stepstone.de/stellenangebote--Schadenfallmanager-Schadensachbearbeiter-Kfz-und-Sachversicherung-in-Muenchen-w-m-d-Muenchen-HUK-COBURG-Versicherungsgruppe--13868181-inline.html?rltr=213_13_25_seorl_m_0_0_0_0_0_0","HUK-COBURG Versicherungsgruppe","München","legacy","2026-04-23","2026-06-02"
"Schadenfallmanager / Schadensachbearbeiter Kfz- und Sachversicherung in Regensburg (w/m/d)","https://www.stepstone.de/stellenangebote--Schadenfallmanager-Schadensachbearbeiter-Kfz-und-Sachversicherung-in-Regensburg-w-m-d-Regensburg-HUK-COBURG-Versicherungsgruppe--13868668-inline.html?rltr=211_11_25_seorl_m_0_0_0_0_0_0","HUK-COBURG Versicherungsgruppe","Regensburg","legacy","2026-04-23","2026-06-02"
"Schadenfallmanager / Schadensachbearbeiter Kfz- und Sachversicherung in Wiesbaden (w/m/d)","https://www.stepstone.de/stellenangebote--Schadenfallmanager-Schadensachbearbeiter-Kfz-und-Sachversicherung-in-Wiesbaden-w-m-d-Wiesbaden-HUK-COBURG-Versicherungsgruppe--13868179-inline.html?rltr=216_16_25_seorl_m_0_0_0_0_0_0","HUK-COBURG Versicherungsgruppe","Wiesbaden","legacy","2026-04-23","2026-06-02"
"Schadenregulierer / Schadensachbearbeiter Kraftfahrtschäden oder Sachschäden (m/w/d)","https://de.indeed.com/viewjob?jk=b109870b589f88f2","DEKRA","70565 Stuttgart","legacy","2026-02-20","2026-06-02"
"Schadensachbearbeiter (m/w/d)","https://www.haas-law.de/karriere/schadensachbearbeiter-m-w-d","Haas Rechtsanwälte PartGmbB","Düsseldorf","legacy","2026-04-05","2026-06-02"
"Schadenspezialist Sachversicherung (all genders) Kiel","https://www.stepstone.de/stellenangebote--Schadenspezialist-Sachversicherung-all-genders-Kiel-Kiel-Provinzial-Nord-Brandkasse-AG--13885074-inline.html?rltr=75_75_25_seorl_s_0_0_0_0_0_0","Provinzial Nord Brandkasse AG","Kiel","legacy","2026-04-25","2026-06-02"
"Schadenspezialist Sachversicherung (all genders) MS","https://www.stepstone.de/stellenangebote--Schadenspezialist-Sachversicherung-all-genders-MS-Muenster-Provinzial-Versicherung-AG--13875944-inline.html?rltr=94_19_25_seorl_s_0_0_0_0_0_0","Provinzial Versicherung AG","Münster","legacy","2026-04-24","2026-06-02"
"Schreibkraft (W/M/D)","https://www.rewisto.de/die-fachanwaltskanzlei/stellenangebote/stelle/rechtsanwaltsfachangestellte-in-vollzeit-w-m-d","REWISTO Lawyers Friedhoff, wall and Partners","Aachen","legacy","2026-04-02","2026-06-02"
"Schreibkraft (m/w/d)","http://www.dr-eick.de/index.php?module=jobs&amp%3Bindex%5Bjobs%5D%5Baction%5D=details&amp%3Bindex%5Bjobs%5D%5Bdata%5D%5Bjobs_id%5D=16","Dr. Eick & Partner Rechtsanwälte Partnerschaft mbB","Hamm","legacy","2026-04-03","2026-06-02"
"Schreibkraft (m/w/d)","https://fries.law/schreibkraft-m-w-d-in-nuernberg.html","FRIES Rechtsanwälte Partnerschaft mbB","Nürnberg","legacy","2026-04-03","2026-06-02"
"Schreibkraft (m/w/d)","https://de.indeed.com/viewjob?jk=fa56b642e3a64eb0","Rechtsanwaltskanzlei Anja Kalka","44787 Bochum","legacy","2026-04-17","2026-06-02"
"Schuldner-/ und Insolvenzberater*in (m/w/d) Beckum/Ahlen, Teilzeit","https://www.stepstone.de/stellenangebote--Schuldner-und-Insolvenzberaterin-m-w-d-Beckum-Ahlen-Teilzeit-59269-Beckum-Deutschland-Schuldner-und-Insolvenzberatung-Diakonie-Guetersloh-e-V--13843445-inline.html?rltr=1996_21_25_seorl_m_0_0_0_0_0_0","Schuldner- und Insolvenzberatung Diakonie Gütersloh e.V.","59269 Beckum, Deutschland","legacy","2026-04-15","2026-06-02"
"Schulsachbearbeiter (m/w/d)","https://de.indeed.com/viewjob?jk=af8d4f65d862ba8e","Landkreis Rostock","Güstrow","legacy","2026-04-20","2026-06-02"
"Schulsekretär*innen (m/w/d)","https://de.indeed.com/viewjob?jk=315f9cdf83f1502a","Stadt Aachen","52062 Aachen","legacy","2026-04-09","2026-06-02"
"Schulsekretär/in (w/m/d) für die Willy-Brandt-Schule","https://de.indeed.com/viewjob?jk=0100d4eda826a4c6","Stadt Norderstedt","22846 Norderstedt","legacy","2026-04-09","2026-06-02"
"Sekretariat","https://www.rae-blatt.com/stellenangebote/sekretariat","Thomas Blatt Rechtsanwalts AG Dortmund - Rechtsanwälte / Fachanwälte","Dinslaken","legacy","2026-04-02","2026-06-02"
"Sekretariat","http://rae-blatt.com/stellenangebote/sekretariat","Thomas Blatt Rechtsanwalts AG Duisburg - Rechtsanwälte / Fachanwälte","Dinslaken","legacy","2026-04-02","2026-06-02"
"Sekretariat","http://www.rae-blatt.de/stellenangebote/sekretariat","Thomas Blatt Rechtsanwalts AG München- Rechtsanwälte / Fachanwälte","Dinslaken","legacy","2026-04-03","2026-06-02"
"Sekretariat (m/w/d)","https://de.indeed.com/viewjob?jk=9c14fc1c104cdd80","Müller Fischer Rechtsanwälte Partnerschaft mbB","Mainz","legacy","2026-03-30","2026-06-02"
"Sekretariat/ Assistenz (m/w/d) Legal","https://de.indeed.com/viewjob?jk=1b81ecdfadf5d8f0","HENSOLDT AG","82024 Taufkirchen","legacy","2026-02-18","2026-06-02"
"Sekretariatskraft auf 450 Euro Basis","https://guldenkirch.de/stellenangebote","Rechtsanwälte Guldenkirch","München","legacy","2026-04-03","2026-06-02"
"Sekretariatsleitung (m/w/d)","https://de.indeed.com/viewjob?jk=415138719d2d59f8","GE/CON GmbH","69469 Weinheim","legacy","2026-03-25","2026-06-02"
"Sekretariatsmitarbeiterin","https://kanzlei-am-hbf.de/wp-content/uploads/2022/01/Stellenausschreibung-Sekretariatsmitarbeiterin.pdf","Kanzlei am Hauptbahnhof","München","legacy","2026-04-03","2026-06-02"
"Sekretär/-in (m/w/d) im Vorzimmer des hauptamtlichen Bürgermeisters","https://www.stepstone.de/stellenangebote--Sekretaer-in-m-w-d-im-Vorzimmer-des-hauptamtlichen-Buergermeisters-Westerkappeln-Gemeinde-Westerkappeln--13727506-inline.html?rltr=255_5_25_seorl_m_0_0_0_0_0_0","Gemeinde Westerkappeln","Westerkappeln","legacy","2026-04-21","2026-06-02"
"Sekretär/in (m/w/d)","https://de.indeed.com/viewjob?jk=d7edb91025647827","Buchführungsdienst der Bayerischen Jungbauernschaft e.V.","86956 Schongau","legacy","2026-03-16","2026-06-02"
"Sekretär:in (w/m/d) der Datenschutzbeauftragten / Mitarbeiter:in (w/m/d) im Datenschutzbüro","https://de.indeed.com/viewjob?jk=c0f04028e3d764d7","Technische Hochschule Ostwestfalen-Lippe","32657 Lemgo","legacy","2026-04-17","2026-06-02"
"Sekretär:in (w/m/d) der Datenschutzbeauftragten / Mitarbeiter:in (w/m/d) im Datenschutzbüro","https://www.stepstone.de/stellenangebote--Sekretaer-in-w-m-d-der-Datenschutzbeauftragten-Mitarbeiter-in-w-m-d-im-Datenschutzbuero-Lemgo-Technische-Hochschule-Ostwestfalen-Lippe--13922943-inline.html?rltr=259_9_25_seorl_m_0_0_0_0_0_0","Technische Hochschule Ostwestfalen-Lippe","Lemgo","legacy","2026-04-17","2026-06-02"
"SekretärIn (m/w/d) in Vollzeit oder Teilzeit","https://drschulze-recht.de/stellenangebot-sekretaerin-in-berlin","Dr. Schulze Steuerberater und Rechtsanwalt","Berlin Adlershof","legacy","2026-04-02","2026-06-02"
"Sekretäre / Assistenten (m/w/d) im Anwaltssekretariat - Bochum","https://de.indeed.com/viewjob?jk=a3d4ccb49c937aeb","Aulinger Rechtsanwälte Notare","44787 Bochum","legacy","2026-04-20","2026-06-02"
"Sekretäre / Assistenten / Rechtsanwaltsfachangestellte (m/w/d) im Anwaltssekretariat - Essen","https://de.indeed.com/viewjob?jk=81c21100baf704b4","Aulinger Rechtsanwälte Notare","45133 Essen","legacy","2026-04-20","2026-06-02"
"Senior Associate (m/w/d) für Arbeitsrecht mit Berufserfahrung","https://schulte-lawyers.jobs.personio.de/job/733567?language=de&display=de","Kanzlei SCHULTE RECHTSANWÄLTE. Rechtsanwaltsgesellschaft mbH","Frankfurt am Main","legacy","2026-04-02","2026-06-02"
"Senior Associate - Steuerberater (w/m/d) 100% Remote","https://www.stepstone.de/stellenangebote--Senior-Associate-Steuerberater-w-m-d-100-Remote-Stuttgart-bundesweit-Home-Office-CHP-Rechtsanwalt-Steuerberater-Partnerschaftsgesellschaft-mbB--13941192-inline.html?rltr=499_24_25_seorl_m_0_0_0_0_1_0","CHP Rechtsanwalt & Steuerberater Partnerschaftsgesellschaft mbB","Stuttgart, bundesweit Home-Office)","legacy","2026-04-23","2026-06-02"
"Senior Associate - Steuerberater (w/m/d) 100% Remote","https://www.stepstone.de/stellenangebote--Senior-Associate-Steuerberater-w-m-d-100-Remote-bundesweit-Home-Office-CHP-Rechtsanwalt-Steuerberater-Partnerschaftsgesellschaft-mbB--13941190-inline.html?rltr=500_500_25_seorl_m_0_0_0_0_1_0","CHP Rechtsanwalt & Steuerberater Partnerschaftsgesellschaft mbB","bundesweit, Home-Office","legacy","2026-04-23","2026-06-02"
"Senior Commercial Legal Counsel (m/w/d)","https://www.stepstone.de/stellenangebote--Senior-Commercial-Legal-Counsel-m-w-d-Duesseldorf-Vantage-Towers-AG--13928873-inline.html?rltr=53_3_25_seorl_m_1_0_0_0_0_0","Vantage Towers AG","Düsseldorf","legacy","2026-04-20","2026-06-02"
"Senior Contract Manager (m/w/d)","https://www.stepstone.de/stellenangebote--Senior-Contract-Manager-m-w-d-Griesheim-ID-Logistics-Germany-GmbH--13867854-inline.html?rltr=323_23_25_seorl_s_0_0_0_0_1_0","ID Logistics Germany GmbH","Griesheim","legacy","2026-04-23","2026-06-02"
"Senior Contract Manager Teamlead (m/w/d)","https://www.stepstone.de/stellenangebote--Senior-Contract-Manager-Teamlead-m-w-d-Isernhagen-Denys-GmbH--13843302-inline.html?rltr=348_23_25_seorl_s_0_0_0_0_1_0","Denys GmbH","Isernhagen","legacy","2026-04-15","2026-06-02"
"Senior Counsel Nachhaltigkeits- und Produkterecht (w/m/d)","https://www.stepstone.de/stellenangebote--Senior-Counsel-Nachhaltigkeits-und-Produkterecht-w-m-d-Waiblingen-bei-Stuttgart-ANDREAS-STIHL-AG-Co-KG--13723448-inline.html?rltr=358_8_25_seorl_s_0_0_0_0_0_0","ANDREAS STIHL AG & Co. KG","Waiblingen bei Stuttgart","legacy","2026-04-04","2026-06-02"
"Senior Expert (m/f/d) 54A1-17 / AT nltd Level 2 (BesGr A 14 / A 15)","https://de.indeed.com/viewjob?jk=872db5b6df185046","Deutsche Post & DHL","Bonn","legacy","2026-02-10","2026-06-02"
"Senior Expert Contract / Commercial Manager (w/m/d)","https://www.stepstone.de/stellenangebote--Senior-Expert-Contract-Commercial-Manager-w-m-d-Fuerstenfeldbruck-HENSOLDT--13839322-inline.html?rltr=251_1_25_seorl_s_0_0_0_0_0_0","HENSOLDT","Fürstenfeldbruck","legacy","2026-04-14","2026-06-02"
"Senior Jurist:in Schadenregulierung Rückversicherung","https://www.stepstone.de/stellenangebote--Senior-Jurist-in-Schadenregulierung-Rueckversicherung-Hannover-Hannover-Rueck-SE--13757947-inline.html?rltr=347_22_25_seorl_s_1_0_0_0_0_0","Hannover Rück SE","Hannover","legacy","2026-04-11","2026-06-02"
"Senior Legal Counsel (m/f/d)","https://www.stepstone.de/stellenangebote--Senior-Legal-Counsel-m-f-d-Muenchen-TYTAN-Technologies-GmbH--13933604-inline.html?rltr=68_18_25_seorl_m_0_0_0_0_0_0","TYTAN Technologies GmbH","München","legacy","2026-04-21","2026-06-02"
"Senior Legal Counsel (m/w/d)","https://de.indeed.com/viewjob?jk=05a1b188a8f29000","SMA Solar Technology AG","Kassel","legacy","2025-12-06","2026-06-02"
"Senior Legal Counsel IP (m/w/d)","https://de.indeed.com/viewjob?jk=b18a6c28f12d7e7c","Dürr Dental SE","Bietigheim-Bissingen","legacy","2026-03-19","2026-06-02"
"Senior Legal Counsel M&A und Gesellschaftsrecht (m/w/d) Berufserfahrene | Neckarsulm","https://de.indeed.com/viewjob?jk=2a2e469b4fef08d2","Schwarz Corporate Solutions","74172 Neckarsulm","legacy","2025-11-24","2026-06-02"
"Senior Legal Counsel Payment (m/w/d) Berufserfahrene | Neckarsulm","https://de.indeed.com/viewjob?jk=9125107862cbe14c","Schwarz Corporate Solutions","74172 Neckarsulm","legacy","2026-03-24","2026-06-02"
"Senior Manager (m|w|d) Internationales Steuerrecht","https://www.stepstone.de/stellenangebote--Senior-Manager-mwd-Internationales-Steuerrecht-Augsburg-SONNTAG-Wirtschaftspruefung-Steuer-Recht--13864969-inline.html?rltr=808_8_25_seorl_m_1_0_0_0_0_0","SONNTAG. Wirtschaftsprüfung. Steuer. Recht.","Augsburg","legacy","2026-04-22","2026-06-02"
"Senior Paralegal - Markenrecht / Gewerblicher Rechtsschutz (m/w/d)","https://www.stepstone.de/stellenangebote--Senior-Paralegal-Markenrecht-Gewerblicher-Rechtsschutz-m-w-d-Hamburg-White-Case-LLP--13884742-inline.html?rltr=312_12_25_seorl_m_0_0_0_0_1_0","White & Case LLP","Hamburg","legacy","2026-04-25","2026-06-02"
"Senior Referent Kreditsicherheiten / Syndikusrechtsanwalt m/w/d","https://www.stepstone.de/stellenangebote--Senior-Referent-Kreditsicherheiten-Syndikusrechtsanwalt-m-w-d-Frankfurt-am-Main-DZ-BANK-AG--13865443-inline.html?rltr=101_1_25_seorl_m_1_0_0_0_0_0","DZ BANK AG","Frankfurt am Main","legacy","2026-04-22","2026-06-02"
"Senior Tax Manager (m/w/d) Lohnsteuer","https://www.stepstone.de/stellenangebote--Senior-Tax-Manager-m-w-d-Lohnsteuer-Heidenheim-Voith-GmbH-Co-KGaA--13877054-inline.html?rltr=1244_19_25_seorl_m_1_0_0_0_0_0","Voith GmbH & Co. KGaA","Heidenheim","legacy","2026-04-24","2026-06-02"
"Senior Vertrags- und Nachtragsmanager:in (w/m/d)","https://www.stepstone.de/stellenangebote--Senior-Vertrags-und-Nachtragsmanager-in-w-m-d-Hamburg-Deutsche-Bahn-AG--13497679-inline.html?rltr=334_9_25_seorl_s_0_0_0_0_0_0","Deutsche Bahn AG","Hamburg","legacy","2026-04-24","2026-06-02"
"Senior Volljurist / Syndikusrechtsanwalt (m/w/d) - IP / IT Recht","https://www.stepstone.de/stellenangebote--Senior-Volljurist-Syndikusrechtsanwalt-m-w-d-IP-IT-Recht-Hamburg-Frankfurt-Muenchen-Nuernberg-Ulm-Berlin-Bonn-Leipzig-BWI-GmbH--13839387-inline.html?rltr=169_19_25_seorl_m_0_0_0_0_1_0","BWI GmbH","Hamburg, Frankfurt, München, Nürnberg, Ulm, Berlin, Bonn, Leipzig","legacy","2026-04-14","2026-06-02"
"Senior) Berater Datenschutz - Cyber Security (w/m/d)","https://www.stepstone.de/stellenangebote--Senior-Berater-Datenschutz-Cyber-Security-w-m-d-Berlin-Duesseldorf-Hamburg-Stuttgart-Muenchen-Koeln-Frankfurt-Main-EY-Deutschland--12932392-inline.html?rltr=122_22_25_seorl_s_1_0_0_0_0_0","EY Deutschland","Berlin, Düsseldorf, Hamburg, Stuttgart, München, Köln,Frankfurt/Main","legacy","2026-04-23","2026-06-02"
"Senior) Business Development Manager Immobilienbewertungen (m/w/d)","https://de.indeed.com/viewjob?jk=f1680a25df56ac5d","Heid Immobilien GmbH","69190 Walldorf","legacy","2026-02-10","2026-06-02"
"Senior) Consultant (m/w/d) Restrukturierung","https://www.stepstone.de/stellenangebote--Senior-Consultant-m-w-d-Restrukturierung-Duesseldorf-Stuttgart-CMS-Hasche-Sigle-Partnerschaft-mbB--10944613-inline.html?rltr=1497_22_25_seorl_m_0_0_0_0_0_0","CMS Hasche Sigle Partnerschaft mbB","Düsseldorf, Stuttgart","legacy","2026-04-20","2026-06-02"
"Senior) Consultant Datenschutz (m/w/d)","https://www.stepstone.de/stellenangebote--Senior-Consultant-Datenschutz-m-w-d-Luebeck-Herold-Unternehmensberatung-GmbH--13939974-inline.html?rltr=2088_13_25_seorl_s_0_0_0_0_1_0","Herold Unternehmensberatung GmbH","Lübeck","legacy","2026-04-23","2026-06-02"
"Senior) HR-Manager (m/w/d)","https://www.stepstone.de/stellenangebote--Senior-HR-Manager-m-w-d-Berlin-Greenberg-Traurig-Germany-LLP--13107398-inline.html?rltr=1507_7_25_seorl_m_0_0_0_0_0_0","Greenberg Traurig Germany, LLP","Berlin","legacy","2026-04-21","2026-06-02"
"Senior) Legal Advisor (m/w/d)","https://www.stepstone.de/stellenangebote--Senior-Legal-Advisor-m-w-d-Munich-ClimatePartner-GmbH--13886725-inline.html?rltr=421_21_25_seorl_s_0_0_0_0_1_0","ClimatePartner GmbH","Munich","legacy","2026-04-25","2026-06-02"
"Senior) Legal Counsel (f/m/d)","https://de.indeed.com/viewjob?jk=14f98e3c339a8102","Siemens Energy","Erlangen","legacy","2026-04-08","2026-06-02"
"Senior) Legal Counsel (m/w/d)","https://www.stepstone.de/stellenangebote--Senior-Legal-Counsel-m-w-d-Muenchen-CANCOM-SE--13504627-inline.html?rltr=71_21_25_seorl_m_0_0_0_0_0_0","CANCOM SE","München","legacy","2026-04-23","2026-06-02"
"Senior) Legal Counsel (m/w/d) / Jurist im Bereich Versicherungen (m/w/d)","https://www.stepstone.de/stellenangebote--Senior-Legal-Counsel-m-w-d-Jurist-im-Bereich-Versicherungen-m-w-d-Teltow-bei-Berlin-Verti-Versicherung-AG--13579554-inline.html?rltr=77_2_25_seorl_m_0_0_0_0_0_0","Verti Versicherung AG","Teltow bei Berlin","legacy","2026-04-17","2026-06-02"
"Senior) Legal Counsel - Mergers & Acquisitions (m/f/d) - REF90472Q","https://www.stepstone.de/stellenangebote--Senior-Legal-Counsel-Mergers-Acquisitions-m-f-d-REF90472Q-Hannover-Continental-AG--13856947-inline.html?rltr=72_22_25_seorl_m_1_0_0_0_1_0","Continental AG","Hannover","legacy","2026-04-17","2026-06-02"
"Senior) Legal Counsel / Advisor (m/w/d)","https://de.indeed.com/viewjob?jk=fbac541ad542e9ba","ClimatePartner GmbH","München","legacy","2026-03-04","2026-06-02"
"Senior) Legal Counsel / Syndikusrechtsanwalt (m/w/d) IT-Recht, KI & Vertragsrecht","https://de.indeed.com/viewjob?jk=d02d741904c2ae7a","Interzero Holding GmbH & Co. KG","Köln","legacy","2026-03-24","2026-06-02"
"Senior) Legal Counsel / Syndikusrechtsanwalt (m/w/d) Regulatory & (Abfall)Wirtschaftsrecht","https://de.indeed.com/viewjob?jk=bc6e513c9f0cdf2a","Interzero Holding GmbH & Co. KG","Köln","legacy","2026-03-04","2026-06-02"
"Senior) Legal Counsel / Syndikusrechtsanwalt - Aufsichts- und Kapitalmarktrecht (f/m/d)","https://www.stepstone.de/stellenangebote--Senior-Legal-Counsel-Syndikusrechtsanwalt-Aufsichts-und-Kapitalmarktrecht-f-m-d-Hamburg-Frankfurt-Hamburg-Commercial-Bank--13867388-inline.html?rltr=30_5_25_seorl_m_0_0_0_0_0_0","Hamburg Commercial Bank","Hamburg, Frankfurt","legacy","2026-04-23","2026-06-02"
"Senior) Legal Counsel / Syndikusrechtsanwalt / Volljurist (m/w/d)","https://de.indeed.com/viewjob?jk=b4493091a206e2ed","Interzero Holding GmbH & Co. KG","Köln","legacy","2026-02-27","2026-06-02"
"Senior) Legal Counsel / Unternehmensjurist (m/w/d)","https://de.indeed.com/viewjob?jk=ab34926e37ac302b","Distart Education GmbH","04109 Leipzig","legacy","2026-02-28","2026-06-02"
"Senior) Legal Counsel / Volljurist / (Syndikus-)Rechtsanwalt (m/w/d)","https://www.stepstone.de/stellenangebote--Senior-Legal-Counsel-Volljurist-Syndikus-Rechtsanwalt-m-w-d-Nuernberg-LEONI-Bordnetz-Systeme-GmbH--13904584-inline.html?rltr=45_20_25_seorl_m_0_0_0_0_1_0","LEONI Bordnetz-Systeme GmbH","Nürnberg","legacy","2026-04-14","2026-06-02"
"Senior) Legal Counsel – Commercial & Projects (w/m/d)","https://www.stepstone.de/stellenangebote--Senior-Legal-Counsel-Commercial-Projects-w-m-d-Berlin-Duesseldorf-Schneider-Electric-GmbH--13910947-inline.html?rltr=51_1_25_seorl_m_0_0_0_0_0_0","Schneider Electric GmbH","Berlin, Düsseldorf","legacy","2026-04-15","2026-06-02"
"Senior) Legal Counsel – Commercial (w/m/d)","https://www.stepstone.de/stellenangebote--Senior-Legal-Counsel-Commercial-w-m-d-Berlin-Duesseldorf-Schneider-Electric-GmbH--13910946-inline.html?rltr=52_2_25_seorl_m_0_0_0_0_0_0","Schneider Electric GmbH","Berlin, Düsseldorf","legacy","2026-04-15","2026-06-02"
"Senior) Legal Counsel/ Syndikusrechtsanwalt (all genders) mit Schwerpunkt Versicherungsrecht bei BNP Paribas Cardif","https://de.indeed.com/viewjob?jk=50ca830c943053c2","BNP Paribas","Gerlingen","legacy","2026-02-04","2026-06-02"
"Senior) Manager (w/m/d) für die Restrukturierungsberatung","https://www.stepstone.de/stellenangebote--Senior-Manager-w-m-d-fuer-die-Restrukturierungsberatung-Duesseldorf-Anchor-Management-GmbH--13694646-inline.html?rltr=1443_18_25_seorl_m_0_0_0_0_0_0","Anchor Management GmbH","Düsseldorf","legacy","2026-03-28","2026-06-02"
"Senior) Manager Indirect Tax Services - Umsatzsteuer (w/m/d)","https://www.stepstone.de/stellenangebote--Senior-Manager-Indirect-Tax-Services-Umsatzsteuer-w-m-d-Berlin-Muenchen-Frankfurt-Koeln-Stuttgart-KPMG-AG-Wirtschaftspruefungsgesellschaft--13331080-inline.html?rltr=1402_2_25_seorl_m_1_0_0_0_0_0","KPMG AG Wirtschaftsprüfungsgesellschaft","Berlin, München, Frankfurt, Köln, Stuttgart","legacy","2026-04-12","2026-06-02"
"Senior) RegTech & Legal Expert (m/w/d)","https://www.stepstone.de/stellenangebote--Senior-RegTech-Legal-Expert-m-w-d-Berlin-caralegal-GmbH--13435109-inline.html?rltr=437_12_25_seorl_s_0_0_0_0_0_0","caralegal GmbH","Berlin","legacy","2026-04-16","2026-06-02"
"Senior) Sachbearbeiter Credit & Collections (w/m/d)","https://www.stepstone.de/stellenangebote--Senior-Sachbearbeiter-Credit-Collections-w-m-d-Mainz-TARGOBANK--13793838-inline.html?rltr=263_13_25_seorl_m_1_0_0_0_0_0","TARGOBANK","Mainz","legacy","2026-04-17","2026-06-02"
"Senior) Transaction Lawyer","https://www.stepstone.de/stellenangebote--Senior-Transaction-Lawyer-Muenchen-Leipzig-DLA-Piper-UK-LLP--13841919-inline.html?rltr=200_200_25_seorl_s_0_0_0_0_1_0","DLA Piper UK LLP","München, Leipzig","legacy","2026-04-15","2026-06-02"
"Senior) Transaction Lawyer (m/f/d) Corporate / M&A","https://www.stepstone.de/stellenangebote--Senior-Transaction-Lawyer-m-f-d-Corporate-MA-Muenchen-Linklaters-LLP--13793386-inline.html?rltr=69_19_25_seorl_m_0_0_0_0_0_0","Linklaters LLP","München","legacy","2026-04-18","2026-06-02"
"Senior-) Associate / Rechtsanwalt (m/w/d) Dispute Resolution","https://de.indeed.com/viewjob?jk=ae63e994a35f9ed8","Ashurst LLP","München","legacy","2026-03-18","2026-06-02"
"Senior-)Eventmanager/Teamlead (m/w/d)","https://www.xing.com/jobs/hamburg-senior-eventmanager-teamlead-144879215","Niedergesäß Stephan","Hamburg","legacy","2026-04-02","2026-06-02"
"Senioren als Büroassistenz","https://www.blauertz-rechtsanwaelte.de/karriere/stellenanzeige-senioren-als-bueroassistenz","Blauertz Rechtsanwälte","Frankfurt am Main","legacy","2026-04-03","2026-06-02"
"Sommerpraktikum (m/w/d)","https://rittershaus.net/karriere-1/entdeckungsreise-in-die-kanzleipraxis.html","RITTERSHAUS Rechtsanwälte PartmbB","Frankfurt","legacy","2026-05-05","2026-06-02"
"Sozialversicherungsfachangestellte (w/m/d)","http://www.iurfriend-kanzlei.de/karriere/job-sozialversicherungsfachangestellte","iurFRIEND Kanzlei","Düsseldorf","legacy","2026-04-02","2026-06-02"
"Specialist Restructuring & Workout (m/w/d)","https://www.stepstone.de/stellenangebote--Specialist-Restructuring-Workout-m-w-d-Muenchen-Muenchener-Hypothekenbank-eG--13693987-inline.html?rltr=1301_1_25_seorl_m_0_0_0_0_1_0","Münchener Hypothekenbank eG","München","legacy","2026-04-14","2026-06-02"
"Specialista in brevetti (m/f/d) nel campo della fisica e/o dell'ingegneria elettrica con ottima conoscenza della lingua italiana","https://www.stepstone.de/stellenangebote--Specialista-in-brevetti-m-f-d-nel-campo-della-fisica-e-o-dellingegneria-elettrica-con-ottima-conoscenza-della-lingua-italiana-Muenchen-Gruenecker-Patent-und-Rechtsanwaelte-PartG-mbB--13744740-inline.html?rltr=806_6_25_seorl_m_0_0_0_0_1_0","Grünecker Patent- und Rechtsanwälte PartG mbB","München","legacy","2026-04-24","2026-06-02"
"Spezialist Corporate Governance Risk & Sustainability (m/w/d)","https://de.indeed.com/viewjob?jk=78ed00d53fcaf2e0","MERKUR GROUP","Lübbecke","legacy","2026-04-20","2026-06-02"
"Spezialist Kunden- und Vertragsmanagement (m/w/d) Versicherung - befristet für 2 Jahre","https://www.stepstone.de/stellenangebote--Spezialist-Kunden-und-Vertragsmanagement-m-w-d-Versicherung-befristet-fuer-2-Jahre-Muenchen-Lebensversicherung-von-1871-a-G--13855230-inline.html?rltr=189_14_25_seorl_s_0_0_0_0_1_0","Lebensversicherung von 1871 a. G.","München","legacy","2026-04-17","2026-06-02"
"Spezialist Kundenbetreuung im Leasing (w/m/d)","https://www.stepstone.de/stellenangebote--Spezialist-Kundenbetreuung-im-Leasing-w-m-d-Duesseldorf-TARGOBANK--13547222-inline.html?rltr=85_10_25_seorl_s_1_0_0_0_0_0","TARGOBANK","Düsseldorf","legacy","2026-04-26","2026-06-02"
"Spezialist:in Kundenbetreuung Netznutzung & Vertragswesen (m/w/d)","https://www.stepstone.de/stellenangebote--Spezialist-in-Kundenbetreuung-Netznutzung-Vertragswesen-m-w-d-Regensburg-Muenchen-Bayernwerk-Netz-GmbH--13940877-inline.html?rltr=142_17_25_seorl_s_0_0_0_0_0_0","Bayernwerk Netz GmbH","Regensburg, München","legacy","2026-04-23","2026-06-02"
"Spielerschutzbeauftragter (m/w/d) in Vollzeit oder Teilzeit (ab 30 Std./Woche)","https://www.stepstone.de/stellenangebote--Spielerschutzbeauftragter-m-w-d-in-Vollzeit-oder-Teilzeit-ab-30-Std-Woche-Berlin-Spielbank-Berlin-Verwaltungsgesellschaft-mbH--13756332-inline.html?rltr=255_5_25_seorl_m_0_0_0_0_1_0","Spielbank Berlin Verwaltungsgesellschaft mbH","Berlin","legacy","2026-04-13","2026-06-02"
"Stagiaire (Referendariat) (m/w/d)","http://legalrecruit-eu.cgsh.com/EUselfapply/viRecruitSelfApply/RecDefault.aspx?FilterREID=6&FilterJobCategoryID=4","Cleary Gottlieb Steen & Hamilton LLP","Köln","legacy","2026-05-05","2026-06-02"
"Stagiaire (juristische/wissenschaftliche Mitarbeit) (m/w/d)","http://legalrecruit-eu.cgsh.com/EUselfapply/viRecruitSelfApply/RecDefault.aspx?FilterREID=6&FilterJobCategoryID=3","Cleary Gottlieb Steen & Hamilton LLP","Köln","legacy","2026-05-05","2026-06-02"
"Standesbeamtin/Standesbeamten (m/w/d)","https://www.stepstone.de/stellenangebote--Standesbeamtin-Standesbeamten-m-w-d-Monschau-Stadt-Monschau--13913507-inline.html?rltr=319_19_25_seorl_m_0_0_0_0_0_0","Stadt Monschau","Monschau","legacy","2026-04-15","2026-06-02"
"Stationsreferendar*in (m/w/d) in unseren Kernbereichen Arbeits-, Bau-, Immobilien- und Verwaltungsrecht","https://grawert.berlin/karriere","Grawert & Partner","Berlin","legacy","2026-04-02","2026-06-02"
"Stationsreferendare","https://www.ilex-bankrecht.de/nachricht-im-detail/wirtschaftsrechtlich-ausgerichtete-kanzlei-sucht-rechtsreferendare.html","ilex Rechtsanwälte","Potsdam","legacy","2026-04-02","2026-06-02"
"Stellen Anwälte","https://dr-fingerle.de/stellen-anwaelte","Dr. Fingerle Rechtsanwälte GbR","Leipzig","legacy","2026-04-03","2026-06-02"
"Stellen Ausbildung","https://dr-fingerle.de/stellen-ausbildung","Dr. Fingerle Rechtsanwälte GbR","Leipzig","legacy","2026-04-03","2026-06-02"
"Stellen Fachangestellte","https://dr-fingerle.de/stellen-rechtsanwaltsfachangestellte","Dr. Fingerle Rechtsanwälte GbR","Leipzig","legacy","2026-04-03","2026-06-02"
"Stellen Rechtsreferendare","https://dr-fingerle.de/stellen-rechtsreferendare","Dr. Fingerle Rechtsanwälte GbR","Leipzig","legacy","2026-04-03","2026-06-02"
"Stellenangebot Auszubildende/n zum/zur Rechtsanwaltsfachangestellten (m/w/d)","https://www.meisl-rechtsanwaelte.de/stellenangebot-auszubildung","Dr. Meisl RECHTSANWÄLTE GmbH & Co. KG","Regensburg","legacy","2026-04-03","2026-06-02"
"Stellenangebot Wirtschaftsjuristen (m/w/d)","https://kunst-kulturrecht.de/stellenangebote/stellenangebot-wirtschaftsjuristen-m-w-d","Fachanwältin Katharina Gitmann - horak Rechtsanwälte Düsseldorf","Berlin","legacy","2026-04-05","2026-06-02"
"Stellenangebot für Bürokraft (m/w/d)","https://www.stepstone.de/stellenangebote--Stellenangebot-fuer-Buerokraft-m-w-d-Lahnstein-Erbenermittlung-Ely-GmbH--13879432-inline.html?rltr=311_11_25_seorl_m_0_0_0_0_1_0","Erbenermittlung Ely GmbH","Lahnstein","legacy","2026-04-24","2026-06-02"
"Stellenangebot im Notariat","https://www.kanzlei-ob.de/","Emschermann / Rechtsanwälte und Notarin in Kooperation","Oberhausen","legacy","2026-04-05","2026-06-02"
"Stellenangebot: Rechtsanwaltsfachangestellte(r) in München oder Homeoffice","https://www.brennecke-rechtsanwaelte.de/Stellenangebot-Rechtsanwaltsfachangestellter-in-Muenchen-oder-Homeoffice_209499","Brennecke & Partner Rechtsanwälte","Homeoffice","legacy","2026-04-03","2026-06-02"
"Stellenangebot: wissenschaftlicher Mitarbeiter / wissenschaftliche Mitarbeiterin, ortsungebunden (Teilzeit)","https://www.brennecke-rechtsanwaelte.de/Stellenangebot-wissenschaftlicher-Mitarbeiter-wissenschaftliche-Mitarbeiterin-ortsungebunden-Teilzeit_194012","Brennecke & Partner Rechtsanwälte","Zentrale/Unbekannt","legacy","2026-04-03","2026-06-02"
"Stellenangebote für Rechtsanwältinnen/Rechtsanwälte","http://www.brak.de/jobboerse/stellenangebote-fuer-rechtsanwaelte","Kanzlei Cudina","Zentrale/Unbekannt","legacy","2026-04-05","2026-06-02"
"Stellenangebote für Referendarinnen/Referendare","http://www.brak.de/jobboerse/stellenangebote-fuer-referendare","Kanzlei Cudina","Zentrale/Unbekannt","legacy","2026-04-05","2026-06-02"
"Stellenausschreibung Rechtsanwaltsfachangestellte (m/w/d)","https://lamster-kanzlei.de/wp-content/uploads/2024/10/Stellenausschreibung-Rechtsanwaltsfachangestellte.pdf","Lamster & Partner Rechtsanwälte PartG mbB","Freiburg","legacy","2026-04-03","2026-06-02"
"Stellenausschreibung Referendare","https://lamster-kanzlei.de/wp-content/uploads/2024/09/775409-Stellenausschreibung-Referendar-Wahlstation.pdf","Lamster & Partner Rechtsanwälte PartG mbB","Freiburg","legacy","2026-04-03","2026-06-02"
"Steuerassistenten Betriebliche Steuern","https://www.vierhaus-kanzlei.de/karriere/stellenanzeigen/steuerassistent","Vierhaus Kanzlei","Berlin","legacy","2026-04-02","2026-06-02"
"Steuerassistenten Private Steuern","https://www.vierhaus-kanzlei.de/karriere/stellenanzeigen/steuerassistenten-private-steuern","Vierhaus Kanzlei","Berlin","legacy","2026-04-02","2026-06-02"
"Steuerberater (m/w/d)","https://www.stepstone.de/stellenangebote--Steuerberater-m-w-d-Dormagen-ADKL-Abels-Decker-Kuhfuss-Partner-mbB--13884941-inline.html?rltr=637_12_25_seorl_m_0_0_0_0_0_0","ADKL Abels Decker Kuhfuß & Partner mbB","Dormagen","legacy","2026-04-25","2026-06-02"
"Steuerberater (m/w/d)","https://www.stepstone.de/stellenangebote--Steuerberater-m-w-d-Duesseldorf-ADKL-Abels-Decker-Kuhfuss-Partner-mbB--13884942-inline.html?rltr=703_3_25_seorl_m_0_0_0_0_0_0","ADKL Abels Decker Kuhfuß & Partner mbB","Düsseldorf","legacy","2026-04-25","2026-06-02"
"Steuerberater (m/w/d)","https://www.curacon.de/karriere-bei-curacon/stellenangebote/stellen/steuerberater-m-w-d-bundesweit-mit-mobile-office-option","CURACON GmbH","bundesweit","legacy","2026-05-05","2026-06-02"
"Steuerberater (m/w/d)","https://www.neumann-schmeer.de/2022/11/29/steuerberater-m-w-d","Dr. Maubach - NS+P Dr. Neumann Schmeer und Partner mbB","Aachen","legacy","2026-04-02","2026-06-02"
"Steuerberater (m/w/d)","http://kessler-rs.com/karriere-jobs/stellenangebot-steuerberater-steuerberaterin","KESSLER Rechtsanwaltsgesellschaft mbH","Bremen","legacy","2026-04-02","2026-06-02"
"Steuerberater (m/w/d)","https://kanzleikaiserberg.de/?p=1156","Kanzlei am Kaiserberg Steuerberater Ronny Jasinski","Duisburg","legacy","2026-04-02","2026-06-02"
"Steuerberater (m/w/d)","http://roeber-hess.de/","Rechtsanwältin Annett Pée LL.M.Eur, Fachanwältin für Internationales Wirtschaftsrecht","Leipzig","legacy","2026-04-03","2026-06-02"
"Steuerberater (m/w/d)","https://snp.law/stellenangebote/steuerberater-m-w-d-zur-anstellung-oder-partnerstellung","SNP Schlawien Partnerschaft mbB","München","legacy","2026-05-05","2026-06-02"
"Steuerberater (m/w/d)","https://www.spitzweg.com/offene-stellen/steuerberater-m-w-d","SPITZWEG Partnerschaft mbB | Rechtsanwälte Steuerberater Wirtschaftsprüfer","München","legacy","2026-04-03","2026-06-02"
"Steuerberater (m/w/d)","https://www.sommerfeld-majka.de/karriere/steuerberater","Sommerfeld - Majka - Reifig Rechtsanwälte - Notare - Steuerberater","Münster","legacy","2026-04-03","2026-06-02"
"Steuerberater (m/w/d)","http://www.axisrechtsanwaelte.de/karriere/steuerberater-m-w-d","axis Rechtsanwälte GmbH Rechtsanwaltsgesellschaft","Köln","legacy","2026-04-03","2026-06-02"
"Steuerberater (m/w/d) Betreuung, Beratung nationaler & internationaler Unternehmen","https://www.stepstone.de/stellenangebote--Steuerberater-m-w-d-Betreuung-Beratung-nationaler-internationaler-Unternehmen-Muenchen-Pasing-Muenchen-Mitte-LM-Audit-Tax-GmbH-Wirtschaftspruefungsgesellschaft--13714057-inline.html?rltr=1105_5_25_seorl_m_0_0_0_0_0_0","LM Audit & Tax GmbH Wirtschaftsprüfungsgesellschaft","München-Pasing, München-Mitte","legacy","2026-04-02","2026-06-02"
"Steuerberater (m/w/d) in München","https://www.stepstone.de/stellenangebote--Steuerberater-m-w-d-in-Muenchen-Muenchen-Becker-Buettner-Held-Rechtsanwaelte-Steuerberater-Unternehmensberater-PartGmbB--13901112-inline.html?rltr=848_23_25_seorl_m_0_0_0_0_0_0","Becker Büttner Held Rechtsanwälte Steuerberater Unternehmensberater PartGmbB","München","legacy","2026-04-13","2026-06-02"
"Steuerberater (m/w/d) – Teilzeit","https://www.olbricht-rechtsanwaelte.de/anzeigen/steuerberater-m-w-d-teilzeit","OLBRICHT Rechtsanwälte","Berlin","legacy","2026-04-02","2026-06-02"
"Steuerberater (m/w/i)","https://schult-cuntze.de/stellenangebote","Cuntze Rechtsanwalt/Steuerberater","Hamburg","legacy","2026-04-03","2026-06-02"
"Steuerberater (m|w|d)","https://www.k1.de/karriere/steuerberater","Löffler Corporate Law Commercial Law Tax Law","Erfurt","legacy","2026-04-02","2026-06-02"
"Steuerberater (w/m/d) 100% Remote","https://www.stepstone.de/stellenangebote--Steuerberater-w-m-d-100-Remote-Duesseldorf-bundesweit-Home-Office-CHP-Rechtsanwalt-Steuerberater-Partnerschaftsgesellschaft-mbB--13941143-inline.html?rltr=396_21_25_seorl_m_0_0_0_0_1_0","CHP Rechtsanwalt & Steuerberater Partnerschaftsgesellschaft mbB","Düsseldorf, bundesweit, Home-Office","legacy","2026-04-23","2026-06-02"
"Steuerberater (w/m/d) 100% Remote","https://www.stepstone.de/stellenangebote--Steuerberater-w-m-d-100-Remote-Muenchen-deutschlandweit-CHP-Rechtsanwalt-Steuerberater-Partnerschaftsgesellschaft-mbB--13104418-inline.html?rltr=415_15_25_seorl_m_0_0_0_0_0_0","CHP Rechtsanwalt & Steuerberater Partnerschaftsgesellschaft mbB","München, deutschlandweit","legacy","2026-04-22","2026-06-02"
"Steuerberater (w/m/d) 100% Remote","https://www.stepstone.de/stellenangebote--Steuerberater-w-m-d-100-Remote-Stuttgart-bundesweit-Home-Office-CHP-Rechtsanwalt-Steuerberater-Partnerschaftsgesellschaft-mbB--13941167-inline.html?rltr=395_20_25_seorl_m_0_0_0_0_1_0","CHP Rechtsanwalt & Steuerberater Partnerschaftsgesellschaft mbB","Stuttgart, bundesweit Home-Office)","legacy","2026-04-23","2026-06-02"
"Steuerberater (w/m/d) 100% Remote","https://www.stepstone.de/stellenangebote--Steuerberater-w-m-d-100-Remote-bundesweit-Home-Office-CHP-Rechtsanwalt-Steuerberater-Partnerschaftsgesellschaft-mbB--13941099-inline.html?rltr=397_22_25_seorl_m_0_0_0_0_1_0","CHP Rechtsanwalt & Steuerberater Partnerschaftsgesellschaft mbB","bundesweit, Home-Office","legacy","2026-04-23","2026-06-02"
"Steuerberater (w/m/d) für digitale Steuerkanzlei","https://www.stepstone.de/stellenangebote--Steuerberater-w-m-d-fuer-digitale-Steuerkanzlei-Bonn-Euskirchen-Koeln-Meckenheim-Siegburg-VRT-Partnerschaft-mbB-Wirtschaftspruefer-Steuerberater-Rechtsanwaelte--13857740-inline.html?rltr=696_21_25_seorl_m_0_0_0_0_0_0","VRT Partnerschaft mbB Wirtschaftsprüfer Steuerberater Rechtsanwälte","Bonn, Euskirchen, Köln, Meckenheim, Siegburg","legacy","2026-04-17","2026-06-02"
"Steuerberater * Steuerberaterin","https://dresden.bskp.de/karriere/steuerberater","BSKP Dr. Broll · Schmitt · Kaufmann & Partner","Dresden","legacy","2026-04-02","2026-06-02"
"Steuerberater - Beratung / Jahresabschlüsse / Steuererklärungen (m/w/d)","https://www.stepstone.de/stellenangebote--Steuerberater-Beratung-Jahresabschluesse-Steuererklaerungen-m-w-d-Burg-bei-Magdeburg-GOB-Steuerberatungsgesellschaft-mbH--11649134-inline.html?rltr=1041_16_25_seorl_m_0_0_0_0_1_0","GOB Steuerberatungsgesellschaft mbH","Burg (bei Magdeburg)","legacy","2026-04-23","2026-06-02"
"Steuerberater - Jahresabschl / Beratung / Führung (m/w/d)","https://www.stepstone.de/stellenangebote--Steuerberater-Jahresabschl-Beratung-Fuehrung-m-w-d-Karlsruhe-Krueger-Hannover-GmbH-Co-KG--13749028-inline.html?rltr=917_17_25_seorl_m_0_0_0_0_1_0","Krüger Hannover GmbH & Co. KG","Karlsruhe","legacy","2026-04-25","2026-06-02"
"Steuerberater - Steuererklärungen / Jahresabschlüsse / Beratung (m/w/d)","https://www.stepstone.de/stellenangebote--Steuerberater-Steuererklaerungen-Jahresabschluesse-Beratung-m-w-d-Aschersleben-GOB-Steuerberatungsgesellschaft-mbH--11649138-inline.html?rltr=1011_11_25_seorl_m_0_0_0_0_1_0","GOB Steuerberatungsgesellschaft mbH","Aschersleben","legacy","2026-04-23","2026-06-02"
"Steuerberater / Rechtsanwalt (m|w|d) als Spezialist (m|w|d) Umsatzsteuer","https://www.stepstone.de/stellenangebote--Steuerberater-Rechtsanwalt-mwd-als-Spezialist-mwd-Umsatzsteuer-Augsburg-SONNTAG-Wirtschaftspruefung-Steuer-Recht--13866001-inline.html?rltr=22_22_25_seorl_m_1_0_0_0_0_0","SONNTAG. Wirtschaftsprüfung. Steuer. Recht.","Augsburg","legacy","2026-04-22","2026-06-02"
"Steuerberater Standortleitung - Beratung / Jahresabschlüsse / Steuererklärungen (m/w/d)","https://www.stepstone.de/stellenangebote--Steuerberater-Standortleitung-Beratung-Jahresabschluesse-Steuererklaerungen-m-w-d-Haldensleben-GOB-Steuerberatungsgesellschaft-mbH--11649137-inline.html?rltr=1012_12_25_seorl_m_0_0_0_0_1_0","GOB Steuerberatungsgesellschaft mbH","Haldensleben","legacy","2026-04-23","2026-06-02"
"Steuerberater als Bürogemeinschaft oder freie Mitarbeit (m/w/d)","https://www.thoms-steuerberater-hamburg.de/jobs","Steuerberater Hamburg Thoms Consulting Steuerberatungsgesellschaft mbH","Hamburg","legacy","2026-04-03","2026-06-02"
"Steuerberater(in)","https://mhl-law.de/de/die-kanzlei/karriere","mhl-law Kanzlei Markus Hans Ludwig","Memmingen","legacy","2026-04-03","2026-06-02"
"Steuerberater(in)/Rechtsanwalt (-wältin)","https://www.vonthunen.de/wp-content/uploads/2021/06/Stellenanzeige-von-Thunen-Anwalt.pdf","VON THUNEN","Bielefeld","legacy","2026-04-03","2026-06-02"
"Steuerberater, Bilanzbuchhalter, Steuerfachwirt, Steuerfachangestellte","https://www.teufel-berater.de/stellenangebote","Rainer Teufel & Partner GmbH Steuerberatungsgesellschaft","Bayreuth","legacy","2026-05-05","2026-06-02"
"Steuerberaterin oder Steuerberater","https://www.ra-wittig.de/karriere/steuerberater-steuerberaterin-mwd","Wittig Ünalp Rechtsanwälte - Arbeitsrecht, Versicherungsrecht, Wirtschaftsrecht","Zentrale/Unbekannt","legacy","2026-04-02","2026-06-02"
"Steuerfachangestelle/r (m/w/d)","http://www.seitz-partner.de/aktuelle-stellenangebote","Seitz Weckbach Fackler & Partner mbB - Anwaltskanzlei Augsburg","Augsburg","legacy","2026-04-02","2026-06-02"
"Steuerfachangestelle/r, Steuerfachwirt/in (in Vollzeit)","http://www.kanzlei-ws.de/karriere/steuerfachangesteller-steuerfachwirtin","Wiese & Schlichting Rechtsanwälte und Steuerberater","Berlin","legacy","2026-04-02","2026-06-02"
"Steuerfachangestellte","https://www.ra-wittig.de/karriere/steuerfachangestellte-lohnbuchhalter","Wittig Ünalp Rechtsanwälte - Arbeitsrecht, Versicherungsrecht, Wirtschaftsrecht","Zentrale/Unbekannt","legacy","2026-04-02","2026-06-02"
"Steuerfachangestellte (m/w/d)","https://www.curacon.de/karriere-bei-curacon/stellenangebote/stellen/steuerfachangestellte-w-m-d-fuer-die-laufende-finanzbuchhaltung-sowie-die-erstellung-von-jahresabschluessen","CURACON GmbH","Steuerberatung","legacy","2026-05-05","2026-06-02"
"Steuerfachangestellte (m/w/d)","https://drschulze-recht.de/stellenangebot-steuerfachangestellte-magdeburg","Dr. Schulze Steuerberater und Rechtsanwalt","Magdeburg","legacy","2026-04-02","2026-06-02"
"Steuerfachangestellte (m/w/d)","https://www.wir-jennissen.de/karriere/steuerfachangestellte","Jennissen and partners","Köln","legacy","2026-04-05","2026-06-02"
"Steuerfachangestellte (m/w/d)","http://kessler-rs.com/karriere-jobs/steuerfachangestellte","KESSLER Rechtsanwaltsgesellschaft mbH","Bremen","legacy","2026-04-02","2026-06-02"
"Steuerfachangestellte (m/w/d)","https://runge-und-partner.de/steuerberater-karriere","Kanzlei Runge & Partner","Berlin","legacy","2026-04-02","2026-06-02"
"Steuerfachangestellte (m/w/d) / Bilanzbuchhalter (m/w/d) in Voll- oder Teilzeit","https://www.matchpunkt.de/jobs/74736","MLM MansouriLohmeierMissaghian Partnerschaftsgesellschaft von Rechtsanwälten und Steuerberatern mbB","Düsseldorf","legacy","2026-04-05","2026-06-02"
"Steuerfachangestellte (m/w/d) EüR, ESt und FiBu","https://www.kanzlei-krueger.de/karriere/karriere/aktuelle-stellenausschreibungen/steuerfachangestellte-euer-est-fibu","Kanzlei Krüger - Steuerberatung & Rechtsanwalt Wolfsburg","Wolfsburg","legacy","2026-04-03","2026-06-02"
"Steuerfachangestellte (m/w/d) für Immobiliensachverhalte","https://www.kanzlei-krueger.de/karriere/karriere/aktuelle-stellenausschreibungen/steuerfachangestellte-immobiliensachverhalte","Kanzlei Krüger - Steuerberatung & Rechtsanwalt Wolfsburg","Wolfsburg","legacy","2026-04-03","2026-06-02"
"Steuerfachangestellte (m/w/d) in Vollzeit oder Teilzeit","https://drschulze-recht.de/stellenangebot-steuerfachangestellte","Dr. Schulze Steuerberater und Rechtsanwalt","Berlin Adlershof","legacy","2026-04-02","2026-06-02"
"Steuerfachangestellte / Steuerfachwirt (m/w/d)","https://www.heuser-collegen.de/stellenagebote","HEUSER Recht und Steuern","Duisburg","legacy","2026-04-02","2026-06-02"
"Steuerfachangestellte / Steuerfachwirte (m/w/d)","http://www.axisrechtsanwaelte.de/karriere/steuerfachangestellte-steuerfachwirte-m-w-d","axis Rechtsanwälte GmbH Rechtsanwaltsgesellschaft","Köln","legacy","2026-04-03","2026-06-02"
"Steuerfachangestellte Einkommensteuer","https://www.vierhaus-kanzlei.de/karriere/stellenanzeigen/steuerfachangestellten-fokus-einkommensteuer","Vierhaus Kanzlei","Berlin","legacy","2026-04-02","2026-06-02"
"Steuerfachangestellte gemeinnützige Vereine & Stiftungen","https://www.kanzlei-krueger.de/karriere/karriere/aktuelle-stellenausschreibungen/steuerfachwirtin-gemeinnuetzige-vereine-und-stiftungen","Kanzlei Krüger - Steuerberatung & Rechtsanwalt Wolfsburg","Wolfsburg","legacy","2026-04-03","2026-06-02"
"Steuerfachangestellte mit Schwerpunkt Fibu und Digitalisierung (m/w/d)","https://www.steuerwerk.com/job/steuerfachangestellte-mit-schwerpunkt-fibu-und-digitalisierung-m-w-d","steuerwerk Partnerschaftsgesellschaft mbB Steuerberater Rechtsanwälte","Mönchengladbach","legacy","2026-04-03","2026-06-02"
"Steuerfachangestellte*r (m/w/d)","https://dresden.bskp.de/karriere/buchhalter-buchalterin","BSKP Dr. Broll · Schmitt · Kaufmann & Partner","Dresden","legacy","2026-04-02","2026-06-02"
"Steuerfachangestellte*r (m/w/d)","https://verkehrsrecht-bs.de/wp-content/uploads/2026/01/A4_Stellenausschreibung_SA.pdf","Rischmüller & Seide Rechtsanwaltskanzlei","Braunschweig","legacy","2026-04-02","2026-06-02"
"Steuerfachangestellte*r / Steuerfachwirt*in","https://kallenberg.bskp.de/karriere/steuerfachangestellter-steuerfachwirt","Reichert and partners MBB lawyers and tax consultants","Stuttgart-Kallenberg","legacy","2026-04-03","2026-06-02"
"Steuerfachangestellte*r, Finanzbuchhalter*in, Rechtsanwalts- und Notarfachangestellte*r (w/m/d)","https://de.indeed.com/viewjob?jk=14e12bb52ef5f5f9","RA-MICRO Software AG","Home Office","legacy","2026-04-23","2026-06-02"
"Steuerfachangestellte, Steuerfachwirt, geprüfter Bilanzbuchhalter (m/w/d)","https://www.white-ip.com/ueber-uns/jobs/steuerfachangestellte-steuerfachwirte-bilanzbuchhalter-in-stellenanzeige","Dieter Merz","Dresden","legacy","2026-04-02","2026-06-02"
"Steuerfachangestellte, Steuerfachwirte oder Bilanzbuchhalter","https://www.ksme-rechtsanwaelte.de/job/steuerfachangestellte-steuerfachwirte-oder-bilanzbuchhalter","KSME Rechtsanwälte","Schwerin","legacy","2026-04-03","2026-06-02"
"Steuerfachangestellte, Steuerfachwirte oder Bilanzbuchhalter (m/w/d)","https://karriere.kanzlei-grigat.de/steuerfachangestellte.html","Kanzlei Grigat Steuerberatung Rechtsberatung","Krefeld","legacy","2026-04-03","2026-06-02"
"Steuerfachangestellte/ Steuerfachwirte/ Bilanzbuchhalter (m/w/d)","https://steuerweg.com/stellenangebote","Bölting + Kollegen GmbH - Steuerberater in Gelsenkirchen","Bochum","legacy","2026-04-03","2026-06-02"
"Steuerfachangestellte/-r (m/w/d)","https://www.kanzlei-feuchtinger.com/karriere","Kanzlei Feuchtinger, Rechtsanwälte Steuerberater","München","legacy","2026-04-03","2026-06-02"
"Steuerfachangestellte/-r (w/m/d) Finanzbuchhaltung","https://www.stepstone.de/stellenangebote--Steuerfachangestellte-r-w-m-d-Finanzbuchhaltung-Bonn-VRT-Partnerschaft-mbB-Wirtschaftspruefer-Steuerberater-Rechtsanwaelte--13888233-inline.html?rltr=752_2_25_seorl_m_0_0_0_0_0_0","VRT Partnerschaft mbB Wirtschaftsprüfer Steuerberater Rechtsanwälte","Bonn","legacy","2026-04-25","2026-06-02"
"Steuerfachangestellte/n","https://www.karriere-sozietaethoevelmann.de/karriere","Sozietät Hövelmann","Recklinghausen","legacy","2026-04-03","2026-06-02"
"Steuerfachangestellte/r","https://www.stepstone.de/stellenangebote--Steuerfachangestellte-r-Memmingen-Menz-Partner-Rechtsanwaelte-Steuerberater--13291432-inline.html?rltr=1679_4_25_seorl_m_0_0_0_0_0_0","Menz & Partner Rechtsanwälte Steuerberater","Memmingen","legacy","2026-04-24","2026-06-02"
"Steuerfachangestellte/r","https://kanzlei-stb.eu/kanzlei","Schmidt und Partner, Rechtsanwälte, Steuerberater","Münster","legacy","2026-04-05","2026-06-02"
"Steuerfachangestellte/r (m,w,d) und Steuerfachwirt/in (m,w,d)","https://hellnigk.de/jobs/steuerfachangestellte-r-mwd-und-steuerfachwirt-in-mwd","Hellnigk, Führ & Sozien • Rechtsanwälte, Steuerberater & Notare","Oberhausen","legacy","2026-04-03","2026-06-02"
"Steuerfachangestellte/r (m/w/d)","https://www.justimquadrat.de/karriere","justimquadrat-Vigano/Schilling/Bunzel PartGmbB","Mannheim","legacy","2026-04-03","2026-06-02"
"Steuerfachangestellte/r (m/w/d) - Buchhalter/in","https://join.com/companies/voegler-steuerberater/7897796-steuerfachangestellte-r-m-w-d-buchhalter-in?widgetv2=true&pid=d73d1a20e99ab4ced633","VÖGLER & VÖGLER Steuerberater-Kanzlei","Wuppertal","legacy","2026-04-03","2026-06-02"
"Steuerfachangestellte/r (m/w/d) in Vollzeit","http://bialo19.de/karriere/steuerfachangestellte-r-m-w-d","BIALOBRZESKI RECHTSANWÄLTE | STEUERBERATUNG","Braunschweig","legacy","2026-04-02","2026-06-02"
"Steuerfachangestellte/r + Lohnbuchhalter/in","http://www.stbmunk.de/steuerfachangestellter-lohnbuchhalterin-gesucht","Dipl.-Ök. Bergit Munk-Gahtow, Steuerberaterin","Berlin","legacy","2026-04-02","2026-06-02"
"Steuerfachangestellte:r / Steuerfachwirt:in / Bilanzbuchhalter:in (m/w/d)","https://www.steuerjobs.online/","KSW LEGAL GMBH Rechtsanwaltsgesellschaft","Bundesweit","legacy","2026-04-05","2026-06-02"
"Steuerfachangestellter (gn) in Vollzeit oder Teilzeit","https://www.hasselbusch.de/jobs","Kanzlei Hasselbusch","Plau am See","legacy","2026-04-03","2026-06-02"
"Steuerfachangestellter (m/w/d)","https://www.stepstone.de/stellenangebote--Steuerfachangestellter-m-w-d-Kassel-Hessen-DWAZ-Wirtschaftskanzlei-Bringmann-Partner-mbB-Wirtschaftspruefer-Steuerberater-Rechtsanwaelte--13891110-inline.html?rltr=1677_2_25_seorl_m_0_0_0_0_1_0","DWAZ Wirtschaftskanzlei Bringmann & Partner mbB Wirtschaftsprüfer, Steuerberater, Rechtsanwälte","Kassel Hessen","legacy","2026-04-25","2026-06-02"
"Steuerfachangestellter (m/w/d)","https://karriere.eck-steuerberatung.de/lohn-u-finanzbuchhaltung?v=1","Eck und Partner Steuerberatungsgesellschaft","Mannheim","legacy","2026-04-03","2026-06-02"
"Steuerfachangestellter (m/w/d)","https://kessler-rs.com/wp-content/uploads/2026/02/Stellenanzeige_Steuerfachangestellte_26.02.2026.pdf","KESSLER Rechtsanwaltsgesellschaft mbH","Bremen","legacy","2026-04-02","2026-06-02"
"Steuerfachangestellter (m/w/d) - Bis zu 100% Homeoffice","https://www.sommerfeld-majka.de/karriere/steuerfachangestellter","Sommerfeld - Majka - Reifig Rechtsanwälte - Notare - Steuerberater","Homeoffice","legacy","2026-04-03","2026-06-02"
"Steuerfachangestellter (m/w/d) für unser Büro in Bad Wildungen gesucht","https://www.stepstone.de/stellenangebote--Steuerfachangestellter-m-w-d-fuer-unser-Buero-in-Bad-Wildungen-gesucht-Bad-Wildungen-DWAZ-Wirtschaftskanzlei-Bringmann-Partner-mbB-Wirtschaftspruefer-Steuerberater-Rechtsanwaelte--13891020-inline.html?rltr=1690_15_25_seorl_m_0_0_0_0_1_0","DWAZ Wirtschaftskanzlei Bringmann & Partner mbB Wirtschaftsprüfer, Steuerberater, Rechtsanwälte","Bad Wildungen","legacy","2026-04-25","2026-06-02"
"Steuerfachangestellter / Bilanzbuchhalter (m/w/d) in Vollzeit/Teilzeit (mit mindestens 20 Wochenstunden)","https://www.stepstone.de/stellenangebote--Steuerfachangestellter-Bilanzbuchhalter-m-w-d-in-Vollzeit-Teilzeit-mit-mindestens-20-Wochenstunden-Muenchen-Becker-Buettner-Held-Rechtsanwaelte-Steuerberater-Unternehmensberater-PartGmbB--13901111-inline.html?rltr=1023_23_25_seorl_m_0_0_0_0_1_0","Becker Büttner Held Rechtsanwälte Steuerberater Unternehmensberater PartGmbB","München","legacy","2026-04-13","2026-06-02"
"Steuerfachangestellter / Fachwirt / Bilanzbuchhalter (m/w/d)","https://www.stepstone.de/stellenangebote--Steuerfachangestellter-Fachwirt-Bilanzbuchhalter-m-w-d-Ebermannstadt-Baeumler-Rudolf-Partner-Steuerberater-Rechtsanwaelte-PartGmbB--13952697-inline.html?rltr=1678_3_25_seorl_m_0_0_0_0_0_0","Bäumler Rudolf & Partner Steuerberater Rechtsanwälte PartGmbB","Ebermannstadt","legacy","2026-04-25","2026-06-02"
"Steuerfachangestellter / Steuerberatungsassistent (m/w/d)","https://www.neumann-schmeer.de/2022/11/29/steuerfachangestellte-steuerberatungsassistent-m-w-d","Dr. Maubach - NS+P Dr. Neumann Schmeer und Partner mbB","Aachen","legacy","2026-04-02","2026-06-02"
"Steuerfachangestellter / Steuerfachwirt (m/w/d)","https://www.stepstone.de/stellenangebote--Steuerfachangestellter-Steuerfachwirt-m-w-d-Duesseldorf-ADKL-Abels-Decker-Kuhfuss-Partner-mbB--13884938-inline.html?rltr=721_21_25_seorl_m_0_0_0_0_0_0","ADKL Abels Decker Kuhfuß & Partner mbB","Düsseldorf","legacy","2026-04-25","2026-06-02"
"Steuerfachangestellter / Steuerfachwirt (m/w/d)","https://www.stepstone.de/stellenangebote--Steuerfachangestellter-Steuerfachwirt-m-w-d-Muenchen-Maass-Witzel-GmbH-Steuerberatungsgesellschaft--13839633-inline.html?rltr=900_900_25_seorl_m_0_0_0_0_1_0","Maaß & Witzel GmbH Steuerberatungsgesellschaft","München","legacy","2026-04-14","2026-06-02"
"Steuerfachangestellter / Steuerfachwirt (m/w/d) als Allrounder","https://de.indeed.com/viewjob?jk=b4d5199f2b2f12ff","EHL - HUBER - WARTH & AMANN Partnerschaft mbB Steuerberater Wirtschaftsprüfer Rechtsanwalt","76870 Kandel","legacy","2026-04-15","2026-06-02"
"Steuerfachangestellter / Steuerfachwirt / Buchhalter (m/w/d) für insolvenznahe Steuerangelegenheiten","https://www.stepstone.de/stellenangebote--Steuerfachangestellter-Steuerfachwirt-Buchhalter-m-w-d-fuer-insolvenznahe-Steuerangelegenheiten-Lingen-Ems-W-K-Rechtsanwaelte-Dr-Schreier-Partner-mbB--13291101-inline.html?rltr=1680_5_25_seorl_m_0_0_0_0_0_0","W & K Rechtsanwälte – Dr. Schreier & Partner mbB","Lingen (Ems)","legacy","2026-04-24","2026-06-02"
"Steuerfachangestellter / Steuerfachwirt / Finanzbuchhalter (m/w/d)","https://www.stepstone.de/stellenangebote--Steuerfachangestellter-Steuerfachwirt-Finanzbuchhalter-m-w-d-Dormagen-ADKL-Abels-Decker-Kuhfuss-Partner-mbB--13884936-inline.html?rltr=728_3_25_seorl_m_0_0_0_0_0_0","ADKL Abels Decker Kuhfuß & Partner mbB","Dormagen","legacy","2026-04-25","2026-06-02"
"Steuerfachangestellter Lohn- und Finanzbuchhaltung (m/w/d)","https://karriere.eck-steuerberatung.de/lohn-u-finanzbuchhaltung?v=2","Eck und Partner Steuerberatungsgesellschaft","Mannheim","legacy","2026-04-03","2026-06-02"
"Steuerfachangestellter für Jahresabschlüsse und Steuererklärungen (m/w/d)","https://karriere.eck-steuerberatung.de/lohn-u-finanzbuchhaltung-1-2?v=1","Eck und Partner Steuerberatungsgesellschaft","Mannheim","legacy","2026-04-03","2026-06-02"
"Steuerfachangestellter mit 30 Tagen Urlaub & (m/w/d)","https://www.stepstone.de/stellenangebote--Steuerfachangestellter-mit-30-Tagen-Urlaub-m-w-d-Schwelm-EKP-Engel-Kronenberg-Partner-Steuerberater-Rechtsanwaelte-mbB--13861227-inline.html?rltr=1815_15_25_seorl_m_0_0_0_0_1_0","EKP Engel, Kronenberg & Partner Steuerberater/ Rechtsanwälte mbB","Schwelm","legacy","2026-04-18","2026-06-02"
"Steuerfachangestellter*in (m/w/d) in Voll- oder Teilzeit","https://gritschneder.de/karriere","Gritschneder Rechtsanwälte Steuerberater Partnerschaft mbB","München","legacy","2026-04-03","2026-06-02"
"Steuerfachangestellter, Steuerfachwirt, Lohnbuchhalter (m/w/d)","https://www.karriere-schaller-partnerschaft.de/","Schaller + Partner Steuerberater und Rechtsanwalt","München","legacy","2026-04-03","2026-06-02"
"Steuerfachwirt (m/w/d) - Bilanzbuchhalter/in","https://join.com/companies/voegler-steuerberater/7831670-steuerfachwirt-m-w-d-bilanzbuchhalter-in?widgetv2=true&pid=d73d1a20e99ab4ced633","VÖGLER & VÖGLER Steuerberater-Kanzlei","Wuppertal","legacy","2026-04-03","2026-06-02"
"Steuerfachwirt - HGB / DATEV / Umsatzst. / Bilanz (m/w/d)","https://www.stepstone.de/stellenangebote--Steuerfachwirt-HGB-DATEV-Umsatzst-Bilanz-m-w-d-Karlsruhe-Krueger-Hannover-GmbH-Co-KG--13749030-inline.html?rltr=945_20_25_seorl_m_0_0_0_0_1_0","Krüger Hannover GmbH & Co. KG","Karlsruhe","legacy","2026-04-25","2026-06-02"
"Steuerfachwirt / Bilanzbuchhalter / Steuerfachangestellte (m/w/d) in Vollzeit","http://bialo19.de/karriere/steuerfachwirt-bilanzbuchhalter-steuerfachangestellte-m-w-d-in-vollzeit","BIALOBRZESKI RECHTSANWÄLTE | STEUERBERATUNG","Braunschweig","legacy","2026-04-02","2026-06-02"
"Steuerfachwirt oder Bilanzbuchhalter für Jahresabschlüsse und Steuererklärungen (m/w/d)","https://karriere.eck-steuerberatung.de/lohn-u-finanzbuchhaltung-1-2?v=2","Eck und Partner Steuerberatungsgesellschaft","Mannheim","legacy","2026-04-03","2026-06-02"
"Steuerfachwirt.in oder Bilanzbuchhalter.in (w/m/d)","https://lahtz.de/karriere/steuerfachwirt","Lahtz und Partner","Duisburg","legacy","2026-04-02","2026-06-02"
"Steuerfachwirt/in / Steuerfachangestellte/n","https://ra-strobel.de/rechtsanwalt-potsdam-stellen.php","strobel Rechtsanwälte","Berlin","legacy","2026-04-03","2026-06-02"
"Steuerfachwirt/in / Steuerfachangestellte/n","http://www.strobel-rechtsanwaelte.de/rechtsanwalt-potsdam-stellen.php","strobel Rechtsanwälte - Berlin","Berlin","legacy","2026-04-02","2026-06-02"
"Steuerfachwirte / Bilanzbuchhalter","https://www.vierhaus-kanzlei.de/karriere/stellenanzeigen/steuerfachwirt-bilanzbuchhalter","Vierhaus Kanzlei","Berlin","legacy","2026-04-02","2026-06-02"
"Steuerfachwirtin komplexe Jahresabschlüsse (m/w/d)","https://www.kanzlei-krueger.de/karriere/karriere/aktuelle-stellenausschreibungen/steuerfachwirtin-komplexe-jahresabschluesse","Kanzlei Krüger - Steuerberatung & Rechtsanwalt Wolfsburg","Wolfsburg","legacy","2026-04-03","2026-06-02"
"Steuerrechtsspezialist (m/w/d)","https://voelkertax.com/kanzlei/karriere","Völker Rechtsanwälte","Hamburg","legacy","2026-04-03","2026-06-02"
"Strafverteidiger und Anwalt für Verkehrsrecht, Arbeits & Familienrecht","https://www.vsrechtsanwaelte.de/kontakt","V/S Rechtsanwälte | Strafrecht | Verkehrsrecht | Arbeits- und Mietrecht in Köln","Düsseldorf","legacy","2026-04-03","2026-06-02"
"Student, Werksstudent, Studentische Mitarbeit (m/w/d)","https://www.stepstone.de/stellenangebote--Student-Werksstudent-Studentische-Mitarbeit-m-w-d-Koeln-MTR-Rechtsanwaltsgesellschaft-mbH--13883963-inline.html?rltr=1705_5_25_seorl_m_0_0_0_0_1_0","MTR Rechtsanwaltsgesellschaft mbH","Köln","legacy","2026-04-25","2026-06-02"
"Student/in - Praktikant/in - Referendar/in - Berufseinsteiger/in (m/w/d)","https://bhp-rechtsanwaelte.de/karriere","BHP . Bürkner Hennig Partnerschaft, Rechtsanwälte/Fachanwälte","Dresden","legacy","2026-04-02","2026-06-02"
"Student:in Online Redaktion","https://mueller.legal/de/de/karriere/studentIn-online-redaktion","Mueller.legal Rechtsanwälte","Berlin","legacy","2026-04-02","2026-06-02"
"Student:innen","https://mueller.legal/de/de/karriere/studentische-mitarbeiterInnen","Mueller.legal Rechtsanwälte","Berlin","legacy","2026-04-02","2026-06-02"
"Studenten","https://stkautz.de/karriere/studenten","STKAUTZ RECHTSANWÄLTE","München","legacy","2026-04-03","2026-06-02"
"Studenten (m/w) und Referendare (m/w) für die Anwalts- oder Wahlstation","https://hoesmann.eu/karriere-bewerbung","Kanzlei Hoesmann - Urheberrecht, Medienrecht, Wirtschaftsrecht","Berlin","legacy","2026-04-05","2026-06-02"
"Studentische Aushilfe (m/w/d) Kanzlei","https://de.indeed.com/viewjob?jk=972693c14c8c8288","Kanzlei Sengül","20457 Hamburg","legacy","2026-04-01","2026-06-02"
"Studentische Aushilfen","http://www.commer-law.de/Karriere/Studentische-Aushilfen","Vicki Irene Commer","München","legacy","2026-04-03","2026-06-02"
"Studentische Aushilfskräfte (m/w/d)","https://pfordtebosbach.de/karriere/studentische-aushilfskraefte-m-w-d","Pfordte Bosbach Rechtsanwälte Partnerschaftsgesellschaft mbB","München","legacy","2026-04-03","2026-06-02"
"Studentische Hilfskraft","http://www.bedenk-heun.de/s/240124-Bedenk-Dr-Heun-Studentische-Hilfskraft.pdf","Bedenk & Dr. Heun | Rechtsanwälte PartG","Berlin","legacy","2026-04-02","2026-06-02"
"Studentische Hilfskraft (m,w,d) / wissenschaftliche/r Mitarbeiter/in (m,w,d)","https://hellnigk.de/jobs/studentische-hilfskraft-mwd-wissenschaftliche-r-mitarbeiter-in-mwd","Hellnigk, Führ & Sozien • Rechtsanwälte, Steuerberater & Notare","Oberhausen","legacy","2026-04-05","2026-06-02"
"Studentische Hilfskraft (m/w/d)","https://www.dkm-rechtsanwaelte.de/karriere/studentische-hilfskraft-m-w-d","dkm Rechtsanwälte. Kanzlei für Arbeitsrecht.","München","legacy","2026-04-03","2026-06-02"
"Studentische Hilfskraft (w/m/d)","https://fuchsrohrbach.de/wp-content/uploads/2023/07/Stellenanzeige-Stud.-Hilfskraft-2023.pdf","fuchsrohrbach Rechtsanwälte PartmbB","Hamburg","legacy","2026-04-03","2026-06-02"
"Studentische Hilfskraft mit (PC) Schreibkenntnissen","https://www.kanzlei-k%c3%b6hler-babiak.de/","VERKEHRSRECHT/ VERKEHRSSTRAFRECHT - RECHTSANWALT KANZLEI - Köhler-Babiak, seit über 30 Jahre!","Halle (Saale)","legacy","2026-04-05","2026-06-02"
"Studentische Hilfskräfte (m/w/d)","https://jahnhettler.de/kanzlei/karriere/studentische-hilfskraefte-fuer-frankfurt-a-m","Jahn Hettler Rechtsanwälte","Frankfurt a. M.","legacy","2026-04-03","2026-06-02"
"Studentische/r Mitarbeiter/in (m/w/d) Abendempfang","https://karriere.skwschwarz.de/jobs/studentische-r-mitarbeiter-in.abendempfang.muenchen","SKW Schwarz - Frankfurt / Main","München","legacy","2026-04-03","2026-06-02"
"Studentischer Mitarbeiter (m/w/d) für Rechtsanwaltskanzlei in Berlin-Charlottenburg-Wilmersdorf gesucht","https://de.indeed.com/viewjob?jk=e5fdad7bd4befe07","HENSCHE Rechtsanwälte","Bezirk Charlottenburg-Wilmersdorf","legacy","2026-04-10","2026-06-02"
"Studentischer Mitarbeiter (m/w/d) für den Bereich Insolvenzverwaltung","https://www.stepstone.de/stellenangebote--Studentischer-Mitarbeiter-m-w-d-fuer-den-Bereich-Insolvenzverwaltung-Hamburg-PSK-Pachmann-Schuback-Khan-Rechtsanwaelte-PartmbB--12911457-inline.html?rltr=1671_21_25_seorl_m_0_0_0_0_0_0","PSK Pachmann Schuback Khan Rechtsanwälte PartmbB","Hamburg","legacy","2026-04-24","2026-06-02"
"Studienpraktikum für Jurastudent:innen (m/w/d)","https://www.olbricht-rechtsanwaelte.de/anzeigen/studienpraktikum-f%C3%BCr-jurastudent-innen-m-w-d","OLBRICHT Rechtsanwälte","Berlin","legacy","2026-04-02","2026-06-02"
"Studierende (m/w/d)","https://de.indeed.com/viewjob?jk=bfb8b2e92215e978","TILP Rechtsanwaltsgesellschaft mbH","72138 Kirchentellinsfurt","legacy","2025-01-06","2026-06-02"
"Syndikusrechtsanwalt (w/m/d) Export-Compliance","https://www.stepstone.de/stellenangebote--Syndikusrechtsanwalt-w-m-d-Export-Compliance-Taufkirchen-HENSOLDT--13876954-inline.html?rltr=74_24_25_seorl_s_0_0_0_0_0_0","HENSOLDT","Taufkirchen","legacy","2026-04-24","2026-06-02"
"Syndikusrechtsanwalt (w/m/x) für Arbeits- und Sozialrecht des Gesamtbetriebsrats","https://www.stepstone.de/stellenangebote--Syndikusrechtsanwalt-w-m-x-fuer-Arbeits-und-Sozialrecht-des-Gesamtbetriebsrats-Muenchen-BMW-Group--13717292-inline.html?rltr=343_18_25_seorl_m_0_0_0_0_0_0","BMW Group","München","legacy","2026-04-02","2026-06-02"
"Syndikusrechtsanwalt / Legal Counsel (m/w/d) (Teilzeit, 20 Std./Woche)","https://de.indeed.com/viewjob?jk=67e5463ac419e877","Deutsche Glasfaser","46325 Borken","legacy","2026-03-10","2026-06-02"
"Syndikusrechtsanwalt / Legal Counsel (m/w/d) (Teilzeit, 20 Std./Woche)","https://de.indeed.com/viewjob?jk=37dc192b8f87654e","Deutsche Glasfaser","66740 Saarlouis","legacy","2026-03-10","2026-06-02"
"Syndikusrechtsanwalt / Legal Counsel (w/m/d)","https://www.stepstone.de/stellenangebote--Syndikusrechtsanwalt-Legal-Counsel-w-m-d-Bielefeld-NTT-DATA-Business-Solutions-AG--13673148-inline.html?rltr=4_4_25_seorl_m_0_0_0_0_0_0","NTT DATA Business Solutions AG","Bielefeld","legacy","2026-04-22","2026-06-02"
"Syndikusrechtsanwalt Einkauf & Supply Chain (w/m/d)","https://www.stepstone.de/stellenangebote--Syndikusrechtsanwalt-Einkauf-Supply-Chain-w-m-d-Ulm-HENSOLDT--13867441-inline.html?rltr=47_22_25_seorl_s_0_0_0_0_0_0","HENSOLDT","Ulm","legacy","2026-04-23","2026-06-02"
"Syndikusrechtsanwalt als Leiter des Geschäftsbereichs Allgemeines Recht, Compliance und Versicherungen (m/w/d)","https://de.indeed.com/viewjob?jk=ca692bfaeff7cf19","Knappschaft Kliniken GmbH","Recklinghausen","legacy","2026-03-18","2026-06-02"
"Syndikusrechtsanwalt als Leiter des Geschäftsbereichs Allgemeines Recht, Compliance und Versicherungen (m/w/d)","https://de.indeed.com/viewjob?jk=6122de6be2e2b37f","Marienhospital Bottrop gGmbH","Recklinghausen","legacy","2026-03-18","2026-06-02"
"Syndikusrechtsanwalt im Bereich Recht, Patente (w/m/x)","https://www.stepstone.de/stellenangebote--Syndikusrechtsanwalt-im-Bereich-Recht-Patente-w-m-x-Muenchen-BMW-Group--13888916-inline.html?rltr=51_1_25_seorl_s_0_0_0_0_0_0","BMW Group","München","legacy","2026-04-25","2026-06-02"
"Syndikusrechtsanwalt mit Schwerpunkt Datenschutzrecht (w/m/d)","https://www.stepstone.de/stellenangebote--Syndikusrechtsanwalt-mit-Schwerpunkt-Datenschutzrecht-w-m-d-Taufkirchen-HENSOLDT--13886123-inline.html?rltr=64_14_25_seorl_s_0_0_0_0_0_0","HENSOLDT","Taufkirchen","legacy","2026-04-25","2026-06-02"
"Syndikusrechtsanwalt/in bAV / Volljurist/in (m/w/d)","https://www.stepstone.de/stellenangebote--Syndikusrechtsanwalt-in-bAV-Volljurist-in-m-w-d-Duesseldorf-Frankfurt-Muenchen-Funk-Internationaler-Versicherungsmakler-und-Risk-Consultant--13885260-inline.html?rltr=54_4_25_seorl_s_1_0_0_0_1_0","Funk - Internationaler Versicherungsmakler und Risk Consultant","Düsseldorf, Frankfurt, München","legacy","2026-04-25","2026-06-02"
"Syndikusrechtsanwältin / Syndikusrechtsanwalt – Rechtsanwältin / Rechtsanwalt (w/m/d)","https://de.indeed.com/viewjob?jk=f7cabc1cbbff9134","Forschungszentrum Jülich GmbH","52428 Jülich","legacy","2026-04-08","2026-06-02"
"Syndikusrechtsanwältin / Syndikusrechtsanwalt – Rechtsanwältin / Rechtsanwalt (w/m/d)","https://www.stepstone.de/stellenangebote--Syndikusrechtsanwaeltin-Syndikusrechtsanwalt-Rechtsanwaeltin-Rechtsanwalt-w-m-d-Juelich-Forschungszentrum-Juelich-GmbH--13866014-inline.html?rltr=4_4_25_seorl_m_0_0_0_0_0_0","Forschungszentrum Jülich GmbH","Jülich","legacy","2026-04-22","2026-06-02"
"Systemadministrator - Windows Server, RDS & Citrix (m/w/d)","https://www.stepstone.de/stellenangebote--Systemadministrator-Windows-Server-RDS-Citrix-m-w-d-bundesweit-Genoverband-e-V--13583017-inline.html?rltr=1306_6_25_seorl_m_0_0_0_0_0_0","Genoverband e.V.","bundesweit","legacy","2026-04-14","2026-06-02"
"TEAMASSISTENZ / BÜROKRAFT / RECHTSANWALTSFACHANGESTELLTE*R (w/m/d)","https://www.sva-recht.de/karriere/stelle/2","SvA Schneiders von Arnim Rechtsanwälte Partnerschaft mbB","Düsseldorf","legacy","2026-04-02","2026-06-02"
"TOP KANZLEI – Rechtsanwaltsfachangestellte (m/w/d) – Regensburg | ab sofort","https://www.stepstone.de/stellenangebote--TOP-KANZLEI-Rechtsanwaltsfachangestellte-m-w-d-Regensburg-ab-sofort-Regensburg-Yakabuna-GmbH--13940231-inline.html?rltr=204_4_25_seorl_m_0_0_0_0_0_0","Yakabuna GmbH","Regensburg","legacy","2026-04-23","2026-06-02"
"Tarifbeschäftigte/-r im Geschäftszimmer (Sekretariat) des Bezirksstadtrats (m/w/d)","https://www.stepstone.de/stellenangebote--Tarifbeschaeftigte-r-im-Geschaeftszimmer-Sekretariat-des-Bezirksstadtrats-m-w-d-Berlin-Bezirksamt-Neukoelln-von-Berlin--13877216-inline.html?rltr=284_9_25_seorl_m_0_0_0_0_1_0","Bezirksamt Neukölln von Berlin","Berlin","legacy","2026-04-24","2026-06-02"
"Team Lead / Führungskraft IP Paralegals (m/w/d)","https://de.indeed.com/viewjob?jk=33614716ab02c641","Continental","Hannover","legacy","2026-04-08","2026-06-02"
"Team- und Geschäftsführungs-Assistenz (m/w/d) in Vollzeit (34 bis 38 Stunden)","https://www.stepstone.de/stellenangebote--Team-und-Geschaeftsfuehrungs-Assistenz-m-w-d-in-Vollzeit-34-bis-38-Stunden-Wiesbaden-Arbeitgeberverband-Steine-und-Erden-Hessen-und-Thueringen-e-V--13842727-inline.html?rltr=19_19_25_seorl_m_0_0_0_0_1_0","Arbeitgeberverband Steine und Erden Hessen und Thüringen e. V.","Wiesbaden","legacy","2026-04-15","2026-06-02"
"Team-Assistenz (m/w/d) IT / Digital Business / Datenschutz","https://karriere.skwschwarz.de/jobs/team-assistenz-mwd-it-digital-business-datenschutz-in-berlin","SKW Schwarz - Frankfurt / Main","Berlin","legacy","2026-04-03","2026-06-02"
"Teamassistent (m/w/d)","https://de.indeed.com/viewjob?jk=b638c70a195d8861","Südwestmetall - Verband der Metall- und Elektroindustrie Baden-Württemberg e.V.","Heilbronn","legacy","2025-12-22","2026-06-02"
"Teamassistent*in / Office Manager*in (m/w/d)","https://www.stepstone.de/stellenangebote--Teamassistentin-Office-Managerin-m-w-d-Bielefeld-Universitaet-Bielefeld--13912244-inline.html?rltr=270_20_25_seorl_m_0_0_0_0_0_0","Universität Bielefeld","Bielefeld","legacy","2026-04-15","2026-06-02"
"TeamassistentIn (m/w/d)","https://de.indeed.com/viewjob?jk=8b488e79ecc498c5","C. Gielisch GmbH","85540 Haar","legacy","2025-07-30","2026-06-02"
"Teamassistenz","https://www.stepstone.de/stellenangebote--Teamassistenz-Stuttgart-SeibertLink-Steuerberatungsgesellschaft-mbH-Steuerberatungsgesellschaft-mbH--13730577-inline.html?rltr=1726_1_25_seorl_m_0_0_0_0_1_0","SeibertLink Steuerberatungsgesellschaft mbH Steuerberatungsgesellschaft mbH","Stuttgart","legacy","2026-04-21","2026-06-02"
"Teamassistenz (m/w/d)","https://de.indeed.com/viewjob?jk=3bb49a9b1e201086","BAUMANN & BAUMANN PartmbB Steuerberater Rechtsanwälte","64372 Ober-Ramstadt","legacy","2026-04-02","2026-06-02"
"Teamassistenz (m/w/d) - Sachbearbeitung","https://www.white-ip.com/?page_id=113821","Dieter Merz","Dresden","legacy","2026-04-02","2026-06-02"
"Teamassistenz (m/w/d) Background Rechtsanwaltsfachangestellte","https://www.stepstone.de/stellenangebote--Teamassistenz-m-w-d-Background-Rechtsanwaltsfachangestellte-Duesseldorf-Michael-Page--13838019-inline.html?rltr=364_14_25_seorl_m_1_0_0_0_0_0","Michael Page","Düsseldorf","legacy","2026-04-14","2026-06-02"
"Teamassistenz (m/w/d) Leitungsbüro","https://de.indeed.com/viewjob?jk=6099a3dfd8ddf8a7","QUA-LiS NRW","59494 Soest","legacy","2026-04-16","2026-06-02"
"Teamassistenz (m/w/d) Leitungsbüro","https://de.indeed.com/viewjob?jk=b1c2a3a9f5b38d89","Qualitäts- und UnterstützungsAgentur - Landesinstitut für Schule","59494 Soest","legacy","2026-04-16","2026-06-02"
"Teamassistenz (m/w/d) für die Insolvenzabteilung","https://pfo-anwaelte.de/stellenangebote/teamassistenz-m-w-d-fuer-die-insolvenzabteilung","PFO Rechtsanwälte | Pöhlmann • Früchtl • Oppermann PartmbB","Fürth","legacy","2026-04-03","2026-06-02"
"Teamassistenz (m/w/d) im Referat Elite- und Begabtenförderung sowie im Abteilungssekretariat der Abteilung Zentrale Angelegenheiten, Digitalisierung und IT","https://www.stepstone.de/stellenangebote--Teamassistenz-m-w-d-im-Referat-Elite-und-Begabtenfoerderung-sowie-im-Abteilungssekretariat-der-Abteilung-Zentrale-Angelegenheiten-Digitalisierung-und-IT-Muenchen-Bayerisches-Staatsministerium-fuer-Wissenschaft-und-Kunst--13906433-inline.html?rltr=703_3_25_seorl_m_0_0_0_0_0_0","Bayerisches Staatsministerium für Wissenschaft und Kunst","München","legacy","2026-04-14","2026-06-02"
"Teamassistenz (m/w/d) in Vollzeit","https://www.stepstone.de/stellenangebote--Teamassistenz-m-w-d-in-Vollzeit-Reutlingen-RWT-Gruppe--13643185-inline.html?rltr=1103_3_25_seorl_m_0_0_0_0_0_0","RWT-Gruppe","Reutlingen","legacy","2026-04-15","2026-06-02"
"Teamassistenz (w/m/d)","https://de.indeed.com/viewjob?jk=7be4c6b08012a79d","KMLZ Rechtsanwaltsgesellschaft mbH","München","legacy","2026-03-26","2026-06-02"
"Teamassistenz / Sachbearbeiter im Bereich Insolvenzverwaltung (m/w/d)","https://www.stepstone.de/stellenangebote--Teamassistenz-Sachbearbeiter-im-Bereich-Insolvenzverwaltung-m-w-d-Friedrichshafen-GOERG-Partnerschaft-von-Rechtsanwaelten-mbB--13854238-inline.html?rltr=582_7_25_seorl_m_0_0_0_0_1_0","GÖRG Partnerschaft von Rechtsanwälten mbB","Friedrichshafen","legacy","2026-04-17","2026-06-02"
"Teamassistenz / Sekretärin (m/w/d)","https://www.rae-schreiner.de/stellenanzeige/teamassistenz-sekretaerin-m-w-d-2","Dr. Schreiner + Partner Rechtsanwälte PartGmbB","Karlsruhe","legacy","2026-04-03","2026-06-02"
"Teamassistenz International Desk / Office Management (m/w/d)","https://www.stepstone.de/stellenangebote--Teamassistenz-International-Desk-Office-Management-m-w-d-Baden-Baden-BuechnerBarella-Holding-GmbH-Co-KG--13748455-inline.html?rltr=681_6_25_seorl_m_0_0_0_0_0_0","BüchnerBarella Holding GmbH & Co. KG","Baden-Baden","legacy","2026-04-24","2026-06-02"
"Teamassistenz Legal (m/w/d)","https://www.stepstone.de/stellenangebote--Teamassistenz-Legal-m-w-d-Duesseldorf-meinestadt-de--13748109-inline.html?rltr=561_11_25_seorl_m_0_0_0_0_0_0","meinestadt.de","Düsseldorf","legacy","2026-04-25","2026-06-02"
"Teamassistenz für den arbeitsrechtlichen Bereich (m/w/d)","https://www.stepstone.de/stellenangebote--Teamassistenz-fuer-den-arbeitsrechtlichen-Bereich-m-w-d-Koblenz-vem-die-arbeitgeber-e-V--13935703-inline.html?rltr=13_13_25_seorl_m_0_0_0_0_1_0","vem.die arbeitgeber e.V.","Koblenz","legacy","2026-04-22","2026-06-02"
"Teamassistenz für die Wirtschaftsprüfung / Steuerberatung / Rechtsberatung (m/w/d)","https://de.indeed.com/viewjob?jk=c586f3314d1bd59c","RSM Ebner Stolz Wirtschaftsprüfer Steuerberater Rechtsanwälte Partnerschaft mbB","Frankfurt am Main","legacy","2026-02-28","2026-06-02"
"Teamassistenz im Empfangsbüro / Sekretariat (m/w/d)","https://www.stepstone.de/stellenangebote--Teamassistenz-im-Empfangsbuero-Sekretariat-m-w-d-Freiburg-Notar-Dr-Alexander-Vivell--13037298-inline.html?rltr=1536_11_25_seorl_m_0_0_0_0_1_0","Notar Dr. Alexander Vivell","Freiburg","legacy","2026-04-25","2026-06-02"
"Teamassistenz in Coburg in Teilzeit (m/w/d)","https://www.stepstone.de/stellenangebote--Teamassistenz-in-Coburg-in-Teilzeit-m-w-d-Coburg-bayme-vbm-vbw-Die-bayerische-Wirtschaft--13867952-inline.html?rltr=572_22_25_seorl_m_0_0_0_0_0_0","bayme vbm vbw – Die bayerische Wirtschaft","Coburg","legacy","2026-04-23","2026-06-02"
"Teamassistenz in Nürnberg in Teilzeit (m/w/d)","https://www.stepstone.de/stellenangebote--Teamassistenz-in-Nuernberg-in-Teilzeit-m-w-d-Nuernberg-bayme-vbm-vbw-Die-bayerische-Wirtschaft--13854090-inline.html?rltr=634_9_25_seorl_m_0_0_0_0_0_0","bayme vbm vbw – Die bayerische Wirtschaft","Nürnberg","legacy","2026-04-17","2026-06-02"
"Teamassistenz – Legal & Sales Support, Accounting (m/w/d)","https://de.indeed.com/viewjob?jk=de8ddbf9d6421034","znt Management Holding","Burghausen","legacy","2026-02-24","2026-06-02"
"Teamleiter Customer Correspondence Legal (w/m/d)","https://www.stepstone.de/stellenangebote--Teamleiter-Customer-Correspondence-Legal-w-m-d-Muenchen-BRUNATA-METRONA-GmbH-Co-KG--13758070-inline.html?rltr=1377_2_25_seorl_m_0_0_0_0_0_0","BRUNATA-METRONA GmbH & Co. KG","München","legacy","2026-04-11","2026-06-02"
"Teamleiter/-in Buchhaltung (m/w/d)","https://www.stepstone.de/stellenangebote--Teamleiter-in-Buchhaltung-m-w-d-Marburg-FKR-Baucentrum-GmbH-Co-KG--13856478-inline.html?rltr=1505_5_25_seorl_m_0_0_0_0_1_0","FKR Baucentrum GmbH & Co. KG","Marburg","legacy","2026-04-17","2026-06-02"
"Teamleitung Recht (m/w/d) / Head of Legal (m/w/d)","https://de.indeed.com/viewjob?jk=731fffa652e7b739","JobRad Leasing GmbH","Freiburg","legacy","2026-02-25","2026-06-02"
"Teamleitung im öffentlichen Einkauf – Strategische Beschaffung Gebäudemanagement (w/m/d)","https://www.stepstone.de/stellenangebote--Teamleitung-im-oeffentlichen-Einkauf-Strategische-Beschaffung-Gebaeudemanagement-w-m-d-Hannover-Bundesanstalt-fuer-Immobilienaufgaben--13911338-inline.html?rltr=1510_10_25_seorl_m_0_0_0_0_0_0","Bundesanstalt für Immobilienaufgaben","Hannover","legacy","2026-04-15","2026-06-02"
"Teammitglied (m/w/d) für das Bürgerbüro in Vollzeit (39,00 Std./Woche)","https://www.stepstone.de/stellenangebote--Teammitglied-m-w-d-fuer-das-Buergerbuero-in-Vollzeit-39-00-Std-Woche-Reinfeld-Holstein-Stadt-Reinfeld-Holstein--13912913-inline.html?rltr=360_10_25_seorl_m_0_0_0_0_0_0","Stadt Reinfeld (Holstein)","Reinfeld (Holstein)","legacy","2026-04-15","2026-06-02"
"Teilnehmer (m/w/d) Roser Summer School (Karriere-Event)","https://de.indeed.com/viewjob?jk=533d90a52c08d8e0","Roser Rechtsanwaltsgesellschaft mbH","Leipzig","legacy","2026-04-08","2026-06-02"
"Telefonist (m/w/d) in der Unfallaufnahme","https://bulex-rechtsanwaltsgesellschaft.jobs.personio.de/job/2273860?display=de","Bulex Rechtsanwaltsgesellschaft mbH","Augsburg","legacy","2026-04-02","2026-06-02"
"Testmanager *in / Testautomatisierung IT-Projekte","https://www.xing.com/jobs/oldenburg-testmanager-testautomatisierung-it-projekte-152662708","Niedergesäß Stephan","Oldenburg","legacy","2026-04-02","2026-06-02"
"Trainee Jurist - Rechtswissenschaften / Baurecht / Mietrecht / Vertrag (m/w/d)","https://www.stepstone.de/stellenangebote--Trainee-Jurist-Rechtswissenschaften-Baurecht-Mietrecht-Vertrag-m-w-d-Weimar-Saller-Unternehmensgruppe--12559222-inline.html?rltr=1405_5_25_seorl_m_0_0_0_0_1_0","Saller Unternehmensgruppe","Weimar","legacy","2026-04-14","2026-06-02"
"Traineeausbildung","https://rechtsanwaelte-schuette.de/karriere/traineeausbildung","Schütte Horstkotte & Partner Rechtsanwälte","Bad Doberan","legacy","2026-04-02","2026-06-02"
"Transaction Lawyer (m/w/d)","https://www.stepstone.de/stellenangebote--Transaction-Lawyer-m-w-d-Muenchen-Milbank-LLP--13758422-inline.html?rltr=242_17_25_seorl_m_0_0_0_0_1_0","Milbank LLP","München","legacy","2026-04-27","2026-06-02"
"Unternehmensjurist (m/w/d)","https://de.indeed.com/viewjob?jk=85019cd7886b03c1","ECOVIS Webservice GmbH","München","legacy","2026-03-17","2026-06-02"
"Unternehmensjurist (m/w/d) / Legal Counsel (m/w/d)","https://www.stepstone.de/stellenangebote--Unternehmensjurist-m-w-d-Legal-Counsel-m-w-d-Ravensburg-Wuerttemberg-Solmotion-GmbH--13779966-inline.html?rltr=16_16_25_seorl_m_0_0_0_0_1_0","Solmotion GmbH","Ravensburg Württemberg","legacy","2026-04-15","2026-06-02"
"Unternehmensjurist (w/d/m) Arbeitsrecht","https://www.stepstone.de/stellenangebote--Unternehmensjurist-w-d-m-Arbeitsrecht-Oldenburg-EWE-Aktiengesellschaft--13841540-inline.html?rltr=7_7_25_seorl_m_0_0_0_0_0_0","EWE Aktiengesellschaft","Oldenburg","legacy","2026-04-15","2026-06-02"
"Unternehmensjurist / Legal Councel (m/w/d) in Voll- oder Teilzeit","https://www.stepstone.de/stellenangebote--Unternehmensjurist-Legal-Councel-m-w-d-in-Voll-oder-Teilzeit-Hannover-Fidlock-GmbH--13849712-inline.html?rltr=6_6_25_seorl_m_0_0_0_0_1_0","Fidlock GmbH","Hannover","legacy","2026-04-16","2026-06-02"
"Unterstützung im Empfangs- und Sekretäriatsbereich (m/w/d) in Vollzeit, Teilzeit oder auf Minijobbasis","https://de.indeed.com/viewjob?jk=e73a6406f506d20c","GWGL Grimme Winkler Grau Legal Rechtsanwälte Fachanwälte Steuerberater PartGmbB","Hamburg","legacy","2025-10-30","2026-06-02"
"Verkehrsunfallsachbearbeiter/in (m/w/d)","https://skb-legal.com/job/verkehrsunfallsachbearbeiterin-karlsruhe-m-w-d","SCHORK KAUFFMANN BREMENKAMP - Rechtsanwälte-Fachanwälte","Karlsruhe","legacy","2026-04-03","2026-06-02"
"Vertragsmanager (m/w/d)","https://www.stepstone.de/stellenangebote--Vertragsmanager-m-w-d-Polch-Achim-Lohner-GmbH-Co-KG--13867474-inline.html?rltr=1439_14_25_seorl_m_0_0_0_0_1_0","Achim Lohner GmbH & Co. KG","Polch","legacy","2026-04-23","2026-06-02"
"Verwaltungsangestellte (m/w/d)","https://de.indeed.com/viewjob?jk=f5c5da3864b65269","Deutsches Erwachsenen-Bildungswerk","Lörrach","legacy","2026-03-03","2026-06-02"
"Verwaltungsangestellte (m/w/d) Vorzimmer Gesundheitsamt (202624)","https://de.indeed.com/viewjob?jk=067a319d206aad12","Landratsamt Landshut","Landshut","legacy","2026-04-22","2026-06-02"
"Verwaltungsangestellter (m/w/d) in Teilzeit VdK Günzburg","https://de.indeed.com/viewjob?jk=8ab46207ad167ce4","Sozialverband VdK Bayern e.V.","89312 Günzburg","legacy","2026-04-20","2026-06-02"
"Verwaltungskraft (m/w/d) im Schulsekretariat","https://www.stepstone.de/stellenangebote--Verwaltungskraft-m-w-d-im-Schulsekretariat-Lauf-an-der-Pegnitz-Oskar-Sembach-Realschule-Lauf-a-d-Pegnitz--13918829-inline.html?rltr=350_350_25_seorl_m_0_0_0_0_1_0","Oskar-Sembach-Realschule Lauf a.d. Pegnitz","Lauf an der Pegnitz","legacy","2026-04-16","2026-06-02"
"Verwaltungskraft (m/w/d) im Schulsekretariat für die LVR-David-Ludwig-Bloch-Schule in Essen Förderschwerpunkt Hören und Kommunikation","https://de.indeed.com/viewjob?jk=272fdaef58edb353","Landschaftsverband Rheinland","Essen","legacy","2026-04-18","2026-06-02"
"Verwaltungsleitung (m/w/d)","https://www.stepstone.de/stellenangebote--Verwaltungsleitung-m-w-d-Sindelfingen-Evangelischer-Diakonieverein-Sindelfingen-e-V--13865865-inline.html?rltr=1287_12_25_seorl_m_0_0_0_0_0_0","Evangelischer Diakonieverein Sindelfingen e.V.","Sindelfingen","legacy","2026-04-22","2026-06-02"
"Verwaltungsmitarbeiter*in (d/w/m) im Sekretariat der Schule Ramsharde","https://de.indeed.com/viewjob?jk=8a56aa4b05d75dc1","Stadt Flensburg","24937 Flensburg","legacy","2026-03-30","2026-06-02"
"Verwaltungsmitarbeiter*in (m/w/d) AWO Beratungsdienste","https://de.indeed.com/viewjob?jk=a9ccc3b06e7c7d17","Arbeiterwohlfahrt Kreisverband Leverkusen e. V.","51373 Leverkusen","legacy","2026-04-01","2026-06-02"
"Verwaltungsmitarbeiter/in (m/w/d)","https://www.stepstone.de/stellenangebote--Verwaltungsmitarbeiter-in-m-w-d-Darmstadt-meinestadt-de--13912534-inline.html?rltr=98_23_25_seorl_m_0_0_0_0_0_0","meinestadt.de","Darmstadt","legacy","2026-04-15","2026-06-02"
"Voll-) Jurist/in (m/w/d) Schwerpunkt Datenschutzrecht","https://www.stepstone.de/stellenangebote--Voll-Jurist-in-m-w-d-Schwerpunkt-Datenschutzrecht-Hamburg-Funk-Internationaler-Versicherungsmakler-und-Risk-Consultant--13534960-inline.html?rltr=237_12_25_seorl_m_1_0_0_0_1_0","Funk - Internationaler Versicherungsmakler und Risk Consultant","Hamburg","legacy","2026-04-18","2026-06-02"
"Voll-)Jurist / Syndikusrechtsanwalt / Unternehmensjurist (w/m/d)","https://www.stepstone.de/stellenangebote--Voll-Jurist-Syndikusrechtsanwalt-Unternehmensjurist-w-m-d-Berlin-BVV-Pension-Management-GmbH--13865826-inline.html?rltr=3_3_25_seorl_m_0_0_0_0_1_0","BVV Pension Management GmbH","Berlin","legacy","2026-04-22","2026-06-02"
"Volljurist (all genders) Schwerpunkt Mergers & Acquisitions (Münster, Kiel)","https://www.stepstone.de/stellenangebote--Volljurist-all-genders-Schwerpunkt-Mergers-Acquisitions-Muenster-Kiel-Muenster-Kiel-Provinzial-Holding-AG--13876981-inline.html?rltr=71_21_25_seorl_s_0_0_0_0_0_0","Provinzial Holding AG","Münster, Kiel","legacy","2026-04-24","2026-06-02"
"Volljurist (m/w/d)","https://www.stepstone.de/stellenangebote--Volljurist-m-w-d-Berlin-Arbeitsgemeinschaft-berufsstaendischer-Versorgungseinrichtungen-e-V-ABV--13838299-inline.html?rltr=207_7_25_seorl_s_0_0_0_0_1_0","Arbeitsgemeinschaft berufsständischer Versorgungseinrichtungen e. V. (ABV)","Berlin","legacy","2026-04-15","2026-06-02"
"Volljurist (m/w/d)","https://www.stepstone.de/stellenangebote--Volljurist-m-w-d-Essen-Deutsches-Stiftungszentrum-GmbH--13855317-inline.html?rltr=182_7_25_seorl_s_0_0_0_0_0_0","Deutsches Stiftungszentrum GmbH","Essen","legacy","2026-04-17","2026-06-02"
"Volljurist (m/w/d)","https://de.indeed.com/viewjob?jk=68c960e5d6402a28","Investitionsbank Sachsen-Anhalt","39104 Magdeburg","legacy","2026-02-23","2026-06-02"
"Volljurist (m/w/d)","https://www.stepstone.de/stellenangebote--Volljurist-m-w-d-Hamburg-Kassenaerztliche-Vereinigung-Hamburg--13884382-inline.html?rltr=55_5_25_seorl_s_0_0_0_0_1_0","Kassenärztliche Vereinigung Hamburg","Hamburg","legacy","2026-04-25","2026-06-02"
"Volljurist (m/w/d)","https://www.stepstone.de/stellenangebote--Volljurist-m-w-d-Hannover-Landesnahverkehrsgesellschaft-Niedersachsen-mbH-LNVG--13849082-inline.html?rltr=194_19_25_seorl_s_0_0_0_0_1_0","Landesnahverkehrsgesellschaft Niedersachsen mbH (LNVG)","Hannover","legacy","2026-04-16","2026-06-02"
"Volljurist (m/w/d)","https://de.indeed.com/viewjob?jk=df2ee0f74ac4bcf4","Müller Holding GmbH & Co. KG","89081 Ulm Jungingen","legacy","2026-03-16","2026-06-02"
"Volljurist (m/w/d)","https://de.indeed.com/viewjob?jk=339b454e5cf32f4a","Sport1 GmbH","Deutschland","legacy","2026-02-10","2026-06-02"
"Volljurist (m/w/d) Bank- und Kreditrecht","https://de.indeed.com/viewjob?jk=ad348bc285146cbd","Volksbank Münsterland Nord eG","Telgte","legacy","2026-02-02","2026-06-02"
"Volljurist (m/w/d) Schwerpunkt Arbeitsrecht","https://www.stepstone.de/stellenangebote--Volljurist-m-w-d-Schwerpunkt-Arbeitsrecht-Dortmund-Kassenaerztliche-Vereinigung-Westfalen-Lippe--13865441-inline.html?rltr=134_9_25_seorl_s_0_0_0_0_0_0","Kassenärztliche Vereinigung Westfalen-Lippe","Dortmund","legacy","2026-04-22","2026-06-02"
"Volljurist (m/w/d) Team Klagen & Widersprüche","https://www.stepstone.de/stellenangebote--Volljurist-m-w-d-Team-Klagen-Widersprueche-Bremen-HKK-Handelskrankenkasse--13940474-inline.html?rltr=103_3_25_seorl_s_0_0_0_0_0_0","HKK Handelskrankenkasse","Bremen","legacy","2026-04-23","2026-06-02"
"Volljurist (m/w/d) als Lektor im Zivilverfahrensrecht","https://www.stepstone.de/stellenangebote--Volljurist-m-w-d-als-Lektor-im-Zivilverfahrensrecht-Muenchen-Verlag-C-H-BECK--13841695-inline.html?rltr=216_16_25_seorl_s_0_0_0_0_0_0","Verlag C.H.BECK","München","legacy","2026-04-15","2026-06-02"
"Volljurist (m/w/d) für die Kfz-Komplexschadenabteilung","https://www.stepstone.de/stellenangebote--Volljurist-m-w-d-fuer-die-Kfz-Komplexschadenabteilung-Stuttgart-WGV-Wuerttembergische-Gemeinde-Versicherung-a-G--13865871-inline.html?rltr=118_18_25_seorl_s_0_0_0_0_0_0","WGV - Württembergische Gemeinde-Versicherung a.G.","Stuttgart","legacy","2026-04-22","2026-06-02"
"Volljurist (m/w/d) mit dem Schwerpunkt ziviles Bau- und Vergaberecht beim Amt für Bundesbau (ABB) in Mainz","https://de.indeed.com/viewjob?jk=d7b539a59ac8d4dc","Staatskanzlei Rheinland-Pfalz","55122 Mainz","legacy","2026-04-13","2026-06-02"
"Volljurist (m/w/d) – Verwaltungsrecht in Studium & Lehre","https://www.stepstone.de/stellenangebote--Volljurist-m-w-d-Verwaltungsrecht-in-Studium-Lehre-Stuttgart-Universitaet-Hohenheim--13884682-inline.html?rltr=63_13_25_seorl_s_0_0_0_0_0_0","Universität Hohenheim","Stuttgart","legacy","2026-04-25","2026-06-02"
"Volljurist (m/w/d)* Schadenregulierung Haftpflichtversicherung","https://de.indeed.com/viewjob?jk=7978129123bc6c09","ALH Gruppe","61440 Oberursel","legacy","2026-02-17","2026-06-02"
"Volljurist / Legal Counsel (m/w/d)","https://de.indeed.com/viewjob?jk=cf4d519a0afecb76","Lidl","Neckarsulm","legacy","2026-03-02","2026-06-02"
"Volljurist / Rechtsanwalt Arbeitsrecht (x/w/m)","https://de.indeed.com/viewjob?jk=b120cb8a617763e1","Allright","10245 Berlin-Friedrichshain","legacy","2026-04-16","2026-06-02"
"Volljurist / Senior Legal Counsel (w/m/d) befristet für 2 Jahre","https://de.indeed.com/viewjob?jk=2f6cdb6f4322d962","Nur Die Germany GmbH","48429 Rheine","legacy","2026-04-02","2026-06-02"
"Volljurist / Syndikus / Legal Counsel (m/w/d) Projekt- und Exportfinanzierungen","https://www.stepstone.de/stellenangebote--Volljurist-Syndikus-Legal-Counsel-m-w-d-Projekt-und-Exportfinanzierungen-Stuttgart-LBBW-Landesbank-Baden-Wuerttemberg--13932398-inline.html?rltr=12_12_25_seorl_m_1_0_0_0_1_0","LBBW Landesbank Baden-Württemberg","Stuttgart","legacy","2026-04-21","2026-06-02"
"Volljurist / Syndikusanwalt (m/w/d)","https://www.stepstone.de/stellenangebote--Volljurist-Syndikusanwalt-m-w-d-Oberhausen-Covivio-Immobilien-GmbH--13850821-inline.html?rltr=123_23_25_seorl_m_0_0_0_0_0_0","Covivio Immobilien GmbH","Oberhausen","legacy","2026-04-16","2026-06-02"
"Volljurist / Syndikusanwalt (m/w/d)","https://de.indeed.com/viewjob?jk=787804b086ad985a","Wohnbaugruppe Augsburg","Augsburg","legacy","2025-10-13","2026-06-02"
"Volljurist / Syndikusrechtsanwalt (d/m/w) Förderrecht","https://de.indeed.com/viewjob?jk=c93135033225c306","Landwirtschaftliche Rentenbank","60313 Frankfurt am Main","legacy","2026-03-05","2026-06-02"
"Volljurist / Syndikusrechtsanwalt (d/m/w) Förderrecht","https://www.stepstone.de/stellenangebote--Volljurist-Syndikusrechtsanwalt-d-m-w-Foerderrecht-Frankfurt-am-Main-Landwirtschaftliche-Rentenbank--13724663-inline.html?rltr=192_17_25_seorl_m_1_0_0_0_1_0","Landwirtschaftliche Rentenbank","Frankfurt am Main","legacy","2026-04-04","2026-06-02"
"Volljurist / Unternehmensjurist - Vertragsrecht mit Schwerpunkt IT / Urheberrecht (w/m/d)","https://www.stepstone.de/stellenangebote--Volljurist-Unternehmensjurist-Vertragsrecht-mit-Schwerpunkt-IT-Urheberrecht-w-m-d-Berlin-KPMG-AG-Wirtschaftspruefungsgesellschaft--13723436-inline.html?rltr=335_10_25_seorl_s_1_0_0_0_0_0","KPMG AG Wirtschaftsprüfungsgesellschaft","Berlin","legacy","2026-04-04","2026-06-02"
"Volljurist / Volljuristin (m/w/d) für Hochschul- und Berufungsrecht","https://de.indeed.com/viewjob?jk=fc00fe6f0f251321","Universität Regensburg","93053 Regensburg","legacy","2026-04-01","2026-06-02"
"Volljurist / Volljuristin im Bereich Haushalts-, Steuer- und Körperschaftsrecht (m/w/d)","https://de.indeed.com/viewjob?jk=81c2da13140308e0","Ludwig-Maximilians-Universität München","80539 München","legacy","2026-04-07","2026-06-02"
"Volljurist Arbeitsrecht (w/m/d)","https://de.indeed.com/viewjob?jk=fa5c3a5a06cdfa33","dm-drogerie markt GmbH + Co. KG","53919 Weilerswist","legacy","2026-04-03","2026-06-02"
"Volljurist Arbeitsrecht (w/m/d)","https://www.stepstone.de/stellenangebote--Volljurist-Arbeitsrecht-w-m-d-Weilerswist-dm-drogerie-markt-GmbH-Co-KG--13865322-inline.html?rltr=135_10_25_seorl_s_0_0_0_0_0_0","dm-drogerie markt GmbH + Co. KG","Weilerswist","legacy","2026-04-22","2026-06-02"
"Volljurist Haftpflicht & Schadensersatzrecht (m/w/d) Berufserfahrene | Neckarsulm","https://de.indeed.com/viewjob?jk=0124b83b459620cf","Schwarz Corporate Solutions","74172 Neckarsulm","legacy","2026-03-03","2026-06-02"
"Volljurist Vertriebsrecht (m/w/d)","https://de.indeed.com/viewjob?jk=deea7755bbdb52fa","Zurich Insurance","Köln","legacy","2026-02-10","2026-06-02"
"Volljurist als Syndikusrechtsanwalt (m/w/d)","https://de.indeed.com/viewjob?jk=bb28d42e52714f73","Zeppelin Power Systems GmbH","22761 Hamburg","legacy","2026-03-24","2026-06-02"
"Volljurist für Arbeitsrecht in Augsburg (m/w/d)","https://www.stepstone.de/stellenangebote--Volljurist-fuer-Arbeitsrecht-in-Augsburg-m-w-d-Augsburg-bayme-vbm-vbw-Die-bayerische-Wirtschaft--13876139-inline.html?rltr=41_16_25_seorl_s_0_0_0_0_0_0","bayme vbm vbw – Die bayerische Wirtschaft","Augsburg","legacy","2026-04-24","2026-06-02"
"Volljurist für Arbeitsrecht in Nürnberg (m/w/d)","https://www.stepstone.de/stellenangebote--Volljurist-fuer-Arbeitsrecht-in-Nuernberg-m-w-d-Nuernberg-bayme-vbm-vbw-Die-bayerische-Wirtschaft--13876944-inline.html?rltr=90_15_25_seorl_s_0_0_0_0_0_0","bayme vbm vbw – Die bayerische Wirtschaft","Nürnberg","legacy","2026-04-24","2026-06-02"
"Volljurist m/w/d","https://de.indeed.com/viewjob?jk=88088a121290fbcb","GICON Großmann Ingenieur Consult GmbH","01219 Dresden","legacy","2026-03-24","2026-06-02"
"Volljurist mit Schwerpunkt Compliance Management (w/m/d)","https://www.stepstone.de/stellenangebote--Volljurist-mit-Schwerpunkt-Compliance-Management-w-m-d-Egelsbach-delta-pronatura-GmbH--13867861-inline.html?rltr=102_2_25_seorl_s_0_0_0_0_0_0","delta pronatura GmbH","Egelsbach","legacy","2026-04-23","2026-06-02"
"Volljurist oder Wirtschaftsjurist (m/w/d)","https://www.stepstone.de/stellenangebote--Volljurist-oder-Wirtschaftsjurist-m-w-d-Cuxhaven-Deutschland-Umwelt-Management-Aktiengesellschaft-UMaAG--12616656-inline.html?rltr=353_3_25_seorl_s_0_0_0_0_1_0","Umwelt Management Aktiengesellschaft UMaAG","Cuxhaven, Deutschland","legacy","2026-04-27","2026-06-02"
"Volljurist(in) als freie(n) Mitarbeiter(in)","https://beaucamp-beaucamp.de/images/pdf/Anzeige-Rechtsanwalt-10.09.2023.pdf","RAe Beaucamp & Beaucamp","Krefeld","legacy","2026-04-03","2026-06-02"
"Volljurist*in (m/w/d)","https://de.indeed.com/viewjob?jk=4acefcd36929baba","Stadt Wilhelmshaven","26382 Wilhelmshaven","legacy","2026-04-09","2026-06-02"
"Volljurist*in (m/w/d)","https://www.stepstone.de/stellenangebote--Volljuristin-m-w-d-Wilhelmshaven-Stadt-Wilhelmshaven--13888401-inline.html?rltr=32_7_25_seorl_s_0_0_0_0_0_0","Stadt Wilhelmshaven","Wilhelmshaven","legacy","2026-04-25","2026-06-02"
"Volljurist*in (w/m/d)","https://www.stepstone.de/stellenangebote--Volljuristin-w-m-d-Augsburg-DGB-Rechtsschutz-GmbH--13915865-inline.html?rltr=193_18_25_seorl_s_0_0_0_0_0_0","DGB Rechtsschutz GmbH","Augsburg","legacy","2026-04-16","2026-06-02"
"Volljurist*in (w/m/d)","https://www.stepstone.de/stellenangebote--Volljuristin-w-m-d-Landshut-DGB-Rechtsschutz-GmbH--13837033-inline.html?rltr=264_14_25_seorl_m_0_0_0_0_0_0","DGB Rechtsschutz GmbH","Landshut","legacy","2026-04-15","2026-06-02"
"Volljurist*in - Schwerpunkt Energierecht/Zivilrecht (m/w/d)","https://www.stepstone.de/stellenangebote--Volljuristin-Schwerpunkt-Energierecht-Zivilrecht-m-w-d-Berlin-Stromnetz-Berlin-GmbH--13931175-inline.html?rltr=137_12_25_seorl_s_0_0_0_0_0_0","Stromnetz Berlin GmbH","Berlin","legacy","2026-04-21","2026-06-02"
"Volljurist*in Arbeitsrecht/ Syndikusanwalt*in - Schwerpunkt Kollektivarbeitsrecht (w/m/d)","https://de.indeed.com/viewjob?jk=6f42b2a8308abee7","Universitätsklinikum Heidelberg","69120 Heidelberg","legacy","2026-04-07","2026-06-02"
"Volljurist*in als Bereichsleiter/in für die interne Personalkanzlei","https://www.stepstone.de/stellenangebote--Volljuristin-als-Bereichsleiter-in-fuer-die-interne-Personalkanzlei-Berlin-Deutsche-Rentenversicherung-Bund--13867302-inline.html?rltr=98_23_25_seorl_s_0_0_0_0_0_0","Deutsche Rentenversicherung Bund","Berlin","legacy","2026-04-23","2026-06-02"
"Volljurist*in als Leitung für den Bereich Tarif-, Dienst- und Arbeitsrecht","https://www.stepstone.de/stellenangebote--Volljuristin-als-Leitung-fuer-den-Bereich-Tarif-Dienst-und-Arbeitsrecht-Berlin-Deutsche-Rentenversicherung-Bund--13867295-inline.html?rltr=119_19_25_seorl_s_0_0_0_0_0_0","Deutsche Rentenversicherung Bund","Berlin","legacy","2026-04-23","2026-06-02"
"Volljurist*in für den Bereich allgemeine Rechtsangelegenheiten (m/w/d)","https://www.stepstone.de/stellenangebote--Volljuristin-fuer-den-Bereich-allgemeine-Rechtsangelegenheiten-m-w-d-Freiburg-im-Breisgau-Albert-Ludwigs-Universitaet-Freiburg--13842805-inline.html?rltr=206_6_25_seorl_s_0_0_0_0_0_0","Albert-Ludwigs-Universität Freiburg","Freiburg im Breisgau","legacy","2026-04-15","2026-06-02"
"Volljurist*in für den Bereich allgemeine Rechtsangelegenheiten (m/w/d)","https://de.indeed.com/viewjob?jk=843b4cd00bd66f2c","Universität Freiburg","79098 Freiburg","legacy","2026-03-24","2026-06-02"
"Volljurist*in in der Energiewirtschaft (m/w/d)","https://www.stepstone.de/stellenangebote--Volljuristin-in-der-Energiewirtschaft-m-w-d-Hannover-Gasunie-Deutschland-Transport-Services-GmbH--13856503-inline.html?rltr=172_22_25_seorl_s_0_0_0_0_0_0","Gasunie Deutschland Transport Services GmbH","Hannover","legacy","2026-04-17","2026-06-02"
"Volljurist/-in (m/w/d)","https://www.stepstone.de/stellenangebote--Volljurist-in-m-w-d-Stuttgart-Landeshauptstadt-Stuttgart--13875579-inline.html?rltr=77_2_25_seorl_s_0_0_0_0_1_0","Landeshauptstadt Stuttgart","Stuttgart","legacy","2026-04-24","2026-06-02"
"Volljurist/-in als Referent Recht (m/w/d)","https://www.stepstone.de/stellenangebote--Volljurist-in-als-Referent-Recht-m-w-d-Pirna-OT-Graupa-Staatsbetrieb-Sachsenforst--13953682-inline.html?rltr=32_7_25_seorl_m_0_0_0_0_1_0","Staatsbetrieb Sachsenforst","Pirna OT Graupa","legacy","2026-04-27","2026-06-02"
"Volljurist/in (m/w/d)","https://www.stepstone.de/stellenangebote--Volljurist-in-m-w-d-Hamburg-Funk-Internationaler-Versicherungsmakler-und-Risk-Consultant--13535120-inline.html?rltr=239_14_25_seorl_m_1_0_0_0_0_0","Funk - Internationaler Versicherungsmakler und Risk Consultant","Hamburg","legacy","2026-04-18","2026-06-02"
"Volljurist/in (m/w/d) Dipl. Wirtschaftsjurist (m/w/d) / Master of Law (m/w/d), Betriebswirt (m/w/d) Junior Insolvenzverwalter","https://www.stepstone.de/stellenangebote--Volljurist-in-m-w-d-Dipl-Wirtschaftsjurist-m-w-d-Master-of-Law-m-w-d-Betriebswirt-m-w-d-Junior-Insolvenzverwalter-Hannover-Wolfenbuettel-Wilhelm-Kollegen-Insolvenzverwaltung-Zwangsverwaltung-GbR-Jens-Wilhelm-Bjoern-von-Goesseln--13758329-inline.html?rltr=79_4_25_seorl_m_0_0_0_0_1_0","Wilhelm & Kollegen Insolvenzverwaltung | Zwangsverwaltung GbR  Jens Wilhelm, Björn von Gösseln","Hannover, Wolfenbüttel","legacy","2026-04-20","2026-06-02"
"Volljurist/in (m/w/d) mit Schwerpunkt Baurecht","https://www.stepstone.de/stellenangebote--Volljurist-in-m-w-d-mit-Schwerpunkt-Baurecht-Berlin-Bielefeld-Dresden-Duesseldorf-Erfurt-Freiburg-Hamburg-Hannover-Koeln-Leipzig-u-a-Funk-Internationaler-Versicherungsmakler-und-Risk-Consultant--13535119-inline.html?rltr=240_15_25_seorl_m_1_0_0_0_1_0","Funk - Internationaler Versicherungsmakler und Risk Consultant","Berlin, Bielefeld, Dresden, Düsseldorf, Erfurt, Freiburg, Hamburg, Hannover, Köln, Leipzig, u.a.","legacy","2026-04-18","2026-06-02"
"Volljurist/in (w/m/d)","https://www.stepstone.de/stellenangebote--Volljurist-in-w-m-d-Ravensburg-Landkreis-Ravensburg--13833763-inline.html?rltr=289_14_25_seorl_s_1_0_0_0_0_0","Landkreis Ravensburg","Ravensburg","legacy","2026-04-12","2026-06-02"
"Volljurist:in","https://de.indeed.com/viewjob?jk=62559e30065883a1","Stadt Königswinter","53639 Königswinter","legacy","2026-04-08","2026-06-02"
"Volljurist:in","https://www.stepstone.de/stellenangebote--Volljurist-in-Koenigswinter-Stadt-Koenigswinter--13876402-inline.html?rltr=79_4_25_seorl_s_0_0_0_0_0_0","Stadt Königswinter","Königswinter","legacy","2026-04-24","2026-06-02"
"Volljurist:in (m/w/d)","https://www.stepstone.de/stellenangebote--Volljurist-in-m-w-d-Stuttgart-Frankfurt-am-Main-terranets-bw-GmbH--13838742-inline.html?rltr=223_23_25_seorl_s_0_0_0_0_0_0","terranets bw GmbH","Stuttgart, Frankfurt am Main","legacy","2026-04-14","2026-06-02"
"Volljurist:in (m/w/d) für eigenes Schiedsgericht und das Thema Zoll & Außenhandel im Bundesverband gesucht!","https://www.stepstone.de/stellenangebote--Volljurist-in-m-w-d-fuer-eigenes-Schiedsgericht-und-das-Thema-Zoll-Aussenhandel-im-Bundesverband-gesucht-Hamburg-Waren-Verein-der-Hamburger-Boerse-e-V--13842435-inline.html?rltr=198_23_25_seorl_s_0_0_0_0_1_0","Waren-Verein der Hamburger Börse e.V.","Hamburg","legacy","2026-04-15","2026-06-02"
"Volljurist:in im Rechtsreferat (m/w/d)","https://www.stepstone.de/stellenangebote--Volljurist-in-im-Rechtsreferat-m-w-d-Braunschweig-Stadt-Braunschweig--13856759-inline.html?rltr=185_10_25_seorl_s_0_0_0_0_0_0","Stadt Braunschweig","Braunschweig","legacy","2026-04-17","2026-06-02"
"Volljuristen (m/ w/d) in Teilzeit","https://de.indeed.com/viewjob?jk=29e7e59e4cca180d","Stadt Kirchheim unter Teck","73230 Kirchheim unter Teck","legacy","2026-04-10","2026-06-02"
"Volljuristen (m/w/d)","https://de.indeed.com/viewjob?jk=9d66a0f1f3d9f062","Handelsverband Harz-Heide e. V.","21337 Lüneburg","legacy","2026-04-09","2026-06-02"
"Volljuristen (w/m/d) für das Referat Vergabe und Recht","https://de.indeed.com/viewjob?jk=ab05e963ef8348a3","Vermögen und Bau Baden-Württemberg","Stuttgart","legacy","2026-04-15","2026-06-02"
"Volljuristen / Syndikusrechtsanwalt (m/w/d) Bankrecht mit Schwerpunkt Kapitalmarktrecht","https://www.stepstone.de/stellenangebote--Volljuristen-Syndikusrechtsanwalt-m-w-d-Bankrecht-mit-Schwerpunkt-Kapitalmarktrecht-Duesseldorf-TARGOBANK--13714313-inline.html?rltr=98_23_25_seorl_m_1_0_0_0_0_0","TARGOBANK","Düsseldorf","legacy","2026-04-23","2026-06-02"
"Volljuristen/-innen oder Wirtschaftsjuristen/-innen (m/w/d) RLV","https://www.stepstone.de/stellenangebote--Volljuristen-innen-oder-Wirtschaftsjuristen-innen-m-w-d-RLV-Duesseldorf-meinestadt-de--13720922-inline.html?rltr=171_21_25_seorl_s_0_0_0_0_0_0","meinestadt.de","Düsseldorf","legacy","2026-04-19","2026-06-02"
"Volljuristen/Volljuristinnen (m/w/d)","https://www.stepstone.de/stellenangebote--Volljuristen-Volljuristinnen-m-w-d-Muenchen-Bayerisches-Staatsministerium-fuer-Wirtschaft-Landesentwicklung-und-Energie--13876807-inline.html?rltr=73_23_25_seorl_s_0_0_0_0_0_0","Bayerisches Staatsministerium für Wirtschaft, Landesentwicklung und Energie","München","legacy","2026-04-24","2026-06-02"
"Volljuristin / Volljurist (w/m/d) im Personalreferat (Kennziffer A/Z3/9)","https://de.indeed.com/viewjob?jk=92dc7b1e871b6540","Bayerisches Landesamt für Umwelt","95030 Hof","legacy","2026-03-31","2026-06-02"
"Volljuristin / Volljurist (w/m/d) im Personalreferat (Kennziffer A/Z3/9)","https://de.indeed.com/viewjob?jk=068b712ca2f5c224","Bayerisches Landesamt für Umwelt","Augsburg","legacy","2026-03-31","2026-06-02"
"Volljuristin / Volljuristen (w/m/d)","https://de.indeed.com/viewjob?jk=728d317e41ae701d","Universitätsklinikum Ulm","Ulm","legacy","2026-02-24","2026-06-02"
"Volljuristin oder Volljurist (m/w/d)","https://www.stepstone.de/stellenangebote--Volljuristin-oder-Volljurist-m-w-d-Muenchen-Hochschule-fuer-angewandte-Wissenschaften-Muenchen--13910342-inline.html?rltr=213_13_25_seorl_s_0_0_0_0_0_0","Hochschule für angewandte Wissenschaften München","München","legacy","2026-04-15","2026-06-02"
"Volljuristin/en (m/w/d)","https://www.stepstone.de/stellenangebote--Volljuristin-en-m-w-d-Bremen-Bremerhaven-Arbeitnehmerkammer-Bremen--13876845-inline.html?rltr=76_1_25_seorl_s_0_0_0_0_1_0","Arbeitnehmerkammer Bremen","Bremen, Bremerhaven","legacy","2026-04-24","2026-06-02"
"Volljuristinnen und Volljuristen (m/w/d)","https://www.stepstone.de/stellenangebote--Volljuristinnen-und-Volljuristen-m-w-d-Berlin-Senatsverwaltung-fuer-Inneres-und-Sport--13836303-inline.html?rltr=224_24_25_seorl_m_0_0_0_0_1_0","Senatsverwaltung für Inneres und Sport","Berlin","legacy","2026-04-14","2026-06-02"
"WEG-Buchhalter (m/w/d) für unsere Hausverwaltung","https://www.stepstone.de/stellenangebote--WEG-Buchhalter-m-w-d-fuer-unsere-Hausverwaltung-Berlin-maikowski-alscher-grundstuecksverwaltung-GmbH--13747392-inline.html?rltr=1008_8_25_seorl_m_0_0_0_0_0_0","maikowski & alscher grundstücksverwaltung GmbH","Berlin","legacy","2026-04-09","2026-06-02"
"Werkstudent","https://www.blauertz-rechtsanwaelte.de/karriere/stellenanzeige-werkstudent","Blauertz Rechtsanwälte","Frankfurt am Main","legacy","2026-04-03","2026-06-02"
"Werkstudent (M/W/D)","https://www.rae-geisler-franke.de/karriere/werkstundenten","Dr. Geisler, Dr. Franke Rechtsanwälte Partnerschaft mbB","Bielefeld","legacy","2026-04-02","2026-06-02"
"Werkstudent (m/w/d)","https://www.white-ip.com/ueber-uns/jobs","Dieter Merz","Dresden","legacy","2026-04-02","2026-06-02"
"Werkstudent (m/w/d)","https://hufnagel-rechtsanwaelte.de/karriere/steuerberater-anwaerter-m-w-d","Rechtsanwaltskanzlei Hufnagel","München","legacy","2026-04-03","2026-06-02"
"Werkstudent (m/w/d) - Assistant Evening Desk","https://de.indeed.com/viewjob?jk=23ab7fdcf28c321e","YPOG","50678 Köln","legacy","2026-04-21","2026-06-02"
"Werkstudent (m/w/d) Business Development","https://www.stepstone.de/stellenangebote--Werkstudent-m-w-d-Business-Development-Duesseldorf-Bird-Bird-LLP--13878429-inline.html?rltr=1161_11_25_seorl_m_0_0_0_0_1_0","Bird & Bird LLP","Düsseldorf","legacy","2026-04-24","2026-06-02"
"Werkstudent (m/w/d) HR Operations","https://www.stepstone.de/stellenangebote--Werkstudent-m-w-d-HR-Operations-Frankfurt-am-Main-GvW-Graf-von-Westphalen-Rechtsanwaelte-Steuerberater-Partnerschaft-mbB--13815268-inline.html?rltr=842_17_25_seorl_m_0_0_0_0_0_0","GvW Graf von Westphalen Rechtsanwälte Steuerberater Partnerschaft mbB","Frankfurt am Main","legacy","2026-04-25","2026-06-02"
"Werkstudent (m/w/d) Human Resources für den Nachmittag (max. 15-20 Stunden/Woche)","https://www.nbs-partners.de/nbs-karriere/werkstudent-m-w-d-human-resources","Nörenberg • Schröder partnership","Hamburg","legacy","2026-04-03","2026-06-02"
"Werkstudent (m/w/d) People and Culture/HR","https://www.stepstone.de/stellenangebote--Werkstudent-m-w-d-People-and-Culture-HR-Koeln-Oppenhoff-Partner-Rechtsanwaelte-Steuerberater-mbB--13841462-inline.html?rltr=934_9_25_seorl_m_0_0_0_0_1_0","Oppenhoff & Partner Rechtsanwälte Steuerberater mbB","Köln","legacy","2026-04-15","2026-06-02"
"Werkstudent (m/w/d) Rechtsanwaltskanzlei für Zivil- & Vertragsrecht, Datenschutz in München","https://www.stepstone.de/stellenangebote--Werkstudent-m-w-d-Rechtsanwaltskanzlei-fuer-Zivil-Vertragsrecht-Datenschutz-in-Muenchen-Munich-Lohmanns-Lankes-Partner-Partgmbb--13256863-inline.html?rltr=759_9_25_seorl_m_0_0_0_0_0_0","Lohmanns Lankes & Partner Partgmbb","Munich","legacy","2026-04-19","2026-06-02"
"Werkstudent (m/w/d) Social Media und -PR","https://www.kanzlei-hasselbach.de/stellenangebote/werkstudent-in-social-media-und-pr","Kanzlei Hasselbach","Köln","legacy","2026-04-02","2026-06-02"
"Werkstudent (m/w/d) Web-Projektmanagement und -development","https://www.kanzlei-hasselbach.de/stellenangebote/werkstudent-web-projektmanagement-und-development","Kanzlei Hasselbach","Köln","legacy","2026-04-02","2026-06-02"
"Werkstudent (m/w/d) für Kanzlei im Insolvenzrecht","https://www.sponagel-recht.de/karriere-werkstudent-kanzlei-m-w-d-bremen","Dr. Moritz Sponagel Insolvenzverwalter","Bremen","legacy","2026-04-03","2026-06-02"
"Werkstudent (m/w/d) im Office-Management für den Nachmittag (15-20 Stunden/Woche)","https://www.nbs-partners.de/nbs-karriere/werkstudent-m-w-d-office-management","Nörenberg • Schröder partnership","Hamburg","legacy","2026-04-03","2026-06-02"
"Werkstudent (m/w/d) in Anwaltskanzlei","https://www.sponagel-recht.de/karriere-werkstudent-kanzlei-m-w-d","Dr. Moritz Sponagel Insolvenzverwalter","Hannover","legacy","2026-04-03","2026-06-02"
"Werkstudent / Studentischer Mitarbeiter (m/w/d) im Arzthaftungs- und Personenschadensrecht","https://www.stepstone.de/stellenangebote--Werkstudent-Studentischer-Mitarbeiter-m-w-d-im-Arzthaftungs-und-Personenschadensrecht-Berlin-Lambrecht-Rechtsanwaelte--13811273-inline.html?rltr=952_2_25_seorl_m_0_0_0_0_1_0","Lambrecht Rechtsanwälte","Berlin","legacy","2026-04-14","2026-06-02"
"Werkstudent / studentische Aushilfskraft auf Minijob-Basis in der Insolvenztabellenabteilung (m/w/d)","https://www.stepstone.de/stellenangebote--Werkstudent-studentische-Aushilfskraft-auf-Minijob-Basis-in-der-Insolvenztabellenabteilung-m-w-d-Frankfurt-am-Main-Hoge-Gutsche-Walter-Rechtsanwaelte-in-Partnerschaft--13939471-inline.html?rltr=825_825_25_seorl_m_0_0_0_0_1_0","Hoge Gutsche Walter Rechtsanwälte in Partnerschaft","Frankfurt am Main","legacy","2026-04-23","2026-06-02"
"Werkstudent Office Service (m/w/d)","https://www.gleisslutz.com/de/node/18578","Gleiss Lutz","Hamburg","legacy","2026-04-02","2026-06-02"
"Werkstudent Online-Marketing (m/w/d)","https://www.kanzlei-hasselbach.de/stellenangebote/werkstudent-online-marketing","Kanzlei Hasselbach","Home-Office","legacy","2026-04-02","2026-06-02"
"Werkstudent Tax (m/w/d)","https://drschulze-recht.de/stellenangebot-werkstudent-tax","Dr. Schulze Steuerberater und Rechtsanwalt","Berlin Adlershof","legacy","2026-04-02","2026-06-02"
"Werkstudent im Assistenzbereich (m/w/d)","https://de.indeed.com/viewjob?jk=d5d9bbd36c74c764","LUTZ | ABEL Rechtsanwalts PartG mbB","70174 Stuttgart","legacy","2026-03-25","2026-06-02"
"Werkstudent*in/Jurastudent*in (m/w/d) Schwerpunkt Zivilrecht - Zivilprozessrecht","https://www.manes-anwalt.de/Job-Jurastudent","Rechtsanwalts- und Steuerberatungskanzlei Manes","Bonn","legacy","2026-04-02","2026-06-02"
"Werkstudent/ Rechtsreferendar (m/w/d)","https://www.kanzlei-hufnagel.de/werkstudent-rechtsreferendar.php","Kanzlei Hufnagel","München","legacy","2026-04-03","2026-06-02"
"Werkstudent/-in Anwalts- und Fallbetreuung (m/w/d)","https://www.dahag.de/jobs/werkstudent-sachbearbeitung-m/w/d","Martin Groschek","Deutschland","legacy","2026-04-02","2026-06-02"
"Werkstudent:in Jura Compliance","https://www.stepstone.de/stellenangebote--Werkstudent-in-Jura-Compliance-Hannover-Hannover-Rueck-SE--13921928-inline.html?rltr=373_23_25_seorl_s_1_0_0_0_0_0","Hannover Rück SE","Hannover","legacy","2026-04-17","2026-06-02"
"Werkstudent:in Steuerberatung (m/w/d)","https://www.spitzweg.com/offene-stellen/werkstudentin-steuerberatung-m-w-d","SPITZWEG Partnerschaft mbB | Rechtsanwälte Steuerberater Wirtschaftsprüfer","München","legacy","2026-04-03","2026-06-02"
"Werkstudent:in Vertragsmanagement","https://de.indeed.com/viewjob?jk=3198cb6a7a94b42a","Bastei Lübbe AG","Köln","legacy","2026-02-26","2026-06-02"
"Werkstudenten (m/w/d) im Bereich People & Culture","https://www.stepstone.de/stellenangebote--Werkstudenten-m-w-d-im-Bereich-People-Culture-Koeln-MTR-Rechtsanwaltsgesellschaft-mbH--13883948-inline.html?rltr=1691_16_25_seorl_m_0_0_0_0_1_0","MTR Rechtsanwaltsgesellschaft mbH","Köln","legacy","2026-04-25","2026-06-02"
"Werkstudenten im Team Tax (m/w/d)","https://www.nbs-partners.de/nbs-karriere/werkstudenten-im-team-tax-m-w-d","Nörenberg • Schröder partnership","Hamburg","legacy","2026-04-03","2026-06-02"
"Wertpapierspezialist (m/w/d)","https://jobs.meinestadt.de/deutschland/premium?id=100011281176&ref=392&tmp=100011281176&ecid=affiliate.b2c.xing.paid.jobs.CPC.nn.392.nn.","Niedergesäß Stephan","Frankfurt am Main","legacy","2026-04-02","2026-06-02"
"Wertpapierspezialist (m/w/d)","https://jobs.meinestadt.de/deutschland/premium?id=100011281175&ref=392&tmp=100011281175&ecid=affiliate.b2c.xing.paid.jobs.CPC.nn.392.nn.","Niedergesäß Stephan","Usingen","legacy","2026-04-02","2026-06-02"
"Wir suchen Steuerberater (w/m/d)","https://www.schumacherlaw.com/stellenanzeige/wir-suchen-steuerberater-w-m-d","Schumacher - Rechtsanwälte, Notare & Steuerberater","Essen","legacy","2026-04-02","2026-06-02"
"Wirtschafts-) Jurist (m/w/d)","https://www.stepstone.de/stellenangebote--Wirtschafts-Jurist-m-w-d-Berlin-IVU-Traffic-Technologies-AG--13901597-inline.html?rltr=234_9_25_seorl_s_1_0_0_0_0_0","IVU Traffic Technologies AG","Berlin","legacy","2026-04-13","2026-06-02"
"Wirtschaftsjurist (m/w/d)","https://app.meetovo.de/funnel/weserlaw","Weser Law Rechtsanwalts GmbH","Bremen","legacy","2026-04-02","2026-06-02"
"Wirtschaftsjurist (m/w/d) - Compliance | Vertragsmanagement | Digitalisierung","https://www.stepstone.de/stellenangebote--Wirtschaftsjurist-m-w-d-Compliance-Vertragsmanagement-Digitalisierung-Kakenstorf-Vink-Chemicals-GmbH-Co-KG--13848383-inline.html?rltr=138_13_25_seorl_s_0_0_0_0_1_0","Vink Chemicals GmbH & Co. KG","Kakenstorf","legacy","2026-04-16","2026-06-02"
"Wirtschaftsjurist (m/w/d) - Legal Manager - in Teilzeit befristet auf 2 Jahre","https://www.stepstone.de/stellenangebote--Wirtschaftsjurist-m-w-d-Legal-Manager-in-Teilzeit-befristet-auf-2-Jahre-Moeglingen-USU-GmbH--13809047-inline.html?rltr=100_100_25_seorl_s_1_0_0_0_1_0","USU GmbH","Möglingen","legacy","2026-04-23","2026-06-02"
"Wirtschaftsjurist (w/m/d)","https://www.stepstone.de/stellenangebote--Wirtschaftsjurist-w-m-d-Rheine-Nur-Die-Germany-GmbH--13321360-inline.html?rltr=87_12_25_seorl_m_0_0_0_0_0_0","Nur Die Germany GmbH","Rheine","legacy","2026-04-16","2026-06-02"
"Wirtschaftsjurist (w/m/d) als Sachbearbeiter für die Insolvenzverwaltung","https://de.indeed.com/viewjob?jk=ea700c968b6ed9ae","Schultze & Braun","Karlsruhe","legacy","2025-09-30","2026-06-02"
"Wirtschaftsjurist (w/m/d) als Sachbearbeiter für die Insolvenzverwaltung","https://www.stepstone.de/stellenangebote--Wirtschaftsjurist-w-m-d-als-Sachbearbeiter-fuer-die-Insolvenzverwaltung-Karlsruhe-Schultze-Braun-Rechtsanwaltsgesellschaft--10881118-inline.html?rltr=279_4_25_seorl_s_0_0_0_0_0_0","Schultze & Braun Rechtsanwaltsgesellschaft","Karlsruhe","legacy","2026-04-14","2026-06-02"
"Wirtschaftsjurist / Bachelor of Laws (LL.B.) / Master of Laws (LL.M.) (m/w/d)","https://jurix.de/job/wirtschaftsjurist-m-w-d","JURIX® | Unfallregulierung","Baden-Württemberg","legacy","2026-04-03","2026-06-02"
"Wirtschaftsjurist / Diplom-Jurist (m/w/d)","https://www.stepstone.de/stellenangebote--Wirtschaftsjurist-Diplom-Jurist-m-w-d-Langenhagen-Medizin-Mobil-GmbH-Co-KG--13887283-inline.html?rltr=66_16_25_seorl_s_0_0_0_0_1_0","Medizin Mobil GmbH & Co KG","Langenhagen","legacy","2026-04-25","2026-06-02"
"Wirtschaftsjurist / Volljurist (d/w/m) mit Schwerpunkt Außenwirtschaftsrecht","https://de.indeed.com/viewjob?jk=0acea93631d49db8","Airbus Defence and Space GmbH","München","legacy","2025-12-02","2026-06-02"
"Wirtschaftsjurist/in (m/w/d)","https://www.stepstone.de/stellenangebote--Wirtschaftsjurist-in-m-w-d-41464-SWN-Verkehrs-und-Service-AG--13853605-inline.html?rltr=186_11_25_seorl_s_0_0_0_0_0_0","SWN Verkehrs- und Service AG","41464","legacy","2026-04-17","2026-06-02"
"Wirtschaftsjuristen","http://it-rechthannover.de/Stellenangebote/Wirtschaftsjuristen_/wirtschaftsjuristen_.html","Franziska Tesoro, horak Rechtsanwälte Berlin","Berlin","legacy","2026-04-02","2026-06-02"
"Wirtschaftsjuristen","https://www.bwlh.de/anwaltskanzlei/Anwaltsnews/Stellenangebote/Wirtschaftsjuristen_/wirtschaftsjuristen_.html","horak Rechtsanwälte","Berlin","legacy","2026-04-03","2026-06-02"
"Wirtschaftsjuristen","http://www.bwlh.de/anwaltskanzlei/Anwaltsnews/Stellenangebote/Wirtschaftsjuristen_/wirtschaftsjuristen_.html","horak Rechtsanwälte/Fachanwälte/Patentanwälte München","Berlin","legacy","2026-04-03","2026-06-02"
"Wirtschaftsjuristen (m/w/d) Insolvenzrecht in Vollzeit","https://de.indeed.com/viewjob?jk=3af39ffaf7deae8e","Reimer Rechtsanwälte","20354 Hamburg","legacy","2026-03-31","2026-06-02"
"Wirtschaftsjuristin (m/w/d) Schwerpunkte: Personalwesen, Buchhaltung, Marketing und Recht","https://www.stepstone.de/stellenangebote--Wirtschaftsjuristin-m-w-d-Schwerpunkte-Personalwesen-Buchhaltung-Marketing-und-Recht-Hannover-IP-Services-GmbH--13879535-inline.html?rltr=366_16_25_seorl_s_0_0_0_0_1_0","IP Services GmbH","Hannover","legacy","2026-04-24","2026-06-02"
"Wirtschaftsprüfer (m/w/d)","https://www.neumann-schmeer.de/2026/01/19/wirtschaftspruefer-m-w-d","Dr. Maubach - NS+P Dr. Neumann Schmeer und Partner mbB","Aachen","legacy","2026-04-02","2026-06-02"
"Wirtschaftsprüfer (m/w/d) als Niederlassungsleitung","https://www.curacon.de/karriere-bei-curacon/stellenangebote/stellen/wirtschaftspruefer-m-w-d-als-niederlassungsleitung","CURACON GmbH","Wirtschaftsprüfung","legacy","2026-05-05","2026-06-02"
"Wirtschaftsprüfer (m/w/d) für den Bereich Financial Services (Betriebswirt/in (Hochschule) - Steuern und Prüfungswesen)","https://www.stepstone.de/stellenangebote--Wirtschaftspruefer-m-w-d-fuer-den-Bereich-Financial-Services-Betriebswirt-in-Hochschule-Steuern-und-Pruefungswesen-Nuernberg-Mittelfranken-MuG-Architekten-Beate-Mayerhofer-und-Jochen-Guenther-Partnerschaft--13880098-inline.html?rltr=1721_21_25_seorl_m_0_0_0_0_1_0","MuG Architekten Beate Mayerhofer und Jochen Günther, Partnerschaft","Nürnberg Mittelfranken","legacy","2026-04-24","2026-06-02"
"Wirtschaftsprüfer (m/w/d) und Prüfungsassistenten (m/w/d)","http://www.axisrechtsanwaelte.de/karriere/wirtschaftsprufer-m-w-d-und-prufungsassistenten-m-w-d","axis Rechtsanwälte GmbH Rechtsanwaltsgesellschaft","Köln","legacy","2026-04-03","2026-06-02"
"Wirtschaftsprüfungsassistent (m/w/d) in Coburg","https://www.stepstone.de/stellenangebote--Wirtschaftspruefungsassistent-m-w-d-in-Coburg-Coburg-Forster-Partner-Steuerberatungsgesellschaft--13558353-inline.html?rltr=1657_7_25_seorl_m_0_0_0_0_0_0","Forster & Partner Steuerberatungsgesellschaft","Coburg","legacy","2026-04-25","2026-06-02"
"Wissenschaftliche Mitarbeit (m/w/d) Gewerblicher Rechtsschutz","https://www.gleisslutz.com/de/node/18580","Gleiss Lutz","Berlin","legacy","2026-04-02","2026-06-02"
"Wissenschaftliche Mitarbeitende (m/w/d) im Bereich Corporate / M&A, Insolvenzrecht","http://www.brandi.net/ueber-brandi/karriere/juristische-mitarbeitende/bielefeld-wissenschaftliche-mitarbeitende-m-w-d-im-bereich-corporate-ma-insolvenzrecht","BRANDI Rechtsanwälte Partnerschaft mbB","Bielefeld","legacy","2026-04-02","2026-06-02"
"Wissenschaftliche Mitarbeitende und Referendare (m/w/d)","https://www.afa-anwalt.de/karriere","AfA Rechtsanwälte Nürnberg - Arbeitsrecht für Arbeitnehmer","Berlin","legacy","2026-04-05","2026-06-02"
"Wissenschaftliche Mitarbeiter","https://glock-liphart-probst.de/karriere/wissenschaftliche-mitarbeiter","Glock Liphart Probst & Partner Rechtsanwälte MBB","Zentrale/Unbekannt","legacy","2026-04-03","2026-06-02"
"Wissenschaftliche Mitarbeiter","https://malmendier-legal.com/wp-content/uploads/2025/09/250616-Stellenanzeige-wissenschaftliche-Mitarbeiter1-3-2.pdf","Malmendier Legal","Berlin","legacy","2026-05-05","2026-06-02"
"Wissenschaftliche Mitarbeiter","https://www.strafrecht-bundesweit.de/strafrecht-kanzlei-dr-boettner/karriere-im-strafrecht/stellenausschreibung-wissenschaftliche-mitarbeiter-mw","Strafverteidiger Dr. Böttner - Rechtsanwalt, Fachanwalt für Strafrecht","Frankfurt am Main","legacy","2026-04-02","2026-06-02"
"Wissenschaftliche Mitarbeiter (M/W/D)","https://www.lex.tm/karriere/wissenschaftliche-mitarbeiter","lexTM Rechtsanwälte","Frankfurt am Main","legacy","2026-04-02","2026-06-02"
"Wissenschaftliche Mitarbeiter (m/w/d)","https://www.mock-rechtsanwaelte.de/karriere/wissenschaftliche-mitarbeiter-m-w-d","MOCK Rechtsanwälte & Notare","Berlin","legacy","2026-04-02","2026-06-02"
"Wissenschaftliche Mitarbeiter (m/w/d)","https://www.moeller-rechtsanwaelte.de/wissenschaftliche-mitarbeiter","Möller Rechtsanwälte Partnerschaft mbB","Münster","legacy","2026-04-03","2026-06-02"
"Wissenschaftliche Mitarbeiter (m/w/d)","https://wmrc.de/karriere/wissenschaftliche-mitarbeiter-m-w-d","WMRC Rechtsanwälte","Berlin","legacy","2026-04-02","2026-06-02"
"Wissenschaftliche Mitarbeiter (w/m/d)","https://www.solmecke.eu/wissenschaftliche-mitarbeiter","Solmecke Rechtsanwälte PartGmbB","Zentrale/Unbekannt","legacy","2026-04-02","2026-06-02"
"Wissenschaftliche Mitarbeiter - Werkstudenten (m/w/d) - Online-Recht, Datenschutzrecht, Legal-Tech","http://www.dury.de/stellenanzeigen/371-wissenschaftliche-mitarbeiter-m-w","DURY LEGAL Rechtsanwälte - Saarbrücken - Markenrecht - IT-Recht - Urheberrecht - Wettbewerbsrecht - Lebensmittelrecht","Frankfurt a.M.","legacy","2026-04-03","2026-06-02"
"Wissenschaftliche Mitarbeiter im Bereich Datenschutz - Initiativbewerbung (m/w/d)","http://www.brandi.net/ueber-brandi/karriere/juristische-mitarbeitende/bielefeld-wissenschaftliche-mitarbeiter-im-bereich-datenschutz-initiativbewerbung-m-w-d","BRANDI Rechtsanwälte Partnerschaft mbB","Bielefeld","legacy","2026-04-02","2026-06-02"
"Wissenschaftliche Mitarbeiter und Mitarbeiterinnen mit den Schwerpunkten Urheberrecht, Datenschutz- und IT-Recht","https://graef.law/wp-content/uploads/Graef_Stellenanzeige_2025_WM.pdf","GRAEF Rechtsanwälte","Berlin","legacy","2026-04-05","2026-06-02"
"Wissenschaftliche Mitarbeiter/Referendare (w/m/d) im Öffentlichen Wirtschaftsrecht","https://www.gruneberg-rechtsanwaelte.de/karriere/wissenschaftliche-mitarbeiter-referendare-w-m-d","Gruneberg Rechtsanwälte","Köln","legacy","2026-04-03","2026-06-02"
"Wissenschaftliche Mitarbeiter/in (m/w/d)","https://karriere.skwschwarz.de/jobs/wissenschaftliche-r-mitarbeiter-in.muenchen","SKW Schwarz - Frankfurt / Main","München","legacy","2026-04-03","2026-06-02"
"Wissenschaftliche Mitarbeiter:innen","https://mueller.legal/de/de/karriere/wissenschaftliche-mitarbeiterInnen","Mueller.legal Rechtsanwälte","Berlin","legacy","2026-04-02","2026-06-02"
"Wissenschaftliche Mitarbeiterin / Wissenschaftlicher Mitarbeiter (m/w/d) - Fakultät für Wirtschafts- und Sozialwissenschaften, Professur für Hybrid Intelligence","https://www.stellenanzeigen.de/job/detail/16230238?location_hash=9E705F18","Niedergesäß Stephan","Hamburg","legacy","2026-04-05","2026-06-02"
"Wissenschaftliche Mitarbeiterin / wissenschaftlicher Mitarbeiter (m/w/d)","https://de.indeed.com/viewjob?jk=c0063ea50dd77204","White & Case LLP","Hamburg","legacy","2026-02-27","2026-06-02"
"Wissenschaftliche Mitarbeiterinnen / Mitarbeiter","https://www.rae-blatt.com/stellenangebote/wissenschaftliche-mitarbeiterinnen-mitarbeiter","Thomas Blatt Rechtsanwalts AG Dortmund - Rechtsanwälte / Fachanwälte","Dinslaken","legacy","2026-04-02","2026-06-02"
"Wissenschaftliche Mitarbeiterinnen / Mitarbeiter","http://rae-blatt.com/stellenangebote/wissenschaftliche-mitarbeiterinnen-mitarbeiter","Thomas Blatt Rechtsanwalts AG Duisburg - Rechtsanwälte / Fachanwälte","Dinslaken","legacy","2026-04-02","2026-06-02"
"Wissenschaftliche Mitarbeiterinnen / Mitarbeiter","http://www.rae-blatt.de/stellenangebote/wissenschaftliche-mitarbeiterinnen-mitarbeiter","Thomas Blatt Rechtsanwalts AG München- Rechtsanwälte / Fachanwälte","Dinslaken","legacy","2026-04-03","2026-06-02"
"Wissenschaftliche/r Mitarbeiter/in (m/w/d)","https://www.stepstone.de/stellenangebote--Wissenschaftliche-r-Mitarbeiter-in-m-w-d-Koeln-Ghendler-Ruvinskij-Rechtsanwaltsges-mbH--13881433-inline.html?rltr=1938_13_25_seorl_m_0_0_0_0_1_0","Ghendler Ruvinskij Rechtsanwaltsges. mbH","Köln","legacy","2026-04-25","2026-06-02"
"Wissenschaftliche/r Mitarbeiter/in (m/w/d) mit Schwerpunkt Notariat","https://activelaw.de/stellenanzeigen/wissenschaftlicher-mitarbeiter-notariat","activelaw Offenhausen.Wolter PartmbB","Hannover","legacy","2026-04-03","2026-06-02"
"Wissenschaftliche/r Mitarbeiter/in (w/m/d)","https://www.stepstone.de/stellenangebote--Wissenschaftliche-r-Mitarbeiter-in-w-m-d-Aachen-RWTH-Aachen-University--13854596-inline.html?rltr=1268_18_25_seorl_m_0_0_0_0_0_0","RWTH Aachen University","Aachen","legacy","2026-04-17","2026-06-02"
"Wissenschaftliche/r Mitarbeiter/in oder Referendar/in (m/w/d)","https://spieker-jaeger.de/stellenanzeige/wissenschaftliche-r-mitarbeiter-in-oder-referendar-in-m-w-d","Spieker & Jaeger Rechtsanwälte, Steuerberater, Wirtschaftsprüfer und Notare","Dortmund","legacy","2026-04-02","2026-06-02"
"Wissenschaftliche:n Mitarbeiter:in bzw. Studentische Hilfskraft (m/w/d)","https://gesundheitsrecht.com/minijob","Prof. Schlegel • Hohmann • Mangold & Partner","Frankfurt","legacy","2026-04-02","2026-06-02"
"Wissenschaftlicher Mitarbeiter (m/w/d)","https://de.indeed.com/viewjob?jk=8908fb06dbf53aab","ASG | Rechtsanwälte Steuerberater Wirtschaftsprüfer","20457 Hamburg","legacy","2026-04-21","2026-06-02"
"Wissenschaftlicher Mitarbeiter (m/w/d)","https://de.indeed.com/viewjob?jk=a44b731cfb0b84bd","BLD Bach Langheid Dallmayr","50668 Köln","legacy","2025-04-16","2026-06-02"
"Wissenschaftlicher Mitarbeiter (m/w/d)","https://www.kanzlei-fathieh.de/wissenschaftlicher-mitarbeiter-kanzlei-heidelberg.html","Kanzlei Fathieh","Heidelberg","legacy","2026-04-03","2026-06-02"
"Wissenschaftlicher Mitarbeiter (m/w/d)","https://lutz-rae.de/stellenanzeigen-details/wissenschaftlicherr-mitarbeiterin.html","LUTZ Rechtsanwälte","Stuttgart","legacy","2026-04-03","2026-06-02"
"Wissenschaftlicher Mitarbeiter (m/w/d)","https://kolb-blickhan-partner.de/karriere/wissenschaftlicher-mitarbeiter-doktorand-m-w-d-ip-it-recht","Lawyers Kolb, Blickhan & Partner","Darmstadt","legacy","2026-04-02","2026-06-02"
"Wissenschaftlicher Mitarbeiter (m/w/d) Arbeitsrecht Essen","https://jobs.luther-lawfirm.com/jobportal/luther/viewAusschreibung/2026-031.html","Luther Rechtsanwaltsgesellschaft mbH","Essen","legacy","2026-04-30","2026-06-02"
"Wissenschaftlicher Mitarbeiter (m/w/d) Corporate / M&A Leipzig","https://jobs.luther-lawfirm.com/jobportal/luther/viewAusschreibung/2026-021.html","Luther Rechtsanwaltsgesellschaft mbH","Leipzig","legacy","2026-04-30","2026-06-02"
"Wissenschaftlicher Mitarbeiter (m/w/d) Japan","https://www.stepstone.de/stellenangebote--Wissenschaftlicher-Mitarbeiter-m-w-d-Japan-Muenchen-ARQIS-Rechtsanwaelte--13886769-inline.html?rltr=1656_6_25_seorl_m_0_0_0_0_1_0","ARQIS Rechtsanwälte","München","legacy","2026-04-25","2026-06-02"
"Wissenschaftlicher Mitarbeiter (m/w/d) betriebliche Altersversorgung","https://www.stepstone.de/stellenangebote--Wissenschaftlicher-Mitarbeiter-m-w-d-betriebliche-Altersversorgung-Duesseldorf-ARQIS-Panzer-Heemeier-Schulze-Witty-Yamaguchi-Rechtsanwaelte-Partnerschaftsgesellschaft-mbB--13882937-inline.html?rltr=1670_20_25_seorl_m_0_0_0_0_1_0","ARQIS Panzer-Heemeier Schulze Witty Yamaguchi Rechtsanwälte Partnerschaftsgesellschaft mbB","Düsseldorf","legacy","2026-04-25","2026-06-02"
"Wissenschaftlicher Mitarbeiter (m/w/d) betriebliche Altersversorgung","https://www.stepstone.de/stellenangebote--Wissenschaftlicher-Mitarbeiter-m-w-d-betriebliche-Altersversorgung-Muenchen-ARQIS-Rechtsanwaelte--13886795-inline.html?rltr=1641_16_25_seorl_m_0_0_0_0_1_0","ARQIS Rechtsanwälte","München","legacy","2026-04-25","2026-06-02"
"Wissenschaftlicher Mitarbeiter (m/w/x) München","https://de.indeed.com/viewjob?jk=0a2137eab3fb4c39","DLA Piper","80539 München","legacy","2025-05-26","2026-06-02"
"Wissenschaftlicher Mitarbeiter (w/m/d)","https://karriere.kirkland.com/einstiegsmoeglichkeiten/wissenschaftlicher-mitarbeiter","Kirkland & Ellis","München/Frankfurt","legacy","2026-05-05","2026-06-02"
"Working Student (m/f/d)","https://www.stepstone.de/stellenangebote--Working-Student-m-f-d-Muenchen-Gruenecker-Patent-und-Rechtsanwaelte-PartG-mbB--13865377-inline.html?rltr=868_18_25_seorl_m_0_0_0_0_1_0","Grünecker Patent- und Rechtsanwälte PartG mbB","München","legacy","2026-04-22","2026-06-02"
"arabische Rechtsanwältin für Asyl und Sozialrecht","https://www.nadasleiman.com/contact","arabische Rechtsanwalt für Asyl und Sozialrecht in Essen Nada Sleiman","Essen","legacy","2026-04-05","2026-06-02"
"ausbildung zur/zum rechtsanwaltsfachangestellten (m/w/d) in ansbach","https://de.indeed.com/viewjob?jk=c7e26cc01e81fcf8","meyerhuber rechtsanwälte partnerschaft mbb","91522 Ansbach","legacy","2026-02-10","2026-06-02"
"bis zu zwei Volljuristen im Polizeivollzugsdienst","https://de.indeed.com/viewjob?jk=4804ea0e4dac1bb8","Landesportal Sachsen-Anhalt","Magdeburg","legacy","2026-03-30","2026-06-02"
"drei Promotionsstellen (m/w/d)","http://www.brandi.net/ueber-brandi/karriere/juristische-mitarbeitende/hannover-drei-promotionsstellen-mwd","BRANDI Rechtsanwälte Partnerschaft mbB","Hannover","legacy","2026-04-02","2026-06-02"
"erfahrene(n) Rechtsanwaltsfachangestellte(n)","https://www.kanzlei-unfallrecht.com/karriere","Kanzlei für Unfallrecht","Zentrale/Unbekannt","legacy","2026-04-03","2026-06-02"
"juristischen Mitarbeiter(-in) / Jurist(-in) (m/w/d) in Teil- oder Vollzeit","https://de.indeed.com/viewjob?jk=738cec73441045d2","HBI Europe GmbH","Erkelenz","legacy","2026-02-26","2026-06-02"
"student. Mitarbeiter*in","https://www.dk-ra.de/karriere/student-mitarbeiter-in","Daryai Kuo & Partner Rechtsanwälte und Notar","Berlin","legacy","2026-04-02","2026-06-02"
"studentische Aushilfe (m/w/d)","https://de.indeed.com/viewjob?jk=90ccf177180bf958","Kanzlei Voigt Rechtsanwalts GmbH","28359 Bremen","legacy","2026-03-19","2026-06-02"
"Bitte sende Deine Bewerbung (Lebenslauf mit wesentlichen Noten), bis zum 13. März 2026 an Legal Recruitment Advisor, Marie Orro: marie.orro@whitecase.com","https://www.whitecase.com/careers/locations/germany/welcome","White & Case LLP","","dom","2026-06-02","2026-06-02"
"Award White & Case wins two “Law Firm of the Year” awards at Chambers Middle East Awards 2026 In the Media White & Case launches AI assistant Atlas, AI strategy and roadmap","https://www.whitecase.com/firm/awards-rankings/award/white-case-wins-two-law-firm-year-awards-chambers-middle-east-awards-2026","White & Case LLP","","dom","2026-06-02","2026-06-02"
"Trainees Nutze deine Chance, deine persönliche und berufliche Zukunft selbst in die Hand zu nehmen. Erfahre mehr ›","https://www.whitecase.com/careers/locations/germany/trainees","White & Case LLP","","dom","2026-06-02","2026-06-02"
"Associates Gemeinsam erzielen wir exzellente Ergebnisse – für führende Mandanten und füreinander. Erfahre mehr ›","https://www.whitecase.com/careers/locations/germany/associates","White & Case LLP","","dom","2026-06-02","2026-06-02"
"Willkommen - Juristenmesse München","https://juristenmesse-muenchen.de/","White & Case LLP","","dom","2026-06-02","2026-06-02"
"In unserer Broschüre für Hochschulabsolventinnen erfährst du mehr über die Karrieremöglichkeiten in unserer Kanzlei, die Arbeit unserer Trainees und Geschichten aus unserem Arbeitsleben. Download","https://www.whitecase.com/sites/default/files/2025-11/white-case-karrierebroschure-2025.pdf","White & Case LLP","","dom","2026-06-02","2026-06-02"
"(Senior) Associate (m/w/d) in den Bereichen Restrukturierung und Insolvenzrecht (München/Frankfurt/Mannheim) Standort München Ansprechpartner André Piehozki","https://www.sza.de/de/karriere/offene-stellen/senior-associate-mwd-in-den-bereichen-restrukturierung-und-insolvenzrecht-muenchenfrankfurtmannheim","SZA Schilling, Zutt & Anschütz","Standort München","dom","2026-06-02","2026-06-02"
"Associate (m/w/d) Standort Frankfurt Ansprechpartner André Piehozki","https://www.sza.de/de/karriere/offene-stellen/associate-mwd-2","SZA Schilling, Zutt & Anschütz","Standort München","dom","2026-06-02","2026-06-02"
"Associate (m/w/d) Standort Mannheim Ansprechpartner André Piehozki","https://www.sza.de/de/karriere/offene-stellen/associate-mwd","SZA Schilling, Zutt & Anschütz","Standort München","dom","2026-06-02","2026-06-02"
"Associate (m/w/d) Standort München Ansprechpartner André Piehozki","https://www.sza.de/de/karriere/offene-stellen/associate-mwd-3","SZA Schilling, Zutt & Anschütz","Standort München","dom","2026-06-02","2026-06-02"
"Referendariat Standort Frankfurt Ansprechpartner André Piehozki","https://www.sza.de/de/karriere/offene-stellen/referendariat-2","SZA Schilling, Zutt & Anschütz","Standort Frankfurt","dom","2026-06-02","2026-06-02"
"Referendariat Standort Mannheim Ansprechpartner André Piehozki","https://www.sza.de/de/karriere/offene-stellen/referendariat","SZA Schilling, Zutt & Anschütz","Standort Frankfurt","dom","2026-06-02","2026-06-02"
"Referendariat Standort München Ansprechpartner André Piehozki","https://www.sza.de/de/karriere/offene-stellen/referendariat-3","SZA Schilling, Zutt & Anschütz","Standort Frankfurt","dom","2026-06-02","2026-06-02"
"Referendariat im Bereich Kartell- und Wettbewerbsrecht Standort Brüssel Ansprechpartner André Piehozki","https://www.sza.de/de/karriere/offene-stellen/referendariat-im-bereich-kartell-und-wettbewerbsrecht","SZA Schilling, Zutt & Anschütz","Standort Frankfurt","dom","2026-06-02","2026-06-02"
"Arbeitsrecht Wissenschaftliche Mitarbeiter (m/w/d) im Bereich Arbeitsrecht Standort Mannheim Ansprechpartner André Piehozki","https://www.sza.de/de/karriere/offene-stellen/wissenschaftliche-mitarbeiter-mwd-im-bereich-arbeitsrecht-2","SZA Schilling, Zutt & Anschütz","Standort Mannheim","dom","2026-06-02","2026-06-02"
"Gewerblicher Rechtsschutz Wissenschaftliche Mitarbeiter (m/w/d) im Bereich Gewerblicher Rechtsschutz Standort Mannheim Ansprechpartner André Piehozki","https://www.sza.de/de/karriere/offene-stellen/wissenschaftliche-mitarbeiter-mwd-im-bereich-gewerblicher-rechtsschutz","SZA Schilling, Zutt & Anschütz","Standort Mannheim","dom","2026-06-02","2026-06-02"
"IT-Recht Wissenschaftliche Mitarbeiter (m/w/d) im Bereich IT-Recht Standort Mannheim Ansprechpartner André Piehozki","https://www.sza.de/de/karriere/offene-stellen/wissenschaftliche-mitarbeiter-mwd-im-bereich-it-recht","SZA Schilling, Zutt & Anschütz","Standort Mannheim","dom","2026-06-02","2026-06-02"
"Prozessführung und Schiedsverfahren Wissenschaftliche Mitarbeiter (m/w/d) im Bereich Prozessführung und Schiedsverfahren Standort Mannheim Ansprechpartner Zoe Dieringer","https://www.sza.de/de/karriere/offene-stellen/wissenschaftliche-mitarbeiter-mwd-im-bereich-prozessfuehrung-und-schiedsverfahren","SZA Schilling, Zutt & Anschütz","Standort Mannheim","dom","2026-06-02","2026-06-02"
"Prozessführung und Schiedsverfahren Wissenschaftliche Mitarbeiter (m/w/d) im Bereich Prozessführung und Schiedsverfahren Standort Frankfurt Ansprechpartner Zoe Dieringer","https://www.sza.de/de/karriere/offene-stellen/wissenschaftliche-mitarbeiter-mwd-im-bereich-prozessfuehrung-und-schiedsverfahren-3","SZA Schilling, Zutt & Anschütz","Standort Mannheim","dom","2026-06-02","2026-06-02"
"Wissenschaftliche Mitarbeiter (m/w/d) Standort Frankfurt Ansprechpartner Zoe Dieringer","https://www.sza.de/de/karriere/offene-stellen/wissenschaftliche-mitarbeiter-mwd","SZA Schilling, Zutt & Anschütz","Standort Mannheim","dom","2026-06-02","2026-06-02"
"Wissenschaftliche Mitarbeiter (m/w/d) Standort Mannheim Ansprechpartner Zoe Dieringer","https://www.sza.de/de/karriere/offene-stellen/wissenschaftliche-mitarbeiter-mwd-2","SZA Schilling, Zutt & Anschütz","Standort Mannheim","dom","2026-06-02","2026-06-02"
"Wissenschaftliche Mitarbeiter (m/w/d) Standort München Ansprechpartner Zoe Dieringer","https://www.sza.de/de/karriere/offene-stellen/wissenschaftliche-mitarbeiter-mwd-3","SZA Schilling, Zutt & Anschütz","Standort Mannheim","dom","2026-06-02","2026-06-02"
"Praktikum Standort Frankfurt Ansprechpartner André Piehozki","https://www.sza.de/de/karriere/offene-stellen/praktikum","SZA Schilling, Zutt & Anschütz","Standort Frankfurt","dom","2026-06-02","2026-06-02"
"Praktikum Standort Mannheim Ansprechpartner Zoe Dieringer","https://www.sza.de/de/karriere/offene-stellen/praktikum-3","SZA Schilling, Zutt & Anschütz","Standort Frankfurt","dom","2026-06-02","2026-06-02"
"Praktikum Standort München Ansprechpartner Zoe Dieringer","https://www.sza.de/de/karriere/offene-stellen/praktikum-2","SZA Schilling, Zutt & Anschütz","Standort Frankfurt","dom","2026-06-02","2026-06-02"
"Notarfachangestellte oder Rechtsanwaltsfachangestellte (m/w/d) für das Notariat Standort Frankfurt Ansprechpartner André Piehozki","https://www.sza.de/de/karriere/offene-stellen/notarfachangestellte-oder-rechtsanwaltsfachangestellte-mwd-fuer-das-notariat","SZA Schilling, Zutt & Anschütz","Standort Frankfurt","dom","2026-06-02","2026-06-02"
"©2026 SZA SCHILLING, ZUTT & ANSCHÜTZ Rechtsanwaltsgesellschaft mbH Datenschutzerklärung Impressum","https://www.sza.de/de/datenschutzerklaerung","SZA Schilling, Zutt & Anschütz","Unsere Standorte Frankfurt Mannheim München Brüssel Anfahrt & Kontakt ﻿ ﻿","dom","2026-06-02","2026-06-02"
"Rechtsanwalt (m/w/d) Nachfolge / Vermögen / Stiftung Frankfurt am Main ab sofort Zum Job","https://www.oppenhoff.eu/de/karriere/detail/rechtsanwalt-m-w-d-nachfolge-vermoegen-stiftung","Oppenhoff","","dom","2026-06-02","2026-06-02"
"Recruiting Advisor Konrad-Adenauer-Ufer 23 50668 Köln T +49 221 2091-512 E-Mail","https://www.oppenhoff.eu/de/karriere","Oppenhoff","","dom","2026-06-02","2026-06-02"
"Associate (m/w/d) Corporate / M&A München ab sofort Zum Job","https://www.oppenhoff.eu/de/karriere/detail/associate-m-w-d-corporate-ma-in-muenchen","Oppenhoff","","dom","2026-06-02","2026-06-02"
"Associate (m/w/d) Corporate/Insolvenzrecht Köln ab sofort Zum Job","https://www.oppenhoff.eu/de/karriere/detail/associate-m-w-d-corporate-insolvenzrecht","Oppenhoff","","dom","2026-06-02","2026-06-02"
"Anwältinnen und Anwälte","https://www.oppenhoff.eu/de/karriere/anwalt","Oppenhoff","Familienförderung","dom","2026-06-02","2026-06-02"
"Referendariat","https://www.oppenhoff.eu/de/karriere/referendariat","Oppenhoff","","dom","2026-06-02","2026-06-02"
"Business Services / Assistenz","https://www.oppenhoff.eu/de/karriere/business-services","Oppenhoff","","dom","2026-06-02","2026-06-02"
"Praktikantenprogramm Sommeruni","https://www.oppenhoff.eu/de/karriere/praktikum","Oppenhoff","","dom","2026-06-02","2026-06-02"
"Insights Publikationen Podcasts Blogs Webinars and events Videos Resources and Tools Connections Insights, perspectives and viewpoints from our lawyers on topical issues Latest insights","https://www.nortonrosefulbright.com/de-de/wissen","Norton Rose Fulbright","","dom","2026-06-02","2026-06-02"
"Insights, perspectives and viewpoints from our lawyers on topical issues Latest insights","https://connections.nortonrosefulbright.com/","Norton Rose Fulbright","","dom","2026-06-02","2026-06-02"
"Offices and locations","https://www.nortonrosefulbright.com/de-de/careers","Norton Rose Fulbright","","dom","2026-06-02","2026-06-02"
"Associates Unsere Associates verfügen über Expertise in einer Vielzahl von Praxisbereichen und Branchen weltweit. Mehr erfahren","https://www.nortonrosefulbright.com/de-de/careers/associates","Norton Rose Fulbright","","dom","2026-06-02","2026-06-02"
"Assistenz Unsere Assistenzen helfen uns, hervorragende juristische Dienstleistungen zu erbringen. Mehr erfahren","https://www.nortonrosefulbright.com/de-de/careers/legal-secretaries-and-pas","Norton Rose Fulbright","","dom","2026-06-02","2026-06-02"
"Referendariat Wir bieten viele Möglichkeiten im Rahmen des Referendariats. Mehr erfahren","https://www.nortonrosefulbright.com/de-de/careers/referendare","Norton Rose Fulbright","","dom","2026-06-02","2026-06-02"
"Praktikum","https://www.nortonrosefulbright.com/de-de/careers/praktikum","Norton Rose Fulbright","","dom","2026-06-02","2026-06-02"
"Praktikum Erste Eindrücke sammeln und Großkanzleiluft schnuppern. Mehr erfahren","https://www.nortonrosefulbright.com/de-de/careers/praktikanten","Norton Rose Fulbright","","dom","2026-06-02","2026-06-02"
"Gewerblicher Rechtsschutz & Urheberrecht","https://www.luther-lawfirm.com/kompetenzen/beratungsfelder/detail/gewerblicher-rechtsschutz-und-urheberrecht","Luther Rechtsanwaltsgesellschaft mbH","","dom","2026-06-02","2026-06-02"
"Notarielle Beratung","https://www.luther-lawfirm.com/kompetenzen/beratungsfelder/detail/notarielle-beratung","Luther Rechtsanwaltsgesellschaft mbH","","dom","2026-06-02","2026-06-02"
"Steuerrecht","https://www.luther-lawfirm.com/kompetenzen/beratungsfelder/detail/steuerrecht","Luther Rechtsanwaltsgesellschaft mbH","","dom","2026-06-02","2026-06-02"
"Rechtsanwälte & Steuerberater","https://www.luther-lawfirm.com/luther-karriere/einstieg/rechtsanwaelte-steuerberater","Luther Rechtsanwaltsgesellschaft mbH","","dom","2026-06-02","2026-06-02"
"Mitarbeiter für die Business Services","https://www.luther-lawfirm.com/luther-karriere/einstieg/business-service","Luther Rechtsanwaltsgesellschaft mbH","","dom","2026-06-02","2026-06-02"
"Praktikanten, Wissenschaftliche Mitarbeiter, Referendare","https://www.luther-lawfirm.com/luther-karriere/einstieg/praktikanten-wimi-referendare","Luther Rechtsanwaltsgesellschaft mbH","","dom","2026-06-02","2026-06-02"
"Aktuelles Warum Menold Bezler Kanzlei Suche Aktuelles Warum Menold Bezler Kanzlei Recht Steuern Prüfung & Consulting Services Young Talents Stellenanzeigen Datenschutz Impressum","https://karriere.menoldbezler.de/","Menold Bezler Rechtsanwälte Steuerberater Wirtschaftsprüfer","","dom","2026-06-02","2026-06-02"
"Aktuelles Warum Menold Bezler Kanzlei Recht Steuern Prüfung & Consulting Services Young Talents Stellenanzeigen Datenschutz Impressum","https://karriere.menoldbezler.de/aktuelles.html","Menold Bezler Rechtsanwälte Steuerberater Wirtschaftsprüfer","","dom","2026-06-02","2026-06-02"
"Steuern","https://karriere.menoldbezler.de/steuern.html","Menold Bezler Rechtsanwälte Steuerberater Wirtschaftsprüfer","","dom","2026-06-02","2026-06-02"
"Recht Steuern Prüfung & Consulting Services Young Talents Stellenanzeigen","https://karriere.menoldbezler.de/recht.html","Menold Bezler Rechtsanwälte Steuerberater Wirtschaftsprüfer","","dom","2026-06-02","2026-06-02"
"Unternehmensberatung (Senior) Manager Corporate Finance / Transaction Advisory (m/w/d) Mehr erfahren","https://karriere.menoldbezler.de/stellenanzeigen/senior-manager-corporate-finance-transaction-advisory-mwd.html","Menold Bezler Rechtsanwälte Steuerberater Wirtschaftsprüfer","","dom","2026-06-02","2026-06-02"
"Dr. Julia Schneider, Rechtsanwältin","https://karriere.menoldbezler.de/stellenanzeigen.html","Menold Bezler Rechtsanwälte Steuerberater Wirtschaftsprüfer","","dom","2026-06-02","2026-06-02"
"Steuerberatung Ausbildung zum Steuerfachangestellten (m/w/d) ab September 2026 Mehr erfahren","https://karriere.menoldbezler.de/stellenanzeigen/ausbildung-zum-steuerfachangestellten-mwd-ab-september-2026.html","Menold Bezler Rechtsanwälte Steuerberater Wirtschaftsprüfer","","dom","2026-06-02","2026-06-02"
"Steuerberatung Backstage-Tag im Bereich Steuerberatung Mehr erfahren","https://karriere.menoldbezler.de/stellenanzeigen/backstage-tag-im-bereich-steuerberatung.html","Menold Bezler Rechtsanwälte Steuerberater Wirtschaftsprüfer","","dom","2026-06-02","2026-06-02"
"Steuerberatung Bilanzbuchhalter (m/w/d) Mehr erfahren","https://karriere.menoldbezler.de/stellenanzeigen/bilanzbuchhalter-mwd.html","Menold Bezler Rechtsanwälte Steuerberater Wirtschaftsprüfer","","dom","2026-06-02","2026-06-02"
"Wirtschaftsprüfung Consultant Audit (m/w/d) Mehr erfahren","https://karriere.menoldbezler.de/stellenanzeigen/consultant-audit-mwd.html","Menold Bezler Rechtsanwälte Steuerberater Wirtschaftsprüfer","","dom","2026-06-02","2026-06-02"
"Steuerberatung Consultant Tax – Umsatzsteuer (m/w/d) Mehr erfahren","https://karriere.menoldbezler.de/stellenanzeigen/consultant-tax-umsatzsteuer-mwd.html","Menold Bezler Rechtsanwälte Steuerberater Wirtschaftsprüfer","","dom","2026-06-02","2026-06-02"
"Steuerberatung Consultant Tax (m/w/d) Mehr erfahren","https://karriere.menoldbezler.de/stellenanzeigen/consultant-tax-mwd.html","Menold Bezler Rechtsanwälte Steuerberater Wirtschaftsprüfer","","dom","2026-06-02","2026-06-02"
"Steuerberatung Duales Studium im Studiengang „RSW – Steuern und Prüfungswesen"" ab Oktober 2027 Mehr erfahren","https://karriere.menoldbezler.de/stellenanzeigen/duales-studium-im-studiengang-rsw-steuern-und-pr%C3%BCfungswesen-ab-oktober-2027.html","Menold Bezler Rechtsanwälte Steuerberater Wirtschaftsprüfer","","dom","2026-06-02","2026-06-02"
"Rechtsberatung Duales Studium im Studiengang „RSW – Wirtschaftsrecht“ ab Oktober 2027 Mehr erfahren","https://karriere.menoldbezler.de/stellenanzeigen/duales-studium-im-studiengang-rsw-wirtschaftsrecht-ab-oktober-2027.html","Menold Bezler Rechtsanwälte Steuerberater Wirtschaftsprüfer","","dom","2026-06-02","2026-06-02"
"Business Services Initiativbewerbung (m/w/d) Mehr erfahren","https://karriere.menoldbezler.de/stellenanzeigen/initiativbewerbung-mwd.html","Menold Bezler Rechtsanwälte Steuerberater Wirtschaftsprüfer","","dom","2026-06-02","2026-06-02"
"Rechtsberatung Initiativbewerbung Assistenz / Rechtsanwaltsfachangestellte /Rechtsfachwirtin (m/w/d) in Teilzeit oder Vollzeit Mehr erfahren","https://karriere.menoldbezler.de/stellenanzeigen/initiativbewerbung-assistenz-rechtsanwaltsfachangestellte-rechtsfachwirtin-mwd-in-teilzeit-oder-vollzeit.html","Menold Bezler Rechtsanwälte Steuerberater Wirtschaftsprüfer","","dom","2026-06-02","2026-06-02"
"Steuerberatung Initiativbewerbung Steuerberatung (m/w/d) Mehr erfahren","https://karriere.menoldbezler.de/stellenanzeigen/initiativbewerbung-steuerberatung-mwd.html","Menold Bezler Rechtsanwälte Steuerberater Wirtschaftsprüfer","","dom","2026-06-02","2026-06-02"
"Wirtschaftsprüfung Initiativbewerbung Wirtschaftsprüfung (m/w/d) Mehr erfahren","https://karriere.menoldbezler.de/stellenanzeigen/initiativbewerbung-wirtschaftspr%C3%BCfung-mwd.html","Menold Bezler Rechtsanwälte Steuerberater Wirtschaftsprüfer","","dom","2026-06-02","2026-06-02"
"Rechtsberatung Initiativbewerbung Young Talents (m/w/d) Mehr erfahren","https://karriere.menoldbezler.de/stellenanzeigen/initiativbewerbung-young-talents-mwd.html","Menold Bezler Rechtsanwälte Steuerberater Wirtschaftsprüfer","","dom","2026-06-02","2026-06-02"
"Wirtschaftsprüfung Manager Audit (m/w/d) Mehr erfahren","https://karriere.menoldbezler.de/stellenanzeigen/manager-audit-mwd.html","Menold Bezler Rechtsanwälte Steuerberater Wirtschaftsprüfer","","dom","2026-06-02","2026-06-02"
"Steuerberatung Manager Tax (m/w/d) Mehr erfahren","https://karriere.menoldbezler.de/stellenanzeigen/manager-tax-mwd.html","Menold Bezler Rechtsanwälte Steuerberater Wirtschaftsprüfer","","dom","2026-06-02","2026-06-02"
"Steuerberatung Praktikant (m/w/d) im Bereich Steuerberatung Mehr erfahren","https://karriere.menoldbezler.de/stellenanzeigen/praktikant-mwd-im-bereich-steuerberatung.html","Menold Bezler Rechtsanwälte Steuerberater Wirtschaftsprüfer","","dom","2026-06-02","2026-06-02"
"Rechtsberatung Praktikant (m/w/d) während des Jurastudiums - Ab Winter 2026/27 Mehr erfahren","https://karriere.menoldbezler.de/stellenanzeigen/praktikant-mwd-w%C3%A4hrend-des-jurastudiums-ab-winter-202627.html","Menold Bezler Rechtsanwälte Steuerberater Wirtschaftsprüfer","","dom","2026-06-02","2026-06-02"
"Rechtsberatung Rechtsanwalt (m/w/d) im Arbeitsrecht Mehr erfahren","https://karriere.menoldbezler.de/stellenanzeigen/rechtsanwalt-mwd-im-arbeitsrecht.html","Menold Bezler Rechtsanwälte Steuerberater Wirtschaftsprüfer","","dom","2026-06-02","2026-06-02"
"Rechtsberatung Rechtsanwalt (m/w/d) im Bereich Commercial & Litigation Mehr erfahren","https://karriere.menoldbezler.de/stellenanzeigen/rechtsanwalt-mwd-im-bereich-commercial-litigation.html","Menold Bezler Rechtsanwälte Steuerberater Wirtschaftsprüfer","","dom","2026-06-02","2026-06-02"
"Rechtsberatung Rechtsanwalt (m/w/d) im Bereich Commercial & Litigation - Promotionsbegleitend/Teilzeit (50-60 %) Mehr erfahren","https://karriere.menoldbezler.de/stellenanzeigen/rechtsanwalt-mwd-im-bereich-commercial-litigation-promotionsbegleitendteilzeit-50-60.html","Menold Bezler Rechtsanwälte Steuerberater Wirtschaftsprüfer","","dom","2026-06-02","2026-06-02"
"Rechtsberatung Rechtsanwalt (m/w/d) im Bereich Gesellschaftsrecht/Unternehmenstransaktionen Mehr erfahren","https://karriere.menoldbezler.de/stellenanzeigen/rechtsanwalt-mwd-im-bereich-gesellschaftsrechtunternehmenstransaktionen.html","Menold Bezler Rechtsanwälte Steuerberater Wirtschaftsprüfer","","dom","2026-06-02","2026-06-02"
"Rechtsberatung Rechtsanwalt (m/w/d) im Gesellschaftsrecht - Schwerpunkt Kommunales Gesellschaftsrecht, Beratung von Non-Profit-Organisationen Mehr erfahren","https://karriere.menoldbezler.de/stellenanzeigen/rechtsanwalt-mwd-im-gesellschaftsrecht-schwerpunkt-kommunales-gesellschaftsrecht-beratung-von-non-profit-organisationen.html","Menold Bezler Rechtsanwälte Steuerberater Wirtschaftsprüfer","","dom","2026-06-02","2026-06-02"
"Rechtsberatung Referendar (m/w/d) Anwaltsstationen / Wahlstation Mehr erfahren","https://karriere.menoldbezler.de/stellenanzeigen/referendar-mwd-anwaltsstationen-wahlstation.html","Menold Bezler Rechtsanwälte Steuerberater Wirtschaftsprüfer","","dom","2026-06-02","2026-06-02"
"Steuerberatung Senior Consultant – Tax & Office Management (m/w/d) Mehr erfahren","https://karriere.menoldbezler.de/stellenanzeigen/senior-consultant-tax-office-management-mwd.html","Menold Bezler Rechtsanwälte Steuerberater Wirtschaftsprüfer","","dom","2026-06-02","2026-06-02"
"Wirtschaftsprüfung Senior Consultant Audit (m/w/d) Mehr erfahren","https://karriere.menoldbezler.de/stellenanzeigen/senior-consultant-audit-mwd.html","Menold Bezler Rechtsanwälte Steuerberater Wirtschaftsprüfer","","dom","2026-06-02","2026-06-02"
"Unternehmensberatung Senior Consultant Corporate Finance (m/w/d) Mehr erfahren","https://karriere.menoldbezler.de/stellenanzeigen/senior-consultant-corporate-finance-mwd.html","Menold Bezler Rechtsanwälte Steuerberater Wirtschaftsprüfer","","dom","2026-06-02","2026-06-02"
"Steuerberatung Senior Consultant Tax – Nachfolge und Vermögen (m/w/d) Mehr erfahren","https://karriere.menoldbezler.de/stellenanzeigen/senior-consultant-tax-nachfolge-und-verm%C3%B6gen-mwd.html","Menold Bezler Rechtsanwälte Steuerberater Wirtschaftsprüfer","","dom","2026-06-02","2026-06-02"
"Steuerberatung Senior Consultant Tax – Umsatzsteuer (m/w/d) Mehr erfahren","https://karriere.menoldbezler.de/stellenanzeigen/senior-consultant-tax-umsatzsteuer-mwd.html","Menold Bezler Rechtsanwälte Steuerberater Wirtschaftsprüfer","","dom","2026-06-02","2026-06-02"
"Steuerberatung Senior Consultant Tax (m/w/d) Mehr erfahren","https://karriere.menoldbezler.de/stellenanzeigen/senior-consultant-tax-mwd.html","Menold Bezler Rechtsanwälte Steuerberater Wirtschaftsprüfer","","dom","2026-06-02","2026-06-02"
"Steuerberatung Senior Manager - M&A Tax (m/w/d) Mehr erfahren","https://karriere.menoldbezler.de/stellenanzeigen/senior-manager-ma-tax-mwd.html","Menold Bezler Rechtsanwälte Steuerberater Wirtschaftsprüfer","","dom","2026-06-02","2026-06-02"
"Wirtschaftsprüfung Senior Manager Audit (m/w/d) Mehr erfahren","https://karriere.menoldbezler.de/stellenanzeigen/senior-manager-audit-mwd.html","Menold Bezler Rechtsanwälte Steuerberater Wirtschaftsprüfer","","dom","2026-06-02","2026-06-02"
"Steuerberatung Senior Manager Tax – Nachfolge und Vermögen (m/w/d) Mehr erfahren","https://karriere.menoldbezler.de/stellenanzeigen/senior-manager-tax-nachfolge-und-verm%C3%B6gen-mwd.html","Menold Bezler Rechtsanwälte Steuerberater Wirtschaftsprüfer","","dom","2026-06-02","2026-06-02"
"Steuerberatung Senior Manager Tax – Public (m/w/d) Mehr erfahren","https://karriere.menoldbezler.de/stellenanzeigen/senior-manager-tax-public-mwd.html","Menold Bezler Rechtsanwälte Steuerberater Wirtschaftsprüfer","","dom","2026-06-02","2026-06-02"
"Steuerberatung Senior Manager Tax Technology (m/w/d) Mehr erfahren","https://karriere.menoldbezler.de/stellenanzeigen/senior-manager-tax-technology-mwd.html","Menold Bezler Rechtsanwälte Steuerberater Wirtschaftsprüfer","","dom","2026-06-02","2026-06-02"
"Business Services Specialist Digital / Legal Tech & Innovation (m/w/d) Mehr erfahren","https://karriere.menoldbezler.de/stellenanzeigen/specialist-digital-legal-tech-innovation-mwd.html","Menold Bezler Rechtsanwälte Steuerberater Wirtschaftsprüfer","","dom","2026-06-02","2026-06-02"
"Steuerberatung Steuerberater als Senior Manager (m/w/d) Mehr erfahren","https://karriere.menoldbezler.de/stellenanzeigen/steuerberater-als-senior-manager-mwd.html","Menold Bezler Rechtsanwälte Steuerberater Wirtschaftsprüfer","","dom","2026-06-02","2026-06-02"
"Steuerberatung Steuerfachangestellte/r (m/w/d) Mehr erfahren","https://karriere.menoldbezler.de/stellenanzeigen/steuerfachangestellter-mwd.html","Menold Bezler Rechtsanwälte Steuerberater Wirtschaftsprüfer","","dom","2026-06-02","2026-06-02"
"Steuerberatung Talent Pool (m/w/d) Mehr erfahren","https://karriere.menoldbezler.de/stellenanzeigen/talent-pool-mwd.html","Menold Bezler Rechtsanwälte Steuerberater Wirtschaftsprüfer","","dom","2026-06-02","2026-06-02"
"Steuerberatung Werkstudent (m/w/d) im Bereich Steuerberatung Mehr erfahren","https://karriere.menoldbezler.de/stellenanzeigen/werkstudent-mwd-im-bereich-steuerberatung.html","Menold Bezler Rechtsanwälte Steuerberater Wirtschaftsprüfer","","dom","2026-06-02","2026-06-02"
"Rechtsberatung Wissenschaftlicher Mitarbeiter (m/w/d) Commercial & Litigation Mehr erfahren","https://karriere.menoldbezler.de/stellenanzeigen/wissenschaftlicher-mitarbeiter-mwd-commercial-litigation.html","Menold Bezler Rechtsanwälte Steuerberater Wirtschaftsprüfer","","dom","2026-06-02","2026-06-02"
"Rechtsberatung Wissenschaftlicher Mitarbeiter (m/w/d) Umwelt, Klima und Energie Mehr erfahren","https://karriere.menoldbezler.de/stellenanzeigen/wissenschaftlicher-mitarbeiter-mwd-umwelt-klima-und-energie.html","Menold Bezler Rechtsanwälte Steuerberater Wirtschaftsprüfer","","dom","2026-06-02","2026-06-02"
"Dieses Feld wird bei der Anzeige des Formulars ausgeblendet Lawyer-Mail","https://career.gsk.de/","GSK Stockmann","","dom","2026-06-02","2026-06-02"
"Mandantenfokus Familienunternehmen Konzerne & börsen­notierte Unter­nehmen Private Clients Family Offices Family Investment Office Zivil­gesellschaft & Öffentliche Hand Gründer & Investoren","https://www.fgs.de/leistungsspektrum/mandantenfokus","Flick Gocke Schaumburg","","dom","2026-06-02","2026-06-02"
"Family Offices","https://www.fgs.de/leistungsspektrum/mandantenfokus/family-offices","Flick Gocke Schaumburg","","dom","2026-06-02","2026-06-02"
"Family Investment Office","https://www.fgs.de/leistungsspektrum/mandantenfokus/family-offices/family-investment-office","Flick Gocke Schaumburg","","dom","2026-06-02","2026-06-02"
"Steuerrecht","https://www.fgs.de/leistungsspektrum/steuerrecht","Flick Gocke Schaumburg","","dom","2026-06-02","2026-06-02"
"Konzern- & Unternehmens­steuerrecht","https://www.fgs.de/leistungsspektrum/steuerrecht/konzern-und-unternehmenssteuerrecht","Flick Gocke Schaumburg","","dom","2026-06-02","2026-06-02"
"Inter­nationales Steuer­recht","https://www.fgs.de/leistungsspektrum/steuerrecht/internationales-steuerrecht","Flick Gocke Schaumburg","","dom","2026-06-02","2026-06-02"
"Indirekte Steuern","https://www.fgs.de/leistungsspektrum/steuerrecht/indirekte-steuern","Flick Gocke Schaumburg","","dom","2026-06-02","2026-06-02"
"Immobiliensteuerrecht","https://www.fgs.de/leistungsspektrum/steuerrecht/immobiliensteuerrecht","Flick Gocke Schaumburg","","dom","2026-06-02","2026-06-02"
"Steuer­deklaration","https://www.fgs.de/leistungsspektrum/steuerrecht/steuerdeklaration","Flick Gocke Schaumburg","","dom","2026-06-02","2026-06-02"
"Steuer­straf­recht","https://www.fgs.de/leistungsspektrum/steuerrecht/steuerstrafrecht","Flick Gocke Schaumburg","","dom","2026-06-02","2026-06-02"
"Notare","https://www.fgs.de/leistungsspektrum/wirtschaftsrecht/notare","Flick Gocke Schaumburg","","dom","2026-06-02","2026-06-02"
"Globale Mindestbesteuerung (Pillar 2)","https://www.fgs.de/leistungsspektrum/aktuelle-fokusthemen/globale-mindestbesteuerung-pillar-2/pillar-2-management-app","Flick Gocke Schaumburg","","dom","2026-06-02","2026-06-02"
"Steuerliche Datenanalysen und Forensik","https://www.fgs.de/leistungsspektrum/tax-and-legal-innovation/steuerliche-datenanalysen-und-forensik","Flick Gocke Schaumburg","","dom","2026-06-02","2026-06-02"
"Steuerzentrierte ERP-Beratung","https://www.fgs.de/leistungsspektrum/tax-and-legal-innovation/steuerzentrierte-erp-beratung","Flick Gocke Schaumburg","","dom","2026-06-02","2026-06-02"
"Aktuelle Fokusthemen ESG Family Investment Office Global Mobility Globale Mindestbesteuerung (Pillar 2) Krypto-Assets Künstliche Intelligenz","https://www.fgs.de/leistungsspektrum/aktuelle-fokusthemen","Flick Gocke Schaumburg","","dom","2026-06-02","2026-06-02"
"Vom Associate zur Equity Partnerschaft: Ihr Engagement zählt. Beratung","https://www.fgs.de/karriere/ihre-chancen-bei-fgs/berater","Flick Gocke Schaumburg","","dom","2026-06-02","2026-06-02"
"FGS Steuerberatungs­gesellschaft mbH","https://www.fgs.de/ueber-fgs/fgs-gesellschaften/fgs-steuerberatungsgesellschaft-mbh","Flick Gocke Schaumburg","","dom","2026-06-02","2026-06-02"
"FGS Revisions- & Treuhand­gesellschaft mbH Wirtschafts­prüfungs­gesellschaft Steuer­beratungs­gesellschaft","https://www.fgs.de/ueber-fgs/fgs-gesellschaften/fgs-revisions-und-treuhandgesellschaft-mbh-wirtschaftspruefungsgesellschaft-steuerberatungsgesellschaft","Flick Gocke Schaumburg","","dom","2026-06-02","2026-06-02"
"Meet Our Lawyers Berlin - Transaktionen / M&A","https://www.fgs.de/karriere","Flick Gocke Schaumburg","","dom","2026-06-02","2026-06-02"
"Steuerzentrierten Rechtsberatung","https://www.fgs.de/ueber-fgs","Flick Gocke Schaumburg","","dom","2026-06-02","2026-06-02"
"Praktikum, wissenschaftliche Mitarbeit oder Referendariat: Ihr Einstieg in die Praxis. Studierende","https://www.fgs.de/karriere/ihre-chancen-bei-fgs/studierende","Flick Gocke Schaumburg","","dom","2026-06-02","2026-06-02"
"Fakultätskarrieretag Jura FU Berlin 09.06.2026 Meet Our Lawyers Berlin - Transaktionen / M&A 10.06.2026","https://www.fgs.de/karriere/karriere-events/fakultaetskarrieretag-jura-fu-berlin-3","Flick Gocke Schaumburg","","dom","2026-06-02","2026-06-02"
"Meet Our Lawyers Berlin - Transaktionen / M&A 10.06.2026","https://www.fgs.de/karriere/karriere-events/meet-our-lawyers-berlin-transaktionen-ma-1","Flick Gocke Schaumburg","","dom","2026-06-02","2026-06-02"
"Leistungsspektrum Mandantenfokus Steuerrecht Wirtschaftsrecht Prüfung & Bewertung Transaktionen Compliance Tax and Legal Innovation | FGS Digital Aktuelle Fokusthemen","https://www.fgs.de/leistungsspektrum","Flick Gocke Schaumburg","","dom","2026-06-02","2026-06-02"
"Rechtsanwalt (m/w/d) mit Berufserfahrung - Capital Markets - München oder Frankfurt","https://ezine.eversheds-sutherland.com/stellenangebote-in-deutschland?overlay=RA+Kapitalmarktrecht+-+MUC+o.+FRA","Eversheds Sutherland","","dom","2026-06-02","2026-06-02"
"Rechtsanwalt (m/w/d) mit Berufserfahrung - Tax - München","https://ezine.eversheds-sutherland.com/stellenangebote-in-deutschland?overlay=RA+-+Tax+-+MUC-BPXfmuK9ab","Eversheds Sutherland","","dom","2026-06-02","2026-06-02"
"Rechtsanwalt (m/w/d) mit Berufserfahrung - Commercial Dispute Resolution - München","https://ezine.eversheds-sutherland.com/stellenangebote-in-deutschland?overlay=RA+-+Tax+-+MUC","Eversheds Sutherland","","dom","2026-06-02","2026-06-02"
"Rechtsanwalt (m/w/d) mit Berufserfahrung - Construction - Düsseldorf, Frankfurt, Hamburg oder München","https://ezine.eversheds-sutherland.com/stellenangebote-in-deutschland?overlay=RA+-+Construction+-+MUC+-+Hellert","Eversheds Sutherland","","dom","2026-06-02","2026-06-02"
"Rechtsanwalt (m/w/d) mit Berufserfahrung - Versicherungsrecht - Düsseldorf, Frankfurt, Hamburg oder München","https://ezine.eversheds-sutherland.com/stellenangebote-in-deutschland?overlay=RA+-+Versicherungsrecht+-+all+offices","Eversheds Sutherland","","dom","2026-06-02","2026-06-02"
"Rechtsanwalt (m/w/d) mit oder ohne Berufserfahrung - Employment & Pensions - Hamburg","https://ezine.eversheds-sutherland.com/stellenangebote-in-deutschland?overlay=Rechtsanwalt+%28m%2Fw%2Fd%29+mit+oder+ohne+Berufserfahrungf%C3%BCr+den+Bereich+Employment+&+Pensions=","Eversheds Sutherland","","dom","2026-06-02","2026-06-02"
"Referendar (m/w/d) in Großkanzlei und globalen Unternehmen (in Kooperation mit ADM) - Hamburg","https://ezine.eversheds-sutherland.com/stellenangebote-in-deutschland?overlay=Ref+ES+&+ADM=","Eversheds Sutherland","","dom","2026-06-02","2026-06-02"
"Referendar (m/w/d) in Anwalts- oder Wahlstation - Employment - München, Düsseldorf, Hamburg oder Frankfurt","https://ezine.eversheds-sutherland.com/stellenangebote-in-deutschland?overlay=Ref+Employment","Eversheds Sutherland","","dom","2026-06-02","2026-06-02"
"Referendar (m/w/d) in Anwalts- oder Wahlstation - Commercial IP - München oder Frankfurt","https://ezine.eversheds-sutherland.com/stellenangebote-in-deutschland?overlay=Ref+Commercial+IP","Eversheds Sutherland","","dom","2026-06-02","2026-06-02"
"Referendar (m/w/d) in Anwalts- oder Wahlstation - Litigation & Dispute Resolution - München","https://ezine.eversheds-sutherland.com/stellenangebote-in-deutschland?overlay=Ref+Litigation","Eversheds Sutherland","","dom","2026-06-02","2026-06-02"
"Referendar (m/w/d) in Anwalts- oder Wahlstation - Real Estate - München, Frankfurt oder Düsseldorf","https://ezine.eversheds-sutherland.com/stellenangebote-in-deutschland?overlay=Ref+Real+Estate+MUC%2C+FRA+&+DUS=","Eversheds Sutherland","","dom","2026-06-02","2026-06-02"
"Referendar (m/w/d) in Anwalts- oder Wahlstation - Corporate/M&A - Frankfurt, Hamburg oder München","https://ezine.eversheds-sutherland.com/stellenangebote-in-deutschland?overlay=Ref+Corporate","Eversheds Sutherland","","dom","2026-06-02","2026-06-02"
"Referendar (m/w/d) in Anwalts- oder Wahlstation - Data, Privacy, Cybersecurity and Technology - München","https://ezine.eversheds-sutherland.com/stellenangebote-in-deutschland?overlay=Ref+Datenschutz","Eversheds Sutherland","","dom","2026-06-02","2026-06-02"
"Referendar (m/w/d) in Anwalts- oder Wahlstation - Banking and Finance - Frankfurt","https://ezine.eversheds-sutherland.com/stellenangebote-in-deutschland?overlay=Ref+Banking","Eversheds Sutherland","","dom","2026-06-02","2026-06-02"
"Wissenschaftlicher Mitarbeiter (m/w/d) - Corporate/M&A - Hamburg oder München","https://ezine.eversheds-sutherland.com/stellenangebote-in-deutschland?overlay=WiMa+Corporate","Eversheds Sutherland","","dom","2026-06-02","2026-06-02"
"Wissenschaftlicher Mitarbeiter (m/w/d) - Commercial IP - München","https://ezine.eversheds-sutherland.com/stellenangebote-in-deutschland?overlay=WiMa+Commercial+IP","Eversheds Sutherland","","dom","2026-06-02","2026-06-02"
"Wissenschaftlicher Mitarbeiter (m/w/d) - Litigation & Dispute Resolution - München","https://ezine.eversheds-sutherland.com/stellenangebote-in-deutschland?overlay=WiMa+Litigation","Eversheds Sutherland","","dom","2026-06-02","2026-06-02"
"Wissenschaftlicher Mitarbeiter (m/w/d) - Data, Privacy, Cybersecurity and Technology - München","https://ezine.eversheds-sutherland.com/stellenangebote-in-deutschland?overlay=WiMa+Datenschutz","Eversheds Sutherland","","dom","2026-06-02","2026-06-02"
"Wissenschaftlicher Mitarbeiter (m/w/d) - Real Estate - München oder Frankfurt","https://ezine.eversheds-sutherland.com/stellenangebote-in-deutschland?overlay=wiMa+Real+Estate+MUC+&+FRA=","Eversheds Sutherland","","dom","2026-06-02","2026-06-02"
"LIFT OFF Praktikumsprogramm SUMMER TERM 2026 - Düsseldorf","https://ezine.eversheds-sutherland.com/stellenangebote-in-deutschland?overlay=LIFT+OFF+DUS","Eversheds Sutherland","","dom","2026-06-02","2026-06-02"
"LIFT OFF Praktikumsprogramm SUMMER TERM 2026 - Frankfurt","https://ezine.eversheds-sutherland.com/stellenangebote-in-deutschland?overlay=LIFT+OFF+FRA","Eversheds Sutherland","","dom","2026-06-02","2026-06-02"
"LIFT OFF Praktikumsprogramm SUMMER TERM 2026 - Hamburg","https://ezine.eversheds-sutherland.com/stellenangebote-in-deutschland?overlay=LIFT+OFF+HAM","Eversheds Sutherland","","dom","2026-06-02","2026-06-02"
"LIFT OFF Praktikumsprogramm SUMMER TERM 2026 - München","https://ezine.eversheds-sutherland.com/stellenangebote-in-deutschland?overlay=LIFT+OFF+MUC","Eversheds Sutherland","","dom","2026-06-02","2026-06-02"
"Rechtsanwaltsfachangestellte (m/w/d) - Commercial / IP - München","https://ezine.eversheds-sutherland.com/stellenangebote-in-deutschland?overlay=Rechtsanwaltsfachangestellte+%28m%2Fw%2Fd%29+f%C3%BCr+den+Bereich+Commercial+%2F+IP+-+MUC","Eversheds Sutherland","","dom","2026-06-02","2026-06-02"
"Standort Hamburg VON SCHULTZ Rechtsanwälte Harvestehuder Weg 23 20149 Hamburg T +49 40 41 42 99-0 E hamburg(at)cbh.de","https://www.cbh.de/ihre-karriere-bei-cbh-rechtsanwaelte","CBH Rechtsanwälte","","dom","2026-06-02","2026-06-02"
"CBH Rechtsanwälte - Ihr kompetenter ESG Partner weitere Informationen","https://www.cbh.de/esg","CBH Rechtsanwälte","","dom","2026-06-02","2026-06-02"
"Rechtsanwältin & Rechtsanwalt","https://www.cbh.de/karriere/anwaeltin-anwalt","CBH Rechtsanwälte","","dom","2026-06-02","2026-06-02"
"Rechtsanwalts- fachangestellte / Assistenz","https://www.cbh.de/karriere/rechtsanwaltsfachangestellte","CBH Rechtsanwälte","","dom","2026-06-02","2026-06-02"
"Referendariat & wissenschaftliche Mitarbeit","https://www.cbh.de/karriere/referendariat-wissenschaftliche-mitarbeit","CBH Rechtsanwälte","","dom","2026-06-02","2026-06-02"
"Partnerassistenz / Office-Management München","https://www.cbh.de/karriere/jobangebote/partnerassistenz-office-management","CBH Rechtsanwälte","","dom","2026-06-02","2026-06-02"
"Sachbearbeiter Markenabteilung (m/w/d) Rechtsanwaltsfachangestellte / Assistenz Köln","https://www.cbh.de/karriere/jobangebote/sachbearbeiter-markenabteilung-m-w-d","CBH Rechtsanwälte","","dom","2026-06-02","2026-06-02"
"Rechtsanwalt (m/w/d) Öffentliches Recht / Projektentwicklung / Umweltrecht Anwältin & Anwalt Köln","https://www.cbh.de/karriere/jobangebote/rechtsanwalt-oeffentliches-recht-projektentwicklung-umweltrecht-koeln","CBH Rechtsanwälte","","dom","2026-06-02","2026-06-02"
"Rechtsanwalt (m/w/d) Immobilienwirtschaftsrecht Anwältin & Anwalt Köln","https://www.cbh.de/karriere/jobangebote/rechtsanwalt-m-w-d-immobilienrecht","CBH Rechtsanwälte","","dom","2026-06-02","2026-06-02"
"Markensachbearbeiter (w/m/d) Rechtsanwaltsfachangestellte / Assistenz Köln","https://www.cbh.de/karriere/jobangebote/markensachbearbeiter-w-m-d","CBH Rechtsanwälte","","dom","2026-06-02","2026-06-02"
"Rechtsanwaltsfachangestellte / Rechtsfachwirte (m/w/d) Rechtsanwaltsfachangestellte / Assistenz Köln","https://www.cbh.de/karriere/jobangebote/rechtsanwaltsfachangestellte-rechtsfachwirte-m-w-d-koeln","CBH Rechtsanwälte","","dom","2026-06-02","2026-06-02"
"Rechtsanwalt (m/w/d) Gewerblicher Rechtsschutz / IP Anwältin & Anwalt Hamburg","https://www.cbh.de/karriere/jobangebote/rechtsanwalt-m-w-d-gewerblicher-rechtsschutz-ip","CBH Rechtsanwälte","","dom","2026-06-02","2026-06-02"
"Wissenschaftliche Mitarbeitende mit Schwerpunkt Patentrecht Referendariat & wissenschaftliche Mitarbeit Köln","https://www.cbh.de/karriere/jobangebote/referendare-und-wissmits","CBH Rechtsanwälte","","dom","2026-06-02","2026-06-02"
"CONNECT Find a lawyer Alumni Contact us","https://www.freshfields.com/en/find-a-lawyer","Freshfields","Search","dom","2026-06-02","2026-06-02"
"+2,800 lawyers","https://www.freshfields.com/en/your-career","Freshfields","Show More","dom","2026-06-02","2026-06-02"
"Catrin Kunkel, Manager Legal Operations & Legal Tech","https://www.gleisslutz.com/de/karriere","Gleiss Lutz","","dom","2026-06-02","2026-06-02"
"Legal Assistants Mehr erfahren","https://www.gleisslutz.com/de/legal-assistants","Gleiss Lutz","","dom","2026-06-02","2026-06-02"
"Legal Tech Künstliche Intelligenz Interview Teamspirit KI im Kanzleialltag Marc Geiger, Director Legal Operations & Business Technologies Catrin Kunkel, Manager Legal Operations & Legal Tech","https://www.gleisslutz.com/de/ki-im-kanzleialltag","Gleiss Lutz","","dom","2026-06-02","2026-06-02"
"Locations Footer Standorte Berlin Düsseldorf Frankfurt Hamburg München Stuttgart Brüssel London English Deutsch Footer Alumni Kontakt Impressum Datenschutz Mitarbeiterportal","https://www.gleisslutz.com/de/standorte","Gleiss Lutz","","dom","2026-06-02","2026-06-02"
"Mitarbeiterportal","https://go.gleisslutz.com/mitarbeiterportal","Gleiss Lutz","","dom","2026-06-02","2026-06-02"
"Essen & Trinken Kaffee, Getränke, frisches Obst und andere Snacks findest Du in all unseren Offices – vielleicht sogar eine Bar! Zudem unterstützen wir Dich mit einem monatlichen Kontingent an digitalen Essensmarken.","https://lupp-partner.com/career","Lupp + Partner","","dom","2026-06-02","2026-06-02"
"DATENSCHUTZERKLÄRUNG NOTARIAT","https://lupp-partner.com/career/privacypolicy-notary","Lupp + Partner","","dom","2026-06-02","2026-06-02"
"Raue Rechtsanwälte","https://raue.com/","Raue","","dom","2026-06-02","2026-06-02"
"Rechtsanwältin / Rechtsanwalt (m/w/d) für unser Team Bau- und Architektenrecht","https://raue.com/karriere/rechtsanwaeltin-rechtsanwalt-m-w-d-fuer-unser-team-bau-und-architektenrecht-2","Raue","","dom","2026-06-02","2026-06-02"
"Rechtsanwaltsfachangestellte/r (m/w/d)","https://raue.com/karriere/rechtsanwaltsfachangestellte-r-m-w-d","Raue","","dom","2026-06-02","2026-06-02"
"Rechtsanwalts- und Notarfachangestellte/r (m/w/d)","https://raue.com/karriere/rechtsanwalts-und-notarfachangestellte-r-m-w-d-2","Raue","","dom","2026-06-02","2026-06-02"
"Notariatsmitarbeiter/in (m/w/d)","https://raue.com/karriere/notariatsmitarbeiter-in-m-w-d","Raue","","dom","2026-06-02","2026-06-02"
"Ausbildung als Notarfachangestellte/r (m/w/d)","https://raue.com/karriere/ausbildung-notarfachangestellter-m-w-d","Raue","","dom","2026-06-02","2026-06-02"
"Ausbildung als Rechtsanwalts- und Notarfachangestellte/r (m/w/d)","https://raue.com/karriere/ausbildung-als-rechtsanwalts-und-notarfachangestellte-r-m-w-d","Raue","","dom","2026-06-02","2026-06-02"
"Referendare (m/w/d) und Studierende (m/w/d)","https://raue.com/karriere/referendare-m-w-d-und-studierende","Raue","","dom","2026-06-02","2026-06-02"
"Wissenschaftliche/r Mitarbeiter/in im Steuerrecht (m/w/d)","https://raue.com/karriere/wissenschaftliche-r-mitarbeiter-in-m-w-d","Raue","","dom","2026-06-02","2026-06-02"
"Anwälte Kompetenzen Veranstaltungen Nachrichten Karriere Infoportal EN","https://kapellmann.de/de","Kapellmann und Partner Rechtsanwälte mbB","Düsseldorf","dom","2026-06-02","2026-06-02"
"Anwälte Veranstaltungen Nachrichten Publikationen Über Kapellmann Nachhaltigkeit Kapellmann | Akademie Kapellmann | Infoportal","https://kapellmann.de/de/anwaelte","Kapellmann und Partner Rechtsanwälte mbB","","dom","2026-06-02","2026-06-02"
"© Kapellmann und Partner Rechtsanwälte mbB","https://kapellmann.de/de/karriere","Kapellmann und Partner Rechtsanwälte mbB","Düsseldorf","dom","2026-06-02","2026-06-02"
"anwaltwerden.de","https://www.anwaltwerden.de/","Kapellmann und Partner Rechtsanwälte mbB","Düsseldorf","dom","2026-06-02","2026-06-02"
"Notariat","https://kapellmann.de/de/kompetenzen/notariat","Kapellmann und Partner Rechtsanwälte mbB","","dom","2026-06-02","2026-06-02"
"© Kapellmann und Partner Rechtsanwälte mbB","https://de.linkedin.com/company/kapellmann-und-partner-rechtsanw-lte","Kapellmann und Partner Rechtsanwälte mbB","","dom","2026-06-02","2026-06-02"
"SEARCH Lawyers Practices Insights Locations Values Firm News Inclusion Pro Bono Careers PRINT LANGUAGES Deutsch español français português 中文(简体) 中文(繁體) 日本語","https://www.jonesday.com/en","Jones Day","","dom","2026-06-02","2026-06-02"
"Master of MS Office applications;","https://www.jonesday.com/en/careers/locations/germany?tab=opportunities","Jones Day","","dom","2026-06-02","2026-06-02"
"Learn more about training, development and associate life.","https://www.jonesday.com/en/careers/positions/experienced-lawyers","Jones Day","","dom","2026-06-02","2026-06-02"
