kanzlei,url
Kanzlei - Martin Braukmann Rechtsanwalt für Baurecht,https://www.anwalts-allianz.de/
„MICHAEL Rechtsanwälte und Notare“ GbR,https://www.rae-michael.de/
2K Patent,2kpatent.de
3Q|Law Legal Services GmbH,https://www.3q-law.com/
4ip.law,4ip.law
a. hartrodt,hartrodt.com
AAS Rechtsanwälte Rottmann & Coll.,https://www.aas-rottmann.de
Abel und Kollegen Rechtsanwälte PartGmbB,abel-kollegen.de
actlegal-germany.com,actlegal-germany.com
Adam & Adam Rechtsanwälte,https://www.anwalt-adam.de/
Adam Rechtsanwälte,https://adam-rechtsanwaelte.de
Addleshaw Goddard,https://careers.addleshawgoddard.com/jobs/vacancy/find/results/
"ADJULEX Rechtsanwälte & Fachanwälte, HEZEL Rechtsanwälte Partnerschaft mbB",https://www.adjulex-unfall.de/
ADLER & HÄCKER Rechtsanwälte,https://www.rechtsanwalt-annaberg.de/
ADVOCATIA Anwaltskanzlei,https://www.kanzlei-advocatia.de/
advohelp® LAWYERS,https://advohelp.de/
ADVOMEDITAX Berufsausübungsgesellschaft mbH,https://advomeditax.de/
Advos,advos.de
advotec. Patent- und Rechtsanwälte GbR,https://www.advotec.de/advotec.-patent--und-rechtsanw%c3%a4lte-%e2%80%93-stellenangebote.html
AHLS HÖLTING DR. BECKER,https://www.ahls-anwaelte.de/
AHS Rechtsanwälte Dr. Antoni & Haverkamp GbR,https://www.ahs-kanzlei.de/de
aiblingeranwaelte,https://aiblingeranwaelte.de/
AIV - Anwaltliche Interessenvertretung,https://anive.de
Akmaz & Kollegen Anwaltskanzlei,https://recht-akmaz.eu/
Alexander Ermel Fachanwalt für Bank- und Kapitalmarktrecht  Fachanwalt für Versicherungsrecht,https://www.ermel-rechtsanwalt.de/
Alexander Heinze Rechtsanwalt,https://anwaltskanzlei-heinze.de/
Alexander Kessler,https://www.kanzlei-kessler.de/
Alfred L. Rümler Rechtsanwalt,https://www.rechtsanwalt-ruemler.de/
Allen & Overy,https://www.allenovery.com/de-de/germany/careers/germany
Alpan Sagsöz Fachanwalt  für Familienrecht,https://www.bonn-rechtsanwalt.de/
Altenburg,https://altenburg.net/karriere/
AM WALL RECHTSANWÄLTE in Partnerschaft mbB,https://amwall.eu/#karriere
ameleo,https://www.ameleo.com/
Andre Brüggemann Rechtsanwalt,https://www.rechtsanwalt-brueggemann.de/
ANDREÄ & PARTNER Rechtsanwälte,https://rechtsanwalt-wiesbaden.de/#karriere
Andrea Kern Kanzlei Kern Wandsbeker Marktstraße,https://kanzlei-kern.org/
Andreas H. Kittel Rechtsanwalt,https://www.kanzlei-kittel.de/
Andreas Möhle Rechtsanwalt,https://www.rechtsanwalt-moehle.de/
Andreas Wirz Anwaltskanzlei,https://www.ra-wirz.de/
ANGELI | POETZSCH-HEFFTER Rechtsanwälte PartGmbB,aph-kanzlei.de
Anna Friesen Rechtsanwältin,https://www.kanzlei-friesen.de/
Antje Conradt-Noll,https://www.conradt-noll.de/
Antoniadis,antoniadisurerechtsanwaltsgesellschaftmbh.recruitee.com
anwalt-a,https://www.anwalt-a.de/
anwalt-arbeitsrecht24,https://anwalt-arbeitsrecht24.de/frankfurt_arbeitsrecht_rechtsanwalt_in_frankfurt.php
Anwältinnenbüro Kreuzstrasse Rechtsanwälte und Fachanwälte in Bürogemeinschaft,https://anwaeltinnenbuero.de/
Anwaltkanzlei Dr. Prutsch & Schmidt,https://www.kanzlei-prutsch.de/
Anwalts- und Steuerkanzlei Dr. Schwab,https://schwab-ltfi.com/
anwalt-saarburg,https://www.anwalt-saarburg.de/
Anwaltsbüro Meyer-Abich · Elek · Österling in Bürogemeinschaft,https://www.strafverteidiger-stpauli.de/
Anwaltsbüro Schulterblatt 36 -Rechtsanwältin und Rechtsanwälte in Bürogemeinschaft-,anwaltsbuero-s36.de
Anwaltsgemeinschaft David & Kollegen,https://www.david-kollegen.de
"Anwaltsgemeinschaft Sonntag, Schönborn, Golumbeck und Hansmann",https://www.sonntag-kanzlei.de/
"Anwaltskanzlei & Mediationsbüro Ohlig Rechtsanwältin & Mediatorin Nadja Ohlig, LL.M.",https://www.anwaltskanzlei-ohlig.de/
Anwaltskanzlei am Park Sabine Harth-Umsonst Christiane Kleinschmidt,https://www.anwaltskanzlei-am-park.de/
Anwaltskanzlei Benens Rechtsanwältin Maren Benens,https://www.benens.de/
Anwaltskanzlei Brückner,https://www.anwaltskanzlei-brueckner.de
Anwaltskanzlei Christos Pigaris,https://pigaris.com/
"Anwaltskanzlei Daniel Rohmeyer, MLE",https://www.ra-rohmeyer.de/
Anwaltskanzlei Denzinger & Coll,https://www.ra-denzinger.de/
Anwaltskanzlei Dr. Beck GbR - Rechtsanwälte,https://www.anwaltskanzlei-dr-beck.de/
"Anwaltskanzlei Dr. Busch & Kollegen, Rechtsanwälte",https://www.drbusch-koll.de/
Anwaltskanzlei Dr. Limbeck,https://www.patentcreator.de/
ANWALTSKANZLEI DR. MÖRDER & KOLLEGEN,https://www.kanzlei-moerder.de/
"Anwaltskanzlei Feinen, Köln",https://www.rechtsanwalt-feinen.de/
Anwaltskanzlei Franz Obst GbR,https://anwaltskanzlei-obst.de/
Anwaltskanzlei Gründig,https://www.rae-gruendig.de/
Anwaltskanzlei Gudula Leidner,https://www.anwaltskanzlei-gotha.de/
"Anwaltskanzlei Gussone, Lewek, Kenkel",https://www.besenbinderhof60.de/
Anwaltskanzlei Heiko Hecht,https://www.kanzlei-hecht.de/
Anwaltskanzlei Heiko Kratz,https://www.anwaltskanzlei-kratz.de/
Anwaltskanzlei Himmerich,https://www.himmerich-online.de/
Anwaltskanzlei Hitzler – Müller – Lotter PartG mbB & Rechtsanwältin Michaela Hausmann,https://ra-hitzler.de/
Anwaltskanzlei Jan Lohwasser Zwickau | Meerane | Umgebung,https://www.anwaltskanzlei-lohwasser.de/
Anwaltskanzlei Jörg Bühler,https://www.ra-buehler.de/
Anwaltskanzlei Klaus Keil,https://www.kanzlei-keil.de/
ANWALTSKANZLEI KRIEGER Landshut Regensburg Velden,https://www.ra-krieger.de/
Anwaltskanzlei LEXKONNEX,https://lexkonnex.de/
Anwaltskanzlei Marion Schnellbach,https://schnellbach.eu/
"Anwaltskanzlei Markus Matzkeit, Wülfrath",https://matzkeit.de/
Anwaltskanzlei Meyse-Großer,https://meyse-grosser.de/
Anwaltskanzlei Obermaier Rechtsanwalt und Fachanwalt für Sozialrecht Sebastian E. Obermaier,https://www.raobermaier.de/
Anwaltskanzlei Petra Schneider,https://www.anwaeltin-schneider.de/
Anwaltskanzlei Rainer Schons,https://www.schons-rechtsanwalt.de/
"Anwaltskanzlei Rechtsanwälte Beschnidt, Knott und Partner mbB",https://www.rae-bkp.de/index.php/stellenangebote-jobs/
Anwaltskanzlei Riedel GmbH Rechtsanwaltsgesellschaft,https://kanzlei-riedel.de/
Anwaltskanzlei Schuh Rechtsanwältin Eva Schuh,https://kanzlei-schuh.de/
Anwaltskanzlei Schwörer & Partner,https://www.raschwoerer.de/kanzlei.html
Anwaltskanzlei Sonja Steffen,https://www.anwaltskanzlei-stralsund.de/
Anwaltskanzlei Sprenger,https://www.anwaltskanzlei-sprenger.de/
Anwaltskanzlei Stammen-Grote,https://www.stammen-grote.de/
Anwaltskanzlei Stefanie Köhnke Fachanwältin für Familienrecht,https://www.ra-koehnke.de/
Anwaltskanzlei Tanneberg | Fachanwalt für Erbrecht,https://www.anwaltskanzlei-tanneberg.de/
"Anwaltskanzlei Thoma, Dr. Helm & Kollegen",https://www.kanzlei-thoma.de/
Anwaltskanzlei von Rechtsanwalt Niels Otten,https://www.anwalt-otten.de/
Anwaltskanzlei Walter M. Huber,https://www.ra-huber.de/
"Anwaltskanzlei Weber, Dürr, Thull & Koll.",https://www.rechtsanwaelte-weber-duerr-thull.de/
"Anwaltskanzlei Weiß & Partner® Rechtsanwälte, Patentanwalt",https://www.ratgeberrecht.eu/
Anwaltskanzlei Wood,https://www.anwaltskanzleiwood.de/
Anwaltskooperation Dr. Geyer,www.kanzleigeyer.de
"Anwaltssozietät Dr. Laumann, Alfs & Kollegen",https://dr-laumann.de
"Anwaltssozietät Fahr, Groß, Indetzk Rechtsanwälte Fachanwälte",https://www.ra-og.de/
Anwaltssozietät Franken · Grillo · Steinweg,https://www.martinsplatz.de/de
Apraxa eG,https://www.apraxa.de/
Arbeitsrecht Hofsäß & Partner,arbeitsrecht-karlsruhe.de
Arbeitsrechtskanzlei Groll & Partner,https://www.kanzleigroll.de/
Arbeits-und Erbrechtskanzlei Kaya & Dr. Kamper,https://www.dortmund-kanzlei.de/
ARFMANN Rechtsanwälte,arfmann-recht.de
Arnold & Porter,https://www.arnoldporter.com/en/careers
"Arnold Knepper, Rechtsanwalt",https://www.rechtsanwalt-knepper.de/
Ashurst,https://www.ashurst.com/en/careers/
"Asma Hussain-Hämäläinen, LL.M.",https://rechtsanwaeltinhussain.com/
Asmus Scheublein Rechtsanwalts- und Steuerkanzlei,https://www.kanzlei-asmus.de/
Assig Warttinger Trapp,https://www.assig.de/karriere/
Astera Legal,https://astera-legal.com/karriere/
Atlantik Advisors,https://www.atlantik-advisors.de
Attorney Cüneyt gençer & coll,https://gencer-coll.de/en/law-firm/jobs
Attorney Heinrich Schmetkamp,https://www.ra-schmetkamp.de/
Attorney Jörg Dietz,https://anwaeltedirekt-esslingen.de/
Auffermann Vogel Albrecht Partnerschaft von Rechtsanwälten mbB,https://fachanwaelte-strafrecht-potsdamer-platz.de/de/
"Axel W. Rudolph, Rechtsanwalt",https://www.erbrecht.net/
B M S | Rechtsanwälte & Notare,https://www.b-m-s.de/
Babor & Schwend Rechtsanwaltsgesellschaft mit beschränkter Haftung,https://www.kanzlei-gruenwald.de/
"Bachmann, Hansen, Schuhmann & Partner - Partnerschaft mbB Rechtsanwälte",https://www.rae-bachmann-hansen.de/
"Bachmann, Hansen, Schuhmann und Partner Rechtsanwälte, Partnerschaft mit beschränkter Berufshaftung",rae-bachmann-hansen.de
Baedeker & Reimann – Rechtsanwälte,https://www.baedeker-reimann.de/
Baker McKenzie,https://www.bakermckenzie.com/en/careers/job-opportunities?locations=9d411c73-66f8-4454-b15a-e59ab11551f6&reload=false&scroll=0
Barbara Schüller Anwältinnenkanzlei,https://anwaeltinnen-kanzlei.de/
Bärbel Ritter Rechtsanwältin,https://www.anwaltskanzleiritter.de/
BAUER & BRÖCKER Rechtsanwälte Partnerschaft mbB,https://www.rechtsanwaelte-bb.de/
Baum Reiter & Collegen Rechtsanwälte,https://baum-reiter.de/kanzlei/karriere/
Baumann & Baumann,baumann-baumann.de
Baumgärtner Pasemann Ruppert Rechtsanwälte,https://www.juranavigator.de/
beatebahner,https://www.beatebahner.de/
BECKER & JAAP Rechtsanwaltsgesellschaft mbH,https://www.ra-becker-jaap.de/
Becker & Partner,https://www.rabepa.de/
beckmannundnorda,https://www.beckmannundnorda.de/
Behler & Gellissen Rechtsanwälte,https://www.behlergellissen.de/
Behm Becker Schreiter,law-care.de
BEIER Rechtsanwälte Thomas Beier und Sören Beier GbR,https://www.din-anwalt.de/
Beiler Karl Platzbecker und Partner Rechtsanwälte,https://bkpkanzlei.com
Benjamin Graumann Rechtsanwalt,https://anwalt-graumann.de
Benninghoven & Rohleder,https://www.rae-beschasero.de/
Berendsohn Rechtsanwälte in Partnerschaft,https://www.bmrm.de/
Bergemann & Weidner Rechtsanwälte RA Marcus Weidner,https://www.bergemann-weidner.de/
Berger & Coll. Rechtsanwälte Steuerberater Kooperation,https://www.bbc-rechtsanwaelte.de/
Bergers & Partner,www.bergers-partner.de
Bergfeld & Partner Rechtsanwälte Partnerschaftsgesellschaft mbB,bergfeldonline.de
Bernd Kuckenburg,https://kuckenburg-ra-vbp.de/
Bernhard & Dr. Kleuser,https://www.bgk-rechtsanwaelte.de/
Bernhard Schulte,https://www.ra-schulte.net/
"Bernhörster, Kersting & Kollegen Rechtsanwälte, Fachanwälte & Notare",https://revieradvokaten.de/
BERNZEN Rechtsanwälte,bernzen-partner.de
BERNZEN SONNTAG Rechtsanwälte Steuerberater Partnerschaftsgesellschaft mbB i. L.,https://www.msbh.de/
Betten & Resch Patent- und Rechtsanwälte PartGmbB,https://bettenpat.com/de-karriere
Bettina Lesch-Lasaridis,https://kanzlei-lesch.de/
Bird & Bird,twobird.com
Birgitt Lohmanns Rechtsanwältin und Mediatorin,https://www.kanzlei-lohmanns.de/
Bischof & Bischof Rechtsanwälte,https://rae-bischof.de/
"Bischof & Paetow, Rechtsanwälte in Partnerschaft",https://www.bpr-partner.de/
"Björn Gregor, Rechtsanwalt",https://www.kanzlei-gregor.de/
BLATT § KOLLEGEN ist eine Gesellschaft Bürgerlichen Rechts,https://www.kanzlei-blatt.de/
Blecher Rechtsanwälte Notar Fachanwalt,https://anwaltskanzlei-blecher.de/
"Blesinger, Wischermann & Partner, Rechtsanwälte",https://ra-blesinger.de
Blum & Dörfler-Collin Rechtsanwälte Partnerschaft mbB,https://www.kanzlei-bbdc.de/
Bögemann & Partner mbB - Rechtsanwälte & Notarin,https://www.boegemann-partner.de/
bonk - Rechtsanwälte in Hamburg,https://www.bonk-rechtsanwaelte.de/
Bosch Jehle,boschjehle.de
Botsch + Gunther STEUERBERATER- UND RECHTSANWALTSPARTNERSCHAFT mbB,https://www.steuerberater-bayern.de/
bpl Rechtsanwälte Stroot & Kollegen,https://www.bpl-recht.de/
Braun & Zwetkow,https://www.braun-zwetkow.de/
Braun • Venten Rechtsanwälte • Fachanwälte Partnerschaft mbB,https://www.braun-venten.de/
Bregenhorn-Wendland & Partner,med-juris.de
Brennecke Et Collegen,brennecke-kanzlei.de
Brenzel Rechtsanwälte & Steuerberater GmbH Rechtsanwaltsgesellschaft - Steuerberatungsgesellschaft,https://www.brenzel.de/
Brinkhof Advocaten,https://www.brinkhof.com/werkenbijbrinkhof/
"Brockmeier, Faulhaber, Rudolph, PartGmbB Rechtsanwälte & Notare",https://www.rae-brockmeier.de/
Brook Rechtsanwälte,https://www.brook.legal/
BRS Rechtsanwälte AG,https://www.brs-ag.de/karriere.html
BRÜCKNER Rechtsanwaltskanzlei Rechtsanwalt Daniel Brückner,https://www.ra-brueckner.de/
Brügmann Rechtsanwälte,https://www.bruegmann-rechtsanwaelte.de/
BSH Bockholt Steinrücke Heldt PartG mbB,https://www.bsh-kanzlei.de/
BUB MEMMINGER & PARTNER,bubmemmingerpartner.de
BUBB+BUBB Rechtsanwälte PartmbB,https://kanzlei-bubb.de/karriere
Buchert Jacob Peter Rechtsanwälte Partnerschaftsgesellschaft mbB,https://www.dr-buchert.de/
buchheim-partner,https://www.buchheim-partner.de/
Budin,https://www.budin.de
Bühner & Partner Rechtsanwälte,www.buehner-rae.de
Bundesrechtsanwaltskammer,https://bravsearch.bea-brak.de/bravsearch/index.brak
BUNTSCHECK,buntscheck.com
Burghard Fachanwaltskanzlei für Verkehrsrecht,https://www.burghard-anwaelte.de/
Bürogemeinschaft der Rechtsanwälte Volker Godejohann und Thomas Morawiak,https://www.gmm-recht.de/
Buroh & Steinhauer Rechtsanwälte und Fachanwälte,https://www.buroh-steinhauer.de/
Busch Essers Rechtsanwälte Partnerschaft,https://www.busch.pro/
Buschmann & Görgülü GbR Rechtsanwalt Markus Buschmann & Rechtsanwalt Erkan Görgülü,https://new.bsb-kanzlei.de/
Bw Partner Bauer Schatz Hasendeverm,https://www.bw-partner.com/de/karriere/
Canestrini Clark Wiekhorst Rechtsanwälte,www.anwaltskanzlei-cc.de
Carlos Claussen & Partner mbB,https://www.carlos-claussen.de/
Caroline Kistler - Rechtsanwältin,https://www.kanzlei-kistler.de/
Carsten J. Diercks Rechtsanwalt,https://www.diercksrechtsanwalt.de/
CDU Kreisverband Aachen,https://www.cdu-aachen.de/
Chevalier Rechtsanwälte,chevalier.group
"Christian Krug v. Einem, Andreas Achterberg und Andreas Klemt",https://www.krug-achterberg.de/
Christian Mai - Verkehrsrecht + Unfallregulierung,https://kanzlei-mai.de/
Christof Böhmer Rechtsanwalt,https://www.anwalt-boehmer.de/
"Christoph Kallinich, Rechtsanwalt in Gotha (Thüringen)",https://www.rechtsanwalt-kallinich.de/
Christoph Volz Rechtsanwalt,www.volz-kanzlei.de
Christoph Weber Fachanwalt für Strafrecht Rechtsanwalt & Strafverteidiger,https://www.ra-c-weber.de/
Christopher Müller & Kollegen  Rechtsanwaltsgesellschaft mbH,https://www.rechtsanwaelte-kanzlei-mueller.de/karriere/
CHS Rechtsanwälte Fachanwalt für Strafrecht,https://chs-strafrecht.de/
Cibus,https://www.cibus-recht.de
Clayston,https://clayston.com/career.php
Cleary Gottlieb Steen & Hamilton LLP,https://www.clearygottlieb.com/locations/frankfurt/legal-landing-page/job-opportunities-and-application-information
CLLB Rechtsanwälte,cllb.de
Clyde & Co,https://clydeco.wd103.myworkdayjobs.com/clydecocareers
Colbatz & Gall Rechtsanwälte,https://www.kanzlei-colbatz.net/
Collegius Rohlfing Weisensee Oettler Rückemann-Bock PartmbB,https://www.collegius.de/
conrad & partner Steuern | Wirtschaft | Recht,https://www.conrad-offenburg.de/karriere/
Cooley,https://www.cooley.com/careers
Costard Tögel & Partner,https://costard-toegel.de/
Counsel Treuhand,https://www.counsel.de/karriere
Covington & Burling,https://www.cov.com/en/careers/staff/employment-opportunities
Cramer & Laws Notar - Anwaltssozietät,https://www.cramer-laws.de/
Creutzig & Creutzig,https://www.creutzig-law.com
CSP Frankfurt,csp-frankfurt.de
CSR Sturm Rechtsanwaltsgesellschaft mbH,cs-rechtsanwaelte.de
"Curtis, Mallet-Prevost, Colt & Mosle",https://www.curtis.com/our-firm/careers/message-from-the-hiring-partner-careers
DAC Beachcroft,https://jobs.dacbeachcroft.com//
dahasterecht,https://www.dahasterecht.de/
Dahmen-Lösche & Ehm,https://www.praxis-fuer-familienrecht.de/
Damm & Mann,https://damm-mann.de
DANCKELMANN UND KERST Rechtsanwälte Notare,danckelmann-kerst.de
Debevoise & Plimpton LL.P,https://www.debevoise.com/careers
Dechert LLP,https://www.dechert.com/careers.html
Delgmann + Partner Rechtsanwälte – Fachanwälte,https://www.delgmann.de/
der Kanzlei Schröder Kühne & Partner Rechtsanwälte Fachanwälte Notare,https://kanzlei-hb.de/karriere
"Der Sitz von Orrick, Herrington & Sutcliffe LLP",https://www.orrick.com/de-DE/Locations/Germany
"Derra, Meyer & Partner Rechtsanwälte PartG mbB",https://www.derra.eu/karriere/
Deutscher Anwalt­verein (DAV) e. V.,https://anwaltauskunft.de/anwaltssuche/claudia-sebastiani-j8dnw
Dhonau Dickes Welker Rechtsanwälte ∙ Fachanwälte ∙ PartG mbB,https://www.dhonau-dickes.com/startseite.html
"Diana Scharf Rechtsanwältin, Mediatorin",https://www.diana-scharf.de/
Die Kanzlei Kleiner & Kollegen,https://www.kanzlei-khk.com/
"Die Kanzlei Köhne, Kulle & Kollegen Rechtsanwaltsgesellschaft mbH",https://www.kkkk.eu/kanzlei/wir-ueber-uns/
DIERKES & PARTNER Partnerschaftsgesellschaft mbB Wirtschaftsprüfer Steuerberater Rechtsanwälte,https://dierkes-partner.de/
Dietrich Graf Zedtwitz,https://dietrich-grafzedtwitz.com
digital-direkt-steuerkanzlei.de,digital-direkt-steuerkanzlei.de
Dinter Kreißg & Partner - Rechts- und Patentanwaltskanzlei mbB,https://www.dinter-kreissig.de/
Dirk Oelbermann Schnorrenberg • Oelbermann Anwaltskanzlei,https://www.schnorrenberg-oelbermann.de/
"Diwo & Falk Rechtsanwälte, Steuerberater, vereidigte Buchprüfer",https://www.diwo-falk.de/
dka Rechtsanwälte,https://dka-kanzlei.de
DMR Moser Degenhart Ressmann,https://dmr.legal/
DMS Rechtsanwälte,https://dms-strafrecht.de/
Dollinger Partnerschaft mbB Rechtsanwältinnen und Rechtsanwälte,https://www.kanzlei-dollinger.de/
DORNHEIM Rechtsanwälte und Steuerberater,dornheim-partner.de
dorstener-anwaelte,https://dorstener-anwaelte.de/
Döttelbeck Dr. Wemhöner & Partner,https://www.doettelbeck.de/
Döttelbeck Dr. Wemhöner & Partner Rechtsanwälte - Steuerberater,https://www.doettelbeck.de
Dr. Andreas Hiemsch Rechtsanwälte,https://www.hiemsch.com/
DR. ANDRES Rechtsanwaltsgesellschaft mbH,https://www.andresrecht.de/
Dr. Areti Georgiadou,https://kanzlei-georgiadou.de/
Dr. Auracher & kollegen,dr-auracher-rechtsanwalt.de
Dr. Baldauf · Dr. Klumpp & Coll. Rechtanwaltsgesellschaft mbH,https://www.baldauf-klumpp.de/
Dr. Baumgartner & Bender Steuerberatungs-gesellschaft mbH,https://kanzlei-am-marktplatz.de/
Dr. Bernd Nenninger KNP Dr. Nenninger Rechtsanwälte,https://dr-nenninger.de/
"Dr. Blanke, Colshorn Rechtsanwälte und Notare",https://blanke-colshorn.de
Dr. Brandner & Dr. Brandner Rechtsanwälte & Fachanwälte,https://www.drbrandner.de/
Dr. Breulmann · Rechtsanwälte · Fachanwälte · Notar · an der Stadtkirche  -  Startseite,https://www.middendorf-drbreulmann.de/
Dr. Britta Holdorf Rechtsanwältin und Notarin,https://sicher-vererben.de/
Dr. Broll Schmit Kaufmann & Partner,https://bskp.de/karriere/
"DR. CATTIEN & PARTNER mbB Rechtsanwälte, Wirtschaftsprüfer, Steuerberater",https://www.cattien-pp.de/
Dr. Conring & Kollegen,https://www.anwaelte-weener.de/
Dr. Dälken Rechtsanwälte,https://www.daelken.com/
Dr. Felber - Rechtsanwältin und Fachanwältin in Straubing,https://www.kanzlei-felber.de/
Dr. Fischer Rechtsanwälte PartG mbB,https://rechtsanwaelte-passau.de/
"Dr. Fischer, Wilhelm & Partner Steuerberater Wirtschaftsprüfer PartG mbB",https://www.f-w-p.com/
Dr. Gacek Rechtsanwältin,https://www.kanzlei-dr-gacek.de/
DR. GOTTSCHALK • HIENSTORFER • WILCKEN & PARTNER,https://ghs-anwaelte.de/
Dr. Grober Jentzsch Rechtsanwälte GbR,https://www.grober-jentzsch.de/de
Dr. Günter HuberLaw firm Dr. Huber & colleagues,https://www.anwalt-freiburg.de/
Dr. Heinrich Gross Rechtsanwaltskanzlei,https://www.rae-dr-gross.de/
"Dr. Henf & Partner Rechtsanwälte, Partnerschaftsgesellschaft",https://www.henf.de/
Dr. Hofer & Hofer Steuerberater und Rechtsanwalt,https://www.dr-hofer.com/
Dr. Hörnschemeyer Partnerschaft von Rechtsanwälten mbB I Notarin,https://www.dr-hoernschemeyer.de/karriere/
Dr. Jobst Rechtsanwaltsgesellschaft mbH,https://kanzlei-jobst.de/startseite.html
Dr. Jörg Wegner | Rechtsanwalt,https://www.anwalt-dr-wegner.de/
Dr. Jur. Klaus T. Renaud,https://rechtsanwalt-dr-renaud.de/
Dr. Kai Hart-Hönig,hart-hoenig.de
Dr. Katharina Kunz Rechtsanwält Und Markus Pohle Rechtsanwalt,https://kp-law.de/
Dr. Kaumanns Rechtsanwälte,https://www.anwaelte-kaumanns.de/
Dr. Kay Krüger Kanzlei Dr. Krüger,https://kanzlei-dr-krueger.de/
Dr. Klein Dr.Monstemann-+ Partner,https://internationalessteuerrecht.com
Dr. Kleinehr und Thiele,drkleinehr.de
Dr. Krause & Kollegen,https://www.kanzlei-dr-krause.de/
"Dr. Kulitz, Nittmann, Andree,Fischer Rechtsanwaltskanzlei",www.kanzlei-kulitz.de
Dr. Kunzmann & Derkorn Fachanwälte für Arbeitsrecht & Sozialrecht,https://www.drkup.de/
Dr. Lehnen & Sinnig Rechtsanwälte PartG mbB,https://www.lehnen-sinnig.de
Dr. Löhr & Kollegen Rechtsanwaltsgesellschaft mbH,https://www.loehrundkollegen.de/kanzlei/
Dr. Martens und Collegen  Rechtsanwälte. Fachanwälte. Notar,https://www.martens-collegen.de/
Dr. Möller - Thompson - Kruse GbR Rechtsanwälte und Notare,https://www.mtk-kanzlei.de/
Dr. Müller-Jena & Eva Müller-Jena Gesellschaft bürgerlichen Rechts,https://rechtsanwalt-mueller-jena.de/
Dr. Nietsch & Kroll Rechtsanwälte,https://nkr-hamburg.de/
Dr. Ouart & Collegen Rechtsanwaltsgesellschaft m.b.H.,https://ouart.de/
Dr. Philipp Müller und Dr. Marcus Leinenweber,mnotare.de
Dr. Puplick&Partner mbB Rechtsanwälte,puplick-partner.de
Dr. Reichert & Kollegen - Rechtsanwälte Bühl,https://www.reichert-recht.de/
Dr. Riemer,dr-riemer.de
Dr. Sebastian Cramer,https://www.arzthaftung-cramer.de/
Dr. Späth & Partner Rechtsanwälte mbB,https://www.dr-spaeth.com/
Dr. Stoll & Sauer Rechtsanwaltsgesellschaft mbH,https://www.dr-stoll-kollegen.de/kanzlei/stellenangebote-bei-dr-stoll-sauer
Dr. Stoll & Sauer Rechtsanwaltsgesellschaft mbH,https://www.dr-stoll-kollegen.de/
Dr. Thomas von Plehwe,https://www.plehwe-bgh.com
Dr. Toepper ∙ Martin ∙ Martin Rechtsanwälte und Notare a.D,https://rae-martin.de/
Dr. Vachek Rechtsanwälte,https://www.kanzlei-vachek.de/
Dr. Velke,https://www.kanzlei-velke.de/
Dr. Zick Rechtsanwaltsgesellschaft mbH,https://www.kanzlei-dr-zick.de/
Dr. Zundel & Koll. Rechtsanwälte,https://www.rae-dr-zundel.de/
DR. ZWANZIGER & COLLEGEN GbR,https://www.ra-zwanziger-coll.de/
Dr.Pfennig & Wabbel und Partner,https://bs-law.de
dringenberg.biz,https://www.dringenberg.biz/
drwachsmuth,https://www.drwachsmuth.com/
dtb Decker + Schmidt-Thomé,https://dtb.eu
Dufner Rechtsanwälte,https://www.dufner-rechtsanwaelte.de/
DWF Germany,https://apply.dwfgroup.com/careers-home/jobs
DWP Rechtsanwaltsgesellschaft mbH,https://www.dwp-rag.net/
echtsanwälte Dr. Koch Dorobek & Kollegen,https://www.dorobek-legal.de/
"EHLERS, EHLERS & PARTNER RECHTSANWALTSGESELLSCHAFT MBB",https://ehlers-ehlers-und-partner.de/stellenangebote/
EHZ Rechtsanwalte,https://www.rae-ehz.de
Eifler Grandpierre Weber,https://www.egw-law.de/karriere/
elc-law,https://www.elc-law.de/en/home/#karriere
Elisabeth Wintergerst Rechtsanwaltin,https://www.rechtsquellen.de/
Elsässer,https://www.elsaesser.co/
else.schwarz Rechtsanwälte Partnerschaft,https://www.else-schwarz.de/
Engel & Rinkler,https://www.bgh.lawyer/
ENSENBACH Rechtsanwälte,https://ensenbach-rechtsanwaelte.de/karriere
EQZ Rechtsanwälte,https://www.e-q-z.de/
ERLBURG Rechtsanwaltsgesellschaft mbH,erlburg.law
Esch Bahner Lisch,https://eschbahnerlisch.de
ETL HATAX GmbH Steuerberatungsgesellschaft,https://www.hatax.de/karriere/
EurAA-Anwälte für Arbeitnehmer-Rechtsanwaltsgesellschaft mbH,https://ra-barone.de
Ewald & Rössing,ewaldroessing.de
Fachanwalt für Familienrecht RUPPRECHT,https://anwalt-in-do.de/
Fachanwalt für Strafrecht | Strafrechtskanzlei,https://www.strafrechtsberatung.de/
Fachanwälte Engelhardt,https://www.fa-engelhardt.de/
Fachanwälte für Strafrecht am Potsdamer Platz,https://fachanwaelte-strafrecht-potsdamer-platz.de/de/karriere
fachanwalt-pohl,https://www.fachanwalt-pohl.de/
"FACHANWALTSKANZLEI HUBEL, KLOPFER, SCHWARZ",https://www.fachanwaelte-aalen.de/
Fachkanzlei Brielmaier & Quilisch,https://renoka.de/
FALKENSTEIN Rechtsanwälte,https://www.kanzlei-falkenstein.de/
"Färber, Kapp & Schwab Steuerberater / Rechtsanwälte",https://faerber-kapp-schwab.de/
Faust Gerber Haines,https://www.notare-amgrueneburgpark.de/index.php/de/
FEBMANN & GLATTHAAR RECHTSANWÄLTE,https://www.fessmann-glatthaar.de/
Finnegan Henderson Farabow Garrett & Dunner,finnegan.com
fluck-vonroemer,https://fluck-vonroemer.de/
Föhr Emrich Fachanwälte,https://www.foehremrich.de/
Forster Und Witt,https://www.rechtsanwalt-traunstein.de/
Frahm Kuckuk Arbeitsrecht,fk.legal
Frank Baranowski Rechtsanwalt in Siegen,https://www.kanzlei-baranowski.de/
Frank Kretzschmar Rechtsanwalt,https://www.frank-kretzschmar-rechtsanwalt.de/
Franßen & Nusser,https://fn.legal/de/karriere/
Franzmann Geilen Brückmann,https://www.arbeitnehmer-kanzlei.de/referendariat.html
Frau Rechtsanwältin Martina Osterwald,https://www.rechtsanwaltskanzlei-osterwald.de/
Freier & Götz Rechtsanwälte,https://www.freier-goetz.de/
"Frenz, Leng-Frenz und Hashagen & Hoppe Rechtsanwälte PartG mbB",https://www.kanzlei-brake.de/
Freshfields,https://freshfields.wd3.myworkdayjobs.com/FBD_101
Freyschmidt Frings Pananis Venn,https://www.verteidiger-in-strafsachen.de
FRH | Fink Rinckens Heerma,https://www.frh-recht.de/
FRH Fink Rinckens Heerma,https://www.frh-recht.de/stellenanzeigen
Friedrich Löffel Rechtsanwalt,https://www.loeffel-rechtsanwaelte.de/
frietzsche rechtsanwälte fachanwalt für arbeitsrecht & erbrecht,https://www.frietzsche.com/
Frings & Höhne Rechtsanwälte in Bautzen und Dresden,https://frings-hoehne.de/
Frings Partners,https://fringspartners.de
FROBENIUS-FOISNER-HOLZEIS Steuerberatungsgesellschaft mbH,https://www.frobenius.de/
FROEHLICH Rechtsanwälte Insolvenzverwalter Steuerberater,https://froehlich-rae.de/
Fromm F. M. P,https://www.fmp-recht.de/karriere/
FRP Rechtsanwälte Fischer Roloff + Partner Partnerschaftsgesellschaft mbB,https://fr-p.de/kanzlei#karriere
fr-p-leverkusen,https://fr-p-leverkusen.de/
GAEDE Rechtsanwälte Fachanwälte,https://www.gaede-lawyers.de/
Gantenberg,https://gantenberg.legal/
Geitz . Rienecker Rechtsanwälte,https://www.geitz-rienecker.de
Geko Consultings Gesundheitsschutz und Konfliktintervention,https://www.gekoconsultings.de/
Georg GmbH Breitscheid,https://www.georg.de/unsere-offenen-stellen-in-breitscheid/
Geraats & Kollegen,https://geraats.de/
Gerns & Partner,https://www.gerns.eu
Gerstberger - Produkte & Recht,https://www.productsandlaw.de
GG Rechtsanwälte,https://www.gganwaelte.de/
Gierschmann,https://gierschmann.com/team/
Giese & Windus & Schmaler Rechtsanwälte,https://giese-rae.de/
GKD RECHTSANWÄLTE Stagat Doubleday PartG mbB,https://www.gkd-rechtsanwaelte.de/
gkn Gräfe Klümpen-Neusel,https://gkn-partner.de/karriere/
GLAWE DELFS MOLL,https://www.glawe.de/jobs/
Gleiss Große Schrell und Partner mbB,gleiss-grosse.com
Gödel & Collegen Rechtsanwälte,https://rechtsanwalt-in-chemnitz.de/
Goldenstein Rechtsanwälte,https://www.ra-goldenstein.de/jobs/
golzer,https://www.golzer.com/
Goodarzi & Polster Rechtsanwälte,www.goodarzi-polster.com
"Göritz Hornung Imgrund, Rechtsanwälte - Partnerschaftsgesellschaft",https://www.ghi-rechtsanwaelte.de/
Götz & Partner Rechtsanwaltskanzlei,kanzlei-friedberg.de
Götze,http://www.goetze.net/
Götz-Werner v. Fromberg Rechtsanwalt · Notar a. D.,https://www.fromberg.de/
Graf & Partner Rechtsanwälte PartG mbB,https://www.grafpartner.com/
Grant Thornton AG,https://www.grantthornton.de/karriere/
"Greenberg Traurig, LLP",https://gtlaw.wd1.myworkdayjobs.com/GTLAW
Greenfield,https://www.greenfield-ip.com/karriere/
GREEVE Rechtsanwälte Partnerschaftsgesellschaft mbB,greeve.de
Gréus Rechtsanwälte PartG mbB,https://greus.de/karriere/
Grimm Rechtsanwälte,https://www.grimm-rechtsanwaelte.de/
Gröning & Dr. Krause,https://www.kanzlei-groening-krause.de/
GrothmannGeiser,www.grothmanngeiser.de
Grugel + Kiefer Rechtsanwälte,https://www.grugel-kiefer.de/
GRUNDSTEIN & THIEME RECHTSANWÄLTE NOTARIN FACHANWÄLTE FÜR ARBEITSRECHT,https://www.grundstein-thieme.de/
GRUNDWERK Legal,grundwerk.legal
GTW Rechtsanwälte,https://g-t-w.com/jobs/
"Gubitz und Partner, Partnerschaftsgesellschaft",https://gubitz-partner.de/
GUGGENBERGER & PHILIPP Rechtsanwälte,https://www.guggenberger-philipp.de/
Günther & Simon Rechtsanwält Gernot Simon,https://www.rechtsanwalt-teltow-kleinmachnow.de/
Gutsche & Dewald | Rechtsanwälte+ Fachanwälte,https://www.anwalt-gutsche-dewald.de/
Gütt Olk Feldhaus,https://www.gof-partner.com/karriere
"GVP Rechtsanwälte, Bremen",gvp-ra.de
Hackendahl Rechtsanwälte GbR,https://www.anwalt-hackendahl.de/
Hafner Aurich Rechtsanwälte,https://www.hafner-aurich.de/
Hahn und Partner,hahnundpartner.de
HAJDA I KADEN I PARTNER,https://www.hkp-recht.de/
Haldenwang Rechtsanwälte,https://haldenwangrae.de/
Halle Crimmitschau Kecke Rechtsanwalte,https://www.recht-vertraut.de/
HammPartner,https://www.hamm-kempf.de
Hanefeld,https://www.hanefeld-legal.com/de
Hanken • Meyer & Partner,https://xn--rechtsanwlte-hanken-owb.de/
hannebohm.kollegen. anwaltskompetenz in immobilie.wirtschaft.steuern,https://anwalts-kompetenz.de/
hansarecht,https://www.hansarecht.de/
Hans-Jörg Briest Rechtsanwalt,https://www.ra-briest.de/
Harmsen Utescher Rechtsanwalts- und Patentanwaltspartnerschaft mbB,https://www.harmsen.utescher.com/karriere/karriere-bei-harmsen-utescher/
HARNISCHMACHER LÖER WENSING PartG mbB,https://www.hlw-muenster.de/karriere-muenster/
Hartmann Gallus & Partner Rechtsanwälte Partnerschaftschaftsgesellschaft mit beschränkter Berufshaftung (mbB).,https://kanzlei-hgp.de/karriere
Hattig und Dr. Leupolt Rechtsanwälte,https://www.hattig-leupolt.de/
Hauck Patent- und Rechtsanwälte PartmbB,www.hauck-patent.de
Haus & Grund Darmstadt e.V.,https://www.hug-da.de/
Heberling & Kollegen Rechtsanwälte,https://www.heberling-kollegen.de/
"Heidecke, Schulz & Partner Rechtsanwälte",https://www.heidecke-partner.de/rechtsanwaelte/karriere.html
Heidemann & Küthe,www.heidemann-kuethe.de
Heindl Rechtsanwälte – Strafverteidiger,https://www.heindl-strafrecht.de/
Heinemann & Partner,heinemann-partner.de
Heinicke Burghardt Rechtsanwälte,https://heinicke.com/
HEINSEN Rechtsanwälte,https://kanzlei-heinsen.de/
Heinz & Zagrosek,https://hz-partner.com
"Heldt | Zülch Rechtsanwälte, Partnerschaftsgesellschaft",https://www.heldt-zuelch.de/
Helge Petersen & Collegen,https://www.kapitalmarktrecht-kanzlei-petersen.de
Helmke - Rechtsanwälte Steuerberater Patentanwalt - Partnerschaftsgesellschaft,https://helmke-hamburg.de
Herausgeber Marc-Torsten Canestrini + Garret Clark + Agathe Wiekhorst,https://www.anwaltskanzlei-cc.de/
Herbert Dohm - Attorney,https://www.dohm-haye.de/
Herbert Smith Freehills,https://careers.herbertsmithfreehills.com/global/de/germany/search-results
hering-rechtsanwalt.de,hering-rechtsanwalt.de
HERKERT | SCHULZ | FRICK Rechtsanwälte Steuerberater,https://www.hsf-rechtundsteuern.de/
Hermanns Wagner Brück,https://dr-hermanns.de
Herr Rechtsanwalt Jens Hugenschmidt,https://www.kanzlei-im-rebland.de/
Herr Rechtsanwalt Michael Huber,https://www.bwh-kanzlei.de/
Herr Rechtsanwalt und Notar a.D. Fritz-Martin Przytulla LL.M.,https://www.przytulla.de/
herrmann-mey,https://www.herrmann-mey.de/
herrnsdorf,https://www.herrnsdorf.com/
Herzog  & Linz Rechtsanwälte,https://herzog-linz.de/
Hess & Collegen,https://www.hess-collegen.de/
HEUBLEIN Rechtsanwälte,https://heublein.eu
Heuer Busch & Partner,https://hbp-rechtsanwaelte.de/sozietaet/karriere/
"Heuer, Finck & Kollegen | Steuerberater",https://heuer-finck.de/
Heuser & Mannel Rechtsanwälte GbR,https://www.hemateam.de/
Heymann & Partner Rechtsanwälte mbB,http://heylaw.de
Hieronimi Rechtsanwälte,https://kanzlei-hieronimi.de/
Hilbert | Kampf | Sgumin | Rechtsanwälte Partnerschaft,https://www.hilbert-kampf.de/
Hirt + Teufel Rechtsanwaltsgesellschaft mbH,https://www.hirt-teufel.de/karriere/
HIRTES » Anwälte für Arbeitsrecht,https://www.kafar.de/
HKW Rechtsanwälte GbR,https://www.hkw-anwaelte.de/
Höch und Partner,hoech-partner.de
Hogan Lovells,https://hoganlovells.wd3.myworkdayjobs.com/Search
Hohmann,https://hohmann-rechtsanwaelte.de/stellenanzeigen.html
Holger Duske Rechtsanwalt u. Notar,https://www.rechtsanwalt-kaltenkirchen.de/
Holger Hopperdietzel Rechtsanwalt,https://www.advocatur.de/
holzer-goldmann,https://www.holzer-goldmann.de/
Holztrattner / Schmid Anwaltskanzlei,https://holztrattner-schmid.de/home/karriere
HORBAS Rechtsanwälte,https://www.horbas.de/
Hörnlein Rechtsanwälte,https://hoernlein-rae.de/
Hörz Rilling Rechtsanwälte,https://www.hoerz-rilling.de/
HPK Recht GbR,https://www.hpk-recht.de/
HSP Rechtsanwälte Schmidt-Perlinger & Schmitz GbR,https://www.hsp-anwaelte.de/jobs/
Hufschmidt Rechtsanwälte Rechtsanwälte und Mediatoren,https://hufschmidt-kanzlei.de/
hullerum,https://www.hullerum.de/
HÜMMERICH legal Rechtsanwälte in Partnerschaft mbB,https://www.huemmerich-legal.de/karriere/
Hünemohr & Dornbusch-Hünemohr Rechtsanwälte,https://rae-wiesbaden.de/
Hüttebräuker,https://huettebraeuker-law.de
hvkrueger,https://www.hvkrueger.de/
Idselis & Meyer Strafverteidiger | Rechtsanwälte in Bürogemeinschaft,https://www.bernd-idselis.de/
Ignor & Partner,https://www.ignor-partner.de
Ihrig & Anderson,https://www.ihrig-anderson.com/
ilp-legal.de,ilp-legal.de
Impressum Rechtsanwaltskanzlei Andreas Hoyer,https://www.rechtsanwalt-hoyer.com/
imrecht.com Rechtsanwalt Riad Khalil Hassanain,https://imrecht.com/
Ines Hodl Rechtsanwältin,https://www.rechtsanwaeltin-hodl.de/
INES SCHWARZ Rechtsanwältin Fachanwältin für Familienrecht,https://www.inesschwarz.de/
"Inge Horstkötter, Rechtsanwältin",https://rain-horstkoetter.de/
Iñigo Schmitt-Reinholtz Rechtsanwalt,https://www.kanzlei4you.de/
inso-rosenauer,https://www.inso-rosenauer.de/
Irle Moser,https://www.irlemoser.com/de/#recruitment
IRLE MOSER,https://www.irlemoser.com/
iSP Global Tax,https://www.ispglobaltax.com/de/
Jacobsen + Confurius,https://www.jacobsen-confurius.de/
Jakob & Klein Law Firm,https://www.jakob-klein.de/
Jan Hustedt Rechtsanwalt und Notar,https://www.rechtsanwalt-hustedt.de/
Janssen & Staudacher Rechtsanwälte Partnerschaft mbB,https://www.rechtsanwalt-partner.de/
Javitz & Spandau Rechtsanwälte,https://rechtsanwaelte-js.de/
Jens Budde Rechtsanwalt,https://www.ra-budde.de/
Jens Kirchner Prof. Thomas Reich,https://www.notare-kirchner-reich.de/mitarbeiter.html
Jentsch Rechtanwälte,https://www.aufenthaltsrecht.net/
Joachim Henningsen und Lutz Wesch GbR,https://www.renohw.de/
Jochen Hörner Rechtsanwalt,https://www.ra-hoerner.de/
JOHLKE NIETHAMMER & PARTNER Insolvenzverwalter Rechtsanwälte Wirtschaftsprüfer Steuerberater Partnerschaftsgesellschaft mbB,https://jnp.de/karriere/
Jörg Krug Rechtsanwalt Jörg Krug,https://kanzlei-krug.de/
Jörg Putzar Jürging Örkün Putzar Rechtsanwälte Partnerschaft,https://www.anwaelte-joep.de/
Jörg Salzwedel Kanzlei Salzwedel,https://www.ra-salzwedel.de/
Juconomy,https://www.juconomy.de/aktuelles/
Jung & Schleicher,https://www.js-law.de/karriere.html
Jur. Doreen Fichtner-Günz Rechtsanwältin,https://www.kanzlei-fg.de/
JURE Rechtsanwälte PartGmbB,https://www.jure.de/
Jürgen Lucas Rechtsanwalt und Fachanwalt,https://www.kanzlei-avm.de/
JuS Rechtsanwälte Schloms und Partner,jus-kanzlei.de
Justem,https://www.justem.de/karriere/
Kaesler I Neuhaus I von Kietzell Rechtsanwälte in Partnerschaft mbB,https://www.kaesler.eu/karriere.html
Kalker & Fahnster GbR Steuerberatungs- und Rechtsanwaltsozietät,https://www.k-f.eu/
Kaltwasser,https://kcsf.de/Karriere
Kanzlei,rechtsanwalt-bruegmann.de
Kanzlei & Coaching Dufeu,https://www.dufeu.de/
Kanzlei / Rechtsanwälte - Köther und Schmitt in Schwerte,https://www.rae-koether.com/
Kanzlei /spalckhaver /keuneke /baum,skb-legal.de
KANZLEI ■ DR.MÜLLER Kanzlei für Medizinrecht,https://www.drmuellerlaw.de/
Kanzlei Altun,https://altun.de/start.html
Kanzlei am Bleeck Uellendahl | Ralfs | Teufert,https://www.kanzlei-am-bleeck.de/
Kanzlei am Park Kanzlei für Familien- und Erbrecht,https://www.kanzleiampark.de/
KANZLEI AM PRINZIPALMARKT,https://www.kanzlei-am-prinzipalmarkt.de/
Kanzlei Am Rossmarkt,kanzlei-am-rossmarkt.de
"Kanzlei am Stadtgraben Haböck & Diem, Rechtsanwälte",https://www.ra-haboeck.de/
Kanzlei Antonius,https://www.kanzlei-antonius.de/
Kanzlei Arno Saathoff,https://www.rechtsanwalt-saathoff.de/
Kanzlei Bayer-Romeiser - Anwaltskanzlei in Bad Fallingbostel und Schneverdingen,https://www.bayer-romeiser.de/
Kanzlei Binder-Sedlacek,https://www.kanzlei-binder-sedlacek.de/
Kanzlei Blessing und Berweck,https://www.berweck.de
Kanzlei Brehm,https://www.kanzleibrehm.de/
Kanzlei Bremer & Collegen,https://www.rae-peine.de/
Kanzlei Dr. Ackermann,https://www.kanzleiackermann.de/kanzlei/karriere/
Kanzlei Dr. Böhm,https://arbeitsrechtskanzlei.eu/
Kanzlei Dr. Claudia Erk,https://kanzlei-erk.de/
Kanzlei Dr. Ehlers,https://www.kanzlei-drehlers.de/
Kanzlei Dr. Habel & Coll. Rechtsanwälte,https://www.advohabel.de/
Kanzlei Dr. Rothballer,https://www.kanzlei-rothballer.de/
Kanzlei Dudwiesus RA Jan-M. Dudwiesus,https://www.kanzlei-dudwiesus.de/
Kanzlei Eckert,https://www.kanzleieckert.de/
Kanzlei Felgentreff,https://kanzlei-felgentreff.de/
Kanzlei Franziska Unkelbach,https://www.kanzlei-unkelbach.de/
Kanzlei Füchsl Jaeger Berg-Grünenwald,https://www.fjbkanzlei.de
Kanzlei für Erbrecht - Fachanwalt für Erbrecht Markus Maibach,https://www.erbrecht-maibach.de/
Kanzlei für Medizinrecht FA MedR Michael Zach,https://www.rechtsanwalt-zach.de/
Kanzlei für Steuern und Recht,https://www.recht-shs.de
Kanzlei Gebhardt Rechtsanwaltssozietät Gesellschafter RA Uwe Gebhardt und RA Falko Gebhardt,https://www.kanzlei-gebhardt.de/
KANZLEI GERKEN Rechtsanwältin und Notarin,https://www.kanzleigerken.de/
Kanzlei Gerling,kanzlei-gerling.de
KANZLEI GLEICHENSTEIN & BREITLING | RECHTSANWÄLTE,https://www.gleichenstein-breitling.de/kanzlei-gleichenstein-und-breitling.html
Kanzlei Gleichenstein Breitling,https://www.gleichenstein-breitling.de
Kanzlei Gülşen Kurt,https://www.kanzleikurt.de/
Kanzlei Hartman-Hilter,https://www.familienrecht-muenchen.de/
Kanzlei HERR,kanzleiherr.de
Kanzlei in der Innenstadt,https://kanzleizoeller.de/
Kanzlei in der Südstadt Rechtsanwälte Weidmann & Niederhöfer,https://www.kanzlei-sued.de/
Kanzlei Kanalstraße,https://kanzlei-kanalstrasse.de/stellenausschreibung/
Kanzlei Kapitza,kanzlei-kapitza.de
Kanzlei Koch,https://www.rechtsanwalt-thomas-koch.de/
Kanzlei König Strässer & Partner GbR,drkoenigpartner.de
Kanzlei Kuhagen,https://www.kanzleikuhagen.de/
Kanzlei Kuntze Mayer & Beyer,https://www.kmb-partner.de/bitte-teilen-2/
Kanzlei Lauer & Kollegen,https://www.lauer-und-kollegen.de/
KANZLEI LINNEMANN Rechtsanwalt Dirk Linnemann,https://www.kanzlei-linnemann.de/
Kanzlei Löffler & Kollegen,https://www.loeffler-ra.de/jobs/
Kanzlei Lücker MP-Recht,mp-recht.de
Kanzlei Marko Setzer – Rechtsanwalt für Gesellschaftsrecht & Arbeitsrecht,https://ra-setzer.de/
Kanzlei Mielchen & Collegen,https://mielco.de
Kanzlei Müller,https://www.anwaltmueller.de/
"Kanzlei Müller Boon Dersch, Gesellschaft bürgerlichen Rechts",https://muellerboon.de
Kanzlei Müller GbR,https://www.kanzlei-mueller-nbg.de/
Kanzlei Neulinger,https://kanzlei-neulinger.de/
Kanzlei Porstmann & Sporer GbR,https://www.loeffler-porstmann.de/
"Kanzlei Prof. Maser, Grassinger & Partner",https://baurechtstuttgart.de/
Kanzlei Reckschmidt & Heyen Partnerschaftsgesellschaft von Rechtsanwälten,https://www.reckschmidt.de/
Kanzlei Reissner Knodt | Liepold | Grau Rechtsanwälte,https://www.kanzlei-rkloe.de/
KANZLEI RENNER  BERLIN & BUNDESWEIT,https://www.kanzlei-renner.de/
Kanzlei Richter Rechtsanwälte,https://www.kanzlei-jr.de/
Kanzlei Sabine Peter,https://kanzlei-peter.com/
Kanzlei Schindele Gerstner & Collegen,https://raseg.de/
Kanzlei Schröder,https://www.anwaltskanzlei-schroeder.eu/
Kanzlei Schwab,https://kanzlei-schwab-es.de/
Kanzlei SHWT,https://shwt-kanzlei.de/
Kanzlei Sonneborn für Strafrecht und Verkehrsrecht,https://www.kanzlei-sonneborn.de/
Kanzlei Spanowsky & Dietrich,https://kanzlei-sd.de/
KANZLEI STAROSTIK BERLIN und AUE,https://www.starostik.de/pages/startseite.php
Kanzlei Stather und Kollegen,https://anwaltsbuero-heidelberg.de/
Kanzlei Stegmann und Taupp,https://kanzlei-stegmann.de/
Kanzlei Stephan,https://kanzlei-stephan.de/de/
Kanzlei Stuttgart Rechtsanwältin Patricia Beck,https://patricia-beck.de/
Kanzlei TBK-Patent,tbk.de
Kanzlei Thomas Mauser Rechtsanwälte,https://www.rae-mauser.de/karriere/
Kanzlei Walter Rappel,https://kanzlei-rappel.de/
Kanzlei Weinhold,https://www.kanzlei-weinhold.de/
Kanzlei Welslau,https://www.kanzlei-welslau.de/
Kanzlei Weserbergland Anwaltssozietät / Gesellschaft bürgerlichen Rechts,https://www.kanzlei-weserbergland.de/
Kanzlei Weskamp · Arbeitsrecht · Strafrecht · Verkehrsrecht,https://kanzlei-weskamp.de/
Kanzlei Wetzstein + Richter Partnerschaft,https://wetzstein-richter.de/
Kanzlei WHBS,https://kanzlei-whbs.de
KANZLEIADRESSELorenz | Jaud | Radtke | Coll.Rechtsanwälte und Fachanwälte,https://advocatenhaus.de/
kanzleibecker,https://www.kanzleibecker.com/
kanzlei-boostedt,https://www.kanzlei-boostedt.de/
kanzleihaus,https://www.kanzleihaus.de/
kanzlei-kuehlthau,https://kanzlei-kuehlthau.de/
kanzlei-langnickel,https://kanzlei-langnickel.de/
kanzlei-luetzow,https://www.kanzlei-luetzow.de/
kanzlei-oster,https://www.kanzlei-oster.de/
Kapp Ebeling & Partner,https://www.kapp-ebeling.de/stellenangebote/
Karaahmetoglu & Kollegen,https://www.anwaltskanzlei-karaahmetoglu.com/aktuelles/jobskarriere.html
Karlgaedt Rechtsanwalt,https://rechtsanwalt-gaedt.de/
"Karl-Heinrich von Zwehl, Andreas von Zwehl Rechtsanwälte GbR",https://kanzlei-von-zwehl.de/
Karsten Sommer Rechtsanwalt Fachanwalt für Verwaltungsrecht,https://www.kanzleisommer.de/
Kathrin Zehrtner-Gottschalk,https://www.ra-zg.de/
Katja Flemming RA,ra-katjaflemming.de
kbz. Rechtsanwälte Steuerberater,https://kbz-rechtsanwalt-steuerberater-frankfurt-oder.de/
KDM Juraexperten,https://www.juraexperten.de/
Kees Hehl Heckmann Anwaltssozietät (Gesellschaft des bürgerlichen Rechts) vertreten durch Rechtsanwalt Günther Hehl,https://www.khh-ra.de/
Kempf Schilling + Partner,https://www.kempfschilling.de/
KEMPTER & KOLLEGEN Rechtsanwälte,https://ra-kempter.de/
kfp - Korten. Fehr. Partner. Rechtsanwälte PartGmbB,korten-ag.de
KGH Law Firm Kreuzer Goßler Horlamus and Partners mbB,https://www.kgh.de/karriere/
KHH Kropp Haag Hübinger,https://www.khh-legal.de/
King & Spalding,https://kslaw.wd1.myworkdayjobs.com/careers?locations=84d18fed97631000bd3d56e9676f0000
King & Wood Mallesons,https://www.kwm.com/global/en/careers.html
Kipper + Durth,https://www.strafverteidigerkanzlei.de/
KLAKA Rechtsanwälte Partnerschaft mbB,klaka.com
Klebau Schaller Rechtsanwäte,www.klebau-schaller.com
Klehm & Coll. Rechtsanwälte,https://www.ra-klehm.de/
"Kleymann, Karpenstein & Partner, Rechtsanwälte",https://www.kkp.law
Klinkert,https://www.klinkert.pro/karriere/
KLINKERT RECHTSANWÄLTE PartGmbB,https://www.klinkert.pro/karriere/
Klopsch & Partner,https://ra-klopsch.de/lust-auf-einen-neuen-arbeitsplatz/
Klug & Froehlich,https://klugundfroehlich.de/
KMH,www.kmh-medizinrecht.de
Knauer,knauer.de
Knierim & Kollegen,https://www.knierim-kollegen.com/die-kanzlei/
KNOLLE® SOCIETÄT Rechtsanwälte PartGmbB,https://knolle.de/
KNPZ Rechtsanwälte - Klawitter Neben Plath Zintler - Partnerschaftsgesellschaft mbB,https://www.knpz.de/karriere.html
Koch Rechtsanwälte,https://www.ra-koch.com/
Köhler & Partner Rechtsanwälte PartGmbB,https://koehler-partner.info/
KÖHLING & DR. ALDERMANN Rechtsanwälte,https://www.koehling-aldermann.de/startseite
Kolb Blickhan & Partner,kolb-blickhan-partner.de
Kolja Zaborowski Rechtsanwalt & Fachanwalt für Strafrecht,https://fachanwaltstrafrechtberlin.de/
Komning - Rechtsanwälte,https://www.komning.com/jobs/
KOMNING Rechtsanwälte,https://www.komning.com/en/jobs/
König Rechtsanwälte Partnerschaft Schmidt Lambertz Strotmann Bergweiler mbB,https://www.berghoff-schleypen.de
KOPP-ASSENMACHER Rechtsanwälte,https://www.kopp-assenmacher.de/de/
Korres & Wolter Rechtsanwälte,https://www.dachau-rechtsanwalt.de/
Kowalski Clemens Schmidt,https://kcslaw.de
KR Kanzlei Rademacher GbR,https://www.kanzlei-rademacher.net/
"Kraft, Geil und Kollegen Rechtsanwälte",https://kguk.de
Krant & Multhaup Rechtsanwälte PartGmbB,https://www.krant-multhaup.de/
"Kränzlein, Adams, Eckstein Rechtsanwälte",https://www.muenchner-strafverteidiger.de/
Kraus & Lederer,kraus-lederer.de
Krefeld • Gaßmann-Reichl • Brandes GbR,https://ihrsteuerteam.de/#karriere
Krieger Mes Graf v. der Groeben,krieger-mes.de
Kröck Dispute Resolution,https://kroeck-disputes.com/#karriere
Krömer Steger Westhoff Rechtsanwälte,krstwe.de
Kropp - Haag - Hübinger Hübinger,khh-legal.de
Kruhl von Strenge Partnerschaft von Rechtsanwälten mbB,https://www.kruhlvonstrenge.de/karriere/
KRUNO ZORKO Rechtsanwalt | Fachanwalt für Familienrecht,https://rechtsanwalt-zorko.de/
KSW Gruppe Rechtsanwälte · Fachanwälte,https://www.kswg.de/
KÜHNE RECHTSANWÄLTE FAMILIEN- UND ERBRECHT,https://www.kuehne-rechtsanwaelte.de/
KUNIK & DR. KABELITZ RECHTSANWÄLTE,https://ra-kunik.de/
"Künzel und Partner, Rechtsanwälte",https://kuenzelpartner.de
KUTSCHER Rechtsanwälte GbR,https://www.kutscher-rechtsanwaelte.eu/
Labbé & Partner mbB Rechtsanwälte - Steuerberater,rae-labbe.de
"Lämmer, Blum & Ortner eGbR",https://www.rechtsanwalt-alsfeld.de/
Landgraf Schneider Rechtsanwälte PartG,https://www.landgraf-schneider.com/
"Langhoff, Dr. Schaarschmidt & Kollegen",https://ra-lsk.de
Langrock Voß & Soyka,https://kanzlei-lvs.de
Laqua & Kollegen,kanzlei-laqua.de
Lark,https://lark.de/de/careers-non-legal/
Lausen Rechtsanwälte Partnerschaft,lausen.com
Law firm Dr. Heinrichs & Krug,https://www.radrheinrichs.de/
Lawyers Rudolph & Berninger  PartmbB,https://www.rb-anwalt.de/
Lawyers Ströbele & Saile,https://www.rechtsanwalt-stroebele.de/
LEBUHN & PUCHTA Partnerschaft von Rechtsanwälten und Solicitor mbB,https://lebuhn.de/karriere/
Legalbird,legalbird.de
Legalium - Rechtsanwälte und Steuerberater Spanien,https://anwalt-spanien.com/
LegTech UG (haftungsbeschränkt),https://www.scheidung.com/
LEHMANN JUNGE KOLLEGEN Rechtsanwälte | Notar,https://www.sophienblatt11.de
lehmann und partner - Rechtsanwälte | Fachanwälte,https://ralup.de/
lehmann und partner rechtsanwälte fachanwälte,ralup.de
Leinen & Derichs,https://www.leinen-derichs.de
"Lengelsen, Platzek & Giesser Notar und Rechtsanwälte",https://rae-klpg.de/
Lenz und Johlen Rechtsanwälte Partnerschaft mbB,https://lenz-johlen.de/karriere/
Lerch & Coll. Rechtsanwälte,https://www.rae-lerch.de/
LEUSCHNER Anwaltskanzlei,https://www.rechtsanwaltskanzlei-leuschner.de/
Leuteritz Schiener Rechtsanwalts-Partnerschaft mbB,https://leuteritz.info/
Leutz-Ohlmeyer | Behrends Anwaltskanzlei,https://www.kanzlei-lob.de/
LEWANDOWSKI Rechtsanwälte,https://www.rechtsanwalt-steglitz.de/
Lieff Cabraser Heimann & Bernstein,lchb.com
Lilie Ihwas,lilie-ihwas.de
Linderhaus | Stabreit | Legal,https://lsl-legal.de/
Linklaters,https://linklaters.wd3.myworkdayjobs.com/de-DE/DE_Linklaters
Livonius van Rienen,https://lvr-frankfurt.com
Löffel Abrar,https://loeffel-abrar.com
LÖFFLER & PARTNER,https://lexmuc.com/
Lothar Schriewer Rechtsanwalt,https://www.auto-recht-nrw.de/
Lowell,https://www.lowellgroup.de
LSH Rechts- und Fachanwälte PartmbB,https://lsh-anwaltskanzlei.de/
LS-IP Loth & Spuhler Intellectual Property Law,https://www.ls-ip.com/
LSV Rechtsanwalts GmbH,https://www.lsv-legal.com
Luppert Rechtsanwälte Rechtsanwalt Dr. Jürgen Luppert,https://www.luppert.de/karriere/
Lutz Dr. Hepach Reisenhofer Rechtsanwälte PartGmbB,https://www.ra-flh.de/
Lyck+Pätzold,https://www.medizinanwaelte.de/karriere
"Lyck+Pätzold. healthcare. recht,",https://www.medizinanwaelte.de/karriere#hitKontaktformular
M Ü L L E R  A n w a l t s k a n z l ei,https://www.rechtundberatung.de/
m&w Rechtsanwälte · Fachanwälte Wagner · Heinzelmann · Wedel · Heinz,https://moersch-wagner.de/
MACHENS & PARTNER Rechtsanwälte,https://www.machens-rechtsanwaelte.de/
Madl & Kollegen Rechtsanwälte,https://madl.de/
"Magold, Walter & Hermann Rechtsanwaltspartnerschaft",https://www.kanzlei-mwh.de/
Mahlberg Rechtsanwälte,https://mahlberg-rechtsanwaelte.de/
Maikowski & Ninnemann Patentanwälte Partnerschaft mbB,https://www.maikowski-ninnemann.com/karriere/join-us
mak Menzel. Rechtsanwaltsgesellschaft mbH,https://www.anwaltskanzlei-menzel.de
MALMENDIER LEGAL,https://malmendier-legal.com/karriere/
Mansholt + Lodzik Schäfer Raane Cornelius Gbr,https://www.mansholt-lodzik.de/
Manske Rechtsanwälte Steuerberater GbR,manske-taxlaw.de
Mariacher Rechtsanwälte GbR,https://www.mariacher.de/de/index.html
Markus Fischer Rechtsanwalt,https://recht-mg.de
Markus Helmchen,https://www.helmchen-rechtsanwaelte.de/
MARS IP Berlin/Paris,www.mars-ip.eu
Martin Beukenberg Rechtsanwalt,https://www.beukenberg.de/
Martin C. Betsche Rechtsanwalt / Steuerberater,https://www.betsche.de/
Martin Franz,ra-franz.eu
Martin Josef Haas Anwaltskanzlei,https://www.kanzlei-haas.de/
"Mathias Nittel Rechtsanwalt, Fachanwalt für Erbrecht, Bank- & Kapitalmarktrecht",https://nittel.co/
Matthias Schnitzer Rechtsanwalt Fachanwalt für Bau- und Architektenrecht,https://rechtsanwalt-schnitzer.de/
MATTIS • SCHWARZ • WEICHELT Rechtsanwaltpartnerschaft,https://msw-anwalt.de/
May und Partner,https://maypartner.de/
McAdvo Ltd,https://www.mcadvo.com/rechtsanwalt/31545/_Joachim_
Mediationskanzlei Jutta Hohmann,https://www.jutta-hohmann.de/
Meidert & Kollegen,meidert-kollegen.de
MEIXNER & DOLLHOPF,https://www.kanzlei-mds.de/
Melchers & Melchers & PartG mbB,https://melchers-syring.de/
mel-wedding.de,mel-wedding.de
MENA LEGAL,https://www.mena-legal.com/
Menssen Kühn Möller Achilles-Baumgärtel,https://www.mrkra.de/
Merklinger Fachanwaltskanzlei,https://www.merklinger-fachanwaltskanzlei.de/
"Merz, Schäftlmeier und Partner Rechtsanwälte",https://www.kanzlei-merz.de/
MESCHKAT & NAUERT GbR Rechtsanwälte,https://www.kanzlei-mn.de/
Metis,https://www.metis-legal.de/career
Metzger & Kollegen Herr Rechtsanwalt Mathias Metzger,https://www.metzgerundkollegen.de/
MEURER RECHTSANWÄLTE,https://meurer-rechtsanwaelte.de/
Meyer & Hofmann-Rascu Rechtsanwälte GbR,https://www.ra-meyer-erlangen.de/
Meyer Rechtsanwälte,https://www.meyerlegal.de/karriere.html
Meyersrenken & Rheingantz Rechtsanwälte,https://www.meyersrenken-rheingantz.de/
Michael Hewer Rechtsanwälte,https://ra-hewer.de/
Michael Martius Rechtsanwalt,https://rechtsanwalt-roebel.de/
"Michael Rosenthal, Rechtsanwalt",https://www.nullapoena.de/
MICHAEL SCHUHMANN RECHTSANWALT,https://www.anwalt-schuhmann.de/
Mingers.,https://careers.tellent.com/
MKG Praxisklinik am Rheinbogen,www.mkg-rheinbogenklinik.de
Moebus und Schwaar Rechtsanwälte,https://kanzlei-moebus.de/
Mohr Rechtsanwälte Partnerschaftsgesellschaft mbB,https://www.mohrpartner.de/stellenangebote_rechtanwalt_kanzlei_5_0.html
Momberger & Niersbach Rechtsanwälte,https://www.ramom.de/
Morris Weisheit Rechtsanwalt,https://www.kanzlei-weisheit.de/
Morrison & Foerster,https://careers.mofo.com/#explore-career-areas
Mörtl | Mörtl Rechtsanwälte in Kooperation,https://www.moertl-moertl.de/
MOS Rechtsanwälte Mömken Ohlenschlager Sairinger Partnerschaftsgesellschaft mbB,https://mos-law.de
MSBH Rechtsanwälte Steuerberater Hamburg,https://www.msbh-hamburg.de
MSF Rechtsanwaltskanzlei & Notariat,https://ra-msf.de/
Mühlbacher und Partner,https://www.ra-mup.de/
Müller-Knapp Hjort Wulff,https://www.arbeitsrechtsanwaelte-hamburg.de/referendariat-bei-uns/
Müller-Wrede & Partner Rechtsanwälte,https://www.mueller-wrede.de/karriere/
mundt unger Rechtsanwälte Partnerschaft mbB,https://www.mundtunger.de/
MUNTE Rechtsanwälte PartGmbB,https://munte.de/die-kanzlei/stellenangebote/
Münzer & Collegen Rechtsanwaltsgesellschaft mbH,https://ra-mueco.de/
Mutter & Kruchen,https://corporate-law-advisors.com
Name: Rechtsanwalts- und Steuerkanzlei Alberter & Kollegen,https://www.alberter.de/
NAVIGATION.RECHT GbR vertreten durch Rechtsanwalt Dirk Strohmenger,https://nr-legal.com/
Nera Economic Consulting,https://www.nera.com/careers.html
Nesbit I Böggemeyer I Schoppe GbR  Rechtsanwälte & Notare Gesellschaft bürgerlichen Rechts,https://www.nesbit-kollegen.de/jobs/
Nesselhauf,https://www.nesselhauf.com/de_DE/
nguontaichinh,https://nguontaichinh.com
Niemeyer-Uhlmann & Lassig Rechtsanwälte in Partnerschaft,https://www.kanzlei-nul.de/startseite.html
NJR Anwalts- und Fachanwaltskanzlei Neuner-Jehle,https://neuner-jehle.de/
noll-avocats,https://www.noll-avocats.com/
Nonnenmacher Rechtsanwälte,https://www.nonnenmacher.de/karriere
"Norbert W. Kirsch Rechtsanwalt, Fachanwälte*, Notar",https://www.ra-kirsch.de/kanzlei/karriere/
Nordhorn & Kühlke | Rechtsanwälte,https://nordhorn-kuehlke.de/
Norton Rose Fulbright,https://nrf.wd3.myworkdayjobs.com/External
Notar & Rechtsanwalt Marius Hebebrand,https://hebebrand.net/
Notar Dr. Maximilian Frhr. v. Proff,https://www.notarvonproff.de
Notar Holger Leukel,notar-leukel.de
Notar- und Anwaltskanzlei Schiller · Jerosch · Sauerland,https://rae-schiller.de/
Notar und Fachanwaltskanzlei,https://www.raegm.de/
Notare Dr. Basty und Dr. Franck,https://notare-basty-franck.de
Notare Dr. Hepp Dr. Reul,https://www.hepp-reul.de
Notare Droste und Haibt,https://droste-haibt.de
Notare Helmut Hutterer & Bernhard Weiß,https://www.hutterer-weiss.de
Notarin Jana Gruschwitz,notarin-gruschwitz.de
nzp,https://www.nzp.de/careers/
Ohnleiter Hillebrand und Dr. Sünner,https://www.ohs-notare.de/aktuelles-und-service/karriere
OLIVER METZLAFF Anwaltskanzlei,https://www.kanzlei-metzlaff.de/
Öncer-Collegen Rechtsanwalt und Steuerberatung,https://oencer-collegen.com/
Oppler Büchner Rechtsanwälte PartGmbB,https://www.oppler-buechner.de/
Oppolzer Seifert,oppolzer-seifert.de
Orka,https://www.orthkluth.com/karriere
"Orrick, Herrington & Sutcliffe LLP",https://talent.orrick.com/staff-international/jobs
"Ortmüller, Meissenburg & Rödder",https://www.rae-ortmueller.de/
p&w klose,https://www.pwklose.de/
Partner der WEIDMANN Rechtsanwälte Steuerberater Partnerschaftsgesellschaft,https://www.weidmann-law.de/
Partnerschaftsgesellschaft mbB Knörzer & Marx,https://stb-km.de/
Patent- und Rechtsanwaltspartnerschaft mbB,https://advotec.de/
Paul & Partner,https://www.paul-partner.eu/jobs/
Paul-Christian FRANZ Rechtsanwalt Fachanwalt für Verkehrsrecht,https://www.p-c-franz.de/
Paulus Westerwelle,https://www.paulus-westerwelle.de/karriere
Pauly & Partner,paulypartner.de
PDB DE Becker Rechtsanwältin,https://www.anwalt-wehrrecht.com/
Peggy Schlabach Rechtsanwältin,https://www.ra-schlabach.de/
pelchrzim,https://www.pelchrzim.de/
Pelke Notar,pelke-notar.de
PERLET Rechtsanwälte,https://www.perlet-rechtsanwaelte.de/
Peter Koblenz Rechtsanwalt,https://www.kanzlei-peter-koblenz.de/
Peter W. Kallen + Karen Roth Rechtsanwälte,https://www.kallen-roth.de/
Peters Fleschutz Graf von Carmer Kääb Rechtsanwälte Steuerberater,https://www.pfgc.de/
PHP Rechtsanwaltsgesellschaft mbH,kanzlei-php.de
PilzRechtsanwälte Mark und Olaf Pilz,https://www.pilz-rechtsanwaelte.de/
"Pistorius & Hippmann, Rechtsanwälte in PartGmbB",https://www.koe50.de/
PMPG,pmpg.com
PNT Partner Rechtsanwälte Partnerschaftsgesellschaft mbB,https://www.pg-t.de/
Pöhlmann Früchtl Oppermann,pfoe.com
Polaris,https://www.polaris-rae.de/karriere.html
"Pottgiesser & Partner, Rechtsanwälte",https://www.pottgiesser.de/
PPP PapePersikePartner,www.papepersikepartner.de
Praxis Dr. Grewe,https://dr-peter-grewe.de
Prediger & Pütter,www.pp-rechtsanwaelte.de
PricewaterhouseCoopers Legal AG Rechtsanwaltsgesellschaft,pwc.de
Prof Englert + Partner,https://englert.legal
Prof. Dr. Burkhard Oexmann RECHTSANWALT,https://www.oexmann.de/karriere
Prof. Dr. jur. Edgar Weiler,https://edgarweiler.de/
Prof. Dr. Schwintowski & Partner,schwintowski.de
Prof. Dr. Stefan Haupt,https://www.haupt-rechtsanwaelte.de/
Prof. Dr. Wilhelm Haarmann,https://www.haarmann.com/
Prof. Hauth & Partner Rechtsanwälte mbB,https://www.php-recht.de/
Prof. Schweizer Rechtsanwaltsgesellschaft mbH,https://www.schweizer.eu/
Prof. Schwenke & Partner,schwenke.de
Prof. Stefan Leupertz,leupertz.de
Prölß Mühlhaus Kollegen  Rechtsanwalt und Notar Christian Mühlhaus,https://www.raepk.de/
protego legal PartGmbB,https://www.erbrecht-saar.de/
"Prüwer Proff Streller Schajor Rechtsanwälte, Fachanwälte und Notar",https://www.pruewer-proff.de
PXR,https://pxr.law/en/careers
Quaas & Partner,https://www.quaas-partner.de/de/karriere.html
Quandt Kuhlmann Zimmermann,qkz.de
quantum.law,quantum.law
Quedenfeld Füllsack & Partner,qfp.de
Quinn Emanuel Urquhart & Sullivan,https://www.quinnemanuel.com/careers/international-career-opportunities/
Quirmbach & Partner,patientenanwalt.de
R+M Nölscher Umweltservice GmbH,https://bodenseekanzlei.com/
"RA Christian Rösch, Fachanwalt für Arbeitsrecht",https://www.rupprecht-roesch.de/
Ra Dr. Christoph Friedrichs Kanzlei für Wirtschaftsrecht,https://www.friedrichs-rechtsanwaelte.de/
RA Frank E. R. Diem,https://diempartner.de/
"RA Gerhard Jäger, RAin Claudia Frey, RA Alexander Forschner",https://www.autenrieth-jaeger.de/
RA Hilmar Pickartz,https://kanzlei-pickartz.de/
RA Karsten H. F. Weste,https://www.khfweste.de/
RA Marcus Wirth,ra-wirth.de
RA Michael Wagner,https://www.noack-wagner.de/
RA Rainer Sebel,https://www.kanzlei-sebel.de/
RA Silke Helmling,https://mediation-helmling.de/
RA Vedder & Partner,https://www.ra-vedder.de/
ra-buck,https://www.ra-buck.de/
RACK Rechtsanwälte,https://xn--rack-rechtsanwlte-3qb.de/
RAe Benecken & Partner,https://www.beneckenreinhardt.de
ra-erdmann,https://www.ra-erdmann.com/
Raetzke Kambli,raetzke.com
ra-hansen-badiburg,https://www.ra-hansen-badiburg.de/
RAin · Katja Hartleb Fachanwältin für Miet- und Wohnungseigentumsrecht,https://www.rechtsanwalt-hartleb.de/
RAin Dr. jur. Ute Renschler-Delcker,https://delcker.de/
RAin Fee Huber,https://huber-rechtsanwalt.de/
RAin P. Hildebrand-Blume,https://www.hildebrand-blume.de/
rainerferslev,https://www.rainerferslev.de/
Raisin,raisin.com
Raisin Bank,www.raisingmbh.de
"Ralf H. Seidel, Rechtsanwalt (Bundesrepublik Deutschland)",https://www.rechtsanwalt-seidel.de/
Ralf Schwitzgebel Rechtsanwalt/Fachanwalt für Arbeitsrecht,https://kanzleibks.de/
ramuc Partnership mbB,https://www.ramuc.de/
ramuessig,https://www.ramuessig.de/
ra-peter-eichhorn,https://www.ra-peter-eichhorn.de/
ra-poppa,https://www.ra-poppa.de/
Rapp Wagner & Partner,https://www.rappwagner.de/steuerberater/
Rapp Wolff Rechtsanwälte,https://www.rappwolff.de/
ra-schuell,https://www.ra-schuell.de/
Rath,rath.de
Rath | Uhlmann Rechtsanwalts­kanzlei Leipzig,https://www.rechtsanwaelte-rath-uhlmann.de/
Rauschhofer Rechtsanwälte Kanzlei für IT-Recht,https://www.rechtsanwalt.de/
Rechsanwältin Ariane von der Heyden-Karas,https://ahkanzlei.de/
Rechsanwaltskanzlei Goymann & Neuberger,https://www.anwaelte-haibach.de/
Rechtanswälte Dr. Hermanns und Partner,https://hermanns-rechtsanwaelte.de/
rechtkurz,https://rechtkurz.de/
rechtsanwaelte-trautmann,https://www.rechtsanwaelte-trautmann.de/
Rechtsanwalt  Matthias Kauzner,https://www.kauzner-anwalt-raunheim.de/
Rechtsanwalt & Mediator Uwe J. Badt,https://www.badt.de/
Rechtsanwalt & Notar Oliver Klostermann,https://www.rechtsanwalt-klostermann.com/
Rechtsanwalt Adrian Stahl – Fachanwalt für Strafrecht,https://adrian-stahl.de/
Rechtsanwalt Albrecht Schöllhorn-Gaar,https://rechtsanwalt-landshut.eu/
"Rechtsanwalt Alexander Schmidt, Neubrandenburg",https://www.rechtsanwalt-schmidt.org/
Rechtsanwalt André Mosler,https://rechtsanwalt-mosler.de/
Rechtsanwalt Andreas Aloisius Bockler,https://www.rechtsanwalt-bockler.de/
Rechtsanwalt Andreas Biehs,https://www.kanzlei-biehs.de/
Rechtsanwalt Andreas Helfer,https://www.helfer-rechtsanwalt.de/
Rechtsanwalt Andreas Kuntz,https://rechtsrat-rostock.de/
"Rechtsanwalt Andreas Leicher, LL.M.",https://ra-leicher.de/
Rechtsanwalt Andreas Martin,https://www.rechtsanwalt-polen.de/
Rechtsanwalt Andreas Witte,https://www.rawitte.de/
Rechtsanwalt Andrej Klein,https://www.dresden-klein.de/
Rechtsanwalt Baurecht Nürnberg - Beyer Rechtsanwälte,https://www.rae-beyer.de/easycms/pages/rae-beyer.de/index.html
Rechtsanwalt Bernd Hansen,https://www.rechtsanwalt-hansen.de/
"Rechtsanwalt Bernhard Bludau, Rechtsanwalt Klaus Plank Rechtsanwälte in Bürogemeinschaft",https://www.bludau-plank.de/
Rechtsanwalt Christian Lattorf,https://www.rechtsanwalt-lattorf.de/
Rechtsanwalt Christian Sehn Fachanwalt für Arbeitsrecht und Fachanwalt für Sozialrecht,https://www.ra-sehn.de/
Rechtsanwalt Christoph Huylmans,https://www.ra-hpw.de/
Rechtsanwalt Christoph Schmitt,https://www.rechtsanwalt-schmitt.de/
Rechtsanwalt Clemens C. Vogelsberg,https://www.rechtsanwalt-vogelsberg.de/
Rechtsanwalt Daniel Farrokh,https://www.ra-farrokh.de/
Rechtsanwalt Detlef G.O. Baarth,https://www.baarth.net/
Rechtsanwalt Dieter Linke Fachanwalt für Familienrecht & Verkehrsrecht,https://www.rechtsanwalt-linke.de/
"Rechtsanwalt Dietmar Heister Schottweg 1 (""Graumannshof"")",https://www.anwaltheister.de/
Rechtsanwalt Dirk Bettinger,https://www.rechtsanwalt-bettinger.de/
Rechtsanwalt Dirk Uptmoor,https://ra-uptmoor.de/index.php/de/
Rechtsanwalt Dr. Frank König Leverkusen,https://www.anwalt-koenig-leverkusen.de/
Rechtsanwalt Dr. iur. Gerd Hartlieb,https://www.ra-hartlieb.de/
Rechtsanwalt Dr. Jens Horn,https://www.jens-horn.de/
Rechtsanwalt Dr. Josef Hingerl,https://hingerl.com/
Rechtsanwalt Dr. jur. Alexander Rauhaus,https://dr-rauhaus-rae.de/
Rechtsanwalt Dr. Norbert Targan Wirtschaftsprüfungsgesellschaft,https://www.kanzlei-tvr.de/ausbildung-karriere/
Rechtsanwalt Dr. Peter A. Doetsch,https://www.doetsch-wiesbaden.de/
Rechtsanwalt Dr. Rudolf Karpf,https://www.advohaus.de/
Rechtsanwalt Dr. Thomas Schreiter,https://www.anwalt-dr-schreiter.de/
Rechtsanwalt Dr. Thorsten Graf,https://www.ra-dr-graf.de/
Rechtsanwalt Dr. Werner Thelen,https://www.ra-thelen.de/
Rechtsanwalt Ender Karakas,https://kanzlei-karakas.de/
Rechtsanwalt Erik Reinke,https://www.rechtsanwalt.immobilien
Rechtsanwalt Fachanwalt für Urheber- und Medienrecht Jan Weber LL.M,https://www.kunstrechtsanwalt.de/
Rechtsanwalt Ferdi Özbay,https://www.oezbay.com/
Rechtsanwalt Florian Dennler,https://www.dennler.de/
Rechtsanwalt Frank Lange,https://kanzlei-lange.de/
Rechtsanwalt Frank Löwenstein,https://www.recht21.com/
Rechtsanwalt Frank Stege,https://www.stcoll.de/
Rechtsanwalt Frank Winkelmann,https://www.rechtsanwaltskanzlei-winkelmann.de/
"Rechtsanwalt Fred Valentin Kanzlei Valentin, Schmieden & Cerino Rechtsanwälte in Bürogemeinschaft",https://www.rae-valentin.de/
Rechtsanwalt Geedo Hendrik Paprotta,https://rechtsanwalt-paprotta.de/
Rechtsanwalt Georg Kastenmüller,https://www.ra-kastenmueller.de/
Rechtsanwalt Gerd Klier,https://anwaltskanzlei-klier.de/
Rechtsanwalt Grigor Eksuzian,https://www.eksuzian.de/
Rechtsanwalt Guido Stark,https://www.rechtsanwalt-stark-luebeck.de/
Rechtsanwalt Hans Theisen,https://www.ra-th.de/
Rechtsanwalt Hans-Dieter Klumpe,https://www.rechtsanwalt-klumpe.de/
Rechtsanwalt Hans-Jürgen Hellberg,https://www.rechtsanwalt-hellberg.de/
Rechtsanwalt Heinrich Beestermöller,https://ra.habitrust.de/
Rechtsanwalt Helmut F. Schade,https://www.anwalt-schade.de/
Rechtsanwalt Henning Bartels,https://www.henningbartels.de/
Rechtsanwalt Henrik Harlfinger,https://www.ra-harlfinger.de/
"Rechtsanwalt Henry Bach Leipzig, Fachanwalt für Arbeitsrecht, Mietrecht und Wohnungseigentumsrecht",https://www.rechtsanwalt-bach.de/
Rechtsanwalt Holger Amann,https://www.kanzleikonstanz.de/
Rechtsanwalt Holger Grunau Rechtsanwaltkammer Hamm,https://www.kanzleigrunau.de/
Rechtsanwalt Holger Schmitz,https://www.schmitz-ra.de/
Rechtsanwalt Holger Trappen,https://www.rechtsanwalt-trappen.de/
Rechtsanwalt Horst Kerls,https://ra-kerls.de/
Rechtsanwalt i.R. Reiner Brumme,https://www.ra-brumme.de/
Rechtsanwalt in Hannover für Zivilrecht,https://www.degott.de/
Rechtsanwalt Jan General,https://www.kanzlei-general.com/
Rechtsanwalt Jan Theo Baumann,https://www.baumann-recht.de/
Rechtsanwalt Jann Brauner,https://www.anwalt-brauner.de/
Rechtsanwalt Jens Steinert,https://www.anwaltskanzlei-steinert.de/
Rechtsanwalt Jesse Blachowski,https://www.ra-blachowski.de/
Rechtsanwalt Johann Trülzsch,https://www.ra-truelzsch.de/
Rechtsanwalt Juri Schleicher,https://brg-recht.de/
Rechtsanwalt Karsten Mauersberger und Kollegen,https://www.rechtsanwalt-mauersberger.de/
Rechtsanwalt Kemmler,https://www.rechtsanwalt-kemmler.de/
Rechtsanwalt Klaus Picker,https://www.anwalt-soest.de/
Rechtsanwalt Klaus Stadler,https://www.erbrecht-strafrecht-muenchen.de/
"Rechtsanwalt Kurt Reich, Rechtsanwalt Jens Reich & Rechtsanwalt Rainer Vark",https://www.rechtsanwalt-reich.de/
Rechtsanwalt Leipzig Daniel Baumgärtner,https://rechtsanwalt-baumgaertner.de/
Rechtsanwalt Leonhard Graßmann,https://www.ra-grassmann-muenchen.de/
Rechtsanwalt Ludwig Rentzsch,https://www.anwalt-kunst.de/
Rechtsanwalt Lutz Schroeder,https://www.kanzleischroeder-kiel.de/
Rechtsanwalt Lutz W. FORMANSKI,https://www.erbrecht-anwalt-erfurt.de/
Rechtsanwalt Marc-Nicolas Eichenherr,https://www.ra-eichenherr.de/
Rechtsanwalt Marius Schrömbgens,https://www.schroembgens.com/
"Rechtsanwalt Markus Koersgen, Rechtsanwalt und Fachanwalt für Familienrecht",https://www.mein-rechtsanwalt-in-kiel.de/
Rechtsanwalt Mathias Grasel Fachanwalt für Strafrecht,https://strafverteidiger-grasel.de
Rechtsanwalt Matthias Hartwich,https://www.ra-hartwich.de/
Rechtsanwalt Matthias Kümpel,https://www.recht-ab.de/
Rechtsanwalt Meinrad Hirt,https://www.rae-hirt.de/
Rechtsanwalt Michael Felchner,https://kanzlei-felchner.de/
Rechtsanwalt Michael Thran,https://www.rechtsanwaltthran.de/
Rechtsanwalt Miroslaw Tolksdorf,https://ra-tolksdorf.de/
Rechtsanwalt mit SchwerpunktVerkehrsrecht und Arbeitsrecht,https://www.rechtsanwalt-karsten-teege.de/
Rechtsanwalt Olaf Krecht,https://www.anwalt-sh.de/
Rechtsanwalt Onno P. Heyken,https://www.kanzlei-heyken.de/
Rechtsanwalt Onur U. Özata,https://xn--fachanwalt-zata-jtb.de/
Rechtsanwalt Peter Latz (Jacob & Latz ),https://jakob-latz.de/
"Rechtsanwalt Ralf Möbius LL.M., Fachanwalt für IT-Recht",https://www.rechtsanwaltmoebius.de/
Rechtsanwalt Ralph Berndt,https://www.kanzlei-berndt.de/
Rechtsanwalt Reinhard Fusseder,https://ra-fusseder.de/
Rechtsanwalt Richard Linnenbrink,https://www.anwaltskanzlei-linnenbrink.de/
Rechtsanwalt Robert Seethaler,https://www.rechtsanwalt-seethaler.de/
Rechtsanwalt Rolf Scheider,https://kanzlei-scheider.de/
"Rechtsanwalt Schorn, LL.M., Fachanwalt für Steuerrecht",https://www.kanzlei-schorn.de/
Rechtsanwalt Silvio Flade,https://ra-flade.de/
"Rechtsanwalt Stapf, Mannheim",https://www.rechtsanwalt-stapf.de/
Rechtsanwalt Stephan Großsteinbeck,https://www.ra-grosssteinbeck.de/
Rechtsanwalt Stephan Lucas,https://www.lucas-rechtsanwaelte.de/
Rechtsanwalt Sven Lang,https://www.rechtsanwalt-sven-lang.com/
Rechtsanwalt Swen Büschel,https://www.ra-bueschel.de/
Rechtsanwalt Thomas Oberer Rechtsanwalts- und Steuerkanzlei Oberer,https://www.oberer-rechtsanwalt.de/
Rechtsanwalt Tobias Hahn,https://www.strafrecht-hahn.de/
Rechtsanwalt Torsten Fricke,https://www.rechtsanwalt-fricke.com/
Rechtsanwalt Udo Kuhlmann,https://www.fachanwalt-baurecht.org/
Rechtsanwalt Ulf Pieconka in Würzburg,https://rechtsanwalt-pieconka.de/
Rechtsanwalt Ulrich Lübbing Fachanwalt für Steuerrecht,https://www.kanzlei-luebbing.de/
Rechtsanwalt und Fachanwalt für Arbeitsrecht und Fachanwalt für Insolvenzrecht,https://www.kanzlei-weiler.de/
Rechtsanwalt und Fachanwalt für Strafrecht Carsten Herrle,https://ra-herrle.de/
Rechtsanwalt und Fachanwalt für Strafrecht Johannes B. Kagerer,https://rechtsanwalt-kagerer.de/
Rechtsanwalt und Mediator Fachanwalt für Familienrecht,https://www.kanzlei-christ-dewald.de/
Rechtsanwalt und Notar Kessel Pluhar Kolberg,https://www.anwalt.sh/
Rechtsanwalt und Notar Ronald Heesch,https://kanzlei-heesch.de/
Rechtsanwalt und Notar Thomas Girr,https://anwaltsbuero-girr.de/
Rechtsanwalt und Notar Thomas Jaster,https://www.ra-jaster.de/
Rechtsanwalt und Notar Thorsten Falz,https://www.kanzlei-falz.de/
Rechtsanwalt und Notar  Carsten Kerkamm,https://www.kanzlei-kerkamm.de/alles-wird-gut/karriere/
Rechtsanwalt Uwe Springborn,https://www.ra-springborn.de/
Rechtsanwalt Uwe Twent,https://www.ra-twent.de/
Rechtsanwalt Volker D. Fischer,https://www.rhoen-kanzlei.de/
"Rechtsanwalt Volker Grundmann, Schützenstraße",https://www.immorecht.net/
Rechtsanwalt Volker Kukorus,https://www.kukorus.de/
Rechtsanwalt Volkhard Wenzel,https://kanzlei-wenzel.de/
"Rechtsanwälte & Steuerberater Korf, Piehl, Hegewald und Burmester Partnergesellschaft",https://adjuris-mv.de/
Rechtsanwälte / Fachanwälte Schwarz § Schwarz,https://www.rechtsanwaelte-barsinghausen.de/
Rechtsanwälte | Fachanwälte Dr. Mayer | Strehle | Süßenguth,https://www.rechtsanwaelte-neuoetting.de/
"Rechtsanwälte | Fachanwälte Dr. Poggemann, Osnabrück",https://rae-pp.de/
Rechtsanwälte Abegg & Abegg Partnerschaftsgesellschaft mbB,https://www.abegg-rechtsanwaelte.de/
Rechtsanwälte Abendroth & Lehmann,https://www.ra-rechtsberatung.de/cms/home/index.html
Rechtsanwälte Arndt Schröder Lange,https://asl-recht.de/
Rechtsanwälte Badde & Partner PartGmbB,https://www.kanzlei-bottrop.de/
"Rechtsanwälte Balschbach, Martin & Reiter Gesellschaft bürgerlichen Rechts",https://www.balschbach-martin.de/
Rechtsanwälte Bergemann-Gorski ∙ Conradi ∙ Kazempour ∙ Weber,https://www.kanzlei-worms.de/
Rechtsanwälte Berger & Faoual,https://anwalt-ulm.com/
Rechtsanwälte Bernd Baumann,https://www.rechtsanwalt-serm.de/
Rechtsanwälte Bogdanow & Kollegen,https://www.rae-bogdanow.de/
Rechtsanwälte Brinkmann_Dewert & Partner mbB,https://bdp-essen.de/de/kanzlei/karriere
Rechtsanwälte Bröcker & Neugebauer Rechtsanwälte in Partnerschaft,https://rae-broecker.de/
Rechtsanwälte Brüggemann & Hinners Partnerschaftsgesellschaft mbB,https://www.brueggemann-hinners.de/
Rechtsanwälte Busch · Schneider Partnerschaftsgesellschaft,https://www.busch-schneider.de/
Rechtsanwälte de Greiff & Partner,https://www.de-greiff.de/
Rechtsanwälte Decruppe & Kollegen Kanzlei für Arbeitsrecht,https://www.ra-decruppe.de/
Rechtsanwälte Dietze & Partner Kanzlei Olbernhau,https://www.kanzlei-dietze.de/
"Rechtsanwälte Dlaska, Moumdjian, Bakker Partnergesellschaft mbB",https://dmb.legal/
Rechtsanwalte Dominik Weiser,https://rechtsanwalt-weiser.de/
Rechtsanwälte Dotterweich | Böhler | Schulz,https://www.anwaltskanzlei-dotterweich.de/
Rechtsanwälte Dr. Ahrens und Ahrens,https://www.raa-schleswig.com/
Rechtsanwälte Dr. Bockwoldt & Collegen,https://www.bockwoldt-rechtsanwaelte.de/
Rechtsanwälte Dr. Brezina und Kollegen,https://www.bsrm.de/
Rechtsanwälte Dr. Dammert & Steinforth Partnerschaft mbB,https://www.dammert-steinforth.de/karriere/
"Rechtsanwälte Dr. Hammerla, Lindinger & Collegen",https://www.rae-drhammerla.de/
"Rechtsanwälte Dr. Höckelmann, Berger & Partner, Partnerschaftsgesellschaft mbB",https://hbp-net.de/
Rechtsanwälte Dr. Jochen Leibold,https://leibold-schmid.de/
Rechtsanwälte Dr. Kalsbach & Dr. Buchfink Partnerschaftsgesellschaft mbB,https://www.kalsbach-buchfink.de/
Rechtsanwälte Dr. Kaufmann & Dr. Roesler,https://www.kanzlei-kaufmann-roesler.de/
"Rechtsanwälte Dr. Köllner, Henze und Kollegen GbR",https://www.ra-dr-koellner-ua.de/
Rechtsanwälte Dr. Müller & Kollegen GbR,https://rechtsanwalt-drmueller-kollegen.de/
"Rechtsanwälte Dr. Nüsslein, Sättler PartGmbB",https://www.nuesslein-saettler.de/
"Rechtsanwälte Dr. Ronald Hofmann, Markus Huesmann und Jörg Sodan",https://kanzlei-hhs.de/
Rechtsanwälte Dr. Thomas Mayer Und Kanzlei Christian Fiehl LL.M,https://www.mayer-rechtsanwaelte.de/
"Rechtsanwälte Dr. Thomas Schell, Stephan Köth und Christian Hurek",https://www.kanzlei-skks.de/#Jobs
Rechtsanwälte Ellerbrock + Lenius in Salzgitter,https://www.ellerbrock-lenius.de/
Rechtsanwälte Elsner & Appel,https://rea-cc.de/startseite.html
Rechtsanwälte Feder & Kollegen i. L.,https://www.feder-kollegen.de/
Rechtsanwälte Fries & Herrmann Schloßbergstraße 2,https://fries-herrmann.de/
Rechtsanwälte für Berufsunfähigkeit Ostheim & Klaus PartmbB,https://www.ok-rechtsanwaelte.de/
Rechtsanwälte Geimke & Partner,https://www.kanzlei-geimke.de/
Rechtsanwälte Glöser Hechmat & Kollegen,https://www.mainzer-anwalt.de/
Rechtsanwälte Gockel & Kollegen,https://gockelundkollegen.de/
Rechtsanwälte Goossens Brieger Zechlin PartGmbB,https://goossens-brieger.de/
Rechtsanwälte Gschwendner & Kollegen,https://www.gschwendnerundkollegen.de/
Rechtsanwälte Hahlen & Hahlen Partnerschaft mbB,https://hahlen.eu/
Rechtsanwälte Hahn und Partner,https://www.raehup.de/
Rechtsanwälte Haydn · Deuerlein · Limmer,https://www.rechtsanwalts-kanzlei.de/
Rechtsanwälte Heinrich & Coll.,https://rechtsanwalt-heinrich.de/
Rechtsanwälte Hilliger & Müller,https://www.hilliger-mueller.de/
Rechtsanwälte Hobuß I Wowra – Rechtliches,https://www.hw-anwalt.de/
Rechtsanwälte Höhn und Kollegen,https://www.rechtsanwalt-in-memmingen.de/
Rechtsanwälte Hollmayr - Perl - Dr. Wenzl & Koll,https://www.kanzlei-hollmayr.de/
"Rechtsanwälte Hübner, Brandl & Lindner",https://www.rae-huebner-brandl.de/
"Rechtsanwälte Hundertmark // Rohde Christian Hundertmark, David Rohde",https://kanzlei-hr.de/
Rechtsanwälte Huth und Kindlein,https://jaegerbuttweilerhuth.de/
Rechtsanwälte Ill Dr. Tripp & Ludwig,https://dr-tripp-ludwig.de/
Rechtsanwälte Klein II & Schütte,https://www.ksvp.de/
Rechtsanwälte König & Dey GbR,https://www.koenig-dey.de/
Rechtsanwälte Kubik & Kollegen,https://www.rae-kubik.de/
Rechtsanwälte Lampe & Rödiger,https://www.lampe-und-roediger.de/
Rechtsanwälte Landstorfer & Neusiedler,https://www.rechtsanwalt-muenchen.info/
Rechtsanwälte Lechner & Lechner GbR,https://www.rechtsanwaelte-lechner.de/
Rechtsanwälte Leipzig Friedrich | Blasig–Vonderlin | Höfler | Voges in Bürogemeinschaft,https://www.rechtsanwaelte-leipzig.net/
Rechtsanwälte Lührmann & Marquaß,https://www.ra-luehrmann.de/
Rechtsanwälte Lutz & Kerschner*,https://www.rae-in.de/
Rechtsanwälte Meinecke & Meinecke GbR,https://meinecke.com/
Rechtsanwälte Michael Pommerening und Dirk Breitenbach,https://www.rae-wandsbek.de/
Rechtsanwälte Modl & Coll.,https://ramodl.de/
Rechtsanwälte Möhler & Möhler,https://www.raemoehler.de/
Rechtsanwälte Mook,https://mook-law.de/neuigkeiten/
Rechtsanwälte Nanda & Ballentin in Bürogemeinschaft,https://www.rechtsanwalt-memmingen.eu/
Rechtsanwälte Nopper & vom Schloß,https://www.nopper-vomschloss.de/
"Rechtsanwälte Orthband, Kuhfuß & Ratajczak",https://www.rae-orthbandt-kuhfuss.de/
Rechtsanwälte PETERS & PARTNER,https://www.rae-peters-partner.de/
Rechtsanwälte Pfeifer und Kollegen,https://www.anwaltskanzlei-chemnitz.de/
"Rechtsanwälte Prof. Dr. Haffke, Kahlert, Dr. Schnabl in Bürogemeinschaft mit Prof. Dr. Dr. h.c. Beulke",https://rechtsanwaelte-villa.de/
Rechtsanwälte Pusch & Graf,https://www.rechtsanwaelte-pusch-und-graf.com/
Rechtsanwälte Ralf Hannig und Bernd Trede,https://www.hannigundtrede.de/
"Rechtsanwälte Rapräger, Hoffmann & Partner",https://rapraeger.de/karriere/
"Rechtsanwälte Reinhard Lebek, Anna Lindenberg und Jörg Seppelt",https://www.rae-bos.de/
"Rechtsanwälte Reissner, Ernst & Kollegen",https://rechtsanwaelte-augsburg-starnberg.de/
Rechtsanwälte Ritzer Gelhorn Reber,https://ra-ritzer-gelhorn.com/
Rechtsanwälte Schulz & Heine,https://www.rechtsanwaelte-schulz-heine.de/
Rechtsanwälte SCHWAMBORN SCHMIDT HEISIG,https://www.schwamborn-schmidt-heisig.eu/
Rechtsanwälte Sieweke bieten,https://www.rechtsanwaelte-sieweke.de/
Rechtsanwälte Simoneit & Skodda GbR,https://www.simoneit-skodda.de/
Rechtsanwälte Skapczyk und Kollegen,https://ra-skapczyk.de/
Rechtsanwälte Stefan Kruse & Dirk Brüderle,https://www.der-jurist.com
RECHTSANWÄLTE STERN HÜBNER DRIES WÜRKER Partnergesellschaft in Nürnberg | Berlin,https://www.rae-shd.de/
Rechtsanwälte Stiletto Wilhelm & Kollegen,https://www.ra-stiletto.de/
Rechtsanwälte Ulbrich,https://www.ra-ulbrich.de/
"Rechtsanwälte und Fachanwälte Herden, Puskas, Krüger & Nelsen",https://www.rechtsanwalt-haupthoff-herden-arbeitsrecht-hamburg.de/
Rechtsanwälte und Fachanwälte in Bürogemeinschaft,https://www.rae-msl.de/home.html
"Rechtsanwälte und Fachanwälte in Bürogemeinschaft Dr. Henning Hillers, Dr. Michael Streit, Dr. Jörg Behrends",https://www.hsc-ol.de/
Rechtsanwälte und Notar Petersen | Hamann eGbR,https://kanzlei-luechow.de/
Rechtsanwälte und Notar Schwohnke & Feike,https://www.kanzlei-schwerte.de/
"Rechtsanwälte und Notare Theune, Dr. Rohleder, Bartosch, Klöhn, Partnerschaftsgesellschaft",https://www.theune-rohleder.de
Rechtsanwälte und Notarin Ewald & Ewald-Müller § Waller Heerstr.,https://www.rechtsanwaelte-ewald.de/
Rechtsanwälte Vohmann & Kollegen in Wuppertal,https://www.advok.de/karriere/
"Rechtsanwälte Volz, Angelstorf, Manok, Lehmann & Partner mbB i. L.",https://www.rae-volz.de/start-i-l.html
Rechtsanwälte Waizenhöfer und Kollegen GbR,https://www.ra-waizenhoefer.de/
Rechtsanwälte Wimmers,https://www.multi-media-recht.de/
Rechtsanwälte Zipper & Partner,rechtsanwalt-schwetzingen.de
Rechtsanwältin & Fachanwältin für Familienrecht,https://www.rechtsanwalt-halver.de/
Rechtsanwältin / Fachanwältin Alexandra Passek,https://www.ra-passek.de/home.html
Rechtsanwältin Alexandra Kulig,https://www.ra-kulig.de/
Rechtsanwältin Alexandra Siemering,https://www.kanzlei-siemering.de/
Rechtsanwältin Angelika Riehl-Michaelis,https://www.riehl-michaelis.de/
Rechtsanwältin Anja Kollmann,https://www.kanzlei-kollmann.de/
Rechtsanwältin Anja Studt,https://www.kanzlei-studt.de/
Rechtsanwältin Anne Glinka,https://www.glinka-rechtsanwaeltin.de/
Rechtsanwältin Annemarie Pihale-Alboth,https://www.pihale-alboth.de/
Rechtsanwältin Annette K. Potthoff,https://kanzlei-potthoff.de/
Rechtsanwältin Barbara Lang,https://www.lang-rechtsanwaeltin.de/
Rechtsanwältin Birgit Hildebrandt,https://www.rechtsanwalt-dessau-rosslau.de/
Rechtsanwältin Birgit Raupers in Burgwedel,https://kanzlei-raupers.de/
Rechtsanwältin Britta Möhlenbrock,https://www.ra-moehlenbrock.de/
Rechtsanwältin Catharina Rossmeisl | Fachanwalt Verkehrsrecht und Strafrecht in München,https://www.kanzlei-rossmeisl.de/
Rechtsanwältin Christina Dissmann,https://xn--unfall-anwltin-fib.de/
Rechtsanwältin Christine Bahls,https://www.rechtsanwaeltin-bahls.de/
Rechtsanwältin Christine Kofler KANZLEI KOFLER,https://www.kanzlei-kofler.de/sites/index.php
Rechtsanwältin Denise Himburg,https://www.ra-himburg-berlin.de/
Rechtsanwältin Dornow,https://www.rechtsanwaeltin-dornow.de/
Rechtsanwältin Dr. Babette Gäbhard,https://gaebhard.de/
Rechtsanwältin Dr. Christine Conrad,https://www.conrad-recht.de/
Rechtsanwältin Dr. Cornelia Walther,https://ra-dr-walther.de/
Rechtsanwältin Dr. Vanessa Kazak,https://www.kanzlei-dr-kazak.de/
Rechtsanwältin Fachanwältin für Familienrecht Mediatorin,https://www.ra-obexer.de/
Rechtsanwältin Frauke Nissen,https://www.rechtsanwaeltin-nissen.de/
Rechtsanwältin Helga Schäfer Fachanwältin für Familienrecht,https://kanzlei-schaefer-mainz.de/
Rechtsanwältin Ilka Prokopp,https://www.ra-prokopp.de/
Rechtsanwältin Ingrid Brand-Hückstädt,https://www.brand-hueckstaedt.de/werdegang.htm
Rechtsanwaltin Jacqueline Stoewenau-Mann,https://www.stoewenau-mann.de/
Rechtsanwältin Judith Andreas-Oltersdorf,https://www.rechtsanwalt-oltersdorf.de/
Rechtsanwältin Judith Weidemann,https://www.scheidung-potsdam.de/
Rechtsanwältin Julia Heims / J. Heims,https://www.fachanwaeltin-familienrecht.com/
Rechtsanwältin Julia Tomczyk,https://www.advocatonline.de/
Rechtsanwältin Kirsten Brückner-Schneider Rechtsanwältin Monika Roas Rechtsanwältin Ute Hennig,https://kanzlei-sabs.de/
Rechtsanwältin Margot Rheinheimer-Bradtke,https://www.ra-rheinheimer.de/
Rechtsanwältin Marina Meissner,https://www.anwalt-pirna.de/
Rechtsanwältin Maximiliane Loebel,https://loebel.net/
Rechtsanwältin Meike Lindenlauf-Klein und Rechtsanwalt Henning Klein,https://www.lindenlauf-klein.de/
Rechtsanwältin Millich,https://www.rae-millich-schmidt.de/
Rechtsanwältin Nicole Prior,https://ra-prior.de/
Rechtsanwältin Nicole Vieker und Rechtsanwalt Stefan Chatziparaskewas,https://rae-vc.de/
Rechtsanwältin Nina Ettl,https://www.kanzlei-ettl.de/
Rechtsanwältin Ritwa J. Stahl,https://www.rechtsanwalt.sh/
Rechtsanwältin Sabine Hein,https://rechtsanwaeltin-hein.de/
Rechtsanwältin Sabine Katja Schebur,https://www.schebur-recht.de/
Rechtsanwältin Sabine Köker,https://www.koekerstodte.de/
Rechtsanwältin Sandra Dröge-Thülig,https://www.kanzlei-beckum.de/
Rechtsanwältin Sandra Segl,https://scheidung-online-kanzlei.de/
Rechtsanwältin Silke Wollburg,https://www.anwaltskanzlei-wollburg.de/
Rechtsanwältin Silvia Mitter und Rechtsanwalt Victor Mitter,https://www.rechtsanwaltskanzlei-mitter.de/
Rechtsanwältin Simone Sperling,https://www.anwaltskanzlei-sperling.de/
Rechtsanwältin Stephanie Schlund,https://kanzlei-schlund.de/
Rechtsanwältin Stephanie Vogt,https://www.kanzlei-vogt.de/
Rechtsanwältin Susann Kracht-Vorholzer,https://www.ra-kracht-vorholzer.de/
Rechtsanwältin Susanne G. E. Richwien,https://www.ra-richwien.de/
Rechtsanwältin Susanne Haussmann,https://kanzlei-haussmann.de/
Rechtsanwältin Susanne Schäfer,https://www.schaefer-fr.de/
Rechtsanwältin Susanne Teichmann,https://kanzlei-teichmann.de/
Rechtsanwältin und Fachanwältin,https://www.it-fachanwaeltin.de/
Rechtsanwältin und Mediatorin Andrea C. Pischke,https://www.kanzlei-pischke.de/
Rechtsanwältin Witte,https://rechtsanwaeltin-witte.de/
Rechtsanwältinnen Böhmer-Kitschenberg,https://anwaeltinnen.org/
Rechtsanwältinnen und Rechtsanwälte der Pierro & Pierro Anwaltskanzlei PartmbB,https://pierropierro.de/
rechtsanwaltlaumann,https://www.rechtsanwaltlaumann.de/
rechtsanwaltnuernberg.mobi,https://www.rechtsanwaltnuernberg.mobi/
"Rechtsanwalts- und Steuerberatungskanzlei Tischler, Reiter",https://www.ra-stb-tischler.de/
Rechtsanwalts- und Steuerkanzlei Mueller & Winter,https://www.steuer-recht-kanzlei.de/
"Rechtsanwalts-, Fachanwalts- und Steuerberatungskanzlei",https://www.kanzlei-recht-steuer.de/
"Rechtsanwaltsgesellschaft  Gerats, Hartung & Partner GbR",https://www.ra-hartung.de/
rechtsanwalt-siegfried-m-schwarz,https://www.rechtsanwalt-siegfried-m-schwarz.com/
RECHTSANWALTSKANZEI ULLRICH,https://www.kanzlei-ullrich.de/
Rechtsanwaltskanzlei Andrea Hoffmann,https://www.ra-hoffmann.org/
Rechtsanwaltskanzlei Andreas Will,https://www.ra-andreas-will.de/
Rechtsanwaltskanzlei Anke Teichmann,https://www.ra-anke-teichmann.de/
Rechtsanwaltskanzlei Axel Hohnholz,https://www.kanzlei-hohnholz.de/
Rechtsanwaltskanzlei Back & Kollegen Kaufbeuren,https://www.anwaltskanzlei-back.de/
Rechtsanwaltskanzlei Battenstein & Battenstein,https://battenstein.com/
Rechtsanwaltskanzlei Burgmans Rechtsanwältin Susanne Bender,https://www.kanzlei-burgmans.de/
Rechtsanwaltskanzlei Bürrig. Kanand. Willms. GbR,https://www.bkw-anwalt.com
Rechtsanwaltskanzlei Claußnitzer,https://www.anwaltrostock.de/
Rechtsanwaltskanzlei Cornelia Schorn-Heidkamp,https://www.kanzlei-schorn-heidkamp.de/
Rechtsanwaltskanzlei Dohse,https://www.radohse.de/
Rechtsanwaltskanzlei Dory & Marx,https://dory.de/
Rechtsanwaltskanzlei Dresden RA Kaschube,https://ehe-scheidung-online.de/
Rechtsanwaltskanzlei Ehrmann & Schweininger,https://www.rae-mhe.de/
"Rechtsanwaltskanzlei Engelhard, Busch & Partner GbR",https://www.kanzlei-ebp.de/
Rechtsanwaltskanzlei Eva Sondermann,https://www.kanzlei-sondermann.de/
Rechtsanwaltskanzlei Florian Weiss,https://rechtsanwalt-weiss.info/
Rechtsanwaltskanzlei Hebinger Inhaber Rechtsanwalt Stefan Hebinger,https://www.ihrjurist.com/
"Rechtsanwaltskanzlei Hense & Kollegen, Bad Langensalza",https://www.ra-hense.de/
"Rechtsanwaltskanzlei Herbert, Koch & Schatz",https://anwalt-offenbach.de/wordpress/
Rechtsanwaltskanzlei Hermann,https://www.ra-sabine-hermann.de/
Rechtsanwaltskanzlei Hofmann & Hofmann,https://www.ra-hofmann-regensburg.de/
Rechtsanwaltskanzlei Jürgen Seidl,https://rechtsanwalt-seidl.de/
Rechtsanwaltskanzlei Jutta-Brigitte Burmeister,https://www.anwaelte-burmeister.de/
Rechtsanwaltskanzlei Karthein & Kollegen,https://www.rechtsanwalt-karthein-und-kollegen.de/
Rechtsanwaltskanzlei Kaschube,https://kanzlei-kaschube.de/
Rechtsanwaltskanzlei Kim Eva Werner-Thrien,https://www.kanzlei-altenessen.de/
RECHTS­ANWALTS­KANZLEI KLAR,https://www.anwalt-klar.de/
Rechtsanwaltskanzlei Knut Schützendübel,https://rechtsanwalt-schuetzenduebel.de/
Rechtsanwaltskanzlei Könicke,https://koenicke-rechtsanwalt.de/
Rechtsanwaltskanzlei Landmann,https://www.ralandmann.de/
Rechtsanwaltskanzlei Manfred Erb,https://www.rechtsanwalt-erb.de/home.html
Rechtsanwaltskanzlei Martin Lauppe-Assmann,https://www.lauppe-assmann.de/
Rechtsanwaltskanzlei Michael Kaiser,https://www.ra-kaiser.eu/
Rechtsanwaltskanzlei Michael Zimmermann,https://rechtsanwaltbochum.de/
Rechtsanwaltskanzlei PECHER,https://pecher.com/
Rechtsanwaltskanzlei Petra Posner-Wendt,https://posner-wendt.de/
Rechtsanwaltskanzlei Plambeck Böttcher Trümper,https://www.raepbt.de/
Rechtsanwaltskanzlei Professor Mayer & Kollegen,https://www.prof-mayer-kollegen.de/
Rechtsanwaltskanzlei Rainer Gruler und Walter Möhrle,https://www.rechtsanwaelte-gruler-moehrle.de/
Rechtsanwaltskanzlei Remdt,https://www.rechtsanwaltskanzlei-remdt.de/
Rechtsanwaltskanzlei Roman Pyko,https://www.rechtsanwalt-pyko.de/
Rechtsanwaltskanzlei Saeftel & Kollegen aus Mannheim,https://www.ma-law.de/
Rechtsanwaltskanzlei Samy Hammad,https://www.hammad.de/
Rechtsanwaltskanzlei Schaalo,https://www.rechtsanwaltschaalo.de/
Rechtsanwaltskanzlei Schötz – Heinrich,https://kanzlei-rossleben.de/
Rechtsanwaltskanzlei Silke Birkenmaier-Wagner,https://familienrecht-birkenmaier.de/
Rechtsanwaltskanzlei Staab & Kollegen,https://www.staab-kollegen.com/karriere/
Rechtsanwaltskanzlei Sylvia Weiße,https://www.kanzlei-weisse.de/
Rechtsanwaltskanzlei Thomas Großmann,https://www.anwaltskanzlei-grossmann.de/
Rechtsanwaltskanzlei Thomas Schmidt,https://anwalt-schmidt.com/
Rechtsanwaltskanzlei Tom Martini,https://ra-martini.de/
Rechtsanwaltskanzlei Tschautscher-Bonk,https://www.rechtsanwaltskanzlei-tschautscher-bonk.de/
Rechtsanwaltskanzlei Verkamp & Verkamp GbR,https://www.ra-verkamp.de/
Rechtsanwaltskanzlei Viol Rechtsanwalt Michael Viol,https://www.rechtsanwaltskanzlei-viol.de/
Rechtsanwaltskanzlei von Preuschen,https://www.kanzlei-vonpreuschen.de/
Rechtsanwaltskanzlei WTW & Kollegen,https://kanzlei-wtw.de/karriere.php
Rechtsanwaltskanzlei Yasmin Rabhi,https://www.anwaltskanzlei-rabhi.de/
Rechtsanwaltspraxis Rainer Klein,https://www.kanzlei-tesche.de/
Rechtsanwaltssozietät Fochler & Collegen,https://www.fochler-collegen.de/
Rechtsawalte Dr. Schilde Fochler Kröger,https://www.sfk-recht.de/
rechtsinformer Rechtsanwälte – Pflug und Partner mbB,https://rechtsinformer.de/
Reck Law & Mediation Law Firm Construction Law Crafts Law Real Estate Law,https://www.kanzlei-reck.de/
Rehborn,rehborn.de
Reiners Rogge Rechtsanwälte,https://www.rr-anwalt.de/
REINHARD UND DWORAZIK RECHTSANWALTE NOTARE,https://www.ra-reinhard.de/
REINHARDT & KOLLEGEN Rechtsanwälte und Insolvenzverwalter GmbH Rechtsanwaltsgesellschaft,https://www.reinhardt-rechtsanwaelte.de/de/kanzlei/karriere
Reissenberger Rechtsanwälte,https://www.reissenberger.com/kanzlei/jobs/
Reissmann & Künstle Dagmar Hitzfeld Rechtsanwälte.,https://www.kanzlei-loerrach.de/
Reissner Erst & Kollegen,www.rechtsanwaelte-augsburg-starnberg.de
Reppel Seekamp Bausen - Rechtsanwälte Fachanwälte Partnerschaft mbB,https://www.kanzlei-siegerland.de/
Resch Rechtsanwälte,resch-rechtsanwaelte.de
ResNova,https://resnova.de
Rettenmaier,https://www.rettenmaier-frankfurt.de/
Ribet Buse Rechtsanwälte,https://www.sdrb.de/
Risto Hansen Rechtsanwälte Partnerschaft mbB,https://www.kanzlei-risto.de/
rk-koeln,https://www.rk-koeln.de/
Robert Düpmeier RECHTSANWÄLTE,https://rechtsanwalt-duepmeier.de/
"Rohpeter, Schwinn & Damm Rechtsanwälte PartG mbB",https://medizinrechtskanzlei.net/
Rohwedder & Partner Rechtsanwälte,https://rohwedder-partner.de/karriere/
Rosenkranz,ra-ros.de
Rosenkranz Oehler von Malotky,www.rosenkranz-oehler.de
RRT Rechtsanwälte Rechtsanwaltskanzlei Köln,https://www.rrt-koeln.de/
RSW | Fischer & Coll. Rechtsanwaltsgesellschaft mbH,rsw.legal
RSW Beratung Dr. Bock und Partner mbB Rechtsanwälte und Steuerberater,https://www.rsw-beratung.de/aktuelles/karriere
Ruge und Partner GbR Rechtsanwälte und Fachanwälte,https://www.ruge-partner.de/
Ruhmann Peters Altmeyer,https://www.rpa-kanzlei.de/
Rüsch ∙ Matheja,https://www.ra-matheja.de/
Rütz & Succi,https://bensheim-kanzlei.de/
s·f·c Rechtsanwälte · Strafverteidigerbüro · Heidelberg und Mannheim,https://www.rae-sfc.de/
SAATHOFF HABE BÜHRE Rechtsanwälte · Fachanwälte,https://ra-shb.de/
Sabine Keßler Rechtsanwältin Fachanwältin für Familienrecht,https://www.anwaltskanzlei-kessler.com/
Salger,salger.com
Sander & Krüger,https://www.sander-krueger.de
Sandkuhl Bellinghausen,https://sandkuhlbellinghausen.de
SBL Rechtsanwaltsgesellschaft mbH,https://www.kanzlei-sbl.de/karriere/
Schacht Rechtsanwälte PartGmbB,https://www.dres-schacht.de/
SCHARDEY · SIMONS · LORENZ Rechtsanwälte Partnerschaftsgesellschaft mbB,https://schardey.de/
SCHEIDEL Rechtsanwaltskanzlei,https://www.raescheidel.de/
Scheja und Partner Rechtsanwälte mbB,https://www.scheja-partner.de/kanzlei/jobs.html
Schellenberg Unternehmeranwälte,https://unternehmeranwaelte.de/karriere/
Scheubert & Kollegen,https://www.speyer-anwaelte.de/
SCHIEDER UND PARTNER Rechtsanwälte,https://rae-schieder.de/
"Schiffer & Partner Rechtsanwälte in Partnerschaft mbB (SP§P),",https://www.schiffer.de/
Schilling Tute,schillingtute.de
"Schimmel Steuerberater, Wirtschaftsprüfer",https://www.schimmel.co/karriere/
Schlawien,schlawien.de
Schleswig-Holsteinische Rechtsanwaltskammer,https://www.rechtsanwalt-dupre.de/
Schmidt Kreimer Bittermann,https://legal-tax-solutions.com
Schmidt Neidlinger Gerken Rechtsanwälte Partnerschaft,https://www.schmidt-neidlinger.de/
Schmidt Rechtsanwälte,https://www.schmidt-rechtsanwaelte.de/
Schmolz + Partner,schmolz.de
Schneider & Kollegen,https://www.schneider-kollegen.de/
Schneider Rechtsanwälte,schneiderrechtsanwaelte.de
Schneider Rechtsanwälte,www.rechtsanwalt-schneider-duesseldorf.de
Schneider Schultehinrichs,https://rae-sus.de
Schnuhr & Westphal Rechtsanwälte und Notar a.D.,https://www.schnuhr-westphal.de/
Schrade & Partner,schrade-partner.de
SCHRICK Rechtsanwälte,https://schrick.org/
SCHÜLER-BOLDT & BANSNER Rechtsanwälte in Sozietät,https://www.ra-bansner.de/
Schultheis und Partner Notare und Rechtsanwälte in Fulda,https://ra-schultheis.de/
Schulz - Sozien,https://st-sozien.de/
Schulz Law Firm,https://www.anwaltskanzleischulzstolberg.de/
Schulz Nickel Schulz Rechtsanwälte Partnerschaftsgesellschaft mit beschränkter Berufshaftung,https://ra-sns.de/
Schulz Wagner Rechtsanwälte,https://schulz-wagner.com
Schwab & Kollegen Rechtsanwälte und Notar,https://www.ra-schwab-hungen.de/
Schweitzer & Schweitzer GbR,https://www.rae-schweitzer.de/
"Schwemer, Titz & Tötter Rechtsanwälte, Wirtschaftsprüfer, Steuerberater Partnerschaftsgesellschaft",https://stt.de/karriere.html
Sebastian Schnabel Rechtsanwalt,https://www.kanzlei-sch.de/
SEGELKEN & SUCHOPAR Rechtsanwälte,https://www.sesu.de/#!/karriere
Segger,https://www.segger-law.de/karriere-1.html
SES Berlin,ses-legal.de
SESU Segelken & Suchopar Rechtsanwälte PartmbB,https://www.sesu.de/karriere
sfc Rechtsanwälte,rae-sfc.de
SHS Rechtsanwälte & Notarin in Hannover,https://www.shs-hannover.de/
SiDIT legal GbR,https://www.kanzlei-loos.de/
Sievers & Kollegen Rechtsanwaltskanzlei,https://sievers-kollegen.de/karriere/
Sigrid C. Reinthaler Rechtsanwältin,https://www.kanzlei-reinthaler.de/
Sinapius Rechtsanwälte GbR,https://www.gerichtsplatz.de/
"Skadden, Arps, Slate, Meagher & Flom LLP and Affiliates",https://www.skadden.com/careers/staff/opportunities/non-us-opportunities
SKM Rechtsanwälte,https://www.skm-rechtsanwaelte.de/stellenausschreibungen/
SMH Rechtsanwälte Reiner Marzahn Schmidt Schorsch,https://smh.de/
SOMMER & SOMMER steuern-und-recht,https://www.steuern-und-recht.de/
Sozietät Michelske,https://kanzlei-michelske.de/
Sozietät Ossenkopp,https://www.ossenkopp-notar.de
Spangenberg,spangenberg.de
Spieß Schumacher Schmieg & Partner Rechtsanwälte mbB,https://www.3s-p.de/
Spliedt Rechtsanwälte,https://ra-spliedt.com
Squire Patton Boggs,https://www.squirepattonboggs.com/de
SSB Söder Berlinger,https://www.ssblaw.de
SSR Sieger + Kersting Rechtsanwälte PartGmbB,https://www.kanzlei-ssr.de/
Stahl & Kessler,https://www.sk-stuttgart.de
Stähler Rechtsanwälte,https://www.staehler-rae.de/karriere
STAIB & PARTNER Rechtsanwälte,https://staib-partner.de/
staib-partner,https://www.staib-partner.de/
STAPPER | JACOBI | SCHÄDLICH RECHTSANWÄLTE – PARTNERSCHAFT,https://stapper.in/team/karriere/
STARKE RECHTSANWÄLTE PartGmbB,https://www.starke-rechtsanwaelte.de/rechtsanwaltskanzlei/jobs/
Stefan Düning Rechtsanwalt Fachanwalt für Mietrecht und Wohnungseigentumsrecht,https://www.ra-duening.de/
Stefan Scherer Rechtsanwalt und Notar Fachanwalt für Familienrecht Fachanwalt für Arbeitsrecht,https://www.rascherer.de/
Stefanie Conrad Rechtsanwältin,https://kanzleiconrad.de/
STEFFEN KINDT Rechtsanwalt und Fachanwalt für Verkehrsrecht,https://www.rechtsanwalt-kindt.de/
Steffens Stolpe Brandt Rechtsanwälte & Steuerberater Partnerschaftsgesellschaft,https://www.ssb-rechtsanwaelte.de/kontakt/#karrierechancen
stege | köster | pietzka rechtsanwälte & rentenberaterin (angestellt),https://www.anwaltskanzlei-freie-hansestadt-bremen.de/
Steinhauer Wilden Simon - Rechtsanwälte Partnerschaftsgesellschaft mbB,https://www.sws-rechtsanwaelte.de
STEINHUSEN Rechtsanwälte Fachanwälte Notare,https://steinhusen-flensburg.de/karriere
Steiniger Rechtsanwaltsgesellschaft mbH,https://www.baurecht-anwalt-verkehrsrecht.de/
Steuerberater-Weissenhorn.de,https://steuerberater-weissenhorn.de
Steuerfachanwaltskanzlei Faltermeier Jürgen Faltermeier Rechtsanwalt Fachanwalt für Steuerrecht,https://www.ra-faltermeier.de/
Stieger Rechtsanwälte,https://www.stieger-rechtsanwaelte.de/
Stöcker Rechtsanwälte & Fachanwälte Notare,www.anwaelte-herne.de
Stoppelkamp Rechtsanwälte,https://www.kanzlei-stoppelkamp.de/
Straßer Ventroni Freytag,https://www.svf-law.de
Strate und Ventzke,strate.net
"Susanne Fitting-Perlak - Rechtsanwälte Schwolow, Fitting-Perlak & Kollegen",https://ra-perlak.de/
Süß Rechtsanwälte PartG mbB,https://www.gesetz-dem-fall.de/
Sven Tamoschus und Christiene Inselmann Rechtsanwälte,https://anwalt-dessau.de/
SvS Sidhu von Saucken,svs-law.de
Swiss Krono USA,swisskrono.com
SZYNKA SMORODIN,sz-sm.de
Taliens,https://taliens.com/career/
Tanja Ruperti Rechtsanwältin Fachanwältin für Arbeitsrecht,https://ruperti-arbeitsrecht.de/
TBK-Patent,tbk.com
Tempel & Kollegen Rechtsanwälte,https://www.ra-tempel.de/
Thomas Deckers Wehnert Elsner,https://tdwe.de
Thomas Schuric Rechtsanwalt,https://www.schuldnerberatung-anwalt.de/
Thomas Wagner Rechtsanwalt und Notar,https://www.rechtsanwaltwagner.de/
Tina Engemann-Schrage & Jens Wölke Rechtsanwälte,https://www.engemann-woelke.de/
Tino Rüttinger Rechtsanwalt,https://www.ra-ruettinger.de/
Toussaint & Schmitt,https://toussaint-schmitt.de
TRENTMANN PartGmbB Rechtsanwälte,https://www.trentmann.info
Tritschler Maier Mager Fachanwälte (Partnerschaftsgesellschaft),https://kanzlei-vs.de/
Uhlenbruch,https://www.rechtsanwaelte-uhlenbruch.de/
Ulrich Rigo Rechtsanwalt,https://kanzlei-rigo.de/
Ulrich Sedlmeyer Rechtsanwalt,https://www.anwaltskanzlei-sedlmeyer.de/
Unfried & Kollegen,unfried-kollegen.de
Upleger & Quast,https://upleger-quast.de
v. Berg - Rechtsanwälte,https://www.b-b-z.de/
v. Einem & Partner mbB Rechtsanwälte,https://einem.de/karriere/
V. Keussler,https://www.keussler.com
Valbeek,valbeek.de
"Verband der Haus-, Wohnungs- u. Grundeigentümer Freiburg",https://jobportal-suedbaden.de/haus-und-grund-freiburg/
Verte,https://verte.law/de/karriere
VKK Patentanwälte,vkkpatent.com
Volker Blees Rechtsanwalt,https://www.ra-blees.de/
Volker Mayer-Lay,https://mayer-lay-bundestag.de
von Máriássy Dr. von Stetten Degenhard Rill,vonmariassy.de
VONPELCHRZIM Strafverteidiger,pelchrzim.de
W+ST,w-st.de
Wagner Legal,https://www.wagner-legal.eu/kartellrecht/de/karriere.php
Wahler & Partner,wahler.tax
Walprecht Kanzlei Fur Reiserecht,https://www.reiserechtsanwalt.com/
Walter Stadelmeyer Steuer- und Rechtsanwaltskanzlei,https://www.stadelmeyer.de/
Wannemacher & Partner Rechtsanwälte mbB,https://www.wannemacher-partner.de/
Weber Legal,weber-legal.com
Weitnauer,weitnauer.net
Werler & Bielefeld GbR,https://www.kanzlei-werler.de/
Wesch & Buchenroth Rechtsanwälte Partnerschaftsgesellschaft mbB,https://www.wesch-buchenroth.com/de
WEYR I CH Rechtsanwälte PartG mbB,http://rae-weyrich.de/de/karriere/
Wicker Schütz,https://wicker-schuetz.de
Widera und Kollegen Rechtsanwalte und insolvenzverwaltungen,https://www.insoverwalter.com/
Wiese Lukas,https://www.wieselukas.de/
Wildanger Kehrwald Graf v. Schwerin & Partner mbB Rechtsanwälte,https://www.wildanger.eu/karriere/
Wilhelm & Kollegen,https://www.insolvenzverwalter-hannover.de/kanzlei/jobs-karriere
Willkommen bei Rechtsanwälte Schernikau GbR,https://psbr.de/
WilmerHale,https://www.wilmerhale.com/de-de/careers/jobs-at-wilmerhale
Wimmers Rechtsanwälte,wimmers.de
Winter Rechtsanwälte und Steuerberater Partnerschaftsgesellschaft mbB,https://www.rechtsanwaelte-bergisch-gladbach.de/karriere.aspx
WIPIT,wipit.legal
Wirmer Rechtsanwälte & Notare,https://wirmer-rechtsanwaelte.de/
WÖBBECKE Rechtsanwälte,https://www.ra-woebbecke.de/
"Wöhlermann, Lorenz & Partner",https://www.wlplaw.de
Wolff Schultze Kieferle,https://www.wsk-arbeitsrecht.com
Wolfgang Berndt Rechtsanwälte,https://www.berndt-beeskow.de/
Wolfgang Roth Rechtsanwalt und Fachanwalt für Erbrecht Testamentsvollstrecker,https://www.erbrechtsexperte.de/
Wolfram Batzner Rechtsanwalt Fachanwalt für Erbrecht,https://www.anwalt-batzner.de/Stellenanzeige.html
Wollweber,wollweber-law.de
WZM Wanner Zahn Machander Partnergesellschaft mbB,wzm-law.de
Yklaw,yklaw.de
Zachmann & Partner Rechtsanwälte,https://zachmann.law/
Zahnarztpraxis Köln Mitte,www.zahnarztpraxis-koeln-mitte.de
Zahneins,www.zahneins.com
Zinger Strachwitz Rechtsanwälte Partnerschaft mbB,https://www.zslaw.de
ZinnBöcker,https://zinnboecker.com
Zuhorn und Partner GbR,zuhorn.de
Rödl GmbH Rechtsanwaltsgesellschaft Steuerberatungsgesellschaft,https://jobs.roedl.com/go/Offene-Stellen-Rechtsberatung/4307501/
Ehlers & Feldmeier Rechtsanwäte Notare,https://www.ehlers-feldmeier.de/karriere
Nieding + Barth,https://www.niedingbarth.de/career
Schlun & Elseven Rechtsanwälte PartG,https://www.se-legal.de/karriere
schwarzpartners.de,https://schwarzpartners.de/karriere
CWS Deutschland,https://cws.com/de-DE/karriere
Diekmann rechtsanwälte,https://www.diekmann-rechtsanwaelte.de/karriere/
Dr. Schmitt & Kollegen,https://www.schmitt-kanzlei.de/karriere
Kraus & Weisert Patentanwälte PartGmbB,https://www.kraus-weisert.de/de/karriere
mek rechtsanwaltsgesellschaft mbh,https://www.mek-law.de/karriere
Penning Horn Bethke Notare,https://penning-horn.de/karriere
PGW Pecunia,https://www.pgw-partner.de/stellenboerse/
Schork Kauffmann Bremenkamp,https://skb-legal.com/karriere/
Urwantschky Jacobsen,https://ujp.law/karriere
WWS Gruppe,https://www.wws-gruppe.de/jobs/
ZIEMS Kanzlei an der Stadtkrone,https://www.kanzlei-an-der-stadtkrone.de/karriere
axis Rechtsanwälte GmbH Rechtsanwaltsgesellschaft,https://axis.de/karriere
HGRS,https://hgrs.eu/karriere
HSP Steuerberater,https://hsp-kanzlei.com/jobs/
"Kampmeier und Dr. Tietz, Rechtsanwälte und Notare",https://www.kampmeier-tietz.de/karriere.html
NIERFELD Rechtsanwaltskanzlei,https://www.rechtsanwalt-nierfeld.de/wp-content/uploads/Bewerbung-Essen-Rechtsanwaltskanzlei.jpg
Ritter Gent Collegen,https://ritter-gent.de/karriere
schlueter-grafde,https://www.schlueter-graf.de/de/karriere
SCHLÜTER GRAF Rechtsanwälte PartG mbB,https://schlueter-graf.de/de/karriere
STK Rechtsanwälte,https://www.stk-recht.de/jobs/
TGH Thomas Rechtsanwälte Partnerschaftsgesellschaft mbB,https://www.tgh-thomas.de/karriere
TOPJUS Rechtsanwälte Kupferschmid & Partner,https://topjus.de/karriere
hasenkamp,https://hasenkamp.com/de/karriere
armedis RECHTSANWÄLTE,https://armedis.de/karriere
Auditax Group,https://auditax.de/karriere/
BKS Steuerberatungsgesellschaft in Partnerschaft mbB,https://bks-stbg.de/bks-steuerberatungsgesellschaft-karriere.html
Dr. Kohring & Kollegen,https://nwph.rechtsanwalt-kohring.de/400-2/
Hertin & Partner Berlin,https://www.hertin.de/jobs
IHDE & Partner RA,https://ihde.de/karriere/
Kanzlei Kunke Rechtsanwälte PartG mbB,https://kanzlei-kunke.de/karriere
KDU Krist Deller & Partner,https://krist-kollegen.de/karriere/
Lehmkühler Rechtsanwälte,https://www.lehmkuehler-rechtsanwaelte.de/kanzlei/karriere/
LINDNER BLAUMEIER,https://norispatent.com/karriere
Notare Najdecki & Kroier,https://nk-muc.de/karriere
Pair Finance,https://www.pairfinance.com/karriere
RIEDLINGER Partnerschaftsgesellschaft mbB,https://riedlinger-partner.de/karriere/
Rose & Partner,https://rosepartner.de/stellenangebot-rechtsanwalt-refa-referendariat.html
Uhl & Partner,https://www.uhl-partner.de/karriere/
Kopp-Assenmacher,https://kopp-assenmacher.de/files/upload/karriere/Stellenausschreibungen-Referendar.pdf
Benesch & Partner,https://benesch.de/karriere/
Corvel,https://www.corvel.de/de/about/karriere?i=1
GERKEN Rechtsanwälte,https://wir-steuern-recht.de/karriere/
Lützenkirchen Rechtsanwälte Part mbB,https://www.kanzlei-fuer-mietrecht.de/karriere
Malte Volker Familienanwälte,https://www.familienanwalt-bs.de/karriere
Pachmann Schuback Khan,https://www.psk-legal.de/karriere
Paschen Rechtsanwälte,https://www.paschen.cc/karriere/
STRITTER SCHWARZ,https://kanzlei-stritter.de/karriere
TIGGES Rechtsanwälte Partnerschaft mbB,https://www.tigges.legal/karriere
TSI Consumer Goods,https://www.tsi.de/karriere/fmcg-jobs-deutschlandweit/
vom Berg Rechtsanwälte,https://www.vomberg.org/karriere/
Anwaltskanzlei Reitstötter Kinzebach,https://www.kinzebach.de/karriere
AudTax,https://aud.tax/karriere
BGP Rechtsanwälte,https://bgp-partner.de/karriere/
Dr. Kleffmann und Partner Rechtsanwälte,https://www.dr-kleffmann.de/karriere/stellenangebote
E/L/P,https://elp-partners.de/karriere/
erbrechtler,https://erbrechtler.com/karriere/
Heidemann & Dr. Nast Rechtsanwälte,https://www.heidemann-drnast.de/de/karriere
HGW  Hoge Gutsche Walter Rechtsanwälte,https://hgw.de/_rubric/index.php?rubric=DE++Karriere
HLL Rechtsanwälte PartGmbB,https://www.hollender-partner.de/de/rechtsanwalt-erbrecht-moenchengladbach.html
Hollender,https://hollender-partner.de/de/rechtsanwalt-erbrecht-moenchengladbach.html
Jennißen und Partner Rechtsanwälte Steuerberater mbB,https://wir-jennissen.de/karriere
JORZIG Rechtsanwälte,https://jorzig.de/stellenangebote.html
Klostermann Schmidt Monstadt Eisbrecher,https://www.klostermann-rae.de/karriere
KSR Rechtsanwaltskanzlei,https://www.ksr-law.de/karriere
on-collect,https://on-collect.de/karriere
Pinkvoss • Dahlmann & Partner,https://pd-partner.de/karriere/
Pragal & Prinzenberg,https://pragal-prinzenberg.de/karriere
Prinz,https://prinz.law/jobs
Schäufele Zerfowski Holderbaum,https://rechtsanwaelte-szh.de/karriere/
Schneider Versicherungsrecht,https://schneider-law.de/kanzlei/karriere/
"Schoppe, Zimmermann, Stöckeler, Zinkler, Schenk & Partner mbB Patentanwälte",https://www.schoppe-zimmermann.com/karriere
Schumacher und Partner,https://schumacherundpartner.de/karriere
SFW Arbeitsrecht,https://www.sfw-arbeitsrecht.de/category/jobs-karriere/
SSP-Law,https://www.ssp-law.de/kanzlei/karriere/
Stetter,https://stetter-legal.de/karriere
stetter Rechtsanwälte,https://www.stetterlegal.com/karriere
Stork Bamberger,https://stork-bamberger.de/karriere.html
Vinken · Görtz · Lange und Partner,https://vgl-partner.de/karriere
"Wiegert Werner, Rechtsanwälte, Partnerschaftsgesellschaft mbB",https://wwp-law.de/karriere
CLARIUS.LEGAL,https://clarius.legal/ueber-uns/karriere
"nowak & partner, Steuerberater Rechtsanwalt Part mbB",https://www.nowak-partner.de/karriere
Bressel und Partner Patentanwälte,https://www.patentberlin.com/karriere
c.r.p. law.,https://crp-law.de/karriere
Dillerup & Rohn Rechtsanwälte,https://www.dr-rechtsanwaelte.de/karriere/
Dr. Kleinjohann,https://ra-kleinjohann.de/karriere
Dr. Waldhorn & Partner Rechtsanwälte mbB,https://kanzlei-waldhorn.info/karriere/
esb EWIV Schockenriedstr,https://www.kanzlei.de/karriere
Fuhlrott Arbeitsrecht,https://www.fuhlrott-arbeitsrecht.de/karriere/
Hackstein Reuter Rechtsanwälte,https://www.hackstein-reuter.de/kanzlei/
Hahn Rechtsanwälte PartG mbB,https://hahn-rechtsanwaelte.de/karriere
HSF Hartmann Fuchs + Partner Rechtsanwälte,https://www.hsf-partner.de/careers
JOBE,https://jobe-legal.com/karriere.htm
Kanzlei am Forum,https://kanzleiamforum.de/karriere
mauritz-anwaltskanzlei,https://www.mauritz-anwaltskanzlei.de/Formulare/beratungsstellen.pdf
MBK Rechtsanwälte,https://mbk-rechtsanwaelte.de/karriere/
Michalke Rosskopf,https://www.michalkerosskopf.de/karriere/
Notare Dr. ott & Dr. Zander,https://notare-ott-zander.de/freie-stellen/
PKL,https://www.pkl.com/karriere
PSt Steuerberatungs­gesellschaft Bottrop GmbH,https://ruhrpott-steuerberatung.de/karriere/
RA (BGH) Dr. Erich Waclawik,https://waclawik-bghanwalt.de/karriere.html
"Rechtsanwälte und Steuerberater Seidl, Strobel, Liersch, Beschorner",https://kanzlei-sslb.de/karriere
rospatt,https://rospatt.de/de/karriere
Schulz Junghans Patentanwälte,https://mittepatent.de/karriere
Schwabe Sandmair Marx Patentanwälte Rechtsanwalt Partnerschaft mbB,https://ssmpatent.de/karriere-patentanwalt-muenchen-jobs-bei-ssm-patent/
Steuerberaterkanzlei Kalmaz-Top,https://kalmaz-top.de/jobs/index.php
Strafverteidiger Göbel & Partner,https://strafverteidiger-gp.de/karriere
Voy,https://voy.law/career
Wendelstein,https://www.wendelstein.com/karriere/jobs
Funke Mühe,https://fm-notare.com/wp-content/uploads/2019/05/azur-01-2019-Neuer-Hut.pdf
JUHN Partner,https://www.juhn.com/karriere/
S|H|N|F Rechtsanwälte,https://shnf.de/karriere/
"Dr. Husemann, Bellgardt & Partner mbB",https://hbp-group.de/karriere
Aderhold,https://www.aderhold.de/notare/karriere
Anhäusser Unger & Bergien,https://anhaeusser.de/karriere/
Axel Mork & Partner AM&P,https://www.mork-partner.de/karriere
Backes & Backes,https://zweibackes.de/karriere/
Beck Rechtsanwälte Partnerschaft mbB,https://becklaw.de/de/karriere/
Blauertz Rechtsanwälte PartG mbB,https://www.blauertz-rechtsanwaelte.de/karriere/stellenanzeige-werkstudent/
Brautlecht + Partner,https://www.brautlecht-partner.de/karriere
Cordula Schah Sedi Rechtsanwältin,https://schah-sedi.de/kind-im-auto-der-eltern-geschaedigt-100-prozent-haftung-beim-gegner/
Dr. Dörr & Kollegen,https://www.doerr-ffm.de/karriere
Dr. Strecker & Hane GbR,https://www.strecker-hane.de/karriere
Dr.Fettweis & Sozien,https://www.fettweis.eu/stellenausschreibungen/
Emslander & Partner Steuerberater und Rechtsanwalt,https://www.emslander-steuer-recht.de/jobs.php
G&P Rechtsanwaltsgesellschaft,https://gplaw.de/karriere
HARTMANN DAHLMANNS JANSEN RECHTSANWÄLTE PARTGMBB,https://www.hd-anwalt.de/meta/karriere
Hausherr Steuerwald,https://hausherr-steuerwald.de/karriere
JASPER Rechtsanwälte,https://jasper-law.com/karriere
karo IP,https://www.karoip.com/karriere/
KebekusPartner Rechtsanwälte PartG mbB,https://kebekuspartner.de/karriere/
LHR Rechtsanwälte Köln,https://lhr-law.de/kanzlei/karriere/
LWS Rechtsanwälte,https://lws-rechtsanwaelte.de/karriere
MAUCHER JENKINS,https://maucherjenkins.com/de/karriere
Meyer & Frey,https://meyer-frey.de/karriere/
MMR,https://mmreinfeld.de/jobs/
"Mourkojannis, Mörschner Attorneys at Law",https://www.mm-law.de/ueber-mm-law/karriere/
MÜLLER SEIDEL VOS,https://muellerseidelvos.de/ihre-karriere-bei-uns/
Nölle & Stoevesandt,https://www.noelle-stoevesandt.de/karriere/
notarin-krewer.de,https://notarin-krewer.de/ueber-uns/karriere/
Raffay & Fleck,https://raffay-fleck.de/karriere/jobs
Rechtsanwalt Herwig Schöffler,https://rechtsanwalt-schoeffler.de/karriere
Rechtsanwalt Ulrich Gödde,https://www.anwalt-mainleus.de/rechtsanwalt/de/karriere-page/
Rechtsanwälte & Notar Dr. Keller,https://rae-drkeller.de/karriere
Riverside,https://www.riverside.de/karriere/
Rosenboom Menges Klindwort PartG mbB,https://www.rmk-partner.de/karriere
Sacker & Partner,https://sacker.de/jobs/
SEEMANN & PARTNERPatentanwälte mbB,https://seemann-ip.com/karriere/
Teneo,https://teneo.com/careers
Arvantage,https://arvantage.de/karriere/
W+ST,https://www.wst.de/karriere/
Kleiser,https://kleisergmbh.de/stellenanzeigen
Bulex Rechtsanwaltsgesellschaft mbH,https://bulex.info/karriere/
Laborius - Die Fachanwälte für Arbeitsrecht,https://www.laborius.eu/de/karriere
Biere Dörner Faller,https://bdf.legal/karriere/
Schwentker-Bückmann Rechtsanwälte . Insolvenzwerwaltung,https://rae-sb.de/karriere/
Falch & Partner,https://falch-partner.de/karriere
KUNZ Rechtsanwälte Partnerschaft mbB,https://kunzrechtsanwaelte.de/kanzlei/karriere
Welldent,https://www.welldent.de/ueber-uns/karriere-bei-welldent
Battke Grünberg,https://battke-gruenberg.de/karriere/
BBORS Kreuznacht,https://bbors-kreuznacht.de/karriere/index.html
Lorenz Seidler Gossel,https://www.lsg.eu/de/karriere/ihre-bewerbung
AntweilerliebschwagerNieberding,https://aln-partner.de/karriere/
BOISSERÉE Rechtsanwälte,https://boisseree.de/karriere/
CLP Rechtsanwälte,https://clp-law.de/karriere
"CLP Rechtsanwälte Gith, Weßling & Partner mbB",https://clp-rechtsanwaelte.de/karriere
Advocatio,https://advocatio.de/karriere/stellenangebote
Advocatio Rechtsanwälte,https://advocatio.de/karriere/stellenangebote
Advojur Rechtsanwälte,https://advojur.eu/elementor-993/
Anwaltskanzlei Corinna Wehran-Itschert,https://anwaeltin-koblenz.de/stellenausschreibungen
Anwaltskanzlei Dittrich,https://www.ra-dittrich.de/karriere/
Arbeitskanzlei Gerhard,https://arbeitskanzlei.de/karriere/jobs
Bender & Philipp Rechtsanwälte Partnerschaft mbB,https://www.bender-rechtsanwaelte.de/offene-stellen-und-referendariat.html
Berner Fleck Wettich,https://bfw.law/career
BÖRGERS Rechtsanwälte Partnerschaft mbB,https://www.boergers.com/karriere
Dimpfl und Kollegen,https://www.rae-kanzlei.de/karriere/
Dimpfl und Kollegen – alleiniger Inhaber: RA Felix Dimpfl,https://www.rae-kanzlei.de/karriere/
Eichler Kern Klein,https://eichlerkernklein.de/karriere
EIP,https://www.eip.com/careers
ERIS LEGAL,https://erislegal.de/karriere/
"F.E.L.S Rechtanwälte, Wirtschaftsprüfer, Steuerberater GdbR",https://fe-ls.de/karriere/
Forvis Mazars in Germany,https://forvismazars.com/de/karriere
Frey Law,https://frey.eu/jobs/
Gaidies Heggemann und Partner,https://www.gsp.de/jobs-und-karriere/
GLNS,https://www.glns.de/karriere/bewerbung
hieber ® RECHTSANWÄLTE Partnerschaft mbB,https://www.kanzlei-hieber.de/kanzlei/stellen/
Hobohm Natalello Giloth GbR,https://www.hobohm-kollegen.de/karriere
Jüdemann Rechtsanwälte,https://ra-juedemann.de/aktuelle-stellenangebote/
Kallies / Götze,https://kallies-goetze.de/karriere/
Kanzlei Königstraße,https://www.kanzlei-koenigstrasse.de/karriere
Kanzlei Königstraße Köster & Kollegen Rechtsanwälte Fachanwälte Steuerberater,https://www.kanzlei-koenigstrasse.de/karriere
Kanzlei Schäfer & Kollegen,https://schaefer-und-kollegen.de/unser-team/karriere/
Kanzlei Schäfer & Kollegen Rechtsanwälte PartmbB,https://schaefer-und-kollegen.de/unser-team/karriere/
Lang&Rahmann Rechtsanwälte,https://www.lr-law.de/karriere
lang-rahmann.de,https://lang-rahmann.de/karriere
Lawentus,https://lawentus.com/karriere/
Maltry RechtsanwältInnen PartG mbB,https://www.rechtsanwaeltinnen.com/de/kanzlei/stellengesuche
Manitz Finsterwald Patentanwälte PartmbB,https://www.patente.de/de/karriere/
Müller-Boré & Partner Patentanwälte PartG mbB,https://www.mueller-bore.de/karriere
Pöppinghaus : Schneider : Haas Rechtsanwälte PartGmbB,https://www.rechtsanwaelte-poeppinghaus.de/stellenangebote
PRO LAW Rechtsanwälte,https://www.pro-law.eu/karriere/
"PROF. DR. RAUCH & PARTNER mbB KANZLEI FÜR BAU-, ARCHITEKTEN- UND VERGABERECHT",https://prof-rauch-baurecht.de/karriere-2
"Rechtsanwälte Dobler, Szabo, Böltz & Schilling",https://rae-dsb.de/karriere
Rechtsanwälte PartGmbB Stolz • Faust • Zundel,https://www.stolz-faust-fachanwalt.de/stellenangebote/
Rosinus Partner,https://rosinus-partner.com/karriere/
Ruscher & Nölke,https://ruscher-noelke.de/karriere
Ting & Kauder Rechtsanwälte,https://www.recht-bochum.de/jobs/
Vesthaus,https://vesthaus.de/de/karriere
White & Case LLP,https://www.whitecase.com/karriere
Wolf & Collegen,https://wolf-collegen.de/career
Abraham & Löhr Steuerberatungsgesellschaft mbH,https://www.abraham-loehr.de/karriere/jobs
Acuris,https://www.acuris.de/career
AHB Rechtsanwälte Steuerberater Arends Hofert Bergemann PartGmbB,https://www.ahblegal.de/en/career
Andresen Rechtsanwälte Rostock,https://www.ar-law.de/karriere
Anwaltskanzlei  Morgenroth & Zick,https://morgenroth-zick.com/ueber-uns-2/
Anwaltskanzlei Neugebauer & Holdschick,https://www.law-connection.de/stellenangebote/
BAUMANN & BAUMANN PartmbB Steuerberater Rechtsanwälte,https://zm.dein-karriere-portal.de/
Baumann Mayer Seidel & Partner mbB Rechtsanwälte Steuerberater,https://www.bms-rechtsanwaelte.de/karriere
BB Bartenbach PartG mbB,https://zm.dein-karriere-portal.de/
Bernhard Pelke,https://notar-pelke.de/karriere/stellenangebote
BISTER BRUNKE Rechtsanwälte Partnerschaftsgesellschaft mit beschränkter Berufshaftung,https://bbp-essen.de/jetzt-bewerben-karriere-bei-bbp-essen/
BOCKELMANN & PARTNER STEUERBERATUNGSGESELLSCHAFT mbB,https://www.bockelmann-partner.de/career
Braun-Dullaeus Pannen Emmerling,https://bdpe.de/karriere/
Brehm & v. Moers Rechtsanwälte Partnerschaftsgesellschaft mbB,https://www.bvm-law.de/de/karriere
Curt Richter SE,https://curt-richter.de/unternehmen/karriere.html
Dennemeyer & Associates S.A.,https://www.dennemeyer.com/career/
Depré Rechtsanwälte,https://www.depre.de/ueber-uns/karriere
Deubner & Kirchberg,https://www.deubnerkirchberg.de/karriere/
Dissmann Orth,https://dissmannorth.de/karriere
DLA Piper,https://careers.dlapiper.com/jobs/nz/LC26-law-clerk
Dombert Rechtsanwälte Partnerschaft mbB,https://dombert.de/karriere
Dornbach,https://karriere.dornbach.de/de/karriere
Dr. Fingerle Rechtsanwälte,https://dr-fingerle.de/stellen/
Dr. Fingerle Rechtsanwälte,https://dr-fingerle.de/stellen/
Dr. Hapig und Kollegen GbR,https://hapig-kollegen.de/karriere.php
Dr. Martin T. Schwab Dr. Simon Weiler,https://schwab-weiler.de/karriere
Dr. Schnitzer Rechtsanwalts GmbH,https://anwalt-dr-schnitzer.com/karriere/
Eckstein & Kollegen,https://www.eckstein-kollegen.de/karriere/
Ecovis,https://www.ecovis.com/karriere
Fachverband Sanitär Heizung Klima NRW,https://www.shk-nrw.de/karriere/stellenangebote
Florett & Falke,https://florett-falke.de/karriere
Fried Frank Harris Shriver & Jacobson,https://www.friedfrank.com/careers/jobs/5792083004
Frowein & Partner,https://frowein-partner.de/Karriere/index.html
Gabor Partners,https://gabor-partners.de/karriere-vorteile/
GANTEFÜHRER,https://www.gamapa.de/karriere-steuerberater-wirtschaftspruefer-rechtsanwaelte/
Goodwin Procter,https://www.goodwinlaw.com/careers
Hammes Insolvenzverwalter GbR,http://www.rae-hammes.de/karriere
Hannack & Partner Steuerberater | Rechtsanwälte,https://zm.dein-karriere-portal.de/
Höss Rechtsanwälte,https://www.kanzleihoess.de/karriere
ISiCO Datenschutz,https://isico-datenschutz.de/karriere
Kanzlei am Ärztehaus (GbR) Frehse Mack Vogelsang,http://www.kanzlei-am-aerztehaus.de/karriere
Kanzlei Prof. Dr. Fricke & Coll.,https://www.kanzlei-fricke.de/karriere-job-beruf-anwalt.html
Kanzlei Wolfgang Schiebel Rechtsanwalt - Dipl. Betriebswirt (FH) Bankkaufmann,https://www.raschiebel.de/karriere
kanzlei-baedorf.de,https://kanzlei-baedorf.de/karriere/
kanzlei-brbd,https://kanzlei-brbd.de/karriere/
Kloss,https://wp-kloss.de/karriere/
Lewinski Rechtsanwaltskanzlei,https://www.ra-lewinski.de/karriere
Martin Rechtsanwälte GbR,https://www.martin-anwaelte.de/rechtsberatung/karriere.html
Mathias Renner Fachanwalt für Arbeitsrecht und Verkehrsrecht,https://www.anwaltskanzlei-renner.de/Aktuelle-Jobangebote-vom-Fachanwalt-Mathias-Renner.html
Meyer Steuerberatungsgesellschaft mbH,https://meyer-stb.com/jobs
Minoggio Grezesch Bachmann,https://minoggio.de/karriere
MUNTE Rechtsanwälte,https://munte.de/die-kanzlei/karriere/
"Oltmanns, Kandelhard & Büsing Rechtsanwälte in Partnerschaft",https://www.ohlegal.eu/karriere/
Patentanwaltskanzlei RGTH Patentanwälte PartGmbB,https://www.rgth.de/karriere
Prehn | Stamer | Schumacher Rechtsanwälte Partnerschaft,https://www.prehn-recht.de/karriere/
Prof. Dr. Bischoff & Partner,https://bischoffundpartner.de/karriere
Prof. Dr. Fricke & Coll.,https://kanzlei-fricke.de/karriere-job-beruf-anwalt.html
"RAe Buschlinger, Claus & Partner",https://www.bcp-wiesbaden.de/karriere
Rechtsanwalt für Strafrecht Dr. Böttner,https://www.strafrecht-bundesweit.de/strafrecht-kanzlei-dr-boettner/karriere-im-strafrecht/
Rechtsanwalt Lutz Fischer Rechtsanwälte Fischer & Collegen,https://www.fischer-collegen-erfurt.de/karriere/stellenangebote
Rechtsanwälte & Notare Torsten Brockhoff Rechtsanwalt,https://bst-kanzlei.de/career
Rechtsanwälte Dr. Roder | Kullmann | Schneider,https://rks-recht.eu/karriere/stellenangebote
Rechtsanwalts- & Notarkanzlei Helmut Franke,https://www.recht-franke.de/career
RST Steuerberatungsgesellschaft mbH,https://www.rst-beratung.de/karriere/stellenangebote
Schmitz & Lehnen Rechtsanwälte PartG mbB,https://www.schmitz-lehnen.de/karriere/
Schürmann Rosenthal Dreyer,https://www.srd-rechtsanwaelte.de/karriere
SCHWAMB FISCHER OSWALD Rechtsanwälte PartGmbB,https://www.sfr-law.de/karriere
Seitz & Riemer Rechtsanwälte,https://www.seitzriemer.com/jobs
SLB Münster,https://slb-ms.de/karriere
"Sozietät Matthiesen, Siems & Dr. Roes (Rechtsform GbR) vereidigter Buchprüfer / Steuerberater / Rechtsanwalt",https://steuerberatung-sms.de/karriere
Steinacker Creutzfeldt,https://sc-berater.de/karriere/
Steller & Partner,https://www.steller-partner.de/karriere/
Treuhand Heidelberg,https://th-berater.de/karriere/bewerbung/
Weber Sauberschwarz,https://weber-sauberschwarz.de/karriere
"Weil, Gotshal & Manges LLP",https://www.weil.com/karriere
Willkie Farr & Gallagher,https://www.willkie.com/karriere
WW+KN,https://wwkn.de/karriere/stellenangebote/
Zebra Embassy,https://zebra-embassy.com/career
ZHMP,https://zhmp.de/karriere
asr PartGmbB,https://www.asr-beratung.de/karriere/
Blaum Dettmers Rabstein,https://www.blaum.de/index.php/de/karriere
"Eggesiecker und Partner, Rechtsanwälte, Steuerberater, Wirtschaftsprüfer, Rechtsbeistand, eingetragen im Partnerschaftsregister",https://www.eggesiecker.de/karriere
HLB,https://www.hlb-deutschland.de/karriere/stellenangebote/
IBK Illig Braun Kirschnek Rechtsanwälte PartGmbB,https://www.rae-ibk.de/karriere/
iovos GmbH,https://www.iovos.de/karriere
Kanzlei für Recht & Steuern,https://www.borisbell.de/karriere/
Keil & Schaafhausen Patent- und Rechtsanwälte PartGmbB,https://www.kspartner.de/de/karriere.html
Keiper & Co,http://keiper-co.de/karriere/
Korte & Partner Steuerberater – Wirtschaftsprüfer – Rechtsanwälte PartG mbB,https://www.korte-partner.de/karriere/
"Linten & Partner, Rechtsanwälte",https://linten.de/karriere/
Lintilia Law,https://www.lintilia.de/team/
MFG PAtentanwälte Meyer-Wildhagen Meggle-Freund Gerhard Partnerschaft,https://www.mfg-ip.de/stellenanzeigen/
OPPENLÄNDER Rechtsanwälte,https://oppenlaender.de/karriere/
Rechtsanwaltskanzlei Mählmeyer und Partner,https://www.maehlmeyer.de/karriere
Rein­hart Kober Groß­kinsky Braun Rechts­an­wälte PartGmbB,https://reinhart-kober.de/karriere
Stirnweiss Brenner Rechtsanwälte Partnerschaftsgesellschaft mbB,https://stirnweiss-brenner.de/karriere/
STOBBE Rechtsanwälte Partnerschaftsgesellschaft mbB,https://stobbe.de/#c17
STRECK MACK SCHWEDHELM Rechtsanwälte Steuerberater Partnerschaft mbB,https://steueranwalt.de/karriere
Thum & Partner,https://thum-ip.de/karriere/
"Unützer, Wagner, Werding Rechtsanwälte · Steuerberater Partnerschaftsgesellschaft mbB",https://www.kanzlei-uww.de/die-kanzlei/karriere/
WELLENSIEK Rechtsanwälte Partnerschaftsgesellschaft mbB,https://wellensiek.de/wellensiek_home/karriere/
Winter · Brandl Partnerschaft mbB,https://wbetal.de/karriere/
Wittig Ünalp Nord Rechtsanwaltsgesellschaft mbH,https://www.ra-wittig.de/kanzlei/karriere/
Moore Treuhand Kurpfalz,https://moore-tk.jobs.personio.de/
AllerAnwälte Bartels Kerstan Schumann Rechtsanwalts-PartGmbB,https://www.alleranwaelte.de/karriere/
anchor Rechtsanwälte Partnerschaftsgesellschaft mbB,https://www.anchor.eu/karriere/karriere
Beinert & Partner Rechtsanwälte Partnerschaft mbB,https://www.beinertpartner.de/karriere.html
Beisse und Rath Partnerschaft von Rechtsanwälten mbB,https://www.beisse-rath.de/karriere
beratergruppe.net STEUERN+RECHT,https://beratergruppe.net/stellenangebote/
"Berner, Fischer & Partner - Rechtsanwälte, Steuerberater PartmbB",https://www.bernerfischer-partner.de/index.php?//Karriere
"bhp Bögner, Hensel & Partner, Partnerschaftsgesellschaft von Rechtsanwälten und Steuerberatern mbB",https://bhp-anwaelte.de/karriere/
BRL BOEGE ROHDE LUEBBEHUESEN,https://karriere-brl.de/karrierestart
BRRS Rechtsanwälte,https://www.brrs-rechtsanwaelte.de/de/jobs-und-karriere/
Bürogemeinschaft der Rechtsanwälte Alexander Biernacki & Marcus Beyer,https://bbrae.de/karriere/
Gottschald Patentanwälte mbB,www.gottschald-ip.de
"HLB Förderer, Keil & Partner",https://hlb.jobs.personio.de/
Kantenwein Zimmermann Spatscheck,https://www.kantenwein.de/ihre-karriere/ihre-bewerbung/stellenangebote
Kilian & Kollegen Rechtsanwaltskanzlei Rechtsanwältin Susanne Kilian,https://www.kilian-kollegen.de/ueber-uns/karriere/
Kümmerlein,https://www.kuemmerlein.de/karriere/fachkraefte/
LPA-GGV,https://lpalaw.tax/karriere-uebersicht/#joboffers
LSP Lindemann Schwennicke & Partner,https://www.lspartner.de/karriere
Lühring & Partner Rechtsanwälte PartGmbB,https://www.scholz-luehring.de/kanzlei/karriere/
MEK Rechtsanwaltsgesellschaft mbH,https://www.mek-law.de/kontakt/karriere/
PKS Stahl & Partner mbB,https://pks-stahl.com/stellenanzeigen/
POSSER SPIETH WOLFERS & PARTNERS,https://pswp.de/karriere/
Preu Bohlig & Partner,https://preubohlig.de/karriere/
Prof. Dr. Holzhauser & Partner Rechtsanwälte GbR,https://holzhauser.de/karriere/
Raab und Kollegen,https://rk-rechtsanwaelte.de/karriere/
Raue,https://raue.com/karriere/
Rechtsanwälte Dr. Hartman-Hilter & Pointner GbR,https://www.rechtsanwaelte-zshp.de/karriere/
Rechtsanwälte NAHME & REINICKE Partnerschaftsgesellschaft mbB,https://www.nahmereinicke.de/de/karriere
Rechtsanwaltskanzlei Dr. Lars C. Barnewitz,https://ra-barnewitz.de/karriere/
reichert & reichert steuer- und rechtsberatungsgesellschaft mbH,https://www.reichert-reichert.de/karriere
RITTERSHAUS Rechtsanwälte PartmbB,https://rittershaus.net/karriere-1/kanzlei-weiter-auf-erfolgskurs-wir-verstaerken-uns.html
Roland Franz & Partner in Essen und Velbert,https://www.franz-partner.de/stellenangebote.html
Schwarz + Rühmland Insolvenzverwaltungen GbR,https://www.insolvenzverwaltungen.de/karriere/
Steen Franke & Partner mbB,https://steen-partner.de/stellenanzeige/
Stegemeier Rudolph,https://www.stegemeier-rudolph.de/jobs/
TW Todesco Walter,www.tw-ratingen.de
Uexküll & Stolberg Partnerschaft von Patent- und Rechtsanwälten mbB,https://uex.de/de/karriere/
VCvF.legal,https://vcvf.legal/jobs/
von Seggern & Quaß,https://www.rdg-recht.de/karriere
Wagner Dieterich Maier-Ring Rechtsanwälte Partnerschaftsgesellschaft mbB,https://www.wagner-rae.de/karriere/
WSP Wintzer Stauffenberg Pekruhl,https://www.wsp-beratung.com/karriere
Zwicker Schnappauf & Partner Patentanwälte PartG mbB,https://www.zsp-ip.de/jobs/
audalis Kohler Punge & Partner mbB,https://www.audalis-karriere.de/de/
Backmeister & Kollegen,https://www.backmeister-kollegen.com/karriere/
BSS Steuerberatungsgesellschaft,bssgmbh.recruitee.com
Caemmerer Lenz - Karlsruhe,https://www.caemmerer-lenz.de/karriere-und-ausbildung/
Castringius Rechtsanwälte Partnerschaft mbB,https://www.castringius.com/karriere/
CMS,https://cms.law/de/deu/stellenausschreibungen
D´Avoine Teubler Neu Rechtsanwälte,https://www.atn-ra.de/kanzlei/karriere/
"Dachs, Bartling, Spohn & Partner mbB, Rechtsanwälte",https://www.dachs-partner.de/karriere/
"Dr. Geisler, Dr. Franke & Kollegen - Rechtsanwälte -",https://www.rae-geisler-franke.de/kanzlei/karriere
Dr. Kittl & Partner,https://kittl-partner.de/karriere/
Geiling & Partner  PartG mbB,https://karriere.geiling-partner.de/#Offene-Stellen
GKS Rechtsanwälte GbR,https://gks-rechtsanwaelte.de/karriere/
GRAF-DETZER Rechtsanwälte,https://www.rechtsanwalts-kanzlei-wolfratshausen.de/kanzlei/karriere/
Gulde & Partner Patent- und Rechtsanwaltskanzlei mbB,https://www.gulde.com/de/karriere/stellenangebote
Küttner,https://kuettner-rechtsanwaelte.de/karriere
LOH Rechtsanwälte Partnerschaftsgesellschaft mbB,https://loh.de/karriere/
Maat,https://www.maat-rechtsanwaelte.de/karriere/
Märkische Revision,https://www.maerkische-essen.de/karriere
MITSDÖRFFER MÜLLER Rechtsanwälte,https://anwaltsfirma.de/karriere/
MÖLLER RECHTSANWÄLTE Partnerschaft mbB,https://www.moeller-rechtsanwaelte.de/#
Münzel & Böhm Rechtsanwälte PartG mbB,https://www.muenzel-boehm.de/karriere/
Notariat Bergstraße,https://www.notariat-bergstrasse.de/karriere/#blueBox
Peters & Pallaske,https://peters-pallaske.de/karriere/
Praxisrecht - Dr. Fürstenberg & Partner - Rechtsanwälte,https://praxisrecht.de/aktuelles/karriere/
RAe Schleifenbaum & Adler,https://www.schleifenbaum-adler.de/karriere/auszubildende/
Ratajczak & Partner Rechtsanwälte mbB,https://rpmed.de/stellenangebote/
Rechtsanwälte Klemm & Partner,https://www.klemmpartner.de/stellenanzeige
Rechtsanwaltskanzlei Dr. Fricke & Collegen,https://www.anwaltskanzlei-fricke.de/rechtsanwaltskanzlei-dr-fricke-collegen/ausbildung-und-stellenangebote
RPE Kanzlei,https://rp-erbrecht.de/stellenangebote
Solmecke Rechtsanwälte,https://www.solmecke.eu/aktuelles/karriere/
Solmecke Rechtsanwälte PartGmbB,https://www.solmecke.eu/karriere/
"Sterr-Kölln & Partner mbB, Rechtsanwälte, Wirtschaftsprüfer, Steuerberater",https://www.sterr-koelln.com/karriere#c1252
Steu­er­kanzlei Köhler,https://steuerkanzlei-koehler.de/karriere/
steuerwerk Partnerschaftsgesellschaft mbB,https://www.steuerwerk.com/karriere/
Tilp,https://tilp.de/karriere/
UNITAX,www.unitax-berlin.de
VBB Rechtsanwälte,https://www.wirtschaftsstrafrecht.de/karriere
Verjans Böttger Berndt Rechtsanwälte,https://www.wirtschaftsstrafrecht.de/karriere
Voelker & Partner,https://www.voelker-gruppe.com/karriere
Vogel Heerma Waitz,https://www.v14.de/jobs/
Wandscher & Partner Rechtsanwälte in PartGmbB,https://www.recht-einzigartig.de/
armedis Rechtsanwälte GbR,https://www.armedis.de/de/karriere
Becker + Partner Wirtschaftsprüfer Rechtsanwälte Steuerberater Partnerschafts­gesellschaft mbB,https://beckerpartner.de/stellenangebote/
Bender Harrer Krevet,https://www.bender-harrer.de/karriere/
"Besold Rechtsanwälte Inhaber Beer, Eckerlein GbR",https://www.besold-rae.de/
bolwindokters Rechtsanwalts- und Steuerberaterpartnerschaft mbB,https://www.bolwindokters.de/
Bücheler & Kollegen PartG mbB Steuerberater – Wirtschaftsprüfer – Rechtsanwälte,https://www.buecheler-kollegen.de/career
de Faria & Partner,https://www.defaria.de/karriere/
dkm Rechtsanwälte. Kanzlei für Arbeitsrecht,https://www.dkm-rechtsanwaelte.de/karriere/
Dr. Esch & Partner Rechtsanwälte mit beschränkter Berufshaftung,https://ebl-eschkramer.com/karriere/
ECOVIS Webservice GmbH,https://www.ecovis.com/memmingen/karriere/
Ego Humrich Wyen,http://www.ehw-partners.com/karriere
Ehlermann Rindfleisch Gadow Rechtsanwälte Partnerschaft mbB,https://www.erg-legal.com/karriere/
Eisner Rechtsanwälte GmbH Rechtsanwaltsgesellschaft,https://www.eisner-rechtsanwaelte.com/karriere/
Elbinsel Kanzlei,www.elbinsel-kanzlei.de
FRIES Rechtsanwälte Partnerschaft mbB,https://fries.law/jobs.html
"GRAF KANITZ, SCHÜPPEN & PARTNER Rechtsanwälte",https://www.grafkanitz.com/karriere/
Grüter Hamm Münster PartGmbB,https://www.grueter.de/karriere
GUNKEL & PARTNER,https://www.gunkel-partner.de/jobs
Haibach,https://www.haibach.com/karriere/
Hansa Partner Rommel & Meyer,https://www.hansapartner.de/karriere.html
HauckSchuchardt Partnerschaft von Steuerberatern und Rechtsanwälten mbB,https://www.hauckschuchardt.com/de/karriere.html
Herbst | Bröcker  Rechtsanwälte GbR,https://www.herbst-broecker.de/en/
"HOEGER, STELLRECHT & PARTNER Patentanwälte",https://www.hoeger-stellrecht.de/karriere/
"Hofstetter, Schurack & Partner - Patent- und Rechtsanwaltskanzlei, PartG mbB",https://hss-ip.de/en/career/vacancies/
Höweler | Rischmann und Partner mbBWirtschaftsprüfungsgesellschaft Steuerberatungsgesellschaft,https://www.hrp-wp.de/de/karriere/offene_stellen/
Kanzlei Erk ∙ Grünwald ∙ Nisch,https://www.erk-allmann.de/
Kreissl Morbach Partner – PartnerschaftRechtsanwälte,https://www.kreissl-morbach.de/karriere/karriere.html
KUCKLICK Rechtsanwälte GbR,https://www.dresdner-fachanwaelte.de/karriere/stellenangebote/
Kuhn CarlNorden Baum,https://www.kcnb.de/karriere.html
Lauprecht Rechtsanwälte Notare,https://www.lauprecht-kiel.de/karriere/
Lexton,https://www.lexton.de/karriere
LM Audit & Tax GmbH,https://lmat.de/karriere/
M S L Dr. Silcher,https://silcher.com/karriere/
Melchers,https://www.melchers-law.com/karriere/
Michalski Hüttermann & Partner Patentanwälte mbB,https://mhpatent.de/karriere/
Milbank LLP,https://www.stepstone.de/cmp/de/milbank-llp-98282/jobs
Müller Radack - Rechtsanwälte Notare,https://www.mueller-radack.com/karriere/
Notar Dominik Hüren,www.notar-hueren.de
Notare am Gänsemarkt,https://notare-amgaensemarkt.de/de/karriere
Olbricht Buchhold Keulertz,https://olbrichtpatent.de/de/firm/career
Osborne Clarke,https://www.osborneclarke.de/de/
"Prof. Schlegel, Hohmann, Diarra & Partner Partnerschaftsgesellschaft mbB",https://gesundheitsrecht.com/karriere/
RAINER SCHOLAND Steuerberater,https://www.nsn-menden.de/#stellenangebote
Rechtsanwalt Ingo Delorette,https://delorette.de/
Rechtsanwalt Robin Alexander Schmid (Inhaber) & Kollegen,https://www.anwaltskanzleischmid.de/karriere/
Rechtsanwältin Claudia Petri-Kramer & Kollegen,https://www.petri-kramer.de/stellenangebote
Rechtsanwalts- und Notarkanzlei Dr. Schmel GbR,https://schmel.de/jobs/
Rosengarth und Partner GbR,https://rosengarth-gbr.de/karriere/
Schiedermair Rechtsanwalte,https://schiedermair.com/karriere/
SCHIEDERMAIR RECHTSANWÄLTE Partnerschaftsgesellschaft mbB von Rechtsanwälten und Steuerberatern,https://www.schiedermair.com/karriere/
Schindhelm Rechtsanwaltsgesellschaft mbH,https://de.schindhelm.com/karriere/stellenangebote
Schlatter Rechtsanwälte Steuerberater PartG mbB,https://www.schlatter.law/karriere
Schmidt von der Osten & Huber,https://soh.de/karriere
Schramm Meyer Kuhnke,http://www.schrammmeyerkuhnke.de/Karriere.12.0.html
Schweibert Leßmann & Partner,http://www.schweibertlessmann.de/karriere/
Schwoerer & Kollegen,https://sukra.de/kanzlei/mitarbeiter/
Seghorn Rechtsanwälte,www.seghorn.de
"silberberger.lorenz.towara, kanzlei für arbeitsrecht",https://www.sl-arbeitsrecht.de/kanzlei/karriere/
SPES Schmidt Poetsch Ertel Schwartzkopff Partnerschaftsgesellschaft,https://www.rechtsanwaelte-lueneburg.de/karriere
SSBP Rechtsanwalte & Fachanwalte,https://ssbp.de/karriere/
Steinhauer & Günther Rechtsanwälte Partnerschaft,https://www.steinhauer-guenther.de/karriere/
Stenger LLP,https://stenger.legal/career/
"Steuerberater- und Rechtsanwaltskanzlei Kurz, Silke Kurz",https://kanzlei-kurz.info/karriere-bei-kanzlei-kurz/
Uhsadel Rechtsanwälte Partnerschaftsgesellschaft,https://uhsadel.com/karriere/
"Wallinger Ricker Schlotter Tostmann, Patent- und Rechtsanwälte Partnerschaft mbB",https://www.wallinger.de/karriere
Wieneke · d'Alquen · Firl Rechtsanwälte · Notare,https://www.rechtsanwalt-geseke.de/karriere/
KRAUS GHENDLER RUVINSKIJ,https://anwalt-kg.de/kanzlei/karriere/
Brandi Rechtsanwälte GbR,https://www.brandi.net/karriere/
PKF WMS Bruns-Coppenrath & Partner,https://www.pkf-wms.de/karriere/stellenangebote
Wolter Hoppenberg Rechtsanwälte Partnerschaft mbB,https://karriere.wolter-hoppenberg.de/?utm_source=woho&utm_medium=referral
Anwaltskanzlei Hörnlein & Feyler Gesellschaft bürgerlichen Rechts,https://hoernlein-feyler.de/karriere/
"Anwaltskanzlei SHP Schmitt, Hartmann, Protte & Partner",https://www.shp-anwaltskanzlei.de/karriere.html
AWB Rechtsanwälte,https://www.awb-international.com/karriere/stellenangebote
BARDEHLE PAGENBERG,https://www.bardehle.com/de/karriere/vakanzen
Benesch & Partner,https://benesch.de/karriere/
Bernard Korn & Partner,https://www.ckb-anwaelte.de/stellenangebote/
Bethge.Reimann.Stari Rechtsanwälte Partnerschaft mbB,https://www.brs-rechtsanwaelte.de/karriere
Bierschenk · Hagemann & Kollegen GbR,https://www.kanzlei-gronau.eu/karriere/
Böhret Semsdorf & Partner,https://karriere.boehret-sehmsdorf.de/
Brödermann Jahn,https://german-law.com/de/karriere
Chatham Partners LLP,https://chatham.partners/de/karriere/
CONLATA Geißelmaier & Partner mbB,https://www.conlata.de/karriere/stellen
df-mp Dörries Frank-Molnia & Pohlman Patentanwälte Rechtsanwälte PartG mbB,https://df-mp.com/karriere/
Doctores Völschau,https://www.voelschau.de/karriere/
DOMBERT Rechtsanwälte Part mbB,https://dombert.de/stellenanzeigen/
Dr. Hartung Rechtsanwaltsgesellschaft mbH,hartung-rechtsanwaelte.de
Dr. Schackow & Partner Rechtsanwälte PartG mbB,https://www.schackow.de/en/karriere/
Dr. Sponagel,sponagel-recht.de
ecovis hamburg-wp,https://www.ecovis.com/hamburg-wp/
"Engemann und Partner, Rechtsanwälte mbB.",https://www.engemann-und-partner.de/karriere
Erlanger Treuhand,https://erlanger-treuhand.de/karriere/stellenangebote
Ewert Jordan Rechtsanwälte - Fachanwälte Partnerschaftsgesellschaft m.b.B,https://ewert-jordan.de/
"Franziska Hasselbach Rechtsanwältin, Fachanwältin für Familienrecht",https://www.kanzlei-hasselbach.de/stellenangebote/
Gottschalk-partner.de,https://www.gottschalk-partner.de/karriere/
Grawert PartmbB Rechtsanwälte Steuerberater,grawert.berlin
GreenGate Partners,https://www.greengate.legal/karriere/
Hans Fuhr Dentallabor,www.dentallabor.de
Harteis und Partner PartG mbB Wirtschaftsprüfer – Steuerberater,https://www.harteis-partner.de/karriere/
HBS GmbH Wirtschaftsprüfungsgesellschaft,https://www.hbs-wp.de/de/karriere/
Heckschen & van de Loo,https://www.heckschen-salomon.de/notariat/karriere-neu.html
Herrmann & Mey Rechtsanwälte/PartG,https://herrmann-anwaelte.de/karriere/
HFBP Rechtsanwälte & Notare,https://hfbp.de/karriere/jobs
HLP. Heiermann Losch GbR,https://hlp-rae.de/karriere/
Home,https://www.rechtsanwaelteszk.de/karriere/
Honert,https://honert.de/karriere/
Janke & Reinsch,https://janke-reinsch.com/karriere/
"Kanzlei Hofbeck, Buchner und Collegen GbR",https://www.hbc-anwaelte.de/karriere
Kanzlei Krüger,https://www.kanzlei-krueger.de/karriere/
Kanzlei Kuhnen & Wacker,https://www.kuhnen-wacker.com/de/karriere/
Kinast & Partner Rechtsanwälte,https://www.kinast.eu/karriere-bei-kinast/#opportunities
KIRCHHOFF | Rechtsanwälte Steuerberater,https://www.michael-kirchhoff.com/anstellung/
Klinge | Hess Rechtsanwälte PartmbB,https://www.klinge-hess.de/kanzlei/karriere/?job=Rechtsanwaltsfachangestellte%2FAnwaltsassistenz_%28m%2Fw%2Fd%29_gesucht_f%C3%BCr_traditionsreiche_Kanzlei_in_Koblenz
Köhler & Partner GbR Wirtschaftsprüfer - Steuerberater - Rechtsanwalt,https://www.frtpartner.de/de/unternehmen/karriere/
KPWT Straubing GmbH,https://www.kpwt.de/karriere/
Krause & Kollegen,https://www.kralaw.de/karriere
"KÜHNEL, ROSENMÜLLER & KOLLEGEN Rechtsanwälte Notare Insolvenzverwalter",https://www.krsh.de/karriere/
KUHNEN & WACKER Patent- und Rechtsanwaltsbüro PartG mbB,https://kuhnen-wacker.com/karriere/
KÜTER & Partner mbB Rechtsanwälte,https://www.kanzlei1888.de/rechtsanwalts-und-notarfachangestellte-m-w-d/
Maiwald Patentanwalts GmbH,https://www.maiwald.eu/de/karriere/
Maslaton Rechtsanwaltsgesellschaft mbH,https://www.maslaton.de/kanzlei/stellenangebote
Menge Noack Rechtsanwälte Partnerschaft,https://menge-noack.de/stellenangebote/
Müller Schupfner & Partner Patent- und Rechtsanwaltspartnerschaft mbB,https://www.mspartner.de/karriere/offene-stellen/
Notare an den Alsterarkaden,https://notare-alsterarkaden.de
Notare an den Alsterarkaden,https://notare-alsterarkaden.de/#karriere
OSGARD,https://osgard.de/karriere/
Oßenbrügge & Partner GbR,https://ossenbruegge.de/karriere
PASCHEN Rechtsanwälte PartGmbB,https://www.paschen.cc/karriere/
Patent- und Rechtsanwälte ULLRICH & NAUMANN PartG mbB,https://www.un-ip.com/karriere/
Petersen Hardraht Pruggmayer,https://www.petersenhardrahtpruggmayer.de/de/ueber-uns/karriere/stellenausschreibungen/
"PLATO Rechtsanwälte – Klapatat, Spork & Savas GbR",https://plato-rechtsanwaelte-karriere.de/
Rechtsanwalt Dr. Edgar Güldü.,https://www.kanzlei-gueldue.de/
Rechtsanwälte & Notare Peters · Friedrich · Partner,https://pfp-recht.de/stellenangebote/
"Rechtsanwälte Dr. Hüsch & Partner mbB, Partnerschaftsgesellschaft",https://huesch-und-partner.de/karriere.html
Rechtsanwälte Kotz GbR,https://www.ra-kotz.de/jobs
Rechtsanwaltskanzlei Bettina Wohl,https://www.rain-wohl.de/stellenanzeigen
RKP Pelzer Vogt & Solbach,https://www.rkp-dueren.de/partner/karriere/
Rosenschon und Partner GmbH Steuerberatungsgesellschaft,https://rosenschon-partner.de/karriere/
SammlerUsinger Rechtsanwälte Partnerschaft mbB,https://sammlerusinger.com/karriere.html
Scheidle & Partner,https://www.scheidle.eu/stellenangebote.html
"Schneiders & Behrendt PartmbB, Rechts- und Patentanwälte",https://www.bolex.de/karriere/
Simon & Partner,https://www.simon-und-partner.de/karriere
Stein & Partner mbB,https://www.stein-steuerrecht.de/karriere.html
Steuerberater Rechtsanwälte Partnerschaft mbB,https://www.dr-scheffler.de/#karriere
STUBENRAUCH & COLLEGEN eGbR,https://www.raestubenrauch.de/
TER MEER STEINMEISTER & PARTNER PATENTANWÄLTE mbB,https://termeer.de/de/jobs/
VSZ Rechtsanwälte Schabbeck und Partner mbB,https://www.ra-vsz.de/karriere
WAGENSONNER Rechtsanwälte Partnerschaft mbB,https://www.wagensonner.com/offene-stellen/
WEISSLEDER EWER Rechtsanwälte Partnerschaft mbB,https://weissleder-ewer.de/jobs.html
Westhelle und Partner Rechtsanwälte,https://notareundrechtsanwaelte.westhelleundpartner.eu/karriere/
"Westphal, Mussgnug & Partner, Patentanwälte mit beschränkter Berufshaftung",https://www.wemupat.de/karriere/
"Winkel, Buhrfeind und Partner, Rechtsanwälte, PartGmbB",https://kanzlei-wbp.de/stellenangebote/
"WITTE, WELLER & PARTNER Patentanwälte mbB",https://www.wwp.de/de/karriere/start/
Clostermann & Jasper,https://clostermann-jasper.de/stellenangebote/
WTS Legal Rechtsanwaltsgesellschaft mbH,https://wts.com/de-de/karriere/jobboerse
Ypog,https://ypog-law.jobs.personio.de/?hsCtaTracking=262b89cb-20f4-4727-8e69-1b0c4b96117d%7C7f665a7e-4bd3-45f6-93db-40e3345d8fb2
Schiebe und Collegen,https://www.schiebe.de/karriere/
HFK Rechtsanwälte LLP,https://hfk.de/karriere/stellenangebote
Menold Bezler Rechtsanwälte Steuerberater Wirtschaftsprüfer,https://karriere.menoldbezler.de/stellenanzeigen.html#c3206
awi tax gmbh + co. kg steuerberatungsgesellschaft,https://www.meinekarriere.meine-awi.de/aktuelle-offene-stellen
Ackenheil Anwaltskanzlei,https://www.ackenheil-anwaltskanzlei.de/
Adick Linke,https://adick-linke.de/karriere/
AID24 Rechtsanwaltskanzlei,https://www.aid24.de/jobs
AMIAN Rechtsanwälte – Steuerberatung,https://www.amian-recht.de/karriere/
ARIATHES Rechtsanwälte,https://www.ariathes.eu/Karriere/index.html
Arnoul Möller & Plantiko,amp-law.de
AssmannPeiffer Rechtsanwälte Partnerschaft mbB,https://assmann-peiffer.de/de/karriere
Augustin & Krückel Rechtsanwälte und Fachanwälte,https://www.augustin-krueckel.de/karriere
Baier Depner Rechtsanwälte,bd-kanzlei.de
Barbara von Petersdorff-Campen,https://www.cfmm.de/
Berding Rechtsanwälte Partnerschaft,https://www.berding-partner.de/
bethge | immobilienanwälte,https://bethge-legal.com/karriere/
Binz & Partner,https://binz-partner.de/web/karriere/
Bissel + Partner Rechtsanwälte PartGmbB,https://www.bissel.de/de/karriere
Böddeker & Söhne . Steuerberater . Rechtsanwalt . Sozietät . Paderborn,https://www.boeddeker-online.de/karriere/
Böke & Partner,https://boekeundpartner.de/karriere/
Brinkmann Rechtsanwälte,https://www.eugato.eu/stellenmarkt/brinkmann-rechtsanwaelte/
Brüggehagen,https://diearbeitsrechtler.de/karriere/
BWL RECHTSANWÄLTE UND NOTARE,https://bwl-rechtsanwaelte.de/stellenangebote/
CBH Rechtsanwälte,https://www.cbh.de/ihre-karriere-bei-cbh-rechtsanwaelte/#jobs
CBH Rechtsanwälte PartG mbB,https://www.cbh.de/ihre-karriere-bei-cbh-rechtsanwaelte/
CHK Rechtsanwälte / Notar,https://kanzlei-chk.de/karriere/
"Dehne Ringe Grages Rechtsanwälte, Partnerschaft mbB",https://drdehne.de/karriere/
Dierks+,https://www.dierks.company/career/#jobs
Dieter Holl und Partner Steuerberater Rechtsanwalt,https://www.holl-uelzen.de/job-stfw.htm
dompatent von Kreisler Selting Werner - Partnerschaft von Patentanwälten und Rechtsanwälten mbB,https://www.dompatent.de/de/karriere/
DONOTH FUHRMANN TÜXEN Partnerschaft mbB,https://www.dres-donoth.de/karriere/stellenangebote/
DR KREUZER & COLL Anwaltskanzlei,https://www.kreuzer.de/kanzlei/karriere/
"Dr. Beckstein & Kollegen GdbR Rechtsanwälte, Steuerberater",https://www.dr-beckstein.de/
Dr. Guth · Beck · Klein · Cymutta Rechtsanwälte Part mbB,https://kanzlei-dr-guth.de/karriere/
DTS Schnekenbühl und Partner,https://dts.law/de/karriere/
Ecovis Baltic,https://www.ecovis.com/greifswald/karriere/
ECOVIS Webservice GmbH,https://www.ecovis.com/weiden/karriere/
ECOVIS Webservice GmbH,https://www.ecovis.com/ahlbeck/karriere/
e-rechtsanwälte.eu,https://www.e-rechtsanwaelte.de/kanzlei/stellenangebote/
Evers,https://www.evers-vertriebsrecht.de/kanzlei/karriere/
Fachkanzlei Dr. Hollitzer & Hiller Partnerschaft Rechtsanwälte,https://rechtsanwalt-hollitzer.de/karriere-stellenangebote/
Fides Treuhand,https://www.fides-online.de/karriere
"Fiedler, Zmija & Partner, Rechtsanwälte Partnerschaftsgesellschaft",https://www.fiedler-law.de/stellenausschreibungen/
Finkenhof,https://finkenhof.de/karriere-in-der-rechtsanwaltskanzlei-frankfurt/
FUHRMANN WALLENFELS Berlin Rechtsanwälte Partnerschaftsgesellschaft mbB,https://www.fuhrmann-wallenfels.de/karriere.html
Görgen & Partner Simmern PartGmbB,https://www.goergen.de/karriere/stellenangebote/
GP Rechtsanwälte Partnerschaftsgesellschaft mbB,https://www.gerlachundpartner.de/experten-team/karriere
Grube · Pitzer · Konnertz-Häußler Rechtsanwälte,https://gpkh.eu/karriere/
Heimann Hallermann Rechtsanwälte PartG mbB,https://www.heimann-partner.com/karriere/
Hellriegel,https://hellriegel-rechtsanwaelte.com/
Herfet & Özpolat – Rechtsanwälte Partnerschaftsgesellschaft mbB,https://herfet-oezpolat.de/karriere/
Holler Rechtsanwälte,https://holler.de/karriere.html
Hoyng ROKH Monegier,https://www.hoyngrokhmonegier.com/de//einstieg-bei-hoyng-rokh-monegier#vacancies
HRS Steuerberatung GmbH,https://hrs-steuerberatung.de/karriere
Inn-Salzach Kanzlei Rechtsanwalte,https://www.inn-salzach-kanzlei.de/karriere.htm
Jahn Hettler Rechtsanwälte PartG mbB,https://jahnhettler.de/kanzlei/karriere/
Jakoby Rechtsanwälte GbR Rechtsanwälte und Notar,https://jakobyrechtsanwaelte.de/kanzlei/karriere/
Jörg Ortmüller Rechtsanwalt,https://www.ra-ortmueller.de/jobs/
Kanzlei Andreas Mühlenweg,"https://www.kanzlei-muehlenweg.de/kanzlei/karriere-jobs/ihr-job-bei-der-kanzlei-muehlenweg,584443,de"
Kanzlei Neue Kräme,https://kanzlei-neue-kraeme.de
Kanzlei Weiss Walter Fischer-Zernin,https://www.rae-weiss.de/karriere/
Kasper Knacke,https://www.kasperknacke.de/de/karriere/
KELLER MENZ Rechtsanwälte PartG mbB,https://www.keller-menz.de/karriere/
Kiermeier - Haselier - Grosse Rechtsanwälte-Steuerberater-Partnerschaft,https://www.khg-dresden.com/de/karriere
Kiermeier Haselier Grosse,https://www.khg-dresden.com/de/karriere
Kloth Versicherungsrecht,https://www.kloth-versicherungsrecht.de/karriere
Leitner & Kollegen,https://leitner-partner.de/#karriere
LEITNER&PARTNER Rechtsanwälte,https://leitner-partner.de/karriere
Lieser,https://www.lieser-rechtsanwaelte.de/karriere
LKC Holding GmbH Wirtschaftsprüfungsgesellschaft,https://lkc.de/karriere/
LNS RECHTSANWÄLTE,https://lns.de/karriere/
"Mitscherlich, Patent- und Rechtsanwälte PartmbB",https://www.mitscherlich.de/jobs/
MOCK Partnerschaft von Rechtsanwälten mbB,https://www.mock-rechtsanwaelte.de/karriere/
Möllenhoff Rechtsanwälte,ra-moellenhoff.de
Müller Mahlmann,https://muellermahlmann.de/karriere/
NIESTEGGE Rechtsanwälte PartG mbB,https://www.niestegge.de/
Notar Dr. Thomas Durchlaub,https://notar-durchlaub.de
Notare am Ballindamm,https://www.notariat-ballindamm.de/jobs/
NST – NIERING STOCK TÖMP,https://nst-inso.com/karriere/
OZR OrthopacleZentrumRostock Dr. C. Kasch & Dr. J. Rudolph,https://orthopaediezentrum-rostock.de/jobs
Paluka Sobola Loibl & Partner Rechtsanwälte,https://www.paluka.de/karriere
PARK Wirtschaftsstrafrecht Rechtsanwälte PartG mbB,https://park-wirtschaftsstrafrecht.de/karriere/
PPR & PARTNER Pape Rauh Rechtsanwälte Wirtschaftsprüfer Steuerberater PartG mbB,https://www.ppr-partner.de/kanzlei/karriere/
Prinz & Partner,https://www.prinz.eu/karriere
QFS Steuerberater Rechtsanwalt Süß & Partner,qfs-tax.de
RAe von Trott zu Solz Lammek,https://vontrott-lammek.de/karriere/
Rechtsanwalt Joachim Cäsar-Preller,https://www.caesar-preller.de/jobs/
Rechtsanwalt und Notar Andreas Krau,https://rechtsanwalt-krau.de/karriere/
Rechtsanwälte Dr. Mahlstedt & Partner,https://www.drmahlstedt.de/kanzlei/karriere/
Rechtsanwälte H. Buschbell & Collegen,https://www.buschbell.law/karriere
Rechtsanwälte Hausmann & Sandreuther,https://www.hausmann-sandreuther.de/#jobs
Rechtsanwälte Küppers & Partner,https://rechtsanwalt-in-geldern.de/karriere/
Rechtsanwalts- und Notarpraxis Schnöckelborg & Kollegen,https://rae-iburg.de/
Rechtsanwaltsgesellschaft Eulerich & Coll. mbH,https://karriere.rag-eulerich.de/#stellenanzeige
Rechtsanwaltskanzlei LOMP,https://www.ra-lomp.de/karriere-lomp/
Rellermeyer Partner Rechtsanwälte PartGmbB,https://www.rellermeyer.de/#karriere
reuschlaw,https://www.reuschlaw.de/karriere/#2
Rickert Rechtsanwaltsgesellschaft mbH,https://rickert.law/karriere/
RLS Rechtsanwalte Retzlaff Sommer Horn,https://rls-kanzlei.de/karriere/
Ronneburger:ZUMPF Rechtsanwälte PartG,https://www.ronneburger-zumpf.com/
Rosin Büdenbender,https://rosin-buedenbender.com/karriere/
Schäfer&SIS,schaefer-sis.de
Schindhelm & Pfisterer Rechtsanwälte,https://rae-sp.de/portfolio-items/karriere/
Schulz Noack Bärwinkel Rechtsanwälte PartmbB,https://snb-law.de/jobs.html
SCHWARZ Rechtsanwälte,https://schwarz-weissenhorn.de/
Seitz Weckbach Fackler & Partner,https://www.seitz-partner.de/karriere
SLB Kloepper Rechtsanwaltsgesellschaft mbH,https://www.slb-law.de/karriere/
Sozietät Bauwens Hammer PartGmbB,https://bauwens-hammer.de/karriere/
Spieker & Jaeger,https://www.spieker-jaeger.de/karriere/
SPITZWEG Partnerschaft mbB Rechtsanwälte Steuerberater Wirtschaftsprüfer,https://www.spitzweg.com/karriere/
Stassen LLP,https://stassen-law.com/karriere/
Stein & Partner Rechtsanwälte,https://steinundpartner.de/karriere/
STIEHL & SCHMITT Heidelberger Rechtsanwaltsgesellschaft mbH,https://www.stiehl-schmitt.de/kontakt/stellenausschreibung
THEOPARK,https://www.theopark.com/karriere/
TowaRA:Arbeitsrecht,https://towara.com/stellenangebote/
Treuhand Weser-Ems,https://treuhand-recht.de/karriere/stellenangebote/
Tsambikakis & Partner Rechtsanwälte mbB,https://www.tsambikakis.com/karriere/
v. Einem & Partner mbB Rechtsanwälte,https://einem.de/
Verbraucherkanzlei Seehofer,https://kanzlei-seehofer.de/anwaltskanzlei-verbraucherschutz-karriere/
von Boetticher,https://boetticher.com/karriere/
Webeler Rechtsanwälte,https://www.webeler-rechtsanwaelte.de/karriere/
Weiland Rechtsanwälte Partnerschaftsgesellschaft,https://www.weiland-rechtsanwaelte.de/karriere/
Wilhelm Partnerschaft von Rechtsanwälten mbB,https://www.wilhelm-rae.de/karriere
Wirtschaftsprüfer · Steuerberater · Rechtsanwälte Dr. Senger und Senger – Leipzig – Partnerschaft mbB,https://senger-und-senger.de/stellenangebote/
Wurll+ Kollegen,https://wurll-jasper.de/home/karriere/
Wuthold & Braun,ihre-steuerberater.de
ZENK Rechtsanwälte Partnerschaft mbB,https://www.zenk.com/karriere/
activelaw Offenhausen.Wolter PartmbB,https://activelaw.de/karriere/
Dr. Schuhmann Gruppe,https://www.schuhmann.de/karriere/stellenangebote
Advant Beiten,https://www.advant-beiten.com/karriere/stellenanzeigen
KBHT Kalus + Hilger,https://www.kbht-karriere.de/stellenangebote
Lehleiter + Partner,https://www.lehleiter-jobs.de/Aktuelle-Jobangebote.html
PLUTA Rechtsanwalts GmbH,https://www.pluta.net/karriere.html
CURACON GmbH,https://www.curacon.de/karriere-bei-curacon/stellenangebote
Schneider + Partner,https://www.schneider-wp.de/karriere#c9517
Bietmann Rechtsanwälte Steuerberater,https://www.bietmann-karriere.de/#job
Bietmann Rechtsanwälte Steuerberater PartmbB,https://www.bietmann-karriere.de/#job
Clifford Chance,https://jobs.cliffordchance.com/jobs?options=56&page=1
Kessler Rechtsanwaltsgesellschaft,https://kessler-rs.com/karriere-jobs/
KLIEMT.Arbeitsrecht,https://talents.kliemt.de/stellenangebote/
"nowak & partner PartmbB, Steuerberater Rechtsanwalt",https://nowak-karriere.de/
"Abletshauser, Gröger & Kollegen Rechtsanwälte",https://www.ags-freiburg.de/stellenangebote
Aecoute Rechtsanwälte PartGmbB,https://www.aecoute.de/karriere#joblist
Ahlers & Vogel,https://www.ahlers-vogel.de/kanzlei/karriere/
Altmann Stößel Dick Patentanwälte PartG mbB,https://asd-patent.com/karriere/
AMERELLER,https://amereller.com/careers/
Andrejewski Honke,https://www.andrejewski.de/karriere/
Annerton,https://annerton.com/karriere/
Anwälte Hörth Breuninger Wilhelm PartmbB,https://www.ra-hoerth.de/2023/images/Stellenanzeige.pdf
Anwaltskanzlei Heckmann Kanzlei für Insolvenzrecht und Entschuldung,https://www.heckmann.net/stellenangebote/
ANWALTSKANZLEI HESSELNFELD-JOST & MOYE,https://akanzlei.de/
ARAG Versicherung,https://www.karriere-bei-arag.de/#6fe85b4b-4f0a-4ff8-b7a0-92e8caeb8de7
Avocado,https://www.avocado.de/karriere/
Baumann Resolving Disputes,https://baumann-disputes.de/was-noch/karriere
Baumeister Rechtsanwälte Münster,https://www.baumeister.org/de/karriere/
Bergeman Schönherr Partner,https://www.bbsz.de/karriere/
BergmannPartner,https://www.bergmannpartner.com/karriere
Blanke Meier Evers Rechtsanwälte in Partnerschaft mbB,https://bme-law.de/karriere.html
Börsing Pohl & Partner Steuerberater Rechtsanwälte,https://boersing-pohl.de/archiv/karriere-old/
Comfield Legal,https://comfield-legal.eu/career
D+B Rechtsanwälte Partnerschaft mbB,https://www.db-law.de/de/karriere-bei-db
"Daniel, Hagelskamp & Kollegen Rechtsanwälte und Steuerberater Partnerschaft mbB",https://www.dhk-law.com/karriere/
DIERLAMM Rechtsanwälte,https://dierlamm-rechtsanwaelte.com/KARRIERE
Dobler & Partner Partnerschaft mbB,https://dobler-partner.net/karriere/
Dr. Berner & Partner Rechtsanwälte PartG mbB,https://berner-rechtsanwaelte.de/stellenangebote/
DR. HALBE RECHTSANWÄLTE,https://www.medizin-recht.com/
Dr. Heeser & Kollegen Rechtsanwaltsgesellschaft m.b.H,https://heeser-kollegen.de/
Dr. Herzog Rechtsanwälte Rosenheim,https://www.drherzog.de/karriere/
Dr. Lohsin & Partner Fachanwälte und Notare,https://lohsin-partner.de/karriere
Dr. Marcus Kämpfer und Andrea,https://www.notare-kb.de/karriere-notare-duesseldorf.html
DRPA Partnerschaftsgesellschaft mbB Wirtschaftsprüfer • Steuerberater • Rechtsanwälte,https://www.drpa.de/karriere/#stellenangebote
DURY LEGAL Rechtsanwälte,https://www.dury.de/karriere
ECOVIS Webservice GmbH,https://www.ecovis.com/bayreuth/karriere/
Fella Fricke Wagner Partnerschaft - Rechtsanwälte Steuerberater,https://ffwkanzlei.de/karriere/
Ferox Legal,https://feroxlegal.com/de/karriere/
Frenzel - Heinze - Zeh FHZ Fachanwälte Notare,https://fhz-anwalt.de/referendar-m-w-d-oder-rechtsanwalt-m-w-d-in-langenselbold-gesucht/
Gansel Rechtsanwälte,https://www.gansel-rechtsanwaelte.de/karriere
Glade Michel Wirtz,https://www.glademichelwirtz.com/karriere/
Gollub Klemeyer Fachanwälte - Partnerschaft mbB.,https://www.gollub-klemeyer.de/stellenangebote/
GÖRG Partnerschaft von Rechtsanwälten mbB,https://www.goerg.de/de/karriere
Groth · Müller Rechtsanwälte Partnerschaftsgesellschaft mit beschränkter Berufshaftung und Notare,https://www.groth-mueller.de/karriere/
Grub Bahmann Rechtsanwaltspartnerschaft,https://www.grub-lb.de/karriere/
GRUENDELPARTNER Rechtsanwälte Steuerberater Wirtschaftsprüfer PartGmbB,https://gruendelpartner.de/karriere/
"HAF Ackermann Rechtsanwälte, Insolvenzverwalter und Steuerberater PartG mbB",https://www.kanzlei-haf.de/karriere/
Haischer & Partner,https://www.haischer.de/de/karriere/aktuelle-stellenangebote.html
"Hambruch, Voss & Partner GbR",https://www.hambruch-voss.de/content/inhalte/hvp_jobs/index.html
hassiepen-rechtsanwalt,https://hassiepen-rechtsanwalt.de/ueber-uns/karriere/
Haver & Mailänder,https://www.haver-mailaender.de/de/karriere
Heitjans und Partner GbR,https://www.kanzlei-heitjans.de/
Herfurtner Rechtsanwaltsgesellschaft mbH,https://kanzlei-herfurtner.de/karriere/
HLB Augsburg Schwaben,hlb-augsburg.eu
HLB Klein Mönstermann,https://kmp-gruppe.de/stellenangebote/
Hoffmann & Jung Rechtsanwälte • Steuerberater,https://www.hoffmann-rechtsanwaelte.de/karriere
HSK Rechtsanwälte Kroll & Kollegen,https://hsk-anwaelte.de/karriere
Huth Dietrich Hahn Rechtsanwälte Partnerschaftsgesellschaft mbB,https://www.hdh.net/de/karriere.php
"K3S Rechtsanwälte Köppe, Straub, Staufer, Schwemmle und Kollegen",https://www.k3s-rechtsanwaelte.de/kanzlei/karriere.html
Kanzlei Bollinger & Kollegen,https://www.ra-bollinger.de/
Kanzlei Börsing Pohl und Partner,boersing-pohl.de
Kanzlei Dr. Herzog & Kollegen,https://www.jus-plus.de/kanzlei/karriere.html
Kanzlei SEK,https://www.kanzleisek.de/
Kanzlei Wendlberger Ullrich,https://www.kanzlei-wud.de/stellenangebote
"Koch Lemke Macahcek PartGmbB, Katharinenstraße",https://www.koch-lemke-machacek.de/service-kontakt/stellenausschreibungen/
Köhler · Dr. Blanck · Frahm | Rechtsanwälte & Notare in Heiligenhafen und auf Fehmarn Kanzlei am Fehmarnsund,https://kanzleiamfehmarnsund.de/karriere/
König & Kollegen,https://www.net-lawyer.de/
KOPP PARTNER RECHTSANWÄLTE | FACHANWÄLTE UND NOTARE,https://www.rae-kopp.de/karriere
KSB Intax,https://www.ksb-intax.de/karriere/
Lehmann Neunhoeffer Sigel Schäfer,https://www.lenesis.com/de/karriere
LEITFELD Rechtsanwälte,https://www.leitfeld-recht.de/de/karriere/
Lindenberg & Witting Rechtsanwaltsgesellschaft mbH,https://www.rechtsanwaelte-arbeitsrecht-lw.de/Karriere/?_gl=1*1dk0gc5*_up*MQ..*_ga*NTIxNDMyMTc3LjE3NjA2Mzk2NTk.*_ga_J1D4SDT6BY*czE3NjA2Mzk2NTkkbzEkZzAkdDE3NjA2Mzk2NTkkajYwJGwwJGgw
LIPPERT STACHOW Patentanwälte Rechtsanwälte Partnerschaft mbB,https://www.pateam.de/Karriere/index.html
LUDWIG WOLLWEBER BANSCH Rechtsanwälte * Partnerschaft,https://www.ludwigwollweberbansch.de/karriere/
MARCK,marck.eu
Massing Werner,https://massingwerner.com/karriere/
Medlegal,https://www.medlegal.de/karriere/
Meinhardt Gieseler & Partner,https://www.mgup-kanzlei.de/karriere/
Menz & Partner Attorneys at Law Tax Consultants,https://menzundpartner.de/jobs/steuerberater
MIG Medien & Technologie GmbH,https://www.krings-wagner-kleitz.de/files/cto_layout/stellenanzeigen-pdfs/stellenanzeige.pdf
MIZ Steuerberatung GbR,https://www.miz.de/de/karriere.html
Muth & Faust Rechtsanwälte in Partnerschaft,https://www.muth-faust.de/karriere.php
Neuland,https://www.neuland.legal/career.html
Oppenhoff,https://www.oppenhoff.eu/de/karriere/
Pannenborg & Partner mbB Rechtsanwälte (PR 201044),https://www.pannenborg-partner.de/#karriere
Pfälzische Rechtsanwaltskammer Zweibrücken,https://www.wbt-rechtsanwaelte.de/#karriere
pkl legal Rechtsanwaltsgesellschaft mbH,https://www.pkl.com/karriere
PricewaterhouseCoopers Legal Aktiengesellschaft Rechtsanwaltsgesellschaft,https://legal.pwc.de/de/karriere
QIVIVE Rechtsanwalts GmbH,https://www.qivive.com/de/karriere/stellen
Quirmbach & Partner,https://ihr-anwalt.com/kanzlei/karriere
R24 Kooperation § Rechtsanwälte & Steuerberater,https://r24.de/karriere/
Raßmann + Partner GmbH,https://www.societates.de/karriere#offene-stellen
Rausch + Partner Steuerberater + Rechtsanwalt,https://www.rauschundpartner.de/steuer-und-rechtsberatung/stellenangebot/
RBB & Partner,https://rbb-partner.de/karriere/
"Rechtsanwalt, Steuerberater und Fachanwalt für Steuerrecht, Bonn",https://karriere-kanzlei-arndt.com/#stellen
"Rechtsanwälte Aslanidis, Kress & Häcker-Hollmann Partnerschaftsgesellschaft mbB",https://akh-h.de/stellenangebote/
"Rechtsanwälte Buse eGbR Torsten Buse, Franziska Buse",https://www.rabuse.de/seite/262093/stellenangebote.html
Rechtsanwälte Dirk Löber und Torsten Sonneborn,https://www.rechtsanwaelte-ls.de/unser-team/stellenangebote/
Rechtsanwälte Glufke-Böhm & Partner mbB,https://kanzlei-glufke-boehm.de/karriere/
Rechtsanwälte Ladenburger Neifeind Schmücker & Homann,https://www.ladenburger.com/de/karriere/
Rechtsanwälte Langen,https://www.rechtsanwaelte-langen.de/job/buerokauffrau/
"Rechtsanwälte Prof. Dr. Halbe, Rothfuß & Partner mbB",https://medizin-recht.com
Rechtsanwälte Roos & Schmitz-Gagnon ist eine Partnerschaft mit beschränkter Berufshaftung (PartGmbB),https://www.rsg-rechtsanwaelte.com/karriere-bei-roos-und-schmitz-gagnon/
Rechtsanwälte Steuerberater mbB,https://www.olschar.de/karriere.html
Rechtsanwälte und Notare Diekmeyer Wagenknecht Nordmeyer GbR,https://www.diekmeyer.de/informationen/karriere.html
"Reckels, Ruhwinkel, Lammers, Dr. Keuter und Bathe Gesellschaft bürgerlichen Rechts",https://onlineadvokaten.de/karriere-2/
REGLER SIKORA NOTARE,https://regler-sikora.de/stellenanzeigen
Reis & Partner Rechtsanwälte  Notare,https://reisundpartner.de/stellenangebote/
Reius,https://www.reius.de/karriere/
rightmart.group,rightmart.group
rospatt,https://www.rospatt.de/career
RPO Ruttkamp Oberthür,https://www.rpo-rechtsanwaelte.de/Home/Join-us
RWT Reutlinger Wirtschaftstreuhand GmbH,https://www.rwt-gruppe.de/karriere
Schleifenbaum & Adler Partnerschaft von Rechtsanwälten mbB,https://www.schleifenbaum-adler.de/
Schulte,https://www.schulte-lawyers.com/karriere
SCHUMANN Rechtsanwälte Partnerschaftsgesellschaft,https://www.schumann-law.de/karriere.html
Seebacher Fleischmann Müller,https://sfm-arbeitsrecht.de/stellen/
Sidley Austin LLP,https://www.generationsidley.com/
Steuerberater Badewitz,https://www.steuerkanzlei-badewitz.de/stellen_Mitarbeiter-in-Bayreuth-gesucht.html
TSP Theißen Stollhoff & Partner mbB Rechtsanwaltsgesellschaft,https://www.ts-law.de/karriere/
Unit 4 IP,https://unit4ip.de/karriere.html
Weinreich PartG mbB,https://kanzlei-weinreich.de/ueber-uns/stellenangebote/
Weisner Partner,https://weisnerpartner.de/karriere/#1
Wollmann & Partner Rechtsanwälte mbB,https://www.wollmann.de/karriere/
Johannsen Rechtsanwälte,https://www.kanzlei-johannsen.de/stellen/
Kirkland & Ellis,https://karriere.kirkland.com/
Dr. Metschkoll GmbH Rechtsanwaltsgesellschaft Steuerberatungsgesellschaft,https://karriere.metschkoll.de/
Dr. Schreiner + Partner,https://www.rae-schreiner.de/karriere/
BBR Buchalik Brömmekamp,https://www.buchalik-broemmekamp.de/ihre-karriere/
O. Kelm und J. Maidaikina PartG mbB,https://www.km-rechtsanwaelte.de/#karriere
KAISER & SOZIEN Partnerschaft mit beschränkter Berufshaftung,https://www.kaisersozien.de/karrieren/
Römermann Rechtsanwälte,https://roemermann.com/kanzlei/karriere/stellenangebote/
HWS,https://hws.jobs.personio.de/
ADKL Abels Decker Kuhfuß & Partner,https://adkl-bewerberportal.de/de/
Arqis,https://www.arqis.com/karriere/
Buse Heberer Fromm,https://buse.de/karriere/
Eureos,https://www.eureos.de/stellenanzeigen/
Eversheds Sutherland,https://ezine.eversheds-sutherland.com/stellenangebote-in-deutschland/
HPS | Hemberger Prinz Siebenlist GmbH & Co. KG,https://www.kanzlei-hps.de/karriere.html
AKP Achilles Bosse Fassin und Partner mb,https://akp-krefeld.sucht-dich.de/
Friedrich Graf von Westphalen & Partner mbB / Rechtsanwälte,https://www.fgvw.de/karriere
Maisenbacher Hort + Partner,https://mhp-kanzlei.de/arbeiten-bei-mhp/offene-stellen/
ARNDT + PARTNER Wirtschaftsprüfer - Steuerberater - Rechtsanwalt,https://www.arndt-partner.eu/de/karriere/stellenangebote.php
Kanzlei Voigt Rechtsanwalts GmbH,https://kanzlei-voigt.de/karriere/
Pape & Co,https://www.pape-co.de/karriere/jobs/#jobs
schneidergeiwitz,https://www.schneidergeiwitz.de/en/career/jobs
SGP Schneider Geiwitz,https://www.schneidergeiwitz.de/karriere/jobs
Vangard Littler,https://vangard.de/karriere
WirtschaftsTreuhand,https://www.wirtschaftstreuhand.de/karriereportal/
4L Legal,4l.legal
ACT Legal Service Company GmbH,https://actlegal.com/de/career/
advomano Zwiehoff Elsner Rechtsanwälte Partnerschaftsgesellschaft mbB,https://www.advomano.de/de/kanzlei/jobs-bei-advomano
AGS Acker Schmalz,https://www.ags-legal.de/de/karriere
Ampersand,https://www.ampersand.de/karriere/
Andrea Versteyl,https://www.avr-rechtsanwaelte.de/karriere
"AndresPartner, Rechtsanwälte & Steuerberater, Insolvenzverwaltung & Restrukturierung, Partnerschaft mbB",https://www.andrespartner.de/karriere
Anwaltskanzlei  Brugger & Schießle,https://www.anwaltskanzlei-vs.de/jobs/
Arbeitsrecht-Rechtsanwälte Bechert Berlin,https://www.arbeitsrecht-berlin.de/
ATG Algäuer Treuhand,https://www.atg.de/karriere/karriere-bei-uns/
Ax Vergaberecht,ax-vergaberecht.de
Bäumer & Kollegen GbR,https://www.raebaeumer-kollegen.de/karriere.html
Beisse & Rath,https://www.beisse-rath.de/de
Beisse & Rath Partnerschaft von RAen,beisse-rath.de
Bendel & Partner Rechtsanwälte mbB,https://bendel-partner.de/karriere-bei-bendel-partner/
Bendel Insolvenzverwaltung AG,https://bendel-insolvenz.de/karriere-bei-bendel-insolvenzverwaltung/
Benscheid – Weckbrodt – Kraus – Milz Rechtsanwälte – Fachanwälte,https://www.rechtsanwaelte-benscheid.de/
Bernd Pfelzer Rechtsanwalt und Notar,https://ra-pfelzer.de/karriere/
Beukelmann Müller Partner,https://www.bm-partner.com/offene-stellen-rechtsanwaelte/
BFP Kessel Fuchs Dr. Höhn & Partner PartG mbB,https://bf-p.de/karriere/
BKL Fischer Kühne + Partner,https://www.bkl-law.de/#karriere
Blomstein,https://www.blomstein.com/karriere.php
BLTS Rechtsanwälte GbR,https://www.blts.de/karriere/
Breyer Rechtsanwälte PartmbB,https://breyer-rechtsanwaelte.de/karriere/
Brinkmann.Weinkauf Partnerschaft mbB,https://www.brinkmannweinkauf.de/karriere
Brinkmann.Weinkauf Rechtsanwälte Partnerschaft mbB,https://www.brinkmannweinkauf.de/karriere.html
BS LEGAL Rechtsanwälte Rechtsanwalt Veit Strittmatter,https://bs-legal.de/
Buchner & Kollegen,https://www.kanzlei-buchner.de/karriere.php
Capstone Legal Rechtsanwaltsgesellschaft mbH,https://capstone-legal.com/offene-stellen/
"Christian Hopfner, Rechtsanwalt",https://hopfner.info/
Clouth & Partner,https://clouth-partner.de/karriere/
comp/lex,comp-lex.de
Cornelius + Krage Rechtsanwälte PartG mbB,https://www.cornelius-krage.de/karriere/rechtsanwaelte/
DAHAG Rechtsservices AG,https://www.dahag.de/jobs
Dietz Tonhäuser & Partner,https://www.haus-des-rechts.de/kanzlei/karriere
DLF Treuhand Steuerberatungsgesellschaft mbH,dlf-stb.de
Dolce Lauda Rechtsanwälte Avvocati Partnerschaftsgesellschaft mbB,https://www.dolce.de/karriere/
Dolce Lauda Rechtsanwälte Avvocati Partnerschaftsgesellschaft mbB,https://www.dolcelauda.com/karriere/
Dr. Kirsten Völckers Kirsten Dr. Fitzau Rechtsanwälte Partnerschaft mbB,https://www.dr-kirsten-pp.de
Dr. Kirsten Völckers Kirsten Dr. Fitzau Rechtsanwälte Partnerschaft mbB,https://www.dr-kirsten-pp.de/#KARRIERE
Dr. Kraft & Rudolph Rechtsanwälte PartG mbB,https://dr-kraft.eu/karriere/
Dr. Sander & Partner​ mbB Rechtsanwälte,https://www.sander-anwalt.de/
Dr. Till Kleinstück und Dr. Marcus,https://notare-nw75.de/karriere/
DREISS Patentanwälte PartG mbB,https://www.dreiss.de/recruiting/
ENDEMANN.SCHMIDT Partnerschaft von Rechtsanwälten mbB,https://www.es-law.de/karriere/
Esche Schümann Commichau,https://karriere.esche.de/stellenangebote.html
EttrichRechtsanwälte Partnerschaft mbB,https://www.ettrich.de/karriere.html
Fricke + Kollegen,https://steuerkanzlei-fricke.deine-wunschkanzlei.de/
G&P Gloeckner.Fuhrmann.Nentwich. Rechtsanwaltsgesellschaft mbH,https://www.gplaw.de/karriere/
"Gaßner, Groth, Siederer & Coll. Rechtsanwälte",https://www.ggsc.de/karriere
Gazeas Nepomuck,https://gazeas.de/karriere/
Gencer & Coll.,www.gencer-coll.de
GIW Rechtsanwälte Graßhoff v. Wrangell Burwitz PartmbB,https://www.rechtsanwaelte-giw.de/karriere
GoldbergUllrich Rechtsanwälte PartG mbB,https://www.goldberg.de/karriere
Grosse von Hirschhausen Patentdienst GmbH,https://www.gskh.eu/karriere/
HAFEN | MÜLLER | HOOGEN RECHTSANWÄLTE PartGmbB,https://www.hmh-kanzlei.de/kanzlei/karriere/
"Hamacher, Dröge und Kollegen Rechtsanwälte und Notare",https://www.hamacher-droege.de/karriere/
HÄRTING Rechtsanwälte PartGmbB,https://haerting.de/karriere/
Hausherr Steuerwald Ritter Rechtsanwälte  Insolvenzverwalter  Partnerschaftsgesellschaft mbB,https://www.hausherr-steuerwald.de/karriere/
HEIMANN und Partner mbB Wirtschaftsprüfer Steuerberater,https://www.heimannundpartner.de/karriere.html
Held Jaguttis,https://heldjaguttis.com/de/team/karriere/
Hilgers & Partner Rechtsanwälte mit beschränkter Berufshaftung,https://www.hilgers-partner.de/
Hilgers und Partner,hilgers-partner.de
Hillenkamp – von den Berg – König Rechtsanwälte,https://www.rae-hillenkamp.de/karriere/
Hopfgarten Rechtsanwälte PartGmbB,https://www.hopfgarten.de/karriere/
HÜMMERICH & BISCHOFF Rechtsanwälte - Steuerberater in Partnerschaft mbB,huemmerich-partner.de
Hümmerich & Partner Rechtsanwälte Steuerberater mbB,https://www.huemmerich-partner.de/
JASPER Rechtsanwälte,http://jasper-law.com/karriere
JUDr. Henning & Kollegen GbR,https://sta-recht.de/
"K3S Rechtsanwälte Straub, Staufer, Schwemmle, Weller, Bauer PartGmbB",https://www.k3s-rechtsanwaelte.de/
Kahlert Padberg Rechtsanwälte Fachanwälte Partnerschaft mbB,https://www.kahlert-padberg.de/karriere/
Kanzlei Backhaus und Partner,https://www.backhaus-und-partner.de/
Kanzlei Dr. Klaus Froebel & Partner mbB Rechtsanwälte,https://dr-froebel.de/karriere/
Kanzlei Höltershinken & Kollegen,https://www.sh-inso.de/karriere-jobs-kanzlei/
Kanzlei Müller & Partner PartG mbB,https://www.kanzlei-mew.de/karriere/
KANZLEI NUSSMANN Fachanwältin & Mediatorin,https://kanzlei-nussmann.de/karriere/
Kanzlei Plutte,https://www.ra-plutte.de/
Kanzlei Reichert Landau und Lustadt,https://www.kanzleireichert.de/jobs/wir-suchen/
Kanzlei Rösch,https://www.kanzleiroesch.de/offene-stellen/
kanzlei-bzp.com,kanzlei-bzp.com
kanzleigruenhagen.de,https://www.kanzleigruenhagen.de
Kapellmann und Partner Rechtsanwälte mbB,https://www.kapellmann.de/de/karriere/
Kather Augenstein Rechtsanwälte PartGmbB,https://www.katheraugenstein.com/karriere/
Kemper,https://www.kemper-rechtsanwaelte.de/#karriere
KEMPER Rechtsanwaltsgesellschaft mbH,https://www.kemper-rechtsanwaelte.de/#karriere
"Klönne, Klein & Partner mbB Rechtsanwälte",https://www.kloenne-klein.de/karriere/
KOBER | Rechtsanwälte,https://www.kober.org/index.php?id=1#c30
Kozianka & Weidner,https://www.kozianka-law.de/de/karriere.html
KROHN Rechtsanwälte Partnerschaftsgesellschaft mbB,https://www.krohnlegal.de/de/karriere.htm
KSME Rechtsanwälte,https://www.ksme-rechtsanwaelte.de/karriere/
LANGWIESER RECHTSANWÄLTE Partnerschaft mbB,https://langwieser.de/karriere
LECON,www.lecon.eu
LECON Restrukturierung Rechtsanwaltsgesellschaft mbH,https://www.lecon.eu/
LEGALIS Anwälte,https://www.legalis-kanzlei.de/
"LEICHTHAMMER, SCHECKEL, BREIL & PARTNER",https://lsb-partner.de/karriere/
Lieb Rechtsanwälte,https://www.lieb-online.com/stellenangebote/
LIEBIG,https://inso-liebig.de
lindenpartners,https://lindenpartners.eu/recruitment/
Lubberger Lehment,https://www.lubbergerlehment.com/de/ueber-uns/karriere/
"Manske & Partner, Rechtsanwälte",https://www.manske-partner.de/stellenangebote
MAUCHER JENKINS Patentanwälte & Rechtsanwälte,https://de.maucherjenkins.com/karriere/offene-stellen
Meincke Bienmüller,https://www.mb-law.de/de/karriere/
Meinhardt Rechtsanwaltskanzlei,https://meinhardt-online.com/de/
Mengen und Partner,mengen-partner.de
Momentum,https://momentum-partner.de/de/career
Müller-Heydenreich Bierbach & Kollegen,https://mhbk.de/de/karriere
MWLG.de Rechtsanwaltskanzlei,mwlg.de
NAU Rechtsanwalt,https://rechtsanwalt-nau.de/stellenangebote/
NRG Nussbaum Rechtsanwaltsgesellschaft mbH,https://www.nussbaum-legal.de/karriere
PARK | Wirtschaftsstrafrecht,https://www.park-wirtschaftsstrafrecht.de/#karriere
Partnerschaft Kues & Partner Rechtsanwälte,https://www.kues-partner.de/aktuelles/
Pohlmann & Company,https://www.pohlmann-company.com/karriere/
Pohlmann Hofmann Insolvenzverwalter Rechtsanwälte Partnerschaft,https://pohlmannhofmann.de/karriere-new/#stellenanzeigen
PS/Rechtsanwälte für Verkehrsrecht,https://www.ps-verkehrsrecht.de/jobs/
RAe Hausmann & Müller,https://www.hm-ra.com/de/karriere/
Rapräger Hoffmann und Partner,https://rapraeger.de/karriere/
Raschke von Knobelsdorff Heiser Partnerschaft von Rechtsanwälten mbB,https://www.rkh-law.de/de/sozietaet/karriere
Rechtsanwalt Friedhelm Keck,https://kanzlei-keck.de/
Rechtsanwälte Betz-Rakete-Dombek Partnerschaft,https://www.robe.org/de/karriere
Rechtsanwälte Dr. Keller,https://rechtsanwaltnotardrkeller.scope-recruiting.de/
RECHTSANWÄLTE HECK VALTER BÖTTCHER THÖNNISSEN PARTGMBB,https://www.westanwaelte.de/karriere
"Rechtsanwälte Heimburger, Schlenker, Fink Partner mbB",https://www.heimburgerfink.de/karrieremoeglichkeiten-bei-rechtsanwaelte-heimburger-schlenker-fink-ausbildung-referendariat/#all-jobs
Rechtsanwälte M&P Dr. Matzen & Partner mbB,https://www.matzen-partner.de/de/stellenanzeigen/
Rechtsanwälte Münchow Commandeur + Partner Partnerschaftsgesellschaft mbB,https://mcb-legal.de/stellenangebote-bei-mcb/
Rechtsanwälte Oberberg • Hasche • Reinbender,https://oberberg-rae.de/
Rechtsanwälte Römer & Kollegen,https://www.roemer-kollegen.de/kontakt#Stellenangebote
Rechtsanwälte Schneider Stein & Partner Partnerschaftsgesellschaft mbB,https://www.anwaelte-schneider-stein.de/kanzlei/karriere/
Rechtsanwälte Willi & Janocha Partnerschaft mbB,https://www.kanzleiwilli.de/
Rechtsanwaltskanzlei Katrin Zink,https://www.kanzlei-zink.de/
rechtsanwaltskanzlei Mottl|Wilhelm|Leopold|Gurk|Sues|Köhn,https://www.mwlg.de/
Renokanzlei Rechtsanwalte & Notare,https://www.renokanzlei.de/kanzlei/karriere/
Rommelspacher Glaser Prüß Mattes Kalthoff Rechtsanwälte Steuerberater PartG mbB,https://www.rofast.de/karriere
"RWP Rechtsanwälte Spönemann, Zerhusen, Klose, Lachmann, Nieberding, Antweiler, Nolte, Wördemann, Gabler, Ehrle, Zmuda (Adwokat) PartG mbB",https://rwp.de/karriere/
Salm & Olk Rechtsanwalt · Steuerberater · Wirtschaftsprüfer,https://www.salm-olk.de/
Sandhaus Grodnio Rechtsanwälte Partnerschaft mbB,https://www.kanzlei-emsland.de/Karriere.html
Scharnberg Rechtsanwälte,scharnberg.de
Schelling & Partner Rechtsanwälte Partnerschaft mit beschränkter Berufshaftung,https://www.schelling.de/61-0-Karriere.html
SCHENDERLEIN Rechtsanwälte,https://kanzlei-schenderlein.de/zweckverbaende-und-verwaltungsgemeinschaften/
Schirmer & Günther PartG mbB Wirtschaftsprüfer — Steuerberater,https://schirmer-guenther.de/karriere/
Schmitt Teworte-Vey Simon & Schumacher,https://www.schmitt-teworte.de/karriere/
Schmitz + Partner,https://schmitzpartner-ffm.de/de/karriere/
Schott Rechtsanwalte,https://www.schott-recht.de/index.php/stellenausschreibung
Schulte & Prasse,schulte-prasse.de
Schulze-Hagen/ Horschitz / Hauser Rechtsanwälte,https://schulze-hagen.com/karriere/
Seidler & Kollegen Partnerschaftsgesellschaft mbB,https://seidler-kollegen.de/karriere/
Seiler & Kollegen Anwalts GmbH,https://www.seilerundkollegen.de/index.php/karriere
SMNG Rechtsanwaltsgesellschaft mbH,https://smng.de/karriere/
SMP Schinogl Müller & Partner GbR,https://smp-frankfurt.de/index.php/karriere-jobs/
Steuerberatungs- & Rechtsanwaltskanzlei,https://www.ra-kaese.com/karriere.php
SWR Partnerschaft mbB Steuerberater Rechtsanwalt,https://www.steuer-wirtschaft-recht.de/karriere/
Taylor Wessing,https://karriere.taylorwessing.com/jobs
Terhaag & Partner Rechtsanwälte,https://www.aufrecht.de/stellenangebote
THSB Throm Hauser Strobl von Berlichingen Rechtsanwälte Steuerberater,https://www.thsb-rechtsanwalt-heilbronn.de/
thümmel schütze,https://tsp-law.com/de/karriere
Trüon,https://truon.de/
TSC Schipp & Partner,https://www.t-s-c.eu/karriere/
Vogel & Partner Rechtsanwälte mbB,https://www.vogel-partner.eu/karriere/
VOIGT SALUS. Rechtsanwälte und Insolvenzverwalter GbR,https://www.voigtsalus.de/de/jobs
Völlinger & Partner m.b.B.,https://voellinger-partner.com/karriere/
Weidmann Wahl Amin & Partner,https://weidmann-amin.de/kanzlei/#karriere
Wigge,https://www.ra-wigge.de/news/stellenangebote/
WIR SUCHEN VERSTÄRKUNG! [ZU DEN STELLENANZEIGEN],https://www.srb-anwaelte.de/karriere
Wirtz & Kraneis Rechtsanwälte Partnerschaft mbB,https://wirtz-kraneis.com/karriere_rechtsreferendariat/
WISTA Rechtsanwalts AG,https://wista-ra.de/rechtsanwalt-mannheim/
WSS Redpoint,https://wss-redpoint.com/career
Zimmermann und Partner Patentanwälte mbB,https://zimpat.com/kanzlei/karriere/
Appelhagen,https://www.appelhagen.de/karriere.html
dialog steuerberatungsgesellschaft mbH,https://dialog-karriere.de/
Knauthe Rechtsanwälte Partnerschaft mbB,https://www.knauthe.com/karriere/
Loyfort,https://loyfort.de/karriere/
STREITBÖRGER,https://www.streitboerger.de/karriere/
Dr. Eick & Partner GbR,https://www.dr-eick.de/index.php?module=jobs&index[jobs][action]=overview
isarpatent - Patent- und Rechtsanwälte Behnisch Barth Charles Hassa Peckmann und Partner mbB,https://www.isarpatent.com/stellenangebote-karriere/
Kanzlei Schorr & Partner,https://schorr-kasanmascheff-kanzlei.webflow.io/#Stellen
LTS Rechtsanwälte,https://lts-kanzlei.de/karriere/
PKF München,https://jobs.pkfivt.de/de
Pusch Wahlig Workplace Law,https://pwwl.de/joboffer/
"SZA Schilling, Zutt & Anschütz",https://www.sza.de/de/karriere/offene-stellen
"Ackermann, Meyer & Partner mbB",https://amp-steuerberatung.de/karriere/#stellen
Dierkes und Partner,https://jobs.dierkes-partner.de/de
HLB Hussmann,https://www.hlb-hussmann.de/karriere/einstieg/
Willmer & Köster,https://karriere.willmerkoester.de/stellenangebote
Busse Disputes,https://www.busse-disputes.com/karriere/
c·k·s·s Carlé · Korn · Stahl · Strahl Partnerschaft mbB Rechtsanwälte Steuerberater,https://ckss.de/ueber-uns/karriere/
Flother & Wissing,https://www.floether-wissing.de/ueber-uns/karriere
Heussen Rechtsanwaltsgesellschaft mbH,https://www.heussen-law.de/de/karriere
HT Defensio Strafverteidiger,https://ht-strafrecht.de/ueber-uns/karriere/stellenanzeigen/
hww,https://www.hww.eu/karriere/aktuelle-stellenangebote
Mönning Feser Partner Insolvenzverwalter,https://www.mfp-law.com/karriere-iv/
Rechtsanwälte Eimer Heuschmid Mehle Partnerschaft mbB,https://www.ehm-kanzlei.de/karriere/
BBG und Partner Rechtsanwälte,https://www.bbgundpartner.de/karriere/wen-wir-suchen/
Hirt + Teufel Rechtsanwaltsgesellschaft mbH,https://www.hirt-teufel.de/de/karriere/karriere
Husemann Eickhoff Salmen & Partner,https://www.husemannpartner.de/karriere/stellenangebote/
Kanzlei Stölzel Rechtsanwälte Steuerberater GmbH,https://kanzlei-stoelzel.de/stellenangebote/
Martius Rechtsanwälte,https://martius-partner.com/karriere/
McDermott Will & Emery,https://test-mwe-careers.pantheonsite.io/de/aktuelle-vakanzen/
Moller Theobald Jung Zenger,https://www.mtjz.de/stellenangebote/
"Möller Theobald Jung Zenger Rechtsanwälte Wirtschaftsprüfer Steuerberater, PartG mbB",https://www.mtjz.de/stellenangebote/
RENNEBERG + PARTNER Wirtschaftsprüfer Steuerberater Rechtsanwälte mbB,https://www.renneberg-gruppe.de/karriere/jobs/
Seitz,https://www.seitzpartner.de/stellenangebote/
VRT Partnerschaft mbB Wirtschaftsprüfer Steuerberater Rechtsanwälte,https://vrtlinzbachloecherbachundpartner.recruitee.com/
AfA Rechtsanwälte,https://www.afa-anwalt.de/karriere/
Cornea Franz Rechtsanwälte Partnerschaft mbB,https://www.cornea-franz.de/jobangebote/
Godefroid & Pielorz,https://www.godefroid-pielorz.de/de/karriere.html
Hannemann und Partner Rechtsanwälte Partnerschaftsgesellschaft mbB,https://www.hsa-beratergruppe.de/karriere
HLB Stückmann,https://www.stueckmann.de/karriere/
HÖNINGER | FAHNENSCHMIDT | KREISKORTE - Bürogemeinschaft Recht & Steuern,https://hfk.ruhr/karriere/
okl & partner,https://oklp.de/category/karriere-oklp/
Rechtsanwälte Fachanwälte Gesterkamp PartGmbB,https://gesterkamp.net/ihre-karriere-bei-uns/
"Roth, Klein, Gilcher & Partner Rechtsanwälte",https://www.rkgp.de/stellenanzeigen-rechtsanwaelte/
Thür Werner Sontag,https://www.tws-rechtsanwaelte.de/kanzlei/karriere
Voss Schnitger Steenken Bünger & Partner,https://jobs.obic.de/stellenangebote/
AHW Hunold & Partner,https://karriere.ahw-unternehmerkanzlei.de/
BOEHMERT & BOEHMERT,https://career.boehmert.de/
Dr. Schwarz & Partner,https://www.karriere-schwarzpartners.de/
Dr. SchwarzPartners GmbH,https://www.karriere-schwarzpartners.de/#offene-stellen
Iffland & Wischnewski,https://www.iw-recht.de/karriere/
Kullen Müller Zinser,https://kullen-mueller-zinser.de/karriere-bei-kmz/
LHP Luxem Heuel Prowatke - Rechtsanwälte Steuerberater PartGmbB,https://www.lhp-rechtsanwaelte.de/stellenangebote/
PMPG Steuerberatungsgesellschaft PartmbB,https://pmpg.recruitee.com/
Schomerus & Partner,https://jobs.schomerus.de/de
Vogeler Rechtsanwälte Partnerschaft mbB,https://ra-vogeler.de/die-kanzlei/#karriere
Weickmann & Weickmann Patent- und Rechtsanwälte PartmbB,https://www.weickmann.de/karriere/
Ziefle Unger Partnerschaft von Rechtsanwälten mbB,https://ziefle.law/karriere/
Bals & Vogel Patentanwälte PartG mbB,https://www.balsvogel.com/de/jobs
Bluedex,https://bluedex.de/verstaerkung/
BridgehouseLaw Germany Villwock Heinze Rechtsanwälte PartGmbB,https://bridgehouselaw.de/karriere/
Brock Müller Ziegenbein,https://www.bmz-recht.de/karriere
dhmp,https://jobs.dhmp.de/de
eagle lsp,https://eagle-lsp.jobs.personio.de/
Greenfort,https://greenfort.de/karriere/
HaackSchubert Partnerschaftsgesellschaft mbB,https://www.haackschubert.de/karriere
Kaiser & Kollegen Rechtsanwälte,https://jobapplication.hrworks.de/de?companyId=aseb0a1f
KJP GbR,https://www.kjp-web.de/karriere/unsere-offenen-stellen/
Möller Astner Funk Friedel & Hermann Rechtsanwälte Partnerschaftsgesellschaft mbB,https://www.moeller-rae.de/karriere
OHLETZ Rechtsanwälte Notare Steuerberater,https://www.ohletz.eu/karriere/
"Pfenning, Meinig & Partner mbB Patentanwälte",https://pfenning.eu/karriere/
Piepenburg Rechtsanwälte GbR,https://piepenburg.legal/karriere/
Schalast,https://karriere.schalast.com/
SNP Schlawien Partnerschaft mbB,https://snp.law/karriere/
Watson Farley & Williams,https://join-the-future.de/stellenangebote
Bartsch Rechtsanwälte Partnerschaftsgesellschaft mbB,https://www.bartsch-rechtsanwaelte.de/karriere/
Ehler Ermer & Partner,https://www.eep.info/karriere/stellenangebote?foo=bar&cHash=066ab03f6408b2d72149cda82dfb45a9
Ehler Ermer & Partner mbB,https://www.eep.info/karriere/stellenangebote
"GEORGE, LENTZSCH & PARTNER Steuerberater und Rechtsanwalt",https://www.steuerberatung-glp.de/stellenangebote-steuerfachangestellte-buerokauffrau-ausbildung-senftenberg
Göhmann Rechtsanwälte & abogados,https://www.goehmann.de/karriere/
HLB Schumacher,https://stellenangebote.hlb-schumacher.de/de
HRworks GmbH,https://jobapplication.hrworks.de/de?companyId=au89a880
Lehmann & Lehmann GbR,https://llfc.de/karriere
"Rechtsanwalt und Fachanwalt David Geßner, LL.M",https://www.rechtsanwalt-gessner-berlin.de/karriere/#stellenangebote
Rechtsanwalts- und Steuerkanzlei Kattanek,https://rechtsanwalt-kattanek.de/karriere/
RKA Rechtsanwälte,rka.de
Rotthege,https://www.rotthege.com/karriere/
Roxin Rechtsanwälte LLP,https://roxin.de/karriere/
RPM Dres. Ruge Purrucker Makowski,https://rpm-recht.de/karriere/
Sonntag & Partner Partnerschaftsgesellschaft mbB,https://www.sonntag-karriere.de/stellenangebote/
Arnold Ruess,https://www.arnold-ruess.com/karriere/
Baker Tilly Holding GmbH Wirtschaftsprüfungsgesellschaft Steuerberatungsgesellschaft,https://karriere.bakertilly.de/jobs
bdp-team,https://www.bdp-team.de/stellenangebote#
"CLP Rechtsanwälte Schmidt, Wittenberg, Scheffen & Partner mbB",https://www.clp-law.de/kanzlei/karriere/
Dr. MEIDES Rechtsanwälte & Partner mbB,https://www.meides.de/gesucht-fachanwalt-fuer-arbeitsrecht-m-w-fuer-sozialkassenverfahren/
"Dr. Neumann, Schmeer und Partner mbB",https://www.neumann-schmeer.de/karriere/
Geiersberger Glas & Partner,https://www.geiersberger.de/karriere.htm
GvW Graf von Westphalen,https://jobs.gvw.com/
Hausfeld,https://www.hausfeld.com/de-de/karriere/open-positions/
Hoffmann Liebs Partnerschaft von Rechtsanwälten mbB,https://www.hoffmannliebs.de/karriere/#stellenangebote
Käppeler • Wohlfardt • Rothofer Rechtsanwälte in Partnerschaft mbB,https://www.kaeppeler-wohlfardt.de/
Kapphan + Partner Partnerschaftsgesellschaft mbB,https://kapphan-partner.de/karriere
Kleiner Rechtsanwälte Partnerschaftsgesellschaft mbB,https://kleiner-law.com/karriere/
LFK PARTNER Bußhardt Huber Partnerschaft mbB,https://karriere.lfkvs.de/
Mütze Korsch Rechtsanwaltsgesellschaft,https://mkrg.com/karriere-stellenausschreibungen/
REITHER PRIMAVESI & PARTNER MBB Rechtsanwälte · Notare · Fachanwälte,https://reither-partner.de/stellenangebote/
Roser,https://www.roser-group.de/karriere
SNR BERATUNG PartG mbB,https://snr.tax/stellenangebote/
Speker Nierhaus Stenzel - Partnerschaft von Rechtsanwälten (SNS),https://www.sns-anwaelte.de/
Stohlmann Rechtsanwälte PartmbB,https://www.dr-stohlmann.de/karriere
"Viering, Jentschura & Partner mbB Patent- und Rechtsanwälte",https://www.vjp.de/karriere/jobangebote
WINHELLER | Law.Tax.Relax.,https://www.winheller.com/karriere/aktuelle-stellenangebote.html
WIRTSCHAFTSRAT Recht Bremer & Heller,https://www.wr-recht.de/karriere
Wuesthoff & Wuesthoff,https://www.wuesthoff.de/karriere-wuw/
Ludwig & Kollegen,ludwig-kollegen.de
AdvoAutomobil Rechtsanwälte,https://advoauto.de/leistungen/jobangebote
AGS Legal - Acker Schmalz Rechtsanwälte,ags-legal.com
Anbieter Seibert Zimmermann Müller Gesellschaft bürgerlichen Rechts,https://www.saarkanzlei.de/jobs/
Anwaltskanzlei Libuda - Rechtsanwalt Larsen Libuda,https://www.libuda.de/index.php/jobs
Anwaltskanzlei Pfefferle Helberg & Partner Rechtsanwälte und Steuerberater,https://www.pfefferle.de/pfefferle-gruppe-recht-steuer-wirtschaft/stellenanzeigen-pfefferle-gruppe/
Apitzsch Schmidt Klebe,https://apitzsch-schmidt-klebe.de/karriere/
bock legal Partnerschaft von Rechtsanwälten mbB,https://www.bock-legal.de/karierre/
Bornheim und Partner Rechtsanwälte,https://www.bornheim.com/karriere/
Bredow Valentin Herz,https://www.vbvh.de/karriere/
BURKARD RECHTSANWÄLTE,https://www.rechtsanwalt-burkard.de/jobs/
Busse & Miessen GbR,https://www.busse-miessen.de/karriere/
Carneades Legal,https://carneadeslegal.com/karriere/
Christian Beducker Rechtsanwalt,https://beducker.de/karriere
CHRISTOPH FRHR. V.D. BUSSCHE RECHTSANWÄLTE & NOTARIN,https://raebussche.de/stellenangebote/
Classen Fuhrmanns & Partner,https://www.cf-p.de/classen-fuhrmanns-partner-karriere/
Comindis,https://comindis.com/karriere/
COMMEO Rechtsanwälte PartGmbB,https://www.commeo-law.com/karriere/
Dr. Ferschen & Partner,https://dr-ferschen.com
Dr. Ferschen & Partner Gesellschaft bürgerlichen Rechts Rechtsanwälte,https://dr-ferschen.com/karriere/
Dr. Gordon Birk - Rechtsanwalt,https://www.rae-birk.de/Karriere-Stellenangebote
Dr. Knabe,https://www.dr-knabe.de/de/kanzlei/team
"Dr. Nesemann und Partner, Rechtsanwälte",https://www.nesemann-partner.de/
Dr. Paul Rombach Dr. Claudie Rombach,rombach-rechtsanwaelte.de
"Dr. Peters, Hess & Partner Rechtsanwälte und Fachanwälte Medizinrecht, Strafrecht, Wirtschaftsrecht",https://medizinrecht-strafrecht.de/stellenangebote/
Dr. Schneiderbanger & Kollegen Steuerberater – Rechtsanwälte,https://dr-schneiderbanger.de/karriere
Dr. Steffen & Partner mbB,dr-steffen-partner.com
"Dr. Stracke, Bubenzer & Partner Rechtsanwälte Partnerschaftsgesellschaft mbB",https://ra-stracke.de/stellenangebote-rechtsanwaltskanzlei/
Eisenmann Wahle Birk & Weidner Partnerschaftsgesellschaft von Rechtsanwälten mbB,https://ewp-rae.de/karriere/
"EKP Engel, Kronenberg & Partner Steuerberater/ Rechtsanwälte mbB",https://www.e-k-p.de/karriere/
Fachanwaltskanzlei Simon Daniel Schmedes,https://www.ra-schmedes.de/jobs.html
factum rechtsanwälte,https://factum-legal.com/karriere
Fechner Rechtsanwälte,https://www.fechner.eu/de/karriere/index.php
Fischer & Reimann Steuerberatungsgesellschaft mbH,kanzlei-pfalz.de
Flick Gocke Schaumburg,https://www.fgs.de/karriere
Gatermann Weller Klingebiel Jüngst GbR Rechtsanwälte Fachanwälte Notare,https://www.recht-siegerland.de/karriere
Gerloff Liebler,https://gl-law.de/karriere/
Greilich Hirschmann Benedum & Coll. Rechtsanwälte Fachanwälte Partnerschaftsgesellschaft,https://www.ghb-partner.de/stellen/
GRUB BRUGGER Partnerschaft von Rechtsanwälten mbB,https://karriere.grub-brugger.de/index.html
harms-ziegler rechtsanwälte Partnerschaftsgesellschaft mbB,https://www.harms-ziegler.de/
Hauschild Böttcher,https://www.hauschild-boettcher.de/zu-uns
Heimes & Müller,https://www.heimes-mueller.de/kanzlei/karriere/
Heinemann & Partner,https://www.heinemann-und-partner.de/karriere/
HK2 Rechtsanwälte,https://www.hk2.eu/de/career-aktiv/
Hme-Recht,https://hme-recht.de/karriere/
HÖCKER Rechtsanwälte PartGmbB,https://www.hoecker.eu/karriere/einstieg
hoecker.eu,https://www.hoecker.eu/
HOFFMANN EITLE | Patent- und Rechtsanwälte PartmbB,https://www.hoffmanneitle.com/en/career/all-vacancies
Hotstegs Rechtsanwaltsgesellschaft mbH,hotstegs-recht.de
HSA Hentschke & Partner,https://hsa-partner.de/recruitment/
HSA Rechtsanwälte,https://hsa-partner.de/recruitment/
HSP Steuer Göttingen,https://www.hsp-steuer.de/steuerberater-goettingen/profil/karriere-und-stellenangebote/
http://www.ra-fn.de,ra-fn.de
HYAZINTH LLP,https://hyazinth.de/de/recruiting
iGZ e.V.,https://personaldienstleister.de/der-gvp/karriere/
Ikert-Tharun Wähling und Partner Rechtsanwälte,https://iw-partner.de/karriere/
Irmler,https://www.irmler.org/karriere
"Isenbruck Bösl Hörschler LLP, Patentanwälte",https://www.ib-patent.de/de/karriere
Kallan,https://www.kallan-legal.de/de/karriere/
Kanzlei Ax Rechtsanwälte · Fachanwalt · Notar,https://www.ra-ax.de/
Kanzlei Bergsdorf Rechtsanwälte Tschirschke und Partner Rechtsanwälte Hennigsdorf mbB,https://www.bergsdorf-rechtsanwaelte.de/index.php/informatives/stellenangebote
Kanzlei Dr. Brüggemann Miermeister Kunz Alberts,https://www.rechtsrat-emden.de/stellenangebote/
Kanzlei Kirbach,https://kanzlei-kirbach.de/
Kanzlei Lühl & Partner Rechtsanwälte · Notare,https://www.rae-luehl.de/karriere/
Kanzlei Mengel · Schwitzky · Hitziger · Beckert Rechtsanwälte,https://kanzlei-zittau.de/673-2/#content
Kanzlei Obermeyer,https://www.kanzlei-obermeyer.de/karriere-3
Kanzlei Saam,https://saam.de/karriere/
"Kanzlei Steinbock & Partner, Rechtsanwälte",https://www.steinbock-partner.de/stellenangebote/
kanzlei-ksd,https://www.kanzlei-ksd.de/
Kärgel de Maizière & Partner Rechtsanwälte,http://kaergel.com/karriere/
KGW Rechtsanwälte,https://www.kgw-rechtsanwaelte.de/karriere/
KLINGE/HESS RECHTSANWÄLTE Partnerschaftsgesellschaft mit beschränkter Berufshaftung,https://www.klinge-hess.de/kanzlei/karriere
KNH Rechtsanwälte Kemper Hochstadt und Partner PartG mbB,https://knh-rechtsanwaelte.de/karriere/
Koch & Kollegen Steuerberater GmbH,https://kanzlei-koch.com/
"Kordeuter , Hirt-Kremling",https://khk-anwaelte.de
Korn & Letzas,https://www.korn-letzas.de/karriere/
"Körner, Klehm & Greim Rechtsanwälte (GBR)",https://www.ra-kkg.de/de
Kosswig Rechtsanwälte,https://www.kosswig.com/
Lelsner Steckel Engler,https://www.leisnernet.com/karriere/
Lentze Stopper Rechtsanwälte,https://www.lentzestopper.eu/karriere/
Leo Schmidt-Hollburg Witte & Frank,https://www.lswf.de/de/karriere/
lexTM,lex.tm
LMPS von Laer Meyer Paul Stuttmann,https://lmps.de/karriere/
Lupp + Partner,https://lupp-partner.com/career/#jobs
Maltry RechtsanwältInnen PartG mbB,https://www.rechtsanwaeltinnen.com/de/kanzlei/stellengesuche
Mayer Brown,https://www.mayerbrown.com/de/careers/business-services
Meisterernst Düsing Manstetten Partnerschaft von Rechtsanwältinnen und Rechtsanwälten mbB,https://www.meisterernst.de/karriere
Mielke Rechtsanwälte,https://www.ra-dfm.de/karriere/
Möller Theobald Jung Zenger Rechtsanwälte Notare Wirtschaftsprüfer Steuerberater Partnerschaftsgesellschaft,https://www.mtjz.de/
"mönigundpartner, Rechtsanwälte",https://moenig-wirtschaftskanzlei.de/karriere/
Müller-Schönemann - Tietgen - Rodewoldt - Dr. Franke Rechtsanwälte - Notare - Fachanwälte,https://www.mst-norderstedt.de/kontakt/karriere
Notar Peter Rennert,www.notar-rennert.de
"Notar und Anwaltskanzlei Sommerfeld, Heisiep, Gosmann",https://www.anwaltso.de/
Novacos,https://www.novacos-law.com/de/karriere/
OMF Otto Mittag & Partner,https://www.omf-law.com/de/karriere.html
Otto Mittag Fontane Partnerschaftsgesellschaft mbB - Rechtsanwälte / Steuerberater,https://www.omf-law.com/de/karriere.html
Pauly,https://www.pauly-rechtsanwaelte-koeln.de/karriere-jobangebote/
Peterreins Schley,https://ps-patent.com/career.html
PETERS Rechtsanwälte Partnerschaftsgesellschaft mbB,https://www.peters-legal.com/karriere
Pickel & Partner mbB Wirtschaftsprüfer – Steuerberater – Rechtsanwälte,https://pickelundpartner.de/karriere-uebersicht/stellenanzeige-steuerfachangestellten/
Plessow Rechtsanwälte,https://www.plessow-rechtsanwaelte.de/stellenangebote.html
Prüfer & Partner mbB Patentanwälte Rechtsanwalt,https://pruefer.eu/karriere/stellenangebote/
RAe Grohmann & Kollegen,https://grohmann-kollegen.de/
Rech Wagner Co. Steuerberatung,rwco.de
Rechtanwaltskanzlei Josef Gläser,https://www.glaeser-rechtsanwalt.de/karriere/
Rechtsanwalt Florian Menn,https://www.herrmann-kollegen.de/karriere/
Rechtsanwalt Kai Jüdemann,https://ra-juedemann.de/aktuelle-stellenangebote/
Rechtsanwalt Yves Bivour,https://kanzlei-bivour.de/ueber-uns/karriere/
Rechtsanwälte Dr. Jung und Partner,https://www.anwaltskanzlei-jung.de/
Rechtsanwälte Dr. Schulte,https://lawplus.de/karriere/
"Rechtsanwälte Fessler, Feibig & Schuster",https://www.rechtsanwaelte-fgs.de/stellenangebote/
Rechtsanwälte Kanzler - Kern - Kaiser PartG mbB,https://www.kanzler.legal/stellenangebot
Rechtsanwälte Müller-Stein,https://www.mueller-stein.de/verschiedenes/offene-stellen/
Rechtsanwälte Ponsel Luttenberger Huber (GbR),https://www.kanzlei-amberg.de/karriere
Rechtsanwälte Poppe,https://www.poppe.law/sozietaet/stellenangebote.php
"Rechtsanwälte Scholten, Oberem & Partner",https://www.rae-sop.de/stellenangebote/
Rechtsanwälte und Notare KTH & Partner,https://kth-partner.de/jobs/
rechtsanwalt-michael-karrasch,https://www.rechtsanwalt-michael-karrasch.de/
Rechtsanwalts- und Notarkanzlei Advokaotenhuus,https://www.advokaotenhuus.de/karriere/
Reith Leisle Gabor,https://www.rlg-law.de/de/karriere
Rembert Rechtsanwälte Rembert Müller Putzier + Partner,https://www.rembert-rechtsanwaelte.de/karriere/
Roos Nelskamp Schumacher & Partner Rechtsanwälte,https://www.rnsp.de/karriere/
Samson & Partner Patentanwälte mbB,https://www.samson-partner.de/home/karriere.html
Schadbach Rechtsanwälte,https://www.schadbach.de/de/
Schäfer & Berkels RA,https://schaefer-berkels.de/karriere/
"Schlüter . Meyer-Degering und Partner, Rechtsanwälte",https://recht-bs.de/karriere
Schumacher & Partner Rechtsanwälte Steuerberater PartG mbB,https://www.schumacherlaw.com/karriere/
SDK Schott Dobmeier Kießlich Rechtsanwälte & Insolvenzverwalter GbR,https://www.sdk-rae.de/stellenangebote.html
Seufert Rechtsanwälte Partnerschaft von Rechtsanwälten,https://www.seufert-law.de/de/karriere.html
SIMON GRUB SEEBICH Rechtsanwälte in Bürogemeinschaft,https://www.rechtslink.de/
SKP LAW Rechtsanwalt Christian Podoll,https://skp-law.de/karriere/
slk-rechtsanwaelte,https://www.slk-rechtsanwaelte.de/kanzlei/karriere/
Sonntag & Partner,https://www.sonntag-karriere.de/
Sozietät Kraft & Friederich GbR,https://www.kraft-friederich.de/
Studio Legal,https://www.studiolegal.de/de/career
SYLVENSTEIN Rechtsanwälte,https://karriere.sylvenstein-law.de/
Ulsenheimer - Friederich Rechtsanwälte,https://www.uls-frie.de/de/karriere/
UNVERZAGT VON HAVE Rechtsanwälte Partnerschaftsgesellschaft mbB,https://unverzagt.law/aktuelles/karriere/
VON RUEDEN,https://www.rueden.de/jobs/
Wach und Meckes und Partner,https://www.wachundmeckes.com/de/talent
Wanderer und Partner Rechtsanwälte PartG mbB,https://wir-wanderer.de/de/kanzlei/karriere/
WBH Wachenhausen,https://www.wachenhausen.com/career/
Weidinger Richtscheid,https://weidinger-richtscheid.de/karriere/
Weser Law,https://weser-law.de/
Weyland & Koerfer,https://weylandkoerfer.de/karriere
Wicke Herrler,https://brienner13.de/karriere/
Wintermann GbR Rechtsanwalte Fachanwalte Notare,https://www.rosken-wintermann.de/karriere/
Wuertenberger,https://www.wuertenberger-legal.de/de/karriere
Zacher & Partner,zpanwaelte.de
Notarin Rothenaicher,notarin-rothenaicher.com
Adjuga,https://www.adjuga.de/karriere
ALPMANN FRÖHLICH Rechtsanwaltsgesellschaft mbH,https://www.alpmann-froehlich.de/de/karriere/
Andersen Rechtsanwälte,https://de.andersen.com/karriere
"Anwälte von Bassewitz, GRÜNEBERG, GERLACH & Collegen",https://www.anwalt-von-bassewitz.de/karriere
Anwaltskanzlei Lenné,https://www.anwalt-leverkusen.de/kanzlei/karriere.html
Anwaltskanzlei Stallmach | Baurecht Architektenrecht Familienrecht,https://kanzlei-stallmach.de/
ASK GmbH Steuerberatungsgesellschaft,https://www.ask-stbg.de/aufgabengebiete#Stelle
Austmann & Partner,https://www.austmannpartner.com/karriere/
Baukelmann Tretter,https://baukelmann-tretter.de/karriere/
BBG und Partner Rechtsanwälte,https://www.bbgundpartner.de/karriere/
"bbt Rechtsanwälte und Steuerberater von Boehmer, Borchert, Trittel Partnerschaft mit beschränkter Berufshaftung",https://www.bbt-kanzlei.de/karriere
BDO Germany,https://karriere.bdo.de/karriere/?locations=&searchString=
Becker Gursky Verhoeven Partnerschaftsgesellschaft mbB,https://bgv-partner.de
Behnke Königsmann Wirtschaftsprüfer Steuerberater,https://behnkekoenigsmann-karriere.de/karriere/stellenangebot-steuerberater/
bendel-partner,https://bendel-partner.de/
Benefitax,https://www.benefitax.de/karriere/
Berger Groß Höhmann & Partner Rechtsanwälte,bghp.de
Bergerhoff,https://bergerhoff.de/
"Bergmann & Partner Wirtschaftsprüfer, Steuerberater, Rechtsanwälte",https://www.bergmann-partner.de/karriere
Bette Westenberger Brink,https://www.bwb-law.de/karriere
Bette Westenberger Brink Rechtsanwälte PartGmbB und Bette Westenberger Brink GmbH,https://www.bette.legal/karriere#stellenangebote
BH&W Partnerschaft von Rechtsanwältinnen und Rechtsanwälten mbB,https://bhw-energie.de/
Biebinger Wirtschaftskanzlei,biebinger.de
Bird & Bird,https://karriere-deutschland.twobirds.com/
BKD Boin Küseling Diehl Rechtsanwälte,https://www.bkd-anwaelte.de/anwaltskanzlei/stellenangebote/
Boos Hummel & Wegerich,https://www.bhw-energie.de/stellenangebote-referendare/
Bredereck Willkomm Rechtsanwälte,https://www.recht-bw.de/karriere.php
Brehm & v. Moers Rechtsanwälte Partnerschaftsgesellschaft mbB,https://bvm-law.de/de/karriere/alle
Brenninger Welnhofer Riedel & Partner Rechtsanwälte,https://www.bwr-partner.de/kanzlei/stellenangebote/
Broich,https://www.broich.de/
BRP Renaud und Partner,https://www.brp.de/karriere/
Bryan Cave Leighton Paisner,https://www.bclplaw.com/en-US/careers/overview.html
C.P.A. Steuerberatungsgesellschaft mbH & Co. KG,https://www.cpa-gruppe.de/karriere.html
c·k·s·s Carlé · Korn · Stahl · Strahl Partnerschaft mbB Rechtsanwälte Steuerberater,https://ckss.de/
CausaConcilio Koch & Partner mbB Rechtsanwälte,causaconcilio.de
CausaConcilio Partnerschaft mbB Rechtsanwälte,https://causaconcilio.de/jobs-karriere-causaconcilio-rechtsanwaelte-kiel-hamburg-flensburg/#NFA
Christian Schliemann Rechtsanwalt,schliemann-rechtsanwaelte.de
CMKR Partnerschaft von Rechtsanwälten mbB,https://www.cmkr.de/
CNH Anwälte,https://www.cnh-anwaelte.de/karriere.html
COHAUSZ & FLORACK Patent- und Rechtsanwälte Partnerschaftsgesellschaft mbB,https://www.cohausz-florack.de/karriere/karriere-bei-cf/
Cramer von Clausbruch Rechtsanwälte PartGmbB,https://www.csc-recht.de/karriere
Daub Patent & Recht,kanzlei-daub.de
Dauernheim Rechtsanwälte,https://www.dauernheim.de/die-kanzlei/stellenangebote.html
DELHEID SOIRON HAMMER Rechtsanwälte Partnerschaft mbB,https://delheid.de/karriere/
Dentons,https://www.dentons.com/de/careers/careers-in-europe
Depré RECHTSANWALTS AG,https://www.depre.de/en/ueber-uns/karriere/
DGB Rechtsschutz GmbH,www.dgbrechtsschutz.de
"DHPG Rechtsanwälte Wirtschaftsprüfer Steuerberater - Obermüller, Rohde & Partner",https://www.dhpg.de/de/karriere/jobs-und-ausbildung
"DHPG Rechtsanwälte Wirtschaftsprüfer Steuerberater - Obermüller, Rohde & Partner",dhpg.de
dissmannorthde,https://dissmannorth.de/de#karriere
Dolde Mayen & Partner Rechtsanwälte Partnerschaftsgesellschaft mbB,https://doldemayen.de/karriere/
Doppstadt Und Kollegen,www.advo-ulm.de
Dr. Andreas Bartosch,https://bartosch-eulaw.de
Dr. Beier & Partner Rechtsanwälte und Notar,https://www.beier-partner.de/
Dr. Berner & Partner Rechtsanwälte,berner-rechtsanwaelte.de
Dr. Dienst & Partner GmbH & Co. KG,https://ddp-gruppe.de/stellenangebote/
Dr. Dörfelt - Schumacher - Grützner und Sozien,https://www.doerfelt-rechtsanwaelte.de/ueber-uns/stellenangebot/
Dr. Gerrit Wenz und Dr. Michael Schüller,wenz-schueller.de
"Dr. Grantz, Hoffmeyer & Partner",https://www.dr-grantz.de/stellenangebote.html
Dr. Häge & Kunz Rechtsanwälte Partnerschaftsgesellschaft,https://haege-kunz.de/
Dr. Jockisch,jockisch.de
Dr. Kai Bischoff und Andreas Bürger,http://www.bbnotare.de/karriere
Dr. Klassen + Partner mbB Rechtsanwälte,https://www.dr-klassen.de/kanzlei/karriere/
Dr. Kroll & Partner Rechtsanwälte mbB,kp-recht.de
Dr. Lang & Kollegen,https://anwaltskanzlei-muenchen.de/karriere/
Dr. Langenmayr und Partner mbB,https://www.dr-langenmayr.de/de/stellenangebote/
DR. LUNGSTRAS & LUNGSTRAS – RECHTSANWÄLTE,https://www.kanzlei-lungstras.de/
Dr. M. Hundertmark & D. Moinzadeh,www.moinmark.de
Dr. Neuhaus und Dr. Buschbaum,neuhaus-buschbaum.de
Dr. Nickel Rechtsanwaltsgesellschaft mbH,https://www.kanzlei-dr-nickel.de/
Dr. Papsch & Collehen Rechtsanwälte,https://papsch.de
Dr. Schlabeck & Kollegen,www.schlabeck.com
Dr. von der Hardt & Partner,vonderhardt.com
Drawak,https://drawak.de
dr-bachem.de,bachem.legal
Droste Schulte-Sprenger Schmidt,https://www.drs-partner.com/karriere/
Eckert Rechtsanwälte Steuerberater Partnerschaftsgesellschaft,https://eckert.law/stellenangebote/
EISENBEIS RECHTSANWÄLTE Partnerschaft mbB,https://www.eisenbeis-ra.de/jobs/
Eisenführ Speiser Patentanwälte Rechtsanwälte PartG mbB,https://www.eisenfuhr.com/en/careers
Epping Hermann Fischer Patentanwaltsgesellschaft mbH,https://www.ehf-ip.com/karriere/
Etl-Wrg,etl-wrg.de
FALK GmbH & Co KG,https://www.falk-co.de/career
Fenderl & Dietrich Ihre Rechtsanwälte in Aschaffenburg,https://www.fenderl-dietrich.de/
Fiedler Cryns-Moll FCM,https://www.fcm-law.com/karriere.html
FRANKUS Wirtschaftsprüfer Steuerberater Rechtsanwälte,https://www.frankus.de/de/karriere/
Frowein & Partner Rechtsanwaltssozietät,https://www.frowein-partner.de/Karriere/index.html
Fuchs & Kollegen PartmbB,https://ihr-gutes-recht-bocholt.de/
gaensemarkt.com,gaensemarkt.com
GEBERT DRESCHER Rechtsanwaltsgesellschaft mbH,https://gebertdrescher.de/de/karriere
Gehrke econ,https://karriere.gehrke-econ.de/
gehrke-econ Gehrke Econ Steuer­beratungs­gesellschaft mbH,https://karriere.gehrke-econ.de/stellenangebote/
Gentz und Partner Rechtsanwälte mbB,https://gentz.de/join-us/
Gercke Wollschläger,https://www.gw-strafrecht.de/
Gerlach & Hünlein Rechtsanwaltsgesellschaft mbh,www.gh-p.de
Gesellschaft bürgerlichen Rechts,https://www.hose-partner.de/
Gibson Dunn & Crutcher,https://www.gibsondunn.com/careers/staff/?find-opportunity=steps&filter-types%5B%5D=office
Glock Liphart Probst & Partner Rechtsanwälte mbB,https://glock-liphart-probst.de/karriere/
Gollub Klemeyer Fachanwälte,www.gollub-klemeyer.de
Göring Schmiegelt & Fischer,https://www.gsf-law.de/professionals
Gothentreuhand GmbH,https://www.karriere-gothentreuhand.de/
"Gramm, Lins & Partner Patent- und Rechtsanwälte PartGmbB",https://www.grammlins.de/karriere
gretemann,https://www.gretemann.de/ueber-uns/karriere/index.php
Groth & Müller Rechtsanwälte,groth-mueller-frankfurt.de
GSK Stockmann,https://career.gsk.de/de/
"Hachenberg, Pospich & Partner mbB – Wirtschaftsprüfungsgesellschaft Steuerberatungsgesellschaft Rechtsanwälte",https://hpup.de/
Hallervorden & Scholz Rechtsanwälte,https://www.hallervorden-scholz.de/karriere/
Hamm & Wittkopp,https://hammwittkopp.de/karriere/
Hammer & Partner,www.hammer.partners
Handschuh + Lehmann Rechtsanwälte – Fachanwälte,https://www.raehandschuh.de/kanzlei/karriere/
HARTE-BAVENDAMM Rechtsanwälte Partnerschaftsgesellschaft mbB,https://harte-bavedamm.heyrecruit.de/?page=jobs
Hassenpflug Rechtsanwaltsgesellschaft mbH,https://www.hassenpflug-rechtsanwaelte.de/
Haus & Grund Eigentum. Schutz. Gemeinschaft. Mannheim,https://www.haus-und-grund-mannheim.de/stellenangebote_verein.html
HB-Ecommerce,https://www.hb-ecommerce.eu
HECKER WERNER HIMMELREICH,https://www.hwhlaw.de/karriere/
Heilmann Kanzlei für Steuer- und Rechtsberatung,https://www.kanzlei-heilmann.com/Jobs
Heim Honermeier WP/StB PartmbB,heim-honermeier.de
Hennerkes Kirchdörfer & Lorz,hennerkes.de
Henning & Kollegen Rechtsanwälte et Fachanwälte,https://www.ra-henning.de/stellenangebote/
Henningsmeier Rechtsanwälte,https://www.henningsmeier.de/karriere.html
Henseler & Partner Rechtsanwälte mbB,https://www.hp-legal.com/de_home.html#karriere
Hildebrandt,https://hildebrandt.legal/de
HLB Deutschland,https://www.hlb-deutschland.de/karriere/
HLB DZK,hlb-dzk.de
HLB Schumacher GmbH,https://www.hlb-schumacher.de/karriere/
Hoefer & Partner Patentanwälte mbB,https://www.hoefer-pat.de/stellenangebote/
Holtfester | Grafflage Rechtsanwälte  Notare,https://www.holtfester-grafflage.de/karriere/
HOPFGARTEN Rechtsanwälte,hopfgarten.de
horak . Rechtsanwälte Partnerschaft mbB,https://www.bwlh.de/anwaltskanzlei/Anwaltsnews/Stellenangebote/stellenangebote.html
Horak Rechtsanwälte,horakrechtsanwaelte.com
HPTP GmbH & Co. KGSteuerberatungsgesellschaft,https://karriere.hptp.de/
HT VIA Treuhand GmbH,ht-deutschland.com
Hühne Klotz & Partner mbB,https://www.h-k-p.de/
ilex RECHTSANWÄLTE,https://www.ilex-recht.de/karriere.html
Insquare,https://insquare.law/karriere/
JBB Rechtsanwälte Jaschinski Biere Brexl Partnerschaft mbB,https://jbb.de/karriere/
Jebens Mensching LLP,https://jebensmensching.com/karriere/
JONAS Rechtsanwaltsgesellschaft mbH,https://jonas-lawyers.com/karriere.php?lang=de&menu=f&sub_menu=1
Jones Day,https://www.jonesday.com/en/careers/locations/germany?tab=opportunities
Justitia,justitia.com
"JUSTUS Rechtsanwälte, Steffan und Kollegen",https://kanzleimitte.de/karriere/
K&L Gates,https://www.klgates.com/de-DE/careers
Kanzlei Akin,https://www.kanzlei-akin.de
Kanzlei am Mühlenplatz,https://www.kanzlei-muehlenplatz.de/kopie-von-stellenangebot
Kanzlei am Wall Rechtsanwälte Röhe und Partner mbB,https://kanzleiamwall.de/de/kanzlei/karriere
Kanzlei Bäppler & Fehrenbach,https://kbf-lossburg.de/karriere/stellengesuche
Kanzlei Buder & Mühlbauer Rechtsanwälte,https://bmdd.de/stellenangebote/
"Kanzlei Ebersberger, Meisen & Coll.",https://www.kanzlei-emc.de/jobs/
"Kanzlei Groll, Gross & Steiner Rechtsanwälte und Steuerberater PartmbB",https://www.groll-gross-steiner.de/karriere#stellen
Kanzlei Groth · Müller - Rüsselsheim,groth-mueller.de
Kanzlei H,kanzlei-hsp.de
Kanzlei HKL,https://kanzlei-hkl.de/
Kanzlei Kaspar & Partner,https://www.kanzlei-kaspar.de/
Kanzlei Kind & Recht,https://www.anwalt-kindschaftsrecht.de
Kanzlei Kubon u. Koll.,kubon-rae.de
Kanzlei Mattil & Kollegen,https://www.mattil.de/de/karriere
Kanzlei NOBIS – Rechtsanwälte für Strafrecht,https://jobs.rechtsanwalt-nobis.de/de/jobs-in-der-rechtsanwaltskanzlei-nobis
Kanzlei Oberthür & Partner,https://www.oberthuer.de/karriere/
Kanzlei Ohr Inhaberin Katja Ohr,https://www.kanzlei-ohr.de/jobs/
KANZLEI PRIMAS RECHT & STEUERN,https://www.kanzlei-primas.de/karriere-bei-uns.html
Kanzlei Ruge Krömer,https://www.rugekroemer.de/karriere/
Kanzlei Sachse - Rechtsanwälte & Fachanwälte,https://www.kanzlei-sachse.de/
Kanzlei Schumertl & Koll.,https://www.schumertl.de/stellenangebote/
"Kanzlei Schwede, Gewert & Kollegen",https://www.ksg-recht.de/
Kanzlei Sievert & Dr. Sievert,https://www.kanzlei-sievert.de/Kanzlei/Karriere/Stellenangebote
kanzlei-lr.de,kanzlei-lr.de
kanzlei-stenner,https://kanzlei-stenner.de
kanzlei-stenner,https://kanzlei-stenner.de/
kanzlei-thies,https://www.kanzlei-thies.de/stellenangebote/
Kassera Rechtsanwalts GmbH,https://kassera-rechtsanwaelte.de
Kempgens Law Firm. Well Diggers,https://kempgens.de/jobs/
Kenzler Und Kollegen,https://berlin.kenzler-kollegen.de/stellenangebot/
Kessing Rechtsanwälte und Fachanwälte in PartGmbB,https://www.kessing.de/jobs?_gl=1*695ex6*_up*MQ..*_ga*OTIxMDA0NTAwLjE3NjEzNzY0NDk.*_ga_9V5SEGFKW6*czE3NjEzNzY0NDgkbzEkZzAkdDE3NjEzNzY0NDgkajYwJGwwJGgw
KFR - Ihre Kanzlei für Real Estate,https://kfr.law/stellenangebote/#stellenangebote
Kleeberg & Partner,kleeberg.de
Knarr & Knopp Milde Netuschil Zimmer,https://www.knarr-knopp.de
Koeble Fuhrmann Locher Zahn Hüttinger,https://www.koeble-kollegen.de/aktuelles
Königsgruppe,koenigs-gruppe.de
KPAG Kosmidis & Partner Anwaltsgesellschaft,https://rechtsanwalt-griechenland.de/stellenangebot.html
Kramer Barske Schmidtchen Patentanwälte PartG mbB,https://www.kbspatent.de/chancen/
KRONBICHLER UND PARTNER,https://arbeitsrechtler-muenchen.eu/
Kubon Rechtsanwälte,https://www.kubon-rae.de/
Kucera,kucera.biz
Kürsch und Kollegen Rechtsanwälte Fachanwälte,https://kuersch.de/
ladm,https://ladm.com/karriere/
Lambsdorff,https://www.lambsdorff.law/de/karriere
Legal Patent,legal-patent.com
Lenzig Gerber Stute,www.lege.de
Limmer & Reutmann,www.limmer-reutemann.de
Linnemann Rechtsanwälte Partnerschaft mbB,https://www.ra-linnemann.de/kanzlei/karriere
LKC Rechtsanwaltsgesellschaft mbH,https://lkc-recht.de/karriere/
LLR Legerlotz Laschet und Partner Rechtsanwälte Partnerschaft mbB,llr.de
LUPPE + ROTHE Rechtsanwälte PartG mbB,https://www.luppe-rothe.de/kanzlei/karriere/
Luther Nierer Rechtsanwälte Partnerschaft,http://www.luthernierer.com/karriere.html
Luther Rechtsanwaltsgesellschaft mbH,https://www.luther-lawfirm.com/luther-karriere/stellenangebote
LUTZ | ABEL Rechtsanwalts PartG mbB,https://www.lutzabel.com/karriere/
Martini Mogg Vogt,https://www.mmv-recht.de/de/stellenangebote
MAYR Kanzlei für Arbeitsrecht GbR,https://www.mayr-arbeitsrecht.de/
MBN Legal Rechtsanwaltgesellschaft,https://www.mnblegal.de/karriere/
MC Media,mc-media.de
Meilicke Hoffmann & Partner,https://www.meilicke-hoffmann.de/de/karriere.html
"Menzel, Roßkopf und Partner Rechtsanwälte",https://www.rechtsanwalt-heilbronn.de/jobs/
meyerhuber rechtsanwälte PartG mbB,https://meyerhuber.de/karriere/
Meyer-Köring,https://www.meyer-koering.de/karriere/
Michels pmks,https://michelspmks.de/de/karriere/
Moog,https://www.moogpartner.de/karriere/
"Morgan, Lewis & Bockius LLP",https://www.morganlewis.com/careers
MTG Business Law Firm,https://mtg-group.de/karriere/stellenangebote/
Müller & Reichardt Rechtsanwaltsgesellschaft mbH,https://www.mueller-coll.de/karriere/
Muth & Partner,https://www.muth-partner.de/karriere/
mzs Rechtsanwälte,https://www.mzs-recht.de/
Neon,https://neon.law/career/jobs
Nesemann & Grambeck,https://www.umsatz-steuer-beratung.de/karriere/
Neussel KPA,https://www.neusselkpa.de/karriere
NEUSSEL MARTIN Partnerschaft von Rechtsanwälten mbB,https://www.neusselkpa.de/karriere
"Noël, Waffenschmidt und Güldenberg GbR",https://www.noel-waffenschmidt.de/
nold-geiger,https://www.nold-geiger.de/content/steuerberater_rechtsanwalt/kanzlei/karriere/index.html
Notare am Alstertor,https://www.alstertor.de/de/karriere
Notos,https://notos.de/#karriere
"Ogletree, Deakins, Nash, Smoak & Stewart",https://ogletree.de/stellenangebote/
Ott & Partner,www.ott-partner.de
Ott & Partner Treuhand Steuerberatungsgesellschaft,https://www.ott-partner.de/aktuelle-stellen/#
P+P Pöllath + Partners Rechtsanwälte und Steuerberater mbB (nachfolgend POELLATH),https://www.pplaw.com/karriere
PARTA Steuerberatungsgesellschaft mbH,partasteuern.de
Partnerschaft Rattay & Becher,https://rattaybecher.com/stellenangebote/
"Patentanwälte Ruff, Wilhelm, Beier, Dauster & Partner mbB",https://www.kronenpat.de/
"PATERIS Theobald Elbel Fischer, Patentanwälte, PartmbB",https://www.pateris.de/stellenangebote-berlin/
Patzina Lotz,https://patzina-lotz.com/karriere/
PENTARC Rechtsanwälte,https://pentarc-legal.com
Peritus,www.peritus-ra.de
"PFO Pöhlmann, Früchtl, Oppermann PartmbB Rechtsanwälte & Steuerberater",https://pfo-anwaelte.de/
Pickartz Rechtsanwälte,pickartz-rechtsanwaelte.de
Plup,plup.de
PROBANDT - Rechtsanwälte PartGmbB Partnerschaftsgesellschaft,https://probandt.com/karriere/
Prof. Dr. Axel Adrian Florian Kroier,https://www.notare-adrian-kroier.de/#Karriere
Prof. Dr. Pannen Rechtsanwälte,drpannen.de
"pwk & Partner - Rechtsanwälte mbB - Peikert, Wiedemann, Kroel & Partner",https://www.pwk-partner.de/kanzlei/karriere-1
qlk Partnerschaft mbB,https://www.kanzlei-qlk.de/
Quintaris,https://www.quintaris.de
Raab & Kollegen Rechtsanwälte,rk-rechtsanwaelte.de
RAe Holthoff-Pförtner,https://hp-w.de/karriere/
ra-fmk,https://www.ra-fmk.de/
Rainer Teufel & Partner GmbH Steuerberatungsgesellschaft,https://www.teufel-berater.de/stellenangebote
Reble Klose Schmitt Partnerschaftsgesellschaft von Rechts- und Patentanwälten mbB,https://www.rebleklose.de/de/stellenangebote
Rechtsanwalt A. Ulf Hüttig,https://www.kanzlei-huettig.de/stellenangebote/
Rechtsanwalt Drescher,https://www.anwalt-drescher.de/
Rechtsanwalt Erich Gaul,https://www.kanzlei-gaul.de/kanzlei/stellenangebot-rechtsanwalt-gaul.html
Rechtsanwalt Jan Claudius Fabritius,https://www.rechtsanwalt-fabritius.de/jobs/
Rechtsanwalt Matthias Kiunka,https://kiunka.de/
Rechtsanwalt Stephan Steinwachs,https://www.kanzlei-steinwachs.de/karriere/
"Rechtsanwalt und Notar Hartmut Böker, Volkmar Kohkemper Rechtsanwalt und Notar Steuerberater",https://rechtsanwaelte-kassel.net/
Rechtsanwälte Dr. Genthe & Dr. Hornauer GbR,https://www.genthe-hornauer.de/stellenangebote/
"Rechtsanwälte Dr. Grantz, Hoffmeyer & Partner",https://www.gkh-anwalt.de/stellenangebote.html
Rechtsanwälte Dr. Hoevels & Partner Fachanwälte für Arbeitsrecht und Familienrecht,https://rae-hoezi.de/stellenangebote.html
"Rechtsanwälte DR. Schultze-Zeu, Manthei & Kollegen",https://ratgeber-arzthaftung.de/
Rechtsanwälte Felser,https://www.felser.de/die-kanzlei/karriere-jobs/
Rechtsanwälte Hilmar Lampert und Dr. Ulrich Graf GbR,https://lampert-graf.de/karriere/
Rechtsanwälte Kuhlmey und Kaussen,https://www.rae-kaussen.de/jobs/
Rechtsanwälte Lindenau · Prior & Partner,https://lindenau-prior.de/index.php/karriere/
"Rechtsanwälte Löbbecke, Gövert, Behler & Partner",https://www.loebbecke-goevert.de/
"Rechtsanwälte Messerschmidt, Dr. Niedermeier und Partner PartmbB",https://messerschmidt-kollegen.de/karriere/
Rechtsanwälte Niedermeier,https://ra-niedermeier.de/kontakt/#karriere
"Rechtsanwälte Stirm, Knisel, Yilmaz und Kollegen PartG mbB",https://www.mueller-stirm.de/
Rechtsanwälte Weber Partnerschaft mbB,https://raew.de/hp638/Stellenanzeigen.htm?ITServ=a90a1v7t8848oj38bt0kdppa45
Rechtsanwälte Wigge,https://ra-wigge.de/
"Rechtsanwälte Zakrzewski, Turowski und Leberig (GbR)",https://anwaelte-eu.de/stellenangebote/
Rechtsanwältin Carola Sieling,https://www.kanzlei-sieling.de/kanzlei/karriere/
Rechtsanwältin Pia Kaul-Gemmer,https://www.kanzlei-kaul.de/
Rechtsanwältin und Notarin Martina Notthoff,https://www.kanzlei-notthoff.de
Rechtsanwaltskanzlei Cordes Busch & Kollegen,https://www.raecordes.de/stellenangebote
Rechtsanwaltskanzlei Dr. Abramowski & Dr. Nowak,https://www.abno.de/stellenangebote-rechtsanwaltskanzlei/
Rechtsanwaltskanzlei Dr. Thomas Klaus,https://www.klaus-anwaelte.de/
Rechtsanwaltskanzlei Lewinski (im Folgenden: Genadi Lewinski),https://ra-lewinski.de/karriere/
Rechtsanwaltskanzlei Lutz Lorenz,https://www.rechtsanwaltskanzlei-lorenz.de/stellenanzeigen
Rechtsanwaltskanzlei SHB Scharnberg Hahn Bergmann Partnerschaftsgesellschaft,https://www.kanzlei-shb.de/unser-team
Rechtsanwaltskanzlei Stern & Schiller,https://stern-schiller.de/
rechtsanwaltskanzlei-haferkorn,https://www.rechtsanwaltskanzlei-haferkorn.de/
Rechtsanwaltssozietät Rahle. Schreiber & Collegen,https://www.rahle.de/jobs/
Reed Smith,https://careers.reedsmith.de/de/aktuelle-stellenangebote/business-services
REISS GbR,https://www.kanzlei-reiss.de/italienisches-recht/kanzlei/karriere
REMÉ Rechtsanwälte Partnerschaft mbB,https://reme.de/karriere/
Renzenbrink & Partner,renzenbrink-partner.de
Ritter und Spreter PartGmbB,https://www.krs-recht.de/#team
ROBUSTA-GAUKEL,robusta-gaukel.com
RST Steuerberatungsgesellschaft mbH,https://karriere.rst-beratung.de/
"RSW RECHTSANWÄLTE Tobelander, Dr. Dolinski, Partnerschaft mbB",https://www.rsw-bc.de/karriere
Ruge Fehsenfeld,rugefehsenfeld.de
Salz & Gerten Szeuerberater,salz-trier.de
Sander Hansen Steuerberatungsgesellschaft Berlin mbH,sander-hansen.de
Santen & Partner,santen.de
SBZW Rechtsanwaltskanzlei Dr. Reinhard Bodenburg,https://sbzw.de/#karriere
Schirach Law,https://schirach.law/stellenangebot-wirtschaftsstrafrecht-steuerstrafrecht-in-muenchen/
Schirp Neusel & Partner Rechtsanwälte mbB,https://schirp.com/de/kanzlei/karriere/
Schlünder Rechtsanwälte,schluender.info
Schmidt-Jortzig Petersen Penzlin,https://www.sjpp.de/jobs.html
SCHMITZ KNOTH RECHTSANWÄLTE Partnerschaftsgesellschaft mit beschränkter Berufshaftung,https://www.schmitzknoth.de/karriere/
Schock Rechtsanwälte,schock-rae.de
Schultze & Braun,karriere.schultze-braun.de
Schultze & Partner,schultze-partner.de
Schwegler rechtsanwälte GbR,https://www.schwegler-rae.de/karriere/
Sernetz Schäfer,sernetz-schaefer.de
SKS Steuerberatung,sks-ulm.de
Sobotta Meidrodt,sobotta-meidrodt.de
Solidaris Unternehmensgruppe,https://karriere.solidaris.de/stellenangebote/offene-positionen
Sozietät Peters & Westmeyer,https://pw-steuer.de/karriere
Sozietät Pfeifer – Bergmann – Schwartz – Hingst – Kohl – Blydt-Hansen – Lalek GbR,https://pfbs.de/stellenanzeigen.html
SPORMANN REAL ESTATE GmbH,https://www.spormann-realestate.com/karriere/
STEINKRÜGER STINGL & PARTNER Rechtsanwälte Steuerberater Partnerschaftsgesellschaft mbB,https://steinkrueger-stingl.com/karriere/
Steinmeier - Rechtsanwälte Berlin | Dresden,https://www.steinmeier.eu/kanzlei/stellenanzeigen.php
Stelter Anwaltssozietät,stelter-berlin.de
Steuerberaterkammer Köln Körperschaft des öffentlichen Rechts,https://www.stbk-koeln.de/berufswege/
Steuerberatung Heimrath & Bley,https://steuerberatung-heimrath.de/
STEUERBÜRO BAYER-BAYER Wolfgang Bayer,https://www.bayer-bayer.de/#jobs
steuerkanzlei-balland.de,steuerkanzlei-balland.de
Steuerpioniere,steuerpioniere.de
STKAUTZ RECHTSANWÄLTE,https://stkautz.de/karriere/
Strecker Berger + Partner mbB,https://www.sb-p.de/karriere/stellenmarkt/
Streich & Wittke Attorneys at Law in Partnership mbB,https://sko.legal/ueber-uns/karriere/
Strobel Rechtsanwälte Lars Strobel,https://ra-strobel.de/rechtsanwalt-potsdam-stellen.php
SWA Christl & Kollegen Rechtsanwaltsgesellschaft mbH,https://www.s-w-a.de
TCI Rechtsanwälte,https://www.tcilaw.de/karriere/
Theiß Rechtsanwälte GbR,https://kanzlei-theiss.de/karriere/
"Thorbrügge, Thorbrügge & Feix Partnerschaft von Rechtsanwälten",https://www.kanzlei-thorbruegge.de/karriere/#Stellen
THORWART,https://www.thorwart.de/karriere
Thouet & Kollegen Steuerberater . Rechtsanwälte,https://www.thouet-kollegen.de/karriere
Tiefenbacher Rechtsanwälte,tiefenbacher.de
Tradeo,https://www.tradeo.legal/karriere/
Trebeck & von Broich,https://www.tundvb.de/karriere/
Trüg Habetha,https://trueg-habetha.de
UP12 Rechtsanwälte Partnerschaftsgesellschaft,https://up12.de/karriere
vlv Verweyen Lenz-Voß Rechtsanwälte PartnerschaftsG mbB,https://www.vlv-partner.de/karriere
Von Rohr Patentanwälte,www.vonrohr.de
Wachenhausen,https://www.wachenhausen-law.com/kanzlei/#karriere
Wagemann+Partner,wagemann.net
Waldeck Rechtsanwälte PartmbB,http://www.waldeck.eu/karriere
Wedding & Partner,https://wedding-partner.de/karriere/
"Wegner, Stähr & Partner, Rechtsanwälte",https://wsp-recht.de
"Wegnerpartner Wegner & Partner mbB, Rechtsanwälte",https://www.wegnerpartner.com/karriere/
Wenz Schüller,wenzschueller.de
Werwigk Henne Partnership mbB,https://www.werwigkhenne.de/#kontakt-jobs
Weymann & Partner Kanzlei Twistringen,https://www.rechtsanwalt-weymann.de/jobs
Wirth Rechtsanwälte,www.wirth-rae.de
Wolter und Musselmann,https://www.wolter-musselmann.de
"Wörner, Schäfer, Rückert",https://www.wsr-net.de/kanzlei/jobs/
WTV Vogel & Partner GmbH Steuerberatungsgesellschaft,https://www.wtvgmbh.de/karriere/
"Zabel, Möllmann, Gaigl",kanzlei-zmg.de
Zahnarztpraxis Dr. Schmitz-Hüser,www.zahnarzt-am-maarweg.de
