"Unternehmensname","Domainname des Unternehmens","Jobboard_URL","Pruefgrund","Name_Normalisiert"
"Watson Farley & Williams","wfw.com","https://www.wfw.com/careers/","kein Treffer in jobs_master nach Name oder Domain","watson farley und williams"
"WTS Legal Rechtsanwaltsgesellschaft mbH","wts.com","https://wts.com/de-de/karriere/jobboerse","kein Treffer in jobs_master nach Name oder Domain","wts rechtsanwaltsgesellschaft mbh"
"CMS","cms.law","https://cms.law/de/deu/stellenausschreibungen","kein Treffer in jobs_master nach Name oder Domain","cms"
"A&O Shearman","aoshearman.com","https://www.aoshearman.com/en/careers","kein Treffer in jobs_master nach Name oder Domain","a und o shearman"
"DLA Group","dla.com","https://dla.com","kein Treffer in jobs_master nach Name oder Domain","dla group"
"PricewaterhouseCoopers Legal AG Rechtsanwaltsgesellschaft","legal.pwc.de","https://legal.pwc.de/de/karriere","kein Treffer in jobs_master nach Name oder Domain","pricewaterhousecoopers rechtsanwaltsgesellschaft"
"Skadden, Arps, Slate, Meagher & Flom LLP and Affiliates","skadden.com","https://www.skadden.com/careers","kein Treffer in jobs_master nach Name oder Domain","skadden arps slate meagher und flom and affiliates"
"PwC","pwc.com","https://www.pwc.com/gx/en.html#","kein Treffer in jobs_master nach Name oder Domain","pwc"
"Fieldfisher","fieldfisher.com","https://fieldfisher.com","kein Treffer in jobs_master nach Name oder Domain","fieldfisher"
"Dentons","dentons.com","https://dentons.com","kein Treffer in jobs_master nach Name oder Domain","dentons"
"BDO Germany","bdo.de","https://www.bdo.de/de-de/jobs-karriere","kein Treffer in jobs_master nach Name oder Domain","bdo germany"
"eagle lsp","eagle-lsp.de","https://eagle-lsp.de/arbeiten-bei-eagle-lsp/","kein Treffer in jobs_master nach Name oder Domain","eagle lsp"
"WINHELLER | Law.Tax.Relax.","winheller.com","https://www.winheller.com/karriere.html","kein Treffer in jobs_master nach Name oder Domain","winheller tax relax"
"KBHT Kalus + Hilger","kbht.de","https://www.kbht-karriere.de","kein Treffer in jobs_master nach Name oder Domain","kbht kalus hilger"
"Husemann Eickhoff Salmen & Partner","husemannpartner.de","https://www.husemannpartner.de/karriere/stellenangebote/","kein Treffer in jobs_master nach Name oder Domain","husemann eickhoff salmen und"
"Petersen Hardraht Pruggmayer","petersenhardrahtpruggmayer.de","https://petersenpartners.de/de/ueber-uns/karriere/","kein Treffer in jobs_master nach Name oder Domain","petersen hardraht pruggmayer"
"Willkie Farr & Gallagher","willkie.com","https://www.willkie.com/careers","kein Treffer in jobs_master nach Name oder Domain","willkie farr und gallagher"
"Viering, Jentschura & Partner mbB Patent- und Rechtsanwälte","vjp.de","https://www.vjp.de/karriere","kein Treffer in jobs_master nach Name oder Domain","viering jentschura und patent und"
"Reed Smith","reedsmith.com","https://reedsmith.com","kein Treffer in jobs_master nach Name oder Domain","reed smith"
"LPA-GGV","lpa-ggv.de","https://lpalaw.tax/karriere/","kein Treffer in jobs_master nach Name oder Domain","lpa ggv"
"hww","hww.eu","https://hww.eu","kein Treffer in jobs_master nach Name oder Domain","hww"
"HOFFMANN EITLE | Patent- und Rechtsanwälte PartmbB","hoffmanneitle.com","https://www.hoffmanneitle.com/en/career","kein Treffer in jobs_master nach Name oder Domain","hoffmann eitle patent und partmbb"
"DHPG Rechtsanwälte Wirtschaftsprüfer Steuerberater - Obermüller, Rohde & Partner","dhpg.de","https://www.dhpg.de/de/karriere","kein Treffer in jobs_master nach Name oder Domain","dhpg obermueller rohde und"
"Laufenberg Michels und Partner","laufmich.de","https://thinknew.koeln","kein Treffer in jobs_master nach Name oder Domain","laufenberg michels und"
"RSW Rechtsanwälte","rsw-anwaelte.de","https://rsw-anwaelte.de","kein Treffer in jobs_master nach Name oder Domain","rsw"
"schwarzpartners.de","schwarzpartners.de","https://www.schwarzpartners.de/karriere","kein Treffer in jobs_master nach Name oder Domain","schwarzpartners de"
"Hauschild Böttcher","hauschild-boettcher.de","https://hauschild-boettcher.de","kein Treffer in jobs_master nach Name oder Domain","hauschild boettcher"
"ARAG Versicherung","arag.de","https://www.arag-karriere.de/?utm_source=google&utm_medium=banner&utm_campaign=Homepage","kein Treffer in jobs_master nach Name oder Domain","arag versicherung"
"PKF München","pkf-muenchen.de","https://pkf-muenchen.de","kein Treffer in jobs_master nach Name oder Domain","pkf muenchen"
"Hoyng ROKH Monegier","hoyngrokhmonegier.com","https://hoyngrokhmonegier.com","kein Treffer in jobs_master nach Name oder Domain","hoyng rokh monegier"
"FRANKUS Wirtschaftsprüfer Steuerberater Rechtsanwälte","frankus.com","https://frankus.com","kein Treffer in jobs_master nach Name oder Domain","frankus"
"WWS Gruppe","wws-gruppe.de","https://www.wws-gruppe.de/de/startseite/karriere/warum-zur-wws/","kein Treffer in jobs_master nach Name oder Domain","wws gruppe"
"BANSBACH GmbH","bansbach-gmbh.de","https://karrierebb.bansbach-gruppe.de/karriere","kein Treffer in jobs_master nach Name oder Domain","bansbach"
"Schüllermann","schuellermann.de","https://schuellermann.de/karriere/","kein Treffer in jobs_master nach Name oder Domain","schuellermann"
"Grünecker","grunecker.de","https://grunecker.de/karriere/","kein Treffer in jobs_master nach Name oder Domain","gruenecker"
"Antoniadis & Ure","anure.de","https://anure.de/karriere-anure/","kein Treffer in jobs_master nach Name oder Domain","antoniadis und ure"
"Minoggio Grezesch Bachmann","mgb-law.de","https://www.mgb-law.de/karriere/","kein Treffer in jobs_master nach Name oder Domain","minoggio grezesch bachmann"
"Lintilia Law","lintilia.de","https://www.lintilia.de/news/prof.-dr.-jan-roth-zum-vorlaeufigen-insolvenzverwalter-des-busunternehmens-jungermann-bestellt-2026-03-10.htm","kein Treffer in jobs_master nach Name oder Domain","lintilia"
"HEUBLEIN Rechtsanwälte","heublein.eu","https://heublein.eu","kein Treffer in jobs_master nach Name oder Domain","heublein"
"Ikert-Tharun Wähling und Partner Rechtsanwälte","iw-partner.de","https://iw-partner.de/karriere/","kein Treffer in jobs_master nach Name oder Domain","ikert tharun waehling und"
"Benjamin Graumann Rechtsanwalt","anwalt-graumann.de","https://anwalt-graumann.de","kein Treffer in jobs_master nach Name oder Domain","benjamin graumann"
"Rechtsanwälte Mook","mook-law.de","https://mook-law.de/neuigkeiten/","kein Treffer in jobs_master nach Name oder Domain","mook"
"RST Steuerberatungsgesellschaft mbH","rst-beratung.de","https://rst-beratung.de","kein Treffer in jobs_master nach Name oder Domain","rst steuerberatungsgesellschaft mbh"
"Stegemeier Rudolph","stegemeier-rudolph.de","https://stegemeier-rudolph.de","kein Treffer in jobs_master nach Name oder Domain","stegemeier rudolph"
"WZM Wanner Zahn Machander Partnergesellschaft mbB","wzm-law.de","https://www.wzm-law.de/de/jobs","kein Treffer in jobs_master nach Name oder Domain","wzm wanner zahn machander partnergesellschaft"
"Studio Legal","studiolegal.de","https://studiolegal.de","kein Treffer in jobs_master nach Name oder Domain","studio"
"Weser Law","weser-law.de","","kein Treffer in jobs_master nach Name oder Domain","weser"
"Peterreins Schley","ps-patent.com","https://ps-patent.com/career.html","kein Treffer in jobs_master nach Name oder Domain","peterreins schley"
"Müller Blum","muellerblum.de","https://muellerblum.de","kein Treffer in jobs_master nach Name oder Domain","mueller blum"
"Momentum","momentum-partners.de","https://momentum-partners.de","kein Treffer in jobs_master nach Name oder Domain","momentum"
"Michels pmks","michelspmks.de","https://michelspmks.de/de/karriere/","kein Treffer in jobs_master nach Name oder Domain","michels pmks"
"MNB Legal","www-mnblegal.de","https://www-mnblegal.de","kein Treffer in jobs_master nach Name oder Domain","mnb"
"Hilger Neumann & Partner","hilger-neumann-partner.de","https://hilger-neumann-partner.de","kein Treffer in jobs_master nach Name oder Domain","hilger neumann und"
"Franßen & Nusser","fn.legal","https://fn.legal/de/de/karriere/","kein Treffer in jobs_master nach Name oder Domain","franssen und nusser"
"EIP","eip.com","https://eip.com/uk/careers","kein Treffer in jobs_master nach Name oder Domain","eip"
"EHLERS, EHLERS & PARTNER RECHTSANWALTSGESELLSCHAFT MBB","ehlers-ehlers-und-partner.de","https://ehlers-ehlers-und-partner.de","kein Treffer in jobs_master nach Name oder Domain","ehlers ehlers und rechtsanwaltsgesellschaft"
"Dr. Knabe","dr-knabe.de","https://www.dr-knabe.de/karriere","kein Treffer in jobs_master nach Name oder Domain","dr knabe"
"Dr. Hermanns & Dr. Schumacher","https://www.hermanns-schumacher.d","https://www.hermanns-schumacher.d","kein Treffer in jobs_master nach Name oder Domain","dr hermanns und dr schumacher"
"Clayston","clayston.com","https://clayston.com/de/karriere.php","kein Treffer in jobs_master nach Name oder Domain","clayston"
"Böhret Semsdorf & Partner","boehret-sehmsdorf.de","https://karriere.boehret-sehmsdorf.de","kein Treffer in jobs_master nach Name oder Domain","boehret semsdorf und"
"Bergeman Schönherr Partner","bbsz.de","https://bbsz.de","kein Treffer in jobs_master nach Name oder Domain","bergeman schoenherr"
"Rosenschon und Partner GmbH Steuerberatungsgesellschaft","rosenschon-partner.de","https://rosenschonpartner.recruitee.com/","kein Treffer in jobs_master nach Name oder Domain","rosenschon und steuerberatungsgesellschaft"
"Rechtsanwaltskanzlei Staab & Kollegen","staab-kollegen.com","https://staab-kollegen.com/karriere/","kein Treffer in jobs_master nach Name oder Domain","rechtsanwaltskanzlei staab und kollegen"
"Prüfer & Partner mbB Patentanwälte Rechtsanwalt","pruefer.eu","https://pruefer.eu/karriere/","kein Treffer in jobs_master nach Name oder Domain","pruefer und patentanwaelte"
"Müller-Wrede & Partner Rechtsanwälte","mueller-wrede.de","https://www.bbh-karriere.de/de/","kein Treffer in jobs_master nach Name oder Domain","mueller wrede und"
"Müller-Boré & Partner Patentanwälte PartG mbB","mueller-bore.de","https://mueller-bore.de","kein Treffer in jobs_master nach Name oder Domain","mueller bor und patentanwaelte"
"Mohr Rechtsanwälte Partnerschaftsgesellschaft mbB","mohrpartner.de","https://mohrpartner.de","kein Treffer in jobs_master nach Name oder Domain","mohr partnerschaftsgesellschaft"
"LSV Rechtsanwalts GmbH","lsv-legal.com","https://lsv-legal.com","kein Treffer in jobs_master nach Name oder Domain","lsv rechtsanwalts"
"Lubberger Lehment","lubbergerlehment.com","https://lubbergerlehment.com","kein Treffer in jobs_master nach Name oder Domain","lubberger lehment"
"Dennemeyer & Associates S.A.","dennemeyer.com","https://dennemeyer.com","kein Treffer in jobs_master nach Name oder Domain","dennemeyer und associates s a"
"Brödermann Jahn","german-law.com","https://german-law.com/de/karriere","kein Treffer in jobs_master nach Name oder Domain","broedermann jahn"
"Berner, Fischer & Partner - Rechtsanwälte, Steuerberater PartmbB","bernerfischer-partner.de","https://bernerfischer-partner.de","kein Treffer in jobs_master nach Name oder Domain","berner fischer und partmbb"
"FASP Finck Sigl & Partner Rechtsanwälte Steuerberater mbB","fasp.de","https://fasp.kanzleibewerbungen.de","kein Treffer in jobs_master nach Name oder Domain","fasp finck sigl und"
"AWADO Rechtsanwaltsgesellschaft mbH","gra-rechtsanwaltsgesellschaft.de","https://gra-rechtsanwaltsgesellschaft.de","kein Treffer in jobs_master nach Name oder Domain","awado rechtsanwaltsgesellschaft mbh"
"HOECK SCHLÜTER VAAGT Rechtsanwälte Partnerschaft mbB","hsv-fl.de","https://hsv-fl.de","kein Treffer in jobs_master nach Name oder Domain","hoeck schlueter vaagt"
"Dissmann Orth","dolaw.de","https://dolaw.de","kein Treffer in jobs_master nach Name oder Domain","dissmann orth"
"DANCKELMANN UND KERST Rechtsanwälte Notare","danckelmann-kerst.de","https://danckelmann-kerst.de","kein Treffer in jobs_master nach Name oder Domain","danckelmann und kerst"
"bbt Rechtsanwälte und Steuerberater von Boehmer, Borchert, Trittel Partnerschaft mit beschränkter Berufshaftung","bbt-kanzlei.de","http://www.karriere-bbt-kanzlei.de","kein Treffer in jobs_master nach Name oder Domain","bbt und von boehmer borchert trittel mit beschraenkter berufshaftung"
"Lausen Rechtsanwälte Partnerschaft","lausen.com","https://lausen.com","kein Treffer in jobs_master nach Name oder Domain","lausen"
"okl & partner","oklp.de","https://oklp.de/#Karriere","kein Treffer in jobs_master nach Name oder Domain","okl und"
"JOHLKE NIETHAMMER & PARTNER Insolvenzverwalter Rechtsanwälte Wirtschaftsprüfer Steuerberater Partnerschaftsgesellschaft mbB","jnp.de","https://jnp.de","kein Treffer in jobs_master nach Name oder Domain","johlke niethammer und insolvenzverwalter partnerschaftsgesellschaft"
"Hammes Insolvenzverwalter GbR","rae-hammes.de","https://ingenium.law/karriere/","kein Treffer in jobs_master nach Name oder Domain","hammes insolvenzverwalter gbr"
"ANDREÄ & PARTNER Rechtsanwälte","rechtsanwalt-wiesbaden.de","https://rechtsanwalt-wiesbaden.de","kein Treffer in jobs_master nach Name oder Domain","andreae und"
"Kraus & Weisert Patentanwälte PartGmbB","kraus-weisert.de","https://www.kraus-lederer.de/career.html","kein Treffer in jobs_master nach Name oder Domain","kraus und weisert patentanwaelte"
"Lambsdorff","lambsdorff.law","https://lambsdorff.law","kein Treffer in jobs_master nach Name oder Domain","lambsdorff"
"Hartmann Gallus & Partner Rechtsanwälte Partnerschaftschaftsgesellschaft mit beschränkter Berufshaftung (mbB).","kanzlei-hgp.de","https://kanzlei-hgp.de","kein Treffer in jobs_master nach Name oder Domain","hartmann gallus und partnerschaftschaftsgesellschaft mit beschraenkter berufshaftung"
"Beck Rechtsanwälte Partnerschaft mbB","becklaw.de","https://www.becklaw.de/de/karriere/","kein Treffer in jobs_master nach Name oder Domain","beck"
"AGS Acker Schmalz","ags-legal.de","https://www.ags-legal.de/de/de/karriere","kein Treffer in jobs_master nach Name oder Domain","ags acker schmalz"
"Kanzlei TBK-Patent","tbk.de","https://tbk.de","kein Treffer in jobs_master nach Name oder Domain","tbk patent"
"Anwaltskanzlei Pfefferle Helberg & Partner Rechtsanwälte und Steuerberater","pfefferle.de","https://www.pfefferle.de/pfefferle-gruppe-recht-steuer-wirtschaft/stellenanzeigen-pfefferle-gruppe/","kein Treffer in jobs_master nach Name oder Domain","anwaltskanzlei pfefferle helberg und und"
"Sernetz Schäfer","sernetz-schaefer.de","https://sernetz-schaefer.de","kein Treffer in jobs_master nach Name oder Domain","sernetz schaefer"
"Köchling & Krahnefeld Rechtsanwälte","kk-rae.de","https://kk-rae.de","kein Treffer in jobs_master nach Name oder Domain","koechling und krahnefeld"
"Fachanwaltskanzlei Mainz Frankfurt","jrm-legal.de","https://jrm-legal.de","kein Treffer in jobs_master nach Name oder Domain","fachanwaltskanzlei mainz frankfurt"
"King & Wood Mallesons","eu.kwm.com","https://eu.kwm.com","kein Treffer in jobs_master nach Name oder Domain","king und wood mallesons"
"Hausfeld","hausfeld.com","https://www.hausfeld.com/KARRIERE","kein Treffer in jobs_master nach Name oder Domain","hausfeld"
"Mingers.","mingers.law","https://mingers.law","kein Treffer in jobs_master nach Name oder Domain","mingers"
"HauckSchuchardt Partnerschaft von Steuerberatern und Rechtsanwälten mbB","hauckschuchardt.com","https://www.hauckschuchardt.com/de/de/karriere.html","kein Treffer in jobs_master nach Name oder Domain","hauckschuchardt von steuerberatern und rechtsanwaelten"
"Halm & Collegen","halmcollegen.de","https://halmcollegen.de","kein Treffer in jobs_master nach Name oder Domain","halm und collegen"
"CSR Sturm Rechtsanwaltsgesellschaft mbH","cs-rechtsanwaelte.de","https://cs-rechtsanwaelte.de","kein Treffer in jobs_master nach Name oder Domain","csr sturm rechtsanwaltsgesellschaft mbh"
"Chevalier Rechtsanwälte","kanzlei-chevalier.de","https://kanzlei-chevalier.de","kein Treffer in jobs_master nach Name oder Domain","chevalier"
"Brinkmann Rechtsanwälte","brinkmann-ra.de","https://www.brinkmann-ra.de/kanzlei/karriere/","kein Treffer in jobs_master nach Name oder Domain","brinkmann"
"WIPIT","wipit.legal","https://www.wipit.legal/de/career","kein Treffer in jobs_master nach Name oder Domain","wipit"
"WilmerHale","wilmerhale.com","https://wilmerhale.com","kein Treffer in jobs_master nach Name oder Domain","wilmerhale"
"TBK-Patent","tbk.com","https://tbk.com","kein Treffer in jobs_master nach Name oder Domain","tbk patent"
"DWF Germany","dwfgroup.com","https://dwfgroup.com/en/careers","kein Treffer in jobs_master nach Name oder Domain","dwf germany"
"Dechert LLP","dechert.com","https://www.dechert.com/careers.html","kein Treffer in jobs_master nach Name oder Domain","dechert"
"Derra, Meyer & Partner Rechtsanwälte PartG mbB","derra.eu","https://www.derra.eu/?page_id=2854","kein Treffer in jobs_master nach Name oder Domain","derra meyer und"
"Gaßmann & Seidel Rechtsanwälte PartmbB","gassmann-seidel.de","https://gassmann-seidel.de/karriere/","kein Treffer in jobs_master nach Name oder Domain","gassmann und seidel partmbb"
"Schultz-Süchting","schultz-suechting.de","https://schultz-suechting.de","kein Treffer in jobs_master nach Name oder Domain","schultz suechting"
"AGS Legal - Acker Schmalz Rechtsanwälte","ags-legal.com","https://www.ags-legal.de/de/de/karriere","kein Treffer in jobs_master nach Name oder Domain","ags acker schmalz"
"Gaidies Heggemann & Partner","gsp.de","https://gsp.de","kein Treffer in jobs_master nach Name oder Domain","gaidies heggemann und"
"Broich","broich.de","https://broich.de","kein Treffer in jobs_master nach Name oder Domain","broich"
"CSW Rechtsanwälte","csw.partners","https://csw.partners/karriere/","kein Treffer in jobs_master nach Name oder Domain","csw"
"Bendel & Partner Rechtsanwälte mbB","bendel-partner.de","https://bendel-partner.de/?page_id=609","kein Treffer in jobs_master nach Name oder Domain","bendel und"
"Schulte","schulte-lawyers.com","https://www.schulte-lawyers.com/karriere","kein Treffer in jobs_master nach Name oder Domain","schulte"
"df-mp Dörries Frank-Molnia & Pohlman Patentanwälte Rechtsanwälte PartG mbB","df-mp.com","https://job.df-mp.com","kein Treffer in jobs_master nach Name oder Domain","df mp doerries frank molnia und pohlman patentanwaelte"
"Kopp-Assenmacher","kopp-assenmacher.de","https://kopp-assenmacher.de/de/files/upload/karriere/Stellenausschreibungen-Rechtsanwalt.pdf","kein Treffer in jobs_master nach Name oder Domain","kopp assenmacher"
"Taxess","taxess.de","https://taxess.de","kein Treffer in jobs_master nach Name oder Domain","taxess"
"Rüter Partner","rueterpartner.de","https://rueterpartner.de","kein Treffer in jobs_master nach Name oder Domain","rueter"
"aios","aiostax.de","https://aiostax.de","kein Treffer in jobs_master nach Name oder Domain","aios"
"avericon","avericon.de","https://avericon.de","kein Treffer in jobs_master nach Name oder Domain","avericon"
"graf detzer","graf-detzer.de","https://www.rechtsanwalts-kanzlei-wolfratshausen.de/kanzlei/karriere/","kein Treffer in jobs_master nach Name oder Domain","graf detzer"
"ziegler","steuern-ziegler.com","https://steuern-ziegler.com","kein Treffer in jobs_master nach Name oder Domain","ziegler"
"auracher","kanzlei-auracher.de","https://kanzlei-auracher.de","kein Treffer in jobs_master nach Name oder Domain","auracher"
"acoute","acoute.de","https://acoute.de","kein Treffer in jobs_master nach Name oder Domain","acoute"
"bms-recht","bms-recht.de","https://bms-recht.de","kein Treffer in jobs_master nach Name oder Domain","bms recht"
"geyer-bochum","geyer-bochum.de","https://geyer-bochum.de","kein Treffer in jobs_master nach Name oder Domain","geyer bochum"
"ra-stoecker","ra-stoecker.de","https://ra-stoecker.de","kein Treffer in jobs_master nach Name oder Domain","ra stoecker"
"SMS&R","steuerberatung-hh.de","https://steuerberatung-sms.dein-karriere-portal.de/","kein Treffer in jobs_master nach Name oder Domain","sms und r"
"Alvarez & Marsal Deutschland","alvarezandmarsal.com","https://alvarezandmarsal.com","kein Treffer in jobs_master nach Name oder Domain","alvarez und marsal deutschland"
"AWI TREUHAND","awi-treuhand.de","https://awi-treuhand.de","kein Treffer in jobs_master nach Name oder Domain","awi treuhand"
"Ba Group","ba-group.de","https://ba-group.de","kein Treffer in jobs_master nach Name oder Domain","ba group"
"BERATA GmbH","bbjmail.de","https://bbjmail.de","kein Treffer in jobs_master nach Name oder Domain","berata"
"KOMTAX","komtax.de","https://komtax-stb.deine-wunschkanzlei.de/","kein Treffer in jobs_master nach Name oder Domain","komtax"
"Magdeburger Treuhand","mdth.de","https://www.mdth.de/de/de/karriere.html","kein Treffer in jobs_master nach Name oder Domain","magdeburger treuhand"
"MeyerPartner","meypa.de","https://www.meypa.de/karriere","kein Treffer in jobs_master nach Name oder Domain","meyerpartner"
"Nielsen ∙ Wiebe & Partner","nwup.de","https://jobs.nwup.de/","kein Treffer in jobs_master nach Name oder Domain","nielsen wiebe und"
"RSG Gera","rsg-gera.de","https://www.rsg-gera.de/karriere","kein Treffer in jobs_master nach Name oder Domain","rsg gera"
"staib-partner","staib-partner.de","https://staib-partner.de","kein Treffer in jobs_master nach Name oder Domain","staib"
"TLC GmbH","tlc.ag","https://tlc.kanzleitalente.de","kein Treffer in jobs_master nach Name oder Domain","tlc"
"Wortmann & Partner & Co. KG","wortmannpartner.de","https://www.wortmannpartner.de/karriere","kein Treffer in jobs_master nach Name oder Domain","wortmann und und co"
"Zebra Embassy","zebra-embassy.com","https://www.zebra-embassy.com/career","kein Treffer in jobs_master nach Name oder Domain","zebra embassy"
"Aderhold","aderhold.de","https://www.aderhold.de/karriere","kein Treffer in jobs_master nach Name oder Domain","aderhold"
"Schindler","schindler-legal.de","https://schindler-legal.de","kein Treffer in jobs_master nach Name oder Domain","schindler"
"Dietrich Graf Zedtwitz","dietrich-grafzedtwitz.com","https://dietrich-grafzedtwitz.com","kein Treffer in jobs_master nach Name oder Domain","dietrich graf zedtwitz"
"Rolf Tempelhoff","womf-rechtsanwaelte.de","https://womf-rechtsanwaelte.de","kein Treffer in jobs_master nach Name oder Domain","rolf tempelhoff"
"LIEBIG","inso-liebig.de","https://inso-liebig.de/karriere/","kein Treffer in jobs_master nach Name oder Domain","liebig"
"MC Media","mc-media.de","https://karriere.mc-media.de/","kein Treffer in jobs_master nach Name oder Domain","mc media"
"Dr. Strecker & Hane GbR","strecker-hane.de","https://www.strecker-hane.de/karriere","kein Treffer in jobs_master nach Name oder Domain","dr strecker und hane gbr"
"Rechtsanwälte Bernd Baumann","rechtsanwalt-serm.de","https://rechtsanwalt-serm.de","kein Treffer in jobs_master nach Name oder Domain","bernd baumann"
"Dr. Sander & Partner​ mbB Rechtsanwälte","sander-anwalt.de","https://www.sander-anwalt.de","kein Treffer in jobs_master nach Name oder Domain","dr sander und"
"Steuerfachanwaltskanzlei Faltermeier Jürgen Faltermeier Rechtsanwalt Fachanwalt für Steuerrecht","ra-faltermeier.de","https://ra-faltermeier.de","kein Treffer in jobs_master nach Name oder Domain","steuerfachanwaltskanzlei faltermeier juergen faltermeier fachanwalt fuer steuerrecht"
"Rechtsanwalt Markus Koersgen, Rechtsanwalt und Fachanwalt für Familienrecht","mein-rechtsanwalt-in-kiel.de","https://mein-rechtsanwalt-in-kiel.de","kein Treffer in jobs_master nach Name oder Domain","markus koersgen und fachanwalt fuer familienrecht"
"Sozietät Matthiesen, Siems & Dr. Roes (Rechtsform GbR) vereidigter Buchprüfer / Steuerberater / Rechtsanwalt","steuerberatung-sms.de","https://steuerberatung-sms.dein-karriere-portal.de/","kein Treffer in jobs_master nach Name oder Domain","sozietaet matthiesen siems und dr roes rechtsform gbr vereidigter buchpruefer"
"Rechtsanwalts- und Steuerkanzlei Mueller & Winter","steuer-recht-kanzlei.de","https://steuer-recht-kanzlei.de","kein Treffer in jobs_master nach Name oder Domain","rechtsanwalts und steuerkanzlei mueller und winter"
"Akmaz & Kollegen Anwaltskanzlei","recht-akmaz.eu","https://recht-akmaz.eu","kein Treffer in jobs_master nach Name oder Domain","akmaz und kollegen anwaltskanzlei"
"Mühlbacher und Partner","ra-mup.de","https://ra-mup.de","kein Treffer in jobs_master nach Name oder Domain","muehlbacher und"
"RECHTSANWALTSKANZEI ULLRICH","kanzlei-ullrich.de","https://kanzlei-ullrich.de","kein Treffer in jobs_master nach Name oder Domain","rechtsanwaltskanzei ullrich"
"MEIXNER & DOLLHOPF","kanzlei-mds.de","https://kanzlei-mds.de","kein Treffer in jobs_master nach Name oder Domain","meixner und dollhopf"
"Forster Und Witt","rechtsanwalt-traunstein.de","https://rechtsanwalt-traunstein.de","kein Treffer in jobs_master nach Name oder Domain","forster und witt"
"Jur. Doreen Fichtner-Günz Rechtsanwältin","kanzlei-fg.de","https://kanzlei-fg.de","kein Treffer in jobs_master nach Name oder Domain","jur doreen fichtner guenz rechtsanwaeltin"
"KEMPTER & KOLLEGEN Rechtsanwälte","ra-kempter.de","https://ra-kempter.de","kein Treffer in jobs_master nach Name oder Domain","kempter und kollegen"
"Rechtsanwälte Niedermeier","ra-niedermeier.de","https://ra-niedermeier.de/kontakt/#karriere","kein Treffer in jobs_master nach Name oder Domain","niedermeier"
"Kanzlei Dr. Brüggemann Miermeister Kunz Alberts","rechtsrat-emden.de","","kein Treffer in jobs_master nach Name oder Domain","dr brueggemann miermeister kunz alberts"
"Kanzlei Weinhold","kanzlei-weinhold.de","https://kanzlei-weinhold.de","kein Treffer in jobs_master nach Name oder Domain","weinhold"
"Rechtsanwalt und Notar Thomas Jaster","ra-jaster.de","https://ra-jaster.de","kein Treffer in jobs_master nach Name oder Domain","und thomas jaster"
"Michael Hewer Rechtsanwälte","ra-hewer.de","https://ra-hewer.de","kein Treffer in jobs_master nach Name oder Domain","michael hewer"
"Ines Hodl Rechtsanwältin","rechtsanwaeltin-hodl.de","https://rechtsanwaeltin-hodl.de","kein Treffer in jobs_master nach Name oder Domain","ines hodl rechtsanwaeltin"
"Stoppelkamp Rechtsanwälte","kanzlei-stoppelkamp.de","https://kanzlei-stoppelkamp.de","kein Treffer in jobs_master nach Name oder Domain","stoppelkamp"
"Dr. Reichert & Kollegen - Rechtsanwälte Bühl","reichert-recht.de","https://reichert-recht.de","kein Treffer in jobs_master nach Name oder Domain","dr reichert und kollegen buehl"
"Herr Rechtsanwalt Jens Hugenschmidt","kanzlei-im-rebland.de","https://kanzlei-im-rebland.de","kein Treffer in jobs_master nach Name oder Domain","herr jens hugenschmidt"
"Rechtsanwalt Meinrad Hirt","rae-hirt.de","https://rae-hirt.de","kein Treffer in jobs_master nach Name oder Domain","meinrad hirt"
"Rechtsanwalt Florian Dennler","dennler.de","https://dennler.de","kein Treffer in jobs_master nach Name oder Domain","florian dennler"
"Rechtsanwälte Ralf Hannig und Bernd Trede","hannigundtrede.de","https://hannigundtrede.de","kein Treffer in jobs_master nach Name oder Domain","ralf hannig und bernd trede"
"Rechtsanwaltskanzlei Petra Posner-Wendt","posner-wendt.de","https://posner-wendt.de","kein Treffer in jobs_master nach Name oder Domain","rechtsanwaltskanzlei petra posner wendt"
"Anwaltskanzlei Schuh Rechtsanwältin Eva Schuh","kanzlei-schuh.de","https://kanzlei-schuh.de","kein Treffer in jobs_master nach Name oder Domain","anwaltskanzlei schuh rechtsanwaeltin eva schuh"
"Rechtsanwalt Holger Trappen","rechtsanwalt-trappen.de","https://www.ionos.de/websites/homepage-erstellen","kein Treffer in jobs_master nach Name oder Domain","holger trappen"
"Bärbel Ritter Rechtsanwältin","anwaltskanzleiritter.de","https://anwaltskanzleiritter.de","kein Treffer in jobs_master nach Name oder Domain","baerbel ritter rechtsanwaeltin"
"FRH | Fink Rinckens Heerma","frh-recht.de","https://frh-recht.de","kein Treffer in jobs_master nach Name oder Domain","frh fink rinckens heerma"
"Jens Budde Rechtsanwalt","ra-budde.de","https://ra-budde.de","kein Treffer in jobs_master nach Name oder Domain","jens budde"
"Prof. Dr. Wilhelm Haarmann","haarmann.com","https://haarmann.com","kein Treffer in jobs_master nach Name oder Domain","prof dr wilhelm haarmann"
"Fachanwälte Engelhardt","fa-engelhardt.de","https://fa-engelhardt.de","kein Treffer in jobs_master nach Name oder Domain","fachanwaelte engelhardt"
"Meyer & Hofmann-Rascu Rechtsanwälte GbR","ra-meyer-erlangen.de","https://ra-meyer-erlangen.de","kein Treffer in jobs_master nach Name oder Domain","meyer und hofmann rascu gbr"
"Rechtsanwälte Schulz & Heine","rechtsanwaelte-schulz-heine.de","https://rechtsanwaelte-schulz-heine.de","kein Treffer in jobs_master nach Name oder Domain","schulz und heine"
"PNT Partner Rechtsanwälte Partnerschaftsgesellschaft mbB","pg-t.de","https://pg-t.de","kein Treffer in jobs_master nach Name oder Domain","pnt partnerschaftsgesellschaft"
"Halle Crimmitschau Kecke Rechtsanwalte","recht-vertraut.de","https://recht-vertraut.de","kein Treffer in jobs_master nach Name oder Domain","halle crimmitschau kecke rechtsanwalte"
"Kanzlei Weskamp · Arbeitsrecht · Strafrecht · Verkehrsrecht","kanzlei-weskamp.de","https://kanzlei-weskamp.de","kein Treffer in jobs_master nach Name oder Domain","weskamp arbeitsrecht strafrecht verkehrsrecht"
"Rechtsanwälte Feder & Kollegen i. L.","feder-kollegen.de","https://feder-kollegen.de","kein Treffer in jobs_master nach Name oder Domain","feder und kollegen i l"
"Mörtl | Mörtl Rechtsanwälte in Kooperation","moertl-moertl.de","https://moertl-moertl.de","kein Treffer in jobs_master nach Name oder Domain","moertl moertl in kooperation"
"dissmannorthde","dissmannorth.de","https://dissmannorth.de","kein Treffer in jobs_master nach Name oder Domain","dissmannorthde"
"Caroline Kistler - Rechtsanwältin","kanzlei-kistler.de","https://kanzlei-kistler.de","kein Treffer in jobs_master nach Name oder Domain","caroline kistler rechtsanwaeltin"
"golzer","golzer.com","https://golzer.com","kein Treffer in jobs_master nach Name oder Domain","golzer"
"Anwaltskanzlei Meyse-Großer","meyse-grosser.de","https://meyse-grosser.de","kein Treffer in jobs_master nach Name oder Domain","anwaltskanzlei meyse grosser"
"Rechtsanwaltskanzlei Schötz – Heinrich","kanzlei-rossleben.de","http://www.kostenlose-urteile.de/BVerwG_2-C-1225_Rassistische-Chat-Beitraege-von-Beamten-stellen-nicht-automatisch-Verstoss-gegen-Verfassungstreue-dar.news36044.htm","kein Treffer in jobs_master nach Name oder Domain","rechtsanwaltskanzlei schoetz heinrich"
"Rechtsanwältin Fachanwältin für Familienrecht Mediatorin","ra-obexer.de","https://ra-obexer.de","kein Treffer in jobs_master nach Name oder Domain","rechtsanwaeltin fachanwaeltin fuer familienrecht mediatorin"
"Rechtsanwalt Kurt Reich, Rechtsanwalt Jens Reich & Rechtsanwalt Rainer Vark","rechtsanwalt-reich.de","https://rechtsanwalt-reich.de","kein Treffer in jobs_master nach Name oder Domain","kurt reich jens reich und rainer vark"
"LEUSCHNER Anwaltskanzlei","rechtsanwaltskanzlei-leuschner.de","https://rechtsanwaltskanzlei-leuschner.de","kein Treffer in jobs_master nach Name oder Domain","leuschner anwaltskanzlei"
"Gothentreuhand GmbH","karriere-gothentreuhand.de","","kein Treffer in jobs_master nach Name oder Domain","gothentreuhand"
"Anwaltssozietät Franken · Grillo · Steinweg","martinsplatz.de","https://martinsplatz.de","kein Treffer in jobs_master nach Name oder Domain","anwaltssozietaet franken grillo steinweg"
"Rechtsanwalt Dr. iur. Gerd Hartlieb","ra-hartlieb.de","https://ra-hartlieb.de","kein Treffer in jobs_master nach Name oder Domain","dr iur gerd hartlieb"
"Rechtsanwälte Orthband, Kuhfuß & Ratajczak","rae-orthbandt-kuhfuss.de","https://rae-orthbandt-kuhfuss.de","kein Treffer in jobs_master nach Name oder Domain","orthband kuhfuss und ratajczak"
"kanzlei-langnickel","kanzlei-langnickel.de","https://kanzlei-langnickel.de","kein Treffer in jobs_master nach Name oder Domain","langnickel"
"Karl-Heinrich von Zwehl, Andreas von Zwehl Rechtsanwälte GbR","kanzlei-von-zwehl.de","https://kanzlei-von-zwehl.de","kein Treffer in jobs_master nach Name oder Domain","karl heinrich von zwehl andreas von zwehl gbr"
"Stefan Scherer Rechtsanwalt und Notar Fachanwalt für Familienrecht Fachanwalt für Arbeitsrecht","rascherer.de","https://rascherer.de","kein Treffer in jobs_master nach Name oder Domain","stefan scherer und fachanwalt fuer familienrecht fachanwalt fuer arbeitsrecht"
"Andrea Kern Kanzlei Kern Wandsbeker Marktstraße","kanzlei-kern.org","https://kanzlei-kern.org","kein Treffer in jobs_master nach Name oder Domain","andrea kern kern wandsbeker marktstrasse"
"Rechtsanwältin Susanne G. E. Richwien","ra-richwien.de","https://ra-richwien.de","kein Treffer in jobs_master nach Name oder Domain","rechtsanwaeltin susanne g e richwien"
"Kanzlei Marko Setzer – Rechtsanwalt für Gesellschaftsrecht & Arbeitsrecht","ra-setzer.de","https://ra-setzer.de","kein Treffer in jobs_master nach Name oder Domain","marko setzer fuer gesellschaftsrecht und arbeitsrecht"
"Rechtsanwaltin Jacqueline Stoewenau-Mann","stoewenau-mann.de","https://stoewenau-mann.de","kein Treffer in jobs_master nach Name oder Domain","rechtsanwaltin jacqueline stoewenau mann"
"Kanzlei Dr. Claudia Erk","kanzlei-erk.de","https://kanzlei-erk.de","kein Treffer in jobs_master nach Name oder Domain","dr claudia erk"
"SCHEIDEL Rechtsanwaltskanzlei","raescheidel.de","https://raescheidel.de","kein Treffer in jobs_master nach Name oder Domain","scheidel rechtsanwaltskanzlei"
"GRAF-DETZER Rechtsanwälte","rechtsanwalts-kanzlei-wolfratshausen.de","https://www.rechtsanwalts-kanzlei-wolfratshausen.de/kanzlei/karriere/","kein Treffer in jobs_master nach Name oder Domain","graf detzer"
"Kathrin Zehrtner-Gottschalk","ra-zg.de","https://ra-zg.de","kein Treffer in jobs_master nach Name oder Domain","kathrin zehrtner gottschalk"
"Rechtsanwalt & Mediator Uwe J. Badt","badt.de","https://badt.de","kein Treffer in jobs_master nach Name oder Domain","und mediator uwe j badt"
"Rechtsanwalt Heinrich Beestermöller","ra.habitrust.de","https://ra.habitrust.de","kein Treffer in jobs_master nach Name oder Domain","heinrich beestermoeller"
"Steuerberater Badewitz","steuerkanzlei-badewitz.de","https://steuerkanzlei-badewitz.de","kein Treffer in jobs_master nach Name oder Domain","badewitz"
"Kanzlei Plutte","ra-plutte.de","https://ra-plutte.de","kein Treffer in jobs_master nach Name oder Domain","plutte"
"Dr. Martens und Collegen Rechtsanwälte. Fachanwälte. Notar","martens-collegen.de","https://martens-collegen.de","kein Treffer in jobs_master nach Name oder Domain","dr martens und collegen fachanwaelte"
"Merz, Schäftlmeier und Partner Rechtsanwälte","kanzlei-merz.de","https://kanzlei-merz.de","kein Treffer in jobs_master nach Name oder Domain","merz schaeftlmeier und"
"Rechtsanwältin Maximiliane Loebel","loebel.net","https://loebel.net","kein Treffer in jobs_master nach Name oder Domain","rechtsanwaeltin maximiliane loebel"
"Rechtsanwälte Dr. Ahrens und Ahrens","raa-schleswig.com","https://www.ionos.de/websites/homepage-erstellen","kein Treffer in jobs_master nach Name oder Domain","dr ahrens und ahrens"
"Andreas H. Kittel Rechtsanwalt","kanzlei-kittel.de","https://kanzlei-kittel.de","kein Treffer in jobs_master nach Name oder Domain","andreas h kittel"
"Rechtsanwalt Ender Karakas","kanzlei-karakas.de","https://kanzlei-karakas.de","kein Treffer in jobs_master nach Name oder Domain","ender karakas"
"Kanzlei Sievert & Dr. Sievert","kanzlei-sievert.de","https://kanzlei-sievert.de","kein Treffer in jobs_master nach Name oder Domain","sievert und dr sievert"
"Rechtsanwälte Waizenhöfer und Kollegen GbR","ra-waizenhoefer.de","https://ra-waizenhoefer.de","kein Treffer in jobs_master nach Name oder Domain","waizenhoefer und kollegen gbr"
"Rechtsanwältin Millich","rae-millich-schmidt.de","https://rae-millich-schmidt.de","kein Treffer in jobs_master nach Name oder Domain","rechtsanwaeltin millich"
"Rechtsanwälte Hollmayr - Perl - Dr. Wenzl & Koll","kanzlei-hollmayr.de","https://kanzlei-hollmayr.de","kein Treffer in jobs_master nach Name oder Domain","hollmayr perl dr wenzl und koll"
"Kanzlei Schwab","kanzlei-schwab-es.de","https://kanzlei-schwab-es.de","kein Treffer in jobs_master nach Name oder Domain","schwab"
"Kanzlei Welslau","kanzlei-welslau.de","https://kanzlei-welslau.de","kein Treffer in jobs_master nach Name oder Domain","welslau"
"Anwaltskanzlei Thoma, Dr. Helm & Kollegen","kanzlei-thoma.de","https://kanzlei-thoma.de","kein Treffer in jobs_master nach Name oder Domain","anwaltskanzlei thoma dr helm und kollegen"
"Rechtsanwälte Dr. Köllner, Henze und Kollegen GbR","ra-dr-koellner-ua.de","https://ra-dr-koellner-ua.de","kein Treffer in jobs_master nach Name oder Domain","dr koellner henze und kollegen gbr"
"RAin Dr. jur. Ute Renschler-Delcker","delcker.de","https://delcker.de","kein Treffer in jobs_master nach Name oder Domain","rain dr jur ute renschler delcker"
"Birgitt Lohmanns Rechtsanwältin und Mediatorin","kanzlei-lohmanns.de","https://kanzlei-lohmanns.de","kein Treffer in jobs_master nach Name oder Domain","birgitt lohmanns rechtsanwaeltin und mediatorin"
"Risto Hansen Rechtsanwälte Partnerschaft mbB","kanzlei-risto.de","https://kanzlei-risto.de","kein Treffer in jobs_master nach Name oder Domain","risto hansen"
"Rechtsanwalt Schorn, LL.M., Fachanwalt für Steuerrecht","kanzlei-schorn.de","https://kanzlei-schorn.de","kein Treffer in jobs_master nach Name oder Domain","schorn ll m fachanwalt fuer steuerrecht"
"DR. LUNGSTRAS & LUNGSTRAS – RECHTSANWÄLTE","kanzlei-lungstras.de","https://kanzlei-lungstras.de","kein Treffer in jobs_master nach Name oder Domain","dr lungstras und lungstras"
"RAe Grohmann & Kollegen","grohmann-kollegen.de","https://grohmann-kollegen.de","kein Treffer in jobs_master nach Name oder Domain","rae grohmann und kollegen"
"Kanzlei Lauer & Kollegen","lauer-und-kollegen.de","https://lauer-und-kollegen.de","kein Treffer in jobs_master nach Name oder Domain","lauer und kollegen"
"ra-poppa","ra-poppa.de","https://ra-poppa.de","kein Treffer in jobs_master nach Name oder Domain","ra poppa"
"GUGGENBERGER & PHILIPP Rechtsanwälte","guggenberger-philipp.de","https://guggenberger-philipp.de","kein Treffer in jobs_master nach Name oder Domain","guggenberger und philipp"
"SAATHOFF HABE BÜHRE Rechtsanwälte · Fachanwälte","ra-shb.de","https://ra-shb.de","kein Treffer in jobs_master nach Name oder Domain","saathoff habe buehre fachanwaelte"
"Grugel + Kiefer Rechtsanwälte","grugel-kiefer.de","https://grugel-kiefer.de","kein Treffer in jobs_master nach Name oder Domain","grugel kiefer"
"Rechtsanwalt Udo Kuhlmann","fachanwalt-baurecht.org","https://fachanwalt-baurecht.org","kein Treffer in jobs_master nach Name oder Domain","udo kuhlmann"
"Reppel Seekamp Bausen - Rechtsanwälte Fachanwälte Partnerschaft mbB","kanzlei-siegerland.de","https://kanzlei-siegerland.de","kein Treffer in jobs_master nach Name oder Domain","reppel seekamp bausen fachanwaelte"
"Dr. Nickel Rechtsanwaltsgesellschaft mbH","kanzlei-dr-nickel.de","https://kanzlei-dr-nickel.de","kein Treffer in jobs_master nach Name oder Domain","dr nickel rechtsanwaltsgesellschaft mbh"
"Rechtsanwältin Susanne Teichmann","kanzlei-teichmann.de","https://kanzlei-teichmann.de","kein Treffer in jobs_master nach Name oder Domain","rechtsanwaeltin susanne teichmann"
"Kanzlei Dr. Klaus Froebel & Partner mbB Rechtsanwälte","dr-froebel.de","https://dr-froebel.de/karriere/","kein Treffer in jobs_master nach Name oder Domain","dr klaus froebel und"
"Dhonau Dickes Welker Rechtsanwälte ∙ Fachanwälte ∙ PartG mbB","dhonau-dickes.com","https://dhonau-dickes.com","kein Treffer in jobs_master nach Name oder Domain","dhonau dickes welker fachanwaelte"
"Schweitzer & Schweitzer GbR","rae-schweitzer.de","https://rae-schweitzer.de","kein Treffer in jobs_master nach Name oder Domain","schweitzer und schweitzer gbr"
"Rechtsanwälte Gockel & Kollegen","gockelundkollegen.de","https://gockelundkollegen.de","kein Treffer in jobs_master nach Name oder Domain","gockel und kollegen"
"Kanzlei Obermeyer","kanzlei-obermeyer.de","https://www.kanzlei-obermeyer.de/karriere-3","kein Treffer in jobs_master nach Name oder Domain","obermeyer"
"Kanzlei Franziska Unkelbach","kanzlei-unkelbach.de","https://kanzlei-unkelbach.de","kein Treffer in jobs_master nach Name oder Domain","franziska unkelbach"
"Dr. Hofer & Hofer Steuerberater und Rechtsanwalt","dr-hofer.com","https://dr-hofer.com","kein Treffer in jobs_master nach Name oder Domain","dr hofer und hofer und"
"Rechtsanwalt Drescher","anwalt-drescher.de","https://www.anwalt-drescher.de/über-die-kanzlei/stellenangebote/","kein Treffer in jobs_master nach Name oder Domain","drescher"
"Rechtsanwalt und Notar Carsten Kerkamm","kanzlei-kerkamm.de","https://kanzlei-kerkamm.de","kein Treffer in jobs_master nach Name oder Domain","und carsten kerkamm"
"else.schwarz Rechtsanwälte Partnerschaft","else-schwarz.de","https://else-schwarz.de","kein Treffer in jobs_master nach Name oder Domain","else schwarz"
"Kanzlei Reckschmidt & Heyen Partnerschaftsgesellschaft von Rechtsanwälten","reckschmidt.de","https://reckschmidt.de","kein Treffer in jobs_master nach Name oder Domain","reckschmidt und heyen partnerschaftsgesellschaft von rechtsanwaelten"
"STARKE RECHTSANWÄLTE PartGmbB","starke-rechtsanwaelte.de","https://www.starke-rechtsanwaelte.de/rechtsanwaltskanzlei/jobs/","kein Treffer in jobs_master nach Name oder Domain","starke"
"Rechtsanwalt Klaus Wille Fachanwalt für Familienrecht","anwalt-wille.de","https://anwalt-wille.de","kein Treffer in jobs_master nach Name oder Domain","klaus wille fachanwalt fuer familienrecht"
"Kanzlei Dr. Rothballer","kanzlei-rothballer.de","https://kanzlei-rothballer.de","kein Treffer in jobs_master nach Name oder Domain","dr rothballer"
"Dr. Grober Jentzsch Rechtsanwälte GbR","grober-jentzsch.de","https://grober-jentzsch.de","kein Treffer in jobs_master nach Name oder Domain","dr grober jentzsch gbr"
"Hess & Collegen","hess-collegen.de","https://hess-collegen.de","kein Treffer in jobs_master nach Name oder Domain","hess und collegen"
"RA Karsten H. F. Weste","khfweste.de","https://khfweste.de","kein Treffer in jobs_master nach Name oder Domain","ra karsten h f weste"
"Tina Engemann-Schrage & Jens Wölke Rechtsanwälte","engemann-woelke.de","https://engemann-woelke.de","kein Treffer in jobs_master nach Name oder Domain","tina engemann schrage und jens woelke"
"Dr. Zick Rechtsanwaltsgesellschaft mbH","kanzlei-dr-zick.de","https://kanzlei-dr-zick.de","kein Treffer in jobs_master nach Name oder Domain","dr zick rechtsanwaltsgesellschaft mbh"
"Dr. Gacek Rechtsanwältin","kanzlei-dr-gacek.de","https://kanzlei-dr-gacek.de","kein Treffer in jobs_master nach Name oder Domain","dr gacek rechtsanwaeltin"
"Rechtsanwaltskanzlei Stern & Schiller","stern-schiller.de","https://stern-schiller.de/stellenangebote/","kein Treffer in jobs_master nach Name oder Domain","rechtsanwaltskanzlei stern und schiller"
"Rechtsanwalt Dr. Thomas Schreiter","anwalt-dr-schreiter.de","https://anwalt-dr-schreiter.de","kein Treffer in jobs_master nach Name oder Domain","dr thomas schreiter"
"RRT Rechtsanwälte Rechtsanwaltskanzlei Köln","rrt-koeln.de","https://rrt-koeln.de","kein Treffer in jobs_master nach Name oder Domain","rrt rechtsanwaltskanzlei koeln"
"Rechtsanwalt Frank Stege","stcoll.de","https://stcoll.de","kein Treffer in jobs_master nach Name oder Domain","frank stege"
"Rechtsanwalt Uwe Twent","ra-twent.de","https://ra-twent.de","kein Treffer in jobs_master nach Name oder Domain","uwe twent"
"ADLER & HÄCKER Rechtsanwälte","rechtsanwalt-annaberg.de","https://rechtsanwalt-annaberg.de","kein Treffer in jobs_master nach Name oder Domain","adler und haecker"
"Kanzlei Sonneborn für Strafrecht und Verkehrsrecht","kanzlei-sonneborn.de","https://www.kanzlei-sonneborn.de/home/betaeubungsmittelstrafrecht-btmg/unerlaubtes-herstellen-von-betaeubungsmitteln-btmg/","kein Treffer in jobs_master nach Name oder Domain","sonneborn fuer strafrecht und verkehrsrecht"
"SPORMANN REAL ESTATE GmbH","spormann-realestate.com","https://www.spormann-realestate.com/karriere/","kein Treffer in jobs_master nach Name oder Domain","spormann real estate"
"Rechtsanwältin / Fachanwältin Alexandra Passek","ra-passek.de","https://ra-passek.de","kein Treffer in jobs_master nach Name oder Domain","rechtsanwaeltin fachanwaeltin alexandra passek"
"Anwaltskanzlei Heiko Kratz","anwaltskanzlei-kratz.de","https://anwaltskanzlei-kratz.de","kein Treffer in jobs_master nach Name oder Domain","anwaltskanzlei heiko kratz"
"Rechtsanwälte Buse eGbR Torsten Buse, Franziska Buse","rabuse.de","https://www.rabuse.de/seite/262093/stellenangebote.html","kein Treffer in jobs_master nach Name oder Domain","buse egbr torsten buse franziska buse"
"Rechtsanwältin Susanne Schäfer","schaefer-fr.de","https://schaefer-fr.de","kein Treffer in jobs_master nach Name oder Domain","rechtsanwaeltin susanne schaefer"
"Rechtsanwaltskanzlei Wiener & Dänekas","kanzlei-wiener-daenekas.de","https://kanzlei-wiener-daenekas.de","kein Treffer in jobs_master nach Name oder Domain","rechtsanwaltskanzlei wiener und daenekas"
"ramuc Partnership mbB","ramuc.de","https://ramuc.de","kein Treffer in jobs_master nach Name oder Domain","ramuc partnership"
"Rechtsanwältin Dr. Cornelia Walther","ra-dr-walther.de","https://ra-dr-walther.de","kein Treffer in jobs_master nach Name oder Domain","rechtsanwaeltin dr cornelia walther"
"R+M Nölscher Umweltservice GmbH","bodenseekanzlei.com","https://bodenseekanzlei.com","kein Treffer in jobs_master nach Name oder Domain","r m noelscher umweltservice"
"Dr. Breulmann · Rechtsanwälte · Fachanwälte · Notar · an der Stadtkirche - Startseite","middendorf-drbreulmann.de","https://middendorf-drbreulmann.de","kein Treffer in jobs_master nach Name oder Domain","dr breulmann fachanwaelte an der stadtkirche startseite"
"Rechtsanwältin Judith Andreas-Oltersdorf","rechtsanwalt-oltersdorf.de","https://rechtsanwalt-oltersdorf.de","kein Treffer in jobs_master nach Name oder Domain","rechtsanwaeltin judith andreas oltersdorf"
"Anwaltskanzlei Feinen, Köln","rechtsanwalt-feinen.de","https://rechtsanwalt-feinen.de","kein Treffer in jobs_master nach Name oder Domain","anwaltskanzlei feinen koeln"
"Buroh & Steinhauer Rechtsanwälte und Fachanwälte","buroh-steinhauer.de","https://buroh-steinhauer.de","kein Treffer in jobs_master nach Name oder Domain","buroh und steinhauer und fachanwaelte"
"noll-avocats","noll-avocats.com","https://noll-avocats.com","kein Treffer in jobs_master nach Name oder Domain","noll avocats"
"Rechtsanwalt i.R. Reiner Brumme","ra-brumme.de","https://ra-brumme.de","kein Treffer in jobs_master nach Name oder Domain","i r reiner brumme"
"Rechtsanwalt Miroslaw Tolksdorf","ra-tolksdorf.de","https://ra-tolksdorf.de","kein Treffer in jobs_master nach Name oder Domain","miroslaw tolksdorf"
"Dr. Toepper ∙ Martin ∙ Martin Rechtsanwälte und Notare a.D","rae-martin.de","https://rae-martin.de","kein Treffer in jobs_master nach Name oder Domain","dr toepper martin martin und a d"
"HKW Rechtsanwälte GbR","hkw-anwaelte.de","https://hkw-anwaelte.de","kein Treffer in jobs_master nach Name oder Domain","hkw gbr"
"Rechtsanwalt Dr. Peter A. Doetsch","doetsch-wiesbaden.de","https://doetsch-wiesbaden.de","kein Treffer in jobs_master nach Name oder Domain","dr peter a doetsch"
"Rechtsanwälte Klein II & Schütte","ksvp.de","https://ksvp.de","kein Treffer in jobs_master nach Name oder Domain","klein ii und schuette"
"Dr. Andreas Hiemsch Rechtsanwälte","hiemsch.com","https://www.hiemsch.com/kontakt/","kein Treffer in jobs_master nach Name oder Domain","dr andreas hiemsch"
"KDM Juraexperten","juraexperten.de","https://juraexperten.de","kein Treffer in jobs_master nach Name oder Domain","kdm juraexperten"
"Rechtsanwaltskanzlei Andreas Will","ra-andreas-will.de","https://ra-andreas-will.de","kein Treffer in jobs_master nach Name oder Domain","rechtsanwaltskanzlei andreas will"
"Niemeyer-Uhlmann & Lassig Rechtsanwälte in Partnerschaft","kanzlei-nul.de","https://kanzlei-nul.de","kein Treffer in jobs_master nach Name oder Domain","niemeyer uhlmann und lassig in"
"Colbatz & Gall Rechtsanwälte","kanzlei-colbatz.net","https://kanzlei-colbatz.net","kein Treffer in jobs_master nach Name oder Domain","colbatz und gall"
"Rechtsanwälte Dr. Grantz, Hoffmeyer & Partner","gkh-anwalt.de","https://gkh-anwalt.de/stellenangebote.html","kein Treffer in jobs_master nach Name oder Domain","dr grantz hoffmeyer und"
"Rechtsanwälte Dr. Ronald Hofmann, Markus Huesmann und Jörg Sodan","kanzlei-hhs.de","https://kanzlei-hhs.de","kein Treffer in jobs_master nach Name oder Domain","dr ronald hofmann markus huesmann und joerg sodan"
"Asma Hussain-Hämäläinen, LL.M.","rechtsanwaeltinhussain.com","https://rechtsanwaeltinhussain.com","kein Treffer in jobs_master nach Name oder Domain","asma hussain haemaelaeinen ll m"
"Kanzlei / Rechtsanwälte - Köther und Schmitt in Schwerte","rae-koether.com","https://rae-koether.com","kein Treffer in jobs_master nach Name oder Domain","koether und schmitt in schwerte"
"Rechtsanwälte Möhler & Möhler","raemoehler.de","https://raemoehler.de","kein Treffer in jobs_master nach Name oder Domain","moehler und moehler"
"Rechtsanwälte Ulbrich","ra-ulbrich.de","https://ra-ulbrich.de","kein Treffer in jobs_master nach Name oder Domain","ulbrich"
"Notar Dr. Thomas Durchlaub","notar-durchlaub.de","https://notar-durchlaub.de","kein Treffer in jobs_master nach Name oder Domain","dr thomas durchlaub"
"Diwo & Falk Rechtsanwälte, Steuerberater, vereidigte Buchprüfer","diwo-falk.de","https://diwo-falk.de","kein Treffer in jobs_master nach Name oder Domain","diwo und falk vereidigte buchpruefer"
"Rechtsanwälte Lampe & Rödiger","lampe-und-roediger.de","https://lampe-und-roediger.de","kein Treffer in jobs_master nach Name oder Domain","lampe und roediger"
"Anwälte von Bassewitz, GRÜNEBERG, GERLACH & Collegen","anwalt-von-bassewitz.de","https://www.anwalt-von-bassewitz.de/karriere","kein Treffer in jobs_master nach Name oder Domain","anwaelte von bassewitz grueneberg gerlach und collegen"
"Rechtsanwälte Hundertmark // Rohde Christian Hundertmark, David Rohde","kanzlei-hr.de","https://kanzlei-hr.de","kein Treffer in jobs_master nach Name oder Domain","hundertmark rohde christian hundertmark david rohde"
"Kanzlei Dudwiesus RA Jan-M. Dudwiesus","kanzlei-dudwiesus.de","https://kanzlei-dudwiesus.de","kein Treffer in jobs_master nach Name oder Domain","dudwiesus ra jan m dudwiesus"
"Holger Hopperdietzel Rechtsanwalt","advocatur.de","https://advocatur.de","kein Treffer in jobs_master nach Name oder Domain","holger hopperdietzel"
"Dr. Nesemann und Partner, Rechtsanwälte","nesemann-partner.de","https://nesemann-partner.de","kein Treffer in jobs_master nach Name oder Domain","dr nesemann und"
"Lutz Dr. Hepach Reisenhofer Rechtsanwälte PartGmbB","ra-flh.de","https://ra-flh.de","kein Treffer in jobs_master nach Name oder Domain","lutz dr hepach reisenhofer"
"Rechtsanwaltskanzlei Schliecker","kanzlei-schliecker.de","https://kanzlei-schliecker.de","kein Treffer in jobs_master nach Name oder Domain","rechtsanwaltskanzlei schliecker"
"Rechtsanwaltskanzlei Professor Mayer & Kollegen","prof-mayer-kollegen.de","https://prof-mayer-kollegen.de","kein Treffer in jobs_master nach Name oder Domain","rechtsanwaltskanzlei professor mayer und kollegen"
"Rechtsanwälte Leipzig Friedrich | Blasig–Vonderlin | Höfler | Voges in Bürogemeinschaft","rechtsanwaelte-leipzig.net","https://rechtsanwaelte-leipzig.net","kein Treffer in jobs_master nach Name oder Domain","leipzig friedrich blasig vonderlin hoefler voges in buerogemeinschaft"
"Georg GmbH Breitscheid","georg.de","https://www.georg.de/unsere-offenen-stellen-in-breitscheid/","kein Treffer in jobs_master nach Name oder Domain","georg breitscheid"
"Collegius Rohlfing Weisensee Oettler Rückemann-Bock PartmbB","collegius.de","https://collegius.de","kein Treffer in jobs_master nach Name oder Domain","collegius rohlfing weisensee oettler rueckemann bock partmbb"
"Rechtsanwalt Dr. jur. Alexander Rauhaus","dr-rauhaus-rae.de","https://dr-rauhaus-rae.de","kein Treffer in jobs_master nach Name oder Domain","dr jur alexander rauhaus"
"Schneider & Kollegen","schneider-kollegen.de","https://schneider-kollegen.de","kein Treffer in jobs_master nach Name oder Domain","schneider und kollegen"
"Heilmann Kanzlei für Steuer- und Rechtsberatung","kanzlei-heilmann.com","https://kanzlei-heilmann.com","kein Treffer in jobs_master nach Name oder Domain","heilmann fuer steuer und rechtsberatung"
"Prof. Dr. jur. Edgar Weiler","edgarweiler.de","https://www.nomos-shop.de/de/recht/strafrecht/strafrecht-grundlagen-und-uebergreifende-werke","kein Treffer in jobs_master nach Name oder Domain","prof dr jur edgar weiler"
"p&w klose","pwklose.de","https://pwklose.de","kein Treffer in jobs_master nach Name oder Domain","p und w klose"
"Rechtsanwälte & Notare Torsten Brockhoff Rechtsanwalt","bst-kanzlei.de","https://bst-kanzlei.de","kein Treffer in jobs_master nach Name oder Domain","und torsten brockhoff"
"Dr. Grantz, Hoffmeyer & Partner","dr-grantz.de","https://dr-grantz.de/stellenangebote.html","kein Treffer in jobs_master nach Name oder Domain","dr grantz hoffmeyer und"
"Rechtsanwalt Holger Grunau Rechtsanwaltkammer Hamm","kanzleigrunau.de","https://kanzleigrunau.de","kein Treffer in jobs_master nach Name oder Domain","holger grunau rechtsanwaltkammer hamm"
"KUNIK & DR. KABELITZ RECHTSANWÄLTE","ra-kunik.de","https://ra-kunik.de","kein Treffer in jobs_master nach Name oder Domain","kunik und dr kabelitz"
"RAABE FOPPE Rechtsanwälte Fachanwälte NJWin Bürogemeinschaft","anwalt-raabe.de","https://anwalt-raabe.de","kein Treffer in jobs_master nach Name oder Domain","raabe foppe fachanwaelte njwin buerogemeinschaft"
"Dr. Löhr & Kollegen Rechtsanwaltsgesellschaft mbH","loehrundkollegen.de","https://loehrundkollegen.de","kein Treffer in jobs_master nach Name oder Domain","dr loehr und kollegen rechtsanwaltsgesellschaft mbh"
"Morris Weisheit Rechtsanwalt","kanzlei-weisheit.de","https://kanzlei-weisheit.de","kein Treffer in jobs_master nach Name oder Domain","morris weisheit"
"aiblingeranwaelte","aiblingeranwaelte.de","https://aiblingeranwaelte.de","kein Treffer in jobs_master nach Name oder Domain","aiblingeranwaelte"
"Rechtsanwalt und Fachanwalt für Arbeitsrecht und Fachanwalt für Insolvenzrecht","kanzlei-weiler.de","https://kanzlei-weiler.de","kein Treffer in jobs_master nach Name oder Domain","und fachanwalt fuer arbeitsrecht und fachanwalt fuer insolvenzrecht"
"Die Kanzlei Kleiner & Kollegen","kanzlei-khk.com","https://kanzlei-khk.com","kein Treffer in jobs_master nach Name oder Domain","die kleiner und kollegen"
"Holztrattner / Schmid Anwaltskanzlei","holztrattner-schmid.de","https://holztrattner-schmid.de/home/karriere","kein Treffer in jobs_master nach Name oder Domain","holztrattner schmid anwaltskanzlei"
"hannebohm.kollegen. anwaltskompetenz in immobilie.wirtschaft.steuern","anwalts-kompetenz.de","https://anwalts-kompetenz.de","kein Treffer in jobs_master nach Name oder Domain","hannebohm kollegen anwaltskompetenz in immobilie wirtschaft steuern"
"Anwaltskanzlei Gründig","rae-gruendig.de","https://rae-gruendig.de","kein Treffer in jobs_master nach Name oder Domain","anwaltskanzlei gruendig"
"Anwaltskanzlei am Park Sabine Harth-Umsonst Christiane Kleinschmidt","anwaltskanzlei-am-park.de","https://anwaltskanzlei-am-park.de","kein Treffer in jobs_master nach Name oder Domain","anwaltskanzlei am park sabine harth umsonst christiane kleinschmidt"
"Björn Gregor, Rechtsanwalt","kanzlei-gregor.de","https://kanzlei-gregor.de","kein Treffer in jobs_master nach Name oder Domain","bjoern gregor"
"Iñigo Schmitt-Reinholtz Rechtsanwalt","kanzlei4you.de","https://kanzlei4you.de","kein Treffer in jobs_master nach Name oder Domain","i igo schmitt reinholtz"
"Völpel Rechtsanwälte PartG mbB","rae-voelpel.de","https://rae-voelpel.de","kein Treffer in jobs_master nach Name oder Domain","voelpel"
"Matthias Bär Rechtsanwalt Matthias Bä","baer-recht.de","https://baer-recht.de","kein Treffer in jobs_master nach Name oder Domain","matthias baer matthias bae"
"RA Rainer Sebel","kanzlei-sebel.de","https://kanzlei-sebel.de","kein Treffer in jobs_master nach Name oder Domain","ra rainer sebel"
"SESU Segelken & Suchopar Rechtsanwälte PartmbB","sesu.de","https://www.sesu.de/karriere","kein Treffer in jobs_master nach Name oder Domain","sesu segelken und suchopar partmbb"
"Rechtsanwälte Gschwendner & Kollegen","gschwendnerundkollegen.de","https://gschwendnerundkollegen.de","kein Treffer in jobs_master nach Name oder Domain","gschwendner und kollegen"
"FRP Rechtsanwälte Fischer Roloff + Partner Partnerschaftsgesellschaft mbB","fr-p.de","https://fr-p.de/kanzlei#karriere","kein Treffer in jobs_master nach Name oder Domain","frp fischer roloff partnerschaftsgesellschaft"
"Babor & Schwend Rechtsanwaltsgesellschaft mit beschränkter Haftung","kanzlei-gruenwald.de","https://kanzlei-gruenwald.de","kein Treffer in jobs_master nach Name oder Domain","babor und schwend rechtsanwaltsgesellschaft mit beschraenkter haftung"
"mundt unger Rechtsanwälte Partnerschaft mbB","mundtunger.de","https://mundtunger.de","kein Treffer in jobs_master nach Name oder Domain","mundt unger"
"HPK Recht GbR","hpk-recht.de","https://www.hpk-recht.de/stellenangebot-ra","kein Treffer in jobs_master nach Name oder Domain","hpk recht gbr"
"Kanzlei & Coaching Dufeu","dufeu.de","https://dufeu.de","kein Treffer in jobs_master nach Name oder Domain","und coaching dufeu"
"Holtfester | Grafflage Rechtsanwälte Notare","holtfester-grafflage.de","https://www.holtfester-grafflage.de/karriere/","kein Treffer in jobs_master nach Name oder Domain","holtfester grafflage"
"Anwaltsgemeinschaft Sonntag, Schönborn, Golumbeck und Hansmann","sonntag-kanzlei.de","https://sonntag-kanzlei.de","kein Treffer in jobs_master nach Name oder Domain","anwaltsgemeinschaft sonntag schoenborn golumbeck und hansmann"
"Rechtsanwalt Volkhard Wenzel","kanzlei-wenzel.de","https://kanzlei-wenzel.de","kein Treffer in jobs_master nach Name oder Domain","volkhard wenzel"
"Rechtanswälte Dr. Hermanns und Partner","hermanns-rechtsanwaelte.de","https://hermanns-rechtsanwaelte.de","kein Treffer in jobs_master nach Name oder Domain","rechtanswaelte dr hermanns und"
"Baedeker & Reimann – Rechtsanwälte","baedeker-reimann.de","https://baedeker-reimann.de","kein Treffer in jobs_master nach Name oder Domain","baedeker und reimann"
"Gutsche & Dewald | Rechtsanwälte+ Fachanwälte","anwalt-gutsche-dewald.de","https://anwalt-gutsche-dewald.de","kein Treffer in jobs_master nach Name oder Domain","gutsche und dewald fachanwaelte"
"Rechtsanwältinnen und Rechtsanwälte der Pierro & Pierro Anwaltskanzlei PartmbB","pierropierro.de","https://pierropierro.de","kein Treffer in jobs_master nach Name oder Domain","rechtsanwaeltinnen und der pierro und pierro anwaltskanzlei partmbb"
"Anwaltskanzlei Weiß & Partner® Rechtsanwälte, Patentanwalt","ratgeberrecht.eu","https://ratgeberrecht.eu","kein Treffer in jobs_master nach Name oder Domain","anwaltskanzlei weiss und patentanwalt"
"ramuessig","ramuessig.de","https://ramuessig.de","kein Treffer in jobs_master nach Name oder Domain","ramuessig"
"Rechtsanwalt Henning Bartels","henningbartels.de","https://henningbartels.de","kein Treffer in jobs_master nach Name oder Domain","henning bartels"
"rechtkurz","rechtkurz.de","https://rechtkurz.de","kein Treffer in jobs_master nach Name oder Domain","rechtkurz"
"HRworks GmbH","jobapplication.hrworks.de","https://jobapplication.hrworks.de","kein Treffer in jobs_master nach Name oder Domain","hrworks"
"Rechtsanwältin Sabine Köker","koekerstodte.de","https://koekerstodte.de","kein Treffer in jobs_master nach Name oder Domain","rechtsanwaeltin sabine koeker"
"Herbert Dohm - Attorney","dohm-haye.de","https://dohm-haye.de","kein Treffer in jobs_master nach Name oder Domain","herbert dohm attorney"
"Dr. Jobst Rechtsanwaltsgesellschaft mbH","kanzlei-jobst.de","https://kanzlei-jobst.de/jobst-rechtsanwaelte.html","kein Treffer in jobs_master nach Name oder Domain","dr jobst rechtsanwaltsgesellschaft mbh"
"Leutz-Ohlmeyer | Behrends Anwaltskanzlei","kanzlei-lob.de","https://kanzlei-lob.de","kein Treffer in jobs_master nach Name oder Domain","leutz ohlmeyer behrends anwaltskanzlei"
"ra-hansen-badiburg","ra-hansen-badiburg.de","https://ra-hansen-badiburg.de","kein Treffer in jobs_master nach Name oder Domain","ra hansen badiburg"
"nzp","nzp.de","https://www.nzp.de/careers/","kein Treffer in jobs_master nach Name oder Domain","nzp"
"Rechtsanwalt mit SchwerpunktVerkehrsrecht und Arbeitsrecht","rechtsanwalt-karsten-teege.de","https://rechtsanwalt-karsten-teege.de","kein Treffer in jobs_master nach Name oder Domain","mit schwerpunktverkehrsrecht und arbeitsrecht"
"Voss Schnitger Steenken Bünger & Partner","jobs.obic.de","https://jobs.obic.de/cookie-richtlinie-eu/","kein Treffer in jobs_master nach Name oder Domain","voss schnitger steenken buenger und"
"CDU Kreisverband Aachen","cdu-aachen.de","https://cdu-aachen.de","kein Treffer in jobs_master nach Name oder Domain","cdu kreisverband aachen"
"Rechtsanwältin Ingrid Brand-Hückstädt","brand-hueckstaedt.de","https://brand-hueckstaedt.de","kein Treffer in jobs_master nach Name oder Domain","rechtsanwaeltin ingrid brand hueckstaedt"
"Dr. Areti Georgiadou","kanzlei-georgiadou.de","https://kanzlei-georgiadou.de","kein Treffer in jobs_master nach Name oder Domain","dr areti georgiadou"
"Rechtsanwalt Marius Schrömbgens","schroembgens.com","https://schroembgens.com","kein Treffer in jobs_master nach Name oder Domain","marius schroembgens"
"Haldenwang Rechtsanwälte","haldenwangrae.de","https://haldenwangrae.de","kein Treffer in jobs_master nach Name oder Domain","haldenwang"
"kanzlei-stoever","kanzlei-stoever.de","https://kanzlei-stoever.de","kein Treffer in jobs_master nach Name oder Domain","stoever"
"Dr. Kunzmann & Derkorn Fachanwälte für Arbeitsrecht & Sozialrecht","drkup.de","https://www.sozialplan-einigungsstelle.de/index.html","kein Treffer in jobs_master nach Name oder Domain","dr kunzmann und derkorn fachanwaelte fuer arbeitsrecht und sozialrecht"
"inso-rosenauer","inso-rosenauer.de","https://inso-rosenauer.de","kein Treffer in jobs_master nach Name oder Domain","inso rosenauer"
"Lerch & Coll. Rechtsanwälte","rae-lerch.de","https://rae-lerch.de","kein Treffer in jobs_master nach Name oder Domain","lerch und coll"
"Kanzlei Donicht Rechtsanwalt/Fachanwalt","kanzlei-donicht.de","https://kanzlei-donicht.de","kein Treffer in jobs_master nach Name oder Domain","donicht fachanwalt"
"nguontaichinh","nguontaichinh.com","https://nguontaichinh.com","kein Treffer in jobs_master nach Name oder Domain","nguontaichinh"
"KR Kanzlei Rademacher GbR","kanzlei-rademacher.net","https://kanzlei-rademacher.net","kein Treffer in jobs_master nach Name oder Domain","kr rademacher gbr"
"Mariacher Rechtsanwälte GbR","mariacher.de","https://mariacher.de","kein Treffer in jobs_master nach Name oder Domain","mariacher gbr"
"ra-schuell","ra-schuell.de","https://ra-schuell.de","kein Treffer in jobs_master nach Name oder Domain","ra schuell"
"Kanzlei Schwede, Gewert & Kollegen","ksg-recht.de","https://www.ksg-recht.de/stellenangebote-und-ausbildung","kein Treffer in jobs_master nach Name oder Domain","schwede gewert und kollegen"
"KANZLEI RENNER BERLIN & BUNDESWEIT","kanzlei-renner.de","https://kanzlei-renner.de","kein Treffer in jobs_master nach Name oder Domain","renner berlin und bundesweit"
"Döttelbeck Dr. Wemhöner & Partner","doettelbeck.de","https://doettelbeck.de","kein Treffer in jobs_master nach Name oder Domain","doettelbeck dr wemhoener und"
"Rechtsanwalt Robert Seethaler","rechtsanwalt-seethaler.de","https://rechtsanwalt-seethaler.de","kein Treffer in jobs_master nach Name oder Domain","robert seethaler"
"Alexander Kessler","kanzlei-kessler.de","https://kanzlei-kessler.de","kein Treffer in jobs_master nach Name oder Domain","alexander kessler"
"Meyersrenken & Rheingantz Rechtsanwälte","meyersrenken-rheingantz.de","https://meyersrenken-rheingantz.de","kein Treffer in jobs_master nach Name oder Domain","meyersrenken und rheingantz"
"Kanzlei Kuhagen","kanzleikuhagen.de","https://kanzleikuhagen.de","kein Treffer in jobs_master nach Name oder Domain","kuhagen"
"holzer-goldmann","holzer-goldmann.de","https://holzer-goldmann.de","kein Treffer in jobs_master nach Name oder Domain","holzer goldmann"
"KANZLEI STAROSTIK BERLIN und AUE","starostik.de","https://starostik.de","kein Treffer in jobs_master nach Name oder Domain","starostik berlin und aue"
"FROEHLICH Rechtsanwälte Insolvenzverwalter Steuerberater","froehlich-rae.de","https://froehlich-rae.de","kein Treffer in jobs_master nach Name oder Domain","froehlich insolvenzverwalter"
"Kanzlei Prof. Maser, Grassinger & Partner","baurechtstuttgart.de","https://baurechtstuttgart.de","kein Treffer in jobs_master nach Name oder Domain","prof maser grassinger und"
"Rechtsanwaltskanzlei Andrea Hoffmann","ra-hoffmann.org","https://ra-hoffmann.org","kein Treffer in jobs_master nach Name oder Domain","rechtsanwaltskanzlei andrea hoffmann"
"KANZLEI GLEICHENSTEIN & BREITLING | RECHTSANWÄLTE","gleichenstein-breitling.de","https://gleichenstein-breitling.de","kein Treffer in jobs_master nach Name oder Domain","gleichenstein und breitling"
"Dr. Jur. Klaus T. Renaud","rechtsanwalt-dr-renaud.de","https://rechtsanwalt-dr-renaud.de","kein Treffer in jobs_master nach Name oder Domain","dr jur klaus t renaud"
"Volker Mayer-Lay","mayer-lay-bundestag.de","https://mayer-lay-bundestag.de","kein Treffer in jobs_master nach Name oder Domain","volker mayer lay"
"Rechtsanwälte Wimmers","multi-media-recht.de","https://multi-media-recht.de","kein Treffer in jobs_master nach Name oder Domain","wimmers"
"Kanzlei Antonius","kanzlei-antonius.de","https://kanzlei-antonius.de","kein Treffer in jobs_master nach Name oder Domain","antonius"
"KANZLEI AM PRINZIPALMARKT","kanzlei-am-prinzipalmarkt.de","https://kanzlei-am-prinzipalmarkt.de","kein Treffer in jobs_master nach Name oder Domain","am prinzipalmarkt"
"drwachsmuth","drwachsmuth.com","https://drwachsmuth.com","kein Treffer in jobs_master nach Name oder Domain","drwachsmuth"
"Götz-Werner v. Fromberg Rechtsanwalt · Notar a. D.","fromberg.de","https://fromberg.de","kein Treffer in jobs_master nach Name oder Domain","goetz werner v fromberg a d"
"Markus Helmchen","helmchen-rechtsanwaelte.de","https://helmchen-rechtsanwaelte.de","kein Treffer in jobs_master nach Name oder Domain","markus helmchen"
"Buchert Jacob Peter Rechtsanwälte Partnerschaftsgesellschaft mbB","dr-buchert.de","https://www.ombudsperson-frankfurt.de/sich-informieren/beratung-von-hinweisgeberstellen/","kein Treffer in jobs_master nach Name oder Domain","buchert jacob peter partnerschaftsgesellschaft"
"Rechtsanwalt Henrik Harlfinger","ra-harlfinger.de","https://ra-harlfinger.de","kein Treffer in jobs_master nach Name oder Domain","henrik harlfinger"
"Kanzlei in der Südstadt Rechtsanwälte Weidmann & Niederhöfer","kanzlei-sued.de","https://kanzlei-sued.de","kein Treffer in jobs_master nach Name oder Domain","in der suedstadt weidmann und niederhoefer"
"REISS GbR","kanzlei-reiss.de","https://www.kanzlei-reiss.de/kanzlei-fuer-italienisches-recht-ihr-ansprechpartner/karriere/","kein Treffer in jobs_master nach Name oder Domain","reiss gbr"
"BURKARD RECHTSANWÄLTE","rechtsanwalt-burkard.de","https://rechtsanwalt-burkard.de","kein Treffer in jobs_master nach Name oder Domain","burkard"
"Diana Scharf Rechtsanwältin, Mediatorin","diana-scharf.de","https://diana-scharf.de","kein Treffer in jobs_master nach Name oder Domain","diana scharf rechtsanwaeltin mediatorin"
"Rechtsanwältin Anne Glinka","glinka-rechtsanwaeltin.de","https://glinka-rechtsanwaeltin.de","kein Treffer in jobs_master nach Name oder Domain","rechtsanwaeltin anne glinka"
"Kanzlei Gülşen Kurt","kanzleikurt.de","https://kanzleikurt.de","kein Treffer in jobs_master nach Name oder Domain","guel en kurt"
"BUBB+BUBB Rechtsanwälte PartmbB","kanzlei-bubb.de","https://kanzlei-bubb.de","kein Treffer in jobs_master nach Name oder Domain","bubb bubb partmbb"
"Jakob & Klein Law Firm","jakob-klein.de","https://jakob-klein.de","kein Treffer in jobs_master nach Name oder Domain","jakob und klein firm"
"Rechtsanwalt Holger Schmitz","schmitz-ra.de","https://schmitz-ra.de","kein Treffer in jobs_master nach Name oder Domain","holger schmitz"
"ADJULEX Rechtsanwälte & Fachanwälte, HEZEL Rechtsanwälte Partnerschaft mbB","adjulex-unfall.de","https://adjulex-unfall.de","kein Treffer in jobs_master nach Name oder Domain","adjulex und fachanwaelte hezel"
"rk-koeln","rk-koeln.de","https://rk-koeln.de","kein Treffer in jobs_master nach Name oder Domain","rk koeln"
"CONLATA Geißelmaier & Partner mbB","conlata.de","https://www.conlata.de/karriere","kein Treffer in jobs_master nach Name oder Domain","conlata geisselmaier und"
"Geitz . Rienecker Rechtsanwälte","geitz-rienecker.de","https://geitz-rienecker.de","kein Treffer in jobs_master nach Name oder Domain","geitz rienecker"
"Hörz Rilling Rechtsanwälte","hoerz-rilling.de","https://hoerz-rilling.de","kein Treffer in jobs_master nach Name oder Domain","hoerz rilling"
"kanzlei-boostedt","kanzlei-boostedt.de","https://kanzlei-boostedt.de","kein Treffer in jobs_master nach Name oder Domain","boostedt"
"Rechtsanwälte Dr. Dammert & Steinforth Partnerschaft mbB","dammert-steinforth.de","https://dammert-steinforth.de","kein Treffer in jobs_master nach Name oder Domain","dr dammert und steinforth"
"stege | köster | pietzka rechtsanwälte & rentenberaterin (angestellt)","anwaltskanzlei-freie-hansestadt-bremen.de","https://anwaltskanzlei-freie-hansestadt-bremen.de","kein Treffer in jobs_master nach Name oder Domain","stege koester pietzka und rentenberaterin angestellt"
"Rechtsanwälte Decruppe & Kollegen Kanzlei für Arbeitsrecht","ra-decruppe.de","https://www.ra-decruppe.de/einigungsstellen","kein Treffer in jobs_master nach Name oder Domain","decruppe und kollegen fuer arbeitsrecht"
"Kanzlei Altun","altun.de","https://altun.de","kein Treffer in jobs_master nach Name oder Domain","altun"
"PilzRechtsanwälte Mark und Olaf Pilz","pilz-rechtsanwaelte.de","https://pilz-rechtsanwaelte.de","kein Treffer in jobs_master nach Name oder Domain","pilzrechtsanwaelte mark und olaf pilz"
"Martin C. Betsche Rechtsanwalt / Steuerberater","betsche.de","https://betsche.de","kein Treffer in jobs_master nach Name oder Domain","martin c betsche"
"Rechtsanwältin Annette K. Potthoff","kanzlei-potthoff.de","https://kanzlei-potthoff.de","kein Treffer in jobs_master nach Name oder Domain","rechtsanwaeltin annette k potthoff"
"Rechtsanwaltskanzlei Jutta-Brigitte Burmeister","anwaelte-burmeister.de","https://anwaelte-burmeister.de","kein Treffer in jobs_master nach Name oder Domain","rechtsanwaltskanzlei jutta brigitte burmeister"
"Weymann & Partner Kanzlei Twistringen","rechtsanwalt-weymann.de","https://www.rechtsanwalt-weymann.de/jobs","kein Treffer in jobs_master nach Name oder Domain","weymann und twistringen"
"ASK GmbH Steuerberatungsgesellschaft","ask-stbg.de","https://ask-stbg.de","kein Treffer in jobs_master nach Name oder Domain","ask steuerberatungsgesellschaft"
"Dirk Oelbermann Schnorrenberg • Oelbermann Anwaltskanzlei","schnorrenberg-oelbermann.de","https://schnorrenberg-oelbermann.de","kein Treffer in jobs_master nach Name oder Domain","dirk oelbermann schnorrenberg oelbermann anwaltskanzlei"
"Rechtsanwältin Silke Wollburg","anwaltskanzlei-wollburg.de","https://anwaltskanzlei-wollburg.de","kein Treffer in jobs_master nach Name oder Domain","rechtsanwaeltin silke wollburg"
"KANZLEI DOSS","kanzlei-doss.de","https://kanzlei-doss.de","kein Treffer in jobs_master nach Name oder Domain","doss"
"KOPP PARTNER RECHTSANWÄLTE | FACHANWÄLTE UND NOTARE","rae-kopp.de","https://www.rae-kopp.de/karriere","kein Treffer in jobs_master nach Name oder Domain","kopp fachanwaelte und"
"Scheubert & Kollegen","speyer-anwaelte.de","https://speyer-anwaelte.de","kein Treffer in jobs_master nach Name oder Domain","scheubert und kollegen"
"Rechtsanwaltskanzlei Cornelia Schorn-Heidkamp","kanzlei-schorn-heidkamp.de","https://kanzlei-schorn-heidkamp.de","kein Treffer in jobs_master nach Name oder Domain","rechtsanwaltskanzlei cornelia schorn heidkamp"
"qlk Partnerschaft mbB","kanzlei-qlk.de","https://kanzlei-qlk.de","kein Treffer in jobs_master nach Name oder Domain","qlk"
"Bischof & Paetow, Rechtsanwälte in Partnerschaft","bpr-partner.de","https://bpr-partner.de","kein Treffer in jobs_master nach Name oder Domain","bischof und paetow in"
"Rechtsanwaltskanzlei Saeftel & Kollegen aus Mannheim","ma-law.de","https://ma-law.de","kein Treffer in jobs_master nach Name oder Domain","rechtsanwaltskanzlei saeftel und kollegen aus mannheim"
"RACK Rechtsanwälte","xn--rack-rechtsanwlte-3qb.de","https://xn--rack-rechtsanwlte-3qb.de","kein Treffer in jobs_master nach Name oder Domain","rack"
"Münzer & Collegen Rechtsanwaltsgesellschaft mbH","ra-mueco.de","https://ra-mueco.de","kein Treffer in jobs_master nach Name oder Domain","muenzer und collegen rechtsanwaltsgesellschaft mbh"
"Blum & Dörfler-Collin Rechtsanwälte Partnerschaft mbB","kanzlei-bbdc.de","https://kanzlei-bbdc.de","kein Treffer in jobs_master nach Name oder Domain","blum und doerfler collin"
"Rütz & Succi","bensheim-kanzlei.de","https://bensheim-kanzlei.de","kein Treffer in jobs_master nach Name oder Domain","ruetz und succi"
"Rechtsanwaltskanzlei Rainer Gruler und Walter Möhrle","rechtsanwaelte-gruler-moehrle.de","https://rechtsanwaelte-gruler-moehrle.de","kein Treffer in jobs_master nach Name oder Domain","rechtsanwaltskanzlei rainer gruler und walter moehrle"
"Alfred L. Rümler Rechtsanwalt","rechtsanwalt-ruemler.de","https://rechtsanwalt-ruemler.de","kein Treffer in jobs_master nach Name oder Domain","alfred l ruemler"
"Rausch + Partner Steuerberater + Rechtsanwalt","rauschundpartner.de","https://rauschundpartner.de","kein Treffer in jobs_master nach Name oder Domain","rausch"
"INES SCHWARZ Rechtsanwältin Fachanwältin für Familienrecht","inesschwarz.de","https://inesschwarz.de","kein Treffer in jobs_master nach Name oder Domain","ines schwarz rechtsanwaeltin fachanwaeltin fuer familienrecht"
"mauritz-anwaltskanzlei","mauritz-anwaltskanzlei.de","https://mauritz-anwaltskanzlei.de/Formulare/beratungsstellen.pdf","kein Treffer in jobs_master nach Name oder Domain","mauritz anwaltskanzlei"
"Rechtsanwaltssozietät Fochler & Collegen","fochler-collegen.de","https://fochler-collegen.de","kein Treffer in jobs_master nach Name oder Domain","rechtsanwaltssozietaet fochler und collegen"
"Steiniger Rechtsanwaltsgesellschaft mbH","baurecht-anwalt-verkehrsrecht.de","http://zeichnen.unfallskizze.de/","kein Treffer in jobs_master nach Name oder Domain","steiniger rechtsanwaltsgesellschaft mbh"
"Rechtsanwältin Ilka Prokopp","ra-prokopp.de","https://ra-prokopp.de","kein Treffer in jobs_master nach Name oder Domain","rechtsanwaeltin ilka prokopp"
"Rechtsanwältin Anja Studt","kanzlei-studt.de","https://kanzlei-studt.de","kein Treffer in jobs_master nach Name oder Domain","rechtsanwaeltin anja studt"
"Ra Dr. Christoph Friedrichs Kanzlei für Wirtschaftsrecht","friedrichs-rechtsanwaelte.de","https://friedrichs-rechtsanwaelte.de","kein Treffer in jobs_master nach Name oder Domain","ra dr christoph friedrichs fuer wirtschaftsrecht"
"Hans-Jörg Briest Rechtsanwalt","ra-briest.de","https://ra-briest.de","kein Treffer in jobs_master nach Name oder Domain","hans joerg briest"
"JURE Rechtsanwälte PartGmbB","jure.de","https://jure.de","kein Treffer in jobs_master nach Name oder Domain","jure"
"Herzog & Linz Rechtsanwälte","herzog-linz.de","https://herzog-linz.de","kein Treffer in jobs_master nach Name oder Domain","herzog und linz"
"Rechtsanwältin und Mediatorin Andrea C. Pischke","kanzlei-pischke.de","https://kanzlei-pischke.de","kein Treffer in jobs_master nach Name oder Domain","rechtsanwaeltin und mediatorin andrea c pischke"
"Rechtsanwältin Judith Weidemann","scheidung-potsdam.de","https://scheidung-potsdam.de","kein Treffer in jobs_master nach Name oder Domain","rechtsanwaeltin judith weidemann"
"Lawyers Ströbele & Saile","rechtsanwalt-stroebele.de","https://rechtsanwalt-stroebele.de","kein Treffer in jobs_master nach Name oder Domain","lawyers stroebele und saile"
"Christof Böhmer Rechtsanwalt","anwalt-boehmer.de","https://anwalt-boehmer.de","kein Treffer in jobs_master nach Name oder Domain","christof boehmer"
"Wolfram Batzner Rechtsanwalt Fachanwalt für Erbrecht","anwalt-batzner.de","https://anwalt-batzner.de","kein Treffer in jobs_master nach Name oder Domain","wolfram batzner fachanwalt fuer erbrecht"
"Baumgärtner Pasemann Ruppert Rechtsanwälte","juranavigator.de","https://juranavigator.de","kein Treffer in jobs_master nach Name oder Domain","baumgaertner pasemann ruppert"
"ra-fmk","ra-fmk.de","https://ra-fmk.de/#xl_xr_page_umzug","kein Treffer in jobs_master nach Name oder Domain","ra fmk"
"Carlos Claussen & Partner mbB","carlos-claussen.de","https://carlos-claussen.de","kein Treffer in jobs_master nach Name oder Domain","carlos claussen und"
"KRUNO ZORKO Rechtsanwalt | Fachanwalt für Familienrecht","rechtsanwalt-zorko.de","https://rechtsanwalt-zorko.de","kein Treffer in jobs_master nach Name oder Domain","kruno zorko fachanwalt fuer familienrecht"
"conrad & partner Steuern | Wirtschaft | Recht","conrad-offenburg.de","https://conrad-offenburg.de","kein Treffer in jobs_master nach Name oder Domain","conrad und steuern wirtschaft recht"
"ra-peter-eichhorn","ra-peter-eichhorn.de","https://ra-peter-eichhorn.de","kein Treffer in jobs_master nach Name oder Domain","ra peter eichhorn"
"Martin Beukenberg Rechtsanwalt","beukenberg.de","https://beukenberg.de","kein Treffer in jobs_master nach Name oder Domain","martin beukenberg"
"Rechtsanwalt Uwe Springborn","ra-springborn.de","https://ra-springborn.de","kein Treffer in jobs_master nach Name oder Domain","uwe springborn"
"Kanzlei Schindele Gerstner & Collegen","raseg.de","https://raseg.de","kein Treffer in jobs_master nach Name oder Domain","schindele gerstner und collegen"
"Rechtsanwalt Christoph Huylmans","ra-hpw.de","https://ra-hpw.de","kein Treffer in jobs_master nach Name oder Domain","christoph huylmans"
"Rechtsanwälte de Greiff & Partner","de-greiff.de","https://de-greiff.de","kein Treffer in jobs_master nach Name oder Domain","de greiff und"
"fluck-vonroemer","fluck-vonroemer.de","https://fluck-vonroemer.de","kein Treffer in jobs_master nach Name oder Domain","fluck vonroemer"
"Busch Essers Rechtsanwälte Partnerschaft","busch.pro","https://busch.pro","kein Treffer in jobs_master nach Name oder Domain","busch essers"
"Rechtsanwalt Dietmar Heister Schottweg 1 (""Graumannshof"")","anwaltheister.de","https://anwaltheister.de","kein Treffer in jobs_master nach Name oder Domain","dietmar heister schottweg 1 graumannshof"
"Pickel & Partner mbB Wirtschaftsprüfer – Steuerberater – Rechtsanwälte","pickelundpartner.de","https://www.karriere-pickelundpartner.de/","kein Treffer in jobs_master nach Name oder Domain","pickel und"
"beckmannundnorda","beckmannundnorda.de","https://beckmannundnorda.de","kein Treffer in jobs_master nach Name oder Domain","beckmannundnorda"
"Buschmann & Görgülü GbR Rechtsanwalt Markus Buschmann & Rechtsanwalt Erkan Görgülü","new.bsb-kanzlei.de","https://new.bsb-kanzlei.de","kein Treffer in jobs_master nach Name oder Domain","buschmann und goerguelue gbr markus buschmann und erkan goerguelue"
"Jörg Krug Rechtsanwalt Jörg Krug","kanzlei-krug.de","https://kanzlei-krug.de","kein Treffer in jobs_master nach Name oder Domain","joerg krug joerg krug"
"rechtsanwaltlaumann","rechtsanwaltlaumann.de","https://rechtsanwaltlaumann.de","kein Treffer in jobs_master nach Name oder Domain","rechtsanwaltlaumann"
"Christoph Weber Fachanwalt für Strafrecht Rechtsanwalt & Strafverteidiger","ra-c-weber.de","https://ra-c-weber.de","kein Treffer in jobs_master nach Name oder Domain","christoph weber fachanwalt fuer strafrecht und strafverteidiger"
"v. Berg - Rechtsanwälte","b-b-z.de","https://b-b-z.de","kein Treffer in jobs_master nach Name oder Domain","v berg"
"DWP Rechtsanwaltsgesellschaft mbH","dwp-rag.net","https://dwp-rag.de/rechtliche-schwerpunkte/#tankstellenrecht","kein Treffer in jobs_master nach Name oder Domain","dwp rechtsanwaltsgesellschaft mbh"
"Stefanie Conrad Rechtsanwältin","kanzleiconrad.de","https://kanzleiconrad.de","kein Treffer in jobs_master nach Name oder Domain","stefanie conrad rechtsanwaeltin"
"hullerum","hullerum.de","https://hullerum.de","kein Treffer in jobs_master nach Name oder Domain","hullerum"
"Rechtsanwältin Christine Kofler KANZLEI KOFLER","kanzlei-kofler.de","https://kanzlei-kofler.de","kein Treffer in jobs_master nach Name oder Domain","rechtsanwaeltin christine kofler kofler"
"Jochen Hörner Rechtsanwalt","ra-hoerner.de","https://ra-hoerner.de","kein Treffer in jobs_master nach Name oder Domain","jochen hoerner"
"Kanzlei Dr. Ehlers","kanzlei-drehlers.de","https://kanzlei-drehlers.de","kein Treffer in jobs_master nach Name oder Domain","dr ehlers"
"Costard Tögel & Partner","costard-toegel.de","https://costard-toegel.de","kein Treffer in jobs_master nach Name oder Domain","costard toegel und"
"Rechtsanwälte Badde & Partner PartGmbB","kanzlei-bottrop.de","https://kanzlei-bottrop.de","kein Treffer in jobs_master nach Name oder Domain","badde und"
"Rechtsanwalt und Fachanwalt für Strafrecht Johannes B. Kagerer","rechtsanwalt-kagerer.de","https://rechtsanwalt-kagerer.de","kein Treffer in jobs_master nach Name oder Domain","und fachanwalt fuer strafrecht johannes b kagerer"
"anwalt-arbeitsrecht24","anwalt-arbeitsrecht24.de","https://anwalt-arbeitsrecht24.de","kein Treffer in jobs_master nach Name oder Domain","anwalt arbeitsrecht24"
"Bernhard Schulte","ra-schulte.net","https://ra-schulte.net","kein Treffer in jobs_master nach Name oder Domain","bernhard schulte"
"Centro Legal de la Raza","legal.de","https://legal.de","kein Treffer in jobs_master nach Name oder Domain","centro de la raza"
"Legalbird","legalbird.de","https://legalbird.de","kein Treffer in jobs_master nach Name oder Domain","legalbird"
"SLB Münster","slb-ms.de","https://www.slb-ms.de/karriere","kein Treffer in jobs_master nach Name oder Domain","slb muenster"
"ARFMANN Rechtsanwälte","arfmann-recht.de","https://arfmann-recht.de","kein Treffer in jobs_master nach Name oder Domain","arfmann"
"HB-Ecommerce","hb-ecommerce.eu","https://www.haendlerbund.de/de/ratgeber/marketing/tiktok-shop-verkaufen","kein Treffer in jobs_master nach Name oder Domain","hb ecommerce"
"Wirtschaftskanzlei Beratungsgruppe","wirtschaftskanzlei-beratungsgruppe.de","https://wirtschaftskanzlei-beratungsgruppe.de","kein Treffer in jobs_master nach Name oder Domain","wirtschaftskanzlei beratungsgruppe"
"Katja Flemming RA","ra-katjaflemming.de","https://ra-katjaflemming.de","kein Treffer in jobs_master nach Name oder Domain","katja flemming ra"
"Steuerberater-Weissenhorn.de","steuerberater-weissenhorn.de","https://steuerberater-weissenhorn.de/karriere","kein Treffer in jobs_master nach Name oder Domain","weissenhorn de"
"Rochade Anwälte","rochade.net","https://rochade.net","kein Treffer in jobs_master nach Name oder Domain","rochade anwaelte"
"Swiss Krono USA","swisskrono.com","https://wd3.myworkdaysite.com/en-US/recruiting/swisskrono/SWISS_KRONO","kein Treffer in jobs_master nach Name oder Domain","swiss krono usa"
"Wimmers Rechtsanwälte","wimmers.de","https://wimmers.de","kein Treffer in jobs_master nach Name oder Domain","wimmers"
"Dr. Herrmann und Schäfer","hermann-schaefer.de","https://hermann-schaefer.de","kein Treffer in jobs_master nach Name oder Domain","dr herrmann und schaefer"
"ERLBURG Rechtsanwaltsgesellschaft mbH","erlburg.law","https://erlburg.law","kein Treffer in jobs_master nach Name oder Domain","erlburg rechtsanwaltsgesellschaft mbh"
"Falsch & Partner Rechtsanwälte","falsch-partner.de","https://falsch-partner.de","kein Treffer in jobs_master nach Name oder Domain","falsch und"
"Brennecke Et Collegen","brennecke-kanzlei.de","https://brennecke-kanzlei.de","kein Treffer in jobs_master nach Name oder Domain","brennecke et collegen"
"2K Patent","2kpatent.de","https://2kpatent.de","kein Treffer in jobs_master nach Name oder Domain","2k patent"
"Lowell","lowellgroup.de","https://lowell.wd3.myworkdayjobs.com/de-DE/LowellGroup_Careers2","kein Treffer in jobs_master nach Name oder Domain","lowell"
"MARS IP Berlin/Paris","mars-ip.eu","https://mars-ip.eu","kein Treffer in jobs_master nach Name oder Domain","mars ip berlin paris"
"Bühner & Partner Rechtsanwälte","buehner-rae.de","https://buehner-rae.de/karriere.php","kein Treffer in jobs_master nach Name oder Domain","buehner und"
"quantum.law","quantum.law","https://quantum.law","kein Treffer in jobs_master nach Name oder Domain","quantum"
"Notar Dominik Hüren","notar-hueren.de","","kein Treffer in jobs_master nach Name oder Domain","dominik hueren"
"Klostermann Schmidt Monstadt Eisbrecher","klostermann-rae.de","https://klostermann-rae.de","kein Treffer in jobs_master nach Name oder Domain","klostermann schmidt monstadt eisbrecher"
"Dr. Klimeck & Obst","klimeck-obst.de","https://klimeck-obst.de","kein Treffer in jobs_master nach Name oder Domain","dr klimeck und obst"
"ra-und-notare.de","ra-und-notare.de","https://ra-und-notare.de","kein Treffer in jobs_master nach Name oder Domain","ra und de"
"Rosenkranz Oehler von Malotky","rosenkranz-oehler.de","https://rosenkranz-oehler.de","kein Treffer in jobs_master nach Name oder Domain","rosenkranz oehler von malotky"
"Schmolz + Partner","schmolz.de","https://schmolz.de","kein Treffer in jobs_master nach Name oder Domain","schmolz"
"Prof. Dr. Schwintowski & Partner","schwintowski.de","https://schwintowski.de","kein Treffer in jobs_master nach Name oder Domain","prof dr schwintowski und"
"Pfisterer & Döbereiner","pfisterer-doebereiner.de","https://pfisterer-doebereiner.de","kein Treffer in jobs_master nach Name oder Domain","pfisterer und doebereiner"
"Weitnauer","weitnauer.net","https://weitnauer.net","kein Treffer in jobs_master nach Name oder Domain","weitnauer"
"Schlawien","schlawien.de","https://schlawien.de","kein Treffer in jobs_master nach Name oder Domain","schlawien"
"Prof. Stöber & Partner","stoeberpartner.de","https://stoeberpartner.de","kein Treffer in jobs_master nach Name oder Domain","prof stoeber und"
"Schlee Günther & Partner","schlee-guenther.de","https://schlee-guenther.de","kein Treffer in jobs_master nach Name oder Domain","schlee guenther und"
"Sabel Engelhardt","sabel-engelhardt.de","https://sabel-engelhardt.de","kein Treffer in jobs_master nach Name oder Domain","sabel engelhardt"
"Hees","hees-rechtsanwaelte.de","https://hees-rechtsanwaelte.de","kein Treffer in jobs_master nach Name oder Domain","hees"
"Prof. Schwenke & Partner","schwenke.de","https://schwenke.de","kein Treffer in jobs_master nach Name oder Domain","prof schwenke und"
"Minoggio Grezesch Bachmann","minoggio.de","https://www.mgb-law.de/karriere/","kein Treffer in jobs_master nach Name oder Domain","minoggio grezesch bachmann"
"Peterka","peterka.de","https://peterka.de","kein Treffer in jobs_master nach Name oder Domain","peterka"
"Schön Nolte Finkelnburg & Clemm","schoen-nolte.de","https://schoen-nolte.de","kein Treffer in jobs_master nach Name oder Domain","schoen nolte finkelnburg und clemm"
"Schlegelmilch & Partner","schlegelmilch-partner.de","https://schlegelmilch-partner.de","kein Treffer in jobs_master nach Name oder Domain","schlegelmilch und"
"Prof. Stefan Leupertz","leupertz.de","https://leupertz.de","kein Treffer in jobs_master nach Name oder Domain","prof stefan leupertz"
"Otting Zinger","otting-zinger.de","https://otting-zinger.de","kein Treffer in jobs_master nach Name oder Domain","otting zinger"
"RSR Rüping Schroeder","rsr-law.de","https://rsr-law.de","kein Treffer in jobs_master nach Name oder Domain","rsr rueping schroeder"
"Prof. Dr. W. Burgi & Kollegen","burgi-kollegen.de","https://burgi-kollegen.de","kein Treffer in jobs_master nach Name oder Domain","prof dr w burgi und kollegen"
"Quedenfeld Füllsack & Partner","qfp.de","https://qfp.de","kein Treffer in jobs_master nach Name oder Domain","quedenfeld fuellsack und"
"RKA Rechtsanwälte","rka.de","https://rka.de","kein Treffer in jobs_master nach Name oder Domain","rka"
"MGR Rechtsanwälte","mgr-law.de","https://mgr-law.de","kein Treffer in jobs_master nach Name oder Domain","mgr"
"Knauer","knauer.de","https://knauer.de","kein Treffer in jobs_master nach Name oder Domain","knauer"
"Rath","rath.de","https://rath.de","kein Treffer in jobs_master nach Name oder Domain","rath"
"Rocan","rocan.legal","https://rocan.legal","kein Treffer in jobs_master nach Name oder Domain","rocan"
"Baumgartner Baumann","baumgartnerbaumann.de","https://baumgartnerbaumann.de","kein Treffer in jobs_master nach Name oder Domain","baumgartner baumann"
"Kraus Donhauser","krausdonhauser.de","https://krausdonhauser.de","kein Treffer in jobs_master nach Name oder Domain","kraus donhauser"
"Schweizer Legal","schweizer-legal.de","https://schweizer-legal.de","kein Treffer in jobs_master nach Name oder Domain","schweizer"
"Scharnberg Rechtsanwälte","scharnberg.de","https://scharnberg.de/hochbahn-begruesst-40-neue-auszubildende-startschuss-fuer-bewerbungslauf-2026/","kein Treffer in jobs_master nach Name oder Domain","scharnberg"
"Riedel Schumacher & Partner","riedel-schumacher.de","https://riedel-schumacher.de","kein Treffer in jobs_master nach Name oder Domain","riedel schumacher und"
"Rahnke Winter & Partner","rahnke-winter.de","https://rahnke-winter.de","kein Treffer in jobs_master nach Name oder Domain","rahnke winter und"
"DSH Rechtsanwälte und Notare","dsh-anwaelte.de","https://dsh-anwaelte.de","kein Treffer in jobs_master nach Name oder Domain","dsh und"
"Reichel Rechtsanwälte","reichel-legal.de","https://reichel-legal.de","kein Treffer in jobs_master nach Name oder Domain","reichel"
"Prof. Dr. Rolf Kniffka","kniffka.de","https://kniffka.de","kein Treffer in jobs_master nach Name oder Domain","prof dr rolf kniffka"
"Raiss & Partner","raiss-partner.de","https://raiss-partner.de","kein Treffer in jobs_master nach Name oder Domain","raiss und"
"Lennert Schneider & Vins","lsv-law.de","https://lsv-law.de","kein Treffer in jobs_master nach Name oder Domain","lennert schneider und vins"
"RB Reiche Behrends","rb-law.de","https://rb-law.de","kein Treffer in jobs_master nach Name oder Domain","rb reiche behrends"
"Prof. Dr. Weller & Partner","weller-partner.de","https://weller-partner.de","kein Treffer in jobs_master nach Name oder Domain","prof dr weller und"
"Prof. Dr. Holger Matt","matt-legal.de","https://matt-legal.de","kein Treffer in jobs_master nach Name oder Domain","prof dr holger matt"
"Ufer Scharf","ufer-scharf.de","https://ufer-scharf.de","kein Treffer in jobs_master nach Name oder Domain","ufer scharf"
"Raible Fischer","raiblefischer.de","https://raiblefischer.de","kein Treffer in jobs_master nach Name oder Domain","raible fischer"
"SvS Sidhu von Saucken","svs-law.de","https://svs-law.de","kein Treffer in jobs_master nach Name oder Domain","svs sidhu von saucken"
"Dr. Paul Rombach Dr. Claudie Rombach","rombach-rechtsanwaelte.de","https://www.rombach-rechtsanwaelte.de/fileadmin/Content/Stellenangebote/ROMBACH_Rechtsanwaelte_Stellenanzeige_Sachbearbeiter_Verbraucherinsolvenzen_Dresden_10_2025.pdf","kein Treffer in jobs_master nach Name oder Domain","dr paul rombach dr claudie rombach"
"Leisner Steckel Engler","lse-law.de","https://lse-law.de","kein Treffer in jobs_master nach Name oder Domain","leisner steckel engler"
"Dr. Kai Hart-Hönig","hart-hoenig.de","https://hart-hoenig.de","kein Treffer in jobs_master nach Name oder Domain","dr kai hart hoenig"
"RWT Anwaltskanzlei","rwt-anwalt.de","https://rwt-anwalt.de","kein Treffer in jobs_master nach Name oder Domain","rwt anwaltskanzlei"
"Küstner v. Manteuffel","kuestner-v-manteuffel.de","https://kuestner-v-manteuffel.de","kein Treffer in jobs_master nach Name oder Domain","kuestner v manteuffel"
"Reinking & Kollegen","reinking.de","https://reinking.de","kein Treffer in jobs_master nach Name oder Domain","reinking und kollegen"
"Dr. Vogels","dr-vogels.de","https://dr-vogels.de","kein Treffer in jobs_master nach Name oder Domain","dr vogels"
"WidmaierNorouzi","widmaiernorouzi.de","https://widmaiernorouzi.de","kein Treffer in jobs_master nach Name oder Domain","widmaiernorouzi"
"Sträter","straeter.de","https://straeter.de","kein Treffer in jobs_master nach Name oder Domain","straeter"
"PPP PapePersikePartner","papepersikepartner.de","https://papepersikepartner-karriere.de/","kein Treffer in jobs_master nach Name oder Domain","ppp papepersikepartner"
"Grote Terwiesche","grote-terwiesche.de","https://grote-terwiesche.de","kein Treffer in jobs_master nach Name oder Domain","grote terwiesche"
"SchellmannWagner","schellmannwagner.de","https://schellmannwagner.de","kein Treffer in jobs_master nach Name oder Domain","schellmannwagner"
"Quandt Kuhlmann Zimmermann","qkz.de","https://qkz.de","kein Treffer in jobs_master nach Name oder Domain","quandt kuhlmann zimmermann"
"Dr. Krist & Kollegen","dr-krist.de","https://dr-krist.de","kein Treffer in jobs_master nach Name oder Domain","dr krist und kollegen"
"Prof. Tiedemann & Partner","tiedemann-partner.de","https://tiedemann-partner.de","kein Treffer in jobs_master nach Name oder Domain","prof tiedemann und"
"Raupach & Wollert-Elmendorff","ra-wollert.de","https://ra-wollert.de","kein Treffer in jobs_master nach Name oder Domain","raupach und wollert elmendorff"
"Rehborn","rehborn.de","https://rehborn.de","kein Treffer in jobs_master nach Name oder Domain","rehborn"
"König Szynka Tilmann von Renesse","kstvr.de","https://kstvr.de","kein Treffer in jobs_master nach Name oder Domain","koenig szynka tilmann von renesse"
"Schumm & Acker","schumm-acker.de","https://schumm-acker.de","kein Treffer in jobs_master nach Name oder Domain","schumm und acker"
"Bosch Jehle","boschjehle.de","https://boschjehle.de","kein Treffer in jobs_master nach Name oder Domain","bosch jehle"
"Schnorbus Helmhold Wardemann","shw-law.de","https://shw-law.de","kein Treffer in jobs_master nach Name oder Domain","schnorbus helmhold wardemann"
"Lilie Ihwas","lilie-ihwas.de","https://lilie-ihwas.de","kein Treffer in jobs_master nach Name oder Domain","lilie ihwas"
"Hamm Kempf & Partner","hammkempf.de","https://hammkempf.de","kein Treffer in jobs_master nach Name oder Domain","hamm kempf und"
"von Pelchrzim","vonpelchrzim.de","https://vonpelchrzim.de","kein Treffer in jobs_master nach Name oder Domain","von pelchrzim"
"Dr. Robert Walz Dr. Hans-Joachim Vollrath","walz-vollrath.de","https://walz-vollrath.de","kein Treffer in jobs_master nach Name oder Domain","dr robert walz dr hans joachim vollrath"
"Prof. Dr. Lutz Simon","lutzsimon.de","https://lutzsimon.de","kein Treffer in jobs_master nach Name oder Domain","prof dr lutz simon"
"Lark","lark.de","https://lark.de/#careers","kein Treffer in jobs_master nach Name oder Domain","lark"
"Raetzke Kambli","raetzke.com","https://raetzke.com","kein Treffer in jobs_master nach Name oder Domain","raetzke kambli"
"3R","3r-kanzlei.de","https://3r-kanzlei.de","kein Treffer in jobs_master nach Name oder Domain","3r"
"Prof. Wurmnest & Kollegen","wurmnest.de","https://wurmnest.de","kein Treffer in jobs_master nach Name oder Domain","prof wurmnest und kollegen"
"SchlarmannvonGeyso","schlarmannvongeyso.de","https://schlarmannvongeyso.de","kein Treffer in jobs_master nach Name oder Domain","schlarmannvongeyso"
"von Máriássy Dr. von Stetten Degenhard Rill","vonmariassy.de","https://vonmariassy.de","kein Treffer in jobs_master nach Name oder Domain","von m ri ssy dr von stetten degenhard rill"
"Schilling Tute","schillingtute.de","https://schillingtute.de","kein Treffer in jobs_master nach Name oder Domain","schilling tute"
"Santen & Partner","santen.de","https://www.santen.de/stellenangebote","kein Treffer in jobs_master nach Name oder Domain","santen und"
"Schaudt Rechtsanwälte","schaudt-rechtsanwaelte.de","https://schaudt-rechtsanwaelte.de","kein Treffer in jobs_master nach Name oder Domain","schaudt"
"Otmar Kury","otmar-kury.de","https://otmar-kury.de","kein Treffer in jobs_master nach Name oder Domain","otmar kury"
"Schumacher & Willsau","schumacher-willsau.de","https://schumacher-willsau.de","kein Treffer in jobs_master nach Name oder Domain","schumacher und willsau"
"Robe Avocats","robe-avocats.com","https://robe-avocats.com","kein Treffer in jobs_master nach Name oder Domain","robe avocats"
"Raeder Vogel","rae-voegel.de","https://rae-voegel.de","kein Treffer in jobs_master nach Name oder Domain","raeder vogel"
"pp-rechtsanwalte.de","pp-rechtsanwalte.de","https://pp-rechtsanwalte.de","kein Treffer in jobs_master nach Name oder Domain","pp rechtsanwalte de"
"Klebau Schaller Rechtsanwäte","klebau-schaller.com","https://klebau-schaller.com","kein Treffer in jobs_master nach Name oder Domain","klebau schaller rechtsanwaete"
"Dr. Kulitz, Nittmann, Andree,Fischer Rechtsanwaltskanzlei","kanzlei-kulitz.de","https://kanzlei-kulitz.de","kein Treffer in jobs_master nach Name oder Domain","dr kulitz nittmann andree fischer rechtsanwaltskanzlei"
"Rosenkranz","ra-ros.de","https://ra-ros.de","kein Treffer in jobs_master nach Name oder Domain","rosenkranz"
"SEEMANN & PARTNERPatentanwälte mbB","seemann-ip.com","https://seemann-ip.com/karriere/","kein Treffer in jobs_master nach Name oder Domain","seemann und partnerpatentanwaelte"
"Heidemann & Küthe","heidemann-kuethe.de","https://www.heidemann-kuethe.de/karriere","kein Treffer in jobs_master nach Name oder Domain","heidemann und kuethe"
"TSI Consumer Goods","tsi.de","https://www.tsi.de/karriere/","kein Treffer in jobs_master nach Name oder Domain","tsi consumer goods"
"haas-coll.de","haas-coll.de","https://haas-coll.de","kein Treffer in jobs_master nach Name oder Domain","haas coll de"
"MM Reinfeld Steuerberatung","","","kein Treffer in jobs_master nach Name oder Domain","mm reinfeld steuerberatung"
"Becker - Zeiler & Partner Steuerberatungsgesellschaft","","","kein Treffer in jobs_master nach Name oder Domain","becker zeiler und steuerberatungsgesellschaft"
"Dr. M. Hundertmark & D. Moinzadeh","moinmark.de","https://moinmark.de/stellenangebote/","kein Treffer in jobs_master nach Name oder Domain","dr m hundertmark und d moinzadeh"
"kanzlei-lr.de","kanzlei-lr.de","https://www.limmer-reutemann.de/stellenangebote","kein Treffer in jobs_master nach Name oder Domain","lr de"
"hering-rechtsanwalt.de","hering-rechtsanwalt.de","https://hering-rechtsanwalt.de","kein Treffer in jobs_master nach Name oder Domain","hering de"
"Praxis Dr. Grewe","dr-peter-grewe.de","https://dr-peter-grewe.de/2024/07/05/das-familien-stellen-zeigt-krankheiten-sind-heilungsprozesse-fuer-die-seele-hellinger/","kein Treffer in jobs_master nach Name oder Domain","praxis dr grewe"
"Momberger Rechtsanwälte","","","kein Treffer in jobs_master nach Name oder Domain","momberger"
"Pair Finance","pairfinance.com","https://pairfinance.com","kein Treffer in jobs_master nach Name oder Domain","pair finance"
"Capital","scalable.capital.de","https://scalable.capital.de","kein Treffer in jobs_master nach Name oder Domain","capital"
"Raisin","raisin.com","https://raisin.com","kein Treffer in jobs_master nach Name oder Domain","raisin"
"Raisin Bank","raisin.bank","https://raisin.bank","kein Treffer in jobs_master nach Name oder Domain","raisin bank"
"CSP Frankfurt","csp-frankfurt.de","https://csp-frankfurt.de","kein Treffer in jobs_master nach Name oder Domain","csp frankfurt"
"Goodarzi & Polster Rechtsanwälte","goodarzi-polster.com","https://goodarzi-polster.com","kein Treffer in jobs_master nach Name oder Domain","goodarzi und polster"
"ROBUSTA-GAUKEL","robusta-gaukel.com","https://www.robusta-gaukel.com/shop/7-Lagertechnik-Baustelleneinrichtung%3A%3A%3A8.html","kein Treffer in jobs_master nach Name oder Domain","robusta gaukel"
"k-f-m.de","k-f-m.de","https://k-f-m.de","kein Treffer in jobs_master nach Name oder Domain","k f m de"
"a. hartrodt","hartrodt.com","https://www.hartrodt.com/career","kein Treffer in jobs_master nach Name oder Domain","a hartrodt"
"Curt Richter SE","curt-richter.de","https://www.curt-richter.de/unternehmen/karriere","kein Treffer in jobs_master nach Name oder Domain","curt richter se"
"kremer-recht.de","kremer-recht.de","https://kremer-recht.de","kein Treffer in jobs_master nach Name oder Domain","kremer recht de"
"Straßer Ventroni Freytag","svf-law.de","https://svf-law.de","kein Treffer in jobs_master nach Name oder Domain","strasser ventroni freytag"
"Laborius - Die Fachanwälte für Arbeitsrecht","laborius.eu","https://www.laborius.eu/de/de/beratungsfelder/betriebsraete-einigungsstellen","kein Treffer in jobs_master nach Name oder Domain","laborius die fachanwaelte fuer arbeitsrecht"
"Martin Franz","ra-franz.eu","https://ra-franz.eu","kein Treffer in jobs_master nach Name oder Domain","martin franz"
"Jordan & Wagner Rechtsanwaltsgesellschaft MBH","jordan-ra.com","https://www.jordanwagner-ra.com/de/de/kanzlei/karriere","kein Treffer in jobs_master nach Name oder Domain","jordan und wagner rechtsanwaltsgesellschaft mbh"
"Arnoul Möller & Plantiko","amp-law.de","https://www.amp-law.de/wp-content/uploads/2025/02/2025-02-12-Stellenanzeige-Empfangskraft.pdf","kein Treffer in jobs_master nach Name oder Domain","arnoul moeller und plantiko"
"mel-wedding.de","mel-wedding.de","https://mel-wedding.de","kein Treffer in jobs_master nach Name oder Domain","mel wedding de"
"Sander Hansen Steuerberatungsgesellschaft Berlin mbH","sander-hansen.de","https://www.sander-hansen.de/karriere","kein Treffer in jobs_master nach Name oder Domain","sander hansen steuerberatungsgesellschaft berlin mbh"
"GrothmannGeiser","grothmanngeiser.de","https://www.grothmanngeiser.de/karriere/","kein Treffer in jobs_master nach Name oder Domain","grothmanngeiser"
"Kanzlei H","kanzlei-hsp.de","https://www.kanzlei-hsp.de/karriere/","kein Treffer in jobs_master nach Name oder Domain","h"
"LHR Rechtsanwälte Köln","lhr-law.de","https://www.lhr-law.de/kanzlei/karriere/","kein Treffer in jobs_master nach Name oder Domain","lhr koeln"
"Heim Honermeier WP/StB PartmbB","heim-honermeier.de","https://heim-honermeier.dein-karriere-portal.de/","kein Treffer in jobs_master nach Name oder Domain","heim honermeier wp stb partmbb"
"Pkf","m.pkf.de","https://m.pkf.de","kein Treffer in jobs_master nach Name oder Domain","pkf"
"profpannen.de","profpannen.de","https://profpannen.de","kein Treffer in jobs_master nach Name oder Domain","profpannen de"
"Etl-Wrg","etl-wrg.de","","kein Treffer in jobs_master nach Name oder Domain","etl wrg"
"Scheidle & Partner","scheidle-partner.de","https://scheidle-partner.de","kein Treffer in jobs_master nach Name oder Domain","scheidle und"
"Dr. Schackow & Partner Rechtsanwälte PartG mbB","schackow.de","https://schackow.de","kein Treffer in jobs_master nach Name oder Domain","dr schackow und"
"Weidinger Richtscheid","weidinger-richtscheid.de","https://weidinger-richtscheid.de/karriere/","kein Treffer in jobs_master nach Name oder Domain","weidinger richtscheid"
"V. Keussler","keussler.com","https://keussler.com","kein Treffer in jobs_master nach Name oder Domain","v keussler"
"Müller-Knapp Hjort Wulff","arbeitsrechtsanwaelte-hamburg.de","https://www.arbeitsrechtsanwaelte-hamburg.de/bewerbungen","kein Treffer in jobs_master nach Name oder Domain","mueller knapp hjort wulff"
"Juconomy","juconomy.de","https://juconomy.de","kein Treffer in jobs_master nach Name oder Domain","juconomy"
"Ignor & Partner","ignor-partner.de","https://ignor-partner.de","kein Treffer in jobs_master nach Name oder Domain","ignor und"
"HammPartner","hammpartner.de","https://hammpartner.de","kein Treffer in jobs_master nach Name oder Domain","hammpartner"
"Frings Partners","fringspartners.de","https://www.fringspartners.de/de/Insights/Karriere/index.php","kein Treffer in jobs_master nach Name oder Domain","frings"
"gkn Gräfe Klümpen-Neusel","gkn-partner.de","https://gkn-partner.de","kein Treffer in jobs_master nach Name oder Domain","gkn graefe kluempen neusel"
"Freyschmidt Frings Pananis Venn","verteidiger-in-strafsachen.de","","kein Treffer in jobs_master nach Name oder Domain","freyschmidt frings pananis venn"
"Gercke Wollschläger","gw-strafrecht.de","https://www.linkedin.com/feed/update/urn:li:activity:7403475612050354176","kein Treffer in jobs_master nach Name oder Domain","gercke wollschlaeger"
"GND Geiger Nitz Daunderer","gnd-law.de","https://gnd-law.de","kein Treffer in jobs_master nach Name oder Domain","gnd geiger nitz daunderer"
"Evers","evers-vertriebsrecht.de","https://evers-vertriebsrecht.de","kein Treffer in jobs_master nach Name oder Domain","evers"
"Eifler Grandpierre Weber","egw-law.de","https://www.egw-law.de/start/karriere/","kein Treffer in jobs_master nach Name oder Domain","eifler grandpierre weber"
"Dr. Velke","kanzlei-velke.de","https://kanzlei-velke.de","kein Treffer in jobs_master nach Name oder Domain","dr velke"
"Braun-Dullaeus Pannen Emmerling","bdpe.de","https://bdpe.de/karriere/","kein Treffer in jobs_master nach Name oder Domain","braun dullaeus pannen emmerling"
"STAPPER | JACOBI | SCHÄDLICH RECHTSANWÄLTE – PARTNERSCHAFT","stapper.in","https://stapper.in/team/karriere/","kein Treffer in jobs_master nach Name oder Domain","stapper jacobi schaedlich"
"Schellenberg Unternehmeranwälte","unternehmeranwaelte.de","https://unternehmeranwaelte.de/karriere","kein Treffer in jobs_master nach Name oder Domain","schellenberg unternehmeranwaelte"
"REINHARDT & KOLLEGEN Rechtsanwälte und Insolvenzverwalter GmbH Rechtsanwaltsgesellschaft","reinhardt-rechtsanwaelte.de","https://reinhardt-rechtsanwaelte.de","kein Treffer in jobs_master nach Name oder Domain","reinhardt und kollegen und insolvenzverwalter rechtsanwaltsgesellschaft"
"Peters Fleschutz Graf von Carmer Kääb Rechtsanwälte Steuerberater","pfgc.de","https://pfgc.de","kein Treffer in jobs_master nach Name oder Domain","peters fleschutz graf von carmer kaeaeb"
"Grooterhorst & Partner Rechtsanwälte mbB","grooterhorst.de","https://grooterhorst.de","kein Treffer in jobs_master nach Name oder Domain","grooterhorst und"
"Kanzlei Thomas Mauser Rechtsanwälte","rae-mauser.de","https://ms-rae.de/karriere/","kein Treffer in jobs_master nach Name oder Domain","thomas mauser"
"Fromm F. M. P","fmp-recht.de","https://fmp-recht.de","kein Treffer in jobs_master nach Name oder Domain","fromm f m p"
"Debevoise & Plimpton LL.P","debevoise.com","https://www.debevoise.com/careers","kein Treffer in jobs_master nach Name oder Domain","debevoise und plimpton ll p"
"Bendel Insolvenzverwaltung AG","bendel-insolvenz.de","https://bendel-insolvenz.de/karriere-bei-bendel-insolvenzverwaltung/","kein Treffer in jobs_master nach Name oder Domain","bendel insolvenzverwaltung"
"Linnemann Rechtsanwälte GbR","rechtsanwaelte-linnemann.de","https://rechtsanwaelte-linnemann.de","kein Treffer in jobs_master nach Name oder Domain","linnemann gbr"
"Leinen & Derichs","leinen-derichs.de","https://leinen-derichs.de","kein Treffer in jobs_master nach Name oder Domain","leinen und derichs"
"Kraft, Geil und Kollegen Rechtsanwälte","kguk.de","https://kguk.de","kein Treffer in jobs_master nach Name oder Domain","kraft geil und kollegen"
"Kruhl von Strenge Partnerschaft von Rechtsanwälten mbB","kruhlvonstrenge.de","https://www.kruhlvonstrenge.de/#karriere","kein Treffer in jobs_master nach Name oder Domain","kruhl von strenge von rechtsanwaelten"
"Langhoff, Dr. Schaarschmidt & Kollegen","ra-lsk.de","https://ra-lsk.de","kein Treffer in jobs_master nach Name oder Domain","langhoff dr schaarschmidt und kollegen"
"Künzel und Partner, Rechtsanwälte","kuenzelpartner.de","https://kuenzelpartner.de","kein Treffer in jobs_master nach Name oder Domain","kuenzel und"
"Kleymann, Karpenstein & Partner, Rechtsanwälte","kkp.law","https://kkp.law","kein Treffer in jobs_master nach Name oder Domain","kleymann karpenstein und"
"Kowalski Clemens Schmidt","kcslaw.de","https://kcslaw.de","kein Treffer in jobs_master nach Name oder Domain","kowalski clemens schmidt"
"kfp - Korten. Fehr. Partner. Rechtsanwälte PartGmbB","korten-ag.de","https://korten-ag.de","kein Treffer in jobs_master nach Name oder Domain","kfp korten fehr"
"Jebens Mensching LLP","jebensmensching.com","https://jebensmensching.com/karriere/","kein Treffer in jobs_master nach Name oder Domain","jebens mensching"
"Heymann & Partner Rechtsanwälte mbB","heylaw.de","https://heylaw.de","kein Treffer in jobs_master nach Name oder Domain","heymann und"
"INCE & Co. Rechtsanwälte","incegermany.com","https://incegermany.com","kein Treffer in jobs_master nach Name oder Domain","ince und co"
"EurAA-Anwälte für Arbeitnehmer-Rechtsanwaltsgesellschaft mbH","ra-barone.de","https://ra-barone.de","kein Treffer in jobs_master nach Name oder Domain","euraa anwaelte fuer arbeitnehmer rechtsanwaltsgesellschaft mbh"
"Blesinger, Wischermann & Partner, Rechtsanwälte","ra-blesinger.de","https://ra-blesinger.de","kein Treffer in jobs_master nach Name oder Domain","blesinger wischermann und"
"Betten & Resch Patent- und Rechtsanwälte PartGmbB","bettenpat.com","https://bettenpat.com","kein Treffer in jobs_master nach Name oder Domain","betten und resch patent und"
"Bergfeld & Partner Rechtsanwälte Partnerschaftsgesellschaft mbB","bergfeldonline.de","https://bergfeldonline.de","kein Treffer in jobs_master nach Name oder Domain","bergfeld und partnerschaftsgesellschaft"
"BÖRGERS Rechtsanwälte Partnerschaft mbB","boergers.com","","kein Treffer in jobs_master nach Name oder Domain","boergers"
"AIV - Anwaltliche Interessenvertretung","anive.de","https://anive.de","kein Treffer in jobs_master nach Name oder Domain","aiv anwaltliche interessenvertretung"
"Brugger Rechtsanwälte","ra-fn.de","https://ra-fn.de","kein Treffer in jobs_master nach Name oder Domain","brugger"
"Kanzlei","rechtsanwalt-bruegmann.de","https://rechtsanwalt-bruegmann.de","kein Treffer in jobs_master nach Name oder Domain",""
"Schirach Law","schirach.law","https://schirach.law/stellenangebot-wirtschafts-und-steuerstrafrecht-muenchen/","kein Treffer in jobs_master nach Name oder Domain","schirach"
"Rechtsanwälte Zipper & Partner","rechtsanwalt-schwetzingen.de","https://rechtsanwalt-schwetzingen.de","kein Treffer in jobs_master nach Name oder Domain","zipper und"
"comp/lex","comp-lex.de","https://comp-lex.de","kein Treffer in jobs_master nach Name oder Domain","comp lex"
"Apitzsch Schmidt Klebe","apitzsch-schmidt-klebe.de","https://apitzsch-schmidt.de/karriere/","kein Treffer in jobs_master nach Name oder Domain","apitzsch schmidt klebe"
"Wurll+ Kollegen","wurll-jasper.de","https://wurll-jasper.de/#karriere","kein Treffer in jobs_master nach Name oder Domain","wurll kollegen"
"Wachenhausen","wachenhausen-law.com","https://www.dienemann-legal.com//kanzlei/#karriere","kein Treffer in jobs_master nach Name oder Domain","wachenhausen"
"Sandkuhl Bellinghausen","sandkuhlbellinghausen.de","https://sandkuhlbellinghausen.de","kein Treffer in jobs_master nach Name oder Domain","sandkuhl bellinghausen"
"Sander & Krüger","sander-krueger.de","https://sander-krueger.de","kein Treffer in jobs_master nach Name oder Domain","sander und krueger"
"Schneider Schultehinrichs","rae-sus.de","https://rae-sus.de","kein Treffer in jobs_master nach Name oder Domain","schneider schultehinrichs"
"Schmidt Kreimer Bittermann","legal-tax-solutions.com","https://legal-tax-solutions.com","kein Treffer in jobs_master nach Name oder Domain","schmidt kreimer bittermann"
"Rettenmaier","rettenmaier-frankfurt.de","https://rettenmaier-frankfurt.de","kein Treffer in jobs_master nach Name oder Domain","rettenmaier"
"Paulus Westerwelle","paulus-westerwelle.de","https://paulus-westerwelle.de","kein Treffer in jobs_master nach Name oder Domain","paulus westerwelle"
"Mutter & Kruchen","corporate-law-advisors.com","https://corporate-law-advisors.com","kein Treffer in jobs_master nach Name oder Domain","mutter und kruchen"
"Meyer Rechtsanwälte","meyerlegal.de","https://www.meyerlegal.de/karriere.html","kein Treffer in jobs_master nach Name oder Domain","meyer"
"Meincke Bienmüller","mb-law.de","https://mb-law.de","kein Treffer in jobs_master nach Name oder Domain","meincke bienmueller"
"Livonius van Rienen","lvr-frankfurt.com","https://lvr-frankfurt.com","kein Treffer in jobs_master nach Name oder Domain","livonius van rienen"
"Knierim & Kollegen","knierim-kollegen.com","https://knierim-kollegen.com","kein Treffer in jobs_master nach Name oder Domain","knierim und kollegen"
"Kipper + Durth","strafverteidigerkanzlei.de","https://strafverteidigerkanzlei.de","kein Treffer in jobs_master nach Name oder Domain","kipper durth"
"Langrock Voß & Soyka","kanzlei-lvs.de","https://kanzlei-lvs.de","kein Treffer in jobs_master nach Name oder Domain","langrock voss und soyka"
"Kleber Knüpfer Collegen","kanzlei-da.de","https://kanzlei-da.de","kein Treffer in jobs_master nach Name oder Domain","kleber knuepfer collegen"
"iSP Global Tax","ispglobaltax.com","https://ispglobaltax.com","kein Treffer in jobs_master nach Name oder Domain","isp global tax"
"Kempf Schilling + Partner","kempfschilling.de","https://kempfschilling.de","kein Treffer in jobs_master nach Name oder Domain","kempf schilling"
"Irle Moser","irlemoser.com","https://irlemoser.com","kein Treffer in jobs_master nach Name oder Domain","irle moser"
"Ihrig & Anderson","ihrig-anderson.com","https://ihrig-anderson.com","kein Treffer in jobs_master nach Name oder Domain","ihrig und anderson"
"Heuer Busch & Partner","hbp-rechtsanwaelte.de","https://hbp-rechtsanwaelte.de/sozietaet/karriere/","kein Treffer in jobs_master nach Name oder Domain","heuer busch und"
"Greenfield","greenfield-ip.com","https://greenfield-ip.com","kein Treffer in jobs_master nach Name oder Domain","greenfield"
"Göring Schmiegelt & Fischer","gsf-law.de","https://gsf-law.de","kein Treffer in jobs_master nach Name oder Domain","goering schmiegelt und fischer"
"Gierschmann","gierschmann.com","https://gierschmann.com","kein Treffer in jobs_master nach Name oder Domain","gierschmann"
"Frick + Partner","frickpartner.com","https://frickpartner.com","kein Treffer in jobs_master nach Name oder Domain","frick"
"Gantenberg","gantenberg.legal","https://gantenberg.legal","kein Treffer in jobs_master nach Name oder Domain","gantenberg"
"Funke Mühe","fm-notare.com","https://fm-notare.com/wp-content/uploads/2019/05/azur-01-2019-Neuer-Hut.pdf","kein Treffer in jobs_master nach Name oder Domain","funke muehe"
"Gerstberger - Produkte & Recht","productsandlaw.de","https://productsandlaw.de","kein Treffer in jobs_master nach Name oder Domain","gerstberger produkte und recht"
"Engel & Rinkler","bgh.lawyer","https://bgh.lawyer","kein Treffer in jobs_master nach Name oder Domain","engel und rinkler"
"EHZ Rechtsanwalte","rae-ehz.de","https://rae-ehz.de","kein Treffer in jobs_master nach Name oder Domain","ehz rechtsanwalte"
"dtb Decker + Schmidt-Thomé","dtb.eu","https://dtb.eu","kein Treffer in jobs_master nach Name oder Domain","dtb decker schmidt thom"
"Dr. Thomas von Plehwe","plehwe-bgh.com","https://www.plehwe-bgh.com/#karriere","kein Treffer in jobs_master nach Name oder Domain","dr thomas von plehwe"
"Dr. Bernhard Schaub","notar-schaub.de","https://notar-schaub.de","kein Treffer in jobs_master nach Name oder Domain","dr bernhard schaub"
"DMR Moser Degenhart Ressmann","dmr.legal","https://dmr.legal","kein Treffer in jobs_master nach Name oder Domain","dmr moser degenhart ressmann"
"Brook Rechtsanwälte","brook.legal","https://brook.legal","kein Treffer in jobs_master nach Name oder Domain","brook"
"Binz & Partner","binz-partner.de","https://binz-partner.de","kein Treffer in jobs_master nach Name oder Domain","binz und"
"Braun & Zwetkow","braun-zwetkow.de","https://braun-zwetkow.de","kein Treffer in jobs_master nach Name oder Domain","braun und zwetkow"
"Atlantik Advisors","atlantik-advisors.de","https://atlantik-advisors.de","kein Treffer in jobs_master nach Name oder Domain","atlantik advisors"
"Waldeck Rechtsanwälte PartmbB","waldeck.eu","https://www.waldeck.eu/karriere","kein Treffer in jobs_master nach Name oder Domain","waldeck partmbb"
"Spliedt Rechtsanwälte","ra-spliedt.com","https://ra-spliedt.com","kein Treffer in jobs_master nach Name oder Domain","spliedt"
"RAe Benecken & Partner","beneckenreinhardt.de","https://beneckenreinhardt.de","kein Treffer in jobs_master nach Name oder Domain","rae benecken und"
"Partnerschaft Kues & Partner Rechtsanwälte","kues-partner.de","https://kues-partner.de","kein Treffer in jobs_master nach Name oder Domain","kues und"
"Eberspächer & Klein","kanzlei-ek.de","https://kanzlei-ek.de","kein Treffer in jobs_master nach Name oder Domain","eberspaecher und klein"
"DIRO","diro.eu","https://diro.eu/de/karriere","kein Treffer in jobs_master nach Name oder Domain","diro"
"Kanzlei Lücker MP-Recht","mp-recht.de","https://mp-recht.de","kein Treffer in jobs_master nach Name oder Domain","luecker mp recht"
"eu:gato","eugato.eu","https://eugato.eu","kein Treffer in jobs_master nach Name oder Domain","eu gato"
"NFF Steuerberatung","nff-steuerberatung.de","https://www.nff-steuerberatung.de/informationen/","kein Treffer in jobs_master nach Name oder Domain","nff steuerberatung"
"Fried Frank Harris Shriver & Jacobson","friedfrank.com","https://friedfrank.com","kein Treffer in jobs_master nach Name oder Domain","fried frank harris shriver und jacobson"
"FALK GmbH & Co KG","falk-co.de","https://falk-co.de/karriere","kein Treffer in jobs_master nach Name oder Domain","falk und co"
"DAC Beachcroft","dacbeachcroft.com","https://www.dacbeachcroft.com/en/Work-with-us","kein Treffer in jobs_master nach Name oder Domain","dac beachcroft"
"Bw Partner Bauer Schatz Hasendeverm","bw-partner.com","https://www.bw-partner.com/karriere","kein Treffer in jobs_master nach Name oder Domain","bw bauer schatz hasendeverm"
"Goldenstein Rechtsanwälte","ra-goldenstein.de","https://ra-goldenstein.de","kein Treffer in jobs_master nach Name oder Domain","goldenstein"
