"Unternehmensname","Domainname des Unternehmens","Jobboard_URL","diagnosis_status","diagnosis_reason","recommended_action","job_count_name","job_count_domain","last_checked_at","canonical_firm_id"
"Hogan Lovells","hoganlovells.com","https://www.hoganlovells.com/en/global-careers","no_master_match","Jobboard_URL vorhanden, aber kein Treffer in jobs_master.csv nach Kanzleiname oder Domain.","Seite manuell prüfen: keine Jobs, Parser-Lücke, JS/Cookie-Problem oder spezielles ATS möglich.","0","0","2026-07-14","hogan-lovells"
"PwC","pwc.com","https://jobs.pwc.de/de/de/jobs-experienced","no_master_match","Jobboard_URL vorhanden, aber kein Treffer in jobs_master.csv nach Kanzleiname oder Domain.","Seite manuell prüfen: keine Jobs, Parser-Lücke, JS/Cookie-Problem oder spezielles ATS möglich.","0","0","2026-07-14","pwc"
"Pinsent Masons","pinsentmasons.com","https://www.pinsentmasons.com/de-de/karriere","no_master_match","Jobboard_URL vorhanden, aber kein Treffer in jobs_master.csv nach Kanzleiname oder Domain.","Seite manuell prüfen: keine Jobs, Parser-Lücke, JS/Cookie-Problem oder spezielles ATS möglich.","0","0","2026-07-14","pinsent-masons"
"Forvis Mazars","forvismazars.com","https://careers.forvismazars.com","jobboard_needs_review","Jobboard_URL wirkt wie Startseite oder generische Domain, nicht wie konkrete Karriereseite.","Karriere-/Stellenangebote-URL manuell prüfen und spezifischer speichern.","0","0","2026-07-14","forvis-mazars"
"Becker Büttner Held","bbh-online.de","https://www.bbh-karriere.de/de/","no_master_match","Jobboard_URL vorhanden, aber kein Treffer in jobs_master.csv nach Kanzleiname oder Domain.","Seite manuell prüfen: keine Jobs, Parser-Lücke, JS/Cookie-Problem oder spezielles ATS möglich.","0","0","2026-07-14","becker-buettner-held"
"Herbert Smith Freehills","hsfkramer.com","https://hsfkramer.com","jobboard_needs_review","Jobboard_URL wirkt wie Startseite oder generische Domain, nicht wie konkrete Karriereseite.","Karriere-/Stellenangebote-URL manuell prüfen und spezifischer speichern.","0","0","2026-07-14","herbert-smith-freehills"
"eagle lsp","eagle-lsp.de","https://eagle-lsp.jobs.personio.de/","jobboard_needs_review","Jobboard_URL wirkt wie Startseite oder generische Domain, nicht wie konkrete Karriereseite.","Karriere-/Stellenangebote-URL manuell prüfen und spezifischer speichern.","0","0","2026-07-14","eagle-lsp"
"KBHT Kalus + Hilger","kbht.de","https://www.kbht-karriere.de","jobboard_needs_review","Jobboard_URL wirkt wie Startseite oder generische Domain, nicht wie konkrete Karriereseite.","Karriere-/Stellenangebote-URL manuell prüfen und spezifischer speichern.","0","0","2026-07-14","kbht-kalus-hilger"
"Husemann Eickhoff Salmen & Partner","husemannpartner.de","https://www.husemannpartner.de/karriere/stellenangebote/","no_master_match","Jobboard_URL vorhanden, aber kein Treffer in jobs_master.csv nach Kanzleiname oder Domain.","Seite manuell prüfen: keine Jobs, Parser-Lücke, JS/Cookie-Problem oder spezielles ATS möglich.","0","0","2026-07-14","husemann-eickhoff-salmen-und"
"Willkie Farr & Gallagher","willkie.com","https://www.willkie.com/careers","jobboard_needs_review","Jobboard_URL wirkt wie Startseite oder generische Domain, nicht wie konkrete Karriereseite.","Karriere-/Stellenangebote-URL manuell prüfen und spezifischer speichern.","0","0","2026-07-14","willkie-farr-und-gallagher"
"SMP Schinogl Müller & Partner GbR","smp-frankfurt.de","https://smp-frankfurt.deine-wunschkanzlei.de/","jobboard_needs_review","Jobboard_URL wirkt wie Startseite oder generische Domain, nicht wie konkrete Karriereseite.","Karriere-/Stellenangebote-URL manuell prüfen und spezifischer speichern.","0","0","2026-07-14","smp-schinogl-mueller-und-gbr"
"Reed Smith","reedsmith.com","https://reedsmith.com","jobboard_needs_review","Jobboard_URL wirkt wie Startseite oder generische Domain, nicht wie konkrete Karriereseite.","Karriere-/Stellenangebote-URL manuell prüfen und spezifischer speichern.","0","0","2026-07-14","reed-smith"
"LPA-GGV","lpa-ggv.de","https://lpalaw.tax/karriere/","no_master_match","Jobboard_URL vorhanden, aber kein Treffer in jobs_master.csv nach Kanzleiname oder Domain.","Seite manuell prüfen: keine Jobs, Parser-Lücke, JS/Cookie-Problem oder spezielles ATS möglich.","0","0","2026-07-14","lpa-ggv"
"DHPG Rechtsanwälte Wirtschaftsprüfer Steuerberater - Obermüller, Rohde & Partner","dhpg.de","https://www.dhpg.de/de/karriere","no_master_match","Jobboard_URL vorhanden, aber kein Treffer in jobs_master.csv nach Kanzleiname oder Domain.","Seite manuell prüfen: keine Jobs, Parser-Lücke, JS/Cookie-Problem oder spezielles ATS möglich.","0","0","2026-07-14","dhpg-obermueller-rohde-und"
"Laufenberg Michels und Partner","laufmich.de","https://thinknew.koeln","jobboard_needs_review","Jobboard_URL wirkt wie Startseite oder generische Domain, nicht wie konkrete Karriereseite.","Karriere-/Stellenangebote-URL manuell prüfen und spezifischer speichern.","0","0","2026-07-14","laufenberg-michels-und"
"RSW Rechtsanwälte","rsw-anwaelte.de","https://rsw-anwaelte.de","jobboard_needs_review","Jobboard_URL wirkt wie Startseite oder generische Domain, nicht wie konkrete Karriereseite.","Karriere-/Stellenangebote-URL manuell prüfen und spezifischer speichern.","0","0","2026-07-14","rsw"
"schwarzpartners.de","schwarzpartners.de","https://www.schwarzpartners.de/karriere","jobboard_needs_review","Jobboard_URL wirkt wie Startseite oder generische Domain, nicht wie konkrete Karriereseite.","Karriere-/Stellenangebote-URL manuell prüfen und spezifischer speichern.","0","0","2026-07-14","schwarzpartners-de"
"Hauschild Böttcher","hauschild-boettcher.de","https://hauschild-boettcher.de","jobboard_needs_review","Jobboard_URL wirkt wie Startseite oder generische Domain, nicht wie konkrete Karriereseite.","Karriere-/Stellenangebote-URL manuell prüfen und spezifischer speichern.","0","0","2026-07-14","hauschild-boettcher"
"ARAG Versicherung","arag.de","https://www.arag-karriere.de/?utm_source=google&utm_medium=banner&utm_campaign=Homepage","no_master_match","Jobboard_URL vorhanden, aber kein Treffer in jobs_master.csv nach Kanzleiname oder Domain.","Seite manuell prüfen: keine Jobs, Parser-Lücke, JS/Cookie-Problem oder spezielles ATS möglich.","0","0","2026-07-14","arag-versicherung"
"PKF München","pkf-muenchen.de","https://pkf-muenchen.de","jobboard_needs_review","Jobboard_URL wirkt wie Startseite oder generische Domain, nicht wie konkrete Karriereseite.","Karriere-/Stellenangebote-URL manuell prüfen und spezifischer speichern.","0","0","2026-07-14","pkf-muenchen"
"Hoyng ROKH Monegier","hoyngrokhmonegier.com","https://hoyngrokhmonegier.com","jobboard_needs_review","Jobboard_URL wirkt wie Startseite oder generische Domain, nicht wie konkrete Karriereseite.","Karriere-/Stellenangebote-URL manuell prüfen und spezifischer speichern.","0","0","2026-07-14","hoyng-rokh-monegier"
"FRANKUS Wirtschaftsprüfer Steuerberater Rechtsanwälte","frankus.com","https://frankus.com","jobboard_needs_review","Jobboard_URL wirkt wie Startseite oder generische Domain, nicht wie konkrete Karriereseite.","Karriere-/Stellenangebote-URL manuell prüfen und spezifischer speichern.","0","0","2026-07-14","frankus"
"WWS Gruppe","wws-gruppe.de","https://www.wws-gruppe.de/de/startseite/karriere/warum-zur-wws/","no_master_match","Jobboard_URL vorhanden, aber kein Treffer in jobs_master.csv nach Kanzleiname oder Domain.","Seite manuell prüfen: keine Jobs, Parser-Lücke, JS/Cookie-Problem oder spezielles ATS möglich.","0","0","2026-07-14","wws-gruppe"
"Clyde & Co","clydeco.com","https://careers.clydeco.com/en/","jobboard_needs_review","Jobboard_URL wirkt wie Startseite oder generische Domain, nicht wie konkrete Karriereseite.","Karriere-/Stellenangebote-URL manuell prüfen und spezifischer speichern.","0","0","2026-07-14","clyde-und-co"
"BANSBACH GmbH","bansbach-gmbh.de","https://karrierebb.bansbach-gruppe.de/karriere","no_master_match","Jobboard_URL vorhanden, aber kein Treffer in jobs_master.csv nach Kanzleiname oder Domain.","Seite manuell prüfen: keine Jobs, Parser-Lücke, JS/Cookie-Problem oder spezielles ATS möglich.","0","0","2026-07-14","bansbach"
"Schüllermann","schuellermann.de","https://schuellermann.de/karriere/","jobboard_needs_review","Jobboard_URL wirkt wie Startseite oder generische Domain, nicht wie konkrete Karriereseite.","Karriere-/Stellenangebote-URL manuell prüfen und spezifischer speichern.","0","0","2026-07-14","schuellermann"
"Grünecker","grunecker.de","https://grunecker.de/karriere/","jobboard_needs_review","Jobboard_URL wirkt wie Startseite oder generische Domain, nicht wie konkrete Karriereseite.","Karriere-/Stellenangebote-URL manuell prüfen und spezifischer speichern.","0","0","2026-07-14","gruenecker"
"Antoniadis & Ure","anure.de","https://anure.de/karriere-anure/","no_master_match","Jobboard_URL vorhanden, aber kein Treffer in jobs_master.csv nach Kanzleiname oder Domain.","Seite manuell prüfen: keine Jobs, Parser-Lücke, JS/Cookie-Problem oder spezielles ATS möglich.","0","0","2026-07-14","antoniadis-und-ure"
"Minoggio Grezesch Bachmann","mgb-law.de","https://www.mgb-law.de/karriere/","jobboard_needs_review","Jobboard_URL wirkt wie Startseite oder generische Domain, nicht wie konkrete Karriereseite.","Karriere-/Stellenangebote-URL manuell prüfen und spezifischer speichern.","0","0","2026-07-14","minoggio-grezesch-bachmann"
"W & K","wk-legal.de","https://wk-legal.de","jobboard_needs_review","Jobboard_URL wirkt wie Startseite oder generische Domain, nicht wie konkrete Karriereseite.","Karriere-/Stellenangebote-URL manuell prüfen und spezifischer speichern.","0","0","2026-07-14","w-und-k"
"Lintilia Law","lintilia.de","https://www.lintilia.de/news/prof.-dr.-jan-roth-zum-vorlaeufigen-insolvenzverwalter-des-busunternehmens-jungermann-bestellt-2026-03-10.htm","no_master_match","Jobboard_URL vorhanden, aber kein Treffer in jobs_master.csv nach Kanzleiname oder Domain.","Seite manuell prüfen: keine Jobs, Parser-Lücke, JS/Cookie-Problem oder spezielles ATS möglich.","0","0","2026-07-14","lintilia"
"HEUBLEIN Rechtsanwälte","heublein.eu","https://heublein.eu","jobboard_needs_review","Jobboard_URL wirkt wie Startseite oder generische Domain, nicht wie konkrete Karriereseite.","Karriere-/Stellenangebote-URL manuell prüfen und spezifischer speichern.","0","0","2026-07-14","heublein"
"Ikert-Tharun Wähling und Partner Rechtsanwälte","iw-partner.de","https://iw-partner.de/karriere/","jobboard_needs_review","Jobboard_URL wirkt wie Startseite oder generische Domain, nicht wie konkrete Karriereseite.","Karriere-/Stellenangebote-URL manuell prüfen und spezifischer speichern.","0","0","2026-07-14","ikert-tharun-waehling-und"
"Benjamin Graumann Rechtsanwalt","anwalt-graumann.de","https://anwalt-graumann.de","jobboard_needs_review","Jobboard_URL wirkt wie Startseite oder generische Domain, nicht wie konkrete Karriereseite.","Karriere-/Stellenangebote-URL manuell prüfen und spezifischer speichern.","0","0","2026-07-14","benjamin-graumann"
"Rechtsanwälte Mook","mook-law.de","https://mook-law.de/neuigkeiten/","no_master_match","Jobboard_URL vorhanden, aber kein Treffer in jobs_master.csv nach Kanzleiname oder Domain.","Seite manuell prüfen: keine Jobs, Parser-Lücke, JS/Cookie-Problem oder spezielles ATS möglich.","0","0","2026-07-14","mook"
"RST Steuerberatungsgesellschaft mbH","rst-beratung.de","https://rst-beratung.de","jobboard_needs_review","Jobboard_URL wirkt wie Startseite oder generische Domain, nicht wie konkrete Karriereseite.","Karriere-/Stellenangebote-URL manuell prüfen und spezifischer speichern.","0","0","2026-07-14","rst-steuerberatungsgesellschaft-mbh"
"Stegemeier Rudolph","stegemeier-rudolph.de","https://stegemeier-rudolph.de","jobboard_needs_review","Jobboard_URL wirkt wie Startseite oder generische Domain, nicht wie konkrete Karriereseite.","Karriere-/Stellenangebote-URL manuell prüfen und spezifischer speichern.","0","0","2026-07-14","stegemeier-rudolph"
"WZM Wanner Zahn Machander Partnergesellschaft mbB","wzm-law.de","https://www.wzm-law.de/de/jobs","no_master_match","Jobboard_URL vorhanden, aber kein Treffer in jobs_master.csv nach Kanzleiname oder Domain.","Seite manuell prüfen: keine Jobs, Parser-Lücke, JS/Cookie-Problem oder spezielles ATS möglich.","0","0","2026-07-14","wzm-wanner-zahn-machander-partnergesellschaft"
"WSP Wintzer Stauffenberg Pekruhl","wsp-beratung.com","https://wsp-beratung.com","jobboard_needs_review","Jobboard_URL wirkt wie Startseite oder generische Domain, nicht wie konkrete Karriereseite.","Karriere-/Stellenangebote-URL manuell prüfen und spezifischer speichern.","0","0","2026-07-14","wsp-wintzer-stauffenberg-pekruhl"
"Wach und Meckes und Partner","wachundmeckes.com","https://wachundmeckes.com","jobboard_needs_review","Jobboard_URL wirkt wie Startseite oder generische Domain, nicht wie konkrete Karriereseite.","Karriere-/Stellenangebote-URL manuell prüfen und spezifischer speichern.","0","0","2026-07-14","wach-und-meckes-und"
"Studio Legal","studiolegal.de","https://studiolegal.de","jobboard_needs_review","Jobboard_URL wirkt wie Startseite oder generische Domain, nicht wie konkrete Karriereseite.","Karriere-/Stellenangebote-URL manuell prüfen und spezifischer speichern.","0","0","2026-07-14","studio"
"Weser Law","weser-law.de","","missing_jobboard_url","Domain vorhanden, aber keine gecachte Jobboard_URL.","Karriereseite entdecken und Jobboard_URL in target_firms_full.csv ergänzen.","0","0","2026-07-14","weser"
"Peterreins Schley","ps-patent.com","https://ps-patent.com/career.html","no_master_match","Jobboard_URL vorhanden, aber kein Treffer in jobs_master.csv nach Kanzleiname oder Domain.","Seite manuell prüfen: keine Jobs, Parser-Lücke, JS/Cookie-Problem oder spezielles ATS möglich.","0","0","2026-07-14","peterreins-schley"
"Müller Blum","muellerblum.de","https://muellerblum.de","jobboard_needs_review","Jobboard_URL wirkt wie Startseite oder generische Domain, nicht wie konkrete Karriereseite.","Karriere-/Stellenangebote-URL manuell prüfen und spezifischer speichern.","0","0","2026-07-14","mueller-blum"
"Momentum","momentum-partners.de","https://momentum-partners.de","jobboard_needs_review","Jobboard_URL wirkt wie Startseite oder generische Domain, nicht wie konkrete Karriereseite.","Karriere-/Stellenangebote-URL manuell prüfen und spezifischer speichern.","0","0","2026-07-14","momentum"
"Michels pmks","michelspmks.de","https://michelspmks.de/de/karriere/","no_master_match","Jobboard_URL vorhanden, aber kein Treffer in jobs_master.csv nach Kanzleiname oder Domain.","Seite manuell prüfen: keine Jobs, Parser-Lücke, JS/Cookie-Problem oder spezielles ATS möglich.","0","0","2026-07-14","michels-pmks"
"MNB Legal","www-mnblegal.de","https://www-mnblegal.de","jobboard_needs_review","Jobboard_URL wirkt wie Startseite oder generische Domain, nicht wie konkrete Karriereseite.","Karriere-/Stellenangebote-URL manuell prüfen und spezifischer speichern.","0","0","2026-07-14","mnb"
"Hilger Neumann & Partner","hilger-neumann-partner.de","https://hilger-neumann-partner.de","jobboard_needs_review","Jobboard_URL wirkt wie Startseite oder generische Domain, nicht wie konkrete Karriereseite.","Karriere-/Stellenangebote-URL manuell prüfen und spezifischer speichern.","0","0","2026-07-14","hilger-neumann-und"
"Franßen & Nusser","fn.legal","https://fn.legal/de/de/karriere/","no_master_match","Jobboard_URL vorhanden, aber kein Treffer in jobs_master.csv nach Kanzleiname oder Domain.","Seite manuell prüfen: keine Jobs, Parser-Lücke, JS/Cookie-Problem oder spezielles ATS möglich.","0","0","2026-07-14","franssen-und-nusser"
"EIP","eip.com","https://eip.com/uk/careers","no_master_match","Jobboard_URL vorhanden, aber kein Treffer in jobs_master.csv nach Kanzleiname oder Domain.","Seite manuell prüfen: keine Jobs, Parser-Lücke, JS/Cookie-Problem oder spezielles ATS möglich.","0","0","2026-07-14","eip"
"EHLERS, EHLERS & PARTNER RECHTSANWALTSGESELLSCHAFT MBB","ehlers-ehlers-und-partner.de","https://ehlers-ehlers-und-partner.de","jobboard_needs_review","Jobboard_URL wirkt wie Startseite oder generische Domain, nicht wie konkrete Karriereseite.","Karriere-/Stellenangebote-URL manuell prüfen und spezifischer speichern.","0","0","2026-07-14","ehlers-ehlers-und-rechtsanwaltsgesellschaft"
"Dr. Knabe","dr-knabe.de","https://www.dr-knabe.de/karriere","jobboard_needs_review","Jobboard_URL wirkt wie Startseite oder generische Domain, nicht wie konkrete Karriereseite.","Karriere-/Stellenangebote-URL manuell prüfen und spezifischer speichern.","0","0","2026-07-14","dr-knabe"
"Dr. Hermanns & Dr. Schumacher","https://www.hermanns-schumacher.d","https://www.hermanns-schumacher.d","jobboard_needs_review","Jobboard_URL wirkt wie Startseite oder generische Domain, nicht wie konkrete Karriereseite.","Karriere-/Stellenangebote-URL manuell prüfen und spezifischer speichern.","0","0","2026-07-14","dr-hermanns-und-dr-schumacher"
"Clayston","clayston.com","https://clayston.com/de/karriere.php","no_master_match","Jobboard_URL vorhanden, aber kein Treffer in jobs_master.csv nach Kanzleiname oder Domain.","Seite manuell prüfen: keine Jobs, Parser-Lücke, JS/Cookie-Problem oder spezielles ATS möglich.","0","0","2026-07-14","clayston"
"Böhret Semsdorf & Partner","boehret-sehmsdorf.de","https://karriere.boehret-sehmsdorf.de","jobboard_needs_review","Jobboard_URL wirkt wie Startseite oder generische Domain, nicht wie konkrete Karriereseite.","Karriere-/Stellenangebote-URL manuell prüfen und spezifischer speichern.","0","0","2026-07-14","boehret-semsdorf-und"
"Bergeman Schönherr Partner","bbsz.de","https://bbsz.de","jobboard_needs_review","Jobboard_URL wirkt wie Startseite oder generische Domain, nicht wie konkrete Karriereseite.","Karriere-/Stellenangebote-URL manuell prüfen und spezifischer speichern.","0","0","2026-07-14","bergeman-schoenherr"
"Rechtsanwaltskanzlei Staab & Kollegen","staab-kollegen.com","https://staab-kollegen.com/karriere/","jobboard_needs_review","Jobboard_URL wirkt wie Startseite oder generische Domain, nicht wie konkrete Karriereseite.","Karriere-/Stellenangebote-URL manuell prüfen und spezifischer speichern.","0","0","2026-07-14","rechtsanwaltskanzlei-staab-und-kollegen"
"Rechtsanwaltskanzlei Polz","polz-rechtsanwaltskanzlei.de","https://www.polz-rechtsanwaltskanzlei.de/karriere","jobboard_needs_review","Jobboard_URL wirkt wie Startseite oder generische Domain, nicht wie konkrete Karriereseite.","Karriere-/Stellenangebote-URL manuell prüfen und spezifischer speichern.","0","0","2026-07-14","rechtsanwaltskanzlei-polz"
"Prüfer & Partner mbB Patentanwälte Rechtsanwalt","pruefer.eu","https://pruefer.eu/karriere/","jobboard_needs_review","Jobboard_URL wirkt wie Startseite oder generische Domain, nicht wie konkrete Karriereseite.","Karriere-/Stellenangebote-URL manuell prüfen und spezifischer speichern.","0","0","2026-07-14","pruefer-und-patentanwaelte"
"Müller-Wrede & Partner Rechtsanwälte","mueller-wrede.de","https://www.bbh-karriere.de/de/","no_master_match","Jobboard_URL vorhanden, aber kein Treffer in jobs_master.csv nach Kanzleiname oder Domain.","Seite manuell prüfen: keine Jobs, Parser-Lücke, JS/Cookie-Problem oder spezielles ATS möglich.","0","0","2026-07-14","mueller-wrede-und"
"Müller-Boré & Partner Patentanwälte PartG mbB","mueller-bore.de","https://mueller-bore.de","jobboard_needs_review","Jobboard_URL wirkt wie Startseite oder generische Domain, nicht wie konkrete Karriereseite.","Karriere-/Stellenangebote-URL manuell prüfen und spezifischer speichern.","0","0","2026-07-14","mueller-bor-und-patentanwaelte"
"Mohr Rechtsanwälte Partnerschaftsgesellschaft mbB","mohrpartner.de","https://mohrpartner.de","jobboard_needs_review","Jobboard_URL wirkt wie Startseite oder generische Domain, nicht wie konkrete Karriereseite.","Karriere-/Stellenangebote-URL manuell prüfen und spezifischer speichern.","0","0","2026-07-14","mohr-partnerschaftsgesellschaft"
"LSV Rechtsanwalts GmbH","lsv-legal.com","https://lsv-legal.com","jobboard_needs_review","Jobboard_URL wirkt wie Startseite oder generische Domain, nicht wie konkrete Karriereseite.","Karriere-/Stellenangebote-URL manuell prüfen und spezifischer speichern.","0","0","2026-07-14","lsv-rechtsanwalts"
"Dennemeyer & Associates S.A.","dennemeyer.com","https://dennemeyer.com","jobboard_needs_review","Jobboard_URL wirkt wie Startseite oder generische Domain, nicht wie konkrete Karriereseite.","Karriere-/Stellenangebote-URL manuell prüfen und spezifischer speichern.","0","0","2026-07-14","dennemeyer-und-associates-s-a"
"Brödermann Jahn","german-law.com","https://german-law.com/de/karriere","no_master_match","Jobboard_URL vorhanden, aber kein Treffer in jobs_master.csv nach Kanzleiname oder Domain.","Seite manuell prüfen: keine Jobs, Parser-Lücke, JS/Cookie-Problem oder spezielles ATS möglich.","0","0","2026-07-14","broedermann-jahn"
"Berner, Fischer & Partner - Rechtsanwälte, Steuerberater PartmbB","bernerfischer-partner.de","https://bernerfischer-partner.de","jobboard_needs_review","Jobboard_URL wirkt wie Startseite oder generische Domain, nicht wie konkrete Karriereseite.","Karriere-/Stellenangebote-URL manuell prüfen und spezifischer speichern.","0","0","2026-07-14","berner-fischer-und-partmbb"
"FASP Finck Sigl & Partner Rechtsanwälte Steuerberater mbB","fasp.de","https://fasp.kanzleibewerbungen.de","jobboard_needs_review","Jobboard_URL wirkt wie Startseite oder generische Domain, nicht wie konkrete Karriereseite.","Karriere-/Stellenangebote-URL manuell prüfen und spezifischer speichern.","0","0","2026-07-14","fasp-finck-sigl-und"
"AWADO Rechtsanwaltsgesellschaft mbH","gra-rechtsanwaltsgesellschaft.de","https://gra-rechtsanwaltsgesellschaft.de","jobboard_needs_review","Jobboard_URL wirkt wie Startseite oder generische Domain, nicht wie konkrete Karriereseite.","Karriere-/Stellenangebote-URL manuell prüfen und spezifischer speichern.","0","0","2026-07-14","awado-rechtsanwaltsgesellschaft-mbh"
"HOECK SCHLÜTER VAAGT Rechtsanwälte Partnerschaft mbB","hsv-fl.de","https://hsv-fl.de","jobboard_needs_review","Jobboard_URL wirkt wie Startseite oder generische Domain, nicht wie konkrete Karriereseite.","Karriere-/Stellenangebote-URL manuell prüfen und spezifischer speichern.","0","0","2026-07-14","hoeck-schlueter-vaagt"
"Dissmann Orth","dolaw.de","https://dolaw.de","jobboard_needs_review","Jobboard_URL wirkt wie Startseite oder generische Domain, nicht wie konkrete Karriereseite.","Karriere-/Stellenangebote-URL manuell prüfen und spezifischer speichern.","0","0","2026-07-14","dissmann-orth"
"DANCKELMANN UND KERST Rechtsanwälte Notare","danckelmann-kerst.de","https://danckelmann-kerst.de","jobboard_needs_review","Jobboard_URL wirkt wie Startseite oder generische Domain, nicht wie konkrete Karriereseite.","Karriere-/Stellenangebote-URL manuell prüfen und spezifischer speichern.","0","0","2026-07-14","danckelmann-und-kerst"
"bbt Rechtsanwälte und Steuerberater von Boehmer, Borchert, Trittel Partnerschaft mit beschränkter Berufshaftung","bbt-kanzlei.de","http://www.karriere-bbt-kanzlei.de","jobboard_needs_review","Jobboard_URL wirkt wie Startseite oder generische Domain, nicht wie konkrete Karriereseite.","Karriere-/Stellenangebote-URL manuell prüfen und spezifischer speichern.","0","0","2026-07-14","bbt-und-von-boehmer-borchert-trittel-mit-beschraenkter-berufshaftung"
"Lausen Rechtsanwälte Partnerschaft","lausen.com","https://lausen.com","jobboard_needs_review","Jobboard_URL wirkt wie Startseite oder generische Domain, nicht wie konkrete Karriereseite.","Karriere-/Stellenangebote-URL manuell prüfen und spezifischer speichern.","0","0","2026-07-14","lausen"
"okl & partner","oklp.de","https://oklp.de/#Karriere","jobboard_needs_review","Jobboard_URL wirkt wie Startseite oder generische Domain, nicht wie konkrete Karriereseite.","Karriere-/Stellenangebote-URL manuell prüfen und spezifischer speichern.","0","0","2026-07-14","okl-und"
"JOHLKE NIETHAMMER & PARTNER Insolvenzverwalter Rechtsanwälte Wirtschaftsprüfer Steuerberater Partnerschaftsgesellschaft mbB","jnp.de","https://jnp.de","jobboard_needs_review","Jobboard_URL wirkt wie Startseite oder generische Domain, nicht wie konkrete Karriereseite.","Karriere-/Stellenangebote-URL manuell prüfen und spezifischer speichern.","0","0","2026-07-14","johlke-niethammer-und-insolvenzverwalter-partnerschaftsgesellschaft"
"Hammes Insolvenzverwalter GbR","rae-hammes.de","https://ingenium.law/karriere/","no_master_match","Jobboard_URL vorhanden, aber kein Treffer in jobs_master.csv nach Kanzleiname oder Domain.","Seite manuell prüfen: keine Jobs, Parser-Lücke, JS/Cookie-Problem oder spezielles ATS möglich.","0","0","2026-07-14","hammes-insolvenzverwalter-gbr"
"ANDREÄ & PARTNER Rechtsanwälte","rechtsanwalt-wiesbaden.de","https://rechtsanwalt-wiesbaden.de","jobboard_needs_review","Jobboard_URL wirkt wie Startseite oder generische Domain, nicht wie konkrete Karriereseite.","Karriere-/Stellenangebote-URL manuell prüfen und spezifischer speichern.","0","0","2026-07-14","andreae-und"
"Kraus & Weisert Patentanwälte PartGmbB","kraus-weisert.de","https://www.kraus-lederer.de/career.html","no_master_match","Jobboard_URL vorhanden, aber kein Treffer in jobs_master.csv nach Kanzleiname oder Domain.","Seite manuell prüfen: keine Jobs, Parser-Lücke, JS/Cookie-Problem oder spezielles ATS möglich.","0","0","2026-07-14","kraus-und-weisert-patentanwaelte"
"Lambsdorff","lambsdorff.law","https://lambsdorff.law","jobboard_needs_review","Jobboard_URL wirkt wie Startseite oder generische Domain, nicht wie konkrete Karriereseite.","Karriere-/Stellenangebote-URL manuell prüfen und spezifischer speichern.","0","0","2026-07-14","lambsdorff"
"Hartmann Gallus & Partner Rechtsanwälte Partnerschaftschaftsgesellschaft mit beschränkter Berufshaftung (mbB).","kanzlei-hgp.de","https://kanzlei-hgp.de","jobboard_needs_review","Jobboard_URL wirkt wie Startseite oder generische Domain, nicht wie konkrete Karriereseite.","Karriere-/Stellenangebote-URL manuell prüfen und spezifischer speichern.","0","0","2026-07-14","hartmann-gallus-und-partnerschaftschaftsgesellschaft-mit-beschraenkter-berufshaftung"
"G&P Gloeckner.Fuhrmann.Nentwich. Rechtsanwaltsgesellschaft mbH","gloeckner.com","https://gloeckner.com","jobboard_needs_review","Jobboard_URL wirkt wie Startseite oder generische Domain, nicht wie konkrete Karriereseite.","Karriere-/Stellenangebote-URL manuell prüfen und spezifischer speichern.","0","0","2026-07-14","g-und-p-gloeckner-fuhrmann-nentwich-rechtsanwaltsgesellschaft-mbh"
"Beck Rechtsanwälte Partnerschaft mbB","becklaw.de","https://www.becklaw.de/de/karriere/","no_master_match","Jobboard_URL vorhanden, aber kein Treffer in jobs_master.csv nach Kanzleiname oder Domain.","Seite manuell prüfen: keine Jobs, Parser-Lücke, JS/Cookie-Problem oder spezielles ATS möglich.","0","0","2026-07-14","beck"
"AGS Acker Schmalz","ags-legal.de","https://www.ags-legal.de/de/de/karriere","no_master_match","Jobboard_URL vorhanden, aber kein Treffer in jobs_master.csv nach Kanzleiname oder Domain.","Seite manuell prüfen: keine Jobs, Parser-Lücke, JS/Cookie-Problem oder spezielles ATS möglich.","0","0","2026-07-14","ags-acker-schmalz"
"Kanzlei TBK-Patent","tbk.de","https://tbk.com","jobboard_needs_review","Jobboard_URL wirkt wie Startseite oder generische Domain, nicht wie konkrete Karriereseite.","Karriere-/Stellenangebote-URL manuell prüfen und spezifischer speichern.","0","0","2026-07-14","tbk-patent"
"Anwaltskanzlei Pfefferle Helberg & Partner Rechtsanwälte und Steuerberater","pfefferle.de","https://www.pfefferle.de/pfefferle-gruppe-recht-steuer-wirtschaft/stellenanzeigen-pfefferle-gruppe/","no_master_match","Jobboard_URL vorhanden, aber kein Treffer in jobs_master.csv nach Kanzleiname oder Domain.","Seite manuell prüfen: keine Jobs, Parser-Lücke, JS/Cookie-Problem oder spezielles ATS möglich.","0","0","2026-07-14","anwaltskanzlei-pfefferle-helberg-und-und"
"Sernetz Schäfer","sernetz-schaefer.de","https://sernetz-schaefer.de","jobboard_needs_review","Jobboard_URL wirkt wie Startseite oder generische Domain, nicht wie konkrete Karriereseite.","Karriere-/Stellenangebote-URL manuell prüfen und spezifischer speichern.","0","0","2026-07-14","sernetz-schaefer"
"Köchling & Krahnefeld Rechtsanwälte","kk-rae.de","https://kk-rae.de","jobboard_needs_review","Jobboard_URL wirkt wie Startseite oder generische Domain, nicht wie konkrete Karriereseite.","Karriere-/Stellenangebote-URL manuell prüfen und spezifischer speichern.","0","0","2026-07-14","koechling-und-krahnefeld"
"Fachanwaltskanzlei Mainz Frankfurt","jrm-legal.de","https://jrm-legal.de","jobboard_needs_review","Jobboard_URL wirkt wie Startseite oder generische Domain, nicht wie konkrete Karriereseite.","Karriere-/Stellenangebote-URL manuell prüfen und spezifischer speichern.","0","0","2026-07-14","fachanwaltskanzlei-mainz-frankfurt"
"King & Wood Mallesons","eu.kwm.com","https://eu.kwm.com","jobboard_needs_review","Jobboard_URL wirkt wie Startseite oder generische Domain, nicht wie konkrete Karriereseite.","Karriere-/Stellenangebote-URL manuell prüfen und spezifischer speichern.","0","0","2026-07-14","king-und-wood-mallesons"
"Hausfeld","hausfeld.com","https://www.hausfeld.com/KARRIERE","jobboard_needs_review","Jobboard_URL wirkt wie Startseite oder generische Domain, nicht wie konkrete Karriereseite.","Karriere-/Stellenangebote-URL manuell prüfen und spezifischer speichern.","0","0","2026-07-14","hausfeld"
"Mingers.","mingers.law","https://mingers.law","jobboard_needs_review","Jobboard_URL wirkt wie Startseite oder generische Domain, nicht wie konkrete Karriereseite.","Karriere-/Stellenangebote-URL manuell prüfen und spezifischer speichern.","0","0","2026-07-14","mingers"
"HauckSchuchardt Partnerschaft von Steuerberatern und Rechtsanwälten mbB","hauckschuchardt.com","https://www.hauckschuchardt.com/de/de/karriere.html","no_master_match","Jobboard_URL vorhanden, aber kein Treffer in jobs_master.csv nach Kanzleiname oder Domain.","Seite manuell prüfen: keine Jobs, Parser-Lücke, JS/Cookie-Problem oder spezielles ATS möglich.","0","0","2026-07-14","hauckschuchardt-von-steuerberatern-und-rechtsanwaelten"
"Halm & Collegen","halmcollegen.de","https://halmcollegen.de","jobboard_needs_review","Jobboard_URL wirkt wie Startseite oder generische Domain, nicht wie konkrete Karriereseite.","Karriere-/Stellenangebote-URL manuell prüfen und spezifischer speichern.","0","0","2026-07-14","halm-und-collegen"
"CSR Sturm Rechtsanwaltsgesellschaft mbH","cs-rechtsanwaelte.de","https://cs-rechtsanwaelte.de","jobboard_needs_review","Jobboard_URL wirkt wie Startseite oder generische Domain, nicht wie konkrete Karriereseite.","Karriere-/Stellenangebote-URL manuell prüfen und spezifischer speichern.","0","0","2026-07-14","csr-sturm-rechtsanwaltsgesellschaft-mbh"
"Chevalier Rechtsanwälte","kanzlei-chevalier.de","https://kanzlei-chevalier.de","jobboard_needs_review","Jobboard_URL wirkt wie Startseite oder generische Domain, nicht wie konkrete Karriereseite.","Karriere-/Stellenangebote-URL manuell prüfen und spezifischer speichern.","0","0","2026-07-14","chevalier"
"WIPIT","wipit.legal","https://www.wipit.legal/de/career","no_master_match","Jobboard_URL vorhanden, aber kein Treffer in jobs_master.csv nach Kanzleiname oder Domain.","Seite manuell prüfen: keine Jobs, Parser-Lücke, JS/Cookie-Problem oder spezielles ATS möglich.","0","0","2026-07-14","wipit"
"WilmerHale","wilmerhale.com","https://wilmerhale.com","jobboard_needs_review","Jobboard_URL wirkt wie Startseite oder generische Domain, nicht wie konkrete Karriereseite.","Karriere-/Stellenangebote-URL manuell prüfen und spezifischer speichern.","0","0","2026-07-14","wilmerhale"
"TBK-Patent","tbk.com","https://tbk.com","jobboard_needs_review","Jobboard_URL wirkt wie Startseite oder generische Domain, nicht wie konkrete Karriereseite.","Karriere-/Stellenangebote-URL manuell prüfen und spezifischer speichern.","0","0","2026-07-14","tbk-patent"
"DWF Germany","dwfgroup.com","https://dwfgroup.com/en/careers","no_master_match","Jobboard_URL vorhanden, aber kein Treffer in jobs_master.csv nach Kanzleiname oder Domain.","Seite manuell prüfen: keine Jobs, Parser-Lücke, JS/Cookie-Problem oder spezielles ATS möglich.","0","0","2026-07-14","dwf-germany"
"Derra, Meyer & Partner Rechtsanwälte PartG mbB","derra.eu","https://www.derra.eu/?page_id=2854","jobboard_needs_review","Jobboard_URL wirkt wie Startseite oder generische Domain, nicht wie konkrete Karriereseite.","Karriere-/Stellenangebote-URL manuell prüfen und spezifischer speichern.","0","0","2026-07-14","derra-meyer-und"
"Gaßmann & Seidel Rechtsanwälte PartmbB","gassmann-seidel.de","https://gassmann-seidel.de/karriere/","jobboard_needs_review","Jobboard_URL wirkt wie Startseite oder generische Domain, nicht wie konkrete Karriereseite.","Karriere-/Stellenangebote-URL manuell prüfen und spezifischer speichern.","0","0","2026-07-14","gassmann-und-seidel-partmbb"
"Schultz-Süchting","schultz-suechting.de","https://schultz-suechting.de","jobboard_needs_review","Jobboard_URL wirkt wie Startseite oder generische Domain, nicht wie konkrete Karriereseite.","Karriere-/Stellenangebote-URL manuell prüfen und spezifischer speichern.","0","0","2026-07-14","schultz-suechting"
"AGS Legal - Acker Schmalz Rechtsanwälte","ags-legal.com","https://www.ags-legal.de/de/de/karriere","no_master_match","Jobboard_URL vorhanden, aber kein Treffer in jobs_master.csv nach Kanzleiname oder Domain.","Seite manuell prüfen: keine Jobs, Parser-Lücke, JS/Cookie-Problem oder spezielles ATS möglich.","0","0","2026-07-14","ags-acker-schmalz"
"Gaidies Heggemann & Partner","gsp.de","https://gsp.de","jobboard_needs_review","Jobboard_URL wirkt wie Startseite oder generische Domain, nicht wie konkrete Karriereseite.","Karriere-/Stellenangebote-URL manuell prüfen und spezifischer speichern.","0","0","2026-07-14","gaidies-heggemann-und"
"Broich","broich.de","https://broich.de","jobboard_needs_review","Jobboard_URL wirkt wie Startseite oder generische Domain, nicht wie konkrete Karriereseite.","Karriere-/Stellenangebote-URL manuell prüfen und spezifischer speichern.","0","0","2026-07-14","broich"
"CSW Rechtsanwälte","csw.partners","https://csw.partners/karriere/","jobboard_needs_review","Jobboard_URL wirkt wie Startseite oder generische Domain, nicht wie konkrete Karriereseite.","Karriere-/Stellenangebote-URL manuell prüfen und spezifischer speichern.","0","0","2026-07-14","csw"
"Bendel & Partner Rechtsanwälte mbB","bendel-partner.de","https://bendel-partner.de/?page_id=609","jobboard_needs_review","Jobboard_URL wirkt wie Startseite oder generische Domain, nicht wie konkrete Karriereseite.","Karriere-/Stellenangebote-URL manuell prüfen und spezifischer speichern.","0","0","2026-07-14","bendel-und"
"Dr. Schwarz & Partner","schwarzundpartner.de","https://www.schwarzpartners.de/karriere","no_master_match","Jobboard_URL vorhanden, aber kein Treffer in jobs_master.csv nach Kanzleiname oder Domain.","Seite manuell prüfen: keine Jobs, Parser-Lücke, JS/Cookie-Problem oder spezielles ATS möglich.","0","0","2026-07-14","dr-schwarz-und"
"Schulte","schulte-lawyers.com","https://www.schulte-lawyers.com/karriere","jobboard_needs_review","Jobboard_URL wirkt wie Startseite oder generische Domain, nicht wie konkrete Karriereseite.","Karriere-/Stellenangebote-URL manuell prüfen und spezifischer speichern.","0","0","2026-07-14","schulte"
"Grant Thornton AG","grantthornton.de","https://www.grantthornton.de/karriere/","jobboard_needs_review","Jobboard_URL wirkt wie Startseite oder generische Domain, nicht wie konkrete Karriereseite.","Karriere-/Stellenangebote-URL manuell prüfen und spezifischer speichern.","0","0","2026-07-14","grant-thornton"
"df-mp Dörries Frank-Molnia & Pohlman Patentanwälte Rechtsanwälte PartG mbB","df-mp.com","https://job.df-mp.com","jobboard_needs_review","Jobboard_URL wirkt wie Startseite oder generische Domain, nicht wie konkrete Karriereseite.","Karriere-/Stellenangebote-URL manuell prüfen und spezifischer speichern.","0","0","2026-07-14","df-mp-doerries-frank-molnia-und-pohlman-patentanwaelte"
"Kopp-Assenmacher","kopp-assenmacher.de","https://kopp-assenmacher.de/de/files/upload/karriere/Stellenausschreibungen-Rechtsanwalt.pdf","no_master_match","Jobboard_URL vorhanden, aber kein Treffer in jobs_master.csv nach Kanzleiname oder Domain.","Seite manuell prüfen: keine Jobs, Parser-Lücke, JS/Cookie-Problem oder spezielles ATS möglich.","0","0","2026-07-14","kopp-assenmacher"
"Reissner Ernst","reissner-ernst.de","https://reissner-ernst.de","jobboard_needs_review","Jobboard_URL wirkt wie Startseite oder generische Domain, nicht wie konkrete Karriereseite.","Karriere-/Stellenangebote-URL manuell prüfen und spezifischer speichern.","0","0","2026-07-14","reissner-ernst"
"Taxess","taxess.de","https://taxess.de","jobboard_needs_review","Jobboard_URL wirkt wie Startseite oder generische Domain, nicht wie konkrete Karriereseite.","Karriere-/Stellenangebote-URL manuell prüfen und spezifischer speichern.","0","0","2026-07-14","taxess"
"EOS KSI Inkasso","eos-direct.de/","https://www.eos-direct.de/karriere/","no_master_match","Jobboard_URL vorhanden, aber kein Treffer in jobs_master.csv nach Kanzleiname oder Domain.","Seite manuell prüfen: keine Jobs, Parser-Lücke, JS/Cookie-Problem oder spezielles ATS möglich.","0","0","2026-07-14","eos-ksi-inkasso"
"Rüter Partner","rueterpartner.de","https://rueterpartner.de","jobboard_needs_review","Jobboard_URL wirkt wie Startseite oder generische Domain, nicht wie konkrete Karriereseite.","Karriere-/Stellenangebote-URL manuell prüfen und spezifischer speichern.","0","0","2026-07-14","rueter"
"aios","aiostax.de","https://aiostax.de","jobboard_needs_review","Jobboard_URL wirkt wie Startseite oder generische Domain, nicht wie konkrete Karriereseite.","Karriere-/Stellenangebote-URL manuell prüfen und spezifischer speichern.","0","0","2026-07-14","aios"
"avericon","avericon.de","https://avericon.de","jobboard_needs_review","Jobboard_URL wirkt wie Startseite oder generische Domain, nicht wie konkrete Karriereseite.","Karriere-/Stellenangebote-URL manuell prüfen und spezifischer speichern.","0","0","2026-07-14","avericon"
"graf detzer","graf-detzer.de","https://www.rechtsanwalts-kanzlei-wolfratshausen.de/kanzlei/karriere/","no_master_match","Jobboard_URL vorhanden, aber kein Treffer in jobs_master.csv nach Kanzleiname oder Domain.","Seite manuell prüfen: keine Jobs, Parser-Lücke, JS/Cookie-Problem oder spezielles ATS möglich.","0","0","2026-07-14","graf-detzer"
"ziegler","steuern-ziegler.com","https://steuern-ziegler.com","jobboard_needs_review","Jobboard_URL wirkt wie Startseite oder generische Domain, nicht wie konkrete Karriereseite.","Karriere-/Stellenangebote-URL manuell prüfen und spezifischer speichern.","0","0","2026-07-14","ziegler"
"auracher","kanzlei-auracher.de","https://kanzlei-auracher.de","jobboard_needs_review","Jobboard_URL wirkt wie Startseite oder generische Domain, nicht wie konkrete Karriereseite.","Karriere-/Stellenangebote-URL manuell prüfen und spezifischer speichern.","0","0","2026-07-14","auracher"
"acoute","acoute.de","https://acoute.de","jobboard_needs_review","Jobboard_URL wirkt wie Startseite oder generische Domain, nicht wie konkrete Karriereseite.","Karriere-/Stellenangebote-URL manuell prüfen und spezifischer speichern.","0","0","2026-07-14","acoute"
"bms-recht","bms-recht.de","https://bms-recht.de","jobboard_needs_review","Jobboard_URL wirkt wie Startseite oder generische Domain, nicht wie konkrete Karriereseite.","Karriere-/Stellenangebote-URL manuell prüfen und spezifischer speichern.","0","0","2026-07-14","bms-recht"
"geyer-bochum","geyer-bochum.de","https://geyer-bochum.de","jobboard_needs_review","Jobboard_URL wirkt wie Startseite oder generische Domain, nicht wie konkrete Karriereseite.","Karriere-/Stellenangebote-URL manuell prüfen und spezifischer speichern.","0","0","2026-07-14","geyer-bochum"
"ra-stoecker","ra-stoecker.de","https://ra-stoecker.de","jobboard_needs_review","Jobboard_URL wirkt wie Startseite oder generische Domain, nicht wie konkrete Karriereseite.","Karriere-/Stellenangebote-URL manuell prüfen und spezifischer speichern.","0","0","2026-07-14","ra-stoecker"
"Dimpfl und Kollegen","kanzlei.direct","https://kanzlei.direct","jobboard_needs_review","Jobboard_URL wirkt wie Startseite oder generische Domain, nicht wie konkrete Karriereseite.","Karriere-/Stellenangebote-URL manuell prüfen und spezifischer speichern.","0","0","2026-07-14","dimpfl-und-kollegen"
"SMS&R","steuerberatung-hh.de","https://steuerberatung-sms.dein-karriere-portal.de/","jobboard_needs_review","Jobboard_URL wirkt wie Startseite oder generische Domain, nicht wie konkrete Karriereseite.","Karriere-/Stellenangebote-URL manuell prüfen und spezifischer speichern.","0","0","2026-07-14","sms-und-r"
"Alvarez & Marsal Deutschland","alvarezandmarsal.com","https://alvarezandmarsal.com","jobboard_needs_review","Jobboard_URL wirkt wie Startseite oder generische Domain, nicht wie konkrete Karriereseite.","Karriere-/Stellenangebote-URL manuell prüfen und spezifischer speichern.","0","0","2026-07-14","alvarez-und-marsal-deutschland"
"AWI TREUHAND","awi-treuhand.de","https://awi-treuhand.de","jobboard_needs_review","Jobboard_URL wirkt wie Startseite oder generische Domain, nicht wie konkrete Karriereseite.","Karriere-/Stellenangebote-URL manuell prüfen und spezifischer speichern.","0","0","2026-07-14","awi-treuhand"
"Ba Group","ba-group.de","https://ba-group.de","jobboard_needs_review","Jobboard_URL wirkt wie Startseite oder generische Domain, nicht wie konkrete Karriereseite.","Karriere-/Stellenangebote-URL manuell prüfen und spezifischer speichern.","0","0","2026-07-14","ba-group"
"BERATA GmbH","bbjmail.de","https://bbjmail.de","jobboard_needs_review","Jobboard_URL wirkt wie Startseite oder generische Domain, nicht wie konkrete Karriereseite.","Karriere-/Stellenangebote-URL manuell prüfen und spezifischer speichern.","0","0","2026-07-14","berata"
"Ehlers & Schaefer","ehlers-schaefer.de","https://www.ehlers-schaefer.de/karriere/","jobboard_needs_review","Jobboard_URL wirkt wie Startseite oder generische Domain, nicht wie konkrete Karriereseite.","Karriere-/Stellenangebote-URL manuell prüfen und spezifischer speichern.","0","0","2026-07-14","ehlers-und-schaefer"
"KOMTAX","komtax.de","https://komtax-stb.deine-wunschkanzlei.de/","jobboard_needs_review","Jobboard_URL wirkt wie Startseite oder generische Domain, nicht wie konkrete Karriereseite.","Karriere-/Stellenangebote-URL manuell prüfen und spezifischer speichern.","0","0","2026-07-14","komtax"
"Magdeburger Treuhand","mdth.de","https://www.mdth.de/de/de/karriere.html","no_master_match","Jobboard_URL vorhanden, aber kein Treffer in jobs_master.csv nach Kanzleiname oder Domain.","Seite manuell prüfen: keine Jobs, Parser-Lücke, JS/Cookie-Problem oder spezielles ATS möglich.","0","0","2026-07-14","magdeburger-treuhand"
"Nielsen ∙ Wiebe & Partner","nwup.de","https://jobs.nwup.de/","jobboard_needs_review","Jobboard_URL wirkt wie Startseite oder generische Domain, nicht wie konkrete Karriereseite.","Karriere-/Stellenangebote-URL manuell prüfen und spezifischer speichern.","0","0","2026-07-14","nielsen-wiebe-und"
"RSG Gera","rsg-gera.de","https://www.rsg-gera.de/karriere","jobboard_needs_review","Jobboard_URL wirkt wie Startseite oder generische Domain, nicht wie konkrete Karriereseite.","Karriere-/Stellenangebote-URL manuell prüfen und spezifischer speichern.","0","0","2026-07-14","rsg-gera"
"staib-partner","staib-partner.de","https://staib-partner.de","jobboard_needs_review","Jobboard_URL wirkt wie Startseite oder generische Domain, nicht wie konkrete Karriereseite.","Karriere-/Stellenangebote-URL manuell prüfen und spezifischer speichern.","0","0","2026-07-14","staib"
"TLC GmbH","tlc.ag","https://tlc.kanzleitalente.de","jobboard_needs_review","Jobboard_URL wirkt wie Startseite oder generische Domain, nicht wie konkrete Karriereseite.","Karriere-/Stellenangebote-URL manuell prüfen und spezifischer speichern.","0","0","2026-07-14","tlc"
"Wortmann & Partner & Co. KG","wortmannpartner.de","https://www.wortmannpartner.de/karriere","jobboard_needs_review","Jobboard_URL wirkt wie Startseite oder generische Domain, nicht wie konkrete Karriereseite.","Karriere-/Stellenangebote-URL manuell prüfen und spezifischer speichern.","0","0","2026-07-14","wortmann-und-und-co"
"Zawi Treuhand","zawi-treuhand.de","https://zawi-treuhand.de/karriere/","jobboard_needs_review","Jobboard_URL wirkt wie Startseite oder generische Domain, nicht wie konkrete Karriereseite.","Karriere-/Stellenangebote-URL manuell prüfen und spezifischer speichern.","0","0","2026-07-14","zawi-treuhand"
"Aderhold","aderhold.de","https://www.aderhold.de/karriere","jobboard_needs_review","Jobboard_URL wirkt wie Startseite oder generische Domain, nicht wie konkrete Karriereseite.","Karriere-/Stellenangebote-URL manuell prüfen und spezifischer speichern.","0","0","2026-07-14","aderhold"
"Dr. Jockisch","kanzlei-jockisch.de","https://kanzlei-jockisch.de","jobboard_needs_review","Jobboard_URL wirkt wie Startseite oder generische Domain, nicht wie konkrete Karriereseite.","Karriere-/Stellenangebote-URL manuell prüfen und spezifischer speichern.","0","0","2026-07-14","dr-jockisch"
"Dietrich Graf Zedtwitz","dietrich-grafzedtwitz.com","https://dietrich-grafzedtwitz.com","jobboard_needs_review","Jobboard_URL wirkt wie Startseite oder generische Domain, nicht wie konkrete Karriereseite.","Karriere-/Stellenangebote-URL manuell prüfen und spezifischer speichern.","0","0","2026-07-14","dietrich-graf-zedtwitz"
"Rolf Tempelhoff","womf-rechtsanwaelte.de","https://womf-rechtsanwaelte.de","jobboard_needs_review","Jobboard_URL wirkt wie Startseite oder generische Domain, nicht wie konkrete Karriereseite.","Karriere-/Stellenangebote-URL manuell prüfen und spezifischer speichern.","0","0","2026-07-14","rolf-tempelhoff"
"LIEBIG","inso-liebig.de","https://inso-liebig.de/karriere/","jobboard_needs_review","Jobboard_URL wirkt wie Startseite oder generische Domain, nicht wie konkrete Karriereseite.","Karriere-/Stellenangebote-URL manuell prüfen und spezifischer speichern.","0","0","2026-07-14","liebig"
"MC Media","mc-media.de","https://karriere.mc-media.de/","jobboard_needs_review","Jobboard_URL wirkt wie Startseite oder generische Domain, nicht wie konkrete Karriereseite.","Karriere-/Stellenangebote-URL manuell prüfen und spezifischer speichern.","0","0","2026-07-14","mc-media"
"Dr. Strecker & Hane GbR","strecker-hane.de","https://www.strecker-hane.de/karriere","jobboard_needs_review","Jobboard_URL wirkt wie Startseite oder generische Domain, nicht wie konkrete Karriereseite.","Karriere-/Stellenangebote-URL manuell prüfen und spezifischer speichern.","0","0","2026-07-14","dr-strecker-und-hane-gbr"
"Baumann & Baumann","baumann-baumann.de","https://baumann-baumann.dein-karriere-portal.de/","jobboard_needs_review","Jobboard_URL wirkt wie Startseite oder generische Domain, nicht wie konkrete Karriereseite.","Karriere-/Stellenangebote-URL manuell prüfen und spezifischer speichern.","0","0","2026-07-14","baumann-und-baumann"
"Rechtsanwälte Bernd Baumann","rechtsanwalt-serm.de","https://rechtsanwalt-serm.de","jobboard_needs_review","Jobboard_URL wirkt wie Startseite oder generische Domain, nicht wie konkrete Karriereseite.","Karriere-/Stellenangebote-URL manuell prüfen und spezifischer speichern.","0","0","2026-07-14","bernd-baumann"
"Dr. Sander & Partner​ mbB Rechtsanwälte","sander-anwalt.de","https://www.sander-anwalt.de","jobboard_needs_review","Jobboard_URL wirkt wie Startseite oder generische Domain, nicht wie konkrete Karriereseite.","Karriere-/Stellenangebote-URL manuell prüfen und spezifischer speichern.","0","0","2026-07-14","dr-sander-und"
"Steuerfachanwaltskanzlei Faltermeier Jürgen Faltermeier Rechtsanwalt Fachanwalt für Steuerrecht","ra-faltermeier.de","https://ra-faltermeier.de","jobboard_needs_review","Jobboard_URL wirkt wie Startseite oder generische Domain, nicht wie konkrete Karriereseite.","Karriere-/Stellenangebote-URL manuell prüfen und spezifischer speichern.","0","0","2026-07-14","steuerfachanwaltskanzlei-faltermeier-juergen-faltermeier-fachanwalt-fuer-steuerrecht"
"Rechtsanwalt Markus Koersgen, Rechtsanwalt und Fachanwalt für Familienrecht","mein-rechtsanwalt-in-kiel.de","https://mein-rechtsanwalt-in-kiel.de","jobboard_needs_review","Jobboard_URL wirkt wie Startseite oder generische Domain, nicht wie konkrete Karriereseite.","Karriere-/Stellenangebote-URL manuell prüfen und spezifischer speichern.","0","0","2026-07-14","markus-koersgen-und-fachanwalt-fuer-familienrecht"
"Sozietät Matthiesen, Siems & Dr. Roes (Rechtsform GbR) vereidigter Buchprüfer / Steuerberater / Rechtsanwalt","steuerberatung-sms.de","https://steuerberatung-sms.dein-karriere-portal.de/","jobboard_needs_review","Jobboard_URL wirkt wie Startseite oder generische Domain, nicht wie konkrete Karriereseite.","Karriere-/Stellenangebote-URL manuell prüfen und spezifischer speichern.","0","0","2026-07-14","sozietaet-matthiesen-siems-und-dr-roes-rechtsform-gbr-vereidigter-buchpruefer"
"Rechtsanwalts- und Steuerkanzlei Mueller & Winter","steuer-recht-kanzlei.de","https://steuer-recht-kanzlei.de","jobboard_needs_review","Jobboard_URL wirkt wie Startseite oder generische Domain, nicht wie konkrete Karriereseite.","Karriere-/Stellenangebote-URL manuell prüfen und spezifischer speichern.","0","0","2026-07-14","rechtsanwalts-und-steuerkanzlei-mueller-und-winter"
"Akmaz & Kollegen Anwaltskanzlei","recht-akmaz.eu","https://recht-akmaz.eu","jobboard_needs_review","Jobboard_URL wirkt wie Startseite oder generische Domain, nicht wie konkrete Karriereseite.","Karriere-/Stellenangebote-URL manuell prüfen und spezifischer speichern.","0","0","2026-07-14","akmaz-und-kollegen-anwaltskanzlei"
"Mühlbacher und Partner","ra-mup.de","https://ra-mup.de","jobboard_needs_review","Jobboard_URL wirkt wie Startseite oder generische Domain, nicht wie konkrete Karriereseite.","Karriere-/Stellenangebote-URL manuell prüfen und spezifischer speichern.","0","0","2026-07-14","muehlbacher-und"
"RECHTSANWALTSKANZEI ULLRICH","kanzlei-ullrich.de","https://kanzlei-ullrich.de","jobboard_needs_review","Jobboard_URL wirkt wie Startseite oder generische Domain, nicht wie konkrete Karriereseite.","Karriere-/Stellenangebote-URL manuell prüfen und spezifischer speichern.","0","0","2026-07-14","rechtsanwaltskanzei-ullrich"
"MEIXNER & DOLLHOPF","kanzlei-mds.de","https://kanzlei-mds.de","jobboard_needs_review","Jobboard_URL wirkt wie Startseite oder generische Domain, nicht wie konkrete Karriereseite.","Karriere-/Stellenangebote-URL manuell prüfen und spezifischer speichern.","0","0","2026-07-14","meixner-und-dollhopf"
"Forster Und Witt","rechtsanwalt-traunstein.de","https://rechtsanwalt-traunstein.de","jobboard_needs_review","Jobboard_URL wirkt wie Startseite oder generische Domain, nicht wie konkrete Karriereseite.","Karriere-/Stellenangebote-URL manuell prüfen und spezifischer speichern.","0","0","2026-07-14","forster-und-witt"
"Jur. Doreen Fichtner-Günz Rechtsanwältin","kanzlei-fg.de","https://kanzlei-fg.de","jobboard_needs_review","Jobboard_URL wirkt wie Startseite oder generische Domain, nicht wie konkrete Karriereseite.","Karriere-/Stellenangebote-URL manuell prüfen und spezifischer speichern.","0","0","2026-07-14","jur-doreen-fichtner-guenz-rechtsanwaeltin"
"KEMPTER & KOLLEGEN Rechtsanwälte","ra-kempter.de","https://ra-kempter.de","jobboard_needs_review","Jobboard_URL wirkt wie Startseite oder generische Domain, nicht wie konkrete Karriereseite.","Karriere-/Stellenangebote-URL manuell prüfen und spezifischer speichern.","0","0","2026-07-14","kempter-und-kollegen"
"Rechtsanwälte Niedermeier","ra-niedermeier.de","https://ra-niedermeier.de/kontakt/#karriere","no_master_match","Jobboard_URL vorhanden, aber kein Treffer in jobs_master.csv nach Kanzleiname oder Domain.","Seite manuell prüfen: keine Jobs, Parser-Lücke, JS/Cookie-Problem oder spezielles ATS möglich.","0","0","2026-07-14","niedermeier"
"Kanzlei Dr. Brüggemann Miermeister Kunz Alberts","rechtsrat-emden.de","","missing_jobboard_url","Domain vorhanden, aber keine gecachte Jobboard_URL.","Karriereseite entdecken und Jobboard_URL in target_firms_full.csv ergänzen.","0","0","2026-07-14","dr-brueggemann-miermeister-kunz-alberts"
"Kanzlei Weinhold","kanzlei-weinhold.de","https://kanzlei-weinhold.de","jobboard_needs_review","Jobboard_URL wirkt wie Startseite oder generische Domain, nicht wie konkrete Karriereseite.","Karriere-/Stellenangebote-URL manuell prüfen und spezifischer speichern.","0","0","2026-07-14","weinhold"
"Rechtsanwalt und Notar Thomas Jaster","ra-jaster.de","https://ra-jaster.de","jobboard_needs_review","Jobboard_URL wirkt wie Startseite oder generische Domain, nicht wie konkrete Karriereseite.","Karriere-/Stellenangebote-URL manuell prüfen und spezifischer speichern.","0","0","2026-07-14","und-thomas-jaster"
"Michael Hewer Rechtsanwälte","ra-hewer.de","https://ra-hewer.de","jobboard_needs_review","Jobboard_URL wirkt wie Startseite oder generische Domain, nicht wie konkrete Karriereseite.","Karriere-/Stellenangebote-URL manuell prüfen und spezifischer speichern.","0","0","2026-07-14","michael-hewer"
"Ines Hodl Rechtsanwältin","rechtsanwaeltin-hodl.de","https://rechtsanwaeltin-hodl.de","jobboard_needs_review","Jobboard_URL wirkt wie Startseite oder generische Domain, nicht wie konkrete Karriereseite.","Karriere-/Stellenangebote-URL manuell prüfen und spezifischer speichern.","0","0","2026-07-14","ines-hodl-rechtsanwaeltin"
"Stoppelkamp Rechtsanwälte","kanzlei-stoppelkamp.de","https://kanzlei-stoppelkamp.de","jobboard_needs_review","Jobboard_URL wirkt wie Startseite oder generische Domain, nicht wie konkrete Karriereseite.","Karriere-/Stellenangebote-URL manuell prüfen und spezifischer speichern.","0","0","2026-07-14","stoppelkamp"
"Dr. Reichert & Kollegen - Rechtsanwälte Bühl","reichert-recht.de","https://reichert-recht.de","jobboard_needs_review","Jobboard_URL wirkt wie Startseite oder generische Domain, nicht wie konkrete Karriereseite.","Karriere-/Stellenangebote-URL manuell prüfen und spezifischer speichern.","0","0","2026-07-14","dr-reichert-und-kollegen-buehl"
"Herr Rechtsanwalt Jens Hugenschmidt","kanzlei-im-rebland.de","https://kanzlei-im-rebland.de","jobboard_needs_review","Jobboard_URL wirkt wie Startseite oder generische Domain, nicht wie konkrete Karriereseite.","Karriere-/Stellenangebote-URL manuell prüfen und spezifischer speichern.","0","0","2026-07-14","herr-jens-hugenschmidt"
"Rechtsanwalt Meinrad Hirt","rae-hirt.de","https://rae-hirt.de","jobboard_needs_review","Jobboard_URL wirkt wie Startseite oder generische Domain, nicht wie konkrete Karriereseite.","Karriere-/Stellenangebote-URL manuell prüfen und spezifischer speichern.","0","0","2026-07-14","meinrad-hirt"
"Rechtsanwalt Florian Dennler","dennler.de","https://dennler.de","jobboard_needs_review","Jobboard_URL wirkt wie Startseite oder generische Domain, nicht wie konkrete Karriereseite.","Karriere-/Stellenangebote-URL manuell prüfen und spezifischer speichern.","0","0","2026-07-14","florian-dennler"
"Rechtsanwälte Ralf Hannig und Bernd Trede","hannigundtrede.de","https://hannigundtrede.de","jobboard_needs_review","Jobboard_URL wirkt wie Startseite oder generische Domain, nicht wie konkrete Karriereseite.","Karriere-/Stellenangebote-URL manuell prüfen und spezifischer speichern.","0","0","2026-07-14","ralf-hannig-und-bernd-trede"
"Anwaltskanzlei Schuh Rechtsanwältin Eva Schuh","kanzlei-schuh.de","https://kanzlei-schuh.de","jobboard_needs_review","Jobboard_URL wirkt wie Startseite oder generische Domain, nicht wie konkrete Karriereseite.","Karriere-/Stellenangebote-URL manuell prüfen und spezifischer speichern.","0","0","2026-07-14","anwaltskanzlei-schuh-rechtsanwaeltin-eva-schuh"
"Rechtsanwalt Holger Trappen","rechtsanwalt-trappen.de","https://www.ionos.de/websites/homepage-erstellen","no_master_match","Jobboard_URL vorhanden, aber kein Treffer in jobs_master.csv nach Kanzleiname oder Domain.","Seite manuell prüfen: keine Jobs, Parser-Lücke, JS/Cookie-Problem oder spezielles ATS möglich.","0","0","2026-07-14","holger-trappen"
"Bärbel Ritter Rechtsanwältin","anwaltskanzleiritter.de","https://anwaltskanzleiritter.de","jobboard_needs_review","Jobboard_URL wirkt wie Startseite oder generische Domain, nicht wie konkrete Karriereseite.","Karriere-/Stellenangebote-URL manuell prüfen und spezifischer speichern.","0","0","2026-07-14","baerbel-ritter-rechtsanwaeltin"
"FRH | Fink Rinckens Heerma","frh-recht.de","https://frh-recht.de","jobboard_needs_review","Jobboard_URL wirkt wie Startseite oder generische Domain, nicht wie konkrete Karriereseite.","Karriere-/Stellenangebote-URL manuell prüfen und spezifischer speichern.","0","0","2026-07-14","frh-fink-rinckens-heerma"
"Jens Budde Rechtsanwalt","ra-budde.de","https://ra-budde.de","jobboard_needs_review","Jobboard_URL wirkt wie Startseite oder generische Domain, nicht wie konkrete Karriereseite.","Karriere-/Stellenangebote-URL manuell prüfen und spezifischer speichern.","0","0","2026-07-14","jens-budde"
"Prof. Dr. Wilhelm Haarmann","haarmann.com","https://haarmann.com","jobboard_needs_review","Jobboard_URL wirkt wie Startseite oder generische Domain, nicht wie konkrete Karriereseite.","Karriere-/Stellenangebote-URL manuell prüfen und spezifischer speichern.","0","0","2026-07-14","prof-dr-wilhelm-haarmann"
"Fachanwälte Engelhardt","fa-engelhardt.de","https://fa-engelhardt.de","jobboard_needs_review","Jobboard_URL wirkt wie Startseite oder generische Domain, nicht wie konkrete Karriereseite.","Karriere-/Stellenangebote-URL manuell prüfen und spezifischer speichern.","0","0","2026-07-14","fachanwaelte-engelhardt"
"Meyer & Hofmann-Rascu Rechtsanwälte GbR","ra-meyer-erlangen.de","https://ra-meyer-erlangen.de","jobboard_needs_review","Jobboard_URL wirkt wie Startseite oder generische Domain, nicht wie konkrete Karriereseite.","Karriere-/Stellenangebote-URL manuell prüfen und spezifischer speichern.","0","0","2026-07-14","meyer-und-hofmann-rascu-gbr"
"Rechtsanwälte Schulz & Heine","rechtsanwaelte-schulz-heine.de","https://rechtsanwaelte-schulz-heine.de","jobboard_needs_review","Jobboard_URL wirkt wie Startseite oder generische Domain, nicht wie konkrete Karriereseite.","Karriere-/Stellenangebote-URL manuell prüfen und spezifischer speichern.","0","0","2026-07-14","schulz-und-heine"
"PNT Partner Rechtsanwälte Partnerschaftsgesellschaft mbB","pg-t.de","https://pg-t.de","jobboard_needs_review","Jobboard_URL wirkt wie Startseite oder generische Domain, nicht wie konkrete Karriereseite.","Karriere-/Stellenangebote-URL manuell prüfen und spezifischer speichern.","0","0","2026-07-14","pnt-partnerschaftsgesellschaft"
"Halle Crimmitschau Kecke Rechtsanwalte","recht-vertraut.de","https://recht-vertraut.de","jobboard_needs_review","Jobboard_URL wirkt wie Startseite oder generische Domain, nicht wie konkrete Karriereseite.","Karriere-/Stellenangebote-URL manuell prüfen und spezifischer speichern.","0","0","2026-07-14","halle-crimmitschau-kecke-rechtsanwalte"
"Graf & Partner Rechtsanwälte PartG mbB","grafpartner.com","https://grafpartner.com","jobboard_needs_review","Jobboard_URL wirkt wie Startseite oder generische Domain, nicht wie konkrete Karriereseite.","Karriere-/Stellenangebote-URL manuell prüfen und spezifischer speichern.","0","0","2026-07-14","graf-und"
"Kanzlei Weskamp · Arbeitsrecht · Strafrecht · Verkehrsrecht","kanzlei-weskamp.de","https://kanzlei-weskamp.de","jobboard_needs_review","Jobboard_URL wirkt wie Startseite oder generische Domain, nicht wie konkrete Karriereseite.","Karriere-/Stellenangebote-URL manuell prüfen und spezifischer speichern.","0","0","2026-07-14","weskamp-arbeitsrecht-strafrecht-verkehrsrecht"
"Rechtsanwälte Feder & Kollegen i. L.","feder-kollegen.de","https://feder-kollegen.de","jobboard_needs_review","Jobboard_URL wirkt wie Startseite oder generische Domain, nicht wie konkrete Karriereseite.","Karriere-/Stellenangebote-URL manuell prüfen und spezifischer speichern.","0","0","2026-07-14","feder-und-kollegen-i-l"
"Mörtl | Mörtl Rechtsanwälte in Kooperation","moertl-moertl.de","https://moertl-moertl.de","jobboard_needs_review","Jobboard_URL wirkt wie Startseite oder generische Domain, nicht wie konkrete Karriereseite.","Karriere-/Stellenangebote-URL manuell prüfen und spezifischer speichern.","0","0","2026-07-14","moertl-moertl-in-kooperation"
"dissmannorthde","dissmannorth.de","https://dissmannorth.de","jobboard_needs_review","Jobboard_URL wirkt wie Startseite oder generische Domain, nicht wie konkrete Karriereseite.","Karriere-/Stellenangebote-URL manuell prüfen und spezifischer speichern.","0","0","2026-07-14","dissmannorthde"
"Caroline Kistler - Rechtsanwältin","kanzlei-kistler.de","https://kanzlei-kistler.de","jobboard_needs_review","Jobboard_URL wirkt wie Startseite oder generische Domain, nicht wie konkrete Karriereseite.","Karriere-/Stellenangebote-URL manuell prüfen und spezifischer speichern.","0","0","2026-07-14","caroline-kistler-rechtsanwaeltin"
"Anwaltskanzlei Meyse-Großer","meyse-grosser.de","https://meyse-grosser.de","jobboard_needs_review","Jobboard_URL wirkt wie Startseite oder generische Domain, nicht wie konkrete Karriereseite.","Karriere-/Stellenangebote-URL manuell prüfen und spezifischer speichern.","0","0","2026-07-14","anwaltskanzlei-meyse-grosser"
"Rechtsanwaltskanzlei Schötz – Heinrich","kanzlei-rossleben.de","http://www.kostenlose-urteile.de/BVerwG_2-C-1225_Rassistische-Chat-Beitraege-von-Beamten-stellen-nicht-automatisch-Verstoss-gegen-Verfassungstreue-dar.news36044.htm","no_master_match","Jobboard_URL vorhanden, aber kein Treffer in jobs_master.csv nach Kanzleiname oder Domain.","Seite manuell prüfen: keine Jobs, Parser-Lücke, JS/Cookie-Problem oder spezielles ATS möglich.","0","0","2026-07-14","rechtsanwaltskanzlei-schoetz-heinrich"
"Rechtsanwältin Fachanwältin für Familienrecht Mediatorin","ra-obexer.de","https://ra-obexer.de","jobboard_needs_review","Jobboard_URL wirkt wie Startseite oder generische Domain, nicht wie konkrete Karriereseite.","Karriere-/Stellenangebote-URL manuell prüfen und spezifischer speichern.","0","0","2026-07-14","rechtsanwaeltin-fachanwaeltin-fuer-familienrecht-mediatorin"
"Rechtsanwalt Kurt Reich, Rechtsanwalt Jens Reich & Rechtsanwalt Rainer Vark","rechtsanwalt-reich.de","https://rechtsanwalt-reich.de","jobboard_needs_review","Jobboard_URL wirkt wie Startseite oder generische Domain, nicht wie konkrete Karriereseite.","Karriere-/Stellenangebote-URL manuell prüfen und spezifischer speichern.","0","0","2026-07-14","kurt-reich-jens-reich-und-rainer-vark"
"LEUSCHNER Anwaltskanzlei","rechtsanwaltskanzlei-leuschner.de","https://rechtsanwaltskanzlei-leuschner.de","jobboard_needs_review","Jobboard_URL wirkt wie Startseite oder generische Domain, nicht wie konkrete Karriereseite.","Karriere-/Stellenangebote-URL manuell prüfen und spezifischer speichern.","0","0","2026-07-14","leuschner-anwaltskanzlei"
"Gothentreuhand GmbH","karriere-gothentreuhand.de","","missing_jobboard_url","Domain vorhanden, aber keine gecachte Jobboard_URL.","Karriereseite entdecken und Jobboard_URL in target_firms_full.csv ergänzen.","0","0","2026-07-14","gothentreuhand"
"Anwaltssozietät Franken · Grillo · Steinweg","martinsplatz.de","https://martinsplatz.de","jobboard_needs_review","Jobboard_URL wirkt wie Startseite oder generische Domain, nicht wie konkrete Karriereseite.","Karriere-/Stellenangebote-URL manuell prüfen und spezifischer speichern.","0","0","2026-07-14","anwaltssozietaet-franken-grillo-steinweg"
"Rechtsanwalt Dr. iur. Gerd Hartlieb","ra-hartlieb.de","https://ra-hartlieb.de","jobboard_needs_review","Jobboard_URL wirkt wie Startseite oder generische Domain, nicht wie konkrete Karriereseite.","Karriere-/Stellenangebote-URL manuell prüfen und spezifischer speichern.","0","0","2026-07-14","dr-iur-gerd-hartlieb"
"Rechtsanwälte Orthband, Kuhfuß & Ratajczak","rae-orthbandt-kuhfuss.de","https://rae-orthbandt-kuhfuss.de","jobboard_needs_review","Jobboard_URL wirkt wie Startseite oder generische Domain, nicht wie konkrete Karriereseite.","Karriere-/Stellenangebote-URL manuell prüfen und spezifischer speichern.","0","0","2026-07-14","orthband-kuhfuss-und-ratajczak"
"kanzlei-langnickel","kanzlei-langnickel.de","https://kanzlei-langnickel.de","jobboard_needs_review","Jobboard_URL wirkt wie Startseite oder generische Domain, nicht wie konkrete Karriereseite.","Karriere-/Stellenangebote-URL manuell prüfen und spezifischer speichern.","0","0","2026-07-14","langnickel"
"Karl-Heinrich von Zwehl, Andreas von Zwehl Rechtsanwälte GbR","kanzlei-von-zwehl.de","https://kanzlei-von-zwehl.de","jobboard_needs_review","Jobboard_URL wirkt wie Startseite oder generische Domain, nicht wie konkrete Karriereseite.","Karriere-/Stellenangebote-URL manuell prüfen und spezifischer speichern.","0","0","2026-07-14","karl-heinrich-von-zwehl-andreas-von-zwehl-gbr"
"Stefan Scherer Rechtsanwalt und Notar Fachanwalt für Familienrecht Fachanwalt für Arbeitsrecht","rascherer.de","https://rascherer.de","jobboard_needs_review","Jobboard_URL wirkt wie Startseite oder generische Domain, nicht wie konkrete Karriereseite.","Karriere-/Stellenangebote-URL manuell prüfen und spezifischer speichern.","0","0","2026-07-14","stefan-scherer-und-fachanwalt-fuer-familienrecht-fachanwalt-fuer-arbeitsrecht"
"Andrea Kern Kanzlei Kern Wandsbeker Marktstraße","kanzlei-kern.org","https://kanzlei-kern.org","jobboard_needs_review","Jobboard_URL wirkt wie Startseite oder generische Domain, nicht wie konkrete Karriereseite.","Karriere-/Stellenangebote-URL manuell prüfen und spezifischer speichern.","0","0","2026-07-14","andrea-kern-kern-wandsbeker-marktstrasse"
"Rechtsanwältin Susanne G. E. Richwien","ra-richwien.de","https://ra-richwien.de","jobboard_needs_review","Jobboard_URL wirkt wie Startseite oder generische Domain, nicht wie konkrete Karriereseite.","Karriere-/Stellenangebote-URL manuell prüfen und spezifischer speichern.","0","0","2026-07-14","rechtsanwaeltin-susanne-g-e-richwien"
"Kanzlei für Steuern und Recht","recht-shs.de","https://recht-shs.de","jobboard_needs_review","Jobboard_URL wirkt wie Startseite oder generische Domain, nicht wie konkrete Karriereseite.","Karriere-/Stellenangebote-URL manuell prüfen und spezifischer speichern.","0","0","2026-07-14","fuer-steuern-und-recht"
"Kanzlei Marko Setzer – Rechtsanwalt für Gesellschaftsrecht & Arbeitsrecht","ra-setzer.de","https://ra-setzer.de","jobboard_needs_review","Jobboard_URL wirkt wie Startseite oder generische Domain, nicht wie konkrete Karriereseite.","Karriere-/Stellenangebote-URL manuell prüfen und spezifischer speichern.","0","0","2026-07-14","marko-setzer-fuer-gesellschaftsrecht-und-arbeitsrecht"
"Rechtsanwaltin Jacqueline Stoewenau-Mann","stoewenau-mann.de","https://stoewenau-mann.de","jobboard_needs_review","Jobboard_URL wirkt wie Startseite oder generische Domain, nicht wie konkrete Karriereseite.","Karriere-/Stellenangebote-URL manuell prüfen und spezifischer speichern.","0","0","2026-07-14","rechtsanwaltin-jacqueline-stoewenau-mann"
"Kanzlei Dr. Claudia Erk","kanzlei-erk.de","https://kanzlei-erk.de","jobboard_needs_review","Jobboard_URL wirkt wie Startseite oder generische Domain, nicht wie konkrete Karriereseite.","Karriere-/Stellenangebote-URL manuell prüfen und spezifischer speichern.","0","0","2026-07-14","dr-claudia-erk"
"SCHEIDEL Rechtsanwaltskanzlei","raescheidel.de","https://raescheidel.de","jobboard_needs_review","Jobboard_URL wirkt wie Startseite oder generische Domain, nicht wie konkrete Karriereseite.","Karriere-/Stellenangebote-URL manuell prüfen und spezifischer speichern.","0","0","2026-07-14","scheidel-rechtsanwaltskanzlei"
"GRAF-DETZER Rechtsanwälte","rechtsanwalts-kanzlei-wolfratshausen.de","https://www.rechtsanwalts-kanzlei-wolfratshausen.de/kanzlei/karriere/","no_master_match","Jobboard_URL vorhanden, aber kein Treffer in jobs_master.csv nach Kanzleiname oder Domain.","Seite manuell prüfen: keine Jobs, Parser-Lücke, JS/Cookie-Problem oder spezielles ATS möglich.","0","0","2026-07-14","graf-detzer"
"Kanzlei Hartman-Hilter","familienrecht-muenchen.de","https://familienrecht-muenchen.de","jobboard_needs_review","Jobboard_URL wirkt wie Startseite oder generische Domain, nicht wie konkrete Karriereseite.","Karriere-/Stellenangebote-URL manuell prüfen und spezifischer speichern.","0","0","2026-07-14","hartman-hilter"
"Kathrin Zehrtner-Gottschalk","ra-zg.de","https://ra-zg.de","jobboard_needs_review","Jobboard_URL wirkt wie Startseite oder generische Domain, nicht wie konkrete Karriereseite.","Karriere-/Stellenangebote-URL manuell prüfen und spezifischer speichern.","0","0","2026-07-14","kathrin-zehrtner-gottschalk"
"Rechtsanwalt & Mediator Uwe J. Badt","badt.de","https://badt.de","jobboard_needs_review","Jobboard_URL wirkt wie Startseite oder generische Domain, nicht wie konkrete Karriereseite.","Karriere-/Stellenangebote-URL manuell prüfen und spezifischer speichern.","0","0","2026-07-14","und-mediator-uwe-j-badt"
"Rechtsanwalt Heinrich Beestermöller","ra.habitrust.de","https://ra.habitrust.de","jobboard_needs_review","Jobboard_URL wirkt wie Startseite oder generische Domain, nicht wie konkrete Karriereseite.","Karriere-/Stellenangebote-URL manuell prüfen und spezifischer speichern.","0","0","2026-07-14","heinrich-beestermoeller"
"Steuerberater Badewitz","steuerkanzlei-badewitz.de","https://steuerkanzlei-badewitz.de","jobboard_needs_review","Jobboard_URL wirkt wie Startseite oder generische Domain, nicht wie konkrete Karriereseite.","Karriere-/Stellenangebote-URL manuell prüfen und spezifischer speichern.","0","0","2026-07-14","badewitz"
"Kanzlei Plutte","ra-plutte.de","https://ra-plutte.de","jobboard_needs_review","Jobboard_URL wirkt wie Startseite oder generische Domain, nicht wie konkrete Karriereseite.","Karriere-/Stellenangebote-URL manuell prüfen und spezifischer speichern.","0","0","2026-07-14","plutte"
"Dr. Martens und Collegen Rechtsanwälte. Fachanwälte. Notar","martens-collegen.de","https://martens-collegen.de","jobboard_needs_review","Jobboard_URL wirkt wie Startseite oder generische Domain, nicht wie konkrete Karriereseite.","Karriere-/Stellenangebote-URL manuell prüfen und spezifischer speichern.","0","0","2026-07-14","dr-martens-und-collegen-fachanwaelte"
"Merz, Schäftlmeier und Partner Rechtsanwälte","kanzlei-merz.de","https://kanzlei-merz.de","jobboard_needs_review","Jobboard_URL wirkt wie Startseite oder generische Domain, nicht wie konkrete Karriereseite.","Karriere-/Stellenangebote-URL manuell prüfen und spezifischer speichern.","0","0","2026-07-14","merz-schaeftlmeier-und"
"Rechtsanwältin Maximiliane Loebel","loebel.net","https://loebel.net","jobboard_needs_review","Jobboard_URL wirkt wie Startseite oder generische Domain, nicht wie konkrete Karriereseite.","Karriere-/Stellenangebote-URL manuell prüfen und spezifischer speichern.","0","0","2026-07-14","rechtsanwaeltin-maximiliane-loebel"
"Rechtsanwälte Dr. Ahrens und Ahrens","raa-schleswig.com","https://www.ionos.de/websites/homepage-erstellen","no_master_match","Jobboard_URL vorhanden, aber kein Treffer in jobs_master.csv nach Kanzleiname oder Domain.","Seite manuell prüfen: keine Jobs, Parser-Lücke, JS/Cookie-Problem oder spezielles ATS möglich.","0","0","2026-07-14","dr-ahrens-und-ahrens"
"Andreas H. Kittel Rechtsanwalt","kanzlei-kittel.de","https://kanzlei-kittel.de","jobboard_needs_review","Jobboard_URL wirkt wie Startseite oder generische Domain, nicht wie konkrete Karriereseite.","Karriere-/Stellenangebote-URL manuell prüfen und spezifischer speichern.","0","0","2026-07-14","andreas-h-kittel"
"Rechtsanwalt Ender Karakas","kanzlei-karakas.de","https://kanzlei-karakas.de","jobboard_needs_review","Jobboard_URL wirkt wie Startseite oder generische Domain, nicht wie konkrete Karriereseite.","Karriere-/Stellenangebote-URL manuell prüfen und spezifischer speichern.","0","0","2026-07-14","ender-karakas"
"Kanzlei Sievert & Dr. Sievert","kanzlei-sievert.de","https://kanzlei-sievert.de","jobboard_needs_review","Jobboard_URL wirkt wie Startseite oder generische Domain, nicht wie konkrete Karriereseite.","Karriere-/Stellenangebote-URL manuell prüfen und spezifischer speichern.","0","0","2026-07-14","sievert-und-dr-sievert"
"Rechtsanwälte Waizenhöfer und Kollegen GbR","ra-waizenhoefer.de","https://ra-waizenhoefer.de","jobboard_needs_review","Jobboard_URL wirkt wie Startseite oder generische Domain, nicht wie konkrete Karriereseite.","Karriere-/Stellenangebote-URL manuell prüfen und spezifischer speichern.","0","0","2026-07-14","waizenhoefer-und-kollegen-gbr"
"Rechtsanwältin Millich","rae-millich-schmidt.de","https://rae-millich-schmidt.de","jobboard_needs_review","Jobboard_URL wirkt wie Startseite oder generische Domain, nicht wie konkrete Karriereseite.","Karriere-/Stellenangebote-URL manuell prüfen und spezifischer speichern.","0","0","2026-07-14","rechtsanwaeltin-millich"
"Rechtsanwälte Hollmayr - Perl - Dr. Wenzl & Koll","kanzlei-hollmayr.de","https://kanzlei-hollmayr.de","jobboard_needs_review","Jobboard_URL wirkt wie Startseite oder generische Domain, nicht wie konkrete Karriereseite.","Karriere-/Stellenangebote-URL manuell prüfen und spezifischer speichern.","0","0","2026-07-14","hollmayr-perl-dr-wenzl-und-koll"
"Kanzlei Schwab","kanzlei-schwab-es.de","https://kanzlei-schwab-es.de","jobboard_needs_review","Jobboard_URL wirkt wie Startseite oder generische Domain, nicht wie konkrete Karriereseite.","Karriere-/Stellenangebote-URL manuell prüfen und spezifischer speichern.","0","0","2026-07-14","schwab"
"Kanzlei Welslau","kanzlei-welslau.de","https://kanzlei-welslau.de","jobboard_needs_review","Jobboard_URL wirkt wie Startseite oder generische Domain, nicht wie konkrete Karriereseite.","Karriere-/Stellenangebote-URL manuell prüfen und spezifischer speichern.","0","0","2026-07-14","welslau"
"Anwaltskanzlei Thoma, Dr. Helm & Kollegen","kanzlei-thoma.de","https://kanzlei-thoma.de","jobboard_needs_review","Jobboard_URL wirkt wie Startseite oder generische Domain, nicht wie konkrete Karriereseite.","Karriere-/Stellenangebote-URL manuell prüfen und spezifischer speichern.","0","0","2026-07-14","anwaltskanzlei-thoma-dr-helm-und-kollegen"
"Rechtsanwälte Dr. Köllner, Henze und Kollegen GbR","ra-dr-koellner-ua.de","https://ra-dr-koellner-ua.de","jobboard_needs_review","Jobboard_URL wirkt wie Startseite oder generische Domain, nicht wie konkrete Karriereseite.","Karriere-/Stellenangebote-URL manuell prüfen und spezifischer speichern.","0","0","2026-07-14","dr-koellner-henze-und-kollegen-gbr"
"RAin Dr. jur. Ute Renschler-Delcker","delcker.de","https://delcker.de","jobboard_needs_review","Jobboard_URL wirkt wie Startseite oder generische Domain, nicht wie konkrete Karriereseite.","Karriere-/Stellenangebote-URL manuell prüfen und spezifischer speichern.","0","0","2026-07-14","rain-dr-jur-ute-renschler-delcker"
"Birgitt Lohmanns Rechtsanwältin und Mediatorin","kanzlei-lohmanns.de","https://kanzlei-lohmanns.de","jobboard_needs_review","Jobboard_URL wirkt wie Startseite oder generische Domain, nicht wie konkrete Karriereseite.","Karriere-/Stellenangebote-URL manuell prüfen und spezifischer speichern.","0","0","2026-07-14","birgitt-lohmanns-rechtsanwaeltin-und-mediatorin"
"Rechtsanwältin & Fachanwältin für Familienrecht","rechtsanwalt-halver.de","https://rechtsanwalt-halver.de","jobboard_needs_review","Jobboard_URL wirkt wie Startseite oder generische Domain, nicht wie konkrete Karriereseite.","Karriere-/Stellenangebote-URL manuell prüfen und spezifischer speichern.","0","0","2026-07-14","rechtsanwaeltin-und-fachanwaeltin-fuer-familienrecht"
"Risto Hansen Rechtsanwälte Partnerschaft mbB","kanzlei-risto.de","https://kanzlei-risto.de","jobboard_needs_review","Jobboard_URL wirkt wie Startseite oder generische Domain, nicht wie konkrete Karriereseite.","Karriere-/Stellenangebote-URL manuell prüfen und spezifischer speichern.","0","0","2026-07-14","risto-hansen"
"Rechtsanwalt Schorn, LL.M., Fachanwalt für Steuerrecht","kanzlei-schorn.de","https://kanzlei-schorn.de","jobboard_needs_review","Jobboard_URL wirkt wie Startseite oder generische Domain, nicht wie konkrete Karriereseite.","Karriere-/Stellenangebote-URL manuell prüfen und spezifischer speichern.","0","0","2026-07-14","schorn-ll-m-fachanwalt-fuer-steuerrecht"
"DR. LUNGSTRAS & LUNGSTRAS – RECHTSANWÄLTE","kanzlei-lungstras.de","https://kanzlei-lungstras.de","jobboard_needs_review","Jobboard_URL wirkt wie Startseite oder generische Domain, nicht wie konkrete Karriereseite.","Karriere-/Stellenangebote-URL manuell prüfen und spezifischer speichern.","0","0","2026-07-14","dr-lungstras-und-lungstras"
"RAe Grohmann & Kollegen","grohmann-kollegen.de","https://grohmann-kollegen.de","jobboard_needs_review","Jobboard_URL wirkt wie Startseite oder generische Domain, nicht wie konkrete Karriereseite.","Karriere-/Stellenangebote-URL manuell prüfen und spezifischer speichern.","0","0","2026-07-14","rae-grohmann-und-kollegen"
"Kanzlei Lauer & Kollegen","lauer-und-kollegen.de","https://lauer-und-kollegen.de","jobboard_needs_review","Jobboard_URL wirkt wie Startseite oder generische Domain, nicht wie konkrete Karriereseite.","Karriere-/Stellenangebote-URL manuell prüfen und spezifischer speichern.","0","0","2026-07-14","lauer-und-kollegen"
"ra-poppa","ra-poppa.de","https://ra-poppa.de","jobboard_needs_review","Jobboard_URL wirkt wie Startseite oder generische Domain, nicht wie konkrete Karriereseite.","Karriere-/Stellenangebote-URL manuell prüfen und spezifischer speichern.","0","0","2026-07-14","ra-poppa"
"GUGGENBERGER & PHILIPP Rechtsanwälte","guggenberger-philipp.de","https://guggenberger-philipp.de","jobboard_needs_review","Jobboard_URL wirkt wie Startseite oder generische Domain, nicht wie konkrete Karriereseite.","Karriere-/Stellenangebote-URL manuell prüfen und spezifischer speichern.","0","0","2026-07-14","guggenberger-und-philipp"
"SAATHOFF HABE BÜHRE Rechtsanwälte · Fachanwälte","ra-shb.de","https://ra-shb.de","jobboard_needs_review","Jobboard_URL wirkt wie Startseite oder generische Domain, nicht wie konkrete Karriereseite.","Karriere-/Stellenangebote-URL manuell prüfen und spezifischer speichern.","0","0","2026-07-14","saathoff-habe-buehre-fachanwaelte"
"Grugel + Kiefer Rechtsanwälte","grugel-kiefer.de","https://grugel-kiefer.de","jobboard_needs_review","Jobboard_URL wirkt wie Startseite oder generische Domain, nicht wie konkrete Karriereseite.","Karriere-/Stellenangebote-URL manuell prüfen und spezifischer speichern.","0","0","2026-07-14","grugel-kiefer"
"Rechtsanwalt Udo Kuhlmann","fachanwalt-baurecht.org","https://fachanwalt-baurecht.org","jobboard_needs_review","Jobboard_URL wirkt wie Startseite oder generische Domain, nicht wie konkrete Karriereseite.","Karriere-/Stellenangebote-URL manuell prüfen und spezifischer speichern.","0","0","2026-07-14","udo-kuhlmann"
"Reppel Seekamp Bausen - Rechtsanwälte Fachanwälte Partnerschaft mbB","kanzlei-siegerland.de","https://kanzlei-siegerland.de","jobboard_needs_review","Jobboard_URL wirkt wie Startseite oder generische Domain, nicht wie konkrete Karriereseite.","Karriere-/Stellenangebote-URL manuell prüfen und spezifischer speichern.","0","0","2026-07-14","reppel-seekamp-bausen-fachanwaelte"
"Dr. Nickel Rechtsanwaltsgesellschaft mbH","kanzlei-dr-nickel.de","https://kanzlei-dr-nickel.de","jobboard_needs_review","Jobboard_URL wirkt wie Startseite oder generische Domain, nicht wie konkrete Karriereseite.","Karriere-/Stellenangebote-URL manuell prüfen und spezifischer speichern.","0","0","2026-07-14","dr-nickel-rechtsanwaltsgesellschaft-mbh"
"Rechtsanwältin Susanne Teichmann","kanzlei-teichmann.de","https://kanzlei-teichmann.de","jobboard_needs_review","Jobboard_URL wirkt wie Startseite oder generische Domain, nicht wie konkrete Karriereseite.","Karriere-/Stellenangebote-URL manuell prüfen und spezifischer speichern.","0","0","2026-07-14","rechtsanwaeltin-susanne-teichmann"
"Kanzlei Dr. Klaus Froebel & Partner mbB Rechtsanwälte","dr-froebel.de","https://dr-froebel.de/karriere/","jobboard_needs_review","Jobboard_URL wirkt wie Startseite oder generische Domain, nicht wie konkrete Karriereseite.","Karriere-/Stellenangebote-URL manuell prüfen und spezifischer speichern.","0","0","2026-07-14","dr-klaus-froebel-und"
"Dhonau Dickes Welker Rechtsanwälte ∙ Fachanwälte ∙ PartG mbB","dhonau-dickes.com","https://dhonau-dickes.com","jobboard_needs_review","Jobboard_URL wirkt wie Startseite oder generische Domain, nicht wie konkrete Karriereseite.","Karriere-/Stellenangebote-URL manuell prüfen und spezifischer speichern.","0","0","2026-07-14","dhonau-dickes-welker-fachanwaelte"
"Schweitzer & Schweitzer GbR","rae-schweitzer.de","https://rae-schweitzer.de","jobboard_needs_review","Jobboard_URL wirkt wie Startseite oder generische Domain, nicht wie konkrete Karriereseite.","Karriere-/Stellenangebote-URL manuell prüfen und spezifischer speichern.","0","0","2026-07-14","schweitzer-und-schweitzer-gbr"
"Rechtsanwälte Gockel & Kollegen","gockelundkollegen.de","https://gockelundkollegen.de","jobboard_needs_review","Jobboard_URL wirkt wie Startseite oder generische Domain, nicht wie konkrete Karriereseite.","Karriere-/Stellenangebote-URL manuell prüfen und spezifischer speichern.","0","0","2026-07-14","gockel-und-kollegen"
"Kanzlei Obermeyer","kanzlei-obermeyer.de","https://www.kanzlei-obermeyer.de/karriere-3","no_master_match","Jobboard_URL vorhanden, aber kein Treffer in jobs_master.csv nach Kanzleiname oder Domain.","Seite manuell prüfen: keine Jobs, Parser-Lücke, JS/Cookie-Problem oder spezielles ATS möglich.","0","0","2026-07-14","obermeyer"
"Kanzlei Franziska Unkelbach","kanzlei-unkelbach.de","https://kanzlei-unkelbach.de","jobboard_needs_review","Jobboard_URL wirkt wie Startseite oder generische Domain, nicht wie konkrete Karriereseite.","Karriere-/Stellenangebote-URL manuell prüfen und spezifischer speichern.","0","0","2026-07-14","franziska-unkelbach"
"Dr. Hofer & Hofer Steuerberater und Rechtsanwalt","dr-hofer.com","https://dr-hofer.com","jobboard_needs_review","Jobboard_URL wirkt wie Startseite oder generische Domain, nicht wie konkrete Karriereseite.","Karriere-/Stellenangebote-URL manuell prüfen und spezifischer speichern.","0","0","2026-07-14","dr-hofer-und-hofer-und"
"Rechtsanwalt Drescher","anwalt-drescher.de","https://www.anwalt-drescher.de/über-die-kanzlei/stellenangebote/","no_master_match","Jobboard_URL vorhanden, aber kein Treffer in jobs_master.csv nach Kanzleiname oder Domain.","Seite manuell prüfen: keine Jobs, Parser-Lücke, JS/Cookie-Problem oder spezielles ATS möglich.","0","0","2026-07-14","drescher"
"Rechtsanwalt und Notar Carsten Kerkamm","kanzlei-kerkamm.de","https://kanzlei-kerkamm.de","jobboard_needs_review","Jobboard_URL wirkt wie Startseite oder generische Domain, nicht wie konkrete Karriereseite.","Karriere-/Stellenangebote-URL manuell prüfen und spezifischer speichern.","0","0","2026-07-14","und-carsten-kerkamm"
"Kanzlei Reckschmidt & Heyen Partnerschaftsgesellschaft von Rechtsanwälten","reckschmidt.de","https://reckschmidt.de","jobboard_needs_review","Jobboard_URL wirkt wie Startseite oder generische Domain, nicht wie konkrete Karriereseite.","Karriere-/Stellenangebote-URL manuell prüfen und spezifischer speichern.","0","0","2026-07-14","reckschmidt-und-heyen-partnerschaftsgesellschaft-von-rechtsanwaelten"
"STARKE RECHTSANWÄLTE PartGmbB","starke-rechtsanwaelte.de","https://www.starke-rechtsanwaelte.de/rechtsanwaltskanzlei/jobs/","no_master_match","Jobboard_URL vorhanden, aber kein Treffer in jobs_master.csv nach Kanzleiname oder Domain.","Seite manuell prüfen: keine Jobs, Parser-Lücke, JS/Cookie-Problem oder spezielles ATS möglich.","0","0","2026-07-14","starke"
"Rechtsanwalt Klaus Wille Fachanwalt für Familienrecht","anwalt-wille.de","https://anwalt-wille.de","jobboard_needs_review","Jobboard_URL wirkt wie Startseite oder generische Domain, nicht wie konkrete Karriereseite.","Karriere-/Stellenangebote-URL manuell prüfen und spezifischer speichern.","0","0","2026-07-14","klaus-wille-fachanwalt-fuer-familienrecht"
"Kanzlei Dr. Rothballer","kanzlei-rothballer.de","https://kanzlei-rothballer.de","jobboard_needs_review","Jobboard_URL wirkt wie Startseite oder generische Domain, nicht wie konkrete Karriereseite.","Karriere-/Stellenangebote-URL manuell prüfen und spezifischer speichern.","0","0","2026-07-14","dr-rothballer"
"Dr. Grober Jentzsch Rechtsanwälte GbR","grober-jentzsch.de","https://grober-jentzsch.de","jobboard_needs_review","Jobboard_URL wirkt wie Startseite oder generische Domain, nicht wie konkrete Karriereseite.","Karriere-/Stellenangebote-URL manuell prüfen und spezifischer speichern.","0","0","2026-07-14","dr-grober-jentzsch-gbr"
"RA Karsten H. F. Weste","khfweste.de","https://khfweste.de","jobboard_needs_review","Jobboard_URL wirkt wie Startseite oder generische Domain, nicht wie konkrete Karriereseite.","Karriere-/Stellenangebote-URL manuell prüfen und spezifischer speichern.","0","0","2026-07-14","ra-karsten-h-f-weste"
"Tina Engemann-Schrage & Jens Wölke Rechtsanwälte","engemann-woelke.de","https://engemann-woelke.de","jobboard_needs_review","Jobboard_URL wirkt wie Startseite oder generische Domain, nicht wie konkrete Karriereseite.","Karriere-/Stellenangebote-URL manuell prüfen und spezifischer speichern.","0","0","2026-07-14","tina-engemann-schrage-und-jens-woelke"
"Dr. Zick Rechtsanwaltsgesellschaft mbH","kanzlei-dr-zick.de","https://kanzlei-dr-zick.de","jobboard_needs_review","Jobboard_URL wirkt wie Startseite oder generische Domain, nicht wie konkrete Karriereseite.","Karriere-/Stellenangebote-URL manuell prüfen und spezifischer speichern.","0","0","2026-07-14","dr-zick-rechtsanwaltsgesellschaft-mbh"
"Dr. Gacek Rechtsanwältin","kanzlei-dr-gacek.de","https://kanzlei-dr-gacek.de","jobboard_needs_review","Jobboard_URL wirkt wie Startseite oder generische Domain, nicht wie konkrete Karriereseite.","Karriere-/Stellenangebote-URL manuell prüfen und spezifischer speichern.","0","0","2026-07-14","dr-gacek-rechtsanwaeltin"
"Rechtsanwaltskanzlei Stern & Schiller","stern-schiller.de","https://stern-schiller.de/stellenangebote/","no_master_match","Jobboard_URL vorhanden, aber kein Treffer in jobs_master.csv nach Kanzleiname oder Domain.","Seite manuell prüfen: keine Jobs, Parser-Lücke, JS/Cookie-Problem oder spezielles ATS möglich.","0","0","2026-07-14","rechtsanwaltskanzlei-stern-und-schiller"
"Rechtsanwalt Dr. Thomas Schreiter","anwalt-dr-schreiter.de","https://anwalt-dr-schreiter.de","jobboard_needs_review","Jobboard_URL wirkt wie Startseite oder generische Domain, nicht wie konkrete Karriereseite.","Karriere-/Stellenangebote-URL manuell prüfen und spezifischer speichern.","0","0","2026-07-14","dr-thomas-schreiter"
"RRT Rechtsanwälte Rechtsanwaltskanzlei Köln","rrt-koeln.de","https://rrt-koeln.de","jobboard_needs_review","Jobboard_URL wirkt wie Startseite oder generische Domain, nicht wie konkrete Karriereseite.","Karriere-/Stellenangebote-URL manuell prüfen und spezifischer speichern.","0","0","2026-07-14","rrt-rechtsanwaltskanzlei-koeln"
"Rechtsanwalt Frank Stege","stcoll.de","https://stcoll.de","jobboard_needs_review","Jobboard_URL wirkt wie Startseite oder generische Domain, nicht wie konkrete Karriereseite.","Karriere-/Stellenangebote-URL manuell prüfen und spezifischer speichern.","0","0","2026-07-14","frank-stege"
"Rechtsanwalt Uwe Twent","ra-twent.de","https://ra-twent.de","jobboard_needs_review","Jobboard_URL wirkt wie Startseite oder generische Domain, nicht wie konkrete Karriereseite.","Karriere-/Stellenangebote-URL manuell prüfen und spezifischer speichern.","0","0","2026-07-14","uwe-twent"
"ADLER & HÄCKER Rechtsanwälte","rechtsanwalt-annaberg.de","https://rechtsanwalt-annaberg.de","jobboard_needs_review","Jobboard_URL wirkt wie Startseite oder generische Domain, nicht wie konkrete Karriereseite.","Karriere-/Stellenangebote-URL manuell prüfen und spezifischer speichern.","0","0","2026-07-14","adler-und-haecker"
"Kanzlei Sonneborn für Strafrecht und Verkehrsrecht","kanzlei-sonneborn.de","https://www.kanzlei-sonneborn.de/home/betaeubungsmittelstrafrecht-btmg/unerlaubtes-herstellen-von-betaeubungsmitteln-btmg/","no_master_match","Jobboard_URL vorhanden, aber kein Treffer in jobs_master.csv nach Kanzleiname oder Domain.","Seite manuell prüfen: keine Jobs, Parser-Lücke, JS/Cookie-Problem oder spezielles ATS möglich.","0","0","2026-07-14","sonneborn-fuer-strafrecht-und-verkehrsrecht"
"SPORMANN REAL ESTATE GmbH","spormann-realestate.com","https://www.spormann-realestate.com/karriere/","jobboard_needs_review","Jobboard_URL wirkt wie Startseite oder generische Domain, nicht wie konkrete Karriereseite.","Karriere-/Stellenangebote-URL manuell prüfen und spezifischer speichern.","0","0","2026-07-14","spormann-real-estate"
"Anwaltskanzlei Heiko Kratz","anwaltskanzlei-kratz.de","https://anwaltskanzlei-kratz.de","jobboard_needs_review","Jobboard_URL wirkt wie Startseite oder generische Domain, nicht wie konkrete Karriereseite.","Karriere-/Stellenangebote-URL manuell prüfen und spezifischer speichern.","0","0","2026-07-14","anwaltskanzlei-heiko-kratz"
"Rechtsanwälte Buse eGbR Torsten Buse, Franziska Buse","rabuse.de","https://www.rabuse.de/seite/262093/stellenangebote.html","no_master_match","Jobboard_URL vorhanden, aber kein Treffer in jobs_master.csv nach Kanzleiname oder Domain.","Seite manuell prüfen: keine Jobs, Parser-Lücke, JS/Cookie-Problem oder spezielles ATS möglich.","0","0","2026-07-14","buse-egbr-torsten-buse-franziska-buse"
"Rechtsanwältin Susanne Schäfer","schaefer-fr.de","https://schaefer-fr.de","jobboard_needs_review","Jobboard_URL wirkt wie Startseite oder generische Domain, nicht wie konkrete Karriereseite.","Karriere-/Stellenangebote-URL manuell prüfen und spezifischer speichern.","0","0","2026-07-14","rechtsanwaeltin-susanne-schaefer"
"Rechtsanwaltskanzlei Wiener & Dänekas","kanzlei-wiener-daenekas.de","https://kanzlei-wiener-daenekas.de","jobboard_needs_review","Jobboard_URL wirkt wie Startseite oder generische Domain, nicht wie konkrete Karriereseite.","Karriere-/Stellenangebote-URL manuell prüfen und spezifischer speichern.","0","0","2026-07-14","rechtsanwaltskanzlei-wiener-und-daenekas"
"ramuc Partnership mbB","ramuc.de","https://ramuc.de","jobboard_needs_review","Jobboard_URL wirkt wie Startseite oder generische Domain, nicht wie konkrete Karriereseite.","Karriere-/Stellenangebote-URL manuell prüfen und spezifischer speichern.","0","0","2026-07-14","ramuc-partnership"
"Rechtsanwältin Dr. Cornelia Walther","ra-dr-walther.de","https://ra-dr-walther.de","jobboard_needs_review","Jobboard_URL wirkt wie Startseite oder generische Domain, nicht wie konkrete Karriereseite.","Karriere-/Stellenangebote-URL manuell prüfen und spezifischer speichern.","0","0","2026-07-14","rechtsanwaeltin-dr-cornelia-walther"
"Dr. Späth & Partner Rechtsanwälte mbB","dr-spaeth.com","https://www.welt.de/wirtschaft/article248790008/Signa-Pleite-Das-bedeutet-die-Insolvenz-fuer-Galeria-Filialen-Baustellen-und-Rene-Benko.html","no_master_match","Jobboard_URL vorhanden, aber kein Treffer in jobs_master.csv nach Kanzleiname oder Domain.","Seite manuell prüfen: keine Jobs, Parser-Lücke, JS/Cookie-Problem oder spezielles ATS möglich.","0","0","2026-07-14","dr-spaeth-und"
"Dr. Breulmann · Rechtsanwälte · Fachanwälte · Notar · an der Stadtkirche - Startseite","middendorf-drbreulmann.de","https://middendorf-drbreulmann.de","jobboard_needs_review","Jobboard_URL wirkt wie Startseite oder generische Domain, nicht wie konkrete Karriereseite.","Karriere-/Stellenangebote-URL manuell prüfen und spezifischer speichern.","0","0","2026-07-14","dr-breulmann-fachanwaelte-an-der-stadtkirche-startseite"
"Rechtsanwältin Judith Andreas-Oltersdorf","rechtsanwalt-oltersdorf.de","https://rechtsanwalt-oltersdorf.de","jobboard_needs_review","Jobboard_URL wirkt wie Startseite oder generische Domain, nicht wie konkrete Karriereseite.","Karriere-/Stellenangebote-URL manuell prüfen und spezifischer speichern.","0","0","2026-07-14","rechtsanwaeltin-judith-andreas-oltersdorf"
"Anwaltskanzlei Feinen, Köln","rechtsanwalt-feinen.de","https://rechtsanwalt-feinen.de","jobboard_needs_review","Jobboard_URL wirkt wie Startseite oder generische Domain, nicht wie konkrete Karriereseite.","Karriere-/Stellenangebote-URL manuell prüfen und spezifischer speichern.","0","0","2026-07-14","anwaltskanzlei-feinen-koeln"
"Buroh & Steinhauer Rechtsanwälte und Fachanwälte","buroh-steinhauer.de","https://buroh-steinhauer.de","jobboard_needs_review","Jobboard_URL wirkt wie Startseite oder generische Domain, nicht wie konkrete Karriereseite.","Karriere-/Stellenangebote-URL manuell prüfen und spezifischer speichern.","0","0","2026-07-14","buroh-und-steinhauer-und-fachanwaelte"
"noll-avocats","noll-avocats.com","https://noll-avocats.com","jobboard_needs_review","Jobboard_URL wirkt wie Startseite oder generische Domain, nicht wie konkrete Karriereseite.","Karriere-/Stellenangebote-URL manuell prüfen und spezifischer speichern.","0","0","2026-07-14","noll-avocats"
"Rechtsanwalt i.R. Reiner Brumme","ra-brumme.de","https://ra-brumme.de","jobboard_needs_review","Jobboard_URL wirkt wie Startseite oder generische Domain, nicht wie konkrete Karriereseite.","Karriere-/Stellenangebote-URL manuell prüfen und spezifischer speichern.","0","0","2026-07-14","i-r-reiner-brumme"
"Rechtsanwalt Miroslaw Tolksdorf","ra-tolksdorf.de","https://ra-tolksdorf.de","jobboard_needs_review","Jobboard_URL wirkt wie Startseite oder generische Domain, nicht wie konkrete Karriereseite.","Karriere-/Stellenangebote-URL manuell prüfen und spezifischer speichern.","0","0","2026-07-14","miroslaw-tolksdorf"
"Dr. Toepper ∙ Martin ∙ Martin Rechtsanwälte und Notare a.D","rae-martin.de","https://rae-martin.de","jobboard_needs_review","Jobboard_URL wirkt wie Startseite oder generische Domain, nicht wie konkrete Karriereseite.","Karriere-/Stellenangebote-URL manuell prüfen und spezifischer speichern.","0","0","2026-07-14","dr-toepper-martin-martin-und-a-d"
"Rechtsanwalt Dr. Peter A. Doetsch","doetsch-wiesbaden.de","https://doetsch-wiesbaden.de","jobboard_needs_review","Jobboard_URL wirkt wie Startseite oder generische Domain, nicht wie konkrete Karriereseite.","Karriere-/Stellenangebote-URL manuell prüfen und spezifischer speichern.","0","0","2026-07-14","dr-peter-a-doetsch"
"Rechtsanwälte Klein II & Schütte","ksvp.de","https://ksvp.de","jobboard_needs_review","Jobboard_URL wirkt wie Startseite oder generische Domain, nicht wie konkrete Karriereseite.","Karriere-/Stellenangebote-URL manuell prüfen und spezifischer speichern.","0","0","2026-07-14","klein-ii-und-schuette"
"Dr. Andreas Hiemsch Rechtsanwälte","hiemsch.com","https://www.hiemsch.com/kontakt/","no_master_match","Jobboard_URL vorhanden, aber kein Treffer in jobs_master.csv nach Kanzleiname oder Domain.","Seite manuell prüfen: keine Jobs, Parser-Lücke, JS/Cookie-Problem oder spezielles ATS möglich.","0","0","2026-07-14","dr-andreas-hiemsch"
"KDM Juraexperten","juraexperten.de","https://juraexperten.de","jobboard_needs_review","Jobboard_URL wirkt wie Startseite oder generische Domain, nicht wie konkrete Karriereseite.","Karriere-/Stellenangebote-URL manuell prüfen und spezifischer speichern.","0","0","2026-07-14","kdm-juraexperten"
"Rechtsanwaltskanzlei Andreas Will","ra-andreas-will.de","https://ra-andreas-will.de","jobboard_needs_review","Jobboard_URL wirkt wie Startseite oder generische Domain, nicht wie konkrete Karriereseite.","Karriere-/Stellenangebote-URL manuell prüfen und spezifischer speichern.","0","0","2026-07-14","rechtsanwaltskanzlei-andreas-will"
"Niemeyer-Uhlmann & Lassig Rechtsanwälte in Partnerschaft","kanzlei-nul.de","https://kanzlei-nul.de","jobboard_needs_review","Jobboard_URL wirkt wie Startseite oder generische Domain, nicht wie konkrete Karriereseite.","Karriere-/Stellenangebote-URL manuell prüfen und spezifischer speichern.","0","0","2026-07-14","niemeyer-uhlmann-und-lassig-in"
"Colbatz & Gall Rechtsanwälte","kanzlei-colbatz.net","https://kanzlei-colbatz.net","jobboard_needs_review","Jobboard_URL wirkt wie Startseite oder generische Domain, nicht wie konkrete Karriereseite.","Karriere-/Stellenangebote-URL manuell prüfen und spezifischer speichern.","0","0","2026-07-14","colbatz-und-gall"
"Rechtsanwälte Dr. Grantz, Hoffmeyer & Partner","gkh-anwalt.de","https://dr-grantz.de/stellenangebote.html","no_master_match","Jobboard_URL vorhanden, aber kein Treffer in jobs_master.csv nach Kanzleiname oder Domain.","Seite manuell prüfen: keine Jobs, Parser-Lücke, JS/Cookie-Problem oder spezielles ATS möglich.","0","0","2026-07-14","dr-grantz-hoffmeyer-und"
"Rechtsanwälte Dr. Ronald Hofmann, Markus Huesmann und Jörg Sodan","kanzlei-hhs.de","https://kanzlei-hhs.de","jobboard_needs_review","Jobboard_URL wirkt wie Startseite oder generische Domain, nicht wie konkrete Karriereseite.","Karriere-/Stellenangebote-URL manuell prüfen und spezifischer speichern.","0","0","2026-07-14","dr-ronald-hofmann-markus-huesmann-und-joerg-sodan"
"Asma Hussain-Hämäläinen, LL.M.","rechtsanwaeltinhussain.com","https://rechtsanwaeltinhussain.com","jobboard_needs_review","Jobboard_URL wirkt wie Startseite oder generische Domain, nicht wie konkrete Karriereseite.","Karriere-/Stellenangebote-URL manuell prüfen und spezifischer speichern.","0","0","2026-07-14","asma-hussain-haemaelaeinen-ll-m"
"Kanzlei / Rechtsanwälte - Köther und Schmitt in Schwerte","rae-koether.com","https://rae-koether.com","jobboard_needs_review","Jobboard_URL wirkt wie Startseite oder generische Domain, nicht wie konkrete Karriereseite.","Karriere-/Stellenangebote-URL manuell prüfen und spezifischer speichern.","0","0","2026-07-14","koether-und-schmitt-in-schwerte"
"Rechtsanwälte Möhler & Möhler","raemoehler.de","https://raemoehler.de","jobboard_needs_review","Jobboard_URL wirkt wie Startseite oder generische Domain, nicht wie konkrete Karriereseite.","Karriere-/Stellenangebote-URL manuell prüfen und spezifischer speichern.","0","0","2026-07-14","moehler-und-moehler"
"Notar und Fachanwaltskanzlei","raegm.de","https://raegm.de","jobboard_needs_review","Jobboard_URL wirkt wie Startseite oder generische Domain, nicht wie konkrete Karriereseite.","Karriere-/Stellenangebote-URL manuell prüfen und spezifischer speichern.","0","0","2026-07-14","und-fachanwaltskanzlei"
"Rechtsanwälte Ulbrich","ra-ulbrich.de","https://ra-ulbrich.de","jobboard_needs_review","Jobboard_URL wirkt wie Startseite oder generische Domain, nicht wie konkrete Karriereseite.","Karriere-/Stellenangebote-URL manuell prüfen und spezifischer speichern.","0","0","2026-07-14","ulbrich"
"Notar Dr. Thomas Durchlaub","notar-durchlaub.de","https://notar-durchlaub.de","jobboard_needs_review","Jobboard_URL wirkt wie Startseite oder generische Domain, nicht wie konkrete Karriereseite.","Karriere-/Stellenangebote-URL manuell prüfen und spezifischer speichern.","0","0","2026-07-14","dr-thomas-durchlaub"
"Diwo & Falk Rechtsanwälte, Steuerberater, vereidigte Buchprüfer","diwo-falk.de","https://diwo-falk.de","jobboard_needs_review","Jobboard_URL wirkt wie Startseite oder generische Domain, nicht wie konkrete Karriereseite.","Karriere-/Stellenangebote-URL manuell prüfen und spezifischer speichern.","0","0","2026-07-14","diwo-und-falk-vereidigte-buchpruefer"
"Rechtsanwälte Lampe & Rödiger","lampe-und-roediger.de","https://lampe-und-roediger.de","jobboard_needs_review","Jobboard_URL wirkt wie Startseite oder generische Domain, nicht wie konkrete Karriereseite.","Karriere-/Stellenangebote-URL manuell prüfen und spezifischer speichern.","0","0","2026-07-14","lampe-und-roediger"
"Anwälte von Bassewitz, GRÜNEBERG, GERLACH & Collegen","anwalt-von-bassewitz.de","https://www.anwalt-von-bassewitz.de/karriere","jobboard_needs_review","Jobboard_URL wirkt wie Startseite oder generische Domain, nicht wie konkrete Karriereseite.","Karriere-/Stellenangebote-URL manuell prüfen und spezifischer speichern.","0","0","2026-07-14","anwaelte-von-bassewitz-grueneberg-gerlach-und-collegen"
"Rechtsanwälte Hundertmark // Rohde Christian Hundertmark, David Rohde","kanzlei-hr.de","https://kanzlei-hr.de","jobboard_needs_review","Jobboard_URL wirkt wie Startseite oder generische Domain, nicht wie konkrete Karriereseite.","Karriere-/Stellenangebote-URL manuell prüfen und spezifischer speichern.","0","0","2026-07-14","hundertmark-rohde-christian-hundertmark-david-rohde"
"Kanzlei Dudwiesus RA Jan-M. Dudwiesus","kanzlei-dudwiesus.de","https://kanzlei-dudwiesus.de","jobboard_needs_review","Jobboard_URL wirkt wie Startseite oder generische Domain, nicht wie konkrete Karriereseite.","Karriere-/Stellenangebote-URL manuell prüfen und spezifischer speichern.","0","0","2026-07-14","dudwiesus-ra-jan-m-dudwiesus"
"Holger Hopperdietzel Rechtsanwalt","advocatur.de","https://advocatur.de","jobboard_needs_review","Jobboard_URL wirkt wie Startseite oder generische Domain, nicht wie konkrete Karriereseite.","Karriere-/Stellenangebote-URL manuell prüfen und spezifischer speichern.","0","0","2026-07-14","holger-hopperdietzel"
"Dr. Nesemann und Partner, Rechtsanwälte","nesemann-partner.de","https://nesemann-partner.de","jobboard_needs_review","Jobboard_URL wirkt wie Startseite oder generische Domain, nicht wie konkrete Karriereseite.","Karriere-/Stellenangebote-URL manuell prüfen und spezifischer speichern.","0","0","2026-07-14","dr-nesemann-und"
"Lutz Dr. Hepach Reisenhofer Rechtsanwälte PartGmbB","ra-flh.de","https://ra-flh.de","jobboard_needs_review","Jobboard_URL wirkt wie Startseite oder generische Domain, nicht wie konkrete Karriereseite.","Karriere-/Stellenangebote-URL manuell prüfen und spezifischer speichern.","0","0","2026-07-14","lutz-dr-hepach-reisenhofer"
"Rechtsanwaltskanzlei Professor Mayer & Kollegen","prof-mayer-kollegen.de","https://prof-mayer-kollegen.de","jobboard_needs_review","Jobboard_URL wirkt wie Startseite oder generische Domain, nicht wie konkrete Karriereseite.","Karriere-/Stellenangebote-URL manuell prüfen und spezifischer speichern.","0","0","2026-07-14","rechtsanwaltskanzlei-professor-mayer-und-kollegen"
"Rechtsanwälte Leipzig Friedrich | Blasig–Vonderlin | Höfler | Voges in Bürogemeinschaft","rechtsanwaelte-leipzig.net","https://rechtsanwaelte-leipzig.net","jobboard_needs_review","Jobboard_URL wirkt wie Startseite oder generische Domain, nicht wie konkrete Karriereseite.","Karriere-/Stellenangebote-URL manuell prüfen und spezifischer speichern.","0","0","2026-07-14","leipzig-friedrich-blasig-vonderlin-hoefler-voges-in-buerogemeinschaft"
"Georg GmbH Breitscheid","georg.de","https://www.georg.de/unsere-offenen-stellen-in-breitscheid/","no_master_match","Jobboard_URL vorhanden, aber kein Treffer in jobs_master.csv nach Kanzleiname oder Domain.","Seite manuell prüfen: keine Jobs, Parser-Lücke, JS/Cookie-Problem oder spezielles ATS möglich.","0","0","2026-07-14","georg-breitscheid"
"Collegius Rohlfing Weisensee Oettler Rückemann-Bock PartmbB","collegius.de","https://collegius.de","jobboard_needs_review","Jobboard_URL wirkt wie Startseite oder generische Domain, nicht wie konkrete Karriereseite.","Karriere-/Stellenangebote-URL manuell prüfen und spezifischer speichern.","0","0","2026-07-14","collegius-rohlfing-weisensee-oettler-rueckemann-bock-partmbb"
"Schneider & Kollegen","schneider-kollegen.de","https://schneider-kollegen.de","jobboard_needs_review","Jobboard_URL wirkt wie Startseite oder generische Domain, nicht wie konkrete Karriereseite.","Karriere-/Stellenangebote-URL manuell prüfen und spezifischer speichern.","0","0","2026-07-14","schneider-und-kollegen"
"Heilmann Kanzlei für Steuer- und Rechtsberatung","kanzlei-heilmann.com","https://kanzlei-heilmann.com","jobboard_needs_review","Jobboard_URL wirkt wie Startseite oder generische Domain, nicht wie konkrete Karriereseite.","Karriere-/Stellenangebote-URL manuell prüfen und spezifischer speichern.","0","0","2026-07-14","heilmann-fuer-steuer-und-rechtsberatung"
"p&w klose","pwklose.de","https://pwklose.de","jobboard_needs_review","Jobboard_URL wirkt wie Startseite oder generische Domain, nicht wie konkrete Karriereseite.","Karriere-/Stellenangebote-URL manuell prüfen und spezifischer speichern.","0","0","2026-07-14","p-und-w-klose"
"Rechtsanwälte & Notare Torsten Brockhoff Rechtsanwalt","bst-kanzlei.de","https://bst-kanzlei.de","jobboard_needs_review","Jobboard_URL wirkt wie Startseite oder generische Domain, nicht wie konkrete Karriereseite.","Karriere-/Stellenangebote-URL manuell prüfen und spezifischer speichern.","0","0","2026-07-14","und-torsten-brockhoff"
"Dr. Grantz, Hoffmeyer & Partner","dr-grantz.de","https://dr-grantz.de/stellenangebote.html","no_master_match","Jobboard_URL vorhanden, aber kein Treffer in jobs_master.csv nach Kanzleiname oder Domain.","Seite manuell prüfen: keine Jobs, Parser-Lücke, JS/Cookie-Problem oder spezielles ATS möglich.","0","0","2026-07-14","dr-grantz-hoffmeyer-und"
"Rechtsanwalt Holger Grunau Rechtsanwaltkammer Hamm","kanzleigrunau.de","https://kanzleigrunau.de","jobboard_needs_review","Jobboard_URL wirkt wie Startseite oder generische Domain, nicht wie konkrete Karriereseite.","Karriere-/Stellenangebote-URL manuell prüfen und spezifischer speichern.","0","0","2026-07-14","holger-grunau-rechtsanwaltkammer-hamm"
"RAABE FOPPE Rechtsanwälte Fachanwälte NJWin Bürogemeinschaft","anwalt-raabe.de","https://anwalt-raabe.de","jobboard_needs_review","Jobboard_URL wirkt wie Startseite oder generische Domain, nicht wie konkrete Karriereseite.","Karriere-/Stellenangebote-URL manuell prüfen und spezifischer speichern.","0","0","2026-07-14","raabe-foppe-fachanwaelte-njwin-buerogemeinschaft"
"Dr. Löhr & Kollegen Rechtsanwaltsgesellschaft mbH","loehrundkollegen.de","https://loehrundkollegen.de","jobboard_needs_review","Jobboard_URL wirkt wie Startseite oder generische Domain, nicht wie konkrete Karriereseite.","Karriere-/Stellenangebote-URL manuell prüfen und spezifischer speichern.","0","0","2026-07-14","dr-loehr-und-kollegen-rechtsanwaltsgesellschaft-mbh"
"Morris Weisheit Rechtsanwalt","kanzlei-weisheit.de","https://kanzlei-weisheit.de","jobboard_needs_review","Jobboard_URL wirkt wie Startseite oder generische Domain, nicht wie konkrete Karriereseite.","Karriere-/Stellenangebote-URL manuell prüfen und spezifischer speichern.","0","0","2026-07-14","morris-weisheit"
"aiblingeranwaelte","aiblingeranwaelte.de","https://aiblingeranwaelte.de","jobboard_needs_review","Jobboard_URL wirkt wie Startseite oder generische Domain, nicht wie konkrete Karriereseite.","Karriere-/Stellenangebote-URL manuell prüfen und spezifischer speichern.","0","0","2026-07-14","aiblingeranwaelte"
"Rechtsanwalt und Fachanwalt für Arbeitsrecht und Fachanwalt für Insolvenzrecht","kanzlei-weiler.de","https://kanzlei-weiler.de","jobboard_needs_review","Jobboard_URL wirkt wie Startseite oder generische Domain, nicht wie konkrete Karriereseite.","Karriere-/Stellenangebote-URL manuell prüfen und spezifischer speichern.","0","0","2026-07-14","und-fachanwalt-fuer-arbeitsrecht-und-fachanwalt-fuer-insolvenzrecht"
"Die Kanzlei Kleiner & Kollegen","kanzlei-khk.com","https://kanzlei-khk.com","jobboard_needs_review","Jobboard_URL wirkt wie Startseite oder generische Domain, nicht wie konkrete Karriereseite.","Karriere-/Stellenangebote-URL manuell prüfen und spezifischer speichern.","0","0","2026-07-14","die-kleiner-und-kollegen"
"Holztrattner / Schmid Anwaltskanzlei","holztrattner-schmid.de","https://holztrattner-schmid.de/home/karriere","no_master_match","Jobboard_URL vorhanden, aber kein Treffer in jobs_master.csv nach Kanzleiname oder Domain.","Seite manuell prüfen: keine Jobs, Parser-Lücke, JS/Cookie-Problem oder spezielles ATS möglich.","0","0","2026-07-14","holztrattner-schmid-anwaltskanzlei"
"Dobler & Partner Partnerschaft mbB","dobler-partner.net","https://dobler-partner.net","jobboard_needs_review","Jobboard_URL wirkt wie Startseite oder generische Domain, nicht wie konkrete Karriereseite.","Karriere-/Stellenangebote-URL manuell prüfen und spezifischer speichern.","0","0","2026-07-14","dobler-und"
"hannebohm.kollegen. anwaltskompetenz in immobilie.wirtschaft.steuern","anwalts-kompetenz.de","https://anwalts-kompetenz.de","jobboard_needs_review","Jobboard_URL wirkt wie Startseite oder generische Domain, nicht wie konkrete Karriereseite.","Karriere-/Stellenangebote-URL manuell prüfen und spezifischer speichern.","0","0","2026-07-14","hannebohm-kollegen-anwaltskompetenz-in-immobilie-wirtschaft-steuern"
"Anwaltskanzlei Gründig","rae-gruendig.de","https://rae-gruendig.de","jobboard_needs_review","Jobboard_URL wirkt wie Startseite oder generische Domain, nicht wie konkrete Karriereseite.","Karriere-/Stellenangebote-URL manuell prüfen und spezifischer speichern.","0","0","2026-07-14","anwaltskanzlei-gruendig"
"Anwaltskanzlei am Park Sabine Harth-Umsonst Christiane Kleinschmidt","anwaltskanzlei-am-park.de","https://anwaltskanzlei-am-park.de","jobboard_needs_review","Jobboard_URL wirkt wie Startseite oder generische Domain, nicht wie konkrete Karriereseite.","Karriere-/Stellenangebote-URL manuell prüfen und spezifischer speichern.","0","0","2026-07-14","anwaltskanzlei-am-park-sabine-harth-umsonst-christiane-kleinschmidt"
"Björn Gregor, Rechtsanwalt","kanzlei-gregor.de","https://kanzlei-gregor.de","jobboard_needs_review","Jobboard_URL wirkt wie Startseite oder generische Domain, nicht wie konkrete Karriereseite.","Karriere-/Stellenangebote-URL manuell prüfen und spezifischer speichern.","0","0","2026-07-14","bjoern-gregor"
"Völpel Rechtsanwälte PartG mbB","rae-voelpel.de","https://rae-voelpel.de","jobboard_needs_review","Jobboard_URL wirkt wie Startseite oder generische Domain, nicht wie konkrete Karriereseite.","Karriere-/Stellenangebote-URL manuell prüfen und spezifischer speichern.","0","0","2026-07-14","voelpel"
"Matthias Bär Rechtsanwalt Matthias Bä","baer-recht.de","https://baer-recht.de","jobboard_needs_review","Jobboard_URL wirkt wie Startseite oder generische Domain, nicht wie konkrete Karriereseite.","Karriere-/Stellenangebote-URL manuell prüfen und spezifischer speichern.","0","0","2026-07-14","matthias-baer-matthias-bae"
"RA Rainer Sebel","kanzlei-sebel.de","https://kanzlei-sebel.de","jobboard_needs_review","Jobboard_URL wirkt wie Startseite oder generische Domain, nicht wie konkrete Karriereseite.","Karriere-/Stellenangebote-URL manuell prüfen und spezifischer speichern.","0","0","2026-07-14","ra-rainer-sebel"
"SESU Segelken & Suchopar Rechtsanwälte PartmbB","sesu.de","https://www.sesu.de/karriere","jobboard_needs_review","Jobboard_URL wirkt wie Startseite oder generische Domain, nicht wie konkrete Karriereseite.","Karriere-/Stellenangebote-URL manuell prüfen und spezifischer speichern.","0","0","2026-07-14","sesu-segelken-und-suchopar-partmbb"
"Rechtsanwälte Gschwendner & Kollegen","gschwendnerundkollegen.de","https://gschwendnerundkollegen.de","jobboard_needs_review","Jobboard_URL wirkt wie Startseite oder generische Domain, nicht wie konkrete Karriereseite.","Karriere-/Stellenangebote-URL manuell prüfen und spezifischer speichern.","0","0","2026-07-14","gschwendner-und-kollegen"
"FRP Rechtsanwälte Fischer Roloff + Partner Partnerschaftsgesellschaft mbB","fr-p.de","https://fr-p.de/kanzlei#karriere","no_master_match","Jobboard_URL vorhanden, aber kein Treffer in jobs_master.csv nach Kanzleiname oder Domain.","Seite manuell prüfen: keine Jobs, Parser-Lücke, JS/Cookie-Problem oder spezielles ATS möglich.","0","0","2026-07-14","frp-fischer-roloff-partnerschaftsgesellschaft"
"Babor & Schwend Rechtsanwaltsgesellschaft mit beschränkter Haftung","kanzlei-gruenwald.de","https://kanzlei-gruenwald.de","jobboard_needs_review","Jobboard_URL wirkt wie Startseite oder generische Domain, nicht wie konkrete Karriereseite.","Karriere-/Stellenangebote-URL manuell prüfen und spezifischer speichern.","0","0","2026-07-14","babor-und-schwend-rechtsanwaltsgesellschaft-mit-beschraenkter-haftung"
"mundt unger Rechtsanwälte Partnerschaft mbB","mundtunger.de","https://mundtunger.de","jobboard_needs_review","Jobboard_URL wirkt wie Startseite oder generische Domain, nicht wie konkrete Karriereseite.","Karriere-/Stellenangebote-URL manuell prüfen und spezifischer speichern.","0","0","2026-07-14","mundt-unger"
"HPK Recht GbR","hpk-recht.de","https://www.hpk-recht.de/stellenangebot-ra","no_master_match","Jobboard_URL vorhanden, aber kein Treffer in jobs_master.csv nach Kanzleiname oder Domain.","Seite manuell prüfen: keine Jobs, Parser-Lücke, JS/Cookie-Problem oder spezielles ATS möglich.","0","0","2026-07-14","hpk-recht-gbr"
"Kanzlei & Coaching Dufeu","dufeu.de","https://dufeu.de","jobboard_needs_review","Jobboard_URL wirkt wie Startseite oder generische Domain, nicht wie konkrete Karriereseite.","Karriere-/Stellenangebote-URL manuell prüfen und spezifischer speichern.","0","0","2026-07-14","und-coaching-dufeu"
"Holtfester | Grafflage Rechtsanwälte Notare","holtfester-grafflage.de","https://www.holtfester-grafflage.de/karriere/","jobboard_needs_review","Jobboard_URL wirkt wie Startseite oder generische Domain, nicht wie konkrete Karriereseite.","Karriere-/Stellenangebote-URL manuell prüfen und spezifischer speichern.","0","0","2026-07-14","holtfester-grafflage"
"Anwaltsgemeinschaft Sonntag, Schönborn, Golumbeck und Hansmann","sonntag-kanzlei.de","https://sonntag-kanzlei.de","jobboard_needs_review","Jobboard_URL wirkt wie Startseite oder generische Domain, nicht wie konkrete Karriereseite.","Karriere-/Stellenangebote-URL manuell prüfen und spezifischer speichern.","0","0","2026-07-14","anwaltsgemeinschaft-sonntag-schoenborn-golumbeck-und-hansmann"
"Rechtsanwalt Volkhard Wenzel","kanzlei-wenzel.de","https://kanzlei-wenzel.de","jobboard_needs_review","Jobboard_URL wirkt wie Startseite oder generische Domain, nicht wie konkrete Karriereseite.","Karriere-/Stellenangebote-URL manuell prüfen und spezifischer speichern.","0","0","2026-07-14","volkhard-wenzel"
"Rechtanswälte Dr. Hermanns und Partner","hermanns-rechtsanwaelte.de","https://hermanns-rechtsanwaelte.de","jobboard_needs_review","Jobboard_URL wirkt wie Startseite oder generische Domain, nicht wie konkrete Karriereseite.","Karriere-/Stellenangebote-URL manuell prüfen und spezifischer speichern.","0","0","2026-07-14","rechtanswaelte-dr-hermanns-und"
"echtsanwälte Dr. Koch Dorobek & Kollegen","dorobek-legal.de","https://dorobek-legal.de","jobboard_needs_review","Jobboard_URL wirkt wie Startseite oder generische Domain, nicht wie konkrete Karriereseite.","Karriere-/Stellenangebote-URL manuell prüfen und spezifischer speichern.","0","0","2026-07-14","echtsanwaelte-dr-koch-dorobek-und-kollegen"
"Baedeker & Reimann – Rechtsanwälte","baedeker-reimann.de","https://baedeker-reimann.de","jobboard_needs_review","Jobboard_URL wirkt wie Startseite oder generische Domain, nicht wie konkrete Karriereseite.","Karriere-/Stellenangebote-URL manuell prüfen und spezifischer speichern.","0","0","2026-07-14","baedeker-und-reimann"
"Rechtsanwältinnen und Rechtsanwälte der Pierro & Pierro Anwaltskanzlei PartmbB","pierropierro.de","https://pierropierro.de","jobboard_needs_review","Jobboard_URL wirkt wie Startseite oder generische Domain, nicht wie konkrete Karriereseite.","Karriere-/Stellenangebote-URL manuell prüfen und spezifischer speichern.","0","0","2026-07-14","rechtsanwaeltinnen-und-der-pierro-und-pierro-anwaltskanzlei-partmbb"
"Anwaltskanzlei Weiß & Partner® Rechtsanwälte, Patentanwalt","ratgeberrecht.eu","https://ratgeberrecht.eu","jobboard_needs_review","Jobboard_URL wirkt wie Startseite oder generische Domain, nicht wie konkrete Karriereseite.","Karriere-/Stellenangebote-URL manuell prüfen und spezifischer speichern.","0","0","2026-07-14","anwaltskanzlei-weiss-und-patentanwalt"
"ramuessig","ramuessig.de","https://ramuessig.de","jobboard_needs_review","Jobboard_URL wirkt wie Startseite oder generische Domain, nicht wie konkrete Karriereseite.","Karriere-/Stellenangebote-URL manuell prüfen und spezifischer speichern.","0","0","2026-07-14","ramuessig"
"Rechtsanwalt Henning Bartels","henningbartels.de","https://henningbartels.de","jobboard_needs_review","Jobboard_URL wirkt wie Startseite oder generische Domain, nicht wie konkrete Karriereseite.","Karriere-/Stellenangebote-URL manuell prüfen und spezifischer speichern.","0","0","2026-07-14","henning-bartels"
"rechtkurz","rechtkurz.de","https://rechtkurz.de","jobboard_needs_review","Jobboard_URL wirkt wie Startseite oder generische Domain, nicht wie konkrete Karriereseite.","Karriere-/Stellenangebote-URL manuell prüfen und spezifischer speichern.","0","0","2026-07-14","rechtkurz"
"HRworks GmbH","jobapplication.hrworks.de","https://jobapplication.hrworks.de","jobboard_needs_review","Jobboard_URL wirkt wie Startseite oder generische Domain, nicht wie konkrete Karriereseite.","Karriere-/Stellenangebote-URL manuell prüfen und spezifischer speichern.","0","0","2026-07-14","hrworks"
"Rechtsanwältin Sabine Köker","koekerstodte.de","https://koekerstodte.de","jobboard_needs_review","Jobboard_URL wirkt wie Startseite oder generische Domain, nicht wie konkrete Karriereseite.","Karriere-/Stellenangebote-URL manuell prüfen und spezifischer speichern.","0","0","2026-07-14","rechtsanwaeltin-sabine-koeker"
"Herbert Dohm - Attorney","dohm-haye.de","https://dohm-haye.de","jobboard_needs_review","Jobboard_URL wirkt wie Startseite oder generische Domain, nicht wie konkrete Karriereseite.","Karriere-/Stellenangebote-URL manuell prüfen und spezifischer speichern.","0","0","2026-07-14","herbert-dohm-attorney"
"Leutz-Ohlmeyer | Behrends Anwaltskanzlei","kanzlei-lob.de","https://kanzlei-lob.de","jobboard_needs_review","Jobboard_URL wirkt wie Startseite oder generische Domain, nicht wie konkrete Karriereseite.","Karriere-/Stellenangebote-URL manuell prüfen und spezifischer speichern.","0","0","2026-07-14","leutz-ohlmeyer-behrends-anwaltskanzlei"
"ra-hansen-badiburg","ra-hansen-badiburg.de","https://ra-hansen-badiburg.de","jobboard_needs_review","Jobboard_URL wirkt wie Startseite oder generische Domain, nicht wie konkrete Karriereseite.","Karriere-/Stellenangebote-URL manuell prüfen und spezifischer speichern.","0","0","2026-07-14","ra-hansen-badiburg"
"nzp","nzp.de","https://www.nzp.de/careers/","jobboard_needs_review","Jobboard_URL wirkt wie Startseite oder generische Domain, nicht wie konkrete Karriereseite.","Karriere-/Stellenangebote-URL manuell prüfen und spezifischer speichern.","0","0","2026-07-14","nzp"
"Rechtsanwalt mit SchwerpunktVerkehrsrecht und Arbeitsrecht","rechtsanwalt-karsten-teege.de","https://rechtsanwalt-karsten-teege.de","jobboard_needs_review","Jobboard_URL wirkt wie Startseite oder generische Domain, nicht wie konkrete Karriereseite.","Karriere-/Stellenangebote-URL manuell prüfen und spezifischer speichern.","0","0","2026-07-14","mit-schwerpunktverkehrsrecht-und-arbeitsrecht"
"Voss Schnitger Steenken Bünger & Partner","jobs.obic.de","https://jobs.obic.de/cookie-richtlinie-eu/","no_master_match","Jobboard_URL vorhanden, aber kein Treffer in jobs_master.csv nach Kanzleiname oder Domain.","Seite manuell prüfen: keine Jobs, Parser-Lücke, JS/Cookie-Problem oder spezielles ATS möglich.","0","0","2026-07-14","voss-schnitger-steenken-buenger-und"
"CDU Kreisverband Aachen","cdu-aachen.de","https://cdu-aachen.de","jobboard_needs_review","Jobboard_URL wirkt wie Startseite oder generische Domain, nicht wie konkrete Karriereseite.","Karriere-/Stellenangebote-URL manuell prüfen und spezifischer speichern.","0","0","2026-07-14","cdu-kreisverband-aachen"
"Rechtsanwältin Ingrid Brand-Hückstädt","brand-hueckstaedt.de","https://brand-hueckstaedt.de","jobboard_needs_review","Jobboard_URL wirkt wie Startseite oder generische Domain, nicht wie konkrete Karriereseite.","Karriere-/Stellenangebote-URL manuell prüfen und spezifischer speichern.","0","0","2026-07-14","rechtsanwaeltin-ingrid-brand-hueckstaedt"
"Dr. Areti Georgiadou","kanzlei-georgiadou.de","https://kanzlei-georgiadou.de","jobboard_needs_review","Jobboard_URL wirkt wie Startseite oder generische Domain, nicht wie konkrete Karriereseite.","Karriere-/Stellenangebote-URL manuell prüfen und spezifischer speichern.","0","0","2026-07-14","dr-areti-georgiadou"
"Rechtsanwalt Marius Schrömbgens","schroembgens.com","https://schroembgens.com","jobboard_needs_review","Jobboard_URL wirkt wie Startseite oder generische Domain, nicht wie konkrete Karriereseite.","Karriere-/Stellenangebote-URL manuell prüfen und spezifischer speichern.","0","0","2026-07-14","marius-schroembgens"
"Haldenwang Rechtsanwälte","haldenwangrae.de","https://haldenwangrae.de","jobboard_needs_review","Jobboard_URL wirkt wie Startseite oder generische Domain, nicht wie konkrete Karriereseite.","Karriere-/Stellenangebote-URL manuell prüfen und spezifischer speichern.","0","0","2026-07-14","haldenwang"
"kanzlei-stoever","kanzlei-stoever.de","https://kanzlei-stoever.de","jobboard_needs_review","Jobboard_URL wirkt wie Startseite oder generische Domain, nicht wie konkrete Karriereseite.","Karriere-/Stellenangebote-URL manuell prüfen und spezifischer speichern.","0","0","2026-07-14","stoever"
"Dr. Kunzmann & Derkorn Fachanwälte für Arbeitsrecht & Sozialrecht","drkup.de","https://www.sozialplan-einigungsstelle.de/index.html","no_master_match","Jobboard_URL vorhanden, aber kein Treffer in jobs_master.csv nach Kanzleiname oder Domain.","Seite manuell prüfen: keine Jobs, Parser-Lücke, JS/Cookie-Problem oder spezielles ATS möglich.","0","0","2026-07-14","dr-kunzmann-und-derkorn-fachanwaelte-fuer-arbeitsrecht-und-sozialrecht"
"inso-rosenauer","inso-rosenauer.de","https://inso-rosenauer.de","jobboard_needs_review","Jobboard_URL wirkt wie Startseite oder generische Domain, nicht wie konkrete Karriereseite.","Karriere-/Stellenangebote-URL manuell prüfen und spezifischer speichern.","0","0","2026-07-14","inso-rosenauer"
"Lerch & Coll. Rechtsanwälte","rae-lerch.de","https://rae-lerch.de","jobboard_needs_review","Jobboard_URL wirkt wie Startseite oder generische Domain, nicht wie konkrete Karriereseite.","Karriere-/Stellenangebote-URL manuell prüfen und spezifischer speichern.","0","0","2026-07-14","lerch-und-coll"
"Kanzlei Donicht Rechtsanwalt/Fachanwalt","kanzlei-donicht.de","https://kanzlei-donicht.de","jobboard_needs_review","Jobboard_URL wirkt wie Startseite oder generische Domain, nicht wie konkrete Karriereseite.","Karriere-/Stellenangebote-URL manuell prüfen und spezifischer speichern.","0","0","2026-07-14","donicht-fachanwalt"
"nguontaichinh","nguontaichinh.com","https://nguontaichinh.com","jobboard_needs_review","Jobboard_URL wirkt wie Startseite oder generische Domain, nicht wie konkrete Karriereseite.","Karriere-/Stellenangebote-URL manuell prüfen und spezifischer speichern.","0","0","2026-07-14","nguontaichinh"
"KR Kanzlei Rademacher GbR","kanzlei-rademacher.net","https://kanzlei-rademacher.net","jobboard_needs_review","Jobboard_URL wirkt wie Startseite oder generische Domain, nicht wie konkrete Karriereseite.","Karriere-/Stellenangebote-URL manuell prüfen und spezifischer speichern.","0","0","2026-07-14","kr-rademacher-gbr"
"Mariacher Rechtsanwälte GbR","mariacher.de","https://mariacher.de","jobboard_needs_review","Jobboard_URL wirkt wie Startseite oder generische Domain, nicht wie konkrete Karriereseite.","Karriere-/Stellenangebote-URL manuell prüfen und spezifischer speichern.","0","0","2026-07-14","mariacher-gbr"
"ra-schuell","ra-schuell.de","https://ra-schuell.de","jobboard_needs_review","Jobboard_URL wirkt wie Startseite oder generische Domain, nicht wie konkrete Karriereseite.","Karriere-/Stellenangebote-URL manuell prüfen und spezifischer speichern.","0","0","2026-07-14","ra-schuell"
"Kanzlei Schwede, Gewert & Kollegen","ksg-recht.de","https://www.ksg-recht.de/stellenangebote-und-ausbildung","no_master_match","Jobboard_URL vorhanden, aber kein Treffer in jobs_master.csv nach Kanzleiname oder Domain.","Seite manuell prüfen: keine Jobs, Parser-Lücke, JS/Cookie-Problem oder spezielles ATS möglich.","0","0","2026-07-14","schwede-gewert-und-kollegen"
"KANZLEI RENNER BERLIN & BUNDESWEIT","kanzlei-renner.de","https://kanzlei-renner.de","jobboard_needs_review","Jobboard_URL wirkt wie Startseite oder generische Domain, nicht wie konkrete Karriereseite.","Karriere-/Stellenangebote-URL manuell prüfen und spezifischer speichern.","0","0","2026-07-14","renner-berlin-und-bundesweit"
"Rechtsanwalt Robert Seethaler","rechtsanwalt-seethaler.de","https://rechtsanwalt-seethaler.de","jobboard_needs_review","Jobboard_URL wirkt wie Startseite oder generische Domain, nicht wie konkrete Karriereseite.","Karriere-/Stellenangebote-URL manuell prüfen und spezifischer speichern.","0","0","2026-07-14","robert-seethaler"
"Alexander Kessler","kanzlei-kessler.de","https://kanzlei-kessler.de","jobboard_needs_review","Jobboard_URL wirkt wie Startseite oder generische Domain, nicht wie konkrete Karriereseite.","Karriere-/Stellenangebote-URL manuell prüfen und spezifischer speichern.","0","0","2026-07-14","alexander-kessler"
"Meyersrenken & Rheingantz Rechtsanwälte","meyersrenken-rheingantz.de","https://meyersrenken-rheingantz.de","jobboard_needs_review","Jobboard_URL wirkt wie Startseite oder generische Domain, nicht wie konkrete Karriereseite.","Karriere-/Stellenangebote-URL manuell prüfen und spezifischer speichern.","0","0","2026-07-14","meyersrenken-und-rheingantz"
"Kanzlei Kuhagen","kanzleikuhagen.de","https://kanzleikuhagen.de","jobboard_needs_review","Jobboard_URL wirkt wie Startseite oder generische Domain, nicht wie konkrete Karriereseite.","Karriere-/Stellenangebote-URL manuell prüfen und spezifischer speichern.","0","0","2026-07-14","kuhagen"
"holzer-goldmann","holzer-goldmann.de","https://holzer-goldmann.de","jobboard_needs_review","Jobboard_URL wirkt wie Startseite oder generische Domain, nicht wie konkrete Karriereseite.","Karriere-/Stellenangebote-URL manuell prüfen und spezifischer speichern.","0","0","2026-07-14","holzer-goldmann"
"KANZLEI STAROSTIK BERLIN und AUE","starostik.de","https://starostik.de","jobboard_needs_review","Jobboard_URL wirkt wie Startseite oder generische Domain, nicht wie konkrete Karriereseite.","Karriere-/Stellenangebote-URL manuell prüfen und spezifischer speichern.","0","0","2026-07-14","starostik-berlin-und-aue"
"FROEHLICH Rechtsanwälte Insolvenzverwalter Steuerberater","froehlich-rae.de","https://froehlich-rae.de","jobboard_needs_review","Jobboard_URL wirkt wie Startseite oder generische Domain, nicht wie konkrete Karriereseite.","Karriere-/Stellenangebote-URL manuell prüfen und spezifischer speichern.","0","0","2026-07-14","froehlich-insolvenzverwalter"
"Kanzlei Prof. Maser, Grassinger & Partner","baurechtstuttgart.de","https://baurechtstuttgart.de","jobboard_needs_review","Jobboard_URL wirkt wie Startseite oder generische Domain, nicht wie konkrete Karriereseite.","Karriere-/Stellenangebote-URL manuell prüfen und spezifischer speichern.","0","0","2026-07-14","prof-maser-grassinger-und"
"Rechtsanwaltskanzlei Andrea Hoffmann","ra-hoffmann.org","https://ra-hoffmann.org","jobboard_needs_review","Jobboard_URL wirkt wie Startseite oder generische Domain, nicht wie konkrete Karriereseite.","Karriere-/Stellenangebote-URL manuell prüfen und spezifischer speichern.","0","0","2026-07-14","rechtsanwaltskanzlei-andrea-hoffmann"
"KANZLEI GLEICHENSTEIN & BREITLING | RECHTSANWÄLTE","gleichenstein-breitling.de","https://gleichenstein-breitling.de","jobboard_needs_review","Jobboard_URL wirkt wie Startseite oder generische Domain, nicht wie konkrete Karriereseite.","Karriere-/Stellenangebote-URL manuell prüfen und spezifischer speichern.","0","0","2026-07-14","gleichenstein-und-breitling"
"Dr. Jur. Klaus T. Renaud","rechtsanwalt-dr-renaud.de","https://rechtsanwalt-dr-renaud.de","jobboard_needs_review","Jobboard_URL wirkt wie Startseite oder generische Domain, nicht wie konkrete Karriereseite.","Karriere-/Stellenangebote-URL manuell prüfen und spezifischer speichern.","0","0","2026-07-14","dr-jur-klaus-t-renaud"
"Volker Mayer-Lay","mayer-lay-bundestag.de","https://mayer-lay-bundestag.de","jobboard_needs_review","Jobboard_URL wirkt wie Startseite oder generische Domain, nicht wie konkrete Karriereseite.","Karriere-/Stellenangebote-URL manuell prüfen und spezifischer speichern.","0","0","2026-07-14","volker-mayer-lay"
"Rechtsanwälte Wimmers","multi-media-recht.de","https://wimmers.de","jobboard_needs_review","Jobboard_URL wirkt wie Startseite oder generische Domain, nicht wie konkrete Karriereseite.","Karriere-/Stellenangebote-URL manuell prüfen und spezifischer speichern.","0","0","2026-07-14","wimmers"
"Kanzlei Antonius","kanzlei-antonius.de","https://kanzlei-antonius.de","jobboard_needs_review","Jobboard_URL wirkt wie Startseite oder generische Domain, nicht wie konkrete Karriereseite.","Karriere-/Stellenangebote-URL manuell prüfen und spezifischer speichern.","0","0","2026-07-14","antonius"
"KANZLEI AM PRINZIPALMARKT","kanzlei-am-prinzipalmarkt.de","https://kanzlei-am-prinzipalmarkt.de","jobboard_needs_review","Jobboard_URL wirkt wie Startseite oder generische Domain, nicht wie konkrete Karriereseite.","Karriere-/Stellenangebote-URL manuell prüfen und spezifischer speichern.","0","0","2026-07-14","am-prinzipalmarkt"
"drwachsmuth","drwachsmuth.com","https://drwachsmuth.com","jobboard_needs_review","Jobboard_URL wirkt wie Startseite oder generische Domain, nicht wie konkrete Karriereseite.","Karriere-/Stellenangebote-URL manuell prüfen und spezifischer speichern.","0","0","2026-07-14","drwachsmuth"
"Götz-Werner v. Fromberg Rechtsanwalt · Notar a. D.","fromberg.de","https://fromberg.de","jobboard_needs_review","Jobboard_URL wirkt wie Startseite oder generische Domain, nicht wie konkrete Karriereseite.","Karriere-/Stellenangebote-URL manuell prüfen und spezifischer speichern.","0","0","2026-07-14","goetz-werner-v-fromberg-a-d"
"Markus Helmchen","helmchen-rechtsanwaelte.de","https://helmchen-rechtsanwaelte.de","jobboard_needs_review","Jobboard_URL wirkt wie Startseite oder generische Domain, nicht wie konkrete Karriereseite.","Karriere-/Stellenangebote-URL manuell prüfen und spezifischer speichern.","0","0","2026-07-14","markus-helmchen"
"Buchert Jacob Peter Rechtsanwälte Partnerschaftsgesellschaft mbB","dr-buchert.de","https://www.ombudsperson-frankfurt.de/sich-informieren/beratung-von-hinweisgeberstellen/","no_master_match","Jobboard_URL vorhanden, aber kein Treffer in jobs_master.csv nach Kanzleiname oder Domain.","Seite manuell prüfen: keine Jobs, Parser-Lücke, JS/Cookie-Problem oder spezielles ATS möglich.","0","0","2026-07-14","buchert-jacob-peter-partnerschaftsgesellschaft"
"Rechtsanwalt Henrik Harlfinger","ra-harlfinger.de","https://ra-harlfinger.de","jobboard_needs_review","Jobboard_URL wirkt wie Startseite oder generische Domain, nicht wie konkrete Karriereseite.","Karriere-/Stellenangebote-URL manuell prüfen und spezifischer speichern.","0","0","2026-07-14","henrik-harlfinger"
"Kanzlei in der Südstadt Rechtsanwälte Weidmann & Niederhöfer","kanzlei-sued.de","https://kanzlei-sued.de","jobboard_needs_review","Jobboard_URL wirkt wie Startseite oder generische Domain, nicht wie konkrete Karriereseite.","Karriere-/Stellenangebote-URL manuell prüfen und spezifischer speichern.","0","0","2026-07-14","in-der-suedstadt-weidmann-und-niederhoefer"
"REISS GbR","kanzlei-reiss.de","https://www.kanzlei-reiss.de/kanzlei-fuer-italienisches-recht-ihr-ansprechpartner/karriere/","no_master_match","Jobboard_URL vorhanden, aber kein Treffer in jobs_master.csv nach Kanzleiname oder Domain.","Seite manuell prüfen: keine Jobs, Parser-Lücke, JS/Cookie-Problem oder spezielles ATS möglich.","0","0","2026-07-14","reiss-gbr"
"Diana Scharf Rechtsanwältin, Mediatorin","diana-scharf.de","https://diana-scharf.de","jobboard_needs_review","Jobboard_URL wirkt wie Startseite oder generische Domain, nicht wie konkrete Karriereseite.","Karriere-/Stellenangebote-URL manuell prüfen und spezifischer speichern.","0","0","2026-07-14","diana-scharf-rechtsanwaeltin-mediatorin"
"Rechtsanwältin Anne Glinka","glinka-rechtsanwaeltin.de","https://glinka-rechtsanwaeltin.de","jobboard_needs_review","Jobboard_URL wirkt wie Startseite oder generische Domain, nicht wie konkrete Karriereseite.","Karriere-/Stellenangebote-URL manuell prüfen und spezifischer speichern.","0","0","2026-07-14","rechtsanwaeltin-anne-glinka"
"Kanzlei Gülşen Kurt","kanzleikurt.de","https://kanzleikurt.de","jobboard_needs_review","Jobboard_URL wirkt wie Startseite oder generische Domain, nicht wie konkrete Karriereseite.","Karriere-/Stellenangebote-URL manuell prüfen und spezifischer speichern.","0","0","2026-07-14","guel-en-kurt"
"Jakob & Klein Law Firm","jakob-klein.de","https://jakob-klein.de","jobboard_needs_review","Jobboard_URL wirkt wie Startseite oder generische Domain, nicht wie konkrete Karriereseite.","Karriere-/Stellenangebote-URL manuell prüfen und spezifischer speichern.","0","0","2026-07-14","jakob-und-klein-firm"
"Rechtsanwalt Holger Schmitz","schmitz-ra.de","https://schmitz-ra.de","jobboard_needs_review","Jobboard_URL wirkt wie Startseite oder generische Domain, nicht wie konkrete Karriereseite.","Karriere-/Stellenangebote-URL manuell prüfen und spezifischer speichern.","0","0","2026-07-14","holger-schmitz"
"ADJULEX Rechtsanwälte & Fachanwälte, HEZEL Rechtsanwälte Partnerschaft mbB","adjulex-unfall.de","https://adjulex-unfall.de","jobboard_needs_review","Jobboard_URL wirkt wie Startseite oder generische Domain, nicht wie konkrete Karriereseite.","Karriere-/Stellenangebote-URL manuell prüfen und spezifischer speichern.","0","0","2026-07-14","adjulex-und-fachanwaelte-hezel"
"rk-koeln","rk-koeln.de","https://rk-koeln.de","jobboard_needs_review","Jobboard_URL wirkt wie Startseite oder generische Domain, nicht wie konkrete Karriereseite.","Karriere-/Stellenangebote-URL manuell prüfen und spezifischer speichern.","0","0","2026-07-14","rk-koeln"
"CONLATA Geißelmaier & Partner mbB","conlata.de","https://www.conlata.de/karriere","jobboard_needs_review","Jobboard_URL wirkt wie Startseite oder generische Domain, nicht wie konkrete Karriereseite.","Karriere-/Stellenangebote-URL manuell prüfen und spezifischer speichern.","0","0","2026-07-14","conlata-geisselmaier-und"
"Geitz . Rienecker Rechtsanwälte","geitz-rienecker.de","https://geitz-rienecker.de","jobboard_needs_review","Jobboard_URL wirkt wie Startseite oder generische Domain, nicht wie konkrete Karriereseite.","Karriere-/Stellenangebote-URL manuell prüfen und spezifischer speichern.","0","0","2026-07-14","geitz-rienecker"
"Hörz Rilling Rechtsanwälte","hoerz-rilling.de","https://hoerz-rilling.de","jobboard_needs_review","Jobboard_URL wirkt wie Startseite oder generische Domain, nicht wie konkrete Karriereseite.","Karriere-/Stellenangebote-URL manuell prüfen und spezifischer speichern.","0","0","2026-07-14","hoerz-rilling"
"kanzlei-boostedt","kanzlei-boostedt.de","https://kanzlei-boostedt.de","jobboard_needs_review","Jobboard_URL wirkt wie Startseite oder generische Domain, nicht wie konkrete Karriereseite.","Karriere-/Stellenangebote-URL manuell prüfen und spezifischer speichern.","0","0","2026-07-14","boostedt"
"Rechtsanwälte Dr. Dammert & Steinforth Partnerschaft mbB","dammert-steinforth.de","https://dammert-steinforth.de","jobboard_needs_review","Jobboard_URL wirkt wie Startseite oder generische Domain, nicht wie konkrete Karriereseite.","Karriere-/Stellenangebote-URL manuell prüfen und spezifischer speichern.","0","0","2026-07-14","dr-dammert-und-steinforth"
"stege | köster | pietzka rechtsanwälte & rentenberaterin (angestellt)","anwaltskanzlei-freie-hansestadt-bremen.de","https://anwaltskanzlei-freie-hansestadt-bremen.de","jobboard_needs_review","Jobboard_URL wirkt wie Startseite oder generische Domain, nicht wie konkrete Karriereseite.","Karriere-/Stellenangebote-URL manuell prüfen und spezifischer speichern.","0","0","2026-07-14","stege-koester-pietzka-und-rentenberaterin-angestellt"
"Rechtsanwälte Decruppe & Kollegen Kanzlei für Arbeitsrecht","ra-decruppe.de","https://www.ra-decruppe.de/einigungsstellen","no_master_match","Jobboard_URL vorhanden, aber kein Treffer in jobs_master.csv nach Kanzleiname oder Domain.","Seite manuell prüfen: keine Jobs, Parser-Lücke, JS/Cookie-Problem oder spezielles ATS möglich.","0","0","2026-07-14","decruppe-und-kollegen-fuer-arbeitsrecht"
"Kanzlei Altun","altun.de","https://altun.de","jobboard_needs_review","Jobboard_URL wirkt wie Startseite oder generische Domain, nicht wie konkrete Karriereseite.","Karriere-/Stellenangebote-URL manuell prüfen und spezifischer speichern.","0","0","2026-07-14","altun"
"Martin C. Betsche Rechtsanwalt / Steuerberater","betsche.de","https://betsche.de","jobboard_needs_review","Jobboard_URL wirkt wie Startseite oder generische Domain, nicht wie konkrete Karriereseite.","Karriere-/Stellenangebote-URL manuell prüfen und spezifischer speichern.","0","0","2026-07-14","martin-c-betsche"
"Rechtsanwältin Annette K. Potthoff","kanzlei-potthoff.de","https://kanzlei-potthoff.de","jobboard_needs_review","Jobboard_URL wirkt wie Startseite oder generische Domain, nicht wie konkrete Karriereseite.","Karriere-/Stellenangebote-URL manuell prüfen und spezifischer speichern.","0","0","2026-07-14","rechtsanwaeltin-annette-k-potthoff"
"Rechtsanwaltskanzlei Jutta-Brigitte Burmeister","anwaelte-burmeister.de","https://anwaelte-burmeister.de","jobboard_needs_review","Jobboard_URL wirkt wie Startseite oder generische Domain, nicht wie konkrete Karriereseite.","Karriere-/Stellenangebote-URL manuell prüfen und spezifischer speichern.","0","0","2026-07-14","rechtsanwaltskanzlei-jutta-brigitte-burmeister"
"Weymann & Partner Kanzlei Twistringen","rechtsanwalt-weymann.de","https://www.rechtsanwalt-weymann.de/jobs","jobboard_needs_review","Jobboard_URL wirkt wie Startseite oder generische Domain, nicht wie konkrete Karriereseite.","Karriere-/Stellenangebote-URL manuell prüfen und spezifischer speichern.","0","0","2026-07-14","weymann-und-twistringen"
"ASK GmbH Steuerberatungsgesellschaft","ask-stbg.de","https://ask-stbg.de","jobboard_needs_review","Jobboard_URL wirkt wie Startseite oder generische Domain, nicht wie konkrete Karriereseite.","Karriere-/Stellenangebote-URL manuell prüfen und spezifischer speichern.","0","0","2026-07-14","ask-steuerberatungsgesellschaft"
"Dirk Oelbermann Schnorrenberg • Oelbermann Anwaltskanzlei","schnorrenberg-oelbermann.de","https://schnorrenberg-oelbermann.de","jobboard_needs_review","Jobboard_URL wirkt wie Startseite oder generische Domain, nicht wie konkrete Karriereseite.","Karriere-/Stellenangebote-URL manuell prüfen und spezifischer speichern.","0","0","2026-07-14","dirk-oelbermann-schnorrenberg-oelbermann-anwaltskanzlei"
"Rechtsanwältin Silke Wollburg","anwaltskanzlei-wollburg.de","https://anwaltskanzlei-wollburg.de","jobboard_needs_review","Jobboard_URL wirkt wie Startseite oder generische Domain, nicht wie konkrete Karriereseite.","Karriere-/Stellenangebote-URL manuell prüfen und spezifischer speichern.","0","0","2026-07-14","rechtsanwaeltin-silke-wollburg"
"KANZLEI DOSS","kanzlei-doss.de","https://kanzlei-doss.de","jobboard_needs_review","Jobboard_URL wirkt wie Startseite oder generische Domain, nicht wie konkrete Karriereseite.","Karriere-/Stellenangebote-URL manuell prüfen und spezifischer speichern.","0","0","2026-07-14","doss"
"KOPP PARTNER RECHTSANWÄLTE | FACHANWÄLTE UND NOTARE","rae-kopp.de","https://www.rae-kopp.de/karriere","jobboard_needs_review","Jobboard_URL wirkt wie Startseite oder generische Domain, nicht wie konkrete Karriereseite.","Karriere-/Stellenangebote-URL manuell prüfen und spezifischer speichern.","0","0","2026-07-14","kopp-fachanwaelte-und"
"Rechtsanwaltskanzlei Cornelia Schorn-Heidkamp","kanzlei-schorn-heidkamp.de","https://kanzlei-schorn-heidkamp.de","jobboard_needs_review","Jobboard_URL wirkt wie Startseite oder generische Domain, nicht wie konkrete Karriereseite.","Karriere-/Stellenangebote-URL manuell prüfen und spezifischer speichern.","0","0","2026-07-14","rechtsanwaltskanzlei-cornelia-schorn-heidkamp"
"Bischof & Paetow, Rechtsanwälte in Partnerschaft","bpr-partner.de","https://bpr-partner.de","jobboard_needs_review","Jobboard_URL wirkt wie Startseite oder generische Domain, nicht wie konkrete Karriereseite.","Karriere-/Stellenangebote-URL manuell prüfen und spezifischer speichern.","0","0","2026-07-14","bischof-und-paetow-in"
"Rechtsanwaltskanzlei Saeftel & Kollegen aus Mannheim","ma-law.de","https://ma-law.de","jobboard_needs_review","Jobboard_URL wirkt wie Startseite oder generische Domain, nicht wie konkrete Karriereseite.","Karriere-/Stellenangebote-URL manuell prüfen und spezifischer speichern.","0","0","2026-07-14","rechtsanwaltskanzlei-saeftel-und-kollegen-aus-mannheim"
"Dr. Müller-Jena & Eva Müller-Jena Gesellschaft bürgerlichen Rechts","rechtsanwalt-mueller-jena.de","https://rechtsanwalt-mueller-jena.de","jobboard_needs_review","Jobboard_URL wirkt wie Startseite oder generische Domain, nicht wie konkrete Karriereseite.","Karriere-/Stellenangebote-URL manuell prüfen und spezifischer speichern.","0","0","2026-07-14","dr-mueller-jena-und-eva-mueller-jena-gesellschaft-buergerlichen-rechts"
"Blum & Dörfler-Collin Rechtsanwälte Partnerschaft mbB","kanzlei-bbdc.de","https://kanzlei-bbdc.de","jobboard_needs_review","Jobboard_URL wirkt wie Startseite oder generische Domain, nicht wie konkrete Karriereseite.","Karriere-/Stellenangebote-URL manuell prüfen und spezifischer speichern.","0","0","2026-07-14","blum-und-doerfler-collin"
"Rütz & Succi","bensheim-kanzlei.de","https://bensheim-kanzlei.de","jobboard_needs_review","Jobboard_URL wirkt wie Startseite oder generische Domain, nicht wie konkrete Karriereseite.","Karriere-/Stellenangebote-URL manuell prüfen und spezifischer speichern.","0","0","2026-07-14","ruetz-und-succi"
"Rechtsanwaltskanzlei Rainer Gruler und Walter Möhrle","rechtsanwaelte-gruler-moehrle.de","https://rechtsanwaelte-gruler-moehrle.de","jobboard_needs_review","Jobboard_URL wirkt wie Startseite oder generische Domain, nicht wie konkrete Karriereseite.","Karriere-/Stellenangebote-URL manuell prüfen und spezifischer speichern.","0","0","2026-07-14","rechtsanwaltskanzlei-rainer-gruler-und-walter-moehrle"
"Alfred L. Rümler Rechtsanwalt","rechtsanwalt-ruemler.de","https://rechtsanwalt-ruemler.de","jobboard_needs_review","Jobboard_URL wirkt wie Startseite oder generische Domain, nicht wie konkrete Karriereseite.","Karriere-/Stellenangebote-URL manuell prüfen und spezifischer speichern.","0","0","2026-07-14","alfred-l-ruemler"
"INES SCHWARZ Rechtsanwältin Fachanwältin für Familienrecht","inesschwarz.de","https://inesschwarz.de","jobboard_needs_review","Jobboard_URL wirkt wie Startseite oder generische Domain, nicht wie konkrete Karriereseite.","Karriere-/Stellenangebote-URL manuell prüfen und spezifischer speichern.","0","0","2026-07-14","ines-schwarz-rechtsanwaeltin-fachanwaeltin-fuer-familienrecht"
"mauritz-anwaltskanzlei","mauritz-anwaltskanzlei.de","https://mauritz-anwaltskanzlei.de/Formulare/beratungsstellen.pdf","no_master_match","Jobboard_URL vorhanden, aber kein Treffer in jobs_master.csv nach Kanzleiname oder Domain.","Seite manuell prüfen: keine Jobs, Parser-Lücke, JS/Cookie-Problem oder spezielles ATS möglich.","0","0","2026-07-14","mauritz-anwaltskanzlei"
"Rechtsanwaltssozietät Fochler & Collegen","fochler-collegen.de","https://fochler-collegen.de","jobboard_needs_review","Jobboard_URL wirkt wie Startseite oder generische Domain, nicht wie konkrete Karriereseite.","Karriere-/Stellenangebote-URL manuell prüfen und spezifischer speichern.","0","0","2026-07-14","rechtsanwaltssozietaet-fochler-und-collegen"
"Steiniger Rechtsanwaltsgesellschaft mbH","baurecht-anwalt-verkehrsrecht.de","http://zeichnen.unfallskizze.de/","jobboard_needs_review","Jobboard_URL wirkt wie Startseite oder generische Domain, nicht wie konkrete Karriereseite.","Karriere-/Stellenangebote-URL manuell prüfen und spezifischer speichern.","0","0","2026-07-14","steiniger-rechtsanwaltsgesellschaft-mbh"
"Rechtsanwältin Anja Studt","kanzlei-studt.de","https://kanzlei-studt.de","jobboard_needs_review","Jobboard_URL wirkt wie Startseite oder generische Domain, nicht wie konkrete Karriereseite.","Karriere-/Stellenangebote-URL manuell prüfen und spezifischer speichern.","0","0","2026-07-14","rechtsanwaeltin-anja-studt"
"Ra Dr. Christoph Friedrichs Kanzlei für Wirtschaftsrecht","friedrichs-rechtsanwaelte.de","https://friedrichs-rechtsanwaelte.de","jobboard_needs_review","Jobboard_URL wirkt wie Startseite oder generische Domain, nicht wie konkrete Karriereseite.","Karriere-/Stellenangebote-URL manuell prüfen und spezifischer speichern.","0","0","2026-07-14","ra-dr-christoph-friedrichs-fuer-wirtschaftsrecht"
"Hans-Jörg Briest Rechtsanwalt","ra-briest.de","https://ra-briest.de","jobboard_needs_review","Jobboard_URL wirkt wie Startseite oder generische Domain, nicht wie konkrete Karriereseite.","Karriere-/Stellenangebote-URL manuell prüfen und spezifischer speichern.","0","0","2026-07-14","hans-joerg-briest"
"JURE Rechtsanwälte PartGmbB","jure.de","https://jure.de","jobboard_needs_review","Jobboard_URL wirkt wie Startseite oder generische Domain, nicht wie konkrete Karriereseite.","Karriere-/Stellenangebote-URL manuell prüfen und spezifischer speichern.","0","0","2026-07-14","jure"
"Herzog & Linz Rechtsanwälte","herzog-linz.de","https://herzog-linz.de","jobboard_needs_review","Jobboard_URL wirkt wie Startseite oder generische Domain, nicht wie konkrete Karriereseite.","Karriere-/Stellenangebote-URL manuell prüfen und spezifischer speichern.","0","0","2026-07-14","herzog-und-linz"
"Rechtsanwältin und Mediatorin Andrea C. Pischke","kanzlei-pischke.de","https://kanzlei-pischke.de","jobboard_needs_review","Jobboard_URL wirkt wie Startseite oder generische Domain, nicht wie konkrete Karriereseite.","Karriere-/Stellenangebote-URL manuell prüfen und spezifischer speichern.","0","0","2026-07-14","rechtsanwaeltin-und-mediatorin-andrea-c-pischke"
"Rechtsanwältin Judith Weidemann","scheidung-potsdam.de","https://scheidung-potsdam.de","jobboard_needs_review","Jobboard_URL wirkt wie Startseite oder generische Domain, nicht wie konkrete Karriereseite.","Karriere-/Stellenangebote-URL manuell prüfen und spezifischer speichern.","0","0","2026-07-14","rechtsanwaeltin-judith-weidemann"
"Lawyers Ströbele & Saile","rechtsanwalt-stroebele.de","https://rechtsanwalt-stroebele.de","jobboard_needs_review","Jobboard_URL wirkt wie Startseite oder generische Domain, nicht wie konkrete Karriereseite.","Karriere-/Stellenangebote-URL manuell prüfen und spezifischer speichern.","0","0","2026-07-14","lawyers-stroebele-und-saile"
"Christof Böhmer Rechtsanwalt","anwalt-boehmer.de","https://anwalt-boehmer.de","jobboard_needs_review","Jobboard_URL wirkt wie Startseite oder generische Domain, nicht wie konkrete Karriereseite.","Karriere-/Stellenangebote-URL manuell prüfen und spezifischer speichern.","0","0","2026-07-14","christof-boehmer"
"Wolfram Batzner Rechtsanwalt Fachanwalt für Erbrecht","anwalt-batzner.de","https://anwalt-batzner.de","jobboard_needs_review","Jobboard_URL wirkt wie Startseite oder generische Domain, nicht wie konkrete Karriereseite.","Karriere-/Stellenangebote-URL manuell prüfen und spezifischer speichern.","0","0","2026-07-14","wolfram-batzner-fachanwalt-fuer-erbrecht"
"Baumgärtner Pasemann Ruppert Rechtsanwälte","juranavigator.de","https://juranavigator.de","jobboard_needs_review","Jobboard_URL wirkt wie Startseite oder generische Domain, nicht wie konkrete Karriereseite.","Karriere-/Stellenangebote-URL manuell prüfen und spezifischer speichern.","0","0","2026-07-14","baumgaertner-pasemann-ruppert"
"ra-fmk","ra-fmk.de","https://ra-fmk.de/#xl_xr_page_umzug","jobboard_needs_review","Jobboard_URL wirkt wie Startseite oder generische Domain, nicht wie konkrete Karriereseite.","Karriere-/Stellenangebote-URL manuell prüfen und spezifischer speichern.","0","0","2026-07-14","ra-fmk"
"Carlos Claussen & Partner mbB","carlos-claussen.de","https://carlos-claussen.de","jobboard_needs_review","Jobboard_URL wirkt wie Startseite oder generische Domain, nicht wie konkrete Karriereseite.","Karriere-/Stellenangebote-URL manuell prüfen und spezifischer speichern.","0","0","2026-07-14","carlos-claussen-und"
"KRUNO ZORKO Rechtsanwalt | Fachanwalt für Familienrecht","rechtsanwalt-zorko.de","https://rechtsanwalt-zorko.de","jobboard_needs_review","Jobboard_URL wirkt wie Startseite oder generische Domain, nicht wie konkrete Karriereseite.","Karriere-/Stellenangebote-URL manuell prüfen und spezifischer speichern.","0","0","2026-07-14","kruno-zorko-fachanwalt-fuer-familienrecht"
"conrad & partner Steuern | Wirtschaft | Recht","conrad-offenburg.de","https://conrad-offenburg.de","jobboard_needs_review","Jobboard_URL wirkt wie Startseite oder generische Domain, nicht wie konkrete Karriereseite.","Karriere-/Stellenangebote-URL manuell prüfen und spezifischer speichern.","0","0","2026-07-14","conrad-und-steuern-wirtschaft-recht"
"ra-peter-eichhorn","ra-peter-eichhorn.de","https://ra-peter-eichhorn.de","jobboard_needs_review","Jobboard_URL wirkt wie Startseite oder generische Domain, nicht wie konkrete Karriereseite.","Karriere-/Stellenangebote-URL manuell prüfen und spezifischer speichern.","0","0","2026-07-14","ra-peter-eichhorn"
"Martin Beukenberg Rechtsanwalt","beukenberg.de","https://beukenberg.de","jobboard_needs_review","Jobboard_URL wirkt wie Startseite oder generische Domain, nicht wie konkrete Karriereseite.","Karriere-/Stellenangebote-URL manuell prüfen und spezifischer speichern.","0","0","2026-07-14","martin-beukenberg"
"Rechtsanwalt Uwe Springborn","ra-springborn.de","https://ra-springborn.de","jobboard_needs_review","Jobboard_URL wirkt wie Startseite oder generische Domain, nicht wie konkrete Karriereseite.","Karriere-/Stellenangebote-URL manuell prüfen und spezifischer speichern.","0","0","2026-07-14","uwe-springborn"
"Kanzlei Schindele Gerstner & Collegen","raseg.de","https://raseg.de","jobboard_needs_review","Jobboard_URL wirkt wie Startseite oder generische Domain, nicht wie konkrete Karriereseite.","Karriere-/Stellenangebote-URL manuell prüfen und spezifischer speichern.","0","0","2026-07-14","schindele-gerstner-und-collegen"
"Rechtsanwalt Christoph Huylmans","ra-hpw.de","https://ra-hpw.de","jobboard_needs_review","Jobboard_URL wirkt wie Startseite oder generische Domain, nicht wie konkrete Karriereseite.","Karriere-/Stellenangebote-URL manuell prüfen und spezifischer speichern.","0","0","2026-07-14","christoph-huylmans"
"Rechtsanwälte de Greiff & Partner","de-greiff.de","https://de-greiff.de","jobboard_needs_review","Jobboard_URL wirkt wie Startseite oder generische Domain, nicht wie konkrete Karriereseite.","Karriere-/Stellenangebote-URL manuell prüfen und spezifischer speichern.","0","0","2026-07-14","de-greiff-und"
"fluck-vonroemer","fluck-vonroemer.de","https://fluck-vonroemer.de","jobboard_needs_review","Jobboard_URL wirkt wie Startseite oder generische Domain, nicht wie konkrete Karriereseite.","Karriere-/Stellenangebote-URL manuell prüfen und spezifischer speichern.","0","0","2026-07-14","fluck-vonroemer"
"Busch Essers Rechtsanwälte Partnerschaft","busch.pro","https://busch.pro","jobboard_needs_review","Jobboard_URL wirkt wie Startseite oder generische Domain, nicht wie konkrete Karriereseite.","Karriere-/Stellenangebote-URL manuell prüfen und spezifischer speichern.","0","0","2026-07-14","busch-essers"
"Dr. Krause & Kollegen","kanzlei-dr-krause.de","https://kanzlei-dr-krause.de","jobboard_needs_review","Jobboard_URL wirkt wie Startseite oder generische Domain, nicht wie konkrete Karriereseite.","Karriere-/Stellenangebote-URL manuell prüfen und spezifischer speichern.","0","0","2026-07-14","dr-krause-und-kollegen"
"Rechtsanwalt Dietmar Heister Schottweg 1 (""Graumannshof"")","anwaltheister.de","https://anwaltheister.de","jobboard_needs_review","Jobboard_URL wirkt wie Startseite oder generische Domain, nicht wie konkrete Karriereseite.","Karriere-/Stellenangebote-URL manuell prüfen und spezifischer speichern.","0","0","2026-07-14","dietmar-heister-schottweg-1-graumannshof"
"beckmannundnorda","beckmannundnorda.de","https://beckmannundnorda.de","jobboard_needs_review","Jobboard_URL wirkt wie Startseite oder generische Domain, nicht wie konkrete Karriereseite.","Karriere-/Stellenangebote-URL manuell prüfen und spezifischer speichern.","0","0","2026-07-14","beckmannundnorda"
"Buschmann & Görgülü GbR Rechtsanwalt Markus Buschmann & Rechtsanwalt Erkan Görgülü","new.bsb-kanzlei.de","https://new.bsb-kanzlei.de","jobboard_needs_review","Jobboard_URL wirkt wie Startseite oder generische Domain, nicht wie konkrete Karriereseite.","Karriere-/Stellenangebote-URL manuell prüfen und spezifischer speichern.","0","0","2026-07-14","buschmann-und-goerguelue-gbr-markus-buschmann-und-erkan-goerguelue"
"Anwaltkanzlei Dr. Prutsch & Schmidt","kanzlei-prutsch.de","https://kanzlei-prutsch.de","jobboard_needs_review","Jobboard_URL wirkt wie Startseite oder generische Domain, nicht wie konkrete Karriereseite.","Karriere-/Stellenangebote-URL manuell prüfen und spezifischer speichern.","0","0","2026-07-14","anwaltkanzlei-dr-prutsch-und-schmidt"
"Rechtsanwaltskanzlei Hermann","ra-sabine-hermann.de","https://ra-sabine-hermann.de","jobboard_needs_review","Jobboard_URL wirkt wie Startseite oder generische Domain, nicht wie konkrete Karriereseite.","Karriere-/Stellenangebote-URL manuell prüfen und spezifischer speichern.","0","0","2026-07-14","rechtsanwaltskanzlei-hermann"
"herrmann-mey","herrmann-mey.de","https://herrmann-mey.de","jobboard_needs_review","Jobboard_URL wirkt wie Startseite oder generische Domain, nicht wie konkrete Karriereseite.","Karriere-/Stellenangebote-URL manuell prüfen und spezifischer speichern.","0","0","2026-07-14","herrmann-mey"
"Jörg Krug Rechtsanwalt Jörg Krug","kanzlei-krug.de","https://kanzlei-krug.de","jobboard_needs_review","Jobboard_URL wirkt wie Startseite oder generische Domain, nicht wie konkrete Karriereseite.","Karriere-/Stellenangebote-URL manuell prüfen und spezifischer speichern.","0","0","2026-07-14","joerg-krug-joerg-krug"
"rechtsanwaltlaumann","rechtsanwaltlaumann.de","https://rechtsanwaltlaumann.de","jobboard_needs_review","Jobboard_URL wirkt wie Startseite oder generische Domain, nicht wie konkrete Karriereseite.","Karriere-/Stellenangebote-URL manuell prüfen und spezifischer speichern.","0","0","2026-07-14","rechtsanwaltlaumann"
"Christoph Weber Fachanwalt für Strafrecht Rechtsanwalt & Strafverteidiger","ra-c-weber.de","https://ra-c-weber.de","jobboard_needs_review","Jobboard_URL wirkt wie Startseite oder generische Domain, nicht wie konkrete Karriereseite.","Karriere-/Stellenangebote-URL manuell prüfen und spezifischer speichern.","0","0","2026-07-14","christoph-weber-fachanwalt-fuer-strafrecht-und-strafverteidiger"
"Rechtsanwälte PETERS & PARTNER","rae-peters-partner.de","https://rae-peters-partner.de","jobboard_needs_review","Jobboard_URL wirkt wie Startseite oder generische Domain, nicht wie konkrete Karriereseite.","Karriere-/Stellenangebote-URL manuell prüfen und spezifischer speichern.","0","0","2026-07-14","peters-und"
"v. Berg - Rechtsanwälte","b-b-z.de","https://b-b-z.de","jobboard_needs_review","Jobboard_URL wirkt wie Startseite oder generische Domain, nicht wie konkrete Karriereseite.","Karriere-/Stellenangebote-URL manuell prüfen und spezifischer speichern.","0","0","2026-07-14","v-berg"
"DWP Rechtsanwaltsgesellschaft mbH","dwp-rag.net","https://dwp-rag.de/rechtliche-schwerpunkte/#tankstellenrecht","no_master_match","Jobboard_URL vorhanden, aber kein Treffer in jobs_master.csv nach Kanzleiname oder Domain.","Seite manuell prüfen: keine Jobs, Parser-Lücke, JS/Cookie-Problem oder spezielles ATS möglich.","0","0","2026-07-14","dwp-rechtsanwaltsgesellschaft-mbh"
"Stefanie Conrad Rechtsanwältin","kanzleiconrad.de","https://kanzleiconrad.de","jobboard_needs_review","Jobboard_URL wirkt wie Startseite oder generische Domain, nicht wie konkrete Karriereseite.","Karriere-/Stellenangebote-URL manuell prüfen und spezifischer speichern.","0","0","2026-07-14","stefanie-conrad-rechtsanwaeltin"
"Patent- und Rechtsanwaltspartnerschaft mbB","advotec.de","https://advotec.de","jobboard_needs_review","Jobboard_URL wirkt wie Startseite oder generische Domain, nicht wie konkrete Karriereseite.","Karriere-/Stellenangebote-URL manuell prüfen und spezifischer speichern.","0","0","2026-07-14","patent-und-rechtsanwaltspartnerschaft"
"hullerum","hullerum.de","https://hullerum.de","jobboard_needs_review","Jobboard_URL wirkt wie Startseite oder generische Domain, nicht wie konkrete Karriereseite.","Karriere-/Stellenangebote-URL manuell prüfen und spezifischer speichern.","0","0","2026-07-14","hullerum"
"Rechtsanwältin Christine Kofler KANZLEI KOFLER","kanzlei-kofler.de","https://kanzlei-kofler.de","jobboard_needs_review","Jobboard_URL wirkt wie Startseite oder generische Domain, nicht wie konkrete Karriereseite.","Karriere-/Stellenangebote-URL manuell prüfen und spezifischer speichern.","0","0","2026-07-14","rechtsanwaeltin-christine-kofler-kofler"
"Jochen Hörner Rechtsanwalt","ra-hoerner.de","https://ra-hoerner.de","jobboard_needs_review","Jobboard_URL wirkt wie Startseite oder generische Domain, nicht wie konkrete Karriereseite.","Karriere-/Stellenangebote-URL manuell prüfen und spezifischer speichern.","0","0","2026-07-14","jochen-hoerner"
"Kanzlei Dr. Ehlers","kanzlei-drehlers.de","https://kanzlei-drehlers.de","jobboard_needs_review","Jobboard_URL wirkt wie Startseite oder generische Domain, nicht wie konkrete Karriereseite.","Karriere-/Stellenangebote-URL manuell prüfen und spezifischer speichern.","0","0","2026-07-14","dr-ehlers"
"Costard Tögel & Partner","costard-toegel.de","https://costard-toegel.de","jobboard_needs_review","Jobboard_URL wirkt wie Startseite oder generische Domain, nicht wie konkrete Karriereseite.","Karriere-/Stellenangebote-URL manuell prüfen und spezifischer speichern.","0","0","2026-07-14","costard-toegel-und"
"Rechtsanwälte Badde & Partner PartGmbB","kanzlei-bottrop.de","https://kanzlei-bottrop.de","jobboard_needs_review","Jobboard_URL wirkt wie Startseite oder generische Domain, nicht wie konkrete Karriereseite.","Karriere-/Stellenangebote-URL manuell prüfen und spezifischer speichern.","0","0","2026-07-14","badde-und"
"Rechtsanwalt und Fachanwalt für Strafrecht Johannes B. Kagerer","rechtsanwalt-kagerer.de","https://rechtsanwalt-kagerer.de","jobboard_needs_review","Jobboard_URL wirkt wie Startseite oder generische Domain, nicht wie konkrete Karriereseite.","Karriere-/Stellenangebote-URL manuell prüfen und spezifischer speichern.","0","0","2026-07-14","und-fachanwalt-fuer-strafrecht-johannes-b-kagerer"
"anwalt-arbeitsrecht24","anwalt-arbeitsrecht24.de","https://anwalt-arbeitsrecht24.de","jobboard_needs_review","Jobboard_URL wirkt wie Startseite oder generische Domain, nicht wie konkrete Karriereseite.","Karriere-/Stellenangebote-URL manuell prüfen und spezifischer speichern.","0","0","2026-07-14","anwalt-arbeitsrecht24"
"Centro Legal de la Raza","legal.de","https://legal.de","jobboard_needs_review","Jobboard_URL wirkt wie Startseite oder generische Domain, nicht wie konkrete Karriereseite.","Karriere-/Stellenangebote-URL manuell prüfen und spezifischer speichern.","0","0","2026-07-14","centro-de-la-raza"
"SLB Münster","slb-ms.de","https://www.slb-ms.de/karriere","jobboard_needs_review","Jobboard_URL wirkt wie Startseite oder generische Domain, nicht wie konkrete Karriereseite.","Karriere-/Stellenangebote-URL manuell prüfen und spezifischer speichern.","0","0","2026-07-14","slb-muenster"
"ARFMANN Rechtsanwälte","arfmann-recht.de","https://arfmann-recht.de","jobboard_needs_review","Jobboard_URL wirkt wie Startseite oder generische Domain, nicht wie konkrete Karriereseite.","Karriere-/Stellenangebote-URL manuell prüfen und spezifischer speichern.","0","0","2026-07-14","arfmann"
"HB-Ecommerce","hb-ecommerce.eu","https://www.haendlerbund.de/de/ratgeber/marketing/tiktok-shop-verkaufen","no_master_match","Jobboard_URL vorhanden, aber kein Treffer in jobs_master.csv nach Kanzleiname oder Domain.","Seite manuell prüfen: keine Jobs, Parser-Lücke, JS/Cookie-Problem oder spezielles ATS möglich.","0","0","2026-07-14","hb-ecommerce"
"Bernhard Pelke","notar-pelke.de","https://notar-pelke.de","jobboard_needs_review","Jobboard_URL wirkt wie Startseite oder generische Domain, nicht wie konkrete Karriereseite.","Karriere-/Stellenangebote-URL manuell prüfen und spezifischer speichern.","0","0","2026-07-14","bernhard-pelke"
"Wirtschaftskanzlei Beratungsgruppe","wirtschaftskanzlei-beratungsgruppe.de","https://wirtschaftskanzlei-beratungsgruppe.de","jobboard_needs_review","Jobboard_URL wirkt wie Startseite oder generische Domain, nicht wie konkrete Karriereseite.","Karriere-/Stellenangebote-URL manuell prüfen und spezifischer speichern.","0","0","2026-07-14","wirtschaftskanzlei-beratungsgruppe"
"Gehrlein & Kollegen","gehrlein-u-kollegen.de","https://gehrlein-u-kollegen.de","jobboard_needs_review","Jobboard_URL wirkt wie Startseite oder generische Domain, nicht wie konkrete Karriereseite.","Karriere-/Stellenangebote-URL manuell prüfen und spezifischer speichern.","0","0","2026-07-14","gehrlein-und-kollegen"
"Katja Flemming RA","ra-katjaflemming.de","https://ra-katjaflemming.de","jobboard_needs_review","Jobboard_URL wirkt wie Startseite oder generische Domain, nicht wie konkrete Karriereseite.","Karriere-/Stellenangebote-URL manuell prüfen und spezifischer speichern.","0","0","2026-07-14","katja-flemming-ra"
"Anwaltskanzlei Brückner","anwaltskanzlei-brueckner.de","https://anwaltskanzlei-brueckner.de","jobboard_needs_review","Jobboard_URL wirkt wie Startseite oder generische Domain, nicht wie konkrete Karriereseite.","Karriere-/Stellenangebote-URL manuell prüfen und spezifischer speichern.","0","0","2026-07-14","anwaltskanzlei-brueckner"
"Steuerberater-Weissenhorn.de","steuerberater-weissenhorn.de","https://steuerberater-weissenhorn.de/karriere","jobboard_needs_review","Jobboard_URL wirkt wie Startseite oder generische Domain, nicht wie konkrete Karriereseite.","Karriere-/Stellenangebote-URL manuell prüfen und spezifischer speichern.","0","0","2026-07-14","weissenhorn-de"
"Rochade Anwälte","rochade.net","https://rochade.net","jobboard_needs_review","Jobboard_URL wirkt wie Startseite oder generische Domain, nicht wie konkrete Karriereseite.","Karriere-/Stellenangebote-URL manuell prüfen und spezifischer speichern.","0","0","2026-07-14","rochade-anwaelte"
"Swiss Krono USA","swisskrono.com","https://wd3.myworkdaysite.com/en-US/recruiting/swisskrono/SWISS_KRONO","no_master_match","Jobboard_URL vorhanden, aber kein Treffer in jobs_master.csv nach Kanzleiname oder Domain.","Seite manuell prüfen: keine Jobs, Parser-Lücke, JS/Cookie-Problem oder spezielles ATS möglich.","0","0","2026-07-14","swiss-krono-usa"
"Wimmers Rechtsanwälte","wimmers.de","https://wimmers.de","jobboard_needs_review","Jobboard_URL wirkt wie Startseite oder generische Domain, nicht wie konkrete Karriereseite.","Karriere-/Stellenangebote-URL manuell prüfen und spezifischer speichern.","0","0","2026-07-14","wimmers"
"Dr. Herrmann und Schäfer","hermann-schaefer.de","https://hermann-schaefer.de","jobboard_needs_review","Jobboard_URL wirkt wie Startseite oder generische Domain, nicht wie konkrete Karriereseite.","Karriere-/Stellenangebote-URL manuell prüfen und spezifischer speichern.","0","0","2026-07-14","dr-herrmann-und-schaefer"
"ERLBURG Rechtsanwaltsgesellschaft mbH","erlburg.law","https://erlburg.law","jobboard_needs_review","Jobboard_URL wirkt wie Startseite oder generische Domain, nicht wie konkrete Karriereseite.","Karriere-/Stellenangebote-URL manuell prüfen und spezifischer speichern.","0","0","2026-07-14","erlburg-rechtsanwaltsgesellschaft-mbh"
"Schoppe & Partner","schoppe-zimmermann.softgarden.de","https://schoppe-zimmermann.softgarden.de","jobboard_needs_review","Jobboard_URL wirkt wie Startseite oder generische Domain, nicht wie konkrete Karriereseite.","Karriere-/Stellenangebote-URL manuell prüfen und spezifischer speichern.","0","0","2026-07-14","schoppe-und"
"Falsch & Partner Rechtsanwälte","falsch-partner.de","https://falsch-partner.de","jobboard_needs_review","Jobboard_URL wirkt wie Startseite oder generische Domain, nicht wie konkrete Karriereseite.","Karriere-/Stellenangebote-URL manuell prüfen und spezifischer speichern.","0","0","2026-07-14","falsch-und"
"Brennecke Et Collegen","brennecke-kanzlei.de","https://brennecke-kanzlei.de","jobboard_needs_review","Jobboard_URL wirkt wie Startseite oder generische Domain, nicht wie konkrete Karriereseite.","Karriere-/Stellenangebote-URL manuell prüfen und spezifischer speichern.","0","0","2026-07-14","brennecke-et-collegen"
"2K Patent","2kpatent.de","https://2kpatent.de","jobboard_needs_review","Jobboard_URL wirkt wie Startseite oder generische Domain, nicht wie konkrete Karriereseite.","Karriere-/Stellenangebote-URL manuell prüfen und spezifischer speichern.","0","0","2026-07-14","2k-patent"
"Lowell","lowellgroup.de","https://lowell.wd3.myworkdayjobs.com/de-DE/LowellGroup_Careers2","no_master_match","Jobboard_URL vorhanden, aber kein Treffer in jobs_master.csv nach Kanzleiname oder Domain.","Seite manuell prüfen: keine Jobs, Parser-Lücke, JS/Cookie-Problem oder spezielles ATS möglich.","0","0","2026-07-14","lowell"
"MARS IP Berlin/Paris","mars-ip.eu","https://mars-ip.eu","jobboard_needs_review","Jobboard_URL wirkt wie Startseite oder generische Domain, nicht wie konkrete Karriereseite.","Karriere-/Stellenangebote-URL manuell prüfen und spezifischer speichern.","0","0","2026-07-14","mars-ip-berlin-paris"
"Bühner & Partner Rechtsanwälte","buehner-rae.de","https://buehner-rae.de/karriere.php","no_master_match","Jobboard_URL vorhanden, aber kein Treffer in jobs_master.csv nach Kanzleiname oder Domain.","Seite manuell prüfen: keine Jobs, Parser-Lücke, JS/Cookie-Problem oder spezielles ATS möglich.","0","0","2026-07-14","buehner-und"
"quantum.law","quantum.law","https://quantum.law","jobboard_needs_review","Jobboard_URL wirkt wie Startseite oder generische Domain, nicht wie konkrete Karriereseite.","Karriere-/Stellenangebote-URL manuell prüfen und spezifischer speichern.","0","0","2026-07-14","quantum"
"Notar Dominik Hüren","notar-hueren.de","","missing_jobboard_url","Domain vorhanden, aber keine gecachte Jobboard_URL.","Karriereseite entdecken und Jobboard_URL in target_firms_full.csv ergänzen.","0","0","2026-07-14","dominik-hueren"
"Klostermann Schmidt Monstadt Eisbrecher","klostermann-rae.de","https://klostermann-rae.de","jobboard_needs_review","Jobboard_URL wirkt wie Startseite oder generische Domain, nicht wie konkrete Karriereseite.","Karriere-/Stellenangebote-URL manuell prüfen und spezifischer speichern.","0","0","2026-07-14","klostermann-schmidt-monstadt-eisbrecher"
"Dr. Klimeck & Obst","klimeck-obst.de","https://klimeck-obst.de","jobboard_needs_review","Jobboard_URL wirkt wie Startseite oder generische Domain, nicht wie konkrete Karriereseite.","Karriere-/Stellenangebote-URL manuell prüfen und spezifischer speichern.","0","0","2026-07-14","dr-klimeck-und-obst"
"ra-und-notare.de","ra-und-notare.de","https://ra-und-notare.de","jobboard_needs_review","Jobboard_URL wirkt wie Startseite oder generische Domain, nicht wie konkrete Karriereseite.","Karriere-/Stellenangebote-URL manuell prüfen und spezifischer speichern.","0","0","2026-07-14","ra-und-de"
"Rosenkranz Oehler von Malotky","rosenkranz-oehler.de","https://rosenkranz-oehler.de","jobboard_needs_review","Jobboard_URL wirkt wie Startseite oder generische Domain, nicht wie konkrete Karriereseite.","Karriere-/Stellenangebote-URL manuell prüfen und spezifischer speichern.","0","0","2026-07-14","rosenkranz-oehler-von-malotky"
"Schmolz + Partner","schmolz.de","https://schmolz.de","jobboard_needs_review","Jobboard_URL wirkt wie Startseite oder generische Domain, nicht wie konkrete Karriereseite.","Karriere-/Stellenangebote-URL manuell prüfen und spezifischer speichern.","0","0","2026-07-14","schmolz"
"Prof. Dr. Schwintowski & Partner","schwintowski.de","https://schwintowski.de","jobboard_needs_review","Jobboard_URL wirkt wie Startseite oder generische Domain, nicht wie konkrete Karriereseite.","Karriere-/Stellenangebote-URL manuell prüfen und spezifischer speichern.","0","0","2026-07-14","prof-dr-schwintowski-und"
"Pfisterer & Döbereiner","pfisterer-doebereiner.de","https://pfisterer-doebereiner.de","jobboard_needs_review","Jobboard_URL wirkt wie Startseite oder generische Domain, nicht wie konkrete Karriereseite.","Karriere-/Stellenangebote-URL manuell prüfen und spezifischer speichern.","0","0","2026-07-14","pfisterer-und-doebereiner"
"Weitnauer","weitnauer.net","https://weitnauer.net","jobboard_needs_review","Jobboard_URL wirkt wie Startseite oder generische Domain, nicht wie konkrete Karriereseite.","Karriere-/Stellenangebote-URL manuell prüfen und spezifischer speichern.","0","0","2026-07-14","weitnauer"
"Schlawien","schlawien.de","https://schlawien.de","jobboard_needs_review","Jobboard_URL wirkt wie Startseite oder generische Domain, nicht wie konkrete Karriereseite.","Karriere-/Stellenangebote-URL manuell prüfen und spezifischer speichern.","0","0","2026-07-14","schlawien"
"Prof. Stöber & Partner","stoeberpartner.de","https://stoeberpartner.de","jobboard_needs_review","Jobboard_URL wirkt wie Startseite oder generische Domain, nicht wie konkrete Karriereseite.","Karriere-/Stellenangebote-URL manuell prüfen und spezifischer speichern.","0","0","2026-07-14","prof-stoeber-und"
"Schlee Günther & Partner","schlee-guenther.de","https://schlee-guenther.de","jobboard_needs_review","Jobboard_URL wirkt wie Startseite oder generische Domain, nicht wie konkrete Karriereseite.","Karriere-/Stellenangebote-URL manuell prüfen und spezifischer speichern.","0","0","2026-07-14","schlee-guenther-und"
"Sabel Engelhardt","sabel-engelhardt.de","https://sabel-engelhardt.de","jobboard_needs_review","Jobboard_URL wirkt wie Startseite oder generische Domain, nicht wie konkrete Karriereseite.","Karriere-/Stellenangebote-URL manuell prüfen und spezifischer speichern.","0","0","2026-07-14","sabel-engelhardt"
"Hees","hees-rechtsanwaelte.de","https://hees-rechtsanwaelte.de","jobboard_needs_review","Jobboard_URL wirkt wie Startseite oder generische Domain, nicht wie konkrete Karriereseite.","Karriere-/Stellenangebote-URL manuell prüfen und spezifischer speichern.","0","0","2026-07-14","hees"
"Prof. Schwenke & Partner","schwenke.de","https://schwenke.de","jobboard_needs_review","Jobboard_URL wirkt wie Startseite oder generische Domain, nicht wie konkrete Karriereseite.","Karriere-/Stellenangebote-URL manuell prüfen und spezifischer speichern.","0","0","2026-07-14","prof-schwenke-und"
"Minoggio Grezesch Bachmann","minoggio.de","https://www.mgb-law.de/karriere/","no_master_match","Jobboard_URL vorhanden, aber kein Treffer in jobs_master.csv nach Kanzleiname oder Domain.","Seite manuell prüfen: keine Jobs, Parser-Lücke, JS/Cookie-Problem oder spezielles ATS möglich.","0","0","2026-07-14","minoggio-grezesch-bachmann"
"Peterka","peterka.de","https://peterka.de","jobboard_needs_review","Jobboard_URL wirkt wie Startseite oder generische Domain, nicht wie konkrete Karriereseite.","Karriere-/Stellenangebote-URL manuell prüfen und spezifischer speichern.","0","0","2026-07-14","peterka"
"Schön Nolte Finkelnburg & Clemm","schoen-nolte.de","https://schoen-nolte.de","jobboard_needs_review","Jobboard_URL wirkt wie Startseite oder generische Domain, nicht wie konkrete Karriereseite.","Karriere-/Stellenangebote-URL manuell prüfen und spezifischer speichern.","0","0","2026-07-14","schoen-nolte-finkelnburg-und-clemm"
"Schlegelmilch & Partner","schlegelmilch-partner.de","https://schlegelmilch-partner.de","jobboard_needs_review","Jobboard_URL wirkt wie Startseite oder generische Domain, nicht wie konkrete Karriereseite.","Karriere-/Stellenangebote-URL manuell prüfen und spezifischer speichern.","0","0","2026-07-14","schlegelmilch-und"
"Reitstötter Kinzebach","reitstoetter-kinzebach.de","https://reitstoetter-kinzebach.de","jobboard_needs_review","Jobboard_URL wirkt wie Startseite oder generische Domain, nicht wie konkrete Karriereseite.","Karriere-/Stellenangebote-URL manuell prüfen und spezifischer speichern.","0","0","2026-07-14","reitstoetter-kinzebach"
"Prof. Stefan Leupertz","leupertz.de","https://leupertz.de","jobboard_needs_review","Jobboard_URL wirkt wie Startseite oder generische Domain, nicht wie konkrete Karriereseite.","Karriere-/Stellenangebote-URL manuell prüfen und spezifischer speichern.","0","0","2026-07-14","prof-stefan-leupertz"
"Otting Zinger","otting-zinger.de","https://otting-zinger.de","jobboard_needs_review","Jobboard_URL wirkt wie Startseite oder generische Domain, nicht wie konkrete Karriereseite.","Karriere-/Stellenangebote-URL manuell prüfen und spezifischer speichern.","0","0","2026-07-14","otting-zinger"
"RSR Rüping Schroeder","rsr-law.de","https://rsr-law.de","jobboard_needs_review","Jobboard_URL wirkt wie Startseite oder generische Domain, nicht wie konkrete Karriereseite.","Karriere-/Stellenangebote-URL manuell prüfen und spezifischer speichern.","0","0","2026-07-14","rsr-rueping-schroeder"
"Prof. Dr. W. Burgi & Kollegen","burgi-kollegen.de","https://burgi-kollegen.de","jobboard_needs_review","Jobboard_URL wirkt wie Startseite oder generische Domain, nicht wie konkrete Karriereseite.","Karriere-/Stellenangebote-URL manuell prüfen und spezifischer speichern.","0","0","2026-07-14","prof-dr-w-burgi-und-kollegen"
"Quedenfeld Füllsack & Partner","qfp.de","https://qfp.de","jobboard_needs_review","Jobboard_URL wirkt wie Startseite oder generische Domain, nicht wie konkrete Karriereseite.","Karriere-/Stellenangebote-URL manuell prüfen und spezifischer speichern.","0","0","2026-07-14","quedenfeld-fuellsack-und"
"Prof. Schweizer","prof-schweizer.de","https://prof-schweizer.de","jobboard_needs_review","Jobboard_URL wirkt wie Startseite oder generische Domain, nicht wie konkrete Karriereseite.","Karriere-/Stellenangebote-URL manuell prüfen und spezifischer speichern.","0","0","2026-07-14","prof-schweizer"
"MGR Rechtsanwälte","mgr-law.de","https://mgr-law.de","jobboard_needs_review","Jobboard_URL wirkt wie Startseite oder generische Domain, nicht wie konkrete Karriereseite.","Karriere-/Stellenangebote-URL manuell prüfen und spezifischer speichern.","0","0","2026-07-14","mgr"
"Knauer","knauer.de","https://knauer.de","jobboard_needs_review","Jobboard_URL wirkt wie Startseite oder generische Domain, nicht wie konkrete Karriereseite.","Karriere-/Stellenangebote-URL manuell prüfen und spezifischer speichern.","0","0","2026-07-14","knauer"
"Rath","rath.de","https://rath.de","jobboard_needs_review","Jobboard_URL wirkt wie Startseite oder generische Domain, nicht wie konkrete Karriereseite.","Karriere-/Stellenangebote-URL manuell prüfen und spezifischer speichern.","0","0","2026-07-14","rath"
"Rocan","rocan.legal","https://rocan.legal","jobboard_needs_review","Jobboard_URL wirkt wie Startseite oder generische Domain, nicht wie konkrete Karriereseite.","Karriere-/Stellenangebote-URL manuell prüfen und spezifischer speichern.","0","0","2026-07-14","rocan"
"Baumgartner Baumann","baumgartnerbaumann.de","https://baumgartnerbaumann.de","jobboard_needs_review","Jobboard_URL wirkt wie Startseite oder generische Domain, nicht wie konkrete Karriereseite.","Karriere-/Stellenangebote-URL manuell prüfen und spezifischer speichern.","0","0","2026-07-14","baumgartner-baumann"
"Kraus Donhauser","krausdonhauser.de","https://krausdonhauser.de","jobboard_needs_review","Jobboard_URL wirkt wie Startseite oder generische Domain, nicht wie konkrete Karriereseite.","Karriere-/Stellenangebote-URL manuell prüfen und spezifischer speichern.","0","0","2026-07-14","kraus-donhauser"
"Schweizer Legal","schweizer-legal.de","https://schweizer-legal.de","jobboard_needs_review","Jobboard_URL wirkt wie Startseite oder generische Domain, nicht wie konkrete Karriereseite.","Karriere-/Stellenangebote-URL manuell prüfen und spezifischer speichern.","0","0","2026-07-14","schweizer"
"Schork Kauffmann","schork-kauffmann.de","https://schork-kauffmann.de","jobboard_needs_review","Jobboard_URL wirkt wie Startseite oder generische Domain, nicht wie konkrete Karriereseite.","Karriere-/Stellenangebote-URL manuell prüfen und spezifischer speichern.","0","0","2026-07-14","schork-kauffmann"
"Scharnberg Rechtsanwälte","scharnberg.de","https://scharnberg.de/hochbahn-begruesst-40-neue-auszubildende-startschuss-fuer-bewerbungslauf-2026/","no_master_match","Jobboard_URL vorhanden, aber kein Treffer in jobs_master.csv nach Kanzleiname oder Domain.","Seite manuell prüfen: keine Jobs, Parser-Lücke, JS/Cookie-Problem oder spezielles ATS möglich.","0","0","2026-07-14","scharnberg"
"Riedel Schumacher & Partner","riedel-schumacher.de","https://riedel-schumacher.de","jobboard_needs_review","Jobboard_URL wirkt wie Startseite oder generische Domain, nicht wie konkrete Karriereseite.","Karriere-/Stellenangebote-URL manuell prüfen und spezifischer speichern.","0","0","2026-07-14","riedel-schumacher-und"
"Rahnke Winter & Partner","rahnke-winter.de","https://rahnke-winter.de","jobboard_needs_review","Jobboard_URL wirkt wie Startseite oder generische Domain, nicht wie konkrete Karriereseite.","Karriere-/Stellenangebote-URL manuell prüfen und spezifischer speichern.","0","0","2026-07-14","rahnke-winter-und"
"DSH Rechtsanwälte und Notare","dsh-anwaelte.de","https://dsh-anwaelte.de","jobboard_needs_review","Jobboard_URL wirkt wie Startseite oder generische Domain, nicht wie konkrete Karriereseite.","Karriere-/Stellenangebote-URL manuell prüfen und spezifischer speichern.","0","0","2026-07-14","dsh-und"
"Reichel Rechtsanwälte","reichel-legal.de","https://reichel-legal.de","jobboard_needs_review","Jobboard_URL wirkt wie Startseite oder generische Domain, nicht wie konkrete Karriereseite.","Karriere-/Stellenangebote-URL manuell prüfen und spezifischer speichern.","0","0","2026-07-14","reichel"
"Prof. Dr. Rolf Kniffka","kniffka.de","https://kniffka.de","jobboard_needs_review","Jobboard_URL wirkt wie Startseite oder generische Domain, nicht wie konkrete Karriereseite.","Karriere-/Stellenangebote-URL manuell prüfen und spezifischer speichern.","0","0","2026-07-14","prof-dr-rolf-kniffka"
"Pöhlmann Früchtl Oppermann","pfoe.com","https://pfoe.com","jobboard_needs_review","Jobboard_URL wirkt wie Startseite oder generische Domain, nicht wie konkrete Karriereseite.","Karriere-/Stellenangebote-URL manuell prüfen und spezifischer speichern.","0","0","2026-07-14","poehlmann-fruechtl-oppermann"
"KMZ Kullen Müller Zinser","kmz-partner.de","https://kmz-partner.de","jobboard_needs_review","Jobboard_URL wirkt wie Startseite oder generische Domain, nicht wie konkrete Karriereseite.","Karriere-/Stellenangebote-URL manuell prüfen und spezifischer speichern.","0","0","2026-07-14","kmz-kullen-mueller-zinser"
"Raiss & Partner","raiss-partner.de","https://raiss-partner.de","jobboard_needs_review","Jobboard_URL wirkt wie Startseite oder generische Domain, nicht wie konkrete Karriereseite.","Karriere-/Stellenangebote-URL manuell prüfen und spezifischer speichern.","0","0","2026-07-14","raiss-und"
"Lennert Schneider & Vins","lsv-law.de","https://lsv-law.de","jobboard_needs_review","Jobboard_URL wirkt wie Startseite oder generische Domain, nicht wie konkrete Karriereseite.","Karriere-/Stellenangebote-URL manuell prüfen und spezifischer speichern.","0","0","2026-07-14","lennert-schneider-und-vins"
"RB Reiche Behrends","rb-law.de","https://rb-law.de","jobboard_needs_review","Jobboard_URL wirkt wie Startseite oder generische Domain, nicht wie konkrete Karriereseite.","Karriere-/Stellenangebote-URL manuell prüfen und spezifischer speichern.","0","0","2026-07-14","rb-reiche-behrends"
"Prof. Dr. Weller & Partner","weller-partner.de","https://weller-partner.de","jobboard_needs_review","Jobboard_URL wirkt wie Startseite oder generische Domain, nicht wie konkrete Karriereseite.","Karriere-/Stellenangebote-URL manuell prüfen und spezifischer speichern.","0","0","2026-07-14","prof-dr-weller-und"
"Prof. Dr. Holger Matt","matt-legal.de","https://matt-legal.de","jobboard_needs_review","Jobboard_URL wirkt wie Startseite oder generische Domain, nicht wie konkrete Karriereseite.","Karriere-/Stellenangebote-URL manuell prüfen und spezifischer speichern.","0","0","2026-07-14","prof-dr-holger-matt"
"Ufer Scharf","ufer-scharf.de","https://ufer-scharf.de","jobboard_needs_review","Jobboard_URL wirkt wie Startseite oder generische Domain, nicht wie konkrete Karriereseite.","Karriere-/Stellenangebote-URL manuell prüfen und spezifischer speichern.","0","0","2026-07-14","ufer-scharf"
"Raible Fischer","raiblefischer.de","https://raiblefischer.de","jobboard_needs_review","Jobboard_URL wirkt wie Startseite oder generische Domain, nicht wie konkrete Karriereseite.","Karriere-/Stellenangebote-URL manuell prüfen und spezifischer speichern.","0","0","2026-07-14","raible-fischer"
"SvS Sidhu von Saucken","svs-law.de","https://svs-law.de","jobboard_needs_review","Jobboard_URL wirkt wie Startseite oder generische Domain, nicht wie konkrete Karriereseite.","Karriere-/Stellenangebote-URL manuell prüfen und spezifischer speichern.","0","0","2026-07-14","svs-sidhu-von-saucken"
"Dr. Paul Rombach Dr. Claudie Rombach","rombach-rechtsanwaelte.de","https://www.rombach-rechtsanwaelte.de/fileadmin/Content/Stellenangebote/ROMBACH_Rechtsanwaelte_Stellenanzeige_Sachbearbeiter_Verbraucherinsolvenzen_Dresden_10_2025.pdf","no_master_match","Jobboard_URL vorhanden, aber kein Treffer in jobs_master.csv nach Kanzleiname oder Domain.","Seite manuell prüfen: keine Jobs, Parser-Lücke, JS/Cookie-Problem oder spezielles ATS möglich.","0","0","2026-07-14","dr-paul-rombach-dr-claudie-rombach"
"Leisner Steckel Engler","lse-law.de","https://lse-law.de","jobboard_needs_review","Jobboard_URL wirkt wie Startseite oder generische Domain, nicht wie konkrete Karriereseite.","Karriere-/Stellenangebote-URL manuell prüfen und spezifischer speichern.","0","0","2026-07-14","leisner-steckel-engler"
"Dr. Kai Hart-Hönig","hart-hoenig.de","https://hart-hoenig.de","jobboard_needs_review","Jobboard_URL wirkt wie Startseite oder generische Domain, nicht wie konkrete Karriereseite.","Karriere-/Stellenangebote-URL manuell prüfen und spezifischer speichern.","0","0","2026-07-14","dr-kai-hart-hoenig"
"RWT Anwaltskanzlei","rwt-anwalt.de","https://rwt-anwalt.de","jobboard_needs_review","Jobboard_URL wirkt wie Startseite oder generische Domain, nicht wie konkrete Karriereseite.","Karriere-/Stellenangebote-URL manuell prüfen und spezifischer speichern.","0","0","2026-07-14","rwt-anwaltskanzlei"
"Küstner v. Manteuffel","kuestner-v-manteuffel.de","https://kuestner-v-manteuffel.de","jobboard_needs_review","Jobboard_URL wirkt wie Startseite oder generische Domain, nicht wie konkrete Karriereseite.","Karriere-/Stellenangebote-URL manuell prüfen und spezifischer speichern.","0","0","2026-07-14","kuestner-v-manteuffel"
"Reinking & Kollegen","reinking.de","https://reinking.de","jobboard_needs_review","Jobboard_URL wirkt wie Startseite oder generische Domain, nicht wie konkrete Karriereseite.","Karriere-/Stellenangebote-URL manuell prüfen und spezifischer speichern.","0","0","2026-07-14","reinking-und-kollegen"
"Dr. Vogels","dr-vogels.de","https://dr-vogels.de","jobboard_needs_review","Jobboard_URL wirkt wie Startseite oder generische Domain, nicht wie konkrete Karriereseite.","Karriere-/Stellenangebote-URL manuell prüfen und spezifischer speichern.","0","0","2026-07-14","dr-vogels"
"WidmaierNorouzi","widmaiernorouzi.de","https://widmaiernorouzi.de","jobboard_needs_review","Jobboard_URL wirkt wie Startseite oder generische Domain, nicht wie konkrete Karriereseite.","Karriere-/Stellenangebote-URL manuell prüfen und spezifischer speichern.","0","0","2026-07-14","widmaiernorouzi"
"Sträter","straeter.de","https://straeter.de","jobboard_needs_review","Jobboard_URL wirkt wie Startseite oder generische Domain, nicht wie konkrete Karriereseite.","Karriere-/Stellenangebote-URL manuell prüfen und spezifischer speichern.","0","0","2026-07-14","straeter"
"PPP PapePersikePartner","papepersikepartner.de","https://papepersikepartner-karriere.de/","jobboard_needs_review","Jobboard_URL wirkt wie Startseite oder generische Domain, nicht wie konkrete Karriereseite.","Karriere-/Stellenangebote-URL manuell prüfen und spezifischer speichern.","0","0","2026-07-14","ppp-papepersikepartner"
"Grote Terwiesche","grote-terwiesche.de","https://grote-terwiesche.de","jobboard_needs_review","Jobboard_URL wirkt wie Startseite oder generische Domain, nicht wie konkrete Karriereseite.","Karriere-/Stellenangebote-URL manuell prüfen und spezifischer speichern.","0","0","2026-07-14","grote-terwiesche"
"SchellmannWagner","schellmannwagner.de","https://schellmannwagner.de","jobboard_needs_review","Jobboard_URL wirkt wie Startseite oder generische Domain, nicht wie konkrete Karriereseite.","Karriere-/Stellenangebote-URL manuell prüfen und spezifischer speichern.","0","0","2026-07-14","schellmannwagner"
"Quandt Kuhlmann Zimmermann","qkz.de","https://qkz.de","jobboard_needs_review","Jobboard_URL wirkt wie Startseite oder generische Domain, nicht wie konkrete Karriereseite.","Karriere-/Stellenangebote-URL manuell prüfen und spezifischer speichern.","0","0","2026-07-14","quandt-kuhlmann-zimmermann"
"Dr. Krist & Kollegen","dr-krist.de","https://dr-krist.de","jobboard_needs_review","Jobboard_URL wirkt wie Startseite oder generische Domain, nicht wie konkrete Karriereseite.","Karriere-/Stellenangebote-URL manuell prüfen und spezifischer speichern.","0","0","2026-07-14","dr-krist-und-kollegen"
"Prof. Tiedemann & Partner","tiedemann-partner.de","https://tiedemann-partner.de","jobboard_needs_review","Jobboard_URL wirkt wie Startseite oder generische Domain, nicht wie konkrete Karriereseite.","Karriere-/Stellenangebote-URL manuell prüfen und spezifischer speichern.","0","0","2026-07-14","prof-tiedemann-und"
"Raupach & Wollert-Elmendorff","ra-wollert.de","https://ra-wollert.de","jobboard_needs_review","Jobboard_URL wirkt wie Startseite oder generische Domain, nicht wie konkrete Karriereseite.","Karriere-/Stellenangebote-URL manuell prüfen und spezifischer speichern.","0","0","2026-07-14","raupach-und-wollert-elmendorff"
"Rehborn","rehborn.de","https://rehborn.de","jobboard_needs_review","Jobboard_URL wirkt wie Startseite oder generische Domain, nicht wie konkrete Karriereseite.","Karriere-/Stellenangebote-URL manuell prüfen und spezifischer speichern.","0","0","2026-07-14","rehborn"
"König Szynka Tilmann von Renesse","kstvr.de","https://kstvr.de","jobboard_needs_review","Jobboard_URL wirkt wie Startseite oder generische Domain, nicht wie konkrete Karriereseite.","Karriere-/Stellenangebote-URL manuell prüfen und spezifischer speichern.","0","0","2026-07-14","koenig-szynka-tilmann-von-renesse"
"Schumm & Acker","schumm-acker.de","https://schumm-acker.de","jobboard_needs_review","Jobboard_URL wirkt wie Startseite oder generische Domain, nicht wie konkrete Karriereseite.","Karriere-/Stellenangebote-URL manuell prüfen und spezifischer speichern.","0","0","2026-07-14","schumm-und-acker"
"Bosch Jehle","boschjehle.de","https://boschjehle.de","jobboard_needs_review","Jobboard_URL wirkt wie Startseite oder generische Domain, nicht wie konkrete Karriereseite.","Karriere-/Stellenangebote-URL manuell prüfen und spezifischer speichern.","0","0","2026-07-14","bosch-jehle"
"Schnorbus Helmhold Wardemann","shw-law.de","https://shw-law.de","jobboard_needs_review","Jobboard_URL wirkt wie Startseite oder generische Domain, nicht wie konkrete Karriereseite.","Karriere-/Stellenangebote-URL manuell prüfen und spezifischer speichern.","0","0","2026-07-14","schnorbus-helmhold-wardemann"
"Lilie Ihwas","lilie-ihwas.de","https://lilie-ihwas.de","jobboard_needs_review","Jobboard_URL wirkt wie Startseite oder generische Domain, nicht wie konkrete Karriereseite.","Karriere-/Stellenangebote-URL manuell prüfen und spezifischer speichern.","0","0","2026-07-14","lilie-ihwas"
"Hamm Kempf & Partner","hammkempf.de","https://hammkempf.de","jobboard_needs_review","Jobboard_URL wirkt wie Startseite oder generische Domain, nicht wie konkrete Karriereseite.","Karriere-/Stellenangebote-URL manuell prüfen und spezifischer speichern.","0","0","2026-07-14","hamm-kempf-und"
"von Pelchrzim","vonpelchrzim.de","https://vonpelchrzim.de","jobboard_needs_review","Jobboard_URL wirkt wie Startseite oder generische Domain, nicht wie konkrete Karriereseite.","Karriere-/Stellenangebote-URL manuell prüfen und spezifischer speichern.","0","0","2026-07-14","von-pelchrzim"
"Dr. Robert Walz Dr. Hans-Joachim Vollrath","walz-vollrath.de","https://walz-vollrath.de","jobboard_needs_review","Jobboard_URL wirkt wie Startseite oder generische Domain, nicht wie konkrete Karriereseite.","Karriere-/Stellenangebote-URL manuell prüfen und spezifischer speichern.","0","0","2026-07-14","dr-robert-walz-dr-hans-joachim-vollrath"
"Prof. Dr. Lutz Simon","lutzsimon.de","https://lutzsimon.de","jobboard_needs_review","Jobboard_URL wirkt wie Startseite oder generische Domain, nicht wie konkrete Karriereseite.","Karriere-/Stellenangebote-URL manuell prüfen und spezifischer speichern.","0","0","2026-07-14","prof-dr-lutz-simon"
"Raetzke Kambli","raetzke.com","https://raetzke.com","jobboard_needs_review","Jobboard_URL wirkt wie Startseite oder generische Domain, nicht wie konkrete Karriereseite.","Karriere-/Stellenangebote-URL manuell prüfen und spezifischer speichern.","0","0","2026-07-14","raetzke-kambli"
"3R","3r-kanzlei.de","https://3r-kanzlei.de","jobboard_needs_review","Jobboard_URL wirkt wie Startseite oder generische Domain, nicht wie konkrete Karriereseite.","Karriere-/Stellenangebote-URL manuell prüfen und spezifischer speichern.","0","0","2026-07-14","3r"
"Prof. Wurmnest & Kollegen","wurmnest.de","https://wurmnest.de","jobboard_needs_review","Jobboard_URL wirkt wie Startseite oder generische Domain, nicht wie konkrete Karriereseite.","Karriere-/Stellenangebote-URL manuell prüfen und spezifischer speichern.","0","0","2026-07-14","prof-wurmnest-und-kollegen"
"SchlarmannvonGeyso","schlarmannvongeyso.de","https://schlarmannvongeyso.de","jobboard_needs_review","Jobboard_URL wirkt wie Startseite oder generische Domain, nicht wie konkrete Karriereseite.","Karriere-/Stellenangebote-URL manuell prüfen und spezifischer speichern.","0","0","2026-07-14","schlarmannvongeyso"
"Sattler & Partner","sattler-partner.de","https://sattler-partner.de","jobboard_needs_review","Jobboard_URL wirkt wie Startseite oder generische Domain, nicht wie konkrete Karriereseite.","Karriere-/Stellenangebote-URL manuell prüfen und spezifischer speichern.","0","0","2026-07-14","sattler-und"
"von Máriássy Dr. von Stetten Degenhard Rill","vonmariassy.de","https://vonmariassy.de","jobboard_needs_review","Jobboard_URL wirkt wie Startseite oder generische Domain, nicht wie konkrete Karriereseite.","Karriere-/Stellenangebote-URL manuell prüfen und spezifischer speichern.","0","0","2026-07-14","von-m-ri-ssy-dr-von-stetten-degenhard-rill"
"Schilling Tute","schillingtute.de","https://schillingtute.de","jobboard_needs_review","Jobboard_URL wirkt wie Startseite oder generische Domain, nicht wie konkrete Karriereseite.","Karriere-/Stellenangebote-URL manuell prüfen und spezifischer speichern.","0","0","2026-07-14","schilling-tute"
"Santen & Partner","santen.de","https://www.santen.de/stellenangebote","no_master_match","Jobboard_URL vorhanden, aber kein Treffer in jobs_master.csv nach Kanzleiname oder Domain.","Seite manuell prüfen: keine Jobs, Parser-Lücke, JS/Cookie-Problem oder spezielles ATS möglich.","0","0","2026-07-14","santen-und"
"Schaudt Rechtsanwälte","schaudt-rechtsanwaelte.de","https://schaudt-rechtsanwaelte.de","jobboard_needs_review","Jobboard_URL wirkt wie Startseite oder generische Domain, nicht wie konkrete Karriereseite.","Karriere-/Stellenangebote-URL manuell prüfen und spezifischer speichern.","0","0","2026-07-14","schaudt"
"Otmar Kury","otmar-kury.de","https://otmar-kury.de","jobboard_needs_review","Jobboard_URL wirkt wie Startseite oder generische Domain, nicht wie konkrete Karriereseite.","Karriere-/Stellenangebote-URL manuell prüfen und spezifischer speichern.","0","0","2026-07-14","otmar-kury"
"Schumacher & Willsau","schumacher-willsau.de","https://schumacher-willsau.de","jobboard_needs_review","Jobboard_URL wirkt wie Startseite oder generische Domain, nicht wie konkrete Karriereseite.","Karriere-/Stellenangebote-URL manuell prüfen und spezifischer speichern.","0","0","2026-07-14","schumacher-und-willsau"
"Robe Avocats","robe-avocats.com","https://robe-avocats.com","jobboard_needs_review","Jobboard_URL wirkt wie Startseite oder generische Domain, nicht wie konkrete Karriereseite.","Karriere-/Stellenangebote-URL manuell prüfen und spezifischer speichern.","0","0","2026-07-14","robe-avocats"
"Schultze & Partner","schultze-partner.de","https://schultze-partner.de/stellenanzeigen/","no_master_match","Jobboard_URL vorhanden, aber kein Treffer in jobs_master.csv nach Kanzleiname oder Domain.","Seite manuell prüfen: keine Jobs, Parser-Lücke, JS/Cookie-Problem oder spezielles ATS möglich.","0","0","2026-07-14","schultze-und"
"Schaefer & Partner","schaefer-partner.de","https://schaefer-partner.de","jobboard_needs_review","Jobboard_URL wirkt wie Startseite oder generische Domain, nicht wie konkrete Karriereseite.","Karriere-/Stellenangebote-URL manuell prüfen und spezifischer speichern.","0","0","2026-07-14","schaefer-und"
"Raeder Vogel","rae-voegel.de","https://rae-voegel.de","jobboard_needs_review","Jobboard_URL wirkt wie Startseite oder generische Domain, nicht wie konkrete Karriereseite.","Karriere-/Stellenangebote-URL manuell prüfen und spezifischer speichern.","0","0","2026-07-14","raeder-vogel"
"pp-rechtsanwalte.de","pp-rechtsanwalte.de","https://pp-rechtsanwalte.de","jobboard_needs_review","Jobboard_URL wirkt wie Startseite oder generische Domain, nicht wie konkrete Karriereseite.","Karriere-/Stellenangebote-URL manuell prüfen und spezifischer speichern.","0","0","2026-07-14","pp-rechtsanwalte-de"
"Klebau Schaller Rechtsanwäte","klebau-schaller.com","https://klebau-schaller.com","jobboard_needs_review","Jobboard_URL wirkt wie Startseite oder generische Domain, nicht wie konkrete Karriereseite.","Karriere-/Stellenangebote-URL manuell prüfen und spezifischer speichern.","0","0","2026-07-14","klebau-schaller-rechtsanwaete"
"Dr. Kulitz, Nittmann, Andree,Fischer Rechtsanwaltskanzlei","kanzlei-kulitz.de","https://kanzlei-kulitz.de","jobboard_needs_review","Jobboard_URL wirkt wie Startseite oder generische Domain, nicht wie konkrete Karriereseite.","Karriere-/Stellenangebote-URL manuell prüfen und spezifischer speichern.","0","0","2026-07-14","dr-kulitz-nittmann-andree-fischer-rechtsanwaltskanzlei"
"Pfordte Bosbach","pfordte-bosbach.de","https://pfordte-bosbach.de","jobboard_needs_review","Jobboard_URL wirkt wie Startseite oder generische Domain, nicht wie konkrete Karriereseite.","Karriere-/Stellenangebote-URL manuell prüfen und spezifischer speichern.","0","0","2026-07-14","pfordte-bosbach"
"Rosenkranz","ra-ros.de","https://ra-ros.de","jobboard_needs_review","Jobboard_URL wirkt wie Startseite oder generische Domain, nicht wie konkrete Karriereseite.","Karriere-/Stellenangebote-URL manuell prüfen und spezifischer speichern.","0","0","2026-07-14","rosenkranz"
"Heidemann & Küthe","heidemann-kuethe.de","https://www.heidemann-kuethe.de/karriere","jobboard_needs_review","Jobboard_URL wirkt wie Startseite oder generische Domain, nicht wie konkrete Karriereseite.","Karriere-/Stellenangebote-URL manuell prüfen und spezifischer speichern.","0","0","2026-07-14","heidemann-und-kuethe"
"haas-coll.de","haas-coll.de","https://haas-coll.de","jobboard_needs_review","Jobboard_URL wirkt wie Startseite oder generische Domain, nicht wie konkrete Karriereseite.","Karriere-/Stellenangebote-URL manuell prüfen und spezifischer speichern.","0","0","2026-07-14","haas-coll-de"
"MM Reinfeld Steuerberatung","","","missing_domain","Keine Domain in target_firms_full.csv vorhanden.","Domain manuell ergänzen und danach Karriere-/Jobboard-URL suchen.","0","0","2026-07-14","mm-reinfeld-steuerberatung"
"Becker - Zeiler & Partner Steuerberatungsgesellschaft","","","missing_domain","Keine Domain in target_firms_full.csv vorhanden.","Domain manuell ergänzen und danach Karriere-/Jobboard-URL suchen.","0","0","2026-07-14","becker-zeiler-und-steuerberatungsgesellschaft"
"Dr. M. Hundertmark & D. Moinzadeh","moinmark.de","https://moinmark.de/stellenangebote/","no_master_match","Jobboard_URL vorhanden, aber kein Treffer in jobs_master.csv nach Kanzleiname oder Domain.","Seite manuell prüfen: keine Jobs, Parser-Lücke, JS/Cookie-Problem oder spezielles ATS möglich.","0","0","2026-07-14","dr-m-hundertmark-und-d-moinzadeh"
"kanzlei-lr.de","kanzlei-lr.de","https://www.limmer-reutemann.de/stellenangebote","no_master_match","Jobboard_URL vorhanden, aber kein Treffer in jobs_master.csv nach Kanzleiname oder Domain.","Seite manuell prüfen: keine Jobs, Parser-Lücke, JS/Cookie-Problem oder spezielles ATS möglich.","0","0","2026-07-14","lr-de"
"hering-rechtsanwalt.de","hering-rechtsanwalt.de","https://hering-rechtsanwalt.de","jobboard_needs_review","Jobboard_URL wirkt wie Startseite oder generische Domain, nicht wie konkrete Karriereseite.","Karriere-/Stellenangebote-URL manuell prüfen und spezifischer speichern.","0","0","2026-07-14","hering-de"
"Praxis Dr. Grewe","dr-peter-grewe.de","https://dr-peter-grewe.de/2024/07/05/das-familien-stellen-zeigt-krankheiten-sind-heilungsprozesse-fuer-die-seele-hellinger/","no_master_match","Jobboard_URL vorhanden, aber kein Treffer in jobs_master.csv nach Kanzleiname oder Domain.","Seite manuell prüfen: keine Jobs, Parser-Lücke, JS/Cookie-Problem oder spezielles ATS möglich.","0","0","2026-07-14","praxis-dr-grewe"
"Momberger Rechtsanwälte","","","missing_domain","Keine Domain in target_firms_full.csv vorhanden.","Domain manuell ergänzen und danach Karriere-/Jobboard-URL suchen.","0","0","2026-07-14","momberger"
"Pair Finance","pairfinance.com","https://pairfinance.com","jobboard_needs_review","Jobboard_URL wirkt wie Startseite oder generische Domain, nicht wie konkrete Karriereseite.","Karriere-/Stellenangebote-URL manuell prüfen und spezifischer speichern.","0","0","2026-07-14","pair-finance"
"Capital","scalable.capital.de","https://scalable.capital.de","jobboard_needs_review","Jobboard_URL wirkt wie Startseite oder generische Domain, nicht wie konkrete Karriereseite.","Karriere-/Stellenangebote-URL manuell prüfen und spezifischer speichern.","0","0","2026-07-14","capital"
"Raisin","raisin.com","https://raisin.com","jobboard_needs_review","Jobboard_URL wirkt wie Startseite oder generische Domain, nicht wie konkrete Karriereseite.","Karriere-/Stellenangebote-URL manuell prüfen und spezifischer speichern.","0","0","2026-07-14","raisin"
"Raisin Bank","raisin.bank","https://raisin.bank","jobboard_needs_review","Jobboard_URL wirkt wie Startseite oder generische Domain, nicht wie konkrete Karriereseite.","Karriere-/Stellenangebote-URL manuell prüfen und spezifischer speichern.","0","0","2026-07-14","raisin-bank"
"CSP Frankfurt","csp-frankfurt.de","https://csp-frankfurt.de","jobboard_needs_review","Jobboard_URL wirkt wie Startseite oder generische Domain, nicht wie konkrete Karriereseite.","Karriere-/Stellenangebote-URL manuell prüfen und spezifischer speichern.","0","0","2026-07-14","csp-frankfurt"
"Goodarzi & Polster Rechtsanwälte","goodarzi-polster.com","https://goodarzi-polster.com","jobboard_needs_review","Jobboard_URL wirkt wie Startseite oder generische Domain, nicht wie konkrete Karriereseite.","Karriere-/Stellenangebote-URL manuell prüfen und spezifischer speichern.","0","0","2026-07-14","goodarzi-und-polster"
"ROBUSTA-GAUKEL","robusta-gaukel.com","https://www.robusta-gaukel.com/shop/7-Lagertechnik-Baustelleneinrichtung%3A%3A%3A8.html","no_master_match","Jobboard_URL vorhanden, aber kein Treffer in jobs_master.csv nach Kanzleiname oder Domain.","Seite manuell prüfen: keine Jobs, Parser-Lücke, JS/Cookie-Problem oder spezielles ATS möglich.","0","0","2026-07-14","robusta-gaukel"
"k-f-m.de","k-f-m.de","https://k-f-m.de","jobboard_needs_review","Jobboard_URL wirkt wie Startseite oder generische Domain, nicht wie konkrete Karriereseite.","Karriere-/Stellenangebote-URL manuell prüfen und spezifischer speichern.","0","0","2026-07-14","k-f-m-de"
"a. hartrodt","hartrodt.com","https://www.hartrodt.com/career","jobboard_needs_review","Jobboard_URL wirkt wie Startseite oder generische Domain, nicht wie konkrete Karriereseite.","Karriere-/Stellenangebote-URL manuell prüfen und spezifischer speichern.","0","0","2026-07-14","a-hartrodt"
"Curt Richter SE","curt-richter.de","https://www.curt-richter.de/unternehmen/karriere","no_master_match","Jobboard_URL vorhanden, aber kein Treffer in jobs_master.csv nach Kanzleiname oder Domain.","Seite manuell prüfen: keine Jobs, Parser-Lücke, JS/Cookie-Problem oder spezielles ATS möglich.","0","0","2026-07-14","curt-richter-se"
"kremer-recht.de","kremer-recht.de","https://kremer-recht.de","jobboard_needs_review","Jobboard_URL wirkt wie Startseite oder generische Domain, nicht wie konkrete Karriereseite.","Karriere-/Stellenangebote-URL manuell prüfen und spezifischer speichern.","0","0","2026-07-14","kremer-recht-de"
"Straßer Ventroni Freytag","svf-law.de","https://svf-law.de","jobboard_needs_review","Jobboard_URL wirkt wie Startseite oder generische Domain, nicht wie konkrete Karriereseite.","Karriere-/Stellenangebote-URL manuell prüfen und spezifischer speichern.","0","0","2026-07-14","strasser-ventroni-freytag"
"Laborius - Die Fachanwälte für Arbeitsrecht","laborius.eu","https://www.laborius.eu/de/de/beratungsfelder/betriebsraete-einigungsstellen","no_master_match","Jobboard_URL vorhanden, aber kein Treffer in jobs_master.csv nach Kanzleiname oder Domain.","Seite manuell prüfen: keine Jobs, Parser-Lücke, JS/Cookie-Problem oder spezielles ATS möglich.","0","0","2026-07-14","laborius-die-fachanwaelte-fuer-arbeitsrecht"
"Martin Franz","ra-franz.eu","https://ra-franz.eu","jobboard_needs_review","Jobboard_URL wirkt wie Startseite oder generische Domain, nicht wie konkrete Karriereseite.","Karriere-/Stellenangebote-URL manuell prüfen und spezifischer speichern.","0","0","2026-07-14","martin-franz"
"Jordan & Wagner Rechtsanwaltsgesellschaft MBH","jordan-ra.com","https://www.jordanwagner-ra.com/de/de/kanzlei/karriere","no_master_match","Jobboard_URL vorhanden, aber kein Treffer in jobs_master.csv nach Kanzleiname oder Domain.","Seite manuell prüfen: keine Jobs, Parser-Lücke, JS/Cookie-Problem oder spezielles ATS möglich.","0","0","2026-07-14","jordan-und-wagner-rechtsanwaltsgesellschaft-mbh"
"mel-wedding.de","mel-wedding.de","https://mel-wedding.de","jobboard_needs_review","Jobboard_URL wirkt wie Startseite oder generische Domain, nicht wie konkrete Karriereseite.","Karriere-/Stellenangebote-URL manuell prüfen und spezifischer speichern.","0","0","2026-07-14","mel-wedding-de"
"Sander Hansen Steuerberatungsgesellschaft Berlin mbH","sander-hansen.de","https://www.sander-hansen.de/karriere","jobboard_needs_review","Jobboard_URL wirkt wie Startseite oder generische Domain, nicht wie konkrete Karriereseite.","Karriere-/Stellenangebote-URL manuell prüfen und spezifischer speichern.","0","0","2026-07-14","sander-hansen-steuerberatungsgesellschaft-berlin-mbh"
"Pachmann Schuback Khan","psk-legal.de","https://www.psk-legal.de/karriere","jobboard_needs_review","Jobboard_URL wirkt wie Startseite oder generische Domain, nicht wie konkrete Karriereseite.","Karriere-/Stellenangebote-URL manuell prüfen und spezifischer speichern.","0","0","2026-07-14","pachmann-schuback-khan"
"GrothmannGeiser","grothmanngeiser.de","https://www.grothmanngeiser.de/karriere/","jobboard_needs_review","Jobboard_URL wirkt wie Startseite oder generische Domain, nicht wie konkrete Karriereseite.","Karriere-/Stellenangebote-URL manuell prüfen und spezifischer speichern.","0","0","2026-07-14","grothmanngeiser"
"Kanzlei H","kanzlei-hsp.de","https://www.kanzlei-hsp.de/karriere/","jobboard_needs_review","Jobboard_URL wirkt wie Startseite oder generische Domain, nicht wie konkrete Karriereseite.","Karriere-/Stellenangebote-URL manuell prüfen und spezifischer speichern.","0","0","2026-07-14","h"
"LHR Rechtsanwälte Köln","lhr-law.de","https://www.lhr-law.de/kanzlei/karriere/","no_master_match","Jobboard_URL vorhanden, aber kein Treffer in jobs_master.csv nach Kanzleiname oder Domain.","Seite manuell prüfen: keine Jobs, Parser-Lücke, JS/Cookie-Problem oder spezielles ATS möglich.","0","0","2026-07-14","lhr-koeln"
"Heim Honermeier WP/StB PartmbB","heim-honermeier.de","https://heim-honermeier.dein-karriere-portal.de/","jobboard_needs_review","Jobboard_URL wirkt wie Startseite oder generische Domain, nicht wie konkrete Karriereseite.","Karriere-/Stellenangebote-URL manuell prüfen und spezifischer speichern.","0","0","2026-07-14","heim-honermeier-wp-stb-partmbb"
"Pkf","m.pkf.de","https://m.pkf.de","jobboard_needs_review","Jobboard_URL wirkt wie Startseite oder generische Domain, nicht wie konkrete Karriereseite.","Karriere-/Stellenangebote-URL manuell prüfen und spezifischer speichern.","0","0","2026-07-14","pkf"
"profpannen.de","profpannen.de","https://profpannen.de","jobboard_needs_review","Jobboard_URL wirkt wie Startseite oder generische Domain, nicht wie konkrete Karriereseite.","Karriere-/Stellenangebote-URL manuell prüfen und spezifischer speichern.","0","0","2026-07-14","profpannen-de"
"Etl-Wrg","etl-wrg.de","","missing_jobboard_url","Domain vorhanden, aber keine gecachte Jobboard_URL.","Karriereseite entdecken und Jobboard_URL in target_firms_full.csv ergänzen.","0","0","2026-07-14","etl-wrg"
"Scheidle & Partner","scheidle-partner.de","https://scheidle-partner.de","jobboard_needs_review","Jobboard_URL wirkt wie Startseite oder generische Domain, nicht wie konkrete Karriereseite.","Karriere-/Stellenangebote-URL manuell prüfen und spezifischer speichern.","0","0","2026-07-14","scheidle-und"
"Dr. Schackow & Partner Rechtsanwälte PartG mbB","schackow.de","https://schackow.de","jobboard_needs_review","Jobboard_URL wirkt wie Startseite oder generische Domain, nicht wie konkrete Karriereseite.","Karriere-/Stellenangebote-URL manuell prüfen und spezifischer speichern.","0","0","2026-07-14","dr-schackow-und"
"Weidinger Richtscheid","weidinger-richtscheid.de","https://weidinger-richtscheid.de/karriere/","jobboard_needs_review","Jobboard_URL wirkt wie Startseite oder generische Domain, nicht wie konkrete Karriereseite.","Karriere-/Stellenangebote-URL manuell prüfen und spezifischer speichern.","0","0","2026-07-14","weidinger-richtscheid"
"Müller-Knapp Hjort Wulff","arbeitsrechtsanwaelte-hamburg.de","https://www.arbeitsrechtsanwaelte-hamburg.de/bewerbungen","no_master_match","Jobboard_URL vorhanden, aber kein Treffer in jobs_master.csv nach Kanzleiname oder Domain.","Seite manuell prüfen: keine Jobs, Parser-Lücke, JS/Cookie-Problem oder spezielles ATS möglich.","0","0","2026-07-14","mueller-knapp-hjort-wulff"
"Juconomy","juconomy.de","https://juconomy.de","jobboard_needs_review","Jobboard_URL wirkt wie Startseite oder generische Domain, nicht wie konkrete Karriereseite.","Karriere-/Stellenangebote-URL manuell prüfen und spezifischer speichern.","0","0","2026-07-14","juconomy"
"Ignor & Partner","ignor-partner.de","https://ignor-partner.de","jobboard_needs_review","Jobboard_URL wirkt wie Startseite oder generische Domain, nicht wie konkrete Karriereseite.","Karriere-/Stellenangebote-URL manuell prüfen und spezifischer speichern.","0","0","2026-07-14","ignor-und"
"HammPartner","hammpartner.de","https://hammpartner.de","jobboard_needs_review","Jobboard_URL wirkt wie Startseite oder generische Domain, nicht wie konkrete Karriereseite.","Karriere-/Stellenangebote-URL manuell prüfen und spezifischer speichern.","0","0","2026-07-14","hammpartner"
"Frings Partners","fringspartners.de","https://www.fringspartners.de/de/Insights/Karriere/index.php","no_master_match","Jobboard_URL vorhanden, aber kein Treffer in jobs_master.csv nach Kanzleiname oder Domain.","Seite manuell prüfen: keine Jobs, Parser-Lücke, JS/Cookie-Problem oder spezielles ATS möglich.","0","0","2026-07-14","frings"
"gkn Gräfe Klümpen-Neusel","gkn-partner.de","https://gkn-partner.de","jobboard_needs_review","Jobboard_URL wirkt wie Startseite oder generische Domain, nicht wie konkrete Karriereseite.","Karriere-/Stellenangebote-URL manuell prüfen und spezifischer speichern.","0","0","2026-07-14","gkn-graefe-kluempen-neusel"
"Freyschmidt Frings Pananis Venn","verteidiger-in-strafsachen.de","","missing_jobboard_url","Domain vorhanden, aber keine gecachte Jobboard_URL.","Karriereseite entdecken und Jobboard_URL in target_firms_full.csv ergänzen.","0","0","2026-07-14","freyschmidt-frings-pananis-venn"
"Gercke Wollschläger","gw-strafrecht.de","https://www.linkedin.com/feed/update/urn:li:activity:7403475612050354176","no_master_match","Jobboard_URL vorhanden, aber kein Treffer in jobs_master.csv nach Kanzleiname oder Domain.","Seite manuell prüfen: keine Jobs, Parser-Lücke, JS/Cookie-Problem oder spezielles ATS möglich.","0","0","2026-07-14","gercke-wollschlaeger"
"GND Geiger Nitz Daunderer","gnd-law.de","https://gnd-law.de","jobboard_needs_review","Jobboard_URL wirkt wie Startseite oder generische Domain, nicht wie konkrete Karriereseite.","Karriere-/Stellenangebote-URL manuell prüfen und spezifischer speichern.","0","0","2026-07-14","gnd-geiger-nitz-daunderer"
"Eifler Grandpierre Weber","egw-law.de","https://www.egw-law.de/start/karriere/","no_master_match","Jobboard_URL vorhanden, aber kein Treffer in jobs_master.csv nach Kanzleiname oder Domain.","Seite manuell prüfen: keine Jobs, Parser-Lücke, JS/Cookie-Problem oder spezielles ATS möglich.","0","0","2026-07-14","eifler-grandpierre-weber"
"Dr. Velke","kanzlei-velke.de","https://kanzlei-velke.de","jobboard_needs_review","Jobboard_URL wirkt wie Startseite oder generische Domain, nicht wie konkrete Karriereseite.","Karriere-/Stellenangebote-URL manuell prüfen und spezifischer speichern.","0","0","2026-07-14","dr-velke"
"Braun-Dullaeus Pannen Emmerling","bdpe.de","https://bdpe.de/karriere/","jobboard_needs_review","Jobboard_URL wirkt wie Startseite oder generische Domain, nicht wie konkrete Karriereseite.","Karriere-/Stellenangebote-URL manuell prüfen und spezifischer speichern.","0","0","2026-07-14","braun-dullaeus-pannen-emmerling"
"STAPPER | JACOBI | SCHÄDLICH RECHTSANWÄLTE – PARTNERSCHAFT","stapper.in","https://stapper.in/team/karriere/","no_master_match","Jobboard_URL vorhanden, aber kein Treffer in jobs_master.csv nach Kanzleiname oder Domain.","Seite manuell prüfen: keine Jobs, Parser-Lücke, JS/Cookie-Problem oder spezielles ATS möglich.","0","0","2026-07-14","stapper-jacobi-schaedlich"
"Schellenberg Unternehmeranwälte","unternehmeranwaelte.de","https://unternehmeranwaelte.de/karriere","jobboard_needs_review","Jobboard_URL wirkt wie Startseite oder generische Domain, nicht wie konkrete Karriereseite.","Karriere-/Stellenangebote-URL manuell prüfen und spezifischer speichern.","0","0","2026-07-14","schellenberg-unternehmeranwaelte"
"REINHARDT & KOLLEGEN Rechtsanwälte und Insolvenzverwalter GmbH Rechtsanwaltsgesellschaft","reinhardt-rechtsanwaelte.de","https://reinhardt-rechtsanwaelte.de","jobboard_needs_review","Jobboard_URL wirkt wie Startseite oder generische Domain, nicht wie konkrete Karriereseite.","Karriere-/Stellenangebote-URL manuell prüfen und spezifischer speichern.","0","0","2026-07-14","reinhardt-und-kollegen-und-insolvenzverwalter-rechtsanwaltsgesellschaft"
"Peters Fleschutz Graf von Carmer Kääb Rechtsanwälte Steuerberater","pfgc.de","https://pfgc.de","jobboard_needs_review","Jobboard_URL wirkt wie Startseite oder generische Domain, nicht wie konkrete Karriereseite.","Karriere-/Stellenangebote-URL manuell prüfen und spezifischer speichern.","0","0","2026-07-14","peters-fleschutz-graf-von-carmer-kaeaeb"
"Grooterhorst & Partner Rechtsanwälte mbB","grooterhorst.de","https://grooterhorst.de","jobboard_needs_review","Jobboard_URL wirkt wie Startseite oder generische Domain, nicht wie konkrete Karriereseite.","Karriere-/Stellenangebote-URL manuell prüfen und spezifischer speichern.","0","0","2026-07-14","grooterhorst-und"
"Kanzlei Thomas Mauser Rechtsanwälte","rae-mauser.de","https://ms-rae.de/karriere/","no_master_match","Jobboard_URL vorhanden, aber kein Treffer in jobs_master.csv nach Kanzleiname oder Domain.","Seite manuell prüfen: keine Jobs, Parser-Lücke, JS/Cookie-Problem oder spezielles ATS möglich.","0","0","2026-07-14","thomas-mauser"
"Fromm F. M. P","fmp-recht.de","https://fmp-recht.de","jobboard_needs_review","Jobboard_URL wirkt wie Startseite oder generische Domain, nicht wie konkrete Karriereseite.","Karriere-/Stellenangebote-URL manuell prüfen und spezifischer speichern.","0","0","2026-07-14","fromm-f-m-p"
"Debevoise & Plimpton LL.P","debevoise.com","https://www.debevoise.com/careers","jobboard_needs_review","Jobboard_URL wirkt wie Startseite oder generische Domain, nicht wie konkrete Karriereseite.","Karriere-/Stellenangebote-URL manuell prüfen und spezifischer speichern.","0","0","2026-07-14","debevoise-und-plimpton-ll-p"
"Bendel Insolvenzverwaltung AG","bendel-insolvenz.de","https://bendel-insolvenz.de/karriere-bei-bendel-insolvenzverwaltung/","no_master_match","Jobboard_URL vorhanden, aber kein Treffer in jobs_master.csv nach Kanzleiname oder Domain.","Seite manuell prüfen: keine Jobs, Parser-Lücke, JS/Cookie-Problem oder spezielles ATS möglich.","0","0","2026-07-14","bendel-insolvenzverwaltung"
"Linnemann Rechtsanwälte GbR","rechtsanwaelte-linnemann.de","https://rechtsanwaelte-linnemann.de","jobboard_needs_review","Jobboard_URL wirkt wie Startseite oder generische Domain, nicht wie konkrete Karriereseite.","Karriere-/Stellenangebote-URL manuell prüfen und spezifischer speichern.","0","0","2026-07-14","linnemann-gbr"
"Leinen & Derichs","leinen-derichs.de","https://leinen-derichs.de","jobboard_needs_review","Jobboard_URL wirkt wie Startseite oder generische Domain, nicht wie konkrete Karriereseite.","Karriere-/Stellenangebote-URL manuell prüfen und spezifischer speichern.","0","0","2026-07-14","leinen-und-derichs"
"Kraft, Geil und Kollegen Rechtsanwälte","kguk.de","https://kguk.de","jobboard_needs_review","Jobboard_URL wirkt wie Startseite oder generische Domain, nicht wie konkrete Karriereseite.","Karriere-/Stellenangebote-URL manuell prüfen und spezifischer speichern.","0","0","2026-07-14","kraft-geil-und-kollegen"
"Kruhl von Strenge Partnerschaft von Rechtsanwälten mbB","kruhlvonstrenge.de","https://www.kruhlvonstrenge.de/#karriere","jobboard_needs_review","Jobboard_URL wirkt wie Startseite oder generische Domain, nicht wie konkrete Karriereseite.","Karriere-/Stellenangebote-URL manuell prüfen und spezifischer speichern.","0","0","2026-07-14","kruhl-von-strenge-von-rechtsanwaelten"
"Langhoff, Dr. Schaarschmidt & Kollegen","ra-lsk.de","https://ra-lsk.de","jobboard_needs_review","Jobboard_URL wirkt wie Startseite oder generische Domain, nicht wie konkrete Karriereseite.","Karriere-/Stellenangebote-URL manuell prüfen und spezifischer speichern.","0","0","2026-07-14","langhoff-dr-schaarschmidt-und-kollegen"
"Künzel und Partner, Rechtsanwälte","kuenzelpartner.de","https://kuenzelpartner.de","jobboard_needs_review","Jobboard_URL wirkt wie Startseite oder generische Domain, nicht wie konkrete Karriereseite.","Karriere-/Stellenangebote-URL manuell prüfen und spezifischer speichern.","0","0","2026-07-14","kuenzel-und"
"Kleymann, Karpenstein & Partner, Rechtsanwälte","kkp.law","https://kkp.law","jobboard_needs_review","Jobboard_URL wirkt wie Startseite oder generische Domain, nicht wie konkrete Karriereseite.","Karriere-/Stellenangebote-URL manuell prüfen und spezifischer speichern.","0","0","2026-07-14","kleymann-karpenstein-und"
"Kowalski Clemens Schmidt","kcslaw.de","https://kcslaw.de","jobboard_needs_review","Jobboard_URL wirkt wie Startseite oder generische Domain, nicht wie konkrete Karriereseite.","Karriere-/Stellenangebote-URL manuell prüfen und spezifischer speichern.","0","0","2026-07-14","kowalski-clemens-schmidt"
"kfp - Korten. Fehr. Partner. Rechtsanwälte PartGmbB","korten-ag.de","https://korten-ag.de","jobboard_needs_review","Jobboard_URL wirkt wie Startseite oder generische Domain, nicht wie konkrete Karriereseite.","Karriere-/Stellenangebote-URL manuell prüfen und spezifischer speichern.","0","0","2026-07-14","kfp-korten-fehr"
"Jebens Mensching LLP","jebensmensching.com","https://jebensmensching.com/karriere/","jobboard_needs_review","Jobboard_URL wirkt wie Startseite oder generische Domain, nicht wie konkrete Karriereseite.","Karriere-/Stellenangebote-URL manuell prüfen und spezifischer speichern.","0","0","2026-07-14","jebens-mensching"
"Heymann & Partner Rechtsanwälte mbB","heylaw.de","https://heylaw.de","jobboard_needs_review","Jobboard_URL wirkt wie Startseite oder generische Domain, nicht wie konkrete Karriereseite.","Karriere-/Stellenangebote-URL manuell prüfen und spezifischer speichern.","0","0","2026-07-14","heymann-und"
"INCE & Co. Rechtsanwälte","incegermany.com","https://incegermany.com","jobboard_needs_review","Jobboard_URL wirkt wie Startseite oder generische Domain, nicht wie konkrete Karriereseite.","Karriere-/Stellenangebote-URL manuell prüfen und spezifischer speichern.","0","0","2026-07-14","ince-und-co"
"Frowein & Partner Rechtsanwälte","frowein-partner.net","https://frowein-partner.net","jobboard_needs_review","Jobboard_URL wirkt wie Startseite oder generische Domain, nicht wie konkrete Karriereseite.","Karriere-/Stellenangebote-URL manuell prüfen und spezifischer speichern.","0","0","2026-07-14","frowein-und"
"EurAA-Anwälte für Arbeitnehmer-Rechtsanwaltsgesellschaft mbH","ra-barone.de","https://ra-barone.de","jobboard_needs_review","Jobboard_URL wirkt wie Startseite oder generische Domain, nicht wie konkrete Karriereseite.","Karriere-/Stellenangebote-URL manuell prüfen und spezifischer speichern.","0","0","2026-07-14","euraa-anwaelte-fuer-arbeitnehmer-rechtsanwaltsgesellschaft-mbh"
"Blesinger, Wischermann & Partner, Rechtsanwälte","ra-blesinger.de","https://ra-blesinger.de","jobboard_needs_review","Jobboard_URL wirkt wie Startseite oder generische Domain, nicht wie konkrete Karriereseite.","Karriere-/Stellenangebote-URL manuell prüfen und spezifischer speichern.","0","0","2026-07-14","blesinger-wischermann-und"
"Betten & Resch Patent- und Rechtsanwälte PartGmbB","bettenpat.com","https://bettenpat.com","jobboard_needs_review","Jobboard_URL wirkt wie Startseite oder generische Domain, nicht wie konkrete Karriereseite.","Karriere-/Stellenangebote-URL manuell prüfen und spezifischer speichern.","0","0","2026-07-14","betten-und-resch-patent-und"
"Bergfeld & Partner Rechtsanwälte Partnerschaftsgesellschaft mbB","bergfeldonline.de","https://bergfeldonline.de","jobboard_needs_review","Jobboard_URL wirkt wie Startseite oder generische Domain, nicht wie konkrete Karriereseite.","Karriere-/Stellenangebote-URL manuell prüfen und spezifischer speichern.","0","0","2026-07-14","bergfeld-und-partnerschaftsgesellschaft"
"BÖRGERS Rechtsanwälte Partnerschaft mbB","boergers.com","","missing_jobboard_url","Domain vorhanden, aber keine gecachte Jobboard_URL.","Karriereseite entdecken und Jobboard_URL in target_firms_full.csv ergänzen.","0","0","2026-07-14","boergers"
"AIV - Anwaltliche Interessenvertretung","anive.de","https://anive.de","jobboard_needs_review","Jobboard_URL wirkt wie Startseite oder generische Domain, nicht wie konkrete Karriereseite.","Karriere-/Stellenangebote-URL manuell prüfen und spezifischer speichern.","0","0","2026-07-14","aiv-anwaltliche-interessenvertretung"
"Brugger Rechtsanwälte","ra-fn.de","https://ra-fn.de","jobboard_needs_review","Jobboard_URL wirkt wie Startseite oder generische Domain, nicht wie konkrete Karriereseite.","Karriere-/Stellenangebote-URL manuell prüfen und spezifischer speichern.","0","0","2026-07-14","brugger"
"Rechtsanwälte Zipper & Partner","rechtsanwalt-schwetzingen.de","https://rechtsanwalt-schwetzingen.de","jobboard_needs_review","Jobboard_URL wirkt wie Startseite oder generische Domain, nicht wie konkrete Karriereseite.","Karriere-/Stellenangebote-URL manuell prüfen und spezifischer speichern.","0","0","2026-07-14","zipper-und"
"comp/lex","comp-lex.de","https://comp-lex.de","jobboard_needs_review","Jobboard_URL wirkt wie Startseite oder generische Domain, nicht wie konkrete Karriereseite.","Karriere-/Stellenangebote-URL manuell prüfen und spezifischer speichern.","0","0","2026-07-14","comp-lex"
"Apitzsch Schmidt Klebe","apitzsch-schmidt-klebe.de","https://apitzsch-schmidt.de/karriere/","no_master_match","Jobboard_URL vorhanden, aber kein Treffer in jobs_master.csv nach Kanzleiname oder Domain.","Seite manuell prüfen: keine Jobs, Parser-Lücke, JS/Cookie-Problem oder spezielles ATS möglich.","0","0","2026-07-14","apitzsch-schmidt-klebe"
"Wurll+ Kollegen","wurll-jasper.de","https://wurll-jasper.de/#karriere","jobboard_needs_review","Jobboard_URL wirkt wie Startseite oder generische Domain, nicht wie konkrete Karriereseite.","Karriere-/Stellenangebote-URL manuell prüfen und spezifischer speichern.","0","0","2026-07-14","wurll-kollegen"
"Wachenhausen","wachenhausen-law.com","https://www.dienemann-legal.com//kanzlei/#karriere","no_master_match","Jobboard_URL vorhanden, aber kein Treffer in jobs_master.csv nach Kanzleiname oder Domain.","Seite manuell prüfen: keine Jobs, Parser-Lücke, JS/Cookie-Problem oder spezielles ATS möglich.","0","0","2026-07-14","wachenhausen"
"Sandkuhl Bellinghausen","sandkuhlbellinghausen.de","https://sandkuhlbellinghausen.de","jobboard_needs_review","Jobboard_URL wirkt wie Startseite oder generische Domain, nicht wie konkrete Karriereseite.","Karriere-/Stellenangebote-URL manuell prüfen und spezifischer speichern.","0","0","2026-07-14","sandkuhl-bellinghausen"
"Sander & Krüger","sander-krueger.de","https://sander-krueger.de","jobboard_needs_review","Jobboard_URL wirkt wie Startseite oder generische Domain, nicht wie konkrete Karriereseite.","Karriere-/Stellenangebote-URL manuell prüfen und spezifischer speichern.","0","0","2026-07-14","sander-und-krueger"
"Schneider Schultehinrichs","rae-sus.de","https://rae-sus.de","jobboard_needs_review","Jobboard_URL wirkt wie Startseite oder generische Domain, nicht wie konkrete Karriereseite.","Karriere-/Stellenangebote-URL manuell prüfen und spezifischer speichern.","0","0","2026-07-14","schneider-schultehinrichs"
"Schmidt Kreimer Bittermann","legal-tax-solutions.com","https://legal-tax-solutions.com","jobboard_needs_review","Jobboard_URL wirkt wie Startseite oder generische Domain, nicht wie konkrete Karriereseite.","Karriere-/Stellenangebote-URL manuell prüfen und spezifischer speichern.","0","0","2026-07-14","schmidt-kreimer-bittermann"
"Rettenmaier","rettenmaier-frankfurt.de","https://rettenmaier-frankfurt.de","jobboard_needs_review","Jobboard_URL wirkt wie Startseite oder generische Domain, nicht wie konkrete Karriereseite.","Karriere-/Stellenangebote-URL manuell prüfen und spezifischer speichern.","0","0","2026-07-14","rettenmaier"
"Paulus Westerwelle","paulus-westerwelle.de","https://paulus-westerwelle.de","jobboard_needs_review","Jobboard_URL wirkt wie Startseite oder generische Domain, nicht wie konkrete Karriereseite.","Karriere-/Stellenangebote-URL manuell prüfen und spezifischer speichern.","0","0","2026-07-14","paulus-westerwelle"
"Mutter & Kruchen","corporate-law-advisors.com","https://corporate-law-advisors.com","jobboard_needs_review","Jobboard_URL wirkt wie Startseite oder generische Domain, nicht wie konkrete Karriereseite.","Karriere-/Stellenangebote-URL manuell prüfen und spezifischer speichern.","0","0","2026-07-14","mutter-und-kruchen"
"Meyer Rechtsanwälte","meyerlegal.de","https://www.meyerlegal.de/karriere.html","no_master_match","Jobboard_URL vorhanden, aber kein Treffer in jobs_master.csv nach Kanzleiname oder Domain.","Seite manuell prüfen: keine Jobs, Parser-Lücke, JS/Cookie-Problem oder spezielles ATS möglich.","0","0","2026-07-14","meyer"
"Meincke Bienmüller","mb-law.de","https://mb-law.de","jobboard_needs_review","Jobboard_URL wirkt wie Startseite oder generische Domain, nicht wie konkrete Karriereseite.","Karriere-/Stellenangebote-URL manuell prüfen und spezifischer speichern.","0","0","2026-07-14","meincke-bienmueller"
"Knierim & Kollegen","knierim-kollegen.com","https://knierim-kollegen.com","jobboard_needs_review","Jobboard_URL wirkt wie Startseite oder generische Domain, nicht wie konkrete Karriereseite.","Karriere-/Stellenangebote-URL manuell prüfen und spezifischer speichern.","0","0","2026-07-14","knierim-und-kollegen"
"Kipper + Durth","strafverteidigerkanzlei.de","https://strafverteidigerkanzlei.de","jobboard_needs_review","Jobboard_URL wirkt wie Startseite oder generische Domain, nicht wie konkrete Karriereseite.","Karriere-/Stellenangebote-URL manuell prüfen und spezifischer speichern.","0","0","2026-07-14","kipper-durth"
"Langrock Voß & Soyka","kanzlei-lvs.de","https://kanzlei-lvs.de","jobboard_needs_review","Jobboard_URL wirkt wie Startseite oder generische Domain, nicht wie konkrete Karriereseite.","Karriere-/Stellenangebote-URL manuell prüfen und spezifischer speichern.","0","0","2026-07-14","langrock-voss-und-soyka"
"Kleber Knüpfer Collegen","kanzlei-da.de","https://kanzlei-da.de","jobboard_needs_review","Jobboard_URL wirkt wie Startseite oder generische Domain, nicht wie konkrete Karriereseite.","Karriere-/Stellenangebote-URL manuell prüfen und spezifischer speichern.","0","0","2026-07-14","kleber-knuepfer-collegen"
"iSP Global Tax","ispglobaltax.com","https://ispglobaltax.com","jobboard_needs_review","Jobboard_URL wirkt wie Startseite oder generische Domain, nicht wie konkrete Karriereseite.","Karriere-/Stellenangebote-URL manuell prüfen und spezifischer speichern.","0","0","2026-07-14","isp-global-tax"
"Kempf Schilling + Partner","kempfschilling.de","https://kempfschilling.de","jobboard_needs_review","Jobboard_URL wirkt wie Startseite oder generische Domain, nicht wie konkrete Karriereseite.","Karriere-/Stellenangebote-URL manuell prüfen und spezifischer speichern.","0","0","2026-07-14","kempf-schilling"
"Irle Moser","irlemoser.com","https://irlemoser.com","jobboard_needs_review","Jobboard_URL wirkt wie Startseite oder generische Domain, nicht wie konkrete Karriereseite.","Karriere-/Stellenangebote-URL manuell prüfen und spezifischer speichern.","0","0","2026-07-14","irle-moser"
"Ihrig & Anderson","ihrig-anderson.com","https://ihrig-anderson.com","jobboard_needs_review","Jobboard_URL wirkt wie Startseite oder generische Domain, nicht wie konkrete Karriereseite.","Karriere-/Stellenangebote-URL manuell prüfen und spezifischer speichern.","0","0","2026-07-14","ihrig-und-anderson"
"Heuer Busch & Partner","hbp-rechtsanwaelte.de","https://hbp-rechtsanwaelte.de/sozietaet/karriere/","no_master_match","Jobboard_URL vorhanden, aber kein Treffer in jobs_master.csv nach Kanzleiname oder Domain.","Seite manuell prüfen: keine Jobs, Parser-Lücke, JS/Cookie-Problem oder spezielles ATS möglich.","0","0","2026-07-14","heuer-busch-und"
"Greenfield","greenfield-ip.com","https://greenfield-ip.com","jobboard_needs_review","Jobboard_URL wirkt wie Startseite oder generische Domain, nicht wie konkrete Karriereseite.","Karriere-/Stellenangebote-URL manuell prüfen und spezifischer speichern.","0","0","2026-07-14","greenfield"
"Göring Schmiegelt & Fischer","gsf-law.de","https://gsf-law.de","jobboard_needs_review","Jobboard_URL wirkt wie Startseite oder generische Domain, nicht wie konkrete Karriereseite.","Karriere-/Stellenangebote-URL manuell prüfen und spezifischer speichern.","0","0","2026-07-14","goering-schmiegelt-und-fischer"
"Gierschmann","gierschmann.com","https://gierschmann.com","jobboard_needs_review","Jobboard_URL wirkt wie Startseite oder generische Domain, nicht wie konkrete Karriereseite.","Karriere-/Stellenangebote-URL manuell prüfen und spezifischer speichern.","0","0","2026-07-14","gierschmann"
"Frick + Partner","frickpartner.com","https://frickpartner.com","jobboard_needs_review","Jobboard_URL wirkt wie Startseite oder generische Domain, nicht wie konkrete Karriereseite.","Karriere-/Stellenangebote-URL manuell prüfen und spezifischer speichern.","0","0","2026-07-14","frick"
"Gantenberg","gantenberg.legal","https://gantenberg.legal","jobboard_needs_review","Jobboard_URL wirkt wie Startseite oder generische Domain, nicht wie konkrete Karriereseite.","Karriere-/Stellenangebote-URL manuell prüfen und spezifischer speichern.","0","0","2026-07-14","gantenberg"
"Funke Mühe","fm-notare.com","https://fm-notare.com/wp-content/uploads/2019/05/azur-01-2019-Neuer-Hut.pdf","no_master_match","Jobboard_URL vorhanden, aber kein Treffer in jobs_master.csv nach Kanzleiname oder Domain.","Seite manuell prüfen: keine Jobs, Parser-Lücke, JS/Cookie-Problem oder spezielles ATS möglich.","0","0","2026-07-14","funke-muehe"
"Engel & Rinkler","bgh.lawyer","https://bgh.lawyer","jobboard_needs_review","Jobboard_URL wirkt wie Startseite oder generische Domain, nicht wie konkrete Karriereseite.","Karriere-/Stellenangebote-URL manuell prüfen und spezifischer speichern.","0","0","2026-07-14","engel-und-rinkler"
"EHZ Rechtsanwalte","rae-ehz.de","https://rae-ehz.de","jobboard_needs_review","Jobboard_URL wirkt wie Startseite oder generische Domain, nicht wie konkrete Karriereseite.","Karriere-/Stellenangebote-URL manuell prüfen und spezifischer speichern.","0","0","2026-07-14","ehz-rechtsanwalte"
"dtb Decker + Schmidt-Thomé","dtb.eu","https://dtb.eu","jobboard_needs_review","Jobboard_URL wirkt wie Startseite oder generische Domain, nicht wie konkrete Karriereseite.","Karriere-/Stellenangebote-URL manuell prüfen und spezifischer speichern.","0","0","2026-07-14","dtb-decker-schmidt-thom"
"Dr. Thomas von Plehwe","plehwe-bgh.com","https://www.plehwe-bgh.com/#karriere","jobboard_needs_review","Jobboard_URL wirkt wie Startseite oder generische Domain, nicht wie konkrete Karriereseite.","Karriere-/Stellenangebote-URL manuell prüfen und spezifischer speichern.","0","0","2026-07-14","dr-thomas-von-plehwe"
"Dr. Bernhard Schaub","notar-schaub.de","https://notar-schaub.de","jobboard_needs_review","Jobboard_URL wirkt wie Startseite oder generische Domain, nicht wie konkrete Karriereseite.","Karriere-/Stellenangebote-URL manuell prüfen und spezifischer speichern.","0","0","2026-07-14","dr-bernhard-schaub"
"DMR Moser Degenhart Ressmann","dmr.legal","https://dmr.legal","jobboard_needs_review","Jobboard_URL wirkt wie Startseite oder generische Domain, nicht wie konkrete Karriereseite.","Karriere-/Stellenangebote-URL manuell prüfen und spezifischer speichern.","0","0","2026-07-14","dmr-moser-degenhart-ressmann"
"Brook Rechtsanwälte","brook.legal","https://brook.legal","jobboard_needs_review","Jobboard_URL wirkt wie Startseite oder generische Domain, nicht wie konkrete Karriereseite.","Karriere-/Stellenangebote-URL manuell prüfen und spezifischer speichern.","0","0","2026-07-14","brook"
"Binz & Partner","binz-partner.de","https://binz-partner.de","jobboard_needs_review","Jobboard_URL wirkt wie Startseite oder generische Domain, nicht wie konkrete Karriereseite.","Karriere-/Stellenangebote-URL manuell prüfen und spezifischer speichern.","0","0","2026-07-14","binz-und"
"Braun & Zwetkow","braun-zwetkow.de","https://braun-zwetkow.de","jobboard_needs_review","Jobboard_URL wirkt wie Startseite oder generische Domain, nicht wie konkrete Karriereseite.","Karriere-/Stellenangebote-URL manuell prüfen und spezifischer speichern.","0","0","2026-07-14","braun-und-zwetkow"
"Atlantik Advisors","atlantik-advisors.de","https://atlantik-advisors.de","jobboard_needs_review","Jobboard_URL wirkt wie Startseite oder generische Domain, nicht wie konkrete Karriereseite.","Karriere-/Stellenangebote-URL manuell prüfen und spezifischer speichern.","0","0","2026-07-14","atlantik-advisors"
"Waldeck Rechtsanwälte PartmbB","waldeck.eu","https://www.waldeck.eu/karriere","jobboard_needs_review","Jobboard_URL wirkt wie Startseite oder generische Domain, nicht wie konkrete Karriereseite.","Karriere-/Stellenangebote-URL manuell prüfen und spezifischer speichern.","0","0","2026-07-14","waldeck-partmbb"
"Spliedt Rechtsanwälte","ra-spliedt.com","https://ra-spliedt.com","jobboard_needs_review","Jobboard_URL wirkt wie Startseite oder generische Domain, nicht wie konkrete Karriereseite.","Karriere-/Stellenangebote-URL manuell prüfen und spezifischer speichern.","0","0","2026-07-14","spliedt"
"RAe Benecken & Partner","beneckenreinhardt.de","https://beneckenreinhardt.de","jobboard_needs_review","Jobboard_URL wirkt wie Startseite oder generische Domain, nicht wie konkrete Karriereseite.","Karriere-/Stellenangebote-URL manuell prüfen und spezifischer speichern.","0","0","2026-07-14","rae-benecken-und"
"Partnerschaft Kues & Partner Rechtsanwälte","kues-partner.de","https://kues-partner.de","jobboard_needs_review","Jobboard_URL wirkt wie Startseite oder generische Domain, nicht wie konkrete Karriereseite.","Karriere-/Stellenangebote-URL manuell prüfen und spezifischer speichern.","0","0","2026-07-14","kues-und"
"Eberspächer & Klein","kanzlei-ek.de","https://kanzlei-ek.de","jobboard_needs_review","Jobboard_URL wirkt wie Startseite oder generische Domain, nicht wie konkrete Karriereseite.","Karriere-/Stellenangebote-URL manuell prüfen und spezifischer speichern.","0","0","2026-07-14","eberspaecher-und-klein"
"DIRO","diro.eu","https://diro.eu/de/karriere","no_master_match","Jobboard_URL vorhanden, aber kein Treffer in jobs_master.csv nach Kanzleiname oder Domain.","Seite manuell prüfen: keine Jobs, Parser-Lücke, JS/Cookie-Problem oder spezielles ATS möglich.","0","0","2026-07-14","diro"
"Kanzlei Lücker MP-Recht","mp-recht.de","https://mp-recht.de","jobboard_needs_review","Jobboard_URL wirkt wie Startseite oder generische Domain, nicht wie konkrete Karriereseite.","Karriere-/Stellenangebote-URL manuell prüfen und spezifischer speichern.","0","0","2026-07-14","luecker-mp-recht"
"P+P Pöllath + Partners Rechtsanwälte und Steuerberater mbB (nachfolgend POELLATH)","pplaw.com","https://pplaw.com","jobboard_needs_review","Jobboard_URL wirkt wie Startseite oder generische Domain, nicht wie konkrete Karriereseite.","Karriere-/Stellenangebote-URL manuell prüfen und spezifischer speichern.","0","0","2026-07-14","p-p-poellath-und-nachfolgend-poellath"
"NFF Steuerberatung","nff-steuerberatung.de","https://www.nff-steuerberatung.de/informationen/","no_master_match","Jobboard_URL vorhanden, aber kein Treffer in jobs_master.csv nach Kanzleiname oder Domain.","Seite manuell prüfen: keine Jobs, Parser-Lücke, JS/Cookie-Problem oder spezielles ATS möglich.","0","0","2026-07-14","nff-steuerberatung"
"Fried Frank Harris Shriver & Jacobson","friedfrank.com","https://friedfrank.com","jobboard_needs_review","Jobboard_URL wirkt wie Startseite oder generische Domain, nicht wie konkrete Karriereseite.","Karriere-/Stellenangebote-URL manuell prüfen und spezifischer speichern.","0","0","2026-07-14","fried-frank-harris-shriver-und-jacobson"
"FALK GmbH & Co KG","falk-co.de","https://falk-co.de/karriere","jobboard_needs_review","Jobboard_URL wirkt wie Startseite oder generische Domain, nicht wie konkrete Karriereseite.","Karriere-/Stellenangebote-URL manuell prüfen und spezifischer speichern.","0","0","2026-07-14","falk-und-co"
"DAC Beachcroft","dacbeachcroft.com","https://www.dacbeachcroft.com/en/Work-with-us","no_master_match","Jobboard_URL vorhanden, aber kein Treffer in jobs_master.csv nach Kanzleiname oder Domain.","Seite manuell prüfen: keine Jobs, Parser-Lücke, JS/Cookie-Problem oder spezielles ATS möglich.","0","0","2026-07-14","dac-beachcroft"
"Bw Partner Bauer Schatz Hasendeverm","bw-partner.com","https://www.bw-partner.com/karriere","jobboard_needs_review","Jobboard_URL wirkt wie Startseite oder generische Domain, nicht wie konkrete Karriereseite.","Karriere-/Stellenangebote-URL manuell prüfen und spezifischer speichern.","0","0","2026-07-14","bw-bauer-schatz-hasendeverm"
"Goldenstein Rechtsanwälte","ra-goldenstein.de","https://ra-goldenstein.de","jobboard_needs_review","Jobboard_URL wirkt wie Startseite oder generische Domain, nicht wie konkrete Karriereseite.","Karriere-/Stellenangebote-URL manuell prüfen und spezifischer speichern.","0","0","2026-07-14","goldenstein"
