Kanzlei,Jobtitel,Location,Link,Erstes_Funddatum,Zuletzt_Gesehen,Email
Schlun & Elseven Lawyers,Rechtsanwältinnen und Rechtsanwälte (m/w/d),Aachen,https://se-legal.de/karriere/#stellenanzeigen-ra,2026-04-02,2026-04-19,karriere@se-legal.de
Schlun & Elseven Lawyers,Rechtsanwältinnen und Rechtsanwälte (m/w/d),Düsseldorf,https://se-legal.de/karriere/#stellenanzeigen-ra,2026-04-02,2026-04-19,karriere@se-legal.de
Schlun & Elseven Lawyers,Rechtsanwältinnen und Rechtsanwälte (m/w/d),Köln,https://se-legal.de/karriere/#stellenanzeigen-ra,2026-04-02,2026-04-19,karriere@se-legal.de
"REWISTO Lawyers Friedhoff, wall and Partners",Schreibkraft (W/M/D),Aachen,https://www.rewisto.de/die-fachanwaltskanzlei/stellenangebote/stelle/rechtsanwaltsfachangestellte-in-vollzeit-w-m-d,2026-04-02,2026-04-24,rechtsanwaelte@rewisto.de
Kanzlei Doszna,Rechtsreferendare (m/w/d),Aachen,https://kanzlei-doszna.de/wp-content/uploads/2025/07/Stellenanzeige.pdf,2026-04-02,2026-04-24,kanzlei@doszna.de
Anwaltskanzlei Bex,Referendarausbildung,Aachen,http://www.rechtsanwalt-bex.de/stellenangebote.html,2026-04-02,2026-04-24,bex@rechtsanwalt-bex.de
"AIXLAW Rechtsanwälte Speicher,Betzer PartGmbB",Steuerfachangestellte/r,Aachen,https://aixlaw.de/service/karriere/,2026-04-02,2026-04-19,karriere@aixlaw.de
Stein & Partner Rechtsanwälte,Rechtsreferendare (m/w/d),Aachen,https://steinundpartner.de/karriere/,2026-04-02,2026-04-24,info@steinundpartner.de
Stein & Partner Rechtsanwälte,Rechtsanwaltsfachangestellte (m/w/d),Aachen,https://steinundpartner.de/karriere/,2026-04-02,2026-04-24,info@steinundpartner.de
Stein & Partner Rechtsanwälte,Auszubildende zum/zur Rechtsanwaltsfachangestellten (m/w/d),Aachen,https://steinundpartner.de/karriere/,2026-04-02,2026-04-24,info@steinundpartner.de
Stein & Partner Rechtsanwälte,Rechtsanwalt Arbeitsrecht (m/w/d),Aachen,https://steinundpartner.de/karriere/,2026-04-02,2026-04-24,info@steinundpartner.de
Dr. Maubach - NS+P Dr. Neumann Schmeer und Partner mbB,Prüfungsleiter (m/w/d) in der Wirtschaftsprüfung,Aachen,https://www.neumann-schmeer.de/2026/02/03/pruefungsleiter-m-w-d-in-der-wirtschaftspruefung/,2026-04-02,2026-04-24,info@neumann-schmeer.de
Dr. Maubach - NS+P Dr. Neumann Schmeer und Partner mbB,Prüfungsleiter (m/w/d) in der Wirtschaftsprüfung,Jülich,https://www.neumann-schmeer.de/2026/02/03/pruefungsleiter-m-w-d-in-der-wirtschaftspruefung/,2026-04-02,2026-04-24,info@neumann-schmeer.de
Dr. Maubach - NS+P Dr. Neumann Schmeer und Partner mbB,Prüfungsleiter (m/w/d) in der Wirtschaftsprüfung,Alsdorf,https://www.neumann-schmeer.de/2026/02/03/pruefungsleiter-m-w-d-in-der-wirtschaftspruefung/,2026-04-02,2026-04-24,info@neumann-schmeer.de
Dr. Maubach - NS+P Dr. Neumann Schmeer und Partner mbB,Prüfungsleiter (m/w/d) in der Wirtschaftsprüfung,Dresden,https://www.neumann-schmeer.de/2026/02/03/pruefungsleiter-m-w-d-in-der-wirtschaftspruefung/,2026-04-02,2026-04-24,info@neumann-schmeer.de
Dr. Maubach - NS+P Dr. Neumann Schmeer und Partner mbB,Prüfungsleiter (m/w/d) in der Wirtschaftsprüfung,Villingen-Schwenningen,https://www.neumann-schmeer.de/2026/02/03/pruefungsleiter-m-w-d-in-der-wirtschaftspruefung/,2026-04-02,2026-04-24,info@neumann-schmeer.de
Dr. Maubach - NS+P Dr. Neumann Schmeer und Partner mbB,Wirtschaftsprüfer (m/w/d),Aachen,https://www.neumann-schmeer.de/2026/01/19/wirtschaftspruefer-m-w-d/,2026-04-02,2026-04-24,info@neumann-schmeer.de
Dr. Maubach - NS+P Dr. Neumann Schmeer und Partner mbB,Wirtschaftsprüfer (m/w/d),Jülich,https://www.neumann-schmeer.de/2026/01/19/wirtschaftspruefer-m-w-d/,2026-04-02,2026-04-24,info@neumann-schmeer.de
Dr. Maubach - NS+P Dr. Neumann Schmeer und Partner mbB,Wirtschaftsprüfer (m/w/d),Alsdorf,https://www.neumann-schmeer.de/2026/01/19/wirtschaftspruefer-m-w-d/,2026-04-02,2026-04-24,info@neumann-schmeer.de
Dr. Maubach - NS+P Dr. Neumann Schmeer und Partner mbB,Wirtschaftsprüfer (m/w/d),Dresden,https://www.neumann-schmeer.de/2026/01/19/wirtschaftspruefer-m-w-d/,2026-04-02,2026-04-24,info@neumann-schmeer.de
Dr. Maubach - NS+P Dr. Neumann Schmeer und Partner mbB,Wirtschaftsprüfer (m/w/d),Villingen-Schwenningen,https://www.neumann-schmeer.de/2026/01/19/wirtschaftspruefer-m-w-d/,2026-04-02,2026-04-24,info@neumann-schmeer.de
Dr. Maubach - NS+P Dr. Neumann Schmeer und Partner mbB,Legal Consultant (m/w/d),Aachen,https://www.neumann-schmeer.de/2025/12/08/legal-consultant-m-w-d/,2026-04-02,2026-04-24,info@neumann-schmeer.de
Dr. Maubach - NS+P Dr. Neumann Schmeer und Partner mbB,Legal Consultant (m/w/d),Jülich,https://www.neumann-schmeer.de/2025/12/08/legal-consultant-m-w-d/,2026-04-02,2026-04-24,info@neumann-schmeer.de
Dr. Maubach - NS+P Dr. Neumann Schmeer und Partner mbB,Legal Consultant (m/w/d),Alsdorf,https://www.neumann-schmeer.de/2025/12/08/legal-consultant-m-w-d/,2026-04-02,2026-04-24,info@neumann-schmeer.de
Dr. Maubach - NS+P Dr. Neumann Schmeer und Partner mbB,Legal Consultant (m/w/d),Dresden,https://www.neumann-schmeer.de/2025/12/08/legal-consultant-m-w-d/,2026-04-02,2026-04-24,info@neumann-schmeer.de
Dr. Maubach - NS+P Dr. Neumann Schmeer und Partner mbB,Legal Consultant (m/w/d),Villingen-Schwenningen,https://www.neumann-schmeer.de/2025/12/08/legal-consultant-m-w-d/,2026-04-02,2026-04-24,info@neumann-schmeer.de
Dr. Maubach - NS+P Dr. Neumann Schmeer und Partner mbB,Junior / Senior Wirtschaftsprüfung für EU-Audits / Mittelverwendungsprüfungen / Energy-Audits / energiewirtschaftliche Sonderprüfungen (m/w/d),Aachen,https://www.neumann-schmeer.de/2024/05/21/pruefungsassistent-mitarbeiter-im-bereich-jahresabschlusspruefung-m-w-d/,2026-04-02,2026-04-24,info@neumann-schmeer.de
Dr. Maubach - NS+P Dr. Neumann Schmeer und Partner mbB,Junior / Senior Wirtschaftsprüfung für EU-Audits / Mittelverwendungsprüfungen / Energy-Audits / energiewirtschaftliche Sonderprüfungen (m/w/d),Jülich,https://www.neumann-schmeer.de/2024/05/21/pruefungsassistent-mitarbeiter-im-bereich-jahresabschlusspruefung-m-w-d/,2026-04-02,2026-04-24,info@neumann-schmeer.de
Dr. Maubach - NS+P Dr. Neumann Schmeer und Partner mbB,Junior / Senior Wirtschaftsprüfung für EU-Audits / Mittelverwendungsprüfungen / Energy-Audits / energiewirtschaftliche Sonderprüfungen (m/w/d),Alsdorf,https://www.neumann-schmeer.de/2024/05/21/pruefungsassistent-mitarbeiter-im-bereich-jahresabschlusspruefung-m-w-d/,2026-04-02,2026-04-24,info@neumann-schmeer.de
Dr. Maubach - NS+P Dr. Neumann Schmeer und Partner mbB,Junior / Senior Wirtschaftsprüfung für EU-Audits / Mittelverwendungsprüfungen / Energy-Audits / energiewirtschaftliche Sonderprüfungen (m/w/d),Dresden,https://www.neumann-schmeer.de/2024/05/21/pruefungsassistent-mitarbeiter-im-bereich-jahresabschlusspruefung-m-w-d/,2026-04-02,2026-04-24,info@neumann-schmeer.de
Dr. Maubach - NS+P Dr. Neumann Schmeer und Partner mbB,Junior / Senior Wirtschaftsprüfung für EU-Audits / Mittelverwendungsprüfungen / Energy-Audits / energiewirtschaftliche Sonderprüfungen (m/w/d),Villingen-Schwenningen,https://www.neumann-schmeer.de/2024/05/21/pruefungsassistent-mitarbeiter-im-bereich-jahresabschlusspruefung-m-w-d/,2026-04-02,2026-04-24,info@neumann-schmeer.de
Dr. Maubach - NS+P Dr. Neumann Schmeer und Partner mbB,DATEV Spezialist (m/w/d) in unserer Consulting,Aachen,https://www.neumann-schmeer.de/2023/10/23/datev-spezialist/,2026-04-02,2026-04-24,info@neumann-schmeer.de
Dr. Maubach - NS+P Dr. Neumann Schmeer und Partner mbB,DATEV Spezialist (m/w/d) in unserer Consulting,Jülich,https://www.neumann-schmeer.de/2023/10/23/datev-spezialist/,2026-04-02,2026-04-24,info@neumann-schmeer.de
Dr. Maubach - NS+P Dr. Neumann Schmeer und Partner mbB,DATEV Spezialist (m/w/d) in unserer Consulting,Alsdorf,https://www.neumann-schmeer.de/2023/10/23/datev-spezialist/,2026-04-02,2026-04-24,info@neumann-schmeer.de
Dr. Maubach - NS+P Dr. Neumann Schmeer und Partner mbB,DATEV Spezialist (m/w/d) in unserer Consulting,Dresden,https://www.neumann-schmeer.de/2023/10/23/datev-spezialist/,2026-04-02,2026-04-24,info@neumann-schmeer.de
Dr. Maubach - NS+P Dr. Neumann Schmeer und Partner mbB,DATEV Spezialist (m/w/d) in unserer Consulting,Villingen-Schwenningen,https://www.neumann-schmeer.de/2023/10/23/datev-spezialist/,2026-04-02,2026-04-24,info@neumann-schmeer.de
Dr. Maubach - NS+P Dr. Neumann Schmeer und Partner mbB,Prüfungsassistent / Mitarbeiter im Bereich Jahresabschlussprüfung (m/w/d),Aachen,https://www.neumann-schmeer.de/2022/11/29/pruefungsassistenten-mitarbeiter-im-bereich-jahresabschlusspruefungm-w-d/,2026-04-02,2026-04-24,info@neumann-schmeer.de
Dr. Maubach - NS+P Dr. Neumann Schmeer und Partner mbB,Prüfungsassistent / Mitarbeiter im Bereich Jahresabschlussprüfung (m/w/d),Jülich,https://www.neumann-schmeer.de/2022/11/29/pruefungsassistenten-mitarbeiter-im-bereich-jahresabschlusspruefungm-w-d/,2026-04-02,2026-04-24,info@neumann-schmeer.de
Dr. Maubach - NS+P Dr. Neumann Schmeer und Partner mbB,Prüfungsassistent / Mitarbeiter im Bereich Jahresabschlussprüfung (m/w/d),Alsdorf,https://www.neumann-schmeer.de/2022/11/29/pruefungsassistenten-mitarbeiter-im-bereich-jahresabschlusspruefungm-w-d/,2026-04-02,2026-04-24,info@neumann-schmeer.de
Dr. Maubach - NS+P Dr. Neumann Schmeer und Partner mbB,Prüfungsassistent / Mitarbeiter im Bereich Jahresabschlussprüfung (m/w/d),Dresden,https://www.neumann-schmeer.de/2022/11/29/pruefungsassistenten-mitarbeiter-im-bereich-jahresabschlusspruefungm-w-d/,2026-04-02,2026-04-24,info@neumann-schmeer.de
Dr. Maubach - NS+P Dr. Neumann Schmeer und Partner mbB,Prüfungsassistent / Mitarbeiter im Bereich Jahresabschlussprüfung (m/w/d),Villingen-Schwenningen,https://www.neumann-schmeer.de/2022/11/29/pruefungsassistenten-mitarbeiter-im-bereich-jahresabschlusspruefungm-w-d/,2026-04-02,2026-04-24,info@neumann-schmeer.de
Dr. Maubach - NS+P Dr. Neumann Schmeer und Partner mbB,Steuerberater (m/w/d),Aachen,https://www.neumann-schmeer.de/2022/11/29/steuerberater-m-w-d/,2026-04-02,2026-04-24,info@neumann-schmeer.de
Dr. Maubach - NS+P Dr. Neumann Schmeer und Partner mbB,Steuerberater (m/w/d),Jülich,https://www.neumann-schmeer.de/2022/11/29/steuerberater-m-w-d/,2026-04-02,2026-04-24,info@neumann-schmeer.de
Dr. Maubach - NS+P Dr. Neumann Schmeer und Partner mbB,Steuerberater (m/w/d),Alsdorf,https://www.neumann-schmeer.de/2022/11/29/steuerberater-m-w-d/,2026-04-02,2026-04-24,info@neumann-schmeer.de
Dr. Maubach - NS+P Dr. Neumann Schmeer und Partner mbB,Steuerberater (m/w/d),Dresden,https://www.neumann-schmeer.de/2022/11/29/steuerberater-m-w-d/,2026-04-02,2026-04-24,info@neumann-schmeer.de
Dr. Maubach - NS+P Dr. Neumann Schmeer und Partner mbB,Steuerberater (m/w/d),Villingen-Schwenningen,https://www.neumann-schmeer.de/2022/11/29/steuerberater-m-w-d/,2026-04-02,2026-04-24,info@neumann-schmeer.de
Dr. Maubach - NS+P Dr. Neumann Schmeer und Partner mbB,Steuerfachangestellter / Steuerberatungsassistent (m/w/d),Aachen,https://www.neumann-schmeer.de/2022/11/29/steuerfachangestellte-steuerberatungsassistent-m-w-d/,2026-04-02,2026-04-24,info@neumann-schmeer.de
Dr. Maubach - NS+P Dr. Neumann Schmeer und Partner mbB,Steuerfachangestellter / Steuerberatungsassistent (m/w/d),Jülich,https://www.neumann-schmeer.de/2022/11/29/steuerfachangestellte-steuerberatungsassistent-m-w-d/,2026-04-02,2026-04-24,info@neumann-schmeer.de
Dr. Maubach - NS+P Dr. Neumann Schmeer und Partner mbB,Steuerfachangestellter / Steuerberatungsassistent (m/w/d),Alsdorf,https://www.neumann-schmeer.de/2022/11/29/steuerfachangestellte-steuerberatungsassistent-m-w-d/,2026-04-02,2026-04-24,info@neumann-schmeer.de
Dr. Maubach - NS+P Dr. Neumann Schmeer und Partner mbB,Steuerfachangestellter / Steuerberatungsassistent (m/w/d),Dresden,https://www.neumann-schmeer.de/2022/11/29/steuerfachangestellte-steuerberatungsassistent-m-w-d/,2026-04-02,2026-04-24,info@neumann-schmeer.de
Dr. Maubach - NS+P Dr. Neumann Schmeer und Partner mbB,Steuerfachangestellter / Steuerberatungsassistent (m/w/d),Villingen-Schwenningen,https://www.neumann-schmeer.de/2022/11/29/steuerfachangestellte-steuerberatungsassistent-m-w-d/,2026-04-02,2026-04-24,info@neumann-schmeer.de
Dr. Maubach - NS+P Dr. Neumann Schmeer und Partner mbB,Lohnsachbearbeiter (m/w/d),Aachen,https://www.neumann-schmeer.de/2022/11/29/steuerfachangestellte-m-w-d-mit-dem-schwerpunkt-lohn-gehalt/,2026-04-02,2026-04-24,info@neumann-schmeer.de
Dr. Maubach - NS+P Dr. Neumann Schmeer und Partner mbB,Lohnsachbearbeiter (m/w/d),Jülich,https://www.neumann-schmeer.de/2022/11/29/steuerfachangestellte-m-w-d-mit-dem-schwerpunkt-lohn-gehalt/,2026-04-02,2026-04-24,info@neumann-schmeer.de
Dr. Maubach - NS+P Dr. Neumann Schmeer und Partner mbB,Lohnsachbearbeiter (m/w/d),Alsdorf,https://www.neumann-schmeer.de/2022/11/29/steuerfachangestellte-m-w-d-mit-dem-schwerpunkt-lohn-gehalt/,2026-04-02,2026-04-24,info@neumann-schmeer.de
Dr. Maubach - NS+P Dr. Neumann Schmeer und Partner mbB,Lohnsachbearbeiter (m/w/d),Dresden,https://www.neumann-schmeer.de/2022/11/29/steuerfachangestellte-m-w-d-mit-dem-schwerpunkt-lohn-gehalt/,2026-04-02,2026-04-24,info@neumann-schmeer.de
Dr. Maubach - NS+P Dr. Neumann Schmeer und Partner mbB,Lohnsachbearbeiter (m/w/d),Villingen-Schwenningen,https://www.neumann-schmeer.de/2022/11/29/steuerfachangestellte-m-w-d-mit-dem-schwerpunkt-lohn-gehalt/,2026-04-02,2026-04-24,info@neumann-schmeer.de
Dr. Maubach - NS+P Dr. Neumann Schmeer und Partner mbB,Berater im Bereich Corporate Finance (m/w/d),Aachen,https://www.neumann-schmeer.de/2022/11/29/berater-im-bereich-corporate-finance-m-w-d/,2026-04-02,2026-04-24,info@neumann-schmeer.de
Dr. Maubach - NS+P Dr. Neumann Schmeer und Partner mbB,Berater im Bereich Corporate Finance (m/w/d),Jülich,https://www.neumann-schmeer.de/2022/11/29/berater-im-bereich-corporate-finance-m-w-d/,2026-04-02,2026-04-24,info@neumann-schmeer.de
Dr. Maubach - NS+P Dr. Neumann Schmeer und Partner mbB,Berater im Bereich Corporate Finance (m/w/d),Alsdorf,https://www.neumann-schmeer.de/2022/11/29/berater-im-bereich-corporate-finance-m-w-d/,2026-04-02,2026-04-24,info@neumann-schmeer.de
Dr. Maubach - NS+P Dr. Neumann Schmeer und Partner mbB,Berater im Bereich Corporate Finance (m/w/d),Dresden,https://www.neumann-schmeer.de/2022/11/29/berater-im-bereich-corporate-finance-m-w-d/,2026-04-02,2026-04-24,info@neumann-schmeer.de
Dr. Maubach - NS+P Dr. Neumann Schmeer und Partner mbB,Berater im Bereich Corporate Finance (m/w/d),Villingen-Schwenningen,https://www.neumann-schmeer.de/2022/11/29/berater-im-bereich-corporate-finance-m-w-d/,2026-04-02,2026-04-24,info@neumann-schmeer.de
Dr. Maubach - NS+P Dr. Neumann Schmeer und Partner mbB,Rechtsanwalt (m/w/d) mit dem Schwerpunkt M&A / Gesellschaftsrecht,Aachen,https://www.neumann-schmeer.de/2022/11/29/rechtsanwalt-m-w-d-mit-dem-schwerpunkt-ma-gesellschaftsrecht/,2026-04-02,2026-04-24,info@neumann-schmeer.de
Dr. Maubach - NS+P Dr. Neumann Schmeer und Partner mbB,Rechtsanwalt (m/w/d) mit dem Schwerpunkt M&A / Gesellschaftsrecht,Jülich,https://www.neumann-schmeer.de/2022/11/29/rechtsanwalt-m-w-d-mit-dem-schwerpunkt-ma-gesellschaftsrecht/,2026-04-02,2026-04-24,info@neumann-schmeer.de
Dr. Maubach - NS+P Dr. Neumann Schmeer und Partner mbB,Rechtsanwalt (m/w/d) mit dem Schwerpunkt M&A / Gesellschaftsrecht,Alsdorf,https://www.neumann-schmeer.de/2022/11/29/rechtsanwalt-m-w-d-mit-dem-schwerpunkt-ma-gesellschaftsrecht/,2026-04-02,2026-04-24,info@neumann-schmeer.de
Dr. Maubach - NS+P Dr. Neumann Schmeer und Partner mbB,Rechtsanwalt (m/w/d) mit dem Schwerpunkt M&A / Gesellschaftsrecht,Dresden,https://www.neumann-schmeer.de/2022/11/29/rechtsanwalt-m-w-d-mit-dem-schwerpunkt-ma-gesellschaftsrecht/,2026-04-02,2026-04-24,info@neumann-schmeer.de
Dr. Maubach - NS+P Dr. Neumann Schmeer und Partner mbB,Rechtsanwalt (m/w/d) mit dem Schwerpunkt M&A / Gesellschaftsrecht,Villingen-Schwenningen,https://www.neumann-schmeer.de/2022/11/29/rechtsanwalt-m-w-d-mit-dem-schwerpunkt-ma-gesellschaftsrecht/,2026-04-02,2026-04-24,info@neumann-schmeer.de
Dr. Maubach - NS+P Dr. Neumann Schmeer und Partner mbB,Hochschulabsolvent (m/w/d) mit Schwerpunkt Steuern,Aachen,https://www.neumann-schmeer.de/2022/11/29/hochschulabsolventen-m-w-d-mit-schwerpunkt-steuern/,2026-04-02,2026-04-24,info@neumann-schmeer.de
Dr. Maubach - NS+P Dr. Neumann Schmeer und Partner mbB,Hochschulabsolvent (m/w/d) mit Schwerpunkt Steuern,Jülich,https://www.neumann-schmeer.de/2022/11/29/hochschulabsolventen-m-w-d-mit-schwerpunkt-steuern/,2026-04-02,2026-04-24,info@neumann-schmeer.de
Dr. Maubach - NS+P Dr. Neumann Schmeer und Partner mbB,Hochschulabsolvent (m/w/d) mit Schwerpunkt Steuern,Alsdorf,https://www.neumann-schmeer.de/2022/11/29/hochschulabsolventen-m-w-d-mit-schwerpunkt-steuern/,2026-04-02,2026-04-24,info@neumann-schmeer.de
Dr. Maubach - NS+P Dr. Neumann Schmeer und Partner mbB,Hochschulabsolvent (m/w/d) mit Schwerpunkt Steuern,Dresden,https://www.neumann-schmeer.de/2022/11/29/hochschulabsolventen-m-w-d-mit-schwerpunkt-steuern/,2026-04-02,2026-04-24,info@neumann-schmeer.de
Dr. Maubach - NS+P Dr. Neumann Schmeer und Partner mbB,Hochschulabsolvent (m/w/d) mit Schwerpunkt Steuern,Villingen-Schwenningen,https://www.neumann-schmeer.de/2022/11/29/hochschulabsolventen-m-w-d-mit-schwerpunkt-steuern/,2026-04-02,2026-04-24,info@neumann-schmeer.de
Dr. Maubach - NS+P Dr. Neumann Schmeer und Partner mbB,Hochschulabsolvent (m/w/d) mit Schwerpunkt Wirtschaftsprüfung,Aachen,https://www.neumann-schmeer.de/2022/11/29/hochschulabsolventen-m-w-d-mit-schwerpunkt-wirtschaftspruefung/,2026-04-02,2026-04-24,info@neumann-schmeer.de
Dr. Maubach - NS+P Dr. Neumann Schmeer und Partner mbB,Hochschulabsolvent (m/w/d) mit Schwerpunkt Wirtschaftsprüfung,Jülich,https://www.neumann-schmeer.de/2022/11/29/hochschulabsolventen-m-w-d-mit-schwerpunkt-wirtschaftspruefung/,2026-04-02,2026-04-24,info@neumann-schmeer.de
Dr. Maubach - NS+P Dr. Neumann Schmeer und Partner mbB,Hochschulabsolvent (m/w/d) mit Schwerpunkt Wirtschaftsprüfung,Alsdorf,https://www.neumann-schmeer.de/2022/11/29/hochschulabsolventen-m-w-d-mit-schwerpunkt-wirtschaftspruefung/,2026-04-02,2026-04-24,info@neumann-schmeer.de
Dr. Maubach - NS+P Dr. Neumann Schmeer und Partner mbB,Hochschulabsolvent (m/w/d) mit Schwerpunkt Wirtschaftsprüfung,Dresden,https://www.neumann-schmeer.de/2022/11/29/hochschulabsolventen-m-w-d-mit-schwerpunkt-wirtschaftspruefung/,2026-04-02,2026-04-24,info@neumann-schmeer.de
Dr. Maubach - NS+P Dr. Neumann Schmeer und Partner mbB,Hochschulabsolvent (m/w/d) mit Schwerpunkt Wirtschaftsprüfung,Villingen-Schwenningen,https://www.neumann-schmeer.de/2022/11/29/hochschulabsolventen-m-w-d-mit-schwerpunkt-wirtschaftspruefung/,2026-04-02,2026-04-24,info@neumann-schmeer.de
Dr. Maubach - NS+P Dr. Neumann Schmeer und Partner mbB,Rechtsanwalt (m/w/d) mit dem Schwerpunkt Steuerrecht,Aachen,https://www.neumann-schmeer.de/2022/11/22/stellenanzeige/,2026-04-02,2026-04-24,info@neumann-schmeer.de
Dr. Maubach - NS+P Dr. Neumann Schmeer und Partner mbB,Rechtsanwalt (m/w/d) mit dem Schwerpunkt Steuerrecht,Jülich,https://www.neumann-schmeer.de/2022/11/22/stellenanzeige/,2026-04-02,2026-04-24,info@neumann-schmeer.de
Dr. Maubach - NS+P Dr. Neumann Schmeer und Partner mbB,Rechtsanwalt (m/w/d) mit dem Schwerpunkt Steuerrecht,Alsdorf,https://www.neumann-schmeer.de/2022/11/22/stellenanzeige/,2026-04-02,2026-04-24,info@neumann-schmeer.de
Dr. Maubach - NS+P Dr. Neumann Schmeer und Partner mbB,Rechtsanwalt (m/w/d) mit dem Schwerpunkt Steuerrecht,Dresden,https://www.neumann-schmeer.de/2022/11/22/stellenanzeige/,2026-04-02,2026-04-24,info@neumann-schmeer.de
Dr. Maubach - NS+P Dr. Neumann Schmeer und Partner mbB,Rechtsanwalt (m/w/d) mit dem Schwerpunkt Steuerrecht,Villingen-Schwenningen,https://www.neumann-schmeer.de/2022/11/22/stellenanzeige/,2026-04-02,2026-04-24,info@neumann-schmeer.de
KWS Rechtsanwälte & Steuerberater,Rechtsanwaltsfachangestellte (m/w/d) als Dezernatssekretärin / Dezernatssekretär,Aachen,https://kws-ac.de/stellenangebote/rechtsanwaltsfachangestellte-dezernatssekretariat,2026-04-02,2026-04-24,info@kws-ac.de
KANZLEI SMAJIC,Praktikumsplätze,Aachen,https://kanzlei-smajic.de/kontakt/,2026-04-02,2026-04-24,info@kanzlei-smajic.de
Schneider Rechtsanwälte,Bürokraft Vollzeit,Augsburg,mailto:karriere@sae-kanzlei.de,2026-04-02,2026-04-24,karriere@sae-kanzlei.de
Schneider Rechtsanwälte,Studenten / Praktikanten,Augsburg,mailto:karriere@sae-kanzlei.de,2026-04-02,2026-04-24,karriere@sae-kanzlei.de
"Wunsch, Schönauer, Leinfelder, Bender, Dehne und Kollegen",Ausbildung zur Rechtsanwaltsfachangestellten,Augsburg,https://www.wunschanwalt.de/karriere/,2026-04-02,2026-04-24,info@wunschanwalt.de
JuS Lawyers Schloms and partners,Ausbildung zur/zum Rechtsanwaltsfachangestellten (M/W/D),Augsburg,https://www.jus-kanzlei.de/jus-karriere/,2026-04-02,2026-04-24,bewerbung@jus-kanzlei.de
JuS Lawyers Schloms and partners,Rechtsanwalt / Rechtsanwältin (m/w/d) im Bereich Verkehrsrecht,Augsburg,https://www.jus-kanzlei.de/jus-karriere/,2026-04-02,2026-04-24,kuehnle@jus-kanzlei.de
JuS Lawyers Schloms and partners,"Rechtsanwalt (m/w/d) im Bereich Unternehmen, Handel, Technologie",Augsburg,https://www.jus-kanzlei.de/jus-karriere/,2026-04-02,2026-04-24,bewerbung@jus-kanzlei.de
JuS Lawyers Schloms and partners,Rechtsanwaltsfachangestellte/n (m/w/d) in Voll- oder Teilzeit,Augsburg,https://www.jus-kanzlei.de/jus-karriere/,2026-04-02,2026-04-19,bewerbung@jus-kanzlei.de
JuS Lawyers Schloms and partners,Rechtsanwalt (m/w/d) im Arbeitsrecht,Augsburg,https://www.jus-kanzlei.de/jus-karriere/,2026-04-02,2026-04-24,bewerbung@jus-kanzlei.de
JuS Lawyers Schloms and partners,Ausbildung zum/zur Fachinformatiker*in für Systemintegration (m/w/d),Augsburg,https://www.jus-kanzlei.de/jus-karriere/,2026-04-02,2026-04-24,bewerbung@jus-kanzlei.de
JuS Lawyers Schloms and partners,Sachbearbeiter/in (m/w/d) Unfallschadenregulierung,Augsburg,https://www.jus-kanzlei.de/jus-karriere/,2026-04-02,2026-04-24,bewerbung@jus-kanzlei.de
Kanzlei WBK - Wahlster-Bode und Köppert PartG mbB Rechtsanwälte,Rechtsanwalt in freier Mitarbeit oder Bürogemeinschaft (m/w/d),Augsburg,https://wbk-augsburg.de/karriere/,2026-04-02,2026-04-24,mwb@wbk-augsburg.de
Kanzlei WBK - Wahlster-Bode und Köppert PartG mbB Rechtsanwälte,Rechtsanwalt in freier Mitarbeit oder Bürogemeinschaft (m/w/d),Gersthofen,https://wbk-augsburg.de/karriere/,2026-04-02,2026-04-24,mwb@wbk-augsburg.de
Kanzlei WBK - Wahlster-Bode und Köppert PartG mbB Rechtsanwälte,Rechtsanwalt in freier Mitarbeit oder Bürogemeinschaft (m/w/d),Thannhausen,https://wbk-augsburg.de/karriere/,2026-04-02,2026-04-24,mwb@wbk-augsburg.de
Kanzlei WBK - Wahlster-Bode und Köppert PartG mbB Rechtsanwälte,Rechtsanwalt in freier Mitarbeit oder Bürogemeinschaft (m/w/d),Rosenheim,https://wbk-augsburg.de/karriere/,2026-04-02,2026-04-24,mwb@wbk-augsburg.de
Kanzlei WBK - Wahlster-Bode und Köppert PartG mbB Rechtsanwälte,Sekretariatskraft in Thannhausen (m/w/d) (Vollzeit/Teilzeit),Thannhausen,https://wbk-augsburg.de/karriere/,2026-04-02,2026-04-24,mwb@wbk-augsburg.de
Bulex Rechtsanwaltsgesellschaft mbH,Telefonist (m/w/d) in der Unfallaufnahme,Augsburg,https://bulex-rechtsanwaltsgesellschaft.jobs.personio.de/job/2273860?display=de,2026-04-02,2026-04-24,karriere@bulex.info
Bulex Rechtsanwaltsgesellschaft mbH,Ausbildung als Rechtsanwaltsfachangestellte/r (m/w/d),Augsburg,https://bulex-rechtsanwaltsgesellschaft.jobs.personio.de/job/1099513?display=de,2026-04-02,2026-04-24,karriere@bulex.info
Bulex Rechtsanwaltsgesellschaft mbH,Rechtsanwalt (m/w/d) - Verkehrsrecht (Vollzeit),Augsburg,https://bulex-rechtsanwaltsgesellschaft.jobs.personio.de/job/1064085?display=de,2026-04-02,2026-04-24,karriere@bulex.info
Bulex Rechtsanwaltsgesellschaft mbH,Sachbearbeiter / in (m/w/d)- Unfallschadenregulierung (Vollzeit),Augsburg,https://bulex-rechtsanwaltsgesellschaft.jobs.personio.de/job/1851326?display=de,2026-04-02,2026-04-24,karriere@bulex.info
Bulex Rechtsanwaltsgesellschaft mbH,Initiativbewerbung (m/w/d),Augsburg,https://bulex-rechtsanwaltsgesellschaft.jobs.personio.de/job/1148705?display=de,2026-04-02,2026-04-24,karriere@bulex.info
Dr. Abele Rechtsanwalts GmbH | Augsburg,Rechtsanwaltsfachangestellte (m/w/d) / Assistenz der Geschäftsführung (m/w/d),München,https://drabele.de/karriere,2026-04-02,2026-04-24,
Dr. Abele Rechtsanwalts GmbH | Augsburg,Rechtsanwaltsfachangestellte (m/w/d) / Assistenz der Geschäftsführung (m/w/d),Augsburg,https://drabele.de/karriere,2026-04-02,2026-04-24,
Dr. Abele Rechtsanwalts GmbH | Augsburg,Rechtsanwälte (m/w/d),München,https://drabele.de/karriere,2026-04-02,2026-04-24,
Dr. Abele Rechtsanwalts GmbH | Augsburg,Rechtsanwälte (m/w/d),Augsburg,https://drabele.de/karriere,2026-04-02,2026-04-24,
Dr. Abele Rechtsanwalts GmbH | Augsburg,Rechtsanwälte (m/w/d),Stuttgart,https://drabele.de/karriere,2026-04-02,2026-04-24,
Dr. Abele Rechtsanwalts GmbH | Augsburg,Rechtsanwälte (m/w/d),Berlin,https://drabele.de/karriere,2026-04-02,2026-04-24,
Dr. Abele Rechtsanwalts GmbH | Augsburg,Initiativbewerbung (m/w/d),München,https://drabele.de/karriere,2026-04-02,2026-04-24,
Dr. Abele Rechtsanwalts GmbH | Augsburg,Initiativbewerbung (m/w/d),Augsburg,https://drabele.de/karriere,2026-04-02,2026-04-24,
Dr. Abele Rechtsanwalts GmbH | Augsburg,Initiativbewerbung (m/w/d),Stuttgart,https://drabele.de/karriere,2026-04-02,2026-04-24,
Dr. Abele Rechtsanwalts GmbH | Augsburg,Initiativbewerbung (m/w/d),Berlin,https://drabele.de/karriere,2026-04-02,2026-04-24,
Burger & Krause Rechtsanwälte,Teilzeitmitarbeiter/-in zur Unterstützung des Sekretariats,Augsburg,http://www.burgerkrause.de/content/jobangebote.html,2026-04-02,2026-04-24,
Burger & Krause Rechtsanwälte,Auszubildende/-r Rechtsanwaltsfachangestellte/-r,Augsburg,http://www.burgerkrause.de/content/jobangebote.html,2026-04-02,2026-04-24,
Seitz Weckbach Fackler & Partner mbB - Anwaltskanzlei Augsburg,Steuerfachangestelle/r (m/w/d),Augsburg,http://www.seitz-partner.de/aktuelle-stellenangebote,2026-04-02,2026-04-24,bewerbung@seitz-partner.de
advolon Rechtsanwälte PartGmbB (ehem. Dr. Hille Heinemann),Rechtsanwalt m/w/d im Bereich Gesellschaftsrecht,Augsburg,https://advolon.de/rechtsanwalt-im-bereich-gesellschaftsrecht/,2026-04-02,2026-04-24,kanzlei@advolon.de
advolon Rechtsanwälte PartGmbB (ehem. Dr. Hille Heinemann),Rechtsanwalt m/w/d im Bereich Handelsrecht,Augsburg,https://advolon.de/rechtsanwalt-im-bereich-vertriebsrecht/,2026-04-02,2026-04-24,kanzlei@advolon.de
advolon Rechtsanwälte PartGmbB (ehem. Dr. Hille Heinemann),Rechtsanwalt m/w/d im Bereich allgemeines Zivilrecht,Augsburg,https://advolon.de/rechtsanwalt-im-bereich-allgemeines-zivilrecht/,2026-04-02,2026-04-24,kanzlei@advolon.de
Alexander Görtzel Fachanwalt für Handels- und Gesellschaftsrecht,Rechtsanwalt m/w/d im Bereich Gesellschaftsrecht,Augsburg,https://advolon.de/rechtsanwalt-im-bereich-gesellschaftsrecht/,2026-04-02,2026-04-24,kanzlei@advolon.de
Alexander Görtzel Fachanwalt für Handels- und Gesellschaftsrecht,Rechtsanwalt m/w/d im Bereich Handelsrecht,Augsburg,https://advolon.de/rechtsanwalt-im-bereich-vertriebsrecht/,2026-04-02,2026-04-24,kanzlei@advolon.de
Alexander Görtzel Fachanwalt für Handels- und Gesellschaftsrecht,Rechtsanwalt m/w/d im Bereich allgemeines Zivilrecht,Augsburg,https://advolon.de/rechtsanwalt-im-bereich-allgemeines-zivilrecht/,2026-04-02,2026-04-24,kanzlei@advolon.de
Tronsberg Stemmer-Ose Walter Steuerberater und Rechtsanwalt PartGmbB,Steuerfachangestellte/r (m/w/d),Augsburg,https://www.tst-augsburg.de/karriere/steuerfachangestellter-mwd.html,2026-04-02,2026-04-24,
Tronsberg Stemmer-Ose Walter Steuerberater und Rechtsanwalt PartGmbB,Steuerfachwirt/in (m/w/d),Augsburg,https://www.tst-augsburg.de/karriere/steuerfachwirtin-mwd.html,2026-04-02,2026-04-24,
MTR Legal Rechtsanwälte,Marketing,London,https://career.mtrlegal.com/stellenangebote/sales-marketing/,2026-04-02,2026-04-19,career@mtrlegal.com
MTR Legal Rechtsanwälte,Marketing,Paris,https://career.mtrlegal.com/stellenangebote/sales-marketing/,2026-04-02,2026-04-19,career@mtrlegal.com
MTR Legal Rechtsanwälte,Marketing,Amsterdam,https://career.mtrlegal.com/stellenangebote/sales-marketing/,2026-04-02,2026-04-19,career@mtrlegal.com
MTR Legal Rechtsanwälte,Business Administration,London,https://career.mtrlegal.com/stellenangebote/business-administration/,2026-04-02,2026-04-19,career@mtrlegal.com
MTR Legal Rechtsanwälte,Business Administration,Paris,https://career.mtrlegal.com/stellenangebote/business-administration/,2026-04-02,2026-04-19,career@mtrlegal.com
MTR Legal Rechtsanwälte,Business Administration,Amsterdam,https://career.mtrlegal.com/stellenangebote/business-administration/,2026-04-02,2026-04-19,career@mtrlegal.com
MTR Legal Rechtsanwälte,People & Culture,London,https://career.mtrlegal.com/stellenangebote/people-culture/,2026-04-02,2026-04-19,career@mtrlegal.com
MTR Legal Rechtsanwälte,People & Culture,Paris,https://career.mtrlegal.com/stellenangebote/people-culture/,2026-04-02,2026-04-19,career@mtrlegal.com
MTR Legal Rechtsanwälte,People & Culture,Amsterdam,https://career.mtrlegal.com/stellenangebote/people-culture/,2026-04-02,2026-04-19,career@mtrlegal.com
MTR Legal Rechtsanwälte,Referendare,Bonn,https://career.mtrlegal.com/stellenangebote/referendare/,2026-04-02,2026-04-25,career@mtrlegal.com
MTR Legal Rechtsanwälte,Referendare,Aachen,https://career.mtrlegal.com/stellenangebote/referendare/,2026-04-02,2026-04-25,career@mtrlegal.com
MTR Legal Rechtsanwälte,Referendare,Augsburg,https://career.mtrlegal.com/stellenangebote/referendare/,2026-04-02,2026-04-25,career@mtrlegal.com
MTR Legal Rechtsanwälte,Referendare,Bielefeld,https://career.mtrlegal.com/stellenangebote/referendare/,2026-04-02,2026-04-25,career@mtrlegal.com
MTR Legal Rechtsanwälte,Referendare,Bremen,https://career.mtrlegal.com/stellenangebote/referendare/,2026-04-02,2026-04-25,career@mtrlegal.com
MTR Legal Rechtsanwälte,Referendare,Dortmund,https://career.mtrlegal.com/stellenangebote/referendare/,2026-04-02,2026-04-25,career@mtrlegal.com
MTR Legal Rechtsanwälte,Referendare,Dresden,https://career.mtrlegal.com/stellenangebote/referendare/,2026-04-02,2026-04-25,career@mtrlegal.com
MTR Legal Rechtsanwälte,Referendare,Essen,https://career.mtrlegal.com/stellenangebote/referendare/,2026-04-02,2026-04-25,career@mtrlegal.com
MTR Legal Rechtsanwälte,Referendare,Freiburg,https://career.mtrlegal.com/stellenangebote/referendare/,2026-04-02,2026-04-25,career@mtrlegal.com
MTR Legal Rechtsanwälte,Referendare,Hannover,https://career.mtrlegal.com/stellenangebote/referendare/,2026-04-02,2026-04-25,career@mtrlegal.com
MTR Legal Rechtsanwälte,Referendare,Heidelberg,https://career.mtrlegal.com/stellenangebote/referendare/,2026-04-02,2026-04-25,career@mtrlegal.com
MTR Legal Rechtsanwälte,Referendare,Karlsruhe,https://career.mtrlegal.com/stellenangebote/referendare/,2026-04-02,2026-04-25,career@mtrlegal.com
MTR Legal Rechtsanwälte,Referendare,Kassel,https://career.mtrlegal.com/stellenangebote/referendare/,2026-04-02,2026-04-25,career@mtrlegal.com
MTR Legal Rechtsanwälte,Referendare,Konstanz,https://career.mtrlegal.com/stellenangebote/referendare/,2026-04-02,2026-04-25,career@mtrlegal.com
MTR Legal Rechtsanwälte,Referendare,Mainz,https://career.mtrlegal.com/stellenangebote/referendare/,2026-04-02,2026-04-25,career@mtrlegal.com
MTR Legal Rechtsanwälte,Referendare,Mannheim,https://career.mtrlegal.com/stellenangebote/referendare/,2026-04-02,2026-04-25,career@mtrlegal.com
MTR Legal Rechtsanwälte,Referendare,Mönchengladbach,https://career.mtrlegal.com/stellenangebote/referendare/,2026-04-02,2026-04-25,career@mtrlegal.com
MTR Legal Rechtsanwälte,Referendare,Münster,https://career.mtrlegal.com/stellenangebote/referendare/,2026-04-02,2026-04-25,career@mtrlegal.com
MTR Legal Rechtsanwälte,Referendare,Nürnberg,https://career.mtrlegal.com/stellenangebote/referendare/,2026-04-02,2026-04-25,career@mtrlegal.com
MTR Legal Rechtsanwälte,Referendare,Osnabrück,https://career.mtrlegal.com/stellenangebote/referendare/,2026-04-02,2026-04-25,career@mtrlegal.com
MTR Legal Rechtsanwälte,Referendare,Regensburg,https://career.mtrlegal.com/stellenangebote/referendare/,2026-04-02,2026-04-25,career@mtrlegal.com
MTR Legal Rechtsanwälte,Referendare,Wiesbaden,https://career.mtrlegal.com/stellenangebote/referendare/,2026-04-02,2026-04-25,career@mtrlegal.com
MTR Legal Rechtsanwälte,Referendare,Wuppertal,https://career.mtrlegal.com/stellenangebote/referendare/,2026-04-02,2026-04-25,career@mtrlegal.com
MTR Legal Rechtsanwälte,Future Talents,London,https://career.mtrlegal.com/stellenangebote/future-talents/,2026-04-02,2026-04-19,career@mtrlegal.com
MTR Legal Rechtsanwälte,Future Talents,Paris,https://career.mtrlegal.com/stellenangebote/future-talents/,2026-04-02,2026-04-19,career@mtrlegal.com
MTR Legal Rechtsanwälte,Future Talents,Amsterdam,https://career.mtrlegal.com/stellenangebote/future-talents/,2026-04-02,2026-04-19,career@mtrlegal.com
Prof. Dr. Kanth - Rechtsanwaltskanzlei,Referendare (m/w/d),Augsburg,https://kanzleikanth.de/karriere/,2026-04-02,2026-04-19,info@kanzleikanth.de
Yorulmaz & Kollegen,Rechtanwalt (m/w/d) im Bereich des allgemeinen Zivilrechts und des Verkehrsrechts,Augsburg,https://yo-pa.de/karriere/,2026-04-02,2026-04-24,karriere@yo-pa.de
Grawert & Partner,"Stationsreferendar*in (m/w/d) in unseren Kernbereichen Arbeits-, Bau-, Immobilien- und Verwaltungsrecht",Berlin,https://grawert.berlin/karriere/,2026-04-02,2026-04-24,geschaeftsfuehrung@grawert.berlin
Grawert & Partner,Rechtsanwaltsfachangestellte*r (m/w/d),Berlin,https://grawert.berlin/karriere/rechtsanwaltsfachangestellte/,2026-04-02,2026-04-24,geschaeftsfuehrung@grawert.berlin
JUR | URBAN Rechtsanwaltsgesellschaft mbH - Kanzlei für Immobilienrecht und Arbeitsrecht,RechtsanwältIn (m/w/d) – Immobilienrecht,Berlin,https://jur-law.de/karriere/,2026-04-02,2026-04-24,urban@jur-law.de
JUR | URBAN Rechtsanwaltsgesellschaft mbH - Kanzlei für Immobilienrecht und Arbeitsrecht,RechtsanwältIn (m/w/d) – Immobilienrecht,Hamburg,https://jur-law.de/karriere/,2026-04-02,2026-04-24,urban@jur-law.de
JUR | URBAN Rechtsanwaltsgesellschaft mbH - Kanzlei für Immobilienrecht und Arbeitsrecht,RechtsreferendarIN oder Rechtsreferendar (m/w/d) für die Anwalts- oder Wahlstation,Berlin,https://jur-law.de/karriere/,2026-04-02,2026-04-24,urban@jur-law.de
JUR | URBAN Rechtsanwaltsgesellschaft mbH - Kanzlei für Immobilienrecht und Arbeitsrecht,RechtsreferendarIN oder Rechtsreferendar (m/w/d) für die Anwalts- oder Wahlstation,Hamburg,https://jur-law.de/karriere/,2026-04-02,2026-04-24,urban@jur-law.de
MEYER Köring Lawyers Tax Consultants,Stellenangebote Bonn,Bonn,https://www.meyer-koering.de/karriere/stellenangebote-bonn/,2026-04-02,2026-04-24,bonn@meyer-koering.de
MEYER Köring Lawyers Tax Consultants,Stellenangebote Berlin,Berlin,https://www.meyer-koering.de/karriere/stellenangebote-berlin/,2026-04-02,2026-04-24,berlin@meyer-koering.de
HÄRTING Rechtsanwälte,Markensachbearbeiter*in (m/w/d),Berlin,https://haerting.de/app/uploads/2026/01/Stellenanzeige-Markensachbearbeiterin-2026_v2-1.pdf,2026-04-02,2026-04-24,bewerbung@haerting.de
HÄRTING Rechtsanwälte,Rechtsanwältin / Rechtsanwalt (m/w/d) mit Schwerpunkt IP-Recht,Berlin,https://haerting.de/app/uploads/2026/03/Stellenanzeige-RAin-IP-1.pdf,2026-04-02,2026-04-24,bewerbung@haerting.de
Tegtmeier und Partner PartG • Rechtsanwälte und Notare,Referendar,Berlin-Mitte,http://www.tegtmeier-berlin.de/karriere/,2026-04-02,2026-04-19,jsb@tegtmeier-berlin.de
vpmk Rechtsanwälte Legal Services PartmbB,Coordinator in Teilzeit oder Vollzeit (m/w/d) für Berlin gesucht,Berlin,https://www.vpmk.de/coordinator-in-teilzeit-oder-vollzeit-m-w-d-fuer-berlin-gesucht/,2026-04-02,2026-04-24,
vpmk Rechtsanwälte Legal Services PartmbB,Coordinator in Teilzeit oder Vollzeit (m/w/d) für Hilfstätigkeit in international tätiger Kanzlei gesucht,Stuttgart,https://www.vpmk.de/coordinator-in-teilzeit-oder-vollzeit-m-w-d-fuer-hilfstaetigkeit-in-international-taetiger-kanzlei-gesucht/,2026-04-02,2026-04-24,
vpmk Rechtsanwälte Legal Services PartmbB,Coordinator in Teilzeit oder Vollzeit (m/w/d) für Hilfstätigkeit in international tätiger Kanzlei gesucht,Berlin,https://www.vpmk.de/coordinator-in-teilzeit-oder-vollzeit-m-w-d-fuer-hilfstaetigkeit-in-international-taetiger-kanzlei-gesucht/,2026-04-02,2026-04-24,
vpmk Rechtsanwälte Legal Services PartmbB,Referendarinnen/Referendare im Bereich (Arbeits-) Migrationsrecht/ Allgemeines Migrationsrecht gesucht,Berlin,https://www.vpmk.de/referendarinnen-referendare-gesucht/,2026-04-02,2026-04-24,
vpmk Rechtsanwälte Legal Services PartmbB,Referendarinnen/Referendare im Bereich (Arbeits-) Migrationsrecht/ Allgemeines Migrationsrecht gesucht,Stuttgart,https://www.vpmk.de/referendarinnen-referendare-gesucht/,2026-04-02,2026-04-24,
AfA Rechtsanwälte,Wissenschaftliche Mitarbeitende und Referendare (m/w/d),Nürnberg,mailto:bewerbung@afa-anwalt.de,2026-04-02,2026-04-24,bewerbung@afa-anwalt.de
AfA Rechtsanwälte,Wissenschaftliche Mitarbeitende und Referendare (m/w/d),Frankfurt,mailto:bewerbung@afa-anwalt.de,2026-04-02,2026-04-24,bewerbung@afa-anwalt.de
AfA Rechtsanwälte,Wissenschaftliche Mitarbeitende und Referendare (m/w/d),Berlin,mailto:bewerbung@afa-anwalt.de,2026-04-02,2026-04-24,bewerbung@afa-anwalt.de
Mueller.legal Rechtsanwälte,Buchhalter:in/Finanzbuchhaltung,Berlin,https://mueller.legal/de/de/karriere/mitarbeiter-in-accounting-finanzbuchhaltung-m-w-d,2026-04-02,2026-04-24,info@mueller.legal
Mueller.legal Rechtsanwälte,Wissenschaftliche Mitarbeiter:innen,Berlin,https://mueller.legal/de/de/karriere/wissenschaftliche-mitarbeiterInnen,2026-04-02,2026-04-24,info@mueller.legal
Mueller.legal Rechtsanwälte,Legal Engineer,Berlin,https://mueller.legal/de/de/karriere/legal-engineer-m-w-d,2026-04-02,2026-04-24,info@mueller.legal
Mueller.legal Rechtsanwälte,Student:innen,Berlin,https://mueller.legal/de/de/karriere/studentische-mitarbeiterInnen,2026-04-02,2026-04-24,info@mueller.legal
Mueller.legal Rechtsanwälte,Online Redakteur:in/Content Manager:in,Berlin,https://mueller.legal/de/de/karriere/online-redakteurIn-content-managerIn,2026-04-02,2026-04-24,info@mueller.legal
Mueller.legal Rechtsanwälte,Student:in Online Redaktion,Berlin,https://mueller.legal/de/de/karriere/studentIn-online-redaktion,2026-04-02,2026-04-24,info@mueller.legal
WMRC Rechtsanwälte,Rechtsanwalt/Rechtsanwältin (m/w/d),Berlin,https://wmrc.de/karriere/rechtsanwalt-rechtsanwaeltin-m-w-d/,2026-04-02,2026-04-24,info@wmrc.de
WMRC Rechtsanwälte,Referendariat,Berlin,https://wmrc.de/karriere/referendariat/,2026-04-02,2026-04-24,info@wmrc.de
WMRC Rechtsanwälte,Wissenschaftliche Mitarbeiter (m/w/d),Berlin,https://wmrc.de/karriere/wissenschaftliche-mitarbeiter-m-w-d/,2026-04-02,2026-04-24,info@wmrc.de
WMRC Rechtsanwälte,ReFa/ReNo (m/w/d),Berlin,https://wmrc.de/karriere/refa-reno-m-w-d/,2026-04-02,2026-04-24,info@wmrc.de
Rose & Partner LLP - Lawyers Tax Advisors,ReFa (m/w/d),München,https://www.rosepartner.de/stellenangebot-rechtsanwalt-refa-referendariat.html,2026-04-02,2026-04-19,bewerbung@rosepartner.de
Rose & Partner LLP - Lawyers Tax Advisors,Team-Assistenz (m/w/d),München,https://www.rosepartner.de/stellenangebot-rechtsanwalt-refa-referendariat.html,2026-04-02,2026-04-19,bewerbung@rosepartner.de
Rose & Partner LLP - Lawyers Tax Advisors,Fachanwalt Steuerrecht/Steuerberater (m/w/d),Köln,https://www.rosepartner.de/stellenangebot-rechtsanwalt-refa-referendariat.html,2026-04-02,2026-04-19,bewerbung@rosepartner.de
Rose & Partner LLP - Lawyers Tax Advisors,Fachanwalt Steuerrecht/Steuerberater (m/w/d),München,https://www.rosepartner.de/stellenangebot-rechtsanwalt-refa-referendariat.html,2026-04-02,2026-04-19,bewerbung@rosepartner.de
Rose & Partner LLP - Lawyers Tax Advisors,Fachanwalt Steuerrecht/Steuerberater (m/w/d),Berlin,https://www.rosepartner.de/stellenangebot-rechtsanwalt-refa-referendariat.html,2026-04-02,2026-04-19,bewerbung@rosepartner.de
Rose & Partner LLP - Lawyers Tax Advisors,Fachanwalt Steuerrecht/Steuerberater (m/w/d),Hamburg,https://www.rosepartner.de/stellenangebot-rechtsanwalt-refa-referendariat.html,2026-04-02,2026-04-19,bewerbung@rosepartner.de
"Wittig Ünalp Rechtsanwälte - Arbeitsrecht, Versicherungsrecht, Wirtschaftsrecht",Arbeitsrecht: (Fach-)Anwältin oder (Fach-)Anwalt,Zentrale/Unbekannt,https://www.ra-wittig.de/karriere/rechts-fachanwalt-fuer-arbeitsrecht/,2026-04-02,2026-04-24,bewerbung@ra-wittig.de
"Wittig Ünalp Rechtsanwälte - Arbeitsrecht, Versicherungsrecht, Wirtschaftsrecht",Handels- und Gesellschaftsrecht: (Fach-)Anwältin oder (Fach-)Anwalt,Zentrale/Unbekannt,https://wirtschaftsrecht-wittig.de/karriere/rechts-fachanwalt-fuer-handels-gesellschaftsrecht/,2026-04-02,2026-04-24,bewerbung@ra-wittig.de
"Wittig Ünalp Rechtsanwälte - Arbeitsrecht, Versicherungsrecht, Wirtschaftsrecht",Miet- und WEG Recht: (Fach-)Anwältin oder (Fach-)Anwalt,Zentrale/Unbekannt,https://wirtschaftsrecht-wittig.de/karriere/fach-anwaeltin-oder-fach-anwalt-fuer-miet-und-weg-recht/,2026-04-02,2026-04-24,bewerbung@ra-wittig.de
"Wittig Ünalp Rechtsanwälte - Arbeitsrecht, Versicherungsrecht, Wirtschaftsrecht",Erbrecht: (Fach-)Anwältin oder (Fach-)Anwalt,Zentrale/Unbekannt,https://wirtschaftsrecht-wittig.de/karriere/fach-anwaeltin-oder-fach-anwalt-fuer-erbrecht/,2026-04-02,2026-04-24,bewerbung@ra-wittig.de
"Wittig Ünalp Rechtsanwälte - Arbeitsrecht, Versicherungsrecht, Wirtschaftsrecht",Schadenersatzrecht / Haftpflichtrecht (Zivilrecht): Anwältin oder Anwalt,Zentrale/Unbekannt,https://www.versicherungsrecht-wittig.de/karriere/anwaltin-m-w-d-schadensersatzrecht-haftpflichtrecht-gesucht,2026-04-02,2026-04-24,bewerbung@ra-wittig.de
"Wittig Ünalp Rechtsanwälte - Arbeitsrecht, Versicherungsrecht, Wirtschaftsrecht",Versicherungsrecht: (Fach-)Anwältin oder (Fach-)Anwalt,Zentrale/Unbekannt,https://www.versicherungsrecht-wittig.de/karriere/anwaltin-versicherungsrecht,2026-04-02,2026-04-24,bewerbung@ra-wittig.de
VON RUEDEN - Partnerschaft von Rechtsanwälten Berlin,"Rechtsanwaltsfachangestellte (w/m/d) – Legal Tech, KI & Kleos",Berlin,https://www.rueden.de/jobs/,2026-04-02,2026-04-24,bewerbung@rueden.de
STEINWACHS Rechtsanwaltskanzlei Berlin Mitte Zentrum,Studenten und Referendare,Hamburg,https://www.kanzlei-steinwachs.de/karriere/,2026-04-02,2026-04-24,
STEINWACHS Rechtsanwaltskanzlei Berlin Mitte Zentrum,Studenten und Referendare,Berlin,https://www.kanzlei-steinwachs.de/karriere/,2026-04-02,2026-04-24,
STEINWACHS Rechtsanwaltskanzlei Berlin Mitte Zentrum,Studenten und Referendare,Bremen,https://www.kanzlei-steinwachs.de/karriere/,2026-04-02,2026-04-24,
STEINWACHS Rechtsanwaltskanzlei Berlin Mitte Zentrum,Studenten und Referendare,Hannover,https://www.kanzlei-steinwachs.de/karriere/,2026-04-02,2026-04-24,
STEINWACHS Rechtsanwaltskanzlei Berlin Mitte Zentrum,Studenten und Referendare,Lübeck,https://www.kanzlei-steinwachs.de/karriere/,2026-04-02,2026-04-24,
CDR Legal - Anwalt Erbrecht Berlin Mitte,Selbstständige Anwälte mit Erfahrung im Erbrecht und Bankrecht,Rosenheim,https://cdr-legal.de/karriere/,2026-04-02,2026-04-24,info@cdr-legal.de
CDR Legal - Anwalt Erbrecht Berlin Mitte,Mitarbeit im Backoffice,Rosenheim,https://cdr-legal.de/karriere/,2026-04-02,2026-04-24,info@cdr-legal.de
IHDE & Partner Rechtsanwälte,Rechtsreferendarinnen/ Rechtsreferendare/ (m/w/d),Berlin,https://ihde.de/karriere/,2026-04-02,2026-04-24,info@ihde.de
JUSTUS Rechtsanwälte,Rechtsanwalt/in,Berlin,https://kanzleimitte.de/rechtsanwalt-fachanwalt-fuer-bank-und-kapitalmarktrecht-mw/,2026-04-02,2026-04-24,Steffan@kanzleimitte.de
JUSTUS Rechtsanwälte,Rechtsanwalt/in,Wittstock/Dosse,https://kanzleimitte.de/rechtsanwalt-fachanwalt-fuer-bank-und-kapitalmarktrecht-mw/,2026-04-02,2026-04-24,Steffan@kanzleimitte.de
JUSTUS Rechtsanwälte,Referendar/in,Berlin,https://kanzleimitte.de/karriere/,2026-04-02,2026-04-19,Steffan@kanzleimitte.de
JUSTUS Rechtsanwälte,Referendar/in,Wittstock/Dosse,https://kanzleimitte.de/karriere/,2026-04-02,2026-04-19,Steffan@kanzleimitte.de
JUSTUS Rechtsanwälte,Auszubildende/r Rechtsanwaltsfachangestellte/r (ReNo/ReFa),Berlin,https://kanzleimitte.de/karriere/auszubildende-mw-gesucht-renorefa/,2026-04-02,2026-04-19,Steffan@kanzleimitte.de
JUSTUS Rechtsanwälte,Auszubildende/r Rechtsanwaltsfachangestellte/r (ReNo/ReFa),Wittstock/Dosse,https://kanzleimitte.de/karriere/auszubildende-mw-gesucht-renorefa/,2026-04-02,2026-04-19,Steffan@kanzleimitte.de
MIX/LEGAL Rechtsanwälte Partnerschaft mbB,Rechtsanwalt (m/w/d) für Zivilrecht und Gesellschaftsrecht,Berlin,https://www.mix-legal.de/stellenangebot-rechtsanwalt-berlin-zivilrecht-gesellschaftsrecht/,2026-04-02,2026-04-24,bewerbung@mix-legal.de
MIX/LEGAL Rechtsanwälte Partnerschaft mbB,Referendare (m/w/d) für Anwaltsstation / Wahlstation,Berlin,https://www.mix-legal.de/referendare-fuer-anwaltsstation-wahlstation-berlin/,2026-04-02,2026-04-24,bewerbung@mix-legal.de
"Rechtsanwalt Marek Schauer Kanzlei für Strafrecht, Mietrecht, Sozialrecht und Ausbildungsrecht",Rechtsanwaltsfachangestellte,Berlin,https://ra-schauer.de/jobs/,2026-04-02,2026-04-19,
OLBRICHT Rechtsanwälte,Rechtsanwalt / Rechtsanwältin (m/w/d),Berlin,https://www.olbricht-rechtsanwaelte.de/anzeigen/rechtsanwaltrechtsanw%C3%A4ltin-m-w-d,2026-04-02,2026-04-24,
OLBRICHT Rechtsanwälte,Partner:in (m/w/d),Berlin,https://www.olbricht-rechtsanwaelte.de/anzeigen/partner-in-m-w-d,2026-04-02,2026-04-24,
OLBRICHT Rechtsanwälte,Steuerberater (m/w/d) – Teilzeit,Berlin,https://www.olbricht-rechtsanwaelte.de/anzeigen/steuerberater-m-w-d-teilzeit,2026-04-02,2026-04-19,
OLBRICHT Rechtsanwälte,Buchhalter (m/w/d) – Teilzeit,Berlin,https://www.olbricht-rechtsanwaelte.de/anzeigen/buchhalter-m-w-d-teilzeit,2026-04-02,2026-04-19,
OLBRICHT Rechtsanwälte,Rechtsanwaltsfachangestellte (m/w/d),Berlin,https://www.olbricht-rechtsanwaelte.de/anzeigen/rechtsanwaltsfachangestellte,2026-04-02,2026-04-24,
OLBRICHT Rechtsanwälte,Studienpraktikum für Jurastudent:innen (m/w/d),Berlin,https://www.olbricht-rechtsanwaelte.de/anzeigen/studienpraktikum-f%C3%BCr-jurastudent-innen-m-w-d,2026-04-02,2026-04-24,
OLBRICHT Rechtsanwälte,Initiativbewerbung (m/w/d),Berlin,https://www.olbricht-rechtsanwaelte.de/anzeigen/initiativbewerbung-m-w-d,2026-04-02,2026-04-24,
Advofleet Rechtsanwaltsgesellschaft mbH,Rechtsanwalt,Bundesweit,https://www.advofleet.de/anwaltliche-mitarbeit,2026-04-02,2026-04-19,
Advofleet Rechtsanwaltsgesellschaft mbH,Juristischer Mitarbeiter,Bundesweit,https://www.advofleet.de/studium-referendariat,2026-04-02,2026-04-19,
Advofleet Rechtsanwaltsgesellschaft mbH,Auszubildender,Bundesweit,https://www.advofleet.de/studium-referendariat,2026-04-02,2026-04-19,
Piper & Partner - Rechtsanwälte für Ausländerrecht,Dipl. Jurist / Assessor / Rechtsanwalt (m/w),Steglitz-Zehlendorf,https://12anwalt.de/ueber-uns/karriere/,2026-04-02,2026-04-19,info@12anwalt.de
Piper & Partner - Rechtsanwälte für Ausländerrecht,Dipl. Jurist / Assessor / Rechtsanwalt (m/w),Pankow (Prenzlauer Berg),https://12anwalt.de/ueber-uns/karriere/,2026-04-02,2026-04-19,info@12anwalt.de
Piper & Partner - Rechtsanwälte für Ausländerrecht,Dipl. Jurist / Assessor / Rechtsanwalt (m/w),Marzahn-Hellersdorf,https://12anwalt.de/ueber-uns/karriere/,2026-04-02,2026-04-19,info@12anwalt.de
"Kanzlei Hoesmann - Urheberrecht, Medienrecht, Wirtschaftsrecht",Rechtsanwaltsfachangestellte (m/w) in Teilzeit,Berlin,https://hoesmann.eu/rechtsanwaltsfachangestellte-mw-in-teilzeit-fuer-kanzlei-in-berlin-gesucht/,2026-04-02,2026-04-24,office@hoesmann.eu
pirminpartners Rechtsanwälte Notar,Rechtsanwalts- und Notarfachangestellte/r (m/w/d),Berlin,https://www.pirminpartners.de/karriere/,2026-04-02,2026-04-24,mail@pirminpartners.de
pirminpartners Rechtsanwälte Notar,Referendarinnen/Referendare (m/w/d),Berlin,https://www.pirminpartners.de/karriere/,2026-04-02,2026-04-24,mail@pirminpartners.de
Kanzlei Wittenburg,Referendar*Innen,Berlin,https://ra-bertwittenburg.de/karriere/,2026-04-02,2026-04-19,kanzlei@ra-bertwittenburg.de
Kanzlei Wittenburg,Praktikant*Innen,Berlin,https://ra-bertwittenburg.de/karriere/,2026-04-02,2026-04-19,kanzlei@ra-bertwittenburg.de
JBB Rechtsanwälte,Referendar:innen (Anwalts- und/oder Wahlstation),Berlin,https://jbb.de/Jobs/referendarinnen/,2026-04-02,2026-04-19,rae@jbb.de
JBB Rechtsanwälte,Initiativbewerbung,Berlin,https://jbb.de/Jobs/initiativbewerbung/,2026-04-02,2026-04-24,rae@jbb.de
Kanzlei Alkan,Rechtsanwaltsfachangestellte/r (ReNo-ReFa),Berlin,http://kanzleialkan.de/rechtsanwaltsfachangestellte-reno-refa/,2026-04-02,2026-04-24,erkanalkan@kanzleialkan.de
"Anwaltskanzlei Heckmann, Kanzlei für Privatinsolvenz und Schuldnerberatung",Team-Assistenz schuldnerberatende Anwaltskanzlei,Berlin,https://www.heckmann.net/stellenangebote/,2026-04-02,2026-04-24,RA@Heckmann.net
"Anwaltskanzlei Heckmann, Kanzlei für Privatinsolvenz und Schuldnerberatung",Mitarbeiter/in Schuldnerberatung bzw. Insolvenzverwaltung,Berlin,https://www.heckmann.net/stellenangebote/,2026-04-02,2026-04-24,RA@Heckmann.net
"Anwaltskanzlei Heckmann, Kanzlei für Privatinsolvenz und Schuldnerberatung","Jobs für Studierende (m/w/d) z.B. aus dem Bereich Jura oder Informatik oder einem kaufmännischen Bereich, flexible Arbeitszeiten ab 5h pro Woche, gute Vergütung",Berlin,https://www.heckmann.net/stellenangebote/,2026-04-02,2026-04-24,RA@Heckmann.net
Dein-Ruf | Kanzlei für Reputationsrecht - Rechtsanwalt Imanuel Schulz,Rechtsanwaltsfachangestellte (m/w),Zentrale/Unbekannt,https://www.dein-ruf.de/jobs/rechtsanwaltsfachangestellte/,2026-04-02,2026-04-19,reputation@dein-ruf.de
ab&d Rechtsanwälte,Rechtsanwälte (m/w/d),Berlin,https://abd-partner.de/karriere/,2026-04-02,2026-04-24,dauskardt@abd-partner.de
ab&d Rechtsanwälte,Referendare (m/w/d),Berlin,https://abd-partner.de/karriere/,2026-04-02,2026-04-24,dauskardt@abd-partner.de
ab&d Rechtsanwälte,Rechtsanwaltsfachangestellte (m/w/d),Berlin,https://abd-partner.de/karriere/,2026-04-02,2026-04-24,dauskardt@abd-partner.de
PASCHEN Rechtsanwälte PartGmbB,Rechtsanwaltsfachangestellte*r (m/w/d) Teilzeit/Vollzeit,Zentrale/Unbekannt,https://www.paschen.cc/karriere/rechtsanwaltsfachangestellte-teilzeit-vollzeit/,2026-04-02,2026-04-24,
PASCHEN Rechtsanwälte PartGmbB,Rechtsanwalt (m/w/d) Litigation/Wirtschaftsrecht in Teilzeit,Zentrale/Unbekannt,https://www.paschen.cc/karriere/rechtsanwalt_litigation_wirtschaftsrecht_teilzeit/,2026-04-02,2026-04-24,
PASCHEN Rechtsanwälte PartGmbB,Auszubildende/n zur/zum Rechtsanwaltsfachangestellten (m/w/d),Leipzig,https://www.paschen.cc/karriere/auszubildende-rechtsanwaltsfachangestellte-m-w-d-leipzig/,2026-03-24,2026-04-24,
PASCHEN Rechtsanwälte PartGmbB,Auszubildende/n zur/zum Rechtsanwaltsfachangestellten (m/w/d) im Wirtschaftsrecht,Zentrale/Unbekannt,https://www.paschen.cc/karriere/auszubildende-rechtsanwaltsfachangestellte-m-w-d/,2026-04-02,2026-04-24,
PASCHEN Rechtsanwälte PartGmbB,Rechtsreferendar*in (m/w/d) Zivilrecht & Handelsrecht,Zentrale/Unbekannt,https://www.paschen.cc/karriere/rechtsreferendar-zivil-zivilprozess-und-handelsrecht/,2026-04-02,2026-04-24,
"TAVANTI, REDEKER & PARTNER Rechtsanwälte und Notare",Notarfachangestellte (NoFa) (m/w/d) oder Rechtsanwalts- und Notarfachangestellte (ReNo),Berlin,https://www.tavanti-redeker.com/de/karriere/,2026-04-02,2026-04-24,tavanti@tavanti-redeker.com
"TAVANTI, REDEKER & PARTNER Rechtsanwälte und Notare",Rechtsanwalt / Rechtsanwältin (m/w/d),Berlin,https://www.tavanti-redeker.com/de/karriere/,2026-04-02,2026-04-24,tavanti@tavanti-redeker.com
"TAVANTI, REDEKER & PARTNER Rechtsanwälte und Notare",Referendar / Referendarin (M/W/D),Berlin,https://www.tavanti-redeker.com/de/karriere/,2026-04-02,2026-04-24,tavanti@tavanti-redeker.com
Luther Rechtsanwaltsgesellschaft mbH,Rechtsanwalt (m/w/d) IT-Recht / Datenschutz mit Berufserfahrung,Köln,https://jobs.luther-lawfirm.com/jobportal/luther/viewAusschreibung/2024-187.html,2026-04-02,2026-04-24,
Luther Rechtsanwaltsgesellschaft mbH,Rechtsanwalt (m/w/d) Corporate / M&A mit Berufserfahrung,Leipzig,https://jobs.luther-lawfirm.com/jobportal/luther/viewAusschreibung/2025-054.html,2026-04-02,2026-04-24,
Luther Rechtsanwaltsgesellschaft mbH,Rechtsanwalt (m/w/d) Corporate / M&A / Private Equity / Venture Capital mit Berufserfahrung,München,https://jobs.luther-lawfirm.com/jobportal/luther/viewAusschreibung/2025-055.html,2026-04-02,2026-04-24,
Gleiss Lutz,Rechtsanwälte (m/w/d) Kartellrecht,Brüssel,https://www.gleisslutz.com/de/node/18581,2026-04-02,2026-04-24,
Gleiss Lutz,Wissenschaftliche Mitarbeit (m/w/d) Gewerblicher Rechtsschutz,Berlin,https://www.gleisslutz.com/de/node/18580,2026-04-02,2026-04-24,
Gleiss Lutz,Rechtsanwaltsfachangestellter (m/w/d),Düsseldorf,https://www.gleisslutz.com/de/node/18579,2026-04-02,2026-04-24,
Gleiss Lutz,Werkstudent Office Service (m/w/d),Hamburg,https://www.gleisslutz.com/de/node/18578,2026-04-02,2026-04-24,
Gleiss Lutz,Fremdsprachenkorrespondent / Europasekretär (m/w/d),Stuttgart,https://www.gleisslutz.com/de/node/18577,2026-04-02,2026-04-24,
Gleiss Lutz,Rechtsanwälte (m/w/d) Dispute Resolution,Frankfurt,https://www.gleisslutz.com/de/node/245,2026-04-02,2026-04-24,
Gleiss Lutz,Wissenschaftliche Mitarbeit (m/w/d) ESG,Stuttgart,https://www.gleisslutz.com/de/node/244,2026-04-02,2026-04-24,
Gleiss Lutz,Rechtsanwälte Bank- und Finanzrecht (m/w/d),Frankfurt,https://www.gleisslutz.com/de/node/242,2026-04-02,2026-04-24,
Gleiss Lutz,Anwaltsassistenz / Executive Assistant / Rechtsanwaltsfachangestellten im Arbeitsrecht (m/w/d),Frankfurt,https://www.gleisslutz.com/de/node/240,2026-04-02,2026-04-24,
Gleiss Lutz,Rechtsanwälte (m/w/d) Japan-Team,Hamburg,https://www.gleisslutz.com/de/node/237,2026-04-02,2026-04-24,
Gleiss Lutz,Rechtsanwälte (m/w/d) Japan-Team,Berlin,https://www.gleisslutz.com/de/node/237,2026-04-02,2026-04-24,
Gleiss Lutz,Rechtsanwälte (m/w/d) Japan-Team,Düsseldorf,https://www.gleisslutz.com/de/node/237,2026-04-02,2026-04-24,
Gleiss Lutz,Rechtsanwälte (m/w/d) Japan-Team,Brüssel,https://www.gleisslutz.com/de/node/237,2026-04-02,2026-04-24,
Gleiss Lutz,Rechtsanwälte (m/w/d) Japan-Team,Stuttgart,https://www.gleisslutz.com/de/node/237,2026-04-02,2026-04-24,
Gleiss Lutz,Rechtsanwälte (m/w/d) Japan-Team,Frankfurt,https://www.gleisslutz.com/de/node/237,2026-04-02,2026-04-24,
Gleiss Lutz,Rechtsanwälte (m/w/d) Japan-Team,München,https://www.gleisslutz.com/de/node/237,2026-04-02,2026-04-24,
HEGEWERK Rechtsanwälte,Rechtsanwaltsfachangestellte,Berlin,https://www.hegewerk.de/karriere/,2026-04-02,2026-04-24,kanzlei@hegewerk.de
HEGEWERK Rechtsanwälte,Studentische Hilfskräfte,Berlin,https://www.hegewerk.de/karriere/,2026-04-02,2026-04-24,kanzlei@hegewerk.de
HEGEWERK Rechtsanwälte,Referendare,Berlin,https://www.hegewerk.de/karriere/,2026-04-02,2026-04-24,kanzlei@hegewerk.de
HEGEWERK Rechtsanwälte,Wissenschaftliche Mitarbeiter,Berlin,https://www.hegewerk.de/karriere/,2026-04-02,2026-04-24,kanzlei@hegewerk.de
Aydin.law Rechtsanwaltskanzlei | Clever Verkehrsrecht,Rechtsanwaltsfachangestellte (w/m/d),Berlin,https://aydin-law.de/karriere,2026-04-02,2026-04-24,fa@aydin-law.de
Aydin.law Rechtsanwaltskanzlei | Clever Verkehrsrecht,Auszubildende (w/m/d),Berlin,https://aydin-law.de/karriere,2026-04-02,2026-04-24,fa@aydin-law.de
Aydin.law Rechtsanwaltskanzlei | Clever Verkehrsrecht,Quereinsteiger Bürokraft (w/m/d),Berlin,https://aydin-law.de/karriere,2026-04-02,2026-04-24,fa@aydin-law.de
KAYP Rechtsanwaltsgesellschaft mbH,Partner,Berlin,https://kayp.de/karriere/,2026-04-02,2026-04-24,info@kayp.de
KAYP Rechtsanwaltsgesellschaft mbH,Rechtsanwältin / Rechtsanwalt,Berlin,https://kayp.de/karriere/,2026-04-02,2026-04-24,info@kayp.de
KAYP Rechtsanwaltsgesellschaft mbH,Rechtsanwaltsfachgehilfin,Berlin,https://kayp.de/karriere/,2026-04-02,2026-04-24,info@kayp.de
KAYP Rechtsanwaltsgesellschaft mbH,Rechtsreferendar / Rechtsreferendarin,Berlin,https://kayp.de/karriere/,2026-04-02,2026-04-24,info@kayp.de
KAYP Rechtsanwaltsgesellschaft mbH,Office-Manager/in,Berlin,https://kayp.de/karriere/,2026-04-02,2026-04-19,info@kayp.de
Steinkühler – Kanzlei für Arbeits- und Gesellschaftsrecht,Rechtsanwältin/Rechtsanwalt,Berlin,https://www.steinkuehler-legal.com/rechtsanwaeltinrechtsanwalt-mit-schwerpunkt-arbeits-und-gesellschaftsrecht-gesucht/,2026-04-02,2026-04-24,ku@steinkuehler-legal.com
Steinkühler – Kanzlei für Arbeits- und Gesellschaftsrecht,Referendarin/Referendar,Berlin,https://www.steinkuehler-legal.com/referendarin-referendar-gesucht/,2026-04-02,2026-04-24,
HFK Rechtsanwälte PartGmbB,Rechtsanwälte (m/w/d),Frankfurt am Main,http://hfk.de/karriere/stellenanzeigen/detail/rechtsanwaelte-berufsbild,2026-04-02,2026-04-24,karriere@hfk.de
HFK Rechtsanwälte PartGmbB,Rechtsanwälte (m/w/d),Berlin,http://hfk.de/karriere/stellenanzeigen/detail/rechtsanwaelte-berufsbild,2026-04-02,2026-04-24,karriere@hfk.de
HFK Rechtsanwälte PartGmbB,Rechtsanwälte (m/w/d),München,http://hfk.de/karriere/stellenanzeigen/detail/rechtsanwaelte-berufsbild,2026-04-02,2026-04-24,karriere@hfk.de
HFK Rechtsanwälte PartGmbB,Rechtsanwälte (m/w/d),Hamburg,http://hfk.de/karriere/stellenanzeigen/detail/rechtsanwaelte-berufsbild,2026-04-02,2026-04-24,karriere@hfk.de
HFK Rechtsanwälte PartGmbB,Rechtsanwälte (m/w/d),Düsseldorf,http://hfk.de/karriere/stellenanzeigen/detail/rechtsanwaelte-berufsbild,2026-04-02,2026-04-24,karriere@hfk.de
HFK Rechtsanwälte PartGmbB,Rechtsanwälte (m/w/d),Stuttgart,http://hfk.de/karriere/stellenanzeigen/detail/rechtsanwaelte-berufsbild,2026-04-02,2026-04-24,karriere@hfk.de
HFK Rechtsanwälte PartGmbB,Referendare / Wissenschaftliche Mitarbeiter (m/w/d),Frankfurt am Main,http://hfk.de/karriere/stellenanzeigen/detail/referendare-/-wissenschaftliche-mitarbeiter-m/w/d,2026-04-02,2026-04-24,karriere@hfk.de
HFK Rechtsanwälte PartGmbB,Referendare / Wissenschaftliche Mitarbeiter (m/w/d),Berlin,http://hfk.de/karriere/stellenanzeigen/detail/referendare-/-wissenschaftliche-mitarbeiter-m/w/d,2026-04-02,2026-04-24,karriere@hfk.de
HFK Rechtsanwälte PartGmbB,Referendare / Wissenschaftliche Mitarbeiter (m/w/d),München,http://hfk.de/karriere/stellenanzeigen/detail/referendare-/-wissenschaftliche-mitarbeiter-m/w/d,2026-04-02,2026-04-24,karriere@hfk.de
HFK Rechtsanwälte PartGmbB,Referendare / Wissenschaftliche Mitarbeiter (m/w/d),Hamburg,http://hfk.de/karriere/stellenanzeigen/detail/referendare-/-wissenschaftliche-mitarbeiter-m/w/d,2026-04-02,2026-04-24,karriere@hfk.de
HFK Rechtsanwälte PartGmbB,Referendare / Wissenschaftliche Mitarbeiter (m/w/d),Düsseldorf,http://hfk.de/karriere/stellenanzeigen/detail/referendare-/-wissenschaftliche-mitarbeiter-m/w/d,2026-04-02,2026-04-24,karriere@hfk.de
HFK Rechtsanwälte PartGmbB,Referendare / Wissenschaftliche Mitarbeiter (m/w/d),Stuttgart,http://hfk.de/karriere/stellenanzeigen/detail/referendare-/-wissenschaftliche-mitarbeiter-m/w/d,2026-04-02,2026-04-24,karriere@hfk.de
HFK Rechtsanwälte PartGmbB,Assistenten / Rechtsanwaltsfachangestellte (m/w/d),Frankfurt am Main,http://hfk.de/karriere/stellenanzeigen/detail/assistenten-/-rechtsanwaltsfachangestellte,2026-04-02,2026-04-24,karriere@hfk.de
HFK Rechtsanwälte PartGmbB,Assistenten / Rechtsanwaltsfachangestellte (m/w/d),Berlin,http://hfk.de/karriere/stellenanzeigen/detail/assistenten-/-rechtsanwaltsfachangestellte,2026-04-02,2026-04-24,karriere@hfk.de
HFK Rechtsanwälte PartGmbB,Assistenten / Rechtsanwaltsfachangestellte (m/w/d),München,http://hfk.de/karriere/stellenanzeigen/detail/assistenten-/-rechtsanwaltsfachangestellte,2026-04-02,2026-04-24,karriere@hfk.de
HFK Rechtsanwälte PartGmbB,Assistenten / Rechtsanwaltsfachangestellte (m/w/d),Hamburg,http://hfk.de/karriere/stellenanzeigen/detail/assistenten-/-rechtsanwaltsfachangestellte,2026-04-02,2026-04-24,karriere@hfk.de
HFK Rechtsanwälte PartGmbB,Assistenten / Rechtsanwaltsfachangestellte (m/w/d),Düsseldorf,http://hfk.de/karriere/stellenanzeigen/detail/assistenten-/-rechtsanwaltsfachangestellte,2026-04-02,2026-04-24,karriere@hfk.de
HFK Rechtsanwälte PartGmbB,Assistenten / Rechtsanwaltsfachangestellte (m/w/d),Stuttgart,http://hfk.de/karriere/stellenanzeigen/detail/assistenten-/-rechtsanwaltsfachangestellte,2026-04-02,2026-04-24,karriere@hfk.de
BARTSCH · BONGARD,Rechtsanwältin / Rechtsanwalt,Berlin,https://www.ra-bartsch.de/karriere/,2026-04-02,2026-04-24,kanzlei@ra-bartsch.de
BARTSCH · BONGARD,Rechtsanwaltsfachangestellte/n (ReFa) oder Rechtsanwalts- und Notariatsfachangestellte/n (ReNo),Berlin,https://www.ra-bartsch.de/karriere/,2026-04-02,2026-04-24,kanzlei@ra-bartsch.de
BARTSCH · BONGARD,Ausbildungsplatz zur/zum Rechtsanwalts- und Notarfachangestellten - ReNo ReFa,Berlin,https://www.ra-bartsch.de/karriere/,2026-04-02,2026-04-24,kanzlei@ra-bartsch.de
BARTSCH · BONGARD,Referendar/in Ausbildungsstation im Anwaltsbereich,Berlin,https://www.ra-bartsch.de/karriere/,2026-04-02,2026-04-24,kanzlei@ra-bartsch.de
BARTSCH · BONGARD,Schülerpraktikum,Berlin,https://www.ra-bartsch.de/karriere/,2026-04-02,2026-04-19,kanzlei@ra-bartsch.de
Dr. Benedikt Mick - SCHNEIDER || MICK Rechtsanwälte · Strafverteidiger,Mitarbeiter (m/w/d) Sekretariat und Assistenz,Hamburg,https://www.strafrecht.hamburg/karriere/,2026-04-02,2026-04-24,kontakt@schneidermick.de
MOCK Rechtsanwälte & Notare,Rechtsanwälte (m/w/d),Berlin,https://www.mock-rechtsanwaelte.de/karriere/rechtsanwaelte-m-w-d/,2026-04-02,2026-04-24,kanzlei@mock-legal.de
MOCK Rechtsanwälte & Notare,Rechtsanwalts- und Notarfachangestellte (m/w/d),Berlin,https://www.mock-rechtsanwaelte.de/karriere/rechtsanwalts-und-notarfachangestellte-m-w-d/,2026-04-02,2026-04-24,kanzlei@mock-legal.de
MOCK Rechtsanwälte & Notare,Wissenschaftliche Mitarbeiter (m/w/d),Berlin,https://www.mock-rechtsanwaelte.de/karriere/wissenschaftliche-mitarbeiter-m-w-d/,2026-04-02,2026-04-24,kanzlei@mock-legal.de
MOCK Rechtsanwälte & Notare,Referendare (m/w/d) und Studierende,Berlin,https://www.mock-rechtsanwaelte.de/karriere/referendare-m-w-d-und-studierende/,2026-04-02,2026-04-24,kanzlei@mock-legal.de
"Fachanwälte Erbrecht & Steuerrecht Berlin | Scheidt, Kalthoff & Partner",Rechtsanwalt / Rechtsanwältin für Erbrecht (m/w/d),Duisburg,https://rechtsanwaelte-gsp.de/karriere/stellenanzeige-rechtsanwalt/,2026-04-02,2026-04-24,
"Fachanwälte Erbrecht & Steuerrecht Berlin | Scheidt, Kalthoff & Partner",Rechtsanwalt / Rechtsanwältin für Erbrecht (m/w/d),Essen,https://rechtsanwaelte-gsp.de/karriere/stellenanzeige-rechtsanwalt/,2026-04-02,2026-04-24,
"Fachanwälte Erbrecht & Steuerrecht Berlin | Scheidt, Kalthoff & Partner",Rechtsanwalt / Rechtsanwältin für Erbrecht (m/w/d),Bochum,https://rechtsanwaelte-gsp.de/karriere/stellenanzeige-rechtsanwalt/,2026-04-02,2026-04-24,
"Fachanwälte Erbrecht & Steuerrecht Berlin | Scheidt, Kalthoff & Partner",Rechtsanwalt / Rechtsanwältin für Erbrecht (m/w/d),Dortmund,https://rechtsanwaelte-gsp.de/karriere/stellenanzeige-rechtsanwalt/,2026-04-02,2026-04-24,
"Fachanwälte Erbrecht & Steuerrecht Berlin | Scheidt, Kalthoff & Partner",Rechtsanwalt / Rechtsanwältin für Erbrecht (m/w/d),Düsseldorf,https://rechtsanwaelte-gsp.de/karriere/stellenanzeige-rechtsanwalt/,2026-04-02,2026-04-24,
"Fachanwälte Erbrecht & Steuerrecht Berlin | Scheidt, Kalthoff & Partner",Rechtsanwalt / Rechtsanwältin für Erbrecht (m/w/d),Berlin,https://rechtsanwaelte-gsp.de/karriere/stellenanzeige-rechtsanwalt/,2026-04-02,2026-04-24,
"Fachanwälte Erbrecht & Steuerrecht Berlin | Scheidt, Kalthoff & Partner",Rechtsanwalt / Rechtsanwältinfür Zivilrecht (m/w/d),Duisburg,https://rechtsanwaelte-gsp.de/karriere/rechtsanwalt-zivilrecht-stellenanzeige/,2026-04-02,2026-04-24,
"Fachanwälte Erbrecht & Steuerrecht Berlin | Scheidt, Kalthoff & Partner",Rechtsanwalt / Rechtsanwältinfür Zivilrecht (m/w/d),Essen,https://rechtsanwaelte-gsp.de/karriere/rechtsanwalt-zivilrecht-stellenanzeige/,2026-04-02,2026-04-24,
"Fachanwälte Erbrecht & Steuerrecht Berlin | Scheidt, Kalthoff & Partner",Rechtsanwalt / Rechtsanwältinfür Zivilrecht (m/w/d),Bochum,https://rechtsanwaelte-gsp.de/karriere/rechtsanwalt-zivilrecht-stellenanzeige/,2026-04-02,2026-04-24,
"Fachanwälte Erbrecht & Steuerrecht Berlin | Scheidt, Kalthoff & Partner",Rechtsanwalt / Rechtsanwältinfür Zivilrecht (m/w/d),Dortmund,https://rechtsanwaelte-gsp.de/karriere/rechtsanwalt-zivilrecht-stellenanzeige/,2026-04-02,2026-04-24,
"Fachanwälte Erbrecht & Steuerrecht Berlin | Scheidt, Kalthoff & Partner",Rechtsanwalt / Rechtsanwältinfür Zivilrecht (m/w/d),Düsseldorf,https://rechtsanwaelte-gsp.de/karriere/rechtsanwalt-zivilrecht-stellenanzeige/,2026-04-02,2026-04-24,
"Fachanwälte Erbrecht & Steuerrecht Berlin | Scheidt, Kalthoff & Partner",Rechtsanwalt / Rechtsanwältinfür Zivilrecht (m/w/d),Berlin,https://rechtsanwaelte-gsp.de/karriere/rechtsanwalt-zivilrecht-stellenanzeige/,2026-04-02,2026-04-24,
"Anwaltskanzlei Heckmann, Kanzlei für Privatinsolvenz und Schuldnerberatung Charlottenburg",Team-Assistenz schuldnerberatende Anwaltskanzlei,Berlin,https://www.heckmann.net/stellenangebote/,2026-04-02,2026-04-19,RA@Heckmann.net
"Anwaltskanzlei Heckmann, Kanzlei für Privatinsolvenz und Schuldnerberatung Charlottenburg",Mitarbeiter/in Schuldnerberatung bzw. Insolvenzverwaltung,Berlin,https://www.heckmann.net/stellenangebote/,2026-04-02,2026-04-19,RA@Heckmann.net
"Anwaltskanzlei Heckmann, Kanzlei für Privatinsolvenz und Schuldnerberatung Charlottenburg",Jobs für Studierende (m/w/d),Berlin,https://www.heckmann.net/stellenangebote/,2026-04-02,2026-04-19,RA@Heckmann.net
SOUDRY & SOUDRY Rechtsanwälte und Notar,Referendare (m/w/d),Berlin,https://soudry.de/karriere/,2026-04-02,2026-04-24,bewerbung@soudry.de
SOUDRY & SOUDRY Rechtsanwälte und Notar,Wissenschaftliche Mitarbeiter (m/w/d),Berlin,https://soudry.de/karriere/,2026-04-02,2026-04-24,bewerbung@soudry.de
SOUDRY & SOUDRY Rechtsanwälte und Notar,Rechtsanwalt (m/w/d) für das Vergabe- und Wirtschaftsrecht,Berlin,https://soudry.de/karriere/,2026-04-02,2026-04-24,bewerbung@soudry.de
Casimir Vogt & Weinreich Rechtsanwälte + Notare,Rechtsanwältin / Rechtsanwalt (m/w/d),Berlin,https://www.cvw.legal/jobs,2026-04-02,2026-04-24,office@cvw.legal
Casimir Vogt & Weinreich Rechtsanwälte + Notare,Notarfachangestellte (m/w/d),Berlin,https://www.cvw.legal/jobs,2026-04-02,2026-04-24,office@cvw.legal
Casimir Vogt & Weinreich Rechtsanwälte + Notare,Rechtsanwaltsfachangestellte (m/w/d),Berlin,https://www.cvw.legal/jobs,2026-04-02,2026-04-24,office@cvw.legal
Casimir Vogt & Weinreich Rechtsanwälte + Notare,Ausbildung Rechtsanwalts- & Notarfachangestellte (m/w/d),Berlin,https://www.cvw.legal/jobs,2026-04-02,2026-04-24,office@cvw.legal
"Reese Rechtsanwälte - FA für Verkehrsrecht, Versicherungsrecht und Strafrecht",Rechtsanwaltsfachangestellte/r,Berlin,https://reese-rechtsanwalt.de/karriere,2026-04-02,2026-04-24,info@reese-rae.de
BMDD Buder & Mühlbauer Rechtsanwälte,Rechtsanwaltsfachangestellte(n) in Teil- oder Vollzeit,Dresden,https://bmdd.de/kontakt-und-anfahrt/,2026-04-02,2026-04-19,personal@bmdd.de
BMDD Buder & Mühlbauer Rechtsanwälte,Rechtsanwaltsfachangestellte(n) in Teil- oder Vollzeit,Berlin,https://bmdd.de/kontakt-und-anfahrt/,2026-04-02,2026-04-19,personal@bmdd.de
BMDD Buder & Mühlbauer Rechtsanwälte,Rechtsanwaltsfachangestellte(n) in Teil- oder Vollzeit,Leipzig,https://bmdd.de/kontakt-und-anfahrt/,2026-04-02,2026-04-19,personal@bmdd.de
BMDD Buder & Mühlbauer Rechtsanwälte,Rechtsanwalt/Rechtsanwältin in Teil- oder Vollzeit zur Festanstellung,Dresden,https://bmdd.de/kontakt-und-anfahrt/,2026-04-02,2026-04-19,personal@bmdd.de
BMDD Buder & Mühlbauer Rechtsanwälte,Rechtsanwalt/Rechtsanwältin in Teil- oder Vollzeit zur Festanstellung,Berlin,https://bmdd.de/kontakt-und-anfahrt/,2026-04-02,2026-04-19,personal@bmdd.de
BMDD Buder & Mühlbauer Rechtsanwälte,Rechtsanwalt/Rechtsanwältin in Teil- oder Vollzeit zur Festanstellung,Leipzig,https://bmdd.de/kontakt-und-anfahrt/,2026-04-02,2026-04-19,personal@bmdd.de
Kanzlei Siebert Lexow,Rechtsanwalt:in (m/w/d),Berlin,https://www.kanzlei-siebert.de/karriere/,2026-04-02,2026-04-19,info@siebert-lexow.de
Kanzlei Siebert Lexow,Rechtsanwalt:in (m/w/d),Home Office,https://www.kanzlei-siebert.de/karriere/,2026-04-02,2026-04-19,info@siebert-lexow.de
Kanzlei Siebert Lexow,Projektmanager IT (m/w/d),Berlin,https://www.kanzlei-siebert.de/karriere/,2026-04-02,2026-04-19,info@siebert-lexow.de
Kanzlei Siebert Lexow,Projektmanager IT (m/w/d),Home Office,https://www.kanzlei-siebert.de/karriere/,2026-04-02,2026-04-19,info@siebert-lexow.de
"BUSE HERZ GRUNST Rechtsanwälte Berlin II | Medienrecht, Strafrecht, Urheberrecht",Rechtsanwaltsfachangestellte (m/w/d) in Voll- oder Teilzeit,Homeoffice,https://www.kanzlei.law/unser-team/karriere/,2026-04-02,2026-04-19,herz@kanzlei.law
"BUSE HERZ GRUNST Rechtsanwälte Berlin II | Medienrecht, Strafrecht, Urheberrecht",Bürofachkraft (m/w/d) in Voll- oder Teilzeit,Berlin-Köpenick,https://www.kanzlei.law/unser-team/karriere/,2026-04-02,2026-04-19,herz@kanzlei.law
"BUSE HERZ GRUNST Rechtsanwälte Berlin II | Medienrecht, Strafrecht, Urheberrecht",Studentischer Mitarbeiter/ Werkstudent (m/w/d) für das Sekretariat,Berlin-Köpenick,https://www.kanzlei.law/unser-team/karriere/,2026-04-02,2026-04-19,herz@kanzlei.law
Matuschewski Rechtsanwälte,Referendare (Anwalts- oder Wahlstation),Berlin,http://www.ra-matuschewski.de/karierre.html,2026-04-02,2026-04-19,matuschewski@ra-matuschewski.de
Matuschewski Rechtsanwälte,Praktikanten,Berlin,http://www.ra-matuschewski.de/karierre.html,2026-04-02,2026-04-19,matuschewski@ra-matuschewski.de
Lawyers and notaries Betz rocket-Dombek,Notariatsfachangestellte (m/w/d) in Teilzeit oder Vollzeit,Berlin,http://www.robe.org/de/online-bewerbung?plgvfformview_2_0bewerbung=RA-Fachangestellte%20(m/w/d)%20in%20Teilzeit%20oder%20Vollzeit,2026-04-02,2026-04-19,
Lawyers and notaries Betz rocket-Dombek,Rechtsanwaltsfach- und Notarfachangestellte (ReNos),Berlin,http://www.robe.org/de/online-bewerbung?plgvfformview_2_0bewerbung=Rechtsanwaltsfach-%20und%20Notarfachangestellte/r,2026-04-02,2026-04-19,
Lawyers and notaries Betz rocket-Dombek,Qualifizierte Rechtsreferendare/innen im Familienrecht,Berlin,http://www.robe.org/de/online-bewerbung?plgvfformview_2_0bewerbung=Rechtsreferendar/in%20im%20Familienrecht,2026-04-02,2026-04-19,
Lawyers and notaries Betz rocket-Dombek,Qualifizierte Rechtsreferendare/innen im Arbeitsrecht,Berlin,http://www.robe.org/de/online-bewerbung?plgvfformview_2_0bewerbung=Rechtsreferendar/in%20im%20Arbeitsrecht,2026-04-02,2026-04-19,
Bornheim und Partner Rechtsanwälte,Rechtsanwalt / Rechtsanwältin (m/w/d) im Immobilienrecht,Heidelberg,https://www.bornheim.com/stellenangebote/rechtsanwalt-rechtsanwaeltin-m-w-d-im-immobilienrecht/,2026-04-02,2026-04-19,
Daryai Kuo & Partner Rechtsanwälte und Notar,Rechtsanwalt (m/w/d),Berlin,https://www.dk-ra.de/karriere/rechtsanwalt-m-w-d/,2026-04-02,2026-04-19,
Daryai Kuo & Partner Rechtsanwälte und Notar,Auszubildende*n als Rechtsanwalts- und Notarfachangestellte*n,Berlin,https://www.dk-ra.de/karriere/auszubildender-als-rechtsanwalts-und-notarfachangestellter/,2026-04-02,2026-04-19,
Daryai Kuo & Partner Rechtsanwälte und Notar,student. Mitarbeiter*in,Berlin,https://www.dk-ra.de/karriere/student-mitarbeiter-in/,2026-04-02,2026-04-19,
akm Rechtsanwält*innen,Rechtsanwaltsfachangestellte*/r (w/d/m),Berlin,http://akm-berlin.de/Stellenangebote.php,2026-04-02,2026-04-19,
akm Rechtsanwält*innen,Referendar*in oder Praktikant*in,Berlin,http://akm-berlin.de/Stellenangebote.php,2026-04-02,2026-04-19,
Rotwang Law (Rechtsanwälte),Rechtsanwält*in (m/w/d),Berlin,https://rotwang-law.de/karriere/,2026-04-02,2026-04-19,kontakt@rotwang-law.de
Rotwang Law (Rechtsanwälte),Rechtsanwaltsfachangestellte (m/w/d),Berlin,https://rotwang-law.de/karriere/,2026-04-02,2026-04-19,kontakt@rotwang-law.de
Rotwang Law (Rechtsanwälte),Marketing-Manager:in (m/w/d),Berlin,https://rotwang-law.de/karriere/,2026-04-02,2026-04-19,kontakt@rotwang-law.de
Rotwang Law (Rechtsanwälte),Marketing-Werkstudent:in (m/w/d),Berlin,https://rotwang-law.de/karriere/,2026-04-02,2026-04-19,kontakt@rotwang-law.de
Dr. Thomas Schulte Rechtsanwalt,Jurist:in für projektbasierte Mitarbeit,Remote,https://www.dr-schulte.de/jurist-gesucht/,2026-04-02,2026-04-19,dr.schulte@dr-schulte.de
Vierhaus Kanzlei,Steuerassistenten Private Steuern,Berlin,https://www.vierhaus-kanzlei.de/karriere/stellenanzeigen/steuerassistenten-private-steuern,2026-04-02,2026-04-19,bewerbung@vierhaus-kanzlei.de
Vierhaus Kanzlei,Steuerassistenten Private Steuern,Potsdam,https://www.vierhaus-kanzlei.de/karriere/stellenanzeigen/steuerassistenten-private-steuern,2026-04-02,2026-04-19,bewerbung@vierhaus-kanzlei.de
"Gregor Samimi, Fachanwalt für Verkehrsrecht, Strafrecht & Versicherungsrecht",Rechtsreferendariat (m/w/d),Berlin,https://www.ra-samimi.de/jobs-und-karriere/,2026-04-02,2026-04-19,kanzlei@ra-samimi.de
LEGAL SMART Rechtsanwaltsgesellschaft mbH,Rechtsanwalt (m/w/d) Volljurist:in in Voll-/Teilzeit,Berlin-Steglitz,https://www.legalsmart.de/karriere/karriere_ra.php,2026-04-02,2026-04-19,info@legalsmart.de
LEGAL SMART Rechtsanwaltsgesellschaft mbH,Rechtsanwaltsfachangestellte (m/w/d) Voll- und Teilzeit,Berlin-Steglitz,https://www.legalsmart.de/karriere/karriere_refa.php,2026-04-02,2026-04-19,info@legalsmart.de
Schließer Zab & Partner,Rechtsanwaltsfachangestellte (m/w/d),Berlin,http://www.szup.de/Stellenangebote,2026-04-02,2026-04-19,info@szup.de
Dr. Schulze Steuerberater und Rechtsanwalt,Steuerfachangestellte (m/w/d) in Vollzeit oder Teilzeit,Berlin Adlershof,https://drschulze-recht.de/stellenangebot-steuerfachangestellte/,2026-04-02,2026-04-19,info@drschulze-recht.de
Dr. Schulze Steuerberater und Rechtsanwalt,Bilanzbuchhalter (m/w/d) in Vollzeit oder Teilzeit,Berlin Adlershof,https://drschulze-recht.de/stellenangebot-bilanzbuchhalter/,2026-04-02,2026-04-19,info@drschulze-recht.de
Breyer Rechtsanwälte PartmbB I Berlin,"Rechtsanwalt (m/w/d) für die Bereiche privates Bau- und Architektenrecht, Vergaberecht, Immobilienwirtschaftsrecht",Stuttgart,https://breyer-rechtsanwaelte.de/stellenangebot/rechtsanwalt-m-w-d-fuer-die-bereiche-privates-bau-und-architektenrecht-vergaberecht-immobilienwirtschaftsrecht/,2026-04-02,2026-04-19,
Breyer Rechtsanwälte PartmbB I Berlin,"Rechtsanwalt (m/w/d) für die Bereiche privates Bau- und Architektenrecht, Immobilienwirtschaftsrecht",Frankfurt,https://breyer-rechtsanwaelte.de/stellenangebot/rechtsanwalt-m-w-d-fuer-die-bereiche-privates-bau-und-architektenrecht-immobilienwirtschaftsrecht/,2026-04-02,2026-04-19,
Breyer Rechtsanwälte PartmbB I Berlin,"Rechtsanwalt (m/w/d) für die Bereiche privates Bau- und Architektenrecht, Vergaberecht, Immobilienwirtschaftsrecht",München,https://breyer-rechtsanwaelte.de/stellenangebot/rechtsanwalt-m-w-d-fuer-die-bereiche-privates-bau-und-architektenrecht-vergaberecht-immobilienwirtschaftsrecht-2/,2026-04-02,2026-04-19,
Breyer Rechtsanwälte PartmbB I Berlin,"Rechtsanwalt (m/w/d) für die Bereiche privates Bau- und Architektenrecht, Vergaberecht, Immobilienwirtschaftsrecht",Berlin,https://breyer-rechtsanwaelte.de/stellenangebot/rechtsanwalt-m-w-d-fuer-die-bereiche-privates-bau-und-architektenrecht-vergaberecht-immobilienwirtschaftsrecht-3/,2026-04-02,2026-04-19,
BridgehouseLaw Germany - Standort Berlin,RECHTSANWALTSFACHANGESTELLTE(R) (M/W/D),Berlin,https://bridgehouselaw.de/karriere/,2026-04-02,2026-04-19,berlin@bridgehouselaw.de
"ADAC Vertragsanwalt Thomas Lehmann, Rechtsanwalt und Fachanwalt für Verkehrsrecht",Fachanwalt Verkehrsrecht,Zentrale/Unbekannt,,2026-04-02,2026-04-19,
"Anwaltskanzlei Heckmann, Kanzlei für Privatinsolvenz und Schuldnerberatung Treptow-Köpenik","Jobs für Studierende (m/w/d) z.B. aus dem Bereich Jura oder Informatik oder einem kaufmännischen Bereich, flexible Arbeitszeiten ab 5h pro Woche, gute Vergütung",Berlin,https://www.heckmann.net/stellenangebote/,2026-04-02,2026-04-19,RA@Heckmann.net
Anwaltskanzlei Kleine & Kollegen,Referendarin oder Referendar,Berlin,https://rakleine.de/jobs-karriere/,2026-04-02,2026-04-19,berlin@rakleine.de
Bredereck Willkomm Rechtsanwälte,Rechtsanwalt (m/w/d) Arbeitsrecht,Lichtenow,https://fernsehanwalt.de/jobs/,2026-04-02,2026-04-19,berlin@recht-bw.de
Bredereck Willkomm Rechtsanwälte,Systemadministrator (m/w/d),Lichtenow,https://fernsehanwalt.de/jobs/,2026-04-02,2026-04-19,berlin@recht-bw.de
"Dipl.-Ök. Bergit Munk-Gahtow, Steuerberaterin",Steuerfachangestellte/r + Lohnbuchhalter/in,Berlin,http://www.stbmunk.de/steuerfachangestellter-lohnbuchhalterin-gesucht,2026-04-02,2026-04-19,
Kanzlei Amigo Gorski,Buchhalter:innen und/oder Steuerfachangestellte (d/w/m),Berlin,https://www.amigo-kanzlei.de/post/wir-stellen-buchhalter-innen-und-oder-steuerfachangestellte-d-w-m-ein,2026-04-02,2026-04-19,
böhm anwaltskanzlei.,Referendar Anwalts- oder Wahlstation (m/w/d),Berlin,https://boehmanwaltskanzlei.de/karriere,2026-04-02,2026-04-19,mail@boehmkanz.de
Kanzlei Runge & Partner,Steuerfachangestellte (m/w/d),Berlin,https://runge-und-partner.de/steuerberater-karriere/,2026-04-02,2026-04-19,kanzlei@runge-und-partner.de
TOP ADAC Anwalt Martin Renke ᐅ Rechtsanwalt und Fachanwalt für Verkehrsrecht,Fachanwalt Verkehrsrecht,Zentrale/Unbekannt,,2026-04-02,2026-04-19,
Rechtsanwälte Damrath und Pahl GbR,Rechtsanwalt,Berlin,,2026-04-02,2026-04-19,
PÖTTER - Rechtsanwälte Notar,Notarfachangestellte/r,Berlin,https://www.kanzlei-poetter.de/karriere/,2026-04-02,2026-04-19,Berlin@Kanzlei-POETTER.de
Martin Gutsche,Notarfachangestellte*r (m/w/d),Berlin,https://www.gutsche-notar.de/karriere/#bewerbung,2026-04-02,2026-04-19,
Martin Gutsche,Studentische Mitarbeiter (m/w/d),Berlin,https://www.gutsche-notar.de/karriere/#bewerbung,2026-04-02,2026-04-19,
"Dr. Stracke, Bubenzer & Partner Rechtsanwälte und Notare",Notarfachangestellte(r) (m/w/d),Bielefeld,https://ra-stracke.de/,2026-04-02,2026-04-19,notar@ra-stracke.de
BRANDI Rechtsanwälte Partnerschaft mbB,Rechtsanwältin / Rechtsanwalt (m/w/d) öffentliches Recht,Paderborn,http://www.brandi.net/ueber-brandi/karriere/rechtsanwaelte/paderborn-rechtsanwaeltin-rechtsanwalt-mwd-oeffentliches-recht,2026-04-02,2026-04-24,paderborn@brandi.net
BRANDI Rechtsanwälte Partnerschaft mbB,Rechtsanwältin / Rechtsanwalt (m/w/d) im Arbeitsrecht,Paderborn,http://www.brandi.net/ueber-brandi/karriere/rechtsanwaelte/paderborn-rechtsanwaeltin-rechtsanwalt-m-w-d-im-arbeitsrecht,2026-04-02,2026-04-24,paderborn@brandi.net
BRANDI Rechtsanwälte Partnerschaft mbB,Rechtsanwältin / Rechtsanwalt (m/w/d) ziviles Wirtschaftsrecht,Detmold,http://www.brandi.net/ueber-brandi/karriere/rechtsanwaelte/detmold-rechtsanwaeltin-rechtsanwalt-mwd-ziviles-wirtschaftsrecht,2026-04-02,2026-04-24,detmold@brandi.net
BRANDI Rechtsanwälte Partnerschaft mbB,"Rechtsanwältin / Rechtsanwalt (m/w/d) Bau-, Architekten- und Vergaberecht",Bielefeld,http://www.brandi.net/ueber-brandi/karriere/rechtsanwaelte/bielefeld-rechtsanwaeltin-rechtsanwalt-mwd-bau-architekten-und-vergaberecht,2026-04-02,2026-04-24,bielefeld@brandi.net
BRANDI Rechtsanwälte Partnerschaft mbB,"Rechtsanwältin / Rechtsanwalt (m/w/d) Gesellschaftsrecht, Insolvenzrecht und Transaktionsgeschäft (M&A)",Bielefeld,http://www.brandi.net/ueber-brandi/karriere/rechtsanwaelte/bielefeld-rechtsanwaeltin-rechtsanwalt-m-w-d-gesellschaftsrecht-insolvenzrecht-und-transaktionsgeschaeft-ma,2026-04-02,2026-04-24,bielefeld@brandi.net
BRANDI Rechtsanwälte Partnerschaft mbB,Rechtsanwältin / Rechtsanwalt (m/w/d) öffentliches Recht,Minden,http://www.brandi.net/ueber-brandi/karriere/rechtsanwaelte/minden-rechtsanwaeltin-rechtsanwalt-mwd-oeffentliches-recht,2026-04-02,2026-04-24,minden@brandi.net
BRANDI Rechtsanwälte Partnerschaft mbB,Rechtsanwältin / Rechtsanwalt (m/w/d) Gesellschaftsrecht und Transaktionsgeschäft,Gütersloh,http://www.brandi.net/ueber-brandi/karriere/rechtsanwaelte/guetersloh-rechtsanwaeltin-/-rechtsanwalt-m/w/d-gesellschaftsrecht-und-transaktionsgeschaeft,2026-04-02,2026-04-24,guetersloh@brandi.net
BRANDI Rechtsanwälte Partnerschaft mbB,Rechtsanwältin / Rechtsanwalt (m/w/d) Gesellschaftsrecht und Steuerrecht,Gütersloh,http://www.brandi.net/ueber-brandi/karriere/rechtsanwaelte/guetersloh-guetersloh-rechtsanwaeltin-/-rechtsanwalt-m/w/d-gesellschaftsrecht-und-steuerrecht,2026-04-02,2026-04-24,guetersloh@brandi.net
BRANDI Rechtsanwälte Partnerschaft mbB,Rechtsanwältin / Rechtsanwalt (m/w/d) Arbeitsrecht,Hannover,http://www.brandi.net/ueber-brandi/karriere/rechtsanwaelte/hannover-rechtsanwaeltin-rechtsanwalt-mwd-arbeitsrecht,2026-04-02,2026-04-24,hannover@brandi.net
BRANDI Rechtsanwälte Partnerschaft mbB,Rechtsanwältin / Rechtsanwalt (m/w/d) Gesellschaftsrecht und Transaktionsgeschäft,Hannover,http://www.brandi.net/ueber-brandi/karriere/rechtsanwaelte/hannover-rechtsanwalt-mwd-gesellschaftsrecht-und-transaktionsgeschaeft,2026-04-02,2026-04-24,hannover@brandi.net
BRANDI Rechtsanwälte Partnerschaft mbB,Referendare (m/w/d),Bielefeld,http://www.brandi.net/ueber-brandi/karriere/referendare/bielefeld-referendare-mwd,2026-04-02,2026-04-24,bielefeld@brandi.net
BRANDI Rechtsanwälte Partnerschaft mbB,Referendare (m/w/d),Gütersloh,http://www.brandi.net/ueber-brandi/karriere/referendare/guetersloh-referendare-mwd,2026-04-02,2026-04-24,guetersloh@brandi.net
BRANDI Rechtsanwälte Partnerschaft mbB,Referendare (m/w/d),Minden,http://www.brandi.net/ueber-brandi/karriere/referendare/minden-referendare-mwd,2026-04-02,2026-04-24,minden@brandi.net
BRANDI Rechtsanwälte Partnerschaft mbB,Referendare (m/w/d),Detmold,http://www.brandi.net/ueber-brandi/karriere/referendare/detmold-referendare-mwd,2026-04-02,2026-04-24,detmold@brandi.net
BRANDI Rechtsanwälte Partnerschaft mbB,Referendare (m/w/d),Hannover,http://www.brandi.net/ueber-brandi/karriere/referendare/hannover-referendare-mwd,2026-04-02,2026-04-24,hannover@brandi.net
BRANDI Rechtsanwälte Partnerschaft mbB,Referendare (m/w/d),Paderborn,http://www.brandi.net/ueber-brandi/karriere/referendare/paderborn-referendare-mwd,2026-04-02,2026-04-24,paderborn@brandi.net
BRANDI Rechtsanwälte Partnerschaft mbB,Rechtsanwaltsfachangestellte/r oder Rechtsfachwirt/in (m/w/d),Bielefeld,http://www.brandi.net/ueber-brandi/karriere/mitarbeiter/bielefeld-rechtsanwaltsfachangestellte-r-oder-rechtsfachwirt-in-m-w-d,2026-04-02,2026-04-24,bielefeld@brandi.net
BRANDI Rechtsanwälte Partnerschaft mbB,Rechtsanwalts- und Notarfachangestellte (m/w/d),Paderborn,http://www.brandi.net/ueber-brandi/karriere/mitarbeiter/paderborn-rechtsanwalts-und-notarfachangestellte-mwd,2026-04-02,2026-04-24,paderborn@brandi.net
BRANDI Rechtsanwälte Partnerschaft mbB,Rechtsanwalts- und Notarfachangestellte (m/w/d),Minden,http://www.brandi.net/ueber-brandi/karriere/mitarbeiter/minden-rechtsanwalts-und-notarfachangestellte-mwd,2026-04-02,2026-04-24,minden@brandi.net
BRANDI Rechtsanwälte Partnerschaft mbB,Rechtsanwalts- und Notarfachangestellte (m/w/d),Detmold,http://www.brandi.net/ueber-brandi/karriere/mitarbeiter/detmold-rechtsanwalts-und-notarfachangestellte-mwd,2026-04-02,2026-04-24,detmold@brandi.net
BRANDI Rechtsanwälte Partnerschaft mbB,Notarfachangestellte oder Notarfachwirte (m/w/d),Hannover,http://www.brandi.net/ueber-brandi/karriere/mitarbeiter/hannover-notarfachangestellte-oder-notarfachwirte-mwd,2026-04-02,2026-04-24,hannover@brandi.net
BRANDI Rechtsanwälte Partnerschaft mbB,Rechtsanwaltsfachangestellte (m/w/d) bzw. Rechtsanwalts- und Notarfachangestellte (m/w/d),Bielefeld,http://www.brandi.net/ueber-brandi/karriere/mitarbeiter/bielefeld-rechtsanwaltsfachangestellte-mwd-bzw-rechtsanwalts-und-notarfachangestellte-mwd,2026-04-02,2026-04-24,bielefeld@brandi.net
BRANDI Rechtsanwälte Partnerschaft mbB,Notarfachangestellte oder Notarfachwirte (m/w/d),Bielefeld,http://www.brandi.net/ueber-brandi/karriere/mitarbeiter/bielefeld-notarfachangestellte-oder-notarfachwirte-mwd,2026-04-02,2026-04-24,bielefeld@brandi.net
BRANDI Rechtsanwälte Partnerschaft mbB,Notarfachangestellte oder Notarfachwirte (m/w/d),Gütersloh,http://www.brandi.net/ueber-brandi/karriere/mitarbeiter/guetersloh-notarfachangestellte-oder-notarfachwirte-mwd,2026-04-02,2026-04-24,guetersloh@brandi.net
BRANDI Rechtsanwälte Partnerschaft mbB,Notarfachangestellte oder Notarfachwirte (m/w/d),Minden,http://www.brandi.net/ueber-brandi/karriere/mitarbeiter/minden-notarfachangestellte-oder-notarfachwirte-mwd,2026-04-02,2026-04-24,minden@brandi.net
BRANDI Rechtsanwälte Partnerschaft mbB,Auszubildende (m/w/d),Bielefeld,http://www.brandi.net/ueber-brandi/karriere/auszubildende/bielefeld-auszubildende-mwd,2026-04-02,2026-04-24,bielefeld@brandi.net
BRANDI Rechtsanwälte Partnerschaft mbB,Auszubildende (m/w/d),Hannover,http://www.brandi.net/ueber-brandi/karriere/auszubildende/hannover-auszubildende-mwd,2026-04-02,2026-04-24,hannover@brandi.net
BRANDI Rechtsanwälte Partnerschaft mbB,Auszubildende (m/w/d),Paderborn,http://www.brandi.net/ueber-brandi/karriere/auszubildende/paderborn-auszubildende-mwd,2026-04-02,2026-04-24,paderborn@brandi.net
BRANDI Rechtsanwälte Partnerschaft mbB,Auszubildende (m/w/d),Gütersloh,http://www.brandi.net/ueber-brandi/karriere/auszubildende/guetersloh-auszubildende-mwd,2026-04-02,2026-04-24,guetersloh@brandi.net
BRANDI Rechtsanwälte Partnerschaft mbB,Auszubildende (m/w/d),Minden,http://www.brandi.net/ueber-brandi/karriere/auszubildende/minden-auszubildende-mwd,2026-04-02,2026-04-24,minden@brandi.net
BRANDI Rechtsanwälte Partnerschaft mbB,Praktikanten (m/w/d),Bielefeld,http://www.brandi.net/ueber-brandi/karriere/praktikanten/bielefeld-praktikanten-mwd,2026-04-02,2026-04-24,bielefeld@brandi.net
BRANDI Rechtsanwälte Partnerschaft mbB,Praktikanten (m/w/d),Hannover,http://www.brandi.net/ueber-brandi/karriere/praktikanten/hannover-praktikanten-mwd,2026-04-02,2026-04-24,hannover@brandi.net
BRANDI Rechtsanwälte Partnerschaft mbB,Praktikanten (m/w/d),Paderborn,http://www.brandi.net/ueber-brandi/karriere/praktikanten/paderborn-praktikanten-mwd,2026-04-02,2026-04-24,paderborn@brandi.net
BRANDI Rechtsanwälte Partnerschaft mbB,Praktikanten (m/w/d),Detmold,http://www.brandi.net/ueber-brandi/karriere/praktikanten/detmold-praktikanten-mwd,2026-04-02,2026-04-24,detmold@brandi.net
BRANDI Rechtsanwälte Partnerschaft mbB,Praktikanten (m/w/d),Minden,http://www.brandi.net/ueber-brandi/karriere/praktikanten/minden-praktikanten-mwd,2026-04-02,2026-04-24,minden@brandi.net
BRANDI Rechtsanwälte Partnerschaft mbB,Wissenschaftliche Mitarbeiter im Bereich Datenschutz - Initiativbewerbung (m/w/d),Bielefeld,http://www.brandi.net/ueber-brandi/karriere/juristische-mitarbeitende/bielefeld-wissenschaftliche-mitarbeiter-im-bereich-datenschutz-initiativbewerbung-m-w-d,2026-04-02,2026-04-24,bielefeld@brandi.net
BRANDI Rechtsanwälte Partnerschaft mbB,"Wissenschaftliche Mitarbeitende (m/w/d) im Bereich Corporate / M&A, Insolvenzrecht",Bielefeld,http://www.brandi.net/ueber-brandi/karriere/juristische-mitarbeitende/bielefeld-wissenschaftliche-mitarbeitende-m-w-d-im-bereich-corporate-ma-insolvenzrecht,2026-04-02,2026-04-24,bielefeld@brandi.net
BRANDI Rechtsanwälte Partnerschaft mbB,Juristische Mitarbeitende (m/w/d),Paderborn,http://www.brandi.net/ueber-brandi/karriere/juristische-mitarbeitende/paderborn-juristische-mitarbeitende-mwd,2026-04-02,2026-04-24,paderborn@brandi.net
BRANDI Rechtsanwälte Partnerschaft mbB,drei Promotionsstellen (m/w/d),Hannover,http://www.brandi.net/ueber-brandi/karriere/juristische-mitarbeitende/hannover-drei-promotionsstellen-mwd,2026-04-02,2026-04-24,hannover@brandi.net
Genadi Lewinski,Juristinnen und Juristen,Bielefeld,https://ra-lewinski.de/karriere/,2026-04-02,2026-04-19,info@ra-lewinski.de
"Kanzlei Becker Baurecht - Fachanwalt für Bau- und Architektenrecht, Bielefeld",Rechtsanwaltsfachangestellte/n oder Rechtsanwalts- und Notarfachangestellte/n (m/w/d),Hannover,https://www.becker-baurecht.nrw/includes/karriere.php,2026-04-02,2026-04-19,a.kasper@becker-baurecht.de
"Kanzlei Becker Baurecht - Fachanwalt für Bau- und Architektenrecht, Bielefeld",Rechtsanwältin bzw. Rechtsanwalt (m/w/d),Hannover,https://www.becker-baurecht.nrw/includes/karriere.php,2026-04-02,2026-04-19,a.kasper@becker-baurecht.de
"Rechtsanwalt Behrens Lars H., Fachanwalt für Arbeitsrecht, weitere Tätigkeitsschwerpunkte Strafrecht und Verkehrsrecht",Auszubildende/n zur/zum Rechtsanwalts- und Notarfachangestelle/n,Bochum,https://theo-schmidt.de/karriere/,2026-04-02,2026-04-19,kanzlei@theo-schmidt.de
AULINGER lawyers and notaries,Rechtsanwalt (m/w/d) Vergaberecht,Essen,https://www.aulinger.eu/karriere/stellenangebote/,2026-04-02,2026-04-19,
AULINGER lawyers and notaries,Volljurist (m/w/d) Rechtspfleger (m/w/d),Bochum,https://www.aulinger.eu/karriere/stellenangebote/,2026-04-02,2026-04-19,
AULINGER lawyers and notaries,Notarfachangestellte (m/w/d) Notarfachwirte (m/w/d) Notarfachreferenten (m/w/d),Bochum,https://www.aulinger.eu/karriere/stellenangebote/,2026-04-02,2026-04-19,
AULINGER lawyers and notaries,Notarfachangestellte (m/w/d) Notarfachwirte (m/w/d) Notarfachreferenten (m/w/d),Essen,https://www.aulinger.eu/karriere/stellenangebote/,2026-04-02,2026-04-19,
AULINGER lawyers and notaries,Ausbildung als Rechtsanwalts- und Notarfachangestellter (m/w/d),Bochum,https://www.aulinger.eu/karriere/stellenangebote/,2026-04-02,2026-04-19,
"Fachanwälte Erbrecht & Steuerrecht Bochum | Scheidt, Kalthoff & Partner",Rechtsanwalt / Rechtsanwältin für Erbrecht (m/w/d),Duisburg,https://rechtsanwaelte-gsp.de/karriere/stellenanzeige-rechtsanwalt/,2026-04-02,2026-04-19,Scheidt@rae-gsp.de
"Fachanwälte Erbrecht & Steuerrecht Bochum | Scheidt, Kalthoff & Partner",Rechtsanwalt / Rechtsanwältin für Erbrecht (m/w/d),Essen,https://rechtsanwaelte-gsp.de/karriere/stellenanzeige-rechtsanwalt/,2026-04-02,2026-04-19,Scheidt@rae-gsp.de
"Fachanwälte Erbrecht & Steuerrecht Bochum | Scheidt, Kalthoff & Partner",Rechtsanwalt / Rechtsanwältin für Erbrecht (m/w/d),Bochum,https://rechtsanwaelte-gsp.de/karriere/stellenanzeige-rechtsanwalt/,2026-04-02,2026-04-19,Scheidt@rae-gsp.de
"Fachanwälte Erbrecht & Steuerrecht Bochum | Scheidt, Kalthoff & Partner",Rechtsanwalt / Rechtsanwältin für Erbrecht (m/w/d),Dortmund,https://rechtsanwaelte-gsp.de/karriere/stellenanzeige-rechtsanwalt/,2026-04-02,2026-04-19,Scheidt@rae-gsp.de
"Fachanwälte Erbrecht & Steuerrecht Bochum | Scheidt, Kalthoff & Partner",Rechtsanwalt / Rechtsanwältin für Erbrecht (m/w/d),Düsseldorf,https://rechtsanwaelte-gsp.de/karriere/stellenanzeige-rechtsanwalt/,2026-04-02,2026-04-19,Scheidt@rae-gsp.de
"Fachanwälte Erbrecht & Steuerrecht Bochum | Scheidt, Kalthoff & Partner",Rechtsanwalt / Rechtsanwältin für Erbrecht (m/w/d),Berlin,https://rechtsanwaelte-gsp.de/karriere/stellenanzeige-rechtsanwalt/,2026-04-02,2026-04-19,Scheidt@rae-gsp.de
"Fachanwälte Erbrecht & Steuerrecht Bochum | Scheidt, Kalthoff & Partner",Rechtsanwalt / Rechtsanwältinfür Zivilrecht (m/w/d),Duisburg,https://rechtsanwaelte-gsp.de/karriere/rechtsanwalt-zivilrecht-stellenanzeige/,2026-04-02,2026-04-19,Scheidt@rae-gsp.de
"Fachanwälte Erbrecht & Steuerrecht Bochum | Scheidt, Kalthoff & Partner",Rechtsanwalt / Rechtsanwältinfür Zivilrecht (m/w/d),Essen,https://rechtsanwaelte-gsp.de/karriere/rechtsanwalt-zivilrecht-stellenanzeige/,2026-04-02,2026-04-19,Scheidt@rae-gsp.de
"Fachanwälte Erbrecht & Steuerrecht Bochum | Scheidt, Kalthoff & Partner",Rechtsanwalt / Rechtsanwältinfür Zivilrecht (m/w/d),Bochum,https://rechtsanwaelte-gsp.de/karriere/rechtsanwalt-zivilrecht-stellenanzeige/,2026-04-02,2026-04-19,Scheidt@rae-gsp.de
"Fachanwälte Erbrecht & Steuerrecht Bochum | Scheidt, Kalthoff & Partner",Rechtsanwalt / Rechtsanwältinfür Zivilrecht (m/w/d),Dortmund,https://rechtsanwaelte-gsp.de/karriere/rechtsanwalt-zivilrecht-stellenanzeige/,2026-04-02,2026-04-19,Scheidt@rae-gsp.de
"Fachanwälte Erbrecht & Steuerrecht Bochum | Scheidt, Kalthoff & Partner",Rechtsanwalt / Rechtsanwältinfür Zivilrecht (m/w/d),Düsseldorf,https://rechtsanwaelte-gsp.de/karriere/rechtsanwalt-zivilrecht-stellenanzeige/,2026-04-02,2026-04-19,Scheidt@rae-gsp.de
"Fachanwälte Erbrecht & Steuerrecht Bochum | Scheidt, Kalthoff & Partner",Rechtsanwalt / Rechtsanwältinfür Zivilrecht (m/w/d),Berlin,https://rechtsanwaelte-gsp.de/karriere/rechtsanwalt-zivilrecht-stellenanzeige/,2026-04-02,2026-04-19,Scheidt@rae-gsp.de
Dr. Ulbrich & Kaminski Rechtsanwälte,Rechts- und Notarfachangestellte (m/w/d),Bochum,https://jobs.ulbrich-kaminski.de/offene-stellen/,2026-04-02,2026-04-19,
Dr. Ulbrich & Kaminski Rechtsanwälte,Auszubildende (m/w/d),Bochum,https://jobs.ulbrich-kaminski.de/ausbildung/,2026-04-02,2026-04-19,
Kanzlei Nabhan Gäbler & Partner Rechtsanwalt Betriebswirt,Steuerfachangestellter/in (w/m/d),Zentrale/Unbekannt,https://www.kanzlei-partner.com/jobs,2026-04-02,2026-04-19,
Kanzlei Nabhan Gäbler & Partner Rechtsanwalt Betriebswirt,Steuerfachwirt/in (w/m/d),Zentrale/Unbekannt,https://www.kanzlei-partner.com/jobs,2026-04-02,2026-04-19,
Kanzlei Nabhan Gäbler & Partner Rechtsanwalt Betriebswirt,Steuerberater/in (w/m/d),Zentrale/Unbekannt,https://www.kanzlei-partner.com/jobs,2026-04-02,2026-04-19,
Kanzlei Nabhan Gäbler & Partner Rechtsanwalt Betriebswirt,Bilanzbuchhalter/in (w/m/d),Zentrale/Unbekannt,https://www.kanzlei-partner.com/jobs,2026-04-02,2026-04-19,
Kanzlei Nabhan Gäbler & Partner Rechtsanwalt Betriebswirt,Lohnbuchhalter/in (w/m/d),Zentrale/Unbekannt,https://www.kanzlei-partner.com/jobs,2026-04-02,2026-04-19,
Kanzlei Nabhan Gäbler & Partner Rechtsanwalt Betriebswirt,Rechtsanwaltsfachangestellte/r (w/m/d),Zentrale/Unbekannt,https://www.kanzlei-partner.com/jobs,2026-04-02,2026-04-19,
Kanzlei Nabhan Gäbler & Partner Rechtsanwalt Betriebswirt,Rechtsanwalt/in (w/m/d),Zentrale/Unbekannt,https://www.kanzlei-partner.com/jobs,2026-04-02,2026-04-19,
Kanzlei Nabhan Gäbler & Partner Rechtsanwalt Betriebswirt,Quereinsteiger (w/m/d),Zentrale/Unbekannt,https://www.kanzlei-partner.com/jobs,2026-04-02,2026-04-19,
Rechtsanwälte Scholl & Jülich,"Rechtsanwaltsfachangestellte (w/m/d), Teilzeit, flexibel",Bonn,http://rae-scholl-juelich.de/stellenangebote.html,2026-04-02,2026-04-19,kanzlei@rae-scholl-juelich.de
Rechtsanwälte Scholl & Jülich,Schreibkraft/Bürohilfe (w/m/d) auf geringfügiger Basis,Bonn,http://rae-scholl-juelich.de/stellenangebote.html,2026-04-02,2026-04-19,kanzlei@rae-scholl-juelich.de
Bad Godesberg Recht - Ihr Recht in guten Händen!,Business Development Manager (m/w/d),Homeoffice,https://www.domainprofi.com/de/karriere/,2026-04-02,2026-04-19,steinkamp@domainprofi.com
Bad Godesberg Recht - Ihr Recht in guten Händen!,Vertriebsmitarbeiter (m/w/d),Homeoffice,https://www.domainprofi.com/de/karriere/,2026-04-02,2026-04-19,steinkamp@domainprofi.com
Kazemi & Partner Rechtsanwälte Partnerschaftsgesellschaft,"RA (m/w) Datenschutz-, IP- und IT-Recht",Zentrale/Unbekannt,http://www.medi-ip.de/de/de/rechtsanwalt-datenschutz-ip-it-recht,2026-04-02,2026-04-19,kanzlei@medi-ip.de
Solmecke Rechtsanwälte PartGmbB,Rechtsanwalt (m/w/d),Zentrale/Unbekannt,https://www.solmecke.eu/rechtsanwalt/,2026-04-02,2026-04-24,
Solmecke Rechtsanwälte PartGmbB,Rechtsanwaltsfachangestellte in Vollzeit (w/m/d),Zentrale/Unbekannt,https://www.solmecke.eu/rechtsanwaltsfachangestellte/,2026-04-02,2026-04-24,
Solmecke Rechtsanwälte PartGmbB,Paralegal (m/w/d),Zentrale/Unbekannt,https://www.solmecke.eu/paralegal/,2026-04-02,2026-04-24,
Solmecke Rechtsanwälte PartGmbB,Kauffrau/-mann für Büromanagement (w/m/d),Zentrale/Unbekannt,https://www.solmecke.eu/kaufrau-mann/,2026-04-02,2026-04-24,
Solmecke Rechtsanwälte PartGmbB,Wissenschaftliche Mitarbeiter (w/m/d),Zentrale/Unbekannt,https://www.solmecke.eu/wissenschaftliche-mitarbeiter/,2026-04-02,2026-04-24,
Solmecke Rechtsanwälte PartGmbB,Referendare (w/m/d),Zentrale/Unbekannt,https://www.solmecke.eu/rechtsreferendare/,2026-04-02,2026-04-24,
Solmecke Rechtsanwälte PartGmbB,Auszubildende zur Rechtsanwaltsfachangestellten (w/m/d),Zentrale/Unbekannt,https://www.solmecke.eu/auszubildende-zur-rechtsanwaltsfachangestellten-w-m-d/,2026-04-02,2026-04-24,
Wittig Ünalp Rechtsanwälte PartGmbB,Empfangskraft,Bremen,https://www.ra-wittig.de/karriere/empfangskraft-mwd-bremen-gesucht/,2026-04-02,2026-04-19,bewerbung@ra-wittig.de
Wittig Ünalp Rechtsanwälte PartGmbB,Telefonistin,Bremen,https://www.ra-wittig.de/karriere/telefonist-telefonistin-bremen/,2026-04-02,2026-04-19,bewerbung@ra-wittig.de
Dr. Lohsin & Partner Rechtsanwälte und Notare,Notarfachangestellte/r / Notarfachwirt/in (m/w/d),Bremen-Mitte,https://lohsin-partner.de/stellen/notarfachangestellte-r-notarfachwirt-in-m-w-d-bei-dr-lohsin-and-partner,2026-04-02,2026-04-19,info@lohsin-partner.de
Dr. Lohsin & Partner Rechtsanwälte und Notare,Notarfachangestellte/r / Notarfachwirt/in (m/w/d),Bremen-Nord,https://lohsin-partner.de/stellen/notarfachangestellte-r-notarfachwirt-in-m-w-d-bei-dr-lohsin-and-partner,2026-04-02,2026-04-19,info@lohsin-partner.de
Dr. Lohsin & Partner Rechtsanwälte und Notare,Ausbildungsplatz zum 01.08.2026,Bremen,https://lohsin-partner.de/stellen/ausbildungsplatz-zum-01-08-2026,2026-04-02,2026-04-19,info@lohsin-partner.de
"Werk, Wurtz und Freidl - Rechtsanwälte und Notar",Rechtsanwalts- und Notarfachangestellt (m/w/d) für den Bereich Advokatur,Bremerhaven,http://www.werk-wurtz.de/download/Stellenanzeige.pdf,2026-04-02,2026-04-19,guido.wurtz@ra-wurtz.de
KESSLER Rechtsanwaltsgesellschaft mbH,Rechtsanwalt (m/w/d),Bremen,http://kessler-rs.com/rechtsanwalt/,2026-04-02,2026-04-19,
KESSLER Rechtsanwaltsgesellschaft mbH,Rechtsanwalts- und Notarfachangestellte (m/w/d),Bremen,http://kessler-rs.com/karriere-jobs/rechtsanwalts-und-notarfachangestellte/,2026-04-02,2026-04-19,
KESSLER Rechtsanwaltsgesellschaft mbH,Steuerberater (m/w/d),Bremen,http://kessler-rs.com/karriere-jobs/stellenangebot-steuerberater-steuerberaterin/,2026-04-02,2026-04-19,
KESSLER Rechtsanwaltsgesellschaft mbH,Steuerfachangestellter (m/w/d),Bremen,https://kessler-rs.com/wp-content/uploads/2026/02/Stellenanzeige_Steuerfachangestellte_26.02.2026.pdf,2026-04-02,2026-04-19,
rightmart GmbH,Sales-Agent:in im Vertrieb,Bremen,https://rightmart.group/jobs,2026-04-02,2026-04-19,jobs@rightmart.de
rightmart GmbH,Sales-Agent:in im Vertrieb,Berlin,https://rightmart.group/jobs,2026-04-02,2026-04-19,jobs@rightmart.de
rightmart GmbH,Sales-Agent:in im Vertrieb,Cottbus,https://rightmart.group/jobs,2026-04-02,2026-04-19,jobs@rightmart.de
rightmart GmbH,Entwickler:in im Development,Bremen,https://rightmart.group/jobs,2026-04-02,2026-04-19,jobs@rightmart.de
rightmart GmbH,Entwickler:in im Development,Berlin,https://rightmart.group/jobs,2026-04-02,2026-04-19,jobs@rightmart.de
rightmart GmbH,Entwickler:in im Development,Cottbus,https://rightmart.group/jobs,2026-04-02,2026-04-19,jobs@rightmart.de
rightmart GmbH,Redakteur:in im Marketing,Bremen,https://rightmart.group/jobs,2026-04-02,2026-04-19,jobs@rightmart.de
rightmart GmbH,Redakteur:in im Marketing,Berlin,https://rightmart.group/jobs,2026-04-02,2026-04-19,jobs@rightmart.de
rightmart GmbH,Redakteur:in im Marketing,Cottbus,https://rightmart.group/jobs,2026-04-02,2026-04-19,jobs@rightmart.de
Lawyer specializing in family law Torsten Bruns,Referendare (m/w/d) (Initiativbewerbung),Bremen,https://bruns-redmann.de/jobs/,2026-04-02,2026-04-19,kontakt@bruns-redmann.de
MTR Legal Rechtsanwälte,Rechtsreferendare,London,https://career.mtrlegal.com/stellenangebote/referendare/,2026-04-02,2026-04-19,career@mtrlegal.com
MTR Legal Rechtsanwälte,Rechtsreferendare,Paris,https://career.mtrlegal.com/stellenangebote/referendare/,2026-04-02,2026-04-19,career@mtrlegal.com
MTR Legal Rechtsanwälte,Rechtsreferendare,Amsterdam,https://career.mtrlegal.com/stellenangebote/referendare/,2026-04-02,2026-04-19,career@mtrlegal.com
Dr. Oliver Tieste,Sekretariat,Bremen,http://www.drtieste.de/Referendare.html,2026-04-02,2026-04-19,sekretariat@drtieste.de
Niedergesäß Stephan,"Sales Manager für Biometrieprodukte (m/w/d) Südeuropa, Vorderasien und Stan-Länder",Jena,https://www.xing.com/jobs/jena-sales-manager-biometrieprodukte-suedeuropa-vorderasien-stan-laender-149781448,2026-04-02,2026-04-19,
Niedergesäß Stephan,ProjektleiterIn Projektentwicklung (m/w/d),Münster,https://www.xing.com/jobs/muenster-projektleiterin-projektentwicklung-150191355,2026-04-02,2026-04-19,
Niedergesäß Stephan,Projektmanager mit Grafikexpertise (m/w/d),Dortmund,https://www.xing.com/jobs/dortmund-projektmanager-grafikexpertise-150173521,2026-04-02,2026-04-19,
Niedergesäß Stephan,Referent*in (m/w/d) Unternehmenskommunikation,Bremerhaven,https://www.xing.com/jobs/bremerhaven-referent-unternehmenskommunikation-151330712,2026-04-02,2026-04-19,
Niedergesäß Stephan,Sachgebietsleitung Baummanagement (m/w/d),Hamburg,https://hamburgerjobs.de/job/sachgebietsleitung-baummanagement-mwd-1903318?channable=07f3786964006a6f626c6f63616c5f313930333331382e&utm_source=xing&utm_medium=paid-partner&utm_campaign=0056_xing&utm_content=joblocal_1903318,2026-04-02,2026-04-19,
Niedergesäß Stephan,"Projektmanager EquiCrown, Schwerpunkt Kundenservice (w/m/d)",Aichach,https://www.xing.com/jobs/aichach-projektmanager-equicrown-schwerpunkt-kundenservice-152530724,2026-04-02,2026-04-19,
Niedergesäß Stephan,New Business Development Manager (m/w/d),Münster,https://www.xing.com/jobs/muenster-new-business-development-manager-150191353,2026-04-02,2026-04-19,
Niedergesäß Stephan,"Linienführer (all genders), befristet bis 31.01.2028",Berlin,https://www.xing.com/jobs/berlin-linienfuehrer-all-genders-befristet-31-01-2028-148212733,2026-04-02,2026-04-19,
Küchen I Berger I Thielbar Rechtsanwaltskanzlei & Notare,Rechtsanwaltsfachangestellte (m/w/d),Bremen,https://www.schlaetzer-kuechen.de/karriere,2026-04-02,2026-04-19,kanzlei@schlaetzer-kuechen.de
"Oltmanns, Heinemann & Coll. | Rechtsanwälte in Partnerschaft",Rechtsanwalts- und Notarfachkraft,Bremen,https://www.ohlegal.eu/karriere/,2026-04-02,2026-04-19,Oltmanns@ohlegal.eu
"Oltmanns, Heinemann & Coll. | Rechtsanwälte in Partnerschaft",Zentral- und Telefonkraft,Bremen,https://www.ohlegal.eu/karriere/,2026-04-02,2026-04-19,Oltmanns@ohlegal.eu
TOP ADAC Anwalt Oliver Berger ᐅ Rechtsanwalt und Fachanwalt für Verkehrsrecht,Fachanwalt Verkehrsrecht,Zentrale/Unbekannt,,2026-04-02,2026-04-19,
forum Partnerschaftsgesellschaft mbB - Rechtsberatung,Rechtsanwalt (m/w/d),Chemnitz,https://www.forum-ra.de/karriere,2026-04-02,2026-04-19,
forum Partnerschaftsgesellschaft mbB - Rechtsberatung,Rechtsreferendar (m/w/d),Chemnitz,https://www.forum-ra.de/karriere,2026-04-02,2026-04-19,
Hoffmann & Jung Rechtsanwälte,Rechtsanwaltsfachangestellte (M/W/D),Chemnitz,https://www.hoffmann-rechtsanwaelte.de/,2026-04-02,2026-04-19,
Knarr & Knopp Milde Netuschil Zimmer Rechtsanwälte Notare Fachanwälte,Rechtsanwalt (m/w/d),Darmstadt,https://www.rak-ffm.de/anzeigenmarkt/detailseite/rechtsanwalt-m-w-d-knarr-knopp-milde-netuschil-zimmer-rechtsanwaelte-partg-mbb/,2026-04-02,2026-04-19,darmstadt@knarr-knopp.de
Knarr & Knopp Milde Netuschil Zimmer Rechtsanwälte Notare Fachanwälte,Rechtsanwaltsfachengestellte(r) (m/w/d),Griesheim,http://rak-ffm.de/anzeigenmarkt/detailseite/rechtsanwaltsfachangestellte-n-m-w-d-knarr-knopp-milde-netuschil-zimmer-rechtsanwaelte-partg-mbb/,2026-04-02,2026-04-19,darmstadt@knarr-knopp.de
"Lawyers Kolb, Blickhan & Partner",Rechtsanwalt Datenschutz (m/w/d),Darmstadt,https://kolb-blickhan-partner.de/karriere/rechtsanwalt-ip-it-und-datenschutzrecht/,2026-04-02,2026-04-19,
"Lawyers Kolb, Blickhan & Partner",Rechtsanwalt Datenschutz (m/w/d),Mainz,https://kolb-blickhan-partner.de/karriere/rechtsanwalt-ip-it-und-datenschutzrecht/,2026-04-02,2026-04-19,
"Lawyers Kolb, Blickhan & Partner",Rechtsanwalt Datenschutz (m/w/d),Mannheim,https://kolb-blickhan-partner.de/karriere/rechtsanwalt-ip-it-und-datenschutzrecht/,2026-04-02,2026-04-19,
"Lawyers Kolb, Blickhan & Partner",Rechtsanwalt Arbeitsrecht (m/w/d),Darmstadt,https://kolb-blickhan-partner.de/karriere/rechtsanwalt-m-w-d-arbeitsrecht-datenschutz/,2026-04-02,2026-04-19,
"Lawyers Kolb, Blickhan & Partner",Rechtsanwalt Arbeitsrecht (m/w/d),Mainz,https://kolb-blickhan-partner.de/karriere/rechtsanwalt-m-w-d-arbeitsrecht-datenschutz/,2026-04-02,2026-04-19,
"Lawyers Kolb, Blickhan & Partner",Rechtsanwalt Arbeitsrecht (m/w/d),Mannheim,https://kolb-blickhan-partner.de/karriere/rechtsanwalt-m-w-d-arbeitsrecht-datenschutz/,2026-04-02,2026-04-19,
"Lawyers Kolb, Blickhan & Partner",Rechtsreferendar (m/w/d),Darmstadt,https://kolb-blickhan-partner.de/karriere/,2026-04-02,2026-04-19,
"Lawyers Kolb, Blickhan & Partner",Rechtsreferendar (m/w/d),Mainz,https://kolb-blickhan-partner.de/karriere/,2026-04-02,2026-04-19,
"Lawyers Kolb, Blickhan & Partner",Rechtsreferendar (m/w/d),Mannheim,https://kolb-blickhan-partner.de/karriere/,2026-04-02,2026-04-19,
"Lawyers Kolb, Blickhan & Partner",Rechtsanwaltfachangestellter (m/w/d),Darmstadt,https://kolb-blickhan-partner.de/karriere/,2026-04-02,2026-04-19,
"Lawyers Kolb, Blickhan & Partner",Rechtsanwaltfachangestellter (m/w/d),Mainz,https://kolb-blickhan-partner.de/karriere/,2026-04-02,2026-04-19,
"Lawyers Kolb, Blickhan & Partner",Rechtsanwaltfachangestellter (m/w/d),Mannheim,https://kolb-blickhan-partner.de/karriere/,2026-04-02,2026-04-19,
"Lawyers Kolb, Blickhan & Partner",Wissenschaftlicher Mitarbeiter (m/w/d),Darmstadt,https://kolb-blickhan-partner.de/karriere/wissenschaftlicher-mitarbeiter-doktorand-m-w-d-ip-it-recht/,2026-04-02,2026-04-19,
"Lawyers Kolb, Blickhan & Partner",Wissenschaftlicher Mitarbeiter (m/w/d),Mainz,https://kolb-blickhan-partner.de/karriere/wissenschaftlicher-mitarbeiter-doktorand-m-w-d-ip-it-recht/,2026-04-02,2026-04-19,
"Lawyers Kolb, Blickhan & Partner",Wissenschaftlicher Mitarbeiter (m/w/d),Mannheim,https://kolb-blickhan-partner.de/karriere/wissenschaftlicher-mitarbeiter-doktorand-m-w-d-ip-it-recht/,2026-04-02,2026-04-19,
"Dr. Henrik Jacoby, lawyer and notary",Referendare (m/w/d),Darmstadt,https://anwaelte-da.de/karriere/,2026-04-02,2026-04-19,info@anwaelte-da.de
"Dr. Henrik Jacoby, lawyer and notary",Referendare (m/w/d),Mühltal,https://anwaelte-da.de/karriere/,2026-04-02,2026-04-19,info@anwaelte-da.de
"Dr. Henrik Jacoby, lawyer and notary",Ausbildung Rechtsanwalts- und Notarfachangestellte (m/w/d),Darmstadt,https://anwaelte-da.de/karriere/,2026-04-02,2026-04-19,info@anwaelte-da.de
"Dr. Henrik Jacoby, lawyer and notary",Ausbildung Rechtsanwalts- und Notarfachangestellte (m/w/d),Mühltal,https://anwaelte-da.de/karriere/,2026-04-02,2026-04-19,info@anwaelte-da.de
"Dr. Henrik Jacoby, lawyer and notary",Fachangestellte/r (m/w/d) für das Notariat in Voll- oder Teilzeit,Darmstadt,https://anwaelte-da.de/karriere/,2026-04-02,2026-04-19,info@anwaelte-da.de
"Dr. Henrik Jacoby, lawyer and notary",Fachangestellte/r (m/w/d) für das Notariat in Voll- oder Teilzeit,Mühltal,https://anwaelte-da.de/karriere/,2026-04-02,2026-04-19,info@anwaelte-da.de
"Dr. Henrik Jacoby, lawyer and notary",Rechtsanwaltfachangestellte/r (m/w/d) in Voll- oder Teilzeit,Darmstadt,https://anwaelte-da.de/karriere/,2026-04-02,2026-04-19,info@anwaelte-da.de
"Dr. Henrik Jacoby, lawyer and notary",Rechtsanwaltfachangestellte/r (m/w/d) in Voll- oder Teilzeit,Mühltal,https://anwaelte-da.de/karriere/,2026-04-02,2026-04-19,info@anwaelte-da.de
Iffland Wischnewski Rechtsanwälte PartG mbB,Rechtsanwalt für die größte Branche Deutschlands (w/m/d),Darmstadt,https://www.iw-recht.de/stellenangebote/stellenangebot-rechtsanwalt-darmstadt-w-m-d/,2026-04-02,2026-04-19,info@iw-recht.de
Iffland Wischnewski Rechtsanwälte PartG mbB,Rechtsanwalt Wirtschaftsrecht (w/m/d),Darmstadt,https://www.iw-recht.de/stellenangebote/rechtsanwalt-wirtschaftsrecht-w-m-d-1/,2026-04-02,2026-04-19,info@iw-recht.de
Iffland Wischnewski Rechtsanwälte PartG mbB,Rechtsanwalt Sozialrecht (w/m/d),Darmstadt,https://www.iw-recht.de/stellenangebote/rechtsanwalt-sozialrecht-pflege-behindertenhilfe-kinder-und-jugendhilfe-w-m-d/,2026-04-02,2026-04-19,info@iw-recht.de
Iffland Wischnewski Rechtsanwälte PartG mbB,Referendare (w/m/d),Darmstadt,https://www.iw-recht.de/stellenangebote/referendare-und-referendarinnen/,2026-04-02,2026-04-19,info@iw-recht.de
Iffland Wischnewski Rechtsanwälte PartG mbB,Ausbildung zur:zum Rechtsanwaltsfachangestellten (2026),Darmstadt,https://www.iw-recht.de/stellenangebote/stellenangebot-ausbildung-rechtsanwaltsfachangestellte-w-m-d-darmstadt-1/,2026-04-02,2026-04-19,info@iw-recht.de
Iffland Wischnewski Rechtsanwälte PartG mbB,Rechtsanwalt / Fachanwalt für Mietrecht (w/m/d),Darmstadt,https://www.iw-recht.de/stellenangebote/stellenangebot-rechtsanwalt-mietrecht-darmstadt-w-m-d/,2026-04-02,2026-04-19,info@iw-recht.de
Iffland Wischnewski Rechtsanwälte PartG mbB,Initiativbewerbung,Darmstadt,https://www.iw-recht.de/stellenangebote/initiativbewerbung/,2026-04-02,2026-04-19,info@iw-recht.de
"RechtsAnwälte&Notare Albach, Jacoby, Landzettel, Wieland, Berg, Schiweck, Bock PartnerschaftsG mbB",Rechtsanwalt (m/w/d),Darmstadt,https://anwaelte-da.de/karriere/,2026-04-02,2026-04-19,info@anwaelte-da.de
"RechtsAnwälte&Notare Albach, Jacoby, Landzettel, Wieland, Berg, Schiweck, Bock PartnerschaftsG mbB",Rechtsanwalt (m/w/d),Darmstadt-Eberstadt,https://anwaelte-da.de/karriere/,2026-04-02,2026-04-19,info@anwaelte-da.de
"RechtsAnwälte&Notare Albach, Jacoby, Landzettel, Wieland, Berg, Schiweck, Bock PartnerschaftsG mbB",Rechtsanwalt (m/w/d),Mühltal,https://anwaelte-da.de/karriere/,2026-04-02,2026-04-19,info@anwaelte-da.de
"RechtsAnwälte&Notare Albach, Jacoby, Landzettel, Wieland, Berg, Schiweck, Bock PartnerschaftsG mbB",Referendare (m/w/d),Darmstadt,https://anwaelte-da.de/karriere/,2026-04-02,2026-04-19,info@anwaelte-da.de
"RechtsAnwälte&Notare Albach, Jacoby, Landzettel, Wieland, Berg, Schiweck, Bock PartnerschaftsG mbB",Referendare (m/w/d),Darmstadt-Eberstadt,https://anwaelte-da.de/karriere/,2026-04-02,2026-04-19,info@anwaelte-da.de
"RechtsAnwälte&Notare Albach, Jacoby, Landzettel, Wieland, Berg, Schiweck, Bock PartnerschaftsG mbB",Referendare (m/w/d),Mühltal,https://anwaelte-da.de/karriere/,2026-04-02,2026-04-19,info@anwaelte-da.de
"RechtsAnwälte&Notare Albach, Jacoby, Landzettel, Wieland, Berg, Schiweck, Bock PartnerschaftsG mbB",Ausbildung Rechtsanwalts- und Notarfachangestellte (m/w/d),Darmstadt,https://anwaelte-da.de/karriere/,2026-04-02,2026-04-19,info@anwaelte-da.de
"RechtsAnwälte&Notare Albach, Jacoby, Landzettel, Wieland, Berg, Schiweck, Bock PartnerschaftsG mbB",Ausbildung Rechtsanwalts- und Notarfachangestellte (m/w/d),Darmstadt-Eberstadt,https://anwaelte-da.de/karriere/,2026-04-02,2026-04-19,info@anwaelte-da.de
"RechtsAnwälte&Notare Albach, Jacoby, Landzettel, Wieland, Berg, Schiweck, Bock PartnerschaftsG mbB",Ausbildung Rechtsanwalts- und Notarfachangestellte (m/w/d),Mühltal,https://anwaelte-da.de/karriere/,2026-04-02,2026-04-19,info@anwaelte-da.de
"RechtsAnwälte&Notare Albach, Jacoby, Landzettel, Wieland, Berg, Schiweck, Bock PartnerschaftsG mbB",Fachangestellte/r (m/w/d) für das Notariat in Voll- oder Teilzeit,Darmstadt,https://anwaelte-da.de/karriere/,2026-04-02,2026-04-19,info@anwaelte-da.de
"RechtsAnwälte&Notare Albach, Jacoby, Landzettel, Wieland, Berg, Schiweck, Bock PartnerschaftsG mbB",Fachangestellte/r (m/w/d) für das Notariat in Voll- oder Teilzeit,Darmstadt-Eberstadt,https://anwaelte-da.de/karriere/,2026-04-02,2026-04-19,info@anwaelte-da.de
"RechtsAnwälte&Notare Albach, Jacoby, Landzettel, Wieland, Berg, Schiweck, Bock PartnerschaftsG mbB",Fachangestellte/r (m/w/d) für das Notariat in Voll- oder Teilzeit,Mühltal,https://anwaelte-da.de/karriere/,2026-04-02,2026-04-19,info@anwaelte-da.de
"RechtsAnwälte&Notare Albach, Jacoby, Landzettel, Wieland, Berg, Schiweck, Bock PartnerschaftsG mbB",Rechtsanwaltfachangestellte/r (m/w/d) in Voll- oder Teilzeit,Darmstadt,https://anwaelte-da.de/karriere/,2026-04-02,2026-04-19,info@anwaelte-da.de
"RechtsAnwälte&Notare Albach, Jacoby, Landzettel, Wieland, Berg, Schiweck, Bock PartnerschaftsG mbB",Rechtsanwaltfachangestellte/r (m/w/d) in Voll- oder Teilzeit,Darmstadt-Eberstadt,https://anwaelte-da.de/karriere/,2026-04-02,2026-04-19,info@anwaelte-da.de
"RechtsAnwälte&Notare Albach, Jacoby, Landzettel, Wieland, Berg, Schiweck, Bock PartnerschaftsG mbB",Rechtsanwaltfachangestellte/r (m/w/d) in Voll- oder Teilzeit,Mühltal,https://anwaelte-da.de/karriere/,2026-04-02,2026-04-19,info@anwaelte-da.de
Die Strafverteidigerkanzlei - Dr. Arabella Pooth - Rechtsanwältin & Fachanwältin für Strafrecht,Praktikanten (m/w/d),Dortmund,http://die-strafverteidigerkanzlei.de/karriere/,2026-04-02,2026-04-19,
Kanzlei Merten Rechtsanwälte,Referendariat,Dortmund,http://www.kanzlei-merten.de/,2026-04-02,2026-04-19,info@kanzlei-merten.de
Kanzlei Merten Rechtsanwälte,Praktikum,Dortmund,http://www.kanzlei-merten.de/,2026-04-02,2026-04-19,info@kanzlei-merten.de
"Spieker & Jaeger Rechtsanwälte, Steuerberater, Wirtschaftsprüfer und Notare",Rechtsanwältin / Rechtsanwalt (m/w/d),Dortmund,https://spieker-jaeger.de/stellenanzeige/rechtsanwaeltin-rechtsanwalt-m-w-d/,2026-04-02,2026-04-19,
"Spieker & Jaeger Rechtsanwälte, Steuerberater, Wirtschaftsprüfer und Notare",Wissenschaftliche/r Mitarbeiter/in oder Referendar/in (m/w/d),Dortmund,https://spieker-jaeger.de/stellenanzeige/wissenschaftliche-r-mitarbeiter-in-oder-referendar-in-m-w-d/,2026-04-02,2026-04-19,
"Spieker & Jaeger Rechtsanwälte, Steuerberater, Wirtschaftsprüfer und Notare",Notariatsfachangestellte/r oder Notarfachwirt/in (w/m/d),Dortmund,https://spieker-jaeger.de/stellenanzeige/notariatsfachangestellte-r-oder-notarfachwirt-in-w-m-d/,2026-04-02,2026-04-19,
"Spieker & Jaeger Rechtsanwälte, Steuerberater, Wirtschaftsprüfer und Notare",Rechtsanwaltsfachangestellte/r oder Rechtsfachwirt/in oder Bürosachbearbeiter/in (m/w/d),Dortmund,https://spieker-jaeger.de/stellenanzeige/rechtsanwaltsfachangestellte-r-oder-rechtsfachwirt-in-oder-burosachbearbeiter-in-m-w-d/,2026-04-02,2026-04-19,
Thomas Blatt Rechtsanwalts AG Dortmund - Rechtsanwälte / Fachanwälte,Rechtsanwältinnen / Rechtsanwälte,Dinslaken,https://www.rae-blatt.com/stellenangebote/rechtsanwaeltinnen-rechtsanwaelte,2026-04-02,2026-04-19,
Thomas Blatt Rechtsanwalts AG Dortmund - Rechtsanwälte / Fachanwälte,Rechtsanwältinnen / Rechtsanwälte,Duisburg,https://www.rae-blatt.com/stellenangebote/rechtsanwaeltinnen-rechtsanwaelte,2026-04-02,2026-04-19,
Thomas Blatt Rechtsanwalts AG Dortmund - Rechtsanwälte / Fachanwälte,Rechtsanwältinnen / Rechtsanwälte,München,https://www.rae-blatt.com/stellenangebote/rechtsanwaeltinnen-rechtsanwaelte,2026-04-02,2026-04-19,
Thomas Blatt Rechtsanwalts AG Dortmund - Rechtsanwälte / Fachanwälte,Rechtsanwältinnen / Rechtsanwälte,Dortmund,https://www.rae-blatt.com/stellenangebote/rechtsanwaeltinnen-rechtsanwaelte,2026-04-02,2026-04-19,
Thomas Blatt Rechtsanwalts AG Dortmund - Rechtsanwälte / Fachanwälte,Rechtsreferendarinnen / Rechtsreferendare,Dinslaken,https://www.rae-blatt.com/stellenangebote/rechtsreferendarinnen-rechtsreferendare,2026-04-02,2026-04-19,
Thomas Blatt Rechtsanwalts AG Dortmund - Rechtsanwälte / Fachanwälte,Rechtsreferendarinnen / Rechtsreferendare,Duisburg,https://www.rae-blatt.com/stellenangebote/rechtsreferendarinnen-rechtsreferendare,2026-04-02,2026-04-19,
Thomas Blatt Rechtsanwalts AG Dortmund - Rechtsanwälte / Fachanwälte,Rechtsreferendarinnen / Rechtsreferendare,München,https://www.rae-blatt.com/stellenangebote/rechtsreferendarinnen-rechtsreferendare,2026-04-02,2026-04-19,
Thomas Blatt Rechtsanwalts AG Dortmund - Rechtsanwälte / Fachanwälte,Rechtsreferendarinnen / Rechtsreferendare,Dortmund,https://www.rae-blatt.com/stellenangebote/rechtsreferendarinnen-rechtsreferendare,2026-04-02,2026-04-19,
Thomas Blatt Rechtsanwalts AG Dortmund - Rechtsanwälte / Fachanwälte,Wissenschaftliche Mitarbeiterinnen / Mitarbeiter,Dinslaken,https://www.rae-blatt.com/stellenangebote/wissenschaftliche-mitarbeiterinnen-mitarbeiter,2026-04-02,2026-04-19,
Thomas Blatt Rechtsanwalts AG Dortmund - Rechtsanwälte / Fachanwälte,Wissenschaftliche Mitarbeiterinnen / Mitarbeiter,Duisburg,https://www.rae-blatt.com/stellenangebote/wissenschaftliche-mitarbeiterinnen-mitarbeiter,2026-04-02,2026-04-19,
Thomas Blatt Rechtsanwalts AG Dortmund - Rechtsanwälte / Fachanwälte,Wissenschaftliche Mitarbeiterinnen / Mitarbeiter,München,https://www.rae-blatt.com/stellenangebote/wissenschaftliche-mitarbeiterinnen-mitarbeiter,2026-04-02,2026-04-19,
Thomas Blatt Rechtsanwalts AG Dortmund - Rechtsanwälte / Fachanwälte,Wissenschaftliche Mitarbeiterinnen / Mitarbeiter,Dortmund,https://www.rae-blatt.com/stellenangebote/wissenschaftliche-mitarbeiterinnen-mitarbeiter,2026-04-02,2026-04-19,
Thomas Blatt Rechtsanwalts AG Dortmund - Rechtsanwälte / Fachanwälte,Sekretariat,Dinslaken,https://www.rae-blatt.com/stellenangebote/sekretariat,2026-04-02,2026-04-19,
Thomas Blatt Rechtsanwalts AG Dortmund - Rechtsanwälte / Fachanwälte,Sekretariat,Duisburg,https://www.rae-blatt.com/stellenangebote/sekretariat,2026-04-02,2026-04-19,
Thomas Blatt Rechtsanwalts AG Dortmund - Rechtsanwälte / Fachanwälte,Sekretariat,München,https://www.rae-blatt.com/stellenangebote/sekretariat,2026-04-02,2026-04-19,
Thomas Blatt Rechtsanwalts AG Dortmund - Rechtsanwälte / Fachanwälte,Sekretariat,Dortmund,https://www.rae-blatt.com/stellenangebote/sekretariat,2026-04-02,2026-04-19,
Thomas Blatt Rechtsanwalts AG Dortmund - Rechtsanwälte / Fachanwälte,Bürokraft,Dinslaken,https://www.rae-blatt.com/images/B%C3%BCrokraft.pdf,2026-04-02,2026-04-19,
Thomas Blatt Rechtsanwalts AG Dortmund - Rechtsanwälte / Fachanwälte,Bürokraft,Duisburg,https://www.rae-blatt.com/images/B%C3%BCrokraft.pdf,2026-04-02,2026-04-19,
Thomas Blatt Rechtsanwalts AG Dortmund - Rechtsanwälte / Fachanwälte,Bürokraft,München,https://www.rae-blatt.com/images/B%C3%BCrokraft.pdf,2026-04-02,2026-04-19,
Thomas Blatt Rechtsanwalts AG Dortmund - Rechtsanwälte / Fachanwälte,Bürokraft,Dortmund,https://www.rae-blatt.com/images/B%C3%BCrokraft.pdf,2026-04-02,2026-04-19,
Thomas Blatt Rechtsanwalts AG Dortmund - Rechtsanwälte / Fachanwälte,Ausbildung,Dinslaken,https://www.rae-blatt.com/stellenangebote/ausbildung,2026-04-02,2026-04-19,
Thomas Blatt Rechtsanwalts AG Dortmund - Rechtsanwälte / Fachanwälte,Ausbildung,Duisburg,https://www.rae-blatt.com/stellenangebote/ausbildung,2026-04-02,2026-04-19,
Thomas Blatt Rechtsanwalts AG Dortmund - Rechtsanwälte / Fachanwälte,Ausbildung,München,https://www.rae-blatt.com/stellenangebote/ausbildung,2026-04-02,2026-04-19,
Thomas Blatt Rechtsanwalts AG Dortmund - Rechtsanwälte / Fachanwälte,Ausbildung,Dortmund,https://www.rae-blatt.com/stellenangebote/ausbildung,2026-04-02,2026-04-19,
Melchior Krüger Illig Rechtsanwälte,Rechtsanwalt (m/w/d) im Zivil- und Wirtschaftsrecht,Dresden,https://mki-kanzlei.de/,2026-04-02,2026-04-19,post@mki-kanzlei.de
Roth & Partner Rechtsanwälte,Praktikumsstelle für Fachoberschüler im Bereich Wirtschaft und Verwaltung,Dresden,http://www.roth-anwaelte.de/de/de/karriere,2026-04-02,2026-04-19,info@roth-anwaelte.de
Rechtsanwälte Dr. jur. Peter Neumann,Rechtsanwaltsfachangestellte/r,Dresden,http://www.rechtsanwaelte-neumann.de/Kanzlei/Karriere/,2026-04-02,2026-04-19,info@rechtsanwaelte-neumann.de
Kanzlei Stölzel | Stölzel Rechtsanwälte Steuerberater GmbH,"Rechtsreferendar (m/w/d) – Anwaltsstation oder Wahlstation mit Schwerpunkt Gesellschafts-, Steuer- bzw. Arbeitsrecht",Dresden,https://kanzlei-stoelzel.de/rechtsreferendar_wahlstation_anwaltsstation/,2026-04-02,2026-04-19,kontakt@stoelzel-gbr.de
Mengel - Schwitzky - Hitziger Rechtsanwälte,Rechtsanwaltsfachangestellte(n) (m/w/d),Zittau,https://kanzlei-zittau.de/stellenangebot/,2026-04-02,2026-04-19,
TOP ADAC Anwältin,Fachanwalt Verkehrsrecht,Zentrale/Unbekannt,,2026-04-02,2026-04-19,
BSKP Dr. Broll · Schmitt · Kaufmann & Partner,Rechtsanwalt * Rechtsanw&auml;ltin,Dresden,https://dresden.bskp.de/karriere/rechtsanwalt/,2026-04-02,2026-04-19,dresden-personal@bskp.de
BSKP Dr. Broll · Schmitt · Kaufmann & Partner,Rechtsanwalt * Rechtsanw&auml;ltin f&uuml;r Allgemeines Zivilrecht,Dresden,https://dresden.bskp.de/karriere/rechtsanwalt-zivilrecht/,2026-04-02,2026-04-19,dresden-personal@bskp.de
"Klönne, Klein und Partner Rechtsanwälte",Auszubildende(r) (m/w/d),Duisburg,https://www.kloenne-klein.de/karriere/,2026-04-02,2026-04-19,karriere@kloenne-klein.de
Grüter Rechtsanwälte PartGmbB,Rechtsanwälte (m/w/d),Duisburg,http://www.grueter.de/de/rechtsanwaelte-mwd,2026-04-02,2026-04-19,
Grüter Rechtsanwälte PartGmbB,Rechtsanwälte (m/w/d),Hamm,http://www.grueter.de/de/rechtsanwaelte-mwd,2026-04-02,2026-04-19,
Grüter Rechtsanwälte PartGmbB,Rechtsanwälte (m/w/d),Münster,http://www.grueter.de/de/rechtsanwaelte-mwd,2026-04-02,2026-04-19,
Grüter Rechtsanwälte PartGmbB,Referendare (m/w/d),Duisburg,http://www.grueter.de/de/referendare-mwd,2026-04-02,2026-04-19,
Grüter Rechtsanwälte PartGmbB,Referendare (m/w/d),Hamm,http://www.grueter.de/de/referendare-mwd,2026-04-02,2026-04-19,
Grüter Rechtsanwälte PartGmbB,Referendare (m/w/d),Münster,http://www.grueter.de/de/referendare-mwd,2026-04-02,2026-04-19,
Grüter Rechtsanwälte PartGmbB,Praktikanten (m/w/d),Duisburg,http://www.grueter.de/de/praktikanten-mwd,2026-04-02,2026-04-19,
Grüter Rechtsanwälte PartGmbB,Praktikanten (m/w/d),Hamm,http://www.grueter.de/de/praktikanten-mwd,2026-04-02,2026-04-19,
Grüter Rechtsanwälte PartGmbB,Praktikanten (m/w/d),Münster,http://www.grueter.de/de/praktikanten-mwd,2026-04-02,2026-04-19,
Grüter Rechtsanwälte PartGmbB,Notarfachangestellte (m/w/d),Duisburg,http://www.grueter.de/de/notarfachangestellte-mwd,2026-04-02,2026-04-19,
Grüter Rechtsanwälte PartGmbB,Notarfachangestellte (m/w/d),Hamm,http://www.grueter.de/de/notarfachangestellte-mwd,2026-04-02,2026-04-19,
Grüter Rechtsanwälte PartGmbB,Notarfachangestellte (m/w/d),Münster,http://www.grueter.de/de/notarfachangestellte-mwd,2026-04-02,2026-04-19,
Grüter Rechtsanwälte PartGmbB,Anwaltsassistenten (m/w/d),Duisburg,http://www.grueter.de/de/anwaltsassistenten-mwd,2026-04-02,2026-04-19,
Grüter Rechtsanwälte PartGmbB,Anwaltsassistenten (m/w/d),Hamm,http://www.grueter.de/de/anwaltsassistenten-mwd,2026-04-02,2026-04-19,
Grüter Rechtsanwälte PartGmbB,Anwaltsassistenten (m/w/d),Münster,http://www.grueter.de/de/anwaltsassistenten-mwd,2026-04-02,2026-04-19,
Grüter Rechtsanwälte PartGmbB,Auszubildende (m/w/d),Duisburg,http://www.grueter.de/de/auszubildende-mwd,2026-04-02,2026-04-19,
Grüter Rechtsanwälte PartGmbB,Auszubildende (m/w/d),Hamm,http://www.grueter.de/de/auszubildende-mwd,2026-04-02,2026-04-19,
Grüter Rechtsanwälte PartGmbB,Auszubildende (m/w/d),Münster,http://www.grueter.de/de/auszubildende-mwd,2026-04-02,2026-04-19,
Thomas Blatt Rechtsanwalts AG Duisburg - Rechtsanwälte / Fachanwälte,Rechtsanwältinnen / Rechtsanwälte,Dinslaken,http://rae-blatt.com/stellenangebote/rechtsanwaeltinnen-rechtsanwaelte,2026-04-02,2026-04-19,
Thomas Blatt Rechtsanwalts AG Duisburg - Rechtsanwälte / Fachanwälte,Rechtsanwältinnen / Rechtsanwälte,Duisburg,http://rae-blatt.com/stellenangebote/rechtsanwaeltinnen-rechtsanwaelte,2026-04-02,2026-04-19,
Thomas Blatt Rechtsanwalts AG Duisburg - Rechtsanwälte / Fachanwälte,Rechtsanwältinnen / Rechtsanwälte,München,http://rae-blatt.com/stellenangebote/rechtsanwaeltinnen-rechtsanwaelte,2026-04-02,2026-04-19,
Thomas Blatt Rechtsanwalts AG Duisburg - Rechtsanwälte / Fachanwälte,Rechtsanwältinnen / Rechtsanwälte,Dortmund,http://rae-blatt.com/stellenangebote/rechtsanwaeltinnen-rechtsanwaelte,2026-04-02,2026-04-19,
Thomas Blatt Rechtsanwalts AG Duisburg - Rechtsanwälte / Fachanwälte,Rechtsreferendarinnen / Rechtsreferendare,Dinslaken,http://rae-blatt.com/stellenangebote/rechtsreferendarinnen-rechtsreferendare,2026-04-02,2026-04-19,
Thomas Blatt Rechtsanwalts AG Duisburg - Rechtsanwälte / Fachanwälte,Rechtsreferendarinnen / Rechtsreferendare,Duisburg,http://rae-blatt.com/stellenangebote/rechtsreferendarinnen-rechtsreferendare,2026-04-02,2026-04-19,
Thomas Blatt Rechtsanwalts AG Duisburg - Rechtsanwälte / Fachanwälte,Rechtsreferendarinnen / Rechtsreferendare,München,http://rae-blatt.com/stellenangebote/rechtsreferendarinnen-rechtsreferendare,2026-04-02,2026-04-19,
Thomas Blatt Rechtsanwalts AG Duisburg - Rechtsanwälte / Fachanwälte,Rechtsreferendarinnen / Rechtsreferendare,Dortmund,http://rae-blatt.com/stellenangebote/rechtsreferendarinnen-rechtsreferendare,2026-04-02,2026-04-19,
Thomas Blatt Rechtsanwalts AG Duisburg - Rechtsanwälte / Fachanwälte,Wissenschaftliche Mitarbeiterinnen / Mitarbeiter,Dinslaken,http://rae-blatt.com/stellenangebote/wissenschaftliche-mitarbeiterinnen-mitarbeiter,2026-04-02,2026-04-19,
Thomas Blatt Rechtsanwalts AG Duisburg - Rechtsanwälte / Fachanwälte,Wissenschaftliche Mitarbeiterinnen / Mitarbeiter,Duisburg,http://rae-blatt.com/stellenangebote/wissenschaftliche-mitarbeiterinnen-mitarbeiter,2026-04-02,2026-04-19,
Thomas Blatt Rechtsanwalts AG Duisburg - Rechtsanwälte / Fachanwälte,Wissenschaftliche Mitarbeiterinnen / Mitarbeiter,München,http://rae-blatt.com/stellenangebote/wissenschaftliche-mitarbeiterinnen-mitarbeiter,2026-04-02,2026-04-19,
Thomas Blatt Rechtsanwalts AG Duisburg - Rechtsanwälte / Fachanwälte,Wissenschaftliche Mitarbeiterinnen / Mitarbeiter,Dortmund,http://rae-blatt.com/stellenangebote/wissenschaftliche-mitarbeiterinnen-mitarbeiter,2026-04-02,2026-04-19,
Thomas Blatt Rechtsanwalts AG Duisburg - Rechtsanwälte / Fachanwälte,Sekretariat,Dinslaken,http://rae-blatt.com/stellenangebote/sekretariat,2026-04-02,2026-04-19,
Thomas Blatt Rechtsanwalts AG Duisburg - Rechtsanwälte / Fachanwälte,Sekretariat,Duisburg,http://rae-blatt.com/stellenangebote/sekretariat,2026-04-02,2026-04-19,
Thomas Blatt Rechtsanwalts AG Duisburg - Rechtsanwälte / Fachanwälte,Sekretariat,München,http://rae-blatt.com/stellenangebote/sekretariat,2026-04-02,2026-04-19,
Thomas Blatt Rechtsanwalts AG Duisburg - Rechtsanwälte / Fachanwälte,Sekretariat,Dortmund,http://rae-blatt.com/stellenangebote/sekretariat,2026-04-02,2026-04-19,
Thomas Blatt Rechtsanwalts AG Duisburg - Rechtsanwälte / Fachanwälte,Bürokraft,Dinslaken,http://rae-blatt.com/images/B%C3%BCrokraft.pdf,2026-04-02,2026-04-19,
Thomas Blatt Rechtsanwalts AG Duisburg - Rechtsanwälte / Fachanwälte,Bürokraft,Duisburg,http://rae-blatt.com/images/B%C3%BCrokraft.pdf,2026-04-02,2026-04-19,
Thomas Blatt Rechtsanwalts AG Duisburg - Rechtsanwälte / Fachanwälte,Bürokraft,München,http://rae-blatt.com/images/B%C3%BCrokraft.pdf,2026-04-02,2026-04-19,
Thomas Blatt Rechtsanwalts AG Duisburg - Rechtsanwälte / Fachanwälte,Bürokraft,Dortmund,http://rae-blatt.com/images/B%C3%BCrokraft.pdf,2026-04-02,2026-04-19,
Thomas Blatt Rechtsanwalts AG Duisburg - Rechtsanwälte / Fachanwälte,Ausbildung,Dinslaken,http://rae-blatt.com/stellenangebote/ausbildung,2026-04-02,2026-04-19,
Thomas Blatt Rechtsanwalts AG Duisburg - Rechtsanwälte / Fachanwälte,Ausbildung,Duisburg,http://rae-blatt.com/stellenangebote/ausbildung,2026-04-02,2026-04-19,
Thomas Blatt Rechtsanwalts AG Duisburg - Rechtsanwälte / Fachanwälte,Ausbildung,München,http://rae-blatt.com/stellenangebote/ausbildung,2026-04-02,2026-04-19,
Thomas Blatt Rechtsanwalts AG Duisburg - Rechtsanwälte / Fachanwälte,Ausbildung,Dortmund,http://rae-blatt.com/stellenangebote/ausbildung,2026-04-02,2026-04-19,
Scheidt Kalthoff RAe PartG mbB,Rechtsanwalt / Rechtsanwältin für Erbrecht (m/w/d),Duisburg,https://rechtsanwaelte-gsp.de/karriere/stellenanzeige-rechtsanwalt/,2026-04-02,2026-04-19,Scheidt@rae-gsp.de
Scheidt Kalthoff RAe PartG mbB,Rechtsanwalt / Rechtsanwältin für Erbrecht (m/w/d),Essen,https://rechtsanwaelte-gsp.de/karriere/stellenanzeige-rechtsanwalt/,2026-04-02,2026-04-19,Scheidt@rae-gsp.de
Scheidt Kalthoff RAe PartG mbB,Rechtsanwalt / Rechtsanwältin für Erbrecht (m/w/d),Bochum,https://rechtsanwaelte-gsp.de/karriere/stellenanzeige-rechtsanwalt/,2026-04-02,2026-04-19,Scheidt@rae-gsp.de
Scheidt Kalthoff RAe PartG mbB,Rechtsanwalt / Rechtsanwältin für Erbrecht (m/w/d),Dortmund,https://rechtsanwaelte-gsp.de/karriere/stellenanzeige-rechtsanwalt/,2026-04-02,2026-04-19,Scheidt@rae-gsp.de
Scheidt Kalthoff RAe PartG mbB,Rechtsanwalt / Rechtsanwältin für Erbrecht (m/w/d),Düsseldorf,https://rechtsanwaelte-gsp.de/karriere/stellenanzeige-rechtsanwalt/,2026-04-02,2026-04-19,Scheidt@rae-gsp.de
Scheidt Kalthoff RAe PartG mbB,Rechtsanwalt / Rechtsanwältin für Erbrecht (m/w/d),Berlin,https://rechtsanwaelte-gsp.de/karriere/stellenanzeige-rechtsanwalt/,2026-04-02,2026-04-19,Scheidt@rae-gsp.de
TOP ADAC Anwalt Jochen Matthies ᐅ Rechtsanwalt und Fachanwalt für Verkehrsrecht,Fachanwalt Verkehrsrecht,Zentrale/Unbekannt,,2026-04-02,2026-04-19,
HEUSER Recht und Steuern,Steuerfachangestellte / Steuerfachwirt (m/w/d),Duisburg,https://www.heuser-collegen.de/stellenagebote,2026-04-02,2026-04-19,achim.heuser@heuser.de
Rechtsanwälte & Notar Dr. Keller Düsseldorf,Rechtsanwalt (W/M/D) Vollzeit,Mülheim an der Ruhr,https://rechtsanwaltnotardrkeller.scope-recruiting.de/,2026-04-02,2026-04-19,bewerbung@rae-drkeller.de
Rechtsanwälte & Notar Dr. Keller Düsseldorf,Rechtsanwalt (W/M/D) Vollzeit inkl. Prozessführung,Mülheim an der Ruhr,https://rechtsanwaltnotardrkeller.scope-recruiting.de/,2026-04-02,2026-04-19,bewerbung@rae-drkeller.de
"Rechtsanwaltskanzlei Peter Lee, LL.M. - Düsseldorf, Germany",Rechtsanwalt für gewerblichen Rechtsschutz,Düsseldorf,http://www.rechtsanwalt-lee.de/,2026-04-02,2026-04-19,kanzlei@rechtsanwalt-lee.de
Schlun & Elseven Rechtsanwälte,Call Center & Customer Service Representative English (m/w/d),Aachen,https://se-legal.de/karriere/#stellenanzeigen-orga,2026-04-02,2026-04-19,karriere@se-legal.de
Schlun & Elseven Rechtsanwälte,Call Center & Customer Service Representative English (m/w/d),Köln,https://se-legal.de/karriere/#stellenanzeigen-orga,2026-04-02,2026-04-19,karriere@se-legal.de
Schlun & Elseven Rechtsanwälte,Call Center & Customer Service Representative English (m/w/d),Düsseldorf,https://se-legal.de/karriere/#stellenanzeigen-orga,2026-04-02,2026-04-19,karriere@se-legal.de
MSH migration professionals - Fachanwälte für Arbeitsrecht und Migrationsrecht Düsseldorf,Anwalt für Arbeitsrecht (m/w/d),Düsseldorf,https://www.msh-rechtsanwaelte.de/stellenangebote-2/,2026-04-02,2026-04-19,bewerbung@msh-rechtsanwaelte.de
MSH migration professionals - Fachanwälte für Arbeitsrecht und Migrationsrecht Düsseldorf,Anwalt für Arbeitsrecht (m/w/d),Hamburg,https://www.msh-rechtsanwaelte.de/stellenangebote-2/,2026-04-02,2026-04-19,bewerbung@msh-rechtsanwaelte.de
MSH migration professionals - Fachanwälte für Arbeitsrecht und Migrationsrecht Düsseldorf,Studentische Hilfskräfte und Wissenschaftliche Mitarbeiter (m/w/d),Düsseldorf,https://www.msh-rechtsanwaelte.de/stellenangebote-2/,2026-04-02,2026-04-19,bewerbung@msh-rechtsanwaelte.de
MSH migration professionals - Fachanwälte für Arbeitsrecht und Migrationsrecht Düsseldorf,Studentische Hilfskräfte und Wissenschaftliche Mitarbeiter (m/w/d),Hamburg,https://www.msh-rechtsanwaelte.de/stellenangebote-2/,2026-04-02,2026-04-19,bewerbung@msh-rechtsanwaelte.de
MSH migration professionals - Fachanwälte für Arbeitsrecht und Migrationsrecht Düsseldorf,Bürokraft (m/w/d) in Voll- und/oder Teilzeit,Düsseldorf,https://www.msh-rechtsanwaelte.de/stellenangebote-2/,2026-04-02,2026-04-19,bewerbung@msh-rechtsanwaelte.de
MSH migration professionals - Fachanwälte für Arbeitsrecht und Migrationsrecht Düsseldorf,Bürokraft (m/w/d) in Voll- und/oder Teilzeit,Hamburg,https://www.msh-rechtsanwaelte.de/stellenangebote-2/,2026-04-02,2026-04-19,bewerbung@msh-rechtsanwaelte.de
iurFRIEND Kanzlei,Rechtsanwältin/Rechtsanwalt (w/m/d),Düsseldorf,http://www.iurfriend-kanzlei.de/karriere/job-rechtsanwalt,2026-04-02,2026-04-19,
iurFRIEND Kanzlei,Rechtsanwaltsfachangestellte (w/m/d),Düsseldorf,http://www.iurfriend-kanzlei.de/karriere/job-rechtsanwaltsfachangestellte,2026-04-02,2026-04-19,
iurFRIEND Kanzlei,Sozialversicherungsfachangestellte (w/m/d),Düsseldorf,http://www.iurfriend-kanzlei.de/karriere/job-sozialversicherungsfachangestellte,2026-04-02,2026-04-19,
iurFRIEND Kanzlei,Mitarbeiter Forderungsmanagement (w/m/d),Düsseldorf,http://www.iurfriend-kanzlei.de/karriere/job-forderungsmanagement,2026-04-02,2026-04-19,
iurFRIEND Kanzlei,Rechtsreferendar (w/m/d),Düsseldorf,http://www.iurfriend-kanzlei.de/karriere/job-rechtsreferendar,2026-04-02,2026-04-19,
Kreutzer & Kreuzau Rechtsanwälte PartGmbB - Mietrecht und Wohnungseigentumsrecht in Düsseldorf,RechtsreferendarIn in Wahl- und/oder Anwaltsstage,Düsseldorf,https://www.immobilienrechtler.de/de/Karriere,2026-04-02,2026-04-19,info@immobilienrechtler.de
Kanzlei Daniel Raimer,Initiativbewerbung,Düsseldorf,http://kanzlei-raimer.com/kanzlei/karriere/,2026-04-02,2026-04-19,office@kanzlei-raimer.com
Streitbörger PartGmbB - Streitbörger PartGmbB - Rechtsanwälte | Insolvenzverwalter | Notare / Düsseldorf,Finanzbuchhalter im Bereich Insolvenzbuchhaltung (m/w/d),Bielefeld,https://streitboerger.de/karriere/,2026-04-02,2026-04-19,
Streitbörger PartGmbB - Streitbörger PartGmbB - Rechtsanwälte | Insolvenzverwalter | Notare / Düsseldorf,Rechtsanwälte für Verwaltungsrecht (m/w/d),Bielefeld,https://streitboerger.de/karriere/,2026-04-02,2026-04-19,
Streitbörger PartGmbB - Streitbörger PartGmbB - Rechtsanwälte | Insolvenzverwalter | Notare / Düsseldorf,Notarfachangestellte (m/w/d) Urkundenabwicklung und -abrechnung,Bielefeld,https://streitboerger.de/karriere/,2026-04-02,2026-04-19,
Streitbörger PartGmbB - Streitbörger PartGmbB - Rechtsanwälte | Insolvenzverwalter | Notare / Düsseldorf,Insolvenzsachbearbeiter (m/w/d),Dortmund,https://streitboerger.de/karriere/,2026-04-02,2026-04-19,
Streitbörger PartGmbB - Streitbörger PartGmbB - Rechtsanwälte | Insolvenzverwalter | Notare / Düsseldorf,Insolvenzsachbearbeiter (m/w/d),Herne,https://streitboerger.de/karriere/,2026-04-02,2026-04-19,
Streitbörger PartGmbB - Streitbörger PartGmbB - Rechtsanwälte | Insolvenzverwalter | Notare / Düsseldorf,Fachkraft für die Sekretariatsarbeit (m/w/d) in der Insolvenzabteilung,Düsseldorf,https://streitboerger.de/karriere/,2026-04-02,2026-04-19,
Streitbörger PartGmbB - Streitbörger PartGmbB - Rechtsanwälte | Insolvenzverwalter | Notare / Düsseldorf,Insolvenzsachbearbeiter (m/w/d),Duisburg,https://streitboerger.de/karriere/,2026-04-02,2026-04-19,
Streitbörger PartGmbB - Streitbörger PartGmbB - Rechtsanwälte | Insolvenzverwalter | Notare / Düsseldorf,Rechtsanwälte (m/w/d) für Arbeitsrecht,Düsseldorf,https://streitboerger.de/karriere/,2026-04-02,2026-04-19,
Streitbörger PartGmbB - Streitbörger PartGmbB - Rechtsanwälte | Insolvenzverwalter | Notare / Düsseldorf,Rechtsanwälte (m/w/d) für Versicherungsrecht,Düsseldorf,https://streitboerger.de/karriere/,2026-04-02,2026-04-19,
Streitbörger PartGmbB - Streitbörger PartGmbB - Rechtsanwälte | Insolvenzverwalter | Notare / Düsseldorf,Rechtsanwälte (m/w/d) für IT-Recht,Düsseldorf,https://streitboerger.de/karriere/,2026-04-02,2026-04-19,
Streitbörger PartGmbB - Streitbörger PartGmbB - Rechtsanwälte | Insolvenzverwalter | Notare / Düsseldorf,Sachbearbeitung Insolvenztabelle (m/w/d),Duisburg,https://streitboerger.de/karriere/,2026-04-02,2026-04-19,
Streitbörger PartGmbB - Streitbörger PartGmbB - Rechtsanwälte | Insolvenzverwalter | Notare / Düsseldorf,Sachbearbeitung Insolvenztabelle (m/w/d),Düsseldorf,https://streitboerger.de/karriere/,2026-04-02,2026-04-19,
Streitbörger PartGmbB - Streitbörger PartGmbB - Rechtsanwälte | Insolvenzverwalter | Notare / Düsseldorf,Insolvenzsachbearbeiter (m/w/d),Düsseldorf,https://streitboerger.de/karriere/,2026-04-02,2026-04-19,
Streitbörger PartGmbB - Streitbörger PartGmbB - Rechtsanwälte | Insolvenzverwalter | Notare / Düsseldorf,Rechtsanwälte (m/w/d) für Handels- und Gesellschaftsrecht,Düsseldorf,https://streitboerger.de/karriere/,2026-04-02,2026-04-19,
Streitbörger PartGmbB - Streitbörger PartGmbB - Rechtsanwälte | Insolvenzverwalter | Notare / Düsseldorf,Rechtsanwälte (m/w/d) für Insolvenzrecht,Düsseldorf,https://streitboerger.de/karriere/,2026-04-02,2026-04-19,
Streitbörger PartGmbB - Streitbörger PartGmbB - Rechtsanwälte | Insolvenzverwalter | Notare / Düsseldorf,Rechtsanwaltsfachangestellte (m/w/d),Lingen,https://streitboerger.de/karriere/,2026-04-02,2026-04-19,
Streitbörger PartGmbB - Streitbörger PartGmbB - Rechtsanwälte | Insolvenzverwalter | Notare / Düsseldorf,Rechtsanwälte (m/w/d) für Baurecht,Potsdam,https://streitboerger.de/karriere/,2026-04-02,2026-04-19,
Streitbörger PartGmbB - Streitbörger PartGmbB - Rechtsanwälte | Insolvenzverwalter | Notare / Düsseldorf,Rechtsanwälte (m/w/d) für Zivilrecht,Potsdam,https://streitboerger.de/karriere/,2026-04-02,2026-04-19,
Streitbörger PartGmbB - Streitbörger PartGmbB - Rechtsanwälte | Insolvenzverwalter | Notare / Düsseldorf,Rechtsanwaltsfachangestellte (m/w/d),Potsdam,https://streitboerger.de/karriere/,2026-04-02,2026-04-19,
Streitbörger PartGmbB - Streitbörger PartGmbB - Rechtsanwälte | Insolvenzverwalter | Notare / Düsseldorf,Rechtsanwälte (m/w/d) für allgemeines Zivilrecht,Stendal,https://streitboerger.de/karriere/,2026-04-02,2026-04-19,
Streitbörger PartGmbB - Streitbörger PartGmbB - Rechtsanwälte | Insolvenzverwalter | Notare / Düsseldorf,Rechtsanwälte (m/w/d) für allgemeines Zivilrecht,Magdeburg,https://streitboerger.de/karriere/,2026-04-02,2026-04-19,
Streitbörger PartGmbB - Streitbörger PartGmbB - Rechtsanwälte | Insolvenzverwalter | Notare / Düsseldorf,Rechtsanwälte (m/w/d) für gewerbliches Mietrecht,Stendal,https://streitboerger.de/karriere/,2026-04-02,2026-04-19,
Streitbörger PartGmbB - Streitbörger PartGmbB - Rechtsanwälte | Insolvenzverwalter | Notare / Düsseldorf,Rechtsanwälte (m/w/d) für gewerbliches Mietrecht,Magdeburg,https://streitboerger.de/karriere/,2026-04-02,2026-04-19,
SvA Schneiders von Arnim Rechtsanwälte Partnerschaft mbB,Rechtsanwält*innen in Teilzeit (M/W/D),Düsseldorf,https://www.sva-recht.de/karriere/stelle/0,2026-04-02,2026-04-19,info@sva-recht.de
SvA Schneiders von Arnim Rechtsanwälte Partnerschaft mbB,REFERENDAR*in / DOKTORAND*IN / WISSENSCHAFTLICHE*R MITARBEITER*in (M/W/D),Düsseldorf,https://www.sva-recht.de/karriere/stelle/1,2026-04-02,2026-04-19,info@sva-recht.de
SvA Schneiders von Arnim Rechtsanwälte Partnerschaft mbB,TEAMASSISTENZ / BÜROKRAFT / RECHTSANWALTSFACHANGESTELLTE*R (w/m/d),Düsseldorf,https://www.sva-recht.de/karriere/stelle/2,2026-04-02,2026-04-19,info@sva-recht.de
Bedekorn Rechtsanwälte,Referendar/Referendarin (m/w/d),Düsseldorf,https://bedekorn.de/karriere,2026-04-02,2026-04-19,info@bedekorn.de
rellermeyer Rechtsanwälte,Rechtsanwalt (m/w/d),Düsseldorf,https://www.rellermeyer.de/rechtsanwaelte/,2026-04-02,2026-04-19,info@rellermeyer.de
rellermeyer Rechtsanwälte,Referendare (m/w/d),Düsseldorf,https://www.rellermeyer.de/referendare/,2026-04-02,2026-04-19,info@rellermeyer.de
Rechtsanwaltskanzlei Matthias & Anne Ehspanner,Mitarbeiter (m/w/d),Zentrale/Unbekannt,https://ehspanner.com/jobs/,2026-04-02,2026-04-19,info@ehspanner.com
Löffler Corporate Law Commercial Law Tax Law,Steuerberater (m|w|d),Erfurt,https://www.k1.de/karriere/steuerberater/,2026-04-02,2026-04-19,
Löffler Corporate Law Commercial Law Tax Law,Rechtsanwalt (m|w|d),Erfurt,https://www.k1.de/karriere/rechtsanwalt/,2026-04-02,2026-04-19,
Löffler Corporate Law Commercial Law Tax Law,Rechtsanwalt für Handels- und Gesellschaftsrecht (m|w|d),Erfurt,https://www.k1.de/karriere/rechtsanwalt-gesellschaftsrecht/,2026-04-02,2026-04-19,
Löffler Corporate Law Commercial Law Tax Law,Rechtsanwalt für Steuerrecht (m|w|d),Erfurt,https://www.k1.de/karriere/rechtsanwalt-steuerrecht/,2026-04-02,2026-04-19,
LIEB.Rechtsanwälte,Rechtsanwälte (m/w/d) im Vertragsrecht,Erlangen,https://www.lieb-online.com/stellenangebote/stellenangebote/,2026-04-02,2026-04-19,sandy.jahre@lieb-online.com
LIEB.Rechtsanwälte,Rechtsanwälte (m/w/d) im Vertragsrecht,Nürnberg,https://www.lieb-online.com/stellenangebote/stellenangebote/,2026-04-02,2026-04-19,sandy.jahre@lieb-online.com
Anwaltskanzlei Cakmak | Rechtsanwalt und Fachanwalt für Verkehrsrecht,"Bürogemeinschaft für Anwaltskollegen, Notar oder Steuerberater (m/w/d)",Essen,http://www.kanzlei-cakmak.de/kontakt,2026-04-02,2026-04-19,info@kanzlei-cakmak.de
Martina Mark - Rechtsanwältin,Rechtsanwaltsfachangestellte (m/w/d),Essen-Bredeney,http://www.mark-essen.de/service/stellenangebot,2026-04-02,2026-04-19,info@mark-essen.de
"Schumacher - Rechtsanwälte, Notare & Steuerberater",Wir suchen Steuerberater (w/m/d),Essen,https://www.schumacherlaw.com/stellenanzeige/wir-suchen-steuerberater-w-m-d/,2026-04-02,2026-04-19,info@schumacherlaw.com
AULINGER lawyers and notaries,Referendare (m/w/d),Zentrale/Unbekannt,https://www.aulinger.eu/karriere/stellenangebote/,2026-04-02,2026-04-19,
Scheidt Kalthoff RAe PartG mbB,Rechtsanwalt / Rechtsanwältinfür Zivilrecht (m/w/d),Duisburg,https://rechtsanwaelte-gsp.de/karriere/rechtsanwalt-zivilrecht-stellenanzeige/,2026-04-02,2026-04-19,Scheidt@rae-gsp.de
Scheidt Kalthoff RAe PartG mbB,Rechtsanwalt / Rechtsanwältinfür Zivilrecht (m/w/d),Essen,https://rechtsanwaelte-gsp.de/karriere/rechtsanwalt-zivilrecht-stellenanzeige/,2026-04-02,2026-04-19,Scheidt@rae-gsp.de
Scheidt Kalthoff RAe PartG mbB,Rechtsanwalt / Rechtsanwältinfür Zivilrecht (m/w/d),Bochum,https://rechtsanwaelte-gsp.de/karriere/rechtsanwalt-zivilrecht-stellenanzeige/,2026-04-02,2026-04-19,Scheidt@rae-gsp.de
Scheidt Kalthoff RAe PartG mbB,Rechtsanwalt / Rechtsanwältinfür Zivilrecht (m/w/d),Dortmund,https://rechtsanwaelte-gsp.de/karriere/rechtsanwalt-zivilrecht-stellenanzeige/,2026-04-02,2026-04-19,Scheidt@rae-gsp.de
Scheidt Kalthoff RAe PartG mbB,Rechtsanwalt / Rechtsanwältinfür Zivilrecht (m/w/d),Düsseldorf,https://rechtsanwaelte-gsp.de/karriere/rechtsanwalt-zivilrecht-stellenanzeige/,2026-04-02,2026-04-19,Scheidt@rae-gsp.de
Scheidt Kalthoff RAe PartG mbB,Rechtsanwalt / Rechtsanwältinfür Zivilrecht (m/w/d),Berlin,https://rechtsanwaelte-gsp.de/karriere/rechtsanwalt-zivilrecht-stellenanzeige/,2026-04-02,2026-04-19,Scheidt@rae-gsp.de
DIE KANZLEI Nadolny,Rechtsanwalt (m/w/d),Essen,https://diekanzlei-nadolny.de/karriere/,2026-04-02,2026-04-19,rechtsanwaelte@diekanzlei-nadolny.de
Rohs und Partner Rechtsanwälte mbB Rechtsanwälte Notar Fachanwälte,Rechtsanwältin oder Rechtsanwalt (w/M/D),Hattingen,https://www.rohs-anwaelte.de/karriere-kanzlei-rohs-partner/#rechtsanwalt,2026-04-02,2026-04-19,
Rohs und Partner Rechtsanwälte mbB Rechtsanwälte Notar Fachanwälte,Rechtsanwältin oder Rechtsanwalt (w/M/D),Essen,https://www.rohs-anwaelte.de/karriere-kanzlei-rohs-partner/#rechtsanwalt,2026-04-02,2026-04-19,
Rohs und Partner Rechtsanwälte mbB Rechtsanwälte Notar Fachanwälte,Rechtsreferendarin / Rechtsreferendar (w/m/d),Hattingen,https://www.rohs-anwaelte.de/karriere-kanzlei-rohs-partner/#Rechtsreferendar,2026-04-02,2026-04-19,
Rohs und Partner Rechtsanwälte mbB Rechtsanwälte Notar Fachanwälte,Rechtsreferendarin / Rechtsreferendar (w/m/d),Essen-Kupferdreh,https://www.rohs-anwaelte.de/karriere-kanzlei-rohs-partner/#Rechtsreferendar,2026-04-02,2026-04-19,
Rohs und Partner Rechtsanwälte mbB Rechtsanwälte Notar Fachanwälte,Auszubildende/r Rechtsanwalts- und Notarfachangestellte/r (w/m/d),Hattingen,https://www.rohs-anwaelte.de/karriere-kanzlei-rohs-partner/#azubi,2026-04-02,2026-04-19,
"Jahn Hettler Rechtsanwälte, Standort Frankfurt am Main",Rechtsanwälte und Referendare für Bau- und Architektenrecht (m/w/d),München,https://jahnhettler.de/kanzlei/karriere/rechtsanwaelte-muenchen-frankfurt-am-main/,2026-04-02,2026-04-19,
"Jahn Hettler Rechtsanwälte, Standort Frankfurt am Main",Rechtsanwaltsfachangestellten*/Assistenten* mit Erfahrung in der Anwaltskanzlei,München,https://jahnhettler.de/kanzlei/karriere/rechtsanwaltsfachangestellte-assistent-fuer-muenchen-2/,2026-04-02,2026-04-19,
"Jahn Hettler Rechtsanwälte, Standort Frankfurt am Main",Studentische Hilfskräfte (m/w/d),München,https://jahnhettler.de/kanzlei/karriere/studentische-hilfskraefte-fuer-frankfurt-a-m/,2026-04-02,2026-04-19,
"Jahn Hettler Rechtsanwälte, Standort Frankfurt am Main",Praktikanten (m/w/d),München,https://jahnhettler.de/kanzlei/karriere/praktikanten-fuer-frankfurt-a-m/,2026-04-02,2026-04-19,
CYRUS Rechtsanwälte PartG mbB,Rechtsanwältin/Rechtsanwalt,Frankfurt am Main,https://cyrus-rae.de/kanzlei/karriere/,2026-04-02,2026-04-19,jrodriguez@cyrus-rae.de
"Media Kanzlei - Rechtsanwalt Medienrecht, Markenrecht, UWG, Presserecht, Abmahnung, Account Sperre",Marketing- und Social-Media Manager*in (m/w/d),Frankfurt am Main,https://media-kanzlei.com/karriere/#social,2026-04-02,2026-04-19,anwalt@media-kanzlei.com
TOP ADAC Anwältin Katja Eva Spies ᐅ Rechtsanwältin und Fachanwältin für Verkehrsrecht,Fachanwalt Verkehrsrecht,Zentrale/Unbekannt,,2026-04-02,2026-04-19,
Anwaltskanzlei El Ouali,"Steuerfachangestellte m/w/d in Vollzeit, Teilzeit oder als Aushilfe",Frankfurt,https://www.ra-te.de/karriere/,2026-04-02,2026-04-19,t.elouali@ra-te.de
Trebing & Bert Rechtsanwälte,Insolvenzsachbearbeiter (m/w/d),Frankfurt am Main,http://www.trebing-bert.de/files/250710_tb_anzeige_insolvenzsach_01.pdf,2026-04-02,2026-04-19,
Trebing & Bert Rechtsanwälte,Auszubildende im Beruf Kauffrau/Kaufmann für Büromanagement (m/w/d),Frankfurt am Main,http://www.trebing-bert.de/files/250710_tb_anzeige_azubibkf_01.pdf,2026-04-02,2026-04-19,
Trebing & Bert Rechtsanwälte,Auszubildende im Beruf Rechtsanwaltsfachangestellte/r (m/w/d),Frankfurt am Main,http://www.trebing-bert.de/files/250710_tb_anzeige_azubirefa_01.pdf,2026-04-02,2026-04-19,
Trebing & Bert Rechtsanwälte,Rechtsanwalt (m/w/d),Frankfurt am Main,http://www.trebing-bert.de/files/250710_tb_anzeige_rechtsanwalt_01.pdf,2026-04-02,2026-04-19,
"Ludwig Wollweber Bansch - Rechtsanwälte, Notare, Steuerberater",Rechtsanwalts- und Notarfachangestellte / Notarfachwirtin (m/w/d),Hanau,https://www.ludwigwollweberbansch.de/job/rechtsanwalts-und-notarfachangestellte-notarfachwirtin-m-w-d/,2026-04-02,2026-04-19,bewerbung@ludwigwollweberbansch.de
"Ludwig Wollweber Bansch - Rechtsanwälte, Notare, Steuerberater",Auszubildende als Rechtsanwalts- und Notarfachangestellte (m/w/d),Hanau,https://www.ludwigwollweberbansch.de/job/auszubildende-als-rechtsanwalts-und-notarfachangestellte-m-w-d/,2026-04-02,2026-04-19,bewerbung@ludwigwollweberbansch.de
"Ludwig Wollweber Bansch - Rechtsanwälte, Notare, Steuerberater",Rechtsanwalts- und Notarfachangestellte / Rechtsfachwirtin (m/w/d),Hanau,https://www.ludwigwollweberbansch.de/job/3859/,2026-04-02,2026-04-19,bewerbung@ludwigwollweberbansch.de
Rechtsanwälte caspers mock Frankfurt,Rechtsanwälte (m/w/d),Koblenz,https://www.caspers-mock.de/stellenangebote/anwaelte.html,2026-04-02,2026-04-19,
Rechtsanwälte caspers mock Frankfurt,Rechtsanwälte (m/w/d),Frankfurt,https://www.caspers-mock.de/stellenangebote/anwaelte.html,2026-04-02,2026-04-19,
Rechtsanwälte caspers mock Frankfurt,Rechtsanwälte (m/w/d),Bonn,https://www.caspers-mock.de/stellenangebote/anwaelte.html,2026-04-02,2026-04-19,
Rechtsanwälte caspers mock Frankfurt,Rechtsanwälte (m/w/d),Köln,https://www.caspers-mock.de/stellenangebote/anwaelte.html,2026-04-02,2026-04-19,
Rechtsanwälte caspers mock Frankfurt,Rechtsanwälte (m/w/d),Saarbrücken,https://www.caspers-mock.de/stellenangebote/anwaelte.html,2026-04-02,2026-04-19,
Rechtsanwälte caspers mock Frankfurt,Rechtsanwälte (m/w/d),Mainz,https://www.caspers-mock.de/stellenangebote/anwaelte.html,2026-04-02,2026-04-19,
Rechtsanwälte caspers mock Frankfurt,Rechtsanwälte (m/w/d),Düsseldorf,https://www.caspers-mock.de/stellenangebote/anwaelte.html,2026-04-02,2026-04-19,
Rechtsanwälte caspers mock Frankfurt,Rechtsanwälte (m/w/d),Wiesbaden,https://www.caspers-mock.de/stellenangebote/anwaelte.html,2026-04-02,2026-04-19,
Rechtsanwälte caspers mock Frankfurt,Rechtsfachwirte (m/w/d),Koblenz,https://www.caspers-mock.de/stellenangebote/Mitarbeiter.html,2026-04-02,2026-04-19,
Rechtsanwälte caspers mock Frankfurt,Rechtsfachwirte (m/w/d),Frankfurt,https://www.caspers-mock.de/stellenangebote/Mitarbeiter.html,2026-04-02,2026-04-19,
Rechtsanwälte caspers mock Frankfurt,Rechtsfachwirte (m/w/d),Bonn,https://www.caspers-mock.de/stellenangebote/Mitarbeiter.html,2026-04-02,2026-04-19,
Rechtsanwälte caspers mock Frankfurt,Rechtsfachwirte (m/w/d),Köln,https://www.caspers-mock.de/stellenangebote/Mitarbeiter.html,2026-04-02,2026-04-19,
Rechtsanwälte caspers mock Frankfurt,Rechtsfachwirte (m/w/d),Saarbrücken,https://www.caspers-mock.de/stellenangebote/Mitarbeiter.html,2026-04-02,2026-04-19,
Rechtsanwälte caspers mock Frankfurt,Rechtsfachwirte (m/w/d),Mainz,https://www.caspers-mock.de/stellenangebote/Mitarbeiter.html,2026-04-02,2026-04-19,
Rechtsanwälte caspers mock Frankfurt,Rechtsfachwirte (m/w/d),Düsseldorf,https://www.caspers-mock.de/stellenangebote/Mitarbeiter.html,2026-04-02,2026-04-19,
Rechtsanwälte caspers mock Frankfurt,Rechtsfachwirte (m/w/d),Wiesbaden,https://www.caspers-mock.de/stellenangebote/Mitarbeiter.html,2026-04-02,2026-04-19,
Rechtsanwälte caspers mock Frankfurt,Rechtsanwaltsfachangestellte (m/w/d),Koblenz,https://www.caspers-mock.de/stellenangebote/Mitarbeiter.html,2026-04-02,2026-04-19,
Rechtsanwälte caspers mock Frankfurt,Rechtsanwaltsfachangestellte (m/w/d),Frankfurt,https://www.caspers-mock.de/stellenangebote/Mitarbeiter.html,2026-04-02,2026-04-19,
Rechtsanwälte caspers mock Frankfurt,Rechtsanwaltsfachangestellte (m/w/d),Bonn,https://www.caspers-mock.de/stellenangebote/Mitarbeiter.html,2026-04-02,2026-04-19,
Rechtsanwälte caspers mock Frankfurt,Rechtsanwaltsfachangestellte (m/w/d),Köln,https://www.caspers-mock.de/stellenangebote/Mitarbeiter.html,2026-04-02,2026-04-19,
Rechtsanwälte caspers mock Frankfurt,Rechtsanwaltsfachangestellte (m/w/d),Saarbrücken,https://www.caspers-mock.de/stellenangebote/Mitarbeiter.html,2026-04-02,2026-04-19,
Rechtsanwälte caspers mock Frankfurt,Rechtsanwaltsfachangestellte (m/w/d),Mainz,https://www.caspers-mock.de/stellenangebote/Mitarbeiter.html,2026-04-02,2026-04-19,
Rechtsanwälte caspers mock Frankfurt,Rechtsanwaltsfachangestellte (m/w/d),Düsseldorf,https://www.caspers-mock.de/stellenangebote/Mitarbeiter.html,2026-04-02,2026-04-19,
Rechtsanwälte caspers mock Frankfurt,Rechtsanwaltsfachangestellte (m/w/d),Wiesbaden,https://www.caspers-mock.de/stellenangebote/Mitarbeiter.html,2026-04-02,2026-04-19,
Rechtsanwälte caspers mock Frankfurt,Rechtsreferendare (m/w/d),Koblenz,https://www.caspers-mock.de/stellenangebote/rechtsreferendare.html,2026-04-02,2026-04-19,
Rechtsanwälte caspers mock Frankfurt,Rechtsreferendare (m/w/d),Frankfurt,https://www.caspers-mock.de/stellenangebote/rechtsreferendare.html,2026-04-02,2026-04-19,
Rechtsanwälte caspers mock Frankfurt,Rechtsreferendare (m/w/d),Bonn,https://www.caspers-mock.de/stellenangebote/rechtsreferendare.html,2026-04-02,2026-04-19,
Rechtsanwälte caspers mock Frankfurt,Rechtsreferendare (m/w/d),Köln,https://www.caspers-mock.de/stellenangebote/rechtsreferendare.html,2026-04-02,2026-04-19,
Rechtsanwälte caspers mock Frankfurt,Rechtsreferendare (m/w/d),Saarbrücken,https://www.caspers-mock.de/stellenangebote/rechtsreferendare.html,2026-04-02,2026-04-19,
Rechtsanwälte caspers mock Frankfurt,Rechtsreferendare (m/w/d),Mainz,https://www.caspers-mock.de/stellenangebote/rechtsreferendare.html,2026-04-02,2026-04-19,
Rechtsanwälte caspers mock Frankfurt,Rechtsreferendare (m/w/d),Düsseldorf,https://www.caspers-mock.de/stellenangebote/rechtsreferendare.html,2026-04-02,2026-04-19,
Rechtsanwälte caspers mock Frankfurt,Rechtsreferendare (m/w/d),Wiesbaden,https://www.caspers-mock.de/stellenangebote/rechtsreferendare.html,2026-04-02,2026-04-19,
"Kuther & Partner, Rechtsanwälte-Notare",Referendar,Frankfurt am Main,https://www.kuther.de/karriere/,2026-04-02,2026-04-19,rechtsanwaelte@kuther.de
"Kuther & Partner, Rechtsanwälte-Notare",Rechtsanwalt,Frankfurt am Main,https://www.kuther.de/karriere/,2026-04-02,2026-04-19,rechtsanwaelte@kuther.de
"Strafverteidiger Dr. Böttner - Rechtsanwalt, Fachanwalt für Strafrecht",Ausgebildete/n Rechtsanwaltsfachangestellte/n,Neumünster,https://www.strafrecht-bundesweit.de/strafrecht-kanzlei-dr-boettner/karriere-im-strafrecht/stellenausschreibung-rechtsanwaltsfachangestellte-mw/,2026-04-02,2026-04-19,info@strafrecht-bundesweit.de
"Strafverteidiger Dr. Böttner - Rechtsanwalt, Fachanwalt für Strafrecht",Ausgebildete/n Rechtsanwaltsfachangestellte/n,Hamburg,https://www.strafrecht-bundesweit.de/strafrecht-kanzlei-dr-boettner/karriere-im-strafrecht/rechtsanwaltsfachangestellte-r-im-bereich-strafrecht-gesucht-standort-hamburg/,2026-04-02,2026-04-19,info@strafrecht-bundesweit.de
"Strafverteidiger Dr. Böttner - Rechtsanwalt, Fachanwalt für Strafrecht",Rechtsreferendare,Hamburg,https://www.strafrecht-bundesweit.de/strafrecht-kanzlei-dr-boettner/karriere-im-strafrecht/stellenausschreibung-referendare-mw/,2026-04-02,2026-04-19,info@strafrecht-bundesweit.de
"Strafverteidiger Dr. Böttner - Rechtsanwalt, Fachanwalt für Strafrecht",Rechtsreferendare,Neumünster,https://www.strafrecht-bundesweit.de/strafrecht-kanzlei-dr-boettner/karriere-im-strafrecht/stellenausschreibung-referendare-mw/,2026-04-02,2026-04-19,info@strafrecht-bundesweit.de
"Strafverteidiger Dr. Böttner - Rechtsanwalt, Fachanwalt für Strafrecht",Rechtsreferendare,Frankfurt am Main,https://www.strafrecht-bundesweit.de/strafrecht-kanzlei-dr-boettner/karriere-im-strafrecht/stellenausschreibung-referendare-mw/,2026-04-02,2026-04-19,info@strafrecht-bundesweit.de
"Strafverteidiger Dr. Böttner - Rechtsanwalt, Fachanwalt für Strafrecht",Wissenschaftliche Mitarbeiter,Hamburg,https://www.strafrecht-bundesweit.de/strafrecht-kanzlei-dr-boettner/karriere-im-strafrecht/stellenausschreibung-wissenschaftliche-mitarbeiter-mw/,2026-04-02,2026-04-19,info@strafrecht-bundesweit.de
"Strafverteidiger Dr. Böttner - Rechtsanwalt, Fachanwalt für Strafrecht",Wissenschaftliche Mitarbeiter,Neumünster,https://www.strafrecht-bundesweit.de/strafrecht-kanzlei-dr-boettner/karriere-im-strafrecht/stellenausschreibung-wissenschaftliche-mitarbeiter-mw/,2026-04-02,2026-04-19,info@strafrecht-bundesweit.de
"Strafverteidiger Dr. Böttner - Rechtsanwalt, Fachanwalt für Strafrecht",Wissenschaftliche Mitarbeiter,Frankfurt am Main,https://www.strafrecht-bundesweit.de/strafrecht-kanzlei-dr-boettner/karriere-im-strafrecht/stellenausschreibung-wissenschaftliche-mitarbeiter-mw/,2026-04-02,2026-04-19,info@strafrecht-bundesweit.de
"Strafverteidiger Dr. Böttner - Rechtsanwalt, Fachanwalt für Strafrecht",Rechtsanwälte,Hamburg,https://www.strafrecht-bundesweit.de/strafrecht-kanzlei-dr-boettner/karriere-im-strafrecht/stellenausschreibung-rechtsanwaelte-mw/,2026-04-02,2026-04-19,info@strafrecht-bundesweit.de
"Strafverteidiger Dr. Böttner - Rechtsanwalt, Fachanwalt für Strafrecht",Rechtsanwälte,Neumünster,https://www.strafrecht-bundesweit.de/strafrecht-kanzlei-dr-boettner/karriere-im-strafrecht/stellenausschreibung-rechtsanwaelte-mw/,2026-04-02,2026-04-19,info@strafrecht-bundesweit.de
"Strafverteidiger Dr. Böttner - Rechtsanwalt, Fachanwalt für Strafrecht",Rechtsanwälte,Frankfurt am Main,https://www.strafrecht-bundesweit.de/strafrecht-kanzlei-dr-boettner/karriere-im-strafrecht/stellenausschreibung-rechtsanwaelte-mw/,2026-04-02,2026-04-19,info@strafrecht-bundesweit.de
NOBIS Rechtsanwälte für Strafrecht,Rechtsreferendare,Brüggen,https://jobs.rechtsanwalt-nobis.de/,2026-04-02,2026-04-19,
NOBIS Rechtsanwälte für Strafrecht,Büroassistenz,Brüggen,https://jobs.rechtsanwalt-nobis.de/,2026-04-02,2026-04-19,
NOBIS Rechtsanwälte für Strafrecht,Rechtsanwaltfachangestellte,Brüggen,https://jobs.rechtsanwalt-nobis.de/,2026-04-02,2026-04-19,
NOBIS Rechtsanwälte für Strafrecht,Studentische Hilfskraft,Brüggen,https://jobs.rechtsanwalt-nobis.de/,2026-04-02,2026-04-19,
NOBIS Rechtsanwälte für Strafrecht,Reinigungskraft,Brüggen,https://jobs.rechtsanwalt-nobis.de/,2026-04-02,2026-04-19,
NOBIS Rechtsanwälte für Strafrecht,Rechtsanwälte,Brüggen,https://jobs.rechtsanwalt-nobis.de/,2026-04-02,2026-04-19,
"Bornheim+Partner | Notariat, Rechtsanwalt, Notar Frankfurt",Rechtsanwalt / Rechtsanwältin (m/w/d) im Immobilienrecht,Heidelberg,https://www.bornheim.com/stellenangebote/rechtsanwalt-rechtsanwaeltin-m-w-d-im-immobilienrecht/,2026-04-02,2026-04-19,
"Bornheim+Partner | Notariat, Rechtsanwalt, Notar Frankfurt",Rechtsreferendarin/Rechtsreferendar (m/w/d),Zentrale/Unbekannt,https://www.bornheim.com/stellenangebote/rechtsreferendarin-rechtsreferendar-m-w-d/,2026-04-02,2026-04-19,
Sauer Wolff Martin Rechtsanwälte,Rechtsanwaltsfachangestellte (m/w/d),Hanau,https://www.swm.co/rechtsanwaltsfachangestellte-m-w-d/,2026-04-02,2026-04-19,bewerbung@swm.co
Sauer Wolff Martin Rechtsanwälte,Rechtsanwaltsfachangestellte (m/w/d),Frankfurt,https://www.swm.co/rechtsanwaltsfachangestellte-m-w-d/,2026-04-02,2026-04-19,bewerbung@swm.co
Sauer Wolff Martin Rechtsanwälte,Rechtsanwaltsfachangestellte (m/w/d),Hammersbach,https://www.swm.co/rechtsanwaltsfachangestellte-m-w-d/,2026-04-02,2026-04-19,bewerbung@swm.co
HOPPENSTEDT RECHTSANWÄLTE,REFERENDARIAT,Zentrale/Unbekannt,http://www.contentlaw.de/referendariat,2026-04-02,2026-04-19,
HOPPENSTEDT RECHTSANWÄLTE,WISSENSCHAFTLICHE MITARBEIT,Zentrale/Unbekannt,http://www.contentlaw.de/wissenschaftliche-mitarbeit,2026-04-02,2026-04-19,
HOPPENSTEDT RECHTSANWÄLTE,ANWÄLTINNEN / ANWÄLTE,Zentrale/Unbekannt,http://www.contentlaw.de/anwaeltinnen-anwaelte,2026-04-02,2026-04-19,
SCHIEDERMAIR Rechtsanwälte Partnerschaftsgesellschaft von Rechtsanwälten und Steuerberatern mbB,Associate (m/w/d) im Bereich „small cap“ Private Equity / „small cap“ M&A (Berufserfahrung 3-6 Jahre),Frankfurt am Main,https://schiedermair.com/stellenanzeige-1,2026-04-02,2026-04-19,bewerber@schiedermair.com
SCHIEDERMAIR Rechtsanwälte Partnerschaftsgesellschaft von Rechtsanwälten und Steuerberatern mbB,Associate (m/w/d) im Bereich Arbeitsrecht (Berufserfahrung min. 2 Jahre),Frankfurt am Main,https://schiedermair.com/stellenanzeige-arbeitsrecht/,2026-04-02,2026-04-19,bewerber@schiedermair.com
Thomas Pörtener Rechtsanwalt,Praktikanten (m/w),Frankfurt am Main,https://www.poertener.de/%C3%BCber-die-kanzlei/stellenangebote/,2026-04-02,2026-04-19,poertener@t-online.de
rp law Rechtsanwaltsgesellschaft,Rechtsfachwirt/in/d oder Rechtsanwaltsfachangestellte/r /d,Frankfurt am Main,https://www.rp-law.de/karriere/,2026-04-03,2026-04-19,info@rp-law.de
Leu Rechtsanwaltsgesellschaft mbH,Buchhalter/ Steuerfachangestellter (w/m/d) im Bereich Gemeinnützigkeit,Digital,https://kanzlei-leu.de/stellenangebot-buchhalterin-steuerfachangestellter-w-m-d-im-bereich-gemeinnuetzigkeit-2/,2026-04-03,2026-04-19,personal@kanzlei-leu.de
Leu Rechtsanwaltsgesellschaft mbH,Mediengestalter (w/m/d),Digital,https://kanzlei-leu.de/stellenangebot-mediengestalter-m-w-d/,2026-04-03,2026-04-19,personal@kanzlei-leu.de
Blauertz Rechtsanwälte,Rechtsanwalt,Frankfurt am Main,https://www.blauertz-rechtsanwaelte.de/karriere/stellenanzeige-rechtsanwalt/,2026-04-03,2026-04-19,mail@blauertz-rechtsanwaelte.de
Blauertz Rechtsanwälte,Anwaltsassistenz,Frankfurt am Main,https://www.blauertz-rechtsanwaelte.de/karriere/stellenanzeige-anwaltsassistenz/,2026-04-03,2026-04-19,mail@blauertz-rechtsanwaelte.de
Blauertz Rechtsanwälte,Werkstudent,Frankfurt am Main,https://www.blauertz-rechtsanwaelte.de/karriere/stellenanzeige-werkstudent/,2026-04-03,2026-04-19,mail@blauertz-rechtsanwaelte.de
Blauertz Rechtsanwälte,Referendar/wissenschaftlicher Mitarbeiter,Frankfurt am Main,https://www.blauertz-rechtsanwaelte.de/karriere/stellenanzeige-referendar-wissenschaftlicher-mitarbeiter/,2026-04-03,2026-04-19,mail@blauertz-rechtsanwaelte.de
Blauertz Rechtsanwälte,Senioren als Büroassistenz,Frankfurt am Main,https://www.blauertz-rechtsanwaelte.de/karriere/stellenanzeige-senioren-als-bueroassistenz/,2026-04-03,2026-04-19,mail@blauertz-rechtsanwaelte.de
SKW Schwarz - Frankfurt / Main,Wissenschaftliche Mitarbeiter/in (m/w/d),München,https://karriere.skwschwarz.de/jobs/wissenschaftliche-r-mitarbeiter-in.muenchen,2026-04-03,2026-04-19,
SKW Schwarz - Frankfurt / Main,Ausbildung zur/zum Rechtsanwaltsfachangestellten (m/w/d),München,https://karriere.skwschwarz.de/jobs/azubi.muc.01,2026-04-03,2026-04-19,
SKW Schwarz - Frankfurt / Main,Team-Assistenz (m/w/d) IT / Digital Business / Datenschutz,Berlin,https://karriere.skwschwarz.de/jobs/team-assistenz-mwd-it-digital-business-datenschutz-in-berlin,2026-04-03,2026-04-19,
Jehle · Láng · v Rudloff · Köberle · Feldmann,Rechtsanwaltsfachangestellte / Bürokraft (m/w/d),Freiburg,https://www.jlm-freiburg.com/karriere/,2026-04-03,2026-04-19,kanzlei18@jlm-freiburg.com
Friedrich Graf von Westphalen & Partner mbB Rechtsanwälte,"Rechtsanwaltsfachangestellte (m/w/d), Assistenz (m/w/d) Bau- und Immobilienrecht",Freiburg,https://www.fgvw.de/de/karriere/,2026-04-03,2026-04-19,
Friedrich Graf von Westphalen & Partner mbB Rechtsanwälte,Produkthaftung und Versicherungsrecht (m/w/d) – Köln,Köln,https://www.fgvw.de/de/karriere/,2026-04-03,2026-04-19,
Friedrich Graf von Westphalen & Partner mbB Rechtsanwälte,Leiter (m/w/d) Finanzen und Rechnungswesen,Frankfurt am Main,https://www.fgvw.de/de/karriere/,2026-04-03,2026-04-19,
Friedrich Graf von Westphalen & Partner mbB Rechtsanwälte,Leiter (m/w/d) Finanzen und Rechnungswesen,Freiburg,https://www.fgvw.de/de/karriere/,2026-04-03,2026-04-19,
Friedrich Graf von Westphalen & Partner mbB Rechtsanwälte,Leiter (m/w/d) Finanzen und Rechnungswesen,Köln,https://www.fgvw.de/de/karriere/,2026-04-03,2026-04-19,
Friedrich Graf von Westphalen & Partner mbB Rechtsanwälte,Sachbearbeiter (m/w/d) Lohn- und/oder Finanzbuchhaltung,Frankfurt am Main,https://www.fgvw.de/de/karriere/,2026-04-03,2026-04-19,
Friedrich Graf von Westphalen & Partner mbB Rechtsanwälte,Sachbearbeiter (m/w/d) Lohn- und/oder Finanzbuchhaltung,Freiburg,https://www.fgvw.de/de/karriere/,2026-04-03,2026-04-19,
Friedrich Graf von Westphalen & Partner mbB Rechtsanwälte,Sachbearbeiter (m/w/d) Lohn- und/oder Finanzbuchhaltung,Köln,https://www.fgvw.de/de/karriere/,2026-04-03,2026-04-19,
Friedrich Graf von Westphalen & Partner mbB Rechtsanwälte,Öffentliches Wirtschaftsrecht,Köln,https://www.fgvw.de/de/karriere/,2026-04-03,2026-04-19,
Friedrich Graf von Westphalen & Partner mbB Rechtsanwälte,Lebensmittelrecht und Produkthaftungsrecht (m/w/d),Köln,https://www.fgvw.de/de/karriere/,2026-04-03,2026-04-19,
Friedrich Graf von Westphalen & Partner mbB Rechtsanwälte,"Handels- und Vertriebsrecht, Kartellrecht (m/w/d)",Köln,https://www.fgvw.de/de/karriere/,2026-04-03,2026-04-19,
Friedrich Graf von Westphalen & Partner mbB Rechtsanwälte,Gesellschaftsrecht/M&A (m/w/d),Köln,https://www.fgvw.de/de/karriere/,2026-04-03,2026-04-19,
Friedrich Graf von Westphalen & Partner mbB Rechtsanwälte,Rechtsanwalt/Steuerberater (m/w/d),Hamburg,https://www.fgvw.de/de/karriere/,2026-04-03,2026-04-19,
"Brunner, Liesenborghs & Partner PartG mbB - Rechtsanwälte",Rechtsanwaltsfachangestellte(r) & kaufmännische(r) Fachangestelle(r),Freiburg,https://www.parlex.de/kanzlei/sekretariate/,2026-04-03,2026-04-19,nann.sekretariat@parlex.de
PFO Rechtsanwälte | Pöhlmann • Früchtl • Oppermann PartmbB,Rechtsanwaltsfachangestellte/-r (m/w/d),Fürth,https://pfo-anwaelte.de/stellenangebote/rechtsanwaltsfachangestellte-r-m-w-d/,2026-04-03,2026-04-19,
PFO Rechtsanwälte | Pöhlmann • Früchtl • Oppermann PartmbB,Rechtsanwaltsfachangestellte/-r (m/w/d),Neustadt (Aisch),https://pfo-anwaelte.de/stellenangebote/rechtsanwaltsfachangestellte-r-m-w-d/,2026-04-03,2026-04-19,
PFO Rechtsanwälte | Pöhlmann • Früchtl • Oppermann PartmbB,Teamassistenz (m/w/d) für die Insolvenzabteilung,Fürth,https://pfo-anwaelte.de/stellenangebote/teamassistenz-m-w-d-fuer-die-insolvenzabteilung/,2026-04-03,2026-04-19,
PFO Rechtsanwälte | Pöhlmann • Früchtl • Oppermann PartmbB,Sachbearbeiter (m/w/d) für Unternehmensinsolvenzen,Fürth,https://pfo-anwaelte.de/stellenangebote/sachbearbeiter-m-w-d-fuer-unternehmensinsolvenzen/,2026-04-03,2026-04-19,
PFO Rechtsanwälte | Pöhlmann • Früchtl • Oppermann PartmbB,Auszubildende/r zum/zur Rechtsanwaltsfachangestellten (m/w/d),Fürth,https://pfo-anwaelte.de/stellenangebote/auszubildende-r-zum-zur-rechtsanwaltsfachangestellten-m-w-d/,2026-04-03,2026-04-19,
PFO Rechtsanwälte | Pöhlmann • Früchtl • Oppermann PartmbB,Auszubildende/r zum/zur Rechtsanwaltsfachangestellten (m/w/d),Bamberg,https://pfo-anwaelte.de/stellenangebote/auszubildende-r-zum-zur-rechtsanwaltsfachangestellten-m-w-d/,2026-04-03,2026-04-19,
PFO Rechtsanwälte | Pöhlmann • Früchtl • Oppermann PartmbB,Auszubildende/r zum/zur Rechtsanwaltsfachangestellten (m/w/d),Neustadt/Aisch,https://pfo-anwaelte.de/stellenangebote/auszubildende-r-zum-zur-rechtsanwaltsfachangestellten-m-w-d/,2026-04-03,2026-04-19,
SCHMIDT & SIEGL Rechtsanwälte (Partnerschaft),Referendar (Anwalts- und / oder Wahlstation),Gelsenkirchen-Buer,https://kanzlei-schmidt-siegl.de/wp-7343d-content/uploads/2025/04/Ausschreibung_Ref_0425.pdf,2026-04-03,2026-04-19,kontakt@kanzlei-schmidt-siegl.de
SCHMIDT & SIEGL Rechtsanwälte (Partnerschaft),Referendar (Anwalts- und / oder Wahlstation),Recklinghausen,https://kanzlei-schmidt-siegl.de/wp-7343d-content/uploads/2025/04/Ausschreibung_Ref_0425.pdf,2026-04-03,2026-04-19,kontakt@kanzlei-schmidt-siegl.de
Rechtsanwältin Christiane Breig,Rechtsanwalt u. Fachanwalt,Gelsenkirchen,,2026-04-03,2026-04-19,
"SBZW Rechtsanwaltskanzlei und Notariat - Dr. Bodenburg, Zilian, Werk",Ausbildungsplätze zur/zum Rechtsanwalts- und Notarfachangestellten,Göttingen,https://sbzw.de/#karriere,2026-04-03,2026-04-19,
"SBZW Rechtsanwaltskanzlei und Notariat - Dr. Bodenburg, Zilian, Werk",Referendariat,Göttingen,https://sbzw.de/#karriere,2026-04-03,2026-04-19,
Lampe legal Anwaltsgesellschaft und Notare - Göttingen,Notarassistent*in / Notarfachwirt *in / Notarfachangestellten (m/w/d),Göttingen,https://www.lampe-legal.de/karriere/,2026-04-03,2026-04-19,
Lampe legal Anwaltsgesellschaft und Notare - Göttingen,Rechtsanwältinnen/Rechtsanwälte (m/w/d) für den Bereich Wirtschaftsrecht/Arbeitsrecht/Zivilrecht,Göttingen,https://www.lampe-legal.de/karriere/,2026-04-03,2026-04-19,
Lampe legal Anwaltsgesellschaft und Notare - Göttingen,Referendarinnen/Referendare (m/w/d) zur Ausbildung in der Anwaltsstation und/oder Wahlstation,Göttingen,https://www.lampe-legal.de/karriere/,2026-04-03,2026-04-19,
Lampe legal Anwaltsgesellschaft und Notare - Göttingen,Auszubildende zur Rechtsanwalts- und Notarfachangestellten (m/w/d),Göttingen,https://www.lampe-legal.de/karriere/,2026-04-03,2026-04-19,
BWL Rechtsanwälte und Notare,Rechtsanwaltsfachangestellte (m/w/d),Iserlohn,https://bwl-rechtsanwaelte.de/stellenangebote/rechtsanwaltsfachangestellte-m-w-d/,2026-04-03,2026-04-19,
BWL Rechtsanwälte und Notare,Rechtsanwaltsfachangestellte (m/w/d),Hagen,https://bwl-rechtsanwaelte.de/stellenangebote/rechtsanwaltsfachangestellte-m-w-d/,2026-04-03,2026-04-19,
BWL Rechtsanwälte und Notare,Notarfachangestellte (m/w/d),Iserlohn,https://bwl-rechtsanwaelte.de/stellenangebote/notarfachangestellte-m-w-d/,2026-04-03,2026-04-19,
BWL Rechtsanwälte und Notare,Notarfachangestellte (m/w/d),Hagen,https://bwl-rechtsanwaelte.de/stellenangebote/notarfachangestellte-m-w-d/,2026-04-03,2026-04-19,
jks - Rechtsanwälte Fachanwälte Überörtliche Anwaltssozietät,Rechtsreferendaren/Rechtsreferendarin,Bitterfeld,http://www.fachanwalt-halle.de/stellenangebote,2026-04-03,2026-04-19,
jks - Rechtsanwälte Fachanwälte Überörtliche Anwaltssozietät,Rechtsanwältin/Rechtsanwalt,Bitterfeld,http://www.fachanwalt-halle.de/stellenangebote,2026-04-03,2026-04-19,
"VERKEHRSRECHT/ VERKEHRSSTRAFRECHT - RECHTSANWALT KANZLEI - Köhler-Babiak, seit über 30 Jahre!",Studentische Hilfskraft,Halle (Saale),www.kanzlei-köhler-babiak.de,2026-04-03,2026-04-19,
"VERKEHRSRECHT/ VERKEHRSSTRAFRECHT - RECHTSANWALT KANZLEI - Köhler-Babiak, seit über 30 Jahre!",Bürokaufmann/Bürokauffrau,Halle (Saale),www.kanzlei-köhler-babiak.de,2026-04-03,2026-04-19,
Hannekum & Partner Rechtsanwälte,Rechtsanwalts- und Notarfachangestellte/r (m/w/d) – Standort Ahrensburg (Teilzeit/Vollzeit),Ahrensburg,https://hannekum-partner.de/jobs/,2026-04-03,2026-04-19,jobs@hannekum-partner.de
Kanzlei Michaelis Rechtsanwälte,Wissenschaftliche Mitarbeiter/in (m/w/d) für Versicherungsrecht / Arbeitsrecht,Hamburg,https://kanzlei-michaelis.de/karriere/,2026-04-03,2026-04-19,radojcic@kanzlei-michaelis.de
Rechtsanwalt Dietmar Cyrus,Rechtsreferendare,Hamburg,https://www.kanzlei-cyrus.de/referendariat/,2026-04-03,2026-04-24,info@kanzlei-cyrus.de
Kanzlei Hohaus,Referendare,Hamburg,https://kanzlei-hohaus.de/stellenangebote.html,2026-04-03,2026-04-24,
STEINWACHS Rechtsanwaltskanzlei,Studenten und Referendare (Ausbildung),Hamburg,https://www.kanzlei-steinwachs.de/karriere/,2026-04-03,2026-04-24,
STEINWACHS Rechtsanwaltskanzlei,Studenten und Referendare (Ausbildung),Berlin,https://www.kanzlei-steinwachs.de/karriere/,2026-04-03,2026-04-24,
STEINWACHS Rechtsanwaltskanzlei,Studenten und Referendare (Ausbildung),Bremen,https://www.kanzlei-steinwachs.de/karriere/,2026-04-03,2026-04-24,
STEINWACHS Rechtsanwaltskanzlei,Studenten und Referendare (Ausbildung),Lübeck,https://www.kanzlei-steinwachs.de/karriere/,2026-04-03,2026-04-24,
STEINWACHS Rechtsanwaltskanzlei,Studenten und Referendare (Ausbildung),Hannover,https://www.kanzlei-steinwachs.de/karriere/,2026-04-03,2026-04-24,
DIEKMANN Rechtsanwälte GbR,Rechtsanwaltsfachangestellte (m/w/d) in Voll- oder Teilzeit,Hamburg,https://www.diekmann-rechtsanwaelte.de/karriere/rechtsanwaltsfachangestellte-hamburg/,2026-04-03,2026-04-24,fabienne.diekmann@diekmann-rechtsanwaelte.de
DIEKMANN Rechtsanwälte GbR,Rechtsanwalt (m/w/d) für Fluggastrecht in Teilzeit,Hamburg,https://www.diekmann-rechtsanwaelte.de/karriere/rechtsanwalt-fluggastrecht-hamburg/,2026-04-03,2026-04-24,fabienne.diekmann@diekmann-rechtsanwaelte.de
DIEKMANN Rechtsanwälte GbR,Rechtsanwalt (m/w/d) im Bereich Healthcare und Life Science in Vollzeit,Hamburg,https://www.diekmann-rechtsanwaelte.de/karriere/rechtsanwalt-hamburg/,2026-04-03,2026-04-24,fabienne.diekmann@diekmann-rechtsanwaelte.de
DIEKMANN Rechtsanwälte GbR,Referendare (m/w/d) in sämtlichen Tätigkeitsgebieten,Hamburg,https://www.diekmann-rechtsanwaelte.de/karriere/referendare-hamburg/,2026-04-03,2026-04-24,fabienne.diekmann@diekmann-rechtsanwaelte.de
"Rechtsanwälte Braetsch, Jessen & Partner",Ausbildung zur Rechtsanwaltsfachangestellten,Hamburg,http://www.bj-p.de/karriere.html,2026-04-03,2026-04-24,post@bj-p.de
Dr. Bockwoldt & Collegen Rechtsanwälte,Praktikumsplätze für Jura-Studenten,Hamburg,https://www.dr-bockwoldt.de,2026-04-03,2026-04-24,
Dr. Bockwoldt & Collegen Rechtsanwälte,Praktikumsplätze für Jura-Studenten,Leipzig,https://www.dr-bockwoldt.de,2026-04-03,2026-04-24,
Dr. Bockwoldt & Collegen Rechtsanwälte,Referendarstellen,Hamburg,https://www.dr-bockwoldt.de,2026-04-03,2026-04-24,
Dr. Bockwoldt & Collegen Rechtsanwälte,Referendarstellen,Leipzig,https://www.dr-bockwoldt.de,2026-04-03,2026-04-24,
Groenewold · Tiedemann · Griffel Rechtsanwälte,Partnerschaft,Hamburg,https://www.gtg-recht.de/karriere/,2026-04-03,2026-04-24,team@gtg-recht.de
SCHNEIDER || MICK Rechtsanwälte · Strafverteidiger,Rechtsreferendariat: Anwaltsstation und Wahlstation,Hamburg,https://www.strafrecht.hamburg/karriere/referendariat/,2026-04-03,2026-04-24,kontakt@schneidermick.de
SCHNEIDER || MICK Rechtsanwälte · Strafverteidiger,Rechtsreferendariat: Anwaltsstation und Wahlstation,Berlin,https://www.strafrecht.hamburg/karriere/referendariat/,2026-04-03,2026-04-24,kontakt@schneidermick.de
Rieck & Partner Rechtsanwälte mbB,Ausbildung zur/m Rechtsanwaltsfachangestellten (m/w/d),Hamburg,https://rieck-partner.de/ausbildung-zur-m-rechtsanwaltsfachangestellten-m,2026-04-03,2026-04-24,info@rieck-partner.de
HARTE-BAVENDAMM Rechtsanwälte Partnerschaftsgesellschaft mbB,Rechtsanwaltsfachangestellte/r (m/w/d) in Voll- und Teilzeit,Hamburg,https://www.harte-bavendamm.de/jobs/rechtsanwaltsfachangestellte,2026-04-03,2026-04-19,bewerbung@harte-bavendamm.de
Rechtsanwalt Mike Olaf Fröhlich - Fachanwalt für Verkehrs- und Medizinrecht,Referendariat,Hamburg,http://www.rechtsstreit.de/referendariat.html,2026-04-03,2026-04-24,
Rechtsanwalt Mike Olaf Fröhlich - Fachanwalt für Verkehrs- und Medizinrecht,Praktikum,Hamburg,http://www.rechtsstreit.de/praktikum.html,2026-04-03,2026-04-24,
"Strafverteidigung Lauenburg, Strafverteidiger, Verkehrsrechtsanwalt, Fachanwalt für Strafrecht in Hamburg und bundesweit","Studentenpraktikum, Referendarpraktikum und Referendariatspraktikum /Anwaltsstation",Hamburg,https://www.ihr-anwalt-hamburg.de/karriere-studentenpraktikum-referendarpraktikum-anwaltsstation-referendariatspraktikum.html,2026-04-03,2026-04-19,lauenburg@ihr-anwalt-hamburg.de
Rechtsanwälte Klemm & Partner mbB,Stationsreferendar/in (m/w/d) für Anwaltsstation oder Wahlstation im Bereich Immobilienrecht,Hamburg,https://www.klemmpartner.de/stellenanzeige,2026-04-03,2026-04-24,schlotfeldt@klemmpartner.de
"Jurivio Rechtsanwälte - mit Haltung für Miet- und Wohnungseigentumsrecht, Verkehrsrecht und als externe Rechtsabteilung",Ausbildung zur/zum Rechtsanwaltsfachangestellten,Münster,https://jurivio-recht.de/karriere/,2026-04-03,2026-04-24,mail@jurivio-recht.de
"Jurivio Rechtsanwälte - mit Haltung für Miet- und Wohnungseigentumsrecht, Verkehrsrecht und als externe Rechtsabteilung",Ausbildung zur/zum Rechtsanwaltsfachangestellten,Hamburg,https://jurivio-recht.de/karriere/,2026-04-03,2026-04-24,mail@jurivio-recht.de
"Jurivio Rechtsanwälte - mit Haltung für Miet- und Wohnungseigentumsrecht, Verkehrsrecht und als externe Rechtsabteilung",Praktikum,Münster,https://jurivio-recht.de/karriere/,2026-04-03,2026-04-24,mail@jurivio-recht.de
"Jurivio Rechtsanwälte - mit Haltung für Miet- und Wohnungseigentumsrecht, Verkehrsrecht und als externe Rechtsabteilung",Praktikum,Hamburg,https://jurivio-recht.de/karriere/,2026-04-03,2026-04-24,mail@jurivio-recht.de
🥇 Media Kanzlei Hamburg - Medienrecht Presserecht Abmahnung Filesharing Anwalt,Marketing- und Social-Media Manager*in (m/w/d),Frankfurt am Main,https://media-kanzlei.com/karriere/#social,2026-04-03,2026-04-24,anwalt@media-kanzlei.com
Hellinger ETL GmbH Steuerberatungsgesellschaft,STEUERFACHANGESTELLTE/N oder STEUERFACHWIRT/IN,Hamburg,https://www.kanzlei-hellinger.org/karriere/,2026-04-03,2026-04-24,kontakt@kanzlei-hellinger.org
Schwartz Uppendieck Hölck & Steffen,Wir bilden aus!,Hamburg,http://www.familienanwalt-hamburg.de/de/159971-Stellenangebote,2026-04-03,2026-04-24,info@familienanwalt-hamburg.de
Kanzlei Drebber - Steuerberater Wirtschaftsprüfer Rechtsbeistand,Ausbildungsplatz Steuerfachangestellte/r (m/w/d),Zentrale/Unbekannt,http://www.kanzlei-drebber.de/index.php/kanzlei/stellenangebote,2026-04-03,2026-04-24,
Brinkmeier und Partner,Referendariat,Hamburg,https://www.brinkmeier-partner.de/referendariat/,2026-04-03,2026-04-24,
Christel und Joachim Sachs Rechtsanwälte,Rechtsanwältinnen/Rechtsanwälte (w/m/d) Mit und ohne Berufserfahrung,Hamburg,https://www.kanzlei-sachs.de/jobs,2026-04-03,2026-04-24,c.sachs@raesachs.de
Rechtsanwalt und Notar Christian Pfeiffer,Notarfachangestellte/n oder ReNo–Fachangestellte/n (m/w/d),Norderstedt,http://www.rechtsanwalt-und-notar-christian-pfeiffer.de/karriere-jobangebot-stellenausschreibung-notarfachangestellte.php,2026-04-03,2026-04-24,info@cpfeiffer.de
Fröling & Reimers - Anwalt für Arbeitsrecht,Rechtsanwalt (m/w/d),Hamburg,https://froeling-reimers.de/jobs/rechtsanwaelte/,2026-04-03,2026-04-24,
Fröling & Reimers - Anwalt für Arbeitsrecht,Rechtsanwalt (m/w/d),Kiel,https://froeling-reimers.de/jobs/rechtsanwaelte/,2026-04-03,2026-04-24,
Fröling & Reimers - Anwalt für Arbeitsrecht,Rechtsanwalt (m/w/d),Norderstedt,https://froeling-reimers.de/jobs/rechtsanwaelte/,2026-04-03,2026-04-24,
Fröling & Reimers - Anwalt für Arbeitsrecht,Rechtsanwalt (m/w/d),Pinneberg,https://froeling-reimers.de/jobs/rechtsanwaelte/,2026-04-03,2026-04-24,
Fröling & Reimers - Anwalt für Arbeitsrecht,Rechtsanwalt (m/w/d),Neumünster,https://froeling-reimers.de/jobs/rechtsanwaelte/,2026-04-03,2026-04-24,
Fröling & Reimers - Anwalt für Arbeitsrecht,Referendariat,Hamburg,https://froeling-reimers.de/jobs/referendare/,2026-04-03,2026-04-24,
Fröling & Reimers - Anwalt für Arbeitsrecht,Referendariat,Kiel,https://froeling-reimers.de/jobs/referendare/,2026-04-03,2026-04-24,
Fröling & Reimers - Anwalt für Arbeitsrecht,Referendariat,Norderstedt,https://froeling-reimers.de/jobs/referendare/,2026-04-03,2026-04-24,
Fröling & Reimers - Anwalt für Arbeitsrecht,Referendariat,Pinneberg,https://froeling-reimers.de/jobs/referendare/,2026-04-03,2026-04-24,
Fröling & Reimers - Anwalt für Arbeitsrecht,Referendariat,Neumünster,https://froeling-reimers.de/jobs/referendare/,2026-04-03,2026-04-24,
Fröling & Reimers - Anwalt für Arbeitsrecht,Rechtsanwaltsfachangestellte,Hamburg,https://froeling-reimers.de/jobs/refa/,2026-04-03,2026-04-24,
Fröling & Reimers - Anwalt für Arbeitsrecht,Rechtsanwaltsfachangestellte,Kiel,https://froeling-reimers.de/jobs/refa/,2026-04-03,2026-04-24,
Fröling & Reimers - Anwalt für Arbeitsrecht,Rechtsanwaltsfachangestellte,Norderstedt,https://froeling-reimers.de/jobs/refa/,2026-04-03,2026-04-24,
Fröling & Reimers - Anwalt für Arbeitsrecht,Rechtsanwaltsfachangestellte,Pinneberg,https://froeling-reimers.de/jobs/refa/,2026-04-03,2026-04-24,
Fröling & Reimers - Anwalt für Arbeitsrecht,Rechtsanwaltsfachangestellte,Neumünster,https://froeling-reimers.de/jobs/refa/,2026-04-03,2026-04-24,
Fröling & Reimers - Anwalt für Arbeitsrecht,Ausbildung ReFa,Hamburg,https://froeling-reimers.de/jobs/refa-ausbildung/,2026-04-03,2026-04-24,
Fröling & Reimers - Anwalt für Arbeitsrecht,Ausbildung ReFa,Kiel,https://froeling-reimers.de/jobs/refa-ausbildung/,2026-04-03,2026-04-24,
Fröling & Reimers - Anwalt für Arbeitsrecht,Ausbildung ReFa,Norderstedt,https://froeling-reimers.de/jobs/refa-ausbildung/,2026-04-03,2026-04-24,
Fröling & Reimers - Anwalt für Arbeitsrecht,Ausbildung ReFa,Pinneberg,https://froeling-reimers.de/jobs/refa-ausbildung/,2026-04-03,2026-04-24,
Fröling & Reimers - Anwalt für Arbeitsrecht,Ausbildung ReFa,Neumünster,https://froeling-reimers.de/jobs/refa-ausbildung/,2026-04-03,2026-04-24,
Steuerberater Hamburg Thoms Consulting Steuerberatungsgesellschaft mbH,Steuerberater als Bürogemeinschaft oder freie Mitarbeit (m/w/d),Hamburg,https://www.thoms-steuerberater-hamburg.de/jobs/,2026-04-03,2026-04-24,s.thoms@thoms-consulting.de
Steuerberater Hamburg Thoms Consulting Steuerberatungsgesellschaft mbH,Steuerberater als Bürogemeinschaft oder freie Mitarbeit (m/w/d),Langenhorn,https://www.thoms-steuerberater-hamburg.de/jobs/,2026-04-03,2026-04-19,s.thoms@thoms-consulting.de
Steuerberater Hamburg Thoms Consulting Steuerberatungsgesellschaft mbH,Steuerfachangestellter oder Steuerfachwirt (m/w/d),Hamburg,https://www.thoms-steuerberater-hamburg.de/jobs/,2026-04-03,2026-04-24,s.thoms@thoms-consulting.de
Steuerberater Hamburg Thoms Consulting Steuerberatungsgesellschaft mbH,Steuerfachangestellter oder Steuerfachwirt (m/w/d),Langenhorn,https://www.thoms-steuerberater-hamburg.de/jobs/,2026-04-03,2026-04-24,s.thoms@thoms-consulting.de
TOP ADAC Anwalt Wolfgang Niendorf ᐅ Rechtsanwalt und Fachanwalt für Verkehrsrecht,Fachanwalt Verkehrsrecht,Zentrale/Unbekannt,,2026-04-03,2026-04-19,
Fröling & Reimers,Rechtsanwalt (m/w/d),Hamburg,https://froeling-reimers.de/jobs/rechtsanwaelte/,2026-04-03,2026-04-24,
Fröling & Reimers,Rechtsanwalt (m/w/d),Kiel,https://froeling-reimers.de/jobs/rechtsanwaelte/,2026-04-03,2026-04-24,
Fröling & Reimers,Rechtsanwalt (m/w/d),Norderstedt,https://froeling-reimers.de/jobs/rechtsanwaelte/,2026-04-03,2026-04-24,
Fröling & Reimers,Rechtsanwalt (m/w/d),Pinneberg,https://froeling-reimers.de/jobs/rechtsanwaelte/,2026-04-03,2026-04-24,
Fröling & Reimers,Rechtsanwalt (m/w/d),Neumünster,https://froeling-reimers.de/jobs/rechtsanwaelte/,2026-04-03,2026-04-24,
Fröling & Reimers,Referendariat,Hamburg,https://froeling-reimers.de/jobs/referendare/,2026-04-03,2026-04-24,
Fröling & Reimers,Referendariat,Kiel,https://froeling-reimers.de/jobs/referendare/,2026-04-03,2026-04-24,
Fröling & Reimers,Referendariat,Norderstedt,https://froeling-reimers.de/jobs/referendare/,2026-04-03,2026-04-24,
Fröling & Reimers,Referendariat,Pinneberg,https://froeling-reimers.de/jobs/referendare/,2026-04-03,2026-04-24,
Fröling & Reimers,Referendariat,Neumünster,https://froeling-reimers.de/jobs/referendare/,2026-04-03,2026-04-24,
Fröling & Reimers,Rechtsanwaltsfachangestellte,Hamburg,https://froeling-reimers.de/jobs/refa/,2026-04-03,2026-04-19,
Fröling & Reimers,Rechtsanwaltsfachangestellte,Kiel,https://froeling-reimers.de/jobs/refa/,2026-04-03,2026-04-19,
Fröling & Reimers,Rechtsanwaltsfachangestellte,Norderstedt,https://froeling-reimers.de/jobs/refa/,2026-04-03,2026-04-19,
Fröling & Reimers,Rechtsanwaltsfachangestellte,Pinneberg,https://froeling-reimers.de/jobs/refa/,2026-04-03,2026-04-19,
Fröling & Reimers,Rechtsanwaltsfachangestellte,Neumünster,https://froeling-reimers.de/jobs/refa/,2026-04-03,2026-04-19,
Fröling & Reimers,Ausbildung ReFa,Hamburg,https://froeling-reimers.de/jobs/refa-ausbildung/,2026-04-03,2026-04-19,
Fröling & Reimers,Ausbildung ReFa,Kiel,https://froeling-reimers.de/jobs/refa-ausbildung/,2026-04-03,2026-04-19,
Fröling & Reimers,Ausbildung ReFa,Norderstedt,https://froeling-reimers.de/jobs/refa-ausbildung/,2026-04-03,2026-04-19,
Fröling & Reimers,Ausbildung ReFa,Pinneberg,https://froeling-reimers.de/jobs/refa-ausbildung/,2026-04-03,2026-04-19,
Fröling & Reimers,Ausbildung ReFa,Neumünster,https://froeling-reimers.de/jobs/refa-ausbildung/,2026-04-03,2026-04-19,
Joachim Schaller,Referendar (Anwaltsstation),Hamburg,http://www.recht-auf-studienplatz.de/kontakt.html,2026-04-03,2026-04-24,
hendrik horn. & partner. Rechtsanwälte,Referendar (m/w/d),Hamburg,https://www.hh-partner.de/stellenangebote/,2026-04-03,2026-04-24,info@hh-partner.de
Kahlert Padberg Rechtsanwälte Fachanwälte Partnerschaft mbB,Rechtsanwaltsfachangestellte (m/w/d),Hamm,https://www.kahlert-padberg.de/rechtsanwaltsfachangestellte,2026-04-03,2026-04-19,
Kahlert Padberg Rechtsanwälte Fachanwälte Partnerschaft mbB,Rechtsanwaltsfachangestellte (m/w/d),Leipzig,https://www.kahlert-padberg.de/rechtsanwaltsfachangestellte,2026-04-03,2026-04-19,
Kahlert Padberg Rechtsanwälte Fachanwälte Partnerschaft mbB,Rechtsanwaltsfachangestellte (m/w/d),Halle,https://www.kahlert-padberg.de/rechtsanwaltsfachangestellte,2026-04-03,2026-04-19,
Kahlert Padberg Rechtsanwälte Fachanwälte Partnerschaft mbB,Rechtsanwälte (m/w/d),Hamm,https://www.kahlert-padberg.de/rechtsanwaelte,2026-04-03,2026-04-19,
Kahlert Padberg Rechtsanwälte Fachanwälte Partnerschaft mbB,Rechtsanwälte (m/w/d),Leipzig,https://www.kahlert-padberg.de/rechtsanwaelte,2026-04-03,2026-04-19,
Kahlert Padberg Rechtsanwälte Fachanwälte Partnerschaft mbB,Rechtsanwälte (m/w/d),Halle,https://www.kahlert-padberg.de/rechtsanwaelte,2026-04-03,2026-04-19,
Kahlert Padberg Rechtsanwälte Fachanwälte Partnerschaft mbB,Auszubildende,Hamm,https://www.kahlert-padberg.de/auszubildende,2026-04-03,2026-04-19,
Kahlert Padberg Rechtsanwälte Fachanwälte Partnerschaft mbB,Auszubildende,Leipzig,https://www.kahlert-padberg.de/auszubildende,2026-04-03,2026-04-19,
Kahlert Padberg Rechtsanwälte Fachanwälte Partnerschaft mbB,Auszubildende,Halle,https://www.kahlert-padberg.de/auszubildende,2026-04-03,2026-04-19,
Kahlert Padberg Rechtsanwälte Fachanwälte Partnerschaft mbB,Referendare,Hamm,https://www.kahlert-padberg.de/referendare,2026-04-03,2026-04-19,
Kahlert Padberg Rechtsanwälte Fachanwälte Partnerschaft mbB,Referendare,Leipzig,https://www.kahlert-padberg.de/referendare,2026-04-03,2026-04-19,
Kahlert Padberg Rechtsanwälte Fachanwälte Partnerschaft mbB,Referendare,Halle,https://www.kahlert-padberg.de/referendare,2026-04-03,2026-04-19,
"The lawyers Dr. Haubrich, Blesius, Eifel, Keusch & Hager",Rechtsanwaltsfachangestellte/n (m/w/d),Bitburg,http://www.anwaelte-bitburg.de/stellenanzeigen.html,2026-04-03,2026-04-19,Seljmoni@anwaelte-bitburg.de
Wilke Hagemann Rechtsanwälte,Rechtsanwaltsfachangestellter (ReFa) - m/w/d,Hamm,https://www.wilke-hagemann.de/job/rechtsanwaltsfachangestellter-refa-m-w-d/,2026-04-03,2026-04-19,post@wilke-hagemann.de
Grüter Hamm Münster PartGmbB,Rechtsanwälte (m/w/d),Duisburg,https://www.grueter.de/de/rechtsanwaelte-mwd,2026-04-03,2026-04-19,
Grüter Hamm Münster PartGmbB,Rechtsanwälte (m/w/d),Hamm,https://www.grueter.de/de/rechtsanwaelte-mwd,2026-04-03,2026-04-19,
Grüter Hamm Münster PartGmbB,Rechtsanwälte (m/w/d),Münster,https://www.grueter.de/de/rechtsanwaelte-mwd,2026-04-03,2026-04-19,
Grüter Hamm Münster PartGmbB,Referendare (m/w/d),Duisburg,https://www.grueter.de/de/referendare-mwd,2026-04-03,2026-04-19,
Grüter Hamm Münster PartGmbB,Referendare (m/w/d),Hamm,https://www.grueter.de/de/referendare-mwd,2026-04-03,2026-04-19,
Grüter Hamm Münster PartGmbB,Referendare (m/w/d),Münster,https://www.grueter.de/de/referendare-mwd,2026-04-03,2026-04-19,
Grüter Hamm Münster PartGmbB,Praktikanten (m/w/d),Duisburg,https://www.grueter.de/de/praktikanten-mwd,2026-04-03,2026-04-19,
Grüter Hamm Münster PartGmbB,Praktikanten (m/w/d),Hamm,https://www.grueter.de/de/praktikanten-mwd,2026-04-03,2026-04-19,
Grüter Hamm Münster PartGmbB,Praktikanten (m/w/d),Münster,https://www.grueter.de/de/praktikanten-mwd,2026-04-03,2026-04-19,
Grüter Hamm Münster PartGmbB,Notarfachangestellte (m/w/d),Duisburg,https://www.grueter.de/de/notarfachangestellte-mwd,2026-04-03,2026-04-19,
Grüter Hamm Münster PartGmbB,Notarfachangestellte (m/w/d),Hamm,https://www.grueter.de/de/notarfachangestellte-mwd,2026-04-03,2026-04-19,
Grüter Hamm Münster PartGmbB,Notarfachangestellte (m/w/d),Münster,https://www.grueter.de/de/notarfachangestellte-mwd,2026-04-03,2026-04-19,
Grüter Hamm Münster PartGmbB,Anwaltsassistenten (m/w/d),Duisburg,https://www.grueter.de/de/anwaltsassistenten-mwd,2026-04-03,2026-04-19,
Grüter Hamm Münster PartGmbB,Anwaltsassistenten (m/w/d),Hamm,https://www.grueter.de/de/anwaltsassistenten-mwd,2026-04-03,2026-04-19,
Grüter Hamm Münster PartGmbB,Anwaltsassistenten (m/w/d),Münster,https://www.grueter.de/de/anwaltsassistenten-mwd,2026-04-03,2026-04-19,
Grüter Hamm Münster PartGmbB,Auszubildende (m/w/d),Duisburg,https://www.grueter.de/de/auszubildende-mwd,2026-04-03,2026-04-19,
Grüter Hamm Münster PartGmbB,Auszubildende (m/w/d),Hamm,https://www.grueter.de/de/auszubildende-mwd,2026-04-03,2026-04-19,
Grüter Hamm Münster PartGmbB,Auszubildende (m/w/d),Münster,https://www.grueter.de/de/auszubildende-mwd,2026-04-03,2026-04-19,
Kanzlei Inhestern,Rechtsanwalt/ Rechtsanwältin,Hannover,https://www.pi-kanzlei.de/rechtsanwaltskanzlei-hannover/bewerbung-karriere/,2026-04-03,2026-04-24,
Kanzlei Inhestern,Rechtsreferendar/ Rechtsreferendarin für die Wahlstation und Anwaltsstation,Hannover,https://www.pi-kanzlei.de/rechtsanwaltskanzlei-hannover/bewerbung-karriere/,2026-04-03,2026-04-24,
Kanzlei Inhestern,Auszubildender/ Auszubildende,Hannover,https://www.pi-kanzlei.de/rechtsanwaltskanzlei-hannover/bewerbung-karriere/,2026-04-03,2026-04-24,
Kanzlei Inhestern,Jahrespraktikant/ Jahrespraktikantin der Fachoberschule Recht und Verwaltung,Hannover,https://www.pi-kanzlei.de/rechtsanwaltskanzlei-hannover/bewerbung-karriere/,2026-04-03,2026-04-24,
Dr. Papsch & Collegen Rechtsanwälte,Mitarbeiter (m/w/d) Immobilienverwaltung,Hannover,https://papsch.de/stellenangebote/,2026-04-03,2026-04-19,joerns@papsch.de
KERNER Rechtsanwälte - Fachanwälte für Arbeitsrecht,Rechtsanwaltsfachangestellte / Rechtsanwaltsfachangestellter (m/w/d),Hannover,https://kanzlei-kerner.de/ueber-uns/karriere/#1641790036113-eb5a1b92-21c2,2026-04-03,2026-04-24,kerner@kanzlei-kerner.de
Rechtsanwaltskanzlei Stefan Copey & Coll.,Rechtsanwaltsfachangestellte (m/w/d),Edemissen,https://www.rechtsanwalt-copey-coll.de/karriere,2026-04-03,2026-04-19,kanzlei@rechtsanwalt-copey-coll.de
Rechtsanwaltskanzlei Stefan Copey & Coll.,Auszubildende Rechtsanwaltsfachangestellte (m/w/d),Edemissen,https://www.rechtsanwalt-copey-coll.de/karriere,2026-04-03,2026-04-19,kanzlei@rechtsanwalt-copey-coll.de
Rechtsanwaltskanzlei Stefan Copey & Coll.,Schreibkraft (m/w/d),Edemissen,https://www.rechtsanwalt-copey-coll.de/karriere,2026-04-03,2026-04-19,kanzlei@rechtsanwalt-copey-coll.de
horak Rechtsanwälte,Patentingenieure,Hannover,https://www.bwlh.de/anwaltskanzlei/Anwaltsnews/Stellenangebote/Patentingenieure/patentingenieure.html,2026-04-03,2026-04-24,horak@bwlh.de
horak Rechtsanwälte,Patentingenieure,Berlin,https://www.bwlh.de/anwaltskanzlei/Anwaltsnews/Stellenangebote/Patentingenieure/patentingenieure.html,2026-04-03,2026-04-24,horak@bwlh.de
horak Rechtsanwälte,Patentingenieure,Bielefeld,https://www.bwlh.de/anwaltskanzlei/Anwaltsnews/Stellenangebote/Patentingenieure/patentingenieure.html,2026-04-03,2026-04-24,horak@bwlh.de
horak Rechtsanwälte,Patentingenieure,Bremen,https://www.bwlh.de/anwaltskanzlei/Anwaltsnews/Stellenangebote/Patentingenieure/patentingenieure.html,2026-04-03,2026-04-24,horak@bwlh.de
horak Rechtsanwälte,Patentingenieure,Düsseldorf,https://www.bwlh.de/anwaltskanzlei/Anwaltsnews/Stellenangebote/Patentingenieure/patentingenieure.html,2026-04-03,2026-04-24,horak@bwlh.de
horak Rechtsanwälte,Patentingenieure,Frankfurt,https://www.bwlh.de/anwaltskanzlei/Anwaltsnews/Stellenangebote/Patentingenieure/patentingenieure.html,2026-04-03,2026-04-24,horak@bwlh.de
horak Rechtsanwälte,Patentingenieure,Hamburg,https://www.bwlh.de/anwaltskanzlei/Anwaltsnews/Stellenangebote/Patentingenieure/patentingenieure.html,2026-04-03,2026-04-24,horak@bwlh.de
horak Rechtsanwälte,Patentingenieure,Leipzig,https://www.bwlh.de/anwaltskanzlei/Anwaltsnews/Stellenangebote/Patentingenieure/patentingenieure.html,2026-04-03,2026-04-24,horak@bwlh.de
horak Rechtsanwälte,Patentingenieure,München,https://www.bwlh.de/anwaltskanzlei/Anwaltsnews/Stellenangebote/Patentingenieure/patentingenieure.html,2026-04-03,2026-04-24,horak@bwlh.de
horak Rechtsanwälte,Patentingenieure,Stuttgart,https://www.bwlh.de/anwaltskanzlei/Anwaltsnews/Stellenangebote/Patentingenieure/patentingenieure.html,2026-04-03,2026-04-24,horak@bwlh.de
addLegal Rechtsanwälte und Notar,Rechtsanwältin oder Rechtsanwalt,Hannover,http://www.addlegal.de/karriere,2026-04-03,2026-04-24,bewerbung@addlegal.de
Claudia Petri-Kramer & Kollegen,Ausbildungsplatz zur / zum Rechtsanwaltsfachangestellten (m/w/d),Hannover,https://www.petri-kramer.de/stellenangebote,2026-04-03,2026-04-24,kanzlei@petri-kramer.de
Claudia Petri-Kramer & Kollegen,Stelle als Jahrespraktikant im Schuljahr 2025/2026 (m/w/d),Hannover,https://www.petri-kramer.de/stellenangebote,2026-04-03,2026-04-24,kanzlei@petri-kramer.de
Dammeyer & Kollegen - Rechtsanwalt Tiergarten in Hannover,Rechtsanwaltsfachangestellte/n ( m/w/d) in Teilzeit,Hannover,https://www.rechtsanwalt-tiergarten.de/stellenangebote/,2026-04-03,2026-04-24,
Kanzlei Hemmerich Heidelberg,"Rechtsanwaltsfachangestellte (m/w/d) in Vollzeit oder Teilzeit, Homeoffice möglich",Remote,https://www.kanzlei-hemmerich.de/jobs-und-stellenangebote/,2026-04-03,2026-04-19,hemmerich@kanzlei-hemmerich.de
MELCHERS Rechtsanwälte Partnerschaftsgesellschaft mbB,Referendarinnen / Referendare (m/w/d),Frankfurt,https://www.melchers-law.com/karriere/,2026-04-03,2026-04-19,personalffm@melchers-law.com
"Martti Schübel, Rechtsanwalt",Rechtsanwalt (m/w/d) zur Anstellung oder zur freien Mitarbeit in Vollzeit,Heilbronn,http://www.anwaltskanzlei-schuebel.de/karriere.html,2026-04-03,2026-04-19,
SUFFEL Kanzlei für Bau- und Immobilienrecht,Anwalt für Bau- und Immobilienrecht,Jena,http://www.jenanwalt.de/kanzlei/job-karriere/spezialisierung-anwalt-fuer-bau-und-immobilienrecht-in-jena/,2026-04-03,2026-04-24,mail@jenanwalt.de
TOP ADAC Anwältin Claudia Emmermann ᐅ Rechtsanwältin und Fachanwältin für Verkehrsrecht,Fachanwalt Verkehrsrecht,Zentrale/Unbekannt,,2026-04-03,2026-04-24,
SCHORK KAUFFMANN BREMENKAMP - Rechtsanwälte-Fachanwälte,Rechtsanwältin/Rechtsanwalt (m/w/d) für privates Bau- und Architektenrecht sowie Miet- und Wohnungseigentumsrecht,Karlsruhe,https://skb-legal.com/job/rechtsanwaeltin-rechtsanwalt-m-w-d-fuer-privates-bau-und-architektenrecht-sowie-miet-und-wohnungseigentumsrecht-karlsruhe/,2026-04-03,2026-04-24,karlsruhe@skb-legal.com
SCHORK KAUFFMANN BREMENKAMP - Rechtsanwälte-Fachanwälte,Mitarbeiter/in Empfang und Telefon (m/w/d),Karlsruhe,https://skb-legal.com/job/mitarbeiter-in-empfang-und-telefon-m-w-d/,2026-04-03,2026-04-24,karlsruhe@skb-legal.com
SCHORK KAUFFMANN BREMENKAMP - Rechtsanwälte-Fachanwälte,Rechtsanwältin/Rechtsanwalt (m/w/d) für Handels- und Gesellschaftsrecht und Wirtschaftsrecht,Karlsruhe,https://skb-legal.com/job/rechtsanwaeltin-rechtsanwalt-m-w-d-fuer-handels-und-gesellschaftsrecht-und-wirtschaftsrecht-karlsruhe/,2026-04-03,2026-04-24,karlsruhe@skb-legal.com
SCHORK KAUFFMANN BREMENKAMP - Rechtsanwälte-Fachanwälte,Buchhalter/in (m/w/d),Karlsruhe,https://skb-legal.com/job/buchhalter-in-m-w-d-karlsruhe/,2026-04-03,2026-04-24,karlsruhe@skb-legal.com
SCHORK KAUFFMANN BREMENKAMP - Rechtsanwälte-Fachanwälte,"Rechtsanwaltsfachangestellte, Diplom-Jurist/in oder Wirtschaftsjurist/in (jeweils m/w/d)",Karlsruhe,https://skb-legal.com/job/rechtsanwaltsfachangestellte-diplom-jurist-in-oder-wirtschaftsjurist-in-jeweils-m-w-d-karlsruhe/,2026-04-03,2026-04-24,karlsruhe@skb-legal.com
SCHORK KAUFFMANN BREMENKAMP - Rechtsanwälte-Fachanwälte,Verkehrsunfallsachbearbeiter/in (m/w/d),Karlsruhe,https://skb-legal.com/job/verkehrsunfallsachbearbeiterin-karlsruhe-m-w-d/,2026-04-03,2026-04-24,karlsruhe@skb-legal.com
SCHORK KAUFFMANN BREMENKAMP - Rechtsanwälte-Fachanwälte,Rechtsanwaltsfachangestellte/n oder Rechtsfachwirt/in (jeweils m/w/d),Stuttgart,https://skb-legal.com/job/rechtsanwalt-m-w-d-stuttgart-karlsruhe/,2026-04-03,2026-04-24,stuttgart@skb-legal.com
SCHORK KAUFFMANN BREMENKAMP - Rechtsanwälte-Fachanwälte,Rechtsanwaltsfachangestellte/n oder Rechtsfachwirt/in (jeweils m/w/d),Karlsruhe,https://skb-legal.com/job/rechtsanwalt-m-w-d-stuttgart-karlsruhe/,2026-04-03,2026-04-24,stuttgart@skb-legal.com
SCHORK KAUFFMANN BREMENKAMP - Rechtsanwälte-Fachanwälte,Rechtsanwältin / Rechtsanwalt (m/w/d),Karlsruhe,https://skb-legal.com/job/rechtsanwalt-m-w-d-karlsruhe/,2026-04-03,2026-04-24,karlsruhe@skb-legal.com
Die Anwälte GGG,Schadenssachbearbeiter/innen Abwicklung von Unfallschäden (m/d/w),Karlsruhe,https://www.ggg-kanzlei.de/kanzlei/karriere/,2026-04-03,2026-04-24,post@ggg-kanzlei.de
Die Anwälte GGG,Versicherungskaufleute Abwicklung von Unfallschäden (m/d/w),Karlsruhe,https://www.ggg-kanzlei.de/kanzlei/karriere/,2026-04-03,2026-04-24,post@ggg-kanzlei.de
Die Anwälte GGG,Buchhalter/innen (m/d/w),Karlsruhe,https://www.ggg-kanzlei.de/kanzlei/karriere/,2026-04-03,2026-04-24,post@ggg-kanzlei.de
Die Anwälte GGG,Schreibkräfte (m/d/w),Karlsruhe,https://www.ggg-kanzlei.de/kanzlei/karriere/,2026-04-03,2026-04-24,post@ggg-kanzlei.de
MARTIN RECHTSANWÄLTE,Rechtsanwaltsfachangestellte:r (m/w/d),Karlsruhe,https://www.martin-anwaelte.de/job/rechtsanwaltsfachangestellter-m-w-d/,2026-04-03,2026-04-24,karriere@martin-anwaelte.de
MARTIN RECHTSANWÄLTE,Rechtsanwaltsfachangestellte:r (m/w/d),Stuttgart,https://www.martin-anwaelte.de/job/rechtsanwaltsfachangestellter-m-w-d/,2026-04-03,2026-04-24,karriere@martin-anwaelte.de
Rechtsanwälte Honold & Partner mbB,Rechtsanwalt (m/w/d),Karlsruhe,http://www.honold.de/karriere/job-rechtsanwalt-karlsruhe,2026-04-03,2026-04-24,
Rechtsanwälte Honold & Partner mbB,Assistenz Rechtsanwalt (m/w/d),Karlsruhe,http://www.honold.de/karriere/assistenz-rechtsanwalt,2026-04-03,2026-04-24,
Caemmerer Lenz Rechtsanwälte Wirtschaftsprüfer Steuerberater PartG mbB,Rechtsanwältin / Rechtsanwalt (m/w/d) im Öffentlichen Recht,Karlsruhe,http://www.caemmerer-lenz.de/aktuelles-publikationen/karlsruhe/wir-stellen-ein/,2026-04-03,2026-04-19,karlsruhe@caemmerer-lenz.de
Völlinger & Partner m.b.B. Steuerberater · Rechtsanwalt,Mitarbeiter (m/w/d) für unsere Jahresabschlussabteilung,Karlsruhe,https://voellinger-partner.com/karriere/,2026-04-03,2026-04-24,kanzlei@voellinger-partner.de
SFW Fachanwälte für Arbeitsrecht Steigelmann Fischer Weidner Karlsruhe,Initiativbewerbung,Karlsruhe,https://www.sfw-arbeitsrecht.de/initiativbewerbung/,2026-04-03,2026-04-24,
SFW Fachanwälte für Arbeitsrecht Steigelmann Fischer Weidner Karlsruhe,Initiativbewerbung,Landau,https://www.sfw-arbeitsrecht.de/initiativbewerbung/,2026-04-03,2026-04-24,
SFW Fachanwälte für Arbeitsrecht Steigelmann Fischer Weidner Karlsruhe,Initiativbewerbung,Pforzheim,https://www.sfw-arbeitsrecht.de/initiativbewerbung/,2026-04-03,2026-04-24,
SFW Fachanwälte für Arbeitsrecht Steigelmann Fischer Weidner Karlsruhe,Initiativbewerbung,Ludwigshafen,https://www.sfw-arbeitsrecht.de/initiativbewerbung/,2026-04-03,2026-04-24,
Brennecke & Partner Rechtsanwälte,"Stellenangebot: wissenschaftlicher Mitarbeiter / wissenschaftliche Mitarbeiterin, ortsungebunden (Teilzeit)",Zentrale/Unbekannt,https://www.brennecke-rechtsanwaelte.de/Stellenangebot-wissenschaftlicher-Mitarbeiter-wissenschaftliche-Mitarbeiterin-ortsungebunden-Teilzeit_194012,2026-04-03,2026-04-24,kontakt@fasp.de
Brennecke & Partner Rechtsanwälte,Nebenjob für Jurastudenten auf Minijob-Basis aus Homeoffice,Homeoffice,https://www.brennecke-rechtsanwaelte.de/Nebenjob-fuer-Jurastudenten-auf-Minijob-Basis-aus-Homeoffice_202084,2026-04-03,2026-04-24,kontakt@fasp.de
Brennecke & Partner Rechtsanwälte,Stellenangebot: Rechtsanwaltsfachangestellte(r) in München oder Homeoffice,Homeoffice,https://www.brennecke-rechtsanwaelte.de/Stellenangebot-Rechtsanwaltsfachangestellter-in-Muenchen-oder-Homeoffice_209499,2026-04-03,2026-04-24,kontakt@fasp.de
Beinert & Partner Rechtsanwälte Partnerschaft mbB,Rechtsanwaltsfachangestellten (m/w/d),Karlsruhe-Durlach,https://www.beinertpartner.de/karriere.html,2026-04-03,2026-04-19,karriere@beinertpartner.de
Beinert & Partner Rechtsanwälte Partnerschaft mbB,Referendarinnen und Referendare,Karlsruhe-Durlach,https://www.beinertpartner.de/karriere.html,2026-04-03,2026-04-19,karriere@beinertpartner.de
Brand | Müller | Dr. Port - Rechtsanwälte,Rechtsreferendar (m/w/d),Kassel,https://recht-hs4.de/jobs/,2026-04-03,2026-04-24,info@recht-hs4.de
Brand | Müller | Dr. Port - Rechtsanwälte,Jahrespraktikum (schulische Ausbildung),Kassel,https://recht-hs4.de/jobs/,2026-04-03,2026-04-24,info@recht-hs4.de
Brand | Müller | Dr. Port - Rechtsanwälte,Rechtsanwaltsfachangestellte/n (m/w/d),Kassel,https://recht-hs4.de/jobs/,2026-04-03,2026-04-24,info@recht-hs4.de
Rechtsanwälte Kulle & Klosner GbR,Rechtsanwalt m/w/d für sofort gesucht.,Kassel,https://www.rae-kulle.de,2026-04-03,2026-04-19,info@rae-kulle.de
MTR Legal Rechtsanwälte,Sales / Marketing,Bremen,https://career.mtrlegal.com/stellenangebote/sales-marketing/,2026-04-03,2026-04-19,career@mtrlegal.com
MTR Legal Rechtsanwälte,Sales / Marketing,Essen,https://career.mtrlegal.com/stellenangebote/sales-marketing/,2026-04-03,2026-04-19,career@mtrlegal.com
MTR Legal Rechtsanwälte,Sales / Marketing,Freiburg,https://career.mtrlegal.com/stellenangebote/sales-marketing/,2026-04-03,2026-04-19,career@mtrlegal.com
MTR Legal Rechtsanwälte,Sales / Marketing,Hannover,https://career.mtrlegal.com/stellenangebote/sales-marketing/,2026-04-03,2026-04-19,career@mtrlegal.com
MTR Legal Rechtsanwälte,Sales / Marketing,Karlsruhe,https://career.mtrlegal.com/stellenangebote/sales-marketing/,2026-04-03,2026-04-19,career@mtrlegal.com
MTR Legal Rechtsanwälte,Sales / Marketing,Mainz,https://career.mtrlegal.com/stellenangebote/sales-marketing/,2026-04-03,2026-04-19,career@mtrlegal.com
MTR Legal Rechtsanwälte,Sales / Marketing,Münster,https://career.mtrlegal.com/stellenangebote/sales-marketing/,2026-04-03,2026-04-19,career@mtrlegal.com
MTR Legal Rechtsanwälte,Sales / Marketing,Nürnberg,https://career.mtrlegal.com/stellenangebote/sales-marketing/,2026-04-03,2026-04-19,career@mtrlegal.com
MTR Legal Rechtsanwälte,Sales / Marketing,Wiesbaden,https://career.mtrlegal.com/stellenangebote/sales-marketing/,2026-04-03,2026-04-19,career@mtrlegal.com
VOLZ DRASTIK HEROLD Rechtsanwälte & Fachanwälte,Referendare (m/w/d),Kassel,https://www.rechtsanwaelte-vd.de/stellenangebote/,2026-04-03,2026-04-24,
VOLZ DRASTIK HEROLD Rechtsanwälte & Fachanwälte,Referendare (m/w/d),Fritzlar,https://www.rechtsanwaelte-vd.de/stellenangebote/,2026-04-03,2026-04-24,
"Heilig. Notarin, Rechtsanwälte",Anwalt/Notar (w/m/d),Kiel,https://heilig-kiel.de/jobs/,2026-04-03,2026-04-19,bewerbung@heilig-kiel.de
"Heilig. Notarin, Rechtsanwälte",Fachangestellte(r) (w/m/d),Kiel,https://heilig-kiel.de/jobs/,2026-04-03,2026-04-19,bewerbung@heilig-kiel.de
Anwalt für Arbeitsrecht - Die Kündigungsschutzkanzlei,Rechtsanwalt (m/w/d),bundesweit,https://www.die-kuendigungsschutzkanzlei.de/kanzlei/karriere/,2026-04-03,2026-04-25,info@kskfink.de
Anwalt für Arbeitsrecht - Die Kündigungsschutzkanzlei,Rechtsreferendar (m/w/d),bundesweit,https://www.die-kuendigungsschutzkanzlei.de/kanzlei/karriere/,2026-04-03,2026-04-25,info@kskfink.de
Anwalt für Arbeitsrecht - Die Kündigungsschutzkanzlei,Rechtsanwaltsfachangestellte (m/w/d),bundesweit,https://www.die-kuendigungsschutzkanzlei.de/kanzlei/karriere/,2026-04-03,2026-04-25,info@kskfink.de
Cornelius + coll Lawyers PartG MBB,Rechtsanwältin / Rechtsanwalt,Kiel,https://cornelius-krage.de/karriere/,2026-04-03,2026-04-24,info@cornelius-krage.de
Cornelius + coll Lawyers PartG MBB,Notarfachangestellte(r) / Notarfachwirt(in),Kiel,https://cornelius-krage.de/karriere/,2026-04-03,2026-04-24,info@cornelius-krage.de
Cornelius + coll Lawyers PartG MBB,Rechtsanwaltsfachangestellte / Teamassistenz,Kiel,https://cornelius-krage.de/karriere/,2026-04-03,2026-04-24,info@cornelius-krage.de
Cornelius + coll Lawyers PartG MBB,Referendariat,Kiel,https://cornelius-krage.de/karriere/,2026-04-03,2026-04-24,info@cornelius-krage.de
Cornelius + coll Lawyers PartG MBB,Ausbildung,Kiel,https://cornelius-krage.de/karriere/,2026-04-03,2026-04-24,info@cornelius-krage.de
KLÄNER Rechtsanwälte,Rechtsanwältin/ Rechtsanwalt (m/w/d),Koblenz,https://www.it-anwalt-kanzlei.de/karriere#CTA,2026-04-03,2026-04-24,post@it-anwalt-kanzlei.de
KLÄNER Rechtsanwälte,Rechtsanwaltsfach- angestellte (m/w/d) oder Rechtsfachwirte (m/w/d),Koblenz,https://www.it-anwalt-kanzlei.de/karriere#CTA,2026-04-03,2026-04-19,post@it-anwalt-kanzlei.de
KLÄNER Rechtsanwälte,Rechtsanwaltsfach- angestellte (m/w/d) oder Rechtsfachwirte (m/w/d),Remote,https://www.it-anwalt-kanzlei.de/karriere#CTA,2026-04-03,2026-04-19,post@it-anwalt-kanzlei.de
Rechtsanwälte caspers mock Koblenz,Rechtsanwälte (m/w/d),Koblenz,https://www.caspers-mock.de/stellenangebote/anwaelte.html,2026-04-03,2026-04-24,
Rechtsanwälte caspers mock Koblenz,Rechtsanwälte (m/w/d),Frankfurt,https://www.caspers-mock.de/stellenangebote/anwaelte.html,2026-04-03,2026-04-24,
Rechtsanwälte caspers mock Koblenz,Rechtsanwälte (m/w/d),Bonn,https://www.caspers-mock.de/stellenangebote/anwaelte.html,2026-04-03,2026-04-24,
Rechtsanwälte caspers mock Koblenz,Rechtsanwälte (m/w/d),Köln,https://www.caspers-mock.de/stellenangebote/anwaelte.html,2026-04-03,2026-04-24,
Rechtsanwälte caspers mock Koblenz,Rechtsanwälte (m/w/d),Saarbrücken,https://www.caspers-mock.de/stellenangebote/anwaelte.html,2026-04-03,2026-04-24,
Rechtsanwälte caspers mock Koblenz,Rechtsanwälte (m/w/d),Mainz,https://www.caspers-mock.de/stellenangebote/anwaelte.html,2026-04-03,2026-04-24,
Rechtsanwälte caspers mock Koblenz,Rechtsanwälte (m/w/d),Düsseldorf,https://www.caspers-mock.de/stellenangebote/anwaelte.html,2026-04-03,2026-04-24,
Rechtsanwälte caspers mock Koblenz,Rechtsanwälte (m/w/d),Wiesbaden,https://www.caspers-mock.de/stellenangebote/anwaelte.html,2026-04-03,2026-04-24,
Rechtsanwälte caspers mock Koblenz,Rechtsfachwirte (m/w/d),Koblenz,https://www.caspers-mock.de/stellenangebote/Mitarbeiter.html,2026-04-03,2026-04-24,
Rechtsanwälte caspers mock Koblenz,Rechtsfachwirte (m/w/d),Frankfurt,https://www.caspers-mock.de/stellenangebote/Mitarbeiter.html,2026-04-03,2026-04-24,
Rechtsanwälte caspers mock Koblenz,Rechtsfachwirte (m/w/d),Bonn,https://www.caspers-mock.de/stellenangebote/Mitarbeiter.html,2026-04-03,2026-04-24,
Rechtsanwälte caspers mock Koblenz,Rechtsfachwirte (m/w/d),Köln,https://www.caspers-mock.de/stellenangebote/Mitarbeiter.html,2026-04-03,2026-04-24,
Rechtsanwälte caspers mock Koblenz,Rechtsfachwirte (m/w/d),Saarbrücken,https://www.caspers-mock.de/stellenangebote/Mitarbeiter.html,2026-04-03,2026-04-24,
Rechtsanwälte caspers mock Koblenz,Rechtsfachwirte (m/w/d),Mainz,https://www.caspers-mock.de/stellenangebote/Mitarbeiter.html,2026-04-03,2026-04-24,
Rechtsanwälte caspers mock Koblenz,Rechtsfachwirte (m/w/d),Düsseldorf,https://www.caspers-mock.de/stellenangebote/Mitarbeiter.html,2026-04-03,2026-04-24,
Rechtsanwälte caspers mock Koblenz,Rechtsfachwirte (m/w/d),Wiesbaden,https://www.caspers-mock.de/stellenangebote/Mitarbeiter.html,2026-04-03,2026-04-24,
Rechtsanwälte caspers mock Koblenz,Rechtsanwaltsfachangestellte (m/w/d),Koblenz,https://www.caspers-mock.de/stellenangebote/Mitarbeiter.html,2026-04-03,2026-04-24,
Rechtsanwälte caspers mock Koblenz,Rechtsanwaltsfachangestellte (m/w/d),Frankfurt,https://www.caspers-mock.de/stellenangebote/Mitarbeiter.html,2026-04-03,2026-04-24,
Rechtsanwälte caspers mock Koblenz,Rechtsanwaltsfachangestellte (m/w/d),Bonn,https://www.caspers-mock.de/stellenangebote/Mitarbeiter.html,2026-04-03,2026-04-24,
Rechtsanwälte caspers mock Koblenz,Rechtsanwaltsfachangestellte (m/w/d),Köln,https://www.caspers-mock.de/stellenangebote/Mitarbeiter.html,2026-04-03,2026-04-24,
Rechtsanwälte caspers mock Koblenz,Rechtsanwaltsfachangestellte (m/w/d),Saarbrücken,https://www.caspers-mock.de/stellenangebote/Mitarbeiter.html,2026-04-03,2026-04-24,
Rechtsanwälte caspers mock Koblenz,Rechtsanwaltsfachangestellte (m/w/d),Mainz,https://www.caspers-mock.de/stellenangebote/Mitarbeiter.html,2026-04-03,2026-04-24,
Rechtsanwälte caspers mock Koblenz,Rechtsanwaltsfachangestellte (m/w/d),Düsseldorf,https://www.caspers-mock.de/stellenangebote/Mitarbeiter.html,2026-04-03,2026-04-24,
Rechtsanwälte caspers mock Koblenz,Rechtsanwaltsfachangestellte (m/w/d),Wiesbaden,https://www.caspers-mock.de/stellenangebote/Mitarbeiter.html,2026-04-03,2026-04-24,
Rechtsanwälte caspers mock Koblenz,Bürokaufleute (m/w/d),Koblenz,https://www.caspers-mock.de/stellenangebote/kaufleute.html,2026-04-03,2026-04-19,
Rechtsanwälte caspers mock Koblenz,Bürokaufleute (m/w/d),Frankfurt,https://www.caspers-mock.de/stellenangebote/kaufleute.html,2026-04-03,2026-04-19,
Rechtsanwälte caspers mock Koblenz,Bürokaufleute (m/w/d),Bonn,https://www.caspers-mock.de/stellenangebote/kaufleute.html,2026-04-03,2026-04-19,
Rechtsanwälte caspers mock Koblenz,Bürokaufleute (m/w/d),Köln,https://www.caspers-mock.de/stellenangebote/kaufleute.html,2026-04-03,2026-04-19,
Rechtsanwälte caspers mock Koblenz,Bürokaufleute (m/w/d),Saarbrücken,https://www.caspers-mock.de/stellenangebote/kaufleute.html,2026-04-03,2026-04-19,
Rechtsanwälte caspers mock Koblenz,Bürokaufleute (m/w/d),Mainz,https://www.caspers-mock.de/stellenangebote/kaufleute.html,2026-04-03,2026-04-19,
Rechtsanwälte caspers mock Koblenz,Bürokaufleute (m/w/d),Düsseldorf,https://www.caspers-mock.de/stellenangebote/kaufleute.html,2026-04-03,2026-04-19,
Rechtsanwälte caspers mock Koblenz,Bürokaufleute (m/w/d),Wiesbaden,https://www.caspers-mock.de/stellenangebote/kaufleute.html,2026-04-03,2026-04-19,
Rechtsanwälte caspers mock Koblenz,Auszubildende (m/w/d),Koblenz,https://www.caspers-mock.de/stellenangebote/azubi_recht.html,2026-04-03,2026-04-19,
Rechtsanwälte caspers mock Koblenz,Auszubildende (m/w/d),Frankfurt,https://www.caspers-mock.de/stellenangebote/azubi_recht.html,2026-04-03,2026-04-19,
Rechtsanwälte caspers mock Koblenz,Auszubildende (m/w/d),Bonn,https://www.caspers-mock.de/stellenangebote/azubi_recht.html,2026-04-03,2026-04-19,
Rechtsanwälte caspers mock Koblenz,Auszubildende (m/w/d),Köln,https://www.caspers-mock.de/stellenangebote/azubi_recht.html,2026-04-03,2026-04-19,
Rechtsanwälte caspers mock Koblenz,Auszubildende (m/w/d),Saarbrücken,https://www.caspers-mock.de/stellenangebote/azubi_recht.html,2026-04-03,2026-04-19,
Rechtsanwälte caspers mock Koblenz,Auszubildende (m/w/d),Mainz,https://www.caspers-mock.de/stellenangebote/azubi_recht.html,2026-04-03,2026-04-19,
Rechtsanwälte caspers mock Koblenz,Auszubildende (m/w/d),Düsseldorf,https://www.caspers-mock.de/stellenangebote/azubi_recht.html,2026-04-03,2026-04-19,
Rechtsanwälte caspers mock Koblenz,Auszubildende (m/w/d),Wiesbaden,https://www.caspers-mock.de/stellenangebote/azubi_recht.html,2026-04-03,2026-04-19,
Rechtsanwälte caspers mock Koblenz,Rechtsreferendare (m/w/d),Koblenz,https://www.caspers-mock.de/stellenangebote/rechtsreferendare.html,2026-04-03,2026-04-24,
Rechtsanwälte caspers mock Koblenz,Rechtsreferendare (m/w/d),Frankfurt,https://www.caspers-mock.de/stellenangebote/rechtsreferendare.html,2026-04-03,2026-04-24,
Rechtsanwälte caspers mock Koblenz,Rechtsreferendare (m/w/d),Bonn,https://www.caspers-mock.de/stellenangebote/rechtsreferendare.html,2026-04-03,2026-04-24,
Rechtsanwälte caspers mock Koblenz,Rechtsreferendare (m/w/d),Köln,https://www.caspers-mock.de/stellenangebote/rechtsreferendare.html,2026-04-03,2026-04-24,
Rechtsanwälte caspers mock Koblenz,Rechtsreferendare (m/w/d),Saarbrücken,https://www.caspers-mock.de/stellenangebote/rechtsreferendare.html,2026-04-03,2026-04-24,
Rechtsanwälte caspers mock Koblenz,Rechtsreferendare (m/w/d),Mainz,https://www.caspers-mock.de/stellenangebote/rechtsreferendare.html,2026-04-03,2026-04-24,
Rechtsanwälte caspers mock Koblenz,Rechtsreferendare (m/w/d),Düsseldorf,https://www.caspers-mock.de/stellenangebote/rechtsreferendare.html,2026-04-03,2026-04-24,
Rechtsanwälte caspers mock Koblenz,Rechtsreferendare (m/w/d),Wiesbaden,https://www.caspers-mock.de/stellenangebote/rechtsreferendare.html,2026-04-03,2026-04-24,
Kunz Rechtsanwälte,Rechtsanwälte (m/w/d),Koblenz,https://www.kunzrechtsanwaelte.de/kanzlei/karriere/rechtsanwaelte,2026-04-03,2026-04-24,
Kunz Rechtsanwälte,Rechtsanwälte (m/w/d),Köln,https://www.kunzrechtsanwaelte.de/kanzlei/karriere/rechtsanwaelte,2026-04-03,2026-04-24,
Kunz Rechtsanwälte,Rechtsanwälte (m/w/d),Mainz,https://www.kunzrechtsanwaelte.de/kanzlei/karriere/rechtsanwaelte,2026-04-03,2026-04-24,
Kunz Rechtsanwälte,Rechtsanwälte (m/w/d),Düsseldorf,https://www.kunzrechtsanwaelte.de/kanzlei/karriere/rechtsanwaelte,2026-04-03,2026-04-24,
Kunz Rechtsanwälte,Rechtsanwälte (m/w/d),Frankfurt,https://www.kunzrechtsanwaelte.de/kanzlei/karriere/rechtsanwaelte,2026-04-03,2026-04-24,
Kunz Rechtsanwälte,Rechtsanwälte (m/w/d),Stuttgart,https://www.kunzrechtsanwaelte.de/kanzlei/karriere/rechtsanwaelte,2026-04-03,2026-04-24,
Kunz Rechtsanwälte,Referendare (m/w/d),Koblenz,https://www.kunzrechtsanwaelte.de/kanzlei/karriere/referendare,2026-04-03,2026-04-24,
Kunz Rechtsanwälte,Referendare (m/w/d),Köln,https://www.kunzrechtsanwaelte.de/kanzlei/karriere/referendare,2026-04-03,2026-04-24,
Kunz Rechtsanwälte,Referendare (m/w/d),Mainz,https://www.kunzrechtsanwaelte.de/kanzlei/karriere/referendare,2026-04-03,2026-04-24,
Kunz Rechtsanwälte,Referendare (m/w/d),Düsseldorf,https://www.kunzrechtsanwaelte.de/kanzlei/karriere/referendare,2026-04-03,2026-04-24,
Kunz Rechtsanwälte,Referendare (m/w/d),Frankfurt,https://www.kunzrechtsanwaelte.de/kanzlei/karriere/referendare,2026-04-03,2026-04-24,
Kunz Rechtsanwälte,Referendare (m/w/d),Stuttgart,https://www.kunzrechtsanwaelte.de/kanzlei/karriere/referendare,2026-04-03,2026-04-24,
Kunz Rechtsanwälte,Rechtsanwaltsassistenz/Rechtsanwaltsfachangestellte (m/w/d),Koblenz,https://www.kunzrechtsanwaelte.de/kanzlei/karriere/rechtsanwaltsassistenz/rechtsanwaltsfachangestellte,2026-04-03,2026-04-24,
Kunz Rechtsanwälte,Rechtsanwaltsassistenz/Rechtsanwaltsfachangestellte (m/w/d),Köln,https://www.kunzrechtsanwaelte.de/kanzlei/karriere/rechtsanwaltsassistenz/rechtsanwaltsfachangestellte,2026-04-03,2026-04-24,
Kunz Rechtsanwälte,Rechtsanwaltsassistenz/Rechtsanwaltsfachangestellte (m/w/d),Mainz,https://www.kunzrechtsanwaelte.de/kanzlei/karriere/rechtsanwaltsassistenz/rechtsanwaltsfachangestellte,2026-04-03,2026-04-24,
Kunz Rechtsanwälte,Rechtsanwaltsassistenz/Rechtsanwaltsfachangestellte (m/w/d),Düsseldorf,https://www.kunzrechtsanwaelte.de/kanzlei/karriere/rechtsanwaltsassistenz/rechtsanwaltsfachangestellte,2026-04-03,2026-04-24,
Kunz Rechtsanwälte,Rechtsanwaltsassistenz/Rechtsanwaltsfachangestellte (m/w/d),Frankfurt,https://www.kunzrechtsanwaelte.de/kanzlei/karriere/rechtsanwaltsassistenz/rechtsanwaltsfachangestellte,2026-04-03,2026-04-24,
Kunz Rechtsanwälte,Rechtsanwaltsassistenz/Rechtsanwaltsfachangestellte (m/w/d),Stuttgart,https://www.kunzrechtsanwaelte.de/kanzlei/karriere/rechtsanwaltsassistenz/rechtsanwaltsfachangestellte,2026-04-03,2026-04-24,
Kunz Rechtsanwälte,Auszubildende (m/w/d),Koblenz,https://www.kunzrechtsanwaelte.de/kanzlei/karriere/auszubildende,2026-04-03,2026-04-24,
Kunz Rechtsanwälte,Auszubildende (m/w/d),Köln,https://www.kunzrechtsanwaelte.de/kanzlei/karriere/auszubildende,2026-04-03,2026-04-24,
Kunz Rechtsanwälte,Auszubildende (m/w/d),Mainz,https://www.kunzrechtsanwaelte.de/kanzlei/karriere/auszubildende,2026-04-03,2026-04-24,
Kunz Rechtsanwälte,Auszubildende (m/w/d),Düsseldorf,https://www.kunzrechtsanwaelte.de/kanzlei/karriere/auszubildende,2026-04-03,2026-04-24,
Kunz Rechtsanwälte,Auszubildende (m/w/d),Frankfurt,https://www.kunzrechtsanwaelte.de/kanzlei/karriere/auszubildende,2026-04-03,2026-04-24,
Kunz Rechtsanwälte,Auszubildende (m/w/d),Stuttgart,https://www.kunzrechtsanwaelte.de/kanzlei/karriere/auszubildende,2026-04-03,2026-04-24,
Kunz Rechtsanwälte,Vergabemanager/in (m/w/d),Koblenz,http://www.kunzrechtsanwaelte.de/aktuelles/news/kunz-sucht-vergabemanager-in-m-w-d,2026-04-03,2026-04-24,
Kunz Rechtsanwälte,Vergabemanager/in (m/w/d),Köln,http://www.kunzrechtsanwaelte.de/aktuelles/news/kunz-sucht-vergabemanager-in-m-w-d,2026-04-03,2026-04-19,
Kunz Rechtsanwälte,Vergabemanager/in (m/w/d),Mainz,http://www.kunzrechtsanwaelte.de/aktuelles/news/kunz-sucht-vergabemanager-in-m-w-d,2026-04-03,2026-04-24,
Kunz Rechtsanwälte,Vergabemanager/in (m/w/d),Düsseldorf,http://www.kunzrechtsanwaelte.de/aktuelles/news/kunz-sucht-vergabemanager-in-m-w-d,2026-04-03,2026-04-19,
Kunz Rechtsanwälte,Vergabemanager/in (m/w/d),Frankfurt,http://www.kunzrechtsanwaelte.de/aktuelles/news/kunz-sucht-vergabemanager-in-m-w-d,2026-04-03,2026-04-19,
Kunz Rechtsanwälte,Vergabemanager/in (m/w/d),Stuttgart,http://www.kunzrechtsanwaelte.de/aktuelles/news/kunz-sucht-vergabemanager-in-m-w-d,2026-04-03,2026-04-19,
ZAK - Rechtsanwälte I Fachanwälte I Rentenberater,Rechtsreferendare (m/w/divers),Koblenz,https://anwaelte-eu.de/stellenangebote/,2026-04-03,2026-04-24,zak@anwaelte-eu.de
ZAK - Rechtsanwälte I Fachanwälte I Rentenberater,Rechtsreferendare (m/w/divers),Speyer,https://anwaelte-eu.de/stellenangebote/,2026-04-03,2026-04-24,zak@anwaelte-eu.de
ZAK - Rechtsanwälte I Fachanwälte I Rentenberater,Rechtsreferendare (m/w/divers),Mainz,https://anwaelte-eu.de/stellenangebote/,2026-04-03,2026-04-24,zak@anwaelte-eu.de
ZAK - Rechtsanwälte I Fachanwälte I Rentenberater,Rechtsanwälte (m/w/divers),Koblenz,https://anwaelte-eu.de/stellenangebote/,2026-04-03,2026-04-24,zak@anwaelte-eu.de
ZAK - Rechtsanwälte I Fachanwälte I Rentenberater,Rechtsanwälte (m/w/divers),Speyer,https://anwaelte-eu.de/stellenangebote/,2026-04-03,2026-04-24,zak@anwaelte-eu.de
ZAK - Rechtsanwälte I Fachanwälte I Rentenberater,Rechtsanwälte (m/w/divers),Mainz,https://anwaelte-eu.de/stellenangebote/,2026-04-03,2026-04-24,zak@anwaelte-eu.de
"Erbrechtler - Fachkanzlei für Erbrecht PartG mbB Bäßler, Kaiser und Spitz Rechtsanwälte",Rechtsanwaltsfachangestellte:n (m/w/d),Mettmann,https://erbrechtler.com/karriere/,2026-04-03,2026-04-24,office@erbrechtler.com
Robert Wagner - Fachanwalt für Insolvenzrecht Schuldenregulierung Sanierung,Mitarbeiter,Krefeld,https://wk-recht.de/kanzlei/karriere/,2026-04-03,2026-04-19,karriere@insolvenzanwalt-krefeld.de
Reilbach Rechtsanwälte Köln I Arbeitsrecht I Immobilienrecht I Mietrecht,Rechtsreferendar (m/w/d),Köln,https://reilbach-rechtsanwaelte.de/karriere/,2026-04-03,2026-04-24,reilbach@reilbach-rechtsanwaelte.de
Rechtsanwälte Ulrich Weber & Partner mbB,Rechtsanwaltsfachangestellte(n) (m/w/d),Frankfurt,http://www.ra-weber-partner.de/karriere,2026-04-03,2026-04-24,buero-frankfurt@ra-weber-partner.de
Rechtsanwälte Ulrich Weber & Partner mbB,Rechtsanwaltsfachangestellte(n) (m/w/d),Köln,http://www.ra-weber-partner.de/karriere,2026-04-03,2026-04-24,buero-koeln@ra-weber-partner.de
CDR Legal,Selbstständige Anwälte mit Erfahrung im Erbrecht und Bankrecht,Berlin Mitte,https://cdr-legal.de/karriere/,2026-04-03,2026-04-24,info@cdr-legal.de
CDR Legal,Selbstständige Anwälte mit Erfahrung im Erbrecht und Bankrecht,Köln Innenstadt,https://cdr-legal.de/karriere/,2026-04-03,2026-04-24,info@cdr-legal.de
CDR Legal,Mitarbeit im Backoffice,Berlin Mitte,https://cdr-legal.de/karriere/,2026-04-03,2026-04-24,info@cdr-legal.de
CDR Legal,Mitarbeit im Backoffice,Köln Innenstadt,https://cdr-legal.de/karriere/,2026-04-03,2026-04-24,info@cdr-legal.de
FREY Rechtsanwälte Partnerschaft mbB,Rechtsanwalt/-anwältin (m/w/d) gesucht,Köln,https://frey.eu/karriere/wir-suchen-verstaerkung-rechtsanwalt-anwaeltin-m-w-d-gesucht/,2026-04-03,2026-04-24,karriere@frey.eu
V/S Rechtsanwälte | Strafrecht | Verkehrsrecht | Arbeits- und Mietrecht in Köln,"Strafverteidiger und Anwalt für Verkehrsrecht, Arbeits & Familienrecht",Düsseldorf,https://www.vsrechtsanwaelte.de/kontakt/,2026-04-03,2026-04-24,
KINAST Rechtsanwaltsgesellschaft mbH,Initiativbewerbung (m/w/d) KINAST Rechtsanwaltsgesellschaft mbH,Köln,https://kinast.jobs.personio.de/,2026-04-03,2026-04-24,personal@kinast.eu
KINAST Rechtsanwaltsgesellschaft mbH,Initiativbewerbung (m/w/d) KINAST Rechtsanwaltsgesellschaft mbH,Remote,https://kinast.jobs.personio.de/,2026-04-03,2026-04-24,personal@kinast.eu
KINAST Rechtsanwaltsgesellschaft mbH,Initiativbewerbung (m/w/d) KINAST Anwaltsservice GmbH,Köln,https://kinast.jobs.personio.de/,2026-04-03,2026-04-24,personal@kinast.eu
KINAST Rechtsanwaltsgesellschaft mbH,Initiativbewerbung (m/w/d) KINAST Anwaltsservice GmbH,Remote,https://kinast.jobs.personio.de/,2026-04-03,2026-04-24,personal@kinast.eu
KINAST Rechtsanwaltsgesellschaft mbH,Juristischer Junior-Redakteur (m/w/d) – Teilzeit 20 Std./Woche,Köln,https://kinast.jobs.personio.de/,2026-04-03,2026-04-19,personal@kinast.eu
KINAST Rechtsanwaltsgesellschaft mbH,Juristischer Junior-Redakteur (m/w/d) – Teilzeit 20 Std./Woche,Remote,https://kinast.jobs.personio.de/,2026-04-03,2026-04-19,personal@kinast.eu
KINAST Rechtsanwaltsgesellschaft mbH,Initiativbewerbung (m/w/d) KINAST Innovations Rechtsanwaltsgesellschaft mbH,Köln,https://kinast.jobs.personio.de/,2026-04-03,2026-04-24,personal@kinast.eu
KINAST Rechtsanwaltsgesellschaft mbH,Initiativbewerbung (m/w/d) KINAST Innovations Rechtsanwaltsgesellschaft mbH,Remote,https://kinast.jobs.personio.de/,2026-04-03,2026-04-24,personal@kinast.eu
Rechtsanwälte Barthel,Rechtsanwalt (m/w/d) für Straf- und Verkehrsrecht,Köln,https://www.carlbarthel.de/rechtsanwalt-m-w-d-fuer-straf-und-verkehrsrecht/,2026-04-03,2026-04-24,
Rechtsanwälte Barthel,Rechtsanwalt (m/w/d) für Straf- und Verkehrsrecht,Bergheim,https://www.carlbarthel.de/rechtsanwalt-m-w-d-fuer-straf-und-verkehrsrecht/,2026-04-03,2026-04-24,
Bock Rechtsanwälte - Erbrecht & Familienrecht Köln,Rechtsreferendar(in),Köln,https://www.bockrecht.de/die-kanzlei-koeln/stellenangebote-koeln/,2026-04-03,2026-04-24,kanzlei@bockrecht.de
Gruneberg Rechtsanwälte,Rechtsanwältin/Rechtsanwalt (m/w/d) im Öffentlichen Wirtschaftsrecht,Köln,https://www.gruneberg-rechtsanwaelte.de/karriere/rechtsanwaeltin-rechtsanwalt-m-w-d/,2026-04-03,2026-04-19,
Gruneberg Rechtsanwälte,Wissenschaftliche Mitarbeiter/Referendare (w/m/d) im Öffentlichen Wirtschaftsrecht,Köln,https://www.gruneberg-rechtsanwaelte.de/karriere/wissenschaftliche-mitarbeiter-referendare-w-m-d/,2026-04-03,2026-04-19,
e-commerce-Kanzlei - Günnewig Rechtsanwälte,Rechtsanwältin / Rechtsanwalt (w/m/d),Hürth,https://e-commerce-kanzlei.de/karriere-und-jobs,2026-04-03,2026-04-24,bewerbung@e-commerce-kanzlei.de
axis Rechtsanwälte GmbH Rechtsanwaltsgesellschaft,Auszubildende zur/zum Rechtsanwaltsfachangestellten (m/w/d),Köln,http://www.axisrechtsanwaelte.de/karriere/auszubildende-zur-zum-rechtsanwaltsf-achangestellten-m-w-d,2026-04-03,2026-04-24,info@axis.de
Maibaum Rechtsanwalts GmbH,Rechtsanwaltsfachangestellte*r (m/w/d),Köln,https://www.ra-maibaum.de/karriere/,2026-04-03,2026-04-19,maibaum@ra-maibaum.de
Maibaum Rechtsanwalts GmbH,Rechtsanwält*in (m/w/d),Köln,https://www.ra-maibaum.de/karriere/,2026-04-03,2026-04-19,maibaum@ra-maibaum.de
TOP ADAC Anwalt Jürgen Michael Stähler ᐅ Rechtsanwalt und Fachanwalt für Verkehrsrecht,Fachanwalt Verkehrsrecht,Zentrale/Unbekannt,,2026-04-03,2026-04-19,
Lawyers Dr. Young and Partners,Bürokraft (m/w/d),Köln,https://www.anwaltskanzlei-jung.de/,2026-04-03,2026-04-24,
Fachanwalt für Mietrecht Herwig Schöffler,Rechtsanwalt/-in im Mietrecht (m/w/d),Homeoffice,https://www.rechtsanwalt-schoeffler.de/karriere/#jobs,2026-04-03,2026-04-24,post@rechtsanwalt-schoeffler.de
Fachanwalt für Mietrecht Herwig Schöffler,Studenten und Referendare (m/w/d),Homeoffice,https://www.rechtsanwalt-schoeffler.de/karriere/#jobs,2026-04-03,2026-04-24,post@rechtsanwalt-schoeffler.de
ZOLLER RECHTSANWÄLTE,Initiativbewerbung,Leipzig,https://www.zoller-rechtsanwaelte.de/erbrecht-testament-leipzig-anwalt-team/,2026-04-03,2026-04-19,kanzlei@zoller-rechtsanwaelte.de
"Rechtsanwälte Dr. Selbmann, Bergert & Hägele PartmbB",Rechtsanwaltsfachangestellte/r (m/w/d),Leipzig,http://www.selbmann-partner.de/karriere/,2026-04-03,2026-04-25,
"Rechtsanwälte Dr. Selbmann, Bergert & Hägele PartmbB",Referendar/in (m/w/d),Leipzig,http://www.selbmann-partner.de/karriere/,2026-04-03,2026-04-25,
RAZENG | RECHTSANWÄLTE,Rechtsanwaltsfachangestellte(r) (m/w/d),Zentrale/Unbekannt,https://razeng.de/rechtsanwaltsfachangestellter-m-w-d/,2026-04-03,2026-04-25,
RAZENG | RECHTSANWÄLTE,Auszubildende zur Rechtsanwaltsfachangestellten,Zentrale/Unbekannt,https://razeng.de/auszubildende-zum-rechtsanwaltsfachangestellten-m-w-d/,2026-04-03,2026-04-25,
RAZENG | RECHTSANWÄLTE,Referendare (m/w/d),Zentrale/Unbekannt,https://razeng.de/referendare-m-w-d/,2026-04-03,2026-04-25,
RAZENG | RECHTSANWÄLTE,Sachbearbeiter(in) Verkehrsrecht (m/w/d),Zentrale/Unbekannt,https://razeng.de/sachbearbeiterin-verkehrsrecht-m-w-d/,2026-04-03,2026-04-25,
"Rechtsanwältin Annett Pée LL.M.Eur, Fachanwältin für Internationales Wirtschaftsrecht",Steuerberater (m/w/d),Leipzig,http://roeber-hess.de/,2026-04-03,2026-04-25,
Lawyers Dr. Wittenstein & colleagues,Rechtsanwalt/Rechtsanwältin im Bereich Zivilrecht (m/w/d),Leverkusen,https://www.drwittenstein.de/karriere/,2026-04-03,2026-04-25,kanzlei@drwittenstein.de
Lawyers Dr. Wittenstein & colleagues,Rechtsanwaltsfachangestellte/r (m/w/d),Leverkusen,https://www.drwittenstein.de/karriere/,2026-04-03,2026-04-25,kanzlei@drwittenstein.de
Lawyers Dr. Wittenstein & colleagues,Rechtsreferendar / in (m/w/d),Leverkusen,https://www.drwittenstein.de/karriere/,2026-04-03,2026-04-25,kanzlei@drwittenstein.de
Alexander Klein,Praktikum,Ludwigshafen,https://www.kanzlei13.de/ausbildungen,2026-04-03,2026-04-19,info@kanzlei13.de
TOP ADAC Anwalt Jochen Hoos ᐅ Rechtsanwalt und Fachanwalt für Verkehrsrecht,Fachanwalt Verkehrsrecht,Zentrale/Unbekannt,,2026-04-03,2026-04-25,
Elsner & Elsner Rechtsanwälte,Gestalte die Zukunft unserer Lübecker Traditionskanzlei mit!,Lübeck,https://www.arbeitsagentur.de/jobsuche/jobdetail/10001-1002768493-S,2026-04-03,2026-04-25,
Jens Hamschmidt — Fachanwalt für Miet- & Wohnungseigentumsrecht,Referendariat,Lübeck,https://kanzlei-am-standesamt.de/referendariat/,2026-04-03,2026-04-19,info@kanzlei-am-standesamt.de
abante Rechtsanwälte,Buchhalter:in / Abrechnungsfachkraft (m/w/d),Leipzig,https://abante.de/karriere/,2026-04-03,2026-04-25,personal@abante.de
abante Rechtsanwälte,Rechtsanwalt (m/w/d) am Kanzleistandort Magdeburg,Magdeburg,https://abante.de/karriere/,2026-04-03,2026-04-25,personal@abante.de
abante Rechtsanwälte,Rechtsanwalt (m/w/d),Leipzig,https://abante.de/karriere/,2026-04-03,2026-04-25,personal@abante.de
abante Rechtsanwälte,Rechtsanwaltsfachangestellte (m/w/d),Leipzig,https://abante.de/karriere/,2026-04-03,2026-04-25,personal@abante.de
Gamroth§Lang Rechtsanwälte in Bürogemeinschaft,Mitarbeiter für das Sekretariat,Magdeburg,https://www.magdeburg-anwalt.de/offene-stellen/,2026-04-03,2026-04-25,
Gamroth§Lang Rechtsanwälte in Bürogemeinschaft,Auszubildende,Magdeburg,https://www.magdeburg-anwalt.de/offene-stellen/,2026-04-03,2026-04-19,
Gamroth§Lang Rechtsanwälte in Bürogemeinschaft,Studenten,Magdeburg,https://www.magdeburg-anwalt.de/offene-stellen/,2026-04-03,2026-04-19,
Gamroth§Lang Rechtsanwälte in Bürogemeinschaft,Kolleginnen und Kollegen,Magdeburg,https://www.magdeburg-anwalt.de/offene-stellen/,2026-04-03,2026-04-25,
Kanzlei Krahmer und Krug,Refas,Magdeburg,https://rechtsanwalt-magdeburg.de/kontakt/,2026-04-03,2026-04-19,info@rechtsanwalt-magdeburg.de
TOP ADAC Anwalt Harald Walter ᐅ Rechtsanwalt und Fachanwalt für Verkehrsrecht,Fachanwalt Verkehrsrecht,Zentrale/Unbekannt,,2026-04-03,2026-04-25,
Rechtsanwälte Hechmat & Kollegen- Fachanwälte I Arbeitsrecht I Familienrecht I Ausländerrecht.,Rechtsanwaltsfachangestellte,Mainz,https://www.mainzer-anwalt.de/rechtsanwaltsfachangestellte-2/,2026-04-03,2026-04-25,
Rechtsanwälte Hechmat & Kollegen- Fachanwälte I Arbeitsrecht I Familienrecht I Ausländerrecht.,Rechtsreferendare,Mainz,https://www.mainzer-anwalt.de/rechtsreferendare-2/,2026-04-03,2026-04-25,
Rohwedder & Partner,Rechtsreferendar/in,Mainz,https://rohwedder-partner.de/karriere/,2026-04-03,2026-04-25,info@rohwedder-partner.de
Rohwedder & Partner,Auszubildende/r,Mainz,https://rohwedder-partner.de/karriere/,2026-04-03,2026-04-25,info@rohwedder-partner.de
Labisch Kanzlei für Arbeitsrecht Rechts-& Fachanwälte PartG mbB,Rechtsanwalt/Rechtsanwältin für Arbeitsrecht (w/m/d),Zentrale/Unbekannt,https://www.kanzlei-fuer-arbeitsrecht.de/rechtsanwalt-rechtsanwaeltin-fuer-arbeitsrecht-w-m-d/,2026-04-03,2026-04-19,
Labisch Kanzlei für Arbeitsrecht Rechts-& Fachanwälte PartG mbB,Fachanwalt/Fachanwältin für Arbeitsrecht (w/m/d),Zentrale/Unbekannt,https://www.kanzlei-fuer-arbeitsrecht.de/fachanwalt-fachanwaeltin-fuer-arbeitsrecht-w-m-d/,2026-04-03,2026-04-19,
Labisch Kanzlei für Arbeitsrecht Rechts-& Fachanwälte PartG mbB,Auszubildende/Auszubildender als Rechtsanwaltsfachangestellte/Rechtsanwaltsfachangestellter (w/m/d),Zentrale/Unbekannt,https://www.kanzlei-fuer-arbeitsrecht.de/auszubildende-auszubildender-als-rechtsanwaltsfachangestellte-rechtsanwaltsfachangestellter-w-m-d/,2026-04-03,2026-04-19,
"Rechtsanwälte Schmenger, Greß",Auszubildende/r als Rechtsanwaltsfachangestellte/r,Mainz,https://rechtsverkehr.de/stellenanzeige/,2026-04-03,2026-04-19,info@rechtsverkehr.de
Rechtsanwältin Britta Burger,Referendariat,Mainz,http://www.rechtsanwaeltinburger.de/karriere,2026-04-03,2026-04-25,
Rechtsanwältin Britta Burger,Praktische Studienzeit,Mainz,http://www.rechtsanwaeltinburger.de/karriere,2026-04-03,2026-04-25,
Kunz,Rechtsanwälte (m/w/d),Koblenz,https://www.kunzrechtsanwaelte.de/kanzlei/karriere/rechtsanwaelte,2026-04-03,2026-04-25,
Kunz,Rechtsanwälte (m/w/d),Mainz,https://www.kunzrechtsanwaelte.de/kanzlei/karriere/rechtsanwaelte,2026-04-03,2026-04-25,
Kunz,Rechtsanwälte (m/w/d),Köln,https://www.kunzrechtsanwaelte.de/kanzlei/karriere/rechtsanwaelte,2026-04-03,2026-04-25,
Kunz,Rechtsanwälte (m/w/d),Düsseldorf,https://www.kunzrechtsanwaelte.de/kanzlei/karriere/rechtsanwaelte,2026-04-03,2026-04-25,
Kunz,Rechtsanwälte (m/w/d),Frankfurt,https://www.kunzrechtsanwaelte.de/kanzlei/karriere/rechtsanwaelte,2026-04-03,2026-04-25,
Kunz,Rechtsanwälte (m/w/d),Stuttgart,https://www.kunzrechtsanwaelte.de/kanzlei/karriere/rechtsanwaelte,2026-04-03,2026-04-25,
Kunz,Referendare (m/w/d),Koblenz,https://www.kunzrechtsanwaelte.de/kanzlei/karriere/referendare,2026-04-03,2026-04-25,
Kunz,Referendare (m/w/d),Mainz,https://www.kunzrechtsanwaelte.de/kanzlei/karriere/referendare,2026-04-03,2026-04-25,
Kunz,Referendare (m/w/d),Köln,https://www.kunzrechtsanwaelte.de/kanzlei/karriere/referendare,2026-04-03,2026-04-25,
Kunz,Referendare (m/w/d),Düsseldorf,https://www.kunzrechtsanwaelte.de/kanzlei/karriere/referendare,2026-04-03,2026-04-25,
Kunz,Referendare (m/w/d),Frankfurt,https://www.kunzrechtsanwaelte.de/kanzlei/karriere/referendare,2026-04-03,2026-04-25,
Kunz,Referendare (m/w/d),Stuttgart,https://www.kunzrechtsanwaelte.de/kanzlei/karriere/referendare,2026-04-03,2026-04-25,
Kunz,Rechtsanwaltsassistenz/Rechtsanwaltsfachangestellte (m/w/d),Koblenz,https://www.kunzrechtsanwaelte.de/kanzlei/karriere/rechtsanwaltsassistenz/rechtsanwaltsfachangestellte,2026-04-03,2026-04-25,
Kunz,Rechtsanwaltsassistenz/Rechtsanwaltsfachangestellte (m/w/d),Mainz,https://www.kunzrechtsanwaelte.de/kanzlei/karriere/rechtsanwaltsassistenz/rechtsanwaltsfachangestellte,2026-04-03,2026-04-25,
Kunz,Rechtsanwaltsassistenz/Rechtsanwaltsfachangestellte (m/w/d),Köln,https://www.kunzrechtsanwaelte.de/kanzlei/karriere/rechtsanwaltsassistenz/rechtsanwaltsfachangestellte,2026-04-03,2026-04-25,
Kunz,Rechtsanwaltsassistenz/Rechtsanwaltsfachangestellte (m/w/d),Düsseldorf,https://www.kunzrechtsanwaelte.de/kanzlei/karriere/rechtsanwaltsassistenz/rechtsanwaltsfachangestellte,2026-04-03,2026-04-25,
Kunz,Rechtsanwaltsassistenz/Rechtsanwaltsfachangestellte (m/w/d),Frankfurt,https://www.kunzrechtsanwaelte.de/kanzlei/karriere/rechtsanwaltsassistenz/rechtsanwaltsfachangestellte,2026-04-03,2026-04-25,
Kunz,Rechtsanwaltsassistenz/Rechtsanwaltsfachangestellte (m/w/d),Stuttgart,https://www.kunzrechtsanwaelte.de/kanzlei/karriere/rechtsanwaltsassistenz/rechtsanwaltsfachangestellte,2026-04-03,2026-04-25,
Kunz,Auszubildende (m/w/d),Koblenz,https://www.kunzrechtsanwaelte.de/kanzlei/karriere/auszubildende,2026-04-03,2026-04-25,
Kunz,Auszubildende (m/w/d),Mainz,https://www.kunzrechtsanwaelte.de/kanzlei/karriere/auszubildende,2026-04-03,2026-04-25,
Kunz,Auszubildende (m/w/d),Köln,https://www.kunzrechtsanwaelte.de/kanzlei/karriere/auszubildende,2026-04-03,2026-04-25,
Kunz,Auszubildende (m/w/d),Düsseldorf,https://www.kunzrechtsanwaelte.de/kanzlei/karriere/auszubildende,2026-04-03,2026-04-25,
Kunz,Auszubildende (m/w/d),Frankfurt,https://www.kunzrechtsanwaelte.de/kanzlei/karriere/auszubildende,2026-04-03,2026-04-25,
Kunz,Auszubildende (m/w/d),Stuttgart,https://www.kunzrechtsanwaelte.de/kanzlei/karriere/auszubildende,2026-04-03,2026-04-25,
Möller Rechtsanwälte Partnerschaft mbB,Rechtsanwalts- und Notarfachangestellte(n) / Rechtsanwaltsfachangestellte(n) (m/w/d),Münster,https://www.moeller-rechtsanwaelte.de/rechtsanwalts-und-notarfachangestellten/,2026-04-03,2026-04-19,ms@moeller-rechtsanwaelte.de
Lawyer Frank Labisch - Labor Lawyer,Rechtsanwalt/Rechtsanwältin für Arbeitsrecht (w/m/d),Mainz,https://www.kanzlei-fuer-arbeitsrecht.de/rechtsanwalt-rechtsanwaeltin-fuer-arbeitsrecht-w-m-d/,2026-04-03,2026-04-25,
Lawyer Frank Labisch - Labor Lawyer,Fachanwalt/Fachanwältin für Arbeitsrecht (w/m/d),Mainz,https://www.kanzlei-fuer-arbeitsrecht.de/fachanwalt-fachanwaeltin-fuer-arbeitsrecht-w-m-d/,2026-04-03,2026-04-25,
Lawyer Frank Labisch - Labor Lawyer,Auszubildende/Auszubildender als Rechtsanwaltsfachangestellte/Rechtsanwaltsfachangestellter (w/m/d),Mainz,https://www.kanzlei-fuer-arbeitsrecht.de/auszubildende-auszubildender-als-rechtsanwaltsfachangestellte-rechtsanwaltsfachangestellter-w-m-d/,2026-04-03,2026-04-25,
"Rechtsanwälte Dr. Caspers, Mock und Partner mbB Mainz",Rechtsanwälte (m/w/d),Koblenz,https://www.caspers-mock.de/stellenangebote/anwaelte.html,2026-04-03,2026-04-25,
"Rechtsanwälte Dr. Caspers, Mock und Partner mbB Mainz",Rechtsanwälte (m/w/d),Frankfurt,https://www.caspers-mock.de/stellenangebote/anwaelte.html,2026-04-03,2026-04-25,
"Rechtsanwälte Dr. Caspers, Mock und Partner mbB Mainz",Rechtsanwälte (m/w/d),Bonn,https://www.caspers-mock.de/stellenangebote/anwaelte.html,2026-04-03,2026-04-25,
"Rechtsanwälte Dr. Caspers, Mock und Partner mbB Mainz",Rechtsanwälte (m/w/d),Köln,https://www.caspers-mock.de/stellenangebote/anwaelte.html,2026-04-03,2026-04-25,
"Rechtsanwälte Dr. Caspers, Mock und Partner mbB Mainz",Rechtsanwälte (m/w/d),Saarbrücken,https://www.caspers-mock.de/stellenangebote/anwaelte.html,2026-04-03,2026-04-25,
"Rechtsanwälte Dr. Caspers, Mock und Partner mbB Mainz",Rechtsanwälte (m/w/d),Mainz,https://www.caspers-mock.de/stellenangebote/anwaelte.html,2026-04-03,2026-04-25,
"Rechtsanwälte Dr. Caspers, Mock und Partner mbB Mainz",Rechtsanwälte (m/w/d),Düsseldorf,https://www.caspers-mock.de/stellenangebote/anwaelte.html,2026-04-03,2026-04-25,
"Rechtsanwälte Dr. Caspers, Mock und Partner mbB Mainz",Rechtsanwälte (m/w/d),Wiesbaden,https://www.caspers-mock.de/stellenangebote/anwaelte.html,2026-04-03,2026-04-25,
"Rechtsanwälte Dr. Caspers, Mock und Partner mbB Mainz",Rechtsfachwirte (m/w/d),Koblenz,https://www.caspers-mock.de/stellenangebote/Mitarbeiter.html,2026-04-03,2026-04-25,
"Rechtsanwälte Dr. Caspers, Mock und Partner mbB Mainz",Rechtsfachwirte (m/w/d),Frankfurt,https://www.caspers-mock.de/stellenangebote/Mitarbeiter.html,2026-04-03,2026-04-25,
"Rechtsanwälte Dr. Caspers, Mock und Partner mbB Mainz",Rechtsfachwirte (m/w/d),Bonn,https://www.caspers-mock.de/stellenangebote/Mitarbeiter.html,2026-04-03,2026-04-25,
"Rechtsanwälte Dr. Caspers, Mock und Partner mbB Mainz",Rechtsfachwirte (m/w/d),Köln,https://www.caspers-mock.de/stellenangebote/Mitarbeiter.html,2026-04-03,2026-04-25,
"Rechtsanwälte Dr. Caspers, Mock und Partner mbB Mainz",Rechtsfachwirte (m/w/d),Saarbrücken,https://www.caspers-mock.de/stellenangebote/Mitarbeiter.html,2026-04-03,2026-04-25,
"Rechtsanwälte Dr. Caspers, Mock und Partner mbB Mainz",Rechtsfachwirte (m/w/d),Mainz,https://www.caspers-mock.de/stellenangebote/Mitarbeiter.html,2026-04-03,2026-04-25,
"Rechtsanwälte Dr. Caspers, Mock und Partner mbB Mainz",Rechtsfachwirte (m/w/d),Düsseldorf,https://www.caspers-mock.de/stellenangebote/Mitarbeiter.html,2026-04-03,2026-04-25,
"Rechtsanwälte Dr. Caspers, Mock und Partner mbB Mainz",Rechtsfachwirte (m/w/d),Wiesbaden,https://www.caspers-mock.de/stellenangebote/Mitarbeiter.html,2026-04-03,2026-04-25,
"Rechtsanwälte Dr. Caspers, Mock und Partner mbB Mainz",Rechtsanwaltsfachangestellte (m/w/d),Koblenz,https://www.caspers-mock.de/stellenangebote/Mitarbeiter.html,2026-04-03,2026-04-25,
"Rechtsanwälte Dr. Caspers, Mock und Partner mbB Mainz",Rechtsanwaltsfachangestellte (m/w/d),Frankfurt,https://www.caspers-mock.de/stellenangebote/Mitarbeiter.html,2026-04-03,2026-04-25,
"Rechtsanwälte Dr. Caspers, Mock und Partner mbB Mainz",Rechtsanwaltsfachangestellte (m/w/d),Bonn,https://www.caspers-mock.de/stellenangebote/Mitarbeiter.html,2026-04-03,2026-04-25,
"Rechtsanwälte Dr. Caspers, Mock und Partner mbB Mainz",Rechtsanwaltsfachangestellte (m/w/d),Köln,https://www.caspers-mock.de/stellenangebote/Mitarbeiter.html,2026-04-03,2026-04-25,
"Rechtsanwälte Dr. Caspers, Mock und Partner mbB Mainz",Rechtsanwaltsfachangestellte (m/w/d),Saarbrücken,https://www.caspers-mock.de/stellenangebote/Mitarbeiter.html,2026-04-03,2026-04-25,
"Rechtsanwälte Dr. Caspers, Mock und Partner mbB Mainz",Rechtsanwaltsfachangestellte (m/w/d),Mainz,https://www.caspers-mock.de/stellenangebote/Mitarbeiter.html,2026-04-03,2026-04-25,
"Rechtsanwälte Dr. Caspers, Mock und Partner mbB Mainz",Rechtsanwaltsfachangestellte (m/w/d),Düsseldorf,https://www.caspers-mock.de/stellenangebote/Mitarbeiter.html,2026-04-03,2026-04-25,
"Rechtsanwälte Dr. Caspers, Mock und Partner mbB Mainz",Rechtsanwaltsfachangestellte (m/w/d),Wiesbaden,https://www.caspers-mock.de/stellenangebote/Mitarbeiter.html,2026-04-03,2026-04-25,
"Rechtsanwälte Dr. Caspers, Mock und Partner mbB Mainz",Rechtsreferendare (m/w/d),Koblenz,https://www.caspers-mock.de/stellenangebote/rechtsreferendare.html,2026-04-03,2026-04-25,
"Rechtsanwälte Dr. Caspers, Mock und Partner mbB Mainz",Rechtsreferendare (m/w/d),Frankfurt,https://www.caspers-mock.de/stellenangebote/rechtsreferendare.html,2026-04-03,2026-04-25,
"Rechtsanwälte Dr. Caspers, Mock und Partner mbB Mainz",Rechtsreferendare (m/w/d),Bonn,https://www.caspers-mock.de/stellenangebote/rechtsreferendare.html,2026-04-03,2026-04-25,
"Rechtsanwälte Dr. Caspers, Mock und Partner mbB Mainz",Rechtsreferendare (m/w/d),Köln,https://www.caspers-mock.de/stellenangebote/rechtsreferendare.html,2026-04-03,2026-04-25,
"Rechtsanwälte Dr. Caspers, Mock und Partner mbB Mainz",Rechtsreferendare (m/w/d),Saarbrücken,https://www.caspers-mock.de/stellenangebote/rechtsreferendare.html,2026-04-03,2026-04-25,
"Rechtsanwälte Dr. Caspers, Mock und Partner mbB Mainz",Rechtsreferendare (m/w/d),Mainz,https://www.caspers-mock.de/stellenangebote/rechtsreferendare.html,2026-04-03,2026-04-25,
"Rechtsanwälte Dr. Caspers, Mock und Partner mbB Mainz",Rechtsreferendare (m/w/d),Düsseldorf,https://www.caspers-mock.de/stellenangebote/rechtsreferendare.html,2026-04-03,2026-04-25,
"Rechtsanwälte Dr. Caspers, Mock und Partner mbB Mainz",Rechtsreferendare (m/w/d),Wiesbaden,https://www.caspers-mock.de/stellenangebote/rechtsreferendare.html,2026-04-03,2026-04-25,
Rechtsanwalt Matthias Prinz - Kanzlei für Online-Reputationsrecht,Ausbildung zur/m Rechtsanwaltsfachangestellte/n,Mainz,https://karriere.prinz.law/o/ausbildung-zurm-rechtsanwaltsfachangestellten,2026-04-03,2026-04-19,sekretariat@prinz.law
"Rechtsanwälte Kolb, Blickhan & Parter | Datenschutzrecht | IT-Recht | Markenrecht | Urheber- und Medienrecht",Rechtsanwalt Datenschutz (m/w/d),Darmstadt,https://kolb-blickhan-partner.de/karriere/rechtsanwalt-ip-it-und-datenschutzrecht/,2026-04-03,2026-04-25,
"Rechtsanwälte Kolb, Blickhan & Parter | Datenschutzrecht | IT-Recht | Markenrecht | Urheber- und Medienrecht",Rechtsanwalt Datenschutz (m/w/d),Mainz,https://kolb-blickhan-partner.de/karriere/rechtsanwalt-ip-it-und-datenschutzrecht/,2026-04-03,2026-04-25,
"Rechtsanwälte Kolb, Blickhan & Parter | Datenschutzrecht | IT-Recht | Markenrecht | Urheber- und Medienrecht",Rechtsanwalt Datenschutz (m/w/d),Mannheim,https://kolb-blickhan-partner.de/karriere/rechtsanwalt-ip-it-und-datenschutzrecht/,2026-04-03,2026-04-25,
"Rechtsanwälte Kolb, Blickhan & Parter | Datenschutzrecht | IT-Recht | Markenrecht | Urheber- und Medienrecht",Rechtsanwalt Arbeitsrecht (m/w/d),Darmstadt,https://kolb-blickhan-partner.de/karriere/rechtsanwalt-m-w-d-arbeitsrecht-datenschutz/,2026-04-03,2026-04-25,
"Rechtsanwälte Kolb, Blickhan & Parter | Datenschutzrecht | IT-Recht | Markenrecht | Urheber- und Medienrecht",Rechtsanwalt Arbeitsrecht (m/w/d),Mainz,https://kolb-blickhan-partner.de/karriere/rechtsanwalt-m-w-d-arbeitsrecht-datenschutz/,2026-04-03,2026-04-25,
"Rechtsanwälte Kolb, Blickhan & Parter | Datenschutzrecht | IT-Recht | Markenrecht | Urheber- und Medienrecht",Rechtsanwalt Arbeitsrecht (m/w/d),Mannheim,https://kolb-blickhan-partner.de/karriere/rechtsanwalt-m-w-d-arbeitsrecht-datenschutz/,2026-04-03,2026-04-25,
"Rechtsanwälte Kolb, Blickhan & Parter | Datenschutzrecht | IT-Recht | Markenrecht | Urheber- und Medienrecht",Rechtsreferendar (m/w/d),Darmstadt,https://kolb-blickhan-partner.de/karriere/,2026-04-03,2026-04-19,
"Rechtsanwälte Kolb, Blickhan & Parter | Datenschutzrecht | IT-Recht | Markenrecht | Urheber- und Medienrecht",Rechtsreferendar (m/w/d),Mainz,https://kolb-blickhan-partner.de/karriere/,2026-04-03,2026-04-19,
"Rechtsanwälte Kolb, Blickhan & Parter | Datenschutzrecht | IT-Recht | Markenrecht | Urheber- und Medienrecht",Rechtsreferendar (m/w/d),Mannheim,https://kolb-blickhan-partner.de/karriere/,2026-04-03,2026-04-19,
"Rechtsanwälte Kolb, Blickhan & Parter | Datenschutzrecht | IT-Recht | Markenrecht | Urheber- und Medienrecht",Rechtsanwaltfachangestellter (m/w/d),Darmstadt,https://kolb-blickhan-partner.de/karriere/,2026-04-03,2026-04-19,
"Rechtsanwälte Kolb, Blickhan & Parter | Datenschutzrecht | IT-Recht | Markenrecht | Urheber- und Medienrecht",Rechtsanwaltfachangestellter (m/w/d),Mainz,https://kolb-blickhan-partner.de/karriere/,2026-04-03,2026-04-19,
"Rechtsanwälte Kolb, Blickhan & Parter | Datenschutzrecht | IT-Recht | Markenrecht | Urheber- und Medienrecht",Rechtsanwaltfachangestellter (m/w/d),Mannheim,https://kolb-blickhan-partner.de/karriere/,2026-04-03,2026-04-19,
"Rechtsanwälte Kolb, Blickhan & Parter | Datenschutzrecht | IT-Recht | Markenrecht | Urheber- und Medienrecht",Wissenschaftlicher Mitarbeiter (m/w/d),Darmstadt,https://kolb-blickhan-partner.de/karriere/wissenschaftlicher-mitarbeiter-doktorand-m-w-d-ip-it-recht/,2026-04-03,2026-04-25,
"Rechtsanwälte Kolb, Blickhan & Parter | Datenschutzrecht | IT-Recht | Markenrecht | Urheber- und Medienrecht",Wissenschaftlicher Mitarbeiter (m/w/d),Mainz,https://kolb-blickhan-partner.de/karriere/wissenschaftlicher-mitarbeiter-doktorand-m-w-d-ip-it-recht/,2026-04-03,2026-04-25,
"Rechtsanwälte Kolb, Blickhan & Parter | Datenschutzrecht | IT-Recht | Markenrecht | Urheber- und Medienrecht",Wissenschaftlicher Mitarbeiter (m/w/d),Mannheim,https://kolb-blickhan-partner.de/karriere/wissenschaftlicher-mitarbeiter-doktorand-m-w-d-ip-it-recht/,2026-04-03,2026-04-25,
Krämer Rechtsanwaltskanzlei,Rechtsanwalt (w/m/d) – Wirtschafts- & IT-Recht,Home-Office,https://www.kanzlei-kraemer.com/rechtsanwalt-fachanwalt-im-it-recht/stellenausschreibung-rechtsanwalt-wirtschats-it-recht/,2026-04-03,2026-04-25,office@kanzlei-kraemer.com
Rittershaus – Lawyers partnership company MBB,Rechtsanwalt (m/w/d) Privates Bau- und Architektenrecht/ Immobilienwirtschaftsrecht,Frankfurt,http://www.rittershaus.net/karriere-1/kanzlei-weiter-auf-erfolgskurs-wir-verstaerken-uns.html,2026-04-03,2026-04-19,
Rittershaus – Lawyers partnership company MBB,Rechtsanwalt (m/w/d) Privates Bau- und Architektenrecht/ Immobilienwirtschaftsrecht,München,http://www.rittershaus.net/karriere-1/kanzlei-weiter-auf-erfolgskurs-wir-verstaerken-uns.html,2026-04-03,2026-04-19,
JURIX® | Unfallregulierung,Wirtschaftsjurist / Bachelor of Laws (LL.B.) / Master of Laws (LL.M.) (m/w/d),Mannheim,https://jurix.de/job/wirtschaftsjurist-m-w-d/,2026-04-03,2026-04-25,info@jurix.de
JURIX® | Unfallregulierung,Wirtschaftsjurist / Bachelor of Laws (LL.B.) / Master of Laws (LL.M.) (m/w/d),Baden-Württemberg,https://jurix.de/job/wirtschaftsjurist-m-w-d/,2026-04-03,2026-04-25,info@jurix.de
JURIX® | Unfallregulierung,Wirtschaftsjurist / Bachelor of Laws (LL.B.) / Master of Laws (LL.M.) (m/w/d),Deutschland,https://jurix.de/job/wirtschaftsjurist-m-w-d/,2026-04-03,2026-04-25,info@jurix.de
JURIX® | Unfallregulierung,Jura Student / Referendar / Trainee (m/w/d),Mannheim,https://jurix.de/job/referendar-trainee-werkstudent-im-verkehrsrecht-in-voll-oder-teilzeit-m-w-d/,2026-04-03,2026-04-25,info@jurix.de
JURIX® | Unfallregulierung,Jura Student / Referendar / Trainee (m/w/d),Baden-Württemberg,https://jurix.de/job/referendar-trainee-werkstudent-im-verkehrsrecht-in-voll-oder-teilzeit-m-w-d/,2026-04-03,2026-04-25,info@jurix.de
JURIX® | Unfallregulierung,Jura Student / Referendar / Trainee (m/w/d),Deutschland,https://jurix.de/job/referendar-trainee-werkstudent-im-verkehrsrecht-in-voll-oder-teilzeit-m-w-d/,2026-04-03,2026-04-25,info@jurix.de
Eck und Partner Steuerberatungsgesellschaft,Steuerfachangestellter für Jahresabschlüsse und Steuererklärungen (m/w/d),Mannheim,https://karriere.eck-steuerberatung.de/lohn-u-finanzbuchhaltung-1-2/?v=1,2026-04-03,2026-04-25,
Eck und Partner Steuerberatungsgesellschaft,Steuerfachwirt oder Bilanzbuchhalter für Jahresabschlüsse und Steuererklärungen (m/w/d),Mannheim,https://karriere.eck-steuerberatung.de/lohn-u-finanzbuchhaltung-1-2/?v=2,2026-04-03,2026-04-25,
Eck und Partner Steuerberatungsgesellschaft,Steuerfachangestellter (m/w/d),Mannheim,https://karriere.eck-steuerberatung.de/lohn-u-finanzbuchhaltung/?v=1,2026-04-03,2026-04-25,
Eck und Partner Steuerberatungsgesellschaft,Steuerfachangestellter Lohn- und Finanzbuchhaltung (m/w/d),Mannheim,https://karriere.eck-steuerberatung.de/lohn-u-finanzbuchhaltung/?v=2,2026-04-03,2026-04-25,
Eck und Partner Steuerberatungsgesellschaft,Lohn- und Finanzbuchhalter (m/w/d),Mannheim,https://karriere.eck-steuerberatung.de/lohn-u-finanzbuchhaltung/?v=3,2026-04-03,2026-04-25,
"Korn Rechtsanwälte GbR, Inhaber: Andreas Hammelstein, Ralf Maus, Dr. Vanessa Staude",Rechtsanwalt/Rechtsanwältin (m/w/d),Mönchengladbach,https://rae-korn.de/karriere/rechtsanwalt-m-w-d/,2026-04-03,2026-04-25,info@rae-korn.de
"Korn Rechtsanwälte GbR, Inhaber: Andreas Hammelstein, Ralf Maus, Dr. Vanessa Staude",Auszubildende/n zur/zum Rechtsanwaltsfachangestellten (m/w/d),Mönchengladbach,https://rae-korn.de/karriere/ausbildung/,2026-04-03,2026-04-25,info@rae-korn.de
"Korn Rechtsanwälte GbR, Inhaber: Andreas Hammelstein, Ralf Maus, Dr. Vanessa Staude",Rechtsanwaltsfachangestellte/n (m/w/d),Mönchengladbach,https://rae-korn.de/karriere/rechtsanwaltsfachangestellte-n-m-w-d/,2026-04-03,2026-04-25,info@rae-korn.de
D. Breymann Rechtsanwälte,Rechtsreferendar,Mönchengladbach,https://breymann.de/karriere/,2026-04-03,2026-04-25,
Hollender Lampe Lampe Rechtsanwälte,Büromitarbeiter (m/w/d),Mönchengladbach,http://www.hollender-partner.de/index.php?module=forms&op=download_file&file=/navigationblocks/95/95_2663_stellenausschreibung-refa-2025.pdf&filename=stellenausschreibung-refa-2025.pdf,2026-04-03,2026-04-25,post@hollender-partner.de
Balduin Pfnür & Partners Lawyers Tax Consultants,Auszubildende (m/w/d),Mülheim an der Ruhr,https://www.balduin-partner.de/karriere/,2026-04-03,2026-04-25,karriere@balduin-partner.de
Rechtsanwaltskanzlei Freund,Rechtsreferendar (m/w/d),Mülheim (Ruhr),https://www.freund-rechtsanwalt.de/page3.html#wa-anchor-top,2026-04-03,2026-04-25,
Rechtsanwaltskanzlei Freund,Rechtsanwalt (m/w/d),Mülheim (Ruhr),https://www.freund-rechtsanwalt.de/page3.html#wa-anchor-top,2026-04-03,2026-04-25,
Kanzlei Trilling,Rechtsanwaltsfachangestellte:r (m/w/d),Mülheim an der Ruhr,https://kanzlei-trilling.de/karriere/,2026-04-03,2026-04-25,b.trilling@kanzlei-trilling.de
Kupka Notar und Rechtsanwalt in Mülheim an der Ruhr,Rechtsanwalts- und Notarfachangestellte (m/w/d) für die notarielle Tätigkeit,Mülheim an der Ruhr,https://kanzleikupka.de/jobs/,2026-04-03,2026-04-25,kupka@kanzleikupka.de
Glock Liphart Probst & Partner Rechtsanwälte MBB,Rechtsanwältinnen und Rechtsanwälte,Zentrale/Unbekannt,https://glock-liphart-probst.de/karriere/rechtsanwaeltinnen-und-rechtsanwaelte/,2026-04-03,2026-04-25,
Glock Liphart Probst & Partner Rechtsanwälte MBB,Rechtsanwaltsfachangestellte,Zentrale/Unbekannt,https://glock-liphart-probst.de/karriere/rechtsanwaltsfachangestellte/,2026-04-03,2026-04-25,
Glock Liphart Probst & Partner Rechtsanwälte MBB,Referendarinnen und Referendare,Zentrale/Unbekannt,https://glock-liphart-probst.de/karriere/referendare/,2026-04-03,2026-04-25,
Glock Liphart Probst & Partner Rechtsanwälte MBB,Wissenschaftliche Mitarbeiter,Zentrale/Unbekannt,https://glock-liphart-probst.de/karriere/wissenschaftliche-mitarbeiter/,2026-04-03,2026-04-25,
ZIRNGIBL Rechtsanwälte Partnerschaft mbB,Rechtsanwaltsfachangestellte (m/w/d),Berlin,https://zirngibl.de/karriere/,2026-04-03,2026-04-19,
ZIRNGIBL Rechtsanwälte Partnerschaft mbB,Rechtsanwaltsfachangestellte (m/w/d) in Vollzeit oder Teilzeit,München,https://zirngibl.de/karriere/,2026-04-03,2026-04-19,
ZIRNGIBL Rechtsanwälte Partnerschaft mbB,AI & Digital Innovation Manager (m/w/d),München,https://zirngibl.de/karriere/,2026-04-03,2026-04-19,
ZIRNGIBL Rechtsanwälte Partnerschaft mbB,Rechtsanwalt (m/w/d) Bau- und Immobilienrecht,München,https://zirngibl.de/karriere/,2026-04-03,2026-04-19,
ZIRNGIBL Rechtsanwälte Partnerschaft mbB,"Rechtsanwalt (m/w/d) - Informationstechnologie, Datenrecht und Digitalisierung",München,https://zirngibl.de/karriere/,2026-04-03,2026-04-19,
ZIRNGIBL Rechtsanwälte Partnerschaft mbB,Rechtsanwalt (m/w/d) für Gesellschaftsrecht - Berufseinstieg,München,https://zirngibl.de/karriere/,2026-04-03,2026-04-19,
ZIRNGIBL Rechtsanwälte Partnerschaft mbB,Rechtsanwalt (m/w/d) für Gesellschaftsrecht / M&A,München,https://zirngibl.de/karriere/,2026-04-03,2026-04-19,
ZIRNGIBL Rechtsanwälte Partnerschaft mbB,Rechtsreferendare (m/w/d),München,https://zirngibl.de/karriere/,2026-04-03,2026-04-19,
ZIRNGIBL Rechtsanwälte Partnerschaft mbB,Initiativbewerbung,München,https://zirngibl.de/karriere/,2026-04-03,2026-04-19,
ZIRNGIBL Rechtsanwälte Partnerschaft mbB,Initiativbewerbung,Berlin,https://zirngibl.de/karriere/,2026-04-03,2026-04-19,
Law firm Brown & Associates,Rechtsanwälte (m/w/d) Bereich: Erbrecht,München,https://www.braun-kollegen.de/karriere/#,2026-04-03,2026-04-25,kanzlei@braun-kollegen.de
erhard.rechtsanwälte Fachanwälte für IT- und Strafrecht,Rechtsreferendare in der Anwalts- oder Wahlstation (m/w/d),München,https://rechtsanwalt-erhard.de/karriere/,2026-04-03,2026-04-19,erhard@rechtsanwalt-erhard.de
Keller Menz Rechtsanwälte PartG MBB,Gestalter (m/w/d),München,http://www.keller-menz.de/karriere/,2026-04-03,2026-04-25,thilo.grieshaber@keller-menz.de
Dr. Schreiner + Partner Rechtsanwälte PartGmbB,Rechtsanwalt (m/w/d) Arbeitsrecht,Augsburg,https://www.rae-schreiner.de/stellenanzeige/rechtsanwalt-m-w-d-augsburg/,2026-04-03,2026-04-19,karriere@rae-schreiner.de
Dr. Schreiner + Partner Rechtsanwälte PartGmbB,Rechtsanwalt (m/w/d),Attendorn,https://www.rae-schreiner.de/stellenanzeige/rechtsanwalt-m-w-d-fachrichtung-arbeitsrecht-attendorn/,2026-04-03,2026-04-19,karriere@rae-schreiner.de
horak Rechtsanwälte/Fachanwälte/Patentanwälte München,Patentingenieure,Hannover,http://www.bwlh.de/anwaltskanzlei/Anwaltsnews/Stellenangebote/Patentingenieure/patentingenieure.html,2026-04-03,2026-04-25,horak@bwlh.de
horak Rechtsanwälte/Fachanwälte/Patentanwälte München,Patentingenieure,Berlin,http://www.bwlh.de/anwaltskanzlei/Anwaltsnews/Stellenangebote/Patentingenieure/patentingenieure.html,2026-04-03,2026-04-25,horak@bwlh.de
horak Rechtsanwälte/Fachanwälte/Patentanwälte München,Patentingenieure,Bielefeld,http://www.bwlh.de/anwaltskanzlei/Anwaltsnews/Stellenangebote/Patentingenieure/patentingenieure.html,2026-04-03,2026-04-25,horak@bwlh.de
horak Rechtsanwälte/Fachanwälte/Patentanwälte München,Patentingenieure,Bremen,http://www.bwlh.de/anwaltskanzlei/Anwaltsnews/Stellenangebote/Patentingenieure/patentingenieure.html,2026-04-03,2026-04-25,horak@bwlh.de
horak Rechtsanwälte/Fachanwälte/Patentanwälte München,Patentingenieure,Düsseldorf,http://www.bwlh.de/anwaltskanzlei/Anwaltsnews/Stellenangebote/Patentingenieure/patentingenieure.html,2026-04-03,2026-04-25,horak@bwlh.de
horak Rechtsanwälte/Fachanwälte/Patentanwälte München,Patentingenieure,Frankfurt,http://www.bwlh.de/anwaltskanzlei/Anwaltsnews/Stellenangebote/Patentingenieure/patentingenieure.html,2026-04-03,2026-04-25,horak@bwlh.de
horak Rechtsanwälte/Fachanwälte/Patentanwälte München,Patentingenieure,Hamburg,http://www.bwlh.de/anwaltskanzlei/Anwaltsnews/Stellenangebote/Patentingenieure/patentingenieure.html,2026-04-03,2026-04-25,horak@bwlh.de
horak Rechtsanwälte/Fachanwälte/Patentanwälte München,Patentingenieure,Leipzig,http://www.bwlh.de/anwaltskanzlei/Anwaltsnews/Stellenangebote/Patentingenieure/patentingenieure.html,2026-04-03,2026-04-25,horak@bwlh.de
horak Rechtsanwälte/Fachanwälte/Patentanwälte München,Patentingenieure,München,http://www.bwlh.de/anwaltskanzlei/Anwaltsnews/Stellenangebote/Patentingenieure/patentingenieure.html,2026-04-03,2026-04-25,horak@bwlh.de
horak Rechtsanwälte/Fachanwälte/Patentanwälte München,Patentingenieure,Stuttgart,http://www.bwlh.de/anwaltskanzlei/Anwaltsnews/Stellenangebote/Patentingenieure/patentingenieure.html,2026-04-03,2026-04-25,horak@bwlh.de
Pöhlmann · Früchtl · Oppermann Rechtsanwälte PartmbB,Rechtsanwaltsfachangestellte/-r (m/w/d),Fürth,https://pfo-anwaelte.de/stellenangebote/rechtsanwaltsfachangestellte-r-m-w-d/,2026-04-03,2026-04-25,
Pöhlmann · Früchtl · Oppermann Rechtsanwälte PartmbB,Rechtsanwaltsfachangestellte/-r (m/w/d),Neustadt (Aisch),https://pfo-anwaelte.de/stellenangebote/rechtsanwaltsfachangestellte-r-m-w-d/,2026-04-03,2026-04-25,
Pöhlmann · Früchtl · Oppermann Rechtsanwälte PartmbB,Teamassistenz (m/w/d) für die Insolvenzabteilung,Fürth,https://pfo-anwaelte.de/stellenangebote/teamassistenz-m-w-d-fuer-die-insolvenzabteilung/,2026-04-03,2026-04-25,
Pöhlmann · Früchtl · Oppermann Rechtsanwälte PartmbB,Sachbearbeiter (m/w/d) für Unternehmensinsolvenzen,Fürth,https://pfo-anwaelte.de/stellenangebote/sachbearbeiter-m-w-d-fuer-unternehmensinsolvenzen/,2026-04-03,2026-04-25,
Pöhlmann · Früchtl · Oppermann Rechtsanwälte PartmbB,Auszubildende/r zum/zur Rechtsanwaltsfachangestellten (m/w/d),Fürth,https://pfo-anwaelte.de/stellenangebote/auszubildende-r-zum-zur-rechtsanwaltsfachangestellten-m-w-d/,2026-04-03,2026-04-25,
Pöhlmann · Früchtl · Oppermann Rechtsanwälte PartmbB,Auszubildende/r zum/zur Rechtsanwaltsfachangestellten (m/w/d),Bamberg,https://pfo-anwaelte.de/stellenangebote/auszubildende-r-zum-zur-rechtsanwaltsfachangestellten-m-w-d/,2026-04-03,2026-04-25,
Pöhlmann · Früchtl · Oppermann Rechtsanwälte PartmbB,Auszubildende/r zum/zur Rechtsanwaltsfachangestellten (m/w/d),Neustadt/Aisch,https://pfo-anwaelte.de/stellenangebote/auszubildende-r-zum-zur-rechtsanwaltsfachangestellten-m-w-d/,2026-04-03,2026-04-19,
"LoschelderLeisenberg Rechtsanwälte | Markenrecht, Wettbewerbsrecht, Medienrecht, Urheberrecht, Designrecht & IT Recht",Rechtsanwältin / Rechtsanwalt (m/w/d) im Marken- und Wettbewerbsrecht,München,https://ll-ip.com/karriere/,2026-04-03,2026-04-19,office@ll-ip.com
"LoschelderLeisenberg Rechtsanwälte | Markenrecht, Wettbewerbsrecht, Medienrecht, Urheberrecht, Designrecht & IT Recht",Rechtsanwältin / Rechtsanwalt (m/w/d) im IT- und Datenschutzrecht,München,https://ll-ip.com/karriere/,2026-04-03,2026-04-19,office@ll-ip.com
Kanzlei Kronbichler,Rechtsanwalt (m/w/d),München,http://www.rechtsanwalt-in.de/kanzlei/stellenangebote.html,2026-04-03,2026-04-25,info@wkk-partner.de
Witting - Contzen & Kollegen,Referendar (Strafrecht),Zentrale/Unbekannt,http://www.leokanzlei.de/karriere,2026-04-03,2026-04-19,werning@leokanzlei.de
Witting - Contzen & Kollegen,Referendar (Zivilrecht),Zentrale/Unbekannt,http://www.leokanzlei.de/karriere,2026-04-03,2026-04-19,raschmidt@leokanzlei.de
Rechtsanwaltskanzlei Weber,Initiativbewerbung,München,https://familum.de/karriere/,2026-04-03,2026-04-19,bewerbung@familum.de
Rechtsanwaltskanzlei Weber,Initiativbewerbung,Düsseldorf,https://familum.de/karriere/,2026-04-03,2026-04-19,bewerbung@familum.de
Rechtsanwaltskanzlei Weber,Initiativbewerbung,Berlin,https://familum.de/karriere/,2026-04-03,2026-04-19,bewerbung@familum.de
Rechtsanwaltskanzlei Weber,Initiativbewerbung,Hamburg,https://familum.de/karriere/,2026-04-03,2026-04-19,bewerbung@familum.de
Kanzlei Scheibler,Auszubildende zur Rechtsanwaltsfachangestellten (m/w/d),Ismaning,https://www.scheibler.de/karriere/,2026-04-03,2026-04-25,karriere@scheibler.de
Kanzlei Scheibler,Schüler- oder Studentenpraktikum (m/w/d),Ismaning,https://www.scheibler.de/karriere/,2026-04-03,2026-04-25,karriere@scheibler.de
Kanzlei Breitfeld & Walter,Rechtsanwaltsfachangestellte/n (m/w/d): Teilzeit bzw. Vollzeit möglich,Karlsfeld,https://kanzlei-breitfeld-walter.de/stellenangebote/,2026-04-03,2026-04-19,mail@kanzlei-breitfeld-walter.de
Kanzlei Breitfeld & Walter,Rechtsanwaltsfachangestellte/n (m/w/d): Teilzeit bzw. Vollzeit möglich,Dachau,https://kanzlei-breitfeld-walter.de/stellenangebote/,2026-04-03,2026-04-19,mail@kanzlei-breitfeld-walter.de
Vicki Irene Commer,Rechtsanwaltfach-angestelle,München,http://www.commer-law.de/Karriere/Rechtsanwaltfach-angestelle/,2026-04-03,2026-04-25,office@commer-law.de
Wolfsteiner & Partner Rechtsanwälte,Rechtsanwaltsfachangestellte/n in Vollzeit,München-Obersendling,http://www.wolfsteiner-rechtsanwaelte.de/index.php/stellenangebote,2026-04-03,2026-04-25,
Wolfsteiner & Partner Rechtsanwälte,Rechtsanwaltsfachangestellte/n in Teilzeit,München-Obersendling,http://www.wolfsteiner-rechtsanwaelte.de/index.php/stellenangebote,2026-04-03,2026-04-25,
WBG,Ausbildungsplätze für ein Verbundstudium,München,https://wbg-kanzlei.de/kontakt/,2026-04-03,2026-04-25,
WBG,Ausbildung zum/zur Steuerfachangestellten,München,https://wbg-kanzlei.de/kontakt/,2026-04-03,2026-04-25,
WBG,Schüler Praktika,München,https://wbg-kanzlei.de/kontakt/,2026-04-03,2026-04-25,
Stock + Partner Rechtsanwälte mbB,Rechtsanwältin / Rechtsanwalt,München,https://stock-partner.eu/karriere/,2026-04-03,2026-04-25,katharina.janka@stock-partner.eu
Stock + Partner Rechtsanwälte mbB,Rechtsanwältin / Rechtsanwalt,Hannover,https://stock-partner.eu/karriere/,2026-04-03,2026-04-25,katharina.janka@stock-partner.eu
Stock + Partner Rechtsanwälte mbB,Studentische Hilfskraft / Praktikant (m/w/d),München,https://stock-partner.eu/karriere/,2026-04-03,2026-04-19,katharina.janka@stock-partner.eu
Dr. Solf & Zapf Patent- und Rechtsanwälte,Patentanwaltsfachangestellte (m/w/d),München,https://solf-zapf.de/karriere/,2026-04-03,2026-04-25,
Dr. Solf & Zapf Patent- und Rechtsanwälte,Patentanwaltsfachangestellte (m/w/d),Wuppertal,https://solf-zapf.de/karriere/,2026-04-03,2026-04-25,
Dr. Solf & Zapf Patent- und Rechtsanwälte,Patentanwaltsfachangestellte (m/w/d),Bergisch Gladbach,https://solf-zapf.de/karriere/,2026-04-03,2026-04-25,
Hoefer & Partner Patentanwälte mbB,Ausbildung zur Patentanwaltsfachangestellten (m/w),Stuttgart,https://www.hoefer-pat.de/stellenangebote/ausbildung-zur-patentanwaltsfachangestellte-patentanwaltsfachangestellter/,2026-04-03,2026-04-19,info@hoefer-pat.de
Hoefer & Partner Patentanwälte mbB,Patentingenieur m|w,Stuttgart,https://www.hoefer-pat.de/stellenangebote/patentingenieur/,2026-04-03,2026-04-19,info@hoefer-pat.de
Hoefer & Partner Patentanwälte mbB,Patentanwalt (m/w),Stuttgart,https://www.hoefer-pat.de/stellenangebote/patentanwalt/,2026-04-03,2026-04-19,info@hoefer-pat.de
Hoefer & Partner Patentanwälte mbB,Patentanwaltskandidat (m/w),Stuttgart,https://www.hoefer-pat.de/stellenangebote/patentanwaltskandidat/,2026-04-03,2026-04-19,info@hoefer-pat.de
SYLVENSTEIN Rechtsanwälte,Referendar für die Wahlstation (m/w/d),München,https://karriere.sylvenstein-law.de/o/referendar-fur-die-wahlstation-mwd-2-3,2026-04-03,2026-04-25,
W & R Weigell Rechtsanwälte Partnerschaft mit beschränkter Berufshaftung,Rechtsreferendar/in (m/w/d),München,https://weigell.de/karriere/,2026-04-03,2026-04-19,daniela.laus@weigell.de
W & R Weigell Rechtsanwälte Partnerschaft mit beschränkter Berufshaftung,Studentische Hilfskraft auf Werkstudenten- oder Minijobbasis (m/w/d),München,https://weigell.de/karriere/,2026-04-03,2026-04-19,daniela.laus@weigell.de
Thomas Blatt Rechtsanwalts AG München- Rechtsanwälte / Fachanwälte,Rechtsanwältinnen / Rechtsanwälte,Dinslaken,http://www.rae-blatt.de/stellenangebote/rechtsanwaeltinnen-rechtsanwaelte,2026-04-03,2026-04-25,
Thomas Blatt Rechtsanwalts AG München- Rechtsanwälte / Fachanwälte,Rechtsanwältinnen / Rechtsanwälte,Duisburg,http://www.rae-blatt.de/stellenangebote/rechtsanwaeltinnen-rechtsanwaelte,2026-04-03,2026-04-25,
Thomas Blatt Rechtsanwalts AG München- Rechtsanwälte / Fachanwälte,Rechtsanwältinnen / Rechtsanwälte,München,http://www.rae-blatt.de/stellenangebote/rechtsanwaeltinnen-rechtsanwaelte,2026-04-03,2026-04-25,
Thomas Blatt Rechtsanwalts AG München- Rechtsanwälte / Fachanwälte,Rechtsanwältinnen / Rechtsanwälte,Dortmund,http://www.rae-blatt.de/stellenangebote/rechtsanwaeltinnen-rechtsanwaelte,2026-04-03,2026-04-25,
Thomas Blatt Rechtsanwalts AG München- Rechtsanwälte / Fachanwälte,Rechtsreferendarinnen / Rechtsreferendare,Dinslaken,http://www.rae-blatt.de/stellenangebote/rechtsreferendarinnen-rechtsreferendare,2026-04-03,2026-04-25,
Thomas Blatt Rechtsanwalts AG München- Rechtsanwälte / Fachanwälte,Rechtsreferendarinnen / Rechtsreferendare,Duisburg,http://www.rae-blatt.de/stellenangebote/rechtsreferendarinnen-rechtsreferendare,2026-04-03,2026-04-25,
Thomas Blatt Rechtsanwalts AG München- Rechtsanwälte / Fachanwälte,Rechtsreferendarinnen / Rechtsreferendare,München,http://www.rae-blatt.de/stellenangebote/rechtsreferendarinnen-rechtsreferendare,2026-04-03,2026-04-25,
Thomas Blatt Rechtsanwalts AG München- Rechtsanwälte / Fachanwälte,Rechtsreferendarinnen / Rechtsreferendare,Dortmund,http://www.rae-blatt.de/stellenangebote/rechtsreferendarinnen-rechtsreferendare,2026-04-03,2026-04-25,
Thomas Blatt Rechtsanwalts AG München- Rechtsanwälte / Fachanwälte,Wissenschaftliche Mitarbeiterinnen / Mitarbeiter,Dinslaken,http://www.rae-blatt.de/stellenangebote/wissenschaftliche-mitarbeiterinnen-mitarbeiter,2026-04-03,2026-04-25,
Thomas Blatt Rechtsanwalts AG München- Rechtsanwälte / Fachanwälte,Wissenschaftliche Mitarbeiterinnen / Mitarbeiter,Duisburg,http://www.rae-blatt.de/stellenangebote/wissenschaftliche-mitarbeiterinnen-mitarbeiter,2026-04-03,2026-04-25,
Thomas Blatt Rechtsanwalts AG München- Rechtsanwälte / Fachanwälte,Wissenschaftliche Mitarbeiterinnen / Mitarbeiter,München,http://www.rae-blatt.de/stellenangebote/wissenschaftliche-mitarbeiterinnen-mitarbeiter,2026-04-03,2026-04-25,
Thomas Blatt Rechtsanwalts AG München- Rechtsanwälte / Fachanwälte,Wissenschaftliche Mitarbeiterinnen / Mitarbeiter,Dortmund,http://www.rae-blatt.de/stellenangebote/wissenschaftliche-mitarbeiterinnen-mitarbeiter,2026-04-03,2026-04-25,
Thomas Blatt Rechtsanwalts AG München- Rechtsanwälte / Fachanwälte,Sekretariat,Dinslaken,http://www.rae-blatt.de/stellenangebote/sekretariat,2026-04-03,2026-04-25,
Thomas Blatt Rechtsanwalts AG München- Rechtsanwälte / Fachanwälte,Sekretariat,Duisburg,http://www.rae-blatt.de/stellenangebote/sekretariat,2026-04-03,2026-04-25,
Thomas Blatt Rechtsanwalts AG München- Rechtsanwälte / Fachanwälte,Sekretariat,München,http://www.rae-blatt.de/stellenangebote/sekretariat,2026-04-03,2026-04-25,
Thomas Blatt Rechtsanwalts AG München- Rechtsanwälte / Fachanwälte,Sekretariat,Dortmund,http://www.rae-blatt.de/stellenangebote/sekretariat,2026-04-03,2026-04-25,
Thomas Blatt Rechtsanwalts AG München- Rechtsanwälte / Fachanwälte,Bürokraft,Dinslaken,http://www.rae-blatt.de/images/B%C3%BCrokraft.pdf,2026-04-03,2026-04-25,
Thomas Blatt Rechtsanwalts AG München- Rechtsanwälte / Fachanwälte,Bürokraft,Duisburg,http://www.rae-blatt.de/images/B%C3%BCrokraft.pdf,2026-04-03,2026-04-25,
Thomas Blatt Rechtsanwalts AG München- Rechtsanwälte / Fachanwälte,Bürokraft,München,http://www.rae-blatt.de/images/B%C3%BCrokraft.pdf,2026-04-03,2026-04-25,
Thomas Blatt Rechtsanwalts AG München- Rechtsanwälte / Fachanwälte,Bürokraft,Dortmund,http://www.rae-blatt.de/images/B%C3%BCrokraft.pdf,2026-04-03,2026-04-25,
Thomas Blatt Rechtsanwalts AG München- Rechtsanwälte / Fachanwälte,Ausbildung,Dinslaken,http://www.rae-blatt.de/stellenangebote/ausbildung,2026-04-03,2026-04-25,
Thomas Blatt Rechtsanwalts AG München- Rechtsanwälte / Fachanwälte,Ausbildung,Duisburg,http://www.rae-blatt.de/stellenangebote/ausbildung,2026-04-03,2026-04-25,
Thomas Blatt Rechtsanwalts AG München- Rechtsanwälte / Fachanwälte,Ausbildung,München,http://www.rae-blatt.de/stellenangebote/ausbildung,2026-04-03,2026-04-25,
Thomas Blatt Rechtsanwalts AG München- Rechtsanwälte / Fachanwälte,Ausbildung,Dortmund,http://www.rae-blatt.de/stellenangebote/ausbildung,2026-04-03,2026-04-25,
Jahn Hettler Rechtsanwälte,Rechtsanwälte und Referendare für Bau- und Architektenrecht (m/w/d),München,https://jahnhettler.de/kanzlei/karriere/rechtsanwaelte-muenchen-frankfurt-am-main/,2026-04-03,2026-04-25,
Jahn Hettler Rechtsanwälte,Rechtsanwälte und Referendare für Bau- und Architektenrecht (m/w/d),Frankfurt a. M.,https://jahnhettler.de/kanzlei/karriere/rechtsanwaelte-muenchen-frankfurt-am-main/,2026-04-03,2026-04-25,
Jahn Hettler Rechtsanwälte,Rechtsanwaltsfachangestellten*/Assistenten* mit Erfahrung in der Anwaltskanzlei,München,https://jahnhettler.de/kanzlei/karriere/rechtsanwaltsfachangestellte-assistent-fuer-muenchen-2/,2026-04-03,2026-04-25,
Jahn Hettler Rechtsanwälte,Rechtsanwaltsfachangestellten*/Assistenten* mit Erfahrung in der Anwaltskanzlei,Frankfurt a. M.,https://jahnhettler.de/kanzlei/karriere/rechtsanwaltsfachangestellter-franfurt-und-muenchen/,2026-04-03,2026-04-25,
Jahn Hettler Rechtsanwälte,Studentische Hilfskräfte (m/w/d),Frankfurt a. M.,https://jahnhettler.de/kanzlei/karriere/studentische-hilfskraefte-fuer-frankfurt-a-m/,2026-04-03,2026-04-25,
Jahn Hettler Rechtsanwälte,Studentische Hilfskräfte (m/w/d),München,https://jahnhettler.de/kanzlei/karriere/studentische-hilfskraefte-fuer-frankfurt-a-m/,2026-04-03,2026-04-25,
Jahn Hettler Rechtsanwälte,Praktikanten (m/w/d),Frankfurt a. M.,https://jahnhettler.de/kanzlei/karriere/praktikanten-fuer-frankfurt-a-m/,2026-04-03,2026-04-25,
Jahn Hettler Rechtsanwälte,Praktikanten (m/w/d),München,https://jahnhettler.de/kanzlei/karriere/praktikanten-fuer-frankfurt-a-m/,2026-04-03,2026-04-25,
TOP ADAC Anwalt Nikolaus Kiefer ᐅ Rechtsanwalt und Fachanwalt für Verkehrsrecht,Fachanwalt Verkehrsrecht,Zentrale/Unbekannt,,2026-04-03,2026-04-25,
Kanzlei Putzo · Früh · Kollegen - Rechtsanwälte · Fachanwälte · Notare,Rechtsanwalts- und Notarfachangestellte*r (m/w/d),Münster,http://www.putzo.de/aktuelles/reno-in-munster-wir-stellen-ein/,2026-04-03,2026-04-25,
Baumeister Rechtsanwälte Partnerschaft MBB,"RECHTSANWALT (m/w/d) zur Verstärkung unseres Dezernates „Vergaberecht""",Münster,https://www.baumeister.org/karriere/,2026-04-03,2026-04-25,sieme@baumeister.org
Goldbeck - Fachanwalt für Strafrecht und Rechtsanwalt,Referendariat – Anwaltsstation und Wahlstation,Münster,https://rechtsanwalt-goldbeck.de/jobs/,2026-04-03,2026-04-25,
Goldbeck - Fachanwalt für Strafrecht und Rechtsanwalt,Referendariat – Anwaltsstation und Wahlstation,Remote,https://rechtsanwalt-goldbeck.de/jobs/,2026-04-03,2026-04-25,
Sommerfeld - Majka - Reifig Rechtsanwälte - Notare - Steuerberater,Steuerfachangestellter (m/w/d) - Bis zu 100% Homeoffice,Homeoffice,https://www.sommerfeld-majka.de/karriere/steuerfachangestellter/,2026-04-03,2026-04-25,info@sommerfeld.pro
Rechtsanwälte Wittenberg und Kollegen,Rechtsanwalt (m/w/d),Neuss,https://www.wittenberg-kollegen.de/karriere/,2026-04-03,2026-04-19,karriere@wittenberg-kollegen.de
Rechtsanwälte Krall & Brückmann,Rechtsanwaltsfachangestellte (m/w/d) in Teilzeit,Neuss,http://www.familienrecht-kanzlei.de/kanzlei/stellenangebot-rechtsanwaltsgehilfin.php,2026-04-03,2026-04-25,kanzlei@familienrecht-kanzlei.de
Rechtsanwälte Krall & Brückmann,Rechtsanwaltsfachangestellte (m/w/d) in Teilzeit,Düsseldorf,http://www.familienrecht-kanzlei.de/kanzlei/stellenangebot-rechtsanwaltsgehilfin.php,2026-04-03,2026-04-25,kanzlei@familienrecht-kanzlei.de
THORWART Rechtsanwälte Steuerberater Wirtschaftsprüfer Partnerschaft mbB,Rechtsanwalt/Rechtsanwältin (m/w/d),Nürnberg,http://www.thorwart.de/karriere/stellen-rechtsberatung,2026-04-03,2026-04-25,
THORWART Rechtsanwälte Steuerberater Wirtschaftsprüfer Partnerschaft mbB,Rechtsanwalt/Rechtsanwältin (m/w/d),Gera,http://www.thorwart.de/karriere/stellen-rechtsberatung,2026-04-03,2026-04-25,
THORWART Rechtsanwälte Steuerberater Wirtschaftsprüfer Partnerschaft mbB,Rechtsreferendar/Rechtsreferendarin (m/w/d),Nürnberg,http://www.thorwart.de/karriere/stellen-rechtsberatung,2026-04-03,2026-04-25,
Rechtsanwälte Dr. Beckstein und Kollegen Partnerschaft mbB,Referendar (m/w/d),Nürnberg,https://www.dr-beckstein.de/karriere-als-test-2/,2026-04-03,2026-04-25,mail@dr-beckstein.de
Rechtsanwälte Förster & Blob,"Rechtsanwälte/innen (m/d/w) Fachgebiete: Wirtschaftsrecht, Unternehmerberatung, Unternehmensnachfolge/Erbrecht Gesellschaftsrecht, M&A",Schwabach,http://www.linkedin.com/jobs/view/rechtsanwalt-at-rechtsanw%C3%A4lte-f%C3%B6rster-blob-4266233805/,2026-04-03,2026-04-25,bewerbungen@foerster-blob.de
Rechtsanwälte Förster & Blob,"Rechtsanwälte/innen (m/d/w) Fachgebiete: Wirtschaftsrecht, Unternehmerberatung, Unternehmensnachfolge/Erbrecht Gesellschaftsrecht, M&A",Nürnberg,http://www.linkedin.com/jobs/view/rechtsanwalt-at-rechtsanw%C3%A4lte-f%C3%B6rster-blob-4266233805/,2026-04-03,2026-04-25,bewerbungen@foerster-blob.de
HLB HUSSMANN Rechtsanwälte,Rechtsanwalt / Fachanwalt – Bau- und Architektenrecht (m/w/d),Neumarkt,https://www.hlb-hussmann.de/project/rechtsanwalt-fachanwalt-m-w-d-fuer-bau-und-architektenrecht/,2026-04-03,2026-04-25,info-ra@hlb-hussmann.de
HLB HUSSMANN Rechtsanwälte,Rechtsanwalt / Fachanwalt – Bau- und Architektenrecht (m/w/d),Nürnberg-Langwasser,https://www.hlb-hussmann.de/project/rechtsanwalt-fachanwalt-m-w-d-fuer-bau-und-architektenrecht/,2026-04-03,2026-04-25,info-ra@hlb-hussmann.de
HLB HUSSMANN Rechtsanwälte,Rechtsanwalt / Fachanwalt – Bau- und Architektenrecht (m/w/d),Nürnberg-Johannis,https://www.hlb-hussmann.de/project/rechtsanwalt-fachanwalt-m-w-d-fuer-bau-und-architektenrecht/,2026-04-03,2026-04-25,info-ra@hlb-hussmann.de
HLB HUSSMANN Rechtsanwälte,Rechtsanwalt / Fachanwalt – Bau- und Architektenrecht (m/w/d),Röthenbach a. d. Pegnitz,https://www.hlb-hussmann.de/project/rechtsanwalt-fachanwalt-m-w-d-fuer-bau-und-architektenrecht/,2026-04-03,2026-04-25,info-ra@hlb-hussmann.de
HLB HUSSMANN Rechtsanwälte,Rechtsanwalt / Fachanwalt – Bau- und Architektenrecht (m/w/d),Homeoffice,https://www.hlb-hussmann.de/project/rechtsanwalt-fachanwalt-m-w-d-fuer-bau-und-architektenrecht/,2026-04-03,2026-04-25,info-ra@hlb-hussmann.de
HLB HUSSMANN Rechtsanwälte,Rechtsanwaltsfachangestellter (m/w/d),Nürnberg,https://www.hlb-hussmann.de/project/rechtsanwaltsfachangestellter-m-w-d/,2026-04-03,2026-04-25,info-ra@hlb-hussmann.de
"Dr. Reinisch u. Kollegen, Rechtsanwälte",Studentisches Praktikum,Nürnberg,http://www.rmk-recht.de/stellen.php,2026-04-03,2026-04-25,bewerbungen@rmk-recht.de
"Dr. Reinisch u. Kollegen, Rechtsanwälte",Werkstudententätigkeit,Nürnberg,http://www.rmk-recht.de/stellen.php,2026-04-03,2026-04-25,bewerbungen@rmk-recht.de
"Dr. Reinisch u. Kollegen, Rechtsanwälte",Rechtsreferendar (Anwaltsstation),Nürnberg,http://www.rmk-recht.de/stellen.php,2026-04-03,2026-04-25,bewerbungen@rmk-recht.de
SONNTAG | Sonntag & Partner Partnerschaftsgesellschaft mbB,Bilanzbuchhalter (m|w|d),Augsburg,https://www.sonntag-karriere.de/stellenangebot/bilanzbuchhalter-mwd-in-augsburg-ulm-oder-nuernberg/,2026-04-03,2026-04-25,karriere@sonntag-partner.de
SONNTAG | Sonntag & Partner Partnerschaftsgesellschaft mbB,Bilanzbuchhalter (m|w|d),Ulm,https://www.sonntag-karriere.de/stellenangebot/bilanzbuchhalter-mwd-in-augsburg-ulm-oder-nuernberg/,2026-04-03,2026-04-25,karriere@sonntag-partner.de
SONNTAG | Sonntag & Partner Partnerschaftsgesellschaft mbB,Bilanzbuchhalter (m|w|d),Nürnberg,https://www.sonntag-karriere.de/stellenangebot/bilanzbuchhalter-mwd-in-augsburg-ulm-oder-nuernberg/,2026-04-03,2026-04-25,karriere@sonntag-partner.de
Knolle Societät Rechtsanwälte PartGmbB,Knolle Azubi,Offenbach am Main,https://knolle.de/#career,2026-04-03,2026-04-25,fuchs@knolle.de
Seppel & Partner Rechtsanwälte in PartGmbB,Rechtsanwalts- und Notarfachangestellte (m/w/d),Oldenburg,https://www.seppel-partner-oldenburg.de/stellenangebote/rechtsanwalts-und-notarfachangestellte-mwd,2026-04-03,2026-04-25,
Seppel & Partner Rechtsanwälte in PartGmbB,Ausbildung zur Rechtsanwalts- und Notarfachangestellten (m/w/d),Oldenburg,https://www.seppel-partner-oldenburg.de/stellenangebote/ausbildung-zur-rechtsanwalts-und-notarfachangestellten-mwd,2026-04-03,2026-04-25,
"Kreft, Wehage, Schwackenberg & Freericks PartGmbB",Notarfachangestellte (m/w/d) oder Notarfachwirtin (m/w/d),Oldenburg,https://www.anwalt-ol.de/karriere-notarfachangestellte/,2026-04-03,2026-04-25,bewerbung@anwalt-ol.de
"Kreft, Wehage, Schwackenberg & Freericks PartGmbB",Rechtsanwalt / Rechtsanwältin (m/w/d),Oldenburg,https://www.anwalt-ol.de/rechtsanwalt-rechtsanwaeltin-gesucht-karriere-in-oldenburg/,2026-04-03,2026-04-25,bewerbung@anwalt-ol.de
Rechtsanwälte und Notare Vogt und Partner,Referendare (m/w/d) Anwalts- oder Wahlstation,Oldenburg,https://www.rae-vogt.de/karriere/,2026-04-03,2026-04-19,personal@rae-vogt.de
Rechtsanwälte und Notare Vogt und Partner,Rechtsanwalts- und Notarfachangestellte,Oldenburg,https://www.rae-vogt.de/karriere/,2026-04-03,2026-04-19,personal@rae-vogt.de
Rechtsanwälte und Notare Vogt und Partner,Auszubildende zur/m Rechtsanwalts- und Notarfachangestellten,Oldenburg,https://www.rae-vogt.de/karriere/,2026-04-03,2026-04-19,personal@rae-vogt.de
HELLMANN Fachanwälte Rechtsanwälte in Partnerschaft mbB,Rechtsanwalts- und Notarfachangestellte (Auszubildende),Osnabrück,https://hellmann-fachanwaelte.de/karriere/,2026-04-03,2026-04-25,kanzlei@hellmann-fachanwaelte.de
Klages und Kollegen eGbR,Steuerfachangestellte/n,Osnabrück,https://www.klages-kollegen.de/stellenangebote/,2026-04-03,2026-04-25,willkommen@klages-kollegen.de
Klages und Kollegen eGbR,Rechtsanwaltsfachangestellte/n,Osnabrück,https://www.klages-kollegen.de/stellenangebote/,2026-04-03,2026-04-25,willkommen@klages-kollegen.de
"GRÖNE - Rechtsanwalt Arbeitsrecht, Familienrecht, Erbrecht, Mietrecht, Verkehrsrecht Osnabrück",Notarfachwirt (m/w/d) oder Rechtsanwalts- und Notarfachangestellte/n (m/w/d) mit Erfahrung im Notariat,Osnabrück,https://ra-groene.de/karriere/,2026-04-03,2026-04-25,lohmann@ra-groene.de
Anwaltskanzlei SVM,Referendar/in (m/w/d),Osnabrück,https://kanzlei-svm.de/karriere/,2026-04-03,2026-04-19,marx@kanzlei-svm.de
Dr. Wessel & Plückebaum PartGmbB Rechtsanwälte | Notare,Rechtsanwalt/-anwältin (m/w/d),Paderborn,https://www.wessel-plueckebaum.de/kanzlei/stellenangebote-rechtsanwalt-anwaeltin-m-w-d/,2026-04-03,2026-04-25,kanzlei@anwalt-paderborn.de
ANWALTSKANZLEI EIKEL & PARTNER GbR RECHTSANWÄLTE UND PATENTANWÄLTE,Rechtsanwalt (m/w/d),Detmold,https://eikel-partner.de/stellenanzeigen/,2026-04-03,2026-04-25,info@eikel-partner.de
ANWALTSKANZLEI EIKEL & PARTNER GbR RECHTSANWÄLTE UND PATENTANWÄLTE,Rechtsanwaltsfachangestellte/r (m/w/d) in Teilzeit,Detmold,https://eikel-partner.de/stellenanzeigen/,2026-04-03,2026-04-25,info@eikel-partner.de
Meyer Arbeitsrecht,Bürofachkräfte (m/w/d),Paderborn,https://www.meyer-arbeitsrecht.de/karriere/,2026-04-03,2026-04-19,info@meyer-arbeitsrecht.de
Meyer Arbeitsrecht,Referendare (m/w/d),Paderborn,https://www.meyer-arbeitsrecht.de/karriere/,2026-04-03,2026-04-19,info@meyer-arbeitsrecht.de
Meyer Arbeitsrecht,Studenten (m/w/d),Paderborn,https://www.meyer-arbeitsrecht.de/karriere/,2026-04-03,2026-04-19,info@meyer-arbeitsrecht.de
TOP ADAC Anwalt Jost Ferlings ᐅ Rechtsanwalt und Fachanwalt für Verkehrsrecht,Fachanwalt Verkehrsrecht,Zentrale/Unbekannt,,2026-04-03,2026-04-19,
Schindhelm Pfisterer und Kollegen Rechtsanwälte,Rechtsanwalt / Rechtsanwältin (m/w/d) – Handels- und Gesellschaftsrecht / Insolvenzrecht & Sanierung,Pforzheim,https://rae-sp.de/portfolio-items/rechtsanwalt-m-w-d-handels-und-gesellschaftsrecht/,2026-04-03,2026-04-25,karriere@rae-sp.de
Schindhelm Pfisterer und Kollegen Rechtsanwälte,Rechtsanwalt / Rechtsanwältin (m/w/d) – Handels- und Gesellschaftsrecht / Insolvenzrecht & Sanierung,Stuttgart,https://rae-sp.de/portfolio-items/rechtsanwalt-m-w-d-handels-und-gesellschaftsrecht/,2026-04-03,2026-04-25,karriere@rae-sp.de
Schindhelm Pfisterer und Kollegen Rechtsanwälte,Rechtsanwalt / Rechtsanwältin (m/w/d) – Arbeitsrecht,Pforzheim,https://rae-sp.de/portfolio-items/rechtsanwalt-m-w-d-arbeitsrecht/,2026-04-03,2026-04-25,karriere@rae-sp.de
Schindhelm Pfisterer und Kollegen Rechtsanwälte,Rechtsanwalt / Rechtsanwältin (m/w/d) – Arbeitsrecht,Stuttgart,https://rae-sp.de/portfolio-items/rechtsanwalt-m-w-d-arbeitsrecht/,2026-04-03,2026-04-25,karriere@rae-sp.de
Schindhelm Pfisterer und Kollegen Rechtsanwälte,Rechtsanwalt / Rechtsanwältin (m/w/d) –Familienrecht,Pforzheim,https://rae-sp.de/portfolio-items/rechtsanwalt-m-w-d-familienrecht/,2026-04-03,2026-04-25,karriere@rae-sp.de
Schindhelm Pfisterer und Kollegen Rechtsanwälte,Rechtsanwalt / Rechtsanwältin (m/w/d) –Familienrecht,Stuttgart,https://rae-sp.de/portfolio-items/rechtsanwalt-m-w-d-familienrecht/,2026-04-03,2026-04-25,karriere@rae-sp.de
SFW Fachanwälte für Arbeitsrecht Steigelmann Fischer Weidner Pforzheim,Initiativbewerbung,Karlsruhe,https://www.sfw-arbeitsrecht.de/initiativbewerbung/,2026-04-03,2026-04-25,"karlsruhe@sfw-arbeitsrecht.de, landau@sfw-arbeitsrecht.de, pforzheim@sfw-arbeitsrecht.de, ludwigshafen@sfw-arbeitsrecht.de"
SFW Fachanwälte für Arbeitsrecht Steigelmann Fischer Weidner Pforzheim,Initiativbewerbung,Landau,https://www.sfw-arbeitsrecht.de/initiativbewerbung/,2026-04-03,2026-04-25,"karlsruhe@sfw-arbeitsrecht.de, landau@sfw-arbeitsrecht.de, pforzheim@sfw-arbeitsrecht.de, ludwigshafen@sfw-arbeitsrecht.de"
SFW Fachanwälte für Arbeitsrecht Steigelmann Fischer Weidner Pforzheim,Initiativbewerbung,Pforzheim,https://www.sfw-arbeitsrecht.de/initiativbewerbung/,2026-04-03,2026-04-25,"karlsruhe@sfw-arbeitsrecht.de, landau@sfw-arbeitsrecht.de, pforzheim@sfw-arbeitsrecht.de, ludwigshafen@sfw-arbeitsrecht.de"
SFW Fachanwälte für Arbeitsrecht Steigelmann Fischer Weidner Pforzheim,Initiativbewerbung,Ludwigshafen,https://www.sfw-arbeitsrecht.de/initiativbewerbung/,2026-04-03,2026-04-25,"karlsruhe@sfw-arbeitsrecht.de, landau@sfw-arbeitsrecht.de, pforzheim@sfw-arbeitsrecht.de, ludwigshafen@sfw-arbeitsrecht.de"
TOP ADAC Anwältin Isabel Leppert ᐅ Rechtsanwältin und Fachanwältin für Verkehrsrecht,Fachanwalt Verkehrsrecht,Zentrale/Unbekannt,,2026-04-03,2026-04-19,
ilex Rechtsanwälte,Rechtsanwalt (m/w/d),Berlin,https://www.ilex-recht.de/nachricht-im-detail/stellenangebot-rechtsanwalt-m-w-d-potsdam-nahe-berlin.html,2026-04-03,2026-04-25,karriere@ilex-recht.de
ilex Rechtsanwälte,Rechtsanwaltsfachangestellte (m/w/d),Potsdam,https://www.ilex-recht.de/nachricht-im-detail/stellenangebot-rechtsanwaltsfachangestellte.html,2026-04-03,2026-04-25,potsdam@ilex-recht.de
Sozietät Hövelmann,Steuerfachangestellte/n,Recklinghausen,https://www.karriere-sozietaethoevelmann.de/karriere/,2026-04-03,2026-04-19,kontakt@sozietaet-hoevelmann.de
Brenninger Welnhofer Riedel & Partner Rechtsanwälte,Rechtsreferendare m/w/d,Regensburg,https://www.bwr-partner.de/rechtsanwalt-regensburg/stellenangebote/,2026-04-03,2026-04-25,riedel@bwr-partner.de
Dr. Matthias Ruckdäschel - Kanzlei Schlachter und Kollegen,Rechtsanwalt / Rechtsanwältin (m/w/d),Regensburg,https://www.schlachter-kollegen.de/kanzlei-regensburg/karriere/rechtsanwalt-rechtsanwaltin/,2026-04-03,2026-04-25,
Rechtsanwälte WILFURTH & KOLLEGEN,Auszubildende/n zum/zur Rechtsanwaltsfachangestellten (m/w/d),Regensburg,http://www.wilfurth.de/karriere,2026-04-03,2026-04-25,
Eroes & Kollegen Rechtsanwälte / Fachanwälte,Referendariat und praktische Studienzeit,Regensburg,https://rechtsanwalt-eroes.de/karriere-jobs/,2026-04-03,2026-04-19,info@rechtsanwalt-eroes.de
Dr. Meisl RECHTSANWÄLTE GmbH & Co. KG,Stellenangebot Rechtsanwalt / Volljurist (m/w/d),Regensburg,https://www.meisl-rechtsanwaelte.de/stellenangebot-rechtsanwalt/,2026-04-03,2026-04-25,info@meisl-rechtsanwaelte.de
Dr. Meisl RECHTSANWÄLTE GmbH & Co. KG,Stellenangebot Auszubildende/n zum/zur Rechtsanwaltsfachangestellten (m/w/d),Regensburg,https://www.meisl-rechtsanwaelte.de/stellenangebot-auszubildung/,2026-04-03,2026-04-25,info@meisl-rechtsanwaelte.de
Rechtsanwälte Maar & Kollegen,Juristische Studierende / wissenschaftliche Mitarbeitende (m/w/d),Regensburg,https://www.raemaar.de/Kanzleiteam/stellenangebote.html,2026-04-03,2026-04-19,info@raemaar.de
Fritz & Partner mbB Rechtsanwälte,Rechtsanwaltsfachangestellter (m/w/d) in Vollzeit,Regensburg,https://fritzundpartner.com/karriere/,2026-04-03,2026-04-19,bewerbung@fritzundpartner.com
Rechtsanwältin Verena Bolten,Auszubildender (m/w/d) zum/zur Rechtsanwaltsangestellten,Remscheid,http://www.kanzlei-bolten.de/Stellenangebote/index.html,2026-04-03,2026-04-19,info@kanzlei-bolten.de
"Dr. Braitinger, Dr. in der Stroth, Lenz",Rechtsanwaltsfachangestellte/n und/oder Sekretär/in (m/w/d),Reutlingen,https://www.braitinger-kollegen.de/karriere/,2026-04-03,2026-04-19,mail@braitinger-kollegen.de
Dr. Kroll & Partner - Law firm Reutlingen,Rechtsanwältinnen/Rechtsanwälte,Reutlingen,http://www.kp-recht.de/karriere/rechtsanwaeltinnen/rechtsanwaelte,2026-04-03,2026-04-25,
Dr. Kroll & Partner - Law firm Reutlingen,Rechtsanwältinnen/Rechtsanwälte,Tübingen,http://www.kp-recht.de/karriere/rechtsanwaeltinnen/rechtsanwaelte,2026-04-03,2026-04-25,
Dr. Kroll & Partner - Law firm Reutlingen,Rechtsanwältinnen/Rechtsanwälte,Balingen,http://www.kp-recht.de/karriere/rechtsanwaeltinnen/rechtsanwaelte,2026-04-03,2026-04-25,
Dr. Kroll & Partner - Law firm Reutlingen,Rechtsanwältinnen/Rechtsanwälte,Stuttgart,http://www.kp-recht.de/karriere/rechtsanwaeltinnen/rechtsanwaelte,2026-04-03,2026-04-25,
Dr. Kroll & Partner - Law firm Reutlingen,Rechtsanwältinnen/Rechtsanwälte,Rottweil,http://www.kp-recht.de/karriere/rechtsanwaeltinnen/rechtsanwaelte,2026-04-03,2026-04-25,
Dr. Kroll & Partner - Law firm Reutlingen,Rechtsanwaltsfachangestellte/er,Reutlingen,http://www.kp-recht.de/karriere/rechtsanwaltsfachangestellte/er,2026-04-03,2026-04-25,
Dr. Kroll & Partner - Law firm Reutlingen,Rechtsanwaltsfachangestellte/er,Tübingen,http://www.kp-recht.de/karriere/rechtsanwaltsfachangestellte/er,2026-04-03,2026-04-25,
Dr. Kroll & Partner - Law firm Reutlingen,Rechtsanwaltsfachangestellte/er,Balingen,http://www.kp-recht.de/karriere/rechtsanwaltsfachangestellte/er,2026-04-03,2026-04-25,
Dr. Kroll & Partner - Law firm Reutlingen,Rechtsanwaltsfachangestellte/er,Stuttgart,http://www.kp-recht.de/karriere/rechtsanwaltsfachangestellte/er,2026-04-03,2026-04-25,
Dr. Kroll & Partner - Law firm Reutlingen,Rechtsanwaltsfachangestellte/er,Rottweil,http://www.kp-recht.de/karriere/rechtsanwaltsfachangestellte/er,2026-04-03,2026-04-25,
Dr. Kroll & Partner - Law firm Reutlingen,"Ausbildung, Praktikum & Referendariat",Reutlingen,http://www.kp-recht.de/karriere/ausbildung-und-praktikum,2026-04-03,2026-04-25,
Dr. Kroll & Partner - Law firm Reutlingen,"Ausbildung, Praktikum & Referendariat",Tübingen,http://www.kp-recht.de/karriere/ausbildung-und-praktikum,2026-04-03,2026-04-25,
Dr. Kroll & Partner - Law firm Reutlingen,"Ausbildung, Praktikum & Referendariat",Balingen,http://www.kp-recht.de/karriere/ausbildung-und-praktikum,2026-04-03,2026-04-25,
Dr. Kroll & Partner - Law firm Reutlingen,"Ausbildung, Praktikum & Referendariat",Stuttgart,http://www.kp-recht.de/karriere/ausbildung-und-praktikum,2026-04-03,2026-04-25,
Dr. Kroll & Partner - Law firm Reutlingen,"Ausbildung, Praktikum & Referendariat",Rottweil,http://www.kp-recht.de/karriere/ausbildung-und-praktikum,2026-04-03,2026-04-25,
Geiersberger Glas & Partner mbB Rechtsanwälte Rostock,Rechtsanwalt für Verwaltungsrecht (m/w/d),Rostock,https://www.geiersberger.de/karriere-rechtsanwaelte.htm,2026-04-03,2026-04-25,karriere@geiersberger.de
Geiersberger Glas & Partner mbB Rechtsanwälte Rostock,Rechtsanwalt für Verwaltungsrecht (m/w/d),Schwerin,https://www.geiersberger.de/karriere-rechtsanwaelte.htm,2026-04-03,2026-04-25,karriere@geiersberger.de
Geiersberger Glas & Partner mbB Rechtsanwälte Rostock,Rechtsanwalt für Arbeitsrecht (m/w/d),Rostock,https://www.geiersberger.de/karriere-rechtsanwaelte2.htm,2026-04-03,2026-04-25,karriere@geiersberger.de
Geiersberger Glas & Partner mbB Rechtsanwälte Rostock,Rechtsanwalt für Arbeitsrecht (m/w/d),Schwerin,https://www.geiersberger.de/karriere-rechtsanwaelte2.htm,2026-04-03,2026-04-25,karriere@geiersberger.de
KSME Rechtsanwälte,Rechtsanwalt (m/w/d) in Rostock,Rostock,https://www.ksme-rechtsanwaelte.de/job/rechtsanwalt-m-w-d-in-rostock/,2026-04-03,2026-04-25,
KSME Rechtsanwälte,Rechtsanwalt m/w/d in Schwerin,Schwerin,https://www.ksme-rechtsanwaelte.de/job/rechtsanwalt-m-w-d-in-schwerin/,2026-04-03,2026-04-25,
KSME Rechtsanwälte,Referendar / Referendarin (Schwerin und Rostock),Schwerin,https://www.ksme-rechtsanwaelte.de/job/referendar-referendarin/,2026-04-03,2026-04-25,
KSME Rechtsanwälte,Referendar / Referendarin (Schwerin und Rostock),Rostock,https://www.ksme-rechtsanwaelte.de/job/referendar-referendarin/,2026-04-03,2026-04-25,
KSME Rechtsanwälte,"Steuerfachangestellte, Steuerfachwirte oder Bilanzbuchhalter",Schwerin,https://www.ksme-rechtsanwaelte.de/job/steuerfachangestellte-steuerfachwirte-oder-bilanzbuchhalter/,2026-04-03,2026-04-25,
Cordes & Wessel - Kanzlei für Steuerrecht und Steuerberatung,Steuerfachangestellte,Rostock - Warnemünde,https://www.cordes-wessel.de/team-und-karriere,2026-04-03,2026-04-25,kanzlei@cordes-wessel.de
Cordes & Wessel - Kanzlei für Steuerrecht und Steuerberatung,Auszubildende,Rostock - Warnemünde,https://www.cordes-wessel.de/team-und-karriere,2026-04-03,2026-04-25,kanzlei@cordes-wessel.de
DURY LEGAL Rechtsanwälte - Saarbrücken - Markenrecht - IT-Recht - Urheberrecht - Wettbewerbsrecht - Lebensmittelrecht,Angestellter Rechtsanwalt (m/w/d) - Associate - Markenrecht - IT-Recht - Saarbrücken,Saarbrücken,http://www.dury.de/stellenanzeigen/747-rechtsanwalt-rechtsanwaeltin-volljurist-associate-m-w-d,2026-04-03,2026-04-19,bewerbungen@dury.de
DURY LEGAL Rechtsanwälte - Saarbrücken - Markenrecht - IT-Recht - Urheberrecht - Wettbewerbsrecht - Lebensmittelrecht,Referendare (m/w/d) - Anwaltsstation / Wahlstation,Frankfurt a.M.,http://www.dury.de/stellenanzeigen/264-referendar-m-w,2026-04-03,2026-04-19,bewerbungen@dury.de
DURY LEGAL Rechtsanwälte - Saarbrücken - Markenrecht - IT-Recht - Urheberrecht - Wettbewerbsrecht - Lebensmittelrecht,"Wissenschaftliche Mitarbeiter - Werkstudenten (m/w/d) - Online-Recht, Datenschutzrecht, Legal-Tech",Frankfurt a.M.,http://www.dury.de/stellenanzeigen/371-wissenschaftliche-mitarbeiter-m-w,2026-04-03,2026-04-19,bewerbungen@dury.de
WAGNER Lawyers Webvocat Partnership,Markenassistent/in Patentreferent/in Quereinsteiger/in (m/w/d),Saarbrücken,https://webvocat.de/karriere/patentreferent/,2026-04-03,2026-04-19,wagner@webvocat.de
ATN D’Avoine Teubler Neu Rechtsanwälte,Eine/n Steuerfachangestellte(r) / Finanzbuchhalter(in) – Insolvenzbuchhaltung (m/w/d),Remscheid,https://www.atn-ra.de/kanzlei/karriere/steuerfachangestellter-finanzbuchhalterin-insolvenzbuchhaltung-m-w-d/,2026-04-03,2026-04-25,bewerbung@atn-ra.de
ATN D’Avoine Teubler Neu Rechtsanwälte,Eine/n Rechtsanwaltsfachangestellten (m/w/d),Remscheid,https://www.atn-ra.de/kanzlei/karriere/eine-n-rechtsanwaltsfachangestellte-n-m-w-d/,2026-04-03,2026-04-25,bewerbung@atn-ra.de
ATN D’Avoine Teubler Neu Rechtsanwälte,Eine/n Rechtsanwaltsfachangestellten (m/w/d),Köln,https://www.atn-ra.de/kanzlei/karriere/eine-n-rechtsanwaltsfachangestellte-n-m-w-d/,2026-04-03,2026-04-25,bewerbung@atn-ra.de
TOP ADAC Anwalt Robert Kersting ᐅ Rechtsanwalt und Fachanwalt für Verkehrsrecht,Fachanwalt Verkehrsrecht,Zentrale/Unbekannt,,2026-04-03,2026-04-25,
"Rechtsanwälte Lauterbach Jansen Lauterbach - Verkehrsrecht, Arbeitsrecht, Strafrecht",Ausbildungsplatz,Solingen,http://www.lauterbach-jansen.de/index.php/kanzlei/ausbildung,2026-04-03,2026-04-25,
"Rechtsanwälte Lauterbach Jansen Lauterbach - Verkehrsrecht, Arbeitsrecht, Strafrecht",Referendarsplatz,Solingen,http://www.lauterbach-jansen.de/index.php/kanzlei/ausbildung,2026-04-03,2026-04-25,
NANN Rechtsanwälte Fachanwälte,Rechtsanwalt/Rechtsanwältin (w/m/d),Stuttgart,https://nannrae.de/karriere/,2026-04-03,2026-04-25,info@nannrae.de
NANN Rechtsanwälte Fachanwälte,Rechtsanwaltsfachangestellte/r (w/m/d),Stuttgart,https://nannrae.de/karriere/,2026-04-03,2026-04-25,info@nannrae.de
DORNKAMP Rechtsanwälte PartGmbB,Praktikum / Praxissemester,Stuttgart,https://www.dornkamp.com/karriere/,2026-04-03,2026-04-19,bewerbung@dornkamp.de
DORNKAMP Rechtsanwälte PartGmbB,Praktikum / Praxissemester,Heidelberg,https://www.dornkamp.com/karriere/,2026-04-03,2026-04-19,bewerbung@dornkamp.de
DORNKAMP Rechtsanwälte PartGmbB,Praktikum / Praxissemester,Berlin,https://www.dornkamp.com/karriere/,2026-04-03,2026-04-19,bewerbung@dornkamp.de
DORNKAMP Rechtsanwälte PartGmbB,Referendariat,Stuttgart,https://www.dornkamp.com/karriere/,2026-04-03,2026-04-25,bewerbung@dornkamp.de
DORNKAMP Rechtsanwälte PartGmbB,Referendariat,Heidelberg,https://www.dornkamp.com/karriere/,2026-04-03,2026-04-25,bewerbung@dornkamp.de
DORNKAMP Rechtsanwälte PartGmbB,Referendariat,Berlin,https://www.dornkamp.com/karriere/,2026-04-03,2026-04-25,bewerbung@dornkamp.de
RA 0711 Rechtsanwälte Stuttgart Sauer + Partner,Fachanwälte m/w/d für Erbrecht,Stuttgart,http://www.ra0711.de/karriere/,2026-04-03,2026-04-19,info@ra0711.de
RA 0711 Rechtsanwälte Stuttgart Sauer + Partner,Rechtsanwaltsfachangestellte (m/w/d) gerne auch als Büroleitung in Voll- oder Teilzeit,Stuttgart,http://www.ra0711.de/karriere/,2026-04-03,2026-04-19,info@ra0711.de
Rechtsanwälte Dres. Ulmschneider & Partner,Auszubildende(n) zum/zur Rechtsanwaltsfachangestellten,Stuttgart,https://stuttgart-anwalt.com/karriere/,2026-04-03,2026-04-25,bewerbung@stuttgart-anwalt.com
von Buttlar Rechtsanwälte,Rechtsanwaltsfachangestellte / Rechtsfachwirtin (m/w/d),Stuttgart,https://vonbuttlar.com/karriere/,2026-04-03,2026-04-25,kanzlei@vonbuttlar.com
vpmk Rechtsanwälte | legal services,Rechtsreferendar:in (m/w/d) für die Anwaltsstation – Schwerpunkt Zivil- und Gesellschaftsrecht mit Schnittstellen zum Migrationsrecht – Teilzeit für Stuttgart gesucht,Stuttgart,https://www.vpmk.de/rechtsreferendarin-m-w-d-fuer-die-anwaltsstation-gesucht/,2026-04-03,2026-04-25,
vpmk Rechtsanwälte | legal services,Legal Assistant/Support Lawyer im Bereich Gesellschaftsrecht (m/w/d) – Teilzeit für Stuttgart gesucht,Stuttgart,https://www.vpmk.de/legal-assistant-support-lawyer-im-bereich-gesellschaftsrecht-m-w-d-teilzeit-fuer-stuttgart-gesucht/,2026-04-03,2026-04-25,
vpmk Rechtsanwälte | legal services,Coordinator in Teilzeit oder Vollzeit (m/w/d) für Berlin gesucht,Berlin,https://www.vpmk.de/coordinator-in-teilzeit-oder-vollzeit-m-w-d-fuer-berlin-gesucht/,2026-04-03,2026-04-25,
vpmk Rechtsanwälte | legal services,Legal Assistant/Support Lawyer im Bereich Arbeitsmigrationsrecht (m/w/d) für Stuttgart gesucht,Berlin,https://www.vpmk.de/legal-assistant-support-lawyer-im-bereich-arbeitsmigrationsrecht-m-w-d-fuer-stuttgart-gesucht/,2026-04-03,2026-04-25,
vpmk Rechtsanwälte | legal services,Legal Assistant/Support Lawyer im Bereich Arbeitsmigrationsrecht (m/w/d) für Stuttgart gesucht,Stuttgart,https://www.vpmk.de/legal-assistant-support-lawyer-im-bereich-arbeitsmigrationsrecht-m-w-d-fuer-stuttgart-gesucht/,2026-04-03,2026-04-25,
vpmk Rechtsanwälte | legal services,Coordinator in Teilzeit oder Vollzeit (m/w/d) für Hilfstätigkeit in international tätiger Kanzlei gesucht,Stuttgart,https://www.vpmk.de/coordinator-in-teilzeit-oder-vollzeit-m-w-d-fuer-hilfstaetigkeit-in-international-taetiger-kanzlei-gesucht/,2026-04-03,2026-04-25,
vpmk Rechtsanwälte | legal services,Coordinator in Teilzeit oder Vollzeit (m/w/d) für Hilfstätigkeit in international tätiger Kanzlei gesucht,Berlin,https://www.vpmk.de/coordinator-in-teilzeit-oder-vollzeit-m-w-d-fuer-hilfstaetigkeit-in-international-taetiger-kanzlei-gesucht/,2026-04-03,2026-04-25,
vpmk Rechtsanwälte | legal services,Referendarinnen/Referendare im Bereich (Arbeits-) Migrationsrecht/ Allgemeines Migrationsrecht gesucht,Berlin,https://www.vpmk.de/referendarinnen-referendare-gesucht/,2026-04-03,2026-04-25,
vpmk Rechtsanwälte | legal services,Referendarinnen/Referendare im Bereich (Arbeits-) Migrationsrecht/ Allgemeines Migrationsrecht gesucht,Stuttgart,https://www.vpmk.de/referendarinnen-referendare-gesucht/,2026-04-03,2026-04-25,
Dr. Baur Rechtsanwälte,Anwaltssekretariat (m/w/d),Stuttgart,https://onepage.io/,2026-04-03,2026-04-25,
Dr. Baur Rechtsanwälte,Initiativbewerbung (m/w/d),Stuttgart,https://onepage.io/,2026-04-03,2026-04-25,
Klemm & Wolfgramm & Kollegen,Rechtsanwalt (m/w/d) in Voll- oder Teilzeit,Stuttgart,https://anwaltskanzlei-kwk.de/rechtsanwalt-m-w-d-jobs/,2026-04-03,2026-04-25,
Klemm & Wolfgramm & Kollegen,Rechtsanwaltsfachangestellte/r (m/w/d) in Voll- oder Teilzeit,Stuttgart,https://anwaltskanzlei-kwk.de/rechtsanwaltsfachangestellte-r-m-w-d/,2026-04-03,2026-04-25,
Klemm & Wolfgramm & Kollegen,Ausbildung zur/zum ReFa (m/w/d),Stuttgart,https://anwaltskanzlei-kwk.de/ausbildung-zum-zur-rechtsanwaltsfachangestellten-m-w-d/,2026-04-03,2026-04-25,
Reith Neumahr lawyers and notaries,Rechtsanwalt/Rechtsanwältin,Tuttlingen,http://www.rlg-law.de/downloads/karriere/RLG_AZ_RA_2108.pdf?c=1,2026-04-03,2026-04-25,stg@rlg-law.de
Reith Neumahr lawyers and notaries,Rechtsanwaltsfachangestellte/r,Tuttlingen,http://www.rlg-law.de/downloads/karriere/RLG_AZ_211215.pdf?c=1,2026-04-03,2026-04-25,stg@rlg-law.de
Reith Neumahr lawyers and notaries,Notarfachangestellte/r / Notarfachwirt/in,Zentrale/Unbekannt,http://www.rlg-law.de/downloads/karriere/RLG_AZ_2001_NFA.pdf?c=1,2026-04-03,2026-04-25,stg@rlg-law.de
Reith Neumahr lawyers and notaries,Notarfachangestellte/r (m/w/d) (Berufseinsteiger),Zentrale/Unbekannt,http://www.rlg-law.de/downloads/karriere/RLG_AZ_2203_NFA.pdf?c=1,2026-04-03,2026-04-25,stg@rlg-law.de
Dr. Kroll & Partner Rechtsanwälte mbB,Rechtsanwältinnen/Rechtsanwälte,Reutlingen,http://www.kp-recht.de/karriere/rechtsanwaeltinnen/rechtsanwaelte,2026-04-03,2026-04-25,
Dr. Kroll & Partner Rechtsanwälte mbB,Rechtsanwältinnen/Rechtsanwälte,Tübingen,http://www.kp-recht.de/karriere/rechtsanwaeltinnen/rechtsanwaelte,2026-04-03,2026-04-25,
Dr. Kroll & Partner Rechtsanwälte mbB,Rechtsanwältinnen/Rechtsanwälte,Balingen,http://www.kp-recht.de/karriere/rechtsanwaeltinnen/rechtsanwaelte,2026-04-03,2026-04-25,
Dr. Kroll & Partner Rechtsanwälte mbB,Rechtsanwältinnen/Rechtsanwälte,Stuttgart,http://www.kp-recht.de/karriere/rechtsanwaeltinnen/rechtsanwaelte,2026-04-03,2026-04-25,
Dr. Kroll & Partner Rechtsanwälte mbB,Rechtsanwältinnen/Rechtsanwälte,Rottweil,http://www.kp-recht.de/karriere/rechtsanwaeltinnen/rechtsanwaelte,2026-04-03,2026-04-25,
Dr. Kroll & Partner Rechtsanwälte mbB,Rechtsanwaltsfachangestellte/er,Reutlingen,http://www.kp-recht.de/karriere/rechtsanwaltsfachangestellte/er,2026-04-03,2026-04-25,
Dr. Kroll & Partner Rechtsanwälte mbB,Rechtsanwaltsfachangestellte/er,Tübingen,http://www.kp-recht.de/karriere/rechtsanwaltsfachangestellte/er,2026-04-03,2026-04-25,
Dr. Kroll & Partner Rechtsanwälte mbB,Rechtsanwaltsfachangestellte/er,Balingen,http://www.kp-recht.de/karriere/rechtsanwaltsfachangestellte/er,2026-04-03,2026-04-25,
Dr. Kroll & Partner Rechtsanwälte mbB,Rechtsanwaltsfachangestellte/er,Stuttgart,http://www.kp-recht.de/karriere/rechtsanwaltsfachangestellte/er,2026-04-03,2026-04-25,
Dr. Kroll & Partner Rechtsanwälte mbB,Rechtsanwaltsfachangestellte/er,Rottweil,http://www.kp-recht.de/karriere/rechtsanwaltsfachangestellte/er,2026-04-03,2026-04-25,
Dr. Kroll & Partner Rechtsanwälte mbB,"Ausbildung, Praktikum & Referendariat",Reutlingen,http://www.kp-recht.de/karriere/ausbildung-und-praktikum,2026-04-03,2026-04-25,
Dr. Kroll & Partner Rechtsanwälte mbB,"Ausbildung, Praktikum & Referendariat",Tübingen,http://www.kp-recht.de/karriere/ausbildung-und-praktikum,2026-04-03,2026-04-25,
Dr. Kroll & Partner Rechtsanwälte mbB,"Ausbildung, Praktikum & Referendariat",Balingen,http://www.kp-recht.de/karriere/ausbildung-und-praktikum,2026-04-03,2026-04-25,
Dr. Kroll & Partner Rechtsanwälte mbB,"Ausbildung, Praktikum & Referendariat",Stuttgart,http://www.kp-recht.de/karriere/ausbildung-und-praktikum,2026-04-03,2026-04-25,
Dr. Kroll & Partner Rechtsanwälte mbB,"Ausbildung, Praktikum & Referendariat",Rottweil,http://www.kp-recht.de/karriere/ausbildung-und-praktikum,2026-04-03,2026-04-25,
Brennecke & Partner Rechtsanwälte Stuttgart,Nebenjob für Jurastudenten auf Minijob-Basis aus Homeoffice,Homeoffice,https://www.brennecke-rechtsanwaelte.de/Nebenjob-fuer-Jurastudenten-auf-Minijob-Basis-aus-Homeoffice_202084,2026-04-03,2026-04-25,kontakt@fasp.de
Brennecke & Partner Rechtsanwälte Stuttgart,Stellenangebot: Rechtsanwaltsfachangestellte(r) in München oder Homeoffice,Homeoffice,https://www.brennecke-rechtsanwaelte.de/Stellenangebot-Rechtsanwaltsfachangestellter-in-Muenchen-oder-Homeoffice_209499,2026-04-03,2026-04-25,kontakt@fasp.de
Dr. Jörg Schaible,Notarfachangestellten / Notarfachassistenten (m/w/d) / Notarfachwirt (m/w/d) in Voll- oder Teilzeit (mind. 30 Std./Woche),Stuttgart-Feuerbach,https://hsgb-anwaelte.de/karriere/stellenanzeige-notarfachangestellte-r,2026-04-03,2026-04-19,
"esb Rechtsanwälte Emmert, Strewe, Buck, Bücking, Speichert Partnerschaft",Rechtsanwältin / Wirtschaftsjuristin (m/w/d),Dresden,https://www.kanzlei.de/karriere/rechtsanwaeltin-m-w-d-in-dresden-gesucht,2026-04-03,2026-04-25,
"esb Rechtsanwälte Emmert, Strewe, Buck, Bücking, Speichert Partnerschaft",Rechtsanwalt (m/w/d),Stuttgart,https://www.kanzlei.de/karriere/rechtsanwalt-in-stuttgart-gesucht,2026-04-03,2026-04-25,
"esb Rechtsanwälte Emmert, Strewe, Buck, Bücking, Speichert Partnerschaft",Rechtsreferendare (m/w/d),Dresden,https://www.kanzlei.de/karriere/rechtsreferendare-in-dresden-gesucht,2026-04-03,2026-04-25,
medavo GmbH Rechtsanwaltsgesellschaft,Rechtsanwalt (m/w/d) mit Schwerpunkt Zivilprozess- oder Medizinrecht in Voll- oder Teilzeit,Stuttgart,http://www.medavo.de/karriere?view=article&id=158:rechtsanwalt-mit-schwerpunkt-zivilprozess-oder-medizinrecht&catid=12#section-bewerbung,2026-04-03,2026-04-25,
medavo GmbH Rechtsanwaltsgesellschaft,Rechtsreferendar/-in (m/w/d),Stuttgart,http://www.medavo.de/karriere?view=article&id=104:rechtsreferendar-in-m-w-d&catid=12#section-bewerbung,2026-04-03,2026-04-25,
medavo GmbH Rechtsanwaltsgesellschaft,Rechtsanwaltsfachangestellte/r - Sachbearbeiter/-in Forderungsbeitreibung/Inkasso (m/w/d),Stuttgart,http://www.medavo.de/karriere?view=article&id=97:sachbearbeiter-in-m-w-d-forderungsbeitreibung-inkasso&catid=12#section-bewerbung,2026-04-03,2026-04-25,
medavo GmbH Rechtsanwaltsgesellschaft,Ausbildung als Rechtsanwaltsfachangestellte(r) (m/w/d),Stuttgart,http://www.medavo.de/karriere?view=article&id=94:auszubildende-rechtsanwaltsfachangestellte-m-w-d&catid=12#section-bewerbung,2026-04-03,2026-04-25,
medavo GmbH Rechtsanwaltsgesellschaft,Rechtsanwalt / Rechtsanwältin,Stuttgart,http://www.medavo.de/karriere?view=article&id=27:rechtsanwalt-rechtsanwaeltin&catid=12#section-bewerbung,2026-04-03,2026-04-25,
Breyer Rechtsanwälte,"Rechtsanwalt (m/w/d) für die Bereiche privates Bau- und Architektenrecht, Vergaberecht, Immobilienwirtschaftsrecht",Stuttgart,https://breyer-rechtsanwaelte.de/stellenangebot/rechtsanwalt-m-w-d-fuer-die-bereiche-privates-bau-und-architektenrecht-vergaberecht-immobilienwirtschaftsrecht/,2026-04-03,2026-04-25,
Breyer Rechtsanwälte,"Rechtsanwalt (m/w/d) für die Bereiche privates Bau- und Architektenrecht, Immobilienwirtschaftsrecht",Frankfurt,https://breyer-rechtsanwaelte.de/stellenangebot/rechtsanwalt-m-w-d-fuer-die-bereiche-privates-bau-und-architektenrecht-immobilienwirtschaftsrecht/,2026-04-03,2026-04-25,
Breyer Rechtsanwälte,"Rechtsanwalt (m/w/d) für die Bereiche privates Bau- und Architektenrecht, Vergaberecht, Immobilienwirtschaftsrecht",München,https://breyer-rechtsanwaelte.de/stellenangebot/rechtsanwalt-m-w-d-fuer-die-bereiche-privates-bau-und-architektenrecht-vergaberecht-immobilienwirtschaftsrecht-2/,2026-04-03,2026-04-25,
Breyer Rechtsanwälte,"Rechtsanwalt (m/w/d) für die Bereiche privates Bau- und Architektenrecht, Vergaberecht, Immobilienwirtschaftsrecht",Berlin,https://breyer-rechtsanwaelte.de/stellenangebot/rechtsanwalt-m-w-d-fuer-die-bereiche-privates-bau-und-architektenrecht-vergaberecht-immobilienwirtschaftsrecht-3/,2026-04-03,2026-04-25,
VON THUNEN,Notarfachangestellter / Notarassistent / Notarfachwirt (m/w/d),Bielefeld,https://www.vonthunen.de/wp-content/uploads/2024/08/Stellenanzeige-Notarassistenz-2.pdf,2026-04-03,2026-04-25,
VON THUNEN,Mitarbeiter Notariat (m/w/d) – Quereinstieg mit Studium,Bielefeld,https://www.vonthunen.de/wp-content/uploads/2024/08/91001090-1-Stellenanzeige.pdf,2026-04-03,2026-04-25,
VON THUNEN,Steuerberater(in)/Rechtsanwalt (-wältin),Bielefeld,https://www.vonthunen.de/wp-content/uploads/2021/06/Stellenanzeige-von-Thunen-Anwalt.pdf,2026-04-03,2026-04-25,
VON THUNEN,Steuerberater(in)/Rechtsanwalt (-wältin),Stuttgart,https://www.vonthunen.de/wp-content/uploads/2021/06/Stellenanzeige-von-Thunen-Anwalt.pdf,2026-04-03,2026-04-25,
VON THUNEN,Referendariat,Bielefeld,https://www.vonthunen.de/wp-content/uploads/2026/03/Stellenanzeige-Referendare-1.pdf,2026-04-03,2026-04-25,
VON THUNEN,Referendariat,Stuttgart,https://www.vonthunen.de/wp-content/uploads/2026/03/Stellenanzeige-Referendare-1.pdf,2026-04-03,2026-04-25,
Rechtsanwälte Haufs-Brusberg & Kollegen GbR,RECHTSANWALTSFACHANGESTELLTE/R,Trier,http://www.haufs-brusberg.de/mehr/karriere,2026-04-03,2026-04-25,
"Weber, Knaier, Hörmann - Rechtsanwälte",Rechtsanwalt/Rechtsanwältin (m/w/d),Ehingen,https://www.kanzlei-wsk.de/karriere/,2026-04-03,2026-04-25,info@kanzlei-wsk.de
"Weber, Knaier, Hörmann - Rechtsanwälte",Rechtsanwaltsfachangestellten (m/w/d),Ehingen,https://www.kanzlei-wsk.de/karriere/,2026-04-03,2026-04-25,info@kanzlei-wsk.de
"Weber, Knaier, Hörmann - Rechtsanwälte",Ausbildung zur/zum Rechtsanwaltsfachangestellten (m/w/d),Ehingen,https://www.kanzlei-wsk.de/karriere/,2026-04-03,2026-04-25,info@kanzlei-wsk.de
"Dr. Doganay & Doganay, Notare - Rechtsanwälte - Fachanwälte",Rechtsanwalt (m/w/d),Wiesbaden,https://www.kanzlei-doganay.de/rechtsanwalt-m-w-d-in-wiesbaden/,2026-04-03,2026-04-19,info@kanzlei-doganay.de
"Dr. Doganay & Doganay, Notare - Rechtsanwälte - Fachanwälte",Notarfachangestellter (m/w/d),Wiesbaden,https://www.kanzlei-doganay.de/notarfachangestellter-m-w-d-in-wiesbaden/,2026-04-03,2026-04-19,info@kanzlei-doganay.de
"Dr. Doganay & Doganay, Notare - Rechtsanwälte - Fachanwälte",Auszubildender zum Notarfachangestellten (m/w/d),Wiesbaden,https://www.kanzlei-doganay.de/auszubildender-zum-notarfachangestellten-m-w-d-in-wiesbaden/,2026-04-03,2026-04-19,info@kanzlei-doganay.de
"Dr. Doganay & Doganay, Notare - Rechtsanwälte - Fachanwälte",Auszubildender zum Rechtsanwaltsfachangestellten (m/w/d),Wiesbaden,https://www.kanzlei-doganay.de/auszubildender-zum-rechtsanwaltsfachangestellten-m-w-d-in-wiesbaden/,2026-04-03,2026-04-19,info@kanzlei-doganay.de
"Dr. Doganay & Doganay, Notare - Rechtsanwälte - Fachanwälte",Rechtsanwaltsfachangestellter (m/w/d),Wiesbaden,https://www.kanzlei-doganay.de/rechtsanwaltsfachangestellter-m-w-d-in-wiesbaden/,2026-04-03,2026-04-19,info@kanzlei-doganay.de
WALTER Rechtsanwälte,Rechtsreferendar /-in,Wiesbaden,https://www.anwalt-wiesbaden.de/kanzlei/jobs/,2026-04-03,2026-04-25,mail@anwalt-wiesbaden.de
Ritter und Spreter | Rechtsanwälte & Notar,Rechtsanwaltsfachangestellte (REFA),Wiesbaden,https://www.krs-recht.de/#team,2026-04-03,2026-04-25,info@krs-recht.de
Ritter und Spreter | Rechtsanwälte & Notar,Notarfachangestellte (NOFA),Wiesbaden,https://www.krs-recht.de/#team,2026-04-03,2026-04-25,info@krs-recht.de
VÖGLER & VÖGLER Steuerberater-Kanzlei,Steuerfachangestellte/r (m/w/d) - Buchhalter/in,Wuppertal,https://join.com/companies/voegler-steuerberater/7897796-steuerfachangestellte-r-m-w-d-buchhalter-in?widgetv2=true&pid=d73d1a20e99ab4ced633,2026-04-03,2026-04-25,
VÖGLER & VÖGLER Steuerberater-Kanzlei,Steuerfachwirt (m/w/d) - Bilanzbuchhalter/in,Wuppertal,https://join.com/companies/voegler-steuerberater/7831670-steuerfachwirt-m-w-d-bilanzbuchhalter-in?widgetv2=true&pid=d73d1a20e99ab4ced633,2026-04-03,2026-04-25,
Rechtsanwälte Steinbock & Partner | Würzburg,Steuerberater/in in Vollzeit,Bundesweit,https://www.steinbock-partner.de/stellenangebote/,2026-04-03,2026-04-25,info@steinbock-partner.de
Rechtsanwälte Steinbock & Partner | Würzburg,Rechtsanwaltsfachangestellte/r in Würzburg,Würzburg,https://www.steinbock-partner.de/stellenangebote/,2026-04-03,2026-04-25,info@steinbock-partner.de
Rechtsanwaltskanzlei Dr. Herzog & Kollegen GbR,Rechtsanwaltsfachangestellte (m/w/d),Kitzingen,https://www.jus-plus.de/kanzlei/karriere.html,2026-04-03,2026-04-25,info@jus-plus.de
Rechtsanwaltskanzlei Dr. Herzog & Kollegen GbR,Rechtsanwaltsfachangestellte (m/w/d),Schweinfurt,https://www.jus-plus.de/kanzlei/karriere.html,2026-04-03,2026-04-25,info@jus-plus.de
Rechtsanwaltskanzlei Dr. Herzog & Kollegen GbR,Referendariat (m/w/d),Kitzingen,https://www.jus-plus.de/kanzlei/karriere.html,2026-04-03,2026-04-25,info@jus-plus.de
Rechtsanwaltskanzlei Dr. Herzog & Kollegen GbR,Referendariat (m/w/d),Schweinfurt,https://www.jus-plus.de/kanzlei/karriere.html,2026-04-03,2026-04-25,info@jus-plus.de
Rechtsanwälte Wagner + Gräf,Rechtsanwalt (m/w/d),Würzburg,https://www.unsere-kanzlei.de/karriere/,2026-04-03,2026-04-25,info@unsere-kanzlei.de
"Rechtsanwälte Dr. Vocke, Winter & Partner mbB",Rechtsanwaltsfachangestellte,Würzburg,https://www.rae-vocke.de/,2026-04-03,2026-04-25,
"Rechtsanwälte Dr. Vocke, Winter & Partner mbB",Ausbildung zum/zur Rechtsanwaltsfachangestellten,Würzburg,https://www.rae-vocke.de/,2026-04-03,2026-04-25,
Cornea Franz Rechtsanwälte Partnerschaft MBB,Rechtsanwalt (m/w/d) Verkehrsrecht,Würzburg,https://www.cornea-franz.de/job-rechtsanwalt-verkehrsrecht/,2026-04-03,2026-04-19,bewerbung@cornea-franz.de
Cornea Franz Rechtsanwälte Partnerschaft MBB,Rechtsanwaltsfachangestellte (m/w/d),Würzburg,https://www.cornea-franz.de/rechtsanwaltsfachangestellte-wuerzburg/,2026-04-03,2026-04-25,bewerbung@cornea-franz.de
Cornea Franz Rechtsanwälte Partnerschaft MBB,Rechtsanwalt (m/w/d) Familienrecht,Würzburg,https://www.cornea-franz.de/job-rechtsanwalt-familienrecht-wuerzburg/,2026-04-03,2026-04-19,bewerbung@cornea-franz.de
Cornea Franz Rechtsanwälte Partnerschaft MBB,Rechtsanwalt (m/w/d) Wirtschaftsrecht,Fulda,https://www.cornea-franz.de/rechtsanwalt-wirtschaftsrecht-fulda-2/,2026-04-03,2026-04-19,bewerbung@cornea-franz.de
Schlun & Elseven Lawyers,Rechtsanwältin/Rechtsanwalt (m/w/d) für Migrations- und Staatsangehörigkeitsrecht,Aachen,https://se-legal.de/karriere/#stellenanzeigen-ra,2026-04-05,2026-04-24,karriere@se-legal.de
Schlun & Elseven Lawyers,Rechtsanwältin/Rechtsanwalt (m/w/d) für Migrations- und Staatsangehörigkeitsrecht,Köln,https://se-legal.de/karriere/#stellenanzeigen-ra,2026-04-05,2026-04-24,karriere@se-legal.de
Schlun & Elseven Lawyers,Rechtsanwältin/Rechtsanwalt (m/w/d) für Migrations- und Staatsangehörigkeitsrecht,Düsseldorf,https://se-legal.de/karriere/#stellenanzeigen-ra,2026-04-05,2026-04-24,karriere@se-legal.de
Schlun & Elseven Lawyers,Rechtsanwältin/Rechtsanwalt (m/w/d) für Global Mobility,Aachen,https://se-legal.de/karriere/#stellenanzeigen-ra,2026-04-05,2026-04-24,karriere@se-legal.de
Schlun & Elseven Lawyers,Rechtsanwältin/Rechtsanwalt (m/w/d) für Global Mobility,Köln,https://se-legal.de/karriere/#stellenanzeigen-ra,2026-04-05,2026-04-24,karriere@se-legal.de
Schlun & Elseven Lawyers,Rechtsanwältin/Rechtsanwalt (m/w/d) für Global Mobility,Düsseldorf,https://se-legal.de/karriere/#stellenanzeigen-ra,2026-04-05,2026-04-24,karriere@se-legal.de
Schlun & Elseven Lawyers,Rechtsanwältin/Rechtsanwalt (m/w/d) für Gesellschaftsrecht,Aachen,https://se-legal.de/karriere/#stellenanzeigen-ra,2026-04-05,2026-04-24,karriere@se-legal.de
Schlun & Elseven Lawyers,Rechtsanwältin/Rechtsanwalt (m/w/d) für Gesellschaftsrecht,Köln,https://se-legal.de/karriere/#stellenanzeigen-ra,2026-04-05,2026-04-24,karriere@se-legal.de
Schlun & Elseven Lawyers,Rechtsanwältin/Rechtsanwalt (m/w/d) für Gesellschaftsrecht,Düsseldorf,https://se-legal.de/karriere/#stellenanzeigen-ra,2026-04-05,2026-04-24,karriere@se-legal.de
"AIXLAW Rechtsanwälte Speicher,Betzer PartGmbB",Rechtsanwaltsfachangestellte (w/m/d),Aachen,https://aixlaw.de/service/karriere/,2026-04-05,2026-04-24,karriere@aixlaw.de
"AIXLAW Rechtsanwälte Speicher,Betzer PartGmbB",Rechtsreferendare und Referendarinnen,Aachen,https://aixlaw.de/service/karriere/,2026-04-05,2026-04-19,karriere@aixlaw.de
KANZLEI SMAJIC,Praktikumsplatz,Aachen,https://kanzlei-smajic.de/kontakt/,2026-04-05,2026-04-19,info@kanzlei-smajic.de
JuS Lawyers Schloms and partners,Rechtsanwalt / Rechtsanwältin (m/w/d) im Bereich Verkehrsrecht in Voll- oder Teilzeit,Augsburg,https://www.jus-kanzlei.de/jus-karriere/,2026-04-05,2026-04-19,kuehnle@jus-kanzlei.de
JuS Lawyers Schloms and partners,Sachbearbeiter/in (m/w/d) Unfallschadenregulierung in Voll- oder Teilzeit,Augsburg,https://www.jus-kanzlei.de/jus-karriere/,2026-04-05,2026-04-19,bewerbung@jus-kanzlei.de
Ullmann & Rapp Rechtsanwälte Partnerschaftsgesellschaft mbB,Rechtsanwaltsfachangestellte oder Rechtsanwalts- und Notarfachangestellte (ReNo/ReFa – m/w/d),Augsburg,https://ullmann-rapp.de/wp-content/uploads/2025/05/refa-stellenanzeige-06-05-2025.pdf,2026-04-05,2026-04-24,info@ullmann-rapp.de
Yorulmaz & Kollegen,Rechtsanwalt (m/w/d) im Bereich des allgemeinen Zivilrechts und des Verkehrsrechts,Augsburg,https://yo-pa.de/karriere/,2026-04-05,2026-04-19,karriere@yo-pa.de
"Wittig Ünalp Rechtsanwälte - Arbeitsrecht, Versicherungsrecht, Wirtschaftsrecht",(Fach-)Anwältin oder (Fach-)Anwalt für Arbeitsrecht,Zentrale/Unbekannt,https://www.ra-wittig.de/karriere/rechts-fachanwalt-fuer-arbeitsrecht/,2026-04-05,2026-04-24,bewerbung@ra-wittig.de
"Wittig Ünalp Rechtsanwälte - Arbeitsrecht, Versicherungsrecht, Wirtschaftsrecht",(Fach-)Anwältin oder (Fach-)Anwalt für Handels- und Gesellschaftsrecht,Zentrale/Unbekannt,https://wirtschaftsrecht-wittig.de/karriere/rechts-fachanwalt-fuer-handels-gesellschaftsrecht/,2026-04-05,2026-04-24,bewerbung@ra-wittig.de
STEINWACHS Rechtsanwaltskanzlei Berlin Mitte Zentrum,Student / Referendar,Hamburg,https://www.kanzlei-steinwachs.de/karriere/,2026-04-05,2026-04-19,
STEINWACHS Rechtsanwaltskanzlei Berlin Mitte Zentrum,Student / Referendar,Berlin,https://www.kanzlei-steinwachs.de/karriere/,2026-04-05,2026-04-19,
STEINWACHS Rechtsanwaltskanzlei Berlin Mitte Zentrum,Student / Referendar,Bremen,https://www.kanzlei-steinwachs.de/karriere/,2026-04-05,2026-04-19,
STEINWACHS Rechtsanwaltskanzlei Berlin Mitte Zentrum,Student / Referendar,Lübeck,https://www.kanzlei-steinwachs.de/karriere/,2026-04-05,2026-04-19,
STEINWACHS Rechtsanwaltskanzlei Berlin Mitte Zentrum,Student / Referendar,Hannover,https://www.kanzlei-steinwachs.de/karriere/,2026-04-05,2026-04-19,
CDR Legal - Anwalt Erbrecht Berlin Mitte,Selbstständige Anwälte mit Erfahrung im Erbrecht und Bankrecht,Berlin Mitte,https://cdr-legal.de/karriere/,2026-04-05,2026-04-24,info@cdr-legal.de
CDR Legal - Anwalt Erbrecht Berlin Mitte,Selbstständige Anwälte mit Erfahrung im Erbrecht und Bankrecht,Köln Innenstadt,https://cdr-legal.de/karriere/,2026-04-05,2026-04-24,info@cdr-legal.de
CDR Legal - Anwalt Erbrecht Berlin Mitte,Mitarbeit im Backoffice,Berlin Mitte,https://cdr-legal.de/karriere/,2026-04-05,2026-04-24,info@cdr-legal.de
CDR Legal - Anwalt Erbrecht Berlin Mitte,Mitarbeit im Backoffice,Köln Innenstadt,https://cdr-legal.de/karriere/,2026-04-05,2026-04-24,info@cdr-legal.de
JUSTUS Rechtsanwälte,Referendar:innen,Berlin,https://kanzleimitte.de/karriere/,2026-04-05,2026-04-24,Steffan@kanzleimitte.de
JUSTUS Rechtsanwälte,"Freelancer IT Projekte, Webdevelopment, Design, WordPress",Berlin,https://widerruf-kuendigung.de/it-student-gesucht/?fbclid=IwAR2j8F5O7RvoWqpfQuUpIbnn5qJXFfexi64TVbuutJDM26nNj30rgqUOhY,2026-04-05,2026-04-24,Steffan@kanzleimitte.de
JUSTUS Rechtsanwälte,Auszubildende (m/w) ReNo oder FeFa,Berlin,https://kanzleimitte.de/karriere/auszubildende-mw-gesucht-renorefa/,2026-04-05,2026-04-24,Steffan@kanzleimitte.de
Gentz ​​und Partner Rechtsanwälte MBB,Initiativbewerbung,Berlin,https://gentz.de/join-us/,2026-04-05,2026-04-19,bewerbung@gentz.de
Rechtsanwaltskanzlei Leonhardt,Rechtsanwalt für Verwaltungsrecht & Migrationsrecht,Berlin,https://leonhardt-kanzlei.de/,2026-04-05,2026-04-24,info@leonhardt-kanzlei.de
Advofleet Rechtsanwaltsgesellschaft mbH,Juristische Mitarbeiter,bundesweit,https://www.advofleet.de/studium-referendariat,2026-04-05,2026-04-24,
Advofleet Rechtsanwaltsgesellschaft mbH,Auszubildende,bundesweit,https://www.advofleet.de/studium-referendariat,2026-04-05,2026-04-24,
RECHTSANWÄLTE Dr.Breuer Fachanwälte für Arbeitsrecht,Aushilfe Kanzleisekretariat (m/w/d/s),Berlin,https://xn--fachanwaltfrarbeitsrecht-5sc.net/aushilfe-fuer-kanzleisekretariat-gesucht-m-w-d-s/,2026-04-05,2026-04-24,info@breuer-kanzlei.de
RECHTSANWÄLTE Dr.Breuer Fachanwälte für Arbeitsrecht,Referendar (m/w/d),Berlin,https://xn--fachanwaltfrarbeitsrecht-5sc.net/karriere/,2026-04-05,2026-04-24,info@breuer-kanzlei.de
Piper & Partner - Rechtsanwälte für Ausländerrecht,Rechtsreferendarinnen und Rechtsreferendare,Steglitz,https://12anwalt.de/ueber-uns/karriere/,2026-04-05,2026-04-24,info@12anwalt.de
Piper & Partner - Rechtsanwälte für Ausländerrecht,Rechtsreferendarinnen und Rechtsreferendare,Prenzlauer Berg,https://12anwalt.de/ueber-uns/karriere/,2026-04-05,2026-04-24,info@12anwalt.de
Piper & Partner - Rechtsanwälte für Ausländerrecht,Dipl. Jurist / Assessor / Rechtsanwalt (m/w),Steglitz,https://12anwalt.de/ueber-uns/karriere/,2026-04-05,2026-04-24,info@12anwalt.de
Piper & Partner - Rechtsanwälte für Ausländerrecht,Dipl. Jurist / Assessor / Rechtsanwalt (m/w),Prenzlauer Berg,https://12anwalt.de/ueber-uns/karriere/,2026-04-05,2026-04-24,info@12anwalt.de
Piper & Partner - Rechtsanwälte für Ausländerrecht,Dipl. Jurist / Assessor / Rechtsanwalt (m/w),Marzahn,https://12anwalt.de/ueber-uns/karriere/,2026-04-05,2026-04-24,info@12anwalt.de
"Kanzlei Hoesmann - Urheberrecht, Medienrecht, Wirtschaftsrecht",Studenten (m/w) und Referendare (m/w) für die Anwalts- oder Wahlstation,Berlin,https://hoesmann.eu/karriere-bewerbung/,2026-04-05,2026-04-24,office@hoesmann.eu
JBB Rechtsanwälte,Referendar:innen (Anwalts- und/oder Wahlstation) in Berlin,Berlin,https://jbb.de/Jobs/referendarinnen/,2026-04-05,2026-04-24,rae@jbb.de
KAYP Rechtsanwaltsgesellschaft mbH,Partner,Deutschland,mailto:info@kayp.de,2026-04-05,2026-04-24,info@kayp.de
SOUDRY & SOUDRY Rechtsanwälte und Notar,Notariatsfachangestellte / Notarfachangestellter (m/w/d) – Ausbildung · Berufserfahrene · ReNo · Quereinsteiger in Berlin gesucht,Berlin,https://karriere.soudry.de/,2026-04-05,2026-04-19,
SOUDRY & SOUDRY Rechtsanwälte und Notar,Rechtsanwalt (m/w/d) für das Vergabe- und Wirtschaftsrecht in Berlin gesucht,Berlin,https://soudry.de/karriere/,2026-04-05,2026-04-19,karriere@soudry.de
MÜLLER RADACK SCHULTZ Rechtsanwälte Notare,Notarfachangestellte (m/w/d) mit Schwerpunkt Immobilien- oder Gesellschaftsrecht (Vollzeit oder Teilzeit),Berlin,https://www.mueller-radack.com/karriere/,2026-04-05,2026-04-19,bewerbung@mueller-radack.com
MÜLLER RADACK SCHULTZ Rechtsanwälte Notare,Notarfachangestellte (m/w/d) mit Schwerpunkt Immobilien- oder Gesellschaftsrecht (Vollzeit oder Teilzeit),Home-Office,https://www.mueller-radack.com/karriere/,2026-04-05,2026-04-19,bewerbung@mueller-radack.com
Bechert Rechtsanwälte Arbeitsrecht,Rechtsanwältin/Rechtsanwalt (m/w/d) Arbeitsrecht,Berlin-Schöneberg,https://www.arbeitsrecht-berlin.de/job/jetzt-bewerben-rechtsanwalt-arbeitsrecht-m-w-d-berlin/,2026-04-05,2026-04-19,kanzlei@arbeitsrecht-berlin.de
Gädicke u. Schulz Rechtsanwälte,Referendariat,Berlin,http://www.gaedicke-schulz.de/referendariat.html,2026-04-05,2026-04-19,kanzlei@gaedicke-schulz.de
Bornheim und Partner Rechtsanwälte,Rechtsreferendarin/Rechtsreferendar (m/w/d),Heidelberg,https://www.bornheim.com/stellenangebote/rechtsreferendarin-rechtsreferendar-m-w-d/,2026-04-05,2026-04-19,
Bornheim und Partner Rechtsanwälte,Rechtsreferendarin/Rechtsreferendar (m/w/d),Frankfurt,https://www.bornheim.com/stellenangebote/rechtsreferendarin-rechtsreferendar-m-w-d/,2026-04-05,2026-04-19,
Bornheim und Partner Rechtsanwälte,Rechtsreferendarin/Rechtsreferendar (m/w/d),München,https://www.bornheim.com/stellenangebote/rechtsreferendarin-rechtsreferendar-m-w-d/,2026-04-05,2026-04-19,
Daryai Kuo & Partner Rechtsanwälte und Notar,Rechtsrefendar*in,Berlin,https://www.dk-ra.de/karriere/rechtsreferendar-in/,2026-04-05,2026-04-19,
Rechtsanwalt Noack & Kollegen,Rechtsanwalt (m/w/d),Berlin-Köpenick,https://noack-rechtsanwalt.de/stellenangebote-anwaltskanzlei/,2026-04-05,2026-04-19,kontakt@noack-rechtsanwalt.de
RECHTSANWÄLTE - Dr.Breuer -Fachanwälte für Arbeitsrecht,Rechtsanwaltsfachangestellte (m/w/d),Friedrichshain,https://xn--fachanwaltfrarbeitsrecht-5sc.net/eine-n-rechtsanwaltsfachangestellte-n-m-w-d-in-teil-oder-vollzeit-gesucht/,2026-04-05,2026-04-19,info@breuer-kanzlei.de
RECHTSANWÄLTE - Dr.Breuer -Fachanwälte für Arbeitsrecht,Rechtsanwaltsfachangestellte (m/w/d),Adlershof,https://xn--fachanwaltfrarbeitsrecht-5sc.net/eine-n-rechtsanwaltsfachangestellte-n-m-w-d-in-teil-oder-vollzeit-gesucht/,2026-04-05,2026-04-19,info@breuer-kanzlei.de
RECHTSANWÄLTE - Dr.Breuer -Fachanwälte für Arbeitsrecht,Rechtsanwaltsfachangestellte (m/w/d),Lichtenberg,https://xn--fachanwaltfrarbeitsrecht-5sc.net/eine-n-rechtsanwaltsfachangestellte-n-m-w-d-in-teil-oder-vollzeit-gesucht/,2026-04-05,2026-04-19,info@breuer-kanzlei.de
RECHTSANWÄLTE - Dr.Breuer -Fachanwälte für Arbeitsrecht,Rechtsanwaltsfachangestellte (m/w/d),Pankow,https://xn--fachanwaltfrarbeitsrecht-5sc.net/eine-n-rechtsanwaltsfachangestellte-n-m-w-d-in-teil-oder-vollzeit-gesucht/,2026-04-05,2026-04-19,info@breuer-kanzlei.de
RECHTSANWÄLTE - Dr.Breuer -Fachanwälte für Arbeitsrecht,Aushilfe Kanzleisekretariat (m/w/d/s),Friedrichshain,https://xn--fachanwaltfrarbeitsrecht-5sc.net/aushilfe-fuer-kanzleisekretariat-gesucht-m-w-d-s/,2026-04-05,2026-04-19,info@breuer-kanzlei.de
RECHTSANWÄLTE - Dr.Breuer -Fachanwälte für Arbeitsrecht,Aushilfe Kanzleisekretariat (m/w/d/s),Adlershof,https://xn--fachanwaltfrarbeitsrecht-5sc.net/aushilfe-fuer-kanzleisekretariat-gesucht-m-w-d-s/,2026-04-05,2026-04-19,info@breuer-kanzlei.de
RECHTSANWÄLTE - Dr.Breuer -Fachanwälte für Arbeitsrecht,Aushilfe Kanzleisekretariat (m/w/d/s),Lichtenberg,https://xn--fachanwaltfrarbeitsrecht-5sc.net/aushilfe-fuer-kanzleisekretariat-gesucht-m-w-d-s/,2026-04-05,2026-04-19,info@breuer-kanzlei.de
RECHTSANWÄLTE - Dr.Breuer -Fachanwälte für Arbeitsrecht,Aushilfe Kanzleisekretariat (m/w/d/s),Pankow,https://xn--fachanwaltfrarbeitsrecht-5sc.net/aushilfe-fuer-kanzleisekretariat-gesucht-m-w-d-s/,2026-04-05,2026-04-19,info@breuer-kanzlei.de
Herbst Bröcker Rechtsanwälte,Rechtsanwalts- und Notariatsfachangestellte (m/w/d),Berlin,https://www.herbst-broecker.de/karriere-reno,2026-04-05,2026-04-19,
DR. AHLBORN ARBEITSRECHT - Rechtsanwalt und Fachanwalt für Arbeitsrecht & Notar,Notarfachangestellte / Rechtspfleger (m/w/d),Bielefeld,https://www.kanzlei-ahlborn.de/kanzleiteam/,2026-04-05,2026-04-19,dr.ahlborn@kanzlei-ahlborn.de
DR. AHLBORN ARBEITSRECHT - Rechtsanwalt und Fachanwalt für Arbeitsrecht & Notar,Rechtsreferendare (m/w/d),Bielefeld,https://www.kanzlei-ahlborn.de/kanzleiteam/,2026-04-05,2026-04-19,dr.ahlborn@kanzlei-ahlborn.de
Kanzlei Christian Vogedes,Stellenprofil,Bielefeld,https://kanzlei-vogedes.de/wp-content/uploads/Jobprofil-1.pdf,2026-04-05,2026-04-19,kontakt@kanzlei-vogedes.de
Rechtsanwälte von Hollen & Buschmann,Praktikanten,Bielefeld,https://anwalt-hkb.de/karriere/,2026-04-05,2026-04-19,post@anwalt-hkb.de
Rechtsanwälte von Hollen & Buschmann,Rechtsreferendarin / Rechtsreferendar,Bielefeld,https://anwalt-hkb.de/karriere/,2026-04-05,2026-04-19,post@anwalt-hkb.de
Kanzlei Theo Schmidt Bochum,Auszubildende/n zur/zum Rechtsanwalts- und Notarfachangestelle/n,Bochum,https://theo-schmidt.de/karriere/,2026-04-05,2026-04-19,kanzlei@theo-schmidt.de
WGW Rechtsanwälte,Qualifizierte Anwälte (m/w/d),Bochum,http://www.wgw.law/karriere,2026-04-05,2026-04-19,karriere@wgw.law
"ddkb Rechtsanwälte - Rechtsanwalt Mietrecht, Arbeitsrecht, Familienrecht, Scheidung Bonn","Rechtsanwaltsfachangestellte/innen, Rechtsfachwirte/innen (m/w/d)",Bonn,https://www.ddkb-rechtsanwaelte.de/karriere/,2026-04-05,2026-04-19,bewerbung@ddkb.de
Wenning Rechtsanwälte,Rechtsanwaltsfachangestellte/r (m/w/d),Bonn,https://www.wenning-rechtsanwaelte.de/kanzlei-2/,2026-04-05,2026-04-19,ra@wenning-rechtsanwaelte.de
Wenning Rechtsanwälte,Rechtsfachwirt/in (m/w/d),Bonn,https://www.wenning-rechtsanwaelte.de/kanzlei-2/,2026-04-05,2026-04-19,ra@wenning-rechtsanwaelte.de
Kazemi & Partner Rechtsanwälte Partnerschaftsgesellschaft,Rechtsanwaltsfachangestellte/r,Zentrale/Unbekannt,http://www.medi-ip.de/de/de/rechtsanwaltsfachangestellte-gesucht,2026-04-05,2026-04-19,kanzlei@medi-ip.de
Kazemi & Partner Rechtsanwälte Partnerschaftsgesellschaft,Auszubildende/r,Zentrale/Unbekannt,http://www.medi-ip.de/de/de/auszubildende-gesucht,2026-04-05,2026-04-19,kanzlei@medi-ip.de
GTK Rechtsanwälte Klein Figatowski Todtenhöfer,Rechtsreferendar (w/m/d),Bonn,https://www.gtkr.de/karriere/karriere/,2026-04-05,2026-04-19,m.figatowski@gtkr.de
Wittig Ünalp Rechtsanwälte PartGmbB,Rechtsanwaltsfachangestellte,Zentrale/Unbekannt,https://www.ra-wittig.de/karriere/rechtsanwaltsfachangestellte/,2026-04-05,2026-04-19,bewerbung@ra-wittig.de
Wittig Ünalp Rechtsanwälte PartGmbB,Referendarin und Referendare,Zentrale/Unbekannt,https://www.ra-wittig.de/karriere/rechtsreferendare/,2026-04-05,2026-04-19,bewerbung@ra-wittig.de
Wittig Ünalp Rechtsanwälte PartGmbB,Steuerfachangestellte,Zentrale/Unbekannt,https://www.ra-wittig.de/karriere/steuerfachangestellte-lohnbuchhalter/,2026-04-05,2026-04-19,bewerbung@ra-wittig.de
Wittig Ünalp Rechtsanwälte PartGmbB,Steuerberaterin oder Steuerberater,Zentrale/Unbekannt,https://www.ra-wittig.de/karriere/steuerberater-steuerberaterin-mwd/,2026-04-05,2026-04-19,bewerbung@ra-wittig.de
Wittig Ünalp Rechtsanwälte PartGmbB,Bürofachkraft im Personalwesen (m/w/d),Zentrale/Unbekannt,https://www.ra-wittig.de/karriere/personalsachbearbeitung/,2026-04-05,2026-04-19,bewerbung@ra-wittig.de
Niedergesäß Stephan,Senior Projektleiter:in Projektentwicklung (m/w/d),Münster,https://www.xing.com/jobs/muenster-senior-projektleiter-projektentwicklung-150191356,2026-04-05,2026-04-19,
Niedergesäß Stephan,Mitarbeiter Customer Service (m/w/d),Köln,https://www.xing.com/jobs/koeln-mitarbeiter-customer-service-150453755,2026-04-05,2026-04-19,
"Dr. Henrik Jacoby, lawyer and notary",Referendare (m/w/d),Darmstadt-Eberstadt,https://anwaelte-da.de/karriere/,2026-04-05,2026-04-19,info@anwaelte-da.de
"Dr. Henrik Jacoby, lawyer and notary",Fachangestellte/r (m/w/d) für das Notariat in Voll- oder Teilzeit,Darmstadt-Eberstadt,https://anwaelte-da.de/karriere/,2026-04-05,2026-04-19,info@anwaelte-da.de
"Dr. Henrik Jacoby, lawyer and notary",Rechtsanwaltfachangestellte/r (m/w/d) in Voll- oder Teilzeit,Darmstadt-Eberstadt,https://anwaelte-da.de/karriere/,2026-04-05,2026-04-19,info@anwaelte-da.de
Kanzlei Merten Rechtsanwälte,Ausbildung zum/zur Rechtsanwaltsfachangestellten,Dortmund,http://www.kanzlei-merten.de/,2026-04-05,2026-04-19,info@kanzlei-merten.de
KUCKLICK dresdner-fachanwaelte.de,Ausbildung zur/zum Rechtsanwaltsfachangestellten (w/m/d),Dresden,https://www.dresdner-fachanwaelte.de/karriere/ausbildung/ausbildung-zur-zum-rechtsanwaltsfachangestellte-n/,2026-04-05,2026-04-19,bewerbung@dresdner-fachanwaelte.de
DR. SCHMIDT UND PARTNER,Steuerfachangestellte,Koblenz,https://karriere.dr-sup.de/stellenangebote,2026-04-05,2026-04-19,bewerbung@dr-sup.de
DR. SCHMIDT UND PARTNER,Steuerfachangestellte,Dresden,https://karriere.dr-sup.de/stellenangebote,2026-04-05,2026-04-19,bewerbung@dr-sup.de
DR. SCHMIDT UND PARTNER,Bilanzbuchhalter/-in,Koblenz,https://karriere.dr-sup.de/stellenangebote,2026-04-05,2026-04-19,bewerbung@dr-sup.de
DR. SCHMIDT UND PARTNER,Bilanzbuchhalter/-in,Dresden,https://karriere.dr-sup.de/stellenangebote,2026-04-05,2026-04-19,bewerbung@dr-sup.de
DR. SCHMIDT UND PARTNER,Steuerfachwirt/-in,Koblenz,https://karriere.dr-sup.de/stellenangebote,2026-04-05,2026-04-19,bewerbung@dr-sup.de
DR. SCHMIDT UND PARTNER,Steuerfachwirt/-in,Dresden,https://karriere.dr-sup.de/stellenangebote,2026-04-05,2026-04-19,bewerbung@dr-sup.de
DR. SCHMIDT UND PARTNER,Steuerberater/in,Koblenz,https://karriere.dr-sup.de/stellenangebote,2026-04-05,2026-04-19,bewerbung@dr-sup.de
DR. SCHMIDT UND PARTNER,Steuerberater/in,Dresden,https://karriere.dr-sup.de/stellenangebote,2026-04-05,2026-04-19,bewerbung@dr-sup.de
DR. SCHMIDT UND PARTNER,Auszubildende für Steuerfachangestellte,Koblenz,https://karriere.dr-sup.de/stellenangebote,2026-04-05,2026-04-19,bewerbung@dr-sup.de
DR. SCHMIDT UND PARTNER,Auszubildende für Steuerfachangestellte,Dresden,https://karriere.dr-sup.de/stellenangebote,2026-04-05,2026-04-19,bewerbung@dr-sup.de
DR. SCHMIDT UND PARTNER,Auszubildende Kaufmann/-frau für Büromanagement,Koblenz,https://karriere.dr-sup.de/stellenangebote,2026-04-05,2026-04-19,bewerbung@dr-sup.de
DR. SCHMIDT UND PARTNER,Auszubildende Kaufmann/-frau für Büromanagement,Dresden,https://karriere.dr-sup.de/stellenangebote,2026-04-05,2026-04-19,bewerbung@dr-sup.de
DR. SCHMIDT UND PARTNER,Rechtsanwaltsfachangestellte/r,Koblenz,https://karriere.dr-sup.de/stellenangebote,2026-04-05,2026-04-19,bewerbung@dr-sup.de
DR. SCHMIDT UND PARTNER,Rechtsanwaltsfachangestellte/r,Dresden,https://karriere.dr-sup.de/stellenangebote,2026-04-05,2026-04-19,bewerbung@dr-sup.de
DR. SCHMIDT UND PARTNER,Rechtsfachwirt/-in,Koblenz,https://karriere.dr-sup.de/stellenangebote,2026-04-05,2026-04-19,bewerbung@dr-sup.de
DR. SCHMIDT UND PARTNER,Rechtsfachwirt/-in,Dresden,https://karriere.dr-sup.de/stellenangebote,2026-04-05,2026-04-19,bewerbung@dr-sup.de
DR. SCHMIDT UND PARTNER,Rechtsanwalt/Rechtsanwältin,Koblenz,https://karriere.dr-sup.de/stellenangebote,2026-04-05,2026-04-19,bewerbung@dr-sup.de
DR. SCHMIDT UND PARTNER,Rechtsanwalt/Rechtsanwältin,Dresden,https://karriere.dr-sup.de/stellenangebote,2026-04-05,2026-04-19,bewerbung@dr-sup.de
DR. SCHMIDT UND PARTNER,Werkstudenten,Koblenz,https://karriere.dr-sup.de/stellenangebote,2026-04-05,2026-04-19,bewerbung@dr-sup.de
DR. SCHMIDT UND PARTNER,Werkstudenten,Dresden,https://karriere.dr-sup.de/stellenangebote,2026-04-05,2026-04-19,bewerbung@dr-sup.de
DR. SCHMIDT UND PARTNER,IT-Systemkaufmann/-frau,Koblenz,https://karriere.dr-sup.de/stellenangebote,2026-04-05,2026-04-19,bewerbung@dr-sup.de
DR. SCHMIDT UND PARTNER,IT-Systemkaufmann/-frau,Dresden,https://karriere.dr-sup.de/stellenangebote,2026-04-05,2026-04-19,bewerbung@dr-sup.de
DR. SCHMIDT UND PARTNER,Marketingkaufmann /-frau,Koblenz,https://karriere.dr-sup.de/stellenangebote,2026-04-05,2026-04-19,bewerbung@dr-sup.de
DR. SCHMIDT UND PARTNER,Marketingkaufmann /-frau,Dresden,https://karriere.dr-sup.de/stellenangebote,2026-04-05,2026-04-19,bewerbung@dr-sup.de
DR. SCHMIDT UND PARTNER,Bürokaufmann / -frau,Koblenz,https://karriere.dr-sup.de/stellenangebote,2026-04-05,2026-04-19,bewerbung@dr-sup.de
DR. SCHMIDT UND PARTNER,Bürokaufmann / -frau,Dresden,https://karriere.dr-sup.de/stellenangebote,2026-04-05,2026-04-19,bewerbung@dr-sup.de
Wessing & Partner Rechtsanwälte mbB,Rechtsanwaltsfachangestellte / Assistentin (m/w/d),Zentrale/Unbekannt,https://www.strafrecht.de/de/karriere/,2026-04-05,2026-04-19,bewerbung@strafrecht.de
"PPP Rechtsanwälte Dres. Pittrof, Penner, Reimer & Partner PartGmbB",Rechtsanwalt (m/w/d) mit dem Schwerpunkt Medizin- und Vertragsarztrecht,Düsseldorf,https://ppp-rechtsanwaelte.heyjobs.co/de-de/jobs/fdf65db5-dbf5-4896-821b-17d69e2f0020?preview=true&utm_source=recruiter_portal,2026-04-05,2026-04-19,
"PPP Rechtsanwälte Dres. Pittrof, Penner, Reimer & Partner PartGmbB",Rechtsanwalt (m/w/d) mit dem Schwerpunkt Arbeits- und Sozialversicherungsrecht,Düsseldorf,https://ppp-rechtsanwaelte.heyjobs.co/de-de/jobs/a1146d69-9dde-4cf5-9b1e-0a598bab6c76?preview=true&utm_source=recruiter_portal,2026-04-05,2026-04-19,
"PPP Rechtsanwälte Dres. Pittrof, Penner, Reimer & Partner PartGmbB",Rechtsanwaltsfachangestellte (m/w/d),Düsseldorf,https://ppp-rae.de/wp-content/uploads/2020/11/2020-11-03-Rechtsanwaltsfachangestellte.pdf,2026-04-05,2026-04-19,bewerbung-duesseldorf@ppp-rae.de
"PPP Rechtsanwälte Dres. Pittrof, Penner, Reimer & Partner PartGmbB",Wissenschaftliche Mitarbeiter/Referendare (m/w/d),Heilbronn,https://ppp-rae.de/karriere/,2026-04-05,2026-04-19,info-heilbronn@ppp-rae.de
"PPP Rechtsanwälte Dres. Pittrof, Penner, Reimer & Partner PartGmbB",Rechtsanwaltsfachangestellte/n (m/w/d),Bergisch Gladbach,https://ppp-rae.de/karriere/,2026-04-05,2026-04-19,bewerbung-duesseldorf@ppp-rae.de
"PPP Rechtsanwälte Dres. Pittrof, Penner, Reimer & Partner PartGmbB",Auszubildende/n zur/m Rechtsanwaltsfachangestellten (m/w/d),Düsseldorf,https://ppp-rae.de/karriere/,2026-04-05,2026-04-19,bewerbung-duesseldorf@ppp-rae.de
alpha Rechtsanwälte Fachanwälte PartG mbB,Rechtsreferendare (m/w/d),Gotha,https://alpha-recht.de/karriere/,2026-04-05,2026-04-19,nadja.langer@alpha-recht.de
alpha Rechtsanwälte Fachanwälte PartG mbB,Rechtsreferendare (m/w/d),Erfurt,https://alpha-recht.de/karriere/,2026-04-05,2026-04-19,nadja.langer@alpha-recht.de
Heinemann & Partner Rechtsanwälte,Initiativbewerbung,Essen,https://www.heinemann-und-partner.de/karriere/,2026-04-05,2026-04-19,office@raehp.de
CASA Rechtsanwälte,Rechtsanwalt,Essen,http://www.casa.ruhr/,2026-04-05,2026-04-19,info@casa.ruhr
AULINGER lawyers and notaries,Sekretäre / Assistenten (m/w/d) im Anwaltssekretariat,Essen,https://www.aulinger.eu/karriere/stellenangebote/,2026-04-05,2026-04-19,
"Jahn Hettler Rechtsanwälte, Standort Frankfurt am Main",Rechtsanwälte und Referendare für Bau- und Architektenrecht (m/w/d),Frankfurt a. M.,https://jahnhettler.de/kanzlei/karriere/rechtsanwaelte-muenchen-frankfurt-am-main/,2026-04-05,2026-04-19,
"Jahn Hettler Rechtsanwälte, Standort Frankfurt am Main",Rechtsanwaltsfachangestellten*/Assistenten* mit Erfahrung in der Anwaltskanzlei,Frankfurt a. M.,https://jahnhettler.de/kanzlei/karriere/rechtsanwaltsfachangestellter-franfurt-und-muenchen/,2026-04-05,2026-04-19,
"Jahn Hettler Rechtsanwälte, Standort Frankfurt am Main",Studentische Hilfskräfte (m/w/d),Frankfurt a. M.,https://jahnhettler.de/kanzlei/karriere/studentische-hilfskraefte-fuer-frankfurt-a-m/,2026-04-05,2026-04-19,
"Jahn Hettler Rechtsanwälte, Standort Frankfurt am Main",Praktikanten (m/w/d),Frankfurt a. M.,https://jahnhettler.de/kanzlei/karriere/praktikanten-fuer-frankfurt-a-m/,2026-04-05,2026-04-19,
Rüter,Rechtsanwältinnen und Rechtsanwälte,Frankfurt am Main,http://www.rpt.legal/karriere,2026-04-05,2026-04-19,tilse@rpt.legal
Rüter,Referendarinnen und Referendare,Frankfurt am Main,http://www.rpt.legal/karriere,2026-04-05,2026-04-19,rueter@rpt.legal
Liesegang & Partner mbB Rechtsanwälte,Rechtsanwalt / Rechtsanwältin gewerblicher Rechtsschutz,Frankfurt am Main,https://www.liesegang-partner.de/karriere,2026-04-05,2026-04-19,info@liesegang-partner.com
FZF Rechtsanwälte Partnerschaft mbB,Rechtsanwälte (m/w/d),Frankfurt,https://fzf.de/karriere/,2026-04-05,2026-04-19,kanzlei@fzf.de
FZF Rechtsanwälte Partnerschaft mbB,Rechtsanwaltsfachangestellte (m/w/d),Frankfurt,https://fzf.de/karriere/,2026-04-05,2026-04-19,kanzlei@fzf.de
FZF Rechtsanwälte Partnerschaft mbB,Auszubildende (m/w/d),Frankfurt,https://fzf.de/karriere/,2026-04-05,2026-04-19,kanzlei@fzf.de
Scheurich & Kollegen Rechtsanwaltsgesellschaft mbH,Rechtsanwältin/Rechtsanwalt,Frankfurt am Main Ostend,https://www.rsuk.de/stellenanzeige-ra-arbeitsrecht-frankfurt.html,2026-04-05,2026-04-19,ra@rsuk.de
Scheurich & Kollegen Rechtsanwaltsgesellschaft mbH,Rechtsanwaltsfachangestellte,Frankfurt am Main Ostend,https://www.rsuk.de/stellenanzeige-refa-arbeitsrecht-frankfurt.html,2026-04-05,2026-04-19,ra@rsuk.de
Scheurich & Kollegen Rechtsanwaltsgesellschaft mbH,Kaufmännische Angestellte,Frankfurt am Main Ostend,https://www.rsuk.de/stellenanzeige-ka-arbeitsrecht-frankfurt.html,2026-04-05,2026-04-19,ra@rsuk.de
HKB-Rechtsanwälte,Co-Autoren,Frankfurt,http://www.hkb-anwaelte.de/stellenangebote-co-autoren.html,2026-04-05,2026-04-19,zentrale@hkb-anwaelte.de
HKB-Rechtsanwälte,Referendare/Referendarinnen,Frankfurt,http://www.hkb-anwaelte.de/stellenangebote-Referendare.html,2026-04-05,2026-04-19,zentrale@hkb-anwaelte.de
HKB-Rechtsanwälte,Auszubildende,Frankfurt,http://www.hkb-anwaelte.de/stellenangebote-auszublidende.html,2026-04-05,2026-04-19,zentrale@hkb-anwaelte.de
"Strafverteidiger Dr. Böttner - Rechtsanwalt, Fachanwalt für Strafrecht",erfahrene Sachbearbeiter/in,Neumünster,https://www.strafrecht-bundesweit.de/strafrecht-kanzlei-dr-boettner/karriere-im-strafrecht/sachbearbeiter-in-im-bereich-strafrecht-gesucht-standort-neumuenster/,2026-04-05,2026-04-19,info@strafrecht-bundesweit.de
Müller-Braun Peter Rechtsanwalt,Mitarbeiter gesucht,Zentrale/Unbekannt,https://www.steuerverbund.de/mitarbeiter-gesucht,2026-04-05,2026-04-19,
Müller-Braun Peter Rechtsanwalt,Nachfolger gesucht,Zentrale/Unbekannt,https://www.steuerverbund.de/nachfolger-gesucht,2026-04-05,2026-04-19,
"Abletshauser, Gröger & Kollegen",Rechtsanwaltsfachangestellte/n (m/w/d) in Voll- oder Teilzeit,Freiburg,https://www.ags-freiburg.de/stellenangebote,2026-04-05,2026-04-19,bewerbungen@ags-freiburg.de
Kanzlei SEK - Dr. Klimsch & Partner,Rechtsanwalt (m/w/d),Freiburg i. Br.,https://www.kanzleisek.de/rechtsanwalt-m-w-d-gesucht/,2026-04-05,2026-04-19,bewerbung@kanzleisek.de
"Hentschel Rechtsanwälte, Kanzlei für Arbeitsrecht",Referendar:innen (m/w/d),Göttingen,http://www.kanzlei-hentschel.de/kanzlei/stellenangebote/index.html,2026-04-05,2026-04-19,muehling@kanzlei-hentschel.de
Anwaltskanzlei Arslan,Rechtsanwalt (m/w/d),Gütersloh,https://anwaltskanzlei-arslan.de/stellenanzeige-rechtsanwalt-guetersloh/,2026-04-05,2026-04-19,info@anwaltskanzlei-arslan.de
BWL Rechtsanwälte und Notare,Rechtsanwältin / Rechtsanwalt (m/w/d) mit dem Schwerpunkt Handels- und Gesellschaftsrecht / Vertragsrecht / Zivilrecht,Hagen,https://bwl-rechtsanwaelte.de/stellenangebote/rechtsanwaeltin-rechtsanwalt-mwd-handels-und-gesellschaftsrecht-vertragsrecht-zivilrecht/,2026-04-05,2026-04-19,
BWL Rechtsanwälte und Notare,Rechtsanwältin / Rechtsanwalt (m/w/d) mit dem Schwerpunkt Handels- und Gesellschaftsrecht / Vertragsrecht / Zivilrecht,Iserlohn,https://bwl-rechtsanwaelte.de/stellenangebote/rechtsanwaeltin-rechtsanwalt-mwd-handels-und-gesellschaftsrecht-vertragsrecht-zivilrecht/,2026-04-05,2026-04-19,
BWL Rechtsanwälte und Notare,Rechtsanwältin / Rechtsanwalt (m/w/d) mit dem Schwerpunkt Handels- und Gesellschaftsrecht / Vertragsrecht / Zivilrecht,Hemer,https://bwl-rechtsanwaelte.de/stellenangebote/rechtsanwaeltin-rechtsanwalt-mwd-handels-und-gesellschaftsrecht-vertragsrecht-zivilrecht/,2026-04-05,2026-04-19,
BWL Rechtsanwälte und Notare,Rechtsanwältin / Rechtsanwalt (m/w/d) mit dem Schwerpunkt Verkehrsrecht,Hagen,https://bwl-rechtsanwaelte.de/stellenangebote/rechtsanwaeltin-rechtsanwalt-mwd-verkehrsrecht/,2026-04-05,2026-04-19,
BWL Rechtsanwälte und Notare,Rechtsanwältin / Rechtsanwalt (m/w/d) mit dem Schwerpunkt Verkehrsrecht,Iserlohn,https://bwl-rechtsanwaelte.de/stellenangebote/rechtsanwaeltin-rechtsanwalt-mwd-verkehrsrecht/,2026-04-05,2026-04-19,
BWL Rechtsanwälte und Notare,Rechtsanwältin / Rechtsanwalt (m/w/d) mit dem Schwerpunkt Verkehrsrecht,Hemer,https://bwl-rechtsanwaelte.de/stellenangebote/rechtsanwaeltin-rechtsanwalt-mwd-verkehrsrecht/,2026-04-05,2026-04-19,
Kanzlei Michaelis Rechtsanwälte Partnerschaftgesellchaft,Auszubildende/-r (m/w/d) Rechtsanwaltsfachangestellte/r,Hamburg,https://kanzlei-michaelis.de/karriere/,2026-04-05,2026-04-24,radojcic@kanzlei-michaelis.de
elblaw Rechtsanwälte,Rechtsreferendare (m/w/d),Hamburg,https://www.elblaw.de/karriere/,2026-04-05,2026-04-24,kanzlei@elblaw.de
MTR Legal Rechtsanwälte,People and Culture,London,https://career.mtrlegal.com/stellenangebote/people-culture/,2026-04-05,2026-04-19,career@mtrlegal.com
MTR Legal Rechtsanwälte,People and Culture,Paris,https://career.mtrlegal.com/stellenangebote/people-culture/,2026-04-05,2026-04-19,career@mtrlegal.com
MTR Legal Rechtsanwälte,People and Culture,Amsterdam,https://career.mtrlegal.com/stellenangebote/people-culture/,2026-04-05,2026-04-19,career@mtrlegal.com
STEINWACHS Rechtsanwaltskanzlei,Rechtsanwältin/ Rechtsanwalt als freie(n) Mitarbeiter/in,Hamburg,https://www.kanzlei-steinwachs.de/karriere/,2026-04-05,2026-04-24,hamburg@kanzlei-steinwachs.de
STEINWACHS Rechtsanwaltskanzlei,Rechtsanwältin/ Rechtsanwalt als freie(n) Mitarbeiter/in,Berlin,https://www.kanzlei-steinwachs.de/karriere/,2026-04-05,2026-04-24,hamburg@kanzlei-steinwachs.de
STEINWACHS Rechtsanwaltskanzlei,Rechtsanwältin/ Rechtsanwalt als freie(n) Mitarbeiter/in,Bremen,https://www.kanzlei-steinwachs.de/karriere/,2026-04-05,2026-04-24,hamburg@kanzlei-steinwachs.de
STEINWACHS Rechtsanwaltskanzlei,Rechtsanwältin/ Rechtsanwalt als freie(n) Mitarbeiter/in,Lübeck,https://www.kanzlei-steinwachs.de/karriere/,2026-04-05,2026-04-24,hamburg@kanzlei-steinwachs.de
STEINWACHS Rechtsanwaltskanzlei,Rechtsanwältin/ Rechtsanwalt als freie(n) Mitarbeiter/in,Hannover,https://www.kanzlei-steinwachs.de/karriere/,2026-04-05,2026-04-24,hamburg@kanzlei-steinwachs.de
"Rechtsanwälte Braetsch, Jessen & Partner",Ausbildung zu Rechtsanwaltsfachangestellten,Hamburg-Pöseldorf,http://www.bj-p.de/karriere.html,2026-04-05,2026-04-19,post@bj-p.de
"Rechtsanwälte Braetsch, Jessen & Partner",Ausbildung zu Rechtsanwaltsfachangestellten,Hamburg-Harburg,http://www.bj-p.de/karriere.html,2026-04-05,2026-04-19,post@bj-p.de
"Rechtsanwälte Braetsch, Jessen & Partner",Referendartätigkeit,Hamburg-Pöseldorf,http://www.bj-p.de/karriere.html,2026-04-05,2026-04-19,post@bj-p.de
"Rechtsanwälte Braetsch, Jessen & Partner",Referendartätigkeit,Hamburg-Harburg,http://www.bj-p.de/karriere.html,2026-04-05,2026-04-19,post@bj-p.de
SCHNEIDER || MICK Rechtsanwälte · Strafverteidiger,Sekretariat (Assistenz) sowie Bürokräfte (m/w/d),Hamburg,https://www.strafrecht.hamburg/karriere/,2026-04-05,2026-04-24,kontakt@schneidermick.de
SCHNEIDER || MICK Rechtsanwälte · Strafverteidiger,Sekretariat (Assistenz) sowie Bürokräfte (m/w/d),Berlin,https://www.strafrecht.hamburg/karriere/,2026-04-05,2026-04-24,kontakt@schneidermick.de
Fritzen & Kilian Rechtsanwälte und Notare,Rechtsanwälte & Notare,Wentorf bei Hamburg,https://fritzen-kilian.de/karriere/,2026-04-05,2026-04-19,info@fritzen-kilian.de
Kanzlei Voigt Rechtsanwalts GmbH,Buchhalter/in (m/w/d),Dortmund,https://kanzlei-voigt.de/standort/dortmund-ruhrallee/,2026-04-05,2026-04-19,bewerbung@kanzlei-voigt.de
Kanzlei Voigt Rechtsanwalts GmbH,Kanzlei (m/w/d),Dortmund,https://kanzlei-voigt.de/standort/dortmund-ruhrallee/,2026-04-05,2026-04-19,bewerbung@kanzlei-voigt.de
Kanzlei Voigt Rechtsanwalts GmbH,Rechtsanwaltsfachangestellte/r (m/w/d),Berlin,https://kanzlei-voigt.de/standort/berlin/,2026-04-05,2026-04-19,bewerbung@kanzlei-voigt.de
Kanzlei Voigt Rechtsanwalts GmbH,Rechtsanwaltsfachangestellte/r (m/w/d),Bielefeld,https://kanzlei-voigt.de/standort/bielefeld/,2026-04-05,2026-04-19,bewerbung@kanzlei-voigt.de
WIECHERS-JAHN – Rechtsanwälte und Notarin,Erfahrene Notariatsfachangestellte (m/w/d),Ellerbek,http://www.wiechers-jahn.de/jobs/,2026-04-05,2026-04-24,kanzlei@wiechersjahn.de
Wilke Hagemann Rechtsanwälte,Rechtsanwalts- und Notarfachangestellter (ReNo) - m/w/d – für den Notarbereich,Hamm,https://www.wilke-hagemann.de/job/rechtsanwalts-und-notarfachangestellter-reno-m-w-d-fuer-den-notarbereich/,2026-04-05,2026-04-19,post@wilke-hagemann.de
horak Rechtsanwälte,Rechtsanwälte,Frankfurt/Main,https://www.bwlh.de/anwaltskanzlei/Anwaltsnews/Stellenangebote/Rechtsanwalte/rechtsanwalte.html,2026-04-05,2026-04-19,horak@bwlh.de
horak Rechtsanwälte,Patentanwälte,Frankfurt/Main,https://www.bwlh.de/anwaltskanzlei/Anwaltsnews/Stellenangebote/Patentanwalte/patentanwalte.html,2026-04-05,2026-04-19,horak@bwlh.de
horak Rechtsanwälte,Patentingenieure,Frankfurt/Main,https://www.bwlh.de/anwaltskanzlei/Anwaltsnews/Stellenangebote/Patentingenieure/patentingenieure.html,2026-04-05,2026-04-19,horak@bwlh.de
horak Rechtsanwälte,Wirtschaftsjuristen,Frankfurt/Main,https://www.bwlh.de/anwaltskanzlei/Anwaltsnews/Stellenangebote/Wirtschaftsjuristen_/wirtschaftsjuristen_.html,2026-04-05,2026-04-19,horak@bwlh.de
horak Rechtsanwälte,Rechtsreferendare,Frankfurt/Main,https://www.bwlh.de/anwaltskanzlei/Anwaltsnews/Stellenangebote/Rechtsreferendare/rechtsreferendare.html,2026-04-05,2026-04-19,horak@bwlh.de
horak Rechtsanwälte,Rechtsfachwirte,Frankfurt/Main,https://www.bwlh.de/anwaltskanzlei/Anwaltsnews/Stellenangebote/Rechtsfachwirte/rechtsfachwirte.html,2026-04-05,2026-04-19,horak@bwlh.de
horak Rechtsanwälte,Rechtsanwaltsfachangestellte,Frankfurt/Main,https://www.bwlh.de/anwaltskanzlei/Anwaltsnews/Stellenangebote/Rechtsanwaltsfachangestellte/rechtsanwaltsfachangestellte.html,2026-04-05,2026-04-19,horak@bwlh.de
horak Rechtsanwälte,Rechtsanwalts- und Notarfachangestellte,Frankfurt/Main,https://www.bwlh.de/anwaltskanzlei/Anwaltsnews/Stellenangebote/Rechtsanwalts-_und_Notarfachan/rechtsanwalts-_und_notarfachangestellte.html,2026-04-05,2026-04-19,horak@bwlh.de
horak Rechtsanwälte,Patentanwaltsfachangestellte,Frankfurt/Main,https://www.bwlh.de/anwaltskanzlei/Anwaltsnews/Stellenangebote/Patentanwaltsfachangestellte/patentanwaltsfachangestellte.html,2026-04-05,2026-04-19,horak@bwlh.de
horak Rechtsanwälte,Auszubildende zur Rechtsanwaltsfachangestellten,Frankfurt/Main,https://www.bwlh.de/anwaltskanzlei/Anwaltsnews/Stellenangebote/Auszubildende_zur_Rechtsanwalt/auszubildende_zur_rechtsanwaltsfachangestellten.html,2026-04-05,2026-04-19,horak@bwlh.de
horak Rechtsanwälte,Auszubildende zur Patentanwaltsfachangestellten,Frankfurt/Main,https://www.bwlh.de/anwaltskanzlei/Anwaltsnews/Stellenangebote/Auszubildende_zur_Patentanwalt/auszubildende_zur_patentanwaltsfachangestellten.html,2026-04-05,2026-04-19,horak@bwlh.de
Claudia Petri-Kramer & Kollegen,Rechtsanwaltsfachangestellte / r (m/w/d) in Vollzeit / Teilzeit,Hannover,https://www.petri-kramer.de/stellenangebote,2026-04-05,2026-04-24,kanzlei@petri-kramer.de
Haidl Funk - Rechtsanwälte Fachanwälte,Rechtsanwaltsfachangestellte (oder Bewerber mit vergleichbarer Ausbildung),Ingolstadt,http://www.haidlfunk.de/rechtsanwalt-karriere.html,2026-04-05,2026-04-24,info@haidlfunk.de
Kanzlei für Erbrecht - Martina Klose (Fachanwältin für Erbrecht und Fachanwältin für Steuerrecht),Mitarbeiter Kanzlei & Büromanagement,Jena,https://www.erbrecht-jena.de/stellenangebote.html,2026-04-05,2026-04-24,
Völlinger & Partner m.b.B. Steuerberater · Rechtsanwalt,qualifizierten Steuerberater (m/w/d),Karlsruhe,https://voellinger-partner.com/karriere/,2026-04-05,2026-04-19,kanzlei@voellinger-partner.de
Thomsen Rechtsanwälte Arbeitsrecht Erbrecht Verwaltungsrecht,Rechtsanwälte und Rechtsanwältinnen,Karlsruhe,https://www.thomsen-ra.de/karriere,2026-04-05,2026-04-24,kontakt@thomsen-ra.de
Brennecke & Partner Rechtsanwälte,"Stellenangebot: wissenschaftlicher Mitarbeiter / wissenschaftliche Mitarbeiterin, ortsungebunden (Teilzeit)",ortsungebunden,https://www.brennecke-rechtsanwaelte.de/Stellenangebot-wissenschaftlicher-Mitarbeiter-wissenschaftliche-Mitarbeiterin-ortsungebunden-Teilzeit_194012,2026-04-05,2026-04-19,kontakt@fasp.de
Hassenpflug Rechtsanwaltsgesellschaft mbH,Rechtsanwalt / Rechtsanwältin,Kassel,https://www.hassenpflug-rechtsanwaelte.de/aktuelles/stellenangebote.html,2026-04-05,2026-04-19,bewerbung@hassenpflug-rechtsanwaelte.de
VOLZ DRASTIK HEROLD Rechtsanwälte & Fachanwälte,Auszubildende in Fritzlar zur Rechtsanwalts- und Notarfachangestellten (m/w/d),Fritzlar,https://www.rechtsanwaelte-vd.de/stellenangebote/,2026-04-05,2026-04-24,info@rechtsanwaelte-vd.de
VOLZ DRASTIK HEROLD Rechtsanwälte & Fachanwälte,Auszubildende in Kassel zur Rechtsanwaltsfachangestellten (m/w/d),Kassel,https://www.rechtsanwaelte-vd.de/stellenangebote/,2026-04-05,2026-04-24,info@rechtsanwaelte-vd.de
Kanzlei SHB PartG mbB,"Referendariat (Anwaltsstation, Wahlstation)",Kiel,https://www.kanzlei-shb.de/referendariat-anwaltsstation-wahlstation-kiel-schleswig-holstein-anwaltskanzlei,2026-04-05,2026-04-24,
Kanzlei SHB PartG mbB,"Referendariat (Anwaltsstation, Wahlstation)",Schleswig-Holstein,https://www.kanzlei-shb.de/referendariat-anwaltsstation-wahlstation-kiel-schleswig-holstein-anwaltskanzlei,2026-04-05,2026-04-24,
"Fachkanzlei Dr. Hollitzer & Hiller - Rechtsanwälte Kiel - Arbeitsrecht, Medizinrecht, Versicherungsrecht, Steuerrecht",Reno/Refa (m/w/d) Standort Preetz,Preetz,https://rechtsanwalt-hollitzer.de/karriere-stellenangebote/,2026-04-05,2026-04-19,kontakt@rechtsanwalt-hollitzer.de
"Fachkanzlei Dr. Hollitzer & Hiller - Rechtsanwälte Kiel - Arbeitsrecht, Medizinrecht, Versicherungsrecht, Steuerrecht",ReNo oder Notarfachwirt (m/w/d) - Kanzlei Preetz,Preetz,https://rechtsanwalt-hollitzer.de/karriere-stellenangebote/,2026-04-05,2026-04-19,kontakt@rechtsanwalt-hollitzer.de
"Fachkanzlei Dr. Hollitzer & Hiller - Rechtsanwälte Kiel - Arbeitsrecht, Medizinrecht, Versicherungsrecht, Steuerrecht",ReNo / ReFa (m/w/d) - Kanzlei Kiel,Kiel,https://rechtsanwalt-hollitzer.de/karriere-stellenangebote/,2026-04-05,2026-04-19,kontakt@rechtsanwalt-hollitzer.de
RPM Rechtsanwälte und Notare,Rechtsanwalt / Rechtsanwältin (m/w/d) im Bau- und allgemeinen Zivilrecht,Kiel,https://rpm-recht.de/karriere/,2026-04-05,2026-04-24,bewerbung@rpm-recht.de
Klinge | Hess Rechtsanwälte PartmbB,Auszubildende zur Rechtsanwaltsfachangestellten,Limburg,https://klinge-hess.de/kanzlei/karriere/,2026-04-05,2026-04-24,buero@klinge-hess.de
Klinge | Hess Rechtsanwälte PartmbB,Rechtsanwaltsfachangestellte,Limburg,https://klinge-hess.de/kanzlei/karriere/,2026-04-05,2026-04-24,buero@klinge-hess.de
Georg Spross Rechtsanwalt,Rechtsreferendare (m/w/d),Koblenz,https://www.spross-rechtsanwalt.de/kontakt,2026-04-05,2026-04-19,info@spross-rechtsanwalt.de
GTW Anwälte für Bau- und Immobilienrecht,Rechtsanwalt/Rechtsanwältin,Krefeld,https://g-t-w-kr.com/karriere/,2026-04-05,2026-04-19,mail@g-t-w-kr.com
RAe Beaucamp & Beaucamp,ausgebildete ReFa bzw. geprüfte ReFaWi,Homeoffice,https://beaucamp-beaucamp.de/karriere,2026-04-05,2026-04-19,s.b@beaucamp-beaucamp.de
Reilbach Rechtsanwälte Köln I Arbeitsrecht I Immobilienrecht I Mietrecht,"Rechtsanwalt (m/w/d) für Mietrecht, Wohnungseigentumsrecht und Immobilienrecht (0 – 5 Jahre Berufserfahrung) in Vollzeit",Köln,https://reilbach-rechtsanwaelte.de/karriere/,2026-04-05,2026-04-24,reilbach@reilbach-rechtsanwaelte.de
Reilbach Rechtsanwälte Köln I Arbeitsrecht I Immobilienrecht I Mietrecht,Rechtsanwaltsfachangestellte (m/w/d) in Vollzeit oder Teilzeit,Köln,https://reilbach-rechtsanwaelte.de/karriere/,2026-04-05,2026-04-24,reilbach@reilbach-rechtsanwaelte.de
Dr. Höll + Tauer Rechtsanwälte | Medizinrecht | Versicherungsrecht,Rechtsreferendare / Rechtsreferendarinnen (m/w/d),Frankfurt am Main,https://www.tauer-rechtsanwaelte.de/kanzlei/karriere/,2026-04-05,2026-04-19,bewerbung@tauer-rechtsanwaelte.de
KRAUS GHENDLER Anwaltskanzlei,"Rechtsanwalt im Unternehmensrecht, freie Mitarbeit im Homeoffice (m/w/d)",Essen,https://anwalt-kg.de/kanzlei/karriere/,2026-04-05,2026-04-24,team@anwalt-kg.de
KRAUS GHENDLER Anwaltskanzlei,"Rechtsanwalt im Unternehmensrecht, freie Mitarbeit im Homeoffice (m/w/d)",Berlin,https://anwalt-kg.de/kanzlei/karriere/,2026-04-05,2026-04-24,team@anwalt-kg.de
KRAUS GHENDLER Anwaltskanzlei,Steuerberater zur freien Mitarbeit im Unternehmensrecht im Homeoffice (m/w/d),Essen,https://anwalt-kg.de/kanzlei/karriere/,2026-04-05,2026-04-24,team@anwalt-kg.de
KRAUS GHENDLER Anwaltskanzlei,Steuerberater zur freien Mitarbeit im Unternehmensrecht im Homeoffice (m/w/d),Berlin,https://anwalt-kg.de/kanzlei/karriere/,2026-04-05,2026-04-24,team@anwalt-kg.de
KRAUS GHENDLER Anwaltskanzlei,"Rechtsanwalt im Wirtschaftsrecht, freie Mitarbeit im Homeoffice (m/w/d)",Essen,https://anwalt-kg.de/kanzlei/karriere/,2026-04-05,2026-04-24,team@anwalt-kg.de
KRAUS GHENDLER Anwaltskanzlei,"Rechtsanwalt im Wirtschaftsrecht, freie Mitarbeit im Homeoffice (m/w/d)",Berlin,https://anwalt-kg.de/kanzlei/karriere/,2026-04-05,2026-04-24,team@anwalt-kg.de
KRAUS GHENDLER Anwaltskanzlei,"Rechtsanwalt im Gesellschaftsrecht, freie Mitarbeit im Homeoffice (m/w/d)",Essen,https://anwalt-kg.de/kanzlei/karriere/,2026-04-05,2026-04-24,team@anwalt-kg.de
KRAUS GHENDLER Anwaltskanzlei,"Rechtsanwalt im Gesellschaftsrecht, freie Mitarbeit im Homeoffice (m/w/d)",Berlin,https://anwalt-kg.de/kanzlei/karriere/,2026-04-05,2026-04-24,team@anwalt-kg.de
KRAUS GHENDLER Anwaltskanzlei,"Rechtsanwalt im Arbeitsrecht / Vertragsrecht, freie Mitarbeit im Homeoffice (m/w/d)",Essen,https://anwalt-kg.de/kanzlei/karriere/,2026-04-05,2026-04-24,team@anwalt-kg.de
KRAUS GHENDLER Anwaltskanzlei,"Rechtsanwalt im Arbeitsrecht / Vertragsrecht, freie Mitarbeit im Homeoffice (m/w/d)",Berlin,https://anwalt-kg.de/kanzlei/karriere/,2026-04-05,2026-04-24,team@anwalt-kg.de
KRAUS GHENDLER Anwaltskanzlei,"Rechtsanwalt im Markenrecht, freie Mitarbeit im Homeoffice (m/w/d)",Essen,https://anwalt-kg.de/kanzlei/karriere/,2026-04-05,2026-04-24,team@anwalt-kg.de
KRAUS GHENDLER Anwaltskanzlei,"Rechtsanwalt im Markenrecht, freie Mitarbeit im Homeoffice (m/w/d)",Berlin,https://anwalt-kg.de/kanzlei/karriere/,2026-04-05,2026-04-24,team@anwalt-kg.de
KRAUS GHENDLER Anwaltskanzlei,"Rechtsanwalt im AGB Recht, freie Mitarbeit im Homeoffice (m/w/d)",Essen,https://anwalt-kg.de/kanzlei/karriere/,2026-04-05,2026-04-24,team@anwalt-kg.de
KRAUS GHENDLER Anwaltskanzlei,"Rechtsanwalt im AGB Recht, freie Mitarbeit im Homeoffice (m/w/d)",Berlin,https://anwalt-kg.de/kanzlei/karriere/,2026-04-05,2026-04-24,team@anwalt-kg.de
KRAUS GHENDLER Anwaltskanzlei,"Rechtsanwalt im IT Datenschutzrecht, freie Mitarbeit im Homeoffice (m/w/d)",Essen,https://anwalt-kg.de/kanzlei/karriere/,2026-04-05,2026-04-24,team@anwalt-kg.de
KRAUS GHENDLER Anwaltskanzlei,"Rechtsanwalt im IT Datenschutzrecht, freie Mitarbeit im Homeoffice (m/w/d)",Berlin,https://anwalt-kg.de/kanzlei/karriere/,2026-04-05,2026-04-24,team@anwalt-kg.de
REHKATSCH RECHTSANWÄLTE,Rechtsreferendar (Anwaltsstation / Wahlstation),Köln,https://rehkatsch.de/kanzlei/rechtsreferendar/,2026-04-05,2026-04-24,info@rehkatsch.de
REHKATSCH RECHTSANWÄLTE,Rechtsreferendar (Anwaltsstation / Wahlstation),Berlin,https://rehkatsch.de/kanzlei/rechtsreferendar/,2026-04-05,2026-04-24,info@rehkatsch.de
REHKATSCH RECHTSANWÄLTE,Rechtsreferendar (Anwaltsstation / Wahlstation),bundesweit,https://rehkatsch.de/kanzlei/rechtsreferendar/,2026-04-05,2026-04-24,info@rehkatsch.de
Rechtsanwalt Helmer Tieben,Praktikum für Jurastudenten (m/w/d),Köln,https://www.mth-partner.de/team/wir-suchen-sie/,2026-04-05,2026-04-24,info@mth-partner.de
"Obladen Gaessler Rechtsanwälte für Urheberrecht, Markenrecht, Wettbewerbsrecht",Azubi,Köln,https://www.obladen-gaessler.de/azubi-gesucht-ausbildungsstart-august/,2026-04-05,2026-04-24,kanzlei@obladen-gaessler.de
WIRTZ & KRANEIS Rechtsanwälte Partnerschaft mbB,Referendare (w/m/d),Köln,https://wirtz-kraneis.com/karriere_rechtsreferendariat/,2026-04-05,2026-04-24,zentrale@wirtz-kraneis.com
WIRTZ & KRANEIS Rechtsanwälte Partnerschaft mbB,Wissenschaftliche Mitarbeiter (w/m/d),Köln,https://wirtz-kraneis.com/karriere_rechtsreferendariat/,2026-04-05,2026-04-24,zentrale@wirtz-kraneis.com
WBS LEGAL,Rechtsanwaltsfachangestellte,Köln,https://www.wbs.legal/karriere/rechtsanwaltsfachangestellte/jobs/,2026-04-05,2026-04-19,
WBS LEGAL,Rechtsanwalt,Köln,https://www.wbs.legal/karriere/rechtsanwalt/stellenanzeigen/,2026-04-05,2026-04-19,
Gruneberg Rechtsanwälte,Initiativbewerbung,Köln,https://www.gruneberg-rechtsanwaelte.de/kontakt/,2026-04-05,2026-04-24,
Gruneberg Rechtsanwälte,Praktikum,Köln,https://www.gruneberg-rechtsanwaelte.de/kontakt/,2026-04-05,2026-04-24,
HIMMELREITHER Rechtsanwaltskanzlei - Dr. Henseler,Rechtsanwaltsfachangestellte (m/w/d) gesucht für unser Büro in Köln,Köln,http://www.himmelreither.de/karriere/rechtsanwaltsfachangestellte-huerth-bei-koeln,2026-04-05,2026-04-24,mail@himmelreither.de
HIMMELREITHER Rechtsanwaltskanzlei - Dr. Henseler,Rechtsanwältin (m/w/d) für unser Büro in Köln gesucht,Köln,http://www.himmelreither.de/karriere/rechtsanwaltin-huerth-bei-koeln,2026-04-05,2026-04-24,mail@himmelreither.de
HIMMELREITHER Rechtsanwaltskanzlei - Dr. Henseler,Azubi (m/w/d) für unser Büro in Köln gesucht,Köln,http://www.himmelreither.de/karriere/azubi-m-w-d-ab-sofort-fur-unser-buro-gesucht-in-hurth-bei-koln,2026-04-05,2026-04-24,mail@himmelreither.de
Skradde Rechtsanwälte,Rechtsanwaltfachangstellte:r (m/w/d),Köln,https://refa-bewerbung.onepage.me/refabewerbung,2026-04-05,2026-04-24,recruting@skradde.com
Skradde Rechtsanwälte,Anwalt/Anwältin (m/w/d),Köln,https://anwalt.skradde.com/anwaltbewerbung,2026-04-05,2026-04-24,recruting@skradde.com
Schlun & Elseven Lawyers,Rechtsanwältinnen und Rechtsanwälte (m/w/d) für Migrations- und Staatsangehörigkeitsrecht,Aachen,https://se-legal.de/karriere/#stellenanzeigen-ra,2026-04-05,2026-04-24,karriere@se-legal.de
Schlun & Elseven Lawyers,Rechtsanwältinnen und Rechtsanwälte (m/w/d) für Migrations- und Staatsangehörigkeitsrecht,Köln,https://se-legal.de/karriere/#stellenanzeigen-ra,2026-04-05,2026-04-24,karriere@se-legal.de
Schlun & Elseven Lawyers,Rechtsanwältinnen und Rechtsanwälte (m/w/d) für Migrations- und Staatsangehörigkeitsrecht,Düsseldorf,https://se-legal.de/karriere/#stellenanzeigen-ra,2026-04-05,2026-04-24,karriere@se-legal.de
Schlun & Elseven Lawyers,Rechtsanwältinnen und Rechtsanwälte (m/w/d) für den Bereich Global Mobility,Aachen,https://se-legal.de/karriere/#stellenanzeigen-ra,2026-04-05,2026-04-24,karriere@se-legal.de
Schlun & Elseven Lawyers,Rechtsanwältinnen und Rechtsanwälte (m/w/d) für den Bereich Global Mobility,Köln,https://se-legal.de/karriere/#stellenanzeigen-ra,2026-04-05,2026-04-24,karriere@se-legal.de
Schlun & Elseven Lawyers,Rechtsanwältinnen und Rechtsanwälte (m/w/d) für den Bereich Global Mobility,Düsseldorf,https://se-legal.de/karriere/#stellenanzeigen-ra,2026-04-05,2026-04-24,karriere@se-legal.de
Schlun & Elseven Lawyers,Rechtsanwältinnen und Rechtsanwälte (m/w/d) für Gesellschaftsrecht,Aachen,https://se-legal.de/karriere/#stellenanzeigen-ra,2026-04-05,2026-04-24,karriere@se-legal.de
Schlun & Elseven Lawyers,Rechtsanwältinnen und Rechtsanwälte (m/w/d) für Gesellschaftsrecht,Köln,https://se-legal.de/karriere/#stellenanzeigen-ra,2026-04-05,2026-04-24,karriere@se-legal.de
Schlun & Elseven Lawyers,Rechtsanwältinnen und Rechtsanwälte (m/w/d) für Gesellschaftsrecht,Düsseldorf,https://se-legal.de/karriere/#stellenanzeigen-ra,2026-04-05,2026-04-24,karriere@se-legal.de
Maibaum Rechtsanwalts GmbH,kaufmännische*r Angestellte*r gesucht!,Köln,https://www.ra-maibaum.de/karriere/,2026-04-05,2026-04-24,maibaum@ra-maibaum.de
Fachanwalt für Mietrecht Herwig Schöffler,Rechtsanwalt/-in im Mietrecht (m/w/d),Remote,https://www.rechtsanwalt-schoeffler.de/karriere/#jobs,2026-04-05,2026-04-19,post@rechtsanwalt-schoeffler.de
Fachanwalt für Mietrecht Herwig Schöffler,Studenten und Referendare (m/w/d),Remote,https://www.rechtsanwalt-schoeffler.de/karriere/#jobs,2026-04-05,2026-04-19,post@rechtsanwalt-schoeffler.de
Lawyers Kühner & Löffler,Rechtsanwältin/Rechtsanwalt in Teilzeit (20-30h wöchentlich),Ludwigshafen,https://rechtsanwalt-mannheim-ludwigshafen.de/stellenangebote/,2026-04-05,2026-04-19,info@kuehner-loeffler.de
Labisch Kanzlei für Arbeitsrecht Rechts-& Fachanwälte PartG mbB,Rechtsanwalt/Rechtsanwältin für Arbeitsrecht (w/m/d),Mainz,https://www.kanzlei-fuer-arbeitsrecht.de/rechtsanwalt-rechtsanwaeltin-fuer-arbeitsrecht-w-m-d/,2026-04-05,2026-04-25,
Labisch Kanzlei für Arbeitsrecht Rechts-& Fachanwälte PartG mbB,Fachanwalt/Fachanwältin für Arbeitsrecht (w/m/d),Mainz,https://www.kanzlei-fuer-arbeitsrecht.de/fachanwalt-fachanwaeltin-fuer-arbeitsrecht-w-m-d/,2026-04-05,2026-04-25,
Labisch Kanzlei für Arbeitsrecht Rechts-& Fachanwälte PartG mbB,Auszubildende/Auszubildender als Rechtsanwaltsfachangestellte/Rechtsanwaltsfachangestellter (w/m/d),Mainz,https://www.kanzlei-fuer-arbeitsrecht.de/auszubildende-auszubildender-als-rechtsanwaltsfachangestellte-rechtsanwaltsfachangestellter-w-m-d/,2026-04-05,2026-04-25,
Gräf & Centorbi Rechtsanwaltsgesellschaft mbH,Initiativbewerbung,Mainz,https://www.gc-kanzlei.de/kanzlei/stellenangebote/,2026-04-05,2026-04-25,Bewerbung@gc-kanzlei.de
Kaiser Rechtsanwälte,Referendar*in (w/m/d),Bingen am Rhein,https://www.kaiser-rechtsanwaelte.com/kanzlei/karriere/,2026-04-05,2026-04-25,info@kaiser-rechtsanwaelte.com
Kaiser Rechtsanwälte,Praktikant*in (w/m/d),Bingen am Rhein,https://www.kaiser-rechtsanwaelte.com/kanzlei/karriere/,2026-04-05,2026-04-25,info@kaiser-rechtsanwaelte.com
Möller Rechtsanwälte Partnerschaft mbB,Referendarinnen / Referendare,Münster,https://www.moeller-rechtsanwaelte.de/referendare/,2026-04-05,2026-04-19,ms@moeller-rechtsanwaelte.de
Kanzlei Cudina,Stellenangebote für Rechtsanwältinnen/Rechtsanwälte,Zentrale/Unbekannt,http://www.brak.de/jobboerse/stellenangebote-fuer-rechtsanwaelte/,2026-04-05,2026-04-25,
Kanzlei Cudina,Stellenangebote für Referendarinnen/Referendare,Zentrale/Unbekannt,http://www.brak.de/jobboerse/stellenangebote-fuer-referendare/,2026-04-05,2026-04-25,
Hollender Lampe Lampe Rechtsanwälte,Büromitarbeiter (m/w/d),Erkelenz,http://www.hollender-partner.de/index.php?module=forms&op=download_file&file=/navigationblocks/95/95_2663_stellenausschreibung-refa-2025.pdf&filename=stellenausschreibung-refa-2025.pdf,2026-04-05,2026-04-25,post@hollender-partner.de
Hollender Lampe Lampe Rechtsanwälte,Büromitarbeiter (m/w/d),Moers,http://www.hollender-partner.de/index.php?module=forms&op=download_file&file=/navigationblocks/95/95_2663_stellenausschreibung-refa-2025.pdf&filename=stellenausschreibung-refa-2025.pdf,2026-04-05,2026-04-25,post@hollender-partner.de
lfr Wirtschaftsanwälte,Initiativbewerbung,München,https://lfr-law.de/karriere/#formular,2026-04-05,2026-04-19,karriere@lfr-law.de
Reubel Grubwinkler Rechtsanwälte,Bürokraft (m/w/d),München,https://www.rgra.de/karriere/,2026-04-05,2026-04-19,mail@rgra.de
Reubel Grubwinkler Rechtsanwälte,Bürokraft (m/w/d),Stuttgart,https://www.rgra.de/karriere/,2026-04-05,2026-04-19,mail@rgra.de
Reubel Grubwinkler Rechtsanwälte,Bürokraft (m/w/d),Frankfurt,https://www.rgra.de/karriere/,2026-04-05,2026-04-19,mail@rgra.de
Reubel Grubwinkler Rechtsanwälte,Bürokraft (m/w/d),Eggenfelden,https://www.rgra.de/karriere/,2026-04-05,2026-04-19,mail@rgra.de
Reubel Grubwinkler Rechtsanwälte,Bürokraft (m/w/d),Bad Kötzting,https://www.rgra.de/karriere/,2026-04-05,2026-04-19,mail@rgra.de
Witting - Contzen & Kollegen,Referendar (Strafrecht),München,http://www.leokanzlei.de/karriere,2026-04-05,2026-04-25,werning@leokanzlei.de
Witting - Contzen & Kollegen,Referendar (Zivilrecht),München,http://www.leokanzlei.de/karriere,2026-04-05,2026-04-25,raschmidt@leokanzlei.de
Kanzlei Scheibler,Referendar (m/w/d),Ismaning,https://www.scheibler.de/karriere/#popup-bewerbung,2026-04-05,2026-04-25,karriere@scheibler.de
Kanzlei Scheibler,Initiativbewerbung,Ismaning,https://www.scheibler.de/karriere/#popup-bewerbung,2026-04-05,2026-04-25,karriere@scheibler.de
KSW LEGAL GMBH Rechtsanwaltsgesellschaft,Steuerfachangestellte:r / Steuerfachwirt:in / Bilanzbuchhalter:in (m/w/d),Bundesweit,https://www.steuerjobs.online/,2026-04-05,2026-04-25,bewerbung@ksw-legal.de
Kanzlei Freihöfer - Ihr Patientenanwalt für Arzthaftung und Behandlungsfehler,Rechtsanwalt (m/w/d) in Vollzeit im spannenden Bereich Medizinrecht/Arzthaftung!,München,https://www.patientenanwalt-freihoefer.de/ueber-uns/karriere/,2026-04-05,2026-04-25,karriere@kanzlei-freihoefer.de
Rotter Rechtsanwälte Partnerschaft mbB,Rechtsanwalt,München,https://rrlaw.de/kanzlei/karriere/,2026-04-05,2026-04-19,jochem@rrlaw.de
Rotter Rechtsanwälte Partnerschaft mbB,Rechtsanwalt,Bremen,https://rrlaw.de/kanzlei/karriere/,2026-04-05,2026-04-19,jochem@rrlaw.de
Rotter Rechtsanwälte Partnerschaft mbB,Referendar,München,https://rrlaw.de/kanzlei/karriere/,2026-04-05,2026-04-19,jochem@rrlaw.de
Rotter Rechtsanwälte Partnerschaft mbB,Referendar,Bremen,https://rrlaw.de/kanzlei/karriere/,2026-04-05,2026-04-19,jochem@rrlaw.de
Dr. Solf & Zapf Patent- und Rechtsanwälte,Patentanwalt (m/w/d) – Fachrichtung Maschinenbau / Materialwissenschaften / Werkstoffingenieurwesen,Wuppertal,https://solf-zapf.de/karriere/,2026-04-05,2026-04-25,
SYLVENSTEIN Rechtsanwälte,Referendar für die Wahlstation (m/w/d),Bayern,https://karriere.sylvenstein-law.de/o/referendar-fur-die-wahlstation-mwd-2-3,2026-04-05,2026-04-25,
SYLVENSTEIN Rechtsanwälte,Referendar für die Wahlstation (m/w/d),Deutschland,https://karriere.sylvenstein-law.de/o/referendar-fur-die-wahlstation-mwd-2-3,2026-04-05,2026-04-25,
SIEGERTPAAR Fachanwaltskanzlei für Strafrecht und Verkehrsrecht,Rechtsassessor (m/w/x),Köln,https://kanzlei-siegert-paar.de/karriere/,2026-04-05,2026-04-24,bewerbungen@siegertpaar.de
SIEGERTPAAR Fachanwaltskanzlei für Strafrecht und Verkehrsrecht,Rechtsassessor (m/w/x),München,https://kanzlei-siegert-paar.de/karriere/,2026-04-05,2026-04-24,bewerbungen@siegertpaar.de
SIEGERTPAAR Fachanwaltskanzlei für Strafrecht und Verkehrsrecht,Rechtsreferendar (m/w/x),Köln,https://kanzlei-siegert-paar.de/karriere/,2026-04-05,2026-04-24,bewerbungen@siegertpaar.de
SIEGERTPAAR Fachanwaltskanzlei für Strafrecht und Verkehrsrecht,Rechtsreferendar (m/w/x),München,https://kanzlei-siegert-paar.de/karriere/,2026-04-05,2026-04-24,bewerbungen@siegertpaar.de
SIEGERTPAAR Fachanwaltskanzlei für Strafrecht und Verkehrsrecht,Rechtsstudent (m/w/x),Köln,https://kanzlei-siegert-paar.de/karriere/,2026-04-05,2026-04-24,bewerbungen@siegertpaar.de
SIEGERTPAAR Fachanwaltskanzlei für Strafrecht und Verkehrsrecht,Rechtsstudent (m/w/x),München,https://kanzlei-siegert-paar.de/karriere/,2026-04-05,2026-04-24,bewerbungen@siegertpaar.de
W & R Weigell Rechtsanwälte Partnerschaft mit beschränkter Berufshaftung,Assistenz (m/w/d) zur Unterstützung der internen Verwaltung/ Mitarbeiter (m/w/d) in der Verwaltung / Kaufmann für Bürokommunikation (m/w/d) in Teilzeit / Vollzeit (20 bis 35 Stunden),München,https://weigell.de/karriere/,2026-04-05,2026-04-19,daniela.laus@weigell.de
Rechtsanwälte Guldenkirch,Sekretariatskraft auf 450 Euro Basis für lang- und kurzfristige Aushilfstätigkeiten,München,https://guldenkirch.de/stellenangebote/,2026-04-05,2026-04-25,rechtsanwalt@guldenkirch.de
Baumeister Rechtsanwälte Partnerschaft MBB,Aktuelle Stellenangebote für Rechtsanwaltsfachangestellte (m/w/d),Münster,https://www.baumeister.org/karriere/,2026-04-05,2026-04-25,cillessen@baumeister.org
Baumeister Rechtsanwälte Partnerschaft MBB,Aktuelles Stellenangebot für die Ausbildung als Rechtsanwalts- und Notarfachangestellte (m/w/x),Münster,https://www.baumeister.org/karriere/,2026-04-05,2026-04-25,cillessen@baumeister.org
Baumeister Rechtsanwälte Partnerschaft MBB,Aktuelle Stellenangebote für Rechtsreferendare (m/w/d),Münster,https://www.baumeister.org/karriere/,2026-04-05,2026-04-25,herchen@baumeister.org
Goldbeck - Fachanwalt für Strafrecht und Rechtsanwalt,Praktikum (für Studenten),Münster,https://rechtsanwalt-goldbeck.de/jobs/,2026-04-05,2026-04-25,
"Riedl Andreas Rechtsanwalt, Fachanwalt für Strafrecht, Verkehrsrecht und Versicherungsrecht","Rechtsanwälte/innen (m/d/w) Fachgebiete: Wirtschaftsrecht, Unternehmerberatung, Unternehmensnachfolge/Erbrecht Gesellschaftsrecht, M&A",Schwabach,http://www.linkedin.com/jobs/view/rechtsanwalt-at-rechtsanw%C3%A4lte-f%C3%B6rster-blob-4266233805/,2026-04-05,2026-04-25,
"Riedl Andreas Rechtsanwalt, Fachanwalt für Strafrecht, Verkehrsrecht und Versicherungsrecht","Rechtsanwälte/innen (m/d/w) Fachgebiete: Wirtschaftsrecht, Unternehmerberatung, Unternehmensnachfolge/Erbrecht Gesellschaftsrecht, M&A",Nürnberg,http://www.linkedin.com/jobs/view/rechtsanwalt-at-rechtsanw%C3%A4lte-f%C3%B6rster-blob-4266233805/,2026-04-05,2026-04-25,
Dr. Herzog und Partner Rechtsanwälte mbB,Referendare*innen,Nürnberg,http://www.rae-herzog-partner.de/karriere,2026-04-05,2026-04-25,mail@rae-herzog-partner.de
Dr. Herzog und Partner Rechtsanwälte mbB,Anwaltliche Berufseinsteiger*innen,Nürnberg,http://www.rae-herzog-partner.de/karriere,2026-04-05,2026-04-19,mail@rae-herzog-partner.de
Dr. Herzog und Partner Rechtsanwälte mbB,Etablierte Anwälte*innen,Nürnberg,http://www.rae-herzog-partner.de/karriere,2026-04-05,2026-04-19,mail@rae-herzog-partner.de
Rechtsanwälte & Notar Dr. Keller Oberhausen,Rechtsanwalt (W/M/D) Vollzeit,Mülheim/Ruhr,https://rechtsanwaltnotardrkeller.scope-recruiting.de/,2026-04-05,2026-04-25,bewerbung@rae-drkeller.de
Rechtsanwälte & Notar Dr. Keller Oberhausen,Rechtsanwalt (W/M/D) Vollzeit inkl. Prozessführung,Mülheim/Ruhr,https://rechtsanwaltnotardrkeller.scope-recruiting.de/,2026-04-05,2026-04-25,bewerbung@rae-drkeller.de
Kanzlei Staab.Kollegen | Oldenburg,Rechtsreferendarin / Rechtsreferendar,Delmenhorst,https://www.staab-collegen.de/karriere/,2026-04-05,2026-04-25,info@staab-kollegen.de
Kanzlei Staab.Kollegen | Oldenburg,Rechtsreferendarin / Rechtsreferendar,Oldenburg,https://www.staab-collegen.de/karriere/,2026-04-05,2026-04-25,info@staab-kollegen.de
Kanzlei Staab.Kollegen | Oldenburg,Rechtsanwaltsfachangestellte/r,Delmenhorst,https://www.staab-collegen.de/karriere/,2026-04-05,2026-04-25,bewerbung@staab-kollegen.de
Kanzlei Staab.Kollegen | Oldenburg,Rechtsanwaltsfachangestellte/r,Oldenburg,https://www.staab-collegen.de/karriere/,2026-04-05,2026-04-25,bewerbung@staab-kollegen.de
Kanzlei Staab.Kollegen | Oldenburg,Studentenpraktikantin / Studentenpraktikant,Delmenhorst,https://www.staab-collegen.de/karriere/,2026-04-05,2026-04-25,info@staab-collegen.de
Kanzlei Staab.Kollegen | Oldenburg,Studentenpraktikantin / Studentenpraktikant,Oldenburg,https://www.staab-collegen.de/karriere/,2026-04-05,2026-04-25,info@staab-collegen.de
Kanzlei Staab.Kollegen | Oldenburg,Ausbildung Rechtsanwaltsfachangestellte/r,Delmenhorst,https://www.staab-collegen.de/karriere/,2026-04-05,2026-04-25,info@staab-kollegen.de
Kanzlei Staab.Kollegen | Oldenburg,Ausbildung Rechtsanwaltsfachangestellte/r,Oldenburg,https://www.staab-collegen.de/karriere/,2026-04-05,2026-04-25,info@staab-kollegen.de
Klages und Kollegen eGbR,Auszubildende/r Steuerfachangestellte/r,Osnabrück,https://www.klages-kollegen.de/stellenangebote/,2026-04-05,2026-04-25,willkommen@klages-kollegen.de
Anwaltskanzlei SVM,Auszubildende/r Rechtsanwaltsfachangestellte/r (m/w/d),Osnabrück,https://kanzlei-svm.de/karriere/,2026-04-05,2026-04-25,marx@kanzlei-svm.de
TOP ADAC Anwalt Jost Ferlings ᐅ Rechtsanwalt und Fachanwalt für Verkehrsrecht,Fachanwalt Verkehrsrecht,ADAC,,2026-04-05,2026-04-25,
SFW Fachanwälte für Arbeitsrecht Steigelmann Fischer Weidner Pforzheim,Ausbildungsplatz zur/zum Rechtsanwaltsfachangestellten (m/w/d) in Landau,Landau,https://www.sfw-arbeitsrecht.de/ausbildungsplatz-zur-zum-rechtsanwaltsfachangestellten-m-w-d-in-landau/,2026-04-05,2026-04-19,landau@sfw-arbeitsrecht.de
SFW Fachanwälte für Arbeitsrecht Steigelmann Fischer Weidner Pforzheim,Ausbildungsplatz zur/zum Rechtsanwaltsfachangestellten (m/w/d) in Karlsruhe,Karlsruhe,https://www.sfw-arbeitsrecht.de/ausbildungsplatz-zur-zum-rechtsanwaltsfachangestellten-m-w-d-2/,2026-04-05,2026-04-19,karlsruhe@sfw-arbeitsrecht.de
ilex Rechtsanwälte,Rechtsanwaltsfachangestellte(r) zur Leitung eines Anwaltssekretariats,Berlin,https://www.ilex-recht.de/nachricht-im-detail/wir-stellen-ein-rechtsanwaltsfachangestellter-zur-leitung-eines-anwaltssekretariats.html,2026-04-05,2026-04-25,potsdam@ilex-recht.de
ilex Rechtsanwälte,Rechtsanwaltsfachangestellte/n,Berlin,https://www.ilex-recht.de/nachricht-im-detail/wir-stellen-ein-eine-einen-rechtsanwaltsfachangestellte-n.html,2026-04-05,2026-04-25,potsdam@ilex-recht.de
Sozietät Hövelmann,Steuerfachangestellte/r,Recklinghausen,https://www.karriere-sozietaethoevelmann.de/karriere/,2026-04-05,2026-04-25,kontakt@sozietaet-hoevelmann.de
"Anwaltskanzlei Rockenstein, Lösche & Kollegen",Rechtsanwalt (m/w/d) mit oder ohne Berufserfahrung,Regensburg,https://dein-anwalt-regensburg.de/karriere/,2026-04-05,2026-04-25,info@rockenstein-loesche.de
Benscheid Weckbrodt Kraus Milz,Rechtsanwaltsfachangestellte (w/m/d),Remscheid,https://www.rechtsanwaelte-benscheid.de/kanzlei/,2026-04-05,2026-04-25,info@rechtsanwaelte-benscheid.de
Kollegium Völker - Rechtsanwälte - Partnerschaftsgesellschaft mbB,Auszubildende(r) oder Fachkraft (m/w/d),Reutlingen,http://www.voelkerecht.de/#,2026-04-05,2026-04-25,dv@voelkerecht.de
Dr. Egbert Degner & Kollegen,Ausbildung,Reutlingen,https://dr-degner.de/karriere/,2026-04-05,2026-04-19,kanzlei@dr-degner.de
Dr. Egbert Degner & Kollegen,Praktikum,Reutlingen,https://dr-degner.de/karriere/,2026-04-05,2026-04-19,kanzlei@dr-degner.de
Dr. Egbert Degner & Kollegen,Referendariat,Reutlingen,https://dr-degner.de/karriere/,2026-04-05,2026-04-19,kanzlei@dr-degner.de
"mv-recht - Drewelow, Ziegler & Nickel Rechtsanwälte",Praktikum für Jurastudenten,Rostock,https://www.ihr-anwalt-rostock.de/rechtsanwalt-rostock-jobs/,2026-04-05,2026-04-25,info@mv-recht.de
WAGNER Lawyers Webvocat Partnership,Markenassistent/in Patentreferent/in Quereinsteiger/in (m/w/d) Vollzeit/Teilzeit/Freelancer,Saarbrücken,https://webvocat.de/karriere/patentreferent/,2026-04-05,2026-04-25,
Rechtsanwälte Kotz GbR,Rechtsanwaltsfachangestellte(r) und Notarfachangestellte(r) (m/w/d),Kreuztal,https://www.ra-kotz.de/jobs/reno,2026-04-05,2026-04-19,info@a-kotz.de
Kanzlei Königstraße Köster & Kollegen,Rechtsanwaltsfachangestellte (m/w/d),Stuttgart,https://www.kanzlei-koenigstrasse.de/karriere/sekretariat,2026-04-05,2026-04-25,
Kanzlei Königstraße Köster & Kollegen,Büroassistenz (m/w/d),Stuttgart,https://www.kanzlei-koenigstrasse.de/karriere/sekretariat,2026-04-05,2026-04-25,
DORNKAMP Rechtsanwälte PartGmbB,Wissenschaftliche/r Mitarbeiter/in,Stuttgart,https://www.dornkamp.com/karriere/,2026-04-05,2026-04-25,bewerbung@dornkamp.de
DORNKAMP Rechtsanwälte PartGmbB,Wissenschaftliche/r Mitarbeiter/in,Heidelberg,https://www.dornkamp.com/karriere/,2026-04-05,2026-04-25,bewerbung@dornkamp.de
DORNKAMP Rechtsanwälte PartGmbB,Wissenschaftliche/r Mitarbeiter/in,Berlin,https://www.dornkamp.com/karriere/,2026-04-05,2026-04-25,bewerbung@dornkamp.de
Esper Ihrig & Partner,Referendar/in (Anwalts- oder Wahlstation),Stuttgart,https://www.eip-run.de/de/7/Karriere.html,2026-04-05,2026-04-25,bewerbung@eip-run.de
NAEGELE Rechtsanwälte PartGmbB,Initiativbewerbung,Stuttgart,https://naegele-arbeitsrecht.eu/karriere-2/,2026-04-05,2026-04-25,kanzlei@naegele-arbeitsrecht.eu
Brennecke & Partner Rechtsanwälte Stuttgart,Freie Mitarbeiter / Freie Mitarbeiterinnen,Ortsungebunden,https://www.brennecke-rechtsanwaelte.de/Freie-Mitarbeiter-Freie-Mitarbeiterinnen_70790,2026-04-05,2026-04-19,kontakt@fasp.de
Brennecke & Partner Rechtsanwälte Stuttgart,Autoren gesucht,Ortsungebunden,https://www.brennecke-rechtsanwaelte.de/Autoren-gesucht_134965,2026-04-05,2026-04-19,kontakt@fasp.de
Brennecke & Partner Rechtsanwälte Stuttgart,"Stellenangebot: wissenschaftlicher Mitarbeiter / wissenschaftliche Mitarbeiterin, ortsungebunden (Teilzeit)",Ortsungebunden,https://www.brennecke-rechtsanwaelte.de/Stellenangebot-wissenschaftlicher-Mitarbeiter-wissenschaftliche-Mitarbeiterin-ortsungebunden-Teilzeit_194012,2026-04-05,2026-04-25,kontakt@fasp.de
medavo GmbH Rechtsanwaltsgesellschaft,Initiativbewerbung,Stuttgart,http://www.medavo.de/karriere?view=article&id=51:initiativbewerbung&catid=12#section-bewerbung,2026-04-05,2026-04-25,
TOP ADAC Anwalt Martin Ellinger ᐅ Rechtsanwalt und Fachanwalt für Verkehrsrecht,Fachanwalt Verkehrsrecht,Zentrale/Unbekannt,,2026-04-05,2026-04-19,
Rechtsanwaltskanzlei Cäsar-Preller,Jahrespraktikant/in,Wiesbaden,https://www.caesar-preller.de/jobs/#jobs,2026-04-05,2026-04-19,kanzlei@caesar-preller.de
ANWALTSKANZLEI DELORETTE,Rechtsanwaltsfachangestellte(r) m/w/d,Wuppertal,https://delorette.de/jobs/rechtsanwaltsfachangestelte-m-w-d/,2026-04-05,2026-04-25,info@delorette.de
ANWALTSKANZLEI DELORETTE,Rechtsreferendariat (m/w/d),Wuppertal,https://delorette.de/jobs/rechtsreferndariat-m-w-d/,2026-04-05,2026-04-25,info@delorette.de
ANWALTSKANZLEI DELORETTE,Rechtsanwalt(in) m/w/d,Wuppertal,https://delorette.de/jobs/rechtsanwaltin-m-w-d/,2026-04-05,2026-04-25,info@delorette.de
"Kanzlei Scheibeler, Dr. Elke Scheibeler",Pflichtpraktikum im Rahmen des Studiums der Rechtswissenschaften,Wuppertal,https://kanzlei-scheibeler.de/stellenangebote/,2026-04-05,2026-04-25,kanzlei@kanzlei-scheibeler.de
Dr. Maubach - NS+P Dr. Neumann Schmeer und Partner mbB,Aushilfe (m/w/d) im Bereich Kanzleiorganisation,Aachen,https://www.neumann-schmeer.de/2026/04/08/aushilfe-m-w-d-im-bereich-kanzleiorganisation/,2026-04-12,2026-04-19,info@neumann-schmeer.de
Dr. Maubach - NS+P Dr. Neumann Schmeer und Partner mbB,Aushilfe (m/w/d) im Bereich Kanzleiorganisation,Jülich,https://www.neumann-schmeer.de/2026/04/08/aushilfe-m-w-d-im-bereich-kanzleiorganisation/,2026-04-12,2026-04-19,info@neumann-schmeer.de
Dr. Maubach - NS+P Dr. Neumann Schmeer und Partner mbB,Aushilfe (m/w/d) im Bereich Kanzleiorganisation,Alsdorf,https://www.neumann-schmeer.de/2026/04/08/aushilfe-m-w-d-im-bereich-kanzleiorganisation/,2026-04-12,2026-04-19,info@neumann-schmeer.de
Dr. Maubach - NS+P Dr. Neumann Schmeer und Partner mbB,Aushilfe (m/w/d) im Bereich Kanzleiorganisation,Dresden,https://www.neumann-schmeer.de/2026/04/08/aushilfe-m-w-d-im-bereich-kanzleiorganisation/,2026-04-12,2026-04-19,info@neumann-schmeer.de
Dr. Maubach - NS+P Dr. Neumann Schmeer und Partner mbB,Aushilfe (m/w/d) im Bereich Kanzleiorganisation,Villingen-Schwenningen,https://www.neumann-schmeer.de/2026/04/08/aushilfe-m-w-d-im-bereich-kanzleiorganisation/,2026-04-12,2026-04-19,info@neumann-schmeer.de
Schneider Rechtsanwälte,Rechtsanwalt (m/w),Augsburg,mailto:karriere@sae-kanzlei.de,2026-04-12,2026-04-24,karriere@sae-kanzlei.de
Schneider Rechtsanwälte,BÜROKRAFT,Augsburg,https://www.sae-kanzlei.de/wp-content/uploads/2024/04/Stellenbeschreibung_ReFA.pdf,2026-04-12,2026-04-19,karriere@sae-kanzlei.de
"Wunsch, Schönauer, Leinfelder, Bender, Dehne und Kollegen",Fachanwaltsstelle,Augsburg,https://www.wunschanwalt.de/karriere/,2026-04-12,2026-04-19,info@wunschanwalt.de
"Wunsch, Schönauer, Leinfelder, Bender, Dehne und Kollegen",Initiativbewerbung,Augsburg,https://www.wunschanwalt.de/karriere/,2026-04-12,2026-04-19,info@wunschanwalt.de
vpmk Rechtsanwälte Legal Services PartmbB,Rechtsreferendar:in (m/w/d) für die Anwaltsstation – Schwerpunkt Zivil- und Gesellschaftsrecht mit Schnittstellen zum Migrationsrecht – Teilzeit gesucht,Stuttgart,https://www.vpmk.de/rechtsreferendarin-m-w-d-fuer-die-anwaltsstation-gesucht/,2026-04-12,2026-04-24,
vpmk Rechtsanwälte Legal Services PartmbB,Legal Assistant/Support Lawyer im Bereich Gesellschaftsrecht (m/w/d) – Teilzeit gesucht,Stuttgart,https://www.vpmk.de/legal-assistant-support-lawyer-im-bereich-gesellschaftsrecht-m-w-d-teilzeit-fuer-stuttgart-gesucht/,2026-04-12,2026-04-24,
vpmk Rechtsanwälte Legal Services PartmbB,Legal Assistant/Support Lawyer im Bereich Arbeitsmigrationsrecht (m/w/d) gesucht,Berlin,https://www.vpmk.de/legal-assistant-support-lawyer-im-bereich-arbeitsmigrationsrecht-m-w-d-fuer-stuttgart-gesucht/,2026-04-12,2026-04-24,
vpmk Rechtsanwälte Legal Services PartmbB,Legal Assistant/Support Lawyer im Bereich Arbeitsmigrationsrecht (m/w/d) gesucht,Stuttgart,https://www.vpmk.de/legal-assistant-support-lawyer-im-bereich-arbeitsmigrationsrecht-m-w-d-fuer-stuttgart-gesucht/,2026-04-12,2026-04-24,
Rose & Partner LLP - Lawyers Tax Advisors,ReFa München (m/w/d),München,https://www.rosepartner.de/stellenangebot-rechtsanwalt-refa-referendariat.html,2026-04-12,2026-04-24,bewerbung@rosepartner.de
Rose & Partner LLP - Lawyers Tax Advisors,Team-Assistenz München (m/w/d),München,https://www.rosepartner.de/stellenangebot-rechtsanwalt-refa-referendariat.html,2026-04-12,2026-04-24,bewerbung@rosepartner.de
Rose & Partner LLP - Lawyers Tax Advisors,Fachanwalt Steuerrecht/Steuerberater (m/w/d) Köln,Köln,https://www.rosepartner.de/stellenangebot-rechtsanwalt-refa-referendariat.html,2026-04-12,2026-04-24,bewerbung@rosepartner.de
Rose & Partner LLP - Lawyers Tax Advisors,Fachanwalt Steuerrecht/Steuerberater (m/w/d) München,München,https://www.rosepartner.de/stellenangebot-rechtsanwalt-refa-referendariat.html,2026-04-12,2026-04-24,bewerbung@rosepartner.de
Rose & Partner LLP - Lawyers Tax Advisors,Fachanwalt Steuerrecht/Steuerberater (m/w/d) Berlin,Berlin,https://www.rosepartner.de/stellenangebot-rechtsanwalt-refa-referendariat.html,2026-04-12,2026-04-24,bewerbung@rosepartner.de
Rose & Partner LLP - Lawyers Tax Advisors,Fachanwalt Steuerrecht/Steuerberater (m/w/d) Hamburg,Hamburg,https://www.rosepartner.de/stellenangebot-rechtsanwalt-refa-referendariat.html,2026-04-12,2026-04-24,bewerbung@rosepartner.de
STEINWACHS Rechtsanwaltskanzlei Berlin Mitte Zentrum,Rechtsanwältin/Rechtsanwalt als freie(n) Mitarbeiter/in,Hamburg,https://www.kanzlei-steinwachs.de/karriere/,2026-04-12,2026-04-24,hamburg@kanzlei-steinwachs.de
STEINWACHS Rechtsanwaltskanzlei Berlin Mitte Zentrum,Rechtsanwältin/Rechtsanwalt als freie(n) Mitarbeiter/in,Berlin,https://www.kanzlei-steinwachs.de/karriere/,2026-04-12,2026-04-24,hamburg@kanzlei-steinwachs.de
STEINWACHS Rechtsanwaltskanzlei Berlin Mitte Zentrum,Rechtsanwältin/Rechtsanwalt als freie(n) Mitarbeiter/in,Bremen,https://www.kanzlei-steinwachs.de/karriere/,2026-04-12,2026-04-24,hamburg@kanzlei-steinwachs.de
STEINWACHS Rechtsanwaltskanzlei Berlin Mitte Zentrum,Rechtsanwältin/Rechtsanwalt als freie(n) Mitarbeiter/in,Lübeck,https://www.kanzlei-steinwachs.de/karriere/,2026-04-12,2026-04-24,hamburg@kanzlei-steinwachs.de
STEINWACHS Rechtsanwaltskanzlei Berlin Mitte Zentrum,Rechtsanwältin/Rechtsanwalt als freie(n) Mitarbeiter/in,Hannover,https://www.kanzlei-steinwachs.de/karriere/,2026-04-12,2026-04-24,hamburg@kanzlei-steinwachs.de
CDR Legal - Anwalt Erbrecht Berlin Mitte,Selbstständige Anwälte mit Erfahrung im Erbrecht und Bankrecht,Remote,https://cdr-legal.de/karriere/,2026-04-12,2026-04-19,info@cdr-legal.de
CDR Legal - Anwalt Erbrecht Berlin Mitte,Mitarbeit im Backoffice,Remote,https://cdr-legal.de/karriere/,2026-04-12,2026-04-19,info@cdr-legal.de
Rechtsanwälte Dr. Breuer,Rechtsanwaltsfachangestellte (m/w/d),Berlin,https://xn--fachanwaltfrarbeitsrecht-5sc.net/eine-n-rechtsanwaltsfachangestellte-n-m-w-d-in-teil-oder-vollzeit-gesucht/,2026-04-12,2026-04-19,info@breuer-kanzlei.de
KAYP Rechtsanwaltsgesellschaft mbH,Office-Manager / Office-Managerin,Berlin,mailto:info@kayp.de,2026-04-12,2026-04-24,info@kayp.de
Kanzlei Salman | Rechtsanwalt Husain Salman | Mietrecht | Verkehrsrecht | Strafrecht | Berlin,Fachanwältin bzw. Fachanwalt für Immobilienrecht,Berlin,http://www.kanzlei-salman.de/,2026-04-12,2026-04-24,info@kanzlei-salman.de
"Anwaltskanzlei Heckmann, Kanzlei für Privatinsolvenz und Schuldnerberatung Charlottenburg",Team-Assistenz schuldnerberatende Anwaltskanzlei,Berlin-Charlottenburg,https://www.heckmann.net/stellenangebote/,2026-04-12,2026-04-24,RA@Heckmann.net
"Anwaltskanzlei Heckmann, Kanzlei für Privatinsolvenz und Schuldnerberatung Charlottenburg",Mitarbeiter/in Schuldnerberatung bzw. Insolvenzverwaltung,Berlin-Charlottenburg,https://www.heckmann.net/stellenangebote/,2026-04-12,2026-04-24,RA@Heckmann.net
SOUDRY & SOUDRY Rechtsanwälte und Notar,Notariatsfachangestellte / Notarfachangestellter (m/w/d) – Ausbildung · Berufserfahrene · ReNo · Quereinsteiger,Berlin,https://karriere.soudry.de/,2026-04-12,2026-04-24,
"Kanzlei Mammadli, Rechtsanwalt Habib B. Mammadli",Finanzbuchhalter/-in für die Mandantenbuchhaltung,Berlin,https://ra-mammadli.de/downloads/Anzeige_Buchhaltung_Mitarbeiter.pdf,2026-04-12,2026-04-19,info@ra-mammadli.de
Curant Rechtsanwaltsgesellschaft mbH,Jurist,Berlin,https://www.curant-ra.com/,2026-04-12,2026-04-19,bewerbung@curant-ra.de
Curant Rechtsanwaltsgesellschaft mbH,Juristischer Mitarbeiter,Berlin,https://www.curant-ra.com/,2026-04-12,2026-04-19,bewerbung@curant-ra.de
Rechtsanwalt Roger Näbig - Kanzlei Schulz Kluge Partner Rechtsanwälte,"Rechtsanwaltsfachangestellte/r (w/m/d), unbefristet und in Teilzeit",Berlin,https://www.sk-partner.de/Anwalt_Kontakt_Karriere_de.html,2026-04-12,2026-04-19,bewerbung@sk-partner.de
BRANDI Rechtsanwälte Partnerschaft mbB,Rechtsanwältin / Rechtsanwalt (m/w/d) Immobilienrecht,Bielefeld,http://www.brandi.net/ueber-brandi/karriere/rechtsanwaelte/bielefeld-rechtsanwaeltin-rechtsanwalt-m-w-d-immobilienrecht,2026-04-12,2026-04-24,bielefeld@brandi.net
BRANDI Rechtsanwälte Partnerschaft mbB,Rechtsanwältin / Rechtsanwalt (m/w/d) Gesellschaftsrecht und Steuerrecht,Paderborn,http://www.brandi.net/ueber-brandi/karriere/rechtsanwaelte/paderborn-rechtsanwaeltin-rechtsanwalt-m-w-d-gesellschaftsrecht-und-steuerrecht,2026-04-12,2026-04-24,paderborn@brandi.net
"Rechtsanwalt Behrens Lars H., Fachanwalt für Arbeitsrecht, weitere Tätigkeitsschwerpunkte Strafrecht und Verkehrsrecht",Rechtsanwalt/in (m/w/d),Bochum,https://theo-schmidt.de/rechtsanwalt-in-m-w-d/,2026-04-12,2026-04-19,info@theo-schmidt.de
Kanzlei Theo Schmidt Bochum,Notariatsfachangestellte(n) in ( m/w/d ),Bochum,https://theo-schmidt.de/notarfachangestellten-in-m-w-d-vollzeit/,2026-04-12,2026-04-19,kanzlei@theo-schmidt.de
AULINGER lawyers and notaries,Rechtsanwalt (m/w/d) für Arbeitsrecht,Bochum,https://www.aulinger.eu/karriere/stellenangebote/,2026-04-12,2026-04-19,
Niedergesäß Stephan,"Kauffrau/Kaufmann für Büromanagement (w/m/d) (Entgeltgruppe 9a TV-L, 50%, unbefristet)",Essen,https://www.xing.com/jobs/essen-kauffrau-kaufmann-bueromanagement-entgeltgruppe-9a-tv-50-unbefristet-153024880,2026-04-12,2026-04-19,
Niedergesäß Stephan,Testmanager *in / Testautomatisierung IT-Projekte,Bremen,https://www.xing.com/jobs/bremen-testmanager-testautomatisierung-it-projekte-149780076,2026-04-12,2026-04-19,
Niedergesäß Stephan,Teamleitung Instandsetzung (m/w/d),München,https://www.xing.com/jobs/muenchen-teamleitung-instandsetzung-149998444,2026-04-12,2026-04-19,
Niedergesäß Stephan,Personalreferent / HR Business Partner (m/w/d),Naumburg,https://www.xing.com/jobs/naumburg-personalreferent-hr-business-partner-149197384,2026-04-12,2026-04-19,
Niedergesäß Stephan,Inbetriebnahmeleiter International (m/w/d),Berching,https://www.xing.com/jobs/berching-inbetriebnahmeleiter-international-149731455,2026-04-12,2026-04-19,
"Dr. Henrik Jacoby, lawyer and notary",Rechtsanwalt (m/w/d),Darmstadt,https://anwaelte-da.de/karriere/,2026-04-12,2026-04-19,info@anwaelte-da.de
"Dr. Henrik Jacoby, lawyer and notary",Rechtsanwalt (m/w/d),Darmstadt-Eberstadt,https://anwaelte-da.de/karriere/,2026-04-12,2026-04-19,info@anwaelte-da.de
"Dr. Henrik Jacoby, lawyer and notary",Rechtsanwalt (m/w/d),Mühltal,https://anwaelte-da.de/karriere/,2026-04-12,2026-04-19,info@anwaelte-da.de
"Dr. Henrik Jacoby, lawyer and notary",Ausbildung Rechtsanwalts- und Notarfachangestellte (m/w/d),Darmstadt-Eberstadt,https://anwaelte-da.de/karriere/,2026-04-12,2026-04-19,info@anwaelte-da.de
Sven Reissenberger lawyer,Referendarinnen / Referendare,Dortmund,https://www.reissenberger.com/kanzlei/jobs/,2026-04-12,2026-04-19,
"Noël - Waffenschmidt - Güldenberg - Notare, Rechtsanwälte & Steuerberater",Rechtsanwalt (m/w/d),Duisburg,https://www.noel-waffenschmidt.de/stellenanzeigen/,2026-04-12,2026-04-19,kanzlei@noel-waffenschmidt.de
"Noël - Waffenschmidt - Güldenberg - Notare, Rechtsanwälte & Steuerberater",Rechtsanwalts- / Notarfachangestellter (m/w/d),Duisburg,https://www.noel-waffenschmidt.de/stellenanzeigen/,2026-04-12,2026-04-19,kanzlei@noel-waffenschmidt.de
Borgelt & Partner Rechtsanwälte Düsseldorf,Ausbildungsplatz Rechtsanwaltsfachangestellte/r,Düsseldorf,https://borgelt.de/stellenanzeigen,2026-04-12,2026-04-19,info@borgelt.de
Anwälte für Arbeitsrecht und Verkehrsrecht - Blume & Blume Rechtsanwälte,Referendar (m/w/d),Düsseldorf,https://www.blumeundblume.de/Karriere.html,2026-04-12,2026-04-19,info@blumeundblume.de
Rechtsanwälte Asmus & Koll,Fachanwalt Verkehrsrecht,Zentrale/Unbekannt,,2026-04-12,2026-04-19,
"Schumacher - Rechtsanwälte, Notare & Steuerberater",Wir suchen Auszubildende (m/w/d) zum/zur Rechtsanwalts- und Notarfachangestellten,Essen,https://www.schumacherlaw.com/stellenanzeige/wir-suchen-auszubildende-m-w-d-zum-zur-rechtsanwalts-und-notarfachangestellten-2/,2026-04-12,2026-04-19,info@schumacherlaw.com
Prof. Schlegel • Hohmann • Mangold & Partner,Wissenschaftliche:n Mitarbeiter:in bzw. Studentische Hilfskraft (m/w/d) in Frankfurt,Frankfurt,https://gesundheitsrecht.com/minijob/,2026-04-12,2026-04-19,frankfurt@gesundheitsrecht.com
Prof. Schlegel • Hohmann • Mangold & Partner,Bürokauffrau/-mann (m/w/d) in Frankfurt,Frankfurt,https://gesundheitsrecht.com/buerokauffrau-mann-m-w-d-in-frankfurt/,2026-04-12,2026-04-19,frankfurt@gesundheitsrecht.com
Prof. Schlegel • Hohmann • Mangold & Partner,Rechtsanwaltsfachangestellte/r (m/w/d) in Frankfurt,Frankfurt,https://gesundheitsrecht.com/rechtsanwaltsfachangestellte-r-m-w-d-in-frankfurt/,2026-04-12,2026-04-19,frankfurt@gesundheitsrecht.com
Prof. Schlegel • Hohmann • Mangold & Partner,Referendare (m/w/d) in Frankfurt und Hamburg,Frankfurt,https://gesundheitsrecht.com/referendare-m-w-d-in-frankfurt-und-hamburg/,2026-04-12,2026-04-19,
Prof. Schlegel • Hohmann • Mangold & Partner,Referendare (m/w/d) in Frankfurt und Hamburg,Hamburg,https://gesundheitsrecht.com/referendare-m-w-d-in-frankfurt-und-hamburg/,2026-04-12,2026-04-19,
Anwaltsbüro im Hegarhaus,Rechtsreferendar/in (Anwaltsstation/Wahlstation),Freiburg,https://www.anwaltsbuero-im-hegarhaus.de/kanzlei/stellenangebote/,2026-04-12,2026-04-19,akay@hegarhaus.de
Friedrich Graf von Westphalen & Partner mbB Rechtsanwälte,Empfangsmitarbeiter Rezeptionist (m/w/d),Köln,https://www.fgvw.de/de/karriere/,2026-04-12,2026-04-19,
PFO Rechtsanwälte | Pöhlmann • Früchtl • Oppermann PartmbB,Empfangsmitarbeiter (m/w/d),Nürnberg,https://pfo-anwaelte.de/stellenangebote/empfangsmitarbeiter-m-w-d/,2026-04-12,2026-04-19,
SCHMIDT & SIEGL Rechtsanwälte (Partnerschaft),Pflichtpraktikum für Studierende der Rechtswissenschaften oder verwandter Fakultäten,Gelsenkirchen-Buer,https://kanzlei-schmidt-siegl.de/aktuelles/stellenangebote/,2026-04-12,2026-04-19,kontakt@kanzlei-schmidt-siegl.de
SCHMIDT & SIEGL Rechtsanwälte (Partnerschaft),Pflichtpraktikum für Studierende der Rechtswissenschaften oder verwandter Fakultäten,Recklinghausen,https://kanzlei-schmidt-siegl.de/aktuelles/stellenangebote/,2026-04-12,2026-04-19,kontakt@kanzlei-schmidt-siegl.de
Kanzlei Michaelis Rechtsanwälte,Auszubildende/-r (m/w/d) zur/zum Rechtsanwaltsfachangestellten,Hamburg,https://kanzlei-michaelis.de/karriere/,2026-04-12,2026-04-19,radojcic@kanzlei-michaelis.de
Uhsadel Rechtsanwälte PartGmbB,Rechtsanwalt (m/w/d) – Forderungsbeitreibung,"Steinhöft 5, 20459 Hamburg",https://uhsadel.com/karriere/,2026-04-12,2026-04-24,info@uhsadel.com
Uhsadel Rechtsanwälte PartGmbB,Rechtsanwalt (m/w/d) – Forderungsbeitreibung,"Straßenbahnring 13, 20251 Hamburg",https://uhsadel.com/karriere/,2026-04-12,2026-04-24,info@uhsadel.com
Uhsadel Rechtsanwälte PartGmbB,"Rechtsanwalt (m/w/d) – Transport, Logistik und Schifffahrt","Steinhöft 5, 20459 Hamburg",https://uhsadel.com/karriere/,2026-04-12,2026-04-24,info@uhsadel.com
Uhsadel Rechtsanwälte PartGmbB,"Rechtsanwalt (m/w/d) – Transport, Logistik und Schifffahrt","Straßenbahnring 13, 20251 Hamburg",https://uhsadel.com/karriere/,2026-04-12,2026-04-24,info@uhsadel.com
Uhsadel Rechtsanwälte PartGmbB,Rechtsanwalt (m/w/d) – Versicherungsrecht,"Steinhöft 5, 20459 Hamburg",https://uhsadel.com/karriere/,2026-04-12,2026-04-24,info@uhsadel.com
Uhsadel Rechtsanwälte PartGmbB,Rechtsanwalt (m/w/d) – Versicherungsrecht,"Straßenbahnring 13, 20251 Hamburg",https://uhsadel.com/karriere/,2026-04-12,2026-04-24,info@uhsadel.com
Uhsadel Rechtsanwälte PartGmbB,Rechtsanwaltsfachangestellte (m/w/d),"Steinhöft 5, 20459 Hamburg",https://uhsadel.com/karriere/,2026-04-12,2026-04-24,info@uhsadel.com
Uhsadel Rechtsanwälte PartGmbB,Rechtsanwaltsfachangestellte (m/w/d),"Straßenbahnring 13, 20251 Hamburg",https://uhsadel.com/karriere/,2026-04-12,2026-04-24,info@uhsadel.com
Uhsadel Rechtsanwälte PartGmbB,Teamassistenz (m/w/d),"Steinhöft 5, 20459 Hamburg",https://uhsadel.com/karriere/,2026-04-12,2026-04-24,info@uhsadel.com
Uhsadel Rechtsanwälte PartGmbB,Teamassistenz (m/w/d),"Straßenbahnring 13, 20251 Hamburg",https://uhsadel.com/karriere/,2026-04-12,2026-04-24,info@uhsadel.com
Uhsadel Rechtsanwälte PartGmbB,Ausbildung zur Rechtsanwaltsfachangestellten (m/w/d),"Steinhöft 5, 20459 Hamburg",https://uhsadel.com/karriere/,2026-04-12,2026-04-24,info@uhsadel.com
Uhsadel Rechtsanwälte PartGmbB,Ausbildung zur Rechtsanwaltsfachangestellten (m/w/d),"Straßenbahnring 13, 20251 Hamburg",https://uhsadel.com/karriere/,2026-04-12,2026-04-24,info@uhsadel.com
"BUSE HERZ GRUNST Rechtsanwälte Hamburg | Markenrecht, Medienrecht, Strafrecht, Urheberrecht",Bürofachkraft (m/w/d) in Voll- oder Teilzeit,Berlin,https://www.kanzlei.law/unser-team/karriere/,2026-04-12,2026-04-19,herz@kanzlei.law
"BUSE HERZ GRUNST Rechtsanwälte Hamburg | Markenrecht, Medienrecht, Strafrecht, Urheberrecht",Studentischer Mitarbeiter/ Werkstudent (m/w/d) für das Sekretariat,Berlin,https://www.kanzlei.law/unser-team/karriere/,2026-04-12,2026-04-19,herz@kanzlei.law
Dr. Röh & Partner - Rechtsanwälte und Steuerberater,Steuerfachwirt (m/w/d),München,https://roeh-partner.de/karriere/#stellen,2026-04-12,2026-04-24,sekretariat@roeh-partner.de
Steuerberater Hamburg Thoms Consulting Steuerberatungsgesellschaft mbH,Steuerfachangestellter oder Steuerfachwirt (m/w/d),Wellingsbüttel,https://www.thoms-steuerberater-hamburg.de/jobs/,2026-04-12,2026-04-24,s.thoms@thoms-consulting.de
Steuerberater Hamburg Thoms Consulting Steuerberatungsgesellschaft mbH,Steuerfachangestellter oder Steuerfachwirt (m/w/d),Ohlsdorf,https://www.thoms-steuerberater-hamburg.de/jobs/,2026-04-12,2026-04-24,s.thoms@thoms-consulting.de
WIECHERS-JAHN – Rechtsanwälte und Notarin,Erfahrene Notariatsfachangestellte (m/w/d),Hamburg,http://www.wiechers-jahn.de/jobs/,2026-04-12,2026-04-24,kanzlei@wiechersjahn.de
Dr. Eick & Partner Rechtsanwälte Partnerschaft mbB,Rechtsanwälte (m/w/d) - Bau- und Architektenrecht,Dresden,https://www.dr-eick.de/karriere,2026-04-12,2026-04-19,bewerbungen.dresden@dr-eick.de
"Rechtsanwalt Daniel Ciobanu, MLE Kanzlei in Hannover",Rechtsanwaltsfachangestellte (m/w/d) (Ausbildung),Hannover,https://rechtsanwalt-ciobanu.de/karriere,2026-04-12,2026-04-19,kontakt@rechtsanwalt-ciobanu.de}]}``` ماحول{
Dr. Papsch & Collegen Rechtsanwälte,Rechtsanwalt (m/w/d) für Miet- und Wohnungseigentumsrecht,Hannover,https://papsch.de/stellenangebote/,2026-04-12,2026-04-24,joerns@papsch.de
JURCAR GbR - Kanzlei für Verkehrsrecht,Quereinsteiger (m/w/d),Hannover,https://www.jurcar.de/karriere,2026-04-12,2026-04-24,bewerbung@jurcar.de
ZIEHM RECHTSANWÄLTE PartGmbB,Rechtsfachwirt/in oder Rechtsanwalts- und Notarfachangestellte/n,Hannover,https://www.ziehm-rae.de/stellenangebote/,2026-04-12,2026-04-19,kanzlei@ziehm-rae.de
Hassenpflug Rechtsanwaltsgesellschaft mbH,Steuerberater/in,Homberg/E.,https://www.hassenpflug-rechtsanwaelte.de/aktuelles/stellenangebote.html,2026-04-12,2026-04-24,bewerbung@hassenpflug-rechtsanwaelte.de
Hassenpflug Rechtsanwaltsgesellschaft mbH,"Steuerfachangestellte/r, Bilanzbuchhalter/in, Fachwirt/in",Homberg/E.,https://www.hassenpflug-rechtsanwaelte.de/aktuelles/stellenangebote.html,2026-04-12,2026-04-24,bewerbung@hassenpflug-rechtsanwaelte.de
TGH Thomas Rechtsanwälte Partnerschaftsgesellschaft mbB,Referendare (m/w/d),Krefeld,https://tgh-thomas.de/karriere#karriere_referendare,2026-04-12,2026-04-24,info@tgh-thomas.de
TGH Thomas Rechtsanwälte Partnerschaftsgesellschaft mbB,Referendare (m/w/d),Kempen,https://tgh-thomas.de/karriere#karriere_referendare,2026-04-12,2026-04-24,info@tgh-thomas.de
TGH Thomas Rechtsanwälte Partnerschaftsgesellschaft mbB,Referendare (m/w/d),Kalkar,https://tgh-thomas.de/karriere#karriere_referendare,2026-04-12,2026-04-24,info@tgh-thomas.de
Kraemer.Law Fachanwaltskanzlei,Fachanwalt,Bonn,https://www.kraemer.law/karriere,2026-04-12,2026-04-24,info@kraemer.law
Kraemer.Law Fachanwaltskanzlei,Fachanwalt,Köln,https://www.kraemer.law/karriere,2026-04-12,2026-04-24,info@kraemer.law
Kraemer.Law Fachanwaltskanzlei,Rechtsanwalt mit Berufserfahrung,Bonn,https://www.kraemer.law/karriere,2026-04-12,2026-04-24,info@kraemer.law
Kraemer.Law Fachanwaltskanzlei,Rechtsanwalt mit Berufserfahrung,Köln,https://www.kraemer.law/karriere,2026-04-12,2026-04-24,info@kraemer.law
Kraemer.Law Fachanwaltskanzlei,Rechtsanwaltsfachangestellte/r,Bonn,https://www.kraemer.law/karriere,2026-04-12,2026-04-24,info@kraemer.law
Kraemer.Law Fachanwaltskanzlei,Rechtsanwaltsfachangestellte/r,Köln,https://www.kraemer.law/karriere,2026-04-12,2026-04-24,info@kraemer.law
Haintz legal Rechtsanwalts GmbH,Rechtsanwalt / Rechtsanwältin (m/w/d),Köln,https://www.haintz-legal.de/karriere,2026-04-12,2026-04-19,kanzlei@haintz-legal.de
Haintz legal Rechtsanwalts GmbH,Rechtsanwalt / Rechtsanwältin (m/w/d),Stuttgart,https://www.haintz-legal.de/karriere,2026-04-12,2026-04-19,kanzlei@haintz-legal.de
Haintz legal Rechtsanwalts GmbH,Rechtsanwalt / Rechtsanwältin (m/w/d),International,https://www.haintz-legal.de/karriere,2026-04-12,2026-04-19,kanzlei@haintz-legal.de
NFP Rechtsanwälte,Schülerpraktikum,Leipzig,https://www.nfp-kanzlei.de/karriere/,2026-04-12,2026-04-24,karriere@nfp-kanzlei.de
Stolzenburg Ingo,Sales-Manager/-in (Vollzeit),Leipzig,https://www.anwaltinfos.de/jobs.html,2026-04-12,2026-04-24,
Stolzenburg Ingo,Programmierer/-in (Vollzeit),Leipzig,https://www.anwaltinfos.de/jobs.html,2026-04-12,2026-04-24,
Stolzenburg Ingo,Online PR Manager/-in (Vollzeit),Leipzig,https://www.anwaltinfos.de/jobs.html,2026-04-12,2026-04-24,
Stolzenburg Ingo,Country-Manager/-in Italien,Italien,https://www.anwaltinfos.de/jobs.html,2026-04-12,2026-04-24,
Stolzenburg Ingo,Country-Manager/-in Spanien,Spanien,https://www.anwaltinfos.de/jobs.html,2026-04-12,2026-04-24,
Stolzenburg Ingo,Country-Manager/-in Frankreich,Frankreich,https://www.anwaltinfos.de/jobs.html,2026-04-12,2026-04-24,
Stolzenburg Ingo,Country-Manager/-in UK,UK,https://www.anwaltinfos.de/jobs.html,2026-04-12,2026-04-24,
Stolzenburg Ingo,Country-Manager/-in USA,USA,https://www.anwaltinfos.de/jobs.html,2026-04-12,2026-04-24,
"buero.malkus - Rechtsanwaltskanzlei in Leipzig für Immobilien-, WEG-, Grundstücks- und Mietrecht | Strafverteidigung",Ausbildungsplatz Rechtsanwaltsfachangestellte/r,Leipzig,https://malkus.lawyer/profil-rechtsanwaltskanzlei-leipzig/karriere-und-ausbildung/,2026-04-12,2026-04-25,buero@malkus.lawyer
Alexander Klein,ReferendarInnenausbildung,Ludwigshafen,https://www.kanzlei13.de/ausbildungen,2026-04-12,2026-04-19,info@kanzlei13.de
Dr. Christoph Triltsch,Referendariat,Lübeck,https://kanzlei-am-standesamt.de/referendariat/,2026-04-12,2026-04-25,info@kanzlei-am-standesamt.de
Anwaltskanzlei Herfet & Özpolat Rechtsanwälte PartGmbB in Mönchengladbach,Rechtsanwaltsfachangestellte (m/w/d) In Vollzeit,Mönchengladbach,https://herfet-oezpolat.de/karriere/,2026-04-12,2026-04-25,v.duismann@herfet-oezpolat.de
Dr. Schreiner + Partner Rechtsanwälte PartGmbB,Rechtsanwaltsfachangestellte (m/w/d),Attendorn,https://www.rae-schreiner.de/stellenanzeige/rechtsanwaltsfachangestellte-sekretaerin-m-w-d/,2026-04-12,2026-04-19,karriere@rae-schreiner.de
Pöhlmann · Früchtl · Oppermann Rechtsanwälte PartmbB,Empfangsmitarbeiter (m/w/d),Nürnberg,https://pfo-anwaelte.de/stellenangebote/empfangsmitarbeiter-m-w-d/,2026-04-12,2026-04-25,
"BUSE HERZ GRUNST Rechtsanwälte München | Medienrecht, Markenrecht, Strafrecht, Urheberrecht",Rechtsanwaltsfachangestellte (m/w/d) in Voll- oder Teilzeit,Homeoffice (bundesweit),https://www.kanzlei.law/unser-team/karriere/,2026-04-12,2026-04-19,herz@kanzlei.law
Steinbock & Partner Rechtsanwaltskanzlei,Wir suchen Verstärkung im Bereich Lohn- und Gehaltsbuchhaltung!,Bundesweit,https://www.steinbock-partner.de/stellenangebote/,2026-04-12,2026-04-25,info@steinbock-partner.de
"Dr. Heinicke, Eggebrecht & Partner mbB Rechtsanwälte",Auszubildende (m/w/d),Obersendling,https://www.heinicke-eggebrecht.com/karriere/,2026-04-12,2026-04-19,bewerbung@heinicke-eggebrecht.com
SYLVENSTEIN Rechtsanwälte,Rechtsanwalt (m/w/d) im Arbeitsrecht,München,https://karriere.sylvenstein-law.de/o/rechtsanwalt-mwd-im-arbeitsrecht-7,2026-04-12,2026-04-25,
SYLVENSTEIN Rechtsanwälte,Rechtsanwalt (m/w/d) im Arbeitsrecht,Bayern,https://karriere.sylvenstein-law.de/o/rechtsanwalt-mwd-im-arbeitsrecht-7,2026-04-12,2026-04-25,
SYLVENSTEIN Rechtsanwälte,Rechtsanwalt (m/w/d) im Arbeitsrecht,Deutschland,https://karriere.sylvenstein-law.de/o/rechtsanwalt-mwd-im-arbeitsrecht-7,2026-04-12,2026-04-25,
Goldbeck - Fachanwalt für Strafrecht und Rechtsanwalt,Praktikum (für Studenten),Düsseldorf,https://rechtsanwalt-goldbeck.de/jobs/,2026-04-12,2026-04-25,
Dr. Hüsch & Partner Rechtsanwälte,Rechtsanwältin/ einen Rechtsanwalt (m/w/d) für eine Vollzeitstelle im Bereich Allgemeines Zivilrecht Schwerpunkt Erbrecht,Neuss,http://www.huesch-und-partner.de/karriere.html,2026-04-12,2026-04-25,
Dr. Hüsch & Partner Rechtsanwälte,Rechtsanwaltsfachangestellte / einen Rechtsanwaltsfachangestellten (m/w/d) für eine Teilzeit oder Vollzeitstelle,Neuss,http://www.huesch-und-partner.de/karriere.html,2026-04-12,2026-04-25,
Dr. Hüsch & Partner Rechtsanwälte,Auszubildende / einen Auszubildenden (m/w/d) zur/ zum Rechtsanwaltsfachangestellten,Neuss,http://www.huesch-und-partner.de/karriere.html,2026-04-12,2026-04-25,
FRIES Rechtsanwälte Partnerschaft mbB,Rechtsanwaltsfachangestellte (m/w/d) in Nürnberg,Nürnberg,https://fries.law/rechtsanwaltsfachangestellte-m-w-d-in-nuernberg.html,2026-04-12,2026-04-25,zentrale@fries.law
FRIES Rechtsanwälte Partnerschaft mbB,Schreibkraft (m/w/d) in Nürnberg,Nürnberg,https://fries.law/schreibkraft-m-w-d-in-nuernberg.html,2026-04-12,2026-04-25,zentrale@fries.law
Besold Rechtsanwälte,Werden Sie als Rechtsanwaltsfachangestellte(r) (m/w/d) Teil des Teams der Besold Rechtsanwälte,Schwabach,https://www.besold-rae.de/stellenanzeige/werden-sie-als-rechtsanwaltsfachangestellter-m-w-d-teil-des-teams-der-besold-rechtsanwaelte/,2026-04-12,2026-04-25,recht@besold-rae.de
Besold Rechtsanwälte,Werden Sie als Rechtsanwaltsfachangestellte(r) (m/w/d) Teil des Teams der Besold Rechtsanwälte,Nürnberg,https://www.besold-rae.de/stellenanzeige/werden-sie-als-rechtsanwaltsfachangestellter-m-w-d-teil-des-teams-der-besold-rechtsanwaelte/,2026-04-12,2026-04-25,recht@besold-rae.de
Besold Rechtsanwälte,Werden Sie als Rechtsanwalt (m/w/d) Teil des Teams der Besold Rechtsanwälte,Schwabach,https://www.besold-rae.de/stellenanzeige/stellenanzeige-ra-rain/,2026-04-12,2026-04-25,recht@besold-rae.de
Besold Rechtsanwälte,Werden Sie als Rechtsanwalt (m/w/d) Teil des Teams der Besold Rechtsanwälte,Nürnberg,https://www.besold-rae.de/stellenanzeige/stellenanzeige-ra-rain/,2026-04-12,2026-04-25,recht@besold-rae.de
Emschermann / Rechtsanwälte und Notarin in Kooperation,Verstärkung (m/w/d) im Notariat,Oberhausen,https://www.kanzlei-ob.de/,2026-04-12,2026-04-25,info@kanzlei-ob.de
"Anwaltspartnerschaft von Appen, Prof. Dr. Fischer, Prof. Schonebeck mbB und Notare",Rechtsanwältin oder einen Rechtsanwalt (m/w/d),Oldenburg,http://www.rae-vonappen.de/karriere,2026-04-12,2026-04-19,tobias.pancratz@rae-vonappen.de
HELLMANN Fachanwälte Rechtsanwälte in Partnerschaft mbB,Rechtsreferendar (Anwalts- oder Wahlstation),Osnabrück,https://hellmann-fachanwaelte.de/karriere/,2026-04-12,2026-04-19,kanzlei@hellmann-fachanwaelte.de
ilex Rechtsanwälte,Rechtsreferendare,Potsdam,https://www.ilex-recht.de/karriere.html,2026-04-12,2026-04-25,potsdam@ilex-recht.de
Schäfer & Partner Rechtsanwälte GbR,Fachinformatiker / Systemintegration (m/w/d),Osnabrück,https://www.domainprofi.com/de/karriere/,2026-04-12,2026-04-25,steinkamp@domainprofi.com
Schäfer & Partner Rechtsanwälte GbR,Business Development Manager (m/w/d),Homeoffice,https://www.domainprofi.com/de/karriere/,2026-04-12,2026-04-25,steinkamp@domainprofi.com
Schäfer & Partner Rechtsanwälte GbR,Vertriebsmitarbeiter (m/w/d),Homeoffice,https://www.domainprofi.com/de/karriere/,2026-04-12,2026-04-25,steinkamp@domainprofi.com
DR. GÜLDÜ Rechtsanwälte,Rechtsanwältin/Rechtsanwalt (m/w/d) in Voll- oder Teilzeit gesucht,Reutlingen,https://www.kanzlei-gueldue.de/,2026-04-12,2026-04-25,e.gueldue@kanzlei-gueldue.de
DR. GÜLDÜ Rechtsanwälte,Rechtsanwaltsfachangestellte/r (m/w/d) in Voll- oder Teilzeit (mind. 50%) gesucht,Reutlingen,https://www.kanzlei-gueldue.de/,2026-04-12,2026-04-25,e.gueldue@kanzlei-gueldue.de
Geiersberger Glas & Partner mbB Rechtsanwälte Rostock,Rechtsanwalt für Gesellschafts- und Energierecht (m/w/d),Rostock,http://www.geiersberger.de/karriere-energierecht.htm,2026-04-12,2026-04-25,karriere@geiersberger.de
Geiersberger Glas & Partner mbB Rechtsanwälte Rostock,Rechtsanwalt für Gesellschafts- und Energierecht (m/w/d),Schwerin,http://www.geiersberger.de/karriere-energierecht.htm,2026-04-12,2026-04-25,karriere@geiersberger.de
Geiersberger Glas & Partner mbB Rechtsanwälte Rostock,Rechtsanwaltsfachangestellte/r (m/w/d),Rostock,http://www.geiersberger.de/karriere-rechtsanwaltsfachangestellte.htm,2026-04-12,2026-04-25,karriere@geiersberger.de
Geiersberger Glas & Partner mbB Rechtsanwälte Rostock,Auszubildende/r zur/m Rechtsanwaltsfachangestellten (m/w/d),Rostock,https://www.geiersberger.de/karriere-auszubildende-hro.htm,2026-04-12,2026-04-25,karriere@geiersberger.de
Cordes & Wessel - Kanzlei für Steuerrecht und Steuerberatung,Steuerfachangestellte,Rostock,https://www.cordes-wessel.de/team-und-karriere,2026-04-12,2026-04-19,kanzlei@cordes-wessel.de
Cordes & Wessel - Kanzlei für Steuerrecht und Steuerberatung,Auszubildende,Rostock,https://www.cordes-wessel.de/team-und-karriere,2026-04-12,2026-04-19,kanzlei@cordes-wessel.de
Kanzlei Königstraße Köster & Kollegen,Referendar (m/w/d),Stuttgart,https://www.kanzlei-koenigstrasse.de/karriere/referendariat,2026-04-12,2026-04-25,
Anwaltskanzlei SHP,Kollege (m/w/d) für Arbeitsrecht,Stuttgart,https://www.shp-anwaltskanzlei.de/karriere.html,2026-04-12,2026-04-25,j.schmitt@shp-anwaltskanzlei.de
Anwaltskanzlei SHP,Referendare (m/w/d) für Arbeitsrecht,Stuttgart,https://www.shp-anwaltskanzlei.de/karriere.html,2026-04-12,2026-04-25,j.schmitt@shp-anwaltskanzlei.de
Werwigk Henne Partnerschaft mbB,Rechtsanwalt / Rechtsanwältin,Stuttgart,https://www.werwigkhenne.de/,2026-04-12,2026-04-25,bewerbung@werwigkhenne.de
SCHORK KAUFFMANN BREMENKAMP - Stuttgart - Rechtsanwälte-Fachanwälte,Rechtsanwältin/Rechtsanwalt (m/w/d) für privates Bau- und Architektenrecht sowie Miet- und Wohnungseigentumsrecht – Karlsruhe,Karlsruhe,https://skb-legal.com/job/rechtsanwaeltin-rechtsanwalt-m-w-d-fuer-privates-bau-und-architektenrecht-sowie-miet-und-wohnungseigentumsrecht-karlsruhe/,2026-04-12,2026-04-25,karriere@skb-legal.com
SCHORK KAUFFMANN BREMENKAMP - Stuttgart - Rechtsanwälte-Fachanwälte,Mitarbeiter/in Empfang und Telefon (m/w/d) – Karlsruhe,Karlsruhe,https://skb-legal.com/job/mitarbeiter-in-empfang-und-telefon-m-w-d/,2026-04-12,2026-04-25,karriere@skb-legal.com
SCHORK KAUFFMANN BREMENKAMP - Stuttgart - Rechtsanwälte-Fachanwälte,Rechtsanwältin/Rechtsanwalt (m/w/d) für Handels- und Gesellschaftsrecht und Wirtschaftsrecht – Karlsruhe,Karlsruhe,https://skb-legal.com/job/rechtsanwaeltin-rechtsanwalt-m-w-d-fuer-handels-und-gesellschaftsrecht-und-wirtschaftsrecht-karlsruhe/,2026-04-12,2026-04-25,karriere@skb-legal.com
SCHORK KAUFFMANN BREMENKAMP - Stuttgart - Rechtsanwälte-Fachanwälte,Buchhalter/in (m/w/d) – Karlsruhe,Karlsruhe,https://skb-legal.com/job/buchhalter-in-m-w-d-karlsruhe/,2026-04-12,2026-04-25,karriere@skb-legal.com
SCHORK KAUFFMANN BREMENKAMP - Stuttgart - Rechtsanwälte-Fachanwälte,"Rechtsanwaltsfachangestellte, Diplom-Jurist/in oder Wirtschaftsjurist/in (jeweils m/w/d) – Karlsruhe",Karlsruhe,https://skb-legal.com/job/rechtsanwaltsfachangestellte-diplom-jurist-in-oder-wirtschaftsjurist-in-jeweils-m-w-d-karlsruhe/,2026-04-12,2026-04-25,karriere@skb-legal.com
SCHORK KAUFFMANN BREMENKAMP - Stuttgart - Rechtsanwälte-Fachanwälte,Verkehrsunfallsachbearbeiter/in (m/w/d) – Karlsruhe,Karlsruhe,https://skb-legal.com/job/verkehrsunfallsachbearbeiterin-karlsruhe-m-w-d/,2026-04-12,2026-04-25,karriere@skb-legal.com
SCHORK KAUFFMANN BREMENKAMP - Stuttgart - Rechtsanwälte-Fachanwälte,Rechtsanwaltsfachangestellte/n oder Rechtsfachwirt/in (jeweils m/w/d) – Stuttgart / Karlsruhe,Stuttgart,https://skb-legal.com/job/rechtsanwalt-m-w-d-stuttgart-karlsruhe/,2026-04-12,2026-04-25,karriere@skb-legal.com
SCHORK KAUFFMANN BREMENKAMP - Stuttgart - Rechtsanwälte-Fachanwälte,Rechtsanwaltsfachangestellte/n oder Rechtsfachwirt/in (jeweils m/w/d) – Stuttgart / Karlsruhe,Karlsruhe,https://skb-legal.com/job/rechtsanwalt-m-w-d-stuttgart-karlsruhe/,2026-04-12,2026-04-25,karriere@skb-legal.com
SCHORK KAUFFMANN BREMENKAMP - Stuttgart - Rechtsanwälte-Fachanwälte,Rechtsanwältin / Rechtsanwalt (m/w/d) – Karlsruhe,Karlsruhe,https://skb-legal.com/job/rechtsanwalt-m-w-d-karlsruhe/,2026-04-12,2026-04-25,karriere@skb-legal.com
Esper Ihrig & Partner,Praktikum (studienbegleitend),Stuttgart,https://www.eip-run.de/de/7/Karriere.html,2026-04-12,2026-04-25,bewerbung@eip-run.de
Rechtsanwälte Diesel | Schmitt | Ammer und Partner mbB,Offene Stellen,Trier,https://ra-diesel.de/karriere,2026-04-12,2026-04-25,info@ra-diesel.de
Attorney Dr. Heinz Schmid,Auszubildende/n zur/m Rechtsanwaltsfachangestellte/n (m/w/d),Ulm,https://schmid-rechtsanwalt-ulm.de/rechtsanwalt-ulm-arbeitsrecht-kfz-und-baumaschinenrecht/wir-bilden-aus/,2026-04-12,2026-04-25,ra@drschmidulm.de
MUNTE Rechtsanwälte · Notare,Auszubildende (m/w) die den Beruf der Rechtsanwalts- und Notarfachangestellten erlernen möchten,Wolfsburg,https://munte.de/die-kanzlei/karriere/,2026-04-12,2026-04-25,b.munte@munte.de
GKS Rechtsanwälte,Rechtsanwaltsfachangestellte (m/w/d),Wuppertal,https://gks-rechtsanwaelte.de/karriere/rechtsanwaltsfachangestellte-m-w-d/,2026-04-12,2026-04-25,jaeger@gks-rechtsanwaelte.de
"Kanzlei Scheibeler, Dr. Elke Scheibeler",Pflichtpraktikum (Rechtswissenschaften),Wuppertal,https://kanzlei-scheibeler.de/stellenangebote/,2026-04-12,2026-04-19,kanzlei@kanzlei-scheibeler.de
Dr. Waldhorn & Partner Rechtsanwälte mbB,Anwalt/Anwältin (m/w/d) Initiativbewerbung,Würzburg,https://www.kanzlei-waldhorn.info/karriere/,2026-04-12,2026-04-25,bewerbung@kanzlei-waldhorn.info
Anwaltskanzlei Bex,Terminsvertretungen in Aachen,Aachen,http://www.rechtsanwalt-bex.de/terminsvertretungen.html,2026-04-19,2026-04-19,bex@rechtsanwalt-bex.de
"AIXLAW Rechtsanwälte Speicher,Betzer PartGmbB",Rechtsanwälte und Rechtsanwältinnen,Aachen,https://aixlaw.de/service/karriere/,2026-04-19,2026-04-19,karriere@aixlaw.de
"AIXLAW Rechtsanwälte Speicher,Betzer PartGmbB",Steuerberater und Steuerberaterinnen,Aachen,https://aixlaw.de/service/karriere/,2026-04-19,2026-04-19,karriere@aixlaw.de
"AIXLAW Rechtsanwälte Speicher,Betzer PartGmbB","Wirtschaftsjurist/in (Wissenschaftliche Mitarbeiter, Werkstudent, Praxissemester, Duale Ausbildung)",Aachen,https://aixlaw.de/service/karriere/,2026-04-19,2026-04-19,karriere@aixlaw.de
Abedin & Schwiering Partnerschaft von Rechtsanwälten mbB,Initiativbewerbung Rechtsanwalt / Jurist (m/w/d) für Gesellschaftsrecht sowie IT- und Datenschutzrecht,Aachen,https://aspvr.de/karriere/,2026-04-19,2026-04-19,kanzlei@as-pvr.de
Schneider Rechtsanwälte,RECHTSANWALT,Augsburg,https://www.sae-kanzlei.de/karriere/,2026-04-19,2026-04-19,karriere@sae-kanzlei.de
JuS Lawyers Schloms and partners,"Rechtsanwalt (m/w/d) (im Bereich Unternehmen, Handel, Technologie)",Augsburg,https://www.jus-kanzlei.de/jus-karriere/,2026-04-19,2026-04-19,bewerbung@jus-kanzlei.de
Rechtsanwaltskanzlei Dr. Aziz Kaba,Erasmus-Student,Bergisch Gladbach,http://www.dr-kaba.de/#tm-top-d,2026-04-19,2026-04-19,
Rechtsanwaltskanzlei Dr. Aziz Kaba,Jura-Student (Pflichtpraktikum),Bergisch Gladbach,http://www.dr-kaba.de/#tm-top-d,2026-04-19,2026-04-19,
Rechtsanwaltskanzlei Dr. Aziz Kaba,Referendar,Bergisch Gladbach,http://www.dr-kaba.de/#tm-top-d,2026-04-19,2026-04-19,
Tegtmeier und Partner PartG • Rechtsanwälte und Notare,Rechtsanwalts- und Notarfachangestellte oder Notarfachangestellte oder Notarfachwirtin (m/w/d),Berlin-Mitte,http://www.tegtmeier-berlin.de/karriere/,2026-04-19,2026-04-19,karriere@tegtmeier-berlin.de
Tegtmeier und Partner PartG • Rechtsanwälte und Notare,Auszubildende für den Beruf der / des Rechtsanwalts- und Notarfachangestellten,Berlin-Mitte,http://www.tegtmeier-berlin.de/karriere/,2026-04-19,2026-04-19,reiter@tegtmeier-berlin.de
vpmk Rechtsanwälte Legal Services PartmbB,Rechtsreferendar:in (m/w/d) für die Anwaltsstation – Schwerpunkt Zivil- und Gesellschaftsrecht mit Schnittstellen zum Migrationsrecht – Teilzeit,Stuttgart,https://www.vpmk.de/rechtsreferendarin-m-w-d-fuer-die-anwaltsstation-gesucht/,2026-04-19,2026-04-19,
vpmk Rechtsanwälte Legal Services PartmbB,Legal Assistant/Support Lawyer im Bereich Gesellschaftsrecht (m/w/d) – Teilzeit,Stuttgart,https://www.vpmk.de/legal-assistant-support-lawyer-im-bereich-gesellschaftsrecht-m-w-d-teilzeit-fuer-stuttgart-gesucht/,2026-04-19,2026-04-19,
vpmk Rechtsanwälte Legal Services PartmbB,Coordinator in Teilzeit oder Vollzeit (m/w/d),Berlin,https://www.vpmk.de/coordinator-in-teilzeit-oder-vollzeit-m-w-d-fuer-berlin-gesucht/,2026-04-19,2026-04-19,
vpmk Rechtsanwälte Legal Services PartmbB,Legal Assistant/Support Lawyer im Bereich Arbeitsmigrationsrecht (m/w/d),Berlin,https://www.vpmk.de/legal-assistant-support-lawyer-im-bereich-arbeitsmigrationsrecht-m-w-d-fuer-stuttgart-gesucht/,2026-04-19,2026-04-19,
vpmk Rechtsanwälte Legal Services PartmbB,Legal Assistant/Support Lawyer im Bereich Arbeitsmigrationsrecht (m/w/d),Stuttgart,https://www.vpmk.de/legal-assistant-support-lawyer-im-bereich-arbeitsmigrationsrecht-m-w-d-fuer-stuttgart-gesucht/,2026-04-19,2026-04-19,
vpmk Rechtsanwälte Legal Services PartmbB,Coordinator in Teilzeit oder Vollzeit (m/w/d) für Hilfstätigkeit in international tätiger Kanzlei,Stuttgart,https://www.vpmk.de/coordinator-in-teilzeit-oder-vollzeit-m-w-d-fuer-hilfstaetigkeit-in-international-taetiger-kanzlei-gesucht/,2026-04-19,2026-04-19,
vpmk Rechtsanwälte Legal Services PartmbB,Coordinator in Teilzeit oder Vollzeit (m/w/d) für Hilfstätigkeit in international tätiger Kanzlei,Berlin,https://www.vpmk.de/coordinator-in-teilzeit-oder-vollzeit-m-w-d-fuer-hilfstaetigkeit-in-international-taetiger-kanzlei-gesucht/,2026-04-19,2026-04-19,
vpmk Rechtsanwälte Legal Services PartmbB,Referendarinnen/Referendare im Bereich (Arbeits-) Migrationsrecht/ Allgemeines Migrationsrecht,Berlin,https://www.vpmk.de/referendarinnen-referendare-gesucht/,2026-04-19,2026-04-19,
vpmk Rechtsanwälte Legal Services PartmbB,Referendarinnen/Referendare im Bereich (Arbeits-) Migrationsrecht/ Allgemeines Migrationsrecht,Stuttgart,https://www.vpmk.de/referendarinnen-referendare-gesucht/,2026-04-19,2026-04-19,
– Legal Tech," KI & Kleos,Berlin,https://www.rueden.de/jobs,2026-04-19,bewerbung@rueden.de",,,,,
STEINWACHS Rechtsanwaltskanzlei Berlin Mitte Zentrum,Rechtsanwältin / Rechtsanwalt als freie/r Mitarbeiter/in,Hamburg,https://www.kanzlei-steinwachs.de/karriere/,2026-04-19,2026-04-19,
STEINWACHS Rechtsanwaltskanzlei Berlin Mitte Zentrum,Rechtsanwältin / Rechtsanwalt als freie/r Mitarbeiter/in,Berlin,https://www.kanzlei-steinwachs.de/karriere/,2026-04-19,2026-04-19,
STEINWACHS Rechtsanwaltskanzlei Berlin Mitte Zentrum,Rechtsanwältin / Rechtsanwalt als freie/r Mitarbeiter/in,Bremen,https://www.kanzlei-steinwachs.de/karriere/,2026-04-19,2026-04-19,
STEINWACHS Rechtsanwaltskanzlei Berlin Mitte Zentrum,Rechtsanwältin / Rechtsanwalt als freie/r Mitarbeiter/in,Lübeck,https://www.kanzlei-steinwachs.de/karriere/,2026-04-19,2026-04-19,
STEINWACHS Rechtsanwaltskanzlei Berlin Mitte Zentrum,Rechtsanwältin / Rechtsanwalt als freie/r Mitarbeiter/in,Hannover,https://www.kanzlei-steinwachs.de/karriere/,2026-04-19,2026-04-19,
IHDE & Partner Rechtsanwälte,Wissenschaftlicher Mitarbeiter (m/w/d),Berlin Mitte,https://ihde.de/karriere/,2026-04-19,2026-04-24,info@ihde.de
IHDE & Partner Rechtsanwälte,Notarfachangestellter/ Notarfachwirt (m/w/d),Berlin Mitte,https://ihde.de/karriere/,2026-04-19,2026-04-24,regina.deuter@ihde.de
JUSTUS Rechtsanwälte,Rechtsanwalt/Fachanwalt für Bank- und Kapitalmarktrecht (m/w),Berlin,https://kanzleimitte.de/rechtsanwalt-fachanwalt-fuer-bank-und-kapitalmarktrecht-mw/,2026-04-19,2026-04-19,Steffan@kanzleimitte.de
JUSTUS Rechtsanwälte,Rechtsanwalt/Fachanwalt für Bank- und Kapitalmarktrecht (m/w),Wittstock/Dosse,https://kanzleimitte.de/rechtsanwalt-fachanwalt-fuer-bank-und-kapitalmarktrecht-mw/,2026-04-19,2026-04-19,Steffan@kanzleimitte.de
JUSTUS Rechtsanwälte,Rechtsanwalt/Fachanwalt für Bank- und Kapitalmarktrecht (m/w),Röbel (Müritz),https://kanzleimitte.de/rechtsanwalt-fachanwalt-fuer-bank-und-kapitalmarktrecht-mw/,2026-04-19,2026-04-19,Steffan@kanzleimitte.de
JUSTUS Rechtsanwälte,Rechtsanwaltsfachangestellte/r (ReFa / ReNo),Berlin,https://kanzleimitte.de/rechtsanwaltsfachangestellter-refareno-gesucht/,2026-04-19,2026-04-19,Steffan@kanzleimitte.de
JUSTUS Rechtsanwälte,Rechtsanwaltsfachangestellte/r (ReFa / ReNo),Wittstock/Dosse,https://kanzleimitte.de/rechtsanwaltsfachangestellter-refareno-gesucht/,2026-04-19,2026-04-19,Steffan@kanzleimitte.de
JUSTUS Rechtsanwälte,Rechtsanwaltsfachangestellte/r (ReFa / ReNo),Röbel (Müritz),https://kanzleimitte.de/rechtsanwaltsfachangestellter-refareno-gesucht/,2026-04-19,2026-04-19,Steffan@kanzleimitte.de
JUSTUS Rechtsanwälte,Referendar/in,Röbel (Müritz),https://kanzleimitte.de/karriere/,2026-04-19,2026-04-19,Steffan@kanzleimitte.de
JUSTUS Rechtsanwälte,"IT-Student / Freelancer (Webdevelopment, Design, WordPress)",Berlin,https://widerruf-kuendigung.de/it-student-gesucht/?fbclid=IwAR2j8F5O7RvoWqpfQuUpIbnn5qJpXFfexi64TVbuutJDM26nNj30rgqUOhY,2026-04-19,2026-04-19,Steffan@kanzleimitte.de
JUSTUS Rechtsanwälte,"IT-Student / Freelancer (Webdevelopment, Design, WordPress)",Wittstock/Dosse,https://widerruf-kuendigung.de/it-student-gesucht/?fbclid=IwAR2j8F5O7RvoWqpfQuUpIbnn5qJpXFfexi64TVbuutJDM26nNj30rgqUOhY,2026-04-19,2026-04-19,Steffan@kanzleimitte.de
JUSTUS Rechtsanwälte,"IT-Student / Freelancer (Webdevelopment, Design, WordPress)",Röbel (Müritz),https://widerruf-kuendigung.de/it-student-gesucht/?fbclid=IwAR2j8F5O7RvoWqpfQuUpIbnn5qJpXFfexi64TVbuutJDM26nNj30rgqUOhY,2026-04-19,2026-04-19,Steffan@kanzleimitte.de
JUSTUS Rechtsanwälte,Student/in Jura / Rechtswissenschaft,Berlin,https://kanzleimitte.de/karriere/,2026-04-19,2026-04-19,Steffan@kanzleimitte.de
JUSTUS Rechtsanwälte,Student/in Jura / Rechtswissenschaft,Wittstock/Dosse,https://kanzleimitte.de/karriere/,2026-04-19,2026-04-19,Steffan@kanzleimitte.de
JUSTUS Rechtsanwälte,Student/in Jura / Rechtswissenschaft,Röbel (Müritz),https://kanzleimitte.de/karriere/,2026-04-19,2026-04-19,Steffan@kanzleimitte.de
JUSTUS Rechtsanwälte,Auszubildende/r Rechtsanwaltsfachangestellte/r (ReNo/ReFa),Röbel (Müritz),https://kanzleimitte.de/karriere/auszubildende-mw-gesucht-renorefa/,2026-04-19,2026-04-19,Steffan@kanzleimitte.de
JUSTUS Rechtsanwälte,"Umschüler/in / Praktikant/in (Rechtsanwaltsfachangestellte/r, Jura)",Berlin,https://kanzleimitte.de/karriere/,2026-04-19,2026-04-19,Steffan@kanzleimitte.de
JUSTUS Rechtsanwälte,"Umschüler/in / Praktikant/in (Rechtsanwaltsfachangestellte/r, Jura)",Wittstock/Dosse,https://kanzleimitte.de/karriere/,2026-04-19,2026-04-19,Steffan@kanzleimitte.de
JUSTUS Rechtsanwälte,"Umschüler/in / Praktikant/in (Rechtsanwaltsfachangestellte/r, Jura)",Röbel (Müritz),https://kanzleimitte.de/karriere/,2026-04-19,2026-04-19,Steffan@kanzleimitte.de
Rechtsanwälte Dr. Breuer,Referendar / Referendarin,Berlin,https://xn--fachanwaltfrarbeitsrecht-5sc.net/karriere/,2026-04-19,2026-04-19,info@breuer-kanzlei.de
Rechtsanwälte Dr. Breuer,Referendar / Referendarin,Friedrichshain,https://xn--fachanwaltfrarbeitsrecht-5sc.net/karriere/,2026-04-19,2026-04-19,info@breuer-kanzlei.de
Rechtsanwälte Dr. Breuer,Referendar / Referendarin,Adlershof,https://xn--fachanwaltfrarbeitsrecht-5sc.net/karriere/,2026-04-19,2026-04-19,info@breuer-kanzlei.de
Rechtsanwälte Dr. Breuer,Referendar / Referendarin,Lichtenberg,https://xn--fachanwaltfrarbeitsrecht-5sc.net/karriere/,2026-04-19,2026-04-19,info@breuer-kanzlei.de
Rechtsanwälte Dr. Breuer,Referendar / Referendarin,Pankow,https://xn--fachanwaltfrarbeitsrecht-5sc.net/karriere/,2026-04-19,2026-04-19,info@breuer-kanzlei.de
Rechtsanwälte Dr. Breuer,Rechtsanwaltsfachangestellte (m/w/d),Friedrichshain,https://xn--fachanwaltfrarbeitsrecht-5sc.net/eine-n-rechtsanwaltsfachangestellte-n-m-w-d-in-teil-oder-vollzeit-gesucht/,2026-04-19,2026-04-24,info@breuer-kanzlei.de
Rechtsanwälte Dr. Breuer,Rechtsanwaltsfachangestellte (m/w/d),Adlershof,https://xn--fachanwaltfrarbeitsrecht-5sc.net/eine-n-rechtsanwaltsfachangestellte-n-m-w-d-in-teil-oder-vollzeit-gesucht/,2026-04-19,2026-04-24,info@breuer-kanzlei.de
Rechtsanwälte Dr. Breuer,Rechtsanwaltsfachangestellte (m/w/d),Lichtenberg,https://xn--fachanwaltfrarbeitsrecht-5sc.net/eine-n-rechtsanwaltsfachangestellte-n-m-w-d-in-teil-oder-vollzeit-gesucht/,2026-04-19,2026-04-24,info@breuer-kanzlei.de
Rechtsanwälte Dr. Breuer,Rechtsanwaltsfachangestellte (m/w/d),Pankow,https://xn--fachanwaltfrarbeitsrecht-5sc.net/eine-n-rechtsanwaltsfachangestellte-n-m-w-d-in-teil-oder-vollzeit-gesucht/,2026-04-19,2026-04-24,info@breuer-kanzlei.de
Rechtsanwälte Dr. Breuer,Aushilfe Kanzleisekretariat (m/w/d),Berlin,https://xn--fachanwaltfrarbeitsrecht-5sc.net/aushilfe-fuer-kanzleisekretariat-gesucht-m-w-d-s/,2026-04-19,2026-04-19,
Rechtsanwälte Dr. Breuer,Aushilfe Kanzleisekretariat (m/w/d),Friedrichshain,https://xn--fachanwaltfrarbeitsrecht-5sc.net/aushilfe-fuer-kanzleisekretariat-gesucht-m-w-d-s/,2026-04-19,2026-04-19,
Rechtsanwälte Dr. Breuer,Aushilfe Kanzleisekretariat (m/w/d),Adlershof,https://xn--fachanwaltfrarbeitsrecht-5sc.net/aushilfe-fuer-kanzleisekretariat-gesucht-m-w-d-s/,2026-04-19,2026-04-19,
Rechtsanwälte Dr. Breuer,Aushilfe Kanzleisekretariat (m/w/d),Lichtenberg,https://xn--fachanwaltfrarbeitsrecht-5sc.net/aushilfe-fuer-kanzleisekretariat-gesucht-m-w-d-s/,2026-04-19,2026-04-19,
Rechtsanwälte Dr. Breuer,Aushilfe Kanzleisekretariat (m/w/d),Pankow,https://xn--fachanwaltfrarbeitsrecht-5sc.net/aushilfe-fuer-kanzleisekretariat-gesucht-m-w-d-s/,2026-04-19,2026-04-19,
"Rechtsanwalt Marek Schauer Kanzlei für Strafrecht, Mietrecht, Sozialrecht und Ausbildungsrecht",Juristinnen und Juristen,Berlin,https://ra-schauer.de/jobs/,2026-04-19,2026-04-19,
"Mazur Studierende der Rechtswissenschaften,Berlin,https://ra-schauer.de/jobs/,2026-04-19,",,,,,,
RECHTSANWÄLTE Dr.Breuer Fachanwälte für Arbeitsrecht,Referendar/in,Berlin-Friedrichshain,https://xn--fachanwaltfrarbeitsrecht-5sc.net/karriere/,2026-04-19,2026-04-19,info@breuer-kanzlei.de
RECHTSANWÄLTE Dr.Breuer Fachanwälte für Arbeitsrecht,Referendar/in,Berlin-Adlershof,https://xn--fachanwaltfrarbeitsrecht-5sc.net/karriere/,2026-04-19,2026-04-19,info@breuer-kanzlei.de
RECHTSANWÄLTE Dr.Breuer Fachanwälte für Arbeitsrecht,Referendar/in,Berlin-Lichtenberg,https://xn--fachanwaltfrarbeitsrecht-5sc.net/karriere/,2026-04-19,2026-04-19,info@breuer-kanzlei.de
RECHTSANWÄLTE Dr.Breuer Fachanwälte für Arbeitsrecht,Referendar/in,Berlin-Pankow,https://xn--fachanwaltfrarbeitsrecht-5sc.net/karriere/,2026-04-19,2026-04-19,info@breuer-kanzlei.de
RECHTSANWÄLTE Dr.Breuer Fachanwälte für Arbeitsrecht,Rechtsanwaltsfachangestellte (m/w/d) in Teil- oder Vollzeit,Berlin-Friedrichshain,https://xn--fachanwaltfrarbeitsrecht-5sc.net/eine-n-rechtsanwaltsfachangestellte-n-m-w-d-in-teil-oder-vollzeit-gesucht/,2026-04-19,2026-04-19,
RECHTSANWÄLTE Dr.Breuer Fachanwälte für Arbeitsrecht,Rechtsanwaltsfachangestellte (m/w/d) in Teil- oder Vollzeit,Berlin-Adlershof,https://xn--fachanwaltfrarbeitsrecht-5sc.net/eine-n-rechtsanwaltsfachangestellte-n-m-w-d-in-teil-oder-vollzeit-gesucht/,2026-04-19,2026-04-19,
RECHTSANWÄLTE Dr.Breuer Fachanwälte für Arbeitsrecht,Rechtsanwaltsfachangestellte (m/w/d) in Teil- oder Vollzeit,Berlin-Lichtenberg,https://xn--fachanwaltfrarbeitsrecht-5sc.net/eine-n-rechtsanwaltsfachangestellte-n-m-w-d-in-teil-oder-vollzeit-gesucht/,2026-04-19,2026-04-19,
RECHTSANWÄLTE Dr.Breuer Fachanwälte für Arbeitsrecht,Rechtsanwaltsfachangestellte (m/w/d) in Teil- oder Vollzeit,Berlin-Pankow,https://xn--fachanwaltfrarbeitsrecht-5sc.net/eine-n-rechtsanwaltsfachangestellte-n-m-w-d-in-teil-oder-vollzeit-gesucht/,2026-04-19,2026-04-19,
RECHTSANWÄLTE Dr.Breuer Fachanwälte für Arbeitsrecht,Aushilfe für Kanzleisekretariat (m/w/d/s),Berlin-Friedrichshain,https://xn--fachanwaltfrarbeitsrecht-5sc.net/aushilfe-fuer-kanzleisekretariat-gesucht-m-w-d-s/,2026-04-19,2026-04-19,
RECHTSANWÄLTE Dr.Breuer Fachanwälte für Arbeitsrecht,Aushilfe für Kanzleisekretariat (m/w/d/s),Berlin-Adlershof,https://xn--fachanwaltfrarbeitsrecht-5sc.net/aushilfe-fuer-kanzleisekretariat-gesucht-m-w-d-s/,2026-04-19,2026-04-19,
RECHTSANWÄLTE Dr.Breuer Fachanwälte für Arbeitsrecht,Aushilfe für Kanzleisekretariat (m/w/d/s),Berlin-Lichtenberg,https://xn--fachanwaltfrarbeitsrecht-5sc.net/aushilfe-fuer-kanzleisekretariat-gesucht-m-w-d-s/,2026-04-19,2026-04-19,
RECHTSANWÄLTE Dr.Breuer Fachanwälte für Arbeitsrecht,Aushilfe für Kanzleisekretariat (m/w/d/s),Berlin-Pankow,https://xn--fachanwaltfrarbeitsrecht-5sc.net/aushilfe-fuer-kanzleisekretariat-gesucht-m-w-d-s/,2026-04-19,2026-04-19,
Piper & Partner - Rechtsanwälte für Ausländerrecht,Rechtsreferendar/in,Steglitz-Zehlendorf,https://12anwalt.de/ueber-uns/karriere/,2026-04-19,2026-04-19,info@12anwalt.de
Piper & Partner - Rechtsanwälte für Ausländerrecht,Rechtsreferendar/in,Pankow (Prenzlauer Berg),https://12anwalt.de/ueber-uns/karriere/,2026-04-19,2026-04-19,info@12anwalt.de
Piper & Partner - Rechtsanwälte für Ausländerrecht,Rechtsanwalt/Rechtsanwältin,Steglitz-Zehlendorf,https://12anwalt.de/ueber-uns/karriere/,2026-04-19,2026-04-19,info@12anwalt.de
Piper & Partner - Rechtsanwälte für Ausländerrecht,Rechtsanwalt/Rechtsanwältin,Pankow (Prenzlauer Berg),https://12anwalt.de/ueber-uns/karriere/,2026-04-19,2026-04-19,info@12anwalt.de
Piper & Partner - Rechtsanwälte für Ausländerrecht,Rechtsanwalt/Rechtsanwältin,Marzahn-Hellersdorf,https://12anwalt.de/ueber-uns/karriere/,2026-04-19,2026-04-19,info@12anwalt.de
Piper & Partner - Rechtsanwälte für Ausländerrecht,Partner,Steglitz-Zehlendorf,https://12anwalt.de/ueber-uns/karriere/,2026-04-19,2026-04-19,info@12anwalt.de
Piper & Partner - Rechtsanwälte für Ausländerrecht,Partner,Pankow (Prenzlauer Berg),https://12anwalt.de/ueber-uns/karriere/,2026-04-19,2026-04-19,info@12anwalt.de
Piper & Partner - Rechtsanwälte für Ausländerrecht,Partner,Marzahn-Hellersdorf,https://12anwalt.de/ueber-uns/karriere/,2026-04-19,2026-04-19,info@12anwalt.de
"Kanzlei Hoesmann - Urheberrecht, Medienrecht, Wirtschaftsrecht",Studenten und Referendare,Berlin,https://hoesmann.eu/karriere-bewerbung/,2026-04-19,2026-04-19,office@hoesmann.eu
KAYP Rechtsanwaltsgesellschaft mbH,Rechtsreferendar/in,Berlin,mailto:info@kayp.de,2026-04-19,2026-04-19,info@kayp.de
KAYP Rechtsanwaltsgesellschaft mbH,Praktikant/in,Berlin,mailto:info@kayp.de,2026-04-19,2026-04-19,info@kayp.de
KAYP Rechtsanwaltsgesellschaft mbH,Dolmetscher (Kooperationspartner),Zentrale/Unbekannt,mailto:info@kayp.de,2026-04-19,2026-04-19,info@kayp.de
KAYP Rechtsanwaltsgesellschaft mbH,Sachverständige (Kooperationspartner),Zentrale/Unbekannt,mailto:info@kayp.de,2026-04-19,2026-04-19,info@kayp.de
Notar & Rechtsanwälte Baumann & Heising,Rechtsanwalts- und Notarfachangestellte (m/w/d),Berlin-Charlottenburg,http://www.baumann-heising.de/jobs,2026-04-19,2026-04-24,jobs@baumann-heising.de
Jüdemann Rechtsanwälte,Mitarbeiterin (m/w/d) für das Sekretariat,Berlin,https://ra-juedemann.de/aktuelle-stellenangebote/,2026-04-19,2026-04-24,kanzlei@ra-juedemann.de
"Anwaltskanzlei Heckmann, Kanzlei für Privatinsolvenz und Schuldnerberatung Charlottenburg",Team-Assistenz schuldnerberatende Anwaltskanzlei,Charlottenburg,https://www.heckmann.net/stellenangebote/,2026-04-19,2026-04-19,RA@Heckmann.net
"Anwaltskanzlei Heckmann, Kanzlei für Privatinsolvenz und Schuldnerberatung Charlottenburg",Mitarbeiter/in Schuldnerberatung bzw. Insolvenzverwaltung,Charlottenburg,https://www.heckmann.net/stellenangebote/,2026-04-19,2026-04-19,RA@Heckmann.net
"Anwaltskanzlei Heckmann, Kanzlei für Privatinsolvenz und Schuldnerberatung Charlottenburg",Jobs für Studierende (m/w/d),Charlottenburg,https://www.heckmann.net/stellenangebote/,2026-04-19,2026-04-19,RA@Heckmann.net
"Reese Rechtsanwälte - FA für Verkehrsrecht, Versicherungsrecht und Strafrecht",Rechtsanwaltsfachangestellte/r in Vollzeit,Berlin,mailto:info@reese-rae.de,2026-04-19,2026-04-19,info@reese-rae.de
Bümlein Rechtsanwaltskanzlei,Rechtsanwalt (Ausländer- und Aufenthaltsrecht),Berlin,https://buemlein.com/karriere/,2026-04-19,2026-04-19,Rainbuemlein@buema.net
Bümlein Rechtsanwaltskanzlei,Rechtsanwalt (Familienrecht),Berlin,https://buemlein.com/karriere/,2026-04-19,2026-04-19,Rainbuemlein@buema.net
Matuschewski Rechtsanwälte,Rechtsanwaltsfachangestellte,Berlin,http://www.ra-matuschewski.de/karierre.html,2026-04-19,matuschewski@ra-matuschewski.de,matuschewski@ra-matuschewski.de
Lawyers and notaries Betz rocket-Dombek,Initiativbewerbung,Berlin-Schöneberg,http://www.robe.org/de/online-bewerbung?plgvfformview_2_0bewerbung=Initiativ,2026-04-19,2026-04-19,
KANZLEI SCHILLMANN,Referendar/in (m/d/w) f die Anwalts- oder Wahlstation,Berlin,https://kanzlei-schillmann.de/index.php/team/karriere/,2026-04-19,2026-04-19,mail@kanzlei-schillmann.de
MKM + PARTNER Rechtsanwälte PartmbB,Ausbildung zur/zum Rechtsanwaltsfachangestellten (m/w/d),Berlin,https://mkm.legal/jobs/ausbildung-zur-zum-rechtsanwaltsfachangestellten-m-w-d,2026-04-19,info@mkm-partner.de,info@mkm-partner.de
Dr. Thomas Schulte Rechtsanwalt,Jurist:in für projektbasierte Mitarbeit,Berlin,https://www.dr-schulte.de/jurist-gesucht/,2026-04-19,2026-04-19,dr.schulte@dr-schulte.de
Vierhaus Kanzlei,Steuerfachwirte Einkommensteuer,Potsdam,https://www.vierhaus-kanzlei.de/karriere/stellenanzeigen/steuerfachwirte-einkommensteuer,2026-04-19,bewerbung@vierhaus-kanzlei.de,bewerbung@vierhaus-kanzlei.de
Vierhaus Kanzlei,Ausbildung Dual Steuerfachangestellter / Bachelor of Laws (LL.B.) Steuerrecht,Berlin,https://www.vierhaus-kanzlei.de/karriere/stellenanzeigen/ausbildung-dual-steuerfachangestellter-bachelor-of-laws-ll-b-steuerrecht,2026-04-19,bewerbung@vierhaus-kanzlei.de,bewerbung@vierhaus-kanzlei.de
Vierhaus Kanzlei,Ausbildung Dual Steuerfachangestellter / Bachelor of Laws (LL.B.) Steuerrecht,Potsdam,https://www.vierhaus-kanzlei.de/karriere/stellenanzeigen/ausbildung-dual-steuerfachangestellter-bachelor-of-laws-ll-b-steuerrecht,2026-04-19,bewerbung@vierhaus-kanzlei.de,bewerbung@vierhaus-kanzlei.de
Gudrun Ball Rechtsanwältin,Referendarin / Referendar,Berlin,https://www.rechtsanwaeltinball.de/karriere,2026-04-19,2026-04-19,ball@kanzlei-ball.de
Gudrun Ball Rechtsanwältin,Praktikumsplatz für Studierende der Rechtswissenschaften,Berlin,https://www.rechtsanwaeltinball.de/karriere,2026-04-19,2026-04-19,ball@kanzlei-ball.de
LEGAL SMART Rechtsanwaltsgesellschaft mbH,Auszubildende (m/w/d) Erlerne den coolsten Beruf der Welt,Berlin-Steglitz,https://www.legalsmart.de/karriere/karriere_azubi.php,2026-04-19,2026-04-19,info@legalsmart.de
Lawyer Schwertle & Schwertle,Rechtsreferendarin / Rechtsreferendar gesucht (m/w/d),Berlin,https://www.anwalt-lichtenrade.de/Karriere/,2026-04-19,2026-04-19,kanzlei@anwalt-lichtenrade.de
"Kanzlei für Verwaltungsrecht - Schulrecht, Gewerberecht, Beamtenrecht",Rechtsanwaltsfachangestellte (m/w/d) in Voll- oder Teilzeit,bundesweit im Homeoffice,https://www.kanzlei.law/unser-team/karriere/,2026-04-19,2026-04-19,david.herz@kanzlei.law
Schließer Zab & Partner,Referendar/in,Berlin,http://www.szup.de/Stellenangebote,2026-04-19,2026-04-19,info@szup.de
Dr. Schulze Steuerberater und Rechtsanwalt,Steuerfachangestellte,Magdeburg,https://drschulze-recht.de/stellenangebot-steuerfachangestellte-magdeburg/,2026-04-19,2026-04-19,info@drschulze-recht.de
RECHTSANWÄLTE - Dr.Breuer -Fachanwälte für Arbeitsrecht,Referendar / Referendarin,Friedrichshain,https://xn--fachanwaltfrarbeitsrecht-5sc.net/karriere/,2026-04-19,2026-04-19,info@breuer-kanzlei.de
RECHTSANWÄLTE - Dr.Breuer -Fachanwälte für Arbeitsrecht,Referendar / Referendarin,Adlershof,https://xn--fachanwaltfrarbeitsrecht-5sc.net/karriere/,2026-04-19,2026-04-19,info@breuer-kanzlei.de
RECHTSANWÄLTE - Dr.Breuer -Fachanwälte für Arbeitsrecht,Referendar / Referendarin,Lichtenberg,https://xn--fachanwaltfrarbeitsrecht-5sc.net/karriere/,2026-04-19,2026-04-19,info@breuer-kanzlei.de
RECHTSANWÄLTE - Dr.Breuer -Fachanwälte für Arbeitsrecht,Referendar / Referendarin,Pankow,https://xn--fachanwaltfrarbeitsrecht-5sc.net/karriere/,2026-04-19,2026-04-19,info@breuer-kanzlei.de
Rechtsanwalt und Notar Stephan Dorn,"Notarfachangestellte/-en, Notarfachwirt/-in oder Rechtspfleger/-in",Berlin-Köpenick,http://www.notardorn.de/contact,2026-04-19,2026-04-19,
"Anwaltskanzlei Heckmann, Kanzlei für Privatinsolvenz und Schuldnerberatung Treptow-Köpenik",Team-Assistenz schuldnerberatende Anwaltskanzlei,Savignyplatz (Kantstr. 22),https://www.heckmann.net/stellenangebote/,2026-04-19,2026-04-19,RA@Heckmann.net
"Anwaltskanzlei Heckmann, Kanzlei für Privatinsolvenz und Schuldnerberatung Treptow-Köpenik",Mitarbeiter/in Schuldnerberatung bzw. Insolvenzverwaltung,Savignyplatz (Kantstr. 22),https://www.heckmann.net/stellenangebote/,2026-04-19,2026-04-19,RA@Heckmann.net
"Anwaltskanzlei Heckmann, Kanzlei für Privatinsolvenz und Schuldnerberatung Treptow-Köpenik","Jobs für Studierende (m/w/d) z.B. aus dem Bereich Jura oder Informatik oder einem kaufmännischen Bereich, flexible Arbeitszeiten ab 5h pro Woche, gute Vergütung",Hauptstandort am Savignyplatz in Berlin-Charlottenburg,https://www.heckmann.net/stellenangebote/,2026-04-19,2026-04-19,RA@Heckmann.net
Doerte Oswald,Rechtsanwaltsfachangestellte (Ausbildung oder Umschulung),Berlin-Friedrichshagen,https://oswaldrecht.de/karriere,2026-04-19,2026-04-19,
Steuerberater & Rechtsanwälte Dr. Albrecht & Plogmaker,Ausbildungsplatz Steuerfachangestellte/r,Berlin,https://www.albrecht-plogmaker.de/unsere-kanzlei/#karriere,2026-04-19,2026-04-19,kontakt@albrecht-plogmaker.de
Steuerberater & Rechtsanwälte Dr. Albrecht & Plogmaker,Ausbildungsplatz Bürokaufmann/-frau,Berlin,https://www.albrecht-plogmaker.de/unsere-kanzlei/#karriere,2026-04-19,2026-04-19,kontakt@albrecht-plogmaker.de
LAWYERS Dr . Breuer - LaborLawyer,Referendar / Referendarin (Anwalts- oder Wahlstation),Berlin,https://xn--fachanwaltfrarbeitsrecht-5sc.net/karriere/,2026-04-19,2026-04-19,info@breuer-kanzlei.de
LAWYERS Dr . Breuer - LaborLawyer,Rechtsanwaltsfachangestellte/n (m/w/d) in Teil- oder Vollzeit,Berlin,https://xn--fachanwaltfrarbeitsrecht-5sc.net/eine-n-rechtsanwaltsfachangestellte-n-m-w-d-in-teil-oder-vollzeit-gesucht/,2026-04-19,2026-04-19,info@breuer-kanzlei.de
LAWYERS Dr . Breuer - LaborLawyer,Aushilfe für Kanzleisekretariat (m/w/d/s),Berlin,https://xn--fachanwaltfrarbeitsrecht-5sc.net/aushilfe-fuer-kanzleisekretariat-gesucht-m-w-d-s/,2026-04-19,2026-04-19,info@breuer-kanzlei.de
"Ziegler, Peters & Partner, Rechtsanwälte",Rechtsanwalt / Rechtsanwältin (m/w),Kleve,http://zpp-kanzlei.de/karriere.php,2026-04-19,2026-04-19,kleve@zpp-kanzlei.de
Rechtsanwalt Kolja Zaborowski,Referendariat - Anwaltsstation,Berlin,https://fachanwaltstrafrechtberlin.de/kanzlei/referendariat-ausbildung-bewerbungen/,2026-04-19,2026-04-19,info@ra-zaborowski.de
"Franziska Tesoro, horak Rechtsanwälte Berlin",Patentingeniere,Berlin,http://it-rechthannover.de/Stellenangebote/Patentingenieure/patentingenieure.html,2026-04-19,2026-04-19,info@it-rechthannover.de
"Franziska Tesoro, horak Rechtsanwälte Berlin",Patentingeniere,Bielefeld,http://it-rechthannover.de/Stellenangebote/Patentingenieure/patentingenieure.html,2026-04-19,2026-04-19,info@it-rechthannover.de
"Franziska Tesoro, horak Rechtsanwälte Berlin",Patentingeniere,Bremen,http://it-rechthannover.de/Stellenangebote/Patentingenieure/patentingenieure.html,2026-04-19,2026-04-19,info@it-rechthannover.de
"Franziska Tesoro, horak Rechtsanwälte Berlin",Patentingeniere,Düsseldorf,http://it-rechthannover.de/Stellenangebote/Patentingenieure/patentingenieure.html,2026-04-19,2026-04-19,info@it-rechthannover.de
"Franziska Tesoro, horak Rechtsanwälte Berlin",Patentingeniere,Frankfurt,http://it-rechthannover.de/Stellenangebote/Patentingenieure/patentingenieure.html,2026-04-19,2026-04-19,info@it-rechthannover.de
"Franziska Tesoro, horak Rechtsanwälte Berlin",Patentingeniere,Hamburg,http://it-rechthannover.de/Stellenangebote/Patentingenieure/patentingenieure.html,2026-04-19,2026-04-19,info@it-rechthannover.de
"Franziska Tesoro, horak Rechtsanwälte Berlin",Patentingeniere,Hannover,http://it-rechthannover.de/Stellenangebote/Patentingenieure/patentingenieure.html,2026-04-19,2026-04-19,info@it-rechthannover.de
"Franziska Tesoro, horak Rechtsanwälte Berlin",Patentingeniere,München,http://it-rechthannover.de/Stellenangebote/Patentingenieure/patentingenieure.html,2026-04-19,2026-04-19,info@it-rechthannover.de
"Franziska Tesoro, horak Rechtsanwälte Berlin",Patentingeniere,Stuttgart,http://it-rechthannover.de/Stellenangebote/Patentingenieure/patentingenieure.html,2026-04-19,2026-04-19,info@it-rechthannover.de
"```json {,Berlin,http://www.dieurheberrechtler.de/,2026-04-19,info@dieurheberrechtler.de",,,,,,
"```json {,Bielefeld,http://www.dieurheberrechtler.de/,2026-04-19,info@dieurheberrechtler.de",,,,,,
"```json {,Bremen,http://www.dieurheberrechtler.de/,2026-04-19,info@dieurheberrechtler.de",,,,,,
"```json {,http://www.dieurheberrechtler.de/,2026-04-19,info@dieurheberrechtler.de",,,,,,
"```json {,offene_stellen:[{,http://www.dieurheberrechtler.de/,2026-04-19,info@dieurheberrechtler.de",,,,,,
"```json {,link: ,http://www.dieurheberrechtler.de/,2026-04-19,info@dieurheberrechtler.de",,,,,,
"```json {,email: ,http://www.dieurheberrechtler.de/,2026-04-19,info@dieurheberrechtler.de",,,,,,
"```json {,locations: [,http://www.dieurheberrechtler.de/,2026-04-19,info@dieurheberrechtler.de",,,,,,
"```json {,Düsseldorf,http://www.dieurheberrechtler.de/,2026-04-19,info@dieurheberrechtler.de",,,,,,
"```json {,Frankfurt/ Main,http://www.dieurheberrechtler.de/,2026-04-19,info@dieurheberrechtler.de",,,,,,
"```json {,Hamburg,http://www.dieurheberrechtler.de/,2026-04-19,info@dieurheberrechtler.de",,,,,,
"```json {,Hannover,http://www.dieurheberrechtler.de/,2026-04-19,info@dieurheberrechtler.de",,,,,,
"```json {,Leipzig,http://www.dieurheberrechtler.de/,2026-04-19,info@dieurheberrechtler.de",,,,,,
"```json {,München,http://www.dieurheberrechtler.de/,2026-04-19,info@dieurheberrechtler.de",,,,,,
"```json {,Stuttgart,http://www.dieurheberrechtler.de/,2026-04-19,info@dieurheberrechtler.de",,,,,,
Herbst Bröcker Rechtsanwälte,Referendare (m/w/d),Berlin,https://www.herbst-broecker.de/karriere-ref/,2026-04-19,2026-04-19,
Simoncic Rechtsanwälte und Fachanwalt,Studentische Mitarbeiter / Wissenschaftliche Mitarbeiterinnen und Mitarbeiter,Berlin,http://www.anwalt-simoncic.de/karriere,2026-04-19,2026-04-19,info@anwalt-simoncic.de
Simoncic Rechtsanwälte und Fachanwalt,Praktikumsplätze für Studentinnen und Studenten sowie Schülerinnen und Schüler,Berlin,http://www.anwalt-simoncic.de/karriere,2026-04-19,2026-04-19,info@anwalt-simoncic.de
PROBANDT - Rechtsanwälte und Notare,Rechtsanwalt (m/w) fprprivatesBau---Architektenrecht,Berlin,https://probandt.com/doku/Rechtsanwalt-Bau-Architektenrecht_2021.pdf,2026-04-19,2026-04-19,karriere@probandt.com
PROBANDT - Rechtsanwälte und Notare,Notarfachangestellte/r(-/-)----Teil-oderVollzeit,Berlin,https://probandt.com/doku/NoFa-Mitarbeiter.pdf,2026-04-19,2026-04-19,karriere@probandt.com
ilex Rechtsanwälte,Wissenschaftlicher Mitarbeiter / Doktorand,Potsdam,https://www.ilex-bankrecht.de/karriere.html,2026-04-19,2026-04-19,potsdam@ilex-recht.de
Hildebrandt - Mäder - Mette,Mitarbeiter im Notariat (m/w/d),Berlin-Dahlem,http://www.hildebrandt-maeder.de/sites/Karriere.html,2026-04-19,2026-04-19,
PÖTTER - Rechtsanwälte Notar,Referendar,Berlin,https://www.kanzlei-poetter.de/kontakt/,2026-04-19,2026-04-19,Berlin@Kanzlei-POETTER.de
PÖTTER - Rechtsanwälte Notar,Rechtsanwalt,Berlin,https://www.kanzlei-poetter.de/kontakt/,2026-04-19,2026-04-19,Berlin@Kanzlei-POETTER.de
DR. AHLBORN ARBEITSRECHT - Rechtsanwalt und Fachanwalt für Arbeitsrecht & Notar,Notarfachangestellte / Rechtspfleger (m/w/d),Bielefeld Schildesche,https://www.kanzlei-ahlborn.de/kanzleiteam/#Stellenanzeige,2026-04-19,2026-04-19,dr.ahlborn@kanzlei-ahlborn.de
"f Arbeitsrecht (m/w/d),Bielefeld,https://www.kanzlei-ahlborn.de/kanzleiteam/#Stellenanzeige,2026-04-19,dr.ahlborn@kanzlei-ahlborn.de",,,,,,
"f Arbeitsrecht (m/w/d),Groraum Bielefeld /OWL,https://www.kanzlei-ahlborn.de/kanzleiteam/#Stellenanzeige,2026-04-19,dr.ahlborn@kanzlei-ahlborn.de",,,,,,
DR. AHLBORN ARBEITSRECHT - Rechtsanwalt und Fachanwalt für Arbeitsrecht & Notar,Ausbildungsplatz als Rechtsanwalts- und Notarfachangestellte  ReNo  (m/w/d),Bielefeld,https://www.kanzlei-ahlborn.de/kanzleiteam/#Stellenanzeige,2026-04-19,2026-04-19,dr.ahlborn@kanzlei-ahlborn.de
Kanzlei Voigt Rechtsanwalts GmbH & Co. Bielefeld KG,Juniorassistenten (m/w/d),Dortmund,https://kanzlei-voigt.de/standort/dortmund-ruhrallee/,2026-04-19,2026-04-19,bewerbung@kanzlei-voigt.de
Kanzlei Voigt Rechtsanwalts GmbH & Co. Bielefeld KG,Buchhalter/in (m/w/d),Dortmund,https://kanzlei-voigt.de/standort/dortmund-ruhrallee/,2026-04-19,2026-04-19,bewerbung@kanzlei-voigt.de
Kanzlei Voigt Rechtsanwalts GmbH & Co. Bielefeld KG,Kanzlei (m/w/d),Dortmund,https://kanzlei-voigt.de/standort/dortmund-ruhrallee/,2026-04-19,2026-04-19,bewerbung@kanzlei-voigt.de
Kanzlei Voigt Rechtsanwalts GmbH & Co. Bielefeld KG,Rechtsanwaltsfachangestellte/r (m/w/d),Berlin,https://kanzlei-voigt.de/standort/berlin/,2026-04-19,2026-04-19,bewerbung@kanzlei-voigt.de
Kanzlei Voigt Rechtsanwalts GmbH & Co. Bielefeld KG,Rechtsanwaltsfachangestellte/r (m/w/d),Bielefeld,https://kanzlei-voigt.de/standort/bielefeld/,2026-04-19,2026-04-19,bewerbung@kanzlei-voigt.de
"Rechtsanwalt Behrens Lars H., Fachanwalt für Arbeitsrecht, weitere Tätigkeitsschwerpunkte Strafrecht und Verkehrsrecht",Notariatsfachangestellte/n (m/w/d),Bochum,https://theo-schmidt.de/notarfachangestellten-in-m-w-d-vollzeit/,2026-04-19,2026-04-19,kanzlei@theo-schmidt.de
Dr. Ulbrich & Kaminski Rechtsanwälte,Rechtsanwälte (m/w/d) für verschiedene Bereiche,Bochum,https://jobs.ulbrich-kaminski.de/offene-stellen/,2026-04-19,2026-04-19,
TOP ADAC Anwältin Uta Jürgens-Lodde ᐅ Rechtsanwältin und Fachanwältin für Verkehrsrecht,Fachanwalt ⚖️ Verkehrsrecht,Zentrale/Unbekannt,,2026-04-19,2026-04-19,
Mahlberg Rechtsanwälte Bonn,Rechtsreferendare (m/w/d),Bonn,https://app.jupus.de/client/portal/external/questionnaires/yoVXFMaWmp5hLQNQ-yLzom63RVtwLk25XSfK43GROmTHIM0y/8skP2N7rnh7mxfwJC0wFqMILPhC9Slzlit7fO128JI0PaaXC,2026-04-19,2026-04-19,
Mahlberg Rechtsanwälte Bonn,Ausbildung zur/zum Rechtsanwaltsfachangestellten (m/w/d),Bonn,https://app.jupus.de/client/portal/external/questionnaires/yoVXFMaWmp5hLQNQ-yLzom63RVtwLk25XSfK43GROmTHIM0y/8skP2N7rnh7mxfwJC0wFqMILPhC9Slzlit7fO128JI0PaaXC,2026-04-19,2026-04-19,
Mahlberg Rechtsanwälte Bonn,Studentische Aushilfen / Praktikanten (m/w/d),Bonn,https://app.jupus.de/client/portal/external/questionnaires/yoVXFMaWmp5hLQNQ-yLzom63RVtwLk25XSfK43GROmTHIM0y/8skP2N7rnh7mxfwJC0wFqMILPhC9Slzlit7fO128JI0PaaXC,2026-04-19,2026-04-19,
Roos Nelskamp Schumacher & Partner Rechtsanwälte Fachanwälte,Rechtsanwalt/Rechtsanwältin (m/w/d),Bonn,https://www.rnsp.de/wp-content/uploads/Stellenanzeige-Rechtsanwalt-m-w-d-promotionsbegleitend-Januar-2026.pdf,2026-04-19,bonn@rnsp.de,bonn@rnsp.de
Roos Nelskamp Schumacher & Partner Rechtsanwälte Fachanwälte,Rechtsanwaltsfachangestellte/-r (m/w/d),Bonn,https://www.rnsp.de/wp-content/uploads/Stellenanzeige-Rechtsanwaltsfachangestellte-r-m-w-d-Maerz-2026.pdf,2026-04-19,bonn@rnsp.de,bonn@rnsp.de
Anwaltsbüro Aengenheister,Bürokraft (m/w/d) in anwaltlicher Bürogemeinschaft,Bonn,http://www.anwaltsbuero-bonn.de/stellenangebot/,2026-04-19,horstmann@anwaltsbuero-bonn.de,horstmann@anwaltsbuero-bonn.de
Schiffer & Partner Partnerschaft von Rechtsanwälten,Rechtsanwältin / Rechtsanwalt,Bonn-Bad Godesberg,http://www.schiffer.de/index.php?id=408,2026-04-19,2026-04-19,bonn@schiffer.de
Schiffer & Partner Partnerschaft von Rechtsanwälten,Wissenschaftliche Mitarbeiterin / Wissenschaftlicher Mitarbeiter,Bonn-Bad Godesberg,http://www.schiffer.de/index.php?id=408,2026-04-19,2026-04-19,bonn@schiffer.de
Eimer Heuschmid Mehle Rechtsanwälte Partnerschaft mbB,Rechtsanwältin/Rechtsanwalt (m/w/d) im Bereich des Erbrechts,Bonn,http://www.ehm-kanzlei.de/karriere/,2026-04-19,hiebl@ehm-kanzlei.de,hiebl@ehm-kanzlei.de
Eimer Heuschmid Mehle Rechtsanwälte Partnerschaft mbB,Referendar (m/w/d),Bonn,http://www.ehm-kanzlei.de/karriere/,2026-04-19,hohenhaus@ehm-kanzlei.de,hohenhaus@ehm-kanzlei.de
GTK Rechtsanwälte Klein Figatowski Todtenhöfer,Praktikant (w/m/d),Bonn,https://www.gtkr.de/karriere/,2026-04-19,2026-04-19,m.figatowski@gtkr.de
TOP ADAC Anwältin Kathrin Klaiber ᐅ Rechtsanwältin und Fachanwältin für Verkehrsrecht,Fachanwalt Verkehrsrecht,ADAC,,2026-04-19,2026-04-19,
Kanzlei Aydin - Rechtsanwalt in Braunschweig und Berlin,Initiativbewerbung,Braunschweig,https://kanzleiaydin.de/team/,2026-04-19,2026-04-19,info@kanzleiaydin.de
Kanzlei Aydin - Rechtsanwalt in Braunschweig und Berlin,Initiativbewerbung,Berlin,https://kanzleiaydin.de/team/,2026-04-19,2026-04-19,info@kanzleiaydin.de
GÖHMANN Rechtsanwälte · Notare,Rechtsanwaltfachangestellte(M/W/D) Voll/Teilzeit in Magdeburg gesucht,Magdeburg,https://www.goehmann.de/karriere/rechtsanwaltfachangestelltem-w-d-voll-teilzeit-in-magdeburg-gesucht/,2026-04-19,2026-04-19,magdeburg@goehmann.de
GÖHMANN Rechtsanwälte · Notare,Rechtsanwaltsfachangestellte (m/w/d) in Voll- und/oder Teilzeit in Bremen gesucht,Bremen,https://www.goehmann.de/karriere/rechtsanwaltsfachangestellter-m-w-d-in-teil-und-oder-vollzeit-in-bremen-gesucht/,2026-04-19,2026-04-19,bremen@goehmann.de
GÖHMANN Rechtsanwälte · Notare,Auszubildender (m/w/d) zum Rechtsanwaltsfachangestellten in Bremen gesucht,Bremen,https://www.goehmann.de/karriere/auszubildender-zum-rechtsanwaltsfachangestellen-m-w-d-in-bremen-gesucht/,2026-04-19,2026-04-19,bremen@goehmann.de
GÖHMANN Rechtsanwälte · Notare,Notarfachangestellter/Notarfachwirt (m/w/d) in Voll- oder Teilzeit in Hannover gesucht,Hannover,https://www.goehmann.de/karriere/notarfachangestellter-notarfachwirt-m-w-d-in-voll-oder-teilzeit-in-hannover-gesucht/,2026-04-19,2026-04-19,hannover@goehmann.de
GÖHMANN Rechtsanwälte · Notare,Rechtsanwaltsfachangestellte (m/w/d) Voll- oder Teilzeit in Hannover,Hannover,https://www.goehmann.de/karriere/rechtsanwaltsfachangestellte-m-w-d-voll-oder-teilzeit-in-hannover/,2026-04-19,2026-04-19,hannover@goehmann.de
GÖHMANN Rechtsanwälte · Notare,Rechtsanwalt (M/W/D) in Braunschweig gesucht,Braunschweig,https://www.goehmann.de/karriere/5921/,2026-04-19,2026-04-19,braunschweig@goehmann.de
Wittig Ünalp Rechtsanwälte PartGmbB,(Fach-)Anwältin oder (Fach-)Anwalt Arbeitsrecht,Zentrale/Unbekannt,https://www.ra-wittig.de/karriere/rechts-fachanwalt-fuer-arbeitsrecht/,2026-04-19,2026-04-19,bewerbung@ra-wittig.de
Wittig Ünalp Rechtsanwälte PartGmbB,(Fach-)Anwältin oder (Fach-)Anwalt Handels- und Gesellschaftsrecht,Zentrale/Unbekannt,https://wirtschaftsrecht-wittig.de/karriere/rechts-fachanwalt-fuer-handels-gesellschaftsrecht/,2026-04-19,2026-04-19,bewerbung@ra-wittig.de
Wittig Ünalp Rechtsanwälte PartGmbB,(Fach-)Anwältin oder (Fach-)Anwalt Miet- und WEG Recht,Zentrale/Unbekannt,https://wirtschaftsrecht-wittig.de/karriere/fach-anwaeltin-oder-fach-anwalt-fuer-miet-und-weg-recht/,2026-04-19,2026-04-19,bewerbung@ra-wittig.de
Wittig Ünalp Rechtsanwälte PartGmbB,(Fach-)Anwältin oder (Fach-)Anwalt Erbrecht,Zentrale/Unbekannt,https://wirtschaftsrecht-wittig.de/karriere/fach-anwaeltin-oder-fach-anwalt-fuer-erbrecht/,2026-04-19,2026-04-19,bewerbung@ra-wittig.de
Wittig Ünalp Rechtsanwälte PartGmbB,Anwältin oder Anwalt Schadenersatzrecht / Haftpflichtrecht (Zivilrecht),Zentrale/Unbekannt,https://www.versicherungsrecht-wittig.de/karriere/anwaltin-m-w-d-schadensersatzrecht-haftpflichtrecht-gesucht,2026-04-19,2026-04-19,bewerbung@ra-wittig.de
Wittig Ünalp Rechtsanwälte PartGmbB,(Fach-)Anwältin oder (Fach-)Anwalt Versicherungsrecht,Zentrale/Unbekannt,https://www.versicherungsrecht-wittig.de/karriere/anwaltin-versicherungsrecht,2026-04-19,2026-04-19,bewerbung@ra-wittig.de
Rechtsanwälte Dr. Mahlstedt & Partner,Notarfachangestellte (m/w/d) gesucht,Bremen,https://www.drmahlstedt.de/kanzlei/karriere/notarfachangestellte-m-w-d-gesucht/,2026-04-19,2026-04-19,info@dr-mahlstedt.de
Rechtsanwälte Dr. Mahlstedt & Partner,Rechtsanwalt (m/w/d) mit Schwerpunkt Erbrecht gesucht,Bremen,https://www.drmahlstedt.de/kanzlei/karriere/rechtsanwalt-mwd-mit-scherpunkt-erbrecht-gesucht/,2026-04-19,2026-04-19,info@dr-mahlstedt.de
Rechtsanwälte Dr. Mahlstedt & Partner,Auszubildende (m/w/d) gesucht,Bremen,https://www.drmahlstedt.de/kanzlei/karriere/auszubildender-m-w-d-gesucht/,2026-04-19,2026-04-19,info@dr-mahlstedt.de
Rechtsanwälte Dr. Mahlstedt & Partner,Referendar (m/w/d) gesucht,Bremen,https://www.drmahlstedt.de/kanzlei/karriere/referendarin-m-w-d-gesucht/,2026-04-19,2026-04-19,info@dr-mahlstedt.de
"Kanzlei Röwekamp | Notare, Fachanwälte und Rechtsanwälte",Rechtsanwalt,Bremen,http://www.kanzlei-roewekamp.de/bremen-karriere/bewerbung-anwalt,2026-04-19,2026-04-19,info@kanzlei-roewekamp.de
"Kanzlei Röwekamp | Notare, Fachanwälte und Rechtsanwälte",Ausbildung,Bremen,http://www.kanzlei-roewekamp.de/bremen-karriere/ausbildung,2026-04-19,2026-04-19,info@kanzlei-roewekamp.de
Joester & Partner - Rechtsanwälte und Fachanwälte für Strafrecht PartGmbB,Praktikumsplätze für Studierende und Referendariatsplätze,Bremen,https://strafverteidiger-bremen.de/freie-stellen/,2026-04-19,2026-04-19,bewerbungen@strafverteidiger-bremen.de
Schröder Kühne & Partner,Ausbildungsplatz zum/zur Rechtsanwalts- und Notariatsfachangestellten (ReNo),Bremen,https://kanzlei-hb.de/karriere,2026-04-19,2026-04-19,rechtsanwalt@kanzlei-hb.de
KESSLER Rechtsanwaltsgesellschaft mbH,Rechtsanwalts- und Notarfachangestellte (m/w/d) (Ausbildung),Bremen,https://kessler-rs.com/karriere-jobs/rechtsanwalts-und-notarfachangestellte-ausbildung/,2026-04-19,2026-04-19,
KESSLER Rechtsanwaltsgesellschaft mbH,Steuerfachangestellte (m/w/d) (Ausbildung),Bremen,https://kessler-rs.com/karriere-jobs/steuerfachangestellte-ausbildung/,2026-04-19,2026-04-19,
rightmart GmbH,Jurist:in,Bremen,https://rightmart.group/jobs,2026-04-19,2026-04-19,jobs@rightmart.de
rightmart GmbH,Jurist:in,Berlin,https://rightmart.group/jobs,2026-04-19,2026-04-19,jobs@rightmart.de
rightmart GmbH,Jurist:in,Cottbus,https://rightmart.group/jobs,2026-04-19,2026-04-19,jobs@rightmart.de
rightmart GmbH,Jurist:in,Weitere Standorte,https://rightmart.group/jobs,2026-04-19,2026-04-19,jobs@rightmart.de
rightmart GmbH,Sales-Agent:in im Vertrieb,Weitere Standorte,https://rightmart.group/jobs,2026-04-19,2026-04-19,jobs@rightmart.de
rightmart GmbH,Entwickler:in im Development,Weitere Standorte,https://rightmart.group/jobs,2026-04-19,2026-04-19,jobs@rightmart.de
rightmart GmbH,Redakteur:in im Marketing,Weitere Standorte,https://rightmart.group/jobs,2026-04-19,2026-04-19,jobs@rightmart.de
STEINWACHS Rechtsanwaltskanzlei Bremen Schwachhausen,Freie(r) Rechtsanwältin/Rechtsanwalt,Hamburg,https://www.kanzlei-steinwachs.de/karriere/,2026-04-19,2026-04-19,
STEINWACHS Rechtsanwaltskanzlei Bremen Schwachhausen,Freie(r) Rechtsanwältin/Rechtsanwalt,Berlin,https://www.kanzlei-steinwachs.de/karriere/,2026-04-19,2026-04-19,
STEINWACHS Rechtsanwaltskanzlei Bremen Schwachhausen,Freie(r) Rechtsanwältin/Rechtsanwalt,Bremen,https://www.kanzlei-steinwachs.de/karriere/,2026-04-19,2026-04-19,
STEINWACHS Rechtsanwaltskanzlei Bremen Schwachhausen,Freie(r) Rechtsanwältin/Rechtsanwalt,Lübeck,https://www.kanzlei-steinwachs.de/karriere/,2026-04-19,2026-04-19,
STEINWACHS Rechtsanwaltskanzlei Bremen Schwachhausen,Freie(r) Rechtsanwältin/Rechtsanwalt,Hannover,https://www.kanzlei-steinwachs.de/karriere/,2026-04-19,2026-04-19,
STEINWACHS Rechtsanwaltskanzlei Bremen Schwachhausen,Student / Referendar,Hamburg,https://www.kanzlei-steinwachs.de/karriere/,2026-04-19,2026-04-19,
STEINWACHS Rechtsanwaltskanzlei Bremen Schwachhausen,Student / Referendar,Berlin,https://www.kanzlei-steinwachs.de/karriere/,2026-04-19,2026-04-19,
STEINWACHS Rechtsanwaltskanzlei Bremen Schwachhausen,Student / Referendar,Bremen,https://www.kanzlei-steinwachs.de/karriere/,2026-04-19,2026-04-19,
STEINWACHS Rechtsanwaltskanzlei Bremen Schwachhausen,Student / Referendar,Lübeck,https://www.kanzlei-steinwachs.de/karriere/,2026-04-19,2026-04-19,
STEINWACHS Rechtsanwaltskanzlei Bremen Schwachhausen,Student / Referendar,Hannover,https://www.kanzlei-steinwachs.de/karriere/,2026-04-19,2026-04-19,
"– Teil- oder Vollzeit,Bremen,https://bruns-redmann.de/jetzt-bewerben/,2026-04-19,kontakt@bruns-redmann.de",,,,,,
"– Teil- oder Vollzeit,Bremen-Huchting,https://bruns-redmann.de/jetzt-bewerben/,2026-04-19,kontakt@bruns-redmann.de",,,,,,
Lawyer specializing in family law Torsten Bruns,Rechtsanwälte (m/w/d) (Initiativbewerbung),Bremen,https://bruns-redmann.de/jetzt-bewerben/,2026-04-19,2026-04-19,kontakt@bruns-redmann.de
Lawyer specializing in family law Torsten Bruns,Rechtsanwälte (m/w/d) (Initiativbewerbung),Bremen-Huchting,https://bruns-redmann.de/jetzt-bewerben/,2026-04-19,2026-04-19,kontakt@bruns-redmann.de
Lawyer specializing in family law Torsten Bruns,Referendare (m/w/d) (Initiativbewerbung),Bremen-Huchting,https://bruns-redmann.de/jetzt-bewerben/,2026-04-19,2026-04-19,kontakt@bruns-redmann.de
MTR Legal Rechtsanwälte,Sales / Marketing,Aachen,https://career.mtrlegal.com/stellenangebote/sales-marketing/,2026-04-19,2026-04-19,career@mtrlegal.com
MTR Legal Rechtsanwälte,Sales / Marketing,Augsburg,https://career.mtrlegal.com/stellenangebote/sales-marketing/,2026-04-19,2026-04-19,career@mtrlegal.com
MTR Legal Rechtsanwälte,Sales / Marketing,Bielefeld,https://career.mtrlegal.com/stellenangebote/sales-marketing/,2026-04-19,2026-04-19,career@mtrlegal.com
MTR Legal Rechtsanwälte,Sales / Marketing,Dortmund,https://career.mtrlegal.com/stellenangebote/sales-marketing/,2026-04-19,2026-04-19,career@mtrlegal.com
MTR Legal Rechtsanwälte,Sales / Marketing,Dresden,https://career.mtrlegal.com/stellenangebote/sales-marketing/,2026-04-19,2026-04-19,career@mtrlegal.com
MTR Legal Rechtsanwälte,Sales / Marketing,Heidelberg,https://career.mtrlegal.com/stellenangebote/sales-marketing/,2026-04-19,2026-04-19,career@mtrlegal.com
MTR Legal Rechtsanwälte,Sales / Marketing,Kassel,https://career.mtrlegal.com/stellenangebote/sales-marketing/,2026-04-19,2026-04-19,career@mtrlegal.com
MTR Legal Rechtsanwälte,Sales / Marketing,Konstanz,https://career.mtrlegal.com/stellenangebote/sales-marketing/,2026-04-19,2026-04-19,career@mtrlegal.com
MTR Legal Rechtsanwälte,Sales / Marketing,Mannheim,https://career.mtrlegal.com/stellenangebote/sales-marketing/,2026-04-19,2026-04-19,career@mtrlegal.com
MTR Legal Rechtsanwälte,Sales / Marketing,Mönchengladbach,https://career.mtrlegal.com/stellenangebote/sales-marketing/,2026-04-19,2026-04-19,career@mtrlegal.com
MTR Legal Rechtsanwälte,Sales / Marketing,Osnabrück,https://career.mtrlegal.com/stellenangebote/sales-marketing/,2026-04-19,2026-04-19,career@mtrlegal.com
MTR Legal Rechtsanwälte,Sales / Marketing,Regensburg,https://career.mtrlegal.com/stellenangebote/sales-marketing/,2026-04-19,2026-04-19,career@mtrlegal.com
MTR Legal Rechtsanwälte,Sales / Marketing,Wuppertal,https://career.mtrlegal.com/stellenangebote/sales-marketing/,2026-04-19,2026-04-19,career@mtrlegal.com
Thomas Kauf,Rechtsanwalt (m/w/d) für Herfet und Özpolat Rechtsanwälte PartGmbB,Mönchengladbach,https://herfet-oezpolat.de/karriere/,2026-04-19,2026-04-19,v.duismann@herfet-oezpolat.de
Thomas Kauf,Ausbildung zur Rechtsanwaltsfachangestellten (m/w/d) bei Herfet & Özpolat Rechtsanwälte PartGmbB,Mönchengladbach,https://herfet-oezpolat.de/karriere/,2026-04-19,2026-04-19,v.duismann@herfet-oezpolat.de
Niedergesäß Stephan,Projektassistenz Digitalisierung & Dokumentenmanagement (DMS) (m/w/d),Hannover,https://www.xing.com/jobs/hannover-projektassistenz-digitalisierung-dokumentenmanagement-dms-153253043,2026-04-19,2026-04-19,
Niedergesäß Stephan,Projekt Koordinator/Koordinatorin EU-Projekt (m/w/d),Berlin,https://www.stellenanzeigen.de/job/detail/SDE-94021/?location_hash=40D4741B&pja_cmp=win694689_xing_041&utm_source=xing&utm_medium=paid-partner&utm_campaign=041,2026-04-19,2026-04-19,
Niedergesäß Stephan,Management Trainee Filiale (m/w/d) Van & Truck,Frankfurt am Main,https://www.xing.com/jobs/frankfurt-main-management-trainee-filiale-van-truck-153242000,2026-04-19,2026-04-19,
Niedergesäß Stephan,Junior Category Manager (m/w/d) Garten & Freizeit,Soltau,https://jobs.meinestadt.de/deutschland/premium?id=100011542086&ref=392&tmp=100011542086&ecid=affiliate.b2c.xing.paid.jobs.CPC.nn.392.nn.&utm_source=xing.com,2026-04-19,2026-04-19,
Küchen I Berger I Thielbar Rechtsanwaltskanzlei & Notare,Rechtsanwalts- und Notarfachangestellte/r (ReNo-Fachangestellte/r),Bremen,https://www.schlaetzer-kuechen.de/karriere,2026-04-19,kanzlei@schlaetzer-kuechen.de,kanzlei@schlaetzer-kuechen.de
Patentanwälte und Rechtsanwälte Bockhorni & Kollegen Chemnitz,AUSBILDUNG PATENTANWALTSFACHANGELLTE (m/w/d),München,https://www.patguard.de/job/patentanwaltsfachangestellte-m-w-d-2/,2026-04-19,2026-04-19,
Patentanwälte und Rechtsanwälte Bockhorni & Kollegen Chemnitz,AUSBILDUNG PATENTANWALTSFACHANGELLTE (m/w/d),Buchloe,https://www.patguard.de/job/patentanwaltsfachangestellte-m-w-d-2/,2026-04-19,2026-04-19,
Sven Reissenberger lawyer,Ausbildungsplatz Rechtsanwaltsfachangestellte / Rechtsanwaltsfachangestellter,Dortmund,https://www.reissenberger.com/kanzlei/jobs/,2026-04-19,2026-04-19,
Rechtsanwälte am Westenhellweg,"Attraktiver Büroraum für Rechtsanwält*innen in Dortmunder Innenstadt zu vergeben (m,w,d)",Dortmund,https://www.rae-westenhellweg.de/,2026-04-19,Info@Rae-Westenhellweg.de,
Hackstein Reuter Rechtsanwälte,Berufseinsteiger (m/w/d) und Rechtsanwälte (m/w/d),Dortmund,http://hackstein-reuter.de/kanzlei/#karriere,2026-04-19,2026-04-19,reuter@hackstein-reuter.de
Hackstein Reuter Rechtsanwälte,Berufseinsteiger (m/w/d) und Rechtsanwälte (m/w/d),Bielefeld,http://hackstein-reuter.de/kanzlei/#karriere,2026-04-19,2026-04-19,reuter@hackstein-reuter.de
Hackstein Reuter Rechtsanwälte,Rechtsanwaltsfachangestellten (m/w/d),Dortmund,http://hackstein-reuter.de/kanzlei/#karriere,2026-04-19,2026-04-19,reuter@hackstein-reuter.de
Hackstein Reuter Rechtsanwälte,Rechtsanwaltsfachangestellten (m/w/d),Bielefeld,http://hackstein-reuter.de/kanzlei/#karriere,2026-04-19,2026-04-19,reuter@hackstein-reuter.de
Roth & Partner Rechtsanwälte,Rechtsanwaltsfachangestellte/r gesucht,Dresden,http://www.roth-anwaelte.de/de/de/karriere,2026-04-19,2026-04-19,info@roth-anwaelte.de
KHG Rechtsanwälte Partnerschaftsgesellschaft mbB,Berufseinsteiger (m/w/d) im Bau- und Architektenrecht,Dresden,http://www.khg-dresden.com/de/karriere,2026-04-19,2026-04-19,haensel-p@khg-dresden.com
KHG Rechtsanwälte Partnerschaftsgesellschaft mbB,Berufserfahrene (m/w/d) im Bau- und Architektenrecht,Dresden,http://www.khg-dresden.com/de/karriere,2026-04-19,2026-04-19,haensel-p@khg-dresden.com
KHG Rechtsanwälte Partnerschaftsgesellschaft mbB,Berufseinsteiger (m/w/d) im Vergaberecht,Dresden,http://www.khg-dresden.com/de/karriere,2026-04-19,2026-04-19,haensel-p@khg-dresden.com
KHG Rechtsanwälte Partnerschaftsgesellschaft mbB,Berufserfahrene (m/w/d) im Vergaberecht,Dresden,http://www.khg-dresden.com/de/karriere,2026-04-19,2026-04-19,haensel-p@khg-dresden.com
Kanzlei Klein,Ausbildung & Praktikum,Dresden,https://www.dresden-klein.de/ausbildung/,2026-04-19,2026-04-19,
Kretschmer Rechtsanwälte,Rechtsanwalt (w/m/d) / Fachanwalt (w/m/d),Dresden,https://www.kretschmer-rechtsanwaelte.de/karriere,2026-04-19,2026-04-19,kanzlei@kretschmer-rechtsanwaelte.de
Kretschmer Rechtsanwälte,Rechtsanwalt (w/m/d) / Fachanwalt (w/m/d),Berlin,https://www.kretschmer-rechtsanwaelte.de/karriere,2026-04-19,2026-04-19,kanzlei@kretschmer-rechtsanwaelte.de
Martin Groschek,AI-/ LLM-Engineer (m/w/d),Zentrale/Unbekannt,https://www.dahag.de/jobs/ai-/-llm-engineer,2026-04-19,jobs@dahag.de,jobs@dahag.de
Martin Groschek,Werkstudent/-in Anwalts- und Fallbetreuung (m/w/d),Zentrale/Unbekannt,https://www.dahag.de/jobs/werkstudent-sachbearbeitung-m/w/d#c31347,2026-04-19,jobs@dahag.de,jobs@dahag.de
Martin Groschek,Sachbearbeiter/-in (m/w/d),Zentrale/Unbekannt,https://www.dahag.de/jobs/sachbearbeiter/-in-m/w/d-1#c31233,2026-04-19,jobs@dahag.de,jobs@dahag.de
Dieter Merz,Teamassistenz (m/w/d) - Sachbearbeitung Patent- und Rechtsanwaltskanzlei,Dresden,https://www.white-ip.com/?page_id=113821,2026-04-19,2026-04-19,karriere@white-ip.com
Dieter Merz,"Patentanwalt (m/w/d) Patentrecht, Markenrecht u.a.",Dresden,https://www.white-ip.com/ueber-uns/jobs/patentanwalt-m-w-d-stellenanzeige/,2026-04-19,2026-04-19,karriere@white-ip.com
Dieter Merz,"Werkstudent (m/w/d) Marktrecherchen, Analysen u.a.",Dresden,https://www.white-ip.com/ueber-uns/jobs/,2026-04-19,2026-04-19,karriere@white-ip.com
Dieter Merz,"Rechtsanwalt (m/w/d) Arbeitsrecht, Gesellschaftsrecht u.a.",Dresden,https://www.white-ip.com/ueber-uns/jobs/rechtsanwalt-kanzlei-stellenanzeige/,2026-04-19,2026-04-19,karriere@white-ip.com
"Ratajczak & Partner, Duisburg, Rechtsanwalt Dr. Tünnesen-Harmes",Rechtsanwältin/Rechtsanwalt (m/w/d) im Bereich Medizinrecht,Böblingen,https://rpmed.de/stellenangebote/,2026-04-19,2026-04-19,karriere@rpmed.de
"Ratajczak & Partner, Duisburg, Rechtsanwalt Dr. Tünnesen-Harmes",Rechtsanwältin/Rechtsanwalt (m/w/d) im Bereich Medizinrecht,Duisburg,https://rpmed.de/stellenangebote/,2026-04-19,2026-04-19,karriere@rpmed.de
"Ratajczak & Partner, Duisburg, Rechtsanwalt Dr. Tünnesen-Harmes",Rechtsanwältin/Rechtsanwalt (m/w/d) im Bereich Medizinrecht,Freiburg,https://rpmed.de/stellenangebote/,2026-04-19,2026-04-19,karriere@rpmed.de
"Ratajczak & Partner, Duisburg, Rechtsanwalt Dr. Tünnesen-Harmes",Rechtsanwältin/Rechtsanwalt (m/w/d) im Bereich Medizinrecht,Köln,https://rpmed.de/stellenangebote/,2026-04-19,2026-04-19,karriere@rpmed.de
"Ratajczak & Partner, Duisburg, Rechtsanwalt Dr. Tünnesen-Harmes",Rechtsanwältin/Rechtsanwalt (m/w/d) im Bereich Medizinrecht,Meißen,https://rpmed.de/stellenangebote/,2026-04-19,2026-04-19,karriere@rpmed.de
"Ratajczak & Partner, Duisburg, Rechtsanwalt Dr. Tünnesen-Harmes",Rechtsanwältin/Rechtsanwalt (m/w/d) im Bereich Medizinrecht,München,https://rpmed.de/stellenangebote/,2026-04-19,2026-04-19,karriere@rpmed.de
Karl-Heinz Dasbach Rechtsanwalt und Notar,Rechtsanwaltsfachangestellte/r (m/w/d) in Teilzeit oder Vollzeit,Duisburg - Walsum,https://rechtsanwalt-dasbach.de/jobs/,2026-04-19,2026-04-19,info@ra-dasbach.de
Karl-Heinz Dasbach Rechtsanwalt und Notar,Notariatsfachangestellte/r (m/w/d) in Teilzeit oder Vollzeit,Duisburg - Walsum,https://rechtsanwalt-dasbach.de/jobs/,2026-04-19,2026-04-19,info@ra-dasbach.de
Anwaltskanzlei Christian Kohlhaas,Rechtsanwälte (w | m | d) für Bürogemeinschaft,Dinslaken,https://www.rakanzlei-kohlhaas.de/stellenboerse,2026-04-19,2026-04-19,info@rakanzlei-kohlhaas.de
Anwaltskanzlei Christian Kohlhaas,Rechtsanwälte (w | m | d) für Bürogemeinschaft,Oberhausen,https://www.rakanzlei-kohlhaas.de/stellenboerse,2026-04-19,2026-04-19,info@rakanzlei-kohlhaas.de
Anwaltskanzlei Christian Kohlhaas,Rechtsanwälte (w | m | d) für Bürogemeinschaft,Duisburg,https://www.rakanzlei-kohlhaas.de/stellenboerse,2026-04-19,2026-04-19,info@rakanzlei-kohlhaas.de
GSG-Partner Gergolla Schnabel Glockner Steuerberater Rechtsanwalt PartGmbB,Steuerberater (m/w/d),Duisburg,www.gsg-partner.de,2026-04-19,2026-04-19,info@gsg-partner.de
Borgelt & Partner Rechtsanwälte Düsseldorf,Praktikant (angehende ReNos / juristischer Bereich),Düsseldorf,https://borgelt.de/stellenanzeigen,2026-04-19,2026-04-19,info@borgelt.de
Schlun & Elseven Rechtsanwälte,Rechtsanwältinnen und Rechtsanwälte (m/w/d),Aachen,https://se-legal.de/karriere/#stellenanzeigen-ra,2026-04-19,2026-04-19,karriere@se-legal.de
Schlun & Elseven Rechtsanwälte,Rechtsanwältinnen und Rechtsanwälte (m/w/d),Köln,https://se-legal.de/karriere/#stellenanzeigen-ra,2026-04-19,2026-04-19,karriere@se-legal.de
Schlun & Elseven Rechtsanwälte,Rechtsanwältinnen und Rechtsanwälte (m/w/d),Düsseldorf,https://se-legal.de/karriere/#stellenanzeigen-ra,2026-04-19,2026-04-19,karriere@se-legal.de
Schlun & Elseven Rechtsanwälte,Rechtsanwältinnen und Rechtsanwälte (w/m/d) für Migrations- und Staatsangehörigkeitsrecht,Aachen,https://se-legal.de/karriere/#stellenanzeigen-ra,2026-04-19,2026-04-19,karriere@se-legal.de
Schlun & Elseven Rechtsanwälte,Rechtsanwältinnen und Rechtsanwälte (w/m/d) für Migrations- und Staatsangehörigkeitsrecht,Köln,https://se-legal.de/karriere/#stellenanzeigen-ra,2026-04-19,2026-04-19,karriere@se-legal.de
Schlun & Elseven Rechtsanwälte,Rechtsanwältinnen und Rechtsanwälte (w/m/d) für Migrations- und Staatsangehörigkeitsrecht,Düsseldorf,https://se-legal.de/karriere/#stellenanzeigen-ra,2026-04-19,2026-04-19,karriere@se-legal.de
Schlun & Elseven Rechtsanwälte,Rechtsanwältinnen und Rechtsanwälte (w/m/d) für den Bereich Global Mobility,Aachen,https://se-legal.de/karriere/#stellenanzeigen-ra,2026-04-19,2026-04-19,karriere@se-legal.de
Schlun & Elseven Rechtsanwälte,Rechtsanwältinnen und Rechtsanwälte (w/m/d) für den Bereich Global Mobility,Köln,https://se-legal.de/karriere/#stellenanzeigen-ra,2026-04-19,2026-04-19,karriere@se-legal.de
Schlun & Elseven Rechtsanwälte,Rechtsanwältinnen und Rechtsanwälte (w/m/d) für den Bereich Global Mobility,Düsseldorf,https://se-legal.de/karriere/#stellenanzeigen-ra,2026-04-19,2026-04-19,karriere@se-legal.de
Schlun & Elseven Rechtsanwälte,Rechtsanwältinnen und Rechtsanwälte (w/m/d) für Gesellschaftsrecht,Aachen,https://se-legal.de/karriere/#stellenanzeigen-ra,2026-04-19,2026-04-19,karriere@se-legal.de
Schlun & Elseven Rechtsanwälte,Rechtsanwältinnen und Rechtsanwälte (w/m/d) für Gesellschaftsrecht,Köln,https://se-legal.de/karriere/#stellenanzeigen-ra,2026-04-19,2026-04-19,karriere@se-legal.de
Schlun & Elseven Rechtsanwälte,Rechtsanwältinnen und Rechtsanwälte (w/m/d) für Gesellschaftsrecht,Düsseldorf,https://se-legal.de/karriere/#stellenanzeigen-ra,2026-04-19,2026-04-19,karriere@se-legal.de
mzs Rechtsanwälte,Jurist (m/w/d),Düsseldorf,https://www.mzs-recht.de/die-kanzlei/stellenangebote/,2026-04-19,2026-04-19,bewerbung@mzs-recht.de
ITMR Rechtsanwälte PartGmbB,Auszubildende (m/w/d),Düsseldorf,https://www.itmr-legal.de/karriere,2026-04-19,offene_anfragen@itmr-legal.de,offene_anfragen@itmr-legal.de
ITMR Rechtsanwälte PartGmbB,Rechtsreferendar (m/w/d) Anwaltsstation,remote,https://www.itmr-legal.de/karriere,2026-04-19,2026-04-19,offene_anfragen@itmr-legal.de
ITMR Rechtsanwälte PartGmbB,Rechtsreferendar (m/w/d) Wahlstation,remote,https://www.itmr-legal.de/karriere,2026-04-19,2026-04-19,offene_anfragen@itmr-legal.de
Kanzlei Thiel | Anwalt für Arbeitsrecht & Verkehrsrecht Düsseldorf,Werde Teil unseres Teams,Düsseldorf,https://www.linkedin.com/in/torsten-thiel-ll-m-73a07388/,2026-04-19,2026-04-19,info@meinanwalt.nrw
iurFRIEND Kanzlei,Rechtsanwältin/Rechtsanwalt (w/m/d),Deutschland,http://www.iurfriend-kanzlei.de/karriere/job-rechtsanwalt,2026-04-19,2026-04-19,
iurFRIEND Kanzlei,Rechtsanwaltsfachangestellte (w/m/d),Deutschland,http://www.iurfriend-kanzlei.de/karriere/job-rechtsanwaltsfachangestellte,2026-04-19,2026-04-19,
iurFRIEND Kanzlei,Sozialversicherungsfachangestellte (w/m/d),Deutschland,http://www.iurfriend-kanzlei.de/karriere/job-sozialversicherungsfachangestellte,2026-04-19,2026-04-19,
iurFRIEND Kanzlei,Mitarbeiter Forderungsmanagement (w/m/d),Deutschland,http://www.iurfriend-kanzlei.de/karriere/job-forderungsmanagement,2026-04-19,2026-04-19,
iurFRIEND Kanzlei,Rechtsreferendar (w/m/d),Deutschland,http://www.iurfriend-kanzlei.de/karriere/job-rechtsreferendar,2026-04-19,2026-04-19,
Kanzlei Daniel Raimer,Auszubildende/r zur/m Rechtsanwaltsfachangestellten (m/w/d),Düsseldorf,http://kanzlei-raimer.com/kanzlei/karriere/,2026-04-19,2026-04-19,office@kanzlei-raimer.com
Kanzlei Daniel Raimer,Rechtsreferendar,Düsseldorf,http://kanzlei-raimer.com/kanzlei/karriere/,2026-04-19,2026-04-19,office@kanzlei-raimer.com
Fachanwältin Katharina Gitmann - horak Rechtsanwälte Düsseldorf,Stellenangebot Rechtsanwälte (m/w/d),Hamburg,https://kunst-kulturrecht.de/stellenangebote/stellenangebot-rechtsanwaelte-m-w-d/,2026-04-19,info@kunst-kulturrecht.de,info@kunst-kulturrecht.de
Fachanwältin Katharina Gitmann - horak Rechtsanwälte Düsseldorf,Stellenangebot Rechtsanwälte (m/w/d),Leipzig,https://kunst-kulturrecht.de/stellenangebote/stellenangebot-rechtsanwaelte-m-w-d/,2026-04-19,info@kunst-kulturrecht.de,info@kunst-kulturrecht.de
Fachanwältin Katharina Gitmann - horak Rechtsanwälte Düsseldorf,Stellenangebot Rechtsanwälte (m/w/d),München,https://kunst-kulturrecht.de/stellenangebote/stellenangebot-rechtsanwaelte-m-w-d/,2026-04-19,info@kunst-kulturrecht.de,info@kunst-kulturrecht.de
Fachanwältin Katharina Gitmann - horak Rechtsanwälte Düsseldorf,Stellenangebot Rechtsanwälte (m/w/d),Stuttgart,https://kunst-kulturrecht.de/stellenangebote/stellenangebot-rechtsanwaelte-m-w-d/,2026-04-19,info@kunst-kulturrecht.de,info@kunst-kulturrecht.de
Fachanwältin Katharina Gitmann - horak Rechtsanwälte Düsseldorf,Stellenangebot Patentanwälte (m/w/d),Hamburg,https://kunst-kulturrecht.de/stellenangebote/stellenangebot-patentanwaelte-m-w-d/,2026-04-19,info@kunst-kulturrecht.de,info@kunst-kulturrecht.de
Fachanwältin Katharina Gitmann - horak Rechtsanwälte Düsseldorf,Stellenangebot Patentanwälte (m/w/d),Leipzig,https://kunst-kulturrecht.de/stellenangebote/stellenangebot-patentanwaelte-m-w-d/,2026-04-19,info@kunst-kulturrecht.de,info@kunst-kulturrecht.de
Fachanwältin Katharina Gitmann - horak Rechtsanwälte Düsseldorf,Stellenangebot Patentanwälte (m/w/d),München,https://kunst-kulturrecht.de/stellenangebote/stellenangebot-patentanwaelte-m-w-d/,2026-04-19,info@kunst-kulturrecht.de,info@kunst-kulturrecht.de
Fachanwältin Katharina Gitmann - horak Rechtsanwälte Düsseldorf,Stellenangebot Patentanwälte (m/w/d),Stuttgart,https://kunst-kulturrecht.de/stellenangebote/stellenangebot-patentanwaelte-m-w-d/,2026-04-19,info@kunst-kulturrecht.de,info@kunst-kulturrecht.de
Fachanwältin Katharina Gitmann - horak Rechtsanwälte Düsseldorf,Stellenangebot Patentingenieure (m/w/d),Hamburg,https://kunst-kulturrecht.de/stellenangebote/stellenangebot-patentingenieure-m-w-d/,2026-04-19,info@kunst-kulturrecht.de,info@kunst-kulturrecht.de
Fachanwältin Katharina Gitmann - horak Rechtsanwälte Düsseldorf,Stellenangebot Patentingenieure (m/w/d),Leipzig,https://kunst-kulturrecht.de/stellenangebote/stellenangebot-patentingenieure-m-w-d/,2026-04-19,info@kunst-kulturrecht.de,info@kunst-kulturrecht.de
Fachanwältin Katharina Gitmann - horak Rechtsanwälte Düsseldorf,Stellenangebot Patentingenieure (m/w/d),München,https://kunst-kulturrecht.de/stellenangebote/stellenangebot-patentingenieure-m-w-d/,2026-04-19,info@kunst-kulturrecht.de,info@kunst-kulturrecht.de
Fachanwältin Katharina Gitmann - horak Rechtsanwälte Düsseldorf,Stellenangebot Patentingenieure (m/w/d),Stuttgart,https://kunst-kulturrecht.de/stellenangebote/stellenangebot-patentingenieure-m-w-d/,2026-04-19,info@kunst-kulturrecht.de,info@kunst-kulturrecht.de
Fachanwältin Katharina Gitmann - horak Rechtsanwälte Düsseldorf,Stellenangebot Wirtschaftsjuristen (m/w/d),Hamburg,https://kunst-kulturrecht.de/stellenangebote/stellenangebot-wirtschaftsjuristen-m-w-d/,2026-04-19,info@kunst-kulturrecht.de,info@kunst-kulturrecht.de
Fachanwältin Katharina Gitmann - horak Rechtsanwälte Düsseldorf,Stellenangebot Wirtschaftsjuristen (m/w/d),Leipzig,https://kunst-kulturrecht.de/stellenangebote/stellenangebot-wirtschaftsjuristen-m-w-d/,2026-04-19,info@kunst-kulturrecht.de,info@kunst-kulturrecht.de
Fachanwältin Katharina Gitmann - horak Rechtsanwälte Düsseldorf,Stellenangebot Wirtschaftsjuristen (m/w/d),München,https://kunst-kulturrecht.de/stellenangebote/stellenangebot-wirtschaftsjuristen-m-w-d/,2026-04-19,info@kunst-kulturrecht.de,info@kunst-kulturrecht.de
Fachanwältin Katharina Gitmann - horak Rechtsanwälte Düsseldorf,Stellenangebot Wirtschaftsjuristen (m/w/d),Stuttgart,https://kunst-kulturrecht.de/stellenangebote/stellenangebot-wirtschaftsjuristen-m-w-d/,2026-04-19,info@kunst-kulturrecht.de,info@kunst-kulturrecht.de
Fachanwältin Katharina Gitmann - horak Rechtsanwälte Düsseldorf,Stellenangebot Rechtsreferendare (m/w/d),Hamburg,https://kunst-kulturrecht.de/stellenangebote/stellenangebot-rechtsreferendare-m-w-d/,2026-04-19,info@kunst-kulturrecht.de,info@kunst-kulturrecht.de
Fachanwältin Katharina Gitmann - horak Rechtsanwälte Düsseldorf,Stellenangebot Rechtsreferendare (m/w/d),Leipzig,https://kunst-kulturrecht.de/stellenangebote/stellenangebot-rechtsreferendare-m-w-d/,2026-04-19,info@kunst-kulturrecht.de,info@kunst-kulturrecht.de
Fachanwältin Katharina Gitmann - horak Rechtsanwälte Düsseldorf,Stellenangebot Rechtsreferendare (m/w/d),München,https://kunst-kulturrecht.de/stellenangebote/stellenangebot-rechtsreferendare-m-w-d/,2026-04-19,info@kunst-kulturrecht.de,info@kunst-kulturrecht.de
Fachanwältin Katharina Gitmann - horak Rechtsanwälte Düsseldorf,Stellenangebot Rechtsreferendare (m/w/d),Stuttgart,https://kunst-kulturrecht.de/stellenangebote/stellenangebot-rechtsreferendare-m-w-d/,2026-04-19,info@kunst-kulturrecht.de,info@kunst-kulturrecht.de
Fachanwältin Katharina Gitmann - horak Rechtsanwälte Düsseldorf,Stellenangebot Rechtsfachwirte (m/w/d),Hamburg,https://kunst-kulturrecht.de/stellenangebote/stellenangebot-rechtsfachwirte-m-w-d/,2026-04-19,info@kunst-kulturrecht.de,info@kunst-kulturrecht.de
Fachanwältin Katharina Gitmann - horak Rechtsanwälte Düsseldorf,Stellenangebot Rechtsfachwirte (m/w/d),Leipzig,https://kunst-kulturrecht.de/stellenangebote/stellenangebot-rechtsfachwirte-m-w-d/,2026-04-19,info@kunst-kulturrecht.de,info@kunst-kulturrecht.de
Fachanwältin Katharina Gitmann - horak Rechtsanwälte Düsseldorf,Stellenangebot Rechtsfachwirte (m/w/d),München,https://kunst-kulturrecht.de/stellenangebote/stellenangebot-rechtsfachwirte-m-w-d/,2026-04-19,info@kunst-kulturrecht.de,info@kunst-kulturrecht.de
Fachanwältin Katharina Gitmann - horak Rechtsanwälte Düsseldorf,Stellenangebot Rechtsfachwirte (m/w/d),Stuttgart,https://kunst-kulturrecht.de/stellenangebote/stellenangebot-rechtsfachwirte-m-w-d/,2026-04-19,info@kunst-kulturrecht.de,info@kunst-kulturrecht.de
Fachanwältin Katharina Gitmann - horak Rechtsanwälte Düsseldorf,Stellenangebot Rechtsanwaltsfachangestellte (m/w/d),Hamburg,https://kunst-kulturrecht.de/stellenangebote/stellenangebot-rechtsanwaltsfachangestellte-m-w-d/,2026-04-19,info@kunst-kulturrecht.de,info@kunst-kulturrecht.de
Fachanwältin Katharina Gitmann - horak Rechtsanwälte Düsseldorf,Stellenangebot Rechtsanwaltsfachangestellte (m/w/d),Leipzig,https://kunst-kulturrecht.de/stellenangebote/stellenangebot-rechtsanwaltsfachangestellte-m-w-d/,2026-04-19,info@kunst-kulturrecht.de,info@kunst-kulturrecht.de
Fachanwältin Katharina Gitmann - horak Rechtsanwälte Düsseldorf,Stellenangebot Rechtsanwaltsfachangestellte (m/w/d),München,https://kunst-kulturrecht.de/stellenangebote/stellenangebot-rechtsanwaltsfachangestellte-m-w-d/,2026-04-19,info@kunst-kulturrecht.de,info@kunst-kulturrecht.de
Fachanwältin Katharina Gitmann - horak Rechtsanwälte Düsseldorf,Stellenangebot Rechtsanwaltsfachangestellte (m/w/d),Stuttgart,https://kunst-kulturrecht.de/stellenangebote/stellenangebot-rechtsanwaltsfachangestellte-m-w-d/,2026-04-19,info@kunst-kulturrecht.de,info@kunst-kulturrecht.de
Fachanwältin Katharina Gitmann - horak Rechtsanwälte Düsseldorf,Stellenangebot Rechtsanwalts- und Notarfachangestellte (m/w/d),Hamburg,https://kunst-kulturrecht.de/stellenangebote/stellenangebot-rechtsanwalts-und-notarfachangestellte-m-w-d/,2026-04-19,info@kunst-kulturrecht.de,info@kunst-kulturrecht.de
Fachanwältin Katharina Gitmann - horak Rechtsanwälte Düsseldorf,Stellenangebot Rechtsanwalts- und Notarfachangestellte (m/w/d),Leipzig,https://kunst-kulturrecht.de/stellenangebote/stellenangebot-rechtsanwalts-und-notarfachangestellte-m-w-d/,2026-04-19,info@kunst-kulturrecht.de,info@kunst-kulturrecht.de
Fachanwältin Katharina Gitmann - horak Rechtsanwälte Düsseldorf,Stellenangebot Rechtsanwalts- und Notarfachangestellte (m/w/d),München,https://kunst-kulturrecht.de/stellenangebote/stellenangebot-rechtsanwalts-und-notarfachangestellte-m-w-d/,2026-04-19,info@kunst-kulturrecht.de,info@kunst-kulturrecht.de
Fachanwältin Katharina Gitmann - horak Rechtsanwälte Düsseldorf,Stellenangebot Rechtsanwalts- und Notarfachangestellte (m/w/d),Stuttgart,https://kunst-kulturrecht.de/stellenangebote/stellenangebot-rechtsanwalts-und-notarfachangestellte-m-w-d/,2026-04-19,info@kunst-kulturrecht.de,info@kunst-kulturrecht.de
Fachanwältin Katharina Gitmann - horak Rechtsanwälte Düsseldorf,Stellenangebot Patentanwaltsfachangestellte (m/w/d),Hamburg,https://kunst-kulturrecht.de/stellenangebote/stellenangebot-patentanwaltsfachangestellte-m-w-d/,2026-04-19,info@kunst-kulturrecht.de,info@kunst-kulturrecht.de
Fachanwältin Katharina Gitmann - horak Rechtsanwälte Düsseldorf,Stellenangebot Patentanwaltsfachangestellte (m/w/d),Leipzig,https://kunst-kulturrecht.de/stellenangebote/stellenangebot-patentanwaltsfachangestellte-m-w-d/,2026-04-19,info@kunst-kulturrecht.de,info@kunst-kulturrecht.de
Fachanwältin Katharina Gitmann - horak Rechtsanwälte Düsseldorf,Stellenangebot Patentanwaltsfachangestellte (m/w/d),München,https://kunst-kulturrecht.de/stellenangebote/stellenangebot-patentanwaltsfachangestellte-m-w-d/,2026-04-19,info@kunst-kulturrecht.de,info@kunst-kulturrecht.de
Fachanwältin Katharina Gitmann - horak Rechtsanwälte Düsseldorf,Stellenangebot Patentanwaltsfachangestellte (m/w/d),Stuttgart,https://kunst-kulturrecht.de/stellenangebote/stellenangebot-patentanwaltsfachangestellte-m-w-d/,2026-04-19,info@kunst-kulturrecht.de,info@kunst-kulturrecht.de
Fachanwältin Katharina Gitmann - horak Rechtsanwälte Düsseldorf,Stellenangebot Auszubildende zur Rechtsanwaltsfachangestellten (m/w/d),Hamburg,https://kunst-kulturrecht.de/stellenangebote/stellenangebot-auszubildende-zur-rechtsanwaltsfachangestellten-m-w-d/,2026-04-19,info@kunst-kulturrecht.de,info@kunst-kulturrecht.de
Fachanwältin Katharina Gitmann - horak Rechtsanwälte Düsseldorf,Stellenangebot Auszubildende zur Rechtsanwaltsfachangestellten (m/w/d),Leipzig,https://kunst-kulturrecht.de/stellenangebote/stellenangebot-auszubildende-zur-rechtsanwaltsfachangestellten-m-w-d/,2026-04-19,info@kunst-kulturrecht.de,info@kunst-kulturrecht.de
Fachanwältin Katharina Gitmann - horak Rechtsanwälte Düsseldorf,Stellenangebot Auszubildende zur Rechtsanwaltsfachangestellten (m/w/d),München,https://kunst-kulturrecht.de/stellenangebote/stellenangebot-auszubildende-zur-rechtsanwaltsfachangestellten-m-w-d/,2026-04-19,info@kunst-kulturrecht.de,info@kunst-kulturrecht.de
Fachanwältin Katharina Gitmann - horak Rechtsanwälte Düsseldorf,Stellenangebot Auszubildende zur Rechtsanwaltsfachangestellten (m/w/d),Stuttgart,https://kunst-kulturrecht.de/stellenangebote/stellenangebot-auszubildende-zur-rechtsanwaltsfachangestellten-m-w-d/,2026-04-19,info@kunst-kulturrecht.de,info@kunst-kulturrecht.de
Fachanwältin Katharina Gitmann - horak Rechtsanwälte Düsseldorf,Stellenangebot Auszubildende zur Patentanwaltsfachangestellten (m/w/d),Hamburg,https://kunst-kulturrecht.de/stellenangebote/stellenangebot-auszubildende-zur-patentanwaltsfachangestellten-m-w-d/,2026-04-19,info@kunst-kulturrecht.de,info@kunst-kulturrecht.de
Fachanwältin Katharina Gitmann - horak Rechtsanwälte Düsseldorf,Stellenangebot Auszubildende zur Patentanwaltsfachangestellten (m/w/d),Leipzig,https://kunst-kulturrecht.de/stellenangebote/stellenangebot-auszubildende-zur-patentanwaltsfachangestellten-m-w-d/,2026-04-19,info@kunst-kulturrecht.de,info@kunst-kulturrecht.de
Fachanwältin Katharina Gitmann - horak Rechtsanwälte Düsseldorf,Stellenangebot Auszubildende zur Patentanwaltsfachangestellten (m/w/d),München,https://kunst-kulturrecht.de/stellenangebote/stellenangebot-auszubildende-zur-patentanwaltsfachangestellten-m-w-d/,2026-04-19,info@kunst-kulturrecht.de,info@kunst-kulturrecht.de
Fachanwältin Katharina Gitmann - horak Rechtsanwälte Düsseldorf,Stellenangebot Auszubildende zur Patentanwaltsfachangestellten (m/w/d),Stuttgart,https://kunst-kulturrecht.de/stellenangebote/stellenangebot-auszubildende-zur-patentanwaltsfachangestellten-m-w-d/,2026-04-19,info@kunst-kulturrecht.de,info@kunst-kulturrecht.de
Rechtsanwaltskanzlei Beyer,Wissenschaftlicher Mitarbeiter / Paralegal,Düsseldorf,https://rechtsanwaltskanzlei-beyer.de/wissenschaftlicher-mitarbeiter,2026-04-19,2026-04-19,kontakt@rechtsanwaltskanzlei-beyer.de
Rechtsanwaltskanzlei Beyer,Wissenschaftlicher Mitarbeiter / Paralegal,Wuppertal,https://rechtsanwaltskanzlei-beyer.de/wissenschaftlicher-mitarbeiter,2026-04-19,2026-04-19,kontakt@rechtsanwaltskanzlei-beyer.de
Rechtsanwaltskanzlei Beyer,Bürokraft / EDV,Düsseldorf,https://rechtsanwaltskanzlei-beyer.de/team/buerokraft-edv,2026-04-19,2026-04-19,kontakt@rechtsanwaltskanzlei-beyer.de
Rechtsanwaltskanzlei Beyer,Bürokraft / EDV,Wuppertal,https://rechtsanwaltskanzlei-beyer.de/team/buerokraft-edv,2026-04-19,2026-04-19,kontakt@rechtsanwaltskanzlei-beyer.de
My Anwalt,Rechtsanwalt,Köln,https://www.my-anwalt.com/karriere,2026-04-19,2026-04-19,daniel.werfel@my-anwalt.com
Kanzlei von Hase - Fachanwälte f. Familien- u. Erbrecht Düsseldorf,Rechtsanwalt / Fachanwalt (m/w/d),Düsseldorf,https://kanzlei-vonhase.de/offene-stellen/,2026-04-19,2026-04-19,vh@kanzlei-vonhase.de
SCHULTE.Rechtsanwälte PartGmbB | Opferrecht | Düsseldorf • Krefeld • Mönchengladbach • Leipzig,Azubi (m/w/d) zum/zur Rechtsanwaltsfachangestellte/n,Krefeld,https://www.anjariemann.de/karriere/,2026-04-19,2026-04-19,a.otto@lawplus.de
SCHULTE.Rechtsanwälte PartGmbB | Opferrecht | Düsseldorf • Krefeld • Mönchengladbach • Leipzig,Azubi (m/w/d) zum/zur Rechtsanwaltsfachangestellte/n,Düsseldorf,https://www.anjariemann.de/karriere/,2026-04-19,2026-04-19,a.otto@lawplus.de
BBR Buchalik Brömmekamp Rechtsanwaltsgesellschaft mbH für Insolvenzrecht in Düsseldorf,Rechtsanwalt für Insolvenzrecht (m/w/d),Düsseldorf,https://www.buchalik-broemmekamp.de/ihre-karriere/rechtsanwalt-fuer-insolvenzrecht-m/w/d/,2026-04-19,bewerbung@bbr-law.de,bewerbung@bbr-law.de
BBR Buchalik Brömmekamp Rechtsanwaltsgesellschaft mbH für Insolvenzrecht in Düsseldorf,Rechtsanwalt für Insolvenzrecht (m/w/d),Berlin,https://www.buchalik-broemmekamp.de/ihre-karriere/rechtsanwalt-fuer-insolvenzrecht-m/w/d/,2026-04-19,bewerbung@bbr-law.de,bewerbung@bbr-law.de
BBR Buchalik Brömmekamp Rechtsanwaltsgesellschaft mbH für Insolvenzrecht in Düsseldorf,Rechtsanwalt für Insolvenzrecht (m/w/d),Düren,https://www.buchalik-broemmekamp.de/ihre-karriere/rechtsanwalt-fuer-insolvenzrecht-m/w/d/,2026-04-19,bewerbung@bbr-law.de,bewerbung@bbr-law.de
BBR Buchalik Brömmekamp Rechtsanwaltsgesellschaft mbH für Insolvenzrecht in Düsseldorf,Rechtsanwalt für Insolvenzrecht (m/w/d),Frankfurt am Main,https://www.buchalik-broemmekamp.de/ihre-karriere/rechtsanwalt-fuer-insolvenzrecht-m/w/d/,2026-04-19,bewerbung@bbr-law.de,bewerbung@bbr-law.de
BBR Buchalik Brömmekamp Rechtsanwaltsgesellschaft mbH für Insolvenzrecht in Düsseldorf,Rechtsanwalt für Insolvenzrecht (m/w/d),Hannover,https://www.buchalik-broemmekamp.de/ihre-karriere/rechtsanwalt-fuer-insolvenzrecht-m/w/d/,2026-04-19,bewerbung@bbr-law.de,bewerbung@bbr-law.de
BBR Buchalik Brömmekamp Rechtsanwaltsgesellschaft mbH für Insolvenzrecht in Düsseldorf,Rechtsanwalt für Insolvenzrecht (m/w/d),Aachen,https://www.buchalik-broemmekamp.de/ihre-karriere/rechtsanwalt-fuer-insolvenzrecht-m/w/d/,2026-04-19,bewerbung@bbr-law.de,bewerbung@bbr-law.de
BBR Buchalik Brömmekamp Rechtsanwaltsgesellschaft mbH für Insolvenzrecht in Düsseldorf,Rechtsanwalt für Insolvenzrecht (m/w/d),Chemnitz,https://www.buchalik-broemmekamp.de/ihre-karriere/rechtsanwalt-fuer-insolvenzrecht-m/w/d/,2026-04-19,bewerbung@bbr-law.de,bewerbung@bbr-law.de
BBR Buchalik Brömmekamp Rechtsanwaltsgesellschaft mbH für Insolvenzrecht in Düsseldorf,Rechtsanwalt für Insolvenzrecht (m/w/d),Coburg,https://www.buchalik-broemmekamp.de/ihre-karriere/rechtsanwalt-fuer-insolvenzrecht-m/w/d/,2026-04-19,bewerbung@bbr-law.de,bewerbung@bbr-law.de
BBR Buchalik Brömmekamp Rechtsanwaltsgesellschaft mbH für Insolvenzrecht in Düsseldorf,Rechtsanwalt für Insolvenzrecht (m/w/d),Dresden,https://www.buchalik-broemmekamp.de/ihre-karriere/rechtsanwalt-fuer-insolvenzrecht-m/w/d/,2026-04-19,bewerbung@bbr-law.de,bewerbung@bbr-law.de
BBR Buchalik Brömmekamp Rechtsanwaltsgesellschaft mbH für Insolvenzrecht in Düsseldorf,Rechtsanwalt für Insolvenzrecht (m/w/d),Essen,https://www.buchalik-broemmekamp.de/ihre-karriere/rechtsanwalt-fuer-insolvenzrecht-m/w/d/,2026-04-19,bewerbung@bbr-law.de,bewerbung@bbr-law.de
BBR Buchalik Brömmekamp Rechtsanwaltsgesellschaft mbH für Insolvenzrecht in Düsseldorf,Rechtsanwalt für Insolvenzrecht (m/w/d),Gera,https://www.buchalik-broemmekamp.de/ihre-karriere/rechtsanwalt-fuer-insolvenzrecht-m/w/d/,2026-04-19,bewerbung@bbr-law.de,bewerbung@bbr-law.de
BBR Buchalik Brömmekamp Rechtsanwaltsgesellschaft mbH für Insolvenzrecht in Düsseldorf,Rechtsanwalt für Insolvenzrecht (m/w/d),Halle (Saale),https://www.buchalik-broemmekamp.de/ihre-karriere/rechtsanwalt-fuer-insolvenzrecht-m/w/d/,2026-04-19,bewerbung@bbr-law.de,bewerbung@bbr-law.de
BBR Buchalik Brömmekamp Rechtsanwaltsgesellschaft mbH für Insolvenzrecht in Düsseldorf,Rechtsanwalt für Insolvenzrecht (m/w/d),Hürth,https://www.buchalik-broemmekamp.de/ihre-karriere/rechtsanwalt-fuer-insolvenzrecht-m/w/d/,2026-04-19,bewerbung@bbr-law.de,bewerbung@bbr-law.de
BBR Buchalik Brömmekamp Rechtsanwaltsgesellschaft mbH für Insolvenzrecht in Düsseldorf,Rechtsanwalt für Insolvenzrecht (m/w/d),Leipzig,https://www.buchalik-broemmekamp.de/ihre-karriere/rechtsanwalt-fuer-insolvenzrecht-m/w/d/,2026-04-19,bewerbung@bbr-law.de,bewerbung@bbr-law.de
BBR Buchalik Brömmekamp Rechtsanwaltsgesellschaft mbH für Insolvenzrecht in Düsseldorf,Rechtsanwalt für Insolvenzrecht (m/w/d),Lüdenscheid,https://www.buchalik-broemmekamp.de/ihre-karriere/rechtsanwalt-fuer-insolvenzrecht-m/w/d/,2026-04-19,bewerbung@bbr-law.de,bewerbung@bbr-law.de
BBR Buchalik Brömmekamp Rechtsanwaltsgesellschaft mbH für Insolvenzrecht in Düsseldorf,Rechtsanwalt für Insolvenzrecht (m/w/d),Mönchengladbach,https://www.buchalik-broemmekamp.de/ihre-karriere/rechtsanwalt-fuer-insolvenzrecht-m/w/d/,2026-04-19,bewerbung@bbr-law.de,bewerbung@bbr-law.de
BBR Buchalik Brömmekamp Rechtsanwaltsgesellschaft mbH für Insolvenzrecht in Düsseldorf,Rechtsanwalt für Insolvenzrecht (m/w/d),Nordhausen,https://www.buchalik-broemmekamp.de/ihre-karriere/rechtsanwalt-fuer-insolvenzrecht-m/w/d/,2026-04-19,bewerbung@bbr-law.de,bewerbung@bbr-law.de
BBR Buchalik Brömmekamp Rechtsanwaltsgesellschaft mbH für Insolvenzrecht in Düsseldorf,Wirtschaftsjurist für Insolvenzrecht (m/w/d),Düsseldorf,https://www.buchalik-broemmekamp.de/ihre-karriere/wirtschaftsjurist-fuer-insolvenzrecht-m-w-d/,2026-04-19,bewerbung@bbr-law.de,bewerbung@bbr-law.de
BBR Buchalik Brömmekamp Rechtsanwaltsgesellschaft mbH für Insolvenzrecht in Düsseldorf,Wirtschaftsjurist für Insolvenzrecht (m/w/d),Berlin,https://www.buchalik-broemmekamp.de/ihre-karriere/wirtschaftsjurist-fuer-insolvenzrecht-m-w-d/,2026-04-19,bewerbung@bbr-law.de,bewerbung@bbr-law.de
BBR Buchalik Brömmekamp Rechtsanwaltsgesellschaft mbH für Insolvenzrecht in Düsseldorf,Wirtschaftsjurist für Insolvenzrecht (m/w/d),Düren,https://www.buchalik-broemmekamp.de/ihre-karriere/wirtschaftsjurist-fuer-insolvenzrecht-m-w-d/,2026-04-19,bewerbung@bbr-law.de,bewerbung@bbr-law.de
BBR Buchalik Brömmekamp Rechtsanwaltsgesellschaft mbH für Insolvenzrecht in Düsseldorf,Wirtschaftsjurist für Insolvenzrecht (m/w/d),Frankfurt am Main,https://www.buchalik-broemmekamp.de/ihre-karriere/wirtschaftsjurist-fuer-insolvenzrecht-m-w-d/,2026-04-19,bewerbung@bbr-law.de,bewerbung@bbr-law.de
BBR Buchalik Brömmekamp Rechtsanwaltsgesellschaft mbH für Insolvenzrecht in Düsseldorf,Wirtschaftsjurist für Insolvenzrecht (m/w/d),Hannover,https://www.buchalik-broemmekamp.de/ihre-karriere/wirtschaftsjurist-fuer-insolvenzrecht-m-w-d/,2026-04-19,bewerbung@bbr-law.de,bewerbung@bbr-law.de
BBR Buchalik Brömmekamp Rechtsanwaltsgesellschaft mbH für Insolvenzrecht in Düsseldorf,Wirtschaftsjurist für Insolvenzrecht (m/w/d),Aachen,https://www.buchalik-broemmekamp.de/ihre-karriere/wirtschaftsjurist-fuer-insolvenzrecht-m-w-d/,2026-04-19,bewerbung@bbr-law.de,bewerbung@bbr-law.de
BBR Buchalik Brömmekamp Rechtsanwaltsgesellschaft mbH für Insolvenzrecht in Düsseldorf,Wirtschaftsjurist für Insolvenzrecht (m/w/d),Chemnitz,https://www.buchalik-broemmekamp.de/ihre-karriere/wirtschaftsjurist-fuer-insolvenzrecht-m-w-d/,2026-04-19,bewerbung@bbr-law.de,bewerbung@bbr-law.de
BBR Buchalik Brömmekamp Rechtsanwaltsgesellschaft mbH für Insolvenzrecht in Düsseldorf,Wirtschaftsjurist für Insolvenzrecht (m/w/d),Coburg,https://www.buchalik-broemmekamp.de/ihre-karriere/wirtschaftsjurist-fuer-insolvenzrecht-m-w-d/,2026-04-19,bewerbung@bbr-law.de,bewerbung@bbr-law.de
BBR Buchalik Brömmekamp Rechtsanwaltsgesellschaft mbH für Insolvenzrecht in Düsseldorf,Wirtschaftsjurist für Insolvenzrecht (m/w/d),Dresden,https://www.buchalik-broemmekamp.de/ihre-karriere/wirtschaftsjurist-fuer-insolvenzrecht-m-w-d/,2026-04-19,bewerbung@bbr-law.de,bewerbung@bbr-law.de
BBR Buchalik Brömmekamp Rechtsanwaltsgesellschaft mbH für Insolvenzrecht in Düsseldorf,Wirtschaftsjurist für Insolvenzrecht (m/w/d),Essen,https://www.buchalik-broemmekamp.de/ihre-karriere/wirtschaftsjurist-fuer-insolvenzrecht-m-w-d/,2026-04-19,bewerbung@bbr-law.de,bewerbung@bbr-law.de
BBR Buchalik Brömmekamp Rechtsanwaltsgesellschaft mbH für Insolvenzrecht in Düsseldorf,Wirtschaftsjurist für Insolvenzrecht (m/w/d),Gera,https://www.buchalik-broemmekamp.de/ihre-karriere/wirtschaftsjurist-fuer-insolvenzrecht-m-w-d/,2026-04-19,bewerbung@bbr-law.de,bewerbung@bbr-law.de
BBR Buchalik Brömmekamp Rechtsanwaltsgesellschaft mbH für Insolvenzrecht in Düsseldorf,Wirtschaftsjurist für Insolvenzrecht (m/w/d),Halle (Saale),https://www.buchalik-broemmekamp.de/ihre-karriere/wirtschaftsjurist-fuer-insolvenzrecht-m-w-d/,2026-04-19,bewerbung@bbr-law.de,bewerbung@bbr-law.de
BBR Buchalik Brömmekamp Rechtsanwaltsgesellschaft mbH für Insolvenzrecht in Düsseldorf,Wirtschaftsjurist für Insolvenzrecht (m/w/d),Hürth,https://www.buchalik-broemmekamp.de/ihre-karriere/wirtschaftsjurist-fuer-insolvenzrecht-m-w-d/,2026-04-19,bewerbung@bbr-law.de,bewerbung@bbr-law.de
BBR Buchalik Brömmekamp Rechtsanwaltsgesellschaft mbH für Insolvenzrecht in Düsseldorf,Wirtschaftsjurist für Insolvenzrecht (m/w/d),Leipzig,https://www.buchalik-broemmekamp.de/ihre-karriere/wirtschaftsjurist-fuer-insolvenzrecht-m-w-d/,2026-04-19,bewerbung@bbr-law.de,bewerbung@bbr-law.de
BBR Buchalik Brömmekamp Rechtsanwaltsgesellschaft mbH für Insolvenzrecht in Düsseldorf,Wirtschaftsjurist für Insolvenzrecht (m/w/d),Lüdenscheid,https://www.buchalik-broemmekamp.de/ihre-karriere/wirtschaftsjurist-fuer-insolvenzrecht-m-w-d/,2026-04-19,bewerbung@bbr-law.de,bewerbung@bbr-law.de
BBR Buchalik Brömmekamp Rechtsanwaltsgesellschaft mbH für Insolvenzrecht in Düsseldorf,Wirtschaftsjurist für Insolvenzrecht (m/w/d),Mönchengladbach,https://www.buchalik-broemmekamp.de/ihre-karriere/wirtschaftsjurist-fuer-insolvenzrecht-m-w-d/,2026-04-19,bewerbung@bbr-law.de,bewerbung@bbr-law.de
BBR Buchalik Brömmekamp Rechtsanwaltsgesellschaft mbH für Insolvenzrecht in Düsseldorf,Wirtschaftsjurist für Insolvenzrecht (m/w/d),Nordhausen,https://www.buchalik-broemmekamp.de/ihre-karriere/wirtschaftsjurist-fuer-insolvenzrecht-m-w-d/,2026-04-19,bewerbung@bbr-law.de,bewerbung@bbr-law.de
BBR Buchalik Brömmekamp Rechtsanwaltsgesellschaft mbH für Insolvenzrecht in Düsseldorf,Rechtsanwaltsfachangestellter (m/w/d),Düsseldorf,https://www.buchalik-broemmekamp.de/ihre-karriere/rechtsanwaltsfachangestellter-m-w-d/,2026-04-19,bewerbung@bbr-law.de,bewerbung@bbr-law.de
BBR Buchalik Brömmekamp Rechtsanwaltsgesellschaft mbH für Insolvenzrecht in Düsseldorf,Praktikum,Düsseldorf,https://www.buchalik-broemmekamp.de/ihre-karriere/praktikum/,2026-04-19,bewerbung@bbr-law.de,bewerbung@bbr-law.de
BBR Buchalik Brömmekamp Rechtsanwaltsgesellschaft mbH für Insolvenzrecht in Düsseldorf,Initiativbewerbung,Düsseldorf,https://www.buchalik-broemmekamp.de/ihre-karriere/bewerbung/,2026-04-19,bewerbung@bbr-law.de,bewerbung@bbr-law.de
BBR Buchalik Brömmekamp Rechtsanwaltsgesellschaft mbH für Insolvenzrecht in Düsseldorf,Initiativbewerbung,Berlin,https://www.buchalik-broemmekamp.de/ihre-karriere/bewerbung/,2026-04-19,bewerbung@bbr-law.de,bewerbung@bbr-law.de
BBR Buchalik Brömmekamp Rechtsanwaltsgesellschaft mbH für Insolvenzrecht in Düsseldorf,Initiativbewerbung,Düren,https://www.buchalik-broemmekamp.de/ihre-karriere/bewerbung/,2026-04-19,bewerbung@bbr-law.de,bewerbung@bbr-law.de
BBR Buchalik Brömmekamp Rechtsanwaltsgesellschaft mbH für Insolvenzrecht in Düsseldorf,Initiativbewerbung,Erfurt,https://www.buchalik-broemmekamp.de/ihre-karriere/bewerbung/,2026-04-19,bewerbung@bbr-law.de,bewerbung@bbr-law.de
BBR Buchalik Brömmekamp Rechtsanwaltsgesellschaft mbH für Insolvenzrecht in Düsseldorf,Initiativbewerbung,Frankfurt am Main,https://www.buchalik-broemmekamp.de/ihre-karriere/bewerbung/,2026-04-19,bewerbung@bbr-law.de,bewerbung@bbr-law.de
BBR Buchalik Brömmekamp Rechtsanwaltsgesellschaft mbH für Insolvenzrecht in Düsseldorf,Initiativbewerbung,Hannover,https://www.buchalik-broemmekamp.de/ihre-karriere/bewerbung/,2026-04-19,bewerbung@bbr-law.de,bewerbung@bbr-law.de
BBR Buchalik Brömmekamp Rechtsanwaltsgesellschaft mbH für Insolvenzrecht in Düsseldorf,Initiativbewerbung,Aachen,https://www.buchalik-broemmekamp.de/ihre-karriere/bewerbung/,2026-04-19,bewerbung@bbr-law.de,bewerbung@bbr-law.de
BBR Buchalik Brömmekamp Rechtsanwaltsgesellschaft mbH für Insolvenzrecht in Düsseldorf,Initiativbewerbung,Chemnitz,https://www.buchalik-broemmekamp.de/ihre-karriere/bewerbung/,2026-04-19,bewerbung@bbr-law.de,bewerbung@bbr-law.de
BBR Buchalik Brömmekamp Rechtsanwaltsgesellschaft mbH für Insolvenzrecht in Düsseldorf,Initiativbewerbung,Coburg,https://www.buchalik-broemmekamp.de/ihre-karriere/bewerbung/,2026-04-19,bewerbung@bbr-law.de,bewerbung@bbr-law.de
BBR Buchalik Brömmekamp Rechtsanwaltsgesellschaft mbH für Insolvenzrecht in Düsseldorf,Initiativbewerbung,Dresden,https://www.buchalik-broemmekamp.de/ihre-karriere/bewerbung/,2026-04-19,bewerbung@bbr-law.de,bewerbung@bbr-law.de
BBR Buchalik Brömmekamp Rechtsanwaltsgesellschaft mbH für Insolvenzrecht in Düsseldorf,Initiativbewerbung,Essen,https://www.buchalik-broemmekamp.de/ihre-karriere/bewerbung/,2026-04-19,bewerbung@bbr-law.de,bewerbung@bbr-law.de
BBR Buchalik Brömmekamp Rechtsanwaltsgesellschaft mbH für Insolvenzrecht in Düsseldorf,Initiativbewerbung,Gera,https://www.buchalik-broemmekamp.de/ihre-karriere/bewerbung/,2026-04-19,bewerbung@bbr-law.de,bewerbung@bbr-law.de
BBR Buchalik Brömmekamp Rechtsanwaltsgesellschaft mbH für Insolvenzrecht in Düsseldorf,Initiativbewerbung,Halle (Saale),https://www.buchalik-broemmekamp.de/ihre-karriere/bewerbung/,2026-04-19,bewerbung@bbr-law.de,bewerbung@bbr-law.de
BBR Buchalik Brömmekamp Rechtsanwaltsgesellschaft mbH für Insolvenzrecht in Düsseldorf,Initiativbewerbung,Hürth,https://www.buchalik-broemmekamp.de/ihre-karriere/bewerbung/,2026-04-19,bewerbung@bbr-law.de,bewerbung@bbr-law.de
BBR Buchalik Brömmekamp Rechtsanwaltsgesellschaft mbH für Insolvenzrecht in Düsseldorf,Initiativbewerbung,Leipzig,https://www.buchalik-broemmekamp.de/ihre-karriere/bewerbung/,2026-04-19,bewerbung@bbr-law.de,bewerbung@bbr-law.de
BBR Buchalik Brömmekamp Rechtsanwaltsgesellschaft mbH für Insolvenzrecht in Düsseldorf,Initiativbewerbung,Lüdenscheid,https://www.buchalik-broemmekamp.de/ihre-karriere/bewerbung/,2026-04-19,bewerbung@bbr-law.de,bewerbung@bbr-law.de
BBR Buchalik Brömmekamp Rechtsanwaltsgesellschaft mbH für Insolvenzrecht in Düsseldorf,Initiativbewerbung,Mönchengladbach,https://www.buchalik-broemmekamp.de/ihre-karriere/bewerbung/,2026-04-19,bewerbung@bbr-law.de,bewerbung@bbr-law.de
BBR Buchalik Brömmekamp Rechtsanwaltsgesellschaft mbH für Insolvenzrecht in Düsseldorf,Initiativbewerbung,Nordhausen,https://www.buchalik-broemmekamp.de/ihre-karriere/bewerbung/,2026-04-19,bewerbung@bbr-law.de,bewerbung@bbr-law.de
"r August 2026,Hilden,https://www.anwalt-hilden.de/karriere/stellenangebote/#stelle2,2026-04-19,bewerbung@anwalt-hilden.de",,,,,,
"Rechtsanwälte Matthias Grünert, Stefan Swierczyna, Fabian König, Christina Wenk",Referendare gesucht!,Erfurt,https://www.rfth.de/standard/referendare-gesucht/,2026-04-19,2026-04-19,
"Rechtsanwälte Matthias Grünert, Stefan Swierczyna, Fabian König, Christina Wenk",Referendare gesucht!,Eisenach,https://www.rfth.de/standard/referendare-gesucht/,2026-04-19,2026-04-19,
"Rechtsanwälte Matthias Grünert, Stefan Swierczyna, Fabian König, Christina Wenk",Referendare gesucht!,Bad Tabarz,https://www.rfth.de/standard/referendare-gesucht/,2026-04-19,2026-04-19,
Dr. Scheibenhof,Rechtsanwalt (d/w/m),Erfurt,http://www.scheibenhof.eu/jobs.html,2026-04-19,2026-04-19,mail@scheibenhof.eu
Dr. Scheibenhof,Mitarbeiter (d/w/m),Erfurt,http://www.scheibenhof.eu/jobs.html,2026-04-19,2026-04-19,mail@scheibenhof.eu
DiLigens Rechtsanwälte Insolvenzverwalter,Sachbearbeiter Verbraucherinsolvenzverfahren (m/w/d),Zentrale/Unbekannt,https://diligens-rechtsanwaelte.de/wp-content/uploads/2025/07/Stellenausschreibung-SB-neu-4-gewinnt-IK.pdf,2026-04-19,info@diligens-rechtsa-bfgl1h3e.l.live-website.com,info@diligens-rechtsanwaelte-bfgl1h3e8l.live-website.com
DiLigens Rechtsanwälte Insolvenzverwalter,Referendar Anwalts- oder Wahlstation (m/w/d),Zentrale/Unbekannt,https://diligens-rechtsanwaelte.de/wp-content/uploads/2025/03/Stellenausschreibung-Referendar-neu-4-gewinnt.pdf,2026-04-19,info@diligens-rechtsa-bfgl1h3e.l.live-website.com,info@diligens-rechtsanwaelte-bfgl1h3e8l.live-website.com
DiLigens Rechtsanwälte Insolvenzverwalter,studentische Hilfskraft (m/w/d),Zentrale/Unbekannt,https://diligens-rechtsanwaelte.de/wp-content/uploads/2024/11/Stellenausschreibung-stud.-Hilfskraft-neu-4-gewinnt.pdf,2026-04-19,info@diligens-rechtsa-bfgl1h3e.l.live-website.com,info@diligens-rechtsanwaelte-bfgl1h3e8l.live-website.com
CORTA Rechtsanwälte,Diplom-Finanzwirt (m/w/d),Erfurt,https://www.corta.de/wir-sind-corta/stellenausschreibung-diplom-finanzwirt-mwd,2026-04-19,post@corta.de,post@corta.de
CORTA Rechtsanwälte,Rechtsanwalt (m/w/d),Erfurt,https://www.corta.de/wir-sind-corta/stellenausschreibung-rechtsanwalt-mwd,2026-04-19,post@corta.de,post@corta.de
Rechtsanwalt Nikolai Odebralski I Strafverteidiger Essen,"Referendariat (Anwaltsstation, Wahlstation)",Essen,https://www.ra-odebralski.de/kontakt/referendariat,2026-04-19,2026-04-19,info@ra-odebralski.de
Heinemann & Partner Rechtsanwälte,Juristisches Praktikum/Referendariat,Essen,https://www.heinemann-und-partner.de/karriere/,2026-04-19,2026-04-19,office@raehp.de
Michael W. Nierfeld,Rechtsanwaltsfachangestellte/r oder Studentische/r Mitarbeiter/in,Essen,https://www.rechtsanwalt-nierfeld.de/rechtsanwaltsfachangestellte-m-w/,2026-04-19,2026-04-19,info@rechtsanwalt-nierfeld.de
Louis & Michaelis lawyers and defense lawyers,Bürogemeinschaft - Verstärkung durch engagierte(n) Kollegin oder Kollegen,Essen,https://rechtsanwalt-louis.de/karriere/,2026-04-19,2026-04-19,mail@rechtsanwalt-louis.de
Rohs und Partner Rechtsanwälte mbB Rechtsanwälte Notar Fachanwälte,Notarfachangestellte / NotarfachangestellteR (w/m/d),Hattingen,https://www.rohs-anwaelte.de/karriere-kanzlei-rohs-partner/#Notarfachangestellter,2026-04-19,2026-04-19,
Rohs und Partner Rechtsanwälte mbB Rechtsanwälte Notar Fachanwälte,Notarfachangestellte / NotarfachangestellteR (w/m/d),Essen-Kupferdreh,https://www.rohs-anwaelte.de/karriere-kanzlei-rohs-partner/#Notarfachangestellter,2026-04-19,2026-04-19,
Schweibert Leßmann & Partner - Rechtsanwälte mbB,Rechtsanwalt (m/w/d),Frankfurt am Main,https://www.schweibertlessmann.de/karriere/,2026-04-19,2026-04-19,christoph.herrmann@schweibertlessmann.de
Schweibert Leßmann & Partner - Rechtsanwälte mbB,Referendar (m/w/d),Frankfurt am Main,https://www.schweibertlessmann.de/karriere/,2026-04-19,2026-04-19,christoph.herrmann@schweibertlessmann.de
Schweibert Leßmann & Partner - Rechtsanwälte mbB,Wissenschaftlicher Mitarbeiter (m/w/d),Frankfurt am Main,https://www.schweibertlessmann.de/karriere/,2026-04-19,2026-04-19,christoph.herrmann@schweibertlessmann.de
Kanzlei SCHULTE RECHTSANWÄLTE. Rechtsanwaltsgesellschaft mbH,Senior Associate (m/w/d) für Gesellschaftsrecht / Handelsrecht / M&A,Frankfurt am Main,https://schulte-lawyers.jobs.personio.de/job/2601253,2026-04-19,michael.dallmann@schulte-lawyers.com,michael.dallmann@schulte-lawyers.com
LIEBENSTEIN LAW – KANZLEI FÜR WIRTSCHAFTSRECHT,"Wissenschaftliche Mitarbeiterin / Wissenschaftlicher Mitarbeiter (m/w/d) Bereich Digitalisierung, IT-Recht, E-Health",Frankfurt am Main,https://www.liebenstein-law.de/karriere/,2026-04-19,2026-04-19,mail@liebenstein-law.de
DDA Legal Dupont Danzel d'Aumont Partnerschaft von Rechtsanwälten & Avocat à la Cour mbB,Rechtsanwälte / Juristen,Frankfurt,https://dda-legal.de/anwaltskanzlei/karriere,2026-04-19,2026-04-19,hr@dda-legal.de
DDA Legal Dupont Danzel d'Aumont Partnerschaft von Rechtsanwälten & Avocat à la Cour mbB,Anwaltsfachangestellte / Sekretariat,Frankfurt,https://dda-legal.de/anwaltskanzlei/karriere/rechtsanwaltsfachangestellte,2026-04-19,2026-04-19,hr@dda-legal.de
DDA Legal Dupont Danzel d'Aumont Partnerschaft von Rechtsanwälten & Avocat à la Cour mbB,Praktikanten / Trainee,Frankfurt,https://dda-legal.de/anwaltskanzlei/karriere,2026-04-19,2026-04-19,hr@dda-legal.de
DDA Legal Dupont Danzel d'Aumont Partnerschaft von Rechtsanwälten & Avocat à la Cour mbB,Referendare / Auszubildende,Frankfurt,https://dda-legal.de/anwaltskanzlei/karriere,2026-04-19,2026-04-19,hr@dda-legal.de
SKW Schwarz - Frankfurt / Main,Mitarbeiter/in (m/w/d) für den Nachmittagsempfang (Minijob),Berlin,https://karriere.skwschwarz.de/jobs/minijob,2026-04-19,2026-04-19,
SKW Schwarz - Frankfurt / Main,Associate / Senior Associate Public Sector,Berlin,https://karriere.skwschwarz.de/jobs/associate-public-sector,2026-04-19,2026-04-19,
Leinemann Partner Rechtsanwälte mbB,Rechtsanwalt / Rechtsanwältin,Berlin,http://www.leinemann-partner.de/stellenangebote/,2026-04-19,2026-04-19,karriere@leinemann-partner.de
Leinemann Partner Rechtsanwälte mbB,Rechtsanwalt / Rechtsanwältin,Düsseldorf,http://www.leinemann-partner.de/stellenangebote/,2026-04-19,2026-04-19,karriere@leinemann-partner.de
Leinemann Partner Rechtsanwälte mbB,Rechtsanwalt / Rechtsanwältin,Frankfurt am Main,http://www.leinemann-partner.de/stellenangebote/,2026-04-19,2026-04-19,karriere@leinemann-partner.de
Leinemann Partner Rechtsanwälte mbB,Rechtsanwalt / Rechtsanwältin,Hamburg,http://www.leinemann-partner.de/stellenangebote/,2026-04-19,2026-04-19,karriere@leinemann-partner.de
Leinemann Partner Rechtsanwälte mbB,Rechtsanwalt / Rechtsanwältin,Köln,http://www.leinemann-partner.de/stellenangebote/,2026-04-19,2026-04-19,karriere@leinemann-partner.de
Leinemann Partner Rechtsanwälte mbB,Rechtsanwaltsfachangestellte/r,Berlin,http://www.leinemann-partner.de/stellenangebote/,2026-04-19,2026-04-19,karriere@leinemann-partner.de
Leinemann Partner Rechtsanwälte mbB,Rechtsanwaltsfachangestellte/r,Düsseldorf,http://www.leinemann-partner.de/stellenangebote/,2026-04-19,2026-04-19,karriere@leinemann-partner.de
Leinemann Partner Rechtsanwälte mbB,Rechtsanwaltsfachangestellte/r,Frankfurt am Main,http://www.leinemann-partner.de/stellenangebote/,2026-04-19,2026-04-19,karriere@leinemann-partner.de
Leinemann Partner Rechtsanwälte mbB,Rechtsanwaltsfachangestellte/r,Hamburg,http://www.leinemann-partner.de/stellenangebote/,2026-04-19,2026-04-19,karriere@leinemann-partner.de
Leinemann Partner Rechtsanwälte mbB,Rechtsanwaltsfachangestellte/r,Köln,http://www.leinemann-partner.de/stellenangebote/,2026-04-19,2026-04-19,karriere@leinemann-partner.de
"Abletshauser, Gröger & Kollegen",Rechtsanwalt/-anwältin im Bereich FAMILIENRECHT,Freiburg,https://www.ags-freiburg.de/stellenangebote,2026-04-19,bewerbungen@ags-freiburg.de,bewerbungen@ags-freiburg.de
"Abletshauser, Gröger & Kollegen",Rechtsanwalt/-anwältin im Bereich BAU- UND ARCHITEKTENRECHT,Freiburg,https://www.ags-freiburg.de/stellenangebote,2026-04-19,bewerbungen@ags-freiburg.de,bewerbungen@ags-freiburg.de
Lamster & Partner Rechtsanwälte PartG mbB,Ausbildungsplatz 2027,Freiburg,https://lamster-kanzlei.de/wp-content/uploads/2026/04/1063609-Stellenausschreibung-Ausbildungsplatz-2027.pdf,2026-04-19,info@lamster-kanzlei.de,info@lamster-kanzlei.de
Lamster & Partner Rechtsanwälte PartG mbB,Rechtsanwaltsfachangestellte,Freiburg,https://lamster-kanzlei.de/wp-content/uploads/2026/04/1063619-Stellenausschreibung-Rechtsanwaltsfachangestellte.pdf,2026-04-19,2026-04-19,info@lamster-kanzlei.de
Lamster & Partner Rechtsanwälte PartG mbB,Referendar Wahlstation,Freiburg,https://lamster-kanzlei.de/wp-content/uploads/2026/04/1063624-Stellenausschreibung-Referendar-Wahlstation.pdf,2026-04-19,info@lamster-kanzlei.de,info@lamster-kanzlei.de
Lamster & Partner Rechtsanwälte PartG mbB,Verwaltungstätigkeit,Freiburg,https://lamster-kanzlei.de/wp-content/uploads/2026/04/1063630-Stellenausschreibung-Verwaltungstaetigkeit.pdf,2026-04-19,2026-04-19,info@lamster-kanzlei.de
PFO Rechtsanwälte | Pöhlmann • Früchtl • Oppermann PartmbB,Rechtsanwaltsfachangestellte/-r (m/w/d),Nürnberg,https://pfo-anwaelte.de/stellenangebote/rechtsanwaltsfachangestellte-r-m-w-d/,2026-04-19,2026-04-19,
Anwaltskanzlei Stuckmann - Ihr Rechtsanwalt In Gelsenkirchen,Initiativbewerbung,Gelsenkirchen,https://ra-stuckmann.de/kontakt/jobs/,2026-04-19,2026-04-19,info@ra-stuckmann.de
Notare und Rechtsanwälte Raguse - Drenhaus - Aertken,Mitarbeiter/in mit Berufserfahrung im Bereich Anwaltskanzlei und Notariat,Gelsenkirchen,https://rda-anwaelte.de/rechtsanwalte.html,2026-04-19,2026-04-19,kanzlei@rda-anwaelte.de
"SBZW Rechtsanwaltskanzlei und Notariat - Dr. Bodenburg, Zilian, Werk",Pflichtpraktikum,Göttingen,https://sbzw.de/#karriere,2026-04-19,2026-04-19,
Rechtsanwälte Becker Giebeler Weiß,Berufsausbildung (Rechtsanwaltsfachangestellte),Hagen,https://www.kanzlei-bgw.de/kanzlei/karriere/,2026-04-19,2026-04-19,info@kanzlei-bgw.de
Rechtsanwälte Becker Giebeler Weiß,Praktikum (fortgeschrittene Studierende),Hagen,https://www.kanzlei-bgw.de/kanzlei/karriere/,2026-04-19,2026-04-19,info@kanzlei-bgw.de
"VERKEHRSRECHT/ VERKEHRSSTRAFRECHT - RECHTSANWALT KANZLEI - Köhler-Babiak, seit über 30 Jahre!",Schreibkräften,Halle (Saale),https://www.kanzlei-köhler-babiak.de,2026-04-19,2026-04-19,
Kanzlei Michaelis Rechtsanwälte Partnerschaftgesellchaft,Auszubildende/-r (m/w/d) als Rechtsanwaltsfachangestellte/r,Hamburg,https://kanzlei-michaelis.de/karriere/,2026-04-19,2026-04-19,radojcic@kanzlei-michaelis.de
Kanzlei Michaelis Rechtsanwälte Partnerschaftgesellchaft,Wissenschaftliche Mitarbeiter/in (m/w/d) für Versicherungsrecht / Arbeitsrecht (Mini-Job-Basis),Hamburg,https://kanzlei-michaelis.de/karriere/,2026-04-19,radojcic@kanzlei-michaelis.de,radojcic@kanzlei-michaelis.de
€-Basis," ggf. in Teilzeit,Hamburg,https://sedlatzek.com/stellenangebote/,2026-04-19,Sedlatzek@sedlatzek.com",,,,,
€-Basis," ggf. in Teilzeit,Hannover,https://sedlatzek.com/stellenangebote/,2026-04-19,Sedlatzek@sedlatzek.com",,,,,
Kanzlei Gussone Lewek Kenkel,Rechtsanwaltsfachangestellte/r / Rechtsfachwirt/in oder vergleichbare Qualifikation (m/w/d),Hamburg,https://besenbinderhof60.de/,2026-04-19,2026-04-19,sitek@besenbinderhof60.de
STEINWACHS Rechtsanwaltskanzlei,Studenten und Referendare,Hamburg,https://www.kanzlei-steinwachs.de/karriere/,2026-04-19,2026-04-19,
STEINWACHS Rechtsanwaltskanzlei,Studenten und Referendare,Berlin,https://www.kanzlei-steinwachs.de/karriere/,2026-04-19,2026-04-19,
STEINWACHS Rechtsanwaltskanzlei,Studenten und Referendare,Bremen,https://www.kanzlei-steinwachs.de/karriere/,2026-04-19,2026-04-19,
STEINWACHS Rechtsanwaltskanzlei,Studenten und Referendare,Lübeck,https://www.kanzlei-steinwachs.de/karriere/,2026-04-19,2026-04-19,
STEINWACHS Rechtsanwaltskanzlei,Studenten und Referendare,Hannover,https://www.kanzlei-steinwachs.de/karriere/,2026-04-19,2026-04-19,
Demirel & Krüger Rechtsanwälte,Rechtsanwaltsfachangestellte (w/m/d),"Halenreie 40, 22359 Hamburg",https://ds-anwaelte.de/karriere/,2026-04-19,2026-04-19,info@ds-anwaelte.de
Demirel & Krüger Rechtsanwälte,Rechtsanwaltsfachangestellte (w/m/d),"Parkallee 81, 20144 Hamburg",https://ds-anwaelte.de/karriere/,2026-04-19,2026-04-19,info@ds-anwaelte.de
Demirel & Krüger Rechtsanwälte,Rechtsanwaltsfachangestellte (w/m/d),"Parchimer Straße 5, 22143 Hamburg",https://ds-anwaelte.de/karriere/,2026-04-19,2026-04-19,info@ds-anwaelte.de
Demirel & Krüger Rechtsanwälte,Referendariat (w/m/d),"Halenreie 40, 22359 Hamburg",https://ds-anwaelte.de/karriere/,2026-04-19,2026-04-19,info@ds-anwaelte.de
Demirel & Krüger Rechtsanwälte,Referendariat (w/m/d),"Parkallee 81, 20144 Hamburg",https://ds-anwaelte.de/karriere/,2026-04-19,2026-04-19,info@ds-anwaelte.de
Demirel & Krüger Rechtsanwälte,Referendariat (w/m/d),"Parchimer Straße 5, 22143 Hamburg",https://ds-anwaelte.de/karriere/,2026-04-19,2026-04-19,info@ds-anwaelte.de
Demirel & Krüger Rechtsanwälte,Wissenschaftliche Mitarbeiter (m/w/d),"Halenreie 40, 22359 Hamburg",https://ds-anwaelte.de/karriere/,2026-04-19,2026-04-19,info@ds-anwaelte.de
Demirel & Krüger Rechtsanwälte,Wissenschaftliche Mitarbeiter (m/w/d),"Parkallee 81, 20144 Hamburg",https://ds-anwaelte.de/karriere/,2026-04-19,2026-04-19,info@ds-anwaelte.de
Demirel & Krüger Rechtsanwälte,Wissenschaftliche Mitarbeiter (m/w/d),"Parchimer Straße 5, 22143 Hamburg",https://ds-anwaelte.de/karriere/,2026-04-19,2026-04-19,info@ds-anwaelte.de
GRAEF Rechtsanwälte,Rechtsanwalt/Rechtsanwältin Filmrecht,Zentrale/Unbekannt,https://graef.law/wp-content/uploads/Graef_Stellenanzeigen_2025_Film.pdf,2026-04-19,2026-04-19,graef@graef.law
GRAEF Rechtsanwälte,Rechtsanwalt/Rechtsanwältin Markenrecht,Zentrale/Unbekannt,https://graef.law/wp-content/uploads/Graef_Stellenanzeigen_2025_Marke.pdf,2026-04-19,2026-04-19,graef@graef.law
GRAEF Rechtsanwälte,Rechtsanwalt/Rechtsanwältin Presserecht/Verlagsrecht,Zentrale/Unbekannt,https://graef.law/wp-content/uploads/Graef_Stellenanzeigen_2025_Presse1-scaled.jpg,2026-04-19,2026-04-19,graef@graef.law
GRAEF Rechtsanwälte,"Wissenschaftliche Mitarbeiter und Mitarbeiterinnen mit den Schwerpunkten Urheberrecht, Datenschutz- und IT-Recht",Zentrale/Unbekannt,https://graef.law/wp-content/uploads/Graef_Stellenanzeige_2025_WM.pdf,2026-04-19,2026-04-19,graef@graef.law
"Kanzlei am Winterhuder Markt, Rechtsanwälte Gutmann & Zander-Böhm",Referendar:in (Anwaltsstation oder Wahlstation),Hamburg - Winterhude,https://www.bgzb.de/ausschreibung_referendariat.htm,2026-04-19,2026-04-19,zander-boehm@bgzb.de
"Kanzlei am Winterhuder Markt, Rechtsanwälte Gutmann & Zander-Böhm",Studienpraktikant:in,Hamburg - Winterhude,https://www.bgzb.de/index.htm,2026-04-19,2026-04-19,zander-boehm@bgzb.de
CLAYSTON,Trainee,Hamburg,mailto:career@clayston.com?subject=Bewerbung,2026-04-19,2026-04-24,career@clayston.com
CLAYSTON,Associate,Hamburg,mailto:career@clayston.com?subject=Bewerbung,2026-04-19,2026-04-24,career@clayston.com
CLAYSTON,Partner,Hamburg,mailto:career@clayston.com?subject=Bewerbung,2026-04-19,2026-04-24,career@clayston.com
"Forderungsbeitreibung,Steinhöft 5"," 20459 Hamburg,https://uhsadel.com/karriere/,2026-04-19,",,,,,
"Forderungsbeitreibung,Straßenbahnring 13"," 20251 Hamburg,https://uhsadel.com/karriere/,2026-04-19,",,,,,
Transport," Logistik und Schifffahrt,Steinhöft 5"," 20459 Hamburg,https://uhsadel.com/karriere/,2026-04-19,",,,,
Transport," Logistik und Schifffahrt,Straßenbahnring 13"," 20251 Hamburg,https://uhsadel.com/karriere/,2026-04-19,",,,,
"Versicherungsrecht,Steinhöft 5"," 20459 Hamburg,https://uhsadel.com/karriere/,2026-04-19,",,,,,
"Versicherungsrecht,Straßenbahnring 13"," 20251 Hamburg,https://uhsadel.com/karriere/,2026-04-19,",,,,,
Osborne Clarke,Volljurist (m/w/d) Arbeitsrecht,Berlin,https://www.osborneclarke.de/de/karriere/volljurist-m-w-d-arbeitsrecht/,2026-04-19,2026-04-19,bewerbung@osborneclarke.com
Osborne Clarke,Volljurist (m/w/d) Arbeitsrecht,Köln,https://www.osborneclarke.de/de/karriere/volljurist-m-w-d-arbeitsrecht/,2026-04-19,2026-04-19,bewerbung@osborneclarke.com
Osborne Clarke,Volljurist (m/w/d) Arbeitsrecht,Hamburg,https://www.osborneclarke.de/de/karriere/volljurist-m-w-d-arbeitsrecht/,2026-04-19,2026-04-19,bewerbung@osborneclarke.com
Osborne Clarke,Volljurist (m/w/d) Arbeitsrecht,München,https://www.osborneclarke.de/de/karriere/volljurist-m-w-d-arbeitsrecht/,2026-04-19,2026-04-19,bewerbung@osborneclarke.com
Osborne Clarke,Volljurist (m/w/d) Immobilienrecht,Berlin,https://www.osborneclarke.de/de/karriere/volljurist-m-w-d-immobilienrecht/,2026-04-19,2026-04-19,bewerbung@osborneclarke.com
Osborne Clarke,Volljurist (m/w/d) Immobilienrecht,Köln,https://www.osborneclarke.de/de/karriere/volljurist-m-w-d-immobilienrecht/,2026-04-19,2026-04-19,bewerbung@osborneclarke.com
Osborne Clarke,Volljurist (m/w/d) Immobilienrecht,Hamburg,https://www.osborneclarke.de/de/karriere/volljurist-m-w-d-immobilienrecht/,2026-04-19,2026-04-19,bewerbung@osborneclarke.com
Osborne Clarke,Volljurist (m/w/d) Immobilienrecht,München,https://www.osborneclarke.de/de/karriere/volljurist-m-w-d-immobilienrecht/,2026-04-19,2026-04-19,bewerbung@osborneclarke.com
Osborne Clarke,Volljurist (m/w/d) IT-Recht & Datenschutzrecht,Berlin,https://www.osborneclarke.de/de/karriere/volljurist-m-w-d-it-recht-datenschutzrecht/,2026-04-19,2026-04-19,bewerbung@osborneclarke.com
Osborne Clarke,Volljurist (m/w/d) IT-Recht & Datenschutzrecht,Köln,https://www.osborneclarke.de/de/karriere/volljurist-m-w-d-it-recht-datenschutzrecht/,2026-04-19,2026-04-19,bewerbung@osborneclarke.com
Osborne Clarke,Volljurist (m/w/d) IT-Recht & Datenschutzrecht,Hamburg,https://www.osborneclarke.de/de/karriere/volljurist-m-w-d-it-recht-datenschutzrecht/,2026-04-19,2026-04-19,bewerbung@osborneclarke.com
Osborne Clarke,Volljurist (m/w/d) IT-Recht & Datenschutzrecht,München,https://www.osborneclarke.de/de/karriere/volljurist-m-w-d-it-recht-datenschutzrecht/,2026-04-19,2026-04-19,bewerbung@osborneclarke.com
Osborne Clarke,Volljurist (m/w/d) Gesellschaftsrecht (M&A),Berlin,https://www.osborneclarke.de/de/karriere/volljurist-m-w-d-gesellschaftsrecht/,2026-04-19,2026-04-19,bewerbung@osborneclarke.com
Osborne Clarke,Volljurist (m/w/d) Gesellschaftsrecht (M&A),Köln,https://www.osborneclarke.de/de/karriere/volljurist-m-w-d-gesellschaftsrecht/,2026-04-19,2026-04-19,bewerbung@osborneclarke.com
Osborne Clarke,Volljurist (m/w/d) Gesellschaftsrecht (M&A),Hamburg,https://www.osborneclarke.de/de/karriere/volljurist-m-w-d-gesellschaftsrecht/,2026-04-19,2026-04-19,bewerbung@osborneclarke.com
Osborne Clarke,Volljurist (m/w/d) Gesellschaftsrecht (M&A),München,https://www.osborneclarke.de/de/karriere/volljurist-m-w-d-gesellschaftsrecht/,2026-04-19,2026-04-19,bewerbung@osborneclarke.com
Osborne Clarke,Volljurist (m/w/d) Litigation & Arbitration,Berlin,https://www.osborneclarke.de/de/karriere/volljurist-m-w-d-litigation-arbitration/,2026-04-19,2026-04-19,bewerbung@osborneclarke.com
Osborne Clarke,Volljurist (m/w/d) Litigation & Arbitration,Köln,https://www.osborneclarke.de/de/karriere/volljurist-m-w-d-litigation-arbitration/,2026-04-19,2026-04-19,bewerbung@osborneclarke.com
Osborne Clarke,Volljurist (m/w/d) Litigation & Arbitration,Hamburg,https://www.osborneclarke.de/de/karriere/volljurist-m-w-d-litigation-arbitration/,2026-04-19,2026-04-19,bewerbung@osborneclarke.com
Osborne Clarke,Volljurist (m/w/d) Litigation & Arbitration,München,https://www.osborneclarke.de/de/karriere/volljurist-m-w-d-litigation-arbitration/,2026-04-19,2026-04-19,bewerbung@osborneclarke.com
Osborne Clarke,Referendar (m/w/d),Berlin,https://www.osborneclarke.de/de/karriere/referendar-m-w-d/,2026-04-19,2026-04-19,bewerbung@osborneclarke.com
Osborne Clarke,Referendar (m/w/d),Köln,https://www.osborneclarke.de/de/karriere/referendar-m-w-d/,2026-04-19,2026-04-19,bewerbung@osborneclarke.com
Osborne Clarke,Referendar (m/w/d),Hamburg,https://www.osborneclarke.de/de/karriere/referendar-m-w-d/,2026-04-19,2026-04-19,bewerbung@osborneclarke.com
Osborne Clarke,Referendar (m/w/d),München,https://www.osborneclarke.de/de/karriere/referendar-m-w-d/,2026-04-19,2026-04-19,bewerbung@osborneclarke.com
Osborne Clarke,Wissenschaftlicher Mitarbeiter (m/w/d),Berlin,https://www.osborneclarke.de/de/karriere/wissenschaftlicher-mitarbeiter-m-w-d/,2026-04-19,2026-04-19,bewerbung@osborneclarke.com
Osborne Clarke,Wissenschaftlicher Mitarbeiter (m/w/d),Köln,https://www.osborneclarke.de/de/karriere/wissenschaftlicher-mitarbeiter-m-w-d/,2026-04-19,2026-04-19,bewerbung@osborneclarke.com
Osborne Clarke,Wissenschaftlicher Mitarbeiter (m/w/d),Hamburg,https://www.osborneclarke.de/de/karriere/wissenschaftlicher-mitarbeiter-m-w-d/,2026-04-19,2026-04-19,bewerbung@osborneclarke.com
Osborne Clarke,Wissenschaftlicher Mitarbeiter (m/w/d),München,https://www.osborneclarke.de/de/karriere/wissenschaftlicher-mitarbeiter-m-w-d/,2026-04-19,2026-04-19,bewerbung@osborneclarke.com
HARTE-BAVENDAMM Rechtsanwälte Partnerschaftsgesellschaft mbB,"Initiativbewerbung für Anwältin/Anwalt, Referendarsstation, Praktikum oder wissenschaftliche Mitarbeit",Hamburg,https://www.harte-bavendamm.de/uber-uns#initiativbewerbung,2026-04-19,2026-04-19,bewerbung@harte-bavendamm.de
Nörenberg • Schröder partnership,CONSULTANT WIRTSCHAFTSPRÜFUNG / PRÜFUNGSASSISTENT (M/W/D),Hamburg,https://www.nbs-partners.de/nbs-karriere/consultant-wirtschaftspruefung-m-w-d/,2026-04-19,2026-04-19,kontakt@nbs-partners.de
"BUSE HERZ GRUNST Rechtsanwälte Hamburg | Markenrecht, Medienrecht, Strafrecht, Urheberrecht",Rechtsanwaltsfachangestellte (m/w/d) in Voll- oder Teilzeit,Homeoffice,https://www.kanzlei.law/unser-team/karriere/,2026-04-19,bewerbung@kanzlei.law,david.herz@kanzlei.law
Strafverteidigerin Jacqueline Ahmadi Rechtsanwältin,Umschulung zum Rechtsanwaltsfachangestellten (m/w/d),Hamburg,https://www.rechtsanwaeltin-ahmadi.de/karriere.html,2026-04-19,2026-04-24,info@rechtsanwaeltin-ahmadi.de
Schwenn Kruse Georg Rechtsanwälte,Rechtsreferendar/in (m/w/d) für die Anwaltsstation oder Wahlstation,Hamburg,https://rechtsanwalt-strafrecht.com/karriere/,2026-04-19,2026-04-19,sekretariat@rechtsanwalt-strafrecht.com
Schwenn Kruse Georg Rechtsanwälte,Rechtsreferendar/in (m/w/d) für die Anwaltsstation oder Wahlstation,Berlin,https://rechtsanwalt-strafrecht.com/karriere/,2026-04-19,2026-04-19,sekretariat@rechtsanwalt-strafrecht.com
",Hamburg,https://www.klemmpartner.de/stellenanzeige,2026-04-19,schlotfeldt@klemmpartner.de",,,,,,
",Bergedorf,https://www.klemmpartner.de/stellenanzeige,2026-04-19,schlotfeldt@klemmpartner.de",,,,,,
",Hamburg,https://www.klemmpartner.de/stellenanzeige,2026-04-19,",,,,,,
",Bergedorf,https://www.klemmpartner.de/stellenanzeige,2026-04-19,",,,,,,
Fritzen & Kilian Rechtsanwälte und Notare,Notarfachangestellte (m/w/d),Wentorf bei Hamburg,https://fritzen-kilian.de/karriere/,2026-04-19,2026-04-19,info@fritzen-kilian.de
Bergeest & Richter Rechtsanwälte,Rechtsanwaltsfachangestellte(n) (m/w/d),Hamburg-Harburg,https://www.bergeest-richter.de/jobs.html,2026-04-19,2026-04-24,bewerbung@bergeest-richter.de
Arzu Asani Rechtsanwältin,Mitarbeiter (m/w/d),Hamburg-Wilhelmsburg,https://www.kanzlei-asani.de/#team,2026-04-19,2026-04-19,info@kanzlei-asani.de
Karsten Stender Rechtsanwalt,Ausbildung als Rechtsanwaltsfachangestellte/r,Harburg,http://www.rastender.de/kontakt.html,2026-04-19,2026-04-19,
Karsten Stender Rechtsanwalt,Studentische Praktika,Harburg,http://www.rastender.de/kontakt.html,2026-04-19,2026-04-19,
Karsten Stender Rechtsanwalt,Referendariat,Harburg,http://www.rastender.de/kontakt.html,2026-04-19,2026-04-19,
Karsten Stender Rechtsanwalt,Schulpraktika,Harburg,http://www.rastender.de/kontakt.html,2026-04-19,2026-04-19,
Frühauf & Henning Rechtsanwälte,Rechtsreferendar / Rechtsreferendarin (Anwaltsstation / Ausbildungsstation),Hamburg,https://www.rechtsanwaelte-fruehauf.de/stellenangebot-fachangestellte/,2026-04-19,2026-04-19,rafruehauf@aol.com
Demirel & Sellhusen Rechtsanwälte Partnerschaft,Rechtsanwaltsfachangestellte (w/m/d),Hamburg,mailto:info@ds-anwaelte.de,2026-04-19,2026-04-19,info@ds-anwaelte.de
Demirel & Sellhusen Rechtsanwälte Partnerschaft,Referendariat (w/m/d),Hamburg,mailto:info@ds-anwaelte.de,2026-04-19,2026-04-19,info@ds-anwaelte.de
Demirel & Sellhusen Rechtsanwälte Partnerschaft,Wissenschaftliche Mitarbeiter (m/w/d),Hamburg,mailto:info@ds-anwaelte.de,2026-04-19,2026-04-19,info@ds-anwaelte.de
Dr. Röh & Partner - Rechtsanwälte und Steuerberater,Steuerfachwirt (m/w/d),Hamburg-Wandsbek,https://roeh-partner.de/karriere/#stellen,2026-04-19,2026-04-19,sekretariat@roeh-partner.de
Anwalts- & Steuerkanzlei Sarimehmetoglu | Hamburg,Kompetente Anwälte,Hamburg-Barmbek,https://www.anwaelte-as.de/ueber-uns/karriere,2026-04-19,2026-04-19,bewerbung@anwaelte-as.de
Cuntze Rechtsanwalt/Steuerberater,Steuerfachangestellten (m/w/i),Hamburg-Poppenbüttel,https://schult-cuntze.de/stellenangebote/,2026-04-19,2026-04-19,s.cuntze@schult-cuntze.de
Cuntze Rechtsanwalt/Steuerberater,Steuerberater (m/w/i),Hamburg-Poppenbüttel,https://schult-cuntze.de/stellenangebote/,2026-04-19,2026-04-19,s.cuntze@schult-cuntze.de
KOZIANKA & WEIDNER Rechtsanwälte,"Referendare, Praktikanten, freie Mitarbeit",Hamburg,http://www.kozianka-law.de/de/de/karriere.html,2026-04-19,2026-04-19,info@kozianka-law.de
"Rechtsanwälte Hauenschild, Schütt, Wünsche & Machts",Rechtsanwaltsfachangestellte/r (ReFa),Hamburg,https://www.rechtsanwaelte-blankenese.de/stellenangebote/,2026-04-19,2026-04-19,kanzlei@rechtsanwaelte-blankenese.de
"Rechtsanwälte Hauenschild, Schütt, Wünsche & Machts",Referendar/in (Anwalts- oder Wahlstation),Hamburg,https://www.rechtsanwaelte-blankenese.de/stellenangebote/,2026-04-19,2026-04-24,kanzlei@rechtsanwaelte-blankenese.de
Immobilienkanzlei Ramm,Rechtsanwältin / Rechtsanwalt (m/w/d) im Immobilienrecht,Hamburg,https://www.kanzlei-ramm.de/#karriere,2026-04-19,2026-04-19,info@kanzlei-ramm.de
Joachim Schaller,Referendar (m/w/d) für die Anwaltsstation,Hamburg,http://www.recht-auf-studienplatz.de/kontakt.html,2026-04-19,2026-04-19,
Joachim Schaller,Praktikum (m/w/d) im Rahmen des Studiums der Rechtswissenschaft,Hamburg,http://www.recht-auf-studienplatz.de/kontakt.html,2026-04-19,2026-04-19,
hendrik horn. & partner. Rechtsanwälte,Referendare und Referendarinnen (Rechtsanwalts- oder Wahlstation),Hamburg,https://www.hh-partner.de/stellenangebote/,2026-04-19,2026-04-19,info@hh-partner.de
Wolter Hoppenberg Rechtsanwälte Partnerschaft mbB - Hauptstandort (Hamm),Praktikant (m/w/d),Osnabrück,https://wolter-hoppenberg.de/karriere/,2026-04-19,bewerbung@wolter-hoppenberg.de,bewerbung@wolter-hoppenberg.de
Rechtsanwälte Prof. Dr. med. Gaidzik,Kolleginnen/Kollegen,Hamm (Westf.),http://www.gaidzik-rechtsanwaelte.de/,2026-04-19,2026-04-19,info@gaidzik-rechtsanwaelte.de
Wittig Ünalp Rechtsanwälte,(Fach-)Anwältin oder (Fach-)Anwalt für Arbeitsrecht,Zentrale/Unbekannt,https://www.ra-wittig.de/karriere/rechts-fachanwalt-fuer-arbeitsrecht/,2026-04-19,2026-04-19,bewerbung@ra-wittig.de
Wittig Ünalp Rechtsanwälte,(Fach-)Anwältin oder (Fach-)Anwalt für Handels- und Gesellschaftsrecht,Zentrale/Unbekannt,https://wirtschaftsrecht-wittig.de/karriere/rechts-fachanwalt-fuer-handels-gesellschaftsrecht/,2026-04-19,2026-04-19,bewerbung@ra-wittig.de
Wittig Ünalp Rechtsanwälte,(Fach-)Anwältin oder (Fach-)Anwalt für Miet- und WEG Recht,Zentrale/Unbekannt,https://wirtschaftsrecht-wittig.de/karriere/fach-anwaeltin-oder-fach-anwalt-fuer-miet-und-weg-recht/,2026-04-19,2026-04-19,bewerbung@ra-wittig.de
Wittig Ünalp Rechtsanwälte,(Fach-)Anwältin oder (Fach-)Anwalt für Erbrecht,Zentrale/Unbekannt,https://wirtschaftsrecht-wittig.de/karriere/fach-anwaeltin-oder-fach-anwalt-fuer-erbrecht/,2026-04-19,2026-04-19,bewerbung@ra-wittig.de
Wittig Ünalp Rechtsanwälte,Anwältin oder Anwalt für Schadenersatzrecht / Haftpflichtrecht (Zivilrecht),Zentrale/Unbekannt,https://www.versicherungsrecht-wittig.de/karriere/anwaltin-m-w-d-schadensersatzrecht-haftpflichtrecht-gesucht,2026-04-19,2026-04-19,bewerbung@ra-wittig.de
Wittig Ünalp Rechtsanwälte,(Fach-)Anwältin oder (Fach-)Anwalt für Versicherungsrecht,Zentrale/Unbekannt,https://www.versicherungsrecht-wittig.de/karriere/anwaltin-versicherungsrecht,2026-04-19,2026-04-19,bewerbung@ra-wittig.de
bbr.legal Baumann Brunkhorst Rechtsanwälte - Anwälte Strafrecht Hannover,Referendariat / Anwaltsstation,Hannover,https://bbr.legal/anwaltsstation-strafrecht-hannover-refrendariat-mit-verguetung/,2026-04-19,2026-04-19,mail@bbr.legal
Kanzlei Klawitter & Kollegen,Rechtsanwaltsfachangestellte/n,"Kröpckepassage 3, 30159 Hannover",https://nitzundkollegen.de/jobs/,2026-04-19,2026-04-19,nitz@nitzundkollegen.de
Dr. Papsch & Collegen Rechtsanwälte,Auszubildende/r zur/m Rechtsanwaltsfachangestellten (m/w/d),Hannover,https://papsch.de/stellenangebote/,2026-04-19,2026-04-19,kanzlei@papsch.de
Dr. Papsch & Collegen Rechtsanwälte,Referendar/in (m/w/d),Hannover,https://papsch.de/stellenangebote/,2026-04-19,2026-04-24,joerns@papsch.de
DR. FRICKE & COLLEGEN PartG mbB Rechtsanwälte Fachanwälte Mediator,Rechtsanwälte (m/w/d),Hannover,https://anwaltskanzlei-fricke.de/ausbildung-und-stellenangebote/,2026-04-19,2026-04-24,info@anwaltskanzlei-fricke.de
DR. FRICKE & COLLEGEN PartG mbB Rechtsanwälte Fachanwälte Mediator,Referendare (m/w/d),Hannover,https://anwaltskanzlei-fricke.de/ausbildung-und-stellenangebote/,2026-04-19,info@anwaltskanzlei-fricke.de,info@anwaltskanzlei-fricke.de
DR. FRICKE & COLLEGEN PartG mbB Rechtsanwälte Fachanwälte Mediator,Auszubildende (m/w/d) für den Beruf der bzw. des Rechtsanwaltsangestellten,Hannover,https://anwaltskanzlei-fricke.de/ausbildung-und-stellenangebote/,2026-04-19,info@anwaltskanzlei-fricke.de,info@anwaltskanzlei-fricke.de
JURCAR GbR - Kanzlei für Verkehrsrecht,Quereinsteiger (m/w/d) mit Erfahrung im kaufmännisch-dienstleistenden (Beratungs-) Umfeld bzw. dem Vertrieb (Innen- und Außendienst),Hannover,https://www.jurcar.de/karriere,2026-04-19,2026-04-19,bewerbung@jurcar.de
Kanzlei Hohnstock,Kooperationspartner/in (m/w/d),Remote,https://kanzleihohnstock.de/karriere/,2026-04-19,2026-04-19,kontakt@kanzleihohnstock.de
Gesellschafts-," Arbeits- und Datenschutzrecht,Hannover Herrenhausen,https://www.jaehne-guenther.de/team/karriere/,2026-04-19,ina.jaehne@jg-law.de",,,,,
Claudia Petri-Kramer & Kollegen,Jahrespraktikant im Schuljahr 2025/2026 (m/w/d),Hannover,https://www.petri-kramer.de/stellenangebote,2026-04-19,2026-04-19,kanzlei@petri-kramer.de
TOPJUS Rechtsanwälte Kupferschmid & Partner mbB,Rechtsanwalt (m/w/d),Zentrale/Unbekannt,https://www.topjus.de/job/rechtsanwalt-m-w-d/,2026-04-19,2026-04-24,
Kanzlei für Erbrecht - Martina Klose (Fachanwältin für Erbrecht und Fachanwältin für Steuerrecht),Mitarbeiter Kanzlei & Bueromanagement,Jena,https://www.erbrecht-jena.de/stellenangebote.html,2026-04-19,2026-04-19,
Nonnenmacher Rechtsanwälte und Steuerberater,Mitarbeiter Steuerberatung,Karlsruhe,http://www.nonnenmacher.de/karriere,2026-04-19,2026-04-19,rechtsanwaelte@nonnenmacher.de
Nonnenmacher Rechtsanwälte und Steuerberater,Rechtsanwalt,Karlsruhe,http://www.nonnenmacher.de/karriere,2026-04-19,2026-04-19,rechtsanwaelte@nonnenmacher.de
Nonnenmacher Rechtsanwälte und Steuerberater,Rechtsanwaltsfachangestellte,Karlsruhe,http://www.nonnenmacher.de/karriere,2026-04-19,2026-04-19,rechtsanwaelte@nonnenmacher.de
Tretter Bodenstein,Rechtsanwältinnen und Rechtsanwälte,Karlsruhe,http://www.tretter-bodenstein.de/karriere,2026-04-19,2026-04-24,bewerbung@tretter-bodenstein.de
Tretter Bodenstein,Rechtsanwaltsfachangestellte/n oder Rechtsfachwirt/in (m/w/d),Durlach,http://www.tretter-bodenstein.de/karriere,2026-04-19,2026-04-24,bewerbung@tretter-bodenstein.de
Brand | Müller | Dr. Port - Rechtsanwälte,Rechtsreferendare (m/w/d),Kassel,https://recht-hs4.de/jobs/,2026-04-19,info@recht-hs4.de,info@recht-hs4.de
Brand | Müller | Dr. Port - Rechtsanwälte,Platz im Rahmen der schulischen Ausbildung (Jahrespraktikum),Kassel,https://recht-hs4.de/jobs/,2026-04-19,info@recht-hs4.de,info@recht-hs4.de
Güldenpfennig | Schmidt | Schroeter Rechtsanwälte Fachanwälte Partnerschaft,Rechtsanwalts- und Notarfachangestellte/r (m/w/d),Wilhelmshöhe,https://www.rechtsanwalt-in-kassel.de/,2026-04-19,2026-04-19,info@rechtsanwalt-in-kassel.de
Gubitz and partners,Referendar,Kiel,https://gubitz-partner.de/,2026-04-19,2026-04-19,kiel@gubitz-partner.de
Gubitz and partners,Referendar,Hamburg,https://gubitz-partner.de/,2026-04-19,2026-04-19,kiel@gubitz-partner.de
TGH Thomas Rechtsanwälte Partnerschaftsgesellschaft mbB,Rechtsanwälte,Krefeld,https://tgh-thomas.de/karriere#karriere_rechtsanwaelte,2026-04-19,2026-04-19,info@tgh-thomas.de
TGH Thomas Rechtsanwälte Partnerschaftsgesellschaft mbB,Rechtsanwälte,Kempen,https://tgh-thomas.de/karriere#karriere_rechtsanwaelte,2026-04-19,2026-04-19,info@tgh-thomas.de
TGH Thomas Rechtsanwälte Partnerschaftsgesellschaft mbB,Rechtsanwälte,Kalkar,https://tgh-thomas.de/karriere#karriere_rechtsanwaelte,2026-04-19,2026-04-19,info@tgh-thomas.de
TGH Thomas Rechtsanwälte Partnerschaftsgesellschaft mbB,Studierende,Krefeld,https://tgh-thomas.de/karriere#karriere_studierende,2026-04-19,2026-04-19,info@tgh-thomas.de
TGH Thomas Rechtsanwälte Partnerschaftsgesellschaft mbB,Studierende,Kempen,https://tgh-thomas.de/karriere#karriere_studierende,2026-04-19,2026-04-19,info@tgh-thomas.de
TGH Thomas Rechtsanwälte Partnerschaftsgesellschaft mbB,Studierende,Kalkar,https://tgh-thomas.de/karriere#karriere_studierende,2026-04-19,2026-04-19,info@tgh-thomas.de
TGH Thomas Rechtsanwälte Partnerschaftsgesellschaft mbB,Referendare,Krefeld,https://tgh-thomas.de/karriere#karriere_referendare,2026-04-19,2026-04-19,info@tgh-thomas.de
TGH Thomas Rechtsanwälte Partnerschaftsgesellschaft mbB,Referendare,Kempen,https://tgh-thomas.de/karriere#karriere_referendare,2026-04-19,2026-04-19,info@tgh-thomas.de
TGH Thomas Rechtsanwälte Partnerschaftsgesellschaft mbB,Referendare,Kalkar,https://tgh-thomas.de/karriere#karriere_referendare,2026-04-19,2026-04-19,info@tgh-thomas.de
TGH Thomas Rechtsanwälte Partnerschaftsgesellschaft mbB,Ausbildung,Krefeld,https://tgh-thomas.de/karriere#karriere_ausbildung,2026-04-19,2026-04-19,info@tgh-thomas.de
TGH Thomas Rechtsanwälte Partnerschaftsgesellschaft mbB,Ausbildung,Kempen,https://tgh-thomas.de/karriere#karriere_ausbildung,2026-04-19,2026-04-19,info@tgh-thomas.de
TGH Thomas Rechtsanwälte Partnerschaftsgesellschaft mbB,Ausbildung,Kalkar,https://tgh-thomas.de/karriere#karriere_ausbildung,2026-04-19,2026-04-19,info@tgh-thomas.de
Fachanwaltskanzlei für Erbrecht Benden,Initiativbewerbung,Köln,mailto:kontakt@anwalt-erbrecht.com,2026-04-19,2026-04-19,kontakt@anwalt-erbrecht.com
Fachanwaltskanzlei für Erbrecht Benden,Initiativbewerbung,Düsseldorf,mailto:kontakt@anwalt-erbrecht.com,2026-04-19,2026-04-19,kontakt@anwalt-erbrecht.com
Fachanwaltskanzlei für Erbrecht Benden,Initiativbewerbung,Jüchen / Neuss,mailto:kontakt@anwalt-erbrecht.com,2026-04-19,2026-04-19,kontakt@anwalt-erbrecht.com
Rechtsanwälte Ulrich Weber & Partner mbB,Rechtsreferendar (m/w/d),Köln,http://www.ra-weber-partner.de/karriere,2026-04-19,2026-04-24,
Rechtsanwälte Ulrich Weber & Partner mbB,Rechtsreferendar (m/w/d),Frankfurt,http://www.ra-weber-partner.de/karriere,2026-04-19,2026-04-24,
Rechtsanwälte Ulrich Weber & Partner mbB,Rechtsreferendar (m/w/d),Stuttgart,http://www.ra-weber-partner.de/karriere,2026-04-19,2026-04-24,
REHKATSCH RECHTSANWÄLTE,Rechtsreferendare / Anwaltsstation / Wahlstation,Köln,https://rehkatsch.de/kanzlei/rechtsreferendar/,2026-04-19,2026-04-19,
REHKATSCH RECHTSANWÄLTE,Rechtsreferendare / Anwaltsstation / Wahlstation,Berlin,https://rehkatsch.de/kanzlei/rechtsreferendar/,2026-04-19,2026-04-19,
CDR Legal,Selbstständige Anwälte mit Erfahrung im Erbrecht und Bankrecht,Remote (Deutschlandweit),https://cdr-legal.de/karriere/,2026-04-19,2026-04-19,info@cdr-legal.de
CDR Legal,Selbstständige Anwälte mit Erfahrung im Erbrecht und Bankrecht,Berlin,https://cdr-legal.de/karriere/,2026-04-19,info@cdr-legal.de,info@cdr-legal.de
CDR Legal,Selbstständige Anwälte mit Erfahrung im Erbrecht und Bankrecht,Köln,https://cdr-legal.de/karriere/,2026-04-19,info@cdr-legal.de,info@cdr-legal.de
CDR Legal,Mitarbeit im Backoffice,Remote (Deutschlandweit),https://cdr-legal.de/karriere/,2026-04-19,2026-04-19,info@cdr-legal.de
CDR Legal,Mitarbeit im Backoffice,Berlin,https://cdr-legal.de/karriere/,2026-04-19,info@cdr-legal.de,info@cdr-legal.de
CDR Legal,Mitarbeit im Backoffice,Köln,https://cdr-legal.de/karriere/,2026-04-19,info@cdr-legal.de,info@cdr-legal.de
"Obladen Gaessler Rechtsanwälte für Urheberrecht, Markenrecht, Wettbewerbsrecht",Auszubildende/r,Köln,https://www.obladen-gaessler.de/azubi-gesucht-ausbildungsstart-august/,2026-04-19,kanzlei@obladen-gaessler.de,kanzlei@obladen-gaessler.de
WBS LEGAL,Rechtsreferendar,Köln,https://www.wbs.legal/karriere/rechtsreferendariat/jobs/,2026-04-19,2026-04-19,
GÖRG Partnerschaft von Rechtsanwälten mbB,Aktuelle Stellenangebote,Berlin,https://www.goerg.de/de/stellenangebote,2026-04-19,2026-04-19,
GÖRG Partnerschaft von Rechtsanwälten mbB,Aktuelle Stellenangebote,Frankfurt am Main,https://www.goerg.de/de/stellenangebote,2026-04-19,2026-04-19,
GÖRG Partnerschaft von Rechtsanwälten mbB,Aktuelle Stellenangebote,Hamburg,https://www.goerg.de/de/stellenangebote,2026-04-19,2026-04-19,
GÖRG Partnerschaft von Rechtsanwälten mbB,Aktuelle Stellenangebote,Köln,https://www.goerg.de/de/stellenangebote,2026-04-19,2026-04-19,
GÖRG Partnerschaft von Rechtsanwälten mbB,Aktuelle Stellenangebote,München,https://www.goerg.de/de/stellenangebote,2026-04-19,2026-04-19,
Rechtsanwälte Barthel,Mitarbeiter (m/w/d) / Referendare (m/w/d),Köln,https://www.carlbarthel.de/wir-stellen-ein-2/,2026-04-19,2026-04-19,
Rechtsanwälte Barthel,Mitarbeiter (m/w/d) / Referendare (m/w/d),Bergheim,https://www.carlbarthel.de/wir-stellen-ein-2/,2026-04-19,2026-04-19,
WILDE.Rechtsanwälte,Rechtsanwalt/Rechtsanwältin,Köln,http://www.wilde-rechtsanwaelte.de/karriere/,2026-04-19,2026-04-19,frey@wilde-rechtsanwaelte.de
WILDE.Rechtsanwälte,Rechtsanwalt/Rechtsanwältin,Bergisch Gladbach,http://www.wilde-rechtsanwaelte.de/karriere/,2026-04-19,2026-04-19,frey@wilde-rechtsanwaelte.de
Skradde Rechtsanwälte,Rechtsanwaltfachangstellte:r (m/w/d),Umgebung,https://refa-bewerbung.onepage.me/refabewerbung,2026-04-19,2026-04-24,recruting@skradde.com
Skradde Rechtsanwälte,Anwalt/Anwältin (m/w/d),Umgebung,https://anwalt.skradde.com/anwaltbewerbung,2026-04-19,2026-04-24,recruting@skradde.com
Maibaum Rechtsanwalts GmbH,kaufmännische*r Angestellte*r (m/w/d),Köln,https://www.ra-maibaum.de/karriere/,2026-04-19,2026-04-19,maibaum@ra-maibaum.de
Haintz legal Rechtsanwalts GmbH,Rechtsanwalt / Rechtsanwältin (m/w/d),Frankfurt,https://www.haintz-legal.de/karriere,2026-04-19,2026-04-19,mailto-kanzlei@haintz-legal.de
Haintz legal Rechtsanwalts GmbH,Rechtsanwalt / Rechtsanwältin (m/w/d),Deutschlandweit,https://www.haintz-legal.de/karriere,2026-04-19,2026-04-19,mailto-kanzlei@haintz-legal.de
VAN BÜHREN & KLUTINIUS,Rechtsreferendare,Zentrale/Unbekannt,https://www.vanbuehren.de/unsere-sozietaet/karriere,2026-04-19,rae@vanbuehren.de,rae@vanbuehren.de
VAN BÜHREN & KLUTINIUS,Rechtsanwaltsfachangestellte,Zentrale/Unbekannt,https://www.vanbuehren.de/unsere-sozietaet/karriere,2026-04-19,rae@vanbuehren.de,rae@vanbuehren.de
Rechtsanwaltskanzlei Dr. Aziz Kaba,Erasmus-Studierende (Initiativbewerbung),Bergisch Gladbach,http://www.dr-kaba.de/#tm-top-d,2026-04-19,2026-04-24,
Rechtsanwaltskanzlei Dr. Aziz Kaba,"Jura-Studierende (Pflichtpraktikum, Initiativbewerbung)",Bergisch Gladbach,http://www.dr-kaba.de/#tm-top-d,2026-04-19,2026-04-19,
Rechtsanwaltskanzlei Dr. Aziz Kaba,Referendarinnen und Referendaren (Initiativbewerbung),Bergisch Gladbach,http://www.dr-kaba.de/#tm-top-d,2026-04-19,2026-04-19,
NFP Rechtsanwälte,Rechtsreferendar (m/w/d),Leipzig,https://www.nfp-kanzlei.de/karriere/,2026-04-19,2026-04-19,karriere@nfp-kanzlei.de
NFP Rechtsanwälte,Praktikum für Studenten der Rechtswissenschaften (m/w/d),Leipzig,https://www.nfp-kanzlei.de/karriere/,2026-04-19,2026-04-19,karriere@nfp-kanzlei.de
NFP Rechtsanwälte,Schülerpraktikum (m/w/d),Leipzig,https://www.nfp-kanzlei.de/karriere/,2026-04-19,2026-04-19,karriere@nfp-kanzlei.de
BAUMGÄRTNER FRIEDRICH Rechtsanwälte Leipzig,Praktikum,Leipzig,https://www.baumgaertner-friedrich.com/rechtsanwaelte-leipzig/,2026-04-19,2026-04-19,kanzlei@baumgaertner-friedrich.com
BAUMGÄRTNER FRIEDRICH Rechtsanwälte Leipzig,Referendariat,Leipzig,https://www.baumgaertner-friedrich.com/rechtsanwaelte-leipzig/,2026-04-19,2026-04-19,kanzlei@baumgaertner-friedrich.com
"buero.malkus - Rechtsanwaltskanzlei in Leipzig für Immobilien-, WEG-, Grundstücks- und Mietrecht | Strafverteidigung",Legal Tech Entwickler (Zusammenarbeit),Leipzig,https://malkus.lawyer/profil-rechtsanwaltskanzlei-leipzig/karriere-und-ausbildung/,2026-04-19,2026-04-19,buero@malkus.lawyer
Kanzlei Drews | Steuerberater & Rechtsanwalt,Mitarbeiter (m/w/d),Zentrale/Unbekannt,http://formulare.steuerberatung-drews.de/antrag-zur-ergaenzung-eures-teams/,2026-04-19,2026-04-19,
Lawyers Kühner & Löffler,Rechtsreferendar (Pflichtstation Rechtsberatung oder Wahlstation),Ludwigshafen,https://rechtsanwalt-mannheim-ludwigshafen.de/stellenangebote/,2026-04-19,2026-04-19,info@kuehner-loeffler.de
VSZ Rechtsanwälte Schabbeck und Partner mbB,Referendar oder Referendarin (m/w/d) im Rahmen der Anwaltsstationen und/oder als wissenschaftliche Assistenz,Ludwigshafen,http://www.ra-vsz.de/karriere,2026-04-19,2026-04-19,bewerbung@ra-vsz.de
Kanzlei Voigt Rechtsanwalts GmbH,Juniorassistenten (m/w/d),Dortmund,https://kanzlei-voigt.de/standort/dortmund-ruhrallee/,2026-04-19,2026-04-19,bewerbung@kanzlei-voigt.de
Gamroth§Lang Rechtsanwälte in Bürogemeinschaft,Refrendare,Magdeburg,https://www.magdeburg-anwalt.de/offene-stellen/,2026-04-19,2026-04-19,
Gamroth§Lang Rechtsanwälte in Bürogemeinschaft,Kolleginnen und Kollegen (Rechtsanwälte),Magdeburg,https://www.magdeburg-anwalt.de/offene-stellen/,2026-04-19,2026-04-19,
Kanzlei Krahmer und Krug,Rechtsanwälten,Magdeburg,https://rechtsanwalt-magdeburg.de/kontakt/,2026-04-19,2026-04-19,info@rechtsanwalt-magdeburg.de
Kanzlei Krahmer und Krug,Referendaren,Magdeburg,https://rechtsanwalt-magdeburg.de/kontakt/,2026-04-19,2026-04-19,info@rechtsanwalt-magdeburg.de
Kanzlei Krahmer und Krug,Auszubildenden,Magdeburg,https://rechtsanwalt-magdeburg.de/kontakt/,2026-04-19,2026-04-19,info@rechtsanwalt-magdeburg.de
BERNARD KORN & PARTNER Rechtsanwälte und Fachanwälte in Mainz,Rechtsanwälte (m/w/d) mit Fachanwaltszulassung/-Lehrgang,Zentrale/Unbekannt,https://www.ckb-anwaelte.de/stellenangebote/,2026-04-19,2026-04-19,bernard@ckb-anwaelte.de
BERNARD KORN & PARTNER Rechtsanwälte und Fachanwälte in Mainz,Rechtsreferendare (m/w/d),Zentrale/Unbekannt,https://www.ckb-anwaelte.de/stellenangebote/,2026-04-19,2026-04-19,bernard@ckb-anwaelte.de
BERNARD KORN & PARTNER Rechtsanwälte und Fachanwälte in Mainz,Wissenschaftliche Mitarbeiter (m/w/d),Zentrale/Unbekannt,https://www.ckb-anwaelte.de/stellenangebote/,2026-04-19,2026-04-19,bernard@ckb-anwaelte.de
NATALELLO - Rechtsanwalt für Arbeitsrecht & Wirtschaftsrecht,Bewerbung für das HNG Natalello Mentorenprogramm,Mainz,https://natalello.de/karriere/,2026-04-19,2026-04-19,info@natalello.de
Lawyer Frank Labisch - Labor Lawyer,Rechtsanwalt/Rechtsanwältin für Arbeitsrecht (w/m/d),Wörrstadt,https://www.kanzlei-fuer-arbeitsrecht.de/rechtsanwalt-rechtsanwaeltin-fuer-arbeitsrecht-w-m-d/,2026-04-19,2026-04-19,
Lawyer Frank Labisch - Labor Lawyer,Rechtsanwalt/Rechtsanwältin für Arbeitsrecht (w/m/d),Frankfurt am Main,https://www.kanzlei-fuer-arbeitsrecht.de/rechtsanwalt-rechtsanwaeltin-fuer-arbeitsrecht-w-m-d/,2026-04-19,2026-04-19,
Lawyer Frank Labisch - Labor Lawyer,Fachanwalt/Fachanwältin für Arbeitsrecht (w/m/d),Wörrstadt,https://www.kanzlei-fuer-arbeitsrecht.de/fachanwalt-fachanwaeltin-fuer-arbeitsrecht-w-m-d/,2026-04-19,2026-04-19,
Lawyer Frank Labisch - Labor Lawyer,Fachanwalt/Fachanwältin für Arbeitsrecht (w/m/d),Frankfurt am Main,https://www.kanzlei-fuer-arbeitsrecht.de/fachanwalt-fachanwaeltin-fuer-arbeitsrecht-w-m-d/,2026-04-19,2026-04-19,
Lawyer Frank Labisch - Labor Lawyer,Auszubildende/Auszubildender als Rechtsanwaltsfachangestellte/Rechtsanwaltsfachangestellter (w/m/d),Wörrstadt,https://www.kanzlei-fuer-arbeitsrecht.de/auszubildende-auszubildender-als-rechtsanwaltsfachangestellte-rechtsanwaltsfachangestellter-w-m-d/,2026-04-19,2026-04-19,
Lawyer Frank Labisch - Labor Lawyer,Auszubildende/Auszubildender als Rechtsanwaltsfachangestellte/Rechtsanwaltsfachangestellter (w/m/d),Frankfurt am Main,https://www.kanzlei-fuer-arbeitsrecht.de/auszubildende-auszubildender-als-rechtsanwaltsfachangestellte-rechtsanwaltsfachangestellter-w-m-d/,2026-04-19,2026-04-19,
Rechtsanwalt Matthias Prinz - Kanzlei für Online-Reputationsrecht,Ausbildung zur/m Rechtsanwaltsfachangestellte/n,Am Winterhafen 78,https://karriere.prinz.law/o/ausbildung-zurm-rechtsanwaltsfachangestellten,2026-04-19,2026-04-19,sekretariat@prinz.law
Rechtsanwalt Matthias Prinz - Kanzlei für Online-Reputationsrecht,Kauffrau/-mann für Büromanagement (m/w/d) - Vollzeit,Am Winterhafen 78,https://karriere.prinz.law/o/kauffrau-mann-fur-buromanagement-mwd-vollzeit,2026-04-19,2026-04-19,sekretariat@prinz.law
Rechtsanwalt Matthias Prinz - Kanzlei für Online-Reputationsrecht,Rechtsanwalt (m/w/d) Familienrecht,Am Winterhafen 78,https://karriere.prinz.law/o/rechtsanwalt-mwd-familienrecht,2026-04-19,2026-04-19,sekretariat@prinz.law
Rechtsanwalt Matthias Prinz - Kanzlei für Online-Reputationsrecht,Vertriebsassistenz (m/w/d) – B2B Kundenbeziehungen,Am Winterhafen 78,https://karriere.prinz.law/o/vertriebsassistenz-mwd-b2b-kundenbeziehungen,2026-04-19,2026-04-19,sekretariat@prinz.law
Rechtsanwalt Matthias Prinz - Kanzlei für Online-Reputationsrecht,Vertriebsinnendienst (m/w/d) - Vollzeit,Am Winterhafen 78,https://karriere.prinz.law/o/vertriebsinnendienst-mwd-vollzeit-5,2026-04-19,2026-04-19,sekretariat@prinz.law
"mannheim.law – Rechtsanwälte: Azize Ekinci, LL.M., Eckhard Geiß, Michael Bender",Rechtsanwalt / Rechtsanwältin (m/w/d) für Partnerschaft,Mannheim,https://mannheim.law/partnerschaft,2026-04-19,mail@mannheim.law,mail@mannheim.law
"mannheim.law – Rechtsanwälte: Azize Ekinci, LL.M., Eckhard Geiß, Michael Bender",Rechtsanwalt / Rechtsanwältin (m/w/d) für Partnerschaft,Köln,https://mannheim.law/partnerschaft,2026-04-19,mail@mannheim.law,mail@mannheim.law
Sauerheber & Zimmer,Anwalt (m/w/d),Mannheim,http://www.sauerheber-zimmer.de/stellenangebot.html,2026-04-19,2026-04-25,kanzlei@sauerheber-zimmer.de
BWS legal Rechtsanwälte Partnerschaftsgesellschaft mbB,Bürokraft (m/w/d) in Voll- oder Teilzeit,Mönchengladbach,https://bws-legal.de/,2026-04-19,2026-04-25,info@bws-legal.de
MBK Rechtsanwälte,Referendarin/einen Referendar (m/w/d),Mönchengladbach,https://mbk-rechtsanwaelte.de/karriere/,2026-04-19,2026-04-19,info@mbk-rechtsanwaelte.de
MBK Rechtsanwälte,qualifizierte/n Kollegin/Kollegen (m/w/d),Mönchengladbach,https://mbk-rechtsanwaelte.de/karriere/,2026-04-19,2026-04-25,info@mbk-rechtsanwaelte.de
D. Breymann Rechtsanwälte,Rechtsreferendare,Mönchengladbach,https://breymann.de/karriere/,2026-04-19,2026-04-19,
Backes & Backes Rechtsanwälte,Rechtsanwaltsfachangestellte,Zentrale/Unbekannt,https://zweibackes.de/karriere/,2026-04-19,2026-04-25,mail@zweibackes.de
Backes & Backes Rechtsanwälte,Referendarausbildung,Zentrale/Unbekannt,https://zweibackes.de/karriere/,2026-04-19,2026-04-25,mail@zweibackes.de
Dittenheber & Werner Rechtsanwälte,Rechtsanwalt m/w/d,München,https://fragwerner.de/jobs-karriere/,2026-04-19,2026-04-19,kanzlei@fragwerner.de
Dolunay Law Rechtsanwaltskanzlei,Referendar (m/w),München,https://www.dolunaylaw.com/dolunaylawrechtsanwaltskanzlei-anwaltarbeitsrechtm%C3%BCnchen14,2026-04-19,2026-04-19,info@dolunaylaw.com
Dolunay Law Rechtsanwaltskanzlei,Praktikant (m/w),München,https://www.dolunaylaw.com/dolunaylawrechtsanwaltskanzlei-anwaltarbeitsrechtm%C3%BCnchen14,2026-04-19,2026-04-19,info@dolunaylaw.com
Keller Menz Rechtsanwälte PartG MBB,Steuerberater / Steuerrechtler (m/w/d),München,http://www.keller-menz.de/karriere/,2026-04-19,2026-04-19,joachim.menz@keller-menz.de
Keller Menz Rechtsanwälte PartG MBB,Rechtsreferendar (m/w/d) für Arbeitsrecht (Nebentätigkeit),München,http://www.keller-menz.de/karriere/,2026-04-19,2026-04-19,thilo.grieshaber@keller-menz.de
Templer & Partner,Referendare (Anwaltsstation),München,https://www.templer.de/karriere.html,2026-04-19,mail@templer.de,mail@templer.de
"Rechtsanwalt Tim Eller - Arbeitsrecht, Urheberrecht, Medienrecht, Filesharing",Praktikant (m/w/d) - Pflichtpraktikum,München,http://www.kanzlei-glockenbachviertel.de/stellenausschreibung/,2026-04-19,2026-04-19,eller@kanzlei-glockenbachviertel.de
"Rechtsanwalt Tim Eller - Arbeitsrecht, Urheberrecht, Medienrecht, Filesharing",Praktikant (m/w/d) - Pflichtpraktikum,Heidelberg,http://www.kanzlei-glockenbachviertel.de/stellenausschreibung/,2026-04-19,2026-04-19,eller@kanzlei-glockenbachviertel.de
"Rechtsanwalt Tim Eller - Arbeitsrecht, Urheberrecht, Medienrecht, Filesharing",Praktikant (m/w/d) - Pflichtpraktikum,Osnabrück,http://www.kanzlei-glockenbachviertel.de/stellenausschreibung/,2026-04-19,2026-04-19,eller@kanzlei-glockenbachviertel.de
"Rechtsanwalt Tim Eller - Arbeitsrecht, Urheberrecht, Medienrecht, Filesharing",Referendar (m/w/d),München,http://www.kanzlei-glockenbachviertel.de/stellenausschreibung/,2026-04-19,2026-04-19,eller@kanzlei-glockenbachviertel.de
"Rechtsanwalt Tim Eller - Arbeitsrecht, Urheberrecht, Medienrecht, Filesharing",Referendar (m/w/d),Heidelberg,http://www.kanzlei-glockenbachviertel.de/stellenausschreibung/,2026-04-19,2026-04-19,eller@kanzlei-glockenbachviertel.de
"Rechtsanwalt Tim Eller - Arbeitsrecht, Urheberrecht, Medienrecht, Filesharing",Referendar (m/w/d),Osnabrück,http://www.kanzlei-glockenbachviertel.de/stellenausschreibung/,2026-04-19,2026-04-19,eller@kanzlei-glockenbachviertel.de
"Rechtsanwalt Tim Eller - Arbeitsrecht, Urheberrecht, Medienrecht, Filesharing",Wissenschaftlicher Mitarbeiter (m/w/d),München,http://www.kanzlei-glockenbachviertel.de/stellenausschreibung/,2026-04-19,2026-04-19,eller@kanzlei-glockenbachviertel.de
"Rechtsanwalt Tim Eller - Arbeitsrecht, Urheberrecht, Medienrecht, Filesharing",Wissenschaftlicher Mitarbeiter (m/w/d),Heidelberg,http://www.kanzlei-glockenbachviertel.de/stellenausschreibung/,2026-04-19,2026-04-19,eller@kanzlei-glockenbachviertel.de
"Rechtsanwalt Tim Eller - Arbeitsrecht, Urheberrecht, Medienrecht, Filesharing",Wissenschaftlicher Mitarbeiter (m/w/d),Osnabrück,http://www.kanzlei-glockenbachviertel.de/stellenausschreibung/,2026-04-19,2026-04-19,eller@kanzlei-glockenbachviertel.de
Pöhlmann · Früchtl · Oppermann Rechtsanwälte PartmbB,Rechtsanwaltsfachangestellte/-r (m/w/d),Nürnberg,https://pfo-anwaelte.de/stellenangebote/rechtsanwaltsfachangestellte-r-m-w-d/,2026-04-19,2026-04-25,
"BUSE HERZ GRUNST Rechtsanwälte München | Medienrecht, Markenrecht, Strafrecht, Urheberrecht",Bürofachkraft (m/w/d) in Voll- oder Teilzeit,Berlin,https://www.kanzlei.law/unser-team/karriere/,2026-04-19,2026-04-25,bewerbung@kanzlei.law
"BUSE HERZ GRUNST Rechtsanwälte München | Medienrecht, Markenrecht, Strafrecht, Urheberrecht",Studentischer Mitarbeiter/ Werkstudent (m/w/d) für das Sekretariat,Berlin,https://www.kanzlei.law/unser-team/karriere/,2026-04-19,2026-04-25,bewerbung@kanzlei.law
LEINEMANN PARTNER RECHTSANWÄLTE,Rechtsanwältinnen und Rechtsanwälte,Berlin,http://www.leinemann-partner.de/stellenangebote/,2026-04-19,karriere@leinemann-partner.de,karriere@leinemann-partner.de
LEINEMANN PARTNER RECHTSANWÄLTE,Rechtsanwältinnen und Rechtsanwälte,Düsseldorf,http://www.leinemann-partner.de/stellenangebote/,2026-04-19,karriere@leinemann-partner.de,karriere@leinemann-partner.de
LEINEMANN PARTNER RECHTSANWÄLTE,Rechtsanwältinnen und Rechtsanwälte,Frankfurt am Main,http://www.leinemann-partner.de/stellenangebote/,2026-04-19,karriere@leinemann-partner.de,karriere@leinemann-partner.de
LEINEMANN PARTNER RECHTSANWÄLTE,Rechtsanwältinnen und Rechtsanwälte,Hamburg,http://www.leinemann-partner.de/stellenangebote/,2026-04-19,karriere@leinemann-partner.de,karriere@leinemann-partner.de
LEINEMANN PARTNER RECHTSANWÄLTE,Rechtsanwältinnen und Rechtsanwälte,Köln,http://www.leinemann-partner.de/stellenangebote/,2026-04-19,karriere@leinemann-partner.de,karriere@leinemann-partner.de
ROSE & PARTNER - Rechtsanwälte Steuerberater,Rechtsanwaltsfachangestellte (m/w/d),München,https://www.rosepartner.de/stellenangebot-rechtsanwalt-refa-referendariat.html,2026-04-19,2026-04-19,bewerbung@rosepartner.de
Kanzlei Scheibler,Auszubildende (m/w/d) und Praktikanten (m/w/d),Ismaning,https://www.scheibler.de/karriere/#popup-bewerbung,2026-04-19,2026-04-19,karriere@scheibler.de
Gerber & Lorenz Rechtsanwälte,Rechtsreferendar,München,https://gerber-lorenz.de/rechtsanwaelte/,2026-04-19,2026-04-19,kanzlei@gerber-lorenz.de
"Dr. Heinicke, Eggebrecht & Partner mbB Rechtsanwälte",Rechtsreferendar (m/w/d) gesucht!,München,https://www.heinicke-eggebrecht.com/karriere/,2026-04-19,bewerbung@heinicke-eggebrecht.com,bewerbung@heinicke-eggebrecht.com
"Dr. Heinicke, Eggebrecht & Partner mbB Rechtsanwälte",Rechtsreferendar (m/w/d) gesucht!,Obersendling,https://www.heinicke-eggebrecht.com/karriere/,2026-04-19,2026-04-19,bewerbung@heinicke-eggebrecht.com
Kerger & Partner Rechtsanwälte PartG,Auszubildende/r zur Rechtsanwaltsfachangestellten (m/w/d),Gauting bei Starnberg,https://kanzlei-kerger.de/service/,2026-04-19,2026-04-19,f.kerger@kanzlei-kerger.de
Maas & Kollegen Rechtsanwaltsgesellschaft mbH,Auszubildende/r Rechtsanwaltsfachangestellte/r (m/w/d),München,https://maas-kollegen.de/stellenanzeige-auszubildende-r-rechtsanwaltsfachangestellte-r-m-w-d/,2026-04-19,2026-04-19,bewerbung@maas-kollegen.de
ACTIO Revision und Treuhand GmbH,Steuerfachangestellte / Steuerfachwirte 2026,München,https://www.actio-cpa.de/akademie/offene_stellen/,2026-04-19,info@actio-cpa.de,info@actio-cpa.de
ACTIO Revision und Treuhand GmbH,Bilanzbuchhalter 2026,München,https://www.actio-cpa.de/akademie/offene_stellen/,2026-04-19,info@actio-cpa.de,info@actio-cpa.de
ACTIO Revision und Treuhand GmbH,Steuerassistent 2026,München,https://www.actio-cpa.de/akademie/offene_stellen/,2026-04-19,info@actio-cpa.de,info@actio-cpa.de
ACTIO Revision und Treuhand GmbH,Steuerberater / Steuerberateranwärter 2026,München,https://www.actio-cpa.de/akademie/offene_stellen/,2026-04-19,info@actio-cpa.de,info@actio-cpa.de
ACTIO Revision und Treuhand GmbH,Prüfungsassistent / Assistent für Wirtschaftsprüfung 2026,München,https://www.actio-cpa.de/akademie/offene_stellen/,2026-04-19,info@actio-cpa.de,info@actio-cpa.de
ACTIO Revision und Treuhand GmbH,Wirtschaftsprüfer / Wirtschaftsprüferanwärter 2026,München,https://www.actio-cpa.de/akademie/offene_stellen/,2026-04-19,info@actio-cpa.de,info@actio-cpa.de
WBG,Ausbildungsplatz Verbundstudium (Steuerfachangestellte/r und BWL Studium),München,https://wbg-kanzlei.de/karriere/,2026-04-19,2026-04-19,
WBG,Ausbildungsplatz Steuerfachangestellte/r,München,https://wbg-kanzlei.de/karriere/,2026-04-19,2026-04-19,
WBG,Schülerpraktikum,München,https://wbg-kanzlei.de/karriere/,2026-04-19,2026-04-19,
Stock + Partner Rechtsanwälte mbB,Referendar (m/w/d),München,https://stock-partner.eu/karriere/,2026-04-19,2026-04-19,katharina.janka@stock-partner.eu
Stock + Partner Rechtsanwälte mbB,Referendar (m/w/d),Hannover,https://stock-partner.eu/karriere/,2026-04-19,2026-04-19,katharina.janka@stock-partner.eu
SYLVENSTEIN Rechtsanwälte,Rechtsanwaltsfachangestellte/r (m/w/d),München,https://karriere.sylvenstein-law.de/o/rechtsanwaltsfachangestellter-mwd-8,2026-04-19,2026-04-25,
SYLVENSTEIN Rechtsanwälte,Rechtsanwaltsfachangestellte/r (m/w/d),Bayern,https://karriere.sylvenstein-law.de/o/rechtsanwaltsfachangestellter-mwd-8,2026-04-19,2026-04-25,
SYLVENSTEIN Rechtsanwälte,Rechtsanwaltsfachangestellte/r (m/w/d),Deutschland,https://karriere.sylvenstein-law.de/o/rechtsanwaltsfachangestellter-mwd-8,2026-04-19,2026-04-25,
SYLVENSTEIN Rechtsanwälte,Rechtsfachwirt/in (m/w/d),München,https://karriere.sylvenstein-law.de/o/rechtsfachwirtin-mwd,2026-04-19,2026-04-25,
SYLVENSTEIN Rechtsanwälte,Rechtsfachwirt/in (m/w/d),Bayern,https://karriere.sylvenstein-law.de/o/rechtsfachwirtin-mwd,2026-04-19,2026-04-25,
SYLVENSTEIN Rechtsanwälte,Rechtsfachwirt/in (m/w/d),Deutschland,https://karriere.sylvenstein-law.de/o/rechtsfachwirtin-mwd,2026-04-19,2026-04-25,
Goldbeck - Fachanwalt für Strafrecht und Rechtsanwalt,Praktikum (Studenten),Münster,https://rechtsanwalt-goldbeck.de/jobs/,2026-04-19,2026-04-19,
Sommerfeld - Majka - Reifig Rechtsanwälte - Notare - Steuerberater,Kurzbewerbung Steuerfachangestellter (m/w/d),Münster,https://www.sommerfeld-majka.de/karriere/steuerfachangestellter-kurzbewerbung/,2026-04-19,info@sommerfeld.pro,info@sommerfeld.pro
Dr. Hüsch & Partner Rechtsanwälte,Rechtsanwältin/ Rechtsanwalt (m/w/d) für eine Vollzeitstelle im Bereich Allgemeines Zivilrecht Schwerpunkt Erbrecht,Neuss,http://www.huesch-und-partner.de/karriere.html,2026-04-19,2026-04-19,info@huesch-und-partner.de
Dr. Hüsch & Partner Rechtsanwälte,Rechtsanwaltsfachangestellte / Rechtsanwaltsfachangestellten (m/w/d) für eine Teilzeit oder Vollzeitstelle,Neuss,http://www.huesch-und-partner.de/karriere.html,2026-04-19,2026-04-19,info@huesch-und-partner.de
Dr. Hüsch & Partner Rechtsanwälte,Auszubildende / Auszubildenden (m/w/d) zur/ zum Rechtsanwaltsfachangestellten,Neuss,http://www.huesch-und-partner.de/karriere.html,2026-04-19,2026-04-19,info@huesch-und-partner.de
Rechtsanwälte Krall & Brückmann,Rechtsanwaltsfachangestellte (m/w/d),Neuss,http://www.familienrecht-kanzlei.de/kanzlei/stellenangebot-rechtsanwaltsgehilfin.php,2026-04-19,2026-04-19,kanzlei@familienrecht-kanzlei.de
Rechtsanwälte Krall & Brückmann,Rechtsanwaltsfachangestellte (m/w/d),Düsseldorf,http://www.familienrecht-kanzlei.de/kanzlei/stellenangebot-rechtsanwaltsgehilfin.php,2026-04-19,2026-04-19,kanzlei@familienrecht-kanzlei.de
Kanzlei für Unfallrecht,Rechtsanwaltsfachangestellte(n),Zentrale/Unbekannt,https://www.kanzlei-unfallrecht.com/karriere,2026-04-19,2026-04-25,
Rechtsanwälte Förster & Blob,Rechtsanwälte/innen (m/d/w),Schwabach,http://www.linkedin.com/jobs/view/rechtsanwalt-at-rechtsanw%C3%A4lte-f%C3%B6rster-blob-4266233805/,2026-04-19,2026-04-19,
Rechtsanwälte Förster & Blob,Rechtsanwälte/innen (m/d/w),Nürnberg,http://www.linkedin.com/jobs/view/rechtsanwalt-at-rechtsanw%C3%A4lte-f%C3%B6rster-blob-4266233805/,2026-04-19,2026-04-19,
KSR Rechtsanwaltskanzlei,"Initiativbewerbung (z.B. Referendariat, Referendar, Wiss. Mit., Student)",Nürnberg,https://ksr-law.de/karriere/,2026-04-19,2026-04-19,info@ksr-law.de
Seifert Bär Rechtsanwälte Partnerschaft mbB,PraktikantInnen (m/w/d),Nürnberg,https://seifert-baer.de/karriere/,2026-04-19,info@seifert-baer.de,info@seifert-baer.de
KGH Law Office Nuremberg,Rechtsanwalt,Nürnberg,https://www.kgh.de/karriere/,2026-04-19,2026-04-19,bewerbung@kgh.de
KGH Law Office Nuremberg,Rechtsanwaltsfachangestellte (Ausbildung),Nürnberg,https://www.kgh.de/karriere/,2026-04-19,2026-04-19,bewerbung@kgh.de
KGH Law Office Nuremberg,Referendar (Volontariat oder Nebenbeschäftigung),Nürnberg,https://www.kgh.de/karriere/,2026-04-19,2026-04-19,bewerbung@kgh.de
KGH Law Office Nuremberg,Student (Praktikum/Ausbildung),Nürnberg,https://www.kgh.de/karriere/,2026-04-19,2026-04-19,bewerbung@kgh.de
"Dr. Reinisch u. Kollegen, Rechtsanwälte",Studentisches Praktikum / Werkstudententätigkeit,Nürnberg,http://www.rmk-recht.de/stellen.php,2026-04-19,2026-04-19,bewerbungen@rmk-recht.de
Dr. Herzog und Partner Rechtsanwälte mbB,Engagierte Anwälte*innen,Nürnberg,http://www.rae-herzog-partner.de/karriere,2026-04-19,2026-04-19,mail@rae-herzog-partner.de
Emschermann / Rechtsanwälte und Notarin in Kooperation,Stellenangebot im Notariat (m/w/d),Oberhausen,https://www.kanzlei-ob.de/rechtsanwaelte/,2026-04-19,2026-04-19,info@kanzlei-ob.de
frank schwanekamp,Verstärkung (m/w/d) im Notariat,Oberhausen,https://www.kanzlei-ob.de/rechtsanwaelte/,2026-04-19,2026-04-25,info@kanzlei-ob.de
Centamore & Loghman-Adham Rechtsanwälte · Fachanwälte · Notar,Mitarabeiter im notariellen Bereich,Zentrale/Unbekannt,https://www.centamore-loghman.de/de/karriere/,2026-04-19,2026-04-25,rosario@centamore-loghman.de
Rechtsanwälte Vogt & Partner,Referendar (m/w/d) (Anwalts- oder Wahlstation),Oldenburg,https://www.rae-vogt.de/karriere/,2026-04-19,2026-04-19,personal@rae-vogt.de
Rechtsanwälte Vogt & Partner,Auszubildende (m/w/d) zur Rechtsanwalts- und Notarfachangestellten,Oldenburg,https://www.rae-vogt.de/karriere/,2026-04-19,2026-04-19,personal@rae-vogt.de
Kanzlei Roling & Partner,Notarfachangestellte (m/w/d) oder Notarfachwirtin (m/w/d),Osnabrück,http://www.roling-partner.de/karriere/karriere/,2026-04-19,2026-04-19,info@roling-partner.de
HELLMANN Fachanwälte Rechtsanwälte in Partnerschaft mbB,Ausbildung Rechtsanwalts- und Notarfachangestellte,Osnabrück,https://hellmann-fachanwaelte.de/karriere/,2026-04-19,2026-04-19,kanzlei@hellmann-fachanwaelte.de
Klages und Kollegen eGbR,Auszubildende/r zum/zur Rechtsanwaltsfachgestellte/r (M/W/D),Osnabrück,https://www.klages-kollegen.de/stellenangebote/,2026-04-19,2026-04-19,willkommen@klages-kollegen.de
Klages und Kollegen eGbR,Auszubildende/r zum/zur Steuerfachangestellte/r (M/W/D),Osnabrück,https://www.klages-kollegen.de/stellenangebote/,2026-04-19,2026-04-19,willkommen@klages-kollegen.de
Anwaltskanzlei SVM,Rechtsanwaltsanwaltsfachangestellter (m/w/d),Osnabrück,https://kanzlei-svm.de/karriere/,2026-04-19,2026-04-19,
Anwaltskanzlei SVM,Auszubildende/r als Rechtsanwaltsfachangestellte/r (m/w/d),Osnabrück,https://kanzlei-svm.de/karriere/,2026-04-19,2026-04-19,marx@kanzlei-svm.de
Anwaltskanzlei SVM,Studienpraktikant/in (m/w/d),Osnabrück,https://kanzlei-svm.de/karriere/,2026-04-19,2026-04-19,marx@kanzlei-svm.de
Kanzlei im Technologiepark Peter Suminski,Volljuristin / Juristin / Rechtsanwältin,Paderborn,https://kanzlei-technologiepark.de/karriere.html,2026-04-19,2026-04-19,suminski@suminski.de
Kanzlei im Technologiepark Peter Suminski,juristische Mitarbeiterin,Paderborn,https://kanzlei-technologiepark.de/karriere.html,2026-04-19,2026-04-19,suminski@suminski.de
Kanzlei im Technologiepark Peter Suminski,Rechtsanwalts- und Notariatsfachangestellte,Paderborn,https://kanzlei-technologiepark.de/karriere.html,2026-04-19,2026-04-19,suminski@suminski.de
Kanzlei im Technologiepark Peter Suminski,Rechtsanwaltsfachangestellte,Paderborn,https://kanzlei-technologiepark.de/karriere.html,2026-04-19,2026-04-19,suminski@suminski.de
Meyer Arbeitsrecht,Rechtsanwalt (m/w/d) mit Schwerpunkt Arbeitsrecht,Paderborn,https://www.meyer-arbeitsrecht.de/karriere/,2026-04-19,2026-04-25,info@meyer-arbeitsrecht.de
Schliffka & Schwab - Rechtsanwälte,Rechtsanwalts-Fachangestellte (m/w/d),Pforzheim,https://www.schliffka.de/karriere/#rechtsanwalt-fachangestellte,2026-04-19,2026-04-19,kanzlei@schliffka.de
Ladenburg Neifeind Schmücker & Homann Lawyers,"Rechtsanwalt (m/w/d) für Arbeitsrecht, Bau- und Architektenrecht, Erbrecht/Unternehmensnachfolge, Familienrecht, Wirtschaftsrecht",Pforzheim,http://www.ladenburger.com/de/karriere/,2026-04-19,2026-04-19,niels.jauch@ladenburger.com
ilex Rechtsanwälte,Ausbildungsplatz Rechtsanwaltsfachangestellte/r,Potsdam,https://www.ilex-recht.de/karriere.html,2026-04-19,2026-04-19,potsdam@ilex-recht.de
ilex Rechtsanwälte,Wissenschaftliche/r Mitarbeiter/in oder Doktorand/in,Potsdam,https://www.ilex-recht.de/karriere.html,2026-04-19,2026-04-19,potsdam@ilex-recht.de
"Lawyers Bäumel, Dr. Weinelt & Coll.",Rechtsanwaltsfachangestellte/r (m/w/d),Regensburg,https://weinelt-collegen.de/stellenangebote/rechtsanwaltsfachangestellte-regensburg/,2026-04-19,2026-04-19,info@weinelt-collegen.de
Weidner Rechtsanwalt Regensburg,Rechtsanwalt / Rechtsanwältin (m/w/d),Regensburg,mailto:kanzlei@ra-weidner.com,2026-04-19,2026-04-25,kanzlei@ra-weidner.com
Weidner Rechtsanwalt Regensburg,"Rechtsreferendare/ Studenten (m/w/d) für Anwaltsstation, Praktikum, Nebentätigkeit",Regensburg,mailto:kanzlei@ra-weidner.com,2026-04-19,2026-04-19,kanzlei@ra-weidner.com
Rechtsanwälte Fachanwälte am Königshof Lippl Betz Dinesen Balles,Ausbildungsstellen,Regensburg,http://www.lgb-recht.com/index.php/startseite.html,2026-04-19,2026-04-19,ra@lgb-recht.com
ATN D'AVOINE TEUBLER NEU Rechtsanwälte,Steuerfachangestellte(r) / Finanzbuchhalter(in) – Insolvenzbuchhaltung (m/w/d),Remscheid,https://www.atn-ra.de/kanzlei/karriere/steuerfachangestellter-finanzbuchhalterin-insolvenzbuchhaltung-m-w-d/,2026-04-19,2026-04-19,bewerbung@atn-ra.de
ATN D'AVOINE TEUBLER NEU Rechtsanwälte,Rechtsanwaltsfachangestellten (m/w/d),Remscheid,https://www.atn-ra.de/kanzlei/karriere/eine-n-rechtsanwaltsfachangestellte-n-m-w-d/,2026-04-19,2026-04-19,bewerbung@atn-ra.de
ATN D'AVOINE TEUBLER NEU Rechtsanwälte,Rechtsanwaltsfachangestellten (m/w/d),Köln,https://www.atn-ra.de/kanzlei/karriere/eine-n-rechtsanwaltsfachangestellte-n-m-w-d/,2026-04-19,2026-04-19,bewerbung@atn-ra.de
Dr. Kroll & Partner - Law firm Reutlingen,Rechtsanwältinnen/ Rechtsanwälte,Reutlingen,http://www.kp-recht.de/karriere/rechtsanwaeltinnen/rechtsanwaelte,2026-04-19,2026-04-19,
Dr. Kroll & Partner - Law firm Reutlingen,Rechtsanwältinnen/ Rechtsanwälte,Tübingen,http://www.kp-recht.de/karriere/rechtsanwaeltinnen/rechtsanwaelte,2026-04-19,2026-04-19,
Dr. Kroll & Partner - Law firm Reutlingen,Rechtsanwältinnen/ Rechtsanwälte,Stuttgart,http://www.kp-recht.de/karriere/rechtsanwaeltinnen/rechtsanwaelte,2026-04-19,2026-04-19,
Dr. Kroll & Partner - Law firm Reutlingen,Rechtsanwältinnen/ Rechtsanwälte,Balingen,http://www.kp-recht.de/karriere/rechtsanwaeltinnen/rechtsanwaelte,2026-04-19,2026-04-19,
Dr. Kroll & Partner - Law firm Reutlingen,Rechtsanwältinnen/ Rechtsanwälte,Rottweil,http://www.kp-recht.de/karriere/rechtsanwaeltinnen/rechtsanwaelte,2026-04-19,2026-04-19,
Geiersberger Glas & Partner mbB Rechtsanwälte Rostock,Rechtsanwalt (m/w/d) Verwaltungsrecht,Rostock,http://www.geiersberger.de/karriere-verwaltungsrecht.htm,2026-04-19,2026-04-19,karriere@geiersberger.de
Geiersberger Glas & Partner mbB Rechtsanwälte Rostock,Rechtsanwalt (m/w/d) Verwaltungsrecht,Schwerin,http://www.geiersberger.de/karriere-verwaltungsrecht.htm,2026-04-19,2026-04-19,karriere@geiersberger.de
Geiersberger Glas & Partner mbB Rechtsanwälte Rostock,Rechtsanwalt (m/w/d) Arbeitsrecht,Rostock,http://www.geiersberger.de/karriere-arbeitsrecht.htm,2026-04-19,2026-04-19,karriere@geiersberger.de
Geiersberger Glas & Partner mbB Rechtsanwälte Rostock,Rechtsanwalt (m/w/d) Arbeitsrecht,Schwerin,http://www.geiersberger.de/karriere-arbeitsrecht.htm,2026-04-19,2026-04-19,karriere@geiersberger.de
Geiersberger Glas & Partner mbB Rechtsanwälte Rostock,Rechtsanwalt (m/w/d) Gesellschafts- und Energierecht,Rostock,http://www.geiersberger.de/karriere-energierecht.htm,2026-04-19,2026-04-19,karriere@geiersberger.de
Geiersberger Glas & Partner mbB Rechtsanwälte Rostock,Rechtsanwalt (m/w/d) Gesellschafts- und Energierecht,Schwerin,http://www.geiersberger.de/karriere-energierecht.htm,2026-04-19,2026-04-19,karriere@geiersberger.de
Geiersberger Glas & Partner mbB Rechtsanwälte Rostock,Rechtsanwaltsfachangestellte (m/w/d),Rostock,http://www.geiersberger.de/karriere-rechtsanwaltsfachangestellte.htm,2026-04-19,2026-04-19,karriere@geiersberger.de
Pollkläsener Rechtsanwälte,Mitarbeiter,Saarbrücken,http://www.pollklaesener.de/#karriere,2026-04-19,2026-04-19,kanzlei@pollklaesener.de
Dr. Jens Schmidt,Student / Studentin (Strafrecht),Zentrale/Unbekannt,https://www.drjensschmidt.de/?page_id=613,2026-04-19,2026-04-19,Kanzlei@DrJensSchmidt.de
Dr. Jens Schmidt,Referendar / Referendarin (Strafrecht),Zentrale/Unbekannt,https://www.drjensschmidt.de/?page_id=613,2026-04-19,2026-04-19,Kanzlei@DrJensSchmidt.de
GESSNER Rechtsanwälte Partnerschaftsgesellschaft mbB,Mitarbeiter (m/w/d),Saarbrücken,https://gessnerlaw.de,2026-04-19,2026-04-19,kanzlei@gessnerlaw.de
"Kanzlei Voigt Rechtsanwalts GmbH & Co. Mannheim KG, Zweigstelle Saarbrücken",Juniorassistenten (m/w/d),Dortmund,https://kanzlei-voigt.de/standort/dortmund-ruhrallee/,2026-04-19,2026-04-19,bewerbung@kanzlei-voigt.de
"Kanzlei Voigt Rechtsanwalts GmbH & Co. Mannheim KG, Zweigstelle Saarbrücken",Buchhalter/in (m/w/d),Dortmund,https://kanzlei-voigt.de/standort/dortmund-ruhrallee/,2026-04-19,2026-04-19,bewerbung@kanzlei-voigt.de
"Kanzlei Voigt Rechtsanwalts GmbH & Co. Mannheim KG, Zweigstelle Saarbrücken",Kanzlei (m/w/d),Dortmund,https://kanzlei-voigt.de/standort/dortmund-ruhrallee/,2026-04-19,2026-04-19,bewerbung@kanzlei-voigt.de
"Kanzlei Voigt Rechtsanwalts GmbH & Co. Mannheim KG, Zweigstelle Saarbrücken",Rechtsanwaltsfachangestellte/r (m/w/d),Berlin,https://kanzlei-voigt.de/standort/berlin/,2026-04-19,2026-04-19,bewerbung@kanzlei-voigt.de
"Kanzlei Voigt Rechtsanwalts GmbH & Co. Mannheim KG, Zweigstelle Saarbrücken",Rechtsanwaltsfachangestellte/r (m/w/d),Bielefeld,https://kanzlei-voigt.de/standort/bielefeld/,2026-04-19,2026-04-19,bewerbung@kanzlei-voigt.de
HUELSEBUSCH WERLER GbR,Rechtsanwalts- und / oder Notariatsfachangestellte (m/w/d) für das Notariat,Salzgitter,https://www.huelsebusch-werler.de/stellenangebote,2026-04-19,2026-04-19,kanzlei@huelsebusch-werler.de
HUELSEBUSCH WERLER GbR,Rechtsanwalts- und / oder Notariatsfachangestellte (m/w/d) für Kanzlei und/oder Notariat,Salzgitter,https://www.huelsebusch-werler.de/stellenangebote,2026-04-19,2026-04-19,kanzlei@huelsebusch-werler.de
Frank Baranowski Fachkanzlei für Familienrecht und Scheidung Siegen,Rechtsanwaltsfachangestellte (Vollzeit),Siegen,https://www.scheidung-siegen.de/,2026-04-19,2026-04-25,info@scheidung-siegen.de
Frank Baranowski Fachkanzlei für Familienrecht und Scheidung Siegen,Aushilfskraft (Teilzeit) f0r Empfang und Sekretariatsaufgaben,Siegen,https://www.scheidung-siegen.de/,2026-04-19,2026-04-19,info@scheidung-siegen.de
Frank Baranowski Fachkanzlei für Familienrecht und Scheidung Siegen,Auszubildende,Siegen,https://www.scheidung-siegen.de/,2026-04-19,2026-04-19,info@scheidung-siegen.de
Frank Baranowski Fachkanzlei für Familienrecht und Scheidung Siegen,Praktikumsstellen f0r Jura-Studenten und Sch0ler,Siegen,https://www.scheidung-siegen.de/,2026-04-19,2026-04-19,info@scheidung-siegen.de
HSH & Daun Rechtsanwälte,Rechtsanwaltsfachangestellte (m/w/d) in Teilzeit,Solingen,https://rechtsanwaelte-hsh.de/rechtsanwaltsfachangestellte-m-w-d-in-voll-oder-teilzeit-in-solingen/,2026-04-19,kanzlei@rechtsanwaelte-hsh.de,kanzlei@rechtsanwaelte-hsh.de
"Rechtsanwälte Lauterbach Jansen Lauterbach - Verkehrsrecht, Arbeitsrecht, Strafrecht",Praktikumsplatz,Solingen,http://www.lauterbach-jansen.de/index.php/kanzlei/ausbildung,2026-04-19,2026-04-25,
Kanzlei Königstraße Köster & Kollegen,"Rechtsanwälte, Steuerberater und Wirtschaftsprüfer",Stuttgart,https://www.kanzlei-koenigstrasse.de/karriere/rechtsanwaelte-steuerberater-und-wirtschaftspruefer,2026-04-19,2026-04-19,
Kanzlei Königstraße Köster & Kollegen,Referendariat,Stuttgart,https://www.kanzlei-koenigstrasse.de/karriere/referendariat,2026-04-19,2026-04-19,
Kanzlei Königstraße Köster & Kollegen,Praktikum,Stuttgart,https://www.kanzlei-koenigstrasse.de/karriere/praktikum,2026-04-19,2026-04-19,
BLF RECHTSANWÄLTE – DR. BILIR & PARTNER mbB,Rechtsanwälte (m/w/d),Böblingen,https://www.blf-partner.de/karriere/,2026-04-19,2026-04-19,bilir@blf-partner.de
BLF RECHTSANWÄLTE – DR. BILIR & PARTNER mbB,Rechtsanwälte (m/w/d),Karlsruhe,https://www.blf-partner.de/karriere/,2026-04-19,2026-04-19,bilir@blf-partner.de
Anwaltskanzlei SHP,Rechtsanwalt (m/w/d) für Arbeitsrecht,Stuttgart,https://www.shp-anwaltskanzlei.de/karriere.html,2026-04-19,j.schmitt@shp-anwaltskanzlei.de,kanzlei@shp-anwaltskanzlei.de
DORNKAMP Rechtsanwälte PartGmbB,"Partner*in, Counsel oder Anwalt*in mit und ohne Berufserfahrung",Stuttgart,https://www.dornkamp.com/karriere/,2026-04-19,2026-04-19,bewerbung@dornkamp.de
DORNKAMP Rechtsanwälte PartGmbB,"Partner*in, Counsel oder Anwalt*in mit und ohne Berufserfahrung",Heidelberg,https://www.dornkamp.com/karriere/,2026-04-19,2026-04-19,bewerbung@dornkamp.de
DORNKAMP Rechtsanwälte PartGmbB,"Partner*in, Counsel oder Anwalt*in mit und ohne Berufserfahrung",Berlin,https://www.dornkamp.com/karriere/,2026-04-19,2026-04-19,bewerbung@dornkamp.de
Werwigk Henne Partnerschaft mbB,Verstärkung in unseren Rechtsgebieten (allgemeine Bewerbung),Stuttgart,https://www.werwigkhenne.de,2026-04-19,2026-04-19,bewerbung@werwigkhenne.de
"Rlte,Deutschland,http://www.brak.de/jobboerse/stellenangebote-fuer-rechtsanwaelte/,2026-04-19,",,,,,,
"R Referendarinnen/Referendare,Deutschland,http://www.brak.de/jobboerse/stellenangebote-fuer-referendare/,2026-04-19,",,,,,,
Sikic & Kollegen Rechtsanwälte,Studenten (m/w) (Praktikum),Stuttgart,https://www.sikic.de/karriere/,2026-04-19,2026-04-19,karriere@sikic.de
Esper Ihrig & Partner,Initiativbewerbung Rechtsanwalt / Rechtsanwältin mit Berufserfahrung,Stuttgart,https://www.eip-run.de/de/7/Karriere.html,2026-04-19,2026-04-19,bewerbung@eip-run.de
NAEGELE Rechtsanwälte PartGmbB,Initiativbewerbung als Rechtsanwalt / Rechtsanwältin,Stuttgart,https://naegele-arbeitsrecht.eu/karriere-2/,2026-04-19,2026-04-19,kanzlei@naegele-arbneitsrecht.eu
"— m/w/d,Stuttgart,https://www.kcnb.de/karriere.html#1,2026-04-19,michael.rudnau@kcnb.de",,,,,,
"— m/w/d,Stuttgart,https://www.kcnb.de/karriere.html#2,2026-04-19,michael.rudnau@kcnb.de",,,,,,
"— m/w/d,Stuttgart,https://www.kcnb.de/karriere.html#3,2026-04-19,michael.rudnau@kcnb.de",,,,,,
Reith Neumahr lawyers and notaries,Notarfachangestellte/r / Notarfachwirt/in,Stuttgart,http://www.rlg-law.de/downloads/karriere/RLG_AZ_2001_NFA.pdf?c=1,2026-04-19,2026-04-19,
Reith Neumahr lawyers and notaries,Notarfachangestellte/r / Notarfachwirt/in,Tuttlingen,http://www.rlg-law.de/downloads/karriere/RLG_AZ_2001_NFA.pdf?c=1,2026-04-19,2026-04-19,
Reith Neumahr lawyers and notaries,Notarfachangestellte/r (m/w/d) (Berufseinsteiger),Stuttgart,http://www.rlg-law.de/downloads/karriere/RLG_AZ_2203_NFA.pdf?c=1,2026-04-19,2026-04-19,
Reith Neumahr lawyers and notaries,Notarfachangestellte/r (m/w/d) (Berufseinsteiger),Tuttlingen,http://www.rlg-law.de/downloads/karriere/RLG_AZ_2203_NFA.pdf?c=1,2026-04-19,2026-04-19,
"Stirnweiss Brenner Rechtsanwälte | Kanzlei für Strafrecht Stuttgart, Strafverteidiger & Fachanwälte",Rechtsanwalt / Rechtsanwältin (m/w/d) für Strafrecht,Stuttgart,https://stirnweiss-brenner.de/karriere/,2026-04-19,2026-04-25,karriere@stirnweiss-brenner.de
Corak und Fink Rechtsanwälte,Rechtsanwaltsfachangestellter (m/w/d),Stuttgart,http://www.corak-fink.de/karriere,2026-04-19,2026-04-19,kanzlei@corak-fink.de
Corak und Fink Rechtsanwälte,Referendar (m/w/d),Stuttgart,http://www.corak-fink.de/karriere,2026-04-19,2026-04-19,kanzlei@corak-fink.de
Corak und Fink Rechtsanwälte,Praktikant (m/w/d),Stuttgart,http://www.corak-fink.de/karriere,2026-04-19,2026-04-19,kanzlei@corak-fink.de
"}][,Stuttgart-Kallenberg,https://kallenberg.bskp.de/karriere/rechtsanwalt-arbeitsrecht/,2026-04-19,recht-bw@bskp.de",,,,,,
"Kanzlei Scheiterle-Keicher, Wirtschaftsprüfer u. Steuerberater",Wirtschaftsprüfer und Steuerberater,Stuttgart,http://www.scheiterle-keicher.de/kanzlei/stellenangebote.htm,2026-04-19,2026-04-19,info@scheiterle-keicher.de
RA Alexander Fischer,Ausbildungsplatz zur/zum Rechtsanwaltsfachangestellten (m/w/d),Stuttgart,https://www.stuttgart-anwaltskanzlei.com/ANWALTSKANZLEI/KARRIERE/,2026-04-19,2026-04-25,info@stuttgart-anwaltskanzlei.com
RA Alexander Fischer,Praktikantenstelle für Schüler und Studenten (Rechtsanwalt/Rechtsanwältin und Rechtsanwaltsfachangestellte(r) (m/w/d)),Stuttgart,https://www.stuttgart-anwaltskanzlei.com/ANWALTSKANZLEI/KARRIERE/,2026-04-19,2026-04-19,info@stuttgart-anwaltskanzlei.com
medavo GmbH Rechtsanwaltsgesellschaft,Rechtsanwalt (m/w/d) mit Schwerpunkt Zivilprozess- oder Medizinrecht in Voll- oder Teilzeit,Glinde (Hamburg),http://www.medavo.de/karriere?view=article&id=158:rechtsanwalt-mit-schwerpunkt-zivilprozess-oder-medizinrecht&catid=12#section-bewerbung,2026-04-19,2026-04-19,
medavo GmbH Rechtsanwaltsgesellschaft,Rechtsanwalt (m/w/d) mit Schwerpunkt Zivilprozess- oder Medizinrecht in Voll- oder Teilzeit,Remote möglich,http://www.medavo.de/karriere?view=article&id=158:rechtsanwalt-mit-schwerpunkt-zivilprozess-oder-medizinrecht&catid=12#section-bewerbung,2026-04-19,2026-04-19,
medavo GmbH Rechtsanwaltsgesellschaft,Rechtsreferendar/-in (m/w/d),Glinde (Hamburg),http://www.medavo.de/karriere?view=article&id=104:rechtsreferendar-in-m-w-d&catid=12#section-bewerbung,2026-04-19,2026-04-19,
medavo GmbH Rechtsanwaltsgesellschaft,Rechtsreferendar/-in (m/w/d),Remote möglich,http://www.medavo.de/karriere?view=article&id=104:rechtsreferendar-in-m-w-d&catid=12#section-bewerbung,2026-04-19,2026-04-19,
medavo GmbH Rechtsanwaltsgesellschaft,Rechtsanwaltsfachangestellte/r - Sachbearbeiter/-in Forderungsbeitreibung/Inkasso (m/w/d),Glinde (Hamburg),http://www.medavo.de/karriere?view=article&id=97:sachbearbeiter-in-m-w-d-forderungsbeitreibung-inkasso&catid=12#section-bewerbung,2026-04-19,2026-04-19,
medavo GmbH Rechtsanwaltsgesellschaft,Rechtsanwaltsfachangestellte/r - Sachbearbeiter/-in Forderungsbeitreibung/Inkasso (m/w/d),Remote möglich,http://www.medavo.de/karriere?view=article&id=97:sachbearbeiter-in-m-w-d-forderungsbeitreibung-inkasso&catid=12#section-bewerbung,2026-04-19,2026-04-19,
medavo GmbH Rechtsanwaltsgesellschaft,Ausbildung als Rechtsanwaltsfachangestellte(r) (m/w/d),Glinde (Hamburg),http://www.medavo.de/karriere?view=article&id=94:auszubildende-rechtsanwaltsfachangestellte-m-w-d&catid=12#section-bewerbung,2026-04-19,2026-04-19,
medavo GmbH Rechtsanwaltsgesellschaft,Ausbildung als Rechtsanwaltsfachangestellte(r) (m/w/d),Remote möglich,http://www.medavo.de/karriere?view=article&id=94:auszubildende-rechtsanwaltsfachangestellte-m-w-d&catid=12#section-bewerbung,2026-04-19,2026-04-19,
medavo GmbH Rechtsanwaltsgesellschaft,Rechtsanwalt / Rechtsanwältin,Glinde (Hamburg),http://www.medavo.de/karriere?view=article&id=27:rechtsanwalt-rechtsanwaeltin&catid=12#section-bewerbung,2026-04-19,2026-04-19,
medavo GmbH Rechtsanwaltsgesellschaft,Rechtsanwalt / Rechtsanwältin,Remote möglich,http://www.medavo.de/karriere?view=article&id=27:rechtsanwalt-rechtsanwaeltin&catid=12#section-bewerbung,2026-04-19,2026-04-19,
medavo GmbH Rechtsanwaltsgesellschaft,Initiativbewerbung,Glinde (Hamburg),http://www.medavo.de/karriere?view=article&id=51:initiativbewerbung&catid=12#section-bewerbung,2026-04-19,2026-04-19,
medavo GmbH Rechtsanwaltsgesellschaft,Initiativbewerbung,Remote möglich,http://www.medavo.de/karriere?view=article&id=51:initiativbewerbung&catid=12#section-bewerbung,2026-04-19,2026-04-19,
Dr. Hörl Rechtsanwälte,Rechtsanwalt/Rechtsanwältin (m/w/d),Stuttgart,https://rae-hoerl.de/karriere/,2026-04-19,2026-04-19,henner.hoerl@rae-hoerl.de
"Hennerkes, Kirchdörfer & Lorz",Partnerassistent/in,Stuttgart,https://www.hennerkes.de/karriere/,2026-04-19,2026-04-25,
Anwaltskanzlei Volkwein,Rechtsreferendar (Anwaltsstation und/oder Wahlstation),Stuttgart,http://www.volkwein-recht.de/stellenangebote/,2026-04-19,2026-04-19,karriere@volkwein-recht.de
Anwaltskanzlei Volkwein,Rechtsreferendar (Nebentätigkeit),Stuttgart,http://www.volkwein-recht.de/stellenangebote/,2026-04-19,2026-04-19,karriere@volkwein-recht.de
Rechtsanwälte Diesel | Schmitt | Ammer und Partner mbB,Mitarbeiter (m/w/d),Trier,http://www.ra-diesel.de/karriere,2026-04-19,2026-04-19,info@ra-diesel.de
"Weber, Knaier, Hörmann - Rechtsanwälte",Rechtsanwalt/Rechtsanwältin (m/w/d),Senden,https://www.kanzlei-wsk.de/karriere/,2026-04-19,2026-04-19,info@kanzlei-wsk.de
"Weber, Knaier, Hörmann - Rechtsanwälte",Rechtsanwaltsfachangestellten (m/w/d),Senden,https://www.kanzlei-wsk.de/karriere/,2026-04-19,2026-04-19,info@kanzlei-wsk.de
"Weber, Knaier, Hörmann - Rechtsanwälte",Ausbildung zur/zum Rechtsanwaltsfachangestellten (m/w/d),Senden,https://www.kanzlei-wsk.de/karriere/,2026-04-19,2026-04-19,info@kanzlei-wsk.de
"Dr. Doganay & Doganay, Notare - Rechtsanwälte - Fachanwälte",Rechtsreferendar (m/w/d) / Werkstudent (m/w/d),Wiesbaden,https://www.kanzlei-doganay.de/rechtsreferendar-m-w-d-werksstudent-m-w-d/,2026-04-19,2026-04-25,info@kanzlei-doganay.de
Kanzlei Sachse - Rechtsanwälte & Fachanwälte Wiesbaden,Rechtsanwalt,Langen,https://kanzlei-sachse.de/offene-stellen,2026-04-19,2026-04-19,info@kanzlei-sachse.de
Kanzlei Sachse - Rechtsanwälte & Fachanwälte Wiesbaden,Rechtsanwalt,Frankfurt,https://kanzlei-sachse.de/offene-stellen,2026-04-19,2026-04-19,info@kanzlei-sachse.de
Kanzlei Sachse - Rechtsanwälte & Fachanwälte Wiesbaden,Rechtsanwalt,Darmstadt,https://kanzlei-sachse.de/offene-stellen,2026-04-19,2026-04-19,info@kanzlei-sachse.de
Kanzlei Sachse - Rechtsanwälte & Fachanwälte Wiesbaden,Rechtsanwalt,Offenbach,https://kanzlei-sachse.de/offene-stellen,2026-04-19,2026-04-19,info@kanzlei-sachse.de
Kanzlei Sachse - Rechtsanwälte & Fachanwälte Wiesbaden,Rechtsanwalt,Hanau,https://kanzlei-sachse.de/offene-stellen,2026-04-19,2026-04-19,info@kanzlei-sachse.de
Kanzlei Sachse - Rechtsanwälte & Fachanwälte Wiesbaden,Rechtsanwalt,Wiesbaden,https://kanzlei-sachse.de/offene-stellen,2026-04-19,2026-04-19,info@kanzlei-sachse.de
Kanzlei Sachse - Rechtsanwälte & Fachanwälte Wiesbaden,Rechtsanwaltsfachangestellte,Langen,https://kanzlei-sachse.de/offene-stellen,2026-04-19,2026-04-19,info@kanzlei-sachse.de
Kanzlei Sachse - Rechtsanwälte & Fachanwälte Wiesbaden,Rechtsanwaltsfachangestellte,Frankfurt,https://kanzlei-sachse.de/offene-stellen,2026-04-19,2026-04-19,info@kanzlei-sachse.de
Kanzlei Sachse - Rechtsanwälte & Fachanwälte Wiesbaden,Rechtsanwaltsfachangestellte,Darmstadt,https://kanzlei-sachse.de/offene-stellen,2026-04-19,2026-04-19,info@kanzlei-sachse.de
Kanzlei Sachse - Rechtsanwälte & Fachanwälte Wiesbaden,Rechtsanwaltsfachangestellte,Offenbach,https://kanzlei-sachse.de/offene-stellen,2026-04-19,2026-04-19,info@kanzlei-sachse.de
Kanzlei Sachse - Rechtsanwälte & Fachanwälte Wiesbaden,Rechtsanwaltsfachangestellte,Hanau,https://kanzlei-sachse.de/offene-stellen,2026-04-19,2026-04-19,info@kanzlei-sachse.de
Kanzlei Sachse - Rechtsanwälte & Fachanwälte Wiesbaden,Rechtsanwaltsfachangestellte,Wiesbaden,https://kanzlei-sachse.de/offene-stellen,2026-04-19,2026-04-19,info@kanzlei-sachse.de
WALTER Rechtsanwälte,Rechtsreferendar /-in mit Interesse an unseren Schwerpunkten,Wiesbaden,https://www.anwalt-wiesbaden.de/kanzlei/jobs/,2026-04-19,2026-04-19,mail@anwalt-wiesbaden.de
PSS Rechtsanwälte,Jahrespraktikanten (m/w/d),Wiesbaden-Biebrich,https://www.pss-rechtsanwaelte.de/jobs/,2026-04-19,2026-04-19,kanzlei@pss-rechtsanwaelte.de
PSS Rechtsanwälte,Praktikum für Studenten (m/w/d) der Rechtswissenschaften,Wiesbaden-Biebrich,https://www.pss-rechtsanwaelte.de/jobs/,2026-04-19,2026-04-19,kanzlei@pss-rechtsanwaelte.de
Ritter und Spreter | Rechtsanwälte & Notar,Rechtsanwalts- und Notarfachangestellte,Wiesbaden,https://www.krs-recht.de/#team,2026-04-19,info@krs-recht.de,info@krs-recht.de
BERNARD KORN & PARTNER Rechtsanwälte und Fachanwälte in Wiesbaden,Rechtsanwälte (m/w/d) mit Fachanwaltszulassung/-Lehrgang,Homeoffice,https://www.ckb-anwaelte.de/stellenangebote/,2026-04-19,2026-04-19,bernard@ckb-anwaelte.de
BERNARD KORN & PARTNER Rechtsanwälte und Fachanwälte in Wiesbaden,Rechtsanwaltsfachangestellte (m/w/d),Homeoffice,https://www.ckb-anwaelte.de/stellenangebote/,2026-04-19,2026-04-19,bernard@ckb-anwaelte.de
klein sarris saraf partnerschaft mbb,Initiativbewerbung Student / Rechtsreferendar (m/w/d),Wiesbaden,https://www.rechtsanwalt-notar-wiesbaden.de/karriere/,2026-04-19,2026-04-19,info@ranowi.de
Hartmann Dahlmanns Rechtsanwälte,Ausbildung zum Rechtsanwaltsfachangestellten (m/w/d),Wuppertal,http://www.hd-anwalt.de/jobs/ausbildung-zum-rechtsanwaltsfachangestellten-m-w-d,2026-04-19,kanzlei@hd-anwalt.de,kanzlei@hd-anwalt.de
Hartmann Dahlmanns Rechtsanwälte,Referendare (m/w/d) für alle Rechtsgebiete,Wuppertal,http://www.hd-anwalt.de/jobs/referendare-m-w-d-fur-alle-rechtsgebiete,2026-04-19,kanzlei@hd-anwalt.de,kanzlei@hd-anwalt.de
Hopfgarten Rechtsanwälte,Rechtsanwalt/Rechtsanwältin (m/w/d),Wuppertal,https://www.hopfgarten.de/karriere/,2026-04-19,2026-04-19,bewerbung@hopfgarten.de
Hopfgarten Rechtsanwälte,Rechtsanwalt/Rechtsanwältin (m/w/d),Düsseldorf,https://www.hopfgarten.de/karriere/,2026-04-19,2026-04-19,bewerbung@hopfgarten.de
Hopfgarten Rechtsanwälte,Referendar (m/w/d),Wuppertal,https://www.hopfgarten.de/karriere/,2026-04-19,bewerbung@hopfgarten.de,bewerbung@hopfgarten.de
Hopfgarten Rechtsanwälte,Referendar (m/w/d),Düsseldorf,https://www.hopfgarten.de/karriere/,2026-04-19,bewerbung@hopfgarten.de,bewerbung@hopfgarten.de
Hopfgarten Rechtsanwälte,Büromitarbeiter (m/w/d),Wuppertal,https://www.hopfgarten.de/karriere/,2026-04-19,2026-04-19,bewerbung@hopfgarten.de
Hopfgarten Rechtsanwälte,Büromitarbeiter (m/w/d),Düsseldorf,https://www.hopfgarten.de/karriere/,2026-04-19,2026-04-19,bewerbung@hopfgarten.de
Rechtsanwälte Steinbock & Partner | Würzburg,Wir suchen Verstärkung im Bereich Lohn- und Gehaltsbuchhaltung!,Bundesweit,https://www.steinbock-partner.de/stellenangebote/,2026-04-19,2026-04-19,info@steinbock-partner.de
"AIXLAW Rechtsanwälte Speicher,Betzer PartGmbB",Rechtsreferendar (m/w/d),Aachen,https://aixlaw.de/service/karriere/,2026-04-24,2026-04-24,karriere@aixlaw.de
"AIXLAW Rechtsanwälte Speicher,Betzer PartGmbB",Steuerfachangestellte (m/w/d),Aachen,https://aixlaw.de/service/karriere/,2026-04-24,2026-04-24,karriere@aixlaw.de
"AIXLAW Rechtsanwälte Speicher,Betzer PartGmbB",Wirtschaftsjurist (m/w/d),Aachen,https://aixlaw.de/service/karriere/,2026-04-24,2026-04-24,karriere@aixlaw.de
"Wunsch, Schönauer, Leinfelder, Bender, Dehne und Kollegen",Fachanwalt / Fachanwältin,Augsburg,https://www.wunschanwalt.de/karriere/,2026-04-24,2026-04-24,info@wunschanwalt.de
JuS Lawyers Schloms and partners,Rechtsanwaltsfachangestellte/n (m/w/d),Augsburg,https://www.jus-kanzlei.de/jus-karriere/,2026-04-24,2026-04-24,bewerbung@jus-kanzlei.de
Prof. Dr. Kanth - Rechtsanwaltskanzlei,Referendar,Augsburg,https://kanzleikanth.de/karriere/,2026-04-24,2026-04-24,info@kanzleikanth.de
Tegtmeier und Partner PartG • Rechtsanwälte und Notare,Verstärkung im Notariats-Team (w/m/d),Berlin,http://www.tegtmeier-berlin.de/karriere/,2026-04-24,2026-04-24,karriere@tegtmeier-berlin.de
Tegtmeier und Partner PartG • Rechtsanwälte und Notare,Referendare,Berlin,http://www.tegtmeier-berlin.de/karriere/,2026-04-24,2026-04-24,
Tegtmeier und Partner PartG • Rechtsanwälte und Notare,Auszubildende für den Beruf der Rechtsanwalts- und Notarfachangestellten,Berlin,http://www.tegtmeier-berlin.de/karriere/,2026-04-24,2026-04-24,
WMRC Rechtsanwälte,Bogenhanf,Wohnzimmer,https://de.wikipedia.org/wiki/Bogenhanf,2026-04-24,2026-04-24,
WMRC Rechtsanwälte,Bogenhanf,Schlafzimmer,https://de.wikipedia.org/wiki/Bogenhanf,2026-04-24,2026-04-24,
WMRC Rechtsanwälte,Monstera deliciosa,Wohnzimmer,https://de.wikipedia.org/wiki/Monstera_deliciosa,2026-04-24,2026-04-24,
WMRC Rechtsanwälte,Efeutute,Wohnzimmer,https://de.wikipedia.org/wiki/Efeutute,2026-04-24,2026-04-24,
WMRC Rechtsanwälte,Efeutute,Flur,https://de.wikipedia.org/wiki/Efeutute,2026-04-24,2026-04-24,
WMRC Rechtsanwälte,Efeutute,Bad,https://de.wikipedia.org/wiki/Efeutute,2026-04-24,2026-04-24,
JUSTUS Rechtsanwälte,Rechtsanwaltsfachangestellter (ReNo oder ReFa),Berlin,https://kanzleimitte.de/rechtsanwaltsfachangestellter-refareno-gesucht/,2026-04-24,2026-04-24,Steffan@kanzleimitte.de
JUSTUS Rechtsanwälte,Rechtsanwaltsfachangestellter (ReNo oder ReFa),Wittstock/Dosse,https://kanzleimitte.de/rechtsanwaltsfachangestellter-refareno-gesucht/,2026-04-24,2026-04-24,Steffan@kanzleimitte.de
JUSTUS Rechtsanwälte,Referendar:innen,Wittstock/Dosse,https://kanzleimitte.de/karriere/,2026-04-24,2026-04-24,Steffan@kanzleimitte.de
JUSTUS Rechtsanwälte,"Freelancer IT Projekte, Webdevelopment, Design, WordPress",Wittstock/Dosse,https://widerruf-kuendigung.de/it-student-gesucht/?fbclid=IwAR2j8F5O7RvoWqpfQuUpIbnn5qJpXFfexi64TVbuutJDM26nNj30rgqUOhY,2026-04-24,2026-04-24,Steffan@kanzleimitte.de
JUSTUS Rechtsanwälte,"Student:innen Jura , Rechtswissenschaft",Berlin,https://kanzleimitte.de/karriere/,2026-04-24,2026-04-24,Steffan@kanzleimitte.de
JUSTUS Rechtsanwälte,"Student:innen Jura , Rechtswissenschaft",Wittstock/Dosse,https://kanzleimitte.de/karriere/,2026-04-24,2026-04-24,Steffan@kanzleimitte.de
JUSTUS Rechtsanwälte,Auszubildende (m/w) ReNo oder FeFa,Wittstock/Dosse,https://kanzleimitte.de/karriere/auszubildende-mw-gesucht-renorefa/,2026-04-24,2026-04-24,Steffan@kanzleimitte.de
JUSTUS Rechtsanwälte,"Umschüler/in, Umschulung zur ReNo und Praktikanten/in",Berlin,https://kanzleimitte.de/umschulung-zur-rechtsanwaltsfachangestellten-oder-reno/,2026-04-24,2026-04-24,Steffan@kanzleimitte.de
JUSTUS Rechtsanwälte,"Umschüler/in, Umschulung zur ReNo und Praktikanten/in",Wittstock/Dosse,https://kanzleimitte.de/umschulung-zur-rechtsanwaltsfachangestellten-oder-reno/,2026-04-24,2026-04-24,Steffan@kanzleimitte.de
Rechtsanwälte Dr. Breuer,Referendar (m/w/d),Friedrichshain,https://xn--fachanwaltfrarbeitsrecht-5sc.net/karriere/,2026-04-24,2026-04-24,info@breuer-kanzlei.de
Rechtsanwälte Dr. Breuer,Referendar (m/w/d),Adlershof,https://xn--fachanwaltfrarbeitsrecht-5sc.net/karriere/,2026-04-24,2026-04-24,info@breuer-kanzlei.de
Rechtsanwälte Dr. Breuer,Referendar (m/w/d),Lichtenberg,https://xn--fachanwaltfrarbeitsrecht-5sc.net/karriere/,2026-04-24,2026-04-24,info@breuer-kanzlei.de
Rechtsanwälte Dr. Breuer,Referendar (m/w/d),Pankow,https://xn--fachanwaltfrarbeitsrecht-5sc.net/karriere/,2026-04-24,2026-04-24,info@breuer-kanzlei.de
Rechtsanwälte Dr. Breuer,Aushilfe Kanzleisekretariat (m/w/d/s),Friedrichshain,https://xn--fachanwaltfrarbeitsrecht-5sc.net/aushilfe-fuer-kanzleisekretariat-gesucht-m-w-d-s/,2026-04-24,2026-04-24,info@breuer-kanzlei.de
Rechtsanwälte Dr. Breuer,Aushilfe Kanzleisekretariat (m/w/d/s),Adlershof,https://xn--fachanwaltfrarbeitsrecht-5sc.net/aushilfe-fuer-kanzleisekretariat-gesucht-m-w-d-s/,2026-04-24,2026-04-24,info@breuer-kanzlei.de
Rechtsanwälte Dr. Breuer,Aushilfe Kanzleisekretariat (m/w/d/s),Lichtenberg,https://xn--fachanwaltfrarbeitsrecht-5sc.net/aushilfe-fuer-kanzleisekretariat-gesucht-m-w-d-s/,2026-04-24,2026-04-24,info@breuer-kanzlei.de
Rechtsanwälte Dr. Breuer,Aushilfe Kanzleisekretariat (m/w/d/s),Pankow,https://xn--fachanwaltfrarbeitsrecht-5sc.net/aushilfe-fuer-kanzleisekretariat-gesucht-m-w-d-s/,2026-04-24,2026-04-24,info@breuer-kanzlei.de
"Rechtsanwalt Marek Schauer Kanzlei für Strafrecht, Mietrecht, Sozialrecht und Ausbildungsrecht",Rechtsanwaltsfachangestellte (m/w/d),Berlin,https://ra-schauer.de/jobs/,2026-04-24,2026-04-24,
"Rechtsanwalt Marek Schauer Kanzlei für Strafrecht, Mietrecht, Sozialrecht und Ausbildungsrecht",Jurist (m/w/d),Berlin,https://ra-schauer.de/jobs/,2026-04-24,2026-04-24,
"Rechtsanwalt Marek Schauer Kanzlei für Strafrecht, Mietrecht, Sozialrecht und Ausbildungsrecht",Praktikant (m/w/d) Rechtswissenschaften,Berlin,https://ra-schauer.de/jobs/,2026-04-24,2026-04-24,
"– Teilzeit,Berlin,https://www.olbricht-rechtsanwaelte.de/anzeigen/steuerberater-m-w-d-teilzeit,2026-04-24,",,,,,,
"– Teilzeit,Berlin,https://www.olbricht-rechtsanwaelte.de/anzeigen/buchhalter-m-w-d-teilzeit,2026-04-24,",,,,,,
Advofleet Rechtsanwaltsgesellschaft mbH,Anwaltliche Mitarbeit,Bundesweit,https://www.advofleet.de/anwaltliche-mitarbeit,2026-04-24,2026-04-24,
Advofleet Rechtsanwaltsgesellschaft mbH,Anwaltliche Mitarbeit,Digital,https://www.advofleet.de/anwaltliche-mitarbeit,2026-04-24,2026-04-24,
Advofleet Rechtsanwaltsgesellschaft mbH,Juristische Mitarbeiter,Digital,https://www.advofleet.de/studium-referendariat,2026-04-24,2026-04-24,
Advofleet Rechtsanwaltsgesellschaft mbH,Auszubildende,Digital,https://www.advofleet.de/studium-referendariat,2026-04-24,2026-04-24,
RECHTSANWÄLTE Dr.Breuer Fachanwälte für Arbeitsrecht,Rechtsanwaltsfachangestellte (m/w/d),Berlin,https://xn--fachanwaltfrarbeitsrecht-5sc.net/eine-n-rechtsanwaltsfachangestellte-n-m-w-d-in-teil-oder-vollzeit-gesucht/,2026-04-24,2026-04-24,
Piper & Partner - Rechtsanwälte für Ausländerrecht,Rechtsanwältinnen und Rechtsanwälte,Steglitz,https://12anwalt.de/ueber-uns/karriere/,2026-04-24,2026-04-24,info@12anwalt.de
Piper & Partner - Rechtsanwälte für Ausländerrecht,Rechtsanwältinnen und Rechtsanwälte,Prenzlauer Berg,https://12anwalt.de/ueber-uns/karriere/,2026-04-24,2026-04-24,info@12anwalt.de
Piper & Partner - Rechtsanwälte für Ausländerrecht,Rechtsanwältinnen und Rechtsanwälte,Marzahn,https://12anwalt.de/ueber-uns/karriere/,2026-04-24,2026-04-24,info@12anwalt.de
Kanzlei Wittenburg,Referendar*In,Berlin,https://ra-bertwittenburg.de/karriere/,2026-04-24,2026-04-24,kanzlei@ra-bertwittenburg.de
Kanzlei Wittenburg,Praktikant*In,Berlin,https://ra-bertwittenburg.de/karriere/,2026-04-24,2026-04-24,kanzlei@ra-bertwittenburg.de
Dein-Ruf | Kanzlei für Reputationsrecht - Rechtsanwalt Imanuel Schulz,Rechtsanwaltsfachangestellte (m/w),Berlin,https://www.dein-ruf.de/jobs/rechtsanwaltsfachangestellte/,2026-04-24,2026-04-24,reputation@dein-ruf.de
KAYP Rechtsanwaltsgesellschaft mbH,Praktikant / Praktikantin,Berlin,mailto:info@kayp.de,2026-04-24,2026-04-24,info@kayp.de
KAYP Rechtsanwaltsgesellschaft mbH,Dolmetscher als Kooperationspartner,Berlin,mailto:info@kayp.de,2026-04-24,2026-04-24,info@kayp.de
KAYP Rechtsanwaltsgesellschaft mbH,Sachverständiger als Kooperationspartner,Berlin,mailto:info@kayp.de,2026-04-24,2026-04-24,info@kayp.de
"Anwaltskanzlei Heckmann, Kanzlei für Privatinsolvenz und Schuldnerberatung Charlottenburg","Jobs für Studierende (m/w/d) z.B. aus dem Bereich Jura oder Informatik oder einem kaufmännischen Bereich, flexible Arbeitszeiten ab 5h pro Woche, gute Vergütung",Berlin-Charlottenburg,https://www.heckmann.net/stellenangebote/,2026-04-24,2026-04-24,RA@Heckmann.net
Bümlein Rechtsanwaltskanzlei,Rechtsanwalt Ausländer- und Aufenthaltsrecht,Berlin,https://buemlein.com/karriere/,2026-04-24,2026-04-24,Rainbuemlein@buema.net
Bümlein Rechtsanwaltskanzlei,Rechtsanwalt Familienrecht,Berlin,https://buemlein.com/karriere/,2026-04-24,2026-04-24,Rainbuemlein@buema.net
BMDD Buder & Mühlbauer Rechtsanwälte,Rechtsanwaltsfachangestellte(n),Dresden,https://bmdd.de/kontakt-und-anfahrt/,2026-04-24,personal@bmdd.de,
BMDD Buder & Mühlbauer Rechtsanwälte,Rechtsanwaltsfachangestellte(n),Berlin,https://bmdd.de/kontakt-und-anfahrt/,2026-04-24,personal@bmdd.de,
BMDD Buder & Mühlbauer Rechtsanwälte,Rechtsanwaltsfachangestellte(n),Leipzig,https://bmdd.de/kontakt-und-anfahrt/,2026-04-24,personal@bmdd.de,
BMDD Buder & Mühlbauer Rechtsanwälte,Rechtsanwalt/Rechtsanwältin,Dresden,https://bmdd.de/kontakt-und-anfahrt/,2026-04-24,personal@bmdd.de,
BMDD Buder & Mühlbauer Rechtsanwälte,Rechtsanwalt/Rechtsanwältin,Berlin,https://bmdd.de/kontakt-und-anfahrt/,2026-04-24,personal@bmdd.de,
BMDD Buder & Mühlbauer Rechtsanwälte,Rechtsanwalt/Rechtsanwältin,Leipzig,https://bmdd.de/kontakt-und-anfahrt/,2026-04-24,personal@bmdd.de,
"BUSE HERZ GRUNST Rechtsanwälte Berlin II | Medienrecht, Strafrecht, Urheberrecht",Bürofachkraft (m/w/d) in Voll- oder Teilzeit,Berlin,https://www.kanzlei.law/unser-team/karriere/,2026-04-24,david.herz@kanzlei.law,
"BUSE HERZ GRUNST Rechtsanwälte Berlin II | Medienrecht, Strafrecht, Urheberrecht",Studentischer Mitarbeiter/ Werkstudent (m/w/d) für das Sekretariat,Berlin,https://www.kanzlei.law/unser-team/karriere/,2026-04-24,david.herz@kanzlei.law,
Gädicke u. Schulz Rechtsanwälte,Referendar,Berlin,http://www.gaedicke-schulz.de/referendariat.html,2026-04-24,kanzlei@gaedicke-schulz.de,
Daryai Kuo & Partner Rechtsanwälte und Notar,student. Mitarbeiter*in in Rechtsanwaltskanzlei,Berlin,https://www.dk-ra.de/karriere/student-mitarbeiter-in/,2026-04-24,,
Rotwang Law (Rechtsanwälte),Rechtsanwält*in (m/w/d),Zentrale/Unbekannt,https://rotwang-law.de/karriere/,2026-04-24,kontakt@rotwang-law.de,
Rotwang Law (Rechtsanwälte),Rechtsanwaltsfachangestellte (m/w/d),Zentrale/Unbekannt,https://rotwang-law.de/karriere/,2026-04-24,kontakt@rotwang-law.de,
Rotwang Law (Rechtsanwälte),Marketing-Manager:in (m/w/d),Zentrale/Unbekannt,https://rotwang-law.de/karriere/,2026-04-24,kontakt@rotwang-law.de,
Rotwang Law (Rechtsanwälte),Marketing-Werkstudent:in (m/w/d),Zentrale/Unbekannt,https://rotwang-law.de/karriere/,2026-04-24,kontakt@rotwang-law.de,
Dr. Thomas Schulte Rechtsanwalt,Jurist:in (Projektbasis),Remote,https://www.dr-schulte.de/jurist-gesucht/,2026-04-24,dr.schulte@dr-schulte.de,
Uschkureit Rechtsanwälte,Praktikum (Initiativbewerbung),Zentrale/Unbekannt,https://uschkureit-ra.de/karriere/,2026-04-24,,
Uschkureit Rechtsanwälte,Wissenschaftliche/r Mitarbeiter/in (Initiativbewerbung),Zentrale/Unbekannt,https://uschkureit-ra.de/karriere/,2026-04-24,,
Uschkureit Rechtsanwälte,Referendariat / Anwaltsstation (Initiativbewerbung),Zentrale/Unbekannt,https://uschkureit-ra.de/karriere/,2026-04-24,,
Uschkureit Rechtsanwälte,Rechtsanwaltsfachangestellte/r (Initiativbewerbung),Zentrale/Unbekannt,https://uschkureit-ra.de/karriere/,2026-04-24,,
"Gregor Samimi, Fachanwalt für Verkehrsrecht, Strafrecht & Versicherungsrecht","Rechtsreferendariat Ausbildung, Referendariat und Berufseinstieg",Berlin,https://www.ra-samimi.de/jobs-und-karriere/,2026-04-24,kanzlei@ra-samimi.de,
Gudrun Ball Rechtsanwältin,Praktikum (Rechtswissenschaften),Berlin,https://www.rechtsanwaeltinball.de/karriere,2026-04-24,ball@kanzlei-ball.de,
Dr. Schulze Steuerberater und Rechtsanwalt,Steuerfachangestellte Magdeburg,Magdeburg,https://drschulze-recht.de/stellenangebot-steuerfachangestellte-magdeburg/,2026-04-24,info@drschulze-recht.de,
RECHTSANWÄLTE - Dr.Breuer -Fachanwälte für Arbeitsrecht,Referendar/in,Friedrichshain,https://xn--fachanwaltfrarbeitsrecht-5sc.net/karriere/,2026-04-24,info@breuer-kanzlei.de,
RECHTSANWÄLTE - Dr.Breuer -Fachanwälte für Arbeitsrecht,Referendar/in,Adlershof,https://xn--fachanwaltfrarbeitsrecht-5sc.net/karriere/,2026-04-24,info@breuer-kanzlei.de,
RECHTSANWÄLTE - Dr.Breuer -Fachanwälte für Arbeitsrecht,Referendar/in,Lichtenberg,https://xn--fachanwaltfrarbeitsrecht-5sc.net/karriere/,2026-04-24,info@breuer-kanzlei.de,
RECHTSANWÄLTE - Dr.Breuer -Fachanwälte für Arbeitsrecht,Referendar/in,Pankow,https://xn--fachanwaltfrarbeitsrecht-5sc.net/karriere/,2026-04-24,info@breuer-kanzlei.de,
RECHTSANWÄLTE - Dr.Breuer -Fachanwälte für Arbeitsrecht,Rechtsanwaltsfachangestellte/r (m/w/d) in Teil- oder Vollzeit,Friedrichshain,https://xn--fachanwaltfrarbeitsrecht-5sc.net/eine-n-rechtsanwaltsfachangestellte-n-m-w-d-in-teil-oder-vollzeit-gesucht/,2026-04-24,,
RECHTSANWÄLTE - Dr.Breuer -Fachanwälte für Arbeitsrecht,Rechtsanwaltsfachangestellte/r (m/w/d) in Teil- oder Vollzeit,Adlershof,https://xn--fachanwaltfrarbeitsrecht-5sc.net/eine-n-rechtsanwaltsfachangestellte-n-m-w-d-in-teil-oder-vollzeit-gesucht/,2026-04-24,,
RECHTSANWÄLTE - Dr.Breuer -Fachanwälte für Arbeitsrecht,Rechtsanwaltsfachangestellte/r (m/w/d) in Teil- oder Vollzeit,Lichtenberg,https://xn--fachanwaltfrarbeitsrecht-5sc.net/eine-n-rechtsanwaltsfachangestellte-n-m-w-d-in-teil-oder-vollzeit-gesucht/,2026-04-24,,
RECHTSANWÄLTE - Dr.Breuer -Fachanwälte für Arbeitsrecht,Rechtsanwaltsfachangestellte/r (m/w/d) in Teil- oder Vollzeit,Pankow,https://xn--fachanwaltfrarbeitsrecht-5sc.net/eine-n-rechtsanwaltsfachangestellte-n-m-w-d-in-teil-oder-vollzeit-gesucht/,2026-04-24,,
"r Kanzleisekretariat (m/w/d),Friedrichshain,https://xn--fachanwaltfrarbeitsrecht-5sc.net/aushilfe-fuer-kanzleisekretariat-gesucht-m-w-d-s/,2026-04-24,",,,,,,
"r Kanzleisekretariat (m/w/d),Adlershof,https://xn--fachanwaltfrarbeitsrecht-5sc.net/aushilfe-fuer-kanzleisekretariat-gesucht-m-w-d-s/,2026-04-24,",,,,,,
"r Kanzleisekretariat (m/w/d),Lichtenberg,https://xn--fachanwaltfrarbeitsrecht-5sc.net/aushilfe-fuer-kanzleisekretariat-gesucht-m-w-d-s/,2026-04-24,",,,,,,
"r Kanzleisekretariat (m/w/d),Pankow,https://xn--fachanwaltfrarbeitsrecht-5sc.net/aushilfe-fuer-kanzleisekretariat-gesucht-m-w-d-s/,2026-04-24,",,,,,,
"Anwaltskanzlei Heckmann, Kanzlei für Privatinsolvenz und Schuldnerberatung Treptow-Köpenik",Jobs für Studierende (m/w/d),Berlin,https://www.heckmann.net/stellenangebote/,2026-04-24,RA@Heckmann.net,
Doerte Oswald,Rechtsanwaltsfachangestellte (Ausbildung/Umschulung),Berlin-Friedrichshagen,https://oswaldrecht.de/karriere,2026-04-24,,
Steuerberater & Rechtsanwälte Dr. Albrecht & Plogmaker,Ausbildungsplatz zum/zur Steuerfachangestellten,Berlin,https://www.albrecht-plogmaker.de/unsere-kanzlei/#karriere,2026-04-24,kontakt@albrecht-plogmaker.de,
Steuerberater & Rechtsanwälte Dr. Albrecht & Plogmaker,Ausbildungsplatz zum/zur Bürokaufmann/-frau,Berlin,https://www.albrecht-plogmaker.de/unsere-kanzlei/#karriere,2026-04-24,kontakt@albrecht-plogmaker.de,
Anwaltskanzlei Kleine & Kollegen,Referendar,Berlin,https://rakleine.de/jobs-karriere/,2026-04-24,berlin@rakleine.de,
LAWYERS Dr . Breuer - LaborLawyer,Referendar (m/w/d),Friedrichshain,https://xn--fachanwaltfrarbeitsrecht-5sc.net/karriere/,2026-04-24,info@breuer-kanzlei.de,
LAWYERS Dr . Breuer - LaborLawyer,Referendar (m/w/d),Adlershof,https://xn--fachanwaltfrarbeitsrecht-5sc.net/karriere/,2026-04-24,info@breuer-kanzlei.de,
LAWYERS Dr . Breuer - LaborLawyer,Referendar (m/w/d),Lichtenberg,https://xn--fachanwaltfrarbeitsrecht-5sc.net/karriere/,2026-04-24,info@breuer-kanzlei.de,
LAWYERS Dr . Breuer - LaborLawyer,Referendar (m/w/d),Pankow,https://xn--fachanwaltfrarbeitsrecht-5sc.net/karriere/,2026-04-24,info@breuer-kanzlei.de,
LAWYERS Dr . Breuer - LaborLawyer,Aushilfe Kanzleisekretariat (m/w/d/s),Friedrichshain,https://xn--fachanwaltfrarbeitsrecht-5sc.net/aushilfe-fuer-kanzleisekretariat-gesucht-m-w-d-s/,2026-04-24,info@breuer-kanzlei.de,
LAWYERS Dr . Breuer - LaborLawyer,Aushilfe Kanzleisekretariat (m/w/d/s),Adlershof,https://xn--fachanwaltfrarbeitsrecht-5sc.net/aushilfe-fuer-kanzleisekretariat-gesucht-m-w-d-s/,2026-04-24,info@breuer-kanzlei.de,
LAWYERS Dr . Breuer - LaborLawyer,Aushilfe Kanzleisekretariat (m/w/d/s),Lichtenberg,https://xn--fachanwaltfrarbeitsrecht-5sc.net/aushilfe-fuer-kanzleisekretariat-gesucht-m-w-d-s/,2026-04-24,info@breuer-kanzlei.de,
LAWYERS Dr . Breuer - LaborLawyer,Aushilfe Kanzleisekretariat (m/w/d/s),Pankow,https://xn--fachanwaltfrarbeitsrecht-5sc.net/aushilfe-fuer-kanzleisekretariat-gesucht-m-w-d-s/,2026-04-24,info@breuer-kanzlei.de,
Schmidt & Partner GmbH Steuerberatungsgesellschaft,Mitarbeiter (m/w/d) in der Steuerberatung,Berlin,https://www.etl.de/stellenangebote,2026-04-24,sp-berlin@etl.de,
aust and partner - tax consultant and lawyer,Mitarbeiter (m/w/d),Berlin-Reinickendorf,https://stb-aust.de/mitarbeiter/,2026-04-24,empfang@stb-aust.de,
"Franziska Tesoro, horak Rechtsanwälte Berlin",Patentingeneure,Berlin,http://it-rechthannover.de/Stellenangebote/Patentingenieure/patentingenieure.html,2026-04-24,info@it-rechthannover.de,
"Franziska Tesoro, horak Rechtsanwälte Berlin",Patentingeneure,Bielefeld,http://it-rechthannover.de/Stellenangebote/Patentingenieure/patentingenieure.html,2026-04-24,info@it-rechthannover.de,
"Franziska Tesoro, horak Rechtsanwälte Berlin",Patentingeneure,Bremen,http://it-rechthannover.de/Stellenangebote/Patentingenieure/patentingenieure.html,2026-04-24,info@it-rechthannover.de,
"Franziska Tesoro, horak Rechtsanwälte Berlin",Patentingeneure,Düsseldorf,http://it-rechthannover.de/Stellenangebote/Patentingenieure/patentingenieure.html,2026-04-24,info@it-rechthannover.de,
"Franziska Tesoro, horak Rechtsanwälte Berlin",Patentingeneure,Frankfurt,http://it-rechthannover.de/Stellenangebote/Patentingenieure/patentingenieure.html,2026-04-24,info@it-rechthannover.de,
"Franziska Tesoro, horak Rechtsanwälte Berlin",Patentingeneure,Hamburg,http://it-rechthannover.de/Stellenangebote/Patentingenieure/patentingenieure.html,2026-04-24,info@it-rechthannover.de,
"Franziska Tesoro, horak Rechtsanwälte Berlin",Patentingeneure,Hannover,http://it-rechthannover.de/Stellenangebote/Patentingenieure/patentingenieure.html,2026-04-24,info@it-rechthannover.de,
"Franziska Tesoro, horak Rechtsanwälte Berlin",Patentingeneure,Leipzig,http://it-rechthannover.de/Stellenangebote/Patentingenieure/patentingenieure.html,2026-04-24,info@it-rechthannover.de,
"Franziska Tesoro, horak Rechtsanwälte Berlin",Patentingeneure,München,http://it-rechthannover.de/Stellenangebote/Patentingenieure/patentingenieure.html,2026-04-24,info@it-rechthannover.de,
"Franziska Tesoro, horak Rechtsanwälte Berlin",Patentingeneure,Stuttgart,http://it-rechthannover.de/Stellenangebote/Patentingenieure/patentingenieure.html,2026-04-24,info@it-rechthannover.de,
Rechtsanwalt Gereon Sandhage,Pterodactyl,Zentrale/Unbekannt,,2026-04-24,,
Simoncic Rechtsanwälte und Fachanwalt,Praktikumsplätze,Berlin,http://www.anwalt-simoncic.de/karriere,2026-04-24,info@anwalt-simoncic.de,
Hildebrandt - Mäder - Mette,Notarfachangestellte,Berlin-Dahlem,http://www.hildebrandt-maeder.de/sites/Karriere.html,2026-04-24,,
PÖTTER - Rechtsanwälte Notar,Notarfachangestellte/r gesucht,Berlin,https://www.kanzlei-poetter.de/karriere/,2026-04-24,Berlin@Kanzlei-POETTER.de,
DR. AHLBORN ARBEITSRECHT - Rechtsanwalt und Fachanwalt für Arbeitsrecht & Notar,Initiativbewerbung Rechtsanwalt für Arbeitsrecht (m/w/d),Bielefeld,https://www.kanzlei-ahlborn.de/kanzleiteam/#Stellenanzeige,2026-04-24,dr.ahlborn@kanzlei-ahlborn.de,
DR. AHLBORN ARBEITSRECHT - Rechtsanwalt und Fachanwalt für Arbeitsrecht & Notar,Initiativbewerbung Rechtsanwalt für Arbeitsrecht (m/w/d),OWL,https://www.kanzlei-ahlborn.de/kanzleiteam/#Stellenanzeige,2026-04-24,dr.ahlborn@kanzlei-ahlborn.de,
"Kanzlei Becker Baurecht - Fachanwalt für Bau- und Architektenrecht, Bielefeld",Rechtsanwaltsfachangestellte/n oder Rechtsanwalts- und Notarfachangestellte/n (m/w/d) in unbefristeter Voll- oder Teilzeitstellung,Hannover,https://www.becker-baurecht.nrw/includes/karriere.php,2026-04-24,a.kasper@becker-baurecht.de,
"Kanzlei Becker Baurecht - Fachanwalt für Bau- und Architektenrecht, Bielefeld",Rechtsanwältin bzw. Rechtsanwalt (m/w/d) in unbefristeter Voll- oder Teilzeitstellung,Hannover,https://www.becker-baurecht.nrw/includes/karriere.php,2026-04-24,a.kasper@becker-baurecht.de,
Rechtsanwälte von Hollen & Buschmann,Rechtsreferendar,Bielefeld,https://anwalt-hkb.de/karriere/,2026-04-24,post@anwalt-hkb.de,
"Rechtsanwalt Behrens Lars H., Fachanwalt für Arbeitsrecht, weitere Tätigkeitsschwerpunkte Strafrecht und Verkehrsrecht",Rechtsanwaltsfachangestellte/n ( m/w/d ),Bochum,https://theo-schmidt.de/rechtsanwaltsfachangestellte-n-m-w-d-vollzeit/,2026-04-24,kanzlei@theo-schmidt.de,
"Fachanwälte Erbrecht & Steuerrecht Bochum | Scheidt, Kalthoff & Partner",Rechtsanwalt / Rechtsanwältin für Zivilrecht (m/w/d),Duisburg,https://rechtsanwaelte-gsp.de/karriere/rechtsanwalt-zivilrecht-stellenanzeige/,2026-04-24,,
"Fachanwälte Erbrecht & Steuerrecht Bochum | Scheidt, Kalthoff & Partner",Rechtsanwalt / Rechtsanwältin für Zivilrecht (m/w/d),Essen,https://rechtsanwaelte-gsp.de/karriere/rechtsanwalt-zivilrecht-stellenanzeige/,2026-04-24,,
"Fachanwälte Erbrecht & Steuerrecht Bochum | Scheidt, Kalthoff & Partner",Rechtsanwalt / Rechtsanwältin für Zivilrecht (m/w/d),Bochum,https://rechtsanwaelte-gsp.de/karriere/rechtsanwalt-zivilrecht-stellenanzeige/,2026-04-24,,
"Fachanwälte Erbrecht & Steuerrecht Bochum | Scheidt, Kalthoff & Partner",Rechtsanwalt / Rechtsanwältin für Zivilrecht (m/w/d),Dortmund,https://rechtsanwaelte-gsp.de/karriere/rechtsanwalt-zivilrecht-stellenanzeige/,2026-04-24,,
"Fachanwälte Erbrecht & Steuerrecht Bochum | Scheidt, Kalthoff & Partner",Rechtsanwalt / Rechtsanwältin für Zivilrecht (m/w/d),Düsseldorf,https://rechtsanwaelte-gsp.de/karriere/rechtsanwalt-zivilrecht-stellenanzeige/,2026-04-24,,
"Fachanwälte Erbrecht & Steuerrecht Bochum | Scheidt, Kalthoff & Partner",Rechtsanwalt / Rechtsanwältin für Zivilrecht (m/w/d),Berlin,https://rechtsanwaelte-gsp.de/karriere/rechtsanwalt-zivilrecht-stellenanzeige/,2026-04-24,,
"ddkb Rechtsanwälte - Rechtsanwalt Mietrecht, Arbeitsrecht, Familienrecht, Scheidung Bonn",Rechtsanwaltsfachangestellte/innen (m/w/d) oder Rechtsfachwirte/innen (m/d/w),Bonn,https://www.ddkb-rechtsanwaelte.de/karriere/,2026-04-24,bewerbung@ddkb.de,
Rechtsanwältin Franziska Hasselbach - Fachanwältin für Familienrecht,Werkstudent Online-Marketing (m/w/d),Home-Office,https://www.kanzlei-hasselbach.de/stellenangebote/werkstudent-online-marketing/,2026-04-24,karriere@kanzlei-hasselbach.de,
Rechtsanwältin Franziska Hasselbach - Fachanwältin für Familienrecht,Online Redakteur (m/w/d) Recht/Jura,Home-Office,https://www.kanzlei-hasselbach.de/stellenangebote/online-redakteur/,2026-04-24,karriere@kanzlei-hasselbach.de,
Rechtsanwälte Scholl & Jülich,Rechtsanwaltsfachangestellte (w/m/d),Bonn,http://rae-scholl-juelich.de/stellenangebote.html,2026-04-24,kanzlei@rae-scholl-juelich.de,
Rechtsanwälte Scholl & Jülich,Schreibkraft/Bürohilfe (w/m/d),Bonn,http://rae-scholl-juelich.de/stellenangebote.html,2026-04-24,kanzlei@rae-scholl-juelich.de,
Wenning Rechtsanwälte,Rechtsanwaltsfachangestellte/r (m/w/d),Region Köln/Bonn/Rhein-Sieg,https://www.wenning-rechtsanwaelte.de/kanzlei-2/,2026-04-24,ra@wenning-rechtsanwaelte.de,
Wenning Rechtsanwälte,Rechtsfachwirt/in (m/w/d),Region Köln/Bonn/Rhein-Sieg,https://www.wenning-rechtsanwaelte.de/kanzlei-2/,2026-04-24,ra@wenning-rechtsanwaelte.de,
Kazemi & Partner Rechtsanwälte Partnerschaftsgesellschaft,"Rechtsanwalt (m/w) Datenschutz-, IP- und IT-Recht",Zentrale/Unbekannt,http://www.medi-ip.de/de/de/rechtsanwalt-datenschutz-ip-it-recht,2026-04-24,,
GTK Rechtsanwälte Klein Figatowski Todtenhöfer,Praktikant (w/m/d) für Studierende der Rechts- und Wirtschaftswissenschaften,Bonn,https://www.gtkr.de/karriere/,2026-04-24,m.figatowski@gtkr.de,
Solmecke Rechtsanwälte PartGmbB,Rechtsanwalt (m/w/d),Siegburg,https://www.solmecke.eu/rechtsanwalt/,2026-04-24,,
Solmecke Rechtsanwälte PartGmbB,Rechtsanwalt (m/w/d),Essen,https://www.solmecke.eu/rechtsanwalt/,2026-04-24,,
Solmecke Rechtsanwälte PartGmbB,Rechtsanwaltsfachangestellte in Vollzeit (w/m/d),Siegburg,https://www.solmecke.eu/rechtsanwaltsfachangestellte/,2026-04-24,,
Solmecke Rechtsanwälte PartGmbB,Rechtsanwaltsfachangestellte in Vollzeit (w/m/d),Essen,https://www.solmecke.eu/rechtsanwaltsfachangestellte/,2026-04-24,,
Solmecke Rechtsanwälte PartGmbB,Paralegal (m/w/d),Siegburg,https://www.solmecke.eu/paralegal/,2026-04-24,,
Solmecke Rechtsanwälte PartGmbB,Paralegal (m/w/d),Essen,https://www.solmecke.eu/paralegal/,2026-04-24,,
Solmecke Rechtsanwälte PartGmbB,Kauffrau/-mann für Büromanagement (w/m/d),Siegburg,https://www.solmecke.eu/kaufrau-mann/,2026-04-24,,
Solmecke Rechtsanwälte PartGmbB,Kauffrau/-mann für Büromanagement (w/m/d),Essen,https://www.solmecke.eu/kaufrau-mann/,2026-04-24,,
Solmecke Rechtsanwälte PartGmbB,Wissenschaftliche Mitarbeiter (w/m/d),Siegburg,https://www.solmecke.eu/wissenschaftliche-mitarbeiter/,2026-04-24,,
Solmecke Rechtsanwälte PartGmbB,Wissenschaftliche Mitarbeiter (w/m/d),Essen,https://www.solmecke.eu/wissenschaftliche-mitarbeiter/,2026-04-24,,
Solmecke Rechtsanwälte PartGmbB,Referendare (w/m/d),Siegburg,https://www.solmecke.eu/rechtsreferendare/,2026-04-24,,
Solmecke Rechtsanwälte PartGmbB,Referendare (w/m/d),Essen,https://www.solmecke.eu/rechtsreferendare/,2026-04-24,,
Solmecke Rechtsanwälte PartGmbB,Auszubildende zur Rechtsanwaltsfachangestellten (w/m/d),Siegburg,https://www.solmecke.eu/auszubildende-zur-rechtsanwaltsfachangestellten-w-m-d/,2026-04-24,,
Solmecke Rechtsanwälte PartGmbB,Auszubildende zur Rechtsanwaltsfachangestellten (w/m/d),Essen,https://www.solmecke.eu/auszubildende-zur-rechtsanwaltsfachangestellten-w-m-d/,2026-04-24,,
GÖHMANN Rechtsanwälte · Notare,Teamassistenz für den Bereich Testamentsvollstreckung,Frankfurt am Main,https://www.goehmann.de/karriere/6192/,2026-04-24,frankfurt@goehmann.de,
Schröder Kühne & Partner,Ausbildung zum/zur Rechtsanwalts- und Notariatsfachangestellten (ReNo),Bremen,https://kanzlei-hb.de/karriere,2026-04-24,rechtsanwalt@kanzlei-hb.de,
STEINWACHS Rechtsanwaltskanzlei Bremen Schwachhausen,Rechtsanwältin / Rechtsanwalt als freie(r) Mitarbeiter/in,Hamburg,https://www.kanzlei-steinwachs.de/karriere/,2026-04-24,,
STEINWACHS Rechtsanwaltskanzlei Bremen Schwachhausen,Rechtsanwältin / Rechtsanwalt als freie(r) Mitarbeiter/in,Berlin,https://www.kanzlei-steinwachs.de/karriere/,2026-04-24,,
STEINWACHS Rechtsanwaltskanzlei Bremen Schwachhausen,Rechtsanwältin / Rechtsanwalt als freie(r) Mitarbeiter/in,Bremen,https://www.kanzlei-steinwachs.de/karriere/,2026-04-24,,
STEINWACHS Rechtsanwaltskanzlei Bremen Schwachhausen,Rechtsanwältin / Rechtsanwalt als freie(r) Mitarbeiter/in,Lübeck,https://www.kanzlei-steinwachs.de/karriere/,2026-04-24,,
STEINWACHS Rechtsanwaltskanzlei Bremen Schwachhausen,Rechtsanwältin / Rechtsanwalt als freie(r) Mitarbeiter/in,Hannover,https://www.kanzlei-steinwachs.de/karriere/,2026-04-24,,
Lawyer specializing in family law Torsten Bruns,Notarfachangestellte – ReNo | Notarfachwirte (m|w|d) – Teil- oder Vollzeit,"Parkallee 5, 28209 Bremen",https://bruns-redmann.de/jobs/#notarfachangestellte-reno-notarfachwirte-mwd-teil-oder-vollzeit,2026-04-24,kontakt@bruns-redmann.de,
Lawyer specializing in family law Torsten Bruns,Notarfachangestellte – ReNo | Notarfachwirte (m|w|d) – Teil- oder Vollzeit,"Kirchhuchtinger Landstraße 61, 28259 Bremen-Huchting",https://bruns-redmann.de/jobs/#notarfachangestellte-reno-notarfachwirte-mwd-teil-oder-vollzeit,2026-04-24,kontakt@bruns-redmann.de,
Lawyer specializing in family law Torsten Bruns,Rechtsanwaltsfachangestellte – ReFa | Steuerfachangestellte (m|w|d) – Teil- oder Vollzeit,"Parkallee 5, 28209 Bremen",https://bruns-redmann.de/jobs/#rechtsanwaltsfachangestellte-refa-steuerfachangestellte-mwd-teil-oder-vollzeit,2026-04-24,kontakt@bruns-redmann.de,
Lawyer specializing in family law Torsten Bruns,Rechtsanwaltsfachangestellte – ReFa | Steuerfachangestellte (m|w|d) – Teil- oder Vollzeit,"Kirchhuchtinger Landstraße 61, 28259 Bremen-Huchting",https://bruns-redmann.de/jobs/#rechtsanwaltsfachangestellte-refa-steuerfachangestellte-mwd-teil-oder-vollzeit,2026-04-24,kontakt@bruns-redmann.de,
Lawyer specializing in family law Torsten Bruns,Bürofachkraft | Backoffice (m/w/d) – Teil- oder Vollzeit,"Parkallee 5, 28209 Bremen",https://bruns-redmann.de/jobs/#buerofachkraft-backoffice-m-w-d-teil-oder-vollzeit,2026-04-24,kontakt@bruns-redmann.de,
Lawyer specializing in family law Torsten Bruns,Bürofachkraft | Backoffice (m/w/d) – Teil- oder Vollzeit,"Kirchhuchtinger Landstraße 61, 28259 Bremen-Huchting",https://bruns-redmann.de/jobs/#buerofachkraft-backoffice-m-w-d-teil-oder-vollzeit,2026-04-24,kontakt@bruns-redmann.de,
Lawyer specializing in family law Torsten Bruns,Rechtsanwälte (m/w/d) mit praktischer Erfahrung im Erbrecht und im Familienrecht,"Parkallee 5, 28209 Bremen",https://bruns-redmann.de/jobs/,2026-04-24,kontakt@bruns-redmann.de,
Lawyer specializing in family law Torsten Bruns,Rechtsanwälte (m/w/d) mit praktischer Erfahrung im Erbrecht und im Familienrecht,"Kirchhuchtinger Landstraße 61, 28259 Bremen-Huchting",https://bruns-redmann.de/jobs/,2026-04-24,kontakt@bruns-redmann.de,
Lawyer specializing in family law Torsten Bruns,Referendare (m/w/d),"Parkallee 5, 28209 Bremen",https://bruns-redmann.de/jobs/,2026-04-24,kontakt@bruns-redmann.de,
Lawyer specializing in family law Torsten Bruns,Referendare (m/w/d),"Kirchhuchtinger Landstraße 61, 28259 Bremen-Huchting",https://bruns-redmann.de/jobs/,2026-04-24,kontakt@bruns-redmann.de,
Zander Rechtsanwälte Darmstadt - Fachanwalt Arbeitsrecht und Familienrecht,Rechtsanwaltsfachangestellte/r (ReFa) (m/w/d),Mannheim,https://www.zander-rechtsanwaelte.de/karriere,2026-04-24,fz@zander-recht.de,
Zander Rechtsanwälte Darmstadt - Fachanwalt Arbeitsrecht und Familienrecht,Studentische Hilfskraft (m/w/d),Mannheim,https://www.zander-rechtsanwaelte.de/karriere,2026-04-24,fz@zander-recht.de,
Zander Rechtsanwälte Darmstadt - Fachanwalt Arbeitsrecht und Familienrecht,Referendar/in (m/w/d),Mannheim,https://www.zander-rechtsanwaelte.de/karriere,2026-04-24,fz@zander-recht.de,
"r die gr	e Branche Deutschlands (w/m/d),Darmstadt,https://www.iw-recht.de/stellenangebote/stellenangebot-rechtsanwalt-darmstadt-w-m-d/,2026-04-24,",,,,,,
"r Mietrecht (w/m/d),Darmstadt,https://www.iw-recht.de/stellenangebote/stellenangebot-rechtsanwalt-mietrecht-darmstadt-w-m-d/,2026-04-24,",,,,,,
Sven Reissenberger lawyer,Ausbildung zur / zum Rechtsanwaltsfachangestellten,Dortmund,https://www.reissenberger.com/kanzlei/jobs/,2026-04-24,,
Kanzlei Merten Rechtsanwälte,Referendar (m/w/d),Dortmund,http://www.kanzlei-merten.de/,2026-04-24,info@kanzlei-merten.de,
Kanzlei Merten Rechtsanwälte,Praktikum (m/w/d),Dortmund,http://www.kanzlei-merten.de/,2026-04-24,info@kanzlei-merten.de,
Kanzlei Merten Rechtsanwälte,Ausbildung Rechtsanwaltsfachangestellte/r (m/w/d),Dortmund,http://www.kanzlei-merten.de/,2026-04-24,info@kanzlei-merten.de,
MTR Legal Rechtsanwälte,Rechtsanwälte,Zentrale/Unbekannt,https://career.mtrlegal.com/stellenangebote/rechtsanwaelte/,2026-04-24,career@mtrlegal.com,
MTR Legal Rechtsanwälte,Rechtsanwälte Private Clients,Zentrale/Unbekannt,https://career.mtrlegal.com/stellenangebote/rechtsanwaelte-private-clients/,2026-04-24,career@mtrlegal.com,
MTR Legal Rechtsanwälte,Sales / Marketing,Zentrale/Unbekannt,https://career.mtrlegal.com/stellenangebote/sales-marketing/,2026-04-24,career@mtrlegal.com,
MTR Legal Rechtsanwälte,Business Administration,Zentrale/Unbekannt,https://career.mtrlegal.com/stellenangebote/business-administration/,2026-04-24,career@mtrlegal.com,
MTR Legal Rechtsanwälte,People & Culture,Zentrale/Unbekannt,https://career.mtrlegal.com/stellenangebote/people-culture/,2026-04-24,career@mtrlegal.com,
MTR Legal Rechtsanwälte,Rechtsreferendare,Zentrale/Unbekannt,https://career.mtrlegal.com/stellenangebote/referendare/,2026-04-24,career@mtrlegal.com,
MTR Legal Rechtsanwälte,Future Talents,Zentrale/Unbekannt,https://career.mtrlegal.com/stellenangebote/future-talents/,2026-04-24,career@mtrlegal.com,
Battke Grünberg Rechtsanwälte PartGmbB,Rechtsanwalt/-anwältin mit Schwerpunkt Gesellschaftsrecht,Dresden,https://battke-gruenberg.de/rechtsanwalt-gesellschaftsrecht/,2026-04-24,bewerbung@battke-gruenberg.de,
Roth & Partner Rechtsanwälte,Praktikumsstelle f Fachoberschler im Bereich Wirtschaft und Verwaltung,Dresden,http://www.roth-anwaelte.de/de/de/karriere,2026-04-24,info@roth-anwaelte.de,
SNP Schlawien Partnerschaft mbB Rechtsanwälte Steuerberater,Rechtsanwalts- und Notarfachangestellter (m/w/d),Berlin,https://snp.law/karriere/,2026-04-24,bewerbung@snp.law,bewerbung@snp.law
– Anwaltsstation oder Wahlstation mit Schwerpunkt Gesellschafts-," Steuer- bzw. Arbeitsrecht,Dresden,https://kanzlei-stoelzel.de/rechtsreferendar_wahlstation_anwaltsstation/,2026-04-24,kontakt@stoelzel-gbr.de",,,,,
Kretschmer Rechtsanwälte,Fachanwalt (w/m/d),Dresden,https://www.kretschmer-rechtsanwaelte.de/karriere,2026-04-24,kanzlei@kretschmer-rechtsanwaelte.de,
Kretschmer Rechtsanwälte,Fachanwalt (w/m/d),Berlin,https://www.kretschmer-rechtsanwaelte.de/karriere,2026-04-24,kanzlei@kretschmer-rechtsanwaelte.de,
Martin Groschek,Initiativbewerbung,Zentrale/Unbekannt,https://www.dahag.de/bewerben,2026-04-24,jobs@dahag.de,
Rechtsanwalt Elci,Auszubildende/r zur/zum Rechtsanwaltsfachangestellten (ReFa),Düsseldorf,https://www.rechtsanwalt-elci.de/karriere,2026-04-24,karriere@rechtsanwalt-elci.de,
Rechtsanwalt Elci,Juristische/r Praktikan/in,Düsseldorf,https://www.rechtsanwalt-elci.de/karriere,2026-04-24,karriere@rechtsanwalt-elci.de,
Rechtsanwalt Elci,Referendare (Anwaltsstation und Wahlstation),Düsseldorf,https://www.rechtsanwalt-elci.de/karriere,2026-04-24,karriere@rechtsanwalt-elci.de,
Rechtsanwalt Elci,Jahrespraktikant/in,Düsseldorf,https://www.rechtsanwalt-elci.de/karriere,2026-04-24,karriere@rechtsanwalt-elci.de,
Rechtsanwalt Elci,Aushilfskraft im Sekretariat (Nachmittags),Düsseldorf,https://www.rechtsanwalt-elci.de/karriere,2026-04-24,karriere@rechtsanwalt-elci.de,
Karl-Heinz Dasbach Rechtsanwalt und Notar,Rechtsanwaltsfachangestellte/r (m/w/d),Duisburg-Walsum,https://rechtsanwalt-dasbach.de/jobs/,2026-04-24,info@ra-dasbach.de,
Karl-Heinz Dasbach Rechtsanwalt und Notar,Notariatsfachangestellte/r (m/w/d),Duisburg-Walsum,https://rechtsanwalt-dasbach.de/jobs/,2026-04-24,info@ra-dasbach.de,
Borgelt & Partner Rechtsanwälte Düsseldorf,"Ausbildungsplatz ""Rechtsanwaltsfachangestelte/r""",Düsseldorf,https://borgelt.de/stellenanzeigen,2026-04-24,info@borgelt.de,
Borgelt & Partner Rechtsanwälte Düsseldorf,Praktikumsplatz (angehende ReNos oder juristischer Bereich),Düsseldorf,https://borgelt.de/stellenanzeigen,2026-04-24,info@borgelt.de,
Rechtsanwälte & Notar Dr. Keller Düsseldorf,Rechtsanwalt (W/M/D) Vollzeit,Mülheim/Ruhr,https://rechtsanwaltnotardrkeller.scope-recruiting.de/,2026-04-24,bewerbung@rae-drkeller.de,
Rechtsanwälte & Notar Dr. Keller Düsseldorf,Rechtsanwalt (W/M/D) Vollzeit in Mülheim/Ruhr inkl. Prozessführung,Mülheim/Ruhr,https://rechtsanwaltnotardrkeller.scope-recruiting.de/,2026-04-24,bewerbung@rae-drkeller.de,
mzs Rechtsanwälte,Initiativbewerbung für Juristen,Düsseldorf,https://www.mzs-recht.de/die-kanzlei/stellenangebote/,2026-04-24,bewerbung@mzs-recht.de,
ITMR Rechtsanwälte PartGmbB,"Of Counsel (m/w/d) IT, Daten, Medien",Düsseldorf,https://www.itmr-legal.de/karriere,2026-04-24,offene_anfragen@itmr-legal.de,
"ür Arbeitsrecht (m/w/d),Düsseldorf,https://www.msh-rechtsanwaelte.de/stellenangebote-2/,2026-04-24,bewerbung@msh-rechtsanwaelte.de",,,,,,
"ür Arbeitsrecht (m/w/d),Hamburg,https://www.msh-rechtsanwaelte.de/stellenangebote-2/,2026-04-24,bewerbung@msh-rechtsanwaelte.de",,,,,,
"äfte und Wissenschaftliche Mitarbeiter (m/w/d),Düsseldorf,https://www.msh-rechtsanwaelte.de/stellenangebote-2/,2026-04-24,bewerbung@msh-rechtsanwaelte.de",,,,,,
"äfte und Wissenschaftliche Mitarbeiter (m/w/d),Hamburg,https://www.msh-rechtsanwaelte.de/stellenangebote-2/,2026-04-24,bewerbung@msh-rechtsanwaelte.de",,,,,,
"ürokraft (m/w/d) in Voll- und/oder Teilzeit,Düsseldorf,https://www.msh-rechtsanwaelte.de/stellenangebote-2/,2026-04-24,bewerbung@msh-rechtsanwaelte.de",,,,,,
"ürokraft (m/w/d) in Voll- und/oder Teilzeit,Hamburg,https://www.msh-rechtsanwaelte.de/stellenangebote-2/,2026-04-24,bewerbung@msh-rechtsanwaelte.de",,,,,,
Kreutzer & Kreuzau Rechtsanwälte PartGmbB - Mietrecht und Wohnungseigentumsrecht in Düsseldorf,RechtsreferendarIn,Düsseldorf,https://www.immobilienrechtler.de/de/Karriere,2026-04-24,info@immobilienrechtler.de,
Kanzlei Daniel Raimer,Auszubildende/r (m/w/d) zur/m Rechtsanwaltsfachangestellten (m/w/d),Düsseldorf,http://kanzlei-raimer.com/kanzlei/karriere/,2026-04-24,office@kanzlei-raimer.com,
Kanzlei Daniel Raimer,Referendariat,Düsseldorf,http://kanzlei-raimer.com/kanzlei/karriere/,2026-04-24,office@kanzlei-raimer.com,
SvA Schneiders von Arnim Rechtsanwälte Partnerschaft mbB,Rechtsanwält*innen in Teilzeit,Düsseldorf,https://www.sva-recht.de/karriere/stelle/0,2026-04-24,info@sva-recht.de,
SvA Schneiders von Arnim Rechtsanwälte Partnerschaft mbB,REFERENDAR*in / DOKTORAND*IN / WISSENSCHAFTLICHE*R MITARBEITER*in,Düsseldorf,https://www.sva-recht.de/karriere/stelle/1,2026-04-24,info@sva-recht.de,
SvA Schneiders von Arnim Rechtsanwälte Partnerschaft mbB,TEAMASSISTENZ / BÜROKRAFT / RECHTSANWALTSFACHANGESTELLTE*R,Düsseldorf,https://www.sva-recht.de/karriere/stelle/2,2026-04-24,info@sva-recht.de,
Bedekorn Rechtsanwälte,Referendar/Referendarin (m/w/d) gesucht,Düsseldorf,https://bedekorn.de/karriere,2026-04-24,info@bedekorn.de,
Anwälte für Arbeitsrecht und Verkehrsrecht - Blume & Blume Rechtsanwälte,Referendariat,Düsseldorf,https://www.blumeundblume.de/Karriere.html,2026-04-24,info@blumeundblume.de,
V/S Rechtsanwälte,"Strafverteidiger und Anwalt für Verkehrsrecht, Arbeits & Familienrecht",Düsseldorf,https://www.vsrechtsanwaelte.de/kontakt/,2026-04-24,,
BBR Buchalik Brömmekamp Rechtsanwaltsgesellschaft mbH für Insolvenzrecht in Düsseldorf,Praktikum,Berlin,https://www.buchalik-broemmekamp.de/ihre-karriere/praktikum/,2026-04-24,bewerbung@bbr-law.de,
BBR Buchalik Brömmekamp Rechtsanwaltsgesellschaft mbH für Insolvenzrecht in Düsseldorf,Praktikum,Düren,https://www.buchalik-broemmekamp.de/ihre-karriere/praktikum/,2026-04-24,bewerbung@bbr-law.de,
BBR Buchalik Brömmekamp Rechtsanwaltsgesellschaft mbH für Insolvenzrecht in Düsseldorf,Praktikum,Erfurt,https://www.buchalik-broemmekamp.de/ihre-karriere/praktikum/,2026-04-24,bewerbung@bbr-law.de,
BBR Buchalik Brömmekamp Rechtsanwaltsgesellschaft mbH für Insolvenzrecht in Düsseldorf,Praktikum,Frankfurt am Main,https://www.buchalik-broemmekamp.de/ihre-karriere/praktikum/,2026-04-24,bewerbung@bbr-law.de,
BBR Buchalik Brömmekamp Rechtsanwaltsgesellschaft mbH für Insolvenzrecht in Düsseldorf,Praktikum,Hannover,https://www.buchalik-broemmekamp.de/ihre-karriere/praktikum/,2026-04-24,bewerbung@bbr-law.de,
BBR Buchalik Brömmekamp Rechtsanwaltsgesellschaft mbH für Insolvenzrecht in Düsseldorf,Praktikum,Aachen,https://www.buchalik-broemmekamp.de/ihre-karriere/praktikum/,2026-04-24,bewerbung@bbr-law.de,
BBR Buchalik Brömmekamp Rechtsanwaltsgesellschaft mbH für Insolvenzrecht in Düsseldorf,Praktikum,Chemnitz,https://www.buchalik-broemmekamp.de/ihre-karriere/praktikum/,2026-04-24,bewerbung@bbr-law.de,
BBR Buchalik Brömmekamp Rechtsanwaltsgesellschaft mbH für Insolvenzrecht in Düsseldorf,Praktikum,Coburg,https://www.buchalik-broemmekamp.de/ihre-karriere/praktikum/,2026-04-24,bewerbung@bbr-law.de,
BBR Buchalik Brömmekamp Rechtsanwaltsgesellschaft mbH für Insolvenzrecht in Düsseldorf,Praktikum,Dresden,https://www.buchalik-broemmekamp.de/ihre-karriere/praktikum/,2026-04-24,bewerbung@bbr-law.de,
BBR Buchalik Brömmekamp Rechtsanwaltsgesellschaft mbH für Insolvenzrecht in Düsseldorf,Praktikum,Essen,https://www.buchalik-broemmekamp.de/ihre-karriere/praktikum/,2026-04-24,bewerbung@bbr-law.de,
BBR Buchalik Brömmekamp Rechtsanwaltsgesellschaft mbH für Insolvenzrecht in Düsseldorf,Praktikum,Gera,https://www.buchalik-broemmekamp.de/ihre-karriere/praktikum/,2026-04-24,bewerbung@bbr-law.de,
BBR Buchalik Brömmekamp Rechtsanwaltsgesellschaft mbH für Insolvenzrecht in Düsseldorf,Praktikum,Halle (Saale),https://www.buchalik-broemmekamp.de/ihre-karriere/praktikum/,2026-04-24,bewerbung@bbr-law.de,
BBR Buchalik Brömmekamp Rechtsanwaltsgesellschaft mbH für Insolvenzrecht in Düsseldorf,Praktikum,Hürth,https://www.buchalik-broemmekamp.de/ihre-karriere/praktikum/,2026-04-24,bewerbung@bbr-law.de,
BBR Buchalik Brömmekamp Rechtsanwaltsgesellschaft mbH für Insolvenzrecht in Düsseldorf,Praktikum,Leipzig,https://www.buchalik-broemmekamp.de/ihre-karriere/praktikum/,2026-04-24,bewerbung@bbr-law.de,
BBR Buchalik Brömmekamp Rechtsanwaltsgesellschaft mbH für Insolvenzrecht in Düsseldorf,Praktikum,Lüdenscheid,https://www.buchalik-broemmekamp.de/ihre-karriere/praktikum/,2026-04-24,bewerbung@bbr-law.de,
BBR Buchalik Brömmekamp Rechtsanwaltsgesellschaft mbH für Insolvenzrecht in Düsseldorf,Praktikum,Mönchengladbach,https://www.buchalik-broemmekamp.de/ihre-karriere/praktikum/,2026-04-24,bewerbung@bbr-law.de,
BBR Buchalik Brömmekamp Rechtsanwaltsgesellschaft mbH für Insolvenzrecht in Düsseldorf,Praktikum,Nordhausen,https://www.buchalik-broemmekamp.de/ihre-karriere/praktikum/,2026-04-24,bewerbung@bbr-law.de,
BÖSCH & KALAGI Rechtsanwälte Fachanwälte,Auszubildende zum Rechtsanwaltsfachangestellten (m/w/d),Hilden,https://www.anwalt-hilden.de/karriere/stellenangebote/#stelle2,2026-04-24,bewerbung@anwalt-hilden.de,
Rechtsanwaltskanzlei Matthias & Anne Ehspanner,Mitarbeiter,Weimar,https://ehspanner.com/jobs/,2026-04-24,info@ehspanner.com,
alpha Rechtsanwälte Fachanwälte PartG mbB,Rechtsreferendare und -referendarinnen/Studierende (m/w/d),Gotha,https://alpha-recht.de/karriere/,2026-04-24,nadja.langer@alpha-recht.de,
alpha Rechtsanwälte Fachanwälte PartG mbB,Rechtsreferendare und -referendarinnen/Studierende (m/w/d),Erfurt,https://alpha-recht.de/karriere/,2026-04-24,nadja.langer@alpha-recht.de,
Heinemann & Partner Rechtsanwälte,Referendariat,Essen,https://www.heinemann-und-partner.de/karriere/,2026-04-24,office@raehp.de,
Heinemann & Partner Rechtsanwälte,Praktikum,Essen,https://www.heinemann-und-partner.de/karriere/,2026-04-24,office@raehp.de,
Michael W. Nierfeld,Rechtsanwaltsfachangestellte/n oder studentische/n Mitarbeiter/in,Essen,https://www.rechtsanwalt-nierfeld.de/rechtsanwaltsfachangestellte-m-w/,2026-04-24,info@rechtsanwalt-nierfeld.de,
Louis & Michaelis lawyers and defense lawyers,Kollegin oder Kollege zur Verstärkung (Bürogemeinschaft),Essen,https://rechtsanwalt-louis.de/karriere/,2026-04-24,mail@rechtsanwalt-louis.de,
OLIVER ALLESCH - Rechtsanwälte,Rechtsanwaltsfachangestellte (M/W/D),Essen,http://www.anwalt-allesch.de/karriere/,2026-04-24,info@anwalt-allesch.de,
Martina Mark - Rechtsanwältin,Rechtsanwaltsfachangestellte (m/w/d),Essen,http://www.mark-essen.de/service/stellenangebot,2026-04-24,info@mark-essen.de,
"Schumacher - Rechtsanwälte, Notare & Steuerberater",Mitarbeiter:in für Empfang/Zentrale (m/w/d) in Vollzeit.,Essen,https://www.schumacherlaw.com/stellenanzeige/wir-suchen-mitarbeiterin-fuer-empfang-zentrale-m-w-d-in-vollzeit/,2026-04-24,,
"Schumacher - Rechtsanwälte, Notare & Steuerberater",Steuerberater (w/m/d),Essen,https://www.schumacherlaw.com/stellenanzeige/wir-suchen-steuerberater-w-m-d/,2026-04-24,,
"Rechtsanwälte und Notare Brinkmann, Filthaut & Ernst",Ausbildungsplatz / Initiativbewerbung,Essen-Steele,http://www.kanzlei-essen-steele.de/,2026-04-24,personal@kanzlei-essen-steele.de,
Rüter,Rechtsanwältin / Rechtsanwalt,Frankfurt am Main,https://www.rpt.legal/karriere,2026-04-24,tilse@rpt.legal,
Rüter,Referendarin / Referendar,Frankfurt am Main,https://www.rpt.legal/karriere,2026-04-24,rueter@rpt.legal,
CYRUS Rechtsanwälte PartG mbB,Rechtsanwalt / Rechtsanwältin,Frankfurt am Main,https://cyrus-rae.de/kanzlei/karriere/,2026-04-24,jrodriguez@cyrus-rae.de,
"Media Kanzlei - Rechtsanwalt Medienrecht, Markenrecht, UWG, Presserecht, Abmahnung, Account Sperre",Marketing- und Social-Media Manager*in (m/w/d),Frankfurt,https://media-kanzlei.com/karriere/#social,2026-04-24,anwalt@media-kanzlei.com,
LIEBENSTEIN LAW – KANZLEI FÜR WIRTSCHAFTSRECHT,"Digitalisierung, IT-Recht, E-Health (TZ/VZ) Wissenschaftliche Mitarbeiterin / Wissenschaftlicher Mitarbeiter (m/w/d)",Frankfurt am Main,https://www.liebenstein-law.de/karriere/,2026-04-24,mail@liebenstein-law.de,
Kanzlei Pulch - Steuerberater,,Zentrale/Unbekannt,https://www.pulch.de/karriere/jobs.html,2026-04-24,,
SCHIEDERMAIR Rechtsanwälte Partnerschaftsgesellschaft von Rechtsanwälten und Steuerberatern mbB,Associate (m/w/d) im Bereich „small cap“ Private Equity / „small cap“ M&A,Frankfurt am Main,https://schiedermair.com/stellenanzeige-1,2026-04-24,bewerber@schiedermair.com,
SCHIEDERMAIR Rechtsanwälte Partnerschaftsgesellschaft von Rechtsanwälten und Steuerberatern mbB,Associate (m/w/d) im Bereich Arbeitsrecht,Frankfurt am Main,https://schiedermair.com/stellenanzeige-arbeitsrecht/,2026-04-24,bewerber@schiedermair.com,
Leu Rechtsanwaltsgesellschaft mbH,Initiativbewerbung,Digital/Homeoffice,https://kanzlei-leu.de/karriere/,2026-04-24,personal@kanzlei-leu.de,
Leu Rechtsanwaltsgesellschaft mbH,Buchhalter/ Steuerfachangestellter (w/m/d) im Bereich Gemeinnützigkeit,Digital/Homeoffice,https://kanzlei-leu.de/stellenangebot-buchhalterin-steuerfachangestellter-w-m-d-im-bereich-gemeinnuetzigkeit-2/,2026-04-24,personal@kanzlei-leu.de,
Leu Rechtsanwaltsgesellschaft mbH,Mediengestalter (w/m/d),Digital/Homeoffice,https://kanzlei-leu.de/stellenangebot-mediengestalter-m-w-d/,2026-04-24,personal@kanzlei-leu.de,
SKW Schwarz - Frankfurt / Main,"Notarfachwirt/in (m/w/d), Notarfachangestellte/n (m/w/d) od. Rechtsanwalts- und Notarfachangestellte/n (m/w/d)",Frankfurt a. Main,https://www.skwschwarz.de/jobs/nofa.ffm.01,2026-04-24,,
"Abletshauser, Gröger & Kollegen",Rechtsanwaltsfachangestellte/n (m/w/d),Freiburg,https://www.ags-freiburg.de/stellenangebote,2026-04-24,bewerbungen@ags-freiburg.de,
Kanzlei SEK - Dr. Klimsch & Partner,Rechtsanwalt / Rechtsanwältin (m/w/d),Freiburg i. Br.,https://www.kanzleisek.de/rechtsanwalt-m-w-d-gesucht/,2026-04-24,bewerbung@kanzleisek.de,
Jehle · Láng · v Rudloff · Köberle · Feldmann,Rechtsanwaltsfachangestellte / Bürokraft (m/w/d) in Voll- / Teilzeit,Freiburg,https://www.jlm-freiburg.com/karriere/,2026-04-24,kanzlei18@jlm-freiburg.com,
"Brunner, Liesenborghs & Partner PartG mbB - Rechtsanwälte",Rechtsanwaltsfachangestellte(r) und kaufmännische(r) Fachangestelle(r),Freiburg,https://www.parlex.de/kanzlei/sekretariate/,2026-04-24,nann.sekretariat@parlex.de,
PFO Rechtsanwälte | Pöhlmann • Früchtl • Oppermann PartmbB,Insolvenzsachbearbeiter für Unternehmensinsolvenzen u. natürliche Personen (m/w/d),Nürnberg,https://pfo-anwaelte.de/stellenangebote/insolvenzsachbearbeiter-fuer-unternehmensinsolvenzen-u-natuerliche-personen-m-w-d/,2026-04-24,,
PFO Rechtsanwälte | Pöhlmann • Früchtl • Oppermann PartmbB,Auszubildende/r zum/zur Rechtsanwaltsfachangestellten (m/w/d),Neustadt,https://pfo-anwaelte.de/stellenangebote/auszubildende-r-zum-zur-rechtsanwaltsfachangestellten-m-w-d/,2026-04-24,,
Dr. Sonntag lawyers,Auszubildende zur Rechtsanwaltsfachangestellten,Nürnberg,mailto:bewerbung@ra-sonntag.de,2026-04-24,bewerbung@ra-sonntag.de,
Schmelter & Schott Rechtsanwälte & Fachanwälte PartGmbB,Rechtsanwaltsfachangestellte (m/w/d),Gelsenkirchen,http://www.schmelter-schott.de/,2026-04-24,mail@schmelter-schott.de,
Notare und Rechtsanwälte Raguse - Drenhaus - Aertken,Mitarbeiter (m/w/d) Anwaltskanzlei und Notariat,Gelsenkirchen,https://rda-anwaelte.de/rechtsanwalte.html,2026-04-24,kanzlei@rda-anwaelte.de,
SCHMIDT & SIEGL Rechtsanwälte (Partnerschaft),Referendar (m/w/d),Gelsenkirchen,https://kanzlei-schmidt-siegl.de/wp-7343d-content/uploads/2025/04/Ausschreibung_Ref_0425.pdf,2026-04-24,kontakt@kanzlei-schmidt-siegl.de,
SCHMIDT & SIEGL Rechtsanwälte (Partnerschaft),Referendar (m/w/d),Recklinghausen,https://kanzlei-schmidt-siegl.de/wp-7343d-content/uploads/2025/04/Ausschreibung_Ref_0425.pdf,2026-04-24,kontakt@kanzlei-schmidt-siegl.de,
Lampe legal Anwaltsgesellschaft und Notare - Göttingen,Rechtsanwältinnen/Rechtsanwälte (m/w/d),Göttingen,https://www.lampe-legal.de/karriere/,2026-04-24,,
Lampe legal Anwaltsgesellschaft und Notare - Göttingen,Referendarinnen/Referendare (m/w/d),Göttingen,https://www.lampe-legal.de/karriere/,2026-04-24,,
Penn & Partner mbB Steuerberater und Rechtsanwalt,Auszubildende als Steuerfachangestellte (m/w/d),Hagen,https://www.pennpartner.de/Stellenangebote/,2026-04-24,bewerbung@pennpartner.de,
Penn & Partner mbB Steuerberater und Rechtsanwalt,Auszubildende als Kaufperson für Büromanagement (m/w/d),Hagen,https://www.pennpartner.de/Stellenangebote/,2026-04-24,bewerbung@pennpartner.de,
"Final check on the number of legal professionals: The firm name is ,2026-04-24,",,,,,,
"Wittig Ünalp Rechtsanwälte - Arbeitsrecht, Versicherungsrecht, Wirtschaftsrecht",(Fach-)Anwältin oder (Fach-)Anwalt,Zentrale/Unbekannt,https://www.ra-wittig.de/karriere/rechts-fachanwalt-fuer-arbeitsrecht/,2026-04-24,bewerbung@ra-wittig.de,
MTR Legal Rechtsanwälte,Rechtsanwälte Private Clients,Deutschland,https://career.mtrlegal.com/stellenangebote/rechtsanwaelte-private-clients/,2026-04-24,career@mtrlegal.com,
MTR Legal Rechtsanwälte,Rechtsanwälte Private Clients,International,https://career.mtrlegal.com/stellenangebote/rechtsanwaelte-private-clients/,2026-04-24,career@mtrlegal.com,
"– Deine Ausbildung zur/zum Rechtsanwaltsfachangestellten (m/w/d) bei uns!,Hamburg,https://kanzlei-michaelis.de/karriere/,2026-04-24,radojcic@kanzlei-michaelis.de",,,,,,
Kanzlei Michaelis Rechtsanwälte,Wissenschaftliche Mitarbeiter/in (m/w/d) für Versicherungsrecht / Arbeitsrecht - auf Mini-Job-Basis!,Hamburg,https://kanzlei-michaelis.de/karriere/,2026-04-24,radojcic@kanzlei-michaelis.de,
STEINWACHS Rechtsanwaltskanzlei,Rechtsanwältin / Rechtsanwalt als freie(r) Mitarbeiter/in,Hamburg,https://www.kanzlei-steinwachs.de/karriere/,2026-04-24,,
STEINWACHS Rechtsanwaltskanzlei,Rechtsanwältin / Rechtsanwalt als freie(r) Mitarbeiter/in,Berlin,https://www.kanzlei-steinwachs.de/karriere/,2026-04-24,,
STEINWACHS Rechtsanwaltskanzlei,Rechtsanwältin / Rechtsanwalt als freie(r) Mitarbeiter/in,Bremen,https://www.kanzlei-steinwachs.de/karriere/,2026-04-24,,
STEINWACHS Rechtsanwaltskanzlei,Rechtsanwältin / Rechtsanwalt als freie(r) Mitarbeiter/in,Lübeck,https://www.kanzlei-steinwachs.de/karriere/,2026-04-24,,
STEINWACHS Rechtsanwaltskanzlei,Rechtsanwältin / Rechtsanwalt als freie(r) Mitarbeiter/in,Hannover,https://www.kanzlei-steinwachs.de/karriere/,2026-04-24,,
STEINWACHS Rechtsanwaltskanzlei,Student / Referendar,Hamburg,https://www.kanzlei-steinwachs.de/karriere/,2026-04-24,,
STEINWACHS Rechtsanwaltskanzlei,Student / Referendar,Berlin,https://www.kanzlei-steinwachs.de/karriere/,2026-04-24,,
STEINWACHS Rechtsanwaltskanzlei,Student / Referendar,Bremen,https://www.kanzlei-steinwachs.de/karriere/,2026-04-24,,
STEINWACHS Rechtsanwaltskanzlei,Student / Referendar,Lübeck,https://www.kanzlei-steinwachs.de/karriere/,2026-04-24,,
STEINWACHS Rechtsanwaltskanzlei,Student / Referendar,Hannover,https://www.kanzlei-steinwachs.de/karriere/,2026-04-24,,
DIEKMANN Rechtsanwälte GbR,Rechtsanwaltsfachangestellte (m/w/d),Hamburg,https://www.diekmann-rechtsanwaelte.de/karriere/rechtsanwaltsfachangestellte-hamburg/,2026-04-24,fabienne.diekmann@diekmann-rechtsanwaelte.de,
DIEKMANN Rechtsanwälte GbR,Rechtsanwalt (m/w/d) für Fluggastrecht,Hamburg,https://www.diekmann-rechtsanwaelte.de/karriere/rechtsanwalt-fluggastrecht-hamburg/,2026-04-24,fabienne.diekmann@diekmann-rechtsanwaelte.de,
DIEKMANN Rechtsanwälte GbR,Rechtsanwalt (m/w/d) im Bereich Healthcare und Life Science,Hamburg,https://www.diekmann-rechtsanwaelte.de/karriere/rechtsanwalt-hamburg/,2026-04-24,fabienne.diekmann@diekmann-rechtsanwaelte.de,
DIEKMANN Rechtsanwälte GbR,Referendare (m/w/d),Hamburg,https://www.diekmann-rechtsanwaelte.de/karriere/referendare-hamburg/,2026-04-24,fabienne.diekmann@diekmann-rechtsanwaelte.de,
"Rechtsanwälte Braetsch, Jessen & Partner",Ausbildung zu Rechtsanwaltsfachangestellten,Hamburg,http://www.bj-p.de/karriere.html,2026-04-24,post@bj-p.de,
"tigkeit,Hamburg,http://www.bj-p.de/karriere.html,2026-04-24,post@bj-p.de",,,,,,
"Kanzlei am Winterhuder Markt, Rechtsanwälte Gutmann & Zander-Böhm",Referendar:in (Anwaltsstation oder Wahlstation),Hamburg,https://www.bgzb.de/ausschreibung_referendariat.htm,2026-04-24,zander-boehm@bgzb.de,
"Kanzlei am Winterhuder Markt, Rechtsanwälte Gutmann & Zander-Böhm",Studienpraktikant:in,Hamburg,https://www.bgzb.de/kanzlei.htm,2026-04-24,zander-boehm@bgzb.de,
"– Forderungsbeitreibung,Hamburg,https://uhsadel.com/karriere/,2026-04-24,info@uhsadel.com",,,,,,
– Transport," Logistik und Schifffahrt,Hamburg,https://uhsadel.com/karriere/,2026-04-24,info@uhsadel.com",,,,,
"– Versicherungsrecht,Hamburg,https://uhsadel.com/karriere/,2026-04-24,info@uhsadel.com",,,,,,
Groenewold · Tiedemann · Griffel Rechtsanwälte,Rechtsanwalt (m/w/d) als Partner,Hamburg,https://www.gtg-recht.de/karriere/,2026-04-24,team@gtg-recht.de,
Kanzlei Michaelis Rechtsanwälte,Auszubildende/-r (m/w/d) als Rechtsanwaltsfachangestellte/r,Hamburg,https://kanzlei-michaelis.de/karriere/,2026-04-24,2026-04-24,radojcic@kanzlei-michaelis.de
Kanzlei Michaelis Rechtsanwälte,Wissenschaftliche/r Mitarbeiter/in (m/w/d) für Versicherungsrecht / Arbeitsrecht auf Mini-Job-Basis,Hamburg,https://kanzlei-michaelis.de/karriere/,2026-04-24,2026-04-24,radojcic@kanzlei-michaelis.de
"€-Basis,Hamburg,https://sedlatzek.com/stellenangebote/,2026-04-24,2026-04-24,Sedlatzek@sedlatzek.com",,,,,,
"€-Basis,Hannover,https://sedlatzek.com/stellenangebote/,2026-04-24,2026-04-24,Sedlatzek@sedlatzek.com",,,,,,
Nörenberg • Schröder partnership,Rechtsanwalt (m/w/d) für Gesellschaftsrecht/ M&A,Hamburg,https://www.nbs-partners.de/nbs-karriere/rechtsanwalt-m-w-d-fuer-gesellschaftsrecht/,2026-04-24,kontakt@nbs-partners.de,kontakt@nbs-partners.de
"Rechtsanwälte Braetsch, Jessen & Partner",Referendartätigkeit,Hamburg,http://www.bj-p.de/karriere.html,2026-04-24,2026-04-24,post@bj-p.de
Rechtsanwälte Klemm & Partner mbB,"Rechtsanwalt (m/w/d) für öffentliches Recht / Verwaltungsrecht / Bau-, Umwelt- und Planungsrecht",Hamburg-Bergedorf,https://www.klemmpartner.de/stellenanzeige,2026-04-24,heuer@klemmpartner.de,
Rechtsanwälte Klemm & Partner mbB,Referendar (m/w/d) für privates Baurecht und Miet-/ Wohnungseigentumsrecht,Hamburg-Bergedorf,https://www.klemmpartner.de/stellenanzeige,2026-04-24,schlotfeldt@klemmpartner.de,
Rechtsanwälte Klemm & Partner mbB,Stationsreferendar/in (m/w/d) für Anwaltsstation oder Wahlstation im Bereich Immobilienrecht,Hamburg-Bergedorf,https://www.klemmpartner.de/stellenanzeige,2026-04-24,,
GRAEF Rechtsanwälte,Referendare und Referendarinnen (m/w/d),Zentrale/Unbekannt,https://graef.law/karriere/,2026-04-24,2026-04-24,graef@graef.law
GRAEF Rechtsanwälte,Sekretariat/Markenverwaltung/Buchhaltung (m/w/d),Zentrale/Unbekannt,https://graef.law/karriere/,2026-04-24,2026-04-24,graef@graef.law
"Kanzlei am Winterhuder Markt, Rechtsanwälte Gutmann & Zander-Böhm",Referendar:innen,Hamburg,https://www.bgzb.de/ausschreibung_referendariat.htm,2026-04-24,2026-04-24,zander-boehm@bgzb.de
"Kanzlei am Winterhuder Markt, Rechtsanwälte Gutmann & Zander-Böhm",Praktikant:innen,Hamburg,https://www.bgzb.de/,2026-04-24,2026-04-24,zander-boehm@bgzb.de
Finkbeiner & Druckenbrodt Rechtsanwälte,Rechtsanwaltsfachangestellten (m/w/d),Wentorf bei Hamburg,https://finkbeiner-kanzlei.de/karriere/,2026-04-24,druckenbrodt@finkbeiner-kanzlei.de,
Finkbeiner & Druckenbrodt Rechtsanwälte,Rechtsanwaltsfachangestellten (m/w/d),Hamburg,https://finkbeiner-kanzlei.de/karriere/,2026-04-24,druckenbrodt@finkbeiner-kanzlei.de,
Finkbeiner & Druckenbrodt Rechtsanwälte,Rechtsanwaltsfachangestellten (m/w/d),Hannover,https://finkbeiner-kanzlei.de/karriere/,2026-04-24,druckenbrodt@finkbeiner-kanzlei.de,
Finkbeiner & Druckenbrodt Rechtsanwälte,Rechtsanwaltskollegen (m/w/d),Wentorf bei Hamburg,https://finkbeiner-kanzlei.de/karriere/,2026-04-24,druckenbrodt@finkbeiner-kanzlei.de,
Finkbeiner & Druckenbrodt Rechtsanwälte,Rechtsanwaltskollegen (m/w/d),Hamburg,https://finkbeiner-kanzlei.de/karriere/,2026-04-24,druckenbrodt@finkbeiner-kanzlei.de,
Finkbeiner & Druckenbrodt Rechtsanwälte,Rechtsanwaltskollegen (m/w/d),Hannover,https://finkbeiner-kanzlei.de/karriere/,2026-04-24,druckenbrodt@finkbeiner-kanzlei.de,
Finkbeiner & Druckenbrodt Rechtsanwälte,(Stations-)Referendaren (m/w/d),Wentorf bei Hamburg,https://finkbeiner-kanzlei.de/karriere/,2026-04-24,druckenbrodt@finkbeiner-kanzlei.de,
Finkbeiner & Druckenbrodt Rechtsanwälte,(Stations-)Referendaren (m/w/d),Hamburg,https://finkbeiner-kanzlei.de/karriere/,2026-04-24,druckenbrodt@finkbeiner-kanzlei.de,
Finkbeiner & Druckenbrodt Rechtsanwälte,(Stations-)Referendaren (m/w/d),Hannover,https://finkbeiner-kanzlei.de/karriere/,2026-04-24,druckenbrodt@finkbeiner-kanzlei.de,
Finkbeiner & Druckenbrodt Rechtsanwälte,wissenschaftlichen Mitarbeitern (m/w/d),Wentorf bei Hamburg,https://finkbeiner-kanzlei.de/karriere/,2026-04-24,druckenbrodt@finkbeiner-kanzlei.de,
Finkbeiner & Druckenbrodt Rechtsanwälte,wissenschaftlichen Mitarbeitern (m/w/d),Hamburg,https://finkbeiner-kanzlei.de/karriere/,2026-04-24,druckenbrodt@finkbeiner-kanzlei.de,
Finkbeiner & Druckenbrodt Rechtsanwälte,wissenschaftlichen Mitarbeitern (m/w/d),Hannover,https://finkbeiner-kanzlei.de/karriere/,2026-04-24,druckenbrodt@finkbeiner-kanzlei.de,
"Jurivio Rechtsanwälte - mit Haltung für Miet- und Wohnungseigentumsrecht, Verkehrsrecht und als externe Rechtsabteilung",Auszubildende/r zum/zur Rechtsanwaltsfachangestellten,Münster,https://jurivio-recht.de/karriere/,2026-04-24,mail@jurivio-recht.de,
"Jurivio Rechtsanwälte - mit Haltung für Miet- und Wohnungseigentumsrecht, Verkehrsrecht und als externe Rechtsabteilung",Auszubildende/r zum/zur Rechtsanwaltsfachangestellten,Hamburg,https://jurivio-recht.de/karriere/,2026-04-24,mail@jurivio-recht.de,
Frühauf & Henning Rechtsanwälte,Rechtsreferendar (m/w/d) für Anwalts-/Ausbildungsstation,Hamburg,https://www.rechtsanwaelte-fruehauf.de/stellenangebot-fachangestellte/,2026-04-24,rafruehauf@aol.com,
🥇 Media Kanzlei Hamburg - Medienrecht Presserecht Abmahnung Filesharing Anwalt,Marketing- und Social-Media Manager*in (m/w/d),Frankfurt,https://media-kanzlei.com/karriere/#social,2026-04-24,anwalt@media-kanzlei.com,
Hellinger ETL GmbH Steuerberatungsgesellschaft,STEUERFACHANGESTELLTE/N oder STEUERFACHWIRT/IN,Hamburg-Tonndorf,https://www.kanzlei-hellinger.org/karriere/#Stellen,2026-04-24,kontakt@kanzlei-hellinger.org,
Hellinger ETL GmbH Steuerberatungsgesellschaft,STEUERFACHANGESTELLTE/N oder STEUERFACHWIRT/IN,"Kuehnstr. 73, 22045 Hamburg",https://www.kanzlei-hellinger.org/karriere/#Stellen,2026-04-24,kontakt@kanzlei-hellinger.org,
Rechtsanwälte Klemm & Partner mbB,"Rechtsanwalt (m/w/d) für öffentliches Recht / Verwaltungsrecht / Bau-, Umwelt- und Planungsrecht",Hamburg,https://www.klemmpartner.de/stellenanzeige,2026-04-24,2026-04-24,heuer@klemmpartner.de
Rechtsanwälte Klemm & Partner mbB,Referendare (m/w/d) für privates Baurecht und Miet-/Wohnungseigentumsrecht,Hamburg,https://www.klemmpartner.de/stellenanzeige,2026-04-24,2026-04-24,schlotfeldt@klemmpartner.de
Fritzen & Kilian Rechtsanwälte und Notare,Notarfachangestellte/r,Wentorf bei Hamburg,https://fritzen-kilian.de/karriere/,2026-04-24,2026-04-24,info@fritzen-kilian.de
Arzu Asani Rechtsanwältin,Mitarbeiter,Hamburg,https://www.kanzlei-asani.de/#kontakt,2026-04-24,2026-04-24,info@kanzlei-asani.de
"(int)},Hamburg,https://www.rechtsanwaelte-fruehauf.de/stellenangebot-fachangestellte/,2026-04-24,2026-04-24,rafruehauf@aol.com",,,,,,
Anwalts- & Steuerkanzlei Sarimehmetoglu | Hamburg,Rechtsanwalt,Hamburg,https://www.anwaelte-as.de/ueber-uns/karriere,2026-04-24,2026-04-24,bewerbung@anwaelte-as.de
Rechtsanwalt und Notar Christian Pfeiffer,Notarfachangestellte/n oder ReNo-Fachangestellte/n (m/w/d),Norderstedt,http://www.rechtsanwalt-und-notar-christian-pfeiffer.de/karriere-jobangebot-stellenausschreibung-notarfachangestellte.php,2026-04-24,info@cpfeiffer.de,
Immobilienkanzlei Ramm,Rechtsanwält(in) im Bereich des Immobilienrechtes,Hamburg,https://www.kanzlei-ramm.de/#karriere,2026-04-24,info@kanzlei-ramm.de,
Joachim Schaller,Referendar (m/w/d) (Anwaltsstation),Hamburg,http://www.recht-auf-studienplatz.de/kontakt.html,2026-04-24,,
Joachim Schaller,Praktikant (m/w/d) Rechtswissenschaften,Hamburg,http://www.recht-auf-studienplatz.de/kontakt.html,2026-04-24,,
Kück Schencking & Partner Wirtschaftsprüfer Steuerberater Rechtsanwalt mbB,Initiativbewerbung,Hamburg-Volksdorf,https://www.kueck-und-partner.de/stellenangebote/initiativbewerbung/,2026-04-24,2026-04-24,office@kanzlei-ksp.de
hendrik horn. & partner. Rechtsanwälte,Referendare/Referendarinnen (Rechtsanwalts- oder Wahlstation),Hamburg,https://www.hh-partner.de/stellenangebote/,2026-04-24,info@hh-partner.de,
Steuerberater Hamburg Thoms Consulting Steuerberatungsgesellschaft mbH,Steuerfachangestellter oder Steuerfachwirt (m/w/d),Fuhlsbüttel,https://www.thoms-steuerberater-hamburg.de/jobs/,2026-04-24,2026-04-24,s.thoms@thoms-consulting.de
Steuerberater Hamburg Thoms Consulting Steuerberatungsgesellschaft mbH,Steuerfachangestellter oder Steuerfachwirt (m/w/d),Nord,https://www.thoms-steuerberater-hamburg.de/jobs/,2026-04-24,2026-04-24,s.thoms@thoms-consulting.de
Rechtsanwälte Prof. Dr. med. Gaidzik,Kolleginnen/Kollegen (Rechtsanwälte),Hamm,https://www.gaidzik-rechtsanwaelte.de/kontakt/,2026-04-24,info@gaidzik-rechtsanwaelte.de,
Dr. Eick & Partner Rechtsanwälte Partnerschaft mbB,Rechtsanwalt (m/w/d),Dresden,https://www.dr-eick.de/karriere,2026-04-24,bewerbungen.dresden@dr-eick.de,
Dr. Eick & Partner Rechtsanwälte Partnerschaft mbB,Rechtsanwaltsfachangestellte (m/w/d) in Voll-/Teilzeit,Dresden,https://www.dr-eick.de/karriere,2026-04-24,bewerbungen.dresden@dr-eick.de,
"Verkehrsrecht,Zentrale/Unbekannt,,2026-04-24,2026-04-24,",,,,,,
bbr.legal Baumann Brunkhorst Rechtsanwälte - Anwälte Strafrecht Hannover,Referendar (m/w/d) für die Anwaltsstation im Strafrecht,Hannover,https://bbr.legal/anwaltsstation-strafrecht-hannover-refrendariat-mit-verguetung/,2026-04-24,mail@bbr.legal,
"Rechtsanwalt Daniel Ciobanu, MLE Kanzlei in Hannover",Rechtsanwaltsfachangestellte (m/w/d) Ausbildung,Hannover,https://rechtsanwalt-ciobanu.de/karriere,2026-04-24,kontakt@rechtsanwalt-ciobanu.de,
Fröling & Reimers,Rechtsanwaltsfachangestellte (m/w/d),Hamburg,https://froeling-reimers.de/jobs/refa/,2026-04-24,2026-04-24,
Fröling & Reimers,Rechtsanwaltsfachangestellte (m/w/d),Norderstedt,https://froeling-reimers.de/jobs/refa/,2026-04-24,2026-04-24,
Fröling & Reimers,Rechtsanwaltsfachangestellte (m/w/d),Pinneberg,https://froeling-reimers.de/jobs/refa/,2026-04-24,2026-04-24,
Fröling & Reimers,Rechtsanwaltsfachangestellte (m/w/d),Kiel,https://froeling-reimers.de/jobs/refa/,2026-04-24,2026-04-24,
Fröling & Reimers,Rechtsanwaltsfachangestellte (m/w/d),Neumünster,https://froeling-reimers.de/jobs/refa/,2026-04-24,2026-04-24,
Fröling & Reimers,Ausbildung zur Rechtsanwaltsfachangestellten (m/w/d),Hamburg,https://froeling-reimers.de/jobs/refa-ausbildung/,2026-04-24,2026-04-24,
Dr. Papsch & Collegen Rechtsanwälte,Mitarbeiter/in für die Immobilienverwaltung (m/w/d),Hannover,https://papsch.de/stellenangebote/,2026-04-24,joerns@papsch.de,
Dr. Papsch & Collegen Rechtsanwälte,Rechtsanwalt (m/w/d),Herrenhausen,https://papsch.de/stellenangebote/,2026-04-24,joerns@papsch.de,
Immobilienkanzlei Ramm,Berufsanfänger(innen) sowie erfahrene Rechtsanwält(innen) im Bereich des Immobilienrechtes,Hamburg,https://www.kanzlei-ramm.de/#karriere,2026-04-24,2026-04-24,info@kanzlei-ramm.de
Joachim Schaller,Praktikum Rechtswissenschaft,Hamburg,http://www.recht-auf-studienplatz.de/,2026-04-24,2026-04-24,
activelaw Offenhausen.Wolter PartmbB,Rechtsanwältin/Rechtsanwalt (m/w/d) – Öffentliches Wirtschaftsrecht,Hannover,https://activelaw.de/stellenanzeigen/rechtsanwaeltin-rechtsanwalt-oeffentliches-wirtschaftsrecht,2026-04-24,job@activelaw.de,job@activelaw.de
activelaw Offenhausen.Wolter PartmbB,Ausbildungsplatz als Rechtsanwalts- und Notarfachangestellte/r (m/w/d),Hannover,https://activelaw.de/stellenanzeigen/ausbildungsplatz-als-rechtsanwalts-und-notarfachangestellte,2026-04-24,job@activelaw.de,job@activelaw.de
activelaw Offenhausen.Wolter PartmbB,Ausbildungsplatz als Rechtsanwaltsfachangestellte/r (m/w/d),Hannover,https://activelaw.de/stellenanzeigen/ausbildungsplatz-als-rechtsanwaltsfachangestellte,2026-04-24,job@activelaw.de,job@activelaw.de
JURCAR GbR - Kanzlei für Verkehrsrecht,Quereinsteiger (m/w/d) im kaufmännisch-dienstleistenden Umfeld bzw. dem Vertrieb,Hannover,https://www.jurcar.de/karriere,2026-04-24,bewerbung@jurcar.de,
Wittig Ünalp Rechtsanwälte,(Fach-)Anwältin oder (Fach-)Anwalt,Zentrale/Unbekannt,https://www.ra-wittig.de/karriere/rechts-fachanwalt-fuer-arbeitsrecht/,2026-04-24,2026-04-24,bewerbung@ra-wittig.de
Wittig Ünalp Rechtsanwälte,(Fach-)Anwältin oder (Fach-)Anwalt (Handels- und Gesellschaftsrecht),Zentrale/Unbekannt,https://wirtschaftsrecht-wittig.de/karriere/rechts-fachanwalt-fuer-handels-gesellschaftsrecht/,2026-04-24,2026-04-24,bewerbung@ra-wittig.de
Wittig Ünalp Rechtsanwälte,(Fach-)Anwältin oder (Fach-)Anwalt (Miet- und WEG Recht),Zentrale/Unbekannt,https://wirtschaftsrecht-wittig.de/karriere/fach-anwaeltin-oder-fach-anwalt-fuer-miet-und-weg-recht/,2026-04-24,2026-04-24,bewerbung@ra-wittig.de
Wittig Ünalp Rechtsanwälte,(Fach-)Anwältin oder (Fach-)Anwalt (Erbrecht),Zentrale/Unbekannt,https://wirtschaftsrecht-wittig.de/karriere/fach-anwaeltin-oder-fach-anwalt-fuer-erbrecht/,2026-04-24,2026-04-24,bewerbung@ra-wittig.de
Wittig Ünalp Rechtsanwälte,Anwältin oder Anwalt (Schadenersatzrecht / Haftpflichtrecht (Zivilrecht)),Zentrale/Unbekannt,https://www.versicherungsrecht-wittig.de/karriere/anwaltin-m-w-d-schadensersatzrecht-haftpflichtrecht-gesucht,2026-04-24,2026-04-24,bewerbung@ra-wittig.de
Wittig Ünalp Rechtsanwälte,(Fach-)Anwältin oder (Fach-)Anwalt (Versicherungsrecht),Zentrale/Unbekannt,https://www.versicherungsrecht-wittig.de/karriere/anwaltin-versicherungsrecht,2026-04-24,2026-04-24,bewerbung@ra-wittig.de
bbr.legal Baumann Brunkhorst Rechtsanwälte - Anwälte Strafrecht Hannover,Anwaltsstation / Referendariat,Hannover,https://bbr.legal/anwaltsstation-strafrecht-hannover-refrendariat-mit-verguetung/,2026-04-24,2026-04-24,mail@bbr.legal
"Rechtsanwalt Daniel Ciobanu, MLE Kanzlei in Hannover",Rechtsanwaltsfachangestellte (m/w/d),Hannover,https://rechtsanwalt-ciobanu.de/karriere,2026-04-24,2026-04-24,kontakt@rechtsanwalt-ciobanu.de
Dr. Papsch & Collegen Rechtsanwälte,Mitarbeiter/in für Immobilienverwaltung (m/w/d),Hannover,https://papsch.de/stellenangebote/,2026-04-24,2026-04-24,joerns@papsch.de
Dr. Papsch & Collegen Rechtsanwälte,Auszubildende/r zum/zur Rechtsanwaltsfachangestellten (m/w/d),Hannover,https://papsch.de/stellenangebote/,2026-04-24,2026-04-24,kanzlei@papsch.de
DR. FRICKE & COLLEGEN PartG mbB Rechtsanwälte Fachanwälte Mediator,Auszubildende (m/w/d),Hannover,https://anwaltskanzlei-fricke.de/ausbildung-und-stellenangebote/,2026-04-24,2026-04-24,info@anwaltskanzlei-fricke.de
Rechtsanwalt Thorsten Osterkamp,Auszubildene/n (Rechtsanwaltsfachangestellte/n),Hannover,https://www.ra-osterkamp.de/stellenangebote/,2026-04-24,kanzlei@ra-osterkamp.de,kanzlei@ra-osterkamp.de
Claudia Petri-Kramer & Kollegen,Rechtsanwaltsfachangestellte/r (m/w/d),Hannover,https://www.petri-kramer.de/stellenangebote,2026-04-24,kanzlei@petri-kramer.de,
Claudia Petri-Kramer & Kollegen,Ausbildungsplatz zur/zum Rechtsanwaltsfachangestellten (m/w/d),Hannover,https://www.petri-kramer.de/stellenangebote,2026-04-24,kanzlei@petri-kramer.de,
"Kanzlei Becker Baurecht - Fachanwalt für Bau- und Architektenrecht, Hannover",Rechtsanwaltsfachangestellte/n oder Rechtsanwalts- und Notarfachangestellte/n (m/w/d) in unbefristeter Voll- oder Teilzeitstellung am Standort Hannover,Hannover,https://www.becker-baurecht.de/includes/karriere.php,2026-04-24,2026-04-24,a.kasper@becker-baurecht.de
"Kanzlei Becker Baurecht - Fachanwalt für Bau- und Architektenrecht, Hannover",Rechtsanwältin bzw. Rechtsanwalt (m/w/d) in unbefristeter Voll- oder Teilzeitstellung am Standort Hannover,Hannover,https://www.becker-baurecht.de/includes/karriere.php,2026-04-24,2026-04-24,a.kasper@becker-baurecht.de
addLegal Rechtsanwälte und Notar,Rechtsanwältin oder Rechtsanwalt,Göttingen,http://www.addlegal.de/karriere,2026-04-24,2026-04-24,bewerbung@addlegal.de
Verkehrsrecht Gress Hannover,Rechtsanwalt in Hannover für private und gewerbliche Mandanten,Hannover,https://ra-gress.de/,2026-04-24,2026-04-24,info@ra-gress.de
Kanzlei Hemmerich Heidelberg,"Rechtsanwaltsfachangestellte (m/w/d) in Vollzeit oder Teilzeit, Homeoffice möglich",Homeoffice,https://www.kanzlei-hemmerich.de/jobs-und-stellenangebote/,2026-04-24,hemmerich@kanzlei-hemmerich.de,
Fotorecht Heidelberg Andreas Forsthoff,Ausbildung Rechtsanwaltsfachangestellte,Heidelberg,http://fotorecht-heidelberg.de/der-anwalt/ausbildung-rechtsanwaltsfachangestellte-in-heidelberg/,2026-04-24,info@fotorecht-heidelberg.de,
MELCHERS Rechtsanwälte Partnerschaftsgesellschaft mbB,Referendarinnen / Referendare (m/w/d),Frankfurt /Main,https://www.melchers-law.com/karriere/,2026-04-24,personalffm@melchers-law.com,
"Martti Schübel, Rechtsanwalt",Rechtsanwalt (m/w/d),Heilbronn,http://www.anwaltskanzlei-schuebel.de/karriere.html,2026-04-24,,
"Lefmann Manfred, Tobias Nachbichler, Thomas Wittmann Rechtsanwälte",Jobangebote,Zentrale/Unbekannt,https://jobs.sellwerk.de/karriere,2026-04-24,2026-04-24,
"Lefmann Manfred, Tobias Nachbichler, Thomas Wittmann Rechtsanwälte",Offene Stellen bei SELLWERK,Mehrere Standorte,https://jobs.sellwerk.de/karriere,2026-04-24,,
"r den Beruf des RechtsanwaltsGehilfen und RechtsanwaltsFachangestellten,Ingolstadt,https://hsk-anwaelte.de/karriere/,2026-04-24,2026-04-24,kanzlei@hsk-rae.de",,,,,,
TOPJUS Rechtsanwälte Kupferschmid & Partner mbB,Rechtsanwalt (m/w/d),Pfaffenhofen an der Ilm,https://www.topjus.de/job/rechtsanwalt-m-w-d/,2026-04-24,,
SCHORK KAUFFMANN BREMENKAMP - Rechtsanwälte-Fachanwälte,Rechtsanwältin/Rechtsanwalt (m/w/d) für privates Bau- und Architektenrecht sowie Miet- und Wohnungseigentumsrecht – Karlsruhe,Karlsruhe,https://skb-legal.com/job/rechtsanwaeltin-rechtsanwalt-m-w-d-fuer-privates-bau-und-architektenrecht-sowie-miet-und-wohnungseigentumsrecht-karlsruhe/,2026-04-24,,
SCHORK KAUFFMANN BREMENKAMP - Rechtsanwälte-Fachanwälte,Mitarbeiter/in Empfang und Telefon (m/w/d) – Karlsruhe,Karlsruhe,https://skb-legal.com/job/mitarbeiter-in-empfang-und-telefon-m-w-d/,2026-04-24,,
SCHORK KAUFFMANN BREMENKAMP - Rechtsanwälte-Fachanwälte,Rechtsanwältin/Rechtsanwalt (m/w/d) für Handels- und Gesellschaftsrecht und Wirtschaftsrecht – Karlsruhe,Karlsruhe,https://skb-legal.com/job/rechtsanwaeltin-rechtsanwalt-m-w-d-fuer-handels-und-gesellschaftsrecht-und-wirtschaftsrecht-karlsruhe/,2026-04-24,,
SCHORK KAUFFMANN BREMENKAMP - Rechtsanwälte-Fachanwälte,Buchhalter/in (m/w/d) – Karlsruhe,Karlsruhe,https://skb-legal.com/job/buchhalter-in-m-w-d-karlsruhe/,2026-04-24,,
SCHORK KAUFFMANN BREMENKAMP - Rechtsanwälte-Fachanwälte,"Rechtsanwaltsfachangestellte, Diplom-Jurist/in oder Wirtschaftsjurist/in (jeweils m/w/d) – Karlsruhe",Karlsruhe,https://skb-legal.com/job/rechtsanwaltsfachangestellte-diplom-jurist-in-oder-wirtschaftsjurist-in-jeweils-m-w-d-karlsruhe/,2026-04-24,,
SCHORK KAUFFMANN BREMENKAMP - Rechtsanwälte-Fachanwälte,Verkehrsunfallsachbearbeiter/in (m/w/d) – Karlsruhe,Karlsruhe,https://skb-legal.com/job/verkehrsunfallsachbearbeiterin-karlsruhe-m-w-d/,2026-04-24,,
SCHORK KAUFFMANN BREMENKAMP - Rechtsanwälte-Fachanwälte,Rechtsanwaltsfachangestellte/n oder Rechtsfachwirt/in (jeweils m/w/d) – Stuttgart / Karlsruhe,Stuttgart,https://skb-legal.com/job/rechtsanwalt-m-w-d-stuttgart-karlsruhe/,2026-04-24,,
SCHORK KAUFFMANN BREMENKAMP - Rechtsanwälte-Fachanwälte,Rechtsanwaltsfachangestellte/n oder Rechtsfachwirt/in (jeweils m/w/d) – Stuttgart / Karlsruhe,Karlsruhe,https://skb-legal.com/job/rechtsanwalt-m-w-d-stuttgart-karlsruhe/,2026-04-24,,
SCHORK KAUFFMANN BREMENKAMP - Rechtsanwälte-Fachanwälte,Rechtsanwältin / Rechtsanwalt (m/w/d) – Karlsruhe,Karlsruhe,https://skb-legal.com/job/rechtsanwalt-m-w-d-karlsruhe/,2026-04-24,,
Caemmerer Lenz Rechtsanwälte Wirtschaftsprüfer Steuerberater PartG mbB,Rechtsanwalt/Rechtsanwältin im Familienrecht (w/m/d),Karlsruhe,https://www.caemmerer-lenz.de/karriere-und-ausbildung/stellenanzeige-rechtsanwalt-rechtsanwaeltin-im-familienrecht-w-m-d,2026-04-24,karlsruhe@caemmerer-lenz.de,karlsruhe@caemmerer-lenz.de
Caemmerer Lenz Rechtsanwälte Wirtschaftsprüfer Steuerberater PartG mbB,Anwaltsassistenz (m/w/d),Karlsruhe,https://www.caemmerer-lenz.de/karriere-und-ausbildung/sekretaerin-m-w-d-caemmererlenz-1/,2026-04-24,karlsruhe@caemmerer-lenz.de,karlsruhe@caemmerer-lenz.de
"r unsere Jahresabschlussabteilung,Karlsruhe,https://voellinger-partner.com/karriere/,2026-04-24,kanzlei@voellinger-partner.de",,,,,,
Völlinger & Partner m.b.B. Steuerberater · Rechtsanwalt,Initiativbewerbung,Karlsruhe,https://voellinger-partner.com/karriere/,2026-04-24,kanzlei@voellinger-partner.de,
Völlinger & Partner m.b.B. Steuerberater · Rechtsanwalt,Initiativbewerbung,Freiburg,https://voellinger-partner.com/karriere/,2026-04-24,kanzlei@voellinger-partner.de,
Völlinger & Partner m.b.B. Steuerberater · Rechtsanwalt,Initiativbewerbung,Durbach,https://voellinger-partner.com/karriere/,2026-04-24,kanzlei@voellinger-partner.de,
Lücke & Partner Partnerschaftsgesellschaft mbB Steuerberater | Rechtsanwälte,"Sachbearbeiter/-in (m/w/d) für die Bereiche JA und Fibu, Lohn und Baulohn",Homeoffice,https://lueckeundpartner.com/karriere/,2026-04-24,2026-04-24,info@luecke-steuerberatung.de
Thomsen Rechtsanwälte Arbeitsrecht Erbrecht Verwaltungsrecht,Rechtsanwälte / Rechtsanwältinnen,Karlsruhe,https://www.thomsen-ra.de/karriere,2026-04-24,,
Brennecke & Partner Rechtsanwälte,"Stellenangebot: wissenschaftlicher Mitarbeiter / wissenschaftliche Mitarbeiterin, ortsungebunden (Teilzeit)",Remote,https://www.brennecke-rechtsanwaelte.de/Stellenangebot-wissenschaftlicher-Mitarbeiter-wissenschaftliche-Mitarbeiterin-ortsungebunden-Teilzeit_194012,2026-04-24,kontakt@fasp.de,
Brennecke & Partner Rechtsanwälte,Nebenjob für Jurastudenten auf Minijob-Basis aus Homeoffice,Remote,https://www.brennecke-rechtsanwaelte.de/Nebenjob-fuer-Jurastudenten-auf-Minijob-Basis-aus-Homeoffice_202084,2026-04-24,kontakt@fasp.de,
Brennecke & Partner Rechtsanwälte,Stellenangebot: Rechtsanwaltsfachangestellte(r) in München oder Homeoffice,Remote,https://www.brennecke-rechtsanwaelte.de/Stellenangebot-Rechtsanwaltsfachangestellter-in-Muenchen-oder-Homeoffice_209499,2026-04-24,kontakt@fasp.de,
Beinert & Partner Rechtsanwälte Partnerschaft mbB,Rechtsanwaltsfachangestellten (m/w/d) ab sofort,Karlsruhe-Durlach,https://www.beinertpartner.de/karriere.html,2026-04-24,karriere@beinertpartner.de,karriere@beinertpartner.de
Tretter Bodenstein,Rechtsanwältinnen und Rechtsanwälte (Initiativbewerbung),Karlsruhe,http://www.tretter-bodenstein.de/karriere,2026-04-24,bewerbung@tretter-bodenstein.de,
Tretter Bodenstein,Rechtsanwaltsfachangestellte/n oder Rechtsfachwirt/in (m/w/d),Karlsruhe-Durlach,https://cdn1.site-media.eu/images/document/25041187/StellenangebotReFA_Web_042026-LUh1XuSAnKe2uU5jrHSjew.pdf,2026-04-24,bewerbung@tretter-bodenstein.de,
Tretter Bodenstein,RECHTSANWALTSFACHANGESTELLTE/N ODER RECHTSFACHWIRT/IN (m/w/d),Karlsruhe,https://cdn1.site-media.eu/images/document/25041187/StellenangebotReFA_Web_042026-LUh1XuSAnKe2uU5jrHSjew.pdf,2026-04-24,2026-04-24,bewerbung@tretter-bodenstein.de
Brand | Müller | Dr. Port - Rechtsanwälte,Rechtsanwaltsfachangestellte (m/w/d),Kassel,https://recht-hs4.de/jobs/,2026-04-24,info@recht-hs4.de,
Kanzlei am Ständeplatz,Notarassistentin/en [m/w/d] oder Quereinsteiger/in [m/w/d],Kassel,http://www.rechtsberatung-kassel.de/karriere/,2026-04-24,pfaffenbach@rechtsberatung-kassel.de,pfaffenbach@rechtsberatung-kassel.de
"Heilig. Notarin, Rechtsanwälte",Anwalts(notar)kollegin/Anwalts(notar)kollege (Initiativbewerbung),Kiel,https://heilig-kiel.de/jobs/,2026-04-24,2026-04-24,bewerbung@heilig-kiel.de
"Heilig. Notarin, Rechtsanwälte",Rechtsanwalts- und Notarfachangestellte/r (m/w/d) (Initiativbewerbung),Kiel,https://heilig-kiel.de/jobs/,2026-04-24,bewerbung@heilig-kiel.de,bewerbung@heilig-kiel.de
"Heilig. Notarin, Rechtsanwälte",Anwalt/Notar (w/m/d) (Initiativbewerbung),Kiel,https://heilig-kiel.de/jobs/,2026-04-24,bewerbung@heilig-kiel.de,
KLÄNER Rechtsanwälte,Rechtsanwaltsfachangestellte (m/w/d) oder Rechtsfachwirte (m/w/d),Remote,https://www.it-anwalt-kanzlei.de/karriere#CTA,2026-04-24,2026-04-24,post@it-anwalt-kanzlei.de
"SSBP Rechtsanwälte & Fachanwälte, Koblenz",Rechtsanwalt (m/w/d),Koblenz,https://ssbp.de/karriere/,2026-04-24,2026-04-24,bewerbung@ssbp.de
"SSBP Rechtsanwälte & Fachanwälte, Koblenz",Rechtsanwaltsfachangestellte (w/m/d) in Vollzeit / Teilzeit,Koblenz,https://ssbp.de/wp-content/uploads/2023/06/Stellenanzeige-Rechtsanwaltsfachangestellte_2023.pdf,2026-04-24,2026-04-24,bewerbung@ssbp.de
"SSBP Rechtsanwälte & Fachanwälte, Koblenz",Referendar (m/w/d),Koblenz,https://ssbp.de/karriere/,2026-04-24,2026-04-24,bewerbung@ssbp.de
"SSBP Rechtsanwälte & Fachanwälte, Koblenz",Auszubildende zur Rechtsanwaltsfachangestellten (m/w/d),Koblenz,https://ssbp.de/karriere/,2026-04-24,2026-04-24,bewerbung@ssbp.de
"SSBP Rechtsanwälte & Fachanwälte, Koblenz",Studentische/r wissenschaftliche/r Mitarbeiter/in,Koblenz,https://ssbp.de/karriere/,2026-04-24,2026-04-24,bewerbung@ssbp.de
V/S Rechtsanwälte | Strafrecht | Verkehrsrecht | in Koblenz,"Strafverteidiger und Anwalt für Verkehrsrecht, Arbeits & Familienrecht",Düsseldorf,https://www.vsrechtsanwaelte.de/kontakt/,2026-04-24,2026-04-24,
ZAK - Rechtsanwälte I Fachanwälte I Rentenberater,Rechtsreferendare (m/w/divers),Zentrale/Unbekannt,https://anwaelte-eu.de/stellenangebote/,2026-04-24,zak@anwaelte-eu.de,
ZAK - Rechtsanwälte I Fachanwälte I Rentenberater,Rechtsanwälte (m/w/divers),Zentrale/Unbekannt,https://anwaelte-eu.de/stellenangebote/,2026-04-24,zak@anwaelte-eu.de,
Rechtsanwaltskanzlei Degen,Rechtsreferendare/ innen für Anwalts- und / oder Wahlstation (Steuerrecht),Koblenz,https://www.rechtsberatung-koblenz.de/kanzlei/jobs/,2026-04-24,info@rechtsberatung-koblenz.de,info@rechtsberatung-koblenz.de
TGH Thomas Rechtsanwälte Partnerschaftsgesellschaft mbB,Engagierte Anwälte (m/w/d) und Berufseinsteiger (m/w/d),Krefeld,https://tgh-thomas.de/karriere/,2026-04-24,info@tgh-thomas.de,
TGH Thomas Rechtsanwälte Partnerschaftsgesellschaft mbB,Engagierte Anwälte (m/w/d) und Berufseinsteiger (m/w/d),Kempen,https://tgh-thomas.de/karriere/,2026-04-24,info@tgh-thomas.de,
TGH Thomas Rechtsanwälte Partnerschaftsgesellschaft mbB,Engagierte Anwälte (m/w/d) und Berufseinsteiger (m/w/d),Kalkar,https://tgh-thomas.de/karriere/,2026-04-24,info@tgh-thomas.de,
TGH Thomas Rechtsanwälte Partnerschaftsgesellschaft mbB,Referendare (m/w/d) für die Anwalts- und/oder Wahlstation,Krefeld,https://tgh-thomas.de/karriere/,2026-04-24,info@tgh-thomas.de,
TGH Thomas Rechtsanwälte Partnerschaftsgesellschaft mbB,Referendare (m/w/d) für die Anwalts- und/oder Wahlstation,Kempen,https://tgh-thomas.de/karriere/,2026-04-24,info@tgh-thomas.de,
TGH Thomas Rechtsanwälte Partnerschaftsgesellschaft mbB,Referendare (m/w/d) für die Anwalts- und/oder Wahlstation,Kalkar,https://tgh-thomas.de/karriere/,2026-04-24,info@tgh-thomas.de,
TGH Thomas Rechtsanwälte Partnerschaftsgesellschaft mbB,Auszubildende Rechtsanwaltsfachangestellte (m/w/d),Krefeld,https://tgh-thomas.de/karriere/,2026-04-24,info@tgh-thomas.de,
TGH Thomas Rechtsanwälte Partnerschaftsgesellschaft mbB,Auszubildende Rechtsanwaltsfachangestellte (m/w/d),Kempen,https://tgh-thomas.de/karriere/,2026-04-24,info@tgh-thomas.de,
TGH Thomas Rechtsanwälte Partnerschaftsgesellschaft mbB,Auszubildende Rechtsanwaltsfachangestellte (m/w/d),Kalkar,https://tgh-thomas.de/karriere/,2026-04-24,info@tgh-thomas.de,
TGH Thomas Rechtsanwälte Partnerschaftsgesellschaft mbB,Praktikumsplätze für Studenten (m/w/d),Krefeld,https://tgh-thomas.de/karriere/,2026-04-24,info@tgh-thomas.de,info@tgh-thomas.de
TGH Thomas Rechtsanwälte Partnerschaftsgesellschaft mbB,Praktikumsplätze für Studenten (m/w/d),Kempen,https://tgh-thomas.de/karriere/,2026-04-24,info@tgh-thomas.de,info@tgh-thomas.de
TGH Thomas Rechtsanwälte Partnerschaftsgesellschaft mbB,Praktikumsplätze für Studenten (m/w/d),Kalkar,https://tgh-thomas.de/karriere/,2026-04-24,info@tgh-thomas.de,info@tgh-thomas.de
TGH Thomas Rechtsanwälte Partnerschaftsgesellschaft mbB,Engagierte Anwälte und Berufseinsteiger (m/w/d),Krefeld,https://tgh-thomas.de/karriere/,2026-04-24,2026-04-24,info@tgh-thomas.de
TGH Thomas Rechtsanwälte Partnerschaftsgesellschaft mbB,Engagierte Anwälte und Berufseinsteiger (m/w/d),Kempen,https://tgh-thomas.de/karriere/,2026-04-24,2026-04-24,info@tgh-thomas.de
TGH Thomas Rechtsanwälte Partnerschaftsgesellschaft mbB,Engagierte Anwälte und Berufseinsteiger (m/w/d),Kalkar,https://tgh-thomas.de/karriere/,2026-04-24,2026-04-24,info@tgh-thomas.de
TGH Thomas Rechtsanwälte Partnerschaftsgesellschaft mbB,Ausbildung Rechtsanwaltsfachangestellte (m/w/d),Krefeld,https://tgh-thomas.de/karriere/,2026-04-24,2026-04-24,info@tgh-thomas.de
TGH Thomas Rechtsanwälte Partnerschaftsgesellschaft mbB,Ausbildung Rechtsanwaltsfachangestellte (m/w/d),Kempen,https://tgh-thomas.de/karriere/,2026-04-24,2026-04-24,info@tgh-thomas.de
TGH Thomas Rechtsanwälte Partnerschaftsgesellschaft mbB,Ausbildung Rechtsanwaltsfachangestellte (m/w/d),Kalkar,https://tgh-thomas.de/karriere/,2026-04-24,2026-04-24,info@tgh-thomas.de
"fte ReFaWi,Homeoffice,https://beaucamp-beaucamp.de/karriere,2026-04-24,s.b@beaucamp-beaucamp.de",,,,,,
RAe Beaucamp & Beaucamp,Rechtsanwaltsfachangestellte (ReFa) / geprüfte Rechtsfachwirtin (ReFaWi),Homeoffice,https://beaucamp-beaucamp.de/karriere,2026-04-24,2026-04-24,s.b@beaucamp-beaucamp.de
RAe Beaucamp & Beaucamp,Volljurist(in) als freie(r) Mitarbeiter(in),Krefeld,https://beaucamp-beaucamp.de/images/pdf/Anzeige-Rechtsanwalt-10.09.2023.pdf,2026-04-24,2026-04-24,s.b@beaucamp-beaucamp.de
Kanzlei BLAZEVSKA,Rechtsanwaltsfachangestellte in Ausbildung oder Vollzeit,Köln,http://www.blazevska.de/team/,2026-04-24,mail@blazevska.de,mail@blazevska.de
Kanzlei BLAZEVSKA,Rechtsanwälte*innen in Vollzeit Anstellung,Köln,http://www.blazevska.de/team/,2026-04-24,mail@blazevska.de,mail@blazevska.de
LHP Rechtsanwälte & Steuerberater,Rechtsanwaltsfachangestellter (m/w/d),Köln,https://afileon.com/stellenangebote/288/rechtsanwaltsfachangestellter-mwd,2026-04-24,karriere@lhp-gruppe.de,karriere@lhp-gruppe.de
REHKATSCH RECHTSANWÄLTE,"Rechtsreferendar (Anwaltsstation, Wahlstation)",Köln,https://rehkatsch.de/kanzlei/rechtsreferendar/,2026-04-24,info@rehkatsch.de,
REHKATSCH RECHTSANWÄLTE,"Rechtsreferendar (Anwaltsstation, Wahlstation)",Berlin,https://rehkatsch.de/kanzlei/rechtsreferendar/,2026-04-24,info@rehkatsch.de,
REHKATSCH RECHTSANWÄLTE,"Rechtsreferendar (Anwaltsstation, Wahlstation)",bundesweit,https://rehkatsch.de/kanzlei/rechtsreferendar/,2026-04-24,info@rehkatsch.de,
KINAST Rechtsanwaltsgesellschaft mbH,Initiativbewerbung (m/w/d),Köln,https://kinast.jobs.personio.de/,2026-04-24,personal@kinast.eu,
KINAST Rechtsanwaltsgesellschaft mbH,Initiativbewerbung (m/w/d),Remote,https://kinast.jobs.personio.de/,2026-04-24,personal@kinast.eu,
Rechtsanwälte Barthel,Wir stellen ein!,Köln,https://www.carlbarthel.de/wir-stellen-ein-2/,2026-04-24,2026-04-24,
Rechtsanwälte Barthel,Wir stellen ein!,Bergheim,https://www.carlbarthel.de/wir-stellen-ein-2/,2026-04-24,2026-04-24,
Rechtsanwälte Barthel,Referendariat,Köln,https://www.carlbarthel.de/wir-stellen-ein-2/,2026-04-24,,
Rechtsanwälte Barthel,Referendariat,Bergheim,https://www.carlbarthel.de/wir-stellen-ein-2/,2026-04-24,,
Kraemer.Law Fachanwaltskanzlei,Auszubildende/r (m/w/d),Bonn,https://www.kraemer.law/karriere/,2026-04-24,2026-04-24,info@kraemer.law
Kraemer.Law Fachanwaltskanzlei,Auszubildende/r (m/w/d),Köln,https://www.kraemer.law/karriere/,2026-04-24,2026-04-24,info@kraemer.law
WILDE.Rechtsanwälte,Rechtsanwalt/-anwältin (m/w/d),Bergisch Gladbach,http://www.wilde-rechtsanwaelte.de/karriere/,2026-04-24,frey@wilde-rechtsanwaelte.de,frey@wilde-rechtsanwaelte.de
Gruneberg Rechtsanwälte,Praktikanten:innen zur Unterstützung unseres Teams,Köln,https://www.gruneberg-rechtsanwaelte.de/karriere/,2026-04-24,,
e-commerce-Kanzlei - Günnewig Rechtsanwälte,Rechtsanwaltsfachangestellte(n) (w/m/d),"Ernst-Reuter-Straße, Hürth-Gleuel",https://e-commerce-kanzlei.de/karriere-und-jobs,2026-04-24,bewerbung@e-commerce-kanzlei.de,
e-commerce-Kanzlei - Günnewig Rechtsanwälte,"Rechtsanwältin / Rechtsanwalt (w/m/d) (Teilzeit, stundenbasiert)",Hürth,https://e-commerce-kanzlei.de/karriere-und-jobs,2026-04-24,bewerbung@e-commerce-kanzlei.de,
e-commerce-Kanzlei - Günnewig Rechtsanwälte,"Rechtsanwältin / Rechtsanwalt (w/m/d) (Teilzeit, stundenbasiert)","Ernst-Reuter-Straße, Hürth-Gleuel",https://e-commerce-kanzlei.de/karriere-und-jobs,2026-04-24,bewerbung@e-commerce-kanzlei.de,
e-commerce-Kanzlei - Günnewig Rechtsanwälte,Rechtsanwältin / Rechtsanwalt (w/m/d) (freie/r Mitarbeiter/in),Hürth,https://e-commerce-kanzlei.de/karriere-und-jobs,2026-04-24,bewerbung@e-commerce-kanzlei.de,
e-commerce-Kanzlei - Günnewig Rechtsanwälte,Rechtsanwältin / Rechtsanwalt (w/m/d) (freie/r Mitarbeiter/in),"Ernst-Reuter-Straße, Hürth-Gleuel",https://e-commerce-kanzlei.de/karriere-und-jobs,2026-04-24,bewerbung@e-commerce-kanzlei.de,
Law Firm for Inheritance - Specialist Lawyer Ralf Mangold,Referendariat,Köln,https://www.erbrecht-mangold.de/kanzlei-erbrecht-koeln/stellenangebote-erbrecht/,2026-04-24,2026-04-24,info@erbrecht-mangold.de
Medla & Baldermann,Rechtsreferendare (m/w/d),Köln,https://www.arbeitsrecht.koeln/karriere/rechtsreferendare-m-w-d/,2026-04-24,2026-04-24,
axis Rechtsanwälte GmbH Rechtsanwaltsgesellschaft,Auszubildende zur/zum Rechtsanwaltsf-achangestellten (m/w/d),Köln,http://www.axisrechtsanwaelte.de/karriere/auszubildende-zur-zum-rechtsanwaltsf-achangestellten-m-w-d,2026-04-24,info@axis.de,
Schlun & Elseven Lawyers,Rechtsanwältinnen und Rechtsanwälte (m/w/d) - Migrations- und Staatsangehörigkeitsrecht,Aachen,https://se-legal.de/karriere/#stellenanzeigen-ra,2026-04-24,karriere@se-legal.de,
Schlun & Elseven Lawyers,Rechtsanwältinnen und Rechtsanwälte (m/w/d) - Migrations- und Staatsangehörigkeitsrecht,Köln,https://se-legal.de/karriere/#stellenanzeigen-ra,2026-04-24,karriere@se-legal.de,
Schlun & Elseven Lawyers,Rechtsanwältinnen und Rechtsanwälte (m/w/d) - Migrations- und Staatsangehörigkeitsrecht,Düsseldorf,https://se-legal.de/karriere/#stellenanzeigen-ra,2026-04-24,karriere@se-legal.de,
Schlun & Elseven Lawyers,Rechtsanwältinnen und Rechtsanwälte (m/w/d) - Global Mobility,Aachen,https://se-legal.de/karriere/#stellenanzeigen-ra,2026-04-24,karriere@se-legal.de,
Schlun & Elseven Lawyers,Rechtsanwältinnen und Rechtsanwälte (m/w/d) - Global Mobility,Köln,https://se-legal.de/karriere/#stellenanzeigen-ra,2026-04-24,karriere@se-legal.de,
Schlun & Elseven Lawyers,Rechtsanwältinnen und Rechtsanwälte (m/w/d) - Global Mobility,Düsseldorf,https://se-legal.de/karriere/#stellenanzeigen-ra,2026-04-24,karriere@se-legal.de,
Schlun & Elseven Lawyers,Rechtsanwältinnen und Rechtsanwälte (m/w/d) - Gesellschaftsrecht,Aachen,https://se-legal.de/karriere/#stellenanzeigen-ra,2026-04-24,karriere@se-legal.de,
Schlun & Elseven Lawyers,Rechtsanwältinnen und Rechtsanwälte (m/w/d) - Gesellschaftsrecht,Köln,https://se-legal.de/karriere/#stellenanzeigen-ra,2026-04-24,karriere@se-legal.de,
Schlun & Elseven Lawyers,Rechtsanwältinnen und Rechtsanwälte (m/w/d) - Gesellschaftsrecht,Düsseldorf,https://se-legal.de/karriere/#stellenanzeigen-ra,2026-04-24,karriere@se-legal.de,
Maibaum Rechtsanwalts GmbH,kaufmännische*r Angestellte*r gesucht! Bürokaufmann*frau/ kaufmännische*r Angestellte*r (m/w/d),Köln,https://www.ra-maibaum.de/karriere/,2026-04-24,maibaum@ra-maibaum.de,
HELIS Kanzlei für Verkehrsrecht,Rechtsanwaltsfachangestellte (m/w/d),Hürth,http://helis24.de/stellenangebote.html,2026-04-24,2026-04-24,heger@helis24.de
HELIS Kanzlei für Verkehrsrecht,Rechtsanwälte (m/w/d),Hürth,http://helis24.de/stellenangebote.html,2026-04-24,2026-04-24,heger@helis24.de
Haintz legal Rechtsanwalts GmbH,Rechtsanwalt/Rechtsanwältin,Deutschland,https://www.haintz-legal.de/karriere,2026-04-24,2026-04-24,kanzlei@haintz-legal.de
Haintz legal Rechtsanwalts GmbH,Rechtsanwalt/Rechtsanwältin,Köln,https://www.haintz-legal.de/karriere,2026-04-24,2026-04-24,kanzlei@haintz-legal.de
Haintz legal Rechtsanwalts GmbH,Rechtsanwalt/Rechtsanwältin,Stuttgart,https://www.haintz-legal.de/karriere,2026-04-24,2026-04-24,kanzlei@haintz-legal.de
Haintz legal Rechtsanwalts GmbH,Rechtsanwalt/Rechtsanwältin,Frankfurt am Main,https://www.haintz-legal.de/karriere,2026-04-24,2026-04-24,kanzlei@haintz-legal.de
Haintz legal Rechtsanwalts GmbH,Rechtsanwalt/Rechtsanwältin,International,https://www.haintz-legal.de/karriere,2026-04-24,2026-04-24,kanzlei@haintz-legal.de
Haintz legal Rechtsanwalts GmbH,Mitarbeiter*in (deutschlandweit / international),Köln,https://www.haintz-legal.de/karriere,2026-04-24,mailto-kanzlei@haintz-legal.de,
Haintz legal Rechtsanwalts GmbH,Mitarbeiter*in (deutschlandweit / international),Stuttgart,https://www.haintz-legal.de/karriere,2026-04-24,mailto-kanzlei@haintz-legal.de,
Haintz legal Rechtsanwalts GmbH,Mitarbeiter*in (deutschlandweit / international),Frankfurt am Main,https://www.haintz-legal.de/karriere,2026-04-24,mailto-kanzlei@haintz-legal.de,
Haintz legal Rechtsanwalts GmbH,Mitarbeiter*in (deutschlandweit / international),Deutschlandweit,https://www.haintz-legal.de/karriere,2026-04-24,mailto-kanzlei@haintz-legal.de,
Haintz legal Rechtsanwalts GmbH,Mitarbeiter*in (deutschlandweit / international),International,https://www.haintz-legal.de/karriere,2026-04-24,mailto-kanzlei@haintz-legal.de,
VAN BÜHREN & KLUTINIUS,Rechtsreferendare (Wahl- und Rechtsanwaltsstation),Zentrale/Unbekannt,https://www.vanbuehren.de/unsere-sozietaet/karriere,2026-04-24,2026-04-24,rae@vanbuehren.de
VAN BÜHREN & KLUTINIUS,Ausbildungsplätze als Rechtsanwaltsfachangestellte/r,Zentrale/Unbekannt,https://www.vanbuehren.de/unsere-sozietaet/karriere,2026-04-24,2026-04-24,rae@vanbuehren.de
Rechtsanwaltskanzlei Dr. Aziz Kaba,Jura-Studierende (Pflichtpraktikum) (Initiativbewerbung),Bergisch Gladbach,http://www.dr-kaba.de/#tm-top-d,2026-04-24,2026-04-24,
Rechtsanwaltskanzlei Dr. Aziz Kaba,Referendarinnen und Referendare (Initiativbewerbung),Bergisch Gladbach,http://www.dr-kaba.de/#tm-top-d,2026-04-24,2026-04-24,
Rechtsanwaltskanzlei Dr. Aziz Kaba,Initiativbewerbung: Erasmus-Studierende,Bergisch Gladbach,http://www.dr-kaba.de/#tm-top-d,2026-04-24,,
Rechtsanwaltskanzlei Dr. Aziz Kaba,Initiativbewerbung: Jura-Studierende (Pflichtpraktikum),Bergisch Gladbach,http://www.dr-kaba.de/#tm-top-d,2026-04-24,,
Rechtsanwaltskanzlei Dr. Aziz Kaba,Initiativbewerbung: Referendar/in (Station),Bergisch Gladbach,http://www.dr-kaba.de/#tm-top-d,2026-04-24,,
Dr. Fingerle Rechtsanwälte GbR,Stellen AnwältInnen,Leipzig,https://dr-fingerle.de/stellen-anwaelte/,2026-04-24,mail@dr-fingerle.de,mail@dr-fingerle.de
Dr. Fingerle Rechtsanwälte GbR,Stellen AnwältInnen,Stuttgart,https://dr-fingerle.de/stellen-anwaelte/,2026-04-24,mail@dr-fingerle.de,mail@dr-fingerle.de
Dr. Fingerle Rechtsanwälte GbR,Stellen RechtsreferendarInnen,Leipzig,https://dr-fingerle.de/stellen-rechtsreferendare/,2026-04-24,mail@dr-fingerle.de,mail@dr-fingerle.de
Dr. Fingerle Rechtsanwälte GbR,Stellen RechtsreferendarInnen,Stuttgart,https://dr-fingerle.de/stellen-rechtsreferendare/,2026-04-24,mail@dr-fingerle.de,mail@dr-fingerle.de
Fachanwalt für Mietrecht Herwig Schöffler,Fachanwalt/-in für Arbeitsrecht (m/w/d),Homeoffice,https://www.rechtsanwalt-schoeffler.de/karriere/#jobs,2026-04-24,2026-04-24,post@rechtsanwalt-schoeffler.de
Fachanwalt für Mietrecht Herwig Schöffler,Fachanwalt/-in für Miet- und WEG-Recht (m/w/d),Homeoffice,https://www.rechtsanwalt-schoeffler.de/karriere/#jobs,2026-04-24,2026-04-24,post@rechtsanwalt-schoeffler.de
Fachanwalt für Mietrecht Herwig Schöffler,Fachanwalt/-in für Arbeitsrecht (m/w/d),100% Remote (Homeoffice),https://www.rechtsanwalt-schoeffler.de/karriere/#jobs,2026-04-24,post@rechtsanwalt-schoeffler.de,
Fachanwalt für Mietrecht Herwig Schöffler,Fachanwalt/-in für Miet- und WEG-Recht (m/w/d),100% Remote (Homeoffice),https://www.rechtsanwalt-schoeffler.de/karriere/#jobs,2026-04-24,post@rechtsanwalt-schoeffler.de,
ZOLLER RECHTSANWÄLTE,Mitarbeiter,Leipzig,https://www.zoller-rechtsanwaelte.de/,2026-04-24,2026-04-24,kanzlei@zoller-rechtsanwaelte.de
ZOLLER RECHTSANWÄLTE,Mitarbeiter (Initiativbewerbung),Leipzig,https://www.zoller-rechtsanwaelte.de/,2026-04-24,kanzlei@zoller-rechtsanwaelte.de,
NFP Rechtsanwälte,Student der Rechtswissenschaften (Praktikum),Leipzig,https://www.nfp-kanzlei.de/karriere/,2026-04-24,karriere@nfp-kanzlei.de,
NFP Rechtsanwälte,Praktikum (Rechtswissenschaften),Leipzig,https://www.nfp-kanzlei.de/karriere/,2026-04-24,2026-04-24,karriere@nfp-kanzlei.de
STAPPER | JACOBI | SCHÄDLICH RECHTSANWÄLTE - PARTNERSCHAFT,Initiativbewerbung,Bundesweit,https://stapper.in/team/karriere/,2026-04-24,2026-04-24,haym@stapper.in
STAPPER | JACOBI | SCHÄDLICH RECHTSANWÄLTE - PARTNERSCHAFT,Initiativbewerbung,Leipzig,https://stapper.in/team/karriere/,2026-04-24,2026-04-24,haym@stapper.in
Stolzenburg Ingo,Country-Manager/-in Italien,Leipzig,https://www.anwaltinfos.de/jobs.html,2026-04-24,2026-04-24,
Stolzenburg Ingo,Country-Manager/-in Spanien,Leipzig,https://www.anwaltinfos.de/jobs.html,2026-04-24,2026-04-24,
Stolzenburg Ingo,Country-Manager/-in Frankreich,Leipzig,https://www.anwaltinfos.de/jobs.html,2026-04-24,2026-04-24,
Stolzenburg Ingo,Country-Manager/-in UK,Leipzig,https://www.anwaltinfos.de/jobs.html,2026-04-24,2026-04-24,
Stolzenburg Ingo,Country-Manager/-in USA,Leipzig,https://www.anwaltinfos.de/jobs.html,2026-04-24,2026-04-24,
STOLPE Rechtsanwälte - Fachanwälte,Rechtsanwalt (m/w/d),Leipzig,https://www.stolpe-rechtsanwaelte.de/karriere.html,2026-04-25,2026-04-25,bewerbung@stolpe-rechtsanwaelte.de
STOLPE Rechtsanwälte - Fachanwälte,Rechtsanwalt (m/w/d),Chemnitz,https://www.stolpe-rechtsanwaelte.de/karriere.html,2026-04-25,2026-04-25,bewerbung@stolpe-rechtsanwaelte.de
Kanzlei Drews | Steuerberater & Rechtsanwalt,Mitarbeiter (m/w/d),Zwickau,http://formulare.steuerberatung-drews.de/antrag-zur-ergaenzung-eures-teams/,2026-04-25,2026-04-25,
"Mourkojannis, Mörschner Rechtsanwälte | MM-LAW",Büroassistenz (m/w/d) auf Minijob-Basis oder in Teilzeit (15 Stunden/Woche),Bonn,https://www.mm-law.de/ueber-mm-law/karriere/ueber-mm-law/karriere/,2026-04-25,2026-04-25,info@mm-law.de
Lawyers Kühner & Löffler,Rechtsanwältin/Rechtsanwalt in Teilzeit (20-30h wöchentlich),Ludwigshafen/Rhein,https://rechtsanwalt-mannheim-ludwigshafen.de/stellenangebote/,2026-04-25,info@kuehner-loeffler.de,info@kuehner-loeffler.de
Lawyers Kühner & Löffler,Rechtsreferendar (Pflichtstation Rechtsberatung und Wahlstation),Ludwigshafen/Rhein,https://rechtsanwalt-mannheim-ludwigshafen.de/stellenangebote/,2026-04-25,2026-04-25,info@kuehner-loeffler.de
Lawyers Kühner & Löffler,Rechtsreferendare in der Pflichtstation Rechtsberatung und in der Wahlstation,Ludwigshafen/Rhein,https://rechtsanwalt-mannheim-ludwigshafen.de/stellenangebote/,2026-04-25,info@kuehner-loeffler.de,
Albers und Coll.,Ausbildung zur/zum Rechtsanwaltsfachangestellten,Ludwigshafen/Rhein,https://www.albers-coll.com/karriere/,2026-04-25,kanzlei@albers-coll.com,
Albers und Coll.,Ausbildung zur/zum Rechtsanwaltsfachangestellten,Ludwigshafen,https://www.albers-coll.com/karriere/,2026-04-25,2026-04-25,info@albers-coll.com
Alexander Klein,ReferendarIn (m/w/d),Ludwigshafen,https://www.kanzlei13.de/ausbildungen,2026-04-25,info@kanzlei13.de,info@kanzlei13.de
Alexander Klein,Praktikum (m/w/d),Ludwigshafen,https://www.kanzlei13.de/ausbildungen,2026-04-25,2026-04-25,info@kanzlei13.de
Alexander Klein,PraktikantIn (m/w/d),Ludwigshafen,https://www.kanzlei13.de/ausbildungen,2026-04-25,info@kanzlei13.de,
Anwaltskanzlei Finke Kaiser Fuchs,Kollege/in gesucht,Bad Salzuflen,https://fkf-luebeck.de/kollege-in-gesucht/,2026-04-25,kontakt@kanzlei-fkf.de,
Anwaltskanzlei Finke Kaiser Fuchs,Kollege/in gesucht,Enger,https://fkf-luebeck.de/kollege-in-gesucht/,2026-04-25,kontakt@kanzlei-fkf.de,
abante Rechtsanwälte,Buchhalter:in / Abrech­nungs­fach­kraft (m/w/d),Leipzig,https://abante.de/karriere/,2026-04-25,personal@abante.de,
abante Rechtsanwälte,Rechts­an­walt (m/w/d) am Kanz­lei­stand­ort Mag­de­burg,Magdeburg,https://abante.de/karriere/,2026-04-25,personal@abante.de,
abante Rechtsanwälte,Rechts­an­walt (m/w/d),Leipzig,https://abante.de/karriere/,2026-04-25,personal@abante.de,
abante Rechtsanwälte,Rechts­an­walts­fach­an­ge­stell­te (m/w/d),Leipzig,https://abante.de/karriere/,2026-04-25,personal@abante.de,
Gamroth§Lang Rechtsanwälte in Bürogemeinschaft,"Auszubildende, Studenten und Referendare",Magdeburg,https://www.magdeburg-anwalt.de/offene-stellen/,2026-04-25,2026-04-25,
Kanzlei Krahmer und Krug,ReFa,Magdeburg,https://rechtsanwalt-magdeburg.de/kontakt/,2026-04-25,info@rechtsanwalt-magdeburg.de,
Kanzlei Krahmer und Krug,Rechtsanwaltsfachangestellte (ReFa),Magdeburg,https://rechtsanwalt-magdeburg.de/kontakt/,2026-04-25,2026-04-25,info@rechtsanwalt-magdeburg.de
BERNARD KORN & PARTNER Rechtsanwälte und Fachanwälte in Mainz,Rechtsanwälte (m/w/d) mit Fachanwaltszulassung/-Lehrgang,Remote,https://www.ckb-anwaelte.de/stellenangebote/,2026-04-25,2026-04-25,bernard@ckb-anwaelte.de
BERNARD KORN & PARTNER Rechtsanwälte und Fachanwälte in Mainz,Rechtsreferendare (m/w/d),Remote,https://www.ckb-anwaelte.de/stellenangebote/,2026-04-25,2026-04-25,bernard@ckb-anwaelte.de
BERNARD KORN & PARTNER Rechtsanwälte und Fachanwälte in Mainz,Wissenschaftliche Mitarbeiter (m/w/d),Remote,https://www.ckb-anwaelte.de/stellenangebote/,2026-04-25,2026-04-25,bernard@ckb-anwaelte.de
BERNARD KORN & PARTNER Rechtsanwälte und Fachanwälte in Mainz,Rechtsanwaltsfachangestellte (m/w/d),Remote,https://www.ckb-anwaelte.de/stellenangebote/,2026-04-25,2026-04-25,bernard@ckb-anwaelte.de
Rohwedder & Partner,Rechtsreferendare,Mainz,https://rohwedder-partner.de/karriere/,2026-04-25,info@rohwedder-partner.de,
Rohwedder & Partner,Auszubildende,Mainz,https://rohwedder-partner.de/karriere/,2026-04-25,info@rohwedder-partner.de,
Kanzlei Plutte,"Wissenschaftliche Mitarbeiter (m/w/d) "", ",Mainz,https://www.ra-plutte.de/karriere/stellenanzeige-wissenschaftliche-mitarbeiter-m-w-d-it-ip-media/,2026-04-25,info@ra-plutte.de,
"{,Mainz,https://www.ra-plutte.de/karriere/stellenanzeige-wissenschaftliche-mitarbeiter-m-w-d-it-ip-media/,2026-04-25,2026-04-25,",,,,,,
"Rechtsanwälte Schmenger, Greß",Auszubildende/r Rechtsanwaltsfachangestellte/r,Mainz,https://rechtsverkehr.de/stellenanzeige/,2026-04-25,info@rechtsverkehr.de,
NATALELLO - Rechtsanwalt für Arbeitsrecht & Wirtschaftsrecht,Mentorenprogramm für Studenten (m/w/d) und Referendare,Mainz,https://natalello.de/karriere/,2026-04-25,info@natalello.de,
"Rechtsanwälte Schmenger, Greß",Auszubildende als Rechtsanwaltsfachangestellte/r,Mainz,https://rechtsverkehr.de/stellenanzeige/,2026-04-25,2026-04-25,info@rechtsverkehr.de
NATALELLO - Rechtsanwalt für Arbeitsrecht & Wirtschaftsrecht,Mentorenprogramm für Studenten und Referendare (m/w/d),Mainz,https://natalello.de/karriere/,2026-04-25,2026-04-25,info@natalello.de
"Rechtsanwälte Dr. Caspers, Mock und Partner mbB Mainz",Mitarbeiter Personal (m/w/d),Koblenz,https://www.caspers-mock.de/stellenangebote/personal.html,2026-04-25,2026-04-25,
"Rechtsanwälte Dr. Caspers, Mock und Partner mbB Mainz",Mitarbeiter Personal (m/w/d),Frankfurt,https://www.caspers-mock.de/stellenangebote/personal.html,2026-04-25,2026-04-25,
"Rechtsanwälte Dr. Caspers, Mock und Partner mbB Mainz",Mitarbeiter Personal (m/w/d),Bonn,https://www.caspers-mock.de/stellenangebote/personal.html,2026-04-25,2026-04-25,
"Rechtsanwälte Dr. Caspers, Mock und Partner mbB Mainz",Mitarbeiter Personal (m/w/d),Köln,https://www.caspers-mock.de/stellenangebote/personal.html,2026-04-25,2026-04-25,
"Rechtsanwälte Dr. Caspers, Mock und Partner mbB Mainz",Mitarbeiter Personal (m/w/d),Saarbrücken,https://www.caspers-mock.de/stellenangebote/personal.html,2026-04-25,2026-04-25,
"Rechtsanwälte Dr. Caspers, Mock und Partner mbB Mainz",Mitarbeiter Personal (m/w/d),Mainz,https://www.caspers-mock.de/stellenangebote/personal.html,2026-04-25,2026-04-25,
"Rechtsanwälte Dr. Caspers, Mock und Partner mbB Mainz",Mitarbeiter Personal (m/w/d),Düsseldorf,https://www.caspers-mock.de/stellenangebote/personal.html,2026-04-25,2026-04-25,
"Rechtsanwälte Dr. Caspers, Mock und Partner mbB Mainz",Mitarbeiter Personal (m/w/d),Wiesbaden,https://www.caspers-mock.de/stellenangebote/personal.html,2026-04-25,2026-04-25,
"Rechtsanwälte Dr. Caspers, Mock und Partner mbB Mainz",Mitarbeiter Marketing (m/w/d),Koblenz,https://www.caspers-mock.de/stellenangebote/marketing.html,2026-04-25,2026-04-25,
"Rechtsanwälte Dr. Caspers, Mock und Partner mbB Mainz",Mitarbeiter Marketing (m/w/d),Frankfurt,https://www.caspers-mock.de/stellenangebote/marketing.html,2026-04-25,2026-04-25,
"Rechtsanwälte Dr. Caspers, Mock und Partner mbB Mainz",Mitarbeiter Marketing (m/w/d),Bonn,https://www.caspers-mock.de/stellenangebote/marketing.html,2026-04-25,2026-04-25,
"Rechtsanwälte Dr. Caspers, Mock und Partner mbB Mainz",Mitarbeiter Marketing (m/w/d),Köln,https://www.caspers-mock.de/stellenangebote/marketing.html,2026-04-25,2026-04-25,
"Rechtsanwälte Dr. Caspers, Mock und Partner mbB Mainz",Mitarbeiter Marketing (m/w/d),Saarbrücken,https://www.caspers-mock.de/stellenangebote/marketing.html,2026-04-25,2026-04-25,
"Rechtsanwälte Dr. Caspers, Mock und Partner mbB Mainz",Mitarbeiter Marketing (m/w/d),Mainz,https://www.caspers-mock.de/stellenangebote/marketing.html,2026-04-25,2026-04-25,
"Rechtsanwälte Dr. Caspers, Mock und Partner mbB Mainz",Mitarbeiter Marketing (m/w/d),Düsseldorf,https://www.caspers-mock.de/stellenangebote/marketing.html,2026-04-25,2026-04-25,
"Rechtsanwälte Dr. Caspers, Mock und Partner mbB Mainz",Mitarbeiter Marketing (m/w/d),Wiesbaden,https://www.caspers-mock.de/stellenangebote/marketing.html,2026-04-25,2026-04-25,
"Rechtsanwälte Kolb, Blickhan & Parter | Datenschutzrecht | IT-Recht | Markenrecht | Urheber- und Medienrecht","Rechtsanwalt IP, IT- und Datenschutzrecht (m/w/d)",Darmstadt,https://kolb-blickhan-partner.de/karriere/rechtsanwalt-ip-it-und-datenschutzrecht/,2026-04-25,,
"Rechtsanwälte Kolb, Blickhan & Parter | Datenschutzrecht | IT-Recht | Markenrecht | Urheber- und Medienrecht","Rechtsanwalt IP, IT- und Datenschutzrecht (m/w/d)",Mainz,https://kolb-blickhan-partner.de/karriere/rechtsanwalt-ip-it-und-datenschutzrecht/,2026-04-25,,
"Rechtsanwälte Kolb, Blickhan & Parter | Datenschutzrecht | IT-Recht | Markenrecht | Urheber- und Medienrecht","Rechtsanwalt IP, IT- und Datenschutzrecht (m/w/d)",Mannheim,https://kolb-blickhan-partner.de/karriere/rechtsanwalt-ip-it-und-datenschutzrecht/,2026-04-25,,
"Rechtsanwälte Kolb, Blickhan & Parter | Datenschutzrecht | IT-Recht | Markenrecht | Urheber- und Medienrecht","Wissenschaftlicher Mitarbeiter (Doktorand) (m/w/d) IP, IT-Recht",Darmstadt,https://kolb-blickhan-partner.de/karriere/wissenschaftlicher-mitarbeiter-doktorand-m-w-d-ip-it-recht/,2026-04-25,,
"Rechtsanwälte Kolb, Blickhan & Parter | Datenschutzrecht | IT-Recht | Markenrecht | Urheber- und Medienrecht","Wissenschaftlicher Mitarbeiter (Doktorand) (m/w/d) IP, IT-Recht",Mainz,https://kolb-blickhan-partner.de/karriere/wissenschaftlicher-mitarbeiter-doktorand-m-w-d-ip-it-recht/,2026-04-25,,
"Rechtsanwälte Kolb, Blickhan & Parter | Datenschutzrecht | IT-Recht | Markenrecht | Urheber- und Medienrecht","Wissenschaftlicher Mitarbeiter (Doktorand) (m/w/d) IP, IT-Recht",Mannheim,https://kolb-blickhan-partner.de/karriere/wissenschaftlicher-mitarbeiter-doktorand-m-w-d-ip-it-recht/,2026-04-25,,
"mannheim.law – Rechtsanwälte: Azize Ekinci, LL.M., Eckhard Geiß, Michael Bender",Rechtsanwalt / Rechtsanwältin (m/w/d) zur Partnerschaftsübernahme,Mannheim,https://mannheim.law/partnerschaft,2026-04-25,2026-04-25,mail@mannheim.law
"mannheim.law – Rechtsanwälte: Azize Ekinci, LL.M., Eckhard Geiß, Michael Bender",Rechtsanwalt / Rechtsanwältin (m/w/d) zur Partnerschaftsübernahme,Köln,https://mannheim.law/partnerschaft,2026-04-25,2026-04-25,mail@mannheim.law
Zander Rechtsanwälte Mannheim - Fachanwalt Arbeitsrecht und Familienrecht,Rechtsanwaltsfachangestellte (ReFa) (m/w/d),Mannheim,https://www.zander-rechtsanwaelte.de/karriere,2026-04-25,fz@zander-recht.de,
Zander Rechtsanwälte Mannheim - Fachanwalt Arbeitsrecht und Familienrecht,Studentische Hilfskraft (m/w/d),Mannheim,https://www.zander-rechtsanwaelte.de/karriere,2026-04-25,fz@zander-recht.de,
Zander Rechtsanwälte Mannheim - Fachanwalt Arbeitsrecht und Familienrecht,Referendar (m/w/d),Mannheim,https://www.zander-rechtsanwaelte.de/karriere,2026-04-25,fz@zander-recht.de,
BIEBINGER - Wirtschaftskanzlei,Initiativbewerbung als Anwalt,Mannheim,https://www.biebinger.de/kanzlei/karriere,2026-04-25,2026-04-25,job@biebinger.de
Rittershaus – Lawyers partnership company MBB,Partnerassistent/-in (m/w/d) im öffentlichen Recht,München,http://www.rittershaus.net/karriere-1/kanzlei-weiter-auf-erfolgskurs-wir-verstaerken-uns.html,2026-04-25,muc@rittershaus.net,
HEITFELD plus Rechtsanwälte,Fachanwalt für Arbeitsrecht,Mannheim,https://www.heitfeldplus.de/karriere/,2026-04-25,2026-04-25,de@heitfeldplus.de
HEITFELD plus Rechtsanwälte,Rechtsanwalt,Mannheim,https://www.heitfeldplus.de/karriere/,2026-04-25,2026-04-25,de@heitfeldplus.de
HEITFELD plus Rechtsanwälte,Assessor,Mannheim,https://www.heitfeldplus.de/karriere/,2026-04-25,2026-04-25,de@heitfeldplus.de
HEITFELD plus Rechtsanwälte,Rechtsreferendar,Mannheim,https://www.heitfeldplus.de/karriere/,2026-04-25,2026-04-25,de@heitfeldplus.de
HEITFELD plus Rechtsanwälte,Refa,Mannheim,https://www.heitfeldplus.de/karriere/,2026-04-25,2026-04-25,de@heitfeldplus.de
Sauerheber & Zimmer,Anwalt (m/w/d) in Bürogemeinschaft,Mannheim,http://www.sauerheber-zimmer.de/stellenangebot.html,2026-04-25,kanzlei@sauerheber-zimmer.de,
BWS legal Rechtsanwälte Partnerschaftsgesellschaft mbB,Bürokraft (m/w/d),Mönchengladbach,https://bws-legal.de,2026-04-25,info@bws-legal.de,
Kapellmann und Partner Rechtsanwälte mbB Mönchengladbach,Rechtsanwälte (m/w/d),Zentrale/Unbekannt,https://kapellmann.de/de/karriere/rechtsanwaelte-m/w/d,2026-04-25,2026-04-25,karriere@kapellmann.de
Kapellmann und Partner Rechtsanwälte mbB Mönchengladbach,Referendare und Wissenschaftliche Mitarbeiter (m/w/d),Zentrale/Unbekannt,https://kapellmann.de/de/karriere/referendare-und-wissenschaftliche-mitarbeiter-m/w/d,2026-04-25,2026-04-25,karriere@kapellmann.de
Kapellmann und Partner Rechtsanwälte mbB Mönchengladbach,Assistenz,Zentrale/Unbekannt,https://kapellmann.de/de/karriere/assistenz,2026-04-25,2026-04-25,karriere@kapellmann.de
Kapellmann und Partner Rechtsanwälte mbB Mönchengladbach,Business Services,Zentrale/Unbekannt,https://kapellmann.de/de/karriere/business-services,2026-04-25,2026-04-25,karriere@kapellmann.de
Kapellmann und Partner Rechtsanwälte mbB Mönchengladbach,Auszubildende,Zentrale/Unbekannt,https://kapellmann.de/de/karriere/auszubildende,2026-04-25,2026-04-25,karriere@kapellmann.de
Anwaltskanzlei Herfet & Özpolat Rechtsanwälte PartGmbB in Mönchengladbach,Rechtsanwalt (m/w/d) für Herfet und Özpolat Rechtsanwälte PartGmbB,Mönchengladbach,https://herfet-oezpolat.de/karriere/,2026-04-25,2026-04-25,v.duismann@herfet-oezpolat.de
Hollender Lampe Lampe Rechtsanwälte,Büromitarbeiter (m/w/d),Zentrale/Unbekannt,http://www.hollender-partner.de/index.php?module=forms&op=download_file&file=/navigationblocks/95/95_2663_stellenausschreibung-refa-2025.pdf&filename=stellenausschreibung-refa-2025.pdf,2026-04-25,post@hollender-partner.de,
Backes & Backes Rechtsanwälte,Rechtsanwaltsfachangestellte/r (w/m/d),Zentrale/Unbekannt,https://zweibackes.de/karriere/,2026-04-25,mail@zweibackes.de,
Rechtsanwälte & Notar Dr. Keller Mülheim an der Ruhr,Rechtsanwalt (W/M/D) Vollzeit,Mülheim/Ruhr,https://rechtsanwaltnotardrkeller.scope-recruiting.de/,2026-04-25,2026-04-25,bewerbung@rae-drkeller.de
Rechtsanwälte & Notar Dr. Keller Mülheim an der Ruhr,Rechtsanwalt (W/M/D) Vollzeit inkl. Prozessführung,Mülheim/Ruhr,https://rechtsanwaltnotardrkeller.scope-recruiting.de/,2026-04-25,2026-04-25,bewerbung@rae-drkeller.de
Balduin Pfnür & Partners Lawyers Tax Consultants,Auszubildende (m/w/d) als Rechtsanwaltsfachangestellte,Mülheim an der Ruhr,https://www.balduin-partner.de/karriere/,2026-04-25,karriere@balduin-partner.de,
Glock Liphart Probst & Partner Rechtsanwälte MBB,Auszubildende,Zentrale/Unbekannt,https://glock-liphart-probst.de/karriere/aktuelle-stellenangebote/,2026-04-25,2026-04-25,
Glock Liphart Probst & Partner Rechtsanwälte MBB,Rechtsanwältinnen und Rechtsanwälte,München,https://glock-liphart-probst.de/karriere/rechtsanwaeltinnen-und-rechtsanwaelte/,2026-04-25,,
Glock Liphart Probst & Partner Rechtsanwälte MBB,Rechtsanwaltsfachangestellte,München,https://glock-liphart-probst.de/karriere/rechtsanwaltsfachangestellte/,2026-04-25,,
Glock Liphart Probst & Partner Rechtsanwälte MBB,Referendarinnen und Referendare,München,https://glock-liphart-probst.de/karriere/referendare/,2026-04-25,,
Glock Liphart Probst & Partner Rechtsanwälte MBB,Wissenschaftliche Mitarbeiter,München,https://glock-liphart-probst.de/karriere/wissenschaftliche-mitarbeiter/,2026-04-25,,
ZIRNGIBL Rechtsanwälte Partnerschaft mbB,Rechtsanwalt (m/w/d) Arbeitsrecht,München,https://zirngibl.de/karriere/,2026-04-25,,
ZIRNGIBL Rechtsanwälte Partnerschaft mbB,Rechtsanwaltsfachangestellte (m/w/d),BER,https://zirngibl.de/karriere/,2026-04-25,2026-04-25,
ZIRNGIBL Rechtsanwälte Partnerschaft mbB,Rechtsanwaltsfachangestellte (m/w/d) in Vollzeit oder Teilzeit,MUC,https://zirngibl.de/karriere/,2026-04-25,2026-04-25,
ZIRNGIBL Rechtsanwälte Partnerschaft mbB,AI & Digital Innovation Manager (m/w/d),MUC,https://zirngibl.de/karriere/,2026-04-25,2026-04-25,
ZIRNGIBL Rechtsanwälte Partnerschaft mbB,Rechtsanwalt (m/w/d) Arbeitsrecht,MUC,https://zirngibl.de/karriere/,2026-04-25,2026-04-25,
ZIRNGIBL Rechtsanwälte Partnerschaft mbB,Rechtsanwalt (m/w/d) Bau- und Immobilienrecht,MUC,https://zirngibl.de/karriere/,2026-04-25,2026-04-25,
ZIRNGIBL Rechtsanwälte Partnerschaft mbB,"Rechtsanwalt (m/w/d) - Informationstechnologie, Datenrecht und Digitalisierung",MUC,https://zirngibl.de/karriere/,2026-04-25,2026-04-25,
ZIRNGIBL Rechtsanwälte Partnerschaft mbB,Rechtsanwalt (m/w/d) für Gesellschaftsrecht - Berufseinstieg,MUC,https://zirngibl.de/karriere/,2026-04-25,2026-04-25,
ZIRNGIBL Rechtsanwälte Partnerschaft mbB,Rechtsanwalt (m/w/d) für Gesellschaftsrecht / M&A,MUC,https://zirngibl.de/karriere/,2026-04-25,2026-04-25,
ZIRNGIBL Rechtsanwälte Partnerschaft mbB,Rechtsreferendare (m/w/d),MUC,https://zirngibl.de/karriere/,2026-04-25,2026-04-25,
ZIRNGIBL Rechtsanwälte Partnerschaft mbB,Initiativbewerbung,MUC,https://zirngibl.de/karriere/,2026-04-25,2026-04-25,
ZIRNGIBL Rechtsanwälte Partnerschaft mbB,Initiativbewerbung,BER,https://zirngibl.de/karriere/,2026-04-25,2026-04-25,
Law firm Brown & Associates,Fachanwältin oder Fachanwalt für ERBRECHT (m/w/d),München,https://www.braun-kollegen.de/karriere/,2026-04-25,kanzlei@braun-kollegen.de,
erhard.rechtsanwälte Fachanwälte für IT- und Strafrecht,Rechtsreferendare in der Anwalts- oder Wahlstation,München,https://rechtsanwalt-erhard.de/karriere/,2026-04-25,erhard@rechtsanwalt-erhard.de,erhard@rechtsanwalt-erhard.de
Keller Menz Rechtsanwälte PartG MBB,Leidenschaftlicher Gestalter (m/w/d),München,http://www.keller-menz.de/karriere/,2026-04-25,thilo.grieshaber@keller-menz.de,
Keller Menz Rechtsanwälte PartG MBB,Rechtsreferendare (m/w/d) für Arbeitsrecht (Nebentätigkeit),München,http://www.keller-menz.de/karriere/,2026-04-25,thilo.grieshaber@keller-menz.de,
Keller Menz Rechtsanwälte PartG MBB,Rechtsreferendare (m/w/d) im Arbeitsrecht,München,http://www.keller-menz.de/karriere/,2026-04-25,2026-04-25,thilo.grieshaber@keller-menz.de
Templer & Partner,Referendar (m/w/d),München,https://www.templer.de/karriere.html,2026-04-25,2026-04-25,mail@templer.de
"Rechtsanwalt Tim Eller - Arbeitsrecht, Urheberrecht, Medienrecht, Filesharing",Studenten/innen (Pflichtpraktikum),München,http://www.kanzlei-glockenbachviertel.de/stellenausschreibung/,2026-04-25,2026-04-25,eller@kanzlei-glockenbachviertel.de
"Rechtsanwalt Tim Eller - Arbeitsrecht, Urheberrecht, Medienrecht, Filesharing",Studenten/innen (Pflichtpraktikum),Heidelberg,http://www.kanzlei-glockenbachviertel.de/stellenausschreibung/,2026-04-25,2026-04-25,eller@kanzlei-glockenbachviertel.de
"Rechtsanwalt Tim Eller - Arbeitsrecht, Urheberrecht, Medienrecht, Filesharing",Studenten/innen (Pflichtpraktikum),Osnabrück,http://www.kanzlei-glockenbachviertel.de/stellenausschreibung/,2026-04-25,2026-04-25,eller@kanzlei-glockenbachviertel.de
"Rechtsanwalt Tim Eller - Arbeitsrecht, Urheberrecht, Medienrecht, Filesharing",Referendaren/innen,München,http://www.kanzlei-glockenbachviertel.de/stellenausschreibung/,2026-04-25,2026-04-25,eller@kanzlei-glockenbachviertel.de
"Rechtsanwalt Tim Eller - Arbeitsrecht, Urheberrecht, Medienrecht, Filesharing",Referendaren/innen,Heidelberg,http://www.kanzlei-glockenbachviertel.de/stellenausschreibung/,2026-04-25,2026-04-25,eller@kanzlei-glockenbachviertel.de
"Rechtsanwalt Tim Eller - Arbeitsrecht, Urheberrecht, Medienrecht, Filesharing",Referendaren/innen,Osnabrück,http://www.kanzlei-glockenbachviertel.de/stellenausschreibung/,2026-04-25,2026-04-25,eller@kanzlei-glockenbachviertel.de
"Rechtsanwalt Tim Eller - Arbeitsrecht, Urheberrecht, Medienrecht, Filesharing",wissenschaftlichen Mitarbeitern/innen,München,http://www.kanzlei-glockenbachviertel.de/stellenausschreibung/,2026-04-25,2026-04-25,eller@kanzlei-glockenbachviertel.de
"Rechtsanwalt Tim Eller - Arbeitsrecht, Urheberrecht, Medienrecht, Filesharing",wissenschaftlichen Mitarbeitern/innen,Heidelberg,http://www.kanzlei-glockenbachviertel.de/stellenausschreibung/,2026-04-25,2026-04-25,eller@kanzlei-glockenbachviertel.de
"Rechtsanwalt Tim Eller - Arbeitsrecht, Urheberrecht, Medienrecht, Filesharing",wissenschaftlichen Mitarbeitern/innen,Osnabrück,http://www.kanzlei-glockenbachviertel.de/stellenausschreibung/,2026-04-25,2026-04-25,eller@kanzlei-glockenbachviertel.de
"Rechtsanwalt Tim Eller - Arbeitsrecht, Urheberrecht, Medienrecht, Filesharing",Student/in für Pflichtpraktikum,München,http://www.kanzlei-glockenbachviertel.de/stellenausschreibung/,2026-04-25,eller@kanzlei-glockenbachviertel.de,
"Rechtsanwalt Tim Eller - Arbeitsrecht, Urheberrecht, Medienrecht, Filesharing",Student/in für Pflichtpraktikum,Heidelberg,http://www.kanzlei-glockenbachviertel.de/stellenausschreibung/,2026-04-25,eller@kanzlei-glockenbachviertel.de,
"Rechtsanwalt Tim Eller - Arbeitsrecht, Urheberrecht, Medienrecht, Filesharing",Student/in für Pflichtpraktikum,Osnabrück,http://www.kanzlei-glockenbachviertel.de/stellenausschreibung/,2026-04-25,eller@kanzlei-glockenbachviertel.de,
(§) Harlander & Partner Rechtsanwälte GmbH,Rechtsanwalt / Rechtsanwältin,Salzburg,https://harlander-partner.eu/karriere/ra/,2026-04-25,2026-04-25,office@harlander-partner.eu
Artz & Partner Rechtsanwälte PartG mbB,Rechtsanwaltsfachangestellte/n,Zentrale/Unbekannt,https://www.artz-partner.de/karriere/,2026-04-25,2026-04-25,info@artz-partner.de
Artz & Partner Rechtsanwälte PartG mbB,Praktikant,Zentrale/Unbekannt,https://www.artz-partner.de/karriere/,2026-04-25,2026-04-25,info@artz-partner.de
Artz & Partner Rechtsanwälte PartG mbB,Student,Zentrale/Unbekannt,https://www.artz-partner.de/karriere/,2026-04-25,2026-04-25,info@artz-partner.de
Artz & Partner Rechtsanwälte PartG mbB,Referendar,Zentrale/Unbekannt,https://www.artz-partner.de/karriere/,2026-04-25,2026-04-25,info@artz-partner.de
Firm Dr. Cichon & Partner,Rechtsanwaltsfachangestellte (m/w/d),München,https://www.kanzlei-wkns.de/ausbildung-job-anwaltskanzlei/,2026-04-25,2026-04-25,info@kanzlei-wkns.de
Firm Dr. Cichon & Partner,Auszubildende zur Rechtsanwaltsfachangestellten (m/w/d),München,https://www.kanzlei-wkns.de/ausbildung-job-anwaltskanzlei/,2026-04-25,2026-04-25,info@kanzlei-wkns.de
horak Rechtsanwälte/Fachanwälte/Patentanwälte München,Patentingineure,Hannover,http://www.bwlh.de/anwaltskanzlei/Anwaltsnews/Stellenangebote/Patentingenieure/patentingenieure.html,2026-04-25,horak@bwlh.de,
horak Rechtsanwälte/Fachanwälte/Patentanwälte München,Patentingineure,Berlin,http://www.bwlh.de/anwaltskanzlei/Anwaltsnews/Stellenangebote/Patentingenieure/patentingenieure.html,2026-04-25,horak@bwlh.de,
horak Rechtsanwälte/Fachanwälte/Patentanwälte München,Patentingineure,Bielefeld,http://www.bwlh.de/anwaltskanzlei/Anwaltsnews/Stellenangebote/Patentingenieure/patentingenieure.html,2026-04-25,horak@bwlh.de,
horak Rechtsanwälte/Fachanwälte/Patentanwälte München,Patentingineure,Bremen,http://www.bwlh.de/anwaltskanzlei/Anwaltsnews/Stellenangebote/Patentingenieure/patentingenieure.html,2026-04-25,horak@bwlh.de,
horak Rechtsanwälte/Fachanwälte/Patentanwälte München,Patentingineure,Düsseldorf,http://www.bwlh.de/anwaltskanzlei/Anwaltsnews/Stellenangebote/Patentingenieure/patentingenieure.html,2026-04-25,horak@bwlh.de,
horak Rechtsanwälte/Fachanwälte/Patentanwälte München,Patentingineure,Frankfurt,http://www.bwlh.de/anwaltskanzlei/Anwaltsnews/Stellenangebote/Patentingenieure/patentingenieure.html,2026-04-25,horak@bwlh.de,
horak Rechtsanwälte/Fachanwälte/Patentanwälte München,Patentingineure,Hamburg,http://www.bwlh.de/anwaltskanzlei/Anwaltsnews/Stellenangebote/Patentingenieure/patentingenieure.html,2026-04-25,horak@bwlh.de,
horak Rechtsanwälte/Fachanwälte/Patentanwälte München,Patentingineure,Leipzig,http://www.bwlh.de/anwaltskanzlei/Anwaltsnews/Stellenangebote/Patentingenieure/patentingenieure.html,2026-04-25,horak@bwlh.de,
horak Rechtsanwälte/Fachanwälte/Patentanwälte München,Patentingineure,München,http://www.bwlh.de/anwaltskanzlei/Anwaltsnews/Stellenangebote/Patentingenieure/patentingenieure.html,2026-04-25,horak@bwlh.de,
horak Rechtsanwälte/Fachanwälte/Patentanwälte München,Patentingineure,Stuttgart,http://www.bwlh.de/anwaltskanzlei/Anwaltsnews/Stellenangebote/Patentingenieure/patentingenieure.html,2026-04-25,horak@bwlh.de,
Pöhlmann · Früchtl · Oppermann Rechtsanwälte PartmbB,Insolvenzsachbearbeiter für Unternehmensinsolvenzen u. natürliche Personen (m/w/d),Nürnberg,https://pfo-anwaelte.de/stellenangebote/insolvenzsachbearbeiter-fuer-unternehmensinsolvenzen-u-natuerliche-personen-m-w-d/,2026-04-25,2026-04-25,
Pöhlmann · Früchtl · Oppermann Rechtsanwälte PartmbB,Auszubildende/r zum/zur Rechtsanwaltsfachangestellten (m/w/d),Neustadt,https://pfo-anwaelte.de/stellenangebote/auszubildende-r-zum-zur-rechtsanwaltsfachangestellten-m-w-d/,2026-04-25,2026-04-25,
Cuocolo Avvocati - Die Kanzlei für Italienisches Recht in München,Avvocato für italienisches Recht,Karlsruhe,https://cuocolo-legal.com/de/kontakt/,2026-04-25,info@avvcuocolo.com,info@avvcuocolo.com
Cuocolo Avvocati - Die Kanzlei für Italienisches Recht in München,Avvocato für italienisches Recht,München,https://cuocolo-legal.com/de/kontakt/,2026-04-25,info@avvcuocolo.com,info@avvcuocolo.com
Cuocolo Avvocati - Die Kanzlei für Italienisches Recht in München,Avvocato für italienisches Recht,Düsseldorf,https://cuocolo-legal.com/de/kontakt/,2026-04-25,info@avvcuocolo.com,info@avvcuocolo.com
Witting - Contzen & Kollegen,Referendar (m/w/d) - Schwerpunkt Strafrecht,München,http://www.leokanzlei.de/karriere,2026-04-25,werning@leokanzlei.de,
Witting - Contzen & Kollegen,Referendar (m/w/d) - Schwerpunkt Zivilrecht,München,http://www.leokanzlei.de/karriere,2026-04-25,raschmidt@leokanzlei.de,
Rechtsanwaltskanzlei Weber,Rechtsanwält:in,München,https://familum.de/karriere/,2026-04-25,bewerbung@familum.de,
Rechtsanwaltskanzlei Weber,Rechtsanwält:in,Düsseldorf,https://familum.de/karriere/,2026-04-25,bewerbung@familum.de,
Rechtsanwaltskanzlei Weber,Rechtsanwält:in,Berlin,https://familum.de/karriere/,2026-04-25,bewerbung@familum.de,
Rechtsanwaltskanzlei Weber,Rechtsanwält:in,Hamburg,https://familum.de/karriere/,2026-04-25,bewerbung@familum.de,
Rechtsanwaltskanzlei Weber,Mitarbeiter:in,München,https://familum.de/karriere/,2026-04-25,bewerbung@familum.de,
Rechtsanwaltskanzlei Weber,Mitarbeiter:in,Düsseldorf,https://familum.de/karriere/,2026-04-25,bewerbung@familum.de,
Rechtsanwaltskanzlei Weber,Mitarbeiter:in,Berlin,https://familum.de/karriere/,2026-04-25,bewerbung@familum.de,
Rechtsanwaltskanzlei Weber,Mitarbeiter:in,Hamburg,https://familum.de/karriere/,2026-04-25,bewerbung@familum.de,
Kanzlei Scheibler,Auszubildende (m/w/d) zur Rechtsanwaltsfachangestellten,Ismaning,https://www.scheibler.de/karriere/,2026-04-25,karriere@scheibler.de,
Kanzlei Scheibler,Praktikanten (m/w/d) (Schüler- oder Studentenpraktikum),Ismaning,https://www.scheibler.de/karriere/,2026-04-25,karriere@scheibler.de,
Kanzlei Breitfeld & Walter,Rechtsanwalt/Rechtsanwältin (m/w/d),Karlsfeld,https://kanzlei-breitfeld-walter.de/stellenangebote/,2026-04-25,2026-04-25,mail@kanzlei-breitfeld-walter.de
Kanzlei Breitfeld & Walter,Rechtsanwalt/Rechtsanwältin (m/w/d),Dachau,https://kanzlei-breitfeld-walter.de/stellenangebote/,2026-04-25,2026-04-25,mail@kanzlei-breitfeld-walter.de
Kanzlei Freihöfer - Ihr Patientenanwalt für Arzthaftung und Behandlungsfehler,Rechtsanwalt (m/w/d) in Vollzeit im spannenden Bereich Medizinrecht/Arzthaftung!,Hamburg,https://www.patientenanwalt-freihoefer.de/ueber-uns/karriere/,2026-04-25,2026-04-25,karriere@kanzlei-freihoefer.de
Kanzlei Freihöfer - Ihr Patientenanwalt für Arzthaftung und Behandlungsfehler,Rechtsanwalt (m/w/d),Hamburg,https://www.patientenanwalt-freihoefer.de/ueber-uns/karriere/,2026-04-25,karriere@kanzlei-freihoefer.de,
Kerger & Partner Rechtsanwälte PartG,Auszubildender/e zur Rechtsanwaltsfachangestelle/n (m/w/d),Gauting bei Starnberg,https://kanzlei-kerger.de/service/,2026-04-25,f.kerger@kanzlei-kerger.de,f.kerger@kanzlei-kerger.de
WBG,Ausbildungsplätze für ein Verbundstudium (Steuerfachangestellte/r und Studium der Betriebswirtschaftslehre/Bachelor),München,https://wbg-kanzlei.de/kontakt/,2026-04-25,,
Meidert & Kollegen Rechtsanwälte Partnerschaft,Rechtsanwalt im Wirtschaftsrecht (m/w/d),Augsburg,https://www.karriere-meidert-kollegen.de/stellen/rechtsanwalt-im-wirtschaftsrecht-m-w-d,2026-04-25,2026-04-25,bewerbung@meidert-kollegen.de
Meidert & Kollegen Rechtsanwälte Partnerschaft,Rechtsanwalt im Wirtschaftsrecht (m/w/d),München,https://www.karriere-meidert-kollegen.de/stellen/rechtsanwalt-im-wirtschaftsrecht-m-w-d,2026-04-25,2026-04-25,bewerbung@meidert-kollegen.de
Meidert & Kollegen Rechtsanwälte Partnerschaft,Rechtsanwalt im Wirtschaftsrecht (m/w/d),Kempten,https://www.karriere-meidert-kollegen.de/stellen/rechtsanwalt-im-wirtschaftsrecht-m-w-d,2026-04-25,2026-04-25,bewerbung@meidert-kollegen.de
Meidert & Kollegen Rechtsanwälte Partnerschaft,Rechtsanwalt im Erbrecht (m/w/d),Augsburg,https://www.karriere-meidert-kollegen.de/stellen/rechtsanwalt-im-erbrecht-m-w-d,2026-04-25,2026-04-25,bewerbung@meidert-kollegen.de
Meidert & Kollegen Rechtsanwälte Partnerschaft,Rechtsanwalt im Erbrecht (m/w/d),München,https://www.karriere-meidert-kollegen.de/stellen/rechtsanwalt-im-erbrecht-m-w-d,2026-04-25,2026-04-25,bewerbung@meidert-kollegen.de
Meidert & Kollegen Rechtsanwälte Partnerschaft,Rechtsanwalt im Erbrecht (m/w/d),Kempten,https://www.karriere-meidert-kollegen.de/stellen/rechtsanwalt-im-erbrecht-m-w-d,2026-04-25,2026-04-25,bewerbung@meidert-kollegen.de
Meidert & Kollegen Rechtsanwälte Partnerschaft,Rechtsanwalt im Familienrecht (m/w/d),Augsburg,https://www.karriere-meidert-kollegen.de/stellen/rechtsanwalt-im-familienrecht-m-w-d,2026-04-25,2026-04-25,bewerbung@meidert-kollegen.de
Meidert & Kollegen Rechtsanwälte Partnerschaft,Rechtsanwalt im Familienrecht (m/w/d),München,https://www.karriere-meidert-kollegen.de/stellen/rechtsanwalt-im-familienrecht-m-w-d,2026-04-25,2026-04-25,bewerbung@meidert-kollegen.de
Meidert & Kollegen Rechtsanwälte Partnerschaft,Rechtsanwalt im Familienrecht (m/w/d),Kempten,https://www.karriere-meidert-kollegen.de/stellen/rechtsanwalt-im-familienrecht-m-w-d,2026-04-25,2026-04-25,bewerbung@meidert-kollegen.de
Meidert & Kollegen Rechtsanwälte Partnerschaft,Rechtsanwaltsfachangestellte (m/w/d),Augsburg,https://www.karriere-meidert-kollegen.de/stellen/rechtsanwaltsfachangestellte-m-w-d,2026-04-25,2026-04-25,bewerbung@meidert-kollegen.de
Meidert & Kollegen Rechtsanwälte Partnerschaft,Rechtsanwaltsfachangestellte (m/w/d),München,https://www.karriere-meidert-kollegen.de/stellen/rechtsanwaltsfachangestellte-m-w-d,2026-04-25,2026-04-25,bewerbung@meidert-kollegen.de
Meidert & Kollegen Rechtsanwälte Partnerschaft,Rechtsanwaltsfachangestellte (m/w/d),Kempten,https://www.karriere-meidert-kollegen.de/stellen/rechtsanwaltsfachangestellte-m-w-d,2026-04-25,2026-04-25,bewerbung@meidert-kollegen.de
Meidert & Kollegen Rechtsanwälte Partnerschaft,Rechtsanwaltsfachangestellte (m/w/d) - Leitung Zwangsvollstreckungsabteilung,Augsburg,https://www.karriere-meidert-kollegen.de/stellen/rechtsanwaltsfachangestellte-m-w-d---leitung-zwangsvollstreckungsabteilung,2026-04-25,2026-04-25,bewerbung@meidert-kollegen.de
Meidert & Kollegen Rechtsanwälte Partnerschaft,Rechtsanwaltsfachangestellte (m/w/d) - Leitung Zwangsvollstreckungsabteilung,München,https://www.karriere-meidert-kollegen.de/stellen/rechtsanwaltsfachangestellte-m-w-d---leitung-zwangsvollstreckungsabteilung,2026-04-25,2026-04-25,bewerbung@meidert-kollegen.de
Meidert & Kollegen Rechtsanwälte Partnerschaft,Rechtsanwaltsfachangestellte (m/w/d) - Leitung Zwangsvollstreckungsabteilung,Kempten,https://www.karriere-meidert-kollegen.de/stellen/rechtsanwaltsfachangestellte-m-w-d---leitung-zwangsvollstreckungsabteilung,2026-04-25,2026-04-25,bewerbung@meidert-kollegen.de
Stock + Partner Rechtsanwälte mbB,Rechtsanwalt / Rechtsanwältin,München,https://stock-partner.eu/karriere/,2026-04-25,,
Stock + Partner Rechtsanwälte mbB,Rechtsanwalt / Rechtsanwältin,Hannover,https://stock-partner.eu/karriere/,2026-04-25,,
Stock + Partner Rechtsanwälte mbB,Student / Praktikant (m/w/d),München,https://stock-partner.eu/karriere/,2026-04-25,katharina.janka@stock-partner.eu,
Stock + Partner Rechtsanwälte mbB,Referendarin / Referendar,München,https://stock-partner.eu/karriere/,2026-04-25,2026-04-25,katharina.janka@stock-partner.eu
Stock + Partner Rechtsanwälte mbB,Referendarin / Referendar,Hannover,https://stock-partner.eu/karriere/,2026-04-25,2026-04-25,katharina.janka@stock-partner.eu
Stock + Partner Rechtsanwälte mbB,Studentische Aushilfe / Praktikant,München,https://stock-partner.eu/karriere/,2026-04-25,2026-04-25,katharina.janka@stock-partner.eu
Angerbauer Lindauer Hauf Rath Rechtsanwälte I Steuerberater Partnerschaftsgesellschaft mbB,Initiativbewerbung,München,https://www.alhr.de/karriere-2/,2026-04-25,2026-04-25,
Angerbauer Lindauer Hauf Rath Rechtsanwälte I Steuerberater Partnerschaftsgesellschaft mbB,Mitarbeiter im Fachbereich Steuern,München,https://www.alhr.de/karriere-2/,2026-04-25,2026-04-25,
SSM Sandmair Patentanwälte Rechtsanwälte Partnerschaft mbB,Initiativbewerbung (m/w/d),München,https://ssmpatent.de/karriere-patentanwalt-muenchen-jobs-bei-ssm-patent/,2026-04-25,bewerbung@ssmpatent.de,
mfe. Spezialisten für Arbeitsrecht,Rechtsanwalt (m/w/d),München,https://mfe-arbeitsrecht.de/karriere/rechtsanwalt-m-w-d/,2026-04-25,arpino@mfe-arbeitsrecht.de,arpino@mfe-arbeitsrecht.de
mfe. Spezialisten für Arbeitsrecht,Rechtsanwalt (m/w/d),Augsburg,https://mfe-arbeitsrecht.de/karriere/rechtsanwalt-m-w-d/,2026-04-25,arpino@mfe-arbeitsrecht.de,arpino@mfe-arbeitsrecht.de
WINHELLER Rechtsanwaltsgesellschaft mbH,"Juristischer Nachwuchs (Referendar, wissenschaftlicher Mitarbeiter oder Berufseinsteiger)",Frankfurt,https://www.winheller.com/karriere/referendare-wissenschaftliche-mitarbeiter.html,2026-04-25,karriere@winheller.com,
WINHELLER Rechtsanwaltsgesellschaft mbH,"Juristischer Nachwuchs (Referendar, wissenschaftlicher Mitarbeiter oder Berufseinsteiger)",Remote,https://www.winheller.com/karriere/referendare-wissenschaftliche-mitarbeiter.html,2026-04-25,karriere@winheller.com,
WINHELLER Rechtsanwaltsgesellschaft mbH,Assistenzkraft / Business Professional (m/w/d),Frankfurt,https://www.winheller.com/karriere/stellenangebote-assistenz.html,2026-04-25,karriere@winheller.com,
WINHELLER Rechtsanwaltsgesellschaft mbH,Assistenzkraft / Business Professional (m/w/d),Remote,https://www.winheller.com/karriere/stellenangebote-assistenz.html,2026-04-25,karriere@winheller.com,
Baumeister Rechtsanwälte Partnerschaft MBB,RECHTSANWALT (m/w/d),Münster,https://www.baumeister.org/karriere/,2026-04-25,gruber@baumeister.org,
"HüttenbrinkPartner Rechtsanwälte mbB | Notar, N. Burke, Dr. Stelzig, Dr. Schiller, Dr. Heinert, Dr. Weber, D. Schulz",Notarfachangestellte (m/w/d),Münster,https://www.huettenbrink.com/karriere,2026-04-25,2026-04-25,bewerbung@nothing-important.huettenbrink.com
"HüttenbrinkPartner Rechtsanwälte mbB | Notar, N. Burke, Dr. Stelzig, Dr. Schiller, Dr. Heinert, Dr. Weber, D. Schulz",Rechtsanwalt (m/w/d) im Bereich des Zivilrechts,Münster,https://www.huettenbrink.com/karriere,2026-04-25,bewerbung@nothing-important.huettenbrink.com,bewerbung@nothing-important.huettenbrink.com
Goldbeck - Fachanwalt für Strafrecht und Rechtsanwalt,Referendar (Anwaltsstation und Wahlstation),Münster,https://rechtsanwalt-goldbeck.de/jobs/,2026-04-25,,
Goldbeck - Fachanwalt für Strafrecht und Rechtsanwalt,Referendar (Anwaltsstation und Wahlstation),Remote,https://rechtsanwalt-goldbeck.de/jobs/,2026-04-25,,
Goldbeck - Fachanwalt für Strafrecht und Rechtsanwalt,Praktikum für Studenten,Münster,https://rechtsanwalt-goldbeck.de/jobs/,2026-04-25,,
Goldbeck - Fachanwalt für Strafrecht und Rechtsanwalt,Praktikum für Studenten,Düsseldorf,https://rechtsanwalt-goldbeck.de/jobs/,2026-04-25,,
Sommerfeld - Majka - Reifig Rechtsanwälte - Notare - Steuerberater,Steuerfachangestellter (m/w/d) - Bis zu 100% Homeoffice,Remote,https://www.sommerfeld-majka.de/karriere/steuerfachangestellter/,2026-04-25,info@sommerfeld.pro,
Rechtsanwälte Krall & Brückmann,Rechtsanwaltsgehilfin (m/w/d) in Teilzeit,Neuss,http://www.familienrecht-kanzlei.de/kanzlei/stellenangebot-rechtsanwaltsgehilfin.php,2026-04-25,kanzlei@familienrecht-kanzlei.de,
Rechtsanwälte Krall & Brückmann,Rechtsanwaltsgehilfin (m/w/d) in Teilzeit,Düsseldorf,http://www.familienrecht-kanzlei.de/kanzlei/stellenangebot-rechtsanwaltsgehilfin.php,2026-04-25,kanzlei@familienrecht-kanzlei.de,
AfA Rechtsanwälte Nürnberg - Arbeitsrecht für Arbeitnehmer,Wissenschaftliche Mitarbeiter und Referendare (m/w/d),Nürnberg,mailto:bewerbung@afa-anwalt.de,2026-04-25,2026-04-25,bewerbung@afa-anwalt.de
AfA Rechtsanwälte Nürnberg - Arbeitsrecht für Arbeitnehmer,Wissenschaftliche Mitarbeiter und Referendare (m/w/d),Frankfurt,mailto:bewerbung@afa-anwalt.de,2026-04-25,2026-04-25,bewerbung@afa-anwalt.de
AfA Rechtsanwälte Nürnberg - Arbeitsrecht für Arbeitnehmer,Wissenschaftliche Mitarbeiter und Referendare (m/w/d),Berlin,mailto:bewerbung@afa-anwalt.de,2026-04-25,2026-04-25,bewerbung@afa-anwalt.de
Rechtsanwälte Dr. Beckstein und Kollegen Partnerschaft mbB,Referendare (m/w/d),Nürnberg,https://www.dr-beckstein.de/karriere-als-test-2/,2026-04-25,mail@dr-beckstein.de,
KSR Rechtsanwaltskanzlei,Initiativbewerbung,Nürnberg,https://ksr-law.de/karriere/,2026-04-25,info@ksr-law.de,info@ksr-law.de
Seifert Bär Rechtsanwälte Partnerschaft mbB,PraktikantInnen (m/w/d) Studierende der Rechtswissenschaft,Nürnberg,https://seifert-baer.de/karriere/,2026-04-25,2026-04-25,info@seifert-baer.de
Seifert Bär Rechtsanwälte Partnerschaft mbB,Rechtsreferendare (m/w/d) für Anwalts- oder Wahlstation,Nürnberg,https://seifert-baer.de/karriere/,2026-04-25,2026-04-25,info@seifert-baer.de
KGH Law Office Nuremberg,Referendare (Praktikum/Volontariat/Nebenbeschäftigung),Nürnberg,https://www.kgh.de/karriere/,2026-04-25,2026-04-25,bewerbung@kgh.de
KGH Law Office Nuremberg,Studenten (Praktikum),Nürnberg,https://www.kgh.de/karriere/,2026-04-25,2026-04-25,bewerbung@kgh.de
"Dr. Reinisch u. Kollegen, Rechtsanwälte",Rechtsreferendar (m/w/d),Nürnberg,http://www.rmk-recht.de/stellen.php,2026-04-25,bewerbungen@rmk-recht.de,
"Dr. Reinisch u. Kollegen, Rechtsanwälte",Praktikum / Werkstudent (m/w/d),Nürnberg,http://www.rmk-recht.de/stellen.php,2026-04-25,bewerbungen@rmk-recht.de,
Dr. Herzog und Partner Rechtsanwälte mbB,Rechtsanwälte*innen,Nürnberg,http://www.rae-herzog-partner.de/karriere,2026-04-25,2026-04-25,mail@rae-herzog-partner.de
Dr. Herzog und Partner Rechtsanwälte mbB,Rechtsanwalt / Rechtsanwältin (Berufseinsteiger),Nürnberg,http://www.rae-herzog-partner.de/karriere,2026-04-25,mail@rae-herzog-partner.de,
Dr. Herzog und Partner Rechtsanwälte mbB,Rechtsanwalt / Rechtsanwältin (erfahren),Nürnberg,http://www.rae-herzog-partner.de/karriere,2026-04-25,mail@rae-herzog-partner.de,
Emschermann / Rechtsanwälte und Notarin in Kooperation,Mitarbeiter (m/w/d) im Notariat,Oberhausen,https://www.kanzlei-ob.de/,2026-04-25,info@kanzlei-ob.de,
Rechtsanwalt Zafer Özkan,Rechtsanwält*in (m/w/d) – Migrationsrecht / Ausländerrecht / Asylrecht / Einbürgerungsrecht,hybrid nach Absprache,https://oezkan.legal/karriere/rechtsanwaeltin-m-w-d-migrationsrecht-auslaenderrecht-asylrecht-einbuergerungsrecht/,2026-04-25,2026-04-25,info@oezkan.legal
Rechtsanwalt Zafer Özkan,Coordinator / Legal Assistant (m/w/d) – Migrationsrecht,hybrid nach Absprache,https://oezkan.legal/karriere/coordinator-legal-assistant-m-w-d-migrationsrecht/,2026-04-25,2026-04-25,info@oezkan.legal
Rechtsanwalt Zafer Özkan,Referendar*in / Wissenschaftliche*r Mitarbeiter*in (m/w/d) – Migrationsrecht,hybrid nach Absprache,https://oezkan.legal/karriere/referendarin-wissenschaftlicher-mitarbeiterin-m-w-d-migrationsrecht/,2026-04-25,2026-04-25,info@oezkan.legal
Kanzlei Dr. Herbert & Koch,Referendariat (Anwalts- oder Wahlstation),Offenbach,https://anwalt-offenbach.de/wordpress/unser-team/,2026-04-25,2026-04-25,info@anwalt-offenbach.de
Rechtsanwälte Dr. A. Herbert & Kollegen,Referendar (m/w/d),Offenbach,https://anwalt-offenbach.de/wordpress/unser-team/,2026-04-25,2026-04-25,info@anwalt-offenbach.de
Knolle Societät Rechtsanwälte PartGmbB,Auszubildende/r (Rechtsanwalts- und Notarfachangestellte/r oder Notarfachangestellte/r),Offenbach am Main,https://knolle.de/#career,2026-04-25,fuchs@knolle.de,
Hillmann & Partner,Rechtsanwaltsfachangestellte (m/w/d) zur Unterstützung in der Sachbearbeitung von Unfallschäden,Oldenburg,https://hillmann-partner.de/kanzlei/stellenangebote/,2026-04-25,info@hillmann-partner.de,
Hillmann & Partner,Rechtsanwaltsfachangestellte (m/w/d) im Bereich eines anwaltlichen Sekretariats,Oldenburg,https://hillmann-partner.de/kanzlei/stellenangebote/,2026-04-25,info@hillmann-partner.de,
Hillmann & Partner,Rechtsanwalt (m/w/d) mit dem Tätigkeitsschwerpunkt im Zivilrecht,Oldenburg,https://hillmann-partner.de/kanzlei/stellenangebote/,2026-04-25,info@hillmann-partner.de,
Wandscher & Partner Rechtsanwälte in PartGmbB and notaries,Ausbildung,Oldenburg,https://endlichrechthaben.de/,2026-04-25,,
"Kreft, Wehage, Schwackenberg & Freericks PartGmbB",Stellenanzeige Notarfachangestellte (m/w/d) oder Notarfachwirtin (m/w/d),Oldenburg,https://www.anwalt-ol.de/karriere-notarfachangestellte/,2026-04-25,bewerbung@anwalt-ol.de,
"Kreft, Wehage, Schwackenberg & Freericks PartGmbB",Rechtsanwalt / Rechtsanwältin (m/w/d) gesucht – Karriere in Oldenburg,Oldenburg,https://www.anwalt-ol.de/rechtsanwalt-rechtsanwaeltin-gesucht-karriere-in-oldenburg/,2026-04-25,bewerbung@anwalt-ol.de,
Rechtsanwälte Vogt & Partner,Rechtsanwalt (m/w/d),Oldenburg,https://www.rae-vogt.de/karriere/,2026-04-25,personal@rae-vogt.de,
Rechtsanwälte und Notare Vogt und Partner,Referendar (m/w/d),Oldenburg,https://www.rae-vogt.de/karriere/,2026-04-25,2026-04-25,personal@rae-vogt.de
Rechtsanwälte und Notare Vogt und Partner,Referendar (m/w/d) Anwalts- oder Wahlstation,Oldenburg,https://www.rae-vogt.de/karriere/,2026-04-25,personal@rae-vogt.de,
"Anwaltspartnerschaft von Appen, Prof. Dr. Fischer, Prof. Schonebeck mbB und Notare",Rechtsanwältin oder Rechtsanwalt,Oldenburg,http://www.rae-vonappen.de/karriere,2026-04-25,2026-04-25,tobias.pancratz@rae-vonappen.de
Kanzlei Roling & Partner,Notarfachangestellte (m/w/d) / Notarfachwirtin (m/w/d),Osnabrück,http://www.roling-partner.de/karriere/karriere/,2026-04-25,info@roling-partner.de,info@roling-partner.de
RAe. Dr. Schmidt & Laute,Notarfachangestellen (w/m/d)/Notarfachwirt (w/m/d) in Vollzeit oder Teilzeit,Osnabrück,https://schmidt-laute.de/wp-content/uploads/2024/09/StellenanzeigeNotariat.pdf,2026-04-25,2026-04-25,info@schmidt-laute.de
HELLMANN Fachanwälte Rechtsanwälte in Partnerschaft mbB,Rechtsreferendare,Osnabrück,https://hellmann-fachanwaelte.de/karriere/,2026-04-25,2026-04-25,kanzlei@hellmann-fachanwaelte.de
Klages und Kollegen eGbR,Auszubildende/r Rechtsanwaltsfachgestellte/r,Osnabrück,https://www.klages-kollegen.de/stellenangebote/,2026-04-25,2026-04-25,willkommen@klages-kollegen.de
Klages und Kollegen eGbR,Auszubildende/r zur Rechtsanwaltsfachangestellten (m/w/d),Osnabrück,https://www.klages-kollegen.de/stellenangebote/,2026-04-25,willkommen@klages-kollegen.de,
Klages und Kollegen eGbR,Auszubildende/r zur Steuerfachangestellten (m/w/d),Osnabrück,https://www.klages-kollegen.de/stellenangebote/,2026-04-25,willkommen@klages-kollegen.de,
PHILEX Anwaltskanzlei - RA Hatzopoulos,Rechtsanwaltsfachangestellte/n (m/w/d) in Teilzeit,Osnabrück,http://www.philex-ak.de/seite/646806/karriere.html,2026-04-25,2026-04-25,info@philex-ak.de
"GRÖNE - Rechtsanwalt Arbeitsrecht, Familienrecht, Erbrecht, Mietrecht, Verkehrsrecht Osnabrück",Notarfachwirt (m/w/d) oder Rechtsanwalts- und Notarfachangestellte/n (m/w/d),Osnabrück,https://ra-groene.de/karriere/,2026-04-25,lohmann@ra-groene.de,
Anwaltskanzlei SVM,Auszubildende/r als Rechtsanwaltsfachangestellte/r (m/w/d) für 2025,Osnabrück,https://kanzlei-svm.de/karriere/,2026-04-25,marx@kanzlei-svm.de,
Dr. Wessel & Plückebaum PartGmbB Rechtsanwälte | Notare,Rechtsanwaltsfachangestellte/r (m/w/d),Paderborn,https://www.wessel-plueckebaum.de/kanzlei/stellenangebote-rechtsanwaltsfachangestellte-r-m-w-d/,2026-04-25,2026-04-25,t.wilmes@anwalt-paderborn.de
Kanzlei im Technologiepark Peter Suminski,"Volljuristin, Juristin, Rechtsanwältin, juristische Mitarbeiterin, Rechtsanwalts- und Notariatsfachangestellte oder Rechtsanwaltsfachangestellte (m/w/x)",Paderborn,https://kanzlei-technologiepark.de/karriere.html,2026-04-25,2026-04-25,suminski@suminski.de
Meyer Arbeitsrecht,Bürofachkraft (m/w/d),Paderborn,https://www.meyer-arbeitsrecht.de/karriere/,2026-04-25,info@meyer-arbeitsrecht.de,info@meyer-arbeitsrecht.de
Meyer Arbeitsrecht,Referendar (m/w/d),Paderborn,https://www.meyer-arbeitsrecht.de/karriere/,2026-04-25,info@meyer-arbeitsrecht.de,info@meyer-arbeitsrecht.de
Meyer Arbeitsrecht,Student (m/w/d) für Anwaltsstation/Promotionsvorhaben,Paderborn,https://www.meyer-arbeitsrecht.de/karriere/,2026-04-25,2026-04-25,info@meyer-arbeitsrecht.de
Meyer Arbeitsrecht,Rechtsanwalt (m/w/d) Schwerpunkt Arbeitsrecht,Paderborn,https://www.meyer-arbeitsrecht.de/karriere/,2026-04-25,info@meyer-arbeitsrecht.de,
Meyer Arbeitsrecht,Student (m/w/d),Paderborn,https://www.meyer-arbeitsrecht.de/karriere/,2026-04-25,info@meyer-arbeitsrecht.de,
KANZLEI § AN DER BURG,Rechtsanwalt/Rechtsanwältin,Salzkotten,https://kanzleianderburg.de/karriere/,2026-04-25,2026-04-25,info@kanzleianderburg.de
KANZLEI § AN DER BURG,Rechtsanwalt/Rechtsanwältin,Paderborn,https://kanzleianderburg.de/karriere/,2026-04-25,2026-04-25,info@kanzleianderburg.de
KANZLEI § AN DER BURG,Rechtsanwalt/Rechtsanwältin,Höxter,https://kanzleianderburg.de/karriere/,2026-04-25,2026-04-25,info@kanzleianderburg.de
KANZLEI § AN DER BURG,Rechtsanwalt/Rechtsanwältin,Bielefeld,https://kanzleianderburg.de/karriere/,2026-04-25,2026-04-25,info@kanzleianderburg.de
KANZLEI § AN DER BURG,Rechtsanwalt/Rechtsanwältin,Warburg,https://kanzleianderburg.de/karriere/,2026-04-25,2026-04-25,info@kanzleianderburg.de
TOP ADAC Anwalt Jost Ferlings ᐅ Rechtsanwalt und Fachanwalt für Verkehrsrecht,ADAC Fachanwalt Verkehrsrecht,Zentrale/Unbekannt,,2026-04-25,,
Schliffka & Schwab - Rechtsanwälte,Rechtsanwalt- Fachangestellte (m/w/d),Pforzheim,https://www.schliffka.de/karriere/#rechtsanwalt-fachangestellte,2026-04-25,kanzlei@schliffka.de,kanzlei@schliffka.de
Ladenburg Neifeind Schmücker & Homann Lawyers,"Rechtsanwälte (m/w/d) für Arbeitsrecht, Bau- und Architektenrecht, Erbrecht/Unternehmensnachfolge, Familienrecht, Wirtschaftsrecht",Pforzheim,http://www.ladenburger.com/de/karriere/,2026-04-25,2026-04-25,niels.jauch@ladenburger.com
"Steenberg Rechtsanwälte - Fachanwalt für Medizinrecht, Fachanwalt für Arbeitsrecht, Fachanwalt für gewerblichen Rechtsschutz",Rechtsanwältin / Rechtsanwalt,Pforzheim,http://www.kanzlei-steenberg.de/jobs/rechtsanw%C3%A4ltin-rechtsanwalt/,2026-04-25,info@kanzlei-steenberg.de,
"Steenberg Rechtsanwälte - Fachanwalt für Medizinrecht, Fachanwalt für Arbeitsrecht, Fachanwalt für gewerblichen Rechtsschutz",Rechtsreferendare (m/w/d),Pforzheim,http://www.kanzlei-steenberg.de/jobs/rechtsreferendare-m-w-d/,2026-04-25,info@kanzlei-steenberg.de,
"Steenberg Rechtsanwälte - Fachanwalt für Medizinrecht, Fachanwalt für Arbeitsrecht, Fachanwalt für gewerblichen Rechtsschutz",Rechtsanwältin / Rechtsanwalt (m/w/d) in Voll- oder Teilzeit,Pforzheim,http://www.kanzlei-steenberg.de/jobs/rechtsanw%C3%A4ltin-rechtsanwalt/,2026-04-25,2026-04-25,info@kanzlei-steenberg.de
"Steenberg Rechtsanwälte - Fachanwalt für Medizinrecht, Fachanwalt für Arbeitsrecht, Fachanwalt für gewerblichen Rechtsschutz",Rechtsreferendare (m/w/d) für die Stationen: Rechtsanwalt I und II oder Wahlstation,Pforzheim,http://www.kanzlei-steenberg.de/jobs/rechtsreferendare-m-w-d/,2026-04-25,2026-04-25,info@kanzlei-steenberg.de
TOP ADAC Anwältin Isabel Leppert ᐅ Rechtsanwältin und Fachanwältin für Verkehrsrecht,Fachanwalt Verkehrsrecht,ADAC,,2026-04-25,2026-04-25,
ilex Rechtsanwälte,Wissenschaftliche Mitarbeiter/Doktoranden,Berlin,https://www.ilex-recht.de/karriere.html,2026-04-25,potsdam@ilex-recht.de,
Rechtsanwältin Dr. S.V. Berndt,Rechtsanwältin/ Rechtsanwalt auf Basis freier Mitarbeit zunächst zum Spitzenabbau mit prospektiv eigenen Arbeitsgebieten,Falkensee,https://www.dr-s-v-berndt.de/jobs/,2026-04-25,2026-04-25,bewerbung@dr-s-v-berndt.de
Rechtsanwältin Dr. S.V. Berndt,Rechtsfachwirtin/ Rechtsfachwirt oder vergleichbarer Befähigungsnachweis vorerst 20 Stunden/ Woche im wesentlichen für branchenspezifische Sachbearbeitung und Vorbereitung im anwaltlichen Bereich nebst Vollstreckung und Mahnwesen,Falkensee,https://www.dr-s-v-berndt.de/jobs/,2026-04-25,2026-04-25,bewerbung@dr-s-v-berndt.de
Katja Damrow lawyer,Mitarbeiter zur Vervollständigung des Teams,Potsdam,https://www.baurecht-potsdam.de/karriere/,2026-04-25,bewerbung@kanzlei-damrow.de,
Rechtsanwältin Dr. S.V. Berndt,Rechtsanwältin/ Rechtsanwalt,Falkensee,https://www.dr-s-v-berndt.de/jobs/,2026-04-25,bewerbung@dr-s-v-berndt.de,
Rechtsanwältin Dr. S.V. Berndt,Rechtsfachwirtin/ Rechtsfachwirt,Falkensee,https://www.dr-s-v-berndt.de/jobs/,2026-04-25,bewerbung@dr-s-v-berndt.de,
Sozietät Hövelmann,Rechtsanwaltsfachangestellte/r (m/w/d),Recklinghausen,https://www.karriere-sozietaethoevelmann.de/karriere/,2026-04-25,kontakt@sozietaet-hoevelmann.de,kontakt@sozietaet-hoevelmann.de
Sozietät Hövelmann,Auszubildende/r Steuerfachangestellte/r (m/w/d),Recklinghausen,https://www.karriere-sozietaethoevelmann.de/karriere/,2026-04-25,kontakt@sozietaet-hoevelmann.de,kontakt@sozietaet-hoevelmann.de
Sozietät Hövelmann,Praktikumsplatz,Recklinghausen,https://www.karriere-sozietaethoevelmann.de/karriere/,2026-04-25,kontakt@sozietaet-hoevelmann.de,kontakt@sozietaet-hoevelmann.de
Sozietät Hövelmann,Steuerfachangestellte/r (Voll- oder Teilzeit),Recklinghausen,https://www.karriere-sozietaethoevelmann.de/karriere/,2026-04-25,kontakt@sozietaet-hoevelmann.de,
Brenninger Welnhofer Riedel & Partner Rechtsanwälte,Mitarbeiterin im Sekretariat unserer Rechtsanwaltskanzlei (m/w/d) in Teilzeit (ca. 20 Stunden/Woche),Regensburg,https://www.bwr-partner.de/rechtsanwalt-regensburg/stellenangebote/,2026-04-25,2026-04-25,riedel@bwr-partner.de
Brenninger Welnhofer Riedel & Partner Rechtsanwälte,Mitarbeiterin im Sekretariat unserer Rechtsanwaltskanzlei (m/w/d) in Teilzeit,Regensburg,https://www.bwr-partner.de/rechtsanwalt-regensburg/stellenangebote/,2026-04-25,riedel@bwr-partner.de,
Brenninger Welnhofer Riedel & Partner Rechtsanwälte,Rechtsreferendare (m/w/d),Regensburg,https://www.bwr-partner.de/rechtsanwalt-regensburg/stellenangebote/,2026-04-25,riedel@bwr-partner.de,
Rechtsanwälte Fachanwälte am Königshof Lippl Betz Dinesen Balles,Ausbildungsplatz,Regensburg,http://www.lgb-recht.com/,2026-04-25,2026-04-25,ra@lgb-recht.com
Eroes & Kollegen Rechtsanwälte / Fachanwälte,Rechtsreferendar (m/w/d) (Anwalts- oder Wahlstation),Regensburg,https://rechtsanwalt-eroes.de/karriere-jobs/,2026-04-25,2026-04-25,info@rechtsanwalt-eroes.de
Eroes & Kollegen Rechtsanwälte / Fachanwälte,Student (m/w/d) für praktische Studienzeit,Regensburg,https://rechtsanwalt-eroes.de/karriere-jobs/,2026-04-25,2026-04-25,info@rechtsanwalt-eroes.de
Eroes & Kollegen Rechtsanwälte / Fachanwälte,Rechtsreferendar (m/w/d),Regensburg,https://rechtsanwalt-eroes.de/karriere-jobs/,2026-04-25,info@rechtsanwalt-eroes.de,
BAT Rechtsanwälte Schmidt Tesseraux Partnerschaft,Auszubildende/n zum/zur Rechtsanwaltsfachangestellten(m/w/d),Regensburg,https://bat-anwaelte.de/karriere/#azubi,2026-04-25,2026-04-25,kanzlei@bat-anwaelte.de
Rechtsanwälte Maar & Kollegen,Initiativbewerbung Rechtsanwaltsfachangestellte (m/w/d),Regensburg,https://www.raemaar.de/Kanzleiteam/stellenangebote.html,2026-04-25,2026-04-25,info@raemaar.de
Rechtsanwälte Maar & Kollegen,Initiativbewerbung Rechtsfachwirte (m/w/d),Regensburg,https://www.raemaar.de/Kanzleiteam/stellenangebote.html,2026-04-25,2026-04-25,info@raemaar.de
Rechtsanwälte Maar & Kollegen,Initiativbewerbung Auszubildende zur/zum Rechtsanwaltsfachangestellten (m/w/d),Regensburg,https://www.raemaar.de/Kanzleiteam/stellenangebote.html,2026-04-25,2026-04-25,info@raemaar.de
Rechtsanwälte Maar & Kollegen,Initiativbewerbung Juristische Studierende / wissenschaftliche Mitarbeitende (m/w/d),Regensburg,https://www.raemaar.de/Kanzleiteam/stellenangebote.html,2026-04-25,2026-04-25,info@raemaar.de
Rechtsanwälte Maar & Kollegen,Juristischen Studierenden / wissenschaftlichen Mitarbeitenden (m/w/d),Regensburg,https://www.raemaar.de/Kanzleiteam/stellenangebote.html,2026-04-25,info@raemaar.de,
Anwaltskanzlei Haizmann & Büttner,Praktikanten,Regensburg,http://www.rahaizmann.de/karriere-und-jobs,2026-04-25,2026-04-25,info@rahaizmann.de
Anwaltskanzlei Haizmann & Büttner,Studenten,Regensburg,http://www.rahaizmann.de/karriere-und-jobs,2026-04-25,2026-04-25,info@rahaizmann.de
Anwaltskanzlei Haizmann & Büttner,Referendaren,Regensburg,http://www.rahaizmann.de/karriere-und-jobs,2026-04-25,2026-04-25,info@rahaizmann.de
Fritz & Partner mbB Rechtsanwälte,Rechtsanwaltsfachangestellter (m/w/d) in Teilzeit oder Vollzeit,Regensburg,https://fritzundpartner.com/karriere/,2026-04-25,bewerbung@fritzundpartner.com,bewerbung@fritzundpartner.com
Rechtsanwältin Verena Bolten,Auszubildende (m/w/d) zum/zur Rechtsanwaltsangestellten,Remscheid,http://www.kanzlei-bolten.de/Stellenangebote/index.html,2026-04-25,2026-04-25,info@kanzlei-bolten.de
Rechtsanwältin Verena Bolten,Auszubildenden (m/w/d) zum/zur Rechtsanwaltsangestellten,Remscheid,http://www.kanzlei-bolten.de/Stellenangebote/index.html,2026-04-25,info@kanzlei-bolten.de,
Benscheid Weckbrodt Kraus Milz,Rechtsanwaltsfachangestellte (w/m/d) in Teil- und Vollzeit,Remscheid,https://www.rechtsanwaelte-benscheid.de/kanzlei/,2026-04-25,info@rechtsanwaelte-benscheid.de,
Kollegium Völker - Rechtsanwälte - Partnerschaftsgesellschaft mbB,Auszubildende(r),Reutlingen,http://www.voelkerecht.de/,2026-04-25,dv@voelkerecht.de,
Kollegium Völker - Rechtsanwälte - Partnerschaftsgesellschaft mbB,Fachkraft (m/w/d),Reutlingen,http://www.voelkerecht.de/,2026-04-25,dv@voelkerecht.de,
Kanzlei Wagner,Steuerfachangestellte,Zentrale/Unbekannt,https://kanzlei-wagner.info,2026-04-25,2026-04-25,kontakt@kanzlei-wagner.info
Kanzlei Wagner,Steuerfachwirte,Zentrale/Unbekannt,https://kanzlei-wagner.info,2026-04-25,2026-04-25,kontakt@kanzlei-wagner.info
Kanzlei Wagner,Ausbildungsberufe mit Zukunft,Zentrale/Unbekannt,https://kanzlei-wagner.info,2026-04-25,2026-04-25,kontakt@kanzlei-wagner.info
"mv-recht - Drewelow, Ziegler & Nickel Rechtsanwälte",Ausbildungsstationen für Rechtsreferendare,Rostock,https://www.ihr-anwalt-rostock.de/rechtsanwalt-rostock-jobs/,2026-04-25,2026-04-25,info@mv-recht.de
"V Verwaltungsrecht (m/w/d),Rostock,http://www.geiersberger.de/karriere-verwaltungsrecht.htm,2026-04-25,karriere@geiersberger.de",,,,,,
"V Verwaltungsrecht (m/w/d),Schwerin,http://www.geiersberger.de/karriere-verwaltungsrecht.htm,2026-04-25,karriere@geiersberger.de",,,,,,
"V Arbeitsrecht (m/w/d),Rostock,http://www.geiersberger.de/karriere-arbeitsrecht.htm,2026-04-25,karriere@geiersberger.de",,,,,,
"V Arbeitsrecht (m/w/d),Schwerin,http://www.geiersberger.de/karriere-arbeitsrecht.htm,2026-04-25,karriere@geiersberger.de",,,,,,
"V Gesellschafts- und Energierecht (m/w/d),Rostock,http://www.geiersberger.de/karriere-energierecht.htm,2026-04-25,karriere@geiersberger.de",,,,,,
"V Gesellschafts- und Energierecht (m/w/d),Schwerin,http://www.geiersberger.de/karriere-energierecht.htm,2026-04-25,karriere@geiersberger.de",,,,,,
Pollkläsener Rechtsanwälte,Rechtsanwalt (m/w/d),Saarbrücken,http://www.pollklaesener.de/#karriere,2026-04-25,2026-04-25,kanzlei@pollklaesener.de
DURY LEGAL Rechtsanwälte - Saarbrücken - Markenrecht - IT-Recht - Urheberrecht - Wettbewerbsrecht - Lebensmittelrecht,Angestellter Rechtsanwalt (m/w/d) - Associate - Markenrecht - IT-Recht - Saarbrücken -- Vollzeit - unbefristet,Saarbrücken,http://www.dury.de/stellenanzeigen/747-rechtsanwalt-rechtsanwaeltin-volljurist-associate-m-w-d,2026-04-25,bewerbungen@dury.de,bewerbungen@dury.de
DURY LEGAL Rechtsanwälte - Saarbrücken - Markenrecht - IT-Recht - Urheberrecht - Wettbewerbsrecht - Lebensmittelrecht,Referendare (m/w/d) - Anwaltsstation / Wahlstation,Frankfurt,http://www.dury.de/stellenanzeigen/264-referendar-m-w,2026-04-25,bewerbungen@dury.de,bewerbungen@dury.de
DURY LEGAL Rechtsanwälte - Saarbrücken - Markenrecht - IT-Recht - Urheberrecht - Wettbewerbsrecht - Lebensmittelrecht,"Wissenschaftliche Mitarbeiter - Werkstudenten (m/w/d) - Online-Recht, Datenschutzrecht, Legal-Tech",Frankfurt,http://www.dury.de/stellenanzeigen/371-wissenschaftliche-mitarbeiter-m-w,2026-04-25,bewerbungen@dury.de,bewerbungen@dury.de
Dr. Jens Schmidt,Student,Berlin,https://www.drjensschmidt.de/?page_id=613,2026-04-25,Kanzlei@DrJensSchmidt.de,
Dr. Jens Schmidt,Referendar,Berlin,https://www.drjensschmidt.de/?page_id=613,2026-04-25,Kanzlei@DrJensSchmidt.de,
Dr. Jens Schmidt,Studentische Mitarbeiter (m/w/d) im Strafrecht,Zentrale/Unbekannt,https://www.drjensschmidt.de/?page_id=613,2026-04-25,2026-04-25,Kanzlei@DrJensSchmidt.de
Dr. Jens Schmidt,Referendar (m/w/d) im Strafrecht,Zentrale/Unbekannt,https://www.drjensschmidt.de/?page_id=613,2026-04-25,2026-04-25,Kanzlei@DrJensSchmidt.de
WAGNER Lawyers Webvocat Partnership,Markenassistent/in Patentreferent/in Quereinsteiger/in (m/w/d),Saarbrücken-Güdingen,https://webvocat.de/karriere/patentreferent/,2026-04-25,,
HUELSEBUSCH WERLER GbR,Rechtsanwalts- und / oder Notariatsfachangestellte (m/w/d) (Notariat),Salzgitter,https://www.huelsebusch-werler.de/stellenangebote,2026-04-25,2026-04-25,kanzlei@huelsebusch-werler.de
HUELSEBUSCH WERLER GbR,Rechtsanwalts- und / oder Notariatsfachangestellte (m/w/d) (Kanzlei und/oder Notariat),Salzgitter,https://www.huelsebusch-werler.de/stellenangebote,2026-04-25,2026-04-25,kanzlei@huelsebusch-werler.de
HUELSEBUSCH WERLER GbR,Rechtsanwalts- und / oder Notariatsfachangestellte (m/w/d) für Kanzlei und / oder Notariat,Salzgitter,https://www.huelsebusch-werler.de/stellenangebote,2026-04-25,kanzlei@huelsebusch-werler.de,
"r Empfang und Sekretariat),Siegen,https://www.scheidung-siegen.de/,2026-04-25,2026-04-25,info@scheidung-siegen.de",,,,,,
Frank Baranowski Fachkanzlei für Familienrecht und Scheidung Siegen,Ausbildungsstelle,Siegen,https://www.scheidung-siegen.de/,2026-04-25,info@scheidung-siegen.de,info@scheidung-siegen.de
Frank Baranowski Fachkanzlei für Familienrecht und Scheidung Siegen,Praktikumsstelle (Jura-Studenten und Schler),Siegen,https://www.scheidung-siegen.de/,2026-04-25,2026-04-25,info@scheidung-siegen.de
georg und schmitt Partnerschaft von Rechtsanwälten mbB,Notarfachangestellte/r / Notarfachwirt/in (m/w/d),Siegen,,2026-04-25,,
"yr Empfang und Sekretariat,Siegen,https://www.scheidung-siegen.de/kontakt/index.html,2026-04-25,info@scheidung-siegen.de",,,,,,
Frank Baranowski Fachkanzlei für Familienrecht und Scheidung Siegen,Praktikumsstelle,Siegen,https://www.scheidung-siegen.de/kontakt/index.html,2026-04-25,info@scheidung-siegen.de,
ATN D’Avoine Teubler Neu Rechtsanwälte,Rechtsanwältin / Rechtsanwalt (m/w/d) für den Bereich Insolvenzverwaltung,Ratingen,https://www.atn-ra.de/kanzlei/karriere/rechtsanwalt-insolvenzverwaltung-2/,2026-04-25,2026-04-25,bewerbung@atn-ra.de
"– Insolvenzbuchhaltung (m/w/d),Remscheid,https://www.atn-ra.de/kanzlei/karriere/steuerfachangestellter-finanzbuchhalterin-insolvenzbuchhaltung-m-w-d/,2026-04-25,bewerbung@atn-ra.de",,,,,,
"fachangestellten (m/w/d),Remscheid,https://www.atn-ra.de/kanzlei/karriere/eine-n-rechtsanwaltsfachangestellte-n-m-w-d/,2026-04-25,bewerbung@atn-ra.de",,,,,,
"fachangestellten (m/w/d),Köln,https://www.atn-ra.de/kanzlei/karriere/eine-n-rechtsanwaltsfachangestellte-n-m-w-d/,2026-04-25,bewerbung@atn-ra.de",,,,,,
"fachangestellte/r (m/w/d),Wuppertal,https://www.atn-ra.de/kanzlei/karriere/insolvenzverwaltungteam-jobs-wuppertal/,2026-04-25,bewerbung@atn-ra.de",,,,,,
"fachangestellte/r (m/w/d),Ratingen,https://www.atn-ra.de/kanzlei/karriere/insolvenzsachbearbeiterinnen-insolvenzsachbearbeiter-bzw-rechtsanwaltsfachangestellte-2/,2026-04-25,bewerbung@atn-ra.de",,,,,,
"fachangestellte/r (m/w/d),Remscheid,https://www.atn-ra.de/kanzlei/karriere/insolvenzsachbearbeiterinnen-insolvenzsachbearbeiter-standorte-remscheid-und-koeln/,2026-04-25,bewerbung@atn-ra.de",,,,,,
"fachangestellte/r (m/w/d),Köln,https://www.atn-ra.de/kanzlei/karriere/insolvenzsachbearbeiterinnen-insolvenzsachbearbeiter-standorte-remscheid-und-koeln/,2026-04-25,bewerbung@atn-ra.de",,,,,,
"fachangestellte(r),Zentrale/Unbekannt,https://www.atn-ra.de/kanzlei/karriere/rechtsanwaltsfachangestellte/,2026-04-25,bewerbung@atn-ra.de",,,,,,
Rechtsanwälte Kotz GbR,Rechtsanwaltsfachangestellte/n (m/w/d) und Rechtsanwalts- und Notarfachangestellte/n (m/w/d),Kreuztal,https://www.ra-kotz.de/jobs/reno,2026-04-25,info@a-kotz.de,
DORNKAMP Rechtsanwälte PartGmbB,Rechtsanwalt*in / Partner*in / Counsel (Initiativbewerbung),Stuttgart,https://www.dornkamp.com/karriere/,2026-04-25,bewerbung@dornkamp.de,
DORNKAMP Rechtsanwälte PartGmbB,Rechtsanwalt*in / Partner*in / Counsel (Initiativbewerbung),Heidelberg,https://www.dornkamp.com/karriere/,2026-04-25,bewerbung@dornkamp.de,
DORNKAMP Rechtsanwälte PartGmbB,Rechtsanwalt*in / Partner*in / Counsel (Initiativbewerbung),Berlin,https://www.dornkamp.com/karriere/,2026-04-25,bewerbung@dornkamp.de,
DORNKAMP Rechtsanwälte PartGmbB,Praktikant*in / Praxissemester,Stuttgart,https://www.dornkamp.com/karriere/,2026-04-25,bewerbung@dornkamp.de,
DORNKAMP Rechtsanwälte PartGmbB,Praktikant*in / Praxissemester,Heidelberg,https://www.dornkamp.com/karriere/,2026-04-25,bewerbung@dornkamp.de,
DORNKAMP Rechtsanwälte PartGmbB,Praktikant*in / Praxissemester,Berlin,https://www.dornkamp.com/karriere/,2026-04-25,bewerbung@dornkamp.de,
DORNKAMP Rechtsanwälte PartGmbB,Referendar*in,Stuttgart,https://www.dornkamp.com/karriere/,2026-04-25,bewerbung@dornkamp.de,
DORNKAMP Rechtsanwälte PartGmbB,Referendar*in,Heidelberg,https://www.dornkamp.com/karriere/,2026-04-25,bewerbung@dornkamp.de,
DORNKAMP Rechtsanwälte PartGmbB,Referendar*in,Berlin,https://www.dornkamp.com/karriere/,2026-04-25,bewerbung@dornkamp.de,
DORNKAMP Rechtsanwälte PartGmbB,"Partner*in, Counsel oder Anwalt*in (mit und ohne Berufserfahrung)",Stuttgart,https://www.dornkamp.com/karriere/,2026-04-25,2026-04-25,bewerbung@dornkamp.de
DORNKAMP Rechtsanwälte PartGmbB,"Partner*in, Counsel oder Anwalt*in (mit und ohne Berufserfahrung)",Heidelberg,https://www.dornkamp.com/karriere/,2026-04-25,2026-04-25,bewerbung@dornkamp.de
DORNKAMP Rechtsanwälte PartGmbB,"Partner*in, Counsel oder Anwalt*in (mit und ohne Berufserfahrung)",Berlin,https://www.dornkamp.com/karriere/,2026-04-25,2026-04-25,bewerbung@dornkamp.de
DORNKAMP Rechtsanwälte PartGmbB,Praktikum / Praxissemester (Jura oder Wirtschaftsrecht),Stuttgart,https://www.dornkamp.com/karriere/,2026-04-25,2026-04-25,bewerbung@dornkamp.de
DORNKAMP Rechtsanwälte PartGmbB,Praktikum / Praxissemester (Jura oder Wirtschaftsrecht),Heidelberg,https://www.dornkamp.com/karriere/,2026-04-25,2026-04-25,bewerbung@dornkamp.de
DORNKAMP Rechtsanwälte PartGmbB,Praktikum / Praxissemester (Jura oder Wirtschaftsrecht),Berlin,https://www.dornkamp.com/karriere/,2026-04-25,2026-04-25,bewerbung@dornkamp.de
Werwigk Henne Partnerschaft mbB,Rechtsanwalt / Rechtsanwältin (m/w/d),Stuttgart,https://www.werwigkhenne.de,2026-04-25,bewerbung@werwigkhenne.de,
RA 0711 Rechtsanwälte Stuttgart Sauer + Partner,Fachanwälte m/w/d für Erbrecht,Stuttgart,http://www.ra0711.de/karriere/,2026-04-25,info@ra0711.de,info@ra0711.de
RA 0711 Rechtsanwälte Stuttgart Sauer + Partner,Rechtsanwaltsfachangestellte (m/w/d) gerne auch als Büroleitung in Voll- oder Teilzeit,Stuttgart,http://www.ra0711.de/karriere/,2026-04-25,info@ra0711.de,info@ra0711.de
von Buttlar Rechtsanwälte,Rechtsanwalts fachangestellte / Rechtsfachwirtin (m/w/d),Stuttgart,https://vonbuttlar.com/karriere/,2026-04-25,kanzlei@vonbuttlar.com,
Rechtsanwälte Witt Merz Scherf Fels,Ausbildungsplatz zur/m Rechtsanwaltsfachangestellte/n (m/w/d),Stuttgart,http://www.stuttgart-anwaltskanzlei.de/kanzlei/offene-stellen/,2026-04-25,legler@stuttgart-anwaltskanzlei.de,bewerbung@stuttgart-anwaltskanzlei.de
Rechtsanwälte Witt Merz Scherf Fels,Rechtsanwältin / Rechtsanwalt (w/m/d),Stuttgart,http://www.stuttgart-anwaltskanzlei.de/kanzlei/offene-stellen/,2026-04-25,legler@stuttgart-anwaltskanzlei.de,bewerbung@stuttgart-anwaltskanzlei.de
Rechtsanwälte Witt Merz Scherf Fels,Referendare/Referendarinnen (m/w/d),Stuttgart,http://www.stuttgart-anwaltskanzlei.de/kanzlei/offene-stellen/,2026-04-25,fels@stuttgart-anwaltskanzlei.de,bewerbung@stuttgart-anwaltskanzlei.de
Sikic & Kollegen Rechtsanwälte,Studenten (m/w) für Praktikum,Stuttgart,https://www.sikic.de/karriere/,2026-04-25,2026-04-25,karriere@sikic.de
Esper Ihrig & Partner,Rechtsanwalt/Rechtsanwältin mit Berufserfahrung,Stuttgart,https://www.eip-run.de/de/7/Karriere.html,2026-04-25,bewerbung@eip-run.de,bewerbung@eip-run.de
Esper Ihrig & Partner,Praktikum,Stuttgart,https://www.eip-run.de/de/7/Karriere.html,2026-04-25,bewerbung@eip-run.de,
Schade & Kollegen Rechtsanwälte Part mbB,Referendariat,Stuttgart,http://www.anwaltskanzlei-schade.de/karriere/,2026-04-25,info@anwaltskanzlei-schade.de,
Schade & Kollegen Rechtsanwälte Part mbB,Praktikum / BOGI,Stuttgart,http://www.anwaltskanzlei-schade.de/karriere/,2026-04-25,info@anwaltskanzlei-schade.de,
RPE Roglmeier Pranzo | Kanzlei für Erbrecht Stuttgart,Rechtsanwaltsfachangestellte (m/w/d) in Teilzeit oder Vollzeit - Stuttgart,Stuttgart,https://rp-erbrecht.de/stellenangebote,2026-04-25,2026-04-25,info@rp-erbrecht.de
RPE Roglmeier Pranzo | Kanzlei für Erbrecht Stuttgart,Rechtsanwälte mit Berufserfahrung (m/w/d) für das Erbrecht – Standort Stuttgart,Stuttgart,https://rp-erbrecht.de/stellenangebote,2026-04-25,2026-04-25,info@rp-erbrecht.de
RPE Roglmeier Pranzo | Kanzlei für Erbrecht Stuttgart,Initiativbewerbungen für Rechtsanwaltspositionen - München & Stuttgart,München,https://rp-erbrecht.de/stellenangebote,2026-04-25,2026-04-25,info@rp-erbrecht.de
RPE Roglmeier Pranzo | Kanzlei für Erbrecht Stuttgart,Initiativbewerbungen für Rechtsanwaltspositionen - München & Stuttgart,Stuttgart,https://rp-erbrecht.de/stellenangebote,2026-04-25,2026-04-25,info@rp-erbrecht.de
RPE Roglmeier Pranzo | Kanzlei für Erbrecht Stuttgart,Initiativbewerbungen für wissenschaftliche Mitarbeiter / Referendare - München & Stuttgart,München,https://rp-erbrecht.de/stellenangebote,2026-04-25,2026-04-25,info@rp-erbrecht.de
RPE Roglmeier Pranzo | Kanzlei für Erbrecht Stuttgart,Initiativbewerbungen für wissenschaftliche Mitarbeiter / Referendare - München & Stuttgart,Stuttgart,https://rp-erbrecht.de/stellenangebote,2026-04-25,2026-04-25,info@rp-erbrecht.de
RPE Roglmeier Pranzo | Kanzlei für Erbrecht Stuttgart,Initiativbewerbungen für Rechtsanwaltsfachangestellte (m/w/d) - München & Stuttgart,München,https://rp-erbrecht.de/stellenangebote,2026-04-25,2026-04-25,info@rp-erbrecht.de
RPE Roglmeier Pranzo | Kanzlei für Erbrecht Stuttgart,Initiativbewerbungen für Rechtsanwaltsfachangestellte (m/w/d) - München & Stuttgart,Stuttgart,https://rp-erbrecht.de/stellenangebote,2026-04-25,2026-04-25,info@rp-erbrecht.de
RPE Roglmeier Pranzo | Kanzlei für Erbrecht Stuttgart,Rechtsanwaltsfachangestellte (m/w/d) in Teilzeit oder Vollzeit,Stuttgart,https://rp-erbrecht.de/stellenangebote,2026-04-25,info@rp-erbrecht.de,
NAEGELE Rechtsanwälte PartGmbB,Rechtsanwalt / Referendar (m/w/d) (Initiativbewerbung),Stuttgart,https://naegele-arbeitsrecht.eu/karriere-2/,2026-04-25,kanzlei@naegele-arbeitsrecht.eu,
"— m/w/d,Stuttgart,https://www.kcnb.de/karriere.html#1,2026-04-25,2026-04-25,michael.rudnau@kcnb.de",,,,,,
"— m/w/d,Stuttgart,https://www.kcnb.de/karriere.html#2,2026-04-25,2026-04-25,michael.rudnau@kcnb.de",,,,,,
"— m/w/d,Stuttgart,https://www.kcnb.de/karriere.html#3,2026-04-25,2026-04-25,michael.rudnau@kcnb.de",,,,,,
KANZLEI KARAMAN,RECHTSANWALTSFACHANGESTELLTE (M/W/D) IN TEILZEIT,Stuttgart,http://www.kanzlei-karaman.com/karriere/,2026-04-25,2026-04-25,mail@kanzlei-karaman.com
KANZLEI KARAMAN,Rechtsanwalt:Rechtsanwältin (m/w/d),Stuttgart,http://www.kanzlei-karaman.com/karriere/,2026-04-25,2026-04-25,mail@kanzlei-karaman.com
KANZLEI KARAMAN,Rechtsanwaltsfachangestellte (m/w/d) in Teilzeit,Stuttgart Nord/West,http://www.kanzlei-karaman.com/karriere/,2026-04-25,info@kanzlei-karaman.com,
KANZLEI KARAMAN,Rechtsanwalt:Rechtsanwältin (m/w/d) im Anstellungsverhältnis,Stuttgart Nord/West,http://www.kanzlei-karaman.com/karriere/,2026-04-25,info@kanzlei-karaman.com,
Reith Neumahr lawyers and notaries,"Rechtsanwältinnen / Rechtsanwälte, Wirtschaftsjuristinnen und -juristen, Württembergische Notariatsassessorinnen und -assessoren",Stuttgart,http://www.rlg-law.de/de/karriere#ak3,2026-04-25,2026-04-25,
Reith Neumahr lawyers and notaries,"Rechtsanwältinnen / Rechtsanwälte, Wirtschaftsjuristinnen und -juristen, Württembergische Notariatsassessorinnen und -assessoren",Tuttlingen,http://www.rlg-law.de/de/karriere#ak3,2026-04-25,2026-04-25,
Reith Neumahr lawyers and notaries,Assistenz im Bereich Anwalt und Notar,Stuttgart,http://www.rlg-law.de/de/karriere#ak4,2026-04-25,2026-04-25,
Reith Neumahr lawyers and notaries,Assistenz im Bereich Anwalt und Notar,Tuttlingen,http://www.rlg-law.de/de/karriere#ak4,2026-04-25,2026-04-25,
Reith Neumahr lawyers and notaries,Rechtsreferendarinnen und -referendare,Stuttgart,http://www.rlg-law.de/de/karriere#ak1,2026-04-25,2026-04-25,
Reith Neumahr lawyers and notaries,Rechtsreferendarinnen und -referendare,Tuttlingen,http://www.rlg-law.de/de/karriere#ak1,2026-04-25,2026-04-25,
Reith Neumahr lawyers and notaries,Studentinnen und Studenten (Praktikum),Stuttgart,http://www.rlg-law.de/de/karriere#ak2,2026-04-25,2026-04-25,
Reith Neumahr lawyers and notaries,Studentinnen und Studenten (Praktikum),Tuttlingen,http://www.rlg-law.de/de/karriere#ak2,2026-04-25,2026-04-25,
Dr. Kroll & Partner Rechtsanwälte mbB,Rechtsanwältinnen/ Rechtsanwälte,Reutlingen,http://www.kp-recht.de/karriere/rechtsanwaeltinnen/rechtsanwaelte,2026-04-25,,
Dr. Kroll & Partner Rechtsanwälte mbB,Rechtsanwältinnen/ Rechtsanwälte,Tübingen,http://www.kp-recht.de/karriere/rechtsanwaeltinnen/rechtsanwaelte,2026-04-25,,
Dr. Kroll & Partner Rechtsanwälte mbB,Rechtsanwältinnen/ Rechtsanwälte,Balingen,http://www.kp-recht.de/karriere/rechtsanwaeltinnen/rechtsanwaelte,2026-04-25,,
Dr. Kroll & Partner Rechtsanwälte mbB,Rechtsanwältinnen/ Rechtsanwälte,Stuttgart,http://www.kp-recht.de/karriere/rechtsanwaeltinnen/rechtsanwaelte,2026-04-25,,
Dr. Kroll & Partner Rechtsanwälte mbB,Rechtsanwältinnen/ Rechtsanwälte,Rottweil,http://www.kp-recht.de/karriere/rechtsanwaeltinnen/rechtsanwaelte,2026-04-25,,
"KANZLEI KILB Immobilienrecht + Arbeitsrecht, Inh. Rechtsanwalt Markus Kilb",Rechtsanwaltsfachgestellte (m/w/d),Stuttgart,https://www.kanzlei-kilb.de/stellenangebot/,2026-04-25,kanzlei@kanzlei-kilb.de,bewerbung@kanzlei-kilb.de
Corak und Fink Rechtsanwälte,Rechtsanwaltsfachangestellter (m/w/d) in Voll- oder Teilzeit,Bad Cannstatt,http://www.corak-fink.de/karriere,2026-04-25,kanzlei@corak-fink.de,kanzlei@corak-fink.de
Brennecke & Partner Rechtsanwälte Stuttgart,Nebenjob für Jurastudenten auf Minijob-Basis aus Homeoffice,Zentrale/Unbekannt,https://www.brennecke-rechtsanwaelte.de/Nebenjob-fuer-Jurastudenten-auf-Minijob-Basis-aus-Homeoffice_202084,2026-04-25,kontakt@fasp.de,
Brennecke & Partner Rechtsanwälte Stuttgart,Freie Mitarbeiter / Freie Mitarbeiterinnen,München,https://www.brennecke-rechtsanwaelte.de/Freie-Mitarbeiter-Freie-Mitarbeiterinnen_70790,2026-04-25,2026-04-25,kontakt@fasp.de
Brennecke & Partner Rechtsanwälte Stuttgart,Freie Mitarbeiter / Freie Mitarbeiterinnen,Rosenheim,https://www.brennecke-rechtsanwaelte.de/Freie-Mitarbeiter-Freie-Mitarbeiterinnen_70790,2026-04-25,2026-04-25,kontakt@fasp.de
Brennecke & Partner Rechtsanwälte Stuttgart,Freie Mitarbeiter / Freie Mitarbeiterinnen,Karlsruhe,https://www.brennecke-rechtsanwaelte.de/Freie-Mitarbeiter-Freie-Mitarbeiterinnen_70790,2026-04-25,2026-04-25,kontakt@fasp.de
Brennecke & Partner Rechtsanwälte Stuttgart,Freie Mitarbeiter / Freie Mitarbeiterinnen,Frankfurt,https://www.brennecke-rechtsanwaelte.de/Freie-Mitarbeiter-Freie-Mitarbeiterinnen_70790,2026-04-25,2026-04-25,kontakt@fasp.de
Brennecke & Partner Rechtsanwälte Stuttgart,Freie Mitarbeiter / Freie Mitarbeiterinnen,Köln,https://www.brennecke-rechtsanwaelte.de/Freie-Mitarbeiter-Freie-Mitarbeiterinnen_70790,2026-04-25,2026-04-25,kontakt@fasp.de
Brennecke & Partner Rechtsanwälte Stuttgart,Freie Mitarbeiter / Freie Mitarbeiterinnen,Dortmund,https://www.brennecke-rechtsanwaelte.de/Freie-Mitarbeiter-Freie-Mitarbeiterinnen_70790,2026-04-25,2026-04-25,kontakt@fasp.de
Brennecke & Partner Rechtsanwälte Stuttgart,Autoren gesucht,München,https://www.brennecke-rechtsanwaelte.de/Autoren-gesucht_134965,2026-04-25,2026-04-25,kontakt@fasp.de
Brennecke & Partner Rechtsanwälte Stuttgart,Autoren gesucht,Rosenheim,https://www.brennecke-rechtsanwaelte.de/Autoren-gesucht_134965,2026-04-25,2026-04-25,kontakt@fasp.de
Brennecke & Partner Rechtsanwälte Stuttgart,Autoren gesucht,Karlsruhe,https://www.brennecke-rechtsanwaelte.de/Autoren-gesucht_134965,2026-04-25,2026-04-25,kontakt@fasp.de
Brennecke & Partner Rechtsanwälte Stuttgart,Autoren gesucht,Frankfurt,https://www.brennecke-rechtsanwaelte.de/Autoren-gesucht_134965,2026-04-25,2026-04-25,kontakt@fasp.de
Brennecke & Partner Rechtsanwälte Stuttgart,Autoren gesucht,Köln,https://www.brennecke-rechtsanwaelte.de/Autoren-gesucht_134965,2026-04-25,2026-04-25,kontakt@fasp.de
Brennecke & Partner Rechtsanwälte Stuttgart,Autoren gesucht,Dortmund,https://www.brennecke-rechtsanwaelte.de/Autoren-gesucht_134965,2026-04-25,2026-04-25,kontakt@fasp.de
RA Alexander Fischer,"Rechtsanwaltsfachangestellte(r) (m/w/d) auf 520,00 € Basis",Stuttgart-Vaihingen,https://www.stuttgart-anwaltskanzlei.com/ANWALTSKANZLEI/KARRIERE/,2026-04-25,fischer@stuttgart-anwaltskanzlei.com,
RA Alexander Fischer,Praktikum (Schüler/Studenten) als Rechtsanwalt/Rechtsanwältin und Rechtsanwaltsfachangestellte(r) (m/w/d),Stuttgart,https://www.stuttgart-anwaltskanzlei.com/ANWALTSKANZLEI/KARRIERE/,2026-04-25,info@stuttgart-anwaltskanzlei.com,info@stuttgart-anwaltskanzlei.com
"esb Rechtsanwälte Emmert, Strewe, Buck, Bücking, Speichert Partnerschaft",Rechtsanwältin / Wirtschaftsjuristin (m/w/d) am Standort Dresden gesucht,Dresden,https://www.kanzlei.de/karriere/rechtsanwaeltin-m-w-d-in-dresden-gesucht,2026-04-25,,
"esb Rechtsanwälte Emmert, Strewe, Buck, Bücking, Speichert Partnerschaft",Rechtsanwalt (m/w/d) am Standort Stuttgart gesucht,Stuttgart,https://www.kanzlei.de/karriere/rechtsanwalt-in-stuttgart-gesucht,2026-04-25,,
"esb Rechtsanwälte Emmert, Strewe, Buck, Bücking, Speichert Partnerschaft",Rechtsreferendare (m/w/d) am Standort Dresden gesucht,Dresden,https://www.kanzlei.de/karriere/rechtsreferendare-in-dresden-gesucht,2026-04-25,,
medavo GmbH Rechtsanwaltsgesellschaft,Initiativbewerbung,Hamburg (Glinde),http://www.medavo.de/karriere?view=article&id=51:initiativbewerbung&catid=12#section-bewerbung,2026-04-25,2026-04-25,
TOP ADAC Anwalt Martin Ellinger ᐅ Rechtsanwalt und Fachanwalt für Verkehrsrecht,Fachanwalt Verkehrsrecht,ADAC,,2026-04-25,2026-04-25,
Dr. Hörl Rechtsanwälte,Rechtsanwalt/Rechtsanwältin (m/w/d) für Verkehrsrecht und IT-Recht,Stuttgart,https://rae-hoerl.de/karriere/,2026-04-25,henner.hoerl@rae-hoerl.de,
Dr. Hörl Rechtsanwälte,Rechtsanwalt/Rechtsanwältin (m/w/d) für Verkehrsrecht und Arbeitsrecht,Stuttgart,https://rae-hoerl.de/karriere/,2026-04-25,henner.hoerl@rae-hoerl.de,
Dr. Hörl Rechtsanwälte,Rechtsanwalt/Rechtsanwältin (m/w/d) im Referat Verkehrsrecht und IT-Recht,Zentrale/Unbekannt,https://rae-hoerl.de/karriere/,2026-04-25,2026-04-25,henner.hoerl@rae-hoerl.de
Dr. Hörl Rechtsanwälte,Rechtsanwalt/Rechtsanwältin (m/w/d) im Referat Verkehrsrecht und Arbeitsrecht,Zentrale/Unbekannt,https://rae-hoerl.de/karriere/,2026-04-25,2026-04-25,henner.hoerl@rae-hoerl.de
"Hennerkes, Kirchdörfer & Lorz",Assistent (m/w/d) / Partnerassistent (m/w/d),Stuttgart-Degerloch,https://www.hennerkes.de/karriere/,2026-04-25,,
Anwaltskanzlei Volkwein,Rechtsreferendariat,Stuttgart,http://www.volkwein-recht.de/stellenangebote/,2026-04-25,karriere@volkwein-recht.de,
Anwaltskanzlei Volkwein,Nebentätigkeit für Rechtsreferendarinnen und Rechtsreferendare,Stuttgart,http://www.volkwein-recht.de/stellenangebote/,2026-04-25,karriere@volkwein-recht.de,
Anwaltskanzlei Volkwein,Rechtsreferendariat (Anwaltsstation und/oder Wahlstation) / Nebentätigkeit für Rechtsreferendare,Stuttgart,http://www.volkwein-recht.de/stellenangebote/,2026-04-25,2026-04-25,karriere@volkwein-recht.de
Rechtsanwälte Doppstadt + Partner mbB,Rechtsanwaltsfachangestellten (m/w/divers) in Voll- oder Teilzeit,Ulm,http://www.advo-ulm.de/stellenangebote/,2026-04-25,mueller@advo-ulm.de,mueller@advo-ulm.de
Attorney Dr. Heinz Schmid,Ausbildung zur/m Rechtsanwaltsfachangestellte/n (m/w/d),Ulm,https://schmid-rechtsanwalt-ulm.de/rechtsanwalt-ulm-arbeitsrecht-kfz-und-baumaschinenrecht/wir-bilden-aus/,2026-04-25,ra@drschmidulm.de,
"Weber, Knaier, Hörmann - Rechtsanwälte",Rechtsanwalt/Rechtsanwältin (m/w/d),Erbach,https://www.kanzlei-wsk.de/karriere/,2026-04-25,info@kanzlei-wsk.de,
"Weber, Knaier, Hörmann - Rechtsanwälte",Rechtsanwaltsfachangestellten (m/w/d),Erbach,https://www.kanzlei-wsk.de/karriere/,2026-04-25,info@kanzlei-wsk.de,
"Weber, Knaier, Hörmann - Rechtsanwälte",Ausbildung zur/zum Rechtsanwaltsfachangestellten (m/w/d),Erbach,https://www.kanzlei-wsk.de/karriere/,2026-04-25,info@kanzlei-wsk.de,
"Dr. Doganay & Doganay, Notare - Rechtsanwälte - Fachanwälte",Rechtsanwalt (m/w/d) in Wiesbaden,Wiesbaden,https://www.kanzlei-doganay.de/rechtsanwalt-m-w-d-in-wiesbaden/,2026-04-25,2026-04-25,info@kanzlei-doganay.de
"Dr. Doganay & Doganay, Notare - Rechtsanwälte - Fachanwälte",Notarfachangestellter (m/w/d) in Wiesbaden,Wiesbaden,https://www.kanzlei-doganay.de/notarfachangestellter-m-w-d-in-wiesbaden/,2026-04-25,2026-04-25,info@kanzlei-doganay.de
"Dr. Doganay & Doganay, Notare - Rechtsanwälte - Fachanwälte",Auszubildender zum Notarfachangestellten (m/w/d) in Wiesbaden,Wiesbaden,https://www.kanzlei-doganay.de/auszubildender-zum-notarfachangestellten-m-w-d-in-wiesbaden/,2026-04-25,2026-04-25,info@kanzlei-doganay.de
"Dr. Doganay & Doganay, Notare - Rechtsanwälte - Fachanwälte",Auszubildender zum Rechtsanwaltsfachangestellten (m/w/d) in Wiesbaden,Wiesbaden,https://www.kanzlei-doganay.de/auszubildender-zum-rechtsanwaltsfachangestellten-m-w-d-in-wiesbaden/,2026-04-25,2026-04-25,info@kanzlei-doganay.de
"Dr. Doganay & Doganay, Notare - Rechtsanwälte - Fachanwälte",Rechtsanwaltsfachangestellter (m/w/d) in Wiesbaden,Wiesbaden,https://www.kanzlei-doganay.de/rechtsanwaltsfachangestellter-m-w-d-in-wiesbaden/,2026-04-25,2026-04-25,info@kanzlei-doganay.de
Kanzlei Sachse - Rechtsanwälte & Fachanwälte Wiesbaden,Rechtsanwalt / Rechtsanwältin (Initiativbewerbung),Langen,https://kanzlei-sachse.de/offene-stellen,2026-04-25,info@kanzlei-sachse.de,info@kanzlei-sachse.de
Kanzlei Sachse - Rechtsanwälte & Fachanwälte Wiesbaden,Rechtsanwalt / Rechtsanwältin (Initiativbewerbung),Frankfurt,https://kanzlei-sachse.de/offene-stellen,2026-04-25,info@kanzlei-sachse.de,info@kanzlei-sachse.de
Kanzlei Sachse - Rechtsanwälte & Fachanwälte Wiesbaden,Rechtsanwalt / Rechtsanwältin (Initiativbewerbung),Darmstadt,https://kanzlei-sachse.de/offene-stellen,2026-04-25,info@kanzlei-sachse.de,info@kanzlei-sachse.de
Kanzlei Sachse - Rechtsanwälte & Fachanwälte Wiesbaden,Rechtsanwalt / Rechtsanwältin (Initiativbewerbung),Offenbach,https://kanzlei-sachse.de/offene-stellen,2026-04-25,info@kanzlei-sachse.de,info@kanzlei-sachse.de
Kanzlei Sachse - Rechtsanwälte & Fachanwälte Wiesbaden,Rechtsanwalt / Rechtsanwältin (Initiativbewerbung),Hanau,https://kanzlei-sachse.de/offene-stellen,2026-04-25,info@kanzlei-sachse.de,info@kanzlei-sachse.de
Kanzlei Sachse - Rechtsanwälte & Fachanwälte Wiesbaden,Rechtsanwalt / Rechtsanwältin (Initiativbewerbung),Wiesbaden,https://kanzlei-sachse.de/offene-stellen,2026-04-25,info@kanzlei-sachse.de,info@kanzlei-sachse.de
Kanzlei Sachse - Rechtsanwälte & Fachanwälte Wiesbaden,Rechtsanwaltsfachangestellte / Rechtsanwaltsfachangestellter (Initiativbewerbung),Langen,https://kanzlei-sachse.de/offene-stellen,2026-04-25,2026-04-25,info@kanzlei-sachse.de
Kanzlei Sachse - Rechtsanwälte & Fachanwälte Wiesbaden,Rechtsanwaltsfachangestellte / Rechtsanwaltsfachangestellter (Initiativbewerbung),Frankfurt,https://kanzlei-sachse.de/offene-stellen,2026-04-25,2026-04-25,info@kanzlei-sachse.de
Kanzlei Sachse - Rechtsanwälte & Fachanwälte Wiesbaden,Rechtsanwaltsfachangestellte / Rechtsanwaltsfachangestellter (Initiativbewerbung),Darmstadt,https://kanzlei-sachse.de/offene-stellen,2026-04-25,2026-04-25,info@kanzlei-sachse.de
Kanzlei Sachse - Rechtsanwälte & Fachanwälte Wiesbaden,Rechtsanwaltsfachangestellte / Rechtsanwaltsfachangestellter (Initiativbewerbung),Offenbach,https://kanzlei-sachse.de/offene-stellen,2026-04-25,2026-04-25,info@kanzlei-sachse.de
Kanzlei Sachse - Rechtsanwälte & Fachanwälte Wiesbaden,Rechtsanwaltsfachangestellte / Rechtsanwaltsfachangestellter (Initiativbewerbung),Hanau,https://kanzlei-sachse.de/offene-stellen,2026-04-25,2026-04-25,info@kanzlei-sachse.de
Kanzlei Sachse - Rechtsanwälte & Fachanwälte Wiesbaden,Rechtsanwaltsfachangestellte / Rechtsanwaltsfachangestellter (Initiativbewerbung),Wiesbaden,https://kanzlei-sachse.de/offene-stellen,2026-04-25,2026-04-25,info@kanzlei-sachse.de
Kanzlei Sachse - Rechtsanwälte & Fachanwälte Wiesbaden,Rechtsanwaltsfachangestellte(r) (Initiativbewerbung),Langen,https://kanzlei-sachse.de/offene-stellen,2026-04-25,info@kanzlei-sachse.de,
Kanzlei Sachse - Rechtsanwälte & Fachanwälte Wiesbaden,Rechtsanwaltsfachangestellte(r) (Initiativbewerbung),Frankfurt,https://kanzlei-sachse.de/offene-stellen,2026-04-25,info@kanzlei-sachse.de,
Kanzlei Sachse - Rechtsanwälte & Fachanwälte Wiesbaden,Rechtsanwaltsfachangestellte(r) (Initiativbewerbung),Darmstadt,https://kanzlei-sachse.de/offene-stellen,2026-04-25,info@kanzlei-sachse.de,
Kanzlei Sachse - Rechtsanwälte & Fachanwälte Wiesbaden,Rechtsanwaltsfachangestellte(r) (Initiativbewerbung),Offenbach,https://kanzlei-sachse.de/offene-stellen,2026-04-25,info@kanzlei-sachse.de,
Kanzlei Sachse - Rechtsanwälte & Fachanwälte Wiesbaden,Rechtsanwaltsfachangestellte(r) (Initiativbewerbung),Hanau,https://kanzlei-sachse.de/offene-stellen,2026-04-25,info@kanzlei-sachse.de,
Kanzlei Sachse - Rechtsanwälte & Fachanwälte Wiesbaden,Rechtsanwaltsfachangestellte(r) (Initiativbewerbung),Wiesbaden,https://kanzlei-sachse.de/offene-stellen,2026-04-25,info@kanzlei-sachse.de,
WALTER Rechtsanwälte,Rechtsreferendar (m/w/d),Wiesbaden,https://www.anwalt-wiesbaden.de/kanzlei/jobs/,2026-04-25,mail@anwalt-wiesbaden.de,
PSS Rechtsanwälte,Jahrespraktikanten (m/w/d),Wiesbaden,https://www.pss-rechtsanwaelte.de/jobs/,2026-04-25,kanzlei@pss-rechtsanwaelte.de,kanzlei@pss-rechtsanwaelte.de
klein sarris saraf partnerschaft mbb,Studentinnen und Studenten (m/w/d) (Initiativbewerbung),Wiesbaden,https://www.rechtsanwalt-notar-wiesbaden.de/karriere/,2026-04-25,2026-04-25,info@ranowi.de
Hopfgarten Rechtsanwälte,Rechtsanwalt/Rechtsanwältin,Wuppertal,https://www.hopfgarten.de/karriere/,2026-04-25,bewerbung@hopfgarten.de,
Hopfgarten Rechtsanwälte,Rechtsanwalt/Rechtsanwältin,Düsseldorf,https://www.hopfgarten.de/karriere/,2026-04-25,bewerbung@hopfgarten.de,
Hopfgarten Rechtsanwälte,Mitarbeiter (m/w/d) Assistenz,Wuppertal,https://www.hopfgarten.de/karriere/,2026-04-25,bewerbung@hopfgarten.de,
Hopfgarten Rechtsanwälte,Mitarbeiter (m/w/d) Assistenz,Düsseldorf,https://www.hopfgarten.de/karriere/,2026-04-25,bewerbung@hopfgarten.de,
Hopfgarten Rechtsanwälte,Rechtsanwalt / Rechtsanwältin,Wuppertal,https://www.hopfgarten.de/karriere/,2026-04-25,2026-04-25,bewerbung@hopfgarten.de
Hopfgarten Rechtsanwälte,Rechtsanwalt / Rechtsanwältin,Düsseldorf,https://www.hopfgarten.de/karriere/,2026-04-25,2026-04-25,bewerbung@hopfgarten.de
Hopfgarten Rechtsanwälte,Referendar / Referendarin,Wuppertal,https://www.hopfgarten.de/karriere/,2026-04-25,2026-04-25,bewerbung@hopfgarten.de
Hopfgarten Rechtsanwälte,Referendar / Referendarin,Düsseldorf,https://www.hopfgarten.de/karriere/,2026-04-25,2026-04-25,bewerbung@hopfgarten.de
Hopfgarten Rechtsanwälte,Büromitarbeiter (m/w/d) / Assistenz (m/w/d),Wuppertal,https://www.hopfgarten.de/karriere/,2026-04-25,2026-04-25,bewerbung@hopfgarten.de
Hopfgarten Rechtsanwälte,Büromitarbeiter (m/w/d) / Assistenz (m/w/d),Düsseldorf,https://www.hopfgarten.de/karriere/,2026-04-25,2026-04-25,bewerbung@hopfgarten.de
VINQO Rechtsanwälte,3x Rechtsanwalt (m/w/d) für Verbraucherrecht,Wuppertal,https://vinqo.de/karriere/,2026-04-25,2026-04-25,gf@legaldata.tech
VINQO Rechtsanwälte,3x Rechtsanwalt (m/w/d) für Verbraucherrecht,Deutschlandweit (Homeoffice),https://vinqo.de/karriere/,2026-04-25,2026-04-25,gf@legaldata.tech
VINQO Rechtsanwälte,1x Rechtsreferendar (m/w/d) im Legal Tech Bereich,Wuppertal,https://vinqo.de/karriere/,2026-04-25,2026-04-25,gf@legaldata.tech
VINQO Rechtsanwälte,1x Rechtsreferendar (m/w/d) im Legal Tech Bereich,Deutschlandweit (Homeoffice),https://vinqo.de/karriere/,2026-04-25,2026-04-25,gf@legaldata.tech
Rechtsanwälte Steinbock & Partner | Würzburg,Mitarbeiter Lohn- und Gehaltsbuchhaltung,Bundesweit,https://www.steinbock-partner.de/stellenangebote/,2026-04-25,2026-04-25,info@steinbock-partner.de
Rechtsanwälte Steinbock & Partner | Würzburg,Steuerberater/in (Vollzeit),Bundesweit,https://www.steinbock-partner.de/stellenangebote/,2026-04-25,info@steinbock-partner.de,
Rechtsanwälte Steinbock & Partner | Würzburg,Rechtsanwaltsfachangestellte/r,Würzburg,https://www.steinbock-partner.de/stellenangebote/,2026-04-25,info@steinbock-partner.de,
Rechtsanwälte Steinbock & Partner | Würzburg,Mitarbeiter/in Lohn- und Gehaltsbuchhaltung,Bundesweit,https://www.steinbock-partner.de/stellenangebote/,2026-04-25,info@steinbock-partner.de,
"Mund Rechtsanwälte | Fachanwälte Erbrecht, Familienrecht, Arbeitsrecht, Strafrecht, Rechtsanwalt Würzburg",Rechtsanwaltsfachangestellte/n (m/w/d) gesucht – Verstärken Sie unser Team!,Würzburg,https://mund-rechtsanwaelte.de/karriere/,2026-04-25,2026-04-25,wolf@mund-rechtsanwaelte.de
"Mund Rechtsanwälte | Fachanwälte Erbrecht, Familienrecht, Arbeitsrecht, Strafrecht, Rechtsanwalt Würzburg",Rechtsanwaltsfachangestellte/n (m/w/d) gesucht – Verstärken Sie unser Team!,Remote,https://mund-rechtsanwaelte.de/karriere/,2026-04-25,2026-04-25,wolf@mund-rechtsanwaelte.de
Dr. Waldhorn & Partner Rechtsanwälte mbB,Anwalt/Anwältin (m/w/d) - Initiativbewerbung,Würzburg,https://www.kanzlei-waldhorn.info/karriere/,2026-04-25,bewerbung@kanzlei-waldhorn.info,
Cornea Franz Rechtsanwälte Partnerschaft MBB,Rechtsanwaltsfachangestellte (m/w/d) Rechtsanwaltsfachangestellte / Rechtsfachwirt,Würzburg,https://www.cornea-franz.de/rechtsanwaltsfachangestellte-wuerzburg/,2026-04-25,bewerbung@cornea-franz.de,
Kanzlei Dr. Zacher-Röder | Eichner,Position für Berufserfahrene,Tauberbischofsheim,https://anwaltshaus-wuerzburg.de/karriere#c832,2026-04-25,2026-04-25,info.tbb@rkgb.legal
Kanzlei Dr. Zacher-Röder | Eichner,Position für Berufserfahrene,Wertheim,https://anwaltshaus-wuerzburg.de/karriere#c832,2026-04-25,2026-04-25,info.tbb@rkgb.legal
Kanzlei Dr. Zacher-Röder | Eichner,Position für Berufserfahrene,Würzburg,https://anwaltshaus-wuerzburg.de/karriere#c832,2026-04-25,2026-04-25,info.tbb@rkgb.legal
Kanzlei Dr. Zacher-Röder | Eichner,Position für Berufserfahrene,Buchen,https://anwaltshaus-wuerzburg.de/karriere#c832,2026-04-25,2026-04-25,info.tbb@rkgb.legal
Kanzlei Dr. Zacher-Röder | Eichner,Position für Berufserfahrene,Bad Mergentheim,https://anwaltshaus-wuerzburg.de/karriere#c832,2026-04-25,2026-04-25,info.tbb@rkgb.legal
Kanzlei Dr. Zacher-Röder | Eichner,Position für Berufseinsteiger,Tauberbischofsheim,https://anwaltshaus-wuerzburg.de/karriere#c820,2026-04-25,2026-04-25,info.tbb@rkgb.legal
Kanzlei Dr. Zacher-Röder | Eichner,Position für Berufseinsteiger,Wertheim,https://anwaltshaus-wuerzburg.de/karriere#c820,2026-04-25,2026-04-25,info.tbb@rkgb.legal
Kanzlei Dr. Zacher-Röder | Eichner,Position für Berufseinsteiger,Würzburg,https://anwaltshaus-wuerzburg.de/karriere#c820,2026-04-25,2026-04-25,info.tbb@rkgb.legal
Kanzlei Dr. Zacher-Röder | Eichner,Position für Berufseinsteiger,Buchen,https://anwaltshaus-wuerzburg.de/karriere#c820,2026-04-25,2026-04-25,info.tbb@rkgb.legal
Kanzlei Dr. Zacher-Röder | Eichner,Position für Berufseinsteiger,Bad Mergentheim,https://anwaltshaus-wuerzburg.de/karriere#c820,2026-04-25,2026-04-25,info.tbb@rkgb.legal
Kanzlei Dr. Zacher-Röder | Eichner,Initiativbewerbung,Tauberbischofsheim,https://anwaltshaus-wuerzburg.de/karriere#c830,2026-04-25,2026-04-25,info.tbb@rkgb.legal
Kanzlei Dr. Zacher-Röder | Eichner,Initiativbewerbung,Wertheim,https://anwaltshaus-wuerzburg.de/karriere#c830,2026-04-25,2026-04-25,info.tbb@rkgb.legal
Kanzlei Dr. Zacher-Röder | Eichner,Initiativbewerbung,Würzburg,https://anwaltshaus-wuerzburg.de/karriere#c830,2026-04-25,2026-04-25,info.tbb@rkgb.legal
Kanzlei Dr. Zacher-Röder | Eichner,Initiativbewerbung,Buchen,https://anwaltshaus-wuerzburg.de/karriere#c830,2026-04-25,2026-04-25,info.tbb@rkgb.legal
Kanzlei Dr. Zacher-Röder | Eichner,Initiativbewerbung,Bad Mergentheim,https://anwaltshaus-wuerzburg.de/karriere#c830,2026-04-25,2026-04-25,info.tbb@rkgb.legal
Kanzlei Dr. Zacher-Röder | Eichner,Ausbildungsplatz,Tauberbischofsheim,https://anwaltshaus-wuerzburg.de/karriere#c828,2026-04-25,2026-04-25,info.tbb@rkgb.legal
Kanzlei Dr. Zacher-Röder | Eichner,Ausbildungsplatz,Wertheim,https://anwaltshaus-wuerzburg.de/karriere#c828,2026-04-25,2026-04-25,info.tbb@rkgb.legal
Kanzlei Dr. Zacher-Röder | Eichner,Ausbildungsplatz,Würzburg,https://anwaltshaus-wuerzburg.de/karriere#c828,2026-04-25,2026-04-25,info.tbb@rkgb.legal
Kanzlei Dr. Zacher-Röder | Eichner,Ausbildungsplatz,Buchen,https://anwaltshaus-wuerzburg.de/karriere#c828,2026-04-25,2026-04-25,info.tbb@rkgb.legal
Kanzlei Dr. Zacher-Röder | Eichner,Ausbildungsplatz,Bad Mergentheim,https://anwaltshaus-wuerzburg.de/karriere#c828,2026-04-25,2026-04-25,info.tbb@rkgb.legal
Kanzlei Dr. Zacher-Röder | Eichner,Schülerpraktikum,Tauberbischofsheim,https://anwaltshaus-wuerzburg.de/karriere#c827,2026-04-25,2026-04-25,info.tbb@rkgb.legal
Kanzlei Dr. Zacher-Röder | Eichner,Schülerpraktikum,Wertheim,https://anwaltshaus-wuerzburg.de/karriere#c827,2026-04-25,2026-04-25,info.tbb@rkgb.legal
Kanzlei Dr. Zacher-Röder | Eichner,Schülerpraktikum,Würzburg,https://anwaltshaus-wuerzburg.de/karriere#c827,2026-04-25,2026-04-25,info.tbb@rkgb.legal
Kanzlei Dr. Zacher-Röder | Eichner,Schülerpraktikum,Buchen,https://anwaltshaus-wuerzburg.de/karriere#c827,2026-04-25,2026-04-25,info.tbb@rkgb.legal
Kanzlei Dr. Zacher-Röder | Eichner,Schülerpraktikum,Bad Mergentheim,https://anwaltshaus-wuerzburg.de/karriere#c827,2026-04-25,2026-04-25,info.tbb@rkgb.legal
