"canonical_firm_id","Unternehmensname","Domainname des Unternehmens","Jobboard_URL","strategy","adapter","ats","status","reason","http_status","html_job_count","json_job_count","signals","analyzed_at"
"white-und-case","White & Case LLP","whitecase.com","https://www.whitecase.com/karriere","dom","","unknown","ready","Joblinks sind direkt im HTML sichtbar.","200","7","0","json_ld,js_app,host:www.whitecase.com","2026-06-19"
"watson-farley-und-williams","Watson Farley & Williams","wfw.com","https://join-the-future.de/stellenangebote/","dom","","unknown","ready","Joblinks sind direkt im HTML sichtbar.","200","14","0","pagination,blocked,host:join-the-future.de","2026-06-19"
"sza-schilling-zutt-und-anschuetz","SZA Schilling, Zutt & Anschütz","sza.de","https://www.sza.de/de/karriere/offene-stellen","dom","","unknown","ready","Joblinks sind direkt im HTML sichtbar.","200","19","0","nuxt,pagination,js_app,host:www.sza.de","2026-06-19"
"oppenhoff","Oppenhoff","oppenhoff.eu","https://www.oppenhoff.eu/de/karriere/","dom","","unknown","ready","Joblinks sind direkt im HTML sichtbar.","200","5","0","json_ld,host:www.oppenhoff.eu","2026-06-19"
"osborne-clarke","Osborne Clarke","osborneclarke.com","https://www.osborneclarke.com/careers/careers-belgium","embedded_json","","unknown","ready","Eingebettete strukturierte Jobdaten gefunden.","200","3","1","json_ld,host:www.osborneclarke.com","2026-06-19"
"norton-rose-fulbright","Norton Rose Fulbright","nortonrosefulbright.com","https://www.nortonrosefulbright.com/de-de/careers","dom","","unknown","ready","Joblinks sind direkt im HTML sichtbar.","200","4","0","pagination,blocked,host:www.nortonrosefulbright.com","2026-06-19"
"luther-rechtsanwaltsgesellschaft-mbh","Luther Rechtsanwaltsgesellschaft mbH","luther-lawfirm.com","https://www.luther-lawfirm.com/luther-karriere/stellenangebote","dom","","unknown","ready","Joblinks sind direkt im HTML sichtbar.","200","6","0","json_ld,host:www.luther-lawfirm.com","2026-06-19"
"menold-bezler","Menold Bezler Rechtsanwälte Steuerberater Wirtschaftsprüfer","menoldbezler.de","https://karriere.menoldbezler.de/stellenanzeigen.html#c3206","dom","","unknown","ready","Joblinks sind direkt im HTML sichtbar.","200","44","0","json_ld,host:karriere.menoldbezler.de","2026-06-19"
"gsk-stockmann","GSK Stockmann","gsk.de","https://career.gsk.de/de/","playwright","","unknown","needs_browser","Seite wirkt JavaScript-/Pagination-getrieben.","200","0","0","json_ld,load_more,js_app,host:career.gsk.de","2026-06-19"
"flick-gocke-schaumburg","Flick Gocke Schaumburg","fgs.de","https://www.fgs.de/karriere","dom","","unknown","ready","Joblinks sind direkt im HTML sichtbar.","200","16","0","host:www.fgs.de","2026-06-19"
"eversheds-sutherland","Eversheds Sutherland","eversheds-sutherland.com","https://ezine.eversheds-sutherland.com/stellenangebote-in-deutschland/","dom","","unknown","ready","Joblinks sind direkt im HTML sichtbar.","200","26","0","pagination,host:ezine.eversheds-sutherland.com","2026-06-19"
"cbh","CBH Rechtsanwälte","cbh.de","https://www.cbh.de/ihre-karriere-bei-cbh-rechtsanwaelte/","dom","","unknown","ready","Joblinks sind direkt im HTML sichtbar.","200","3","0","json_ld,pagination,blocked,js_app,host:www.cbh.de","2026-06-19"
"freshfields","Freshfields","freshfields.com","https://www.freshfields.com/en/your-career","dom","","unknown","ready","Joblinks sind direkt im HTML sichtbar.","200","1","0","load_more,pagination,js_app,host:www.freshfields.com","2026-06-19"
"gleiss-lutz","Gleiss Lutz","gleisslutz.com","https://www.gleisslutz.com/de/karriere","dom","","unknown","ready","Joblinks sind direkt im HTML sichtbar.","200","2","0","pagination,host:www.gleisslutz.com","2026-06-19"
"lupp","Lupp + Partner","lupp-partner.com","https://lupp-partner.com/career/#jobs","dom","","unknown","ready","Joblinks sind direkt im HTML sichtbar.","200","1","0","json_ld,host:lupp-partner.com","2026-06-19"
"wts-rechtsanwaltsgesellschaft-mbh","WTS Legal Rechtsanwaltsgesellschaft mbH","wts.com","https://wts.com/de-de/karriere/jobboerse","playwright","browser:wts","unknown","ready","Browser-Adapter browser:wts erkannt.","","0","0","","2026-06-19"
"schultze-und-braun","Schultze & Braun","karriere.schultze-braun.de","karriere.schultze-braun.de","llm_fallback","","unknown","request_error","MissingSchema","","0","0","","2026-06-19"
"raue","Raue","raue.com","https://raue.com/karriere/","dom","","unknown","ready","Joblinks sind direkt im HTML sichtbar.","200","8","0","blocked,host:raue.com","2026-06-19"
"kapellmann-und","Kapellmann und Partner Rechtsanwälte mbB","kapellmann.de","https://www.kapellmann.de/de/karriere/","playwright","","unknown","needs_browser","Seite wirkt JavaScript-/Pagination-getrieben.","200","0","0","load_more,host:kapellmann.de","2026-06-19"
"jones-day","Jones Day","jonesday.com","https://www.jonesday.com/en/careers/locations/germany?tab=opportunities","playwright","","unknown","needs_browser","Seite wirkt JavaScript-/Pagination-getrieben.","200","0","0","pagination,js_app,host:www.jonesday.com","2026-06-19"
"hengeler-mueller","Hengeler Mueller","hengeler.com","https://www.hengeler.com/de/karriere","dom","","unknown","ready","Joblinks sind direkt im HTML sichtbar.","200","6","0","load_more,pagination,host:www.hengeler.com","2026-06-19"
"goehmann-und-abogados","Göhmann Rechtsanwälte & abogados","goehmann.de","https://www.goehmann.de/karriere/","dom","","unknown","ready","Joblinks sind direkt im HTML sichtbar.","200","11","0","json_ld,pagination,blocked,host:www.goehmann.de","2026-06-19"
"friedrich-graf-von-westphalen-und","Friedrich Graf von Westphalen & Partner mbB / Rechtsanwälte","fgvw.de","https://www.fgvw.de/de/karriere/","dom","","unknown","ready","Joblinks sind direkt im HTML sichtbar.","200","10","0","json_ld,load_more,pagination,blocked,host:www.fgvw.de","2026-06-19"
"goerg-von-rechtsanwaelten","GÖRG Partnerschaft von Rechtsanwälten mbB","goerg.de","https://www.goerg.de/de/karriere","dom","","unknown","ready","Joblinks sind direkt im HTML sichtbar.","200","10","0","host:www.goerg.de","2026-06-19"
"cms","CMS","cms.law","https://cms.law/de/deu/stellenausschreibungen","special_dom","cms","unknown","ready","Spezialadapter cms erkannt.","","0","0","","2026-06-19"
"a-und-o-shearman","A&O Shearman","aoshearman.com","https://careers.aoshearman.com/en/search-jobs","special_api","radancy:aoshearman","unknown","ready","Spezialadapter radancy:aoshearman erkannt.","","0","0","","2026-06-19"
"ashurst","Ashurst","ashurst.com","https://www.ashurst.com/en/careers/","dom","","unknown","ready","Joblinks sind direkt im HTML sichtbar.","200","1","0","load_more,pagination,host:www.ashurst.com","2026-06-19"
"dla-group","DLA Group","dla.com","https://careers.dlapiper.com/jobs/index.html","special_api","api:dlapiper","unknown","ready","Spezialadapter api:dlapiper erkannt.","","0","0","","2026-06-19"
"greenberg-traurig","Greenberg Traurig, LLP","gtlaw.de","https://www.gtlaw.com/de/general/careers/berlin/karriere","dom","","unknown","ready","Joblinks sind direkt im HTML sichtbar.","200","1","0","blocked,host:www.gtlaw.com","2026-06-19"
"hws","HWS","hws.de","https://www.hws.de/karriere","dom","","unknown","ready","Joblinks sind direkt im HTML sichtbar.","200","10","0","pagination,host:www.hws.de","2026-06-19"
"pricewaterhousecoopers-rechtsanwaltsgesellschaft","PricewaterhouseCoopers Legal AG Rechtsanwaltsgesellschaft","legal.pwc.de","https://jobs.pwc.de/de/de/c/legal-jobs","special_api","api:pwc-phenom","unknown","ready","Spezialadapter api:pwc-phenom erkannt.","","0","0","","2026-06-19"
"taylor-wessing","Taylor Wessing","taylorwessing.com","https://www.taylorwessing.com/en/careers","llm_fallback","","unknown","fallback","Keine Jobs im HTML/JSON erkannt.","200","0","0","json_ld,host:www.taylorwessing.com","2026-06-19"
"mcdermott-will-und-schulte","McDermott Will & Schulte","mwe.com","https://careers.mcdermottlaw.com/","dom","","unknown","ready","Joblinks sind direkt im HTML sichtbar.","200","4","0","json_ld,js_app,host:careers.mcdermottlaw.com","2026-06-19"
"linklaters","Linklaters","linklaters.de","https://www.linklaters.com/en/careers","embedded_json","","unknown","ready","Eingebettete strukturierte Jobdaten gefunden.","200","2","1","next_data,json_ld,load_more,pagination,blocked,js_app,host:www.linklaters.com","2026-06-19"
"k-und-l-gates","K&L Gates","klgates.com","https://www.klgates.com/careers","dom","","unknown","ready","Joblinks sind direkt im HTML sichtbar.","200","2","0","pagination,js_app,host:www.klgates.com","2026-06-19"
"hogan-lovells","Hogan Lovells","hoganlovells.com","https://www.hoganlovells.com/en/global-careers","llm_fallback","","unknown","fallback","Keine Jobs im HTML/JSON erkannt.","200","0","0","host:www.hoganlovells.com","2026-06-19"
"advant-beiten","Advant Beiten","advant-beiten.com","https://www.advant-beiten.com/karriere","dom","","unknown","ready","Joblinks sind direkt im HTML sichtbar.","200","1","0","pagination,blocked,host:www.advant-beiten.com","2026-06-19"
"redeker-sellner-dahs","REDEKER SELLNER DAHS","redeker.de","https://www.redeker.de/de/#","dom","","unknown","ready","Joblinks sind direkt im HTML sichtbar.","200","25","0","host:www.redeker.de","2026-06-19"
"kpmg","KPMG","kpmg.com","https://kpmg.com/xx/en/careers.html","embedded_json","","unknown","ready","Eingebettete strukturierte Jobdaten gefunden.","200","0","1","json_ld,pagination,host:kpmg.com","2026-06-19"
"hlb","HLB","hlb-deutschland.de","https://www.hlb-deutschland.de/karriere/","dom","","unknown","ready","Joblinks sind direkt im HTML sichtbar.","200","4","0","json_ld,pagination,blocked,host:www.hlb-deutschland.de","2026-06-19"
"ecovis","Ecovis","ecovis.com","https://de.ecovis.com/karriere/","embedded_json","","unknown","ready","Eingebettete strukturierte Jobdaten gefunden.","200","19","1","json_ld,load_more,pagination,host:de.ecovis.com","2026-06-19"
"etl-gruppe","ETL-Gruppe","etl.de","https://karriere.etl.de","dom","","unknown","ready","Joblinks sind direkt im HTML sichtbar.","200","7","0","json_ld,host:karriere.etl.de","2026-06-19"
"skadden-arps-slate-meagher-und-flom-and-affiliates","Skadden, Arps, Slate, Meagher & Flom LLP and Affiliates","skadden.com","https://www.skadden.com/careers/staff/opportunities/non-us-opportunities","reader_or_llm","reader:skadden","unknown","ready","Reader-Adapter reader:skadden erkannt.","","0","0","","2026-06-19"
"pwc","PwC","pwc.com","https://jobs.pwc.de/de/de/jobs-experienced","skip","skip:pwc-general","unknown","intentional_skip","Ziel wird bewusst nicht separat gescraped.","","0","0","","2026-06-19"
"skw-schwarz","SKW Schwarz","skwschwarz.de","https://karriere.skwschwarz.de","embedded_json","","unknown","ready","Eingebettete strukturierte Jobdaten gefunden.","200","8","1","nuxt,load_more,pagination,js_app,host:karriere.skwschwarz.de","2026-06-19"
"roedl-und","Rödl & Partner","roedl.com","https://www.roedl.com/compliance-meldestellen/","dom","","unknown","ready","Joblinks sind direkt im HTML sichtbar.","200","7","0","json_ld,host:www.roedl.com","2026-06-19"
"pkf-fasselt-schlage-services-wirtschaftspruefungsgesellschaft-steuerberatungsgesellschaft","PKF FASSELT SCHLAGE Services GmbH Wirtschaftsprüfungsgesellschaft Steuerberatungsgesellschaft","pkf-fasselt.de","https://www.pkf-fasselt.de/karriere","dom","","unknown","ready","Joblinks sind direkt im HTML sichtbar.","200","1","0","json_ld,js_app,host:www.pkf-fasselt.de","2026-06-19"
"noerr","Noerr","noerr.com","https://www.noerr.com/de/karriere","dom","","unknown","ready","Joblinks sind direkt im HTML sichtbar.","200","2","0","next_data,load_more,pagination,js_app,host:www.noerr.com","2026-06-19"
"pinsent-masons","Pinsent Masons","pinsentmasons.com","https://www.pinsentmasons.com/de-de/karriere","embedded_json","","unknown","ready","Eingebettete strukturierte Jobdaten gefunden.","200","6","1","json_ld,host:www.pinsentmasons.com","2026-06-19"
"forvis-mazars","Forvis Mazars","forvismazars.com","https://careers.forvismazars.com","playwright","","unknown","needs_browser","Seite wirkt JavaScript-/Pagination-getrieben.","200","0","0","js_app,host:careers.forvismazars.com","2026-06-19"
"latham-und-watkins","Latham & Watkins","lw.com","https://www.lwcareers.com/en/","dom","","unknown","ready","Joblinks sind direkt im HTML sichtbar.","200","2","0","host:www.lwcareers.com","2026-06-19"
"kpmg","KPMG Law","kpmg-law.com","https://kpmg-law.com","llm_fallback","","unknown","request_error","ConnectTimeout","","0","0","","2026-06-19"
"heuking","Heuking","heuking.de","https://www.heuking.de/de/karriere/karriere.html","dom","","unknown","ready","Joblinks sind direkt im HTML sichtbar.","200","26","0","json_ld,host:www.heuking.de","2026-06-19"
"gvw-graf-von-westphalen","GvW Graf von Westphalen","gvw.com","https://karriere.gvw.com","embedded_json","","unknown","ready","Eingebettete strukturierte Jobdaten gefunden.","200","3","1","json_ld,js_app,host:karriere.gvw.com","2026-06-19"
"fieldfisher","Fieldfisher","fieldfisher.com","https://fieldfisher-karriere.de/jobs/","special_dom","dom:fieldfisher","unknown","ready","Spezialadapter dom:fieldfisher erkannt.","","0","0","","2026-06-19"
"rsm-ebner-stolz","RSM Ebner Stolz","ebnerstolz.de","https://www.ebnerstolz.de/de/karriere/","dom","","unknown","ready","Joblinks sind direkt im HTML sichtbar.","200","12","0","json_ld,host:www.ebnerstolz.de","2026-06-19"
"dla-piper","DLA Piper","dlapiper.com","https://www.dlapiper.com/en-de/careers","special_api","api:dlapiper","unknown","ready","Spezialadapter api:dlapiper erkannt.","","0","0","","2026-06-19"
"dentons","Dentons","dentons.com","https://careers.dentons.com/go/Opportunities-in-Germany/8677402/","dom","","unknown","ready","Joblinks sind direkt im HTML sichtbar.","200","6","0","load_more,pagination,host:careers.dentons.com","2026-06-19"
"clifford-chance","Clifford Chance","cliffordchance.com","https://www.cliffordchance.com/careers.html","llm_fallback","","unknown","fallback","Keine Jobs im HTML/JSON erkannt.","200","0","0","json_ld,host:www.cliffordchance.com","2026-06-19"
"deloitte","Deloitte Legal","www2.deloitte.com","https://www.deloitte.com/de/de.html#","playwright","","unknown","needs_browser","Seite wirkt JavaScript-/Pagination-getrieben.","200","0","0","pagination,host:www.deloitte.com","2026-06-19"
"buse-heberer-fromm","Buse Heberer Fromm","buse.de","https://buse.de/karriere/","dom","","unknown","ready","Joblinks sind direkt im HTML sichtbar.","200","5","0","json_ld,pagination,host:buse.de","2026-06-19"
"bld-bach-langheid-dallmayr-partnerschaftsgesellschaft","BLD Bach Langheid Dallmayr Rechtsanwälte Partnerschaftsgesellschaft mbB","bld.de","https://www.bld.de/karriere/","embedded_json","","unknown","ready","Eingebettete strukturierte Jobdaten gefunden.","200","4","1","json_ld,host:www.bld.de","2026-06-19"
"bdo-germany","BDO Germany","bdo.de","https://talents.bdo.de/berufserfahrene","special_api","api:bdo-typesense","unknown","ready","Spezialadapter api:bdo-typesense erkannt.","","0","0","","2026-06-19"
"baker-tilly-germany","Baker Tilly Germany","bakertilly.de","https://karriere.bakertilly.de/","dom","","unknown","ready","Joblinks sind direkt im HTML sichtbar.","200","6","0","host:karriere.bakertilly.de","2026-06-19"
"becker-buettner-held","Becker Büttner Held","bbh-online.de","https://www.bbh-karriere.de/de/","embedded_json","","unknown","ready","Eingebettete strukturierte Jobdaten gefunden.","200","11","1","json_ld,host:www.bbh-karriere.de","2026-06-19"
"baker-mckenzie","Baker McKenzie","bakermckenzie.com","https://www.bakermckenzie.com/en/careers","dom","","unknown","ready","Joblinks sind direkt im HTML sichtbar.","200","1","0","js_app,host:www.bakermckenzie.com","2026-06-19"
"arnecke-sibeth-dabelstein","ARNECKE SIBETH DABELSTEIN","asd-law.com","https://asd-law.com/karriere/","dom","","unknown","ready","Joblinks sind direkt im HTML sichtbar.","200","6","0","json_ld,host:asd-law.com","2026-06-19"
"dr-dienst-und-und-co","Dr. Dienst & Partner GmbH & Co. KG","hlb-ddp.de","https://ddp-gruppe.de/standort/koblenz/#","dom","","unknown","ready","Joblinks sind direkt im HTML sichtbar.","200","5","0","host:ddp-gruppe.de","2026-06-19"
"ypog","Ypog","ypog.law","https://www.ypog.law/karriere","dom","","unknown","ready","Joblinks sind direkt im HTML sichtbar.","200","1","0","pagination,blocked,host:www.ypog.law","2026-06-19"
"herbert-smith-freehills","Herbert Smith Freehills","hsfkramer.com","https://hsfkramer.com","llm_fallback","","unknown","request_error","HTTPError","","0","0","","2026-06-19"
"esche-schuemann-commichau","Esche Schümann Commichau","esche.de","https://www.esche.de/karriere/arbeiten-bei-esche","dom","","unknown","ready","Joblinks sind direkt im HTML sichtbar.","200","7","0","js_app,host:www.esche.de","2026-06-19"
"sonntag-und","Sonntag & Partner","sonntag-partner.de","https://www.sonntag-karriere.de/","dom","","unknown","ready","Joblinks sind direkt im HTML sichtbar.","200","8","0","json_ld,pagination,host:www.sonntag-karriere.de","2026-06-19"
"oppenlaender","OPPENLÄNDER Rechtsanwälte","oppenlaender.de","https://oppenlaender.de/karriere-uebersicht/","dom","","unknown","ready","Joblinks sind direkt im HTML sichtbar.","200","5","0","json_ld,host:oppenlaender.de","2026-06-19"
"mayer-brown","Mayer Brown","mayerbrown.com","https://www.mayerbrown.com/en/careers/business-services","dom","","unknown","ready","Joblinks sind direkt im HTML sichtbar.","200","5","0","next_data,load_more,js_app,host:www.mayerbrown.com","2026-06-19"
"kuemmerlein","Kümmerlein","kuemmerlein.de","https://www.kuemmerlein.de/karriere/warum-kuemmerlein/","dom","","unknown","ready","Joblinks sind direkt im HTML sichtbar.","200","6","0","pagination,host:www.kuemmerlein.de","2026-06-19"
"kliemt-arbeitsrecht","KLIEMT.Arbeitsrecht","kliemt.de","https://kliemt.de/karriere/aktuelle-stellenangebote/","dom","","unknown","ready","Joblinks sind direkt im HTML sichtbar.","200","12","0","blocked,host:talents.kliemt.de","2026-06-19"
"brp-renaud-und","BRP Renaud und Partner","brp.de","https://brp.de","llm_fallback","","unknown","request_error","SSLError","","0","0","","2026-06-19"
"brl-boege-rohde-luebbehuesen","BRL BOEGE ROHDE LUEBBEHUESEN","brl.de","https://karriere-brl.de/","embedded_json","","unknown","ready","Eingebettete strukturierte Jobdaten gefunden.","200","7","2","json_ld,pagination,blocked,host:karriere-brl.de","2026-06-19"
"eagle-lsp","eagle lsp","eagle-lsp.de","https://eagle-lsp.jobs.personio.de/","special_api","personio:eagle","personio","ready","Spezialadapter personio:eagle erkannt.","","0","0","","2026-06-19"
"wuthold-und-braun","Wuthold & Braun","ihre-steuerberater.de","https://www.ihre-steuerberater.de/jobs-und-karriere/","dom","","unknown","ready","Joblinks sind direkt im HTML sichtbar.","200","3","0","json_ld,load_more,blocked,host:www.ihre-steuerberater.de","2026-06-19"
"wirtschaftstreuhand","WirtschaftsTreuhand","wirtschaftstreuhand.de","https://www.wirtschaftstreuhand.de/karriere/","dom","","unknown","ready","Joblinks sind direkt im HTML sichtbar.","200","5","0","json_ld,blocked,host:www.wirtschaftstreuhand.de","2026-06-19"
"wedding-und","Wedding & Partner","wedding-partner.de","https://wedding-partner.de/karriere/","dom","","unknown","ready","Joblinks sind direkt im HTML sichtbar.","200","12","0","pagination,blocked,js_app,host:wedding-partner.de","2026-06-19"
"winheller-tax-relax","WINHELLER | Law.Tax.Relax.","winheller.com","https://www.winheller.com/karriere/aktuelle-stellenangebote.html","special_dom","dom:winheller","unknown","ready","Spezialadapter dom:winheller erkannt.","","0","0","","2026-06-19"
"seitz-weckbach-fackler-und","Seitz Weckbach Fackler & Partner","seitz-partner.de","https://www.seitz-partner.de/karriere","dom","","unknown","ready","Joblinks sind direkt im HTML sichtbar.","200","11","0","json_ld,pagination,host:www.seitz-partner.de","2026-06-19"
"schomerus-und","Schomerus & Partner","schomerus.de","https://karriere.schomerus.de","dom","","unknown","ready","Joblinks sind direkt im HTML sichtbar.","200","8","0","json_ld,pagination,blocked,js_app,host:karriere.schomerus.de","2026-06-19"
"roser","Roser","roser-group.de","https://www.roser-group.de/karriere","dom","","unknown","ready","Joblinks sind direkt im HTML sichtbar.","200","1","0","json_ld,host:www.roser-group.de","2026-06-19"
"reith-leisle-gabor","Reith Leisle Gabor","rlg-law.de","https://rlg-law.de/de/karriere","dom","","unknown","ready","Joblinks sind direkt im HTML sichtbar.","200","1","0","host:rlg-law.de","2026-06-19"
"pkf-wms-bruns-coppenrath-und","PKF WMS Bruns-Coppenrath & Partner","pkf-wms.de","https://www.pkf-wms.de/karriere","dom","","unknown","ready","Joblinks sind direkt im HTML sichtbar.","200","10","0","json_ld,blocked,js_app,host:www.pkf-wms.de","2026-06-19"
"pape-und-co","Pape & Co","pape-co.de","https://www.pape-co.de/karriere/jobs/","dom","","unknown","ready","Joblinks sind direkt im HTML sichtbar.","200","21","0","json_ld,host:www.pape-co.de","2026-06-19"
"moore-treuhand-kurpfalz","Moore Treuhand Kurpfalz","moore-tk.de","https://moore-tk.de/karriere/","dom","","unknown","ready","Joblinks sind direkt im HTML sichtbar.","200","7","0","json_ld,load_more,pagination,blocked,js_app,host:moore-tk.de","2026-06-19"
"lehleiter","Lehleiter + Partner","lehleiter.info","https://www.lehleiter-jobs.de/","dom","","unknown","ready","Joblinks sind direkt im HTML sichtbar.","200","1","0","host:www.lehleiter-jobs.de","2026-06-19"
"kullen-mueller-zinser","Kullen Müller Zinser","kullen-mueller-zinser.de","https://kullen-mueller-zinser.de/#","dom","","unknown","ready","Joblinks sind direkt im HTML sichtbar.","200","8","0","json_ld,pagination,blocked,js_app,host:kullen-mueller-zinser.de","2026-06-19"
"kbht-kalus-hilger","KBHT Kalus + Hilger","kbht.de","https://www.kbht-karriere.de","embedded_json","","unknown","ready","Eingebettete strukturierte Jobdaten gefunden.","200","7","1","json_ld,host:www.kbht-karriere.de","2026-06-19"
"husemann-eickhoff-salmen-und","Husemann Eickhoff Salmen & Partner","husemannpartner.de","https://www.husemannpartner.de/karriere/stellenangebote/","embedded_json","","unknown","ready","Eingebettete strukturierte Jobdaten gefunden.","200","20","1","nuxt,pagination,host:www.husemannpartner.de","2026-06-19"
"hlb-stueckmann","HLB Stückmann","stueckmann.de","https://stueckmann.de","llm_fallback","","unknown","request_error","ConnectTimeout","","0","0","","2026-06-19"
"ehler-ermer-und","Ehler Ermer & Partner","eep.info","https://www.eep.info/karriere/durchstarten","embedded_json","","unknown","ready","Eingebettete strukturierte Jobdaten gefunden.","200","13","2","json_ld,pagination,host:www.eep.info","2026-06-19"
"eureos","Eureos","eureos.de","https://www.eureos.de/karriere/","dom","","unknown","ready","Joblinks sind direkt im HTML sichtbar.","200","12","0","pagination,host:www.eureos.de","2026-06-19"
"dornbach","Dornbach","dornbach.de","https://karriere.dornbach.de?utm_source=homepage&utm_medium=navi","embedded_json","","unknown","ready","Eingebettete strukturierte Jobdaten gefunden.","200","0","1","nuxt,json_ld,js_app,host:karriere.dornbach.de","2026-06-19"
"dhmp","dhmp","dhmp.de","https://www.dhmp.de/karriere/","dom","","unknown","ready","Joblinks sind direkt im HTML sichtbar.","200","7","0","json_ld,pagination,blocked,host:www.dhmp.de","2026-06-19"
"clostermann-und-jasper","Clostermann & Jasper","clostermann-jasper.de","https://clostermann-jasper.de/stellenangebote/","dom","","unknown","ready","Joblinks sind direkt im HTML sichtbar.","200","31","0","json_ld,pagination,blocked,js_app,host:clostermann-jasper.de","2026-06-19"
"addleshaw-goddard","Addleshaw Goddard","addleshawgoddard.com","https://www.addleshawgoddard.com/en/careers/","dom","","unknown","ready","Joblinks sind direkt im HTML sichtbar.","200","2","0","host:www.addleshawgoddard.com","2026-06-19"
"ahw-hunold-und","AHW Hunold & Partner","ahw-unternehmerkanzlei.de","https://ahw-gruppe.de/karriere/","dom","","unknown","ready","Joblinks sind direkt im HTML sichtbar.","200","10","0","json_ld,pagination,blocked,js_app,host:ahw-gruppe.de","2026-06-19"
"adkl-abels-decker-kuhfuss-und","ADKL Abels Decker Kuhfuß & Partner","adkl-msi.de","https://www.adkl-msi.de/de/karriere/","dom","","unknown","ready","Joblinks sind direkt im HTML sichtbar.","200","2","0","json_ld,pagination,host:www.adkl-msi.de","2026-06-19"
"wellensiek-partnerschaftsgesellschaft","WELLENSIEK Rechtsanwälte Partnerschaftsgesellschaft mbB","wellensiek.de","https://wellensiek.de/wellensiek_home/karriere/","dom","","unknown","ready","Joblinks sind direkt im HTML sichtbar.","200","1","0","json_ld,load_more,pagination,blocked,host:wellensiek.de","2026-06-19"
"schiebe-und-collegen","Schiebe und Collegen","schiebe.de","https://schiebe.de/karriere/","embedded_json","","unknown","ready","Eingebettete strukturierte Jobdaten gefunden.","200","15","1","json_ld,load_more,pagination,blocked,host:schiebe.de","2026-06-19"
"petersen-hardraht-pruggmayer","Petersen Hardraht Pruggmayer","petersenhardrahtpruggmayer.de","https://petersenpartners.de/de/ueber-uns/karriere/","dom","","unknown","ready","Joblinks sind direkt im HTML sichtbar.","200","4","0","host:petersenpartners.de","2026-06-19"
"meyerhuber","meyerhuber rechtsanwälte PartG mbB","meyerhuber.de","https://meyerhuber.de/karriere/","playwright","","unknown","needs_browser","Seite wirkt JavaScript-/Pagination-getrieben.","200","0","0","json_ld,load_more,pagination,blocked,js_app,host:meyerhuber.de","2026-06-19"
"goodwin-procter","Goodwin Procter","goodwinlaw.com","https://www.goodwinlaw.com/en/careers-pages/careers","dom","","unknown","ready","Joblinks sind direkt im HTML sichtbar.","200","1","0","next_data,js_app,host:www.goodwinlaw.com","2026-06-19"
"cohausz-und-florack-patent-und-partnerschaftsgesellschaft","COHAUSZ & FLORACK Patent- und Rechtsanwälte Partnerschaftsgesellschaft mbB","cohausz-florack.de","https://www.cohausz-florack.de/karriere/","dom","","unknown","ready","Joblinks sind direkt im HTML sichtbar.","200","10","0","pagination,blocked,host:www.cohausz-florack.de","2026-06-19"
"hahn","Hahn Rechtsanwälte PartG mbB","hahn-rechtsanwaelte.de","https://hahn-rechtsanwaelte.de/karriere","embedded_json","","unknown","ready","Eingebettete strukturierte Jobdaten gefunden.","200","3","1","json_ld,pagination,host:hahn-rechtsanwaelte.de","2026-06-19"
"eckert-partnerschaftsgesellschaft","Eckert Rechtsanwälte Steuerberater Partnerschaftsgesellschaft","eckert.law","https://eckert.law/karriere/","playwright","","unknown","needs_browser","Seite wirkt JavaScript-/Pagination-getrieben.","200","0","0","js_app,host:eckert.law","2026-06-19"
"hoecker","HÖCKER Rechtsanwälte PartGmbB","hoecker.eu","https://www.hoecker.eu/karriere","dom","","unknown","ready","Joblinks sind direkt im HTML sichtbar.","200","1","0","host:www.hoecker.eu","2026-06-19"
"kunz","KUNZ Rechtsanwälte Partnerschaft mbB","kunzrechtsanwaelte.de","https://www.kunzrechtsanwaelte.de/kanzlei/karriere","dom","","unknown","ready","Joblinks sind direkt im HTML sichtbar.","200","12","0","host:www.kunzrechtsanwaelte.de","2026-06-19"
"rotthege","Rotthege","rotthege.com","https://www.rotthege.com/karriere/","dom","","unknown","ready","Joblinks sind direkt im HTML sichtbar.","200","4","0","json_ld,load_more,pagination,blocked,js_app,host:www.rotthege.com","2026-06-19"
"kraus-ghendler-ruvinskij","KRAUS GHENDLER RUVINSKIJ","anwalt-kg.de","https://anwalt-kg.de/kanzlei/karriere/","embedded_json","","unknown","ready","Eingebettete strukturierte Jobdaten gefunden.","200","54","1","json_ld,js_app,host:anwalt-kg.de","2026-06-19"
"kmlz","KMLZ","kmlz.de","https://kmlz.de/de/karriere","dom","","unknown","ready","Joblinks sind direkt im HTML sichtbar.","200","5","0","host:www.kmlz.de","2026-06-19"
"curacon","CURACON GmbH","curacon.de","https://www.curacon.de/karriere-bei-curacon/karriere-portal","embedded_json","","unknown","ready","Eingebettete strukturierte Jobdaten gefunden.","200","3","1","json_ld,host:www.curacon.de","2026-06-19"
"dr-broll-schmit-kaufmann-und","Dr. Broll Schmit Kaufmann & Partner","bskp.de","https://bskp.de/karriere/","dom","","unknown","ready","Joblinks sind direkt im HTML sichtbar.","200","3","0","json_ld,pagination,blocked,js_app,host:bskp.de","2026-06-19"
"neon","Neon","neon.law","https://neon.law/career/jobs","dom","","unknown","ready","Joblinks sind direkt im HTML sichtbar.","200","1","0","next_data,json_ld,js_app,host:neon.law","2026-06-19"
"gantefuehrer","GANTEFÜHRER","gamapa.de","https://www.gamapa.de/karriere-steuerberater-wirtschaftspruefer-rechtsanwaelte/","dom","","unknown","ready","Joblinks sind direkt im HTML sichtbar.","200","6","0","json_ld,load_more,pagination,blocked,js_app,host:www.gamapa.de","2026-06-19"
"gansel","Gansel Rechtsanwälte","gansel-rechtsanwaelte.de","https://www.gansel-rechtsanwaelte.de/karriere","dom","","unknown","ready","Joblinks sind direkt im HTML sichtbar.","200","31","0","json_ld,pagination,blocked,host:www.gansel-rechtsanwaelte.de","2026-06-19"
"afa","AfA Rechtsanwälte","afa-anwalt.de","https://www.afa-anwalt.de/karriere/","embedded_json","","unknown","ready","Eingebettete strukturierte Jobdaten gefunden.","200","6","1","json_ld,pagination,blocked,host:www.afa-anwalt.de","2026-06-19"
"kleeberg-und","Kleeberg & Partner","kleeberg.de","https://www.kleeberg.de/karriere/","embedded_json","","unknown","ready","Eingebettete strukturierte Jobdaten gefunden.","200","0","1","json_ld,pagination,js_app,host:www.kleeberg.de","2026-06-19"
"haerting","HÄRTING Rechtsanwälte PartGmbB","haerting.de","https://haerting.de/karriere/","dom","","unknown","ready","Joblinks sind direkt im HTML sichtbar.","200","1","0","json_ld,js_app,host:haerting.de","2026-06-19"
"voigt-salus-und-insolvenzverwalter-gbr","VOIGT SALUS. Rechtsanwälte und Insolvenzverwalter GbR","voigtsalus.de","https://www.voigtsalus.de/de/jobs","dom","","unknown","ready","Joblinks sind direkt im HTML sichtbar.","200","2","0","host:www.voigtsalus.de","2026-06-19"
"weil-gotshal-und-manges","Weil, Gotshal & Manges LLP","weil.com","https://www.weil.com/careers","dom","","unknown","ready","Joblinks sind direkt im HTML sichtbar.","200","2","0","host:www.weil.com","2026-06-19"
"willkie-farr-und-gallagher","Willkie Farr & Gallagher","willkie.com","https://www.willkie.com/careers","llm_fallback","","unknown","fallback","Keine Jobs im HTML/JSON erkannt.","200","0","0","host:www.willkie.com","2026-06-19"
"streitboerger","STREITBÖRGER","streitboerger.de","https://streitboerger.de/karriere/","dom","","unknown","ready","Joblinks sind direkt im HTML sichtbar.","200","24","0","json_ld,load_more,pagination,blocked,js_app,host:streitboerger.de","2026-06-19"
"viering-jentschura-und-patent-und","Viering, Jentschura & Partner mbB Patent- und Rechtsanwälte","vjp.de","https://www.vjp.de/karriere","llm_fallback","","unknown","fallback","Keine Jobs im HTML/JSON erkannt.","200","0","0","host:www.vjp.de","2026-06-19"
"schindhelm-rechtsanwaltsgesellschaft-mbh","Schindhelm Rechtsanwaltsgesellschaft mbH","de.schindhelm.com","https://de.schindhelm.com/karriere","embedded_json","","unknown","ready","Eingebettete strukturierte Jobdaten gefunden.","200","6","1","json_ld,blocked,host:de.schindhelm.com","2026-06-19"
"smp-schinogl-mueller-und-gbr","SMP Schinogl Müller & Partner GbR","smp-frankfurt.de","https://smp-frankfurt.deine-wunschkanzlei.de/","embedded_json","","unknown","ready","Eingebettete strukturierte Jobdaten gefunden.","200","1","1","json_ld,pagination,blocked,js_app,host:smp-frankfurt.deine-wunschkanzlei.de","2026-06-19"
"schalast","Schalast","schalast.com","https://www.schalast.com/de/karriere/index.php","dom","","unknown","ready","Joblinks sind direkt im HTML sichtbar.","200","9","0","host:www.schalast.com","2026-06-19"
"reed-smith","Reed Smith","reedsmith.com","https://reedsmith.com","embedded_json","","unknown","ready","Eingebettete strukturierte Jobdaten gefunden.","200","1","1","json_ld,host:www.reedsmith.com","2026-06-19"
"pluta-rechtsanwalts","PLUTA Rechtsanwalts GmbH","pluta.net","https://www.pluta.net/karriere","dom","","unknown","ready","Joblinks sind direkt im HTML sichtbar.","200","12","0","json_ld,pagination,host:www.pluta.net","2026-06-19"
"caspers-mock","Caspers Mock","caspers-mock.de","https://www.caspers-mock.de/stellenangebote/index.html","dom","","unknown","ready","Joblinks sind direkt im HTML sichtbar.","200","12","0","host:www.caspers-mock.de","2026-06-19"
"orka","Orka","orka.law","https://orka.law/viktoria-gott/","dom","","unknown","ready","Joblinks sind direkt im HTML sichtbar.","200","1","0","json_ld,load_more,pagination,blocked,js_app,host:orka.law","2026-06-19"
"lpa-ggv","LPA-GGV","lpa-ggv.de","https://lpalaw.tax/karriere/","dom","","unknown","ready","Joblinks sind direkt im HTML sichtbar.","200","7","0","json_ld,load_more,pagination,blocked,host:lpalaw.tax","2026-06-19"
"lutz-abel-rechtsanwalts","LUTZ | ABEL Rechtsanwalts PartG mbB","lutzabel.com","https://www.lutzabel.com/karriere/","embedded_json","","unknown","ready","Eingebettete strukturierte Jobdaten gefunden.","200","4","1","json_ld,js_app,host:www.lutzabel.com","2026-06-19"
"moehrle-happ-luther","Möhrle Happ Luther","mhl.de","https://mhl.de/de/karriere/","embedded_json","","unknown","ready","Eingebettete strukturierte Jobdaten gefunden.","200","6","1","json_ld,pagination,js_app,host:mhl.de","2026-06-19"
"maiwald-patentanwalts","Maiwald Patentanwalts GmbH","maiwald.eu","https://www.maiwald.eu/de/karriere/","dom","","unknown","ready","Joblinks sind direkt im HTML sichtbar.","200","10","0","json_ld,blocked,host:www.maiwald.eu","2026-06-19"
"lindenpartners","lindenpartners","lindenpartners.eu","https://lindenpartners.eu","dom","","unknown","ready","Joblinks sind direkt im HTML sichtbar.","200","2","0","json_ld,pagination,host:lindenpartners.eu","2026-06-19"
"ksb-intax","KSB Intax","ksb-intax.de","https://www.ksb-intax.de/karriere/","embedded_json","","unknown","ready","Eingebettete strukturierte Jobdaten gefunden.","200","2","3","json_ld,host:www.ksb-intax.de","2026-06-19"
"hww","hww","hww.eu","https://hww.eu","llm_fallback","","unknown","request_error","ConnectTimeout","","0","0","","2026-06-19"
"kirkland-und-ellis","Kirkland & Ellis","kirkland.com","https://www.kirkland.com/careers","dom","","unknown","ready","Joblinks sind direkt im HTML sichtbar.","200","1","0","js_app,host:www.kirkland.com","2026-06-19"
"hoffmann-eitle-patent-und-partmbb","HOFFMANN EITLE | Patent- und Rechtsanwälte PartmbB","hoffmanneitle.com","https://www.hoffmanneitle.com/en/career","playwright","","unknown","needs_browser","Seite wirkt JavaScript-/Pagination-getrieben.","200","0","0","load_more,js_app,host:www.hoffmanneitle.com","2026-06-19"
"hfk","HFK Rechtsanwälte LLP","hfk.de","https://hfk.de/karriere/hfk-als-arbeitgeber","dom","","unknown","ready","Joblinks sind direkt im HTML sichtbar.","200","1","0","host:hfk.de","2026-06-19"
"dhpg-obermueller-rohde-und","DHPG Rechtsanwälte Wirtschaftsprüfer Steuerberater - Obermüller, Rohde & Partner","dhpg.de","https://www.dhpg.de/de/karriere","embedded_json","","unknown","ready","Eingebettete strukturierte Jobdaten gefunden.","200","15","1","json_ld,pagination,js_app,host:www.dhpg.de","2026-06-19"
"dr-eick-und-gbr","Dr. Eick & Partner GbR","dr-eick.de","https://www.dr-eick.de/karriere","llm_fallback","","unknown","fallback","Keine Jobs im HTML/JSON erkannt.","200","0","0","host:www.dr-eick.de","2026-06-19"
"brock-mueller-ziegenbein","Brock Müller Ziegenbein","bmz-recht.de","https://www.bmz-recht.de/karriere","embedded_json","","unknown","ready","Eingebettete strukturierte Jobdaten gefunden.","200","6","2","json_ld,blocked,host:www.bmz-recht.de","2026-06-19"
"bryan-cave-leighton-paisner","Bryan Cave Leighton Paisner","bclplaw.com","https://www.bclplaw.com/en-US/careers.html","dom","","unknown","ready","Joblinks sind direkt im HTML sichtbar.","200","8","0","json_ld,js_app,host:www.bclplaw.com","2026-06-19"
"brandi-gbr","Brandi Rechtsanwälte GbR","brandi.net","https://www.brandi.net/ueber-brandi/karriere","dom","","unknown","ready","Joblinks sind direkt im HTML sichtbar.","200","49","0","blocked,host:www.brandi.net","2026-06-19"
"bardehle-pagenberg","BARDEHLE PAGENBERG","bardehle.de","https://www.bardehle.com/de/karriere","dom","","unknown","ready","Joblinks sind direkt im HTML sichtbar.","200","3","0","host:www.bardehle.com","2026-06-19"
"laufenberg-michels-und","Laufenberg Michels und Partner","laufmich.de","https://thinknew.koeln","playwright","","unknown","needs_browser","Seite wirkt JavaScript-/Pagination-getrieben.","200","0","0","json_ld,pagination,blocked,js_app,host:thinknew.koeln","2026-06-19"
"meissner-bolte","Meissner Bolte","meissnerbolte.com","https://www.meissnerbolte.com/de/karriere/","dom","","unknown","ready","Joblinks sind direkt im HTML sichtbar.","200","2","0","json_ld,host:www.meissnerbolte.com","2026-06-19"
"loschelder","Loschelder","loschelder.de","https://loschelder.de/de/rechtsanwaelte/karriere.html","dom","","unknown","ready","Joblinks sind direkt im HTML sichtbar.","200","5","0","host:loschelder.de","2026-06-19"
"ksp-dr-seegers-dr-frankenheim-rechtsanwaltsgesellschaft-mbh","KSP Kanzlei Dr. Seegers, Dr. Frankenheim Rechtsanwaltsgesellschaft mbH","ksp.de","https://www.ksp.de/de/karriere","dom","","unknown","ready","Joblinks sind direkt im HTML sichtbar.","200","4","0","json_ld,pagination,host:www.ksp.de","2026-06-19"
"heussen-rechtsanwaltsgesellschaft-mbh","Heussen Rechtsanwaltsgesellschaft mbH","heussen-law.de","https://www.heussen-law.de/de/karriere","dom","","unknown","ready","Joblinks sind direkt im HTML sichtbar.","200","10","0","host:www.heussen-law.de","2026-06-19"
"dr-beck-und-gbr","Dr. Beck & Partner GbR","ra-dr-beck.de","https://ra-dr-beck.de/karriere/karriere.php","dom","","unknown","ready","Joblinks sind direkt im HTML sichtbar.","200","9","0","host:ra-dr-beck.de","2026-06-19"
"wollweber","Wollweber","wollweber-law.de","https://wollweber-law.de/jobs.php?language=de","llm_fallback","","unknown","fallback","Keine Jobs im HTML/JSON erkannt.","200","0","0","host:wollweber-law.de","2026-06-19"
"rsw","RSW Rechtsanwälte","rsw-anwaelte.de","https://rsw-anwaelte.de","llm_fallback","","unknown","request_error","ConnectionError","","0","0","","2026-06-19"
"schwarzpartners-de","schwarzpartners.de","schwarzpartners.de","https://www.schwarzpartners.de/karriere","embedded_json","","unknown","ready","Eingebettete strukturierte Jobdaten gefunden.","200","12","1","json_ld,pagination,host:www.schwarzpartners.de","2026-06-19"
"hauschild-boettcher","Hauschild Böttcher","hauschild-boettcher.de","https://hauschild-boettcher.de","llm_fallback","","unknown","request_error","HTTPError","","0","0","","2026-06-19"
"arag-versicherung","ARAG Versicherung","arag.de","https://www.arag-karriere.de/?utm_source=google&utm_medium=banner&utm_campaign=Homepage","embedded_json","","unknown","ready","Eingebettete strukturierte Jobdaten gefunden.","200","0","1","json_ld,load_more,host:www.arag-karriere.de","2026-06-19"
"pkf-muenchen","PKF München","pkf-muenchen.de","https://pkf-muenchen.de","llm_fallback","","unknown","request_error","SSLError","","0","0","","2026-06-19"
"hoyng-rokh-monegier","Hoyng ROKH Monegier","hoyngrokhmonegier.com","https://hoyngrokhmonegier.com","embedded_json","","unknown","ready","Eingebettete strukturierte Jobdaten gefunden.","200","3","1","json_ld,host:www.hoyngrokhmonegier.com","2026-06-19"
"isarpatent-patent-und-behnisch-barth-charles-hassa-peckmann-und","isarpatent - Patent- und Rechtsanwälte Behnisch Barth Charles Hassa Peckmann und Partner mbB","isarpatent.com","https://www.isarpatent.com/stellenangebote-karriere/","dom","","unknown","ready","Joblinks sind direkt im HTML sichtbar.","200","6","0","json_ld,host:www.isarpatent.com","2026-06-19"
"hlb-schumacher","HLB Schumacher","hlb-schumacher.de","https://www.hlb-schumacher.de/karriere/","dom","","unknown","ready","Joblinks sind direkt im HTML sichtbar.","200","8","0","json_ld,pagination,host:www.hlb-schumacher.de","2026-06-19"
"zirngibl","Zirngibl","zirngibl.de","https://zirngibl.de/karriere/","dom","","unknown","ready","Joblinks sind direkt im HTML sichtbar.","200","10","0","json_ld,host:zirngibl.de","2026-06-19"
"littler","Littler","littler.de","https://littler.de/karriere","dom","","unknown","ready","Joblinks sind direkt im HTML sichtbar.","200","12","0","blocked,host:littler.de","2026-06-19"
"sgp-schneider-geiwitz","SGP Schneider Geiwitz","schneidergeiwitz.de","https://www.schneidergeiwitz.de/de/career","embedded_json","","unknown","ready","Eingebettete strukturierte Jobdaten gefunden.","200","3","1","json_ld,blocked,js_app,host:www.schneidergeiwitz.de","2026-06-19"
"seitz","Seitz","seitzpartner.de","https://www.seitzpartner.de/","dom","","unknown","ready","Joblinks sind direkt im HTML sichtbar.","200","3","0","json_ld,pagination,host:www.seitzpartner.de","2026-06-19"
"rittershaus-partmbb","RITTERSHAUS Rechtsanwälte PartmbB","rittershaus.net","https://rittershaus.net/karriere.html","dom","","unknown","ready","Joblinks sind direkt im HTML sichtbar.","200","11","0","host:rittershaus.net","2026-06-19"
"milbank","Milbank LLP","milbank.com","https://www.milbank.com/en/careers/index.html","dom","","unknown","ready","Joblinks sind direkt im HTML sichtbar.","200","4","0","json_ld,host:www.milbank.com","2026-06-19"
"leinemann","LEINEMANN PARTNER RECHTSANWÄLTE","leinemann-partner.de","https://www.leinemann-partner.de/karriere/","dom","","unknown","ready","Joblinks sind direkt im HTML sichtbar.","200","1","0","pagination,host:www.leinemann-partner.de","2026-06-19"
"cleary-gottlieb-steen-und-hamilton","Cleary Gottlieb Steen & Hamilton LLP","clearygottlieb.com","https://www.clearygottlieb.com/#","embedded_json","","unknown","ready","Eingebettete strukturierte Jobdaten gefunden.","200","3","1","json_ld,host:www.clearygottlieb.com","2026-06-19"
"boehmert-und-boehmert","BOEHMERT & BOEHMERT","boehmert.de","https://www.boehmert.de/karriere/arbeiten-bei-uns/","dom","","unknown","ready","Joblinks sind direkt im HTML sichtbar.","200","1","0","json_ld,pagination,blocked,host:www.boehmert.de","2026-06-19"
"arqis","Arqis","arqis.com","https://www.arqis.com/karriere/","dom","","unknown","ready","Joblinks sind direkt im HTML sichtbar.","200","26","0","json_ld,host:www.arqis.com","2026-06-19"
"vossius-und","Vossius & Partner","vossius.eu","https://www.vossius.eu/en/career","dom","","unknown","ready","Joblinks sind direkt im HTML sichtbar.","200","1","0","json_ld,host:www.vossius.eu","2026-06-19"
"dierkes-und","Dierkes und Partner","dierkes-partner.de","https://dierkes-partner.de","dom","","unknown","ready","Joblinks sind direkt im HTML sichtbar.","200","1","0","json_ld,pagination,blocked,js_app,host:dierkes-partner.de","2026-06-19"
"frankus","FRANKUS Wirtschaftsprüfer Steuerberater Rechtsanwälte","frankus.com","https://frankus.com","llm_fallback","","unknown","fallback","Keine Jobs im HTML/JSON erkannt.","200","0","0","host:www.frankus.com","2026-06-19"
"wws-gruppe","WWS Gruppe","wws-gruppe.de","https://www.wws-gruppe.de/de/startseite/karriere/warum-zur-wws/","llm_fallback","","unknown","request_error","HTTPError","","0","0","","2026-06-19"
"skn-von-geyso","SKN von Geyso","skn.partners","https://www.skn.partners/de/karriere","dom","","unknown","ready","Joblinks sind direkt im HTML sichtbar.","200","10","0","json_ld,blocked,js_app,host:www.skn.partners","2026-06-19"
"solidaris-unternehmensgruppe","Solidaris Unternehmensgruppe","solidaris.de","https://karriere.solidaris.de/","dom","","unknown","ready","Joblinks sind direkt im HTML sichtbar.","200","3","0","pagination,blocked,host:karriere.solidaris.de","2026-06-19"
"schneider","Schneider + Partner","schneider-wp.de","https://www.schneider-wp.de/karriere/","dom","","unknown","ready","Joblinks sind direkt im HTML sichtbar.","200","4","0","json_ld,host:www.schneider-wp.de","2026-06-19"
"lueders-warneboldt-und","Lüders . Warneboldt & Partner","lueders-warneboldt.de","https://lueders-warneboldt.de/karriere/","dom","","unknown","ready","Joblinks sind direkt im HTML sichtbar.","200","7","0","json_ld,blocked,host:lueders-warneboldt.de","2026-06-19"
"fides-treuhand","Fides Treuhand","fides-online.de","https://www.fides-online.de/karriere/jobs/","dom","","unknown","ready","Joblinks sind direkt im HTML sichtbar.","200","3","0","json_ld,load_more,blocked,host:www.fides-online.de","2026-06-19"
"clyde-und-co","Clyde & Co","clydeco.com","https://careers.clydeco.com/en/","embedded_json","","unknown","ready","Eingebettete strukturierte Jobdaten gefunden.","200","2","1","blocked,host:careers.clydeco.com","2026-06-19"
"bansbach","BANSBACH GmbH","bansbach-gmbh.de","https://karrierebb.bansbach-gruppe.de/karriere","embedded_json","","unknown","ready","Eingebettete strukturierte Jobdaten gefunden.","200","30","1","json_ld,js_app,host:karrierebb.bansbach-gruppe.de","2026-06-19"
"wbs","WBS.LEGAL","wbs.legal","https://www.wbs.legal/karriere/","dom","","unknown","ready","Joblinks sind direkt im HTML sichtbar.","200","1","0","json_ld,js_app,host:www.wbs.legal","2026-06-19"
"bietmann","Bietmann Rechtsanwälte Steuerberater","bietmann.eu","https://www.bietmann.eu/karriere-bei-bietmann","dom","","unknown","ready","Joblinks sind direkt im HTML sichtbar.","200","61","0","json_ld,host:www.bietmann.eu","2026-06-19"
"pusch-wahlig-workplace","Pusch Wahlig Workplace Law","pwwl.de","https://pwwl.de/jobs-karriere/","dom","","unknown","ready","Joblinks sind direkt im HTML sichtbar.","200","10","0","blocked,host:pwwl.de","2026-06-19"
"rae-holthoff-pfoertner","RAe Holthoff-Pförtner","hp-w.de","https://hp-w.de/karriere/","dom","","unknown","ready","Joblinks sind direkt im HTML sichtbar.","200","8","0","json_ld,load_more,pagination,host:hp-w.de","2026-06-19"
"pelka-und-sozien","Pelka und Sozien GmbH","pelkapartner.de","https://www.pelkapartner.de/karriere","dom","","unknown","ready","Joblinks sind direkt im HTML sichtbar.","200","2","0","blocked,js_app,host:www.pelkapartner.de","2026-06-19"
"peters-schoenberger-und","Peters, Schönberger & Partner mbB Rechtsanwälte Wirtschaftsprüfer Steuerberater","psp.eu","https://www.psp.eu/de/karriere","dom","","unknown","ready","Joblinks sind direkt im HTML sichtbar.","200","39","0","pagination,host:www.psp.eu","2026-06-19"
"qivive-rechtsanwalts","QIVIVE Rechtsanwalts GmbH","qivive.com","https://www.qivive.com/de/karriere/uebersicht","playwright","","unknown","needs_browser","Seite wirkt JavaScript-/Pagination-getrieben.","200","0","0","pagination,host:www.qivive.com","2026-06-19"
"lfk-busshardt-huber","LFK PARTNER Bußhardt Huber Partnerschaft mbB","lfkvs.de","https://karriere.lfkvs.de/","dom","","unknown","ready","Joblinks sind direkt im HTML sichtbar.","200","14","0","json_ld,load_more,pagination,host:karriere.lfkvs.de","2026-06-19"
"schuellermann","Schüllermann","schuellermann.de","https://schuellermann.de/karriere/","llm_fallback","","unknown","fallback","Keine Jobs im HTML/JSON erkannt.","200","0","0","host:www.karriere.schuellermann.de","2026-06-19"
"wolter-hoppenberg","Wolter Hoppenberg Rechtsanwälte Partnerschaft mbB","wolter-hoppenberg.de","https://wolter-hoppenberg.de/karriere/","dom","","unknown","ready","Joblinks sind direkt im HTML sichtbar.","200","7","0","json_ld,pagination,js_app,host:wolter-hoppenberg.de","2026-06-19"
"thuemmel-schuetze","thümmel schütze","tsp-law.com","https://tsp-law.com/de/de/karriere","llm_fallback","","unknown","fallback","Keine Jobs im HTML/JSON erkannt.","200","0","0","json_ld,host:tsp-law.com","2026-06-19"
"simmons-und-simmons","Simmons & Simmons","simmons-simmons.com","https://simmons-simmons.com","llm_fallback","","unknown","fallback","Keine Jobs im HTML/JSON erkannt.","200","0","0","host:www.simmons-simmons.com","2026-06-19"
"frommer","Frommer legal","frommer.legal","https://careers.frommer.legal/","embedded_json","","unknown","ready","Eingebettete strukturierte Jobdaten gefunden.","200","5","2","json_ld,host:careers.frommer.legal","2026-06-19"
"gibson-dunn-und-crutcher","Gibson Dunn & Crutcher","gibsondunn.com","https://www.gibsondunn.com/careers/","dom","","unknown","ready","Joblinks sind direkt im HTML sichtbar.","200","3","0","json_ld,load_more,pagination,blocked,js_app,host:www.gibsondunn.com","2026-06-19"
"fps-von-rechtsanwaelten","FPS Partnerschaft von Rechtsanwälten mbB","fps-law.de","https://fps-law.de/de/karriere","dom","","unknown","ready","Joblinks sind direkt im HTML sichtbar.","200","11","0","host:fps-law.de","2026-06-19"
"brinkmann-und","Brinkmann & Partner","brinkmann-partner.de","https://www.brinkmann-partner.de/karriere/","dom","","unknown","ready","Joblinks sind direkt im HTML sichtbar.","200","21","0","json_ld,pagination,blocked,host:www.brinkmann-partner.de","2026-06-19"
"bbl-brockdorff","BBL Brockdorff","bbl-law.com","https://www.bbl-law.com/karriere/","dom","","unknown","ready","Joblinks sind direkt im HTML sichtbar.","200","7","0","json_ld,blocked,js_app,host:www.bbl-law.com","2026-06-19"
"gruenecker","Grünecker","grunecker.de","https://grunecker.de/karriere/","playwright","","unknown","needs_browser","Seite wirkt JavaScript-/Pagination-getrieben.","200","0","0","json_ld,pagination,blocked,host:grunecker.de","2026-06-19"
"snp-schlawien","SNP Schlawien Partnerschaft mbB","snp.law.de","https://snp.law.de","llm_fallback","","unknown","request_error","SSLError","","0","0","","2026-06-19"
"antoniadis-und-ure","Antoniadis & Ure","anure.de","https://anure.de/karriere-anure/","playwright","","unknown","needs_browser","Seite wirkt JavaScript-/Pagination-getrieben.","200","0","0","json_ld,pagination,js_app,host:anure.de","2026-06-19"
"d-avoine-teubler-neu","D´Avoine Teubler Neu Rechtsanwälte","atn-ra.de","https://www.atn-ra.de/kanzlei/karriere/","dom","","unknown","ready","Joblinks sind direkt im HTML sichtbar.","200","1","0","json_ld,blocked,host:www.atn-ra.de","2026-06-19"
"greengate","GreenGate Partners","greengate.legal","https://www.greengate.legal/karriere/","dom","","unknown","ready","Joblinks sind direkt im HTML sichtbar.","200","1","0","json_ld,host:www.greengate.legal","2026-06-19"
"malmendier","Malmendier Legal","malmendier-legal.com","https://malmendier-legal.com/karriere/","dom","","unknown","ready","Joblinks sind direkt im HTML sichtbar.","200","7","0","pagination,host:malmendier-legal.com","2026-06-19"
"schuermann-rosenthal-dreyer","Schürmann Rosenthal Dreyer","srd-rechtsanwaelte.de","https://www.srd-rechtsanwaelte.de/karriere","dom","","unknown","ready","Joblinks sind direkt im HTML sichtbar.","200","4","0","json_ld,blocked,host:www.srd-rechtsanwaelte.de","2026-06-19"
"hopfgarten","HOPFGARTEN Rechtsanwälte","hopfgarten.de","https://www.hopfgarten.de/karriere/","dom","","unknown","ready","Joblinks sind direkt im HTML sichtbar.","200","3","0","json_ld,host:www.hopfgarten.de","2026-06-19"
"hawelka","Hawelka","hawelka-klenk.de","https://www.hawelka-klenk.de/profil-1","dom","","unknown","ready","Joblinks sind direkt im HTML sichtbar.","200","3","0","host:www.hawelka-klenk.de","2026-06-19"
"minoggio-grezesch-bachmann","Minoggio Grezesch Bachmann","mgb-law.de","https://www.mgb-law.de/karriere/","embedded_json","","unknown","ready","Eingebettete strukturierte Jobdaten gefunden.","200","3","1","json_ld,pagination,js_app,host:www.mgb-law.de","2026-06-19"
"w-und-k","W & K","wk-legal.de","https://wk-legal.de","llm_fallback","","unknown","fallback","Keine Jobs im HTML/JSON erkannt.","200","0","0","host:www.wk-legal.de","2026-06-19"
"goost-und-nowak","goost & nowak Rechtsanwälte","goost-nowak.de","https://goost-nowak.de/?page_id=15888","dom","","unknown","ready","Joblinks sind direkt im HTML sichtbar.","200","1","0","host:goost-nowak.de","2026-06-19"
"kursawe-foitzik-hohlweg","Kursawe Foitzik Hohlweg","kfh.legal","https://kfh.legal","dom","","unknown","ready","Joblinks sind direkt im HTML sichtbar.","200","1","0","json_ld,pagination,js_app,host:kfh.legal","2026-06-19"
"schneidewind","Schneidewind","schneidewind.legal.de","https://schneidewind.legal.de","llm_fallback","","unknown","request_error","SSLError","","0","0","","2026-06-19"
"roland-franz-und","Roland Franz & Partner","franz-partner.de","https://www.franz-partner.de/stellenangebote.html","dom","","unknown","ready","Joblinks sind direkt im HTML sichtbar.","200","6","0","host:www.franz-partner.de","2026-06-19"
"kind-und-recht","Kind & Recht","kind-und-recht.de","https://kind-und-recht.de","llm_fallback","","unknown","request_error","SSLError","","0","0","","2026-06-19"
"lintilia","Lintilia Law","lintilia.de","https://www.lintilia.de/news/prof.-dr.-jan-roth-zum-vorlaeufigen-insolvenzverwalter-des-busunternehmens-jungermann-bestellt-2026-03-10.htm","embedded_json","","unknown","ready","Eingebettete strukturierte Jobdaten gefunden.","200","0","2","json_ld,host:www.lintilia.de","2026-06-19"
"kanzleigruenhagen-de","kanzleigruenhagen.de","kanzleigruenhagen.de","https://www.kanzleigruenhagen.de/user/register","dom","","unknown","ready","Joblinks sind direkt im HTML sichtbar.","200","3","0","pagination,host:www.kanzleigruenhagen.de","2026-06-19"
"heublein","HEUBLEIN Rechtsanwälte","heublein.eu","https://heublein.eu","llm_fallback","","unknown","request_error","SSLError","","0","0","","2026-06-19"
"hilgers-und","Hilgers und Partner","hilgers-partner.de","https://www.hilgers-partner.de/#karriere","dom","","unknown","ready","Joblinks sind direkt im HTML sichtbar.","200","2","0","host:www.hilgers-partner.de","2026-06-19"
"hlp-heiermann-losch-gbr","HLP. Heiermann Losch GbR","hlp-rae.de","https://hlp-rae.de/karriere/","dom","","unknown","ready","Joblinks sind direkt im HTML sichtbar.","200","3","0","pagination,host:hlp-rae.de","2026-06-19"
"hoeweler-rischmann-und-mbbwirtschaftspruefungsgesellschaft-steuerberatungsgesellschaft","Höweler | Rischmann und Partner mbBWirtschaftsprüfungsgesellschaft Steuerberatungsgesellschaft","hrp-wp.de","https://www.hrp-wp.de/de/karriere/karriere_mit_vorteil/","dom","","unknown","ready","Joblinks sind direkt im HTML sichtbar.","200","3","0","json_ld,host:www.hrp-wp.de","2026-06-19"
"hptp-und-co-kgsteuerberatungsgesellschaft","HPTP GmbH & Co. KGSteuerberatungsgesellschaft","hptp.de","https://karriere.hptp.de","dom","","unknown","ready","Joblinks sind direkt im HTML sichtbar.","200","1","0","json_ld,host:karriere.hptp.de","2026-06-19"
"helmut-hutterer-und-bernhard-weiss","Notare Helmut Hutterer & Bernhard Weiß","hutterer-weiss.de","https://hutterer-weiss.de","dom","","unknown","ready","Joblinks sind direkt im HTML sichtbar.","200","1","0","host:www.hutterer-weiss.de","2026-06-19"
"ikert-tharun-waehling-und","Ikert-Tharun Wähling und Partner Rechtsanwälte","iw-partner.de","https://iw-partner.de/karriere/","llm_fallback","","unknown","fallback","Keine Jobs im HTML/JSON erkannt.","200","0","0","json_ld,host:iw-partner.de","2026-06-19"
"kaiser-und-kollegen","Kaiser & Kollegen Rechtsanwälte","kaiser-und-kollegen.de","https://kaiser-und-kollegen.de/rechtsanwaltskanzlei-karriere-mannheim/","dom","","unknown","ready","Joblinks sind direkt im HTML sichtbar.","200","2","0","json_ld,pagination,blocked,js_app,host:kaiser-und-kollegen.de","2026-06-19"
"kind-und-recht","Kanzlei Kind & Recht","anwalt-kindschaftsrecht.de","https://anwalt-kindschaftsrecht.de","dom","","unknown","ready","Joblinks sind direkt im HTML sichtbar.","200","1","0","json_ld,load_more,pagination,blocked,js_app,host:www.anwalt-kindschaftsrecht.de","2026-06-19"
"regler-sikora","REGLER SIKORA NOTARE","regler-sikora.de","https://regler-sikora.de/notare/karriere/","dom","","unknown","ready","Joblinks sind direkt im HTML sichtbar.","200","3","0","pagination,js_app,host:regler-sikora.de","2026-06-19"
"maltry-rechtsanwaeltinnen","Maltry RechtsanwältInnen PartG mbB","rechtsanwaeltinnen.com","https://www.rechtsanwaeltinnen.com/de/kanzlei/stellengesuche","dom","","unknown","ready","Joblinks sind direkt im HTML sichtbar.","200","3","0","host:www.rechtsanwaeltinnen.com","2026-06-19"
"nowak-und-part","nowak & partner, Steuerberater Rechtsanwalt Part mbB","nowak-partner.de","https://nowak-karriere.de/","dom","","unknown","ready","Joblinks sind direkt im HTML sichtbar.","200","6","0","pagination,blocked,host:nowak-karriere.de","2026-06-19"
"php-rechtsanwaltsgesellschaft-mbh","PHP Rechtsanwaltsgesellschaft mbH","kanzlei-php.de","https://kanzlei-php.de","dom","","unknown","ready","Joblinks sind direkt im HTML sichtbar.","200","1","0","json_ld,host:kanzlei-php.de","2026-06-19"
"prehn-stamer-schumacher","Prehn | Stamer | Schumacher Rechtsanwälte Partnerschaft","prehn-recht.de","https://www.prehn-recht.de/karriere/","dom","","unknown","ready","Joblinks sind direkt im HTML sichtbar.","200","1","0","json_ld,pagination,blocked,js_app,host:www.prehn-recht.de","2026-06-19"
"rattay-und-becher","Partnerschaft Rattay & Becher","rattaybecher.com","https://rattaybecher.com","dom","","unknown","ready","Joblinks sind direkt im HTML sichtbar.","200","2","0","pagination,blocked,host:rattaybecher.com","2026-06-19"
"benjamin-graumann","Benjamin Graumann Rechtsanwalt","anwalt-graumann.de","https://anwalt-graumann.de","llm_fallback","","unknown","request_error","HTTPError","","0","0","","2026-06-19"
"von-seggern-und-quass","von Seggern & Quaß","rdg-recht.de","https://www.rdg-recht.de/karriere","dom","","unknown","ready","Joblinks sind direkt im HTML sichtbar.","200","6","0","json_ld,pagination,blocked,js_app,host:www.rdg-recht.de","2026-06-19"
"mook","Rechtsanwälte Mook","mook-law.de","https://mook-law.de/neuigkeiten/","playwright","","unknown","needs_browser","Seite wirkt JavaScript-/Pagination-getrieben.","200","0","0","load_more,blocked,host:mook-law.de","2026-06-19"
"rechtsanwaltskammer-muenchen","Rechtsanwaltskammer München","rak-muenchen.de","https://www.rak-muenchen.de/rechtsanwaelte/anzeigenmarkt/stellenboerse/","dom","","unknown","ready","Joblinks sind direkt im HTML sichtbar.","200","51","0","host:www.rak-muenchen.de","2026-06-19"
"und-theune-dr-rohleder-bartosch-kloehn-partnerschaftsgesellschaft","Rechtsanwälte und Notare Theune, Dr. Rohleder, Bartosch, Klöhn, Partnerschaftsgesellschaft","theune-rohleder.de","https://www.theune-rohleder.de/karriere/","dom","","unknown","ready","Joblinks sind direkt im HTML sichtbar.","200","4","0","host:www.theune-rohleder.de","2026-06-19"
"rechtsanwalts-und-steuerkanzlei-kattanek","Rechtsanwalts- und Steuerkanzlei Kattanek","rechtsanwalt-kattanek.de","https://rechtsanwalt-kattanek.de/karriere/","dom","","unknown","ready","Joblinks sind direkt im HTML sichtbar.","200","1","0","json_ld,pagination,blocked,js_app,host:rechtsanwalt-kattanek.de","2026-06-19"
"stefan-kruse-und-dirk-bruederle","Rechtsanwälte Stefan Kruse & Dirk Brüderle","der-jurist.com","https://der-jurist.com","embedded_json","","unknown","ready","Eingebettete strukturierte Jobdaten gefunden.","200","3","1","json_ld,js_app,host:der-jurist.com","2026-06-19"
"rst-steuerberatungsgesellschaft-mbh","RST Steuerberatungsgesellschaft mbH","rst-beratung.de","https://rst-beratung.de","llm_fallback","","unknown","request_error","SSLError","","0","0","","2026-06-19"
"rsw-fischer-und-coll-rechtsanwaltsgesellschaft-mbh","RSW | Fischer & Coll. Rechtsanwaltsgesellschaft mbH","rsw.legal","https://rsw.legal","llm_fallback","","unknown","fallback","Keine Jobs im HTML/JSON erkannt.","200","0","0","host:www.rsw.legal","2026-06-19"
"schimmel","Schimmel Steuerberater, Wirtschaftsprüfer","schimmel.co","https://www.schimmel.co/karriere/","dom","","unknown","ready","Joblinks sind direkt im HTML sichtbar.","200","4","0","host:www.schimmel.co","2026-06-19"
"staehler","Stähler Rechtsanwälte","staehler-rae.de","https://www.staehler-rae.de/karriere","dom","","unknown","ready","Joblinks sind direkt im HTML sichtbar.","200","2","0","json_ld,host:www.staehler-rae.de","2026-06-19"
"stegemeier-rudolph","Stegemeier Rudolph","stegemeier-rudolph.de","https://stegemeier-rudolph.de","llm_fallback","","unknown","request_error","SSLError","","0","0","","2026-06-19"
"vogeler","Vogeler Rechtsanwälte Partnerschaft mbB","ra-vogeler.de","https://ra-vogeler.de/die-kanzlei/#karriere","playwright","","unknown","needs_browser","Seite wirkt JavaScript-/Pagination-getrieben.","200","0","0","json_ld,pagination,blocked,host:ra-vogeler.de","2026-06-19"
"voellinger-und-m-b-b","Völlinger & Partner m.b.B.","voellinger-partner.de","https://voellinger-partner.com/karriere/","playwright","","unknown","needs_browser","Seite wirkt JavaScript-/Pagination-getrieben.","200","0","0","pagination,blocked,js_app,host:voellinger-partner.com","2026-06-19"
"wzm-wanner-zahn-machander-partnergesellschaft","WZM Wanner Zahn Machander Partnergesellschaft mbB","wzm-law.de","https://www.wzm-law.de/de/jobs","llm_fallback","","unknown","fallback","Keine Jobs im HTML/JSON erkannt.","200","0","0","host:www.wzm-law.de","2026-06-19"
"herfurtner-rechtsanwaltsgesellschaft-mbh","Herfurtner Rechtsanwaltsgesellschaft mbH","kanzlei-herfurtner.de","https://kanzlei-herfurtner.de/karriere/","dom","","unknown","ready","Joblinks sind direkt im HTML sichtbar.","200","6","0","json_ld,load_more,pagination,host:kanzlei-herfurtner.de","2026-06-19"
"pielsticker-mohme","Pielsticker Mohme","pielsticker.de","https://pielsticker.de/stellenangebote/","dom","","unknown","ready","Joblinks sind direkt im HTML sichtbar.","200","5","0","host:pielsticker.de","2026-06-19"
"voigt-rechtsanwalts","Kanzlei Voigt Rechtsanwalts GmbH","kanzlei-voigt.de","https://kanzlei-voigt.de/karriere","embedded_json","","unknown","ready","Eingebettete strukturierte Jobdaten gefunden.","200","9","1","json_ld,load_more,pagination,blocked,host:kanzlei-voigt.de","2026-06-19"
"webeler","Webeler Rechtsanwälte","webeler-rechtsanwaelte.de","https://www.webeler-rechtsanwaelte.de/karriere/","dom","","unknown","ready","Joblinks sind direkt im HTML sichtbar.","200","1","0","blocked,host:www.webeler-rechtsanwaelte.de","2026-06-19"
"vrt","VRT Partnerschaft mbB Wirtschaftsprüfer Steuerberater Rechtsanwälte","vrtonline.de","https://vrtonline.de","llm_fallback","","unknown","request_error","SSLError","","0","0","","2026-06-19"
"heimann-und","HEIMANN und Partner mbB Wirtschaftsprüfer Steuerberater","heimannundpartner.de","https://www.heimannundpartner.de/karriere.html","dom","","unknown","ready","Joblinks sind direkt im HTML sichtbar.","200","2","0","host:www.heimannundpartner.de","2026-06-19"
"dahag-rechtsservices","DAHAG Rechtsservices AG","dahag.de","https://www.dahag.de/jobs","dom","","unknown","ready","Joblinks sind direkt im HTML sichtbar.","200","8","0","host:www.dahag.de","2026-06-19"
"maerkische-revision","Märkische Revision","maerkische-essen.de","https://www.maerkische-essen.de/karriere","dom","","unknown","ready","Joblinks sind direkt im HTML sichtbar.","200","3","0","blocked,host:www.maerkische-essen.de","2026-06-19"
"fricke-kollegen","Fricke + Kollegen","steuerkanzlei-fricke.de","https://steuerkanzlei-fricke.deine-wunschkanzlei.de/","dom","","unknown","ready","Joblinks sind direkt im HTML sichtbar.","200","2","0","host:steuerkanzlei-fricke.deine-wunschkanzlei.de","2026-06-19"
"kemper-rechtsanwaltsgesellschaft-mbh","KEMPER Rechtsanwaltsgesellschaft mbH","kemper-rechtsanwaelte.de","https://www.kemper-rechtsanwaelte.de/#karriere","dom","","unknown","ready","Joblinks sind direkt im HTML sichtbar.","200","2","0","json_ld,pagination,host:www.kemper-rechtsanwaelte.de","2026-06-19"
"andreas-muehlenweg","Kanzlei Andreas Mühlenweg","kanzlei-muehlenweg.de","https://www.kanzlei-muehlenweg.de/kanzlei/karriere-jobs/ihr-job-bei-der-kanzlei-muehlenweg,584443,de","dom","","unknown","ready","Joblinks sind direkt im HTML sichtbar.","200","8","0","pagination,host:www.kanzlei-muehlenweg.de","2026-06-19"
"simon-und","Simon & Partner","simon-und-partner.de","https://www.simon-und-partner.de/karriere","dom","","unknown","ready","Joblinks sind direkt im HTML sichtbar.","200","5","0","host:www.simon-und-partner.de","2026-06-19"
"stein-und","Stein & Partner Rechtsanwälte","steinundpartner.de","https://steinundpartner.de/karriere/","dom","","unknown","ready","Joblinks sind direkt im HTML sichtbar.","200","5","0","json_ld,load_more,pagination,js_app,host:steinundpartner.de","2026-06-19"
"schmitz","Schmitz + Partner","schmitzpartner.de","https://schmitzpartner.de/karriere/","dom","","unknown","ready","Joblinks sind direkt im HTML sichtbar.","200","3","0","json_ld,load_more,pagination,js_app,host:schmitzpartner.de","2026-06-19"
"wsp-wintzer-stauffenberg-pekruhl","WSP Wintzer Stauffenberg Pekruhl","wsp-beratung.com","https://wsp-beratung.com","llm_fallback","","unknown","request_error","HTTPError","","0","0","","2026-06-19"
"ww-kn","WW+KN","wwkn.de","https://wwkn.de/karriere/","dom","","unknown","ready","Joblinks sind direkt im HTML sichtbar.","200","10","0","json_ld,pagination,js_app,host:wwkn.de","2026-06-19"
"holler","Holler Rechtsanwälte","holler.de","https://holler.de/karriere.html","llm_fallback","","unknown","fallback","Keine Jobs im HTML/JSON erkannt.","200","0","0","host:holler.de","2026-06-19"
"wach-und-meckes-und","Wach und Meckes und Partner","wachundmeckes.com","https://wachundmeckes.com","llm_fallback","","unknown","fallback","Keine Jobs im HTML/JSON erkannt.","200","0","0","json_ld,host:wachundmeckes.com","2026-06-19"
"theopark","THEOPARK","theopark.com","https://www.theopark.com/karriere/","dom","","unknown","ready","Joblinks sind direkt im HTML sichtbar.","200","1","0","pagination,host:www.theopark.com","2026-06-19"
"thuer-werner-sontag","Thür Werner Sontag","tws-rechtsanwaelte.de","https://www.tws-rechtsanwaelte.de/kanzlei/karriere","dom","","unknown","ready","Joblinks sind direkt im HTML sichtbar.","200","1","0","json_ld,host:www.tws-rechtsanwaelte.de","2026-06-19"
"tsc-schipp-und","TSC Schipp & Partner","t-s-c.eu","https://www.t-s-c.eu/karriere/","dom","","unknown","ready","Joblinks sind direkt im HTML sichtbar.","200","3","0","host:www.t-s-c.eu","2026-06-19"
"thomas-deckers-wehnert-elsner","Thomas Deckers Wehnert Elsner","tdwe.de","https://tdwe.de","dom","","unknown","ready","Joblinks sind direkt im HTML sichtbar.","200","1","0","json_ld,host:tdwe.de","2026-06-19"
"tilp","Tilp","tilp.de","https://tilp.de/karriere/","dom","","unknown","ready","Joblinks sind direkt im HTML sichtbar.","200","2","0","json_ld,pagination,js_app,host:tilp.de","2026-06-19"
"taliens","Taliens","taliens.com","https://taliens.com/career/","playwright","","unknown","needs_browser","Seite wirkt JavaScript-/Pagination-getrieben.","200","0","0","pagination,host:taliens.com","2026-06-19"
"studio","Studio Legal","studiolegal.de","https://studiolegal.de","llm_fallback","","unknown","request_error","ConnectionError","","0","0","","2026-06-19"
"ssp","SSP-Law","ssp-law.de","https://www.ssp-law.de/kanzlei/karriere/","playwright","","unknown","needs_browser","Seite wirkt JavaScript-/Pagination-getrieben.","200","0","0","json_ld,js_app,host:www.ssp-law.de","2026-06-19"
"tci","TCI Rechtsanwälte","tcilaw.de","https://www.tcilaw.de/karriere/","dom","","unknown","ready","Joblinks sind direkt im HTML sichtbar.","200","2","0","json_ld,host:www.tcilaw.de","2026-06-19"
"seebacher-fleischmann-mueller","Seebacher Fleischmann Müller","sfm-arbeitsrecht.de","https://sfm-arbeitsrecht.de/stellen/","llm_fallback","","unknown","fallback","Keine Jobs im HTML/JSON erkannt.","200","0","0","json_ld,host:sfm-arbeitsrecht.de","2026-06-19"
"schweibert-lessmann-und","Schweibert Leßmann & Partner","schweibertlessmann.de","https://www.schweibertlessmann.de/karriere/","llm_fallback","","unknown","fallback","Keine Jobs im HTML/JSON erkannt.","200","0","0","json_ld,host:www.schweibertlessmann.de","2026-06-19"
"schmidt-jortzig-petersen-penzlin","Schmidt-Jortzig Petersen Penzlin","sjpp.de","https://www.sjpp.de/jobs.html","dom","","unknown","ready","Joblinks sind direkt im HTML sichtbar.","200","1","0","host:www.sjpp.de","2026-06-19"
"rpo-ruttkamp-oberthuer","RPO Ruttkamp Oberthür","rpo-rechtsanwaelte.de","https://rpo-rechtsanwaelte.de","dom","","unknown","ready","Joblinks sind direkt im HTML sichtbar.","200","4","0","host:rpo-rechtsanwaelte.de","2026-06-19"
"weser","Weser Law","weser-law.de","","manual_review","","unknown","missing_jobboard_url","Keine Jobboard_URL und keine Domain.","","0","0","","2026-06-19"
"schramm-meyer-kuhnke","Schramm Meyer Kuhnke","schrammmeyerkuhnke.de","https://www.schrammmeyerkuhnke.de/de/karriere","playwright","","unknown","needs_browser","Seite wirkt JavaScript-/Pagination-getrieben.","200","0","0","pagination,host:www.schrammmeyerkuhnke.de","2026-06-19"
"prinz-und","Prinz & Partner","prinz.eu","https://www.prinz.eu/karriere","llm_fallback","","unknown","fallback","Keine Jobs im HTML/JSON erkannt.","200","0","0","host:www.prinz.eu","2026-06-19"
"rapraeger-hoffmann-und","Rapräger Hoffmann und Partner","rapraeger.de","https://rapraeger.de/karriere/","dom","","unknown","ready","Joblinks sind direkt im HTML sichtbar.","200","5","0","json_ld,load_more,host:rapraeger.de","2026-06-19"
"preu-bohlig-und","Preu Bohlig & Partner","preubohlig.de","https://preubohlig.de/karriere/","dom","","unknown","ready","Joblinks sind direkt im HTML sichtbar.","200","1","0","json_ld,pagination,blocked,host:preubohlig.de","2026-06-19"
"rpm-dres-ruge-purrucker-makowski","RPM Dres. Ruge Purrucker Makowski","rpm-recht.de","https://rpm-recht.de/karriere/","dom","","unknown","ready","Joblinks sind direkt im HTML sichtbar.","200","2","0","json_ld,host:rpm-recht.de","2026-06-19"
"pohlmann-und-company","Pohlmann & Company","pohlmann-company.com","https://www.pohlmann-company.com/karriere/","playwright","","unknown","needs_browser","Seite wirkt JavaScript-/Pagination-getrieben.","200","0","0","json_ld,pagination,host:www.pohlmann-company.com","2026-06-19"
"peterreins-schley","Peterreins Schley","ps-patent.com","https://ps-patent.com/career.html","llm_fallback","","unknown","fallback","Keine Jobs im HTML/JSON erkannt.","200","0","0","host:ps-patent.com","2026-06-19"
"posser-spieth-wolfers-und","POSSER SPIETH WOLFERS & PARTNERS","pswp.de","https://pswp.de/karriere","embedded_json","","unknown","ready","Eingebettete strukturierte Jobdaten gefunden.","200","2","1","json_ld,host:pswp.de","2026-06-19"
"pfo-poehlmann-fruechtl-oppermann-partmbb-und","PFO Pöhlmann, Früchtl, Oppermann PartmbB Rechtsanwälte & Steuerberater","pfo-anwaelte.de","https://pfo-anwaelte.de/karriere","dom","","unknown","ready","Joblinks sind direkt im HTML sichtbar.","200","3","0","json_ld,blocked,host:pfo-anwaelte.de","2026-06-19"
"nst-niering-stock-toemp","NST – NIERING STOCK TÖMP","nst-inso.com","https://nst-inso.com/karriere/","reader_or_llm","","unknown","blocked","Seite wirkt geblockt oder leer fuer normale Requests.","200","0","0","blocked,host:nst-inso.com","2026-06-19"
"novacos","Novacos","novacos-law.com","https://www.novacos-law.com/en/career/","playwright","","unknown","needs_browser","Seite wirkt JavaScript-/Pagination-getrieben.","200","0","0","json_ld,pagination,blocked,host:www.novacos-law.com","2026-06-19"
"am-ballindamm","Notare am Ballindamm","notariat-ballindamm.de","https://www.notariat-ballindamm.de/jobs/","dom","","unknown","ready","Joblinks sind direkt im HTML sichtbar.","200","4","0","host:www.notariat-ballindamm.de","2026-06-19"
"notariat-bergstrasse","Notariat Bergstraße","notariat-bergstrasse.de","https://www.notariat-bergstrasse.de/karriere/","dom","","unknown","ready","Joblinks sind direkt im HTML sichtbar.","200","10","0","json_ld,blocked,host:www.notariat-bergstrasse.de","2026-06-19"
"mueller-mahlmann","Müller Mahlmann","muellermahlmann.de","https://muellermahlmann.de/karriere/","dom","","unknown","ready","Joblinks sind direkt im HTML sichtbar.","200","3","0","json_ld,pagination,js_app,host:muellermahlmann.de","2026-06-19"
"am-gaensemarkt","Notare am Gänsemarkt","notare-amgaensemarkt.de","https://notare-amgaensemarkt.de/de/karriere","embedded_json","","unknown","ready","Eingebettete strukturierte Jobdaten gefunden.","200","5","1","json_ld,host:notare-amgaensemarkt.de","2026-06-19"
"neuwerk","NEUWERK","neuwerk.legal","https://www.neuwerk.legal/karriere","dom","","unknown","ready","Joblinks sind direkt im HTML sichtbar.","200","2","0","host:www.neuwerk.legal","2026-06-19"
"olbricht-buchhold-keulertz","Olbricht Buchhold Keulertz","olbrichtpatent.de","https://www.olbrichtpatent.de/de/firm/career","llm_fallback","","unknown","fallback","Keine Jobs im HTML/JSON erkannt.","200","0","0","host:www.olbrichtpatent.de","2026-06-19"
"mueller-blum","Müller Blum","muellerblum.de","https://muellerblum.de","llm_fallback","","unknown","request_error","HTTPError","","0","0","","2026-06-19"
"am-alstertor","Notare am Alstertor","alstertor.de","https://www.alstertor.de/de/#","dom","","unknown","ready","Joblinks sind direkt im HTML sichtbar.","200","4","0","host:www.alstertor.de","2026-06-19"
"neussel-kpa","Neussel KPA","neusselkpa.de","https://www.neusselkpa.de/karriere","embedded_json","","unknown","ready","Eingebettete strukturierte Jobdaten gefunden.","200","0","2","json_ld,blocked,host:www.neusselkpa.de","2026-06-19"
"nordemann-czychowski-und","Nordemann Czychowski &. Partner","nordemann.de","https://nordemann.de/jobs/","reader_or_llm","","unknown","blocked","Seite wirkt geblockt oder leer fuer normale Requests.","200","0","0","blocked,host:nordemann.de","2026-06-19"
"neuland","Neuland","neuland.legal","https://www.neuland.legal/career.html","dom","","unknown","ready","Joblinks sind direkt im HTML sichtbar.","200","1","0","host:www.neuland.legal","2026-06-19"
"meinhardt-gieseler-und","Meinhardt Gieseler & Partner","mgup-kanzlei.de","https://mgup-kanzlei.de/karriere/","dom","","unknown","ready","Joblinks sind direkt im HTML sichtbar.","200","8","0","json_ld,pagination,blocked,host:mgup-kanzlei.de","2026-06-19"
"momentum","Momentum","momentum-partners.de","https://momentum-partners.de","llm_fallback","","unknown","request_error","ConnectionError","","0","0","","2026-06-19"
"medlegal","Medlegal","medlegal.de","https://www.medlegal.de/karriere/","playwright","","unknown","needs_browser","Seite wirkt JavaScript-/Pagination-getrieben.","200","0","0","json_ld,pagination,blocked,host:www.medlegal.de","2026-06-19"
"moller-theobald-jung-zenger","Moller Theobald Jung Zenger","mtjz.de","https://www.mtjz.de/aktuelles/unsere-aktuellen-stellenangebote/","dom","","unknown","ready","Joblinks sind direkt im HTML sichtbar.","200","5","0","host:www.mtjz.de","2026-06-19"
"moog","Moog","moogpartner.de","https://www.moogpartner.de/karriere/","dom","","unknown","ready","Joblinks sind direkt im HTML sichtbar.","200","31","0","host:www.moogpartner.de","2026-06-19"
"michels-pmks","Michels pmks","michelspmks.de","https://michelspmks.de/de/karriere/","llm_fallback","","unknown","fallback","Keine Jobs im HTML/JSON erkannt.","200","0","0","json_ld,host:michelspmks.de","2026-06-19"
"mnb","MNB Legal","www-mnblegal.de","https://www-mnblegal.de","llm_fallback","","unknown","request_error","ConnectionError","","0","0","","2026-06-19"
"martius","Martius Rechtsanwälte","martius-partner.com","https://martius-partner.com/career","llm_fallback","","unknown","fallback","Keine Jobs im HTML/JSON erkannt.","200","0","0","json_ld,host:martius-partner.com","2026-06-19"
"martini-mogg-vogt","Martini Mogg Vogt","mmv-recht.de","https://www.mmv-recht.de/de/stellenangebote","embedded_json","","unknown","ready","Eingebettete strukturierte Jobdaten gefunden.","200","2","3","json_ld,pagination,host:www.mmv-recht.de","2026-06-19"
"lmps-von-laer-meyer-paul-stuttmann","LMPS von Laer Meyer Paul Stuttmann","lmps.de","https://lmps.de/karriere/","embedded_json","","unknown","ready","Eingebettete strukturierte Jobdaten gefunden.","200","0","1","json_ld,host:lmps.de","2026-06-19"
"media","Media Kanzlei","media-kanzlei.com","https://media-kanzlei.com/karriere/","dom","","unknown","ready","Joblinks sind direkt im HTML sichtbar.","200","21","0","pagination,js_app,host:media-kanzlei.com","2026-06-19"
"lts","LTS Rechtsanwälte","lts-kanzlei.de","https://lts-kanzlei.de/?page_id=7589","llm_fallback","","unknown","request_error","HTTPError","","0","0","","2026-06-19"
"klinkert","Klinkert","klinkert.pro","https://klinkert.pro","playwright","","unknown","needs_browser","Seite wirkt JavaScript-/Pagination-getrieben.","200","0","0","load_more,js_app,host:klinkert.pro","2026-06-19"
"krause-und-kollegen","Krause & Kollegen","kralaw.de","https://www.kralaw.de/karriere","dom","","unknown","ready","Joblinks sind direkt im HTML sichtbar.","200","1","0","host:www.kralaw.de","2026-06-19"
"leitner-und-kollegen","Leitner & Kollegen","leitner-partner.de","https://leitner-partner.de/karriere","dom","","unknown","ready","Joblinks sind direkt im HTML sichtbar.","200","5","0","js_app,host:leitner-partner.de","2026-06-19"
"kasper-knacke","Kasper Knacke","kasperknacke.de","https://www.kasperknacke.de/karriere/","dom","","unknown","ready","Joblinks sind direkt im HTML sichtbar.","200","5","0","json_ld,pagination,js_app,host:www.kasperknacke.de","2026-06-19"
"jonas-rechtsanwaltsgesellschaft-mbh","JONAS Rechtsanwaltsgesellschaft mbH","jonas-lawyers.com","https://jonas-lawyers.com/karriere.php?lang=de&menu=f&sub_menu=1","dom","","unknown","ready","Joblinks sind direkt im HTML sichtbar.","200","4","0","host:jonas-lawyers.com","2026-06-19"
"keiper-und-co","Keiper & Co","keiper-co.de","https://keiper-co.de/karriere/","playwright","","unknown","needs_browser","Seite wirkt JavaScript-/Pagination-getrieben.","200","0","0","json_ld,pagination,blocked,js_app,host:keiper-co.de","2026-06-19"
"khh-kropp-haag-huebinger","KHH Kropp Haag Hübinger","khh-legal.de","https://khh-legal.de","dom","","unknown","ready","Joblinks sind direkt im HTML sichtbar.","200","5","0","js_app,host:www.khh-legal.de","2026-06-19"
"hilger-neumann-und","Hilger Neumann & Partner","hilger-neumann-partner.de","https://hilger-neumann-partner.de","llm_fallback","","unknown","request_error","SSLError","","0","0","","2026-06-19"
"hlb-hussmann","HLB Hussmann","hlb-hussmann.de","https://www.hlb-hussmann.de/karriere/","dom","","unknown","ready","Joblinks sind direkt im HTML sichtbar.","200","15","0","json_ld,pagination,blocked,host:www.hlb-hussmann.de","2026-06-19"
"hsp-steuer-goettingen","HSP Steuer Göttingen","hsp-steuer.de","https://www.hsp-steuer.de/info-center/karrierenews-aus-der-hsp-gruppe/","embedded_json","","unknown","ready","Eingebettete strukturierte Jobdaten gefunden.","200","16","1","json_ld,pagination,blocked,host:www.hsp-steuer.de","2026-06-19"
"hansa-rommel-und-meyer","Hansa Partner Rommel & Meyer","hansapartner.de","https://www.hansapartner.de/karriere.html","dom","","unknown","ready","Joblinks sind direkt im HTML sichtbar.","200","13","0","pagination,host:www.hansapartner.de","2026-06-19"
"grube-pitzer-konnertz-haeussler","Grube · Pitzer · Konnertz-Häußler Rechtsanwälte","gpkh.eu","https://gpkh.eu/karriere/","dom","","unknown","ready","Joblinks sind direkt im HTML sichtbar.","200","4","0","json_ld,host:gpkh.eu","2026-06-19"
"heckschen-und-van-de-loo","Heckschen & van de Loo","heckschen-vandeloo.de","https://www.heckschen-salomon.de/notariat/karriere-neu.html","dom","","unknown","ready","Joblinks sind direkt im HTML sichtbar.","200","18","0","json_ld,host:www.heckschen-salomon.de","2026-06-19"
"glawe-delfs-moll","GLAWE DELFS MOLL","glawe.de","https://www.glawe.de/jobs/","dom","","unknown","ready","Joblinks sind direkt im HTML sichtbar.","200","2","0","json_ld,pagination,blocked,js_app,host:www.glawe.de","2026-06-19"
"garrn-und-nett","Garrn & Nett","stb-garrn-nett.de","https://garrn-nett.de/karriere/","dom","","unknown","ready","Joblinks sind direkt im HTML sichtbar.","200","2","0","json_ld,host:garrn-nett.de","2026-06-19"
"gazeas-nepomuck","Gazeas Nepomuck","gazeas.de","https://gazeas.de/karriere/","playwright","","unknown","needs_browser","Seite wirkt JavaScript-/Pagination-getrieben.","200","0","0","json_ld,pagination,host:gazeas.de","2026-06-19"
"franssen-und-nusser","Franßen & Nusser","fn.legal","https://fn.legal/de/de/karriere/","llm_fallback","","unknown","request_error","HTTPError","","0","0","","2026-06-19"
"ego-humrich-wyen","Ego Humrich Wyen","ehw-partners.com","https://ehw-partners.com/karriere","dom","","unknown","ready","Joblinks sind direkt im HTML sichtbar.","200","3","0","json_ld,pagination,host:ehw-partners.com","2026-06-19"
"eip","EIP","eip.com","https://eip.com/uk/careers","embedded_json","","unknown","ready","Eingebettete strukturierte Jobdaten gefunden.","200","4","1","json_ld,load_more,pagination,js_app,host:eip.com","2026-06-19"
"flother-und-wissing","Flother & Wissing","floether-wissing.de","https://floether-wissing.de/ueber-uns/karriere","dom","","unknown","ready","Joblinks sind direkt im HTML sichtbar.","200","1","0","json_ld,js_app,host:floether-wissing.de","2026-06-19"
"ferox","Ferox Legal","feroxlegal.com","https://feroxlegal.com/de/karriere/","playwright","","unknown","needs_browser","Seite wirkt JavaScript-/Pagination-getrieben.","200","0","0","json_ld,pagination,blocked,js_app,host:feroxlegal.com","2026-06-19"
"ehlers-ehlers-und-rechtsanwaltsgesellschaft","EHLERS, EHLERS & PARTNER RECHTSANWALTSGESELLSCHAFT MBB","ehlers-ehlers-und-partner.de","https://ehlers-ehlers-und-partner.de","llm_fallback","","unknown","fallback","Keine Jobs im HTML/JSON erkannt.","200","0","0","json_ld,host:ehlers-ehlers-und-partner.de","2026-06-19"
"dts-schnekenbuehl-und","DTS Schnekenbühl und Partner","dts.law","https://dts.law/karriere/","dom","","unknown","ready","Joblinks sind direkt im HTML sichtbar.","200","3","0","json_ld,pagination,js_app,host:dts.law","2026-06-19"
"dr-marcus-kaempfer-und-andrea","Dr. Marcus Kämpfer und Andrea","notare-kb.de","https://www.notare-kb.de/karriere-notare-duesseldorf.html","dom","","unknown","ready","Joblinks sind direkt im HTML sichtbar.","200","3","0","host:www.notare-kb.de","2026-06-19"
"dr-kai-bischoff-und-andreas-buerger","Dr. Kai Bischoff und Andreas Bürger","bbnotare.de","https://www.bbnotare.de/karriere","dom","","unknown","ready","Joblinks sind direkt im HTML sichtbar.","200","4","0","json_ld,blocked,host:www.bbnotare.de","2026-06-19"
"dr-knabe","Dr. Knabe","dr-knabe.de","https://www.dr-knabe.de/karriere","llm_fallback","","unknown","fallback","Keine Jobs im HTML/JSON erkannt.","200","0","0","host:www.dr-knabe.de","2026-06-19"
"dr-hermanns-und-dr-schumacher","Dr. Hermanns & Dr. Schumacher","https://www.hermanns-schumacher.d","https://www.hermanns-schumacher.d","llm_fallback","","unknown","request_error","ConnectionError","","0","0","","2026-06-19"
"de-faria-und","de Faria & Partner","defaria.de","https://defaria.de/karriere/","dom","","unknown","ready","Joblinks sind direkt im HTML sichtbar.","200","2","0","json_ld,pagination,blocked,host:defaria.de","2026-06-19"
"doctores-voelschau","Doctores Völschau","voelschau.de","https://www.voelschau.de/karriere/","dom","","unknown","ready","Joblinks sind direkt im HTML sichtbar.","200","3","0","json_ld,pagination,blocked,js_app,host:www.voelschau.de","2026-06-19"
"chatham","Chatham Partners LLP","chatham.partners","https://chatham.partners/career/","dom","","unknown","ready","Joblinks sind direkt im HTML sichtbar.","200","3","0","host:chatham.partners","2026-06-19"
"comindis","Comindis","comindis.com","https://comindis.com/karriere/","playwright","","unknown","needs_browser","Seite wirkt JavaScript-/Pagination-getrieben.","200","0","0","json_ld,pagination,host:comindis.com","2026-06-19"
"clayston","Clayston","clayston.com","https://clayston.com/de/karriere.php","embedded_json","","unknown","ready","Eingebettete strukturierte Jobdaten gefunden.","200","0","1","json_ld,host:clayston.com","2026-06-19"
"busse-disputes","Busse Disputes","busse-disputes.com","https://www.busse-disputes.com/karriere/","dom","","unknown","ready","Joblinks sind direkt im HTML sichtbar.","200","5","0","json_ld,blocked,host:www.busse-disputes.com","2026-06-19"
"counsel-treuhand","Counsel Treuhand","counsel.de","https://counsel-karriere.de","dom","","unknown","ready","Joblinks sind direkt im HTML sichtbar.","200","2","0","json_ld,pagination,blocked,js_app,host:counsel-karriere.de","2026-06-19"
"blomstein","Blomstein","blomstein.com","https://www.blomstein.com/karriere","dom","","unknown","ready","Joblinks sind direkt im HTML sichtbar.","200","3","0","host:www.blomstein.com","2026-06-19"
"bredow-valentin-herz","Bredow Valentin Herz","vbvh.de","https://www.vbvh.de/karriere/","reader_or_llm","","unknown","blocked","Seite wirkt geblockt oder leer fuer normale Requests.","200","0","0","json_ld,blocked,host:www.vbvh.de","2026-06-19"
"boehret-semsdorf-und","Böhret Semsdorf & Partner","boehret-sehmsdorf.de","https://karriere.boehret-sehmsdorf.de","embedded_json","","unknown","ready","Eingebettete strukturierte Jobdaten gefunden.","200","0","1","json_ld,pagination,blocked,js_app,host:karriere.boehret-sehmsdorf.de","2026-06-19"
"boeke-und","Böke & Partner","boekeundpartner.de","https://boekeundpartner.de/karriere/","dom","","unknown","ready","Joblinks sind direkt im HTML sichtbar.","200","8","0","json_ld,pagination,blocked,js_app,host:boekeundpartner.de","2026-06-19"
"bluedex","Bluedex","bluedex.de","https://bluedex.de/verstaerkung/","llm_fallback","","unknown","fallback","Keine Jobs im HTML/JSON erkannt.","200","0","0","json_ld,host:bluedex.de","2026-06-19"
"assmannpeiffer","AssmannPeiffer Rechtsanwälte Partnerschaft mbB","assmann-peiffer.de","https://assmann-peiffer.de/de/karriere","dom","","unknown","ready","Joblinks sind direkt im HTML sichtbar.","200","2","0","blocked,host:assmann-peiffer.de","2026-06-19"
"bergeman-schoenherr","Bergeman Schönherr Partner","bbsz.de","https://bbsz.de","llm_fallback","","unknown","request_error","SSLError","","0","0","","2026-06-19"
"awb","AWB Rechtsanwälte","awb-international.de","https://www.awb-international.com/karriere","dom","","unknown","ready","Joblinks sind direkt im HTML sichtbar.","200","2","0","json_ld,host:www.awb-international.com","2026-06-19"
"baumann-resolving-disputes","Baumann Resolving Disputes","baumann-disputes.de","https://baumann-disputes.de/karriere/","llm_fallback","","unknown","fallback","Keine Jobs im HTML/JSON erkannt.","200","0","0","json_ld,host:baumann-disputes.de","2026-06-19"
"antweilerliebschwagernieberding","AntweilerliebschwagerNieberding","aln-partner.de","https://www.aln-partner.de/karriere/","dom","","unknown","ready","Joblinks sind direkt im HTML sichtbar.","200","2","0","pagination,js_app,host:www.aln-partner.de","2026-06-19"
"austmann-und","Austmann & Partner","austmannpartner.com","https://www.austmannpartner.com/karriere/","dom","","unknown","ready","Joblinks sind direkt im HTML sichtbar.","200","2","0","host:www.austmannpartner.com","2026-06-19"
"benefitax","Benefitax","benefitax.de","https://www.benefitax.de/karriere-offene-stellen/","dom","","unknown","ready","Joblinks sind direkt im HTML sichtbar.","200","25","0","json_ld,pagination,js_app,host:www.benefitax.de","2026-06-19"
"andrejewski-honke","Andrejewski Honke","andrejewski.de","https://www.andrejewski.de/karriere/","dom","","unknown","ready","Joblinks sind direkt im HTML sichtbar.","200","5","0","pagination,blocked,host:www.andrejewski.de","2026-06-19"
"altenburg","Altenburg","altenburg.net","https://addworx.legal/karriere/","playwright","","unknown","needs_browser","Seite wirkt JavaScript-/Pagination-getrieben.","200","0","0","json_ld,pagination,blocked,host:addworx.legal","2026-06-19"
"zuhorn-und-gbr","Zuhorn und Partner GbR","zuhorn.de","https://zuhorn.de/karriere","dom","","unknown","ready","Joblinks sind direkt im HTML sichtbar.","200","6","0","host:zuhorn.de","2026-06-19"
"zwicker-schnappauf-und-patentanwaelte","Zwicker Schnappauf & Partner Patentanwälte PartG mbB","zsp-ip.de","https://zsp-ip.de/jobs/","dom","","unknown","ready","Joblinks sind direkt im HTML sichtbar.","200","2","0","json_ld,load_more,pagination,blocked,host:zsp-ip.de","2026-06-19"
"ziefle-unger-von-rechtsanwaelten","Ziefle Unger Partnerschaft von Rechtsanwälten mbB","ziefle.law","https://ziefle.law/karriere/","dom","","unknown","ready","Joblinks sind direkt im HTML sichtbar.","200","6","0","json_ld,host:ziefle.law","2026-06-19"
"wirtschaftsrat-recht-bremer-und-heller","WIRTSCHAFTSRAT Recht Bremer & Heller","wr-recht.de","https://www.wr-recht.de/karriere","dom","","unknown","ready","Joblinks sind direkt im HTML sichtbar.","200","7","0","host:www.wr-recht.de","2026-06-19"
"witte-weller-und-patentanwaelte","WITTE, WELLER & PARTNER Patentanwälte mbB","wwp.de","https://www.wwp.de/de/karriere/start","dom","","unknown","ready","Joblinks sind direkt im HTML sichtbar.","200","16","0","js_app,host:www.wwp.de","2026-06-19"
"wollmann-und","Wollmann & Partner Rechtsanwälte mbB","wollmann.de","https://www.wollmann.de/karriere/","dom","","unknown","ready","Joblinks sind direkt im HTML sichtbar.","200","2","0","json_ld,host:www.wollmann.de","2026-06-19"
"westhelle-und","Westhelle und Partner Rechtsanwälte","westhelleundpartner.eu","https://westhelleundpartner.eu","llm_fallback","","unknown","fallback","Keine Jobs im HTML/JSON erkannt.","200","0","0","host:www.westhelleundpartner.eu","2026-06-19"
"winter-und-partnerschaftsgesellschaft","Winter Rechtsanwälte und Steuerberater Partnerschaftsgesellschaft mbB","rechtsanwaelte-bergisch-gladbach.de","https://rechtsanwaelte-bergisch-gladbach.de","dom","","unknown","ready","Joblinks sind direkt im HTML sichtbar.","200","5","0","pagination,blocked,js_app,host:rechtsanwaelte-bergisch-gladbach.de","2026-06-19"
"wiegert-werner-partnerschaftsgesellschaft","Wiegert Werner, Rechtsanwälte, Partnerschaftsgesellschaft mbB","wwp-law.de","https://www.wwp-law.de/karriere","playwright","","unknown","needs_browser","Seite wirkt JavaScript-/Pagination-getrieben.","200","0","0","pagination,blocked,js_app,host:www.wwp-law.de","2026-06-19"
"wesch-und-buchenroth-partnerschaftsgesellschaft","Wesch & Buchenroth Rechtsanwälte Partnerschaftsgesellschaft mbB","wesch-buchenroth.com","https://wesch-buchenroth.com/de/#bewerbungen","dom","","unknown","ready","Joblinks sind direkt im HTML sichtbar.","200","7","0","pagination,host:wesch-buchenroth.com","2026-06-19"
"winter-brandl","Winter · Brandl Partnerschaft mbB","wbetal.de","https://wbetal.de/karriere/","dom","","unknown","ready","Joblinks sind direkt im HTML sichtbar.","200","9","0","pagination,blocked,js_app,host:wbetal.de","2026-06-19"
"westphal-mussgnug-und-patentanwaelte-mit-beschraenkter-berufshaftung","Westphal, Mussgnug & Partner, Patentanwälte mit beschränkter Berufshaftung","wemupat.de","https://www.wemupat.de/karriere/","dom","","unknown","ready","Joblinks sind direkt im HTML sichtbar.","200","5","0","pagination,blocked,host:www.wemupat.de","2026-06-19"
"wilhelm-von-rechtsanwaelten","Wilhelm Partnerschaft von Rechtsanwälten mbB","wilhelm-rae.de","https://www.wilhelm-rae.de/ueber-uns","dom","","unknown","ready","Joblinks sind direkt im HTML sichtbar.","200","2","0","host:www.wilhelm-rae.de","2026-06-19"
"weickmann-und-weickmann-patent-und-partmbb","Weickmann & Weickmann Patent- und Rechtsanwälte PartmbB","weickmann.de","https://www.weickmann.de/karriere/","embedded_json","","unknown","ready","Eingebettete strukturierte Jobdaten gefunden.","200","8","3","json_ld,pagination,js_app,host:www.weickmann.de","2026-06-19"
"wendelstein","Wendelstein","wendelstein.com","https://www.wendelstein.com/karriere","dom","","unknown","ready","Joblinks sind direkt im HTML sichtbar.","200","3","0","host:www.wendelstein.com","2026-06-19"
"wegnerpartner-wegner-und","Wegnerpartner Wegner & Partner mbB, Rechtsanwälte","wegnerpartner.com","https://www.wegnerpartner.com/karriere/","dom","","unknown","ready","Joblinks sind direkt im HTML sichtbar.","200","2","0","json_ld,host:www.wegnerpartner.com","2026-06-19"
"weissleder-ewer","WEISSLEDER EWER Rechtsanwälte Partnerschaft mbB","weissleder-ewer.de","https://weissleder-ewer.de/jobs.html","dom","","unknown","ready","Joblinks sind direkt im HTML sichtbar.","200","4","0","json_ld,host:weissleder-ewer.de","2026-06-19"
"wandscher-und-in","Wandscher & Partner Rechtsanwälte in PartGmbB","rae-wandscher.de","https://www.rae-wandscher.de/#","embedded_json","","unknown","ready","Eingebettete strukturierte Jobdaten gefunden.","200","7","2","json_ld,host:www.rae-wandscher.de","2026-06-19"
"wallinger-ricker-schlotter-tostmann-patent-und","Wallinger Ricker Schlotter Tostmann, Patent- und Rechtsanwälte Partnerschaft mbB","wallinger.de","https://www.wallinger.com/karriere","dom","","unknown","ready","Joblinks sind direkt im HTML sichtbar.","200","5","0","host:www.wallinger.com","2026-06-19"
"von-boetticher","von Boetticher","boetticher.com","https://boetticher.com/karriere/","dom","","unknown","ready","Joblinks sind direkt im HTML sichtbar.","200","2","0","json_ld,load_more,pagination,blocked,js_app,host:boetticher.com","2026-06-19"
"wagner-dieterich-maier-ring-partnerschaftsgesellschaft","Wagner Dieterich Maier-Ring Rechtsanwälte Partnerschaftsgesellschaft mbB","wagner-rae.de","https://www.wagner-rae.de/karriere/","dom","","unknown","ready","Joblinks sind direkt im HTML sichtbar.","200","9","0","json_ld,host:www.wagner-rae.de","2026-06-19"
"wagensonner","WAGENSONNER Rechtsanwälte Partnerschaft mbB","wagensonner.com","https://www.wagensonner.com/karriere/","dom","","unknown","ready","Joblinks sind direkt im HTML sichtbar.","200","2","0","json_ld,host:www.wagensonner.com","2026-06-19"
"treuhand-weser-ems","Treuhand Weser-Ems","treuhand.de","https://treuhand.de/karriere/","dom","","unknown","ready","Joblinks sind direkt im HTML sichtbar.","200","13","0","json_ld,host:treuhand.de","2026-06-19"
"tsambikakis-und","Tsambikakis & Partner Rechtsanwälte mbB","tsambikakis.com","https://www.tsambikakis.com/karriere/","dom","","unknown","ready","Joblinks sind direkt im HTML sichtbar.","200","4","0","host:www.tsambikakis.com","2026-06-19"
"topjus-kupferschmid-und","TOPJUS Rechtsanwälte Kupferschmid & Partner","topjus.de","https://www.topjus.de/karriere-jobs/","dom","","unknown","ready","Joblinks sind direkt im HTML sichtbar.","200","9","0","pagination,blocked,host:www.topjus.de","2026-06-19"
"uexkuell-und-stolberg-von-patent-und-rechtsanwaelten","Uexküll & Stolberg Partnerschaft von Patent- und Rechtsanwälten mbB","uex.de","https://uex.de/karriere/","dom","","unknown","ready","Joblinks sind direkt im HTML sichtbar.","200","5","0","host:uex.de","2026-06-19"
"unuetzer-wagner-werding-partnerschaftsgesellschaft","Unützer, Wagner, Werding Rechtsanwälte · Steuerberater Partnerschaftsgesellschaft mbB","kanzlei-uww.de","https://www.kanzlei-uww.de/die-kanzlei/karriere/","dom","","unknown","ready","Joblinks sind direkt im HTML sichtbar.","200","10","0","json_ld,host:www.kanzlei-uww.de","2026-06-19"
"ulrich-weber-und","Rechtsanwälte Ulrich Weber & Partner mbB","ra-weber-partner.de","https://www.ra-weber-partner.de/karriere","embedded_json","","unknown","ready","Eingebettete strukturierte Jobdaten gefunden.","200","0","1","json_ld,pagination,blocked,js_app,host:www.ra-weber-partner.de","2026-06-19"
"uhsadel-partnerschaftsgesellschaft","Uhsadel Rechtsanwälte Partnerschaftsgesellschaft","uhsadel.com","https://uhsadel.com/karriere/","dom","","unknown","ready","Joblinks sind direkt im HTML sichtbar.","200","1","0","load_more,blocked,host:uhsadel.com","2026-06-19"
"tigges","TIGGES Rechtsanwälte Partnerschaft mbB","tigges.legal","https://tigges.legal/karriere/","dom","","unknown","ready","Joblinks sind direkt im HTML sichtbar.","200","5","0","pagination,blocked,js_app,host:tigges.legal","2026-06-19"
"stobbe-partnerschaftsgesellschaft","STOBBE Rechtsanwälte Partnerschaftsgesellschaft mbB","stobbe.de","https://stobbe.de/#c17","dom","","unknown","ready","Joblinks sind direkt im HTML sichtbar.","200","23","0","host:stobbe.de","2026-06-19"
"ter-meer-steinmeister-und-patentanwaelte","TER MEER STEINMEISTER & PARTNER PATENTANWÄLTE mbB","termeer.de","https://termeer.de/jobs/","dom","","unknown","ready","Joblinks sind direkt im HTML sichtbar.","200","2","0","host:termeer.de","2026-06-19"
"tgh-thomas-partnerschaftsgesellschaft","TGH Thomas Rechtsanwälte Partnerschaftsgesellschaft mbB","tgh-thomas.de","https://tgh-thomas.de/karriere/","dom","","unknown","ready","Joblinks sind direkt im HTML sichtbar.","200","2","0","json_ld,pagination,host:tgh-thomas.de","2026-06-19"
"sullivan-und-cromwell","Sullivan & Cromwell","sullcrom.com","https://www.sullcrom.com/careers/","dom","","unknown","ready","Joblinks sind direkt im HTML sichtbar.","200","1","0","next_data,blocked,js_app,host:www.sullcrom.com","2026-06-19"
"sterr-koelln-und","Sterr-Kölln & Partner mbB, Rechtsanwälte, Wirtschaftsprüfer, Steuerberater","sterr-koelln.com","https://www.sterr-koelln.com/karriere","dom","","unknown","ready","Joblinks sind direkt im HTML sichtbar.","200","7","0","json_ld,blocked,host:www.sterr-koelln.com","2026-06-19"
"stassen","Stassen LLP","stassen-law.com","https://stassen-law.com/karriere/","llm_fallback","","unknown","fallback","Keine Jobs im HTML/JSON erkannt.","200","0","0","host:stassen-law.com","2026-06-19"
"steinhauer-und-guenther","Steinhauer & Günther Rechtsanwälte Partnerschaft","steinhauer-guenther.de","https://www.steinhauer-guenther.de/karriere/","dom","","unknown","ready","Joblinks sind direkt im HTML sichtbar.","200","9","0","json_ld,pagination,js_app,host:www.steinhauer-guenther.de","2026-06-19"
"solmecke","Solmecke Rechtsanwälte","solmecke.eu","https://www.solmecke.eu/karriere/","dom","","unknown","ready","Joblinks sind direkt im HTML sichtbar.","200","8","0","json_ld,load_more,blocked,host:www.solmecke.eu","2026-06-19"
"spieker-und-jaeger","Spieker & Jaeger","spieker-jaeger.de","https://spieker-jaeger.de/karriere/","dom","","unknown","ready","Joblinks sind direkt im HTML sichtbar.","200","5","0","pagination,blocked,host:spieker-jaeger.de","2026-06-19"
"slb-kloepper-rechtsanwaltsgesellschaft-mbh","SLB Kloepper Rechtsanwaltsgesellschaft mbH","slb-law.de","https://www.slb-law.de/karriere/","dom","","unknown","ready","Joblinks sind direkt im HTML sichtbar.","200","1","0","json_ld,host:www.slb-law.de","2026-06-19"
"schwoerer-und-kollegen","Schwoerer & Kollegen","sukra.de","https://sukra.de","reader_or_llm","","unknown","blocked","Seite wirkt geblockt oder leer fuer normale Requests.","200","0","0","blocked,host:sukra.de","2026-06-19"
"schulz-noack-baerwinkel-partmbb","Schulz Noack Bärwinkel Rechtsanwälte PartmbB","snb-law.de","https://snb-law.de/jobs.html","llm_fallback","","unknown","fallback","Keine Jobs im HTML/JSON erkannt.","200","0","0","json_ld,host:snb-law.de","2026-06-19"
"schneiders-und-behrendt-partmbb-rechts-und-patentanwaelte","Schneiders & Behrendt PartmbB, Rechts- und Patentanwälte","bolex.de","https://bolex.de/karriere/","dom","","unknown","ready","Joblinks sind direkt im HTML sichtbar.","200","1","0","load_more,pagination,blocked,host:bolex.de","2026-06-19"
"schumann-partnerschaftsgesellschaft","SCHUMANN Rechtsanwälte Partnerschaftsgesellschaft","schumann-law.de","https://www.schumann-law.de/karriere","dom","","unknown","ready","Joblinks sind direkt im HTML sichtbar.","200","3","0","json_ld,host:www.schumann-law.de","2026-06-19"
"schlueter-meyer-degering-und","Schlüter . Meyer-Degering und Partner, Rechtsanwälte","recht-bs.de","https://www.recht-bs.de/karriere","dom","","unknown","ready","Joblinks sind direkt im HTML sichtbar.","200","11","0","json_ld,pagination,host:www.recht-bs.de","2026-06-19"
"schlueter-graf","SCHLÜTER GRAF Rechtsanwälte PartG mbB","schlueter-graf.de","https://www.schlueter-graf.de/de/karriere","dom","","unknown","ready","Joblinks sind direkt im HTML sichtbar.","200","1","0","blocked,host:www.schlueter-graf.de","2026-06-19"
"schmitz-knoth-partnerschaftsgesellschaft-mit-beschraenkter-berufshaftung","SCHMITZ KNOTH RECHTSANWÄLTE Partnerschaftsgesellschaft mit beschränkter Berufshaftung","schmitzknoth.de","https://www.schmitzknoth.de/karriere/","dom","","unknown","ready","Joblinks sind direkt im HTML sichtbar.","200","2","0","json_ld,pagination,js_app,host:www.schmitzknoth.de","2026-06-19"
"schelling-und-mit-beschraenkter-berufshaftung","Schelling & Partner Rechtsanwälte Partnerschaft mit beschränkter Berufshaftung","schelling.de","https://schelling.de/61-0-Karriere.html","dom","","unknown","ready","Joblinks sind direkt im HTML sichtbar.","200","2","0","pagination,host:schelling.de","2026-06-19"
"schlatter","Schlatter Rechtsanwälte Steuerberater PartG mbB","schlatter.law","https://www.schlatter.law/karriere/","dom","","unknown","ready","Joblinks sind direkt im HTML sichtbar.","200","2","0","json_ld,pagination,js_app,host:www.schlatter.law","2026-06-19"
"schenderlein","SCHENDERLEIN Rechtsanwälte","kanzlei-schenderlein.de","https://kanzlei-schenderlein.de/zweckverbaende-und-verwaltungsgemeinschaften/","dom","","unknown","ready","Joblinks sind direkt im HTML sichtbar.","200","1","0","json_ld,load_more,pagination,host:kanzlei-schenderlein.de","2026-06-19"
"samson-und-patentanwaelte","Samson & Partner Patentanwälte mbB","samson-partner.de","https://www.samson-partner.de/home/karriere.html","dom","","unknown","ready","Joblinks sind direkt im HTML sichtbar.","200","1","0","host:www.samson-partner.de","2026-06-19"
"sbl-rechtsanwaltsgesellschaft-mbh","SBL Rechtsanwaltsgesellschaft mbH","kanzlei-sbl.de","https://www.kanzlei-sbl.de/karriere/","dom","","unknown","ready","Joblinks sind direkt im HTML sichtbar.","200","8","0","json_ld,pagination,js_app,host:www.kanzlei-sbl.de","2026-06-19"
"satell","SATELL Rechtsanwälte Steuerberater","satell.de","https://www.satell.de/#","dom","","unknown","ready","Joblinks sind direkt im HTML sichtbar.","200","2","0","blocked,host:www.satell.de","2026-06-19"
"rwp-spoenemann-zerhusen-klose-lachmann-nieberding-antweiler-nolte-woerdemann-gabler-ehrle-zmuda-adwokat","RWP Rechtsanwälte Spönemann, Zerhusen, Klose, Lachmann, Nieberding, Antweiler, Nolte, Wördemann, Gabler, Ehrle, Zmuda (Adwokat) PartG mbB","rwp.de","https://rwp.de/karriere/","dom","","unknown","ready","Joblinks sind direkt im HTML sichtbar.","200","2","0","json_ld,host:rwp.de","2026-06-19"
"roos-nelskamp-schumacher-und","Roos Nelskamp Schumacher & Partner Rechtsanwälte","rnsp.de","https://www.rnsp.de/karriere/","dom","","unknown","ready","Joblinks sind direkt im HTML sichtbar.","200","1","0","blocked,host:www.rnsp.de","2026-06-19"
"resch","Resch Rechtsanwälte","resch-rechtsanwaelte.de","https://resch-rechtsanwaelte.de","llm_fallback","","unknown","request_error","HTTPError","","0","0","","2026-06-19"
"roth-klein-gilcher-und","Roth, Klein, Gilcher & Partner Rechtsanwälte","rkgp.de","https://www.rkgp.de/stellenanzeigen-rechtsanwaelte/","dom","","unknown","ready","Joblinks sind direkt im HTML sichtbar.","200","4","0","json_ld,pagination,blocked,js_app,host:www.rkgp.de","2026-06-19"
"rosenschon-und-steuerberatungsgesellschaft","Rosenschon und Partner GmbH Steuerberatungsgesellschaft","rosenschon-partner.de","https://rosenschonpartner.recruitee.com/","ats_api","","recruitee","ready","Direkter recruitee-ATS-Client verfügbar.","","0","0","","2026-06-19"
"roxin","Roxin Rechtsanwälte LLP","roxin.de","https://roxin.de/karriere/","playwright","","unknown","needs_browser","Seite wirkt JavaScript-/Pagination-getrieben.","200","0","0","json_ld,pagination,blocked,host:roxin.de","2026-06-19"
"rellermeyer","Rellermeyer Partner Rechtsanwälte PartGmbB","rellermeyer.de","https://www.rellermeyer.de/#karriere","dom","","unknown","ready","Joblinks sind direkt im HTML sichtbar.","200","4","0","json_ld,pagination,host:www.rellermeyer.de","2026-06-19"
"rechtsanwaltskanzlei-staab-und-kollegen","Rechtsanwaltskanzlei Staab & Kollegen","staab-kollegen.com","https://staab-kollegen.com/karriere/","playwright","","unknown","needs_browser","Seite wirkt JavaScript-/Pagination-getrieben.","200","0","0","json_ld,pagination,blocked,host:staab-kollegen.com","2026-06-19"
"rembert-rembert-mueller-putzier","Rembert Rechtsanwälte Rembert Müller Putzier + Partner","rembert-rechtsanwaelte.de","https://www.rembert-rechtsanwaelte.de/karriere/","dom","","unknown","ready","Joblinks sind direkt im HTML sichtbar.","200","4","0","pagination,host:www.rembert-rechtsanwaelte.de","2026-06-19"
"rem","REMÉ Rechtsanwälte Partnerschaft mbB","reme.de","https://reme.de/karriere/","llm_fallback","","unknown","fallback","Keine Jobs im HTML/JSON erkannt.","200","0","0","json_ld,host:reme.de","2026-06-19"
"rechtsanwaltskanzlei-polz","Rechtsanwaltskanzlei Polz","polz-rechtsanwaltskanzlei.de","https://www.polz-rechtsanwaltskanzlei.de/karriere","embedded_json","","unknown","ready","Eingebettete strukturierte Jobdaten gefunden.","200","1","1","json_ld,pagination,blocked,js_app,host:www.polz-rechtsanwaltskanzlei.de","2026-06-19"
"rechtsanwaltskanzlei-dr-fricke-und-collegen","Rechtsanwaltskanzlei Dr. Fricke & Collegen","anwaltskanzlei-fricke.de","https://anwaltskanzlei-fricke.de/ausbildung-und-stellenangebote/","dom","","unknown","ready","Joblinks sind direkt im HTML sichtbar.","200","3","0","json_ld,pagination,host:anwaltskanzlei-fricke.de","2026-06-19"
"und-diekmeyer-wagenknecht-nordmeyer-gbr","Rechtsanwälte und Notare Diekmeyer Wagenknecht Nordmeyer GbR","diekmeyer.de","https://www.diekmeyer.de/informationen/karriere.html","dom","","unknown","ready","Joblinks sind direkt im HTML sichtbar.","200","7","0","json_ld,host:www.diekmeyer.de","2026-06-19"
"schneider-stein-und-partnerschaftsgesellschaft","Rechtsanwälte Schneider Stein & Partner Partnerschaftsgesellschaft mbB","anwaelte-schneider-stein.de","https://www.anwaelte-schneider-stein.de/kanzlei/karriere/","embedded_json","","unknown","ready","Eingebettete strukturierte Jobdaten gefunden.","200","8","1","json_ld,load_more,blocked,host:www.anwaelte-schneider-stein.de","2026-06-19"
"runkel","Runkel Rechtsanwälte","runkel-anwaelte.de","https://www.runkel-anwaelte.de/kanzlei/karriere","dom","","unknown","ready","Joblinks sind direkt im HTML sichtbar.","200","8","0","host:www.runkel-anwaelte.de","2026-06-19"
"prof-dr-halbe-rothfuss-und","Rechtsanwälte Prof. Dr. Halbe, Rothfuß & Partner mbB","medizin-recht.com","https://medizin-recht.com/pdf/stellenanzeige_Refa_2023.pdf","llm_fallback","","unknown","fallback","Keine Jobs im HTML/JSON erkannt.","200","0","0","host:medizin-recht.com","2026-06-19"
"m-und-p-dr-matzen-und","Rechtsanwälte M&P Dr. Matzen & Partner mbB","matzen-partner.de","https://matzen-partner.de","embedded_json","","unknown","ready","Eingebettete strukturierte Jobdaten gefunden.","200","0","1","json_ld,pagination,host:matzen-partner.de","2026-06-19"
"ladenburger-neifeind-schmuecker-und-homann","Rechtsanwälte Ladenburger Neifeind Schmücker & Homann","ladenburger.com","https://www.ladenburger.com/de/karriere/","dom","","unknown","ready","Joblinks sind direkt im HTML sichtbar.","200","1","0","host:www.ladenburger.com","2026-06-19"
"klemm-und","Rechtsanwälte Klemm & Partner","klemmpartner.de","https://www.klemmpartner.de/stellenanzeige","playwright","","unknown","needs_browser","Seite wirkt JavaScript-/Pagination-getrieben.","200","0","0","pagination,blocked,js_app,host:www.klemmpartner.de","2026-06-19"
"poppe","Rechtsanwälte Poppe","poppe.law","https://www.poppe.law/sozietaet/stellenangebote.php","dom","","unknown","ready","Joblinks sind direkt im HTML sichtbar.","200","6","0","host:www.poppe.law","2026-06-19"
"kanzler-kern-kaiser","Rechtsanwälte Kanzler - Kern - Kaiser PartG mbB","kanzler.legal","https://www.kanzler.legal/stellenangebot","embedded_json","","unknown","ready","Eingebettete strukturierte Jobdaten gefunden.","200","1","1","json_ld,blocked,host:www.kanzler.legal","2026-06-19"
"h-buschbell-und-collegen","Rechtsanwälte H. Buschbell & Collegen","buschbell.law","https://www.buschbell.law/karriere","dom","","unknown","ready","Joblinks sind direkt im HTML sichtbar.","200","2","0","blocked,host:www.buschbell.law","2026-06-19"
"grueter-hamm-muenster","Grüter Hamm Münster PartGmbB","grueter.de","https://grueter.de/de/karriere","dom","","unknown","ready","Joblinks sind direkt im HTML sichtbar.","200","8","0","pagination,host:grueter.de","2026-06-19"
"eimer-heuschmid-mehle","Rechtsanwälte Eimer Heuschmid Mehle Partnerschaft mbB","ehm-kanzlei.de","https://www.ehm-kanzlei.de/karriere/","dom","","unknown","ready","Joblinks sind direkt im HTML sichtbar.","200","4","0","load_more,host:www.ehm-kanzlei.de","2026-06-19"
"dr-mahlstedt-und","Rechtsanwälte Dr. Mahlstedt & Partner","drmahlstedt.de","https://www.drmahlstedt.de/kanzlei/karriere/","dom","","unknown","ready","Joblinks sind direkt im HTML sichtbar.","200","5","0","json_ld,host:www.drmahlstedt.de","2026-06-19"
"brinkmann-dewert-und","Rechtsanwälte Brinkmann_Dewert & Partner mbB","bdp-essen.de","https://bdp-essen.de","dom","","unknown","ready","Joblinks sind direkt im HTML sichtbar.","200","4","0","host:bdp-essen.de","2026-06-19"
"rae-von-trott-zu-solz-lammek","RAe von Trott zu Solz Lammek","vontrott-lammek.de","https://vontrott-lammek.de/karriere/","reader_or_llm","","unknown","blocked","Seite wirkt geblockt oder leer fuer normale Requests.","200","0","0","blocked,host:vontrott-lammek.de","2026-06-19"
"ratajczak-und","Ratajczak & Partner Rechtsanwälte mbB","rpmed.de","https://rpmed.de/stellenangebote/","dom","","unknown","ready","Joblinks sind direkt im HTML sichtbar.","200","2","0","json_ld,pagination,blocked,host:rpmed.de","2026-06-19"
"rainer-teufel-und-steuerberatungsgesellschaft","Rainer Teufel & Partner GmbH Steuerberatungsgesellschaft","teufel-berater.de","https://www.teufel-berater.de","embedded_json","","unknown","ready","Eingebettete strukturierte Jobdaten gefunden.","200","5","1","json_ld,pagination,blocked,js_app,host:www.teufel-berater.de","2026-06-19"
"rau-schneck-und-huebner-patentanwaelte","RAU, SCHNECK & HÜBNER Patentanwälte Rechtsanwälte PartGmbB","rsh-patent.de","https://rsh-patent.de/karriere","dom","","unknown","ready","Joblinks sind direkt im HTML sichtbar.","200","13","0","host:rsh-patent.de","2026-06-19"
"raschke-von-knobelsdorff-heiser-von-rechtsanwaelten","Raschke von Knobelsdorff Heiser Partnerschaft von Rechtsanwälten mbB","rkh-law.de","https://rkh-law.de","dom","","unknown","ready","Joblinks sind direkt im HTML sichtbar.","200","12","0","host:www.rkh-law.de","2026-06-19"
"rae-schleifenbaum-und-adler","RAe Schleifenbaum & Adler","schleifenbaum-adler.de","https://www.schleifenbaum-adler.de/#","dom","","unknown","ready","Joblinks sind direkt im HTML sichtbar.","200","4","0","json_ld,pagination,blocked,host:www.schleifenbaum-adler.de","2026-06-19"
"raab-und-kollegen","Raab & Kollegen Rechtsanwälte","rk-rechtsanwaelte.de","https://pfo-anwaelte.de/karriere","dom","","unknown","ready","Joblinks sind direkt im HTML sichtbar.","200","3","0","json_ld,blocked,host:pfo-anwaelte.de","2026-06-19"
"quinn-emanuel-urquhart-und-sullivan","Quinn Emanuel Urquhart & Sullivan","quinnemanuel.com","https://www.quinnemanuel.com/careers/our-culture/why-work-here/","dom","","unknown","ready","Joblinks sind direkt im HTML sichtbar.","200","5","0","json_ld,host:www.quinnemanuel.com","2026-06-19"
"pwk-und-peikert-wiedemann-kroel-und","pwk & Partner - Rechtsanwälte mbB - Peikert, Wiedemann, Kroel & Partner","pwk-partner.de","https://www.pwk-partner.de/kanzlei/karriere-1","embedded_json","","unknown","ready","Eingebettete strukturierte Jobdaten gefunden.","200","1","1","json_ld,host:www.pwk-partner.de","2026-06-19"
"pruefer-und-patentanwaelte","Prüfer & Partner mbB Patentanwälte Rechtsanwalt","pruefer.eu","https://pruefer.eu/karriere/","reader_or_llm","","unknown","blocked","Seite wirkt geblockt oder leer fuer normale Requests.","200","0","0","json_ld,blocked,host:pruefer.eu","2026-06-19"
"pkl-rechtsanwaltsgesellschaft-mbh","pkl legal Rechtsanwaltsgesellschaft mbH","pkl.com","https://www.pkl.com/karriere","dom","","unknown","ready","Joblinks sind direkt im HTML sichtbar.","200","4","0","json_ld,pagination,blocked,js_app,host:www.pkl.com","2026-06-19"
"prof-dr-holzhauser-und-gbr","Prof. Dr. Holzhauser & Partner Rechtsanwälte GbR","holzhauser.de","https://holzhauser.de/karriere/","dom","","unknown","ready","Joblinks sind direkt im HTML sichtbar.","200","1","0","json_ld,pagination,blocked,host:holzhauser.de","2026-06-19"
"pfenning-meinig-und-patentanwaelte","Pfenning, Meinig & Partner mbB Patentanwälte","pfenning.eu","https://pfenning.eu/karriere/","dom","","unknown","ready","Joblinks sind direkt im HTML sichtbar.","200","8","0","blocked,host:pfenning.eu","2026-06-19"
"orbit-fund-boutique","Orbit | Fund Boutique","orbit.law","https://www.orbit.law/careers","llm_fallback","","unknown","fallback","Keine Jobs im HTML/JSON erkannt.","200","0","0","host:www.orbit.law","2026-06-19"
"patent-und-ullrich-und-naumann","Patent- und Rechtsanwälte ULLRICH & NAUMANN PartG mbB","un-ip.com","https://www.un-ip.com/karriere/","dom","","unknown","ready","Joblinks sind direkt im HTML sichtbar.","200","5","0","json_ld,pagination,blocked,host:www.un-ip.com","2026-06-19"
"paluka-sobola-loibl-und","Paluka Sobola Loibl & Partner Rechtsanwälte","paluka.de","https://www.paluka.de/karriere","dom","","unknown","ready","Joblinks sind direkt im HTML sichtbar.","200","1","0","pagination,host:www.paluka.de","2026-06-19"
"ohletz","OHLETZ Rechtsanwälte Notare Steuerberater","ohletz.eu","https://ohletz.eu/karriere/","dom","","unknown","ready","Joblinks sind direkt im HTML sichtbar.","200","3","0","json_ld,load_more,pagination,host:ohletz.eu","2026-06-19"
"nonnenmacher","Nonnenmacher Rechtsanwälte","nonnenmacher.de","https://www.nonnenmacher.de/karriere","dom","","unknown","ready","Joblinks sind direkt im HTML sichtbar.","200","30","0","pagination,blocked,js_app,host:www.nonnenmacher.de","2026-06-19"
"neussel-martin-von-rechtsanwaelten","NEUSSEL MARTIN Partnerschaft von Rechtsanwälten mbB","https://www.neusselkpa.de/","https://www.neusselkpa.de/karriere","embedded_json","","unknown","ready","Eingebettete strukturierte Jobdaten gefunden.","200","0","2","json_ld,blocked,host:www.neusselkpa.de","2026-06-19"
"muenzel-und-boehm","Münzel & Böhm Rechtsanwälte PartG mbB","muenzel-boehm.de","https://www.muenzel-boehm.de/karriere/","llm_fallback","","unknown","fallback","Keine Jobs im HTML/JSON erkannt.","200","0","0","host:www.muenzel-boehm.de","2026-06-19"
"muth-und-faust-in","Muth & Faust Rechtsanwälte in Partnerschaft","muth-faust.de","https://muth-faust.de","playwright","","unknown","needs_browser","Seite wirkt JavaScript-/Pagination-getrieben.","200","0","0","json_ld,pagination,host:muth-faust.de","2026-06-19"
"mueller-wrede-und","Müller-Wrede & Partner Rechtsanwälte","mueller-wrede.de","https://www.bbh-karriere.de/de/","embedded_json","","unknown","ready","Eingebettete strukturierte Jobdaten gefunden.","200","11","1","json_ld,host:www.bbh-karriere.de","2026-06-19"
"moeller-theobald-jung-zenger","Möller Theobald Jung Zenger Rechtsanwälte Wirtschaftsprüfer Steuerberater, PartG mbB","https://www.mtjz.de/","https://www.mtjz.de/aktuelles/unsere-aktuellen-stellenangebote/","dom","","unknown","ready","Joblinks sind direkt im HTML sichtbar.","200","5","0","host:www.mtjz.de","2026-06-19"
"mueller-bor-und-patentanwaelte","Müller-Boré & Partner Patentanwälte PartG mbB","mueller-bore.de","https://mueller-bore.de","llm_fallback","","unknown","request_error","ConnectTimeout","","0","0","","2026-06-19"
"mueller-heydenreich-bierbach-und-kollegen","Müller-Heydenreich Bierbach & Kollegen","mhbk.de","https://mhbk.de/de/karriere","llm_fallback","","unknown","fallback","Keine Jobs im HTML/JSON erkannt.","200","0","0","host:mhbk.de","2026-06-19"
"moenigundpartner","mönigundpartner, Rechtsanwälte","moenig-wirtschaftskanzlei.de","https://moenig-wirtschaftskanzlei.de/karriere/","dom","","unknown","ready","Joblinks sind direkt im HTML sichtbar.","200","5","0","json_ld,host:moenig-wirtschaftskanzlei.de","2026-06-19"
"momberger-und-niersbach","Momberger & Niersbach Rechtsanwälte","ramom.de","https://ramom.de/service/kostenlose-anfrage.html","embedded_json","","unknown","ready","Eingebettete strukturierte Jobdaten gefunden.","200","8","3","json_ld,pagination,host:ramom.de","2026-06-19"
"morgan-lewis-und-bockius","Morgan, Lewis & Bockius LLP","morganlewis.com","https://www.morganlewis.com/careers","dom","","unknown","ready","Joblinks sind direkt im HTML sichtbar.","200","3","0","load_more,pagination,js_app,host:www.morganlewis.com","2026-06-19"
"moeller-astner-funk-friedel-und-hermann-partnerschaftsgesellschaft","Möller Astner Funk Friedel & Hermann Rechtsanwälte Partnerschaftsgesellschaft mbB","moeller-rae.de","https://moeller-rae.de/karriere","dom","","unknown","ready","Joblinks sind direkt im HTML sichtbar.","200","10","0","json_ld,blocked,host:moeller-rae.de","2026-06-19"
"mueller-schupfner-und-patent-und-rechtsanwaltspartnerschaft","Müller Schupfner & Partner Patent- und Rechtsanwaltspartnerschaft mbB","mspartner.de","https://www.mspartner.de/karriere/","dom","","unknown","ready","Joblinks sind direkt im HTML sichtbar.","200","2","0","pagination,blocked,host:www.mspartner.de","2026-06-19"
"meisterernst-duesing-manstetten-von-rechtsanwaeltinnen-und-rechtsanwaelten","Meisterernst Düsing Manstetten Partnerschaft von Rechtsanwältinnen und Rechtsanwälten mbB","meisterernst.de","https://www.meisterernst.de/karriere","dom","","unknown","ready","Joblinks sind direkt im HTML sichtbar.","200","2","0","host:www.meisterernst.de","2026-06-19"
"mitscherlich-patent-und-partmbb","Mitscherlich, Patent- und Rechtsanwälte PartmbB","mitscherlich.de","https://www.mitscherlich.de/jobs/","dom","","unknown","ready","Joblinks sind direkt im HTML sichtbar.","200","8","0","json_ld,blocked,host:www.mitscherlich.de","2026-06-19"
"mek-rechtsanwaltsgesellschaft-mbh","MEK Rechtsanwaltsgesellschaft mbH","mek-law.de","https://mek-law.de","dom","","unknown","ready","Joblinks sind direkt im HTML sichtbar.","200","1","0","json_ld,pagination,host:www.mek-law.de","2026-06-19"
"mohr-partnerschaftsgesellschaft","Mohr Rechtsanwälte Partnerschaftsgesellschaft mbB","mohrpartner.de","https://mohrpartner.de","llm_fallback","","unknown","fallback","Keine Jobs im HTML/JSON erkannt.","200","0","0","host:mohrpartner.de","2026-06-19"
"mock-von-rechtsanwaelten","MOCK Partnerschaft von Rechtsanwälten mbB","mock-rechtsanwaelte.de","https://www.mock-rechtsanwaelte.de/karriere/","dom","","unknown","ready","Joblinks sind direkt im HTML sichtbar.","200","5","0","json_ld,host:www.mock-rechtsanwaelte.de","2026-06-19"
"michalski-huettermann-und-patentanwaelte","Michalski Hüttermann & Partner Patentanwälte mbB","mhpatent.de","https://mhpatent.de/karriere/","dom","","unknown","ready","Joblinks sind direkt im HTML sichtbar.","200","2","0","json_ld,host:mhpatent.de","2026-06-19"
"maslaton-rechtsanwaltsgesellschaft-mbh","Maslaton Rechtsanwaltsgesellschaft mbH","maslaton.de","https://www.maslaton.de/kanzlei/stellenangebote","dom","","unknown","ready","Joblinks sind direkt im HTML sichtbar.","200","2","0","host:www.maslaton.de","2026-06-19"
"meilicke-hoffmann-und","Meilicke Hoffmann & Partner","meilicke-hoffmann.de","https://www.meilicke-hoffmann.de/de/karriere.html","dom","","unknown","ready","Joblinks sind direkt im HTML sichtbar.","200","1","0","host:www.meilicke-hoffmann.de","2026-06-19"
"maat","Maat","maat-rechtsanwaelte.de","https://www.maat-rechtsanwaelte.de/karriere/","dom","","unknown","ready","Joblinks sind direkt im HTML sichtbar.","200","5","0","pagination,host:www.maat-rechtsanwaelte.de","2026-06-19"
"lsv-rechtsanwalts","LSV Rechtsanwalts GmbH","lsv-legal.com","https://lsv-legal.com","llm_fallback","","unknown","request_error","SSLError","","0","0","","2026-06-19"
"greenfort","Greenfort","greenfort.de","https://greenfort.de/karriere/","playwright","","unknown","needs_browser","Seite wirkt JavaScript-/Pagination-getrieben.","200","0","0","json_ld,pagination,blocked,js_app,host:greenfort.de","2026-06-19"
"m-s-l-dr-silcher","M S L Dr. Silcher","silcher.com","https://silcher.com/karriere/","dom","","unknown","ready","Joblinks sind direkt im HTML sichtbar.","200","2","0","json_ld,host:silcher.com","2026-06-19"
"ludwig-wollweber-bansch","LUDWIG WOLLWEBER BANSCH Rechtsanwälte * Partnerschaft","ludwigwollweberbansch.de","https://www.ludwigwollweberbansch.de/karriere/","dom","","unknown","ready","Joblinks sind direkt im HTML sichtbar.","200","4","0","json_ld,pagination,blocked,host:www.ludwigwollweberbansch.de","2026-06-19"
"maikowski-und-ninnemann-patentanwaelte","Maikowski & Ninnemann Patentanwälte Partnerschaft mbB","maikowski-ninnemann.com","https://maikowski-ninnemann.com/karriere/join-us","dom","","unknown","ready","Joblinks sind direkt im HTML sichtbar.","200","43","0","js_app,host:maikowski-ninnemann.com","2026-06-19"
"lubberger-lehment","Lubberger Lehment","lubbergerlehment.com","https://lubbergerlehment.com","llm_fallback","","unknown","fallback","Keine Jobs im HTML/JSON erkannt.","200","0","0","host:www.lubbergerlehment.com","2026-06-19"
"dennemeyer-und-associates-s-a","Dennemeyer & Associates S.A.","dennemeyer.com","https://dennemeyer.com","embedded_json","","unknown","ready","Eingebettete strukturierte Jobdaten gefunden.","200","3","2","json_ld,load_more,pagination,blocked,js_app,host:www.dennemeyer.com","2026-06-19"
"johannsen","Johannsen Rechtsanwälte","kanzlei-johannsen.de","https://kanzlei-johannsen.de/stellenanzeige/","dom","","unknown","ready","Joblinks sind direkt im HTML sichtbar.","200","12","0","pagination,js_app,host:kanzlei-johannsen.de","2026-06-19"
"buerogemeinschaft-der-alexander-biernacki-und-marcus-beyer","Bürogemeinschaft der Rechtsanwälte Alexander Biernacki & Marcus Beyer","bbrae.de","https://bbrae.de/karriere/","dom","","unknown","ready","Joblinks sind direkt im HTML sichtbar.","200","1","0","blocked,host:bbrae.de","2026-06-19"
"baum-reiter-und-collegen","Baum Reiter & Collegen Rechtsanwälte","baum-reiter.de","https://www.baum-reiter.de/#","dom","","unknown","ready","Joblinks sind direkt im HTML sichtbar.","200","2","0","json_ld,pagination,js_app,host:www.baum-reiter.de","2026-06-19"
"haackschubert-partnerschaftsgesellschaft","HaackSchubert Partnerschaftsgesellschaft mbB","haackschubert.de","https://www.haackschubert.de/karriere","dom","","unknown","ready","Joblinks sind direkt im HTML sichtbar.","200","20","0","blocked,js_app,host:www.haackschubert.de","2026-06-19"
"kleiner-partnerschaftsgesellschaft","Kleiner Rechtsanwälte Partnerschaftsgesellschaft mbB","kleiner-law.com","https://kleiner-law.com/karriere/","playwright","","unknown","needs_browser","Seite wirkt JavaScript-/Pagination-getrieben.","200","0","0","json_ld,pagination,host:kleiner-law.com","2026-06-19"
"broedermann-jahn","Brödermann Jahn","german-law.com","https://german-law.com/de/karriere","embedded_json","","unknown","ready","Eingebettete strukturierte Jobdaten gefunden.","200","0","1","json_ld,host:german-law.com","2026-06-19"
"hoefer-und-patentanwaelte","Hoefer & Partner Patentanwälte mbB","hoefer-pat.de","https://www.hoefer-pat.de/stellenangebote/","dom","","unknown","ready","Joblinks sind direkt im HTML sichtbar.","200","5","0","host:www.hoefer-pat.de","2026-06-19"
"kinast-und","Kinast & Partner Rechtsanwälte","kinast.eu","https://www.kinast.eu/karriere-bei-kinast/","dom","","unknown","ready","Joblinks sind direkt im HTML sichtbar.","200","7","0","json_ld,pagination,js_app,host:www.kinast.eu","2026-06-19"
"berner-fischer-und-partmbb","Berner, Fischer & Partner - Rechtsanwälte, Steuerberater PartmbB","bernerfischer-partner.de","https://bernerfischer-partner.de","llm_fallback","","unknown","request_error","ConnectTimeout","","0","0","","2026-06-19"
"fasp-finck-sigl-und","FASP Finck Sigl & Partner Rechtsanwälte Steuerberater mbB","fasp.de","https://fasp.kanzleibewerbungen.de","embedded_json","","unknown","ready","Eingebettete strukturierte Jobdaten gefunden.","200","0","2","json_ld,pagination,blocked,js_app,host:fasp.kanzleibewerbungen.de","2026-06-19"
"hirt-teufel-rechtsanwaltsgesellschaft-mbh","Hirt + Teufel Rechtsanwaltsgesellschaft mbH","hirt-teufel.de","https://www.hirt-teufel.de/de/karriere","embedded_json","","unknown","ready","Eingebettete strukturierte Jobdaten gefunden.","200","4","1","json_ld,blocked,host:www.hirt-teufel.de","2026-06-19"
"kucera","Kucera","kucera.biz","https://kucera.biz/karriere/","dom","","unknown","ready","Joblinks sind direkt im HTML sichtbar.","200","1","0","host:kucera.biz","2026-06-19"
"knauthe","Knauthe Rechtsanwälte Partnerschaft mbB","knauthe.com","https://www.knauthe.com/karriere/","dom","","unknown","ready","Joblinks sind direkt im HTML sichtbar.","200","6","0","json_ld,host:www.knauthe.com","2026-06-19"
"ksme","KSME Rechtsanwälte","ksme-rechtsanwaelte.de","https://ksme-rechtsanwaelte.de","dom","","unknown","ready","Joblinks sind direkt im HTML sichtbar.","200","12","0","json_ld,pagination,js_app,host:www.ksme-rechtsanwaelte.de","2026-06-19"
"keller-menz","KELLER MENZ Rechtsanwälte PartG mbB","keller-menz.de","https://www.keller-menz.de/karriere/","llm_fallback","","unknown","request_error","SSLError","","0","0","","2026-06-19"
"lippert-stachow-patentanwaelte","LIPPERT STACHOW Patentanwälte Rechtsanwälte Partnerschaft mbB","pateam.de","https://pateam.de/Karriere/index.html","llm_fallback","","unknown","fallback","Keine Jobs im HTML/JSON erkannt.","200","0","0","host:pateam.de","2026-06-19"
"awado-rechtsanwaltsgesellschaft-mbh","AWADO Rechtsanwaltsgesellschaft mbH","gra-rechtsanwaltsgesellschaft.de","https://gra-rechtsanwaltsgesellschaft.de","llm_fallback","","unknown","request_error","ConnectTimeout","","0","0","","2026-06-19"
"rbb-und","RBB & Partner","rbb-partner.de","https://rbb-partner.de/karriere/","dom","","unknown","ready","Joblinks sind direkt im HTML sichtbar.","200","10","0","json_ld,blocked,host:rbb-partner.de","2026-06-19"
"bals-und-vogel-patentanwaelte","Bals & Vogel Patentanwälte PartG mbB","balsvogel.com","https://www.balsvogel.com/de/de/jobs","dom","","unknown","ready","Joblinks sind direkt im HTML sichtbar.","200","9","0","pagination,host:www.balsvogel.com","2026-06-19"
"dompatent-von-kreisler-selting-werner-von-patentanwaelten-und-rechtsanwaelten","dompatent von Kreisler Selting Werner - Partnerschaft von Patentanwälten und Rechtsanwälten mbB","dompatent.de","https://www.dompatent.de/karriere/","dom","","unknown","ready","Joblinks sind direkt im HTML sichtbar.","200","8","0","json_ld,load_more,pagination,js_app,host:www.dompatent.de","2026-06-19"
"hennerkes-kirchdoerfer-und-lorz","Hennerkes Kirchdörfer & Lorz","hennerkes.de","https://www.hennerkes.de/karriere/","dom","","unknown","ready","Joblinks sind direkt im HTML sichtbar.","200","4","0","json_ld,host:www.hennerkes.de","2026-06-19"
"axis-rechtsanwaltsgesellschaft","axis Rechtsanwälte GmbH Rechtsanwaltsgesellschaft","axis.de","https://axis.de/karriere","dom","","unknown","ready","Joblinks sind direkt im HTML sichtbar.","200","9","0","blocked,host:axis.de","2026-06-19"
"harnischmacher-loeer-wensing","HARNISCHMACHER LÖER WENSING PartG mbB","hlw-muenster.de","https://karriere-hlw-muenster.de/","embedded_json","","unknown","ready","Eingebettete strukturierte Jobdaten gefunden.","200","1","2","json_ld,pagination,blocked,js_app,host:karriere-hlw-muenster.de","2026-06-19"
"kantenwein-zimmermann-spatscheck","Kantenwein Zimmermann Spatscheck","kantenwein.de","https://www.kantenwein.de/ihre-karriere","dom","","unknown","ready","Joblinks sind direkt im HTML sichtbar.","200","9","0","host:www.kantenwein.de","2026-06-19"
"hoeger-stellrecht-und-patentanwaelte","HOEGER, STELLRECHT & PARTNER Patentanwälte","hoeger-stellrecht.de","https://www.hoeger-stellrecht.de/karriere/","dom","","unknown","ready","Joblinks sind direkt im HTML sichtbar.","200","5","0","json_ld,blocked,js_app,host:www.hoeger-stellrecht.de","2026-06-19"
"gulde-und-patent-und-rechtsanwaltskanzlei","Gulde & Partner Patent- und Rechtsanwaltskanzlei mbB","gulde.com","https://www.gulde.com/de/karriere","dom","","unknown","ready","Joblinks sind direkt im HTML sichtbar.","200","1","0","host:www.gulde.com","2026-06-19"
"fella-fricke-wagner","Fella Fricke Wagner Partnerschaft - Rechtsanwälte Steuerberater","ffwkanzlei.de","https://ffwkanzlei.de/karriere/","playwright","","unknown","needs_browser","Seite wirkt JavaScript-/Pagination-getrieben.","200","0","0","json_ld,load_more,pagination,blocked,host:ffwkanzlei.de","2026-06-19"
"dr-kreuzer-und-coll-anwaltskanzlei","DR KREUZER & COLL Anwaltskanzlei","kreuzer.de","https://www.kreuzer.de/kanzlei/#c876","dom","","unknown","ready","Joblinks sind direkt im HTML sichtbar.","200","4","0","host:www.kreuzer.de","2026-06-19"
"loh-partnerschaftsgesellschaft","LOH Rechtsanwälte Partnerschaftsgesellschaft mbB","loh.de","https://loh.de/karriere/","dom","","unknown","ready","Joblinks sind direkt im HTML sichtbar.","200","3","0","json_ld,host:loh.de","2026-06-19"
"appelhagen","Appelhagen","appelhagen.de","https://appelhagen.de/karriere.html","dom","","unknown","ready","Joblinks sind direkt im HTML sichtbar.","200","2","0","js_app,host:appelhagen.de","2026-06-19"
"abletshauser-groeger-und-kollegen","Abletshauser, Gröger & Kollegen Rechtsanwälte","ags-freiburg.de","https://ags-freiburg.de","dom","","unknown","ready","Joblinks sind direkt im HTML sichtbar.","200","1","0","host:ags-freiburg.de","2026-06-19"
"lauprecht","Lauprecht Rechtsanwälte Notare","lauprecht-kiel.de","https://lauprecht-kiel.de/karriere","dom","","unknown","ready","Joblinks sind direkt im HTML sichtbar.","200","5","0","host:lauprecht-kiel.de","2026-06-19"
"lebuhn-und-puchta-von-rechtsanwaelten-und-solicitor","LEBUHN & PUCHTA Partnerschaft von Rechtsanwälten und Solicitor mbB","lebuhn.de","https://lebuhn.de/karriere/","dom","","unknown","ready","Joblinks sind direkt im HTML sichtbar.","200","4","0","json_ld,pagination,blocked,js_app,host:lebuhn.de","2026-06-19"
"beinert-und","Beinert & Partner Rechtsanwälte Partnerschaft mbB","beinertpartner.de","https://www.beinertpartner.de/karriere.html","reader_or_llm","","unknown","blocked","Seite wirkt geblockt oder leer fuer normale Requests.","200","0","0","json_ld,blocked,host:www.beinertpartner.de","2026-06-19"
"lns","LNS RECHTSANWÄLTE","lns.de","https://lns.de/karriere/","playwright","","unknown","needs_browser","Seite wirkt JavaScript-/Pagination-getrieben.","200","0","0","json_ld,pagination,host:lns.de","2026-06-19"
"hsk-kroll-und-kollegen","HSK Rechtsanwälte Kroll & Kollegen","hsk-rae.de","https://hsk-rae.de","llm_fallback","","unknown","request_error","SSLError","","0","0","","2026-06-19"
"hofbeck-buchner-und-collegen-gbr","Kanzlei Hofbeck, Buchner und Collegen GbR","hbc-anwaelte.de","https://www.hbc-anwaelte.de/karriere","playwright","","unknown","needs_browser","Seite wirkt JavaScript-/Pagination-getrieben.","200","0","0","json_ld,pagination,host:www.hbc-anwaelte.de","2026-06-19"
"kucklick-gbr","KUCKLICK Rechtsanwälte GbR","dresdner-fachanwaelte.de","https://www.dresdner-fachanwaelte.de/karriere/stellenangebote/","dom","","unknown","ready","Joblinks sind direkt im HTML sichtbar.","200","12","0","json_ld,host:www.dresdner-fachanwaelte.de","2026-06-19"
"kuhnen-und-wacker","Kanzlei Kuhnen & Wacker","kuhnen-wacker.com","https://kuhnen-wacker.com/karriere/","dom","","unknown","ready","Joblinks sind direkt im HTML sichtbar.","200","4","0","host:kuhnen-wacker.com","2026-06-19"
"hofstetter-schurack-und-patent-und-rechtsanwaltskanzlei","Hofstetter, Schurack & Partner - Patent- und Rechtsanwaltskanzlei, PartG mbB","hsspatent.de","https://hss-ip.de/karriere/","dom","","unknown","ready","Joblinks sind direkt im HTML sichtbar.","200","3","0","json_ld,pagination,js_app,host:hss-ip.de","2026-06-19"
"hoeck-schlueter-vaagt","HOECK SCHLÜTER VAAGT Rechtsanwälte Partnerschaft mbB","hsv-fl.de","https://hsv-fl.de","llm_fallback","","unknown","request_error","SSLError","","0","0","","2026-06-19"
"geiersberger-glas-und","Geiersberger Glas & Partner","geiersberger.de","https://www.geiersberger.de/karriere.htm","dom","","unknown","ready","Joblinks sind direkt im HTML sichtbar.","200","10","0","host:www.geiersberger.de","2026-06-19"
"dr-schmitt-und-kollegen","Dr. Schmitt & Kollegen","schmitt-kanzlei.de","https://schmitt-kanzlei.de","llm_fallback","","unknown","request_error","HTTPError","","0","0","","2026-06-19"
"glock-liphart-probst-und","Glock Liphart Probst & Partner Rechtsanwälte mbB","glock-liphart-probst.de","https://glock-liphart-probst.de/karriere/","dom","","unknown","ready","Joblinks sind direkt im HTML sichtbar.","200","10","0","json_ld,load_more,blocked,host:glock-liphart-probst.de","2026-06-19"
"gruendelpartner","GRUENDELPARTNER Rechtsanwälte Steuerberater Wirtschaftsprüfer PartGmbB","gruendelpartner.de","https://gruendelpartner.de/karriere","dom","","unknown","ready","Joblinks sind direkt im HTML sichtbar.","200","4","0","host:gruendelpartner.de","2026-06-19"
"dr-stoll-und-sauer-rechtsanwaltsgesellschaft-mbh","Dr. Stoll & Sauer Rechtsanwaltsgesellschaft mbH","dr-stoll-kollegen.de","https://dr-stoll-kollegen.de","embedded_json","","unknown","ready","Eingebettete strukturierte Jobdaten gefunden.","200","2","3","json_ld,pagination,blocked,host:www.dr-stoll-kollegen.de","2026-06-19"
"gtw","GTW Rechtsanwälte","g-t-w.com","https://karriere-g-t-w.de/","llm_fallback","","unknown","fallback","Keine Jobs im HTML/JSON erkannt.","200","0","0","host:karriere-g-t-w.de","2026-06-19"
"dissmann-orth","Dissmann Orth","dolaw.de","https://dolaw.de","embedded_json","","unknown","ready","Eingebettete strukturierte Jobdaten gefunden.","200","0","1","json_ld,blocked,host:dissmannorth.de","2026-06-19"
"dachs-bartling-spohn-und","Dachs, Bartling, Spohn & Partner mbB, Rechtsanwälte","dachs-partner.de","https://www.dachs-partner.de/karriere/","dom","","unknown","ready","Joblinks sind direkt im HTML sichtbar.","200","7","0","pagination,host:www.dachs-partner.de","2026-06-19"
"berger-gross-hoehmann-und","Berger Groß Höhmann & Partner Rechtsanwälte","bghp.de","https://www.bghp.de/stellenangebote/","dom","","unknown","ready","Joblinks sind direkt im HTML sichtbar.","200","7","0","json_ld,host:www.bghp.de","2026-06-19"
"bhp-boegner-hensel-und-partnerschaftsgesellschaft-von-rechtsanwaelten-und-steuerberatern","bhp Bögner, Hensel & Partner, Partnerschaftsgesellschaft von Rechtsanwälten und Steuerberatern mbB","bhp-anwaelte.de","https://bhp-anwaelte.de/karriere/","dom","","unknown","ready","Joblinks sind direkt im HTML sichtbar.","200","4","0","pagination,host:bhp-anwaelte.de","2026-06-19"
"cornea-franz","Cornea Franz Rechtsanwälte Partnerschaft mbB","cornea-franz.de","https://www.cornea-franz.de/jobangebote","embedded_json","","unknown","ready","Eingebettete strukturierte Jobdaten gefunden.","200","9","1","json_ld,pagination,blocked,host:www.cornea-franz.de","2026-06-19"
"danckelmann-und-kerst","DANCKELMANN UND KERST Rechtsanwälte Notare","danckelmann-kerst.de","https://danckelmann-kerst.de","embedded_json","","unknown","ready","Eingebettete strukturierte Jobdaten gefunden.","200","15","1","json_ld,pagination,blocked,js_app,host:danckelmann-kerst.de","2026-06-19"
"bartsch-partnerschaftsgesellschaft","Bartsch Rechtsanwälte Partnerschaftsgesellschaft mbB","bartsch-rechtsanwaelte.de","https://bartsch.law#elementor-action%3Aaction%3Dlightbox%26settings%3DeyJ0eXBlIjoidmlkZW8iLCJ2aWRlb1R5cGUiOiJ5b3V0dWJlIiwidXJsIjoiaHR0cHM6XC9cL3d3dy55b3V0dWJlLmNvbVwvZW1iZWRcL1p2SnFkWFJEVXA4P2ZlYXR1cmU9b2VtYmVkIn0%3D","dom","","unknown","ready","Joblinks sind direkt im HTML sichtbar.","200","4","0","json_ld,pagination,blocked,js_app,host:bartsch.law","2026-06-19"
"battke-gruenberg","Battke Grünberg","battke-gruenberg.de","https://battke-gruenberg.de/karriere/","dom","","unknown","ready","Joblinks sind direkt im HTML sichtbar.","200","3","0","json_ld,pagination,blocked,js_app,host:battke-gruenberg.de","2026-06-19"
"lkc-rechtsanwaltsgesellschaft-mbh","LKC Rechtsanwaltsgesellschaft mbH","lkc-recht.de","https://lkc-recht.de/karriere/","dom","","unknown","ready","Joblinks sind direkt im HTML sichtbar.","200","4","0","json_ld,pagination,blocked,host:lkc-recht.de","2026-06-19"
"bbt-und-von-boehmer-borchert-trittel-mit-beschraenkter-berufshaftung","bbt Rechtsanwälte und Steuerberater von Boehmer, Borchert, Trittel Partnerschaft mit beschränkter Berufshaftung","bbt-kanzlei.de","http://www.karriere-bbt-kanzlei.de","embedded_json","","unknown","ready","Eingebettete strukturierte Jobdaten gefunden.","200","1","1","json_ld,pagination,blocked,js_app,host:www.karriere-bbt-kanzlei.de","2026-06-19"
"moenning-feser-insolvenzverwalter","Mönning Feser Partner Insolvenzverwalter","mfp-law.com","https://mfp-law.com","dom","","unknown","ready","Joblinks sind direkt im HTML sichtbar.","200","1","0","load_more,host:www.mfp-law.com","2026-06-19"
"lausen","Lausen Rechtsanwälte Partnerschaft","lausen.com","https://lausen.com","playwright","","unknown","needs_browser","Seite wirkt JavaScript-/Pagination-getrieben.","200","0","0","json_ld,js_app,host:lausen.com","2026-06-19"
"okl-und","okl & partner","oklp.de","https://oklp.de/#Karriere","playwright","","unknown","needs_browser","Seite wirkt JavaScript-/Pagination-getrieben.","200","0","0","json_ld,pagination,js_app,host:oklp.de","2026-06-19"
"keil-und-schaafhausen-patent-und","Keil & Schaafhausen Patent- und Rechtsanwälte PartGmbB","kspartner.de","https://www.kspartner.de/de/de/karriere.html","dom","","unknown","ready","Joblinks sind direkt im HTML sichtbar.","200","4","0","host:www.kspartner.de","2026-06-19"
"kather-augenstein","Kather Augenstein Rechtsanwälte PartGmbB","katheraugenstein.com","https://www.katheraugenstein.com/karriere/","reader_or_llm","","unknown","blocked","Seite wirkt geblockt oder leer fuer normale Requests.","200","0","0","json_ld,blocked,host:www.katheraugenstein.com","2026-06-19"
"mattil-und-kollegen","Kanzlei Mattil & Kollegen","mattil.de","https://www.mattil.de/de/karriere","dom","","unknown","ready","Joblinks sind direkt im HTML sichtbar.","200","2","0","host:www.mattil.de","2026-06-19"
"dr-herzog-und-kollegen","Kanzlei Dr. Herzog & Kollegen","jus-plus.de","https://www.jus-plus.de/kanzlei/karriere.html","dom","","unknown","ready","Joblinks sind direkt im HTML sichtbar.","200","1","0","json_ld,host:www.jus-plus.de","2026-06-19"
"isenbruck-boesl-hoerschler-patentanwaelte","Isenbruck Bösl Hörschler LLP, Patentanwälte","ib-patent.de","https://www.ib-patent.de/de/karriere","dom","","unknown","ready","Joblinks sind direkt im HTML sichtbar.","200","3","0","host:www.ib-patent.de","2026-06-19"
"johlke-niethammer-und-insolvenzverwalter-partnerschaftsgesellschaft","JOHLKE NIETHAMMER & PARTNER Insolvenzverwalter Rechtsanwälte Wirtschaftsprüfer Steuerberater Partnerschaftsgesellschaft mbB","jnp.de","https://jnp.de","playwright","","unknown","needs_browser","Seite wirkt JavaScript-/Pagination-getrieben.","200","0","0","js_app,host:jnp.de","2026-06-19"
"jorzig","JORZIG Rechtsanwälte","jorzig.de","https://www.jorzig.de/stellenangebote.html","playwright","","unknown","needs_browser","Seite wirkt JavaScript-/Pagination-getrieben.","200","0","0","json_ld,js_app,host:www.jorzig.de","2026-06-19"
"hannemann-und-partnerschaftsgesellschaft","Hannemann und Partner Rechtsanwälte Partnerschaftsgesellschaft mbB","hsa-beratergruppe.de","https://www.hsa-beratergruppe.de/karriere","dom","","unknown","ready","Joblinks sind direkt im HTML sichtbar.","200","6","0","host:www.hsa-beratergruppe.de","2026-06-19"
"huemmerich-in","HÜMMERICH legal Rechtsanwälte in Partnerschaft mbB","huemmerich-legal.de","https://huemmerich-legal.de","dom","","unknown","ready","Joblinks sind direkt im HTML sichtbar.","200","5","0","json_ld,host:www.huemmerich-legal.de","2026-06-19"
"hyazinth","HYAZINTH LLP","hyazinth.de","https://hyazinth.de","dom","","unknown","ready","Joblinks sind direkt im HTML sichtbar.","200","1","0","host:hyazinth.de","2026-06-19"
"grub-bahmann-rechtsanwaltspartnerschaft","Grub Bahmann Rechtsanwaltspartnerschaft","grub-lb.de","https://www.grub-lb.de/karriere/","dom","","unknown","ready","Joblinks sind direkt im HTML sichtbar.","200","1","0","json_ld,pagination,js_app,host:www.grub-lb.de","2026-06-19"
"hammes-insolvenzverwalter-gbr","Hammes Insolvenzverwalter GbR","rae-hammes.de","https://ingenium.law/karriere/","playwright","","unknown","needs_browser","Seite wirkt JavaScript-/Pagination-getrieben.","200","0","0","pagination,blocked,host:ingenium.law","2026-06-19"
"gramm-lins-und-patent-und","Gramm, Lins & Partner Patent- und Rechtsanwälte PartGmbB","grammlins.de","https://www.grammlins.de/karriere","dom","","unknown","ready","Joblinks sind direkt im HTML sichtbar.","200","1","0","host:www.grammlins.de","2026-06-19"
"engemann-und","Engemann und Partner, Rechtsanwälte mbB.","engemann-und-partner.de","https://engemann-und-partner.de","llm_fallback","","unknown","request_error","HTTPError","","0","0","","2026-06-19"
"dreiss-patentanwaelte","DREISS Patentanwälte PartG mbB","dreiss.de","https://dreiss.de","dom","","unknown","ready","Joblinks sind direkt im HTML sichtbar.","200","3","0","host:www.dreiss.de","2026-06-19"
"brehm-und-v-moers-partnerschaftsgesellschaft","Brehm & v. Moers Rechtsanwälte Partnerschaftsgesellschaft mbB","bvm-law.de","https://www.bvm-law.de/de/karriere","dom","","unknown","ready","Joblinks sind direkt im HTML sichtbar.","200","2","0","blocked,host:www.bvm-law.de","2026-06-19"
"blts-gbr","BLTS Rechtsanwälte GbR","blts.de","https://www.blts.de/karriere/","dom","","unknown","ready","Joblinks sind direkt im HTML sichtbar.","200","4","0","json_ld,pagination,host:www.blts.de","2026-06-19"
"bette-westenberger-brink","Bette Westenberger Brink","bwb-law.de","https://www.bette.legal/karriere","dom","","unknown","ready","Joblinks sind direkt im HTML sichtbar.","200","3","0","host:www.bette.legal","2026-06-19"
"brinkmann-weinkauf","Brinkmann.Weinkauf Rechtsanwälte Partnerschaft mbB","brinkmannweinkauf.de","https://www.brinkmannweinkauf.de/karriere","dom","","unknown","ready","Joblinks sind direkt im HTML sichtbar.","200","4","0","host:www.brinkmannweinkauf.de","2026-06-19"
"bissel","Bissel + Partner Rechtsanwälte PartGmbB","bissel.de","https://bissel.de/karriere/","dom","","unknown","ready","Joblinks sind direkt im HTML sichtbar.","200","2","0","blocked,host:bissel.de","2026-06-19"
"quirmbach-und","Quirmbach & Partner","ihr-anwalt.com","https://ihr-anwalt.com/blog/unfallfolgen/sht-betreuung-dokumentieren","playwright","","unknown","needs_browser","Seite wirkt JavaScript-/Pagination-getrieben.","200","0","0","json_ld,pagination,host:ihr-anwalt.com","2026-06-19"
"andreae-und","ANDREÄ & PARTNER Rechtsanwälte","rechtsanwalt-wiesbaden.de","https://rechtsanwalt-wiesbaden.de","llm_fallback","","unknown","fallback","Keine Jobs im HTML/JSON erkannt.","200","0","0","host:rechtsanwalt-wiesbaden.de","2026-06-19"
"bethge-reimann-stari","Bethge.Reimann.Stari Rechtsanwälte Partnerschaft mbB","brs-rechtsanwaelte.de","https://www.brs-rechtsanwaelte.de/karriere","dom","","unknown","ready","Joblinks sind direkt im HTML sichtbar.","200","3","0","blocked,js_app,host:www.brs-rechtsanwaelte.de","2026-06-19"
"vcvf","VCvF.legal","vcvf.legal","https://vcvf.legal/de/jobs/","dom","","unknown","ready","Joblinks sind direkt im HTML sichtbar.","200","4","0","pagination,host:vcvf.legal","2026-06-19"
"arnold-ruess","Arnold Ruess","arnold-ruess.com","https://www.arnold-ruess.com/karriere","llm_fallback","","unknown","fallback","Keine Jobs im HTML/JSON erkannt.","200","0","0","host:www.arnold-ruess.com","2026-06-19"
"labb-und","Labbé & Partner mbB Rechtsanwälte - Steuerberater","rae-labbe.de","https://www.rae-labbe.de/karriere/","dom","","unknown","ready","Joblinks sind direkt im HTML sichtbar.","200","2","0","pagination,host:www.rae-labbe.de","2026-06-19"
"kramer-barske-schmidtchen-patentanwaelte","Kramer Barske Schmidtchen Patentanwälte PartG mbB","kbspatent.de","https://kbspatent.de","dom","","unknown","ready","Joblinks sind direkt im HTML sichtbar.","200","1","0","host:www.kbspatent.de","2026-06-19"
"linten-und","Linten & Partner, Rechtsanwälte","linten.de","https://linten.de/karriere/","embedded_json","","unknown","ready","Eingebettete strukturierte Jobdaten gefunden.","200","6","2","json_ld,blocked,js_app,host:linten.de","2026-06-19"
"kraus-und-weisert-patentanwaelte","Kraus & Weisert Patentanwälte PartGmbB","kraus-weisert.de","https://www.kraus-lederer.de/career.html","dom","","unknown","ready","Joblinks sind direkt im HTML sichtbar.","200","5","0","json_ld,pagination,host:www.kraus-lederer.de","2026-06-19"
"lambsdorff","Lambsdorff","lambsdorff.law","https://lambsdorff.law","llm_fallback","","unknown","fallback","Keine Jobs im HTML/JSON erkannt.","200","0","0","host:www.lambsdorff.law","2026-06-19"
"weiss-walter-fischer-zernin","Kanzlei Weiss Walter Fischer-Zernin","rae-weiss.de","https://rae-weiss.de/karriere/","dom","","unknown","ready","Joblinks sind direkt im HTML sichtbar.","200","3","0","json_ld,host:rae-weiss.de","2026-06-19"
"klinge-hess-partnerschaftsgesellschaft-mit-beschraenkter-berufshaftung","KLINGE/HESS RECHTSANWÄLTE Partnerschaftsgesellschaft mit beschränkter Berufshaftung","klinge-hess.de","https://www.klinge-hess.de/kanzlei/karriere/","embedded_json","","unknown","ready","Eingebettete strukturierte Jobdaten gefunden.","200","3","1","json_ld,js_app,host:www.klinge-hess.de","2026-06-19"
"jbb-jaschinski-biere-brexl","JBB Rechtsanwälte Jaschinski Biere Brexl Partnerschaft mbB","jbb.de","https://jbb.de/karriere/","dom","","unknown","ready","Joblinks sind direkt im HTML sichtbar.","200","1","0","json_ld,pagination,blocked,host:jbb.de","2026-06-19"
"hartmann-gallus-und-partnerschaftschaftsgesellschaft-mit-beschraenkter-berufshaftung","Hartmann Gallus & Partner Rechtsanwälte Partnerschaftschaftsgesellschaft mit beschränkter Berufshaftung (mbB).","kanzlei-hgp.de","https://kanzlei-hgp.de","llm_fallback","","unknown","fallback","Keine Jobs im HTML/JSON erkannt.","200","0","0","host:kanzlei-hgp.de","2026-06-19"
"stiehl-und-schmitt-heidelberger-rechtsanwaltsgesellschaft-mbh","STIEHL & SCHMITT Heidelberger Rechtsanwaltsgesellschaft mbH","stiehl-schmitt.de","https://www.stiehl-schmitt.de/kontakt/stellenausschreibung","dom","","unknown","ready","Joblinks sind direkt im HTML sichtbar.","200","8","0","host:www.stiehl-schmitt.de","2026-06-19"
"heimann-hallermann","Heimann Hallermann Rechtsanwälte PartG mbB","heimann-partner.com","https://www.heimann-partner.com/karriere/","dom","","unknown","ready","Joblinks sind direkt im HTML sichtbar.","200","2","0","host:www.heimann-partner.com","2026-06-19"
"grawert-partmbb","Grawert PartmbB Rechtsanwälte Steuerberater","grawert.berlin","https://grawert.berlin/karriere/rechtsanwaltsfachangestellte/","dom","","unknown","ready","Joblinks sind direkt im HTML sichtbar.","200","5","0","json_ld,host:grawert.berlin","2026-06-19"
"g-und-p-gloeckner-fuhrmann-nentwich-rechtsanwaltsgesellschaft-mbh","G&P Gloeckner.Fuhrmann.Nentwich. Rechtsanwaltsgesellschaft mbH","gloeckner.com","https://gloeckner.com","llm_fallback","","unknown","request_error","SSLError","","0","0","","2026-06-19"
"endemann-schmidt-von-rechtsanwaelten","ENDEMANN.SCHMIDT Partnerschaft von Rechtsanwälten mbB","es-law.de","https://www.es-law.de/karriere/","dom","","unknown","ready","Joblinks sind direkt im HTML sichtbar.","200","1","0","json_ld,host:www.es-law.de","2026-06-19"
"harte-bavendamm-partnerschaftsgesellschaft","HARTE-BAVENDAMM Rechtsanwälte Partnerschaftsgesellschaft mbB","harte-bavendamm.de","https://www.harte-bavendamm.de/uber-uns#karriere","embedded_json","","unknown","ready","Eingebettete strukturierte Jobdaten gefunden.","200","14","1","json_ld,host:www.harte-bavendamm.de","2026-06-19"
"f-e-l-s-rechtanwaelte-gdbr","F.E.L.S Rechtanwälte, Wirtschaftsprüfer, Steuerberater GdbR","fe-ls.de","https://fe-ls.de/karriere/","dom","","unknown","ready","Joblinks sind direkt im HTML sichtbar.","200","4","0","json_ld,host:fe-ls.de","2026-06-19"
"harmsen-utescher-rechtsanwalts-und-patentanwaltspartnerschaft","Harmsen Utescher Rechtsanwalts- und Patentanwaltspartnerschaft mbB","harmsen.utescher.com","https://harmsen.utescher.com/karriere/","dom","","unknown","ready","Joblinks sind direkt im HTML sichtbar.","200","2","0","host:harmsen.utescher.com","2026-06-19"
"dkm-fuer-arbeitsrecht","dkm Rechtsanwälte. Kanzlei für Arbeitsrecht","dkm-rechtsanwaelte.de","https://www.dkm-rechtsanwaelte.de/karriere/","dom","","unknown","ready","Joblinks sind direkt im HTML sichtbar.","200","4","0","json_ld,blocked,host:www.dkm-rechtsanwaelte.de","2026-06-19"
"daniel-hagelskamp-und-kollegen-und","Daniel, Hagelskamp & Kollegen Rechtsanwälte und Steuerberater Partnerschaft mbB","dhk-law.com","https://www.dhk-law.com/de/newsletter","embedded_json","","unknown","ready","Eingebettete strukturierte Jobdaten gefunden.","200","2","1","json_ld,host:www.dhk-law.com","2026-06-19"
"blanke-meier-evers-in","Blanke Meier Evers Rechtsanwälte in Partnerschaft mbB","bme-law.de","https://bme-law.de/karriere.html","dom","","unknown","ready","Joblinks sind direkt im HTML sichtbar.","200","3","0","json_ld,host:bme-law.de","2026-06-19"
"eisner-rechtsanwaltsgesellschaft","Eisner Rechtsanwälte GmbH Rechtsanwaltsgesellschaft","eisner-rechtsanwaelte.com","https://www.eisner-rechtsanwaelte.com/karriere/","dom","","unknown","ready","Joblinks sind direkt im HTML sichtbar.","200","2","0","json_ld,pagination,host:www.eisner-rechtsanwaelte.com","2026-06-19"
"dr-geisler-dr-franke-und-kollegen","Dr. Geisler, Dr. Franke & Kollegen - Rechtsanwälte -","rae-geisler-franke.de","https://www.rae-geisler-franke.de/karriere/","playwright","","unknown","needs_browser","Seite wirkt JavaScript-/Pagination-getrieben.","200","0","0","nuxt,pagination,js_app,host:www.rae-geisler-franke.de","2026-06-19"
"dornheim-und","DORNHEIM Rechtsanwälte und Steuerberater","dornheim-partner.de","https://dornheim-partner.de","embedded_json","","unknown","ready","Eingebettete strukturierte Jobdaten gefunden.","200","2","2","json_ld,js_app,host:www.dornheim-partner.de","2026-06-19"
"adam","Adam Rechtsanwälte","adam-rechtsanwaelte.de","https://adam-rechtsanwaelte.de","dom","","unknown","ready","Joblinks sind direkt im HTML sichtbar.","200","1","0","host:adam-rechtsanwaelte.de","2026-06-19"
"backmeister-und-kollegen","Backmeister & Kollegen","backmeister-kollegen.com","https://backmeister-kollegen.com/karriere","dom","","unknown","ready","Joblinks sind direkt im HTML sichtbar.","200","7","0","pagination,host:backmeister-kollegen.com","2026-06-19"
"beck","Beck Rechtsanwälte Partnerschaft mbB","becklaw.de","https://www.becklaw.de/de/karriere/","llm_fallback","","unknown","fallback","Keine Jobs im HTML/JSON erkannt.","200","0","0","host:www.becklaw.de","2026-06-19"
"k3s-koeppe-straub-staufer-schwemmle-und-kollegen","K3S Rechtsanwälte Köppe, Straub, Staufer, Schwemmle und Kollegen","k3s-rechtsanwaelte.de","http://2026.k3s-rechtsanwaelte.de/kanzlei/karriere/","dom","","unknown","ready","Joblinks sind direkt im HTML sichtbar.","200","2","0","json_ld,blocked,host:2026.k3s-rechtsanwaelte.de","2026-06-19"
"ags-acker-schmalz","AGS Acker Schmalz","ags-legal.de","https://www.ags-legal.de/de/de/karriere","llm_fallback","","unknown","request_error","HTTPError","","0","0","","2026-06-19"
"andrespartner-und-insolvenzverwaltung-und-restrukturierung","AndresPartner, Rechtsanwälte & Steuerberater, Insolvenzverwaltung & Restrukturierung, Partnerschaft mbB","andrespartner.de","https://www.andrespartner.de/karriere","dom","","unknown","ready","Joblinks sind direkt im HTML sichtbar.","200","2","0","blocked,host:www.andrespartner.de","2026-06-19"
"llr-legerlotz-laschet-und","LLR Legerlotz Laschet und Partner Rechtsanwälte Partnerschaft mbB","llr.de","https://llr.de/karriere/","dom","","unknown","ready","Joblinks sind direkt im HTML sichtbar.","200","1","0","json_ld,load_more,pagination,blocked,js_app,host:www.llr.de","2026-06-19"
"king-und-spalding","King & Spalding","kslaw.com","https://www.kslaw.com:443/pages/careers","dom","","unknown","ready","Joblinks sind direkt im HTML sichtbar.","200","6","0","js_app,host:www.kslaw.com","2026-06-19"
"ruge-kroemer","Kanzlei Ruge Krömer","rugekroemer.de","https://www.rugekroemer.de/karriere/rechtsanwaelte-und-rechtsanwaeltinnen/","dom","","unknown","ready","Joblinks sind direkt im HTML sichtbar.","200","3","0","host:www.rugekroemer.de","2026-06-19"
"tbk-patent","Kanzlei TBK-Patent","tbk.de","https://tbk.de","llm_fallback","","unknown","fallback","Keine Jobs im HTML/JSON erkannt.","200","0","0","host:tbk.de","2026-06-19"
"lorenz-seidler-gossel","Lorenz Seidler Gossel","lsg.eu","https://lsg.eu/de/karriere","dom","","unknown","ready","Joblinks sind direkt im HTML sichtbar.","200","2","0","host:lsg.eu","2026-06-19"
"eisenmann-wahle-birk-und-weidner-partnerschaftsgesellschaft-von-rechtsanwaelten","Eisenmann Wahle Birk & Weidner Partnerschaftsgesellschaft von Rechtsanwälten mbB","ewp-rae.de","https://ewp-rae.de/karriere/","playwright","","unknown","needs_browser","Seite wirkt JavaScript-/Pagination-getrieben.","200","0","0","pagination,js_app,host:ewp-rae.de","2026-06-19"
"delheid-soiron-hammer","DELHEID SOIRON HAMMER Rechtsanwälte Partnerschaft mbB","delheid.de","https://delheid.de/karriere","dom","","unknown","ready","Joblinks sind direkt im HTML sichtbar.","200","1","0","blocked,host:delheid.de","2026-06-19"
"dka","dka Rechtsanwälte","dka-kanzlei.de","https://dka-kanzlei.de/stellenbesetzungen.html","dom","","unknown","ready","Joblinks sind direkt im HTML sichtbar.","200","4","0","host:dka-kanzlei.de","2026-06-19"
"anwaltskanzlei-pfefferle-helberg-und-und","Anwaltskanzlei Pfefferle Helberg & Partner Rechtsanwälte und Steuerberater","pfefferle.de","https://www.pfefferle.de/pfefferle-gruppe-recht-steuer-wirtschaft/stellenanzeigen-pfefferle-gruppe/","playwright","","unknown","needs_browser","Seite wirkt JavaScript-/Pagination-getrieben.","200","0","0","pagination,js_app,host:www.pfefferle.de","2026-06-19"
"anwaltsgemeinschaft-david-und-kollegen","Anwaltsgemeinschaft David & Kollegen","david-kollegen.de","https://www.david-kollegen.de/karriere/","dom","","unknown","ready","Joblinks sind direkt im HTML sichtbar.","200","7","0","json_ld,host:www.david-kollegen.de","2026-06-19"
"act-service-company","ACT Legal Service Company GmbH","actlegal.com","https://actlegal.com/de/career","dom","","unknown","ready","Joblinks sind direkt im HTML sichtbar.","200","5","0","nuxt,load_more,pagination,js_app,host:actlegal.com","2026-06-19"
"abel-und-kollegen","Abel und Kollegen Rechtsanwälte PartGmbB","abel-kollegen.de","https://abel-kollegen.de","dom","","unknown","ready","Joblinks sind direkt im HTML sichtbar.","200","19","0","host:www.abel-kollegen.de","2026-06-19"
"kallan","Kallan","kallan-legal.de","https://www.kallan-legal.de/de/karriere/","dom","","unknown","ready","Joblinks sind direkt im HTML sichtbar.","200","4","0","host:www.kallan-legal.de","2026-06-19"
"wss-redpoint","WSS Redpoint","wss-redpoint.com","https://wss-redpoint.com/career","llm_fallback","","unknown","fallback","Keine Jobs im HTML/JSON erkannt.","200","0","0","host:wss-redpoint.com","2026-06-19"
"vinken-goertz-lange-und","Vinken · Görtz · Lange und Partner","vgl-partner.de","https://www.vgl-partner.de/karriere/","dom","","unknown","ready","Joblinks sind direkt im HTML sichtbar.","200","2","0","pagination,host:www.vgl-partner.de","2026-06-19"
"pxr","PXR","pxr-legal.com","https://pxr.law/en/careers","dom","","unknown","ready","Joblinks sind direkt im HTML sichtbar.","200","3","0","json_ld,host:pxr.law","2026-06-19"
"wessing-und","Wessing & Partner","strafrecht.de","https://www.strafrecht.de/karriere/","dom","","unknown","ready","Joblinks sind direkt im HTML sichtbar.","200","3","0","json_ld,pagination,blocked,js_app,host:www.strafrecht.de","2026-06-19"
"vogel-heerma-waitz","Vogel Heerma Waitz","v14.de","https://www.v14.de/jobs/","dom","","unknown","ready","Joblinks sind direkt im HTML sichtbar.","200","2","0","host:www.v14.de","2026-06-19"
"sernetz-schaefer","Sernetz Schäfer","sernetz-schaefer.de","https://sernetz-schaefer.de","llm_fallback","","unknown","request_error","SSLError","","0","0","","2026-06-19"
"towara-arbeitsrecht","TowaRA:Arbeitsrecht","towara.com","https://towara.com/stellenangebote/","dom","","unknown","ready","Joblinks sind direkt im HTML sichtbar.","200","2","0","json_ld,load_more,pagination,host:towara.com","2026-06-19"
"seidler-und-kollegen-partnerschaftsgesellschaft","Seidler & Kollegen Partnerschaftsgesellschaft mbB","seidler-kollegen.de","https://seidler-kollegen.de/karriere/","dom","","unknown","ready","Joblinks sind direkt im HTML sichtbar.","200","1","0","json_ld,host:seidler-kollegen.de","2026-06-19"
"lentze-stopper","Lentze . Stopper","lentzestopper.eu","https://www.lentzestopper.eu/karriere/","dom","","unknown","ready","Joblinks sind direkt im HTML sichtbar.","200","1","0","json_ld,host:www.lentzestopper.eu","2026-06-19"
"koechling-und-krahnefeld","Köchling & Krahnefeld Rechtsanwälte","kk-rae.de","https://kk-rae.de","llm_fallback","","unknown","request_error","SSLError","","0","0","","2026-06-19"
"fachanwaltskanzlei-mainz-frankfurt","Fachanwaltskanzlei Mainz Frankfurt","jrm-legal.de","https://jrm-legal.de","llm_fallback","","unknown","request_error","ConnectionError","","0","0","","2026-06-19"
"janke-und-reinsch","Janke & Reinsch","janke-reinsch.com","https://janke-reinsch.com/karriere/","dom","","unknown","ready","Joblinks sind direkt im HTML sichtbar.","200","1","0","json_ld,load_more,pagination,blocked,host:janke-reinsch.com","2026-06-19"
"hoech-und","Höch und Partner","hoech-partner.de","https://www.hoech.legal/karriere/","playwright","","unknown","needs_browser","Seite wirkt JavaScript-/Pagination-getrieben.","200","0","0","json_ld,pagination,blocked,js_app,host:www.hoech.legal","2026-06-19"
"von-rueden","VON RUEDEN","rueden.de","https://www.rueden.de/jobs/","dom","","unknown","ready","Joblinks sind direkt im HTML sichtbar.","200","4","0","json_ld,pagination,host:www.rueden.de","2026-06-19"
"rospatt","rospatt","rospatt.de","https://www.rospatt.de/career","embedded_json","","unknown","ready","Eingebettete strukturierte Jobdaten gefunden.","200","11","1","json_ld,host:www.rospatt.de","2026-06-19"
"honert","Honert","honert.de","https://honert.de/karriere/","dom","","unknown","ready","Joblinks sind direkt im HTML sichtbar.","200","6","0","host:honert.de","2026-06-19"
"bbg-und","BBG und Partner Rechtsanwälte","bbgundpartner.de","https://www.bbgundpartner.de/karriere/","dom","","unknown","ready","Joblinks sind direkt im HTML sichtbar.","200","5","0","json_ld,pagination,host:www.bbgundpartner.de","2026-06-19"
"hotstegs-rechtsanwaltsgesellschaft-mbh","Hotstegs Rechtsanwaltsgesellschaft mbH","hotstegs-recht.de","https://www.hotstegs-recht.de/?page_id=9171","dom","","unknown","ready","Joblinks sind direkt im HTML sichtbar.","200","3","0","js_app,host:www.hotstegs-recht.de","2026-06-19"
"vogel-und","Vogel & Partner Rechtsanwälte mbB","vogel-partner.eu","https://www.vogel-partner.eu/karriere/","dom","","unknown","ready","Joblinks sind direkt im HTML sichtbar.","200","3","0","json_ld,host:www.vogel-partner.eu","2026-06-19"
"thorwart","THORWART","thorwart.de","https://www.thorwart.de/karriere","embedded_json","","unknown","ready","Eingebettete strukturierte Jobdaten gefunden.","200","8","1","json_ld,host:www.thorwart.de","2026-06-19"
"tsp-theissen-stollhoff-und-rechtsanwaltsgesellschaft","TSP Theißen Stollhoff & Partner mbB Rechtsanwaltsgesellschaft","ts-law.de","https://www.ts-law.de/karriere/","dom","","unknown","ready","Joblinks sind direkt im HTML sichtbar.","200","3","0","load_more,pagination,host:www.ts-law.de","2026-06-19"
"schmidt-von-der-osten-und-huber","Schmidt von der Osten & Huber","soh.de","https://soh.de/karriere","dom","","unknown","ready","Joblinks sind direkt im HTML sichtbar.","200","2","0","host:soh.de","2026-06-19"
"sammlerusinger","SammlerUsinger Rechtsanwälte Partnerschaft mbB","sammlerusinger.com","https://www.sammlerusinger.com/karriere/","dom","","unknown","ready","Joblinks sind direkt im HTML sichtbar.","200","3","0","host:www.sammlerusinger.com","2026-06-19"
"renzenbrink-und","Renzenbrink & Partner","renzenbrink-partner.de","https://renzenbrink-partner.de/karriere/","dom","","unknown","ready","Joblinks sind direkt im HTML sichtbar.","200","3","0","json_ld,host:renzenbrink-partner.de","2026-06-19"
"rose-und","Rose & Partner","rosepartner.de","https://www.rosepartner.de/stellenangebot-rechtsanwalt-refa-referendariat.html","dom","","unknown","ready","Joblinks sind direkt im HTML sichtbar.","200","5","0","json_ld,pagination,host:www.rosepartner.de","2026-06-19"
"osgard","OSGARD","osgard.de","https://osgard.de/karriere/","playwright","","unknown","needs_browser","Seite wirkt JavaScript-/Pagination-getrieben.","200","0","0","json_ld,load_more,pagination,host:osgard.de","2026-06-19"
"marck","MARCK","marck.eu","https://marck.eu/#karriere","dom","","unknown","ready","Joblinks sind direkt im HTML sichtbar.","200","4","0","host:marck.eu","2026-06-19"
"king-und-wood-mallesons","King & Wood Mallesons","eu.kwm.com","https://eu.kwm.com","llm_fallback","","unknown","request_error","ConnectionError","","0","0","","2026-06-19"
"kfr-ihre-fuer-real-estate","KFR - Ihre Kanzlei für Real Estate","kfr.law","https://www.kfr.law/stellenangebote/","playwright","","unknown","needs_browser","Seite wirkt JavaScript-/Pagination-getrieben.","200","0","0","json_ld,load_more,pagination,js_app,host:www.kfr.law","2026-06-19"
"hsa","HSA Rechtsanwälte","hsa-partner.de","https://hsa-partner.de/recruitment/","playwright","","unknown","needs_browser","Seite wirkt JavaScript-/Pagination-getrieben.","200","0","0","json_ld,load_more,pagination,host:hsa-partner.de","2026-06-19"
"heinemann-und","Heinemann & Partner","heinemann-und-partner.de","https://www.heinemann-und-partner.de/karriere/","dom","","unknown","ready","Joblinks sind direkt im HTML sichtbar.","200","2","0","json_ld,pagination,blocked,host:www.heinemann-und-partner.de","2026-06-19"
"hausfeld","Hausfeld","hausfeld.com","https://www.hausfeld.com/KARRIERE","llm_fallback","","unknown","request_error","HTTPError","","0","0","","2026-06-19"
"fachanwaelte-fuer-strafrecht-am-potsdamer-platz","Fachanwälte für Strafrecht am Potsdamer Platz","fachanwaelte-strafrecht-potsdamer-platz.de","https://fachanwaelte-strafrecht-potsdamer-platz.de/de/compliance/compliance-meldestelle/unternehmen-organisationen","dom","","unknown","ready","Joblinks sind direkt im HTML sichtbar.","200","8","0","json_ld,host:fachanwaelte-strafrecht-potsdamer-platz.de","2026-06-19"
"covington-und-burling","Covington & Burling","cov.com","https://www.cov.com/en/careers","dom","","unknown","ready","Joblinks sind direkt im HTML sichtbar.","200","1","0","blocked,host:www.cov.com","2026-06-19"
"mingers","Mingers.","mingers.law","https://mingers.law","embedded_json","","unknown","ready","Eingebettete strukturierte Jobdaten gefunden.","200","0","1","json_ld,blocked,host:www.mrg-insolvenz.de","2026-06-19"
"hme-recht","Hme-Recht","hme-recht.de","https://hmew-recht.de/karriere/","llm_fallback","","unknown","fallback","Keine Jobs im HTML/JSON erkannt.","200","0","0","host:hmew-recht.de","2026-06-19"
"hauckschuchardt-von-steuerberatern-und-rechtsanwaelten","HauckSchuchardt Partnerschaft von Steuerberatern und Rechtsanwälten mbB","hauckschuchardt.com","https://www.hauckschuchardt.com/de/de/karriere.html","llm_fallback","","unknown","fallback","Keine Jobs im HTML/JSON erkannt.","200","0","0","host:www.hauckschuchardt.com","2026-06-19"
"halm-und-collegen","Halm & Collegen","halmcollegen.de","https://halmcollegen.de","llm_fallback","","unknown","fallback","Keine Jobs im HTML/JSON erkannt.","200","0","0","host:www.halmcollegen.de","2026-06-19"
"ht-defensio-strafverteidiger","HT Defensio Strafverteidiger","ht-strafrecht.de","https://ht-strafrecht.de/ueber-uns/karriere/","dom","","unknown","ready","Joblinks sind direkt im HTML sichtbar.","200","13","0","json_ld,pagination,blocked,host:ht-strafrecht.de","2026-06-19"
"graef","GRAEF Rechtsanwälte","graef.eu","https://graef.law/karriere/","dom","","unknown","ready","Joblinks sind direkt im HTML sichtbar.","200","4","0","json_ld,host:graef.law","2026-06-19"
"glns","GLNS","glns.de","https://www.glns.de/karriere","dom","","unknown","ready","Joblinks sind direkt im HTML sichtbar.","200","1","0","host:www.glns.de","2026-06-19"
"fcm","Fcm-Law","fcm-law.com","https://www.fcm-law.com/karriere.html","dom","","unknown","ready","Joblinks sind direkt im HTML sichtbar.","200","3","0","json_ld,host:www.fcm-law.com","2026-06-19"
"dr-schreiner","Dr. Schreiner + Partner","rae-schreiner.de","https://www.rae-schreiner.de/karriere/","dom","","unknown","ready","Joblinks sind direkt im HTML sichtbar.","200","10","0","js_app,host:www.rae-schreiner.de","2026-06-19"
"dombert-part","DOMBERT Rechtsanwälte Part mbB","dombert.de","https://dombert.de/#karriere","dom","","unknown","ready","Joblinks sind direkt im HTML sichtbar.","200","1","0","json_ld,pagination,blocked,js_app,host:dombert.de","2026-06-19"
"dierks","Dierks+","dierks.company","https://www.dierks.company/career/","dom","","unknown","ready","Joblinks sind direkt im HTML sichtbar.","200","4","0","json_ld,pagination,blocked,host:www.dierks.company","2026-06-19"
"d-b","D+B Rechtsanwälte","db-law.de","https://db-law.de/karriere","dom","","unknown","ready","Joblinks sind direkt im HTML sichtbar.","200","5","0","pagination,blocked,host:db-law.de","2026-06-19"
"bregenhorn-wendland-und","Bregenhorn-Wendland & Partner","med-juris.de","https://med-juris.de","special_api","api:dlapiper","unknown","ready","Spezialadapter api:dlapiper erkannt.","","0","0","","2026-06-19"
"borris-hennecke-kneisel-partmbb","Borris Hennecke Kneisel PartmbB Rechtsanwälte","bhk.legal","https://www.bhk.legal/Karriere","dom","","unknown","ready","Joblinks sind direkt im HTML sichtbar.","200","1","0","load_more,pagination,js_app,host:www.bhk.legal","2026-06-19"
"berner-fleck-wettich","Berner Fleck Wettich","bfw.law","https://www.bfw.law/erfahrungsberichte/","dom","","unknown","ready","Joblinks sind direkt im HTML sichtbar.","200","5","0","json_ld,host:www.bfw.law","2026-06-19"
"csr-sturm-rechtsanwaltsgesellschaft-mbh","CSR Sturm Rechtsanwaltsgesellschaft mbH","cs-rechtsanwaelte.de","https://cs-rechtsanwaelte.de","llm_fallback","","unknown","fallback","Keine Jobs im HTML/JSON erkannt.","200","0","0","host:cs-rechtsanwaelte.de","2026-06-19"
"lsp-lindemann-schwennicke-und","LSP Lindemann Schwennicke & Partner","lspartner.de","https://www.lspartner.de/karriere","dom","","unknown","ready","Joblinks sind direkt im HTML sichtbar.","200","4","0","host:www.lspartner.de","2026-06-19"
"vbb","VBB Rechtsanwälte","wirtschaftsstrafrecht.de","https://www.wirtschaftsstrafrecht.de/karriere","dom","","unknown","ready","Joblinks sind direkt im HTML sichtbar.","200","1","0","host:www.wirtschaftsstrafrecht.de","2026-06-19"
"arbeitskanzlei-gerhard","Arbeitskanzlei Gerhard","arbeitskanzlei.de","https://www.arbeitskanzlei.de/jobs-karriere/","playwright","","unknown","needs_browser","Seite wirkt JavaScript-/Pagination-getrieben.","200","0","0","json_ld,load_more,pagination,blocked,host:www.arbeitskanzlei.de","2026-06-19"
"benesch-und","Benesch & Partner","benesch-winkler.de","https://benesch.de/karriere/","dom","","unknown","ready","Joblinks sind direkt im HTML sichtbar.","200","5","0","json_ld,host:benesch.de","2026-06-19"
"clarius","CLARIUS.LEGAL","clarius.legal","https://clarius.jobs.personio.de/?language=de","ats_api","","personio","ready","Direkter personio-ATS-Client verfügbar.","","0","0","","2026-06-19"
"chevalier","Chevalier Rechtsanwälte","kanzlei-chevalier.de","https://kanzlei-chevalier.de","llm_fallback","","unknown","request_error","HTTPError","","0","0","","2026-06-19"
"breyer-partmbb","Breyer Rechtsanwälte PartmbB","breyer-rechtsanwaelte.de","https://breyer-rechtsanwaelte.de/karriere/","dom","","unknown","ready","Joblinks sind direkt im HTML sichtbar.","200","5","0","json_ld,pagination,blocked,host:breyer-rechtsanwaelte.de","2026-06-19"
"brinkmann","Brinkmann Rechtsanwälte","brinkmann-ra.de","https://www.brinkmann-ra.de/kanzlei/karriere/","embedded_json","","unknown","ready","Eingebettete strukturierte Jobdaten gefunden.","200","4","1","json_ld,host:www.eugato.eu","2026-06-19"
"capstone-rechtsanwaltsgesellschaft-mbh","Capstone Legal Rechtsanwaltsgesellschaft mbH","capstone-legal.com","https://capstone-legal.com/karriere/","playwright","","unknown","needs_browser","Seite wirkt JavaScript-/Pagination-getrieben.","200","0","0","json_ld,pagination,host:capstone-legal.com","2026-06-19"
"reimer","REIMER","reimer-rae.de","https://www.reimer-rae.de/karriere/","embedded_json","","unknown","ready","Eingebettete strukturierte Jobdaten gefunden.","200","24","1","json_ld,host:www.reimer-rae.de","2026-06-19"
"zimmermann-und-patentanwaelte","Zimmermann und Partner Patentanwälte mbB","zimpat.com","https://www.zimpat.com/karriere/","playwright","","unknown","needs_browser","Seite wirkt JavaScript-/Pagination-getrieben.","200","0","0","pagination,js_app,host:www.zimpat.com","2026-06-19"
"zenk","ZENK Rechtsanwälte Partnerschaft mbB","zenk.com","https://www.zenk.com/karriere/","dom","","unknown","ready","Joblinks sind direkt im HTML sichtbar.","200","5","0","json_ld,pagination,host:www.zenk.com","2026-06-19"
"wipit","WIPIT","wipit.legal","https://www.wipit.legal/de/career","llm_fallback","","unknown","fallback","Keine Jobs im HTML/JSON erkannt.","200","0","0","host:www.wipit.legal","2026-06-19"
"wuesthoff-und-wuesthoff","Wuesthoff & Wuesthoff","wuesthoff.de","https://www.wuesthoff.de/karriere-wuw/","dom","","unknown","ready","Joblinks sind direkt im HTML sichtbar.","200","8","0","host:www.wuesthoff.de","2026-06-19"
"koesterberner","KösterBerner","koesterberner.de","https://karriere.koesterberner.de/","playwright","","unknown","needs_browser","Seite wirkt JavaScript-/Pagination-getrieben.","200","0","0","pagination,blocked,host:karriere.koesterberner.de","2026-06-19"
"wilmerhale","WilmerHale","wilmerhale.com","https://wilmerhale.com","llm_fallback","","unknown","request_error","HTTPError","","0","0","","2026-06-19"
"voelker-und","Voelker & Partner","voelker-gruppe.com","https://www.voelker-gruppe.com/karriere","dom","","unknown","ready","Joblinks sind direkt im HTML sichtbar.","200","10","0","host:www.voelker-gruppe.com","2026-06-19"
"squire-patton-boggs","Squire Patton Boggs","squirepattonboggs.com","https://squirepattonboggs.com","dom","","unknown","ready","Joblinks sind direkt im HTML sichtbar.","200","1","0","host:www.squirepattonboggs.com","2026-06-19"
"tiefenbacher","Tiefenbacher Rechtsanwälte","tiefenbacher.de","https://www.tiefenbacher.de/karriere/","dom","","unknown","ready","Joblinks sind direkt im HTML sichtbar.","200","7","0","host:www.tiefenbacher.de","2026-06-19"
"tbk-patent","TBK-Patent","tbk.com","https://tbk.com","llm_fallback","","unknown","fallback","Keine Jobs im HTML/JSON erkannt.","200","0","0","host:tbk.com","2026-06-19"
"schumacher-und","Schumacher & Partner Rechtsanwälte Steuerberater PartG mbB","schumacherlaw.com","https://www.schumacherlaw.com/karriere/","dom","","unknown","ready","Joblinks sind direkt im HTML sichtbar.","200","9","0","json_ld,blocked,host:www.schumacherlaw.com","2026-06-19"
"sidley-austin","Sidley Austin LLP","sidley.com","https://www.sidley.com/en/careers","dom","","unknown","ready","Joblinks sind direkt im HTML sichtbar.","200","1","0","next_data,json_ld,load_more,js_app,host:www.sidley.com","2026-06-19"
"smng-rechtsanwaltsgesellschaft-mbh","SMNG Rechtsanwaltsgesellschaft mbH","smng.de","https://smng.de/karriere/","dom","","unknown","ready","Joblinks sind direkt im HTML sichtbar.","200","5","0","pagination,js_app,host:smng.de","2026-06-19"
"seufert-von-rechtsanwaelten","Seufert Rechtsanwälte Partnerschaft von Rechtsanwälten","seufert-law.de","https://www.seufert-law.de/de/karriere.html","dom","","unknown","ready","Joblinks sind direkt im HTML sichtbar.","200","3","0","pagination,host:www.seufert-law.de","2026-06-19"
"schwegler-gbr","Schwegler rechtsanwälte GbR","schwegler-rae.de","https://www.schwegler-rae.de/karriere/","dom","","unknown","ready","Joblinks sind direkt im HTML sichtbar.","200","3","0","json_ld,pagination,host:www.schwegler-rae.de","2026-06-19"
"schiedermair-partnerschaftsgesellschaft-von-rechtsanwaelten-und-steuerberatern","SCHIEDERMAIR RECHTSANWÄLTE Partnerschaftsgesellschaft mbB von Rechtsanwälten und Steuerberatern","schiedermair.com","https://schiedermair.com/karriere/","dom","","unknown","ready","Joblinks sind direkt im HTML sichtbar.","200","2","0","pagination,blocked,host:schiedermair.com","2026-06-19"
"orrick-herrington-und-sutcliffe","Orrick, Herrington & Sutcliffe LLP","orrick.com","https://www.orrick.com/en/Careers","dom","","unknown","ready","Joblinks sind direkt im HTML sichtbar.","200","2","0","blocked,host:www.orrick.com","2026-06-19"
"muetze-korsch-rechtsanwaltsgesellschaft","Mütze Korsch Rechtsanwaltsgesellschaft","mkrg.com","https://mkrg.com/karriere-rechtsanwaelte/","dom","","unknown","ready","Joblinks sind direkt im HTML sichtbar.","200","3","0","json_ld,pagination,host:mkrg.com","2026-06-19"
"morrison-und-foerster","Morrison & Foerster","mofo.com","https://mofo.com","dom","","unknown","ready","Joblinks sind direkt im HTML sichtbar.","200","1","0","next_data,blocked,js_app,host:www.mofo.com","2026-06-19"
"meyer-koering","Meyer-Köring","meyer-koering.de","https://meyer-koering.de/?p=7343","dom","","unknown","ready","Joblinks sind direkt im HTML sichtbar.","200","15","0","json_ld,pagination,js_app,host:www.meyer-koering.de","2026-06-19"
"manitz-finsterwald-patentanwaelte-partmbb","Manitz Finsterwald Patentanwälte PartmbB","patente.de","https://www.patente.de/de/karriere/","dom","","unknown","ready","Joblinks sind direkt im HTML sichtbar.","200","4","0","pagination,blocked,host:www.patente.de","2026-06-19"
"melchers","Melchers","melchers-law.com","https://www.melchers-law.com/karriere/","llm_fallback","","unknown","fallback","Keine Jobs im HTML/JSON erkannt.","200","0","0","host:www.melchers-law.com","2026-06-19"
"lenz-und-johlen","Lenz und Johlen Rechtsanwälte Partnerschaft mbB","lenz-johlen.de","https://lenz-johlen.de/karriere/","dom","","unknown","ready","Joblinks sind direkt im HTML sichtbar.","200","4","0","json_ld,pagination,js_app,host:lenz-johlen.de","2026-06-19"
"huemmerich-und-bischoff-in","HÜMMERICH & BISCHOFF Rechtsanwälte - Steuerberater in Partnerschaft mbB","huemmerich-partner.de","https://www.huemmerich-partner.de/karriere/karriere.html","dom","","unknown","ready","Joblinks sind direkt im HTML sichtbar.","200","30","0","host:www.huemmerich-partner.de","2026-06-19"
"hecker-werner-himmelreich","HECKER WERNER HIMMELREICH","hwhlaw.de","https://www.hwhlaw.de/karriere/","dom","","unknown","ready","Joblinks sind direkt im HTML sichtbar.","200","7","0","json_ld,host:www.hwhlaw.de","2026-06-19"
"haver-und-mailaender","Haver & Mailänder","haver-mailaender.de","https://www.haver-mailaender.de/de/karriere/","embedded_json","","unknown","ready","Eingebettete strukturierte Jobdaten gefunden.","200","1","1","json_ld,host:www.haver-mailaender.de","2026-06-19"
"hoffmann-liebs-von-rechtsanwaelten","Hoffmann Liebs Partnerschaft von Rechtsanwälten mbB","hoffmannliebs.de","https://www.hoffmannliebs.de/karriere/","dom","","unknown","ready","Joblinks sind direkt im HTML sichtbar.","200","48","0","json_ld,pagination,blocked,js_app,host:www.hoffmannliebs.de","2026-06-19"
"grub-brugger-von-rechtsanwaelten","GRUB BRUGGER Partnerschaft von Rechtsanwälten mbB","karriere.grub-brugger.de","https://karriere.grub-brugger.de/stellenangebote.html","llm_fallback","","unknown","fallback","Keine Jobs im HTML/JSON erkannt.","200","0","0","host:karriere.grub-brugger.de","2026-06-19"
"fries","FRIES Rechtsanwälte Partnerschaft mbB","fries.law","https://fries.law/jobs.html","dom","","unknown","ready","Joblinks sind direkt im HTML sichtbar.","200","5","0","json_ld,host:fries.law","2026-06-19"
"gassner-groth-siederer-und-coll","Gaßner, Groth, Siederer & Coll. Rechtsanwälte","ggsc.de","https://www.ggsc.de/karriere","dom","","unknown","ready","Joblinks sind direkt im HTML sichtbar.","200","4","0","json_ld,blocked,js_app,host:www.ggsc.de","2026-06-19"
"eisenfuehr-speiser-patentanwaelte","Eisenführ Speiser Patentanwälte Rechtsanwälte PartG mbB","eisenfuhr.com","https://www.eisenfuhr.com/de/karriere","dom","","unknown","ready","Joblinks sind direkt im HTML sichtbar.","200","8","0","host:www.eisenfuhr.com","2026-06-19"
"epping-hermann-fischer-patentanwaltsgesellschaft-mbh","Epping Hermann Fischer Patentanwaltsgesellschaft mbH","ehf-ip.com","https://www.ehf-ip.com/karriere/","dom","","unknown","ready","Joblinks sind direkt im HTML sichtbar.","200","5","0","json_ld,pagination,blocked,js_app,host:www.ehf-ip.com","2026-06-19"
"dwf-germany","DWF Germany","dwfgroup.com","https://dwfgroup.com/en/careers","embedded_json","","unknown","ready","Eingebettete strukturierte Jobdaten gefunden.","200","0","2","json_ld,host:dwfgroup.com","2026-06-19"
"dechert","Dechert LLP","dechert.com","https://www.dechert.com/careers.html","reader_or_llm","","unknown","blocked","Seite wirkt geblockt oder leer fuer normale Requests.","200","0","0","blocked,host:www.dechert.com","2026-06-19"
"derra-meyer-und","Derra, Meyer & Partner Rechtsanwälte PartG mbB","derra.eu","https://www.derra.eu/?page_id=2854","llm_fallback","","unknown","request_error","HTTPError","","0","0","","2026-06-19"
"dr-kroll-und","Dr. Kroll & Partner Rechtsanwälte mbB","kp-recht.de","https://www.kp-recht.de/karriere","dom","","unknown","ready","Joblinks sind direkt im HTML sichtbar.","200","2","0","host:www.kp-recht.de","2026-06-19"
"caemmerer-lenz-karlsruhe","Caemmerer Lenz - Karlsruhe","caemmerer-lenz.de","https://www.caemmerer-lenz.de/karriere-ausbildung/","dom","","unknown","ready","Joblinks sind direkt im HTML sichtbar.","200","4","0","host:www.caemmerer-lenz.de","2026-06-19"
"bbr-buchalik-broemmekamp","BBR Buchalik Brömmekamp","buchalik-broemmekamp.de","https://www.buchalik-broemmekamp.de/ihre-karriere/","dom","","unknown","ready","Joblinks sind direkt im HTML sichtbar.","200","21","0","json_ld,pagination,blocked,js_app,host:www.buchalik-broemmekamp.de","2026-06-19"
"bender-harrer-krevet","Bender Harrer Krevet","bender-harrer.de","https://bender-harrer.de/karriere","dom","","unknown","ready","Joblinks sind direkt im HTML sichtbar.","200","1","0","nuxt,json_ld,pagination,js_app,host:bender-harrer.de","2026-06-19"
"bornheim-und","Bornheim und Partner Rechtsanwälte","bornheim.com","https://www.bornheim.com/karriere/","dom","","unknown","ready","Joblinks sind direkt im HTML sichtbar.","200","4","0","json_ld,host:www.bornheim.com","2026-06-19"
"blaum-dettmers-rabstein","Blaum Dettmers Rabstein","blaum.de","https://blaum.de/karriere/","dom","","unknown","ready","Joblinks sind direkt im HTML sichtbar.","200","15","0","json_ld,pagination,js_app,host:blaum.de","2026-06-19"
"avocado","Avocado","avocado.de","https://www.avocado.de/karriere/","dom","","unknown","ready","Joblinks sind direkt im HTML sichtbar.","200","1","0","host:www.avocado.de","2026-06-19"
"baumeister-muenster","Baumeister Rechtsanwälte Münster","baumeister.org","https://www.baumeister.org/karriere/","dom","","unknown","ready","Joblinks sind direkt im HTML sichtbar.","200","3","0","host:www.baumeister.org","2026-06-19"
"anchor-partnerschaftsgesellschaft","anchor Rechtsanwälte Partnerschaftsgesellschaft mbB","anchor.eu","https://www.anchor.eu/karriere/","dom","","unknown","ready","Joblinks sind direkt im HTML sichtbar.","200","2","0","json_ld,host:www.anchor.eu","2026-06-19"
"aulinger","Aulinger Rechtsanwälte Notare","aulinger.eu","https://www.aulinger.eu/karriere/","dom","","unknown","ready","Joblinks sind direkt im HTML sichtbar.","200","23","0","pagination,blocked,host:www.aulinger.eu","2026-06-19"
"alpmann-froehlich-rechtsanwaltsgesellschaft-mbh","ALPMANN FRÖHLICH Rechtsanwaltsgesellschaft mbH","alpmann-froehlich.de","https://www.alpmann-froehlich.de/de/karriere/","dom","","unknown","ready","Joblinks sind direkt im HTML sichtbar.","200","8","0","host:www.alpmann-froehlich.de","2026-06-19"
"activelaw-offenhausen-wolter-partmbb","activelaw Offenhausen.Wolter PartmbB","activelaw.de","https://www.activelaw.de/karriere","embedded_json","","unknown","ready","Eingebettete strukturierte Jobdaten gefunden.","200","1","1","json_ld,host:www.activelaw.de","2026-06-19"
"hortig-und-insel-partnerschaftsgesellschaft","Kanzlei Hortig und Insel Partnerschaftsgesellschaft mbB","hortig-insel.de","https://hortig-insel.de/stellenangebote/","dom","","unknown","ready","Joblinks sind direkt im HTML sichtbar.","200","10","0","json_ld,pagination,js_app,host:hortig-insel.de","2026-06-19"
"gassmann-und-seidel-partmbb","Gaßmann & Seidel Rechtsanwälte PartmbB","gassmann-seidel.de","https://gassmann-seidel.de/karriere/","reader_or_llm","","unknown","blocked","Seite wirkt geblockt oder leer fuer normale Requests.","200","0","0","json_ld,blocked,host:gassmann-seidel.de","2026-06-19"
"jaff-insolvenzverwalter","Jaffé Rechtsanwälte Insolvenzverwalter","jaffe-rae.de","https://www.jaffe-rae.de/karriere/","embedded_json","","unknown","ready","Eingebettete strukturierte Jobdaten gefunden.","200","0","1","json_ld,blocked,host:www.jaffe-rae.de","2026-06-19"
"karo-ip","Karo IP","karoip.com","https://www.karoip.com/karriere/","playwright","","unknown","needs_browser","Seite wirkt JavaScript-/Pagination-getrieben.","200","0","0","json_ld,pagination,blocked,host:www.karoip.com","2026-06-19"
"astera","Astera Legal","astera-legal.com","https://astera-legal.com/karriere/","playwright","","unknown","needs_browser","Seite wirkt JavaScript-/Pagination-getrieben.","200","0","0","json_ld,pagination,js_app,host:astera-legal.com","2026-06-19"
"hlb-augsburg-schwaben","HLB Augsburg Schwaben","hlb-augsburg.eu","https://www.hlb-augsburg.eu/karriere/","dom","","unknown","ready","Joblinks sind direkt im HTML sichtbar.","200","4","0","host:www.hlb-augsburg.eu","2026-06-19"
"horak","Horak Rechtsanwälte","horakrechtsanwaelte.com","https://www.horakrechtsanwaelte.com/Kanzlei/Anwaltsnews/Stellenangebote/stellenangebote.html","dom","","unknown","ready","Joblinks sind direkt im HTML sichtbar.","200","49","0","host:www.horakrechtsanwaelte.com","2026-06-19"
"altenburg","Altenburg","altenburg.ne","https://altenburg.ne","llm_fallback","","unknown","request_error","ConnectionError","","0","0","","2026-06-19"
"schultz-suechting","Schultz-Süchting","schultz-suechting.de","https://schultz-suechting.de","llm_fallback","","unknown","request_error","SSLError","","0","0","","2026-06-19"
"valbeek","Valbeek","valbeek.de","https://valbeek.law/de/karriere","llm_fallback","","unknown","fallback","Keine Jobs im HTML/JSON erkannt.","200","0","0","json_ld,host:valbeek.law","2026-06-19"
"actlegal-germany-com","actlegal-germany.com","actlegal-germany.com","https://actlegal.com/de/career","llm_fallback","","unknown","request_error","HTTPError","","0","0","","2026-06-19"
"ags-acker-schmalz","AGS Legal - Acker Schmalz Rechtsanwälte","ags-legal.com","https://www.ags-legal.de/de/de/karriere","llm_fallback","","unknown","request_error","HTTPError","","0","0","","2026-06-19"
"hlb-dzk","HLB DZK","hlb-dzk.de","https://ddp-gruppe.de/standort/frankfurt/#","dom","","unknown","ready","Joblinks sind direkt im HTML sichtbar.","200","5","0","host:ddp-gruppe.de","2026-06-19"
"daub-patent-und-recht","Daub Patent & Recht","kanzlei-daub.de","https://kanzlei-daub.de","playwright","","unknown","needs_browser","Seite wirkt JavaScript-/Pagination-getrieben.","200","0","0","js_app,host:kanzlei-daub.de","2026-06-19"
"g-und-p-rechtsanwaltsgesellschaft","G&P Rechtsanwaltsgesellschaft","gplaw.de","https://www.gplaw.de/karriere","dom","","unknown","ready","Joblinks sind direkt im HTML sichtbar.","200","1","0","json_ld,pagination,host:www.gplaw.de","2026-06-19"
"brinkhof-advocaten","Brinkhof Advocaten","brinkhof.com","https://brinkhof.com","dom","","unknown","ready","Joblinks sind direkt im HTML sichtbar.","200","5","0","json_ld,pagination,blocked,js_app,host:www.brinkhof.com","2026-06-19"
"kebekuspartner","KebekusPartner Rechtsanwälte PartG mbB","kebekuspartner.de","https://kebekuspartner.de/karriere/","embedded_json","","unknown","ready","Eingebettete strukturierte Jobdaten gefunden.","200","2","1","json_ld,load_more,pagination,js_app,host:kebekuspartner.de","2026-06-19"
"wanderer-und","Wanderer und Partner Rechtsanwälte PartG mbB","wir-wanderer.de","https://wir-wanderer.de/de/kanzlei/karriere/online-bewerbung/","dom","","unknown","ready","Joblinks sind direkt im HTML sichtbar.","200","2","0","json_ld,blocked,host:wir-wanderer.de","2026-06-19"
"gaidies-heggemann-und","Gaidies Heggemann & Partner","gsp.de","https://gsp.de","embedded_json","","unknown","ready","Eingebettete strukturierte Jobdaten gefunden.","200","0","1","json_ld,host:gsp.de","2026-06-19"
"commeo","COMMEO Rechtsanwälte PartGmbB","commeo-law.com","https://www.commeo-law.com/karriere/","dom","","unknown","ready","Joblinks sind direkt im HTML sichtbar.","200","1","0","host:www.commeo-law.com","2026-06-19"
"advoautomobil","AdvoAutomobil Rechtsanwälte","advoauto.de","https://advoauto.de","dom","","unknown","ready","Joblinks sind direkt im HTML sichtbar.","200","2","0","host:advoauto.de","2026-06-19"
"vlv-verweyen-lenz-voss-partnerschaftsg","vlv Verweyen Lenz-Voß Rechtsanwälte PartnerschaftsG mbB","vlv-partner.de","https://www.vlv-partner.de/karriere","dom","","unknown","ready","Joblinks sind direkt im HTML sichtbar.","200","1","0","blocked,js_app,host:www.vlv-partner.de","2026-06-19"
"lm-audit-und-tax","LM Audit & Tax GmbH","lmat.de","https://lmat.de/karriere/","dom","","unknown","ready","Joblinks sind direkt im HTML sichtbar.","200","3","0","json_ld,host:lmat.de","2026-06-19"
"thum-und","Thum & Partner","thum-ip.de","https://thum-ip.de/karriere/","llm_fallback","","unknown","fallback","Keine Jobs im HTML/JSON erkannt.","200","0","0","host:thum-ip.de","2026-06-19"
"treuhand-heidelberg","Treuhand Heidelberg","treuhand-heidelberg.de","https://th-berater.deine-wunschkanzlei.de/karriere","embedded_json","","unknown","ready","Eingebettete strukturierte Jobdaten gefunden.","200","0","1","json_ld,pagination,blocked,js_app,host:th-berater.deine-wunschkanzlei.de","2026-06-19"
"reius","Reius","reius.de","https://www.reius.de/karriere/","llm_fallback","","unknown","fallback","Keine Jobs im HTML/JSON erkannt.","200","0","0","host:www.reius.de","2026-06-19"
"quaas-und","Quaas & Partner","quaas-partner.de","https://quaas-partner.de/karriere/","dom","","unknown","ready","Joblinks sind direkt im HTML sichtbar.","200","1","0","json_ld,pagination,js_app,host:quaas-partner.de","2026-06-19"
"riverside","Riverside","riverside.de","https://www.riverside.de/karriere/","llm_fallback","","unknown","fallback","Keine Jobs im HTML/JSON erkannt.","200","0","0","host:www.riverside.de","2026-06-19"
"lieser","Lieser","lieser-rechtsanwaelte.de","https://lieser-rechtsanwaelte.de","dom","","unknown","ready","Joblinks sind direkt im HTML sichtbar.","200","16","0","js_app,host:www.lieser-rechtsanwaelte.de","2026-06-19"
"lexton","Lexton","lexton.de","https://lexton.de/karriere/","dom","","unknown","ready","Joblinks sind direkt im HTML sichtbar.","200","7","0","pagination,blocked,host:lexton.de","2026-06-19"
"kuhn-carlnorden-baum","Kuhn CarlNorden Baum","kcnb.de","https://kcnb.de/karriere.html","dom","","unknown","ready","Joblinks sind direkt im HTML sichtbar.","200","3","0","host:kcnb.de","2026-06-19"
"kessler-rechtsanwaltsgesellschaft","Kessler Rechtsanwaltsgesellschaft","kessler-rs.com","https://kessler-rs.com/karriere-jobs/","dom","","unknown","ready","Joblinks sind direkt im HTML sichtbar.","200","17","0","json_ld,host:kessler-rs.com","2026-06-19"
"insquare","Insquare","insquare.law","https://insquare.law/karriere/","dom","","unknown","ready","Joblinks sind direkt im HTML sichtbar.","200","3","0","json_ld,host:insquare.law","2026-06-19"
"guett-olk-feldhaus","Gütt Olk Feldhaus","gof-partner.com","https://www.gof-partner.com/karriere","dom","","unknown","ready","Joblinks sind direkt im HTML sichtbar.","200","4","0","json_ld,host:www.gof-partner.com","2026-06-19"
"godefroid-und-pielorz","Godefroid & Pielorz","godefroid-pielorz.de","https://www.godefroid-pielorz.de/de/karriere.html","dom","","unknown","ready","Joblinks sind direkt im HTML sichtbar.","200","3","0","host:www.godefroid-pielorz.de","2026-06-19"
"heimes-und-mueller","Heimes & Müller","heimes-mueller.de","https://www.heimes-mueller.de/kanzlei/karriere","llm_fallback","","unknown","fallback","Keine Jobs im HTML/JSON erkannt.","200","0","0","json_ld,host:www.heimes-mueller.de","2026-06-19"
"finkenhof","Finkenhof","finkenhof.de","https://finkenhof.de/karriere-in-der-rechtsanwaltskanzlei-frankfurt/","playwright","","unknown","needs_browser","Seite wirkt JavaScript-/Pagination-getrieben.","200","0","0","json_ld,pagination,blocked,js_app,host:finkenhof.de","2026-06-19"
"dierlamm","DIERLAMM Rechtsanwälte","dierlamm-rechtsanwaelte.com","https://dierlamm-rechtsanwaelte.com/KARRIERE","dom","","unknown","ready","Joblinks sind direkt im HTML sichtbar.","200","4","0","json_ld,pagination,blocked,host:dierlamm-rechtsanwaelte.com","2026-06-19"
"broich","Broich","broich.de","https://broich.de","llm_fallback","","unknown","request_error","SSLError","","0","0","","2026-06-19"
"beukelmann-mueller","Beukelmann Müller Partner","bm-partner.com","https://www.bm-partner.com/#","dom","","unknown","ready","Joblinks sind direkt im HTML sichtbar.","200","8","0","json_ld,pagination,host:www.bm-partner.com","2026-06-19"
"andrea-versteyl","Andrea Versteyl","avr-rechtsanwaelte.de","https://www.avr-rechtsanwaelte.de/karriere","llm_fallback","","unknown","fallback","Keine Jobs im HTML/JSON erkannt.","200","0","0","host:www.avr-rechtsanwaelte.de","2026-06-19"
"annerton","Annerton","annerton.com","https://annerton.com/karriere/","dom","","unknown","ready","Joblinks sind direkt im HTML sichtbar.","200","3","0","json_ld,blocked,host:annerton.com","2026-06-19"
"ampersand","Ampersand","ampersand.de","https://ampersand.de/karriere","dom","","unknown","ready","Joblinks sind direkt im HTML sichtbar.","200","1","0","json_ld,pagination,js_app,host:ampersand.de","2026-06-19"
"weiland-partnerschaftsgesellschaft","Weiland Rechtsanwälte Partnerschaftsgesellschaft","weiland-rechtsanwaelte.de","https://weiland-rechtsanwaelte.de","llm_fallback","","unknown","request_error","SSLError","","0","0","","2026-06-19"
"scheja-und","Scheja und Partner Rechtsanwälte mbB","scheja-partner.de","https://scheja-partners.de/kanzlei/karriere/","dom","","unknown","ready","Joblinks sind direkt im HTML sichtbar.","200","1","0","json_ld,pagination,js_app,host:scheja-partners.de","2026-06-19"
"messerschmidt-dr-niedermeier-und-partmbb","Rechtsanwälte Messerschmidt, Dr. Niedermeier und Partner PartmbB","messerschmidt-kollegen.de","https://messerschmidt-kollegen.de/karriere/","reader_or_llm","","unknown","blocked","Seite wirkt geblockt oder leer fuer normale Requests.","200","0","0","json_ld,blocked,host:messerschmidt-kollegen.de","2026-06-19"
"aslanidis-kress-und-haecker-hollmann-partnerschaftsgesellschaft","Rechtsanwälte Aslanidis, Kress & Häcker-Hollmann Partnerschaftsgesellschaft mbB","akh-h.de","https://akh-h.de/stellenangebote/","embedded_json","","unknown","ready","Eingebettete strukturierte Jobdaten gefunden.","200","5","1","json_ld,blocked,host:akh-h.de","2026-06-19"
"ppr-und-pape-rauh","PPR & PARTNER Pape Rauh Rechtsanwälte Wirtschaftsprüfer Steuerberater PartG mbB","ppr-partner.de","https://ppr-partner.de/kanzlei/karriere/","dom","","unknown","ready","Joblinks sind direkt im HTML sichtbar.","200","1","0","host:ppr-partner.de","2026-06-19"
"metis","Metis","metis-legal.de","https://www.metis-legal.de/career","dom","","unknown","ready","Joblinks sind direkt im HTML sichtbar.","200","3","0","host:www.metis-legal.de","2026-06-19"
"lieb","Lieb Rechtsanwälte","lieb-online.com","https://www.lieb-online.com/stellenangebote/","dom","","unknown","ready","Joblinks sind direkt im HTML sichtbar.","200","12","0","host:www.lieb-online.com","2026-06-19"
"csw","CSW Rechtsanwälte","csw.partners","https://csw.partners/karriere/","playwright","","unknown","needs_browser","Seite wirkt JavaScript-/Pagination-getrieben.","200","0","0","json_ld,pagination,host:csw.partners","2026-06-19"
"kuettner","Küttner","kuettner-rechtsanwaelte.de","https://kuettner-rechtsanwaelte.de/kuettner/karriere","dom","","unknown","ready","Joblinks sind direkt im HTML sichtbar.","200","1","0","json_ld,pagination,host:kuettner-rechtsanwaelte.de","2026-06-19"
"jung-und-schleicher","Jung & Schleicher","js-law.de","https://www.js-law.de/karriere.html","dom","","unknown","ready","Joblinks sind direkt im HTML sichtbar.","200","3","0","host:www.js-law.de","2026-06-19"
"kahlert-padberg-fachanwaelte","Kahlert Padberg Rechtsanwälte Fachanwälte Partnerschaft mbB","kahlert-padberg.de","https://www.kahlert-padberg.de/karriere/","dom","","unknown","ready","Joblinks sind direkt im HTML sichtbar.","200","8","0","json_ld,pagination,host:www.kahlert-padberg.de","2026-06-19"
"henseler-und","Henseler & Partner Rechtsanwälte mbB","hp-legal.com","https://hp-legal.com/de_stellen.html","llm_fallback","","unknown","fallback","Keine Jobs im HTML/JSON erkannt.","200","0","0","host:hp-legal.com","2026-06-19"
"huth-dietrich-hahn-partnerschaftsgesellschaft","Huth Dietrich Hahn Rechtsanwälte Partnerschaftsgesellschaft mbB","hdh.net","https://hdh.net/karriere/","dom","","unknown","ready","Joblinks sind direkt im HTML sichtbar.","200","1","0","pagination,host:hdh.net","2026-06-19"
"fuhrmann-wallenfels-berlin-partnerschaftsgesellschaft","FUHRMANN WALLENFELS Berlin Rechtsanwälte Partnerschaftsgesellschaft mbB","fuhrmann-wallenfels.de","https://www.fuhrmann-wallenfels.de/karriere.html","dom","","unknown","ready","Joblinks sind direkt im HTML sichtbar.","200","7","0","json_ld,host:www.fuhrmann-wallenfels.de","2026-06-19"
"cornelius-krage","Cornelius + Krage Rechtsanwälte PartG mbB","cornelius-krage.de","https://cornelius-krage.de/karriere","dom","","unknown","ready","Joblinks sind direkt im HTML sichtbar.","200","8","0","host:cornelius-krage.de","2026-06-19"
"dolde-mayen-und-partnerschaftsgesellschaft","Dolde Mayen & Partner Rechtsanwälte Partnerschaftsgesellschaft mbB","doldemayen.de","https://doldemayen.de/karriere/","dom","","unknown","ready","Joblinks sind direkt im HTML sichtbar.","200","5","0","json_ld,pagination,host:doldemayen.de","2026-06-19"
"ehlermann-rindfleisch-gadow","Ehlermann Rindfleisch Gadow Rechtsanwälte Partnerschaft mbB","erg-legal.com","https://www.erg-legal.com/karriere","dom","","unknown","ready","Joblinks sind direkt im HTML sichtbar.","200","1","0","pagination,host:www.erg-legal.com","2026-06-19"
"c-k-s-s-carl-korn-stahl-strahl","c·k·s·s Carlé · Korn · Stahl · Strahl Partnerschaft mbB Rechtsanwälte Steuerberater","ckss.de","https://ckss.de/ueber-uns/karriere/","dom","","unknown","ready","Joblinks sind direkt im HTML sichtbar.","200","3","0","json_ld,load_more,pagination,blocked,host:ckss.de","2026-06-19"
"causaconcilio-koch-und","CausaConcilio Koch & Partner mbB Rechtsanwälte","causaconcilio.de","https://causaconcilio.de/karriere/","dom","","unknown","ready","Joblinks sind direkt im HTML sichtbar.","200","3","0","json_ld,pagination,js_app,host:causaconcilio.de","2026-06-19"
"bendel-und","Bendel & Partner Rechtsanwälte mbB","bendel-partner.de","https://bendel-partner.de/?page_id=609","llm_fallback","","unknown","request_error","HTTPError","","0","0","","2026-06-19"
"reuschlaw","reuschlaw","reuschlaw.de","https://www.reuschlaw.de/karriere/","reader_or_llm","","unknown","blocked","Seite wirkt geblockt oder leer fuer normale Requests.","200","0","0","json_ld,blocked,host:www.reuschlaw.de","2026-06-19"
"dr-schwarz-und","Dr. Schwarz & Partner","schwarzundpartner.de","https://www.schwarzpartners.de/karriere","embedded_json","","unknown","ready","Eingebettete strukturierte Jobdaten gefunden.","200","12","1","json_ld,pagination,host:www.schwarzpartners.de","2026-06-19"
"wirtz-und-kraneis","Wirtz & Kraneis Rechtsanwälte Partnerschaft mbB","wirtz-kraneis.com","https://wirtz-kraneis.com/karriere_rechtsreferendariat/","dom","","unknown","ready","Joblinks sind direkt im HTML sichtbar.","200","3","0","host:wirtz-kraneis.com","2026-06-19"
"schulte","Schulte","schulte-lawyers.com","https://www.schulte-lawyers.com/karriere","embedded_json","","unknown","ready","Eingebettete strukturierte Jobdaten gefunden.","200","9","1","json_ld,blocked,host:www.schulte-lawyers.com","2026-06-19"
"jahn-hettler","Jahn Hettler Rechtsanwälte PartG mbB","jahnhettler.de","https://jahnhettler.de/kanzlei/karriere/","embedded_json","","unknown","ready","Eingebettete strukturierte Jobdaten gefunden.","200","19","1","json_ld,pagination,host:jahnhettler.de","2026-06-19"
"hahn-und","Hahn und Partner","hahnundpartner.de","https://www.hahnundpartner.de/karriere/","dom","","unknown","ready","Joblinks sind direkt im HTML sichtbar.","200","3","0","host:www.hahnundpartner.de","2026-06-19"
"bub-memminger-und","BUB MEMMINGER & PARTNER","bubmemmingerpartner.de","https://bubmemmingerpartner.de/karriere","dom","","unknown","ready","Joblinks sind direkt im HTML sichtbar.","200","1","0","blocked,js_app,host:bubmemmingerpartner.de","2026-06-19"
"glade-michel-wirtz","Glade Michel Wirtz","glademichelwirtz.com","https://gmw-career.com/","dom","","unknown","ready","Joblinks sind direkt im HTML sichtbar.","200","1","0","json_ld,host:gmw-career.com","2026-06-19"
"home","Home","rechtsanwaelteszk.de","https://www.rechtsanwaelteszk.de/karriere/","llm_fallback","","unknown","fallback","Keine Jobs im HTML/JSON erkannt.","200","0","0","host:www.rechtsanwaelteszk.de","2026-06-19"
"ewald-und-roessing","Ewald & Rössing","ewaldroessing.de","https://www.businessinsider.de/karriere/interne-krisenkommunikation-diese-2-fehler-kosten-chefs-vertrauen/","dom","","unknown","ready","Joblinks sind direkt im HTML sichtbar.","200","3","0","json_ld,host:www.businessinsider.de","2026-06-19"
"busse-und-miessen-gbr","Busse & Miessen GbR","busse-miessen.de","https://www.busse-miessen.de/karriere/","dom","","unknown","ready","Joblinks sind direkt im HTML sichtbar.","200","1","0","json_ld,host:www.busse-miessen.de","2026-06-19"
"ahlers-und-vogel","Ahlers & Vogel","ahlers-vogel.de","https://www.ahlers-vogel.de/kanzlei/karriere/","dom","","unknown","ready","Joblinks sind direkt im HTML sichtbar.","200","6","0","pagination,blocked,host:www.ahlers-vogel.de","2026-06-19"
"andersen","Andersen Rechtsanwälte","de.andersen.com","https://de.andersen.com/karriere","embedded_json","","unknown","ready","Eingebettete strukturierte Jobdaten gefunden.","200","0","2","json_ld,host:de.andersen.com","2026-06-19"
"jakoby","Jakoby","jakoby-baumhof.de","https://jakoby-baumhof.de/jobs-rothenburg/","dom","","unknown","ready","Joblinks sind direkt im HTML sichtbar.","200","6","0","pagination,js_app,host:jakoby-baumhof.de","2026-06-19"
"grant-thornton","Grant Thornton AG","grantthornton.de","https://www.grantthornton.de/karriere/","embedded_json","","unknown","ready","Eingebettete strukturierte Jobdaten gefunden.","200","1","1","json_ld,blocked,host:www.grantthornton.de","2026-06-19"
"df-mp-doerries-frank-molnia-und-pohlman-patentanwaelte","df-mp Dörries Frank-Molnia & Pohlman Patentanwälte Rechtsanwälte PartG mbB","df-mp.com","https://job.df-mp.com","llm_fallback","","unknown","fallback","Keine Jobs im HTML/JSON erkannt.","200","0","0","host:job.df-mp.com","2026-06-19"
"erlanger-treuhand","Erlanger Treuhand","erlanger-treuhand.de","https://erlanger-treuhand.de/karriere","dom","","unknown","ready","Joblinks sind direkt im HTML sichtbar.","200","11","0","json_ld,pagination,host:erlanger-treuhand.de","2026-06-19"
"hlb-klein-moenstermann","HLB Klein Mönstermann","kmp-gruppe.de","https://kmp-gruppe.de/karriere/","dom","","unknown","ready","Joblinks sind direkt im HTML sichtbar.","200","13","0","json_ld,host:kmp-gruppe.de","2026-06-19"
"leo-schmidt-hollburg-witte-und-frank","Leo Schmidt-Hollburg Witte & Frank","lswf.de","https://www.lswf.de/de/karriere/","dom","","unknown","ready","Joblinks sind direkt im HTML sichtbar.","200","3","0","json_ld,host:www.lswf.de","2026-06-19"
"mulansky-kollegen","Mulansky +Kollegen","mulansky.de","https://www.mulansky.de/karriere/","dom","","unknown","ready","Joblinks sind direkt im HTML sichtbar.","200","2","0","json_ld,host:www.mulansky.de","2026-06-19"
"die-lawgentur","Die Lawgentur","lawgentur.de","https://www.lawgentur.de/stellenanzeigen/","dom","","unknown","ready","Joblinks sind direkt im HTML sichtbar.","200","2","0","json_ld,load_more,pagination,blocked,host:www.lawgentur.de","2026-06-19"
"grundwerk","GRUNDWERK Legal","grundwerk.legal","https://grundwerk.legal","dom","","unknown","ready","Joblinks sind direkt im HTML sichtbar.","200","1","0","json_ld,host:grundwerk.legal","2026-06-19"
"baer-und-guertler","Baer & Gürtler","baer-guertler.de","https://www.baer-guertler.de/karriere/","dom","","unknown","ready","Joblinks sind direkt im HTML sichtbar.","200","3","0","json_ld,blocked,host:www.baer-guertler.de","2026-06-19"
"kopp-assenmacher","Kopp-Assenmacher","kopp-assenmacher.de","https://kopp-assenmacher.de/de/files/upload/karriere/Stellenausschreibungen-Rechtsanwalt.pdf","llm_fallback","","unknown","request_error","HTTPError","","0","0","","2026-06-19"
"reissner-ernst","Reissner Ernst","reissner-ernst.de","https://reissner-ernst.de","llm_fallback","","unknown","request_error","SSLError","","0","0","","2026-06-19"
"pkf-nuernberg","PKF Nürnberg","pkf-nuernberg.de","https://www.pkf-nuernberg.de/karriere","dom","","unknown","ready","Joblinks sind direkt im HTML sichtbar.","200","4","0","json_ld,js_app,host:www.pkf-nuernberg.de","2026-06-19"
"ssh-de","ssh-law.de","ssh-law.de","https://ssh-law.de/karriere","llm_fallback","","unknown","fallback","Keine Jobs im HTML/JSON erkannt.","200","0","0","host:ssh-law.de","2026-06-19"
"taxess","Taxess","taxess.de","https://taxess.de","playwright","","unknown","needs_browser","Seite wirkt JavaScript-/Pagination-getrieben.","200","0","0","json_ld,pagination,js_app,host:www.taxess.de","2026-06-19"
"bfp-bruno-fraas-und","BFP Bruno Fraas & Partner","bf-p.de","https://bf-p.de/karriere/","dom","","unknown","ready","Joblinks sind direkt im HTML sichtbar.","200","3","0","json_ld,pagination,blocked,host:bf-p.de","2026-06-19"
"eos-ksi-inkasso","EOS KSI Inkasso","eos-direct.de/","https://www.eos-direct.de/karriere/","playwright","","unknown","needs_browser","Seite wirkt JavaScript-/Pagination-getrieben.","200","0","0","load_more,pagination,host:www.eos-direct.de","2026-06-19"
"shnf","SHNF","shnf.de","https://shnf.de/karriere/","dom","","unknown","ready","Joblinks sind direkt im HTML sichtbar.","200","1","0","json_ld,pagination,js_app,host:shnf.de","2026-06-19"
"crowe","Crowe","crowe-ffm.de","https://www.crowe.com/de/hsa/karriere","dom","","unknown","ready","Joblinks sind direkt im HTML sichtbar.","200","2","0","json_ld,blocked,host:www.crowe.com","2026-06-19"
"hf-steuerberatung","HF Steuerberatung","hf-steuerberatung.de","https://hf-begeistert.de/karriere/","dom","","unknown","ready","Joblinks sind direkt im HTML sichtbar.","200","2","0","pagination,blocked,js_app,host:hf-begeistert.de","2026-06-19"
"rueter","Rüter Partner","rueterpartner.de","https://rueterpartner.de","llm_fallback","","unknown","request_error","ConnectTimeout","","0","0","","2026-06-19"
"aios","aios","aiostax.de","https://aiostax.de","llm_fallback","","unknown","request_error","SSLError","","0","0","","2026-06-19"
"acconsis","acconsis","acconsis.de","https://www.acconsis.de/karriere-bei-acconsis/","dom","","unknown","ready","Joblinks sind direkt im HTML sichtbar.","200","5","0","json_ld,pagination,blocked,host:www.acconsis.de","2026-06-19"
"ppn","ppn-partnerschaft","ppn-partnerschaft.de","https://www.ppn-partnerschaft.de/karriere/","embedded_json","","unknown","ready","Eingebettete strukturierte Jobdaten gefunden.","200","14","2","json_ld,pagination,blocked,host:www.ppn-partnerschaft.de","2026-06-19"
"avericon","avericon","avericon.de","https://avericon.de","llm_fallback","","unknown","request_error","SSLError","","0","0","","2026-06-19"
"graf-detzer","graf detzer","graf-detzer.de","https://www.rechtsanwalts-kanzlei-wolfratshausen.de/kanzlei/karriere/","embedded_json","","unknown","ready","Eingebettete strukturierte Jobdaten gefunden.","200","5","1","json_ld,pagination,host:www.rechtsanwalts-kanzlei-wolfratshausen.de","2026-06-19"
"schneidewind","schneidewind","schneidewind.legal","https://www.schneidewind.legal/jobs.html","dom","","unknown","ready","Joblinks sind direkt im HTML sichtbar.","200","3","0","host:www.schneidewind.legal","2026-06-19"
"ziegler","ziegler","steuern-ziegler.com","https://steuern-ziegler.com","llm_fallback","","unknown","request_error","SSLError","","0","0","","2026-06-19"
"gerken","gerken","gerken-net.de","https://gerken-net.de","llm_fallback","","unknown","request_error","SSLError","","0","0","","2026-06-19"
"schliemann","schliemann","schliemann-rae.de","https://schliemann-rechtsanwaelte.de/karriere","dom","","unknown","ready","Joblinks sind direkt im HTML sichtbar.","200","4","0","json_ld,pagination,blocked,host:schliemann-rechtsanwaelte.de","2026-06-19"
"auracher","auracher","kanzlei-auracher.de","https://kanzlei-auracher.de","llm_fallback","","unknown","request_error","SSLError","","0","0","","2026-06-19"
"knh-frankfurt","knh frankfurt","knh-frankfurt.de","https://www.knh-rechtsanwaelte.de/karriere/","dom","","unknown","ready","Joblinks sind direkt im HTML sichtbar.","200","2","0","host:www.knh-rechtsanwaelte.de","2026-06-19"
"acoute","acoute","acoute.de","https://acoute.de","llm_fallback","","unknown","request_error","ConnectionError","","0","0","","2026-06-19"
"bms-recht","bms-recht","bms-recht.de","https://bms-recht.de","llm_fallback","","unknown","request_error","SSLError","","0","0","","2026-06-19"
"geyer-bochum","geyer-bochum","geyer-bochum.de","https://geyer-bochum.de","llm_fallback","","unknown","request_error","SSLError","","0","0","","2026-06-19"
"ra-stoecker","ra-stoecker","ra-stoecker.de","https://ra-stoecker.de","llm_fallback","","unknown","request_error","SSLError","","0","0","","2026-06-19"
"dimpfl-und-kollegen","Dimpfl und Kollegen","kanzlei.direct","https://kanzlei.direct","llm_fallback","","unknown","request_error","SSLError","","0","0","","2026-06-19"
"brs","brs legal","brs-legal.de","https://brs-legal.de","llm_fallback","","unknown","request_error","ConnectionError","","0","0","","2026-06-19"
"sms-und-r","SMS&R","steuerberatung-hh.de","https://steuerberatung-sms.dein-karriere-portal.de/","llm_fallback","","unknown","request_error","HTTPError","","0","0","","2026-06-19"
"schaal-roessle","schaal roessle notare","schaal-roessle.de","https://schaal-roessle.com/karriere/","dom","","unknown","ready","Joblinks sind direkt im HTML sichtbar.","200","6","0","pagination,host:schaal-roessle.com","2026-06-19"
"acarius","Acarius","acarius.de","https://acarius.de/karriere/","dom","","unknown","ready","Joblinks sind direkt im HTML sichtbar.","200","4","0","json_ld,host:acarius.de","2026-06-19"
"aktuell-lohnsteuerhilfeverein-e-v","Aktuell Lohnsteuerhilfeverein e.V.","aktuell-verein.de","https://www.aktuell-verein.de/karriere/","embedded_json","","unknown","ready","Eingebettete strukturierte Jobdaten gefunden.","200","22","1","json_ld,pagination,host:www.aktuell-verein.de","2026-06-19"
"alr-treuhand","ALR Treuhand","alr-treuhand.de","https://alr-treuhand.de/ihre-karrierechancen/#jobs","dom","","unknown","ready","Joblinks sind direkt im HTML sichtbar.","200","3","0","json_ld,pagination,blocked,js_app,host:alr-treuhand.de","2026-06-19"
"alvarez-und-marsal-deutschland","Alvarez & Marsal Deutschland","alvarezandmarsal.com","https://alvarezandmarsal.com","llm_fallback","","unknown","request_error","ConnectionError","","0","0","","2026-06-19"
"auren-deutschland","Auren Deutschland","auren.de","https://auren.com/de/karriere/","dom","","unknown","ready","Joblinks sind direkt im HTML sichtbar.","200","9","0","json_ld,pagination,blocked,host:auren.com","2026-06-19"
"awi-treuhand","AWI TREUHAND","awi-treuhand.de","https://awi-treuhand.de","llm_fallback","","unknown","request_error","HTTPError","","0","0","","2026-06-19"
"b-und-k","B&K","buk-kanzlei.de","https://buk-kanzlei.de/karriere/","dom","","unknown","ready","Joblinks sind direkt im HTML sichtbar.","200","3","0","json_ld,pagination,blocked,js_app,host:buk-kanzlei.de","2026-06-19"
"ba-group","Ba Group","ba-group.de","https://ba-group.de","llm_fallback","","unknown","fallback","Keine Jobs im HTML/JSON erkannt.","200","0","0","host:ba-group.de","2026-06-19"
"becherer-carl-scherf-und","Becherer ∙ Carl ∙ Scherf & Partner","steuerleicht.de","https://www.steuerleicht.de/#offcanvas_menu_e215","embedded_json","","unknown","ready","Eingebettete strukturierte Jobdaten gefunden.","200","18","6","json_ld,pagination,blocked,host:www.steuerleicht.de","2026-06-19"
"berata","BERATA GmbH","bbjmail.de","https://bbjmail.de","llm_fallback","","unknown","fallback","Keine Jobs im HTML/JSON erkannt.","200","0","0","host:www.bbjmail.de","2026-06-19"
"btu-beraterpartner","btu beraterpartner","btu-beraterpartner.com","https://www.btu-beraterpartner-karriere.de/","dom","","unknown","ready","Joblinks sind direkt im HTML sichtbar.","200","1","0","host:btu-beraterpartner-karriere.de","2026-06-19"
"bzg-und","BZG & Partner mbB","bzg-partner.de","https://www.bzg-partner.de/karriere/","dom","","unknown","ready","Joblinks sind direkt im HTML sichtbar.","200","14","0","json_ld,pagination,host:www.bzg-partner.de","2026-06-19"
"christes","Christes","christes.de","https://www.christes.de/karriere/","dom","","unknown","ready","Joblinks sind direkt im HTML sichtbar.","200","3","0","json_ld,blocked,host:www.christes.de","2026-06-19"
"cwtp","CWTP","cwtp.de","https://cwtp.de/digitalisierung-schnittstellen/","dom","","unknown","ready","Joblinks sind direkt im HTML sichtbar.","200","5","0","json_ld,host:cwtp.de","2026-06-19"
"deimel-steuerberatungsgesellschaft","Deimel Steuerberatungsgesellschaft","deimel.com","https://www.deimel.com/karriere/","embedded_json","","unknown","ready","Eingebettete strukturierte Jobdaten gefunden.","200","18","1","json_ld,load_more,pagination,blocked,host:www.deimel.com","2026-06-19"
"dhw-steuerberatungsgesellschaft","DHW Steuerberatungsgesellschaft","dhw-stb.de","https://www.dhw-stb.de/karriere-jobs/","embedded_json","","unknown","ready","Eingebettete strukturierte Jobdaten gefunden.","200","1","1","json_ld,pagination,blocked,js_app,host:www.dhw-stb.de","2026-06-19"
"domus-consult-wirtschaftsberatungsgesellschaft-mbh","DOMUS Consult Wirtschaftsberatungsgesellschaft mbH","domusconsult.de","https://www.domusconsult.de/jobs/","dom","","unknown","ready","Joblinks sind direkt im HTML sichtbar.","200","2","0","json_ld,host:www.domusconsult.de","2026-06-19"
"dr-schmidt-und","Dr. Schmidt und Partner","dr-sup.de","https://www.dr-sup.de/karriere","embedded_json","","unknown","ready","Eingebettete strukturierte Jobdaten gefunden.","200","4","1","nuxt,json_ld,js_app,host:www.dr-sup.de","2026-06-19"
"ecovis-rts","ECOVIS RTS","ecovis-rts.de","https://www.ecovis-rts.de/#","embedded_json","","unknown","ready","Eingebettete strukturierte Jobdaten gefunden.","200","13","1","json_ld,pagination,blocked,host:www.ecovis-rts.de","2026-06-19"
"ehlers-und-schaefer","Ehlers & Schaefer","ehlers-schaefer.de","https://www.ehlers-schaefer.de/karriere/","embedded_json","","unknown","ready","Eingebettete strukturierte Jobdaten gefunden.","200","7","2","json_ld,host:www.ehlers-schaefer.de","2026-06-19"
"fpp-steuerberatung","fpp Steuerberatung","fpp-steuerberater.de","https://www.fpp-steuerberater.de/wir_suchen/","dom","","unknown","ready","Joblinks sind direkt im HTML sichtbar.","200","14","0","json_ld,host:www.fpp-steuerberater.de","2026-06-19"
"franz","franz + partner rechtsanwälte","franzplus.de","https://www.franzplus.de/karriere/","dom","","unknown","ready","Joblinks sind direkt im HTML sichtbar.","200","1","0","json_ld,pagination,host:www.franzplus.de","2026-06-19"
"fuersattel-und-collegen","Fürsattel & Collegen","fuersattel.de","https://www.fuersattel.de/karriere/","dom","","unknown","ready","Joblinks sind direkt im HTML sichtbar.","200","6","0","json_ld,blocked,host:www.fuersattel.de","2026-06-19"
"gem-gruppe","Gem-Gruppe","gem-gruppe.de","https://www.gem-gruppe.de/team?source=level1nav","dom","","unknown","ready","Joblinks sind direkt im HTML sichtbar.","200","3","0","json_ld,host:www.gem-gruppe.de","2026-06-19"
"gob","GOB","gob-stbg.de","https://karriere.gob-stbg.de/index_ger.html","dom","","unknown","ready","Joblinks sind direkt im HTML sichtbar.","200","6","0","json_ld,blocked,host:karriere.gob-stbg.de","2026-06-19"
"hannack-und","Hannack & Partner Steuerberater | Rechtsanwälte","zm.dein-karriere-portal.de","https://zm.dein-karriere-portal.de","embedded_json","","unknown","ready","Eingebettete strukturierte Jobdaten gefunden.","200","0","1","json_ld,pagination,blocked,js_app,host:zm.dein-karriere-portal.de","2026-06-19"
"hartmann-steuerberatung","HARTMANN STEUERBERATUNG","hartmann-steuerberatung.com","https://hartmann-steuerberatung.com/karriere/","dom","","unknown","ready","Joblinks sind direkt im HTML sichtbar.","200","1","0","pagination,js_app,host:hartmann-steuerberatung.com","2026-06-19"
"hcp-berater","HCP Berater","hcp-berater.de","https://hcp-berater.de/career","dom","","unknown","ready","Joblinks sind direkt im HTML sichtbar.","200","6","0","json_ld,host:hcp-berater.de","2026-06-19"
"hps","HPS","hps-consulting.de","https://www.hps-consulting.de/karriere/","dom","","unknown","ready","Joblinks sind direkt im HTML sichtbar.","200","6","0","json_ld,blocked,host:www.hps-consulting.de","2026-06-19"
"hsp","hsp PartG mbB","hsppartner.de","https://hsppartner.de/karriere/","dom","","unknown","ready","Joblinks sind direkt im HTML sichtbar.","200","3","0","json_ld,pagination,blocked,js_app,host:hsppartner.de","2026-06-19"
"koenigstrasse-koester-und-kollegen-fachanwaelte","Kanzlei Königstraße Köster & Kollegen Rechtsanwälte Fachanwälte Steuerberater","kanzlei-koenigstrasse.de","https://kanzlei-koenigstrasse.de","llm_fallback","","unknown","request_error","SSLError","","0","0","","2026-06-19"
"stenner","kanzlei-stenner","kanzlei-stenner.de","https://kanzlei-stenner.de/karriere/","dom","","unknown","ready","Joblinks sind direkt im HTML sichtbar.","200","4","0","json_ld,blocked,js_app,host:kanzlei-stenner.de","2026-06-19"
"komning","KOMNING Rechtsanwälte","komning.com","https://komning.com","dom","","unknown","ready","Joblinks sind direkt im HTML sichtbar.","200","3","0","blocked,host:www.komning.com","2026-06-19"
"komtax","KOMTAX","komtax.de","https://komtax-stb.deine-wunschkanzlei.de/","embedded_json","","unknown","ready","Eingebettete strukturierte Jobdaten gefunden.","200","0","1","json_ld,pagination,blocked,js_app,host:komtax-stb.deine-wunschkanzlei.de","2026-06-19"
"kpmg","KPMG","kmpro-muc.de","https://kmpro-muc.de/karriere/","reader_or_llm","","unknown","blocked","Seite wirkt geblockt oder leer fuer normale Requests.","200","0","0","json_ld,blocked,host:kmpro-muc.de","2026-06-19"
"ksp","KSP","ksp.tax","https://www.ksp.tax/karriere/","dom","","unknown","ready","Joblinks sind direkt im HTML sichtbar.","200","2","0","json_ld,pagination,blocked,host:www.ksp.tax","2026-06-19"
"kubon","Kubon Rechtsanwälte","kubon-rae.de","https://kubon-rae.de","dom","","unknown","ready","Joblinks sind direkt im HTML sichtbar.","200","3","0","pagination,host:www.kubon-rae.de","2026-06-19"
"lehnen-und","Lehnen & Partner","lehnen-partner.de","https://lehnen-partner.de/karriere/","dom","","unknown","ready","Joblinks sind direkt im HTML sichtbar.","200","19","0","json_ld,pagination,blocked,js_app,host:lehnen-partner.de","2026-06-19"
"lgg-steuer","LGG Steuer","lgg-steuer.de","https://lgg-steuer.de/karriere","dom","","unknown","ready","Joblinks sind direkt im HTML sichtbar.","200","6","0","js_app,host:lgg-steuer.de","2026-06-19"
"lpa","LPA Law","lpalaw.tax","https://lpalaw.tax/karriere/","dom","","unknown","ready","Joblinks sind direkt im HTML sichtbar.","200","7","0","json_ld,load_more,pagination,blocked,host:lpalaw.tax","2026-06-19"
"lws","LWS Steuerberater","lws-steuerberater.de","https://lws-steuerberater.de/karriere/","dom","","unknown","ready","Joblinks sind direkt im HTML sichtbar.","200","6","0","blocked,js_app,host:lws-steuerberater.de","2026-06-19"
"magdeburger-treuhand","Magdeburger Treuhand","mdth.de","https://www.mdth.de/de/de/karriere.html","llm_fallback","","unknown","request_error","HTTPError","","0","0","","2026-06-19"
"meyerpartner","MeyerPartner","meypa.de","https://www.meypa.de/karriere","dom","","unknown","ready","Joblinks sind direkt im HTML sichtbar.","200","4","0","json_ld,pagination,blocked,host:www.meypa.de","2026-06-19"
"moore-tk","Moore TK","moore-tk.com","https://moore-tk.de/karriere/","dom","","unknown","ready","Joblinks sind direkt im HTML sichtbar.","200","7","0","json_ld,load_more,pagination,blocked,js_app,host:moore-tk.de","2026-06-19"
"naust-hunecke","NAUST HUNECKE","nhup.de","https://naust.de/karriere/","dom","","unknown","ready","Joblinks sind direkt im HTML sichtbar.","200","5","0","json_ld,pagination,blocked,host:www.naust.de","2026-06-19"
"nielsen-wiebe-und","Nielsen ∙ Wiebe & Partner","nwup.de","https://jobs.nwup.de/","embedded_json","","unknown","ready","Eingebettete strukturierte Jobdaten gefunden.","200","7","1","json_ld,host:jobs.nwup.de","2026-06-19"
"octa-steuerberatung","OCTA Steuerberatung","octa-stb.de","https://www.octa-stb.de/karriere/","dom","","unknown","ready","Joblinks sind direkt im HTML sichtbar.","200","1","0","json_ld,load_more,pagination,host:www.octa-stb.de","2026-06-19"
"pelchrzim","pelchrzim","pelchrzim.de","https://pelchrzim.de","dom","","unknown","ready","Joblinks sind direkt im HTML sichtbar.","200","2","0","pagination,js_app,host:www.pelchrzim.de","2026-06-19"
"petersenpartners","petersenpartners","petersenpartners.de","https://petersenpartners.de/de/ueber-uns/karriere/","dom","","unknown","ready","Joblinks sind direkt im HTML sichtbar.","200","4","0","host:petersenpartners.de","2026-06-19"
"pieper-und","Pieper & Partner","pieper-partner.de","https://www.pieper-partner.de/karriere/","dom","","unknown","ready","Joblinks sind direkt im HTML sichtbar.","200","3","0","json_ld,pagination,blocked,host:www.pieper-partner.de","2026-06-19"
"pkf-ivt","PKF IVT","pkfivt.de","https://www.pkfivt.de/karriere","dom","","unknown","ready","Joblinks sind direkt im HTML sichtbar.","200","6","0","json_ld,pagination,blocked,js_app,host:www.pkfivt.de","2026-06-19"
"planaris","Planaris","planaris.de","https://www.planaris.de/karriere/","dom","","unknown","ready","Joblinks sind direkt im HTML sichtbar.","200","4","0","json_ld,pagination,js_app,host:www.planaris.de","2026-06-19"
"ringtreuhand","Ringtreuhand","ringtreuhand.de","https://karriere.rgteam.de/","dom","","unknown","ready","Joblinks sind direkt im HTML sichtbar.","200","7","0","json_ld,pagination,blocked,host:karriere.rgteam.de","2026-06-19"
"rkv","RKV","rkv-steuern.de","https://rkv-steuern.de/karriere/","dom","","unknown","ready","Joblinks sind direkt im HTML sichtbar.","200","6","0","blocked,host:rkv-steuern.de","2026-06-19"
"roggelin-und","Roggelin & Partner","roggelin.de","https://www.roggelin.de/sozietaet/karriere/","dom","","unknown","ready","Joblinks sind direkt im HTML sichtbar.","200","52","0","host:www.roggelin.de","2026-06-19"
"rsg-gera","RSG Gera","rsg-gera.de","https://www.rsg-gera.de/karriere","llm_fallback","","unknown","fallback","Keine Jobs im HTML/JSON erkannt.","200","0","0","host:www.rsg-gera.de","2026-06-19"
"siemer","SIEMER + PARTNER","siemerundpartner.de","https://www.siemerundpartner.de/karriere/","dom","","unknown","ready","Joblinks sind direkt im HTML sichtbar.","200","10","0","json_ld,pagination,blocked,js_app,host:www.siemerundpartner.de","2026-06-19"
"sks-steuerberatung","SKS-Steuerberatung","sks-stb.de","https://sks-stb.de/jobs/","dom","","unknown","ready","Joblinks sind direkt im HTML sichtbar.","200","4","0","json_ld,pagination,blocked,js_app,host:sks-stb.de","2026-06-19"
"staib","staib-partner","staib-partner.de","https://staib-partner.de","llm_fallback","","unknown","fallback","Keine Jobs im HTML/JSON erkannt.","200","0","0","host:staib-partner.de","2026-06-19"
"steueragenten","Steueragenten","steueragenten.de","https://www.steueragenten.de/karriere/","embedded_json","","unknown","ready","Eingebettete strukturierte Jobdaten gefunden.","200","16","1","json_ld,host:www.steueragenten.de","2026-06-19"
"dr-d-eschler-e-wetzig","Steuerberater Dr. D. Eschler E. Wetzig","eschler-wetzig.de","https://eschler-wetzig.de/karriere.htm","llm_fallback","","unknown","fallback","Keine Jobs im HTML/JSON erkannt.","200","0","0","host:eschler-wetzig.de","2026-06-19"
"online","Steuerberater Online","der-online-steuerberater.de","https://der-online-steuerberater.de/karriere/","dom","","unknown","ready","Joblinks sind direkt im HTML sichtbar.","200","8","0","blocked,js_app,host:der-online-steuerberater.de","2026-06-19"
"steuerberatung-soerensen","Steuerberatung Sörensen","steuerberatung-soerensen.de","https://steuerberatung-soerensen.de/karriere/","dom","","unknown","ready","Joblinks sind direkt im HTML sichtbar.","200","1","0","pagination,blocked,js_app,host:steuerberatung-soerensen.de","2026-06-19"
"steuerberatung-thomas-breit","Steuerberatung Thomas Breit","steuerberatung-breit.de","https://steuerberatung-breit.de","embedded_json","","unknown","ready","Eingebettete strukturierte Jobdaten gefunden.","200","27","3","json_ld,pagination,blocked,js_app,host:www.steuerberatung-breit.de","2026-06-19"
"steuerrat","Steuerrat","steuerrat-stb.de","https://karriere.steuerrat-stb.de/","dom","","unknown","ready","Joblinks sind direkt im HTML sichtbar.","200","1","0","pagination,js_app,host:karriere.steuerrat-stb.de","2026-06-19"
"swmp","SWMP","swmp.eu","https://swmp.eu/karriere/","dom","","unknown","ready","Joblinks sind direkt im HTML sichtbar.","200","14","0","json_ld,host:swmp.eu","2026-06-19"
"tlc","TLC GmbH","tlc.ag","https://tlc.kanzleitalente.de","embedded_json","","unknown","ready","Eingebettete strukturierte Jobdaten gefunden.","200","0","1","json_ld,pagination,blocked,js_app,host:tlc.kanzleitalente.de","2026-06-19"
"ttp","ttp","ttp.de","https://www.ttp.de/karriere","embedded_json","","unknown","ready","Eingebettete strukturierte Jobdaten gefunden.","200","26","2","json_ld,pagination,js_app,host:www.ttp.de","2026-06-19"
"vesting-und","Vesting & Partner","vesting-stb.de","https://vesting-stb.de/karriere/","dom","","unknown","ready","Joblinks sind direkt im HTML sichtbar.","200","7","0","json_ld,blocked,host:vesting-stb.de","2026-06-19"
"winkler-und-kollegen-steuerberatungsgesellschaft-mbh","WINKLER & KOLLEGEN Steuerberatungsgesellschaft mbH","winkler-kollegen.de","https://www.winkler-kollegen.de/de/karriere/ihre_vorteile/","dom","","unknown","ready","Joblinks sind direkt im HTML sichtbar.","200","5","0","json_ld,host:www.winkler-kollegen.de","2026-06-19"
"wortmann-und-und-co","Wortmann & Partner & Co. KG","wortmannpartner.de","https://www.wortmannpartner.de/karriere","playwright","","unknown","needs_browser","Seite wirkt JavaScript-/Pagination-getrieben.","200","0","0","pagination,js_app,host:www.wortmannpartner.de","2026-06-19"
"zawi-treuhand","Zawi Treuhand","zawi-treuhand.de","https://zawi-treuhand.de/karriere/","playwright","","unknown","needs_browser","Seite wirkt JavaScript-/Pagination-getrieben.","200","0","0","json_ld,pagination,blocked,js_app,host:zawi-treuhand.de","2026-06-19"
"ziel-voraus-in-luebeck-und-remote-ueberall","Ziel voraus Steuerberater in Lübeck und remote überall","ziel-voraus.de","https://ziel-voraus.de/jobs/","dom","","unknown","ready","Joblinks sind direkt im HTML sichtbar.","200","1","0","json_ld,load_more,pagination,host:ziel-voraus.de","2026-06-19"
"gollhofer-weidlich-leser","Gollhofer Weidlich Leser","ra-gwl.de","https://www.ra-gwl.de/aktuelles/karriere-ausbildung/","dom","","unknown","ready","Joblinks sind direkt im HTML sichtbar.","200","9","0","json_ld,pagination,blocked,host:www.ra-gwl.de","2026-06-19"
"ziegler-steuerkanzlei","Ziegler Steuerkanzlei","steuern-ziegler.de","https://steuern-ziegler.de/stellenangebote/","dom","","unknown","ready","Joblinks sind direkt im HTML sichtbar.","200","1","0","pagination,host:steuern-ziegler.de","2026-06-19"
"goebel-und","Göbel & Partner","recht-gp.de","https://strafverteidiger-gp.de/strafverteidiger/jobst-harald-kriebitzsch","embedded_json","","unknown","ready","Eingebettete strukturierte Jobdaten gefunden.","200","3","1","json_ld,js_app,host:strafverteidiger-gp.de","2026-06-19"
"zebra-embassy","Zebra Embassy","zebra-embassy.com","https://www.zebra-embassy.com/career","playwright","","unknown","needs_browser","Seite wirkt JavaScript-/Pagination-getrieben.","200","0","0","blocked,js_app,host:www.zebra-embassy.com","2026-06-19"
"igz-e-v","iGZ e.V.","ig-zeitarbeit.de","https://personaldienstleister.de/der-gvp/karriere/","dom","","unknown","ready","Joblinks sind direkt im HTML sichtbar.","200","4","0","json_ld,pagination,blocked,js_app,host:personaldienstleister.de","2026-06-19"
"bundesrechtsanwaltskammer","Bundesrechtsanwaltskammer","brak.de","https://www.brak.de/jobboerse/stellenangebote-fuer-rechtsanwaelte/","dom","","unknown","ready","Joblinks sind direkt im HTML sichtbar.","200","71","0","js_app,host:www.brak.de","2026-06-19"
"gross-rechtsanwaltsgesellschaft-mbh","GROSS Rechtsanwaltsgesellschaft mbH","gross.team","https://www.gross.team/karriere","dom","","unknown","ready","Joblinks sind direkt im HTML sichtbar.","200","1","0","json_ld,host:www.gross.team","2026-06-19"
"feigen-graf-partnerschaftsgesellschaft","Feigen · Graf Rechtsanwälte Partnerschaftsgesellschaft mbB","feigen-graf.de","https://feigen-graf.de/stellenangebote/rechtsreferendarin/","playwright","","unknown","needs_browser","Seite wirkt JavaScript-/Pagination-getrieben.","200","0","0","js_app,host:feigen-graf.de","2026-06-19"
"aderhold","Aderhold","aderhold.de","https://www.aderhold.de/karriere","embedded_json","","unknown","ready","Eingebettete strukturierte Jobdaten gefunden.","200","19","1","json_ld,host:www.aderhold.de","2026-06-19"
"prof-dr-k-schwantag-dr-p-kraushaar","Prof. Dr. K. Schwantag ∙ Dr. P. Kraushaar GmbH","sk-berater.com","https://www.sk-berater.com/karriere/","embedded_json","","unknown","ready","Eingebettete strukturierte Jobdaten gefunden.","200","22","2","json_ld,blocked,host:www.sk-berater.com","2026-06-19"
"rae-schindler-de","rae-schindler.de","rae-schindler.de","https://www.rae-schindler.com","embedded_json","","unknown","ready","Eingebettete strukturierte Jobdaten gefunden.","200","1","1","json_ld,pagination,blocked,js_app,host:www.rae-schindler.com","2026-06-19"
"schindler","Schindler","schindler-legal.de","https://schindler-legal.de","llm_fallback","","unknown","request_error","ConnectionError","","0","0","","2026-06-19"
"weyer","Weyer Legal","weyerlegal.com","https://weyerlegal.com/karriere/","dom","","unknown","ready","Joblinks sind direkt im HTML sichtbar.","200","4","0","json_ld,blocked,host:weyerlegal.com","2026-06-19"
"dr-jockisch","Dr. Jockisch","kanzlei-jockisch.de","https://kanzlei-jockisch.de","llm_fallback","","unknown","request_error","ConnectionError","","0","0","","2026-06-19"
"ax-vergaberecht","Ax Vergaberecht","ax-vergaberecht.de","https://ax-vergaberecht.de/karriere/","dom","","unknown","ready","Joblinks sind direkt im HTML sichtbar.","200","3","0","json_ld,pagination,js_app,host:ax-vergaberecht.de","2026-06-19"
"dietrich-graf-zedtwitz","Dietrich Graf Zedtwitz","dietrich-grafzedtwitz.com","https://dietrich-grafzedtwitz.com","playwright","","unknown","needs_browser","Seite wirkt JavaScript-/Pagination-getrieben.","200","0","0","json_ld,pagination,blocked,js_app,host:dietrich-grafzedtwitz.com","2026-06-19"
"gerling","Kanzlei Gerling","kanzlei-gerling.de","https://www.kanzlei-gerling.de/karriere/","dom","","unknown","ready","Joblinks sind direkt im HTML sichtbar.","200","10","0","json_ld,blocked,host:www.kanzlei-gerling.de","2026-06-19"
"akin","Kanzlei Akin","kanzlei-akin.de","https://www.kanzlei-akin.de/stellenangebote/","dom","","unknown","ready","Joblinks sind direkt im HTML sichtbar.","200","1","0","json_ld,pagination,js_app,host:www.kanzlei-akin.de","2026-06-19"
"kapitza","Kanzlei Kapitza","kanzlei-kapitza.de","https://kanzlei-kapitza.de","dom","","unknown","ready","Joblinks sind direkt im HTML sichtbar.","200","4","0","blocked,host:kanzlei-kapitza.de","2026-06-19"
"rolf-tempelhoff","Rolf Tempelhoff","womf-rechtsanwaelte.de","https://womf-rechtsanwaelte.de","llm_fallback","","unknown","request_error","SSLError","","0","0","","2026-06-19"
"markus-fischer","Markus Fischer Rechtsanwalt","recht-mg.de","https://recht-mg.de","llm_fallback","","unknown","fallback","Keine Jobs im HTML/JSON erkannt.","200","0","0","host:recht-mg.de","2026-06-19"
"resnova","ResNova","resnova.de","https://www.resnova.de/ueber-uns/karriere/","dom","","unknown","ready","Joblinks sind direkt im HTML sichtbar.","200","4","0","json_ld,pagination,host:www.resnova.de","2026-06-19"
"brautlecht","Brautlecht + Partner","brautlecht-partner.de","https://brautlecht-partner.de","llm_fallback","","unknown","fallback","Keine Jobs im HTML/JSON erkannt.","200","0","0","host:www.brautlecht-partner.de","2026-06-19"
"liebig","LIEBIG","inso-liebig.de","https://inso-liebig.de/karriere/","llm_fallback","","unknown","fallback","Keine Jobs im HTML/JSON erkannt.","200","0","0","host:inso-liebig.de","2026-06-19"
"dr-neuhaus-und-dr-buschbaum","Dr. Neuhaus und Dr. Buschbaum","neuhaus-buschbaum.de","https://www.neuhaus-buschbaum.de/karriere/","dom","","unknown","ready","Joblinks sind direkt im HTML sichtbar.","200","1","0","host:www.neuhaus-buschbaum.de","2026-06-19"
"mc-media","MC Media","mc-media.de","https://karriere.mc-media.de/","embedded_json","","unknown","ready","Eingebettete strukturierte Jobdaten gefunden.","200","0","2","json_ld,pagination,blocked,js_app,host:karriere.mc-media.de","2026-06-19"
"jobe","JOBE","jobe-legal.com","https://jobe-legal.com/karriere.htm","llm_fallback","","unknown","fallback","Keine Jobs im HTML/JSON erkannt.","200","0","0","host:jobe-legal.com","2026-06-19"
"pentarc","PENTARC Rechtsanwälte","pentarc-legal.com","https://pentarc-legal.com/karriere","embedded_json","","unknown","ready","Eingebettete strukturierte Jobdaten gefunden.","200","0","2","json_ld,pagination,blocked,js_app,host:pentarc-legal.com","2026-06-19"
"pinkvoss-dahlmann-und","Pinkvoss • Dahlmann & Partner","pd-partner.de","https://pd-partner.de/karriere/","dom","","unknown","ready","Joblinks sind direkt im HTML sichtbar.","200","1","0","json_ld,pagination,js_app,host:pd-partner.de","2026-06-19"
"dr-strecker-und-hane-gbr","Dr. Strecker & Hane GbR","strecker-hane.de","https://www.strecker-hane.de/karriere","embedded_json","","unknown","ready","Eingebettete strukturierte Jobdaten gefunden.","200","8","1","json_ld,blocked,host:www.strecker-hane.de","2026-06-19"
"dr-kohring-und-kollegen","Dr. Kohring & Kollegen","rechtsanwalt-kohring.de","https://nwph.rechtsanwalt-kohring.de/400-2/","dom","","unknown","ready","Joblinks sind direkt im HTML sichtbar.","200","2","0","json_ld,load_more,pagination,blocked,host:nwph.rechtsanwalt-kohring.de","2026-06-19"
"baumann-und-baumann","Baumann & Baumann","baumann-baumann.de","https://baumann-baumann.dein-karriere-portal.de/","embedded_json","","unknown","ready","Eingebettete strukturierte Jobdaten gefunden.","200","0","1","json_ld,pagination,blocked,js_app,host:zm.dein-karriere-portal.de","2026-06-19"
"bernd-baumann","Rechtsanwälte Bernd Baumann","rechtsanwalt-serm.de","https://rechtsanwalt-serm.de","playwright","","unknown","needs_browser","Seite wirkt JavaScript-/Pagination-getrieben.","200","0","0","load_more,blocked,host:www.rechtsanwalt-serm.de","2026-06-19"
"pst-steuerberatungs-gesellschaft-bottrop","PSt Steuerberatungs­gesellschaft Bottrop GmbH","ruhrpott-steuerberatung.de","https://ruhrpott-steuerberatung.de/karriere/","dom","","unknown","ready","Joblinks sind direkt im HTML sichtbar.","200","1","0","pagination,blocked,js_app,host:ruhrpott-steuerberatung.de","2026-06-19"
"anwaltsbuero-meyer-abich-elek-oesterling-in-buerogemeinschaft","Anwaltsbüro Meyer-Abich · Elek · Österling in Bürogemeinschaft","strafverteidiger-stpauli.de","https://strafverteidiger-stpauli.de","dom","","unknown","ready","Joblinks sind direkt im HTML sichtbar.","200","2","0","json_ld,pagination,blocked,host:www.strafverteidiger-stpauli.de","2026-06-19"
"rechtsanwaltskanzlei-roman-pyko","Rechtsanwaltskanzlei Roman Pyko","rechtsanwalt-pyko.de","https://rechtsanwalt-pyko.de","dom","","unknown","ready","Joblinks sind direkt im HTML sichtbar.","200","1","0","blocked,host:rechtsanwalt-pyko.de","2026-06-19"
"werwigk-henne-partnership","Werwigk Henne Partnership mbB","werwigkhenne.de","https://www.werwigkhenne.de/#kontakt-jobs","dom","","unknown","ready","Joblinks sind direkt im HTML sichtbar.","200","7","0","host:www.werwigkhenne.de","2026-06-19"
"fachkanzlei-brielmaier-und-quilisch","Fachkanzlei Brielmaier & Quilisch","renoka.de","https://renoka.de","dom","","unknown","ready","Joblinks sind direkt im HTML sichtbar.","200","1","0","json_ld,blocked,host:renoka.de","2026-06-19"
"dr-sander-und","Dr. Sander & Partner​ mbB Rechtsanwälte","sander-anwalt.de","https://www.sander-anwalt.de","embedded_json","","unknown","ready","Eingebettete strukturierte Jobdaten gefunden.","200","2","1","json_ld,pagination,blocked,js_app,host:www.sander-anwalt.de","2026-06-19"
"rechtsanwalte-dominik-weiser","Rechtsanwalte Dominik Weiser","rechtsanwalt-weiser.de","https://rechtsanwalt-weiser.de","dom","","unknown","ready","Joblinks sind direkt im HTML sichtbar.","200","3","0","host:rechtsanwalt-weiser.de","2026-06-19"
"rechtsanwaeltin-susann-kracht-vorholzer","Rechtsanwältin Susann Kracht-Vorholzer","ra-kracht-vorholzer.de","https://ra-kracht-vorholzer.de","embedded_json","","unknown","ready","Eingebettete strukturierte Jobdaten gefunden.","200","1","1","json_ld,pagination,blocked,js_app,host:www.ra-kracht-vorholzer.de","2026-06-19"
"rechtsanwaltskanzlei-landmann","Rechtsanwaltskanzlei Landmann","ralandmann.de","https://ralandmann.de","dom","","unknown","ready","Joblinks sind direkt im HTML sichtbar.","200","1","0","blocked,host:ralandmann.de","2026-06-19"
"henry-bach-leipzig-fachanwalt-fuer-arbeitsrecht-mietrecht-und-wohnungseigentumsrecht","Rechtsanwalt Henry Bach Leipzig, Fachanwalt für Arbeitsrecht, Mietrecht und Wohnungseigentumsrecht","rechtsanwalt-bach.de","https://rechtsanwalt-bach.de","dom","","unknown","ready","Joblinks sind direkt im HTML sichtbar.","200","10","0","json_ld,pagination,host:www.rechtsanwalt-bach.de","2026-06-19"
"rath-uhlmann-rechtsanwalts-leipzig","Rath | Uhlmann Rechtsanwalts­kanzlei Leipzig","rechtsanwaelte-rath-uhlmann.de","https://rechtsanwaelte-rath-uhlmann.de","dom","","unknown","ready","Joblinks sind direkt im HTML sichtbar.","200","3","0","json_ld,pagination,blocked,host:www.rechtsanwaelte-rath-uhlmann.de","2026-06-19"
"praxisrecht-dr-fuerstenberg-und","Praxisrecht - Dr. Fürstenberg & Partner - Rechtsanwälte","praxisrecht.de","https://praxisrecht.de/aktuelles/karriere/","dom","","unknown","ready","Joblinks sind direkt im HTML sichtbar.","200","2","0","pagination,host:praxisrecht.de","2026-06-19"
"steuerfachanwaltskanzlei-faltermeier-juergen-faltermeier-fachanwalt-fuer-steuerrecht","Steuerfachanwaltskanzlei Faltermeier Jürgen Faltermeier Rechtsanwalt Fachanwalt für Steuerrecht","ra-faltermeier.de","https://ra-faltermeier.de","llm_fallback","","unknown","request_error","SSLError","","0","0","","2026-06-19"
"peters-und-pallaske","Peters & Pallaske","peters-pallaske.de","https://peters-pallaske.de/karriere/","dom","","unknown","ready","Joblinks sind direkt im HTML sichtbar.","200","8","0","json_ld,pagination,blocked,js_app,host:peters-pallaske.de","2026-06-19"
"dr-thorsten-graf","Rechtsanwalt Dr. Thorsten Graf","ra-dr-graf.de","https://ra-dr-graf.de","dom","","unknown","ready","Joblinks sind direkt im HTML sichtbar.","200","4","0","json_ld,pagination,blocked,js_app,host:www.ra-dr-graf.de","2026-06-19"
"rechtsanwaltskanzlei-lomp","Rechtsanwaltskanzlei LOMP","ra-lomp.de","https://www.ra-lomp.de/karriere-lomp/","playwright","","unknown","needs_browser","Seite wirkt JavaScript-/Pagination-getrieben.","200","0","0","json_ld,pagination,host:www.ra-lomp.de","2026-06-19"
"navigation-recht-gbr-vertreten-durch-dirk-strohmenger","NAVIGATION.RECHT GbR vertreten durch Rechtsanwalt Dirk Strohmenger","nr-legal.com","https://nr-legal.com","dom","","unknown","ready","Joblinks sind direkt im HTML sichtbar.","200","1","0","host:nr-legal.com","2026-06-19"
"dr-nietsch-und-kroll","Dr. Nietsch & Kroll Rechtsanwälte","nkr-hamburg.de","https://nkr-hamburg.de","dom","","unknown","ready","Joblinks sind direkt im HTML sichtbar.","200","4","0","json_ld,host:nkr-hamburg.de","2026-06-19"
"markus-koersgen-und-fachanwalt-fuer-familienrecht","Rechtsanwalt Markus Koersgen, Rechtsanwalt und Fachanwalt für Familienrecht","mein-rechtsanwalt-in-kiel.de","https://mein-rechtsanwalt-in-kiel.de","llm_fallback","","unknown","fallback","Keine Jobs im HTML/JSON erkannt.","200","0","0","host:mein-rechtsanwalt-in-kiel.de","2026-06-19"
"stieger","Stieger Rechtsanwälte","stieger-rechtsanwaelte.de","https://stieger-rechtsanwaelte.de","dom","","unknown","ready","Joblinks sind direkt im HTML sichtbar.","200","4","0","json_ld,host:www.stieger-rechtsanwaelte.de","2026-06-19"
"sozietaet-matthiesen-siems-und-dr-roes-rechtsform-gbr-vereidigter-buchpruefer","Sozietät Matthiesen, Siems & Dr. Roes (Rechtsform GbR) vereidigter Buchprüfer / Steuerberater / Rechtsanwalt","steuerberatung-sms.de","https://steuerberatung-sms.dein-karriere-portal.de/","llm_fallback","","unknown","request_error","HTTPError","","0","0","","2026-06-19"
"wtv-vogel-und-steuerberatungsgesellschaft","WTV Vogel & Partner GmbH Steuerberatungsgesellschaft","wtvgmbh.de","https://www.wtvgmbh.de/karriere/","dom","","unknown","ready","Joblinks sind direkt im HTML sichtbar.","200","8","0","pagination,blocked,host:www.wtvgmbh.de","2026-06-19"
"rechtsanwalts-und-steuerkanzlei-mueller-und-winter","Rechtsanwalts- und Steuerkanzlei Mueller & Winter","steuer-recht-kanzlei.de","https://steuer-recht-kanzlei.de","llm_fallback","","unknown","request_error","SSLError","","0","0","","2026-06-19"
"mathias-grasel-fachanwalt-fuer-strafrecht","Rechtsanwalt Mathias Grasel Fachanwalt für Strafrecht","strafverteidiger-grasel.de","https://strafverteidiger-grasel.de","dom","","unknown","ready","Joblinks sind direkt im HTML sichtbar.","200","4","0","json_ld,blocked,host:strafverteidiger-grasel.de","2026-06-19"
"akmaz-und-kollegen-anwaltskanzlei","Akmaz & Kollegen Anwaltskanzlei","recht-akmaz.eu","https://recht-akmaz.eu","llm_fallback","","unknown","fallback","Keine Jobs im HTML/JSON erkannt.","200","0","0","host:recht-akmaz.eu","2026-06-19"
"skp-christian-podoll","SKP LAW Rechtsanwalt Christian Podoll","skp-law.de","https://skp-law.de/karriere/","dom","","unknown","ready","Joblinks sind direkt im HTML sichtbar.","200","1","0","json_ld,pagination,js_app,host:skp-law.de","2026-06-19"
"muehlbacher-und","Mühlbacher und Partner","ra-mup.de","https://ra-mup.de","llm_fallback","","unknown","fallback","Keine Jobs im HTML/JSON erkannt.","200","0","0","host:www.ra-mup.de","2026-06-19"
"brockmeier-faulhaber-rudolph-und","Brockmeier, Faulhaber, Rudolph, PartGmbB Rechtsanwälte & Notare","rae-brockmeier.de","https://rae-brockmeier.de","dom","","unknown","ready","Joblinks sind direkt im HTML sichtbar.","200","5","0","json_ld,pagination,host:www.rae-brockmeier.de","2026-06-19"
"sommer-und-sommer-steuern-und-recht","SOMMER & SOMMER steuern-und-recht","steuern-und-recht.de","https://steuern-und-recht.de","dom","","unknown","ready","Joblinks sind direkt im HTML sichtbar.","200","3","0","blocked,host:www.steuern-und-recht.de","2026-06-19"
"pruewer-proff-streller-schajor-fachanwaelte-und","Prüwer Proff Streller Schajor Rechtsanwälte, Fachanwälte und Notar","pruewer-proff.de","https://pruewer-proff.de","dom","","unknown","ready","Joblinks sind direkt im HTML sichtbar.","200","8","0","pagination,host:pruewer-proff.de","2026-06-19"
"ruesch-matheja","Rüsch ∙ Matheja","ra-matheja.de","https://ra-matheja.de","dom","","unknown","ready","Joblinks sind direkt im HTML sichtbar.","200","2","0","load_more,pagination,host:www.ra-matheja.de","2026-06-19"
"sven-lang","Rechtsanwalt Sven Lang","rechtsanwalt-sven-lang.com","https://rechtsanwalt-sven-lang.com","dom","","unknown","ready","Joblinks sind direkt im HTML sichtbar.","200","5","0","blocked,host:www.rechtsanwalt-sven-lang.com","2026-06-19"
"rechtsanwaltskanzlei-tom-martini","Rechtsanwaltskanzlei Tom Martini","ra-martini.de","https://ra-martini.de","dom","","unknown","ready","Joblinks sind direkt im HTML sichtbar.","200","3","0","json_ld,pagination,host:ra-martini.de","2026-06-19"
"anwaltskanzlei-christos-pigaris","Anwaltskanzlei Christos Pigaris","pigaris.com","https://pigaris.com","dom","","unknown","ready","Joblinks sind direkt im HTML sichtbar.","200","6","0","json_ld,pagination,blocked,host:pigaris.com","2026-06-19"
"rechtsanwaltskanzei-ullrich","RECHTSANWALTSKANZEI ULLRICH","kanzlei-ullrich.de","https://kanzlei-ullrich.de","llm_fallback","","unknown","fallback","Keine Jobs im HTML/JSON erkannt.","200","0","0","host:kanzlei-ullrich.de","2026-06-19"
"ortmueller-meissenburg-und-roedder","Ortmüller, Meissenburg & Rödder","rae-ortmueller.de","https://rae-ortmueller.de","dom","","unknown","ready","Joblinks sind direkt im HTML sichtbar.","200","18","0","pagination,blocked,host:www.rae-ortmueller.de","2026-06-19"
"mig-medien-und-technologie","MIG Medien & Technologie GmbH","krings-wagner-kleitz.de","https://www.krings-wagner-kleitz.de/stellenangebote","dom","","unknown","ready","Joblinks sind direkt im HTML sichtbar.","200","4","0","json_ld,host:www.krings-wagner-kleitz.de","2026-06-19"
"rechtsanwaltskanzlei-dr-thomas-klaus","Rechtsanwaltskanzlei Dr. Thomas Klaus","klaus-anwaelte.de","https://klaus-anwaelte.de","embedded_json","","unknown","ready","Eingebettete strukturierte Jobdaten gefunden.","200","1","1","json_ld,blocked,js_app,host:www.klaus-anwaelte.de","2026-06-19"
"meixner-und-dollhopf","MEIXNER & DOLLHOPF","kanzlei-mds.de","https://kanzlei-mds.de","embedded_json","","unknown","ready","Eingebettete strukturierte Jobdaten gefunden.","200","1","1","json_ld,pagination,blocked,js_app,host:www.kanzlei-mds.de","2026-06-19"
"koenig-und-dey-gbr","Rechtsanwälte König & Dey GbR","koenig-dey.de","https://koenig-dey.de","embedded_json","","unknown","ready","Eingebettete strukturierte Jobdaten gefunden.","200","1","1","json_ld,host:koenig-dey.de","2026-06-19"
"primas-recht-und-steuern","KANZLEI PRIMAS RECHT & STEUERN","kanzlei-primas.de","https://kanzlei-primas.de/karriere-bei-uns.html","dom","","unknown","ready","Joblinks sind direkt im HTML sichtbar.","200","2","0","host:kanzlei-primas.de","2026-06-19"
"forster-und-witt","Forster Und Witt","rechtsanwalt-traunstein.de","https://rechtsanwalt-traunstein.de","llm_fallback","","unknown","fallback","Keine Jobs im HTML/JSON erkannt.","200","0","0","host:www.rechtsanwalt-traunstein.de","2026-06-19"
"dr-thomas-schell-stephan-koeth-und-christian-hurek","Rechtsanwälte Dr. Thomas Schell, Stephan Köth und Christian Hurek","kanzlei-skks.de","https://kanzlei-skks.de","reader_or_llm","","unknown","blocked","Seite wirkt geblockt oder leer fuer normale Requests.","200","0","0","blocked,host:kanzlei-skks.de","2026-06-19"
"maximilian-hufnagel-fachanwalt-fuer-steuerrecht","Maximilian Hufnagel Rechtsanwalt Fachanwalt für Steuerrecht","kanzlei-hufnagel.de","https://kanzlei-hufnagel.de/karriere.php","dom","","unknown","ready","Joblinks sind direkt im HTML sichtbar.","200","12","0","host:kanzlei-hufnagel.de","2026-06-19"
"jur-doreen-fichtner-guenz-rechtsanwaeltin","Jur. Doreen Fichtner-Günz Rechtsanwältin","kanzlei-fg.de","https://kanzlei-fg.de","llm_fallback","","unknown","fallback","Keine Jobs im HTML/JSON erkannt.","200","0","0","host:kanzlei-fg.de","2026-06-19"
"kempter-und-kollegen","KEMPTER & KOLLEGEN Rechtsanwälte","ra-kempter.de","https://ra-kempter.de","playwright","","unknown","needs_browser","Seite wirkt JavaScript-/Pagination-getrieben.","200","0","0","json_ld,pagination,blocked,host:ra-kempter.de","2026-06-19"
"niedermeier","Rechtsanwälte Niedermeier","ra-niedermeier.de","https://ra-niedermeier.de/kontakt/#karriere","llm_fallback","","unknown","fallback","Keine Jobs im HTML/JSON erkannt.","200","0","0","json_ld,host:ra-niedermeier.de","2026-06-19"
"kuehne-familien-und-erbrecht","KÜHNE RECHTSANWÄLTE FAMILIEN- UND ERBRECHT","kuehne-rechtsanwaelte.de","https://kuehne-rechtsanwaelte.de","dom","","unknown","ready","Joblinks sind direkt im HTML sichtbar.","200","18","0","host:www.kuehne-rechtsanwaelte.de","2026-06-19"
"mattis-schwarz-weichelt-rechtsanwaltpartnerschaft","MATTIS • SCHWARZ • WEICHELT Rechtsanwaltpartnerschaft","msw-anwalt.de","https://msw-anwalt.de","dom","","unknown","ready","Joblinks sind direkt im HTML sichtbar.","200","3","0","host:msw-anwalt.de","2026-06-19"
"zachmann-und","Zachmann & Partner Rechtsanwälte","zachmann.law","https://zachmann.law","dom","","unknown","ready","Joblinks sind direkt im HTML sichtbar.","200","1","0","pagination,js_app,host:zachmann.law","2026-06-19"
"dr-brueggemann-miermeister-kunz-alberts","Kanzlei Dr. Brüggemann Miermeister Kunz Alberts","rechtsrat-emden.de","","manual_review","","unknown","missing_jobboard_url","Keine Jobboard_URL und keine Domain.","","0","0","","2026-06-19"
"elsner-und-appel","Rechtsanwälte Elsner & Appel","rea-cc.de","https://rea-cc.de","dom","","unknown","ready","Joblinks sind direkt im HTML sichtbar.","200","1","0","host:rea-cc.de","2026-06-19"
"weinhold","Kanzlei Weinhold","kanzlei-weinhold.de","https://kanzlei-weinhold.de","llm_fallback","","unknown","fallback","Keine Jobs im HTML/JSON erkannt.","200","0","0","json_ld,host:www.kanzlei-weinhold.de","2026-06-19"
"falkenstein","FALKENSTEIN Rechtsanwälte","kanzlei-falkenstein.de","https://kanzlei-falkenstein.de","dom","","unknown","ready","Joblinks sind direkt im HTML sichtbar.","200","2","0","host:www.kanzlei-falkenstein.de","2026-06-19"
"hrs-steuerberatung","HRS Steuerberatung GmbH","hrs-steuerberatung.de","https://hrs-steuerberatung.de/unser-team-karriere","dom","","unknown","ready","Joblinks sind direkt im HTML sichtbar.","200","3","0","json_ld,host:hrs-steuerberatung.de","2026-06-19"
"und-thomas-jaster","Rechtsanwalt und Notar Thomas Jaster","ra-jaster.de","https://ra-jaster.de","playwright","","unknown","needs_browser","Seite wirkt JavaScript-/Pagination-getrieben.","200","0","0","js_app,host:ra-jaster.de","2026-06-19"
"christian-mai-verkehrsrecht-unfallregulierung","Christian Mai - Verkehrsrecht + Unfallregulierung","kanzlei-mai.de","https://kanzlei-mai.de","dom","","unknown","ready","Joblinks sind direkt im HTML sichtbar.","200","1","0","pagination,host:kanzlei-mai.de","2026-06-19"
"michael-hewer","Michael Hewer Rechtsanwälte","ra-hewer.de","https://ra-hewer.de","playwright","","unknown","needs_browser","Seite wirkt JavaScript-/Pagination-getrieben.","200","0","0","js_app,host:ra-hewer.de","2026-06-19"
"ines-hodl-rechtsanwaeltin","Ines Hodl Rechtsanwältin","rechtsanwaeltin-hodl.de","https://rechtsanwaeltin-hodl.de","playwright","","unknown","needs_browser","Seite wirkt JavaScript-/Pagination-getrieben.","200","0","0","js_app,host:www.rechtsanwaeltin-hodl.de","2026-06-19"
"ogletree-deakins","Ogletree Deakins","ogletree.com","https://ogletree.com/about-us/careers/","playwright","","unknown","needs_browser","Seite wirkt JavaScript-/Pagination-getrieben.","200","0","0","json_ld,blocked,js_app,host:ogletree.com","2026-06-19"
"renneberg","RENNEBERG + PARTNER Wirtschaftsprüfer Steuerberater Rechtsanwälte mbB","renneberg-gruppe.de","https://www.renneberg-gruppe.de/karriere/","dom","","unknown","ready","Joblinks sind direkt im HTML sichtbar.","200","4","0","json_ld,pagination,blocked,host:www.renneberg-gruppe.de","2026-06-19"
"andreas-witte","Rechtsanwalt Andreas Witte","rawitte.de","https://rawitte.de","dom","","unknown","ready","Joblinks sind direkt im HTML sichtbar.","200","1","0","json_ld,pagination,host:www.rawitte.de","2026-06-19"
"rechtsanwaltskanzlei-hense-und-kollegen-bad-langensalza","Rechtsanwaltskanzlei Hense & Kollegen, Bad Langensalza","ra-hense.de","https://ra-hense.de","llm_fallback","","unknown","fallback","Keine Jobs im HTML/JSON erkannt.","200","0","0","host:ra-hense.de","2026-06-19"
"rechtsawalte-dr-schilde-fochler-kroeger","Rechtsawalte Dr. Schilde Fochler Kröger","sfk-recht.de","https://sfk-recht.de","dom","","unknown","ready","Joblinks sind direkt im HTML sichtbar.","200","2","0","pagination,host:www.sfk-recht.de","2026-06-19"
"wintermann-gbr-rechtsanwalte-fachanwalte","Wintermann GbR Rechtsanwalte Fachanwalte Notare","rosken-wintermann.de","https://www.rosken-wintermann.de/karriere/","dom","","unknown","ready","Joblinks sind direkt im HTML sichtbar.","200","6","0","json_ld,pagination,js_app,host:www.rosken-wintermann.de","2026-06-19"
"thorbruegge-thorbruegge-und-feix-von-rechtsanwaelten","Thorbrügge, Thorbrügge & Feix Partnerschaft von Rechtsanwälten","kanzlei-thorbruegge.de","https://www.kanzlei-thorbruegge.de/karriere/","dom","","unknown","ready","Joblinks sind direkt im HTML sichtbar.","200","2","0","json_ld,host:www.kanzlei-thorbruegge.de","2026-06-19"
"koch-und-kollegen","Koch & Kollegen Steuerberater GmbH","kanzlei-koch.com","https://kanzlei-koch.com","llm_fallback","","unknown","request_error","ReadTimeout","","0","0","","2026-06-19"
"stoppelkamp","Stoppelkamp Rechtsanwälte","kanzlei-stoppelkamp.de","https://kanzlei-stoppelkamp.de","playwright","","unknown","needs_browser","Seite wirkt JavaScript-/Pagination-getrieben.","200","0","0","load_more,host:www.kanzlei-stoppelkamp.de","2026-06-19"
"jan-general","Rechtsanwalt Jan General","kanzlei-general.com","https://kanzlei-general.com","dom","","unknown","ready","Joblinks sind direkt im HTML sichtbar.","200","1","0","host:kanzlei-general.com","2026-06-19"
"reissmann-und-kuenstle-dagmar-hitzfeld","Reissmann & Künstle Dagmar Hitzfeld Rechtsanwälte.","kanzlei-loerrach.de","https://kanzlei-loerrach.de","dom","","unknown","ready","Joblinks sind direkt im HTML sichtbar.","200","2","0","json_ld,host:www.kanzlei-loerrach.de","2026-06-19"
"dr-reichert-und-kollegen-buehl","Dr. Reichert & Kollegen - Rechtsanwälte Bühl","reichert-recht.de","https://reichert-recht.de","llm_fallback","","unknown","request_error","HTTPError","","0","0","","2026-06-19"
"herr-jens-hugenschmidt","Herr Rechtsanwalt Jens Hugenschmidt","kanzlei-im-rebland.de","https://kanzlei-im-rebland.de","llm_fallback","","unknown","fallback","Keine Jobs im HTML/JSON erkannt.","200","0","0","host:www.kanzlei-im-rebland.de","2026-06-19"
"dr-kaufmann-und-dr-roesler","Rechtsanwälte Dr. Kaufmann & Dr. Roesler","kanzlei-kaufmann-roesler.de","https://kanzlei-kaufmann-roesler.de","embedded_json","","unknown","ready","Eingebettete strukturierte Jobdaten gefunden.","200","0","2","json_ld,pagination,blocked,js_app,host:www.kanzlei-kaufmann-roesler.de","2026-06-19"
"stegmann-und-taupp","Kanzlei Stegmann und Taupp","kanzlei-stegmann.de","https://kanzlei-stegmann.de","dom","","unknown","ready","Joblinks sind direkt im HTML sichtbar.","200","2","0","json_ld,host:kanzlei-stegmann.de","2026-06-19"
"wirmer-und","Wirmer Rechtsanwälte & Notare","wirmer-rechtsanwaelte.de","https://wirmer-rechtsanwaelte.de","dom","","unknown","ready","Joblinks sind direkt im HTML sichtbar.","200","3","0","pagination,host:wirmer-rechtsanwaelte.de","2026-06-19"
"lutz-schroeder","Rechtsanwalt Lutz Schroeder","kanzleischroeder-kiel.de","https://kanzleischroeder-kiel.de","dom","","unknown","ready","Joblinks sind direkt im HTML sichtbar.","200","1","0","host:www.kanzleischroeder-kiel.de","2026-06-19"
"michael-felchner","Rechtsanwalt Michael Felchner","kanzlei-felchner.de","https://kanzlei-felchner.de","dom","","unknown","ready","Joblinks sind direkt im HTML sichtbar.","200","1","0","json_ld,host:kanzlei-felchner.de","2026-06-19"
"meinrad-hirt","Rechtsanwalt Meinrad Hirt","rae-hirt.de","https://rae-hirt.de","llm_fallback","","unknown","request_error","ConnectionError","","0","0","","2026-06-19"
"florian-dennler","Rechtsanwalt Florian Dennler","dennler.de","https://dennler.de","playwright","","unknown","needs_browser","Seite wirkt JavaScript-/Pagination-getrieben.","200","0","0","json_ld,pagination,host:www.dennler.de","2026-06-19"
"rechtsanwaeltin-carola-sieling","Rechtsanwältin Carola Sieling","kanzlei-sieling.de","https://www.kanzlei-sieling.de/kanzlei/karriere","dom","","unknown","ready","Joblinks sind direkt im HTML sichtbar.","200","1","0","host:www.kanzlei-sieling.de","2026-06-19"
"anwaltskanzlei-marion-schnellbach","Anwaltskanzlei Marion Schnellbach","schnellbach.eu","https://schnellbach.eu","embedded_json","","unknown","ready","Eingebettete strukturierte Jobdaten gefunden.","200","0","1","json_ld,host:schnellbach.eu","2026-06-19"
"andreas-kuntz","Rechtsanwalt Andreas Kuntz","rechtsrat-rostock.de","https://rechtsrat-rostock.de","dom","","unknown","ready","Joblinks sind direkt im HTML sichtbar.","200","3","0","pagination,host:rechtsrat-rostock.de","2026-06-19"
"ralf-hannig-und-bernd-trede","Rechtsanwälte Ralf Hannig und Bernd Trede","hannigundtrede.de","https://hannigundtrede.de","llm_fallback","","unknown","fallback","Keine Jobs im HTML/JSON erkannt.","200","0","0","json_ld,host:www.hannigundtrede.de","2026-06-19"
"rechtsanwaltskanzlei-petra-posner-wendt","Rechtsanwaltskanzlei Petra Posner-Wendt","posner-wendt.de","https://posner-wendt.de","playwright","","unknown","needs_browser","Seite wirkt JavaScript-/Pagination-getrieben.","200","0","0","pagination,blocked,host:posner-wendt.de","2026-06-19"
"dietze-und-olbernhau","Rechtsanwälte Dietze & Partner Kanzlei Olbernhau","kanzlei-dietze.de","https://kanzlei-dietze.de","dom","","unknown","ready","Joblinks sind direkt im HTML sichtbar.","200","1","0","blocked,host:kanzlei-dietze.de","2026-06-19"
"erik-reinke","Rechtsanwalt Erik Reinke","rechtsanwalt.immobilien","https://rechtsanwalt.immobilien","dom","","unknown","ready","Joblinks sind direkt im HTML sichtbar.","200","14","0","host:www.rechtsanwalt.immobilien","2026-06-19"
"anwaltskanzlei-schuh-rechtsanwaeltin-eva-schuh","Anwaltskanzlei Schuh Rechtsanwältin Eva Schuh","kanzlei-schuh.de","https://kanzlei-schuh.de","playwright","","unknown","needs_browser","Seite wirkt JavaScript-/Pagination-getrieben.","200","0","0","json_ld,pagination,blocked,host:kanzlei-schuh.de","2026-06-19"
"holger-trappen","Rechtsanwalt Holger Trappen","rechtsanwalt-trappen.de","https://www.ionos.de/websites/homepage-erstellen","dom","","unknown","ready","Joblinks sind direkt im HTML sichtbar.","200","1","0","next_data,json_ld,load_more,host:www.ionos.de","2026-06-19"
"hirtes-anwaelte-fuer-arbeitsrecht","HIRTES » Anwälte für Arbeitsrecht","kafar.de","https://kafar.de","dom","","unknown","ready","Joblinks sind direkt im HTML sichtbar.","200","1","0","json_ld,pagination,host:www.kafar.de","2026-06-19"
"klaus-picker","Rechtsanwalt Klaus Picker","anwalt-soest.de","https://anwalt-soest.de","dom","","unknown","ready","Joblinks sind direkt im HTML sichtbar.","200","3","0","host:www.anwalt-soest.de","2026-06-19"
"michael-thran","Rechtsanwalt Michael Thran","rechtsanwaltthran.de","https://rechtsanwaltthran.de","dom","","unknown","ready","Joblinks sind direkt im HTML sichtbar.","200","3","0","pagination,blocked,host:www.rechtsanwaltthran.de","2026-06-19"
"ponsel-luttenberger-huber-gbr","Rechtsanwälte Ponsel Luttenberger Huber (GbR)","kanzlei-amberg.de","https://www.kanzlei-amberg.de/karriere","dom","","unknown","ready","Joblinks sind direkt im HTML sichtbar.","200","2","0","blocked,host:www.kanzlei-amberg.de","2026-06-19"
"sdk-schott-dobmeier-kiesslich-und-insolvenzverwalter-gbr","SDK Schott Dobmeier Kießlich Rechtsanwälte & Insolvenzverwalter GbR","sdk-rae.de","https://sdk-rae.de/stellenangebote.html","dom","","unknown","ready","Joblinks sind direkt im HTML sichtbar.","200","2","0","host:sdk-rae.de","2026-06-19"
"baerbel-ritter-rechtsanwaeltin","Bärbel Ritter Rechtsanwältin","anwaltskanzleiritter.de","https://anwaltskanzleiritter.de","llm_fallback","","unknown","fallback","Keine Jobs im HTML/JSON erkannt.","200","0","0","host:anwaltskanzleiritter.de","2026-06-19"
"hieber","hieber ® RECHTSANWÄLTE Partnerschaft mbB","kanzlei-hieber.de","https://www.kanzlei-hieber.de/kanzlei/stellen/","dom","","unknown","ready","Joblinks sind direkt im HTML sichtbar.","200","1","0","json_ld,pagination,blocked,host:www.kanzlei-hieber.de","2026-06-19"
"rechsanwaltskanzlei-goymann-und-neuberger","Rechsanwaltskanzlei Goymann & Neuberger","anwaelte-haibach.de","https://anwaelte-haibach.de","dom","","unknown","ready","Joblinks sind direkt im HTML sichtbar.","200","1","0","json_ld,pagination,blocked,host:www.anwaelte-haibach.de","2026-06-19"
"roemer-und-kollegen","Rechtsanwälte Römer & Kollegen","roemer-kollegen.de","https://www.roemer-kollegen.de/kontakt#Stellenangebote","dom","","unknown","ready","Joblinks sind direkt im HTML sichtbar.","200","1","0","blocked,js_app,host:www.roemer-kollegen.de","2026-06-19"
"frh-fink-rinckens-heerma","FRH | Fink Rinckens Heerma","frh-recht.de","https://frh-recht.de","llm_fallback","","unknown","fallback","Keine Jobs im HTML/JSON erkannt.","200","0","0","host:www.frh-recht.de","2026-06-19"
"jens-budde","Jens Budde Rechtsanwalt","ra-budde.de","https://ra-budde.de","llm_fallback","","unknown","fallback","Keine Jobs im HTML/JSON erkannt.","200","0","0","host:ra-budde.de","2026-06-19"
"andreas-helfer","Rechtsanwalt Andreas Helfer","helfer-rechtsanwalt.de","https://helfer-rechtsanwalt.de","dom","","unknown","ready","Joblinks sind direkt im HTML sichtbar.","200","3","0","host:www.helfer-rechtsanwalt.de","2026-06-19"
"speker-nierhaus-stenzel-von-rechtsanwaelten-sns","Speker Nierhaus Stenzel - Partnerschaft von Rechtsanwälten (SNS)","sns-anwaelte.de","https://www.sns-anwaelte.de/live/Expertendezernat/expertendezernat.aspx","dom","","unknown","ready","Joblinks sind direkt im HTML sichtbar.","200","1","0","host:www.sns-anwaelte.de","2026-06-19"
"up12-partnerschaftsgesellschaft","UP12 Rechtsanwälte Partnerschaftsgesellschaft","up12.de","https://up12.de/karriere","dom","","unknown","ready","Joblinks sind direkt im HTML sichtbar.","200","1","0","host:up12.de","2026-06-19"
"prof-dr-wilhelm-haarmann","Prof. Dr. Wilhelm Haarmann","haarmann.com","https://haarmann.com","llm_fallback","","unknown","fallback","Keine Jobs im HTML/JSON erkannt.","200","0","0","host:www.haarmann.com","2026-06-19"
"koenig-und-kollegen","König & Kollegen","net-lawyer.de","https://www.net-lawyer.de/#","dom","","unknown","ready","Joblinks sind direkt im HTML sichtbar.","200","4","0","host:www.net-lawyer.de","2026-06-19"
"schieder-und","SCHIEDER UND PARTNER Rechtsanwälte","rae-schieder.de","https://rae-schieder.de","dom","","unknown","ready","Joblinks sind direkt im HTML sichtbar.","200","2","0","json_ld,pagination,blocked,host:rae-schieder.de","2026-06-19"
"brueckner-rechtsanwaltskanzlei-daniel-brueckner","BRÜCKNER Rechtsanwaltskanzlei Rechtsanwalt Daniel Brückner","ra-brueckner.de","https://ra-brueckner.de","dom","","unknown","ready","Joblinks sind direkt im HTML sichtbar.","200","4","0","load_more,host:www.ra-brueckner.de","2026-06-19"
"ruge-und-gbr-und-fachanwaelte","Ruge und Partner GbR Rechtsanwälte und Fachanwälte","ruge-partner.de","https://ruge-partner.de","dom","","unknown","ready","Joblinks sind direkt im HTML sichtbar.","200","1","0","host:ruge-partner.de","2026-06-19"
"heidecke-schulz-und","Heidecke, Schulz & Partner Rechtsanwälte","heidecke-partner.de","https://heidecke-partner.de","playwright","","unknown","needs_browser","Seite wirkt JavaScript-/Pagination-getrieben.","200","0","0","js_app,host:heidecke-partner.de","2026-06-19"
"fachanwaelte-engelhardt","Fachanwälte Engelhardt","fa-engelhardt.de","https://fa-engelhardt.de","llm_fallback","","unknown","fallback","Keine Jobs im HTML/JSON erkannt.","200","0","0","json_ld,host:www.fa-engelhardt.de","2026-06-19"
"beier-thomas-beier-und-soeren-beier-gbr","BEIER Rechtsanwälte Thomas Beier und Sören Beier GbR","din-anwalt.de","https://din-anwalt.de","dom","","unknown","ready","Joblinks sind direkt im HTML sichtbar.","200","3","0","pagination,host:www.din-anwalt.de","2026-06-19"
"stather-und-kollegen","Kanzlei Stather und Kollegen","anwaltsbuero-heidelberg.de","https://anwaltsbuero-heidelberg.de","dom","","unknown","ready","Joblinks sind direkt im HTML sichtbar.","200","1","0","json_ld,pagination,js_app,host:anwaltsbuero-heidelberg.de","2026-06-19"
"inge-horstkoetter-rechtsanwaeltin","Inge Horstkötter, Rechtsanwältin","rain-horstkoetter.de","https://rain-horstkoetter.de","dom","","unknown","ready","Joblinks sind direkt im HTML sichtbar.","200","1","0","pagination,blocked,js_app,host:rain-horstkoetter.de","2026-06-19"
"meyer-und-hofmann-rascu-gbr","Meyer & Hofmann-Rascu Rechtsanwälte GbR","ra-meyer-erlangen.de","https://ra-meyer-erlangen.de","embedded_json","","unknown","ready","Eingebettete strukturierte Jobdaten gefunden.","200","1","1","json_ld,blocked,js_app,host:www.ra-meyer-erlangen.de","2026-06-19"
"herfet-und-oezpolat-partnerschaftsgesellschaft","Herfet & Özpolat – Rechtsanwälte Partnerschaftsgesellschaft mbB","herfet-oezpolat.de","https://herfet-oezpolat.de/karriere/","dom","","unknown","ready","Joblinks sind direkt im HTML sichtbar.","200","2","0","json_ld,pagination,blocked,js_app,host:herfet-oezpolat.de","2026-06-19"
"schulz-und-heine","Rechtsanwälte Schulz & Heine","rechtsanwaelte-schulz-heine.de","https://rechtsanwaelte-schulz-heine.de","llm_fallback","","unknown","fallback","Keine Jobs im HTML/JSON erkannt.","200","0","0","host:rechtsanwaelte-schulz-heine.de","2026-06-19"
"und-peters-friedrich","Rechtsanwälte & Notare Peters · Friedrich · Partner","pfp-recht.de","https://pfp-recht.de/stellenangebote/","dom","","unknown","ready","Joblinks sind direkt im HTML sichtbar.","200","1","0","json_ld,load_more,pagination,host:pfp-recht.de","2026-06-19"
"seibert-zimmermann-mueller-gesellschaft-buergerlichen-rechts","Seibert Zimmermann Müller Gesellschaft bürgerlichen Rechts","saarkanzlei.de","https://www.saarkanzlei.de/jobs/","dom","","unknown","ready","Joblinks sind direkt im HTML sichtbar.","200","3","0","json_ld,load_more,pagination,js_app,host:www.saarkanzlei.de","2026-06-19"
"pnt-partnerschaftsgesellschaft","PNT Partner Rechtsanwälte Partnerschaftsgesellschaft mbB","pg-t.de","https://pg-t.de","playwright","","unknown","needs_browser","Seite wirkt JavaScript-/Pagination-getrieben.","200","0","0","json_ld,pagination,host:www.pg-t.de","2026-06-19"
"streich-und-wittke-attorneys-at-in-partnership","Streich & Wittke Attorneys at Law in Partnership mbB","sko.legal","https://sko.legal/ueber-uns/karriere/","dom","","unknown","ready","Joblinks sind direkt im HTML sichtbar.","200","1","0","json_ld,pagination,blocked,host:sko.legal","2026-06-19"
"frings-und-hoehne-in-bautzen-und-dresden","Frings & Höhne Rechtsanwälte in Bautzen und Dresden","frings-hoehne.de","https://frings-hoehne.de","dom","","unknown","ready","Joblinks sind direkt im HTML sichtbar.","200","1","0","pagination,host:frings-hoehne.de","2026-06-19"
"peter-latz-jacob-und-latz","Rechtsanwalt Peter Latz (Jacob & Latz )","jakob-latz.de","https://jakob-latz.de","dom","","unknown","ready","Joblinks sind direkt im HTML sichtbar.","200","9","0","json_ld,blocked,host:jakob-latz.de","2026-06-19"
"meinhardt-rechtsanwaltskanzlei","Meinhardt Rechtsanwaltskanzlei","meinhardt-online.com","https://meinhardt-online.com/de/offene-stellen","dom","","unknown","ready","Joblinks sind direkt im HTML sichtbar.","200","9","0","json_ld,blocked,js_app,host:meinhardt-online.com","2026-06-19"
"halle-crimmitschau-kecke-rechtsanwalte","Halle Crimmitschau Kecke Rechtsanwalte","recht-vertraut.de","https://recht-vertraut.de","llm_fallback","","unknown","request_error","SSLError","","0","0","","2026-06-19"
"graf-und","Graf & Partner Rechtsanwälte PartG mbB","grafpartner.com","https://grafpartner.com","llm_fallback","","unknown","request_error","SSLError","","0","0","","2026-06-19"
"a-ulf-huettig","Rechtsanwalt A. Ulf Hüttig","kanzlei-huettig.de","https://www.kanzlei-huettig.de/stellenangebote/","dom","","unknown","ready","Joblinks sind direkt im HTML sichtbar.","200","1","0","host:www.kanzlei-huettig.de","2026-06-19"
"dr-nuesslein-saettler","Rechtsanwälte Dr. Nüsslein, Sättler PartGmbB","nuesslein-saettler.de","https://www.nuesslein-saettler.de/kanzleiprofil","dom","","unknown","ready","Joblinks sind direkt im HTML sichtbar.","200","2","0","blocked,host:www.nuesslein-saettler.de","2026-06-19"
"dr-kay-krueger-dr-krueger","Dr. Kay Krüger Kanzlei Dr. Krüger","kanzlei-dr-krueger.de","https://kanzlei-dr-krueger.de","dom","","unknown","ready","Joblinks sind direkt im HTML sichtbar.","200","9","0","json_ld,pagination,blocked,host:kanzlei-dr-krueger.de","2026-06-19"
"weskamp-arbeitsrecht-strafrecht-verkehrsrecht","Kanzlei Weskamp · Arbeitsrecht · Strafrecht · Verkehrsrecht","kanzlei-weskamp.de","https://kanzlei-weskamp.de","playwright","","unknown","needs_browser","Seite wirkt JavaScript-/Pagination-getrieben.","200","0","0","load_more,pagination,host:kanzlei-weskamp.de","2026-06-19"
"schacht","Schacht Rechtsanwälte PartGmbB","dres-schacht.de","https://www.dres-schacht.de/kanzlei/karriere/","dom","","unknown","ready","Joblinks sind direkt im HTML sichtbar.","200","2","0","host:www.dres-schacht.de","2026-06-19"
"steffens-stolpe-brandt-und-partnerschaftsgesellschaft","Steffens Stolpe Brandt Rechtsanwälte & Steuerberater Partnerschaftsgesellschaft","ssb-rechtsanwaelte.de","https://www.ssb-rechtsanwaelte.de/kontakt/#karrierechancen","dom","","unknown","ready","Joblinks sind direkt im HTML sichtbar.","200","3","0","json_ld,pagination,js_app,host:www.ssb-rechtsanwaelte.de","2026-06-19"
"dr-herzog-rosenheim","Dr. Herzog Rechtsanwälte Rosenheim","drherzog.de","https://www.drherzog.de/karriere/","dom","","unknown","ready","Joblinks sind direkt im HTML sichtbar.","200","3","0","json_ld,pagination,host:www.drherzog.de","2026-06-19"
"hajda-i-kaden-i","HAJDA I KADEN I PARTNER","hkp-recht.de","https://hkp-recht.de","dom","","unknown","ready","Joblinks sind direkt im HTML sichtbar.","200","1","0","blocked,host:www.hkp-recht.de","2026-06-19"
"stiletto-wilhelm-und-kollegen","Rechtsanwälte Stiletto Wilhelm & Kollegen","ra-stiletto.de","https://ra-stiletto.de","embedded_json","","unknown","ready","Eingebettete strukturierte Jobdaten gefunden.","200","0","2","json_ld,pagination,blocked,js_app,host:www.ra-stiletto.de","2026-06-19"
"feder-und-kollegen-i-l","Rechtsanwälte Feder & Kollegen i. L.","feder-kollegen.de","https://feder-kollegen.de","llm_fallback","","unknown","fallback","Keine Jobs im HTML/JSON erkannt.","200","0","0","host:feder-kollegen.de","2026-06-19"
"moertl-moertl-in-kooperation","Mörtl | Mörtl Rechtsanwälte in Kooperation","moertl-moertl.de","https://moertl-moertl.de","llm_fallback","","unknown","request_error","HTTPError","","0","0","","2026-06-19"
"cramer-und-laws-anwaltssozietaet","Cramer & Laws Notar - Anwaltssozietät","cramer-laws.de","https://www.cramer-laws.de/Kanzlei/karriere.php","dom","","unknown","ready","Joblinks sind direkt im HTML sichtbar.","200","2","0","load_more,blocked,host:www.cramer-laws.de","2026-06-19"
"dissmannorthde","dissmannorthde","dissmannorth.de","https://dissmannorth.de","embedded_json","","unknown","ready","Eingebettete strukturierte Jobdaten gefunden.","200","0","1","json_ld,blocked,host:dissmannorth.de","2026-06-19"
"sozietaet-ossenkopp","Sozietät Ossenkopp","ossenkopp-notar.de","https://ossenkopp-notar.de","dom","","unknown","ready","Joblinks sind direkt im HTML sichtbar.","200","2","0","blocked,host:www.ossenkopp-notar.de","2026-06-19"
"terhaag-und","Terhaag & Partner Rechtsanwälte","aufrecht.de","https://aufrecht.de/karriere.html","dom","","unknown","ready","Joblinks sind direkt im HTML sichtbar.","200","8","0","json_ld,host:aufrecht.de","2026-06-19"
"zakrzewski-turowski-und-leberig-gbr","Rechtsanwälte Zakrzewski, Turowski und Leberig (GbR)","anwaelte-eu.de","https://anwaelte-eu.de","llm_fallback","","unknown","request_error","HTTPError","","0","0","","2026-06-19"
"am-wall-in","AM WALL RECHTSANWÄLTE in Partnerschaft mbB","amwall.eu","https://amwall.eu/#karriere","dom","","unknown","ready","Joblinks sind direkt im HTML sichtbar.","200","1","0","json_ld,pagination,host:amwall.eu","2026-06-19"
"caroline-kistler-rechtsanwaeltin","Caroline Kistler - Rechtsanwältin","kanzlei-kistler.de","https://kanzlei-kistler.de","llm_fallback","","unknown","fallback","Keine Jobs im HTML/JSON erkannt.","200","0","0","host:kanzlei-kistler.de","2026-06-19"
"golzer","golzer","golzer.com","https://golzer.com","playwright","","unknown","needs_browser","Seite wirkt JavaScript-/Pagination-getrieben.","200","0","0","js_app,host:golzer.com","2026-06-19"
"anwaltskanzlei-meyse-grosser","Anwaltskanzlei Meyse-Großer","meyse-grosser.de","https://meyse-grosser.de","playwright","","unknown","needs_browser","Seite wirkt JavaScript-/Pagination-getrieben.","200","0","0","load_more,pagination,host:meyse-grosser.de","2026-06-19"
"thomas-oberer-rechtsanwalts-und-steuerkanzlei-oberer","Rechtsanwalt Thomas Oberer Rechtsanwalts- und Steuerkanzlei Oberer","oberer-rechtsanwalt.de","https://oberer-rechtsanwalt.de","dom","","unknown","ready","Joblinks sind direkt im HTML sichtbar.","200","3","0","json_ld,js_app,host:www.oberer-rechtsanwalt.de","2026-06-19"
"rechtsanwaltskanzlei-schoetz-heinrich","Rechtsanwaltskanzlei Schötz – Heinrich","kanzlei-rossleben.de","http://www.kostenlose-urteile.de/BVerwG_2-C-1225_Rassistische-Chat-Beitraege-von-Beamten-stellen-nicht-automatisch-Verstoss-gegen-Verfassungstreue-dar.news36044.htm","embedded_json","","unknown","ready","Eingebettete strukturierte Jobdaten gefunden.","200","5","1","json_ld,js_app,host:urteile.news","2026-06-19"
"ralf-h-seidel-bundesrepublik-deutschland","Ralf H. Seidel, Rechtsanwalt (Bundesrepublik Deutschland)","rechtsanwalt-seidel.de","https://rechtsanwalt-seidel.de","dom","","unknown","ready","Joblinks sind direkt im HTML sichtbar.","200","3","0","host:rechtsanwalt-seidel.de","2026-06-19"
"augustin-und-krueckel-und-fachanwaelte","Augustin & Krückel Rechtsanwälte und Fachanwälte","augustin-krueckel.de","https://www.augustin-krueckel.de/karriere","reader_or_llm","","unknown","blocked","Seite wirkt geblockt oder leer fuer normale Requests.","200","0","0","blocked,host:www.augustin-krueckel.de","2026-06-19"
"bredereck-willkomm","Bredereck Willkomm Rechtsanwälte","recht-bw.de","https://www.recht-bw.de/karriere.php","reader_or_llm","","unknown","blocked","Seite wirkt geblockt oder leer fuer normale Requests.","200","0","0","blocked,host:www.recht-bw.de","2026-06-19"
"guenther-und-simon-rechtsanwaelt-gernot-simon","Günther & Simon Rechtsanwält Gernot Simon","rechtsanwalt-teltow-kleinmachnow.de","https://rechtsanwalt-teltow-kleinmachnow.de","dom","","unknown","ready","Joblinks sind direkt im HTML sichtbar.","200","2","0","host:rechtsanwalt-teltow-kleinmachnow.de","2026-06-19"
"hassiepen","hassiepen-rechtsanwalt","hassiepen-rechtsanwalt.de","https://hassiepen-rechtsanwalt.de/ueber-uns/karriere/","dom","","unknown","ready","Joblinks sind direkt im HTML sichtbar.","200","3","0","pagination,host:hassiepen-rechtsanwalt.de","2026-06-19"
"rechtsanwaeltin-frauke-nissen","Rechtsanwältin Frauke Nissen","rechtsanwaeltin-nissen.de","https://rechtsanwaeltin-nissen.de","dom","","unknown","ready","Joblinks sind direkt im HTML sichtbar.","200","1","0","host:www.rechtsanwaeltin-nissen.de","2026-06-19"
"der-schroeder-kuehne-und-fachanwaelte","der Kanzlei Schröder Kühne & Partner Rechtsanwälte Fachanwälte Notare","kanzlei-hb.de","https://kanzlei-hb.de/karriere","dom","","unknown","ready","Joblinks sind direkt im HTML sichtbar.","200","4","0","json_ld,host:kanzlei-hb.de","2026-06-19"
"rechtsinformer-pflug-und","rechtsinformer Rechtsanwälte – Pflug und Partner mbB","rechtsinformer.de","https://rechtsinformer.de/blog/moderne-einigungsstellen-brauchen-mehr-als-richterliche-erfahrung/","dom","","unknown","ready","Joblinks sind direkt im HTML sichtbar.","200","2","0","json_ld,load_more,pagination,blocked,js_app,host:rechtsinformer.de","2026-06-19"
"rechtsanwaeltin-fachanwaeltin-fuer-familienrecht-mediatorin","Rechtsanwältin Fachanwältin für Familienrecht Mediatorin","ra-obexer.de","https://ra-obexer.de","llm_fallback","","unknown","fallback","Keine Jobs im HTML/JSON erkannt.","200","0","0","host:ra-obexer.de","2026-06-19"
"poeppinghaus-schneider-haas","Pöppinghaus : Schneider : Haas Rechtsanwälte PartGmbB","rechtsanwaelte-poeppinghaus.de","https://www.rechtsanwaelte-poeppinghaus.de/#","dom","","unknown","ready","Joblinks sind direkt im HTML sichtbar.","200","5","0","json_ld,pagination,host:www.rechtsanwaelte-poeppinghaus.de","2026-06-19"
"kurt-reich-jens-reich-und-rainer-vark","Rechtsanwalt Kurt Reich, Rechtsanwalt Jens Reich & Rechtsanwalt Rainer Vark","rechtsanwalt-reich.de","https://rechtsanwalt-reich.de","llm_fallback","","unknown","request_error","SSLError","","0","0","","2026-06-19"
"dr-fischer","Dr. Fischer Rechtsanwälte PartG mbB","rechtsanwaelte-passau.de","https://rechtsanwaelte-passau.de","dom","","unknown","ready","Joblinks sind direkt im HTML sichtbar.","200","3","0","json_ld,pagination,js_app,host:rechtsanwaelte-passau.de","2026-06-19"
"ksw-gruppe-fachanwaelte","KSW Gruppe Rechtsanwälte · Fachanwälte","kswg.de","https://kswg.de","dom","","unknown","ready","Joblinks sind direkt im HTML sichtbar.","200","2","0","json_ld,blocked,js_app,host:kswg.de","2026-06-19"
"leuschner-anwaltskanzlei","LEUSCHNER Anwaltskanzlei","rechtsanwaltskanzlei-leuschner.de","https://rechtsanwaltskanzlei-leuschner.de","embedded_json","","unknown","ready","Eingebettete strukturierte Jobdaten gefunden.","200","2","1","json_ld,blocked,js_app,host:www.rechtsanwaltskanzlei-leuschner.de","2026-06-19"
"weinreich","Weinreich PartG mbB","kanzlei-weinreich.de","https://kanzlei-weinreich.de/ueber-uns/karriere/","dom","","unknown","ready","Joblinks sind direkt im HTML sichtbar.","200","3","0","json_ld,load_more,pagination,blocked,host:kanzlei-weinreich.de","2026-06-19"
"friedrich-loeffel","Friedrich Löffel Rechtsanwalt","loeffel-rechtsanwaelte.de","https://loeffel-rechtsanwaelte.de","dom","","unknown","ready","Joblinks sind direkt im HTML sichtbar.","200","3","0","host:loeffel-rechtsanwaelte.de","2026-06-19"
"kotz-gbr","Rechtsanwälte Kotz GbR","ra-kotz.de","https://www.ra-kotz.de/jobs/reno","embedded_json","","unknown","ready","Eingebettete strukturierte Jobdaten gefunden.","200","8","1","json_ld,host:www.ra-kotz.de","2026-06-19"
"justus-steffan-und-kollegen","JUSTUS Rechtsanwälte, Steffan und Kollegen","kanzleimitte.de","https://kanzleimitte.de/karriere/","dom","","unknown","ready","Joblinks sind direkt im HTML sichtbar.","200","13","0","json_ld,blocked,js_app,host:kanzleimitte.de","2026-06-19"
"dr-britta-holdorf-rechtsanwaeltin-und-notarin","Dr. Britta Holdorf Rechtsanwältin und Notarin","sicher-vererben.de","https://sicher-vererben.de","dom","","unknown","ready","Joblinks sind direkt im HTML sichtbar.","200","1","0","json_ld,pagination,host:sicher-vererben.de","2026-06-19"
"werler-und-bielefeld-gbr","Werler & Bielefeld GbR","kanzlei-werler.de","https://kanzlei-werler.de","dom","","unknown","ready","Joblinks sind direkt im HTML sichtbar.","200","1","0","json_ld,pagination,blocked,js_app,host:www.kanzlei-werler.de","2026-06-19"
"wendlberger-ullrich","Kanzlei Wendlberger Ullrich","kanzlei-wud.de","https://www.kanzlei-wud.de/stellenangebote","dom","","unknown","ready","Joblinks sind direkt im HTML sichtbar.","200","1","0","json_ld,blocked,js_app,host:www.kanzlei-wud.de","2026-06-19"
"gothentreuhand","Gothentreuhand GmbH","karriere-gothentreuhand.de","","manual_review","","unknown","missing_jobboard_url","Keine Jobboard_URL und keine Domain.","","0","0","","2026-06-19"
"ribet-buse","Ribet Buse Rechtsanwälte","sdrb.de","https://sdrb.de","dom","","unknown","ready","Joblinks sind direkt im HTML sichtbar.","200","4","0","json_ld,host:www.sdrb.de","2026-06-19"
"und-fachanwalt-david-gessner-ll-m","Rechtsanwalt und Fachanwalt David Geßner, LL.M","rechtsanwalt-gessner-berlin.de","https://www.rechtsanwalt-gessner-berlin.de/karriere/","dom","","unknown","ready","Joblinks sind direkt im HTML sichtbar.","200","2","0","json_ld,load_more,pagination,blocked,host:www.rechtsanwalt-gessner-berlin.de","2026-06-19"
"mueller-gbr","Kanzlei Müller GbR","kanzlei-mueller-nbg.de","https://kanzlei-mueller-nbg.de","dom","","unknown","ready","Joblinks sind direkt im HTML sichtbar.","200","1","0","json_ld,blocked,host:www.kanzlei-mueller-nbg.de","2026-06-19"
"anwaltssozietaet-franken-grillo-steinweg","Anwaltssozietät Franken · Grillo · Steinweg","martinsplatz.de","https://martinsplatz.de","embedded_json","","unknown","ready","Eingebettete strukturierte Jobdaten gefunden.","200","4","1","json_ld,blocked,host:www.martinsplatz.de","2026-06-19"
"dr-iur-gerd-hartlieb","Rechtsanwalt Dr. iur. Gerd Hartlieb","ra-hartlieb.de","https://ra-hartlieb.de","llm_fallback","","unknown","fallback","Keine Jobs im HTML/JSON erkannt.","200","0","0","json_ld,host:www.ra-hartlieb.de","2026-06-19"
"christian-lattorf","Rechtsanwalt Christian Lattorf","rechtsanwalt-lattorf.de","https://www.rechtsanwalt-lattorf.de/fundstellenangabe/","dom","","unknown","ready","Joblinks sind direkt im HTML sichtbar.","200","6","0","json_ld,host:www.rechtsanwalt-lattorf.de","2026-06-19"
"rechtsanwaltskanzlei-remdt","Rechtsanwaltskanzlei Remdt","rechtsanwaltskanzlei-remdt.de","https://rechtsanwaltskanzlei-remdt.de","dom","","unknown","ready","Joblinks sind direkt im HTML sichtbar.","200","2","0","pagination,host:www.rechtsanwaltskanzlei-remdt.de","2026-06-19"
"orthband-kuhfuss-und-ratajczak","Rechtsanwälte Orthband, Kuhfuß & Ratajczak","rae-orthbandt-kuhfuss.de","https://rae-orthbandt-kuhfuss.de","embedded_json","","unknown","ready","Eingebettete strukturierte Jobdaten gefunden.","200","2","1","json_ld,host:www.rae-orthbandt-kuhfuss.de","2026-06-19"
"koehling-und-dr-aldermann","KÖHLING & DR. ALDERMANN Rechtsanwälte","koehling-aldermann.de","https://koehling-aldermann.de","dom","","unknown","ready","Joblinks sind direkt im HTML sichtbar.","200","1","0","pagination,host:koehling-aldermann.de","2026-06-19"
"jan-theo-baumann","Rechtsanwalt Jan Theo Baumann","baumann-recht.de","https://baumann-recht.de/dienstleistungen/insolvenzantrag-stellen-unternehmer-unternehmen-und-privatpersonen/","dom","","unknown","ready","Joblinks sind direkt im HTML sichtbar.","200","2","0","json_ld,pagination,blocked,js_app,host:baumann-recht.de","2026-06-19"
"schadbach","Schadbach Rechtsanwälte","schadbach.de","https://www.schadbach.de/de/#karriere","dom","","unknown","ready","Joblinks sind direkt im HTML sichtbar.","200","1","0","host:www.schadbach.de","2026-06-19"
"leuteritz-schiener-rechtsanwalts","Leuteritz Schiener Rechtsanwalts-Partnerschaft mbB","leuteritz.info","https://leuteritz.info","dom","","unknown","ready","Joblinks sind direkt im HTML sichtbar.","200","21","0","json_ld,host:leuteritz.info","2026-06-19"
"walter-stadelmeyer-steuer-und-rechtsanwaltskanzlei","Walter Stadelmeyer Steuer- und Rechtsanwaltskanzlei","stadelmeyer.de","https://stadelmeyer.de","dom","","unknown","ready","Joblinks sind direkt im HTML sichtbar.","200","1","0","host:www.stadelmeyer.de","2026-06-19"
"dr-peters-hess-und-und-fachanwaelte-medizinrecht-strafrecht-wirtschaftsrecht","Dr. Peters, Hess & Partner Rechtsanwälte und Fachanwälte Medizinrecht, Strafrecht, Wirtschaftsrecht","medizinrecht-strafrecht.de","https://medizinrecht-strafrecht.de/stellenangebote/","playwright","","unknown","needs_browser","Seite wirkt JavaScript-/Pagination-getrieben.","200","0","0","pagination,blocked,host:medizinrecht-strafrecht.de","2026-06-19"
"elc","elc-law","elc-law.de","https://www.elc-law.de/#karriere","dom","","unknown","ready","Joblinks sind direkt im HTML sichtbar.","200","12","0","load_more,host:www.elc-law.de","2026-06-19"
"dr-hartman-hilter-und-pointner-gbr","Rechtsanwälte Dr. Hartman-Hilter & Pointner GbR","rechtsanwaelte-zshp.de","https://www.rechtsanwaelte-zshp.de/karriere/","dom","","unknown","ready","Joblinks sind direkt im HTML sichtbar.","200","5","0","json_ld,load_more,pagination,host:www.rechtsanwaelte-zshp.de","2026-06-19"
"dms","DMS Rechtsanwälte","dms-strafrecht.de","https://dms-strafrecht.de","dom","","unknown","ready","Joblinks sind direkt im HTML sichtbar.","200","1","0","json_ld,pagination,blocked,host:dms-strafrecht.de","2026-06-19"
"dinter-kreissg-und-rechts-und-patentanwaltskanzlei","Dinter Kreißg & Partner - Rechts- und Patentanwaltskanzlei mbB","dinter-kreissig.de","https://dinter-kreissig.de/Kompetenzen/Internetrecht/index.html","dom","","unknown","ready","Joblinks sind direkt im HTML sichtbar.","200","4","0","host:dinter-kreissig.de","2026-06-19"
"mediationskanzlei-jutta-hohmann","Mediationskanzlei Jutta Hohmann","jutta-hohmann.de","https://jutta-hohmann.de","dom","","unknown","ready","Joblinks sind direkt im HTML sichtbar.","200","7","0","host:jutta-hohmann.de","2026-06-19"
"verbraucherkanzlei-seehofer","Verbraucherkanzlei Seehofer","kanzlei-seehofer.de","https://kanzlei-seehofer.de/anwaltskanzlei-verbraucherschutz-karriere/","playwright","","unknown","needs_browser","Seite wirkt JavaScript-/Pagination-getrieben.","200","0","0","pagination,js_app,host:kanzlei-seehofer.de","2026-06-19"
"strobel-lars-strobel","Strobel Rechtsanwälte Lars Strobel","ra-strobel.de","https://ra-strobel.de/rechtsanwalt-potsdam-stellen.php","dom","","unknown","ready","Joblinks sind direkt im HTML sichtbar.","200","1","0","host:ra-strobel.de","2026-06-19"
"porstmann-und-sporer-gbr","Kanzlei Porstmann & Sporer GbR","loeffler-porstmann.de","https://loeffler-porstmann.de","dom","","unknown","ready","Joblinks sind direkt im HTML sichtbar.","200","10","0","json_ld,load_more,pagination,host:www.loeffler-porstmann.de","2026-06-19"
"rauschhofer-fuer-it-recht","Rauschhofer Rechtsanwälte Kanzlei für IT-Recht","rechtsanwalt.de","https://rechtsanwalt.de","dom","","unknown","ready","Joblinks sind direkt im HTML sichtbar.","200","4","0","json_ld,pagination,blocked,host:www.rechtsanwalt.de","2026-06-19"
"gesellschaft-buergerlichen-rechts","Gesellschaft bürgerlichen Rechts","hose-partner.de","https://www.hose-partner.de/karriere/","dom","","unknown","ready","Joblinks sind direkt im HTML sichtbar.","200","1","0","pagination,host:www.hose-partner.de","2026-06-19"
"langnickel","kanzlei-langnickel","kanzlei-langnickel.de","https://kanzlei-langnickel.de","playwright","","unknown","needs_browser","Seite wirkt JavaScript-/Pagination-getrieben.","200","0","0","json_ld,pagination,blocked,host:kanzlei-langnickel.de","2026-06-19"
"rechtsanwaltskanzlei-florian-weiss","Rechtsanwaltskanzlei Florian Weiss","rechtsanwalt-weiss.info","https://rechtsanwalt-weiss.info","dom","","unknown","ready","Joblinks sind direkt im HTML sichtbar.","200","3","0","json_ld,host:rechtsanwalt-weiss.info","2026-06-19"
"karl-heinrich-von-zwehl-andreas-von-zwehl-gbr","Karl-Heinrich von Zwehl, Andreas von Zwehl Rechtsanwälte GbR","kanzlei-von-zwehl.de","https://kanzlei-von-zwehl.de","embedded_json","","unknown","ready","Eingebettete strukturierte Jobdaten gefunden.","200","2","1","json_ld,blocked,host:kanzlei-von-zwehl.de","2026-06-19"
"dr-habel-und-coll","Kanzlei Dr. Habel & Coll. Rechtsanwälte","advohabel.de","https://advohabel.de","dom","","unknown","ready","Joblinks sind direkt im HTML sichtbar.","200","2","0","host:www.advohabel.de","2026-06-19"
"ingo-delorette","Rechtsanwalt Ingo Delorette","delorette.de","https://delorette.de/#","dom","","unknown","ready","Joblinks sind direkt im HTML sichtbar.","200","7","0","json_ld,pagination,js_app,host:delorette.de","2026-06-19"
"dirksunddiercks","dirksunddiercks","dirksunddiercks.de","https://dirksunddiercks.de","dom","","unknown","ready","Joblinks sind direkt im HTML sichtbar.","200","1","0","pagination,blocked,host:dirksunddiercks.de","2026-06-19"
"stefan-scherer-und-fachanwalt-fuer-familienrecht-fachanwalt-fuer-arbeitsrecht","Stefan Scherer Rechtsanwalt und Notar Fachanwalt für Familienrecht Fachanwalt für Arbeitsrecht","rascherer.de","https://rascherer.de","llm_fallback","","unknown","fallback","Keine Jobs im HTML/JSON erkannt.","200","0","0","host:rascherer.de","2026-06-19"
"arndt-schroeder-lange","Rechtsanwälte Arndt Schröder Lange","asl-recht.de","https://asl-recht.de","dom","","unknown","ready","Joblinks sind direkt im HTML sichtbar.","200","2","0","pagination,host:asl-recht.de","2026-06-19"
"rechtsanwaeltin-helga-schaefer-fachanwaeltin-fuer-familienrecht","Rechtsanwältin Helga Schäfer Fachanwältin für Familienrecht","kanzlei-schaefer-mainz.de","https://kanzlei-schaefer-mainz.de","dom","","unknown","ready","Joblinks sind direkt im HTML sichtbar.","200","4","0","host:kanzlei-schaefer-mainz.de","2026-06-19"
"andrea-kern-kern-wandsbeker-marktstrasse","Andrea Kern Kanzlei Kern Wandsbeker Marktstraße","kanzlei-kern.org","https://kanzlei-kern.org","playwright","","unknown","needs_browser","Seite wirkt JavaScript-/Pagination-getrieben.","200","0","0","json_ld,pagination,host:kanzlei-kern.org","2026-06-19"
"meinecke-und-meinecke-gbr","Rechtsanwälte Meinecke & Meinecke GbR","meinecke.com","https://meinecke.com","dom","","unknown","ready","Joblinks sind direkt im HTML sichtbar.","200","2","0","json_ld,pagination,js_app,host:meinecke.com","2026-06-19"
"rechtsanwaeltin-susanne-g-e-richwien","Rechtsanwältin Susanne G. E. Richwien","ra-richwien.de","https://ra-richwien.de","llm_fallback","","unknown","fallback","Keine Jobs im HTML/JSON erkannt.","200","0","0","host:www.ra-richwien.de","2026-06-19"
"rapp-wolff","Rapp Wolff Rechtsanwälte","rappwolff.de","https://rappwolff.de","playwright","","unknown","needs_browser","Seite wirkt JavaScript-/Pagination-getrieben.","200","0","0","js_app,host:rappwolff.de","2026-06-19"
"frenzel-heinze-zeh-fhz-fachanwaelte","Frenzel - Heinze - Zeh FHZ Fachanwälte Notare","fhz-anwalt.de","https://fhz-anwalt.de/referendar-m-w-d-oder-rechtsanwalt-m-w-d-in-langenselbold-gesucht/","llm_fallback","","unknown","fallback","Keine Jobs im HTML/JSON erkannt.","200","0","0","json_ld,host:fhz-anwalt.de","2026-06-19"
"rechtanwaltskanzlei-josef-glaeser","Rechtanwaltskanzlei Josef Gläser","glaeser-rechtsanwalt.de","https://www.glaeser-rechtsanwalt.de/karriere/","dom","","unknown","ready","Joblinks sind direkt im HTML sichtbar.","200","3","0","json_ld,pagination,blocked,host:www.glaeser-rechtsanwalt.de","2026-06-19"
"rechtsanwaltskanzlei-claussnitzer","Rechtsanwaltskanzlei Claußnitzer","anwaltrostock.de","https://anwaltrostock.de","dom","","unknown","ready","Joblinks sind direkt im HTML sichtbar.","200","1","0","host:anwaltrostock.de","2026-06-19"
"fuer-steuern-und-recht","Kanzlei für Steuern und Recht","recht-shs.de","https://recht-shs.de","llm_fallback","","unknown","fallback","Keine Jobs im HTML/JSON erkannt.","200","0","0","host:www.recht-shs.de","2026-06-19"
"kemmler","Rechtsanwalt Kemmler","rechtsanwalt-kemmler.de","https://rechtsanwalt-kemmler.de","embedded_json","","unknown","ready","Eingebettete strukturierte Jobdaten gefunden.","200","0","2","json_ld,blocked,js_app,host:www.rechtsanwalt-kemmler.de","2026-06-19"
"anwaltskanzlei-krieger-landshut-regensburg-velden","ANWALTSKANZLEI KRIEGER Landshut Regensburg Velden","ra-krieger.de","https://ra-krieger.de","dom","","unknown","ready","Joblinks sind direkt im HTML sichtbar.","200","1","0","host:ra-krieger.de","2026-06-19"
"stern-huebner-dries-wuerker-partnergesellschaft-in-nuernberg-berlin","RECHTSANWÄLTE STERN HÜBNER DRIES WÜRKER Partnergesellschaft in Nürnberg | Berlin","rae-shd.de","https://rae-shd.de","dom","","unknown","ready","Joblinks sind direkt im HTML sichtbar.","200","6","0","json_ld,host:rae-shd.de","2026-06-19"
"marko-setzer-fuer-gesellschaftsrecht-und-arbeitsrecht","Kanzlei Marko Setzer – Rechtsanwalt für Gesellschaftsrecht & Arbeitsrecht","ra-setzer.de","https://ra-setzer.de","embedded_json","","unknown","ready","Eingebettete strukturierte Jobdaten gefunden.","200","2","1","json_ld,blocked,host:ra-setzer.de","2026-06-19"
"heinrich-und-coll","Rechtsanwälte Heinrich & Coll.","rechtsanwalt-heinrich.de","https://rechtsanwalt-heinrich.de","dom","","unknown","ready","Joblinks sind direkt im HTML sichtbar.","200","1","0","json_ld,pagination,blocked,host:rechtsanwalt-heinrich.de","2026-06-19"
"dieter-linke-fachanwalt-fuer-familienrecht-und-verkehrsrecht","Rechtsanwalt Dieter Linke Fachanwalt für Familienrecht & Verkehrsrecht","rechtsanwalt-linke.de","https://rechtsanwalt-linke.de","dom","","unknown","ready","Joblinks sind direkt im HTML sichtbar.","200","3","0","host:www.rechtsanwalt-linke.de","2026-06-19"
"oliver-wasiela-fachanwalt-fuer-arbeitsrecht","Rechtsanwalt Oliver Wasiela Fachanwalt für Arbeitsrecht","kanzlei-wasiela.de","https://kanzlei-wasiela.de","dom","","unknown","ready","Joblinks sind direkt im HTML sichtbar.","200","3","0","pagination,host:www.kanzlei-wasiela.de","2026-06-19"
"schrick","SCHRICK Rechtsanwälte","schrick.org","https://schrick.org","dom","","unknown","ready","Joblinks sind direkt im HTML sichtbar.","200","2","0","json_ld,js_app,host:schrick.org","2026-06-19"
"trautmann","rechtsanwaelte-trautmann","rechtsanwaelte-trautmann.de","https://rechtsanwaelte-trautmann.de","dom","","unknown","ready","Joblinks sind direkt im HTML sichtbar.","200","1","0","host:www.rechtsanwaelte-trautmann.de","2026-06-19"
"roesch","Kanzlei Rösch","kanzleiroesch.de","https://www.kanzleiroesch.de/offene-stellen/","dom","","unknown","ready","Joblinks sind direkt im HTML sichtbar.","200","1","0","json_ld,pagination,host:www.kanzleiroesch.de","2026-06-19"
"rechtsanwaltskanzlei-bettina-wohl","Rechtsanwaltskanzlei Bettina Wohl","rain-wohl.de","https://rain-wohl.de/stellenanzeigen","dom","","unknown","ready","Joblinks sind direkt im HTML sichtbar.","200","2","0","host:rain-wohl.de","2026-06-19"
"thomas-wagner-und","Thomas Wagner Rechtsanwalt und Notar","rechtsanwaltwagner.de","https://rechtsanwaltwagner.de","embedded_json","","unknown","ready","Eingebettete strukturierte Jobdaten gefunden.","200","1","1","json_ld,blocked,host:www.rechtsanwaltwagner.de","2026-06-19"
"roos-und-schmitz-gagnon-ist-eine-mit-beschraenkter-berufshaftung","Rechtsanwälte Roos & Schmitz-Gagnon ist eine Partnerschaft mit beschränkter Berufshaftung (PartGmbB)","rsg-rechtsanwaelte.com","https://www.rsg-rechtsanwaelte.com/karriere-bei-roos-und-schmitz-gagnon/","dom","","unknown","ready","Joblinks sind direkt im HTML sichtbar.","200","2","0","blocked,host:www.rsg-rechtsanwaelte.com","2026-06-19"
"kaspar-und","Kanzlei Kaspar & Partner","kanzlei-kaspar.de","https://kanzlei-kaspar.de","embedded_json","","unknown","ready","Eingebettete strukturierte Jobdaten gefunden.","200","2","2","json_ld,blocked,js_app,host:www.kanzlei-kaspar.de","2026-06-19"
"silvio-flade","Rechtsanwalt Silvio Flade","ra-flade.de","https://ra-flade.de","embedded_json","","unknown","ready","Eingebettete strukturierte Jobdaten gefunden.","200","1","2","json_ld,blocked,host:ra-flade.de","2026-06-19"
"reinhard-fusseder","Rechtsanwalt Reinhard Fusseder","ra-fusseder.de","https://ra-fusseder.de","dom","","unknown","ready","Joblinks sind direkt im HTML sichtbar.","200","1","0","host:ra-fusseder.de","2026-06-19"
"rechtsanwaltin-jacqueline-stoewenau-mann","Rechtsanwaltin Jacqueline Stoewenau-Mann","stoewenau-mann.de","https://stoewenau-mann.de","llm_fallback","","unknown","fallback","Keine Jobs im HTML/JSON erkannt.","200","0","0","host:www.stoewenau-mann.de","2026-06-19"
"christian-hopfner","Christian Hopfner, Rechtsanwalt","hopfner.info","https://hopfner.info/stellenangebote/","dom","","unknown","ready","Joblinks sind direkt im HTML sichtbar.","200","7","0","json_ld,load_more,pagination,host:hopfner.info","2026-06-19"
"dr-claudia-erk","Kanzlei Dr. Claudia Erk","kanzlei-erk.de","https://kanzlei-erk.de","playwright","","unknown","needs_browser","Seite wirkt JavaScript-/Pagination-getrieben.","200","0","0","json_ld,load_more,host:kanzlei-erk.de","2026-06-19"
"scheidel-rechtsanwaltskanzlei","SCHEIDEL Rechtsanwaltskanzlei","raescheidel.de","https://raescheidel.de","embedded_json","","unknown","ready","Eingebettete strukturierte Jobdaten gefunden.","200","0","1","json_ld,pagination,blocked,js_app,host:www.raescheidel.de","2026-06-19"
"rechtsanwaltskanzlei-haferkorn","rechtsanwaltskanzlei-haferkorn","rechtsanwaltskanzlei-haferkorn.de","https://rechtsanwaltskanzlei-haferkorn.de","llm_fallback","","unknown","fallback","Keine Jobs im HTML/JSON erkannt.","200","0","0","host:rechtsanwaltskanzlei-haferkorn.de","2026-06-19"
"rosengarth-und-gbr","Rosengarth und Partner GbR","rosengarth-gbr.de","https://rosengarth-gbr.de/karriere/","playwright","","unknown","needs_browser","Seite wirkt JavaScript-/Pagination-getrieben.","200","0","0","json_ld,load_more,pagination,js_app,host:rosengarth-gbr.de","2026-06-19"
"haydn-deuerlein-limmer","Rechtsanwälte Haydn · Deuerlein · Limmer","rechtsanwalts-kanzlei.de","https://rechtsanwalts-kanzlei.de","dom","","unknown","ready","Joblinks sind direkt im HTML sichtbar.","200","1","0","host:www.rechtsanwalts-kanzlei.de","2026-06-19"
"bernd-hansen","Rechtsanwalt Bernd Hansen","rechtsanwalt-hansen.de","https://rechtsanwalt-hansen.de","dom","","unknown","ready","Joblinks sind direkt im HTML sichtbar.","200","4","0","blocked,js_app,host:www.rechtsanwalt-hansen.de","2026-06-19"
"graf-detzer","GRAF-DETZER Rechtsanwälte","rechtsanwalts-kanzlei-wolfratshausen.de","https://www.rechtsanwalts-kanzlei-wolfratshausen.de/kanzlei/karriere/","embedded_json","","unknown","ready","Eingebettete strukturierte Jobdaten gefunden.","200","5","1","json_ld,pagination,host:www.rechtsanwalts-kanzlei-wolfratshausen.de","2026-06-19"
"hartman-hilter","Kanzlei Hartman-Hilter","familienrecht-muenchen.de","https://familienrecht-muenchen.de","reader_or_llm","","unknown","blocked","Seite wirkt geblockt oder leer fuer normale Requests.","200","0","0","blocked,host:www.familienrecht-muenchen.de","2026-06-19"
"schott-rechtsanwalte","Schott Rechtsanwalte","schott-recht.de","https://schott-recht.de/index.php/stellenausschreibung","dom","","unknown","ready","Joblinks sind direkt im HTML sichtbar.","200","2","0","json_ld,host:schott-recht.de","2026-06-19"
"renokanzlei-rechtsanwalte-und","Renokanzlei Rechtsanwalte & Notare","renokanzlei.de","https://www.renokanzlei.de/kanzlei/karriere/","dom","","unknown","ready","Joblinks sind direkt im HTML sichtbar.","200","2","0","json_ld,pagination,blocked,host:www.renokanzlei.de","2026-06-19"
"dahasterecht","dahasterecht","dahasterecht.de","https://dahasterecht.de","dom","","unknown","ready","Joblinks sind direkt im HTML sichtbar.","200","2","0","json_ld,pagination,blocked,host:www.dahasterecht.de","2026-06-19"
"boegemann-und-und-notarin","Bögemann & Partner mbB - Rechtsanwälte & Notarin","boegemann-partner.de","https://boegemann-partner.de","dom","","unknown","ready","Joblinks sind direkt im HTML sichtbar.","200","2","0","load_more,blocked,js_app,host:www.boegemann-partner.de","2026-06-19"
"fachanwaelte-dr-mayer-strehle-suessenguth","Rechtsanwälte | Fachanwälte Dr. Mayer | Strehle | Süßenguth","rechtsanwaelte-neuoetting.de","https://rechtsanwaelte-neuoetting.de","dom","","unknown","ready","Joblinks sind direkt im HTML sichtbar.","200","1","0","host:www.rechtsanwaelte-neuoetting.de","2026-06-19"
"weber","Rechtsanwälte Weber Partnerschaft mbB","raew.de","https://raew.de/hp638/Stellenanzeigen.htm","dom","","unknown","ready","Joblinks sind direkt im HTML sichtbar.","200","1","0","host:raew.de","2026-06-19"
"mielke","Mielke Rechtsanwälte","ra-dfm.de","https://www.ra-dfm.de/karriere","dom","","unknown","ready","Joblinks sind direkt im HTML sichtbar.","200","7","0","pagination,blocked,js_app,host:www.ra-dfm.de","2026-06-19"
"kathrin-zehrtner-gottschalk","Kathrin Zehrtner-Gottschalk","ra-zg.de","https://ra-zg.de","llm_fallback","","unknown","request_error","SSLError","","0","0","","2026-06-19"
"becker-und","Becker & Partner","rabepa.de","https://rabepa.de","dom","","unknown","ready","Joblinks sind direkt im HTML sichtbar.","200","3","0","host:www.rabepa.de","2026-06-19"
"anwaltskanzlei-beschnidt-knott-und","Anwaltskanzlei Rechtsanwälte Beschnidt, Knott und Partner mbB","rae-bkp.de","https://www.rae-bkp.de/index.php/stellenangebote-jobs/","dom","","unknown","ready","Joblinks sind direkt im HTML sichtbar.","200","1","0","json_ld,pagination,js_app,host:www.rae-bkp.de","2026-06-19"
"und-mediator-uwe-j-badt","Rechtsanwalt & Mediator Uwe J. Badt","badt.de","https://badt.de","playwright","","unknown","needs_browser","Seite wirkt JavaScript-/Pagination-getrieben.","200","0","0","pagination,blocked,host:www.badt.de","2026-06-19"
"tempel-und-kollegen","Tempel & Kollegen Rechtsanwälte","ra-tempel.de","https://ra-tempel.de","dom","","unknown","ready","Joblinks sind direkt im HTML sichtbar.","200","2","0","host:ra-tempel.de","2026-06-19"
"botsch-gunther-und-rechtsanwaltspartnerschaft","Botsch + Gunther STEUERBERATER- UND RECHTSANWALTSPARTNERSCHAFT mbB","steuerberater-bayern.de","https://steuerberater-bayern.de","dom","","unknown","ready","Joblinks sind direkt im HTML sichtbar.","200","9","0","json_ld,pagination,host:www.steuerberater-bayern.de","2026-06-19"
"andreas-biehs","Rechtsanwalt Andreas Biehs","kanzlei-biehs.de","https://kanzlei-biehs.de","dom","","unknown","ready","Joblinks sind direkt im HTML sichtbar.","200","1","0","host:kanzlei-biehs.de","2026-06-19"
"abendroth-und-lehmann","Rechtsanwälte Abendroth & Lehmann","ra-rechtsberatung.de","https://ra-rechtsberatung.de","dom","","unknown","ready","Joblinks sind direkt im HTML sichtbar.","200","1","0","host:www.ra-rechtsberatung.de","2026-06-19"
"kraenzlein-adams-eckstein","Kränzlein, Adams, Eckstein Rechtsanwälte","muenchner-strafverteidiger.de","https://muenchner-strafverteidiger.de","dom","","unknown","ready","Joblinks sind direkt im HTML sichtbar.","200","1","0","json_ld,blocked,js_app,host:www.muenchner-strafverteidiger.de","2026-06-19"
"dr-baldauf-dr-klumpp-und-coll-rechtanwaltsgesellschaft-mbh","Dr. Baldauf · Dr. Klumpp & Coll. Rechtanwaltsgesellschaft mbH","baldauf-klumpp.de","https://baldauf-klumpp.de","dom","","unknown","ready","Joblinks sind direkt im HTML sichtbar.","200","1","0","host:www.baldauf-klumpp.de","2026-06-19"
"bernd-pfelzer-und","Bernd Pfelzer Rechtsanwalt und Notar","ra-pfelzer.de","https://ra-pfelzer.de/karriere/","dom","","unknown","ready","Joblinks sind direkt im HTML sichtbar.","200","4","0","host:ra-pfelzer.de","2026-06-19"
"rechtsanwalts-und-steuerberatungskanzlei-tischler-reiter","Rechtsanwalts- und Steuerberatungskanzlei Tischler, Reiter","ra-stb-tischler.de","https://ra-stb-tischler.de","dom","","unknown","ready","Joblinks sind direkt im HTML sichtbar.","200","5","0","host:ra-stb-tischler.de","2026-06-19"
"asmus-scheublein-rechtsanwalts-und-steuerkanzlei","Asmus Scheublein Rechtsanwalts- und Steuerkanzlei","kanzlei-asmus.de","https://kanzlei-asmus.de","dom","","unknown","ready","Joblinks sind direkt im HTML sichtbar.","200","5","0","nuxt,pagination,blocked,js_app,host:www.kanzlei-asmus.de","2026-06-19"
"balschbach-martin-und-reiter-gesellschaft-buergerlichen-rechts","Rechtsanwälte Balschbach, Martin & Reiter Gesellschaft bürgerlichen Rechts","balschbach-martin.de","https://balschbach-martin.de","dom","","unknown","ready","Joblinks sind direkt im HTML sichtbar.","200","5","0","host:balschbach-martin.de","2026-06-19"
"winkel-buhrfeind-und","Winkel, Buhrfeind und Partner, Rechtsanwälte, PartGmbB","kanzlei-wbp.de","https://kanzlei-wbp.de/stellenangebote/","dom","","unknown","ready","Joblinks sind direkt im HTML sichtbar.","200","2","0","blocked,host:kanzlei-wbp.de","2026-06-19"
"heinrich-beestermoeller","Rechtsanwalt Heinrich Beestermöller","ra.habitrust.de","https://ra.habitrust.de","llm_fallback","","unknown","fallback","Keine Jobs im HTML/JSON erkannt.","200","0","0","host:ra.habitrust.de","2026-06-19"
"rls-rechtsanwalte-retzlaff-sommer-horn","RLS Rechtsanwalte Retzlaff Sommer Horn","rls-kanzlei.de","https://rls-kanzlei.de/karriere/","playwright","","unknown","needs_browser","Seite wirkt JavaScript-/Pagination-getrieben.","200","0","0","json_ld,pagination,host:rls-kanzlei.de","2026-06-19"
"metzger-und-kollegen-herr-mathias-metzger","Metzger & Kollegen Herr Rechtsanwalt Mathias Metzger","metzgerundkollegen.de","https://metzgerundkollegen.de","dom","","unknown","ready","Joblinks sind direkt im HTML sichtbar.","200","3","0","host:metzgerundkollegen.de","2026-06-19"
"unknown","Rechtsanwälte Steuerberater mbB","olschar.de","https://www.olschar.de/karriere.html","dom","","unknown","ready","Joblinks sind direkt im HTML sichtbar.","200","8","0","json_ld,host:www.olschar.de","2026-06-19"
"rechtsanwaeltin-simone-sperling","Rechtsanwältin Simone Sperling","anwaltskanzlei-sperling.de","https://anwaltskanzlei-sperling.de","dom","","unknown","ready","Joblinks sind direkt im HTML sichtbar.","200","3","0","json_ld,pagination,js_app,host:www.anwaltskanzlei-sperling.de","2026-06-19"
"fachkanzlei-dr-hollitzer-und-hiller","Fachkanzlei Dr. Hollitzer & Hiller Partnerschaft Rechtsanwälte","rechtsanwalt-hollitzer.de","https://rechtsanwalt-hollitzer.de/karriere-stellenangebote/","dom","","unknown","ready","Joblinks sind direkt im HTML sichtbar.","200","7","0","json_ld,load_more,pagination,js_app,host:rechtsanwalt-hollitzer.de","2026-06-19"
"nanda-und-ballentin-in-buerogemeinschaft","Rechtsanwälte Nanda & Ballentin in Bürogemeinschaft","rechtsanwalt-memmingen.eu","https://rechtsanwalt-memmingen.eu","dom","","unknown","ready","Joblinks sind direkt im HTML sichtbar.","200","1","0","host:rechtsanwalt-memmingen.eu","2026-06-19"
"linderhaus-stabreit","Linderhaus | Stabreit | Legal","lsl-legal.de","https://lsl-legal.de","dom","","unknown","ready","Joblinks sind direkt im HTML sichtbar.","200","6","0","pagination,blocked,host:lsl-legal.de","2026-06-19"
"muench","Münch Rechtsanwälte","rechtsanwaelte-muench.de","https://rechtsanwaelte-muench.de","dom","","unknown","ready","Joblinks sind direkt im HTML sichtbar.","200","8","0","json_ld,host:www.rechtsanwaelte-muench.de","2026-06-19"
"frank-loewenstein","Rechtsanwalt Frank Löwenstein","recht21.com","https://recht21.com/unterlagen.html","dom","","unknown","ready","Joblinks sind direkt im HTML sichtbar.","200","5","0","blocked,js_app,host:www.anwalt-loewenstein.de","2026-06-19"
"rechtsanwaltskanzlei-michael-zimmermann","Rechtsanwaltskanzlei Michael Zimmermann","rechtsanwaltbochum.de","https://rechtsanwaltbochum.de","dom","","unknown","ready","Joblinks sind direkt im HTML sichtbar.","200","5","0","blocked,host:rechtsanwaltbochum.de","2026-06-19"
"s-f-c-strafverteidigerbuero-heidelberg-und-mannheim","s·f·c Rechtsanwälte · Strafverteidigerbüro · Heidelberg und Mannheim","rae-sfc.de","https://rae-sfc.de","dom","","unknown","ready","Joblinks sind direkt im HTML sichtbar.","200","4","0","js_app,host:www.rae-sfc.de","2026-06-19"
"walprecht-fur-reiserecht","Walprecht Kanzlei Fur Reiserecht","reiserechtsanwalt.com","https://reiserechtsanwalt.com","dom","","unknown","ready","Joblinks sind direkt im HTML sichtbar.","200","1","0","json_ld,load_more,pagination,blocked,host:www.reiserechtsanwalt.com","2026-06-19"
"pusch-und-graf","Rechtsanwälte Pusch & Graf","rechtsanwaelte-pusch-und-graf.com","https://rechtsanwaelte-pusch-und-graf.com","dom","","unknown","ready","Joblinks sind direkt im HTML sichtbar.","200","3","0","blocked,host:www.rechtsanwaelte-pusch-und-graf.com","2026-06-19"
"tobias-hahn","Rechtsanwalt Tobias Hahn","strafrecht-hahn.de","https://strafrecht-hahn.de","dom","","unknown","ready","Joblinks sind direkt im HTML sichtbar.","200","1","0","pagination,host:strafrecht-hahn.de","2026-06-19"
"swr","SWR Partnerschaft mbB Steuerberater Rechtsanwalt","steuer-wirtschaft-recht.de","https://www.steuer-wirtschaft-recht.de/karriere","dom","","unknown","ready","Joblinks sind direkt im HTML sichtbar.","200","11","0","json_ld,host:www.steuer-wirtschaft-recht.de","2026-06-19"
"badewitz","Steuerberater Badewitz","steuerkanzlei-badewitz.de","https://steuerkanzlei-badewitz.de","llm_fallback","","unknown","request_error","SSLError","","0","0","","2026-06-19"
"madl-und-kollegen","Madl & Kollegen Rechtsanwälte","madl.de","https://madl.de","dom","","unknown","ready","Joblinks sind direkt im HTML sichtbar.","200","4","0","json_ld,host:www.madl.de","2026-06-19"
"plutte","Kanzlei Plutte","ra-plutte.de","https://ra-plutte.de","embedded_json","","unknown","ready","Eingebettete strukturierte Jobdaten gefunden.","200","4","1","json_ld,pagination,blocked,host:www.ra-plutte.de","2026-06-19"
"javitz-und-spandau","Javitz & Spandau Rechtsanwälte","rechtsanwaelte-js.de","https://rechtsanwaelte-js.de","dom","","unknown","ready","Joblinks sind direkt im HTML sichtbar.","200","4","0","host:rechtsanwaelte-js.de","2026-06-19"
"kgw","KGW Rechtsanwälte","kgw-rechtsanwaelte.de","https://www.kgw-rechtsanwaelte.de/karriere/","dom","","unknown","ready","Joblinks sind direkt im HTML sichtbar.","200","1","0","pagination,js_app,host:www.kgw-rechtsanwaelte.de","2026-06-19"
"volker-kukorus","Rechtsanwalt Volker Kukorus","kukorus.de","https://kukorus.de","dom","","unknown","ready","Joblinks sind direkt im HTML sichtbar.","200","1","0","host:www.kukorus.de","2026-06-19"
"steinkrueger-stingl-und-partnerschaftsgesellschaft","STEINKRÜGER STINGL & PARTNER Rechtsanwälte Steuerberater Partnerschaftsgesellschaft mbB","steinkrueger-stingl.com","https://steinkrueger-stingl.com/karriere/","playwright","","unknown","needs_browser","Seite wirkt JavaScript-/Pagination-getrieben.","200","0","0","json_ld,pagination,host:steinkrueger-stingl.com","2026-06-19"
"wetzstein-richter","Kanzlei Wetzstein + Richter Partnerschaft","wetzstein-richter.de","https://wetzstein-richter.de","dom","","unknown","ready","Joblinks sind direkt im HTML sichtbar.","200","1","0","json_ld,pagination,host:wetzstein-richter.de","2026-06-19"
"sozietaet-kraft-und-friederich-gbr","Sozietät Kraft & Friederich GbR","kraft-friederich.de","https://www.kraft-friederich.de/wp-content/uploads/2019/08/Kanzlei_Kraft-Friederich_Stellenanzeige_Steuerfachangestellter_Steuerfachwirtin_Bilanzbuchhalterin.pdf","llm_fallback","","unknown","fallback","Keine Jobs im HTML/JSON erkannt.","200","0","0","host:www.kraft-friederich.de","2026-06-19"
"mayr-fuer-arbeitsrecht","Mayr - Kanzlei für Arbeitsrecht","mayr-arbeitsrecht.de","https://www.mayr-arbeitsrecht.de/rentnerinnen-weiterbeschaeftigen-oder-neu-einstellen-warum-das-fuer-arbeitgeberinnen-immer-wichtiger-wird/","dom","","unknown","ready","Joblinks sind direkt im HTML sichtbar.","200","1","0","json_ld,blocked,host:www.mayr-arbeitsrecht.de","2026-06-19"
"kloenne-klein-und","Klönne, Klein & Partner mbB Rechtsanwälte","kloenne-klein.de","https://www.kloenne-klein.de/karriere/","dom","","unknown","ready","Joblinks sind direkt im HTML sichtbar.","200","3","0","json_ld,pagination,blocked,host:www.kloenne-klein.de","2026-06-19"
"dr-martens-und-collegen-fachanwaelte","Dr. Martens und Collegen Rechtsanwälte. Fachanwälte. Notar","martens-collegen.de","https://martens-collegen.de","embedded_json","","unknown","ready","Eingebettete strukturierte Jobdaten gefunden.","200","0","1","json_ld,pagination,blocked,js_app,host:www.martens-collegen.de","2026-06-19"
"modl-und-coll","Rechtsanwälte Modl & Coll.","ramodl.de","https://ramodl.de","dom","","unknown","ready","Joblinks sind direkt im HTML sichtbar.","200","1","0","pagination,blocked,js_app,host:ramodl.de","2026-06-19"
"rechtsanwaltnuernberg-mobi","rechtsanwaltnuernberg.mobi","rechtsanwaltnuernberg.mobi","https://rechtsanwaltnuernberg.mobi","dom","","unknown","ready","Joblinks sind direkt im HTML sichtbar.","200","1","0","json_ld,pagination,js_app,host:www.rechtsanwaltnuernberg.mobi","2026-06-19"
"rechtsanwaeltin-angelika-riehl-michaelis","Rechtsanwältin Angelika Riehl-Michaelis","riehl-michaelis.de","https://riehl-michaelis.de","dom","","unknown","ready","Joblinks sind direkt im HTML sichtbar.","200","2","0","pagination,host:riehl-michaelis.de","2026-06-19"
"prof-dr-burkhard-oexmann","Prof. Dr. Burkhard Oexmann RECHTSANWALT","oexmann.de","https://oexmann.de/karriere","dom","","unknown","ready","Joblinks sind direkt im HTML sichtbar.","200","2","0","host:oexmann.de","2026-06-19"
"rechtsanwaltskanzlei-sylvia-weisse","Rechtsanwaltskanzlei Sylvia Weiße","kanzlei-weisse.de","https://kanzlei-weisse.de","dom","","unknown","ready","Joblinks sind direkt im HTML sichtbar.","200","1","0","host:kanzlei-weisse.de","2026-06-19"
"klehm-und-coll","Klehm & Coll. Rechtsanwälte","ra-klehm.de","https://ra-klehm.de","dom","","unknown","ready","Joblinks sind direkt im HTML sichtbar.","200","2","0","host:ra-klehm.de","2026-06-19"
"mena","MENA LEGAL","mena-legal.com","https://mena-legal.com","dom","","unknown","ready","Joblinks sind direkt im HTML sichtbar.","200","2","0","blocked,host:mena-legal.com","2026-06-19"
"und-fachanwalt-fuer-strafrecht-carsten-herrle","Rechtsanwalt und Fachanwalt für Strafrecht Carsten Herrle","ra-herrle.de","https://ra-herrle.de","dom","","unknown","ready","Joblinks sind direkt im HTML sichtbar.","200","1","0","json_ld,load_more,pagination,blocked,host:ra-herrle.de","2026-06-19"
"merz-schaeftlmeier-und","Merz, Schäftlmeier und Partner Rechtsanwälte","kanzlei-merz.de","https://kanzlei-merz.de","llm_fallback","","unknown","request_error","SSLError","","0","0","","2026-06-19"
"rechtsanwaeltin-maximiliane-loebel","Rechtsanwältin Maximiliane Loebel","loebel.net","https://loebel.net","playwright","","unknown","needs_browser","Seite wirkt JavaScript-/Pagination-getrieben.","200","0","0","pagination,js_app,host:loebel.net","2026-06-19"
"rechtsanwalts-und-notarpraxis-schnoeckelborg-und-kollegen","Rechtsanwalts- und Notarpraxis Schnöckelborg & Kollegen","rae-iburg.de","https://rae-iburg.de/#karriere","llm_fallback","","unknown","fallback","Keine Jobs im HTML/JSON erkannt.","200","0","0","host:rae-iburg.de","2026-06-19"
"sek","Kanzlei SEK","kanzleisek.de","https://kanzleisek.de","dom","","unknown","ready","Joblinks sind direkt im HTML sichtbar.","200","4","0","json_ld,pagination,blocked,js_app,host:www.kanzleisek.de","2026-06-19"
"benscheid-weckbrodt-kraus-milz-fachanwaelte","Benscheid – Weckbrodt – Kraus – Milz Rechtsanwälte – Fachanwälte","rechtsanwaelte-benscheid.de","https://rechtsanwaelte-benscheid.de","dom","","unknown","ready","Joblinks sind direkt im HTML sichtbar.","200","2","0","pagination,host:www.rechtsanwaelte-benscheid.de","2026-06-19"
"kai-juedemann","Rechtsanwalt Kai Jüdemann","ra-juedemann.de","https://ra-juedemann.de/aktuelle-stellenangebote/","dom","","unknown","ready","Joblinks sind direkt im HTML sichtbar.","200","1","0","json_ld,pagination,blocked,host:ra-juedemann.de","2026-06-19"
"steu-er-koehler","Steu­er­kanzlei Köhler","steuerkanzlei-koehler.de","https://steuerkanzlei-koehler.de/karriere/","dom","","unknown","ready","Joblinks sind direkt im HTML sichtbar.","200","1","0","json_ld,pagination,blocked,host:steuerkanzlei-koehler.de","2026-06-19"
"dr-ahrens-und-ahrens","Rechtsanwälte Dr. Ahrens und Ahrens","raa-schleswig.com","https://www.ionos.de/websites/homepage-erstellen","dom","","unknown","ready","Joblinks sind direkt im HTML sichtbar.","200","1","0","next_data,json_ld,load_more,host:www.ionos.de","2026-06-19"
"andreas-h-kittel","Andreas H. Kittel Rechtsanwalt","kanzlei-kittel.de","https://kanzlei-kittel.de","llm_fallback","","unknown","fallback","Keine Jobs im HTML/JSON erkannt.","200","0","0","host:kanzlei-kittel.de","2026-06-19"
"ender-karakas","Rechtsanwalt Ender Karakas","kanzlei-karakas.de","https://kanzlei-karakas.de","playwright","","unknown","needs_browser","Seite wirkt JavaScript-/Pagination-getrieben.","200","0","0","json_ld,pagination,host:kanzlei-karakas.de","2026-06-19"
"sievert-und-dr-sievert","Kanzlei Sievert & Dr. Sievert","kanzlei-sievert.de","https://kanzlei-sievert.de","embedded_json","","unknown","ready","Eingebettete strukturierte Jobdaten gefunden.","200","1","2","json_ld,blocked,js_app,host:www.kanzlei-sievert.de","2026-06-19"
"waizenhoefer-und-kollegen-gbr","Rechtsanwälte Waizenhöfer und Kollegen GbR","ra-waizenhoefer.de","https://ra-waizenhoefer.de","llm_fallback","","unknown","request_error","SSLError","","0","0","","2026-06-19"
"bender-und-philipp","Bender & Philipp Rechtsanwälte Partnerschaft mbB","bender-rechtsanwaelte.de","https://bender-rechtsanwaelte.de/offene-stellen-und-referendariat.html","llm_fallback","","unknown","fallback","Keine Jobs im HTML/JSON erkannt.","200","0","0","host:bender-rechtsanwaelte.de","2026-06-19"
"rechtsanwaeltin-millich","Rechtsanwältin Millich","rae-millich-schmidt.de","https://rae-millich-schmidt.de","llm_fallback","","unknown","request_error","HTTPError","","0","0","","2026-06-19"
"hollmayr-perl-dr-wenzl-und-koll","Rechtsanwälte Hollmayr - Perl - Dr. Wenzl & Koll","kanzlei-hollmayr.de","https://kanzlei-hollmayr.de","embedded_json","","unknown","ready","Eingebettete strukturierte Jobdaten gefunden.","200","2","1","json_ld,blocked,js_app,host:www.kanzlei-hollmayr.de","2026-06-19"
"schwab","Kanzlei Schwab","kanzlei-schwab-es.de","https://kanzlei-schwab-es.de","reader_or_llm","","unknown","blocked","Seite wirkt geblockt oder leer fuer normale Requests.","200","0","0","json_ld,blocked,host:kanzlei-schwab-es.de","2026-06-19"
"christoph-frhr-v-d-bussche-und-notarin","CHRISTOPH FRHR. V.D. BUSSCHE RECHTSANWÄLTE & NOTARIN","raebussche.de","https://raebussche.de/stellenangebote/","dom","","unknown","ready","Joblinks sind direkt im HTML sichtbar.","200","1","0","host:raebussche.de","2026-06-19"
"giese-und-windus-und-schmaler","Giese & Windus & Schmaler Rechtsanwälte","giese-rae.de","https://giese-rae.de","dom","","unknown","ready","Joblinks sind direkt im HTML sichtbar.","200","2","0","json_ld,js_app,host:giese-rae.de","2026-06-19"
"rechtsanwaeltin-pia-kaul-gemmer","Rechtsanwältin Pia Kaul-Gemmer","kanzlei-kaul.de","https://kanzlei-kaul.de/Stellenangebote/","dom","","unknown","ready","Joblinks sind direkt im HTML sichtbar.","200","1","0","host:kanzlei-kaul.de","2026-06-19"
"kees-hehl-heckmann-anwaltssozietaet-gesellschaft-des-buergerlichen-rechts-vertreten-durch-guenther-hehl","Kees Hehl Heckmann Anwaltssozietät (Gesellschaft des bürgerlichen Rechts) vertreten durch Rechtsanwalt Günther Hehl","khh-ra.de","https://khh-ra.de","dom","","unknown","ready","Joblinks sind direkt im HTML sichtbar.","200","2","0","host:khh-ra.de","2026-06-19"
"dr-conring-und-kollegen","Dr. Conring & Kollegen","anwaelte-weener.de","https://anwaelte-weener.de","dom","","unknown","ready","Joblinks sind direkt im HTML sichtbar.","200","2","0","nuxt,pagination,blocked,js_app,host:www.anwaelte-weener.de","2026-06-19"
"welslau","Kanzlei Welslau","kanzlei-welslau.de","https://kanzlei-welslau.de","embedded_json","","unknown","ready","Eingebettete strukturierte Jobdaten gefunden.","200","6","1","json_ld,blocked,host:www.kanzlei-welslau.de","2026-06-19"
"hkl","Kanzlei HKL","kanzlei-hkl.de","https://kanzlei-hkl.de","dom","","unknown","ready","Joblinks sind direkt im HTML sichtbar.","200","4","0","host:kanzlei-hkl.de","2026-06-19"
"frenz-leng-frenz-und-hashagen-und-hoppe","Frenz, Leng-Frenz und Hashagen & Hoppe Rechtsanwälte PartG mbB","kanzlei-brake.de","https://kanzlei-brake.de","dom","","unknown","ready","Joblinks sind direkt im HTML sichtbar.","200","3","0","pagination,blocked,host:www.kanzlei-brake.de","2026-06-19"
"anwaltskanzlei-libuda-larsen-libuda","Anwaltskanzlei Libuda - Rechtsanwalt Larsen Libuda","libuda.de","https://libuda.de/index.php/jobs","dom","","unknown","ready","Joblinks sind direkt im HTML sichtbar.","200","1","0","json_ld,host:libuda.de","2026-06-19"
"dr-norbert-targan-wirtschaftspruefungsgesellschaft","Rechtsanwalt Dr. Norbert Targan Wirtschaftsprüfungsgesellschaft","kanzlei-tvr.de","https://www.kanzlei-tvr.de/ausbildung-karriere/","dom","","unknown","ready","Joblinks sind direkt im HTML sichtbar.","200","5","0","json_ld,pagination,host:www.kanzlei-tvr.de","2026-06-19"
"sbzw-rechtsanwaltskanzlei-dr-reinhard-bodenburg","SBZW Rechtsanwaltskanzlei Dr. Reinhard Bodenburg","sbzw.de","https://sbzw.de/#karriere","dom","","unknown","ready","Joblinks sind direkt im HTML sichtbar.","200","5","0","load_more,pagination,js_app,host:sbzw.de","2026-06-19"
"bayer-romeiser-anwaltskanzlei-in-bad-fallingbostel-und-schneverdingen","Kanzlei Bayer-Romeiser - Anwaltskanzlei in Bad Fallingbostel und Schneverdingen","bayer-romeiser.de","https://bayer-romeiser.de","dom","","unknown","ready","Joblinks sind direkt im HTML sichtbar.","200","1","0","host:www.bayer-romeiser.de","2026-06-19"
"martin-gbr","Martin Rechtsanwälte GbR","martin-anwaelte.de","https://www.martin-anwaelte.de/karriere/","dom","","unknown","ready","Joblinks sind direkt im HTML sichtbar.","200","9","0","json_ld,js_app,host:www.martin-anwaelte.de","2026-06-19"
"tino-ruettinger","Tino Rüttinger Rechtsanwalt","ra-ruettinger.de","https://ra-ruettinger.de","dom","","unknown","ready","Joblinks sind direkt im HTML sichtbar.","200","3","0","host:ra-ruettinger.de","2026-06-19"
"anna-friesen-rechtsanwaeltin","Anna Friesen Rechtsanwältin","kanzlei-friesen.de","https://kanzlei-friesen.de","dom","","unknown","ready","Joblinks sind direkt im HTML sichtbar.","200","2","0","host:kanzlei-friesen.de","2026-06-19"
"am-wall-roehe-und","Kanzlei am Wall Rechtsanwälte Röhe und Partner mbB","kanzleiamwall.de","https://kanzleiamwall.de/de/kanzlei/karriere","dom","","unknown","ready","Joblinks sind direkt im HTML sichtbar.","200","8","0","json_ld,host:kanzleiamwall.de","2026-06-19"
"buder-und-muehlbauer","Kanzlei Buder & Mühlbauer Rechtsanwälte","bmdd.de","https://bmdd.de/stellenangebote/","reader_or_llm","","unknown","blocked","Seite wirkt geblockt oder leer fuer normale Requests.","200","0","0","json_ld,blocked,host:bmdd.de","2026-06-19"
"richard-linnenbrink","Rechtsanwalt Richard Linnenbrink","anwaltskanzlei-linnenbrink.de","https://anwaltskanzlei-linnenbrink.de","dom","","unknown","ready","Joblinks sind direkt im HTML sichtbar.","200","4","0","blocked,host:www.anwaltskanzlei-linnenbrink.de","2026-06-19"
"anwaltskanzlei-thoma-dr-helm-und-kollegen","Anwaltskanzlei Thoma, Dr. Helm & Kollegen","kanzlei-thoma.de","https://kanzlei-thoma.de","reader_or_llm","","unknown","blocked","Seite wirkt geblockt oder leer fuer normale Requests.","200","0","0","blocked,host:www.kanzlei-thoma.de","2026-06-19"
"brehm","Kanzlei Brehm","kanzleibrehm.de","https://kanzleibrehm.de","embedded_json","","unknown","ready","Eingebettete strukturierte Jobdaten gefunden.","200","0","3","json_ld,load_more,pagination,blocked,host:www.kanzleibrehm.de","2026-06-19"
"kenzler-und-kollegen","Kenzler Und Kollegen","berlin.kenzler-kollegen.de","https://berlin.kenzler-kollegen.de/stellenangebot/","dom","","unknown","ready","Joblinks sind direkt im HTML sichtbar.","200","2","0","pagination,host:berlin.kenzler-kollegen.de","2026-06-19"
"ralf-schwitzgebel-fachanwalt-fuer-arbeitsrecht","Ralf Schwitzgebel Rechtsanwalt/Fachanwalt für Arbeitsrecht","kanzleibks.de","https://kanzleibks.de","dom","","unknown","ready","Joblinks sind direkt im HTML sichtbar.","200","2","0","json_ld,pagination,blocked,host:kanzleibks.de","2026-06-19"
"und-rechtsanwaltskanzlei-kurz-silke-kurz","Steuerberater- und Rechtsanwaltskanzlei Kurz, Silke Kurz","kanzlei-kurz.info","https://kanzlei-kurz.info/karriere-bei-kanzlei-kurz/","embedded_json","","unknown","ready","Eingebettete strukturierte Jobdaten gefunden.","200","3","1","json_ld,pagination,js_app,host:kanzlei-kurz.info","2026-06-19"
"dr-koellner-henze-und-kollegen-gbr","Rechtsanwälte Dr. Köllner, Henze und Kollegen GbR","ra-dr-koellner-ua.de","https://ra-dr-koellner-ua.de","llm_fallback","","unknown","fallback","Keine Jobs im HTML/JSON erkannt.","200","0","0","host:www.ra-dr-koellner-ua.de","2026-06-19"
"heinicke-burghardt","Heinicke Burghardt Rechtsanwälte","heinicke.com","https://heinicke.com","dom","","unknown","ready","Joblinks sind direkt im HTML sichtbar.","200","1","0","json_ld,pagination,host:heinicke.com","2026-06-19"
"rain-dr-jur-ute-renschler-delcker","RAin Dr. jur. Ute Renschler-Delcker","delcker.de","https://delcker.de","playwright","","unknown","needs_browser","Seite wirkt JavaScript-/Pagination-getrieben.","200","0","0","json_ld,pagination,host:delcker.de","2026-06-19"
"birgitt-lohmanns-rechtsanwaeltin-und-mediatorin","Birgitt Lohmanns Rechtsanwältin und Mediatorin","kanzlei-lohmanns.de","https://kanzlei-lohmanns.de","embedded_json","","unknown","ready","Eingebettete strukturierte Jobdaten gefunden.","200","0","1","json_ld,pagination,blocked,js_app,host:www.kanzlei-lohmanns.de","2026-06-19"
"hilbert-kampf-sgumin","Hilbert | Kampf | Sgumin | Rechtsanwälte Partnerschaft","hilbert-kampf.de","https://hilbert-kampf.de","dom","","unknown","ready","Joblinks sind direkt im HTML sichtbar.","200","2","0","pagination,host:www.hilbert-kampf.de","2026-06-19"
"luehring-und","Lühring & Partner Rechtsanwälte PartGmbB","scholz-luehring.de","https://www.scholz-luehring.de/kanzlei/karriere/","dom","","unknown","ready","Joblinks sind direkt im HTML sichtbar.","200","13","0","json_ld,pagination,blocked,host:www.scholz-luehring.de","2026-06-19"
"rechtsanwaeltin-und-fachanwaeltin-fuer-familienrecht","Rechtsanwältin & Fachanwältin für Familienrecht","rechtsanwalt-halver.de","https://rechtsanwalt-halver.de","llm_fallback","","unknown","fallback","Keine Jobs im HTML/JSON erkannt.","200","0","0","host:rechtsanwalt-halver.de","2026-06-19"
"ax-fachanwalt","Kanzlei Ax Rechtsanwälte · Fachanwalt · Notar","ra-ax.de","https://ra-ax.de","dom","","unknown","ready","Joblinks sind direkt im HTML sichtbar.","200","3","0","host:ra-ax.de","2026-06-19"
"rechtsanwaltskanzlei-engelhard-busch-und-gbr","Rechtsanwaltskanzlei Engelhard, Busch & Partner GbR","kanzlei-ebp.de","https://kanzlei-ebp.de","dom","","unknown","ready","Joblinks sind direkt im HTML sichtbar.","200","1","0","json_ld,pagination,blocked,host:www.kanzlei-ebp.de","2026-06-19"
"heitjans-und-gbr","Heitjans und Partner GbR","kanzlei-heitjans.de","https://www.kanzlei-heitjans.de/karriere.html#ra","dom","","unknown","ready","Joblinks sind direkt im HTML sichtbar.","200","3","0","host:www.kanzlei-heitjans.de","2026-06-19"
"mueller-schoenemann-tietgen-rodewoldt-dr-franke-fachanwaelte","Müller-Schönemann - Tietgen - Rodewoldt - Dr. Franke Rechtsanwälte - Notare - Fachanwälte","mst-norderstedt.de","https://www.mst-norderstedt.de/kontakt/karriere","dom","","unknown","ready","Joblinks sind direkt im HTML sichtbar.","200","7","0","host:www.mst-norderstedt.de","2026-06-19"
"lewandowski","LEWANDOWSKI Rechtsanwälte","rechtsanwalt-steglitz.de","https://rechtsanwalt-steglitz.de","dom","","unknown","ready","Joblinks sind direkt im HTML sichtbar.","200","3","0","blocked,host:www.rechtsanwalt-steglitz.de","2026-06-19"
"risto-hansen","Risto Hansen Rechtsanwälte Partnerschaft mbB","kanzlei-risto.de","https://kanzlei-risto.de","llm_fallback","","unknown","request_error","TooManyRedirects","","0","0","","2026-06-19"
"am-muehlenplatz","Kanzlei am Mühlenplatz","kanzlei-muehlenplatz.de","https://www.kanzlei-muehlenplatz.de/kopie-von-stellenangebot","playwright","","unknown","needs_browser","Seite wirkt JavaScript-/Pagination-getrieben.","200","0","0","pagination,blocked,js_app,host:www.kanzlei-muehlenplatz.de","2026-06-19"
"hbs-wirtschaftspruefungsgesellschaft","HBS GmbH Wirtschaftsprüfungsgesellschaft","hbs-wp.de","https://www.hbs-wp.de/de/karriere/","embedded_json","","unknown","ready","Eingebettete strukturierte Jobdaten gefunden.","200","10","2","json_ld,blocked,host:www.hbs-wp.de","2026-06-19"
"rechtsanwaeltin-marina-meissner","Rechtsanwältin Marina Meissner","anwalt-pirna.de","https://anwalt-pirna.de","embedded_json","","unknown","ready","Eingebettete strukturierte Jobdaten gefunden.","200","1","1","json_ld,blocked,js_app,host:www.anwalt-pirna.de","2026-06-19"
"gottschalk-de","Gottschalk-partner.de","gottschalk-partner.de","https://www.gottschalk-partner.de/karriere/","dom","","unknown","ready","Joblinks sind direkt im HTML sichtbar.","200","3","0","json_ld,pagination,host:www.gottschalk-partner.de","2026-06-19"
"rechtsanwaltskanzlei-burgmans-rechtsanwaeltin-susanne-bender","Rechtsanwaltskanzlei Burgmans Rechtsanwältin Susanne Bender","kanzlei-burgmans.de","https://kanzlei-burgmans.de","embedded_json","","unknown","ready","Eingebettete strukturierte Jobdaten gefunden.","200","0","2","json_ld,blocked,js_app,host:www.kanzlei-burgmans.de","2026-06-19"
"schorn-ll-m-fachanwalt-fuer-steuerrecht","Rechtsanwalt Schorn, LL.M., Fachanwalt für Steuerrecht","kanzlei-schorn.de","https://kanzlei-schorn.de","llm_fallback","","unknown","fallback","Keine Jobs im HTML/JSON erkannt.","200","0","0","host:kanzlei-schorn.de","2026-06-19"
"dr-lungstras-und-lungstras","DR. LUNGSTRAS & LUNGSTRAS – RECHTSANWÄLTE","kanzlei-lungstras.de","https://kanzlei-lungstras.de","reader_or_llm","","unknown","blocked","Seite wirkt geblockt oder leer fuer normale Requests.","200","0","0","blocked,host:www.kanzlei-lungstras.de","2026-06-19"
"hausherr-steuerwald-ritter-insolvenzverwalter-partnerschaftsgesellschaft","Hausherr Steuerwald Ritter Rechtsanwälte Insolvenzverwalter Partnerschaftsgesellschaft mbB","hausherr-steuerwald.de","https://www.hausherr-steuerwald.de/karriere/","dom","","unknown","ready","Joblinks sind direkt im HTML sichtbar.","200","5","0","json_ld,blocked,host:www.hausherr-steuerwald.de","2026-06-19"
"rae-grohmann-und-kollegen","RAe Grohmann & Kollegen","grohmann-kollegen.de","https://grohmann-kollegen.de","llm_fallback","","unknown","fallback","Keine Jobs im HTML/JSON erkannt.","200","0","0","json_ld,host:grohmann-kollegen.de","2026-06-19"
"felgentreff","Kanzlei Felgentreff","kanzlei-felgentreff.de","https://kanzlei-felgentreff.de","dom","","unknown","ready","Joblinks sind direkt im HTML sichtbar.","200","5","0","json_ld,host:kanzlei-felgentreff.de","2026-06-19"
"ilex","ilex RECHTSANWÄLTE","ilex-recht.de","https://www.ilex-recht.de/karriere.html","embedded_json","","unknown","ready","Eingebettete strukturierte Jobdaten gefunden.","200","2","1","json_ld,host:www.ilex-recht.de","2026-06-19"
"lauer-und-kollegen","Kanzlei Lauer & Kollegen","lauer-und-kollegen.de","https://lauer-und-kollegen.de","playwright","","unknown","needs_browser","Seite wirkt JavaScript-/Pagination-getrieben.","200","0","0","pagination,host:lauer-und-kollegen.de","2026-06-19"
"ra-poppa","ra-poppa","ra-poppa.de","https://ra-poppa.de","llm_fallback","","unknown","fallback","Keine Jobs im HTML/JSON erkannt.","200","0","0","host:ra-poppa.de","2026-06-19"
"dr-ferschen-und-gesellschaft-buergerlichen-rechts","Dr. Ferschen & Partner Gesellschaft bürgerlichen Rechts Rechtsanwälte","dr-ferschen.com","https://dr-ferschen.com/karriere/","dom","","unknown","ready","Joblinks sind direkt im HTML sichtbar.","200","3","0","json_ld,load_more,pagination,blocked,host:dr-ferschen.com","2026-06-19"
"grimm","Grimm Rechtsanwälte","grimm-rechtsanwaelte.de","https://grimm-rechtsanwaelte.de","dom","","unknown","ready","Joblinks sind direkt im HTML sichtbar.","200","5","0","host:grimm-rechtsanwaelte.de","2026-06-19"
"guggenberger-und-philipp","GUGGENBERGER & PHILIPP Rechtsanwälte","guggenberger-philipp.de","https://guggenberger-philipp.de","playwright","","unknown","needs_browser","Seite wirkt JavaScript-/Pagination-getrieben.","200","0","0","load_more,pagination,js_app,host:www.guggenberger-philipp.de","2026-06-19"
"fachanwaelte-dr-poggemann-osnabrueck","Rechtsanwälte | Fachanwälte Dr. Poggemann, Osnabrück","rae-pp.de","https://rae-pp.de","embedded_json","","unknown","ready","Eingebettete strukturierte Jobdaten gefunden.","200","5","1","json_ld,host:rae-pp.de","2026-06-19"
"frowein-und-rechtsanwaltssozietaet","Frowein & Partner Rechtsanwaltssozietät","frowein-partner.de","https://frowein-partner.de/Karriere/index.html","dom","","unknown","ready","Joblinks sind direkt im HTML sichtbar.","200","1","0","host:frowein-partner.de","2026-06-19"
"und-anwaltskanzlei-sommerfeld-heisiep-gosmann","Notar und Anwaltskanzlei Sommerfeld, Heisiep, Gosmann","anwaltso.de","https://anwaltso.de","dom","","unknown","ready","Joblinks sind direkt im HTML sichtbar.","200","11","0","host:anwaltso.de","2026-06-19"
"saathoff-habe-buehre-fachanwaelte","SAATHOFF HABE BÜHRE Rechtsanwälte · Fachanwälte","ra-shb.de","https://ra-shb.de","playwright","","unknown","needs_browser","Seite wirkt JavaScript-/Pagination-getrieben.","200","0","0","json_ld,pagination,blocked,host:ra-shb.de","2026-06-19"
"gks-gbr","GKS Rechtsanwälte GbR","gks-rechtsanwaelte.de","https://gks-rechtsanwaelte.de/karriere/","dom","","unknown","ready","Joblinks sind direkt im HTML sichtbar.","200","3","0","json_ld,host:gks-rechtsanwaelte.de","2026-06-19"
"paul-christian-franz-fachanwalt-fuer-verkehrsrecht","Paul-Christian FRANZ Rechtsanwalt Fachanwalt für Verkehrsrecht","p-c-franz.de","https://p-c-franz.de","dom","","unknown","ready","Joblinks sind direkt im HTML sichtbar.","200","1","0","json_ld,pagination,blocked,host:www.p-c-franz.de","2026-06-19"
"grugel-kiefer","Grugel + Kiefer Rechtsanwälte","grugel-kiefer.de","https://grugel-kiefer.de","llm_fallback","","unknown","fallback","Keine Jobs im HTML/JSON erkannt.","200","0","0","host:grugel-kiefer.de","2026-06-19"
"jentsch-rechtanwaelte","Jentsch Rechtanwälte","aufenthaltsrecht.net","https://aufenthaltsrecht.net","dom","","unknown","ready","Joblinks sind direkt im HTML sichtbar.","200","2","0","blocked,host:www.aufenthaltsrecht.net","2026-06-19"
"pfeifer-und-kollegen","Rechtsanwälte Pfeifer und Kollegen","anwaltskanzlei-chemnitz.de","https://anwaltskanzlei-chemnitz.de","embedded_json","","unknown","ready","Eingebettete strukturierte Jobdaten gefunden.","200","3","1","json_ld,blocked,js_app,host:www.anwaltskanzlei-chemnitz.de","2026-06-19"
"machens-und","MACHENS & PARTNER Rechtsanwälte","machens-rechtsanwaelte.de","https://machens-rechtsanwaelte.de","embedded_json","","unknown","ready","Eingebettete strukturierte Jobdaten gefunden.","200","1","1","json_ld,host:www.machens-rechtsanwaelte.de","2026-06-19"
"beisse-und-rath-von-rechtsanwaelten","Beisse und Rath Partnerschaft von Rechtsanwälten mbB","beisse-rath.de","https://beisse-rath.de/karriere","dom","","unknown","ready","Joblinks sind direkt im HTML sichtbar.","200","2","0","host:beisse-rath.de","2026-06-19"
"rechtsanwaeltin-sabine-hein","Rechtsanwältin Sabine Hein","rechtsanwaeltin-hein.de","https://rechtsanwaeltin-hein.de","dom","","unknown","ready","Joblinks sind direkt im HTML sichtbar.","200","1","0","json_ld,pagination,blocked,js_app,host:rechtsanwaeltin-hein.de","2026-06-19"
"bonk-in-hamburg","bonk - Rechtsanwälte in Hamburg","bonk-rechtsanwaelte.de","https://bonk-rechtsanwaelte.de","embedded_json","","unknown","ready","Eingebettete strukturierte Jobdaten gefunden.","200","1","2","json_ld,pagination,blocked,host:www.bonk-rechtsanwaelte.de","2026-06-19"
"koerner-klehm-und-greim-gbr","Körner, Klehm & Greim Rechtsanwälte (GBR)","ra-kkg.de","https://ra-kkg.de","dom","","unknown","ready","Joblinks sind direkt im HTML sichtbar.","200","2","0","json_ld,blocked,host:www.ra-kkg.de","2026-06-19"
"udo-kuhlmann","Rechtsanwalt Udo Kuhlmann","fachanwalt-baurecht.org","https://fachanwalt-baurecht.org","llm_fallback","","unknown","request_error","SSLError","","0","0","","2026-06-19"
"anwaltskanzlei-stallmach-baurecht-architektenrecht-familienrecht","Anwaltskanzlei Stallmach | Baurecht Architektenrecht Familienrecht","kanzlei-stallmach.de","https://kanzlei-stallmach.de/kooperation-stellenangebot/","dom","","unknown","ready","Joblinks sind direkt im HTML sichtbar.","200","4","0","json_ld,host:kanzlei-stallmach.de","2026-06-19"
"anwaltskanzlei-hesselnfeld-jost-und-moye","ANWALTSKANZLEI HESSELNFELD-JOST & MOYE","akanzlei.de","https://akanzlei.de","dom","","unknown","ready","Joblinks sind direkt im HTML sichtbar.","200","3","0","pagination,blocked,host:akanzlei.de","2026-06-19"
"volz-angelstorf-manok-lehmann-und-i-l","Rechtsanwälte Volz, Angelstorf, Manok, Lehmann & Partner mbB i. L.","rae-volz.de","https://rae-volz.de","dom","","unknown","ready","Joblinks sind direkt im HTML sichtbar.","200","2","0","json_ld,host:www.rae-volz.de","2026-06-19"
"rolf-scheider","Rechtsanwalt Rolf Scheider","kanzlei-scheider.de","https://kanzlei-scheider.de","dom","","unknown","ready","Joblinks sind direkt im HTML sichtbar.","200","3","0","host:kanzlei-scheider.de","2026-06-19"
"rechtsanwaltskanzlei-back-und-kollegen-kaufbeuren","Rechtsanwaltskanzlei Back & Kollegen Kaufbeuren","anwaltskanzlei-back.de","https://anwaltskanzlei-back.de","dom","","unknown","ready","Joblinks sind direkt im HTML sichtbar.","200","3","0","host:anwaltskanzlei-back.de","2026-06-19"
"dr-joerg-wegner","Dr. Jörg Wegner | Rechtsanwalt","anwalt-dr-wegner.de","https://anwalt-dr-wegner.de","dom","","unknown","ready","Joblinks sind direkt im HTML sichtbar.","200","3","0","host:anwalt-dr-wegner.de","2026-06-19"
"bernhoerster-kersting-und-kollegen-fachanwaelte-und","Bernhörster, Kersting & Kollegen Rechtsanwälte, Fachanwälte & Notare","revieradvokaten.de","https://revieradvokaten.de","dom","","unknown","ready","Joblinks sind direkt im HTML sichtbar.","200","4","0","host:revieradvokaten.de","2026-06-19"
"baurecht-nuernberg-beyer","Rechtsanwalt Baurecht Nürnberg - Beyer Rechtsanwälte","rae-beyer.de","https://rae-beyer.de","dom","","unknown","ready","Joblinks sind direkt im HTML sichtbar.","200","4","0","host:rae-beyer.de","2026-06-19"
"reppel-seekamp-bausen-fachanwaelte","Reppel Seekamp Bausen - Rechtsanwälte Fachanwälte Partnerschaft mbB","kanzlei-siegerland.de","https://kanzlei-siegerland.de","reader_or_llm","","unknown","blocked","Seite wirkt geblockt oder leer fuer normale Requests.","200","0","0","json_ld,blocked,host:www.kanzlei-siegerland.de","2026-06-19"
"suess","Süß Rechtsanwälte PartG mbB","gesetz-dem-fall.de","https://gesetz-dem-fall.de","dom","","unknown","ready","Joblinks sind direkt im HTML sichtbar.","200","1","0","host:www.gesetz-dem-fall.de","2026-06-19"
"dr-hoevels-und-fachanwaelte-fuer-arbeitsrecht-und-familienrecht","Rechtsanwälte Dr. Hoevels & Partner Fachanwälte für Arbeitsrecht und Familienrecht","rae-hoezi.de","https://rae-hoezi.de/stellenangebote.html","llm_fallback","","unknown","fallback","Keine Jobs im HTML/JSON erkannt.","200","0","0","host:rae-hoezi.de","2026-06-19"
"r24-kooperation-und","R24 Kooperation § Rechtsanwälte & Steuerberater","r24.de","https://r24.de/karriere/","dom","","unknown","ready","Joblinks sind direkt im HTML sichtbar.","200","3","0","json_ld,host:r24.de","2026-06-19"
"dr-nickel-rechtsanwaltsgesellschaft-mbh","Dr. Nickel Rechtsanwaltsgesellschaft mbH","kanzlei-dr-nickel.de","https://kanzlei-dr-nickel.de","reader_or_llm","","unknown","blocked","Seite wirkt geblockt oder leer fuer normale Requests.","200","0","0","blocked,host:www.kanzlei-dr-nickel.de","2026-06-19"
"schardey-simons-lorenz-partnerschaftsgesellschaft","SCHARDEY · SIMONS · LORENZ Rechtsanwälte Partnerschaftsgesellschaft mbB","schardey.de","https://schardey.de","dom","","unknown","ready","Joblinks sind direkt im HTML sichtbar.","200","3","0","host:schardey.de","2026-06-19"
"dr-thomas-mayer-und-christian-fiehl-ll-m","Rechtsanwälte Dr. Thomas Mayer Und Kanzlei Christian Fiehl LL.M","mayer-rechtsanwaelte.de","https://mayer-rechtsanwaelte.de","dom","","unknown","ready","Joblinks sind direkt im HTML sichtbar.","200","5","0","host:mayer-rechtsanwaelte.de","2026-06-19"
"partnerschaftsgesellschaft-knoerzer-und-marx","Partnerschaftsgesellschaft mbB Knörzer & Marx","stb-km.de","https://stb-km.de","dom","","unknown","ready","Joblinks sind direkt im HTML sichtbar.","200","2","0","pagination,js_app,host:stb-km.de","2026-06-19"
"rechtsanwaeltin-susanne-teichmann","Rechtsanwältin Susanne Teichmann","kanzlei-teichmann.de","https://kanzlei-teichmann.de","playwright","","unknown","needs_browser","Seite wirkt JavaScript-/Pagination-getrieben.","200","0","0","json_ld,pagination,blocked,host:kanzlei-teichmann.de","2026-06-19"
"dr-klaus-froebel-und","Kanzlei Dr. Klaus Froebel & Partner mbB Rechtsanwälte","dr-froebel.de","https://dr-froebel.de/karriere/","playwright","","unknown","needs_browser","Seite wirkt JavaScript-/Pagination-getrieben.","200","0","0","json_ld,pagination,js_app,host:dr-froebel.de","2026-06-19"
"stephan-grosssteinbeck","Rechtsanwalt Stephan Großsteinbeck","ra-grosssteinbeck.de","https://ra-grosssteinbeck.de","embedded_json","","unknown","ready","Eingebettete strukturierte Jobdaten gefunden.","200","1","1","json_ld,host:www.ra-grosssteinbeck.de","2026-06-19"
"gubitz-und-partnerschaftsgesellschaft","Gubitz und Partner, Partnerschaftsgesellschaft","gubitz-partner.de","https://gubitz-partner.de","dom","","unknown","ready","Joblinks sind direkt im HTML sichtbar.","200","3","0","json_ld,js_app,host:gubitz-partner.de","2026-06-19"
"dhonau-dickes-welker-fachanwaelte","Dhonau Dickes Welker Rechtsanwälte ∙ Fachanwälte ∙ PartG mbB","dhonau-dickes.com","https://dhonau-dickes.com","playwright","","unknown","needs_browser","Seite wirkt JavaScript-/Pagination-getrieben.","200","0","0","json_ld,pagination,host:dhonau-dickes.com","2026-06-19"
"emslander-und-und","Emslander & Partner Steuerberater und Rechtsanwalt","emslander-steuer-recht.de","https://www.emslander-steuer.de/jobs.php","dom","","unknown","ready","Joblinks sind direkt im HTML sichtbar.","200","1","0","host:www.emslander-steuer.de","2026-06-19"
"schweitzer-und-schweitzer-gbr","Schweitzer & Schweitzer GbR","rae-schweitzer.de","https://rae-schweitzer.de","llm_fallback","","unknown","fallback","Keine Jobs im HTML/JSON erkannt.","200","0","0","json_ld,host:www.rae-schweitzer.de","2026-06-19"
"dr-rudolf-karpf","Rechtsanwalt Dr. Rudolf Karpf","advohaus.de","https://advohaus.de","dom","","unknown","ready","Joblinks sind direkt im HTML sichtbar.","200","1","0","pagination,js_app,host:www.advohaus.de","2026-06-19"
"gockel-und-kollegen","Rechtsanwälte Gockel & Kollegen","gockelundkollegen.de","https://gockelundkollegen.de","playwright","","unknown","needs_browser","Seite wirkt JavaScript-/Pagination-getrieben.","200","0","0","json_ld,pagination,blocked,host:gockelundkollegen.de","2026-06-19"
"heck-valter-boettcher-thoennissen","RECHTSANWÄLTE HECK VALTER BÖTTCHER THÖNNISSEN PARTGMBB","westanwaelte.de","https://westanwaelte.de/karriere","dom","","unknown","ready","Joblinks sind direkt im HTML sichtbar.","200","12","0","host:westanwaelte.de","2026-06-19"
"stohlmann-partmbb","Stohlmann Rechtsanwälte PartmbB","dr-stohlmann.de","https://dr-stohlmann.de/karriere","dom","","unknown","ready","Joblinks sind direkt im HTML sichtbar.","200","10","0","blocked,js_app,host:www.dr-stohlmann.de","2026-06-19"
"hattig-und-dr-leupolt","Hattig und Dr. Leupolt Rechtsanwälte","hattig-leupolt.de","https://hattig-leupolt.de","dom","","unknown","ready","Joblinks sind direkt im HTML sichtbar.","200","2","0","pagination,blocked,host:www.hattig-leupolt.de","2026-06-19"
"rechtsanwaltssozietaet-rahle-schreiber-und-collegen","Rechtsanwaltssozietät Rahle. Schreiber & Collegen","rahle.de","https://rahle.de","dom","","unknown","ready","Joblinks sind direkt im HTML sichtbar.","200","1","0","host:rahle.de","2026-06-19"
"griesel-und","Rechtsanwälte Griesel & Partner mbB","griesel-kollegen.de","https://griesel-kollegen.de","dom","","unknown","ready","Joblinks sind direkt im HTML sichtbar.","200","1","0","json_ld,pagination,js_app,host:gkm.law","2026-06-19"
"dirk-bettinger","Rechtsanwalt Dirk Bettinger","rechtsanwalt-bettinger.de","https://rechtsanwalt-bettinger.de","dom","","unknown","ready","Joblinks sind direkt im HTML sichtbar.","200","5","0","json_ld,pagination,host:www.rechtsanwalt-bettinger.de","2026-06-19"
"frobenius-foisner-holzeis-steuerberatungsgesellschaft-mbh","FROBENIUS-FOISNER-HOLZEIS Steuerberatungsgesellschaft mbH","frobenius.de","https://frobenius.de","embedded_json","","unknown","ready","Eingebettete strukturierte Jobdaten gefunden.","200","0","2","json_ld,pagination,blocked,js_app,host:www.frobenius.de","2026-06-19"
"dr-mueller-fuer-medizinrecht","KANZLEI ■ DR.MÜLLER Kanzlei für Medizinrecht","drmuellerlaw.de","https://drmuellerlaw.de","dom","","unknown","ready","Joblinks sind direkt im HTML sichtbar.","200","1","0","blocked,host:www.drmuellerlaw.de","2026-06-19"
"thouet-und-kollegen","Thouet & Kollegen Steuerberater . Rechtsanwälte","thouet-kollegen.de","https://www.thouet-kollegen.de/karriere","embedded_json","","unknown","ready","Eingebettete strukturierte Jobdaten gefunden.","200","3","1","json_ld,blocked,host:www.thouet-kollegen.de","2026-06-19"
"anwaltskanzlei-jan-lohwasser-zwickau-meerane-umgebung","Anwaltskanzlei Jan Lohwasser Zwickau | Meerane | Umgebung","anwaltskanzlei-lohwasser.de","https://anwaltskanzlei-lohwasser.de","dom","","unknown","ready","Joblinks sind direkt im HTML sichtbar.","200","2","0","host:anwaltskanzlei-lohwasser.de","2026-06-19"
"jesse-blachowski","Rechtsanwalt Jesse Blachowski","ra-blachowski.de","https://ra-blachowski.de","embedded_json","","unknown","ready","Eingebettete strukturierte Jobdaten gefunden.","200","1","1","json_ld,blocked,js_app,host:www.ra-blachowski.de","2026-06-19"
"obermeyer","Kanzlei Obermeyer","kanzlei-obermeyer.de","https://www.kanzlei-obermeyer.de/karriere-3","embedded_json","","unknown","ready","Eingebettete strukturierte Jobdaten gefunden.","200","0","1","json_ld,blocked,host:www.kanzlei-obermeyer.de","2026-06-19"
"hoeltershinken-und-kollegen","Kanzlei Höltershinken & Kollegen","sh-inso.de","https://www.sh-inso.de/karriere-jobs-kanzlei/","dom","","unknown","ready","Joblinks sind direkt im HTML sichtbar.","200","2","0","pagination,host:www.sh-inso.de","2026-06-19"
"dr-jung-und","Rechtsanwälte Dr. Jung und Partner","anwaltskanzlei-jung.de","https://anwaltskanzlei-jung.de","embedded_json","","unknown","ready","Eingebettete strukturierte Jobdaten gefunden.","200","0","2","json_ld,host:www.anwaltskanzlei-jung.de","2026-06-19"
"franziska-unkelbach","Kanzlei Franziska Unkelbach","kanzlei-unkelbach.de","https://kanzlei-unkelbach.de","llm_fallback","","unknown","fallback","Keine Jobs im HTML/JSON erkannt.","200","0","0","json_ld,host:www.kanzlei-unkelbach.de","2026-06-19"
"carsten-j-diercks","Carsten J. Diercks Rechtsanwalt","diercksrechtsanwalt.de","https://diercksrechtsanwalt.de","embedded_json","","unknown","ready","Eingebettete strukturierte Jobdaten gefunden.","200","0","2","json_ld,blocked,host:www.diercksrechtsanwalt.de","2026-06-19"
"sinapius-gbr","Sinapius Rechtsanwälte GbR","gerichtsplatz.de","https://gerichtsplatz.de","dom","","unknown","ready","Joblinks sind direkt im HTML sichtbar.","200","2","0","json_ld,pagination,js_app,host:www.gerichtsplatz.de","2026-06-19"
"dr-hofer-und-hofer-und","Dr. Hofer & Hofer Steuerberater und Rechtsanwalt","dr-hofer.com","https://dr-hofer.com","embedded_json","","unknown","ready","Eingebettete strukturierte Jobdaten gefunden.","200","3","1","json_ld,pagination,blocked,js_app,host:www.dr-hofer.com","2026-06-19"
"drescher","Rechtsanwalt Drescher","anwalt-drescher.de","https://www.anwalt-drescher.de/über-die-kanzlei/stellenangebote/","reader_or_llm","","unknown","blocked","Seite wirkt geblockt oder leer fuer normale Requests.","200","0","0","blocked,host:www.anwalt-drescher.de","2026-06-19"
"und-carsten-kerkamm","Rechtsanwalt und Notar Carsten Kerkamm","kanzlei-kerkamm.de","https://kanzlei-kerkamm.de","llm_fallback","","unknown","request_error","ConnectionError","","0","0","","2026-06-19"
"berger-und-faoual","Rechtsanwälte Berger & Faoual","anwalt-ulm.com","https://anwalt-ulm.com","dom","","unknown","ready","Joblinks sind direkt im HTML sichtbar.","200","9","0","json_ld,host:anwalt-ulm.com","2026-06-19"
"jens-steinert","Rechtsanwalt Jens Steinert","anwaltskanzlei-steinert.de","https://anwaltskanzlei-steinert.de","dom","","unknown","ready","Joblinks sind direkt im HTML sichtbar.","200","2","0","json_ld,pagination,js_app,host:anwaltskanzlei-steinert.de","2026-06-19"
"anwaltskanzlei-storr","Anwaltskanzlei Storr","storr.eu","https://storr.eu","dom","","unknown","ready","Joblinks sind direkt im HTML sichtbar.","200","2","0","host:www.storr.eu","2026-06-19"
"rohpeter-schwinn-und-damm","Rohpeter, Schwinn & Damm Rechtsanwälte PartG mbB","medizinrechtskanzlei.net","https://medizinrechtskanzlei.net","dom","","unknown","ready","Joblinks sind direkt im HTML sichtbar.","200","1","0","pagination,blocked,host:medizinrechtskanzlei.net","2026-06-19"
"rechtsanwaltskanzlei-wtw-und-kollegen","Rechtsanwaltskanzlei WTW & Kollegen","kanzlei-wtw.de","https://kanzlei-wtw.de/karriere.php","dom","","unknown","ready","Joblinks sind direkt im HTML sichtbar.","200","1","0","host:kanzlei-wtw.de","2026-06-19"
"else-schwarz","else.schwarz Rechtsanwälte Partnerschaft","else-schwarz.de","https://else-schwarz.de","playwright","","unknown","needs_browser","Seite wirkt JavaScript-/Pagination-getrieben.","200","0","0","pagination,blocked,host:www.else-schwarz.de","2026-06-19"
"dirk-loeber-und-torsten-sonneborn","Rechtsanwälte Dirk Löber und Torsten Sonneborn","rechtsanwaelte-ls.de","https://www.rechtsanwaelte-ls.de/unser-team/stellenangebote/","dom","","unknown","ready","Joblinks sind direkt im HTML sichtbar.","200","6","0","json_ld,pagination,host:www.rechtsanwaelte-ls.de","2026-06-19"
"rechtsanwaltskanzlei-thomas-grossmann","Rechtsanwaltskanzlei Thomas Großmann","anwaltskanzlei-grossmann.de","https://anwaltskanzlei-grossmann.de","embedded_json","","unknown","ready","Eingebettete strukturierte Jobdaten gefunden.","200","2","1","json_ld,host:www.anwaltskanzlei-grossmann.de","2026-06-19"
"nordhorn-und-kuehlke","Nordhorn & Kühlke | Rechtsanwälte","nordhorn-kuehlke.de","https://nordhorn-kuehlke.de","embedded_json","","unknown","ready","Eingebettete strukturierte Jobdaten gefunden.","200","0","1","json_ld,pagination,blocked,host:nordhorn-kuehlke.de","2026-06-19"
"glufke-boehm-und","Rechtsanwälte Glufke-Böhm & Partner mbB","kanzlei-glufke-boehm.de","https://kanzlei-glufke-boehm.de/karriere/","dom","","unknown","ready","Joblinks sind direkt im HTML sichtbar.","200","3","0","json_ld,pagination,host:kanzlei-glufke-boehm.de","2026-06-19"
"reckschmidt-und-heyen-partnerschaftsgesellschaft-von-rechtsanwaelten","Kanzlei Reckschmidt & Heyen Partnerschaftsgesellschaft von Rechtsanwälten","reckschmidt.de","https://reckschmidt.de","embedded_json","","unknown","ready","Eingebettete strukturierte Jobdaten gefunden.","200","1","2","json_ld,pagination,blocked,host:www.reckschmidt.de","2026-06-19"
"und-ronald-heesch","Rechtsanwalt und Notar Ronald Heesch","kanzlei-heesch.de","https://kanzlei-heesch.de","dom","","unknown","ready","Joblinks sind direkt im HTML sichtbar.","200","1","0","json_ld,load_more,pagination,host:kanzlei-heesch.de","2026-06-19"
"rechtsanwaltskanzlei-kim-eva-werner-thrien","Rechtsanwaltskanzlei Kim Eva Werner-Thrien","kanzlei-altenessen.de","https://kanzlei-altenessen.de","embedded_json","","unknown","ready","Eingebettete strukturierte Jobdaten gefunden.","200","1","1","json_ld,host:www.kanzlei-altenessen.de","2026-06-19"
"michael-karrasch","rechtsanwalt-michael-karrasch","rechtsanwalt-michael-karrasch.de","https://www.kleinanzeigen.de/s-jobs/c102","manual_review","","unknown","analysis_error","ValueError","","0","0","","2026-06-19"
"abegg-und-abegg-partnerschaftsgesellschaft","Rechtsanwälte Abegg & Abegg Partnerschaftsgesellschaft mbB","abegg-rechtsanwaelte.de","https://abegg-rechtsanwaelte.de","embedded_json","","unknown","ready","Eingebettete strukturierte Jobdaten gefunden.","200","2","1","json_ld,pagination,blocked,js_app,host:www.abegg-rechtsanwaelte.de","2026-06-19"
"starke","STARKE RECHTSANWÄLTE PartGmbB","starke-rechtsanwaelte.de","https://www.starke-rechtsanwaelte.de/rechtsanwaltskanzlei/jobs/","llm_fallback","","unknown","fallback","Keine Jobs im HTML/JSON erkannt.","200","0","0","json_ld,host:www.starke-rechtsanwaelte.de","2026-06-19"
"frank-kretzschmar","Frank Kretzschmar Rechtsanwalt","frank-kretzschmar-rechtsanwalt.de","https://frank-kretzschmar-rechtsanwalt.de","dom","","unknown","ready","Joblinks sind direkt im HTML sichtbar.","200","4","0","host:frank-kretzschmar-rechtsanwalt.de","2026-06-19"
"rechtsanwaltskanzlei-dr-abramowski-und-dr-nowak","Rechtsanwaltskanzlei Dr. Abramowski & Dr. Nowak","abno.de","https://www.abno.de/stellenangebote-rechtsanwaltskanzlei/","embedded_json","","unknown","ready","Eingebettete strukturierte Jobdaten gefunden.","200","4","1","json_ld,pagination,host:www.abno.de","2026-06-19"
"pfaelzische-rechtsanwaltskammer-zweibruecken","Pfälzische Rechtsanwaltskammer Zweibrücken","wbt-rechtsanwaelte.de","https://www.wbt-rechtsanwaelte.de/#karriere","dom","","unknown","ready","Joblinks sind direkt im HTML sichtbar.","200","5","0","pagination,blocked,host:www.wbt-rechtsanwaelte.de","2026-06-19"
"reiners-rogge","Reiners Rogge Rechtsanwälte","rr-anwalt.de","https://rr-anwalt.de","dom","","unknown","ready","Joblinks sind direkt im HTML sichtbar.","200","2","0","host:rr-anwalt.de","2026-06-19"
"hachenberg-pospich-und-wirtschaftspruefungsgesellschaft-steuerberatungsgesellschaft","Hachenberg, Pospich & Partner mbB – Wirtschaftsprüfungsgesellschaft Steuerberatungsgesellschaft Rechtsanwälte","hpup.de","https://hpup.de/#stellenangebote","dom","","unknown","ready","Joblinks sind direkt im HTML sichtbar.","200","6","0","json_ld,load_more,pagination,blocked,js_app,host:hpup.de","2026-06-19"
"eckert","Kanzlei Eckert","kanzleieckert.de","https://kanzleieckert.de","dom","","unknown","ready","Joblinks sind direkt im HTML sichtbar.","200","3","0","json_ld,pagination,blocked,host:www.kanzleieckert.de","2026-06-19"
"klaus-wille-fachanwalt-fuer-familienrecht","Rechtsanwalt Klaus Wille Fachanwalt für Familienrecht","anwalt-wille.de","https://anwalt-wille.de","llm_fallback","","unknown","request_error","SSLError","","0","0","","2026-06-19"
"luehl-und","Kanzlei Lühl & Partner Rechtsanwälte · Notare","rae-luehl.de","https://www.rae-luehl.de/karriere/","dom","","unknown","ready","Joblinks sind direkt im HTML sichtbar.","200","4","0","blocked,host:www.rae-luehl.de","2026-06-19"
"riedlinger-partnerschaftsgesellschaft","RIEDLINGER Partnerschaftsgesellschaft mbB","riedlinger-partner.de","https://riedlinger-partner.de/karriere/","dom","","unknown","ready","Joblinks sind direkt im HTML sichtbar.","200","15","0","host:riedlinger-partner.de","2026-06-19"
"beratergruppe-net-steuern-recht","beratergruppe.net STEUERN+RECHT","beratergruppe.net","https://beratergruppe.net/stellenangebote/","dom","","unknown","ready","Joblinks sind direkt im HTML sichtbar.","200","10","0","json_ld,pagination,host:beratergruppe.net","2026-06-19"
"mueller-und-reichardt-rechtsanwaltsgesellschaft-mbh","Müller & Reichardt Rechtsanwaltsgesellschaft mbH","mueller-coll.de","https://mueller-coll.de","dom","","unknown","ready","Joblinks sind direkt im HTML sichtbar.","200","3","0","json_ld,host:www.mueller-coll.de","2026-06-19"
"hans-dieter-klumpe","Rechtsanwalt Hans-Dieter Klumpe","rechtsanwalt-klumpe.de","https://rechtsanwalt-klumpe.de","dom","","unknown","ready","Joblinks sind direkt im HTML sichtbar.","200","1","0","pagination,host:rechtsanwalt-klumpe.de","2026-06-19"
"dr-rothballer","Kanzlei Dr. Rothballer","kanzlei-rothballer.de","https://kanzlei-rothballer.de","reader_or_llm","","unknown","blocked","Seite wirkt geblockt oder leer fuer normale Requests.","200","0","0","json_ld,blocked,host:www.kanzlei-rothballer.de","2026-06-19"
"anwaltskanzlei-gudula-leidner","Anwaltskanzlei Gudula Leidner","anwaltskanzlei-gotha.de","https://anwaltskanzlei-gotha.de","dom","","unknown","ready","Joblinks sind direkt im HTML sichtbar.","200","3","0","json_ld,pagination,js_app,host:www.anwaltskanzlei-gotha.de","2026-06-19"
"und-kessel-pluhar-kolberg","Rechtsanwalt und Notar Kessel Pluhar Kolberg","anwalt.sh","https://anwalt.sh","embedded_json","","unknown","ready","Eingebettete strukturierte Jobdaten gefunden.","200","3","1","json_ld,host:anwalt.sh","2026-06-19"
"ssbp-rechtsanwalte-und-fachanwalte","SSBP Rechtsanwalte & Fachanwalte","ssbp.de","https://ssbp.de/karriere/","playwright","","unknown","needs_browser","Seite wirkt JavaScript-/Pagination-getrieben.","200","0","0","json_ld,load_more,pagination,blocked,js_app,host:ssbp.de","2026-06-19"
"rechtsanwaltskanzlei-viol-michael-viol","Rechtsanwaltskanzlei Viol Rechtsanwalt Michael Viol","rechtsanwaltskanzlei-viol.de","https://rechtsanwaltskanzlei-viol.de","dom","","unknown","ready","Joblinks sind direkt im HTML sichtbar.","200","4","0","host:rechtsanwaltskanzlei-viol.de","2026-06-19"
"michael-schuhmann","MICHAEL SCHUHMANN RECHTSANWALT","anwalt-schuhmann.de","https://anwalt-schuhmann.de","embedded_json","","unknown","ready","Eingebettete strukturierte Jobdaten gefunden.","200","3","1","json_ld,blocked,js_app,host:www.anwalt-schuhmann.de","2026-06-19"
"baeumer-und-kollegen-gbr","Bäumer & Kollegen GbR","raebaeumer-kollegen.de","https://www.raebaeumer-kollegen.de/karriere.html","dom","","unknown","ready","Joblinks sind direkt im HTML sichtbar.","200","5","0","host:www.raebaeumer-kollegen.de","2026-06-19"
"rechtsanwaltskanzlei-cordes-busch-und-kollegen","Rechtsanwaltskanzlei Cordes Busch & Kollegen","raecordes.de","https://www.raecordes.de/stellenangebote","dom","","unknown","ready","Joblinks sind direkt im HTML sichtbar.","200","3","0","blocked,js_app,host:www.raecordes.de","2026-06-19"
"dr-grober-jentzsch-gbr","Dr. Grober Jentzsch Rechtsanwälte GbR","grober-jentzsch.de","https://grober-jentzsch.de","llm_fallback","","unknown","request_error","SSLError","","0","0","","2026-06-19"
"herr-michael-huber","Herr Rechtsanwalt Michael Huber","bwh-kanzlei.de","https://bwh-kanzlei.de","dom","","unknown","ready","Joblinks sind direkt im HTML sichtbar.","200","2","0","json_ld,host:www.bwh-kanzlei.de","2026-06-19"
"hess-und-collegen","Hess & Collegen","hess-collegen.de","https://hess-collegen.de","playwright","","unknown","needs_browser","Seite wirkt JavaScript-/Pagination-getrieben.","200","0","0","pagination,host:www.hess-collegen.de","2026-06-19"
"arbeitsrecht-bechert-berlin","Arbeitsrecht-Rechtsanwälte Bechert Berlin","arbeitsrecht-berlin.de","https://www.arbeitsrecht-berlin.de/karriere/","dom","","unknown","ready","Joblinks sind direkt im HTML sichtbar.","200","3","0","json_ld,host:www.arbeitsrecht-berlin.de","2026-06-19"
"binder-sedlacek","Kanzlei Binder-Sedlacek","kanzlei-binder-sedlacek.de","https://kanzlei-binder-sedlacek.de","special_api","api:dlapiper","unknown","ready","Spezialadapter api:dlapiper erkannt.","","0","0","","2026-06-19"
"ra-karsten-h-f-weste","RA Karsten H. F. Weste","khfweste.de","https://khfweste.de","llm_fallback","","unknown","fallback","Keine Jobs im HTML/JSON erkannt.","200","0","0","host:khfweste.de","2026-06-19"
"reissenberger","Reissenberger Rechtsanwälte","reissenberger.com","https://www.reissenberger.com/kanzlei/jobs/","dom","","unknown","ready","Joblinks sind direkt im HTML sichtbar.","200","6","0","json_ld,pagination,blocked,js_app,host:www.reissenberger.com","2026-06-19"
"fessler-feibig-und-schuster","Rechtsanwälte Fessler, Feibig & Schuster","rechtsanwaelte-fgs.de","https://www.rechtsanwaelte-fgs.de/stellenangebote/rechtsreferendar-in/","reader_or_llm","","unknown","blocked","Seite wirkt geblockt oder leer fuer normale Requests.","200","0","0","blocked,host:www.rechtsanwaelte-fgs.de","2026-06-19"
"sozietaet-peters-und-westmeyer","Sozietät Peters & Westmeyer","pw-steuer.de","https://www.pw-steuer.de/karriere","dom","","unknown","ready","Joblinks sind direkt im HTML sichtbar.","200","1","0","json_ld,load_more,pagination,host:www.pw-steuer.de","2026-06-19"
"prof-dr-haffke-kahlert-dr-schnabl-in-buerogemeinschaft-mit-prof-dr-dr-h-c-beulke","Rechtsanwälte Prof. Dr. Haffke, Kahlert, Dr. Schnabl in Bürogemeinschaft mit Prof. Dr. Dr. h.c. Beulke","rechtsanwaelte-villa.de","https://rechtsanwaelte-villa.de","dom","","unknown","ready","Joblinks sind direkt im HTML sichtbar.","200","2","0","pagination,host:rechtsanwaelte-villa.de","2026-06-19"
"dr-baumgartner-und-bender-steuerberatungs-gesellschaft-mbh","Dr. Baumgartner & Bender Steuerberatungs-gesellschaft mbH","kanzlei-am-marktplatz.de","https://kanzlei-am-marktplatz.de","dom","","unknown","ready","Joblinks sind direkt im HTML sichtbar.","200","6","0","pagination,blocked,host:kanzlei-am-marktplatz.de","2026-06-19"
"tina-engemann-schrage-und-jens-woelke","Tina Engemann-Schrage & Jens Wölke Rechtsanwälte","engemann-woelke.de","https://engemann-woelke.de","llm_fallback","","unknown","request_error","SSLError","","0","0","","2026-06-19"
"fachanwalt-pohl","fachanwalt-pohl","fachanwalt-pohl.de","https://fachanwalt-pohl.de","dom","","unknown","ready","Joblinks sind direkt im HTML sichtbar.","200","1","0","json_ld,host:www.fachanwalt-pohl.de","2026-06-19"
"stolz-faust-zundel","Rechtsanwälte PartGmbB Stolz • Faust • Zundel","stolz-faust-fachanwalt.de","https://www.stolz-faust-fachanwalt.de/stellenangebote/","dom","","unknown","ready","Joblinks sind direkt im HTML sichtbar.","200","3","0","json_ld,blocked,host:www.stolz-faust-fachanwalt.de","2026-06-19"
"rechtsanwalts-und-notarkanzlei-advokaotenhuus","Rechtsanwalts- und Notarkanzlei Advokaotenhuus","advokaotenhuus.de","https://www.advokaotenhuus.de/karriere/","embedded_json","","unknown","ready","Eingebettete strukturierte Jobdaten gefunden.","200","2","1","json_ld,load_more,blocked,host:www.advokaotenhuus.de","2026-06-19"
"anwaltskanzlei-denzinger-und-coll","Anwaltskanzlei Denzinger & Coll","ra-denzinger.de","https://ra-denzinger.de","dom","","unknown","ready","Joblinks sind direkt im HTML sichtbar.","200","13","0","json_ld,pagination,blocked,host:www.ra-denzinger.de","2026-06-19"
"dr-zick-rechtsanwaltsgesellschaft-mbh","Dr. Zick Rechtsanwaltsgesellschaft mbH","kanzlei-dr-zick.de","https://kanzlei-dr-zick.de","reader_or_llm","","unknown","blocked","Seite wirkt geblockt oder leer fuer normale Requests.","200","0","0","blocked,host:www.kanzlei-dr-zick.de","2026-06-19"
"anwaltskanzlei-sprenger","Anwaltskanzlei Sprenger","anwaltskanzlei-sprenger.de","https://anwaltskanzlei-sprenger.de","dom","","unknown","ready","Joblinks sind direkt im HTML sichtbar.","200","2","0","pagination,blocked,host:www.anwaltskanzlei-sprenger.de","2026-06-19"
"schirmer-und-guenther","Schirmer & Günther PartG mbB Wirtschaftsprüfer — Steuerberater","schirmer-guenther.de","https://schirmer-guenther.de/karriere/","dom","","unknown","ready","Joblinks sind direkt im HTML sichtbar.","200","1","0","json_ld,blocked,host:schirmer-guenther.de","2026-06-19"
"anwaltskanzlei-dr-limbeck","Anwaltskanzlei Dr. Limbeck","patentcreator.de","https://patentcreator.de","embedded_json","","unknown","ready","Eingebettete strukturierte Jobdaten gefunden.","200","10","2","json_ld,blocked,host:www.patentcreator.de","2026-06-19"
"dr-gacek-rechtsanwaeltin","Dr. Gacek Rechtsanwältin","kanzlei-dr-gacek.de","https://kanzlei-dr-gacek.de","llm_fallback","","unknown","request_error","SSLError","","0","0","","2026-06-19"
"reissner-knodt-liepold-grau","Kanzlei Reissner Knodt | Liepold | Grau Rechtsanwälte","kanzlei-rkloe.de","https://kanzlei-rkloe.de","dom","","unknown","ready","Joblinks sind direkt im HTML sichtbar.","200","1","0","blocked,js_app,host:www.kanzlei-rkloe.de","2026-06-19"
"dr-metschkoll-rechtsanwaltsgesellschaft-steuerberatungsgesellschaft","Dr. Metschkoll GmbH Rechtsanwaltsgesellschaft Steuerberatungsgesellschaft","karriere.metschkoll.de","https://karriere.metschkoll.de/chancen/vereinbarkeit-karriere-familie","dom","","unknown","ready","Joblinks sind direkt im HTML sichtbar.","200","6","0","json_ld,blocked,host:karriere.metschkoll.de","2026-06-19"
"und-mediator-fachanwalt-fuer-familienrecht","Rechtsanwalt und Mediator Fachanwalt für Familienrecht","kanzlei-christ-dewald.de","https://kanzlei-christ-dewald.de","dom","","unknown","ready","Joblinks sind direkt im HTML sichtbar.","200","4","0","json_ld,pagination,host:www.kanzlei-christ-dewald.de","2026-06-19"
"janssen-und-staudacher","Janssen & Staudacher Rechtsanwälte Partnerschaft mbB","rechtsanwalt-partner.de","https://www.rechtsanwalt-partner.de/index.php?option=com_content&view=article&id=223:familienrecht-erbrecht-und-sozialrecht-die-schnittstellen&catid=20:ueber-uns&Itemid=180","dom","","unknown","ready","Joblinks sind direkt im HTML sichtbar.","200","2","0","json_ld,host:www.rechtsanwalt-partner.de","2026-06-19"
"iovos","iovos GmbH","iovos.de","https://www.iovos.de/karriere","dom","","unknown","ready","Joblinks sind direkt im HTML sichtbar.","200","11","0","host:www.iovos.de","2026-06-19"
"geimke-und","Rechtsanwälte Geimke & Partner","kanzlei-geimke.de","https://kanzlei-geimke.de","embedded_json","","unknown","ready","Eingebettete strukturierte Jobdaten gefunden.","200","19","1","json_ld,blocked,host:www.kanzlei-geimke.de","2026-06-19"
"reichert-landau-und-lustadt","Kanzlei Reichert Landau und Lustadt","kanzleireichert.de","https://www.kanzleireichert.de/jobs/wir-suchen/","dom","","unknown","ready","Joblinks sind direkt im HTML sichtbar.","200","1","0","host:www.kanzleireichert.de","2026-06-19"
"rechtsanwaeltin-andrea-linz-kohler","Rechtsanwältin Andrea Linz-Kohler","recht-zum-festpreis.de","https://www.recht-zum-festpreis.de/testament-erstellen/","dom","","unknown","ready","Joblinks sind direkt im HTML sichtbar.","200","2","0","pagination,blocked,host:www.recht-zum-festpreis.de","2026-06-19"
"saam","Kanzlei Saam","saam.de","https://saam.de/karriere/","dom","","unknown","ready","Joblinks sind direkt im HTML sichtbar.","200","7","0","json_ld,pagination,blocked,js_app,host:saam.de","2026-06-19"
"geko-consultings-gesundheitsschutz-und-konfliktintervention","Geko Consultings Gesundheitsschutz und Konfliktintervention","gekoconsultings.de","https://gekoconsultings.de","dom","","unknown","ready","Joblinks sind direkt im HTML sichtbar.","200","1","0","host:www.gekoconsultings.de","2026-06-19"
"rpe","RPE Kanzlei","rp-erbrecht.de","https://rp-erbrecht.de/stellenangebote","embedded_json","","unknown","ready","Eingebettete strukturierte Jobdaten gefunden.","200","3","2","json_ld,pagination,host:rp-erbrecht.de","2026-06-19"
"rechtsanwaltskanzlei-stern-und-schiller","Rechtsanwaltskanzlei Stern & Schiller","stern-schiller.de","https://stern-schiller.de/stellenangebote/","llm_fallback","","unknown","fallback","Keine Jobs im HTML/JSON erkannt.","200","0","0","host:stern-schiller.de","2026-06-19"
"mcadvo-ltd","McAdvo Ltd","mcadvo.com","https://mcadvo.com","dom","","unknown","ready","Joblinks sind direkt im HTML sichtbar.","200","7","0","host:www.mcadvo.com","2026-06-19"
"weserbergland-anwaltssozietaet-gesellschaft-buergerlichen-rechts","Kanzlei Weserbergland Anwaltssozietät / Gesellschaft bürgerlichen Rechts","kanzlei-weserbergland.de","https://kanzlei-weserbergland.de","dom","","unknown","ready","Joblinks sind direkt im HTML sichtbar.","200","3","0","host:kanzlei-weserbergland.de","2026-06-19"
"rsw-tobelander-dr-dolinski","RSW RECHTSANWÄLTE Tobelander, Dr. Dolinski, Partnerschaft mbB","rsw-bc.de","https://rsw-bc.de/karriere","embedded_json","","unknown","ready","Eingebettete strukturierte Jobdaten gefunden.","200","3","2","json_ld,pagination,blocked,js_app,host:rsw-bc.de","2026-06-19"
"anwaltskanzlei-von-niels-otten","Anwaltskanzlei von Rechtsanwalt Niels Otten","anwalt-otten.de","https://anwalt-otten.de","dom","","unknown","ready","Joblinks sind direkt im HTML sichtbar.","200","2","0","pagination,blocked,host:www.anwalt-otten.de","2026-06-19"
"frau-rechtsanwaeltin-martina-osterwald","Frau Rechtsanwältin Martina Osterwald","rechtsanwaltskanzlei-osterwald.de","https://rechtsanwaltskanzlei-osterwald.de","dom","","unknown","ready","Joblinks sind direkt im HTML sichtbar.","200","1","0","blocked,host:www.rechtsanwaltskanzlei-osterwald.de","2026-06-19"
"dr-thomas-schreiter","Rechtsanwalt Dr. Thomas Schreiter","anwalt-dr-schreiter.de","https://anwalt-dr-schreiter.de","llm_fallback","","unknown","request_error","SSLError","","0","0","","2026-06-19"
"bkd-boin-kueseling-diehl","BKD Boin Küseling Diehl Rechtsanwälte","bkd-anwaelte.de","https://www.bkd-anwaelte.de/anwaltskanzlei/stellenangebote/","embedded_json","","unknown","ready","Eingebettete strukturierte Jobdaten gefunden.","200","0","1","json_ld,js_app,host:www.bkd-anwaelte.de","2026-06-19"
"rrt-rechtsanwaltskanzlei-koeln","RRT Rechtsanwälte Rechtsanwaltskanzlei Köln","rrt-koeln.de","https://rrt-koeln.de","llm_fallback","","unknown","request_error","SSLError","","0","0","","2026-06-19"
"joerg-putzar-juerging-oerkuen-putzar","Jörg Putzar Jürging Örkün Putzar Rechtsanwälte Partnerschaft","anwaelte-joep.de","https://anwaelte-joep.de","dom","","unknown","ready","Joblinks sind direkt im HTML sichtbar.","200","2","0","host:anwaelte-joep.de","2026-06-19"
"rechtsanwaeltin-witte","Rechtsanwältin Witte","rechtsanwaeltin-witte.de","https://rechtsanwaeltin-witte.de","embedded_json","","unknown","ready","Eingebettete strukturierte Jobdaten gefunden.","200","1","2","json_ld,pagination,blocked,host:rechtsanwaeltin-witte.de","2026-06-19"
"mak-menzel-rechtsanwaltsgesellschaft-mbh","mak Menzel. Rechtsanwaltsgesellschaft mbH","anwaltskanzlei-menzel.de","https://anwaltskanzlei-menzel.de","dom","","unknown","ready","Joblinks sind direkt im HTML sichtbar.","200","1","0","blocked,host:www.anwaltskanzlei-menzel.de","2026-06-19"
"elisabeth-wintergerst-rechtsanwaltin","Elisabeth Wintergerst Rechtsanwaltin","rechtsquellen.de","https://rechtsquellen.de","dom","","unknown","ready","Joblinks sind direkt im HTML sichtbar.","200","1","0","pagination,blocked,host:www.rechtsquellen.de","2026-06-19"
"mengel-schwitzky-hitziger-beckert","Kanzlei Mengel · Schwitzky · Hitziger · Beckert Rechtsanwälte","kanzlei-zittau.de","https://kanzlei-zittau.de/673-2/#content","dom","","unknown","ready","Joblinks sind direkt im HTML sichtbar.","200","2","0","host:kanzlei-zittau.de","2026-06-19"
"dietz-tonhaeuser-und","Dietz Tonhäuser & Partner","haus-des-rechts.de","https://www.haus-des-rechts.de/kanzlei/karriere","dom","","unknown","ready","Joblinks sind direkt im HTML sichtbar.","200","4","0","host:www.haus-des-rechts.de","2026-06-19"
"steen-franke-und","Steen Franke & Partner mbB","steen-partner.de","https://steen-partner.de/stellenanzeige/","dom","","unknown","ready","Joblinks sind direkt im HTML sichtbar.","200","5","0","pagination,blocked,host:steen-partner.de","2026-06-19"
"giw-grasshoff-v-wrangell-burwitz-partmbb","GIW Rechtsanwälte Graßhoff v. Wrangell Burwitz PartmbB","rechtsanwaelte-giw.de","https://rechtsanwaelte-giw.de/karriere","embedded_json","","unknown","ready","Eingebettete strukturierte Jobdaten gefunden.","200","11","1","json_ld,host:rechtsanwaelte-giw.de","2026-06-19"
"kempgens-firm-well-diggers","Kempgens Law Firm. Well Diggers","kempgens.de","https://kempgens.de/jobs/","dom","","unknown","ready","Joblinks sind direkt im HTML sichtbar.","200","2","0","json_ld,pagination,host:kempgens.de","2026-06-19"
"christoph-schmitt","Rechtsanwalt Christoph Schmitt","rechtsanwalt-schmitt.de","https://rechtsanwalt-schmitt.de","dom","","unknown","ready","Joblinks sind direkt im HTML sichtbar.","200","1","0","pagination,host:rechtsanwalt-schmitt.de","2026-06-19"
"frank-stege","Rechtsanwalt Frank Stege","stcoll.de","https://stcoll.de","llm_fallback","","unknown","fallback","Keine Jobs im HTML/JSON erkannt.","200","0","0","host:stcoll.de","2026-06-19"
"holger-duske-u","Holger Duske Rechtsanwalt u. Notar","rechtsanwalt-kaltenkirchen.de","https://rechtsanwalt-kaltenkirchen.de","embedded_json","","unknown","ready","Eingebettete strukturierte Jobdaten gefunden.","200","1","1","json_ld,blocked,host:www.rechtsanwalt-kaltenkirchen.de","2026-06-19"
"uwe-twent","Rechtsanwalt Uwe Twent","ra-twent.de","https://ra-twent.de","embedded_json","","unknown","ready","Eingebettete strukturierte Jobdaten gefunden.","200","1","1","json_ld,pagination,blocked,host:www.ra-twent.de","2026-06-19"
"rechtsanwaeltin-dornow","Rechtsanwältin Dornow","rechtsanwaeltin-dornow.de","https://rechtsanwaeltin-dornow.de","embedded_json","","unknown","ready","Eingebettete strukturierte Jobdaten gefunden.","200","2","1","json_ld,blocked,js_app,host:www.rechtsanwaeltin-dornow.de","2026-06-19"
"adler-und-haecker","ADLER & HÄCKER Rechtsanwälte","rechtsanwalt-annaberg.de","https://rechtsanwalt-annaberg.de","llm_fallback","","unknown","request_error","SSLError","","0","0","","2026-06-19"
"rechtsanwaeltin-julia-tomczyk","Rechtsanwältin Julia Tomczyk","advocatonline.de","https://advocatonline.de","dom","","unknown","ready","Joblinks sind direkt im HTML sichtbar.","200","1","0","pagination,blocked,host:www.advocatonline.de","2026-06-19"
"sonneborn-fuer-strafrecht-und-verkehrsrecht","Kanzlei Sonneborn für Strafrecht und Verkehrsrecht","kanzlei-sonneborn.de","https://www.kanzlei-sonneborn.de/home/betaeubungsmittelstrafrecht-btmg/unerlaubtes-herstellen-von-betaeubungsmitteln-btmg/","playwright","","unknown","needs_browser","Seite wirkt JavaScript-/Pagination-getrieben.","200","0","0","json_ld,pagination,host:www.kanzlei-sonneborn.de","2026-06-19"
"dr-moeller-thompson-kruse-gbr-und","Dr. Möller - Thompson - Kruse GbR Rechtsanwälte und Notare","mtk-kanzlei.de","https://mtk-kanzlei.de","dom","","unknown","ready","Joblinks sind direkt im HTML sichtbar.","200","3","0","pagination,host:www.mtk-kanzlei.de","2026-06-19"
"steuerwerk-partnerschaftsgesellschaft","steuerwerk Partnerschaftsgesellschaft mbB","steuerwerk.com","https://www.steuerwerk.com/karriere/","dom","","unknown","ready","Joblinks sind direkt im HTML sichtbar.","200","15","0","pagination,blocked,host:www.steuerwerk.com","2026-06-19"
"dr-senger-und-senger-leipzig","Wirtschaftsprüfer · Steuerberater · Rechtsanwälte Dr. Senger und Senger – Leipzig – Partnerschaft mbB","senger-und-senger.de","https://senger-und-senger.de/stellenangebote/","dom","","unknown","ready","Joblinks sind direkt im HTML sichtbar.","200","1","0","json_ld,pagination,blocked,host:senger-und-senger.de","2026-06-19"
"paul-und","Paul & Partner","paul-partner.eu","https://www.paul-partner.eu/jobs/","dom","","unknown","ready","Joblinks sind direkt im HTML sichtbar.","200","2","0","json_ld,host:www.paul-partner.eu","2026-06-19"
"steffen-kindt-und-fachanwalt-fuer-verkehrsrecht","STEFFEN KINDT Rechtsanwalt und Fachanwalt für Verkehrsrecht","rechtsanwalt-kindt.de","https://rechtsanwalt-kindt.de","dom","","unknown","ready","Joblinks sind direkt im HTML sichtbar.","200","1","0","pagination,blocked,host:www.rechtsanwalt-kindt.de","2026-06-19"
"rsw-beratung-dr-bock-und-und","RSW Beratung Dr. Bock und Partner mbB Rechtsanwälte und Steuerberater","rsw-beratung.de","https://www.rsw-beratung.de/stellenangebote/karriere/","dom","","unknown","ready","Joblinks sind direkt im HTML sichtbar.","200","1","0","json_ld,pagination,blocked,js_app,host:www.rsw-beratung.de","2026-06-19"
"reissner-ernst-und-kollegen","Rechtsanwälte Reissner, Ernst & Kollegen","rechtsanwaelte-augsburg-starnberg.de","https://rechtsanwaelte-augsburg-starnberg.de","embedded_json","","unknown","ready","Eingebettete strukturierte Jobdaten gefunden.","200","7","2","json_ld,pagination,blocked,js_app,host:rechtsanwaelte-augsburg-starnberg.de","2026-06-19"
"wolfgang-berndt","Wolfgang Berndt Rechtsanwälte","berndt-beeskow.de","https://berndt-beeskow.de","dom","","unknown","ready","Joblinks sind direkt im HTML sichtbar.","200","3","0","json_ld,pagination,host:www.berndt-beeskow.de","2026-06-19"
"rapp-wagner-und","Rapp Wagner & Partner","rappwagner.de","https://rappwagner.de/steuerberater/karriere.htm","llm_fallback","","unknown","fallback","Keine Jobs im HTML/JSON erkannt.","200","0","0","host:rappwagner.de","2026-06-19"
"geedo-hendrik-paprotta","Rechtsanwalt Geedo Hendrik Paprotta","rechtsanwalt-paprotta.de","https://rechtsanwalt-paprotta.de","dom","","unknown","ready","Joblinks sind direkt im HTML sichtbar.","200","4","0","pagination,js_app,host:rechtsanwalt-paprotta.de","2026-06-19"
"jann-brauner","Rechtsanwalt Jann Brauner","anwalt-brauner.de","https://www.anwalt-brauner.de/stellenabbau-bei-brose-was-bedeutet-dies-fuer-die-arbeitnehmer/","dom","","unknown","ready","Joblinks sind direkt im HTML sichtbar.","200","2","0","json_ld,pagination,host:www.anwalt-brauner.de","2026-06-19"
"v-einem-und","v. Einem & Partner mbB Rechtsanwälte","einem.de","https://einem.de","dom","","unknown","ready","Joblinks sind direkt im HTML sichtbar.","200","4","0","json_ld,blocked,host:einem.de","2026-06-19"
"dr-felber-rechtsanwaeltin-und-fachanwaeltin-in-straubing","Dr. Felber - Rechtsanwältin und Fachanwältin in Straubing","kanzlei-felber.de","https://kanzlei-felber.de","dom","","unknown","ready","Joblinks sind direkt im HTML sichtbar.","200","4","0","blocked,host:www.kanzlei-felber.de","2026-06-19"
"und-fachanwaelte-in-buerogemeinschaft","Rechtsanwälte und Fachanwälte in Bürogemeinschaft","rae-msl.de","https://rae-msl.de","dom","","unknown","ready","Joblinks sind direkt im HTML sichtbar.","200","2","0","json_ld,blocked,host:www.rae-msl.de","2026-06-19"
"clemens-c-vogelsberg","Rechtsanwalt Clemens C. Vogelsberg","rechtsanwalt-vogelsberg.de","https://rechtsanwalt-vogelsberg.de","dom","","unknown","ready","Joblinks sind direkt im HTML sichtbar.","200","5","0","json_ld,host:www.rechtsanwalt-vogelsberg.de","2026-06-19"
"ssr-sieger-kersting","SSR Sieger + Kersting Rechtsanwälte PartGmbB","kanzlei-ssr.de","https://kanzlei-ssr.de","dom","","unknown","ready","Joblinks sind direkt im HTML sichtbar.","200","1","0","json_ld,pagination,blocked,js_app,host:www.kanzlei-ssr.de","2026-06-19"
"adam-und-adam","Adam & Adam Rechtsanwälte","anwalt-adam.de","https://anwalt-adam.de","dom","","unknown","ready","Joblinks sind direkt im HTML sichtbar.","200","3","0","host:anwalt-adam.de","2026-06-19"
"ulf-pieconka-in-wuerzburg","Rechtsanwalt Ulf Pieconka in Würzburg","rechtsanwalt-pieconka.de","https://rechtsanwalt-pieconka.de","embedded_json","","unknown","ready","Eingebettete strukturierte Jobdaten gefunden.","200","14","1","json_ld,host:rechtsanwalt-pieconka.de","2026-06-19"
"und-hartmut-boeker-volkmar-kohkemper-und","Rechtsanwalt und Notar Hartmut Böker, Volkmar Kohkemper Rechtsanwalt und Notar Steuerberater","rechtsanwaelte-kassel.net","https://rechtsanwaelte-kassel.net/#Karriere","dom","","unknown","ready","Joblinks sind direkt im HTML sichtbar.","200","6","0","pagination,blocked,host:rechtsanwaelte-kassel.net","2026-06-19"
"rechtsanwaeltin-ritwa-j-stahl","Rechtsanwältin Ritwa J. Stahl","rechtsanwalt.sh","https://rechtsanwalt.sh","dom","","unknown","ready","Joblinks sind direkt im HTML sichtbar.","200","3","0","host:www.rechtsanwalt.sh","2026-06-19"
"woebbecke","WÖBBECKE Rechtsanwälte","ra-woebbecke.de","https://ra-woebbecke.de","embedded_json","","unknown","ready","Eingebettete strukturierte Jobdaten gefunden.","200","1","2","json_ld,host:ra-woebbecke.de","2026-06-19"
"dr-werner-thelen","Rechtsanwalt Dr. Werner Thelen","ra-thelen.de","https://ra-thelen.de","dom","","unknown","ready","Joblinks sind direkt im HTML sichtbar.","200","1","0","json_ld,pagination,host:www.ra-thelen.de","2026-06-19"
"guido-stark","Rechtsanwalt Guido Stark","rechtsanwalt-stark-luebeck.de","https://rechtsanwalt-stark-luebeck.de","embedded_json","","unknown","ready","Eingebettete strukturierte Jobdaten gefunden.","200","0","1","json_ld,blocked,host:www.rechtsanwalt-stark-luebeck.de","2026-06-19"
"spormann-real-estate","SPORMANN REAL ESTATE GmbH","spormann-realestate.com","https://www.spormann-realestate.com/karriere/","embedded_json","","unknown","ready","Eingebettete strukturierte Jobdaten gefunden.","200","0","2","json_ld,pagination,host:www.spormann-realestate.com","2026-06-19"
"schnuhr-und-westphal-und-a-d","Schnuhr & Westphal Rechtsanwälte und Notar a.D.","schnuhr-westphal.de","https://schnuhr-westphal.de","embedded_json","","unknown","ready","Eingebettete strukturierte Jobdaten gefunden.","200","2","1","json_ld,blocked,js_app,host:www.schnuhr-westphal.de","2026-06-19"
"steuerberatungs-und-rechtsanwaltskanzlei","Steuerberatungs- & Rechtsanwaltskanzlei","ra-kaese.com","https://www.ra-kaese.com/karriere.php","reader_or_llm","","unknown","blocked","Seite wirkt geblockt oder leer fuer normale Requests.","200","0","0","blocked,host:www.ra-kaese.com","2026-06-19"
"lehmann-und-fachanwaelte","lehmann und partner - Rechtsanwälte | Fachanwälte","ralup.de","https://ralup.de","dom","","unknown","ready","Joblinks sind direkt im HTML sichtbar.","200","2","0","blocked,host:ralup.de","2026-06-19"
"rechtsanwaeltin-fachanwaeltin-alexandra-passek","Rechtsanwältin / Fachanwältin Alexandra Passek","ra-passek.de","https://ra-passek.de","playwright","","unknown","needs_browser","Seite wirkt JavaScript-/Pagination-getrieben.","200","0","0","js_app,host:www.ra-passek.de","2026-06-19"
"ronneburger-zumpf","Ronneburger:ZUMPF Rechtsanwälte PartG","ronneburger-zumpf.com","https://ronneburger-zumpf.com","dom","","unknown","ready","Joblinks sind direkt im HTML sichtbar.","200","6","0","host:www.ronneburger-zumpf.com","2026-06-19"
"anwaltskanzlei-heiko-kratz","Anwaltskanzlei Heiko Kratz","anwaltskanzlei-kratz.de","https://anwaltskanzlei-kratz.de","reader_or_llm","","unknown","blocked","Seite wirkt geblockt oder leer fuer normale Requests.","200","0","0","blocked,host:www.anwaltskanzlei-kratz.de","2026-06-19"
"simoneit-und-skodda-gbr","Rechtsanwälte Simoneit & Skodda GbR","simoneit-skodda.de","https://simoneit-skodda.de","dom","","unknown","ready","Joblinks sind direkt im HTML sichtbar.","200","1","0","host:www.simoneit-skodda.de","2026-06-19"
"buse-egbr-torsten-buse-franziska-buse","Rechtsanwälte Buse eGbR Torsten Buse, Franziska Buse","rabuse.de","https://www.rabuse.de/seite/262093/stellenangebote.html","embedded_json","","unknown","ready","Eingebettete strukturierte Jobdaten gefunden.","200","1","1","json_ld,host:www.rabuse.de","2026-06-19"
"ulrich-goedde","Rechtsanwalt Ulrich Gödde","anwalt-mainleus.de","https://www.anwalt-mainleus.de/rechtsanwalt/de/karriere-page/","dom","","unknown","ready","Joblinks sind direkt im HTML sichtbar.","200","1","0","blocked,host:www.anwalt-mainleus.de","2026-06-19"
"schwab-und-kollegen-und","Schwab & Kollegen Rechtsanwälte und Notar","ra-schwab-hungen.de","https://ra-schwab-hungen.de","dom","","unknown","ready","Joblinks sind direkt im HTML sichtbar.","200","10","0","host:www.ra-schwab-hungen.de","2026-06-19"
"stapf-mannheim","Rechtsanwalt Stapf, Mannheim","rechtsanwalt-stapf.de","https://rechtsanwalt-stapf.de","dom","","unknown","ready","Joblinks sind direkt im HTML sichtbar.","200","20","0","host:rechtsanwalt-stapf.de","2026-06-19"
"rain-fee-huber","RAin Fee Huber","huber-rechtsanwalt.de","https://huber-rechtsanwalt.de","dom","","unknown","ready","Joblinks sind direkt im HTML sichtbar.","200","1","0","json_ld,blocked,host:huber-rechtsanwalt.de","2026-06-19"
"rechtsanwaeltin-susanne-schaefer","Rechtsanwältin Susanne Schäfer","schaefer-fr.de","https://schaefer-fr.de","reader_or_llm","","unknown","blocked","Seite wirkt geblockt oder leer fuer normale Requests.","200","0","0","json_ld,blocked,host:www.schaefer-fr.de","2026-06-19"
"rechtsanwaltskanzlei-wiener-und-daenekas","Rechtsanwaltskanzlei Wiener & Dänekas","kanzlei-wiener-daenekas.de","https://kanzlei-wiener-daenekas.de","llm_fallback","","unknown","request_error","SSLError","","0","0","","2026-06-19"
"fachanwalt-fuer-urheber-und-medienrecht-jan-weber-ll-m","Rechtsanwalt Fachanwalt für Urheber- und Medienrecht Jan Weber LL.M","kunstrechtsanwalt.de","https://www.kunstrechtsanwalt.de/kann-die-bezeichnung-als-lost-place-eine-rechtsverletzung-darstellen/","dom","","unknown","ready","Joblinks sind direkt im HTML sichtbar.","200","3","0","json_ld,load_more,blocked,host:www.kunstrechtsanwalt.de","2026-06-19"
"fachanwaltskanzlei-simon-daniel-schmedes","Fachanwaltskanzlei Simon Daniel Schmedes","ra-schmedes.de","https://www.ra-schmedes.de/jobs.html","dom","","unknown","ready","Joblinks sind direkt im HTML sichtbar.","200","2","0","host:www.ra-schmedes.de","2026-06-19"
"ramuc-partnership","ramuc Partnership mbB","ramuc.de","https://ramuc.de","llm_fallback","","unknown","request_error","SSLError","","0","0","","2026-06-19"
"rechtsanwaeltin-dr-cornelia-walther","Rechtsanwältin Dr. Cornelia Walther","ra-dr-walther.de","https://ra-dr-walther.de","playwright","","unknown","needs_browser","Seite wirkt JavaScript-/Pagination-getrieben.","200","0","0","pagination,js_app,host:ra-dr-walther.de","2026-06-19"
"felser","Rechtsanwälte Felser","felser.de","https://www.felser.de/die-kanzlei/karriere-jobs/","dom","","unknown","ready","Joblinks sind direkt im HTML sichtbar.","200","19","0","json_ld,pagination,blocked,host:www.felser.de","2026-06-19"
"r-m-noelscher-umweltservice","R+M Nölscher Umweltservice GmbH","bodenseekanzlei.com","https://bodenseekanzlei.com","llm_fallback","","unknown","request_error","ConnectionError","","0","0","","2026-06-19"
"matthias-hartwich","Rechtsanwalt Matthias Hartwich","ra-hartwich.de","https://ra-hartwich.de","llm_fallback","","unknown","fallback","Keine Jobs im HTML/JSON erkannt.","200","0","0","host:ra-hartwich.de","2026-06-19"
"dr-spaeth-und","Dr. Späth & Partner Rechtsanwälte mbB","dr-spaeth.com","https://www.welt.de/wirtschaft/article248790008/Signa-Pleite-Das-bedeutet-die-Insolvenz-fuer-Galeria-Filialen-Baustellen-und-Rene-Benko.html","embedded_json","","unknown","ready","Eingebettete strukturierte Jobdaten gefunden.","200","1","1","json_ld,load_more,pagination,host:www.welt.de","2026-06-19"
"rechtsanwaltskanzlei-von-preuschen","Rechtsanwaltskanzlei von Preuschen","kanzlei-vonpreuschen.de","https://kanzlei-vonpreuschen.de","dom","","unknown","ready","Joblinks sind direkt im HTML sichtbar.","200","3","0","json_ld,load_more,blocked,host:www.kanzlei-vonpreuschen.de","2026-06-19"
"rickert-rechtsanwaltsgesellschaft-mbh","Rickert Rechtsanwaltsgesellschaft mbH","rickert.law","https://rickert.law/karriere/","dom","","unknown","ready","Joblinks sind direkt im HTML sichtbar.","200","2","0","json_ld,pagination,js_app,host:rickert.law","2026-06-19"
"hvkrueger","hvkrueger","hvkrueger.de","https://hvkrueger.de","dom","","unknown","ready","Joblinks sind direkt im HTML sichtbar.","200","1","0","host:hvkrueger.de","2026-06-19"
"linnemann","Linnemann Rechtsanwälte Partnerschaft mbB","ra-linnemann.de","https://ra-linnemann.de/kanzlei/karriere","dom","","unknown","ready","Joblinks sind direkt im HTML sichtbar.","200","2","0","host:ra-linnemann.de","2026-06-19"
"dr-breulmann-fachanwaelte-an-der-stadtkirche-startseite","Dr. Breulmann · Rechtsanwälte · Fachanwälte · Notar · an der Stadtkirche - Startseite","middendorf-drbreulmann.de","https://middendorf-drbreulmann.de","embedded_json","","unknown","ready","Eingebettete strukturierte Jobdaten gefunden.","200","3","1","json_ld,blocked,host:www.middendorf-drbreulmann.de","2026-06-19"
"blecher-fachanwalt","Blecher Rechtsanwälte Notar Fachanwalt","anwaltskanzlei-blecher.de","https://anwaltskanzlei-blecher.de","dom","","unknown","ready","Joblinks sind direkt im HTML sichtbar.","200","2","0","json_ld,host:anwaltskanzlei-blecher.de","2026-06-19"
"anwaltskanzlei-daniel-rohmeyer-mle","Anwaltskanzlei Daniel Rohmeyer, MLE","ra-rohmeyer.de","https://ra-rohmeyer.de","dom","","unknown","ready","Joblinks sind direkt im HTML sichtbar.","200","3","0","host:ra-rohmeyer.de","2026-06-19"
"rechtsanwaltskanzlei-dresden-ra-kaschube","Rechtsanwaltskanzlei Dresden RA Kaschube","ehe-scheidung-online.de","https://ehe-scheidung-online.de/scheidungsantragsformular/","embedded_json","","unknown","ready","Eingebettete strukturierte Jobdaten gefunden.","200","1","3","json_ld,js_app,host:ehe-scheidung-online.de","2026-06-19"
"dr-lohsin-und-fachanwaelte-und","Dr. Lohsin & Partner Fachanwälte und Notare","lohsin-partner.de","https://lohsin-partner.de/karriere","dom","","unknown","ready","Joblinks sind direkt im HTML sichtbar.","200","6","0","blocked,js_app,host:lohsin-partner.de","2026-06-19"
"volker-d-fischer","Rechtsanwalt Volker D. Fischer","rhoen-kanzlei.de","https://rhoen-kanzlei.de","llm_fallback","","unknown","request_error","SSLError","","0","0","","2026-06-19"
"scholten-oberem-und","Rechtsanwälte Scholten, Oberem & Partner","rae-sop.de","https://www.rae-sop.de/stellenangebote/","dom","","unknown","ready","Joblinks sind direkt im HTML sichtbar.","200","5","0","pagination,host:www.rae-sop.de","2026-06-19"
"nrg-nussbaum-rechtsanwaltsgesellschaft-mbh","NRG Nussbaum Rechtsanwaltsgesellschaft mbH","nussbaum-legal.de","https://www.nussbaum-legal.de/karriere","embedded_json","","unknown","ready","Eingebettete strukturierte Jobdaten gefunden.","200","0","1","json_ld,host:www.nussbaum-legal.de","2026-06-19"
"wolfgang-schiebel-dipl-betriebswirt-fh-bankkaufmann","Kanzlei Wolfgang Schiebel Rechtsanwalt - Dipl. Betriebswirt (FH) Bankkaufmann","raschiebel.de","https://raschiebel.de","dom","","unknown","ready","Joblinks sind direkt im HTML sichtbar.","200","14","0","host:raschiebel.de","2026-06-19"
"bremer-und-collegen","Kanzlei Bremer & Collegen","rae-peine.de","https://rae-peine.de","dom","","unknown","ready","Joblinks sind direkt im HTML sichtbar.","200","2","0","host:rae-peine.de","2026-06-19"
"rechtsanwaeltin-britta-moehlenbrock","Rechtsanwältin Britta Möhlenbrock","ra-moehlenbrock.de","https://ra-moehlenbrock.de","dom","","unknown","ready","Joblinks sind direkt im HTML sichtbar.","200","2","0","blocked,host:www.ra-moehlenbrock.de","2026-06-19"
"hackendahl-gbr","Hackendahl Rechtsanwälte GbR","anwalt-hackendahl.de","https://anwalt-hackendahl.de","dom","","unknown","ready","Joblinks sind direkt im HTML sichtbar.","200","3","0","blocked,host:www.anwalt-hackendahl.de","2026-06-19"
"rechtsanwaeltin-judith-andreas-oltersdorf","Rechtsanwältin Judith Andreas-Oltersdorf","rechtsanwalt-oltersdorf.de","https://rechtsanwalt-oltersdorf.de","llm_fallback","","unknown","fallback","Keine Jobs im HTML/JSON erkannt.","200","0","0","host:www.rechtsanwalt-oltersdorf.de","2026-06-19"
"anwaltskanzlei-obermaier-und-fachanwalt-fuer-sozialrecht-sebastian-e-obermaier","Anwaltskanzlei Obermaier Rechtsanwalt und Fachanwalt für Sozialrecht Sebastian E. Obermaier","raobermaier.de","https://raobermaier.de","dom","","unknown","ready","Joblinks sind direkt im HTML sichtbar.","200","1","0","json_ld,js_app,host:raobermaier.de","2026-06-19"
"steuerbuero-bayer-bayer-wolfgang-bayer","STEUERBÜRO BAYER-BAYER Wolfgang Bayer","bayer-bayer.de","https://www.bayer-bayer.de/#jobs","dom","","unknown","ready","Joblinks sind direkt im HTML sichtbar.","200","1","0","host:www.bayer-bayer.de","2026-06-19"
"anwaltskanzlei-feinen-koeln","Anwaltskanzlei Feinen, Köln","rechtsanwalt-feinen.de","https://rechtsanwalt-feinen.de","llm_fallback","","unknown","fallback","Keine Jobs im HTML/JSON erkannt.","200","0","0","host:rechtsanwalt-feinen.de","2026-06-19"
"rechtsanwaeltin-stephanie-vogt","Rechtsanwältin Stephanie Vogt","kanzlei-vogt.de","https://kanzlei-vogt.de","dom","","unknown","ready","Joblinks sind direkt im HTML sichtbar.","200","2","0","pagination,blocked,host:www.kanzlei-vogt.de","2026-06-19"
"e-eu","e-rechtsanwälte.eu","e-rechtsanwaelte.de","https://www.e-rechtsanwaelte.de/kanzlei/stellenangebote/","dom","","unknown","ready","Joblinks sind direkt im HTML sichtbar.","200","5","0","json_ld,pagination,js_app,host:www.e-rechtsanwaelte.de","2026-06-19"
"christian-sehn-fachanwalt-fuer-arbeitsrecht-und-fachanwalt-fuer-sozialrecht","Rechtsanwalt Christian Sehn Fachanwalt für Arbeitsrecht und Fachanwalt für Sozialrecht","ra-sehn.de","https://www.ra-sehn.de/arbeitsrecht-sozialrecht-versicherungsrecht/","dom","","unknown","ready","Joblinks sind direkt im HTML sichtbar.","200","6","0","host:www.ra-sehn.de","2026-06-19"
"horst-kerls","Rechtsanwalt Horst Kerls","ra-kerls.de","https://ra-kerls.de","dom","","unknown","ready","Joblinks sind direkt im HTML sichtbar.","200","1","0","json_ld,pagination,blocked,js_app,host:ra-kerls.de","2026-06-19"
"rechtsanwaltskanzlei-eva-sondermann","Rechtsanwaltskanzlei Eva Sondermann","kanzlei-sondermann.de","https://kanzlei-sondermann.de","dom","","unknown","ready","Joblinks sind direkt im HTML sichtbar.","200","2","0","blocked,host:www.kanzlei-sondermann.de","2026-06-19"
"sieweke-bieten","Rechtsanwälte Sieweke bieten","rechtsanwaelte-sieweke.de","https://rechtsanwaelte-sieweke.de","dom","","unknown","ready","Joblinks sind direkt im HTML sichtbar.","200","1","0","blocked,host:www.rechtsanwaelte-sieweke.de","2026-06-19"
"steinhusen-fachanwaelte","STEINHUSEN Rechtsanwälte Fachanwälte Notare","steinhusen-flensburg.de","https://steinhusen-flensburg.de/karriere","dom","","unknown","ready","Joblinks sind direkt im HTML sichtbar.","200","9","0","pagination,host:steinhusen-flensburg.de","2026-06-19"
"erk-gruenwald-nisch","Kanzlei Erk ∙ Grünwald ∙ Nisch","erk-allmann.de","https://erk-allmann.de/#c23","dom","","unknown","ready","Joblinks sind direkt im HTML sichtbar.","200","7","0","host:erk-allmann.de","2026-06-19"
"dr-josef-hingerl","Rechtsanwalt Dr. Josef Hingerl","hingerl.com","https://hingerl.com","dom","","unknown","ready","Joblinks sind direkt im HTML sichtbar.","200","1","0","blocked,host:hingerl.com","2026-06-19"
"buroh-und-steinhauer-und-fachanwaelte","Buroh & Steinhauer Rechtsanwälte und Fachanwälte","buroh-steinhauer.de","https://buroh-steinhauer.de","embedded_json","","unknown","ready","Eingebettete strukturierte Jobdaten gefunden.","200","2","2","json_ld,load_more,pagination,host:www.buroh-steinhauer.de","2026-06-19"
"noll-avocats","noll-avocats","noll-avocats.com","https://noll-avocats.com","playwright","","unknown","needs_browser","Seite wirkt JavaScript-/Pagination-getrieben.","200","0","0","json_ld,blocked,js_app,host:www.noll-avocats.com","2026-06-19"
"ritter-und-spreter","Ritter und Spreter PartGmbB","krs-recht.de","https://www.krs-recht.de/#team","dom","","unknown","ready","Joblinks sind direkt im HTML sichtbar.","200","2","0","json_ld,pagination,host:www.krs-recht.de","2026-06-19"
"haus-und-grund-eigentum-schutz-gemeinschaft-mannheim","Haus & Grund Eigentum. Schutz. Gemeinschaft. Mannheim","haus-und-grund-mannheim.de","https://www.haus-und-grund-mannheim.de/stellenangebote_verein.html","dom","","unknown","ready","Joblinks sind direkt im HTML sichtbar.","200","4","0","pagination,host:www.haus-und-grund-mannheim.de","2026-06-19"
"heindl-strafverteidiger","Heindl Rechtsanwälte – Strafverteidiger","heindl-strafrecht.de","https://heindl-strafrecht.de","dom","","unknown","ready","Joblinks sind direkt im HTML sichtbar.","200","6","0","json_ld,pagination,blocked,host:www.heindl-strafrecht.de","2026-06-19"
"i-r-reiner-brumme","Rechtsanwalt i.R. Reiner Brumme","ra-brumme.de","https://ra-brumme.de","llm_fallback","","unknown","fallback","Keine Jobs im HTML/JSON erkannt.","200","0","0","host:ra-brumme.de","2026-06-19"
"miroslaw-tolksdorf","Rechtsanwalt Miroslaw Tolksdorf","ra-tolksdorf.de","https://ra-tolksdorf.de","llm_fallback","","unknown","fallback","Keine Jobs im HTML/JSON erkannt.","200","0","0","json_ld,host:ra-tolksdorf.de","2026-06-19"
"prof-dr-rauch-und-fuer-bau-architekten-und-vergaberecht","PROF. DR. RAUCH & PARTNER mbB KANZLEI FÜR BAU-, ARCHITEKTEN- UND VERGABERECHT","prof-rauch-baurecht.de","https://prof-rauch-baurecht.de/karriere-2","llm_fallback","","unknown","fallback","Keine Jobs im HTML/JSON erkannt.","200","0","0","json_ld,host:prof-rauch-baurecht.de","2026-06-19"
"dr-frank-koenig-leverkusen","Rechtsanwalt Dr. Frank König Leverkusen","anwalt-koenig-leverkusen.de","https://anwalt-koenig-leverkusen.de","dom","","unknown","ready","Joblinks sind direkt im HTML sichtbar.","200","2","0","blocked,host:www.anwalt-koenig-leverkusen.de","2026-06-19"
"dr-toepper-martin-martin-und-a-d","Dr. Toepper ∙ Martin ∙ Martin Rechtsanwälte und Notare a.D","rae-martin.de","https://rae-martin.de","playwright","","unknown","needs_browser","Seite wirkt JavaScript-/Pagination-getrieben.","200","0","0","json_ld,load_more,host:rae-martin.de","2026-06-19"
"dr-katharina-kunz-rechtsanwaelt-und-markus-pohle","Dr. Katharina Kunz Rechtsanwält Und Markus Pohle Rechtsanwalt","kp-law.de","https://kp-law.de","dom","","unknown","ready","Joblinks sind direkt im HTML sichtbar.","200","2","0","json_ld,host:kp-law.de","2026-06-19"
"schmidt-neidlinger-gerken","Schmidt Neidlinger Gerken Rechtsanwälte Partnerschaft","schmidt-neidlinger.de","https://schmidt-neidlinger.de","dom","","unknown","ready","Joblinks sind direkt im HTML sichtbar.","200","3","0","host:www.schmidt-neidlinger.de","2026-06-19"
"hkw-gbr","HKW Rechtsanwälte GbR","hkw-anwaelte.de","https://hkw-anwaelte.de","embedded_json","","unknown","ready","Eingebettete strukturierte Jobdaten gefunden.","200","0","1","json_ld,blocked,host:hkw-anwaelte.de","2026-06-19"
"rechtsanwaeltin-claudia-petri-kramer-und-kollegen","Rechtsanwältin Claudia Petri-Kramer & Kollegen","petri-kramer.de","https://www.petri-kramer.de/stellenangebote","embedded_json","","unknown","ready","Eingebettete strukturierte Jobdaten gefunden.","200","0","1","json_ld,host:www.petri-kramer.de","2026-06-19"
"dr-fischer-wilhelm-und","Dr. Fischer, Wilhelm & Partner Steuerberater Wirtschaftsprüfer PartG mbB","f-w-p.com","https://f-w-p.com","dom","","unknown","ready","Joblinks sind direkt im HTML sichtbar.","200","1","0","host:www.f-w-p.com","2026-06-19"
"in-der-innenstadt","Kanzlei in der Innenstadt","kanzleizoeller.de","https://kanzleizoeller.de","dom","","unknown","ready","Joblinks sind direkt im HTML sichtbar.","200","5","0","json_ld,blocked,host:kanzleizoeller.de","2026-06-19"
"dr-peter-a-doetsch","Rechtsanwalt Dr. Peter A. Doetsch","doetsch-wiesbaden.de","https://doetsch-wiesbaden.de","llm_fallback","","unknown","fallback","Keine Jobs im HTML/JSON erkannt.","200","0","0","host:www.doetsch-wiesbaden.de","2026-06-19"
"anwaltskanzlei-morgenroth-und-zick","Anwaltskanzlei Morgenroth & Zick","morgenroth-zick.com","https://morgenroth-zick.com/ueber-uns-2/#karriere","dom","","unknown","ready","Joblinks sind direkt im HTML sichtbar.","200","1","0","blocked,host:morgenroth-zick.com","2026-06-19"
"oencer-collegen-und-steuerberatung","Öncer-Collegen Rechtsanwalt und Steuerberatung","oencer-collegen.com","https://oencer-collegen.com","dom","","unknown","ready","Joblinks sind direkt im HTML sichtbar.","200","5","0","pagination,blocked,host:oencer-collegen.com","2026-06-19"
"klein-ii-und-schuette","Rechtsanwälte Klein II & Schütte","ksvp.de","https://ksvp.de","llm_fallback","","unknown","fallback","Keine Jobs im HTML/JSON erkannt.","200","0","0","json_ld,host:www.ksvp.de","2026-06-19"
"grigor-eksuzian","Rechtsanwalt Grigor Eksuzian","eksuzian.de","https://eksuzian.de","embedded_json","","unknown","ready","Eingebettete strukturierte Jobdaten gefunden.","200","1","1","json_ld,host:www.eksuzian.de","2026-06-19"
"yves-bivour","Rechtsanwalt Yves Bivour","kanzlei-bivour.de","https://kanzlei-bivour.de/ueber-uns/karriere/","dom","","unknown","ready","Joblinks sind direkt im HTML sichtbar.","200","2","0","host:kanzlei-bivour.de","2026-06-19"
"ludwig-rentzsch","Rechtsanwalt Ludwig Rentzsch","anwalt-kunst.de","https://anwalt-kunst.de","embedded_json","","unknown","ready","Eingebettete strukturierte Jobdaten gefunden.","200","2","1","json_ld,pagination,blocked,js_app,host:www.anwalt-kunst.de","2026-06-19"
"kuhlmey-und-kaussen","Rechtsanwälte Kuhlmey und Kaussen","rae-kaussen.de","https://www.rae-kaussen.de/jobs/","embedded_json","","unknown","ready","Eingebettete strukturierte Jobdaten gefunden.","200","1","1","json_ld,js_app,host:www.rae-kaussen.de","2026-06-19"
"dr-henf-und-partnerschaftsgesellschaft","Dr. Henf & Partner Rechtsanwälte, Partnerschaftsgesellschaft","henf.de","https://henf.de","dom","","unknown","ready","Joblinks sind direkt im HTML sichtbar.","200","7","0","host:www.henf.de","2026-06-19"
"nopper-und-vom-schloss","Rechtsanwälte Nopper & vom Schloß","nopper-vomschloss.de","https://nopper-vomschloss.de","dom","","unknown","ready","Joblinks sind direkt im HTML sichtbar.","200","1","0","blocked,host:www.nopper-vomschloss.de","2026-06-19"
"kloth-versicherungsrecht","Kloth Versicherungsrecht","kloth-versicherungsrecht.de","https://www.kloth-versicherungsrecht.de/karriere","llm_fallback","","unknown","fallback","Keine Jobs im HTML/JSON erkannt.","200","0","0","host:www.kloth-versicherungsrecht.de","2026-06-19"
"shs-und-notarin-in-hannover","SHS Rechtsanwälte & Notarin in Hannover","shs-hannover.de","https://shs-hannover.de","dom","","unknown","ready","Joblinks sind direkt im HTML sichtbar.","200","11","0","host:shs-hannover.de","2026-06-19"
"dr-andreas-hiemsch","Dr. Andreas Hiemsch Rechtsanwälte","hiemsch.com","https://www.hiemsch.com/kontakt/","playwright","","unknown","needs_browser","Seite wirkt JavaScript-/Pagination-getrieben.","200","0","0","pagination,blocked,host:www.hiemsch.com","2026-06-19"
"lyck-paetzold-healthcare-recht","Lyck+Pätzold. healthcare. recht,","medizinanwaelte.de","https://medizinanwaelte.de/karriere","dom","","unknown","ready","Joblinks sind direkt im HTML sichtbar.","200","2","0","json_ld,pagination,host:medizinanwaelte.de","2026-06-19"
"kdm-juraexperten","KDM Juraexperten","juraexperten.de","https://juraexperten.de","playwright","","unknown","needs_browser","Seite wirkt JavaScript-/Pagination-getrieben.","200","0","0","pagination,host:juraexperten.de","2026-06-19"
"ralph-berndt","Rechtsanwalt Ralph Berndt","kanzlei-berndt.de","https://kanzlei-berndt.de","dom","","unknown","ready","Joblinks sind direkt im HTML sichtbar.","200","1","0","blocked,host:www.kanzlei-berndt.de","2026-06-19"
"mos-moemken-ohlenschlager-sairinger-partnerschaftsgesellschaft","MOS Rechtsanwälte Mömken Ohlenschlager Sairinger Partnerschaftsgesellschaft mbB","mos-law.de","https://mos-law.de","dom","","unknown","ready","Joblinks sind direkt im HTML sichtbar.","200","1","0","host:mos-law.de","2026-06-19"
"akp-achilles-bosse-fassin-und-mb","AKP Achilles Bosse Fassin und Partner mb","akp-krefeld.sucht-dich.de","https://akp-krefeld.sucht-dich.de/stellenangebote/","dom","","unknown","ready","Joblinks sind direkt im HTML sichtbar.","200","18","0","json_ld,pagination,blocked,js_app,host:akp-krefeld.sucht-dich.de","2026-06-19"
"frank-lange","Rechtsanwalt Frank Lange","kanzlei-lange.de","https://kanzlei-lange.de","dom","","unknown","ready","Joblinks sind direkt im HTML sichtbar.","200","2","0","pagination,js_app,host:kanzlei-lange.de","2026-06-19"
"goedel-und-collegen","Gödel & Collegen Rechtsanwälte","rechtsanwalt-in-chemnitz.de","https://rechtsanwalt-in-chemnitz.de","dom","","unknown","ready","Joblinks sind direkt im HTML sichtbar.","200","2","0","json_ld,blocked,host:rechtsanwalt-in-chemnitz.de","2026-06-19"
"rechtsanwaltskanzlei-andreas-will","Rechtsanwaltskanzlei Andreas Will","ra-andreas-will.de","https://ra-andreas-will.de","llm_fallback","","unknown","request_error","HTTPError","","0","0","","2026-06-19"
"rechtsanwaltskanzlei-hebinger-inhaber-stefan-hebinger","Rechtsanwaltskanzlei Hebinger Inhaber Rechtsanwalt Stefan Hebinger","ihrjurist.com","https://ihrjurist.com","dom","","unknown","ready","Joblinks sind direkt im HTML sichtbar.","200","2","0","nuxt,pagination,blocked,js_app,host:www.ihrjurist.com","2026-06-19"
"rechtsanwaeltin-nina-ettl","Rechtsanwältin Nina Ettl","kanzlei-ettl.de","https://kanzlei-ettl.de","dom","","unknown","ready","Joblinks sind direkt im HTML sichtbar.","200","1","0","pagination,blocked,host:www.kanzlei-ettl.de","2026-06-19"
"niemeyer-uhlmann-und-lassig-in","Niemeyer-Uhlmann & Lassig Rechtsanwälte in Partnerschaft","kanzlei-nul.de","https://kanzlei-nul.de","llm_fallback","","unknown","fallback","Keine Jobs im HTML/JSON erkannt.","200","0","0","host:kanzlei-nul.de","2026-06-19"
"wolfgang-roth-und-fachanwalt-fuer-erbrecht-testamentsvollstrecker","Wolfgang Roth Rechtsanwalt und Fachanwalt für Erbrecht Testamentsvollstrecker","erbrechtsexperte.de","https://erbrechtsexperte.de","dom","","unknown","ready","Joblinks sind direkt im HTML sichtbar.","200","2","0","host:www.erbrechtsexperte.de","2026-06-19"
"nesbit-i-boeggemeyer-i-schoppe-gbr-und-gesellschaft-buergerlichen-rechts","Nesbit I Böggemeyer I Schoppe GbR Rechtsanwälte & Notare Gesellschaft bürgerlichen Rechts","nesbit-kollegen.de","https://www.nesbit-kollegen.de/jobs/","dom","","unknown","ready","Joblinks sind direkt im HTML sichtbar.","200","2","0","pagination,blocked,host:www.nesbit-kollegen.de","2026-06-19"
"schaefer-und-berkels-ra","Schäfer & Berkels RA","schaefer-berkels.de","https://schaefer-berkels.de/karriere/","dom","","unknown","ready","Joblinks sind direkt im HTML sichtbar.","200","1","0","json_ld,pagination,host:schaefer-berkels.de","2026-06-19"
"christian-krug-v-einem-andreas-achterberg-und-andreas-klemt","Christian Krug v. Einem, Andreas Achterberg und Andreas Klemt","krug-achterberg.de","https://krug-achterberg.de","dom","","unknown","ready","Joblinks sind direkt im HTML sichtbar.","200","3","0","json_ld,pagination,js_app,host:krug-achterberg.de","2026-06-19"
"colbatz-und-gall","Colbatz & Gall Rechtsanwälte","kanzlei-colbatz.net","https://kanzlei-colbatz.net","playwright","","unknown","needs_browser","Seite wirkt JavaScript-/Pagination-getrieben.","200","0","0","pagination,host:www.kanzlei-colbatz.net","2026-06-19"
"dr-grantz-hoffmeyer-und","Rechtsanwälte Dr. Grantz, Hoffmeyer & Partner","gkh-anwalt.de","https://gkh-anwalt.de/stellenangebote.html","embedded_json","","unknown","ready","Eingebettete strukturierte Jobdaten gefunden.","200","3","1","json_ld,host:gkh-anwalt.de","2026-06-19"
"und-notarin-ewald-und-ewald-mueller-waller-heerstr","Rechtsanwälte und Notarin Ewald & Ewald-Müller § Waller Heerstr.","rechtsanwaelte-ewald.de","https://rechtsanwaelte-ewald.de","dom","","unknown","ready","Joblinks sind direkt im HTML sichtbar.","200","5","0","host:www.rechtsanwaelte-ewald.de","2026-06-19"
"krueger","Kanzlei Krüger","kanzlei-krueger.de","https://www.kanzlei-krueger.de/karriere/","dom","","unknown","ready","Joblinks sind direkt im HTML sichtbar.","200","7","0","host:www.kanzlei-krueger.de","2026-06-19"
"cmkr-von-rechtsanwaelten","CMKR Partnerschaft von Rechtsanwälten mbB","cmkr.de","https://www.cmkr.de/#stellen","dom","","unknown","ready","Joblinks sind direkt im HTML sichtbar.","200","2","0","host:www.cmkr.de","2026-06-19"
"michael-martius","Michael Martius Rechtsanwalt","rechtsanwalt-roebel.de","https://rechtsanwalt-roebel.de","dom","","unknown","ready","Joblinks sind direkt im HTML sichtbar.","200","2","0","pagination,js_app,host:rechtsanwalt-roebel.de","2026-06-19"
"und-anwaltskanzlei-schiller-jerosch-sauerland","Notar- und Anwaltskanzlei Schiller · Jerosch · Sauerland","rae-schiller.de","https://rae-schiller.de","dom","","unknown","ready","Joblinks sind direkt im HTML sichtbar.","200","3","0","json_ld,pagination,blocked,host:rae-schiller.de","2026-06-19"
"rechtsanwaltsgesellschaft-gerats-hartung-und-gbr","Rechtsanwaltsgesellschaft Gerats, Hartung & Partner GbR","ra-hartung.de","https://www.ra-hartung.de/rechtsgebiete/stellenabbau-curevac/","dom","","unknown","ready","Joblinks sind direkt im HTML sichtbar.","200","3","0","json_ld,pagination,blocked,js_app,host:www.ra-hartung.de","2026-06-19"
"georg-kastenmueller","Rechtsanwalt Georg Kastenmüller","ra-kastenmueller.de","https://ra-kastenmueller.de","dom","","unknown","ready","Joblinks sind direkt im HTML sichtbar.","200","13","0","json_ld,pagination,host:www.ra-kastenmueller.de","2026-06-19"
"dr-ronald-hofmann-markus-huesmann-und-joerg-sodan","Rechtsanwälte Dr. Ronald Hofmann, Markus Huesmann und Jörg Sodan","kanzlei-hhs.de","https://kanzlei-hhs.de","llm_fallback","","unknown","fallback","Keine Jobs im HTML/JSON erkannt.","200","0","0","json_ld,host:www.hhs-recht.de","2026-06-19"
"dr-hapig-und-kollegen-gbr","Dr. Hapig und Kollegen GbR","hapig-kollegen.de","https://hapig-kollegen.de","playwright","","unknown","needs_browser","Seite wirkt JavaScript-/Pagination-getrieben.","200","0","0","js_app,host:hapig-kollegen.de","2026-06-19"
"steuerberaterkammer-koeln-koerperschaft-des-oeffentlichen-rechts","Steuerberaterkammer Köln Körperschaft des öffentlichen Rechts","stbk-koeln.de","https://www.stbk-koeln.de/die-steuerberaterkammer/geschaeftsstelle/wir-stellen-ein/","dom","","unknown","ready","Joblinks sind direkt im HTML sichtbar.","200","58","0","host:www.stbk-koeln.de","2026-06-19"
"bridgehouselaw-germany-villwock-heinze","BridgehouseLaw Germany Villwock Heinze Rechtsanwälte PartGmbB","bridgehouselaw.de","https://bridgehouselaw.de/karriere/","dom","","unknown","ready","Joblinks sind direkt im HTML sichtbar.","200","1","0","json_ld,pagination,blocked,js_app,host:bridgehouselaw.de","2026-06-19"
"anwaeltinnenbuero-kreuzstrasse-und-fachanwaelte-in-buerogemeinschaft","Anwältinnenbüro Kreuzstrasse Rechtsanwälte und Fachanwälte in Bürogemeinschaft","anwaeltinnenbuero.de","https://anwaeltinnenbuero.de","dom","","unknown","ready","Joblinks sind direkt im HTML sichtbar.","200","3","0","json_ld,host:anwaeltinnenbuero.de","2026-06-19"
"moeller","MÖLLER RECHTSANWÄLTE Partnerschaft mbB","moeller-rechtsanwaelte.de","https://www.moeller-rechtsanwaelte.de/#","dom","","unknown","ready","Joblinks sind direkt im HTML sichtbar.","200","13","0","pagination,host:www.moeller-rechtsanwaelte.de","2026-06-19"
"rechtsanwaltsgesellschaft-eulerich-und-coll-mbh","Rechtsanwaltsgesellschaft Eulerich & Coll. mbH","karriere.rag-eulerich.de","https://karriere.rag-eulerich.de","playwright","","unknown","needs_browser","Seite wirkt JavaScript-/Pagination-getrieben.","200","0","0","pagination,js_app,host:karriere.rag-eulerich.de","2026-06-19"
"alexander-heinze","Alexander Heinze Rechtsanwalt","anwaltskanzlei-heinze.de","https://anwaltskanzlei-heinze.de","dom","","unknown","ready","Joblinks sind direkt im HTML sichtbar.","200","2","0","json_ld,pagination,js_app,host:anwaltskanzlei-heinze.de","2026-06-19"
"christopher-mueller-und-kollegen-rechtsanwaltsgesellschaft-mbh","Christopher Müller & Kollegen Rechtsanwaltsgesellschaft mbH","rechtsanwaelte-kanzlei-mueller.de","https://www.rechtsanwaelte-kanzlei-mueller.de/karriere/","dom","","unknown","ready","Joblinks sind direkt im HTML sichtbar.","200","4","0","pagination,host:www.rechtsanwaelte-kanzlei-mueller.de","2026-06-19"
"reis-und","Reis & Partner Rechtsanwälte Notare","reisundpartner.de","https://reisundpartner.de/stellenangebote/","dom","","unknown","ready","Joblinks sind direkt im HTML sichtbar.","200","4","0","json_ld,blocked,host:reisundpartner.de","2026-06-19"
"asma-hussain-haemaelaeinen-ll-m","Asma Hussain-Hämäläinen, LL.M.","rechtsanwaeltinhussain.com","https://rechtsanwaeltinhussain.com","playwright","","unknown","needs_browser","Seite wirkt JavaScript-/Pagination-getrieben.","200","0","0","json_ld,pagination,blocked,host:rechtsanwaeltinhussain.com","2026-06-19"
"kbz","kbz. Rechtsanwälte Steuerberater","kbz-rechtsanwalt-steuerberater-frankfurt-oder.de","https://kbz-rechtsanwalt-steuerberater-frankfurt-oder.de","dom","","unknown","ready","Joblinks sind direkt im HTML sichtbar.","200","5","0","json_ld,pagination,host:kbz-rechtsanwalt-steuerberater-frankfurt-oder.de","2026-06-19"
"jasper","JASPER Rechtsanwälte","jasper-law.com","https://jasper-law.com/karriere","dom","","unknown","ready","Joblinks sind direkt im HTML sichtbar.","200","4","0","host:jasper-law.com","2026-06-19"
"koether-und-schmitt-in-schwerte","Kanzlei / Rechtsanwälte - Köther und Schmitt in Schwerte","rae-koether.com","https://rae-koether.com","llm_fallback","","unknown","fallback","Keine Jobs im HTML/JSON erkannt.","200","0","0","host:rae-koether.com","2026-06-19"
"rechtsanwaltskanzlei-michael-kaiser","Rechtsanwaltskanzlei Michael Kaiser","ra-kaiser.eu","https://ra-kaiser.eu","dom","","unknown","ready","Joblinks sind direkt im HTML sichtbar.","200","1","0","json_ld,pagination,blocked,host:www.ra-kaiser.eu","2026-06-19"
"m-ue-l-l-e-r-a-n-w-a-l-t-s-k-a-n-z-l-ei","M Ü L L E R A n w a l t s k a n z l ei","rechtundberatung.de","https://rechtundberatung.de","dom","","unknown","ready","Joblinks sind direkt im HTML sichtbar.","200","1","0","pagination,host:www.rechtundberatung.de","2026-06-19"
"michael-pommerening-und-dirk-breitenbach","Rechtsanwälte Michael Pommerening und Dirk Breitenbach","rae-wandsbek.de","https://www.rae-wandsbek.de/kontakt/","dom","","unknown","ready","Joblinks sind direkt im HTML sichtbar.","200","2","0","json_ld,pagination,blocked,host:www.rae-wandsbek.de","2026-06-19"
"dr-schwarzpartners","Dr. SchwarzPartners GmbH","karriere-schwarzpartners.de","https://www.schwarzpartners.de/karriere","embedded_json","","unknown","ready","Eingebettete strukturierte Jobdaten gefunden.","200","12","1","json_ld,pagination,host:www.schwarzpartners.de","2026-06-19"
"schwentker-bueckmann-insolvenzwerwaltung","Schwentker-Bückmann Rechtsanwälte . Insolvenzwerwaltung","rae-sb.de","https://karriere-rae-sb.de/","playwright","","unknown","needs_browser","Seite wirkt JavaScript-/Pagination-getrieben.","200","0","0","js_app,host:karriere-rae-sb.de","2026-06-19"
"krefeld-gassmann-reichl-brandes-gbr","Krefeld • Gaßmann-Reichl • Brandes GbR","ihrsteuerteam.de","https://ihrsteuerteam.de/#karriere","dom","","unknown","ready","Joblinks sind direkt im HTML sichtbar.","200","2","0","pagination,js_app,host:ihrsteuerteam.de","2026-06-19"
"ra-frank-e-r-diem","RA Frank E. R. Diem","diempartner.de","https://diempartner.de","dom","","unknown","ready","Joblinks sind direkt im HTML sichtbar.","200","1","0","json_ld,pagination,blocked,js_app,host:diempartner.de","2026-06-19"
"klug-und-froehlich","Klug & Froehlich","klugundfroehlich.de","https://klugundfroehlich.de","dom","","unknown","ready","Joblinks sind direkt im HTML sichtbar.","200","1","0","pagination,host:klugundfroehlich.de","2026-06-19"
"schwamborn-schmidt-heisig","Rechtsanwälte SCHWAMBORN SCHMIDT HEISIG","schwamborn-schmidt-heisig.eu","https://schwamborn-schmidt-heisig.eu","embedded_json","","unknown","ready","Eingebettete strukturierte Jobdaten gefunden.","200","10","2","json_ld,pagination,blocked,js_app,host:www.schwamborn-schmidt-heisig.eu","2026-06-19"
"moehler-und-moehler","Rechtsanwälte Möhler & Möhler","raemoehler.de","https://raemoehler.de","playwright","","unknown","needs_browser","Seite wirkt JavaScript-/Pagination-getrieben.","200","0","0","nuxt,blocked,js_app,host:www.raemoehler.de","2026-06-19"
"rechtsanwaeltin-dr-vanessa-kazak","Rechtsanwältin Dr. Vanessa Kazak","kanzlei-dr-kazak.de","https://kanzlei-dr-kazak.de","dom","","unknown","ready","Joblinks sind direkt im HTML sichtbar.","200","1","0","blocked,host:www.kanzlei-dr-kazak.de","2026-06-19"
"und-fachanwaltskanzlei","Notar und Fachanwaltskanzlei","raegm.de","https://raegm.de","embedded_json","","unknown","ready","Eingebettete strukturierte Jobdaten gefunden.","200","1","1","json_ld,pagination,blocked,js_app,host:ffm-kanzlei.de","2026-06-19"
"juri-schleicher","Rechtsanwalt Juri Schleicher","brg-recht.de","https://brg-recht.de","embedded_json","","unknown","ready","Eingebettete strukturierte Jobdaten gefunden.","200","5","2","json_ld,blocked,host:brg-recht.de","2026-06-19"
"fachanwaltskanzlei-hubel-klopfer-schwarz","FACHANWALTSKANZLEI HUBEL, KLOPFER, SCHWARZ","fachanwaelte-aalen.de","https://fachanwaelte-aalen.de","dom","","unknown","ready","Joblinks sind direkt im HTML sichtbar.","200","5","0","pagination,blocked,host:www.fachanwaelte-aalen.de","2026-06-19"
"landstorfer-und-neusiedler","Rechtsanwälte Landstorfer & Neusiedler","rechtsanwalt-muenchen.info","https://rechtsanwalt-muenchen.info","dom","","unknown","ready","Joblinks sind direkt im HTML sichtbar.","200","5","0","pagination,host:www.rechtsanwalt-muenchen.info","2026-06-19"
"wir-suchen-verstaerkung-zu-den-stellenanzeigen","WIR SUCHEN VERSTÄRKUNG! [ZU DEN STELLENANZEIGEN]","srb-anwaelte.de","https://www.srb-anwaelte.de/karriere","dom","","unknown","ready","Joblinks sind direkt im HTML sichtbar.","200","1","0","host:www.srb-anwaelte.de","2026-06-19"
"eggesiecker-und-rechtsbeistand-eingetragen-im-partnerschaftsregister","Eggesiecker und Partner, Rechtsanwälte, Steuerberater, Wirtschaftsprüfer, Rechtsbeistand, eingetragen im Partnerschaftsregister","eggesiecker.de","https://www.eggesiecker.de/karriere","dom","","unknown","ready","Joblinks sind direkt im HTML sichtbar.","200","10","0","host:www.eggesiecker.de","2026-06-19"
"kaesler-i-neuhaus-i-von-kietzell-in","Kaesler I Neuhaus I von Kietzell Rechtsanwälte in Partnerschaft mbB","kaesler.eu","https://www.kaesler.eu/karriere.html","dom","","unknown","ready","Joblinks sind direkt im HTML sichtbar.","200","10","0","blocked,host:www.kaesler.eu","2026-06-19"
"dr-kaumanns","Dr. Kaumanns Rechtsanwälte","anwaelte-kaumanns.de","https://anwaelte-kaumanns.de","dom","","unknown","ready","Joblinks sind direkt im HTML sichtbar.","200","3","0","host:anwaelte-kaumanns.de","2026-06-19"
"joerg-salzwedel-salzwedel","Jörg Salzwedel Kanzlei Salzwedel","ra-salzwedel.de","https://ra-salzwedel.de","dom","","unknown","ready","Joblinks sind direkt im HTML sichtbar.","200","1","0","pagination,blocked,host:www.ra-salzwedel.de","2026-06-19"
"harms-ziegler-partnerschaftsgesellschaft","harms-ziegler rechtsanwälte Partnerschaftsgesellschaft mbB","harms-ziegler.de","https://harms-ziegler.de","dom","","unknown","ready","Joblinks sind direkt im HTML sichtbar.","200","1","0","json_ld,pagination,js_app,host:www.harms-ziegler.de","2026-06-19"
"hoeninger-fahnenschmidt-kreiskorte-buerogemeinschaft-recht-und-steuern","HÖNINGER | FAHNENSCHMIDT | KREISKORTE - Bürogemeinschaft Recht & Steuern","hfk.ruhr","https://hfk.ruhr/karriere/","playwright","","unknown","needs_browser","Seite wirkt JavaScript-/Pagination-getrieben.","200","0","0","pagination,blocked,js_app,host:hfk.ruhr","2026-06-19"
"attorney-joerg-dietz","Attorney Jörg Dietz","anwaeltedirekt-esslingen.de","https://anwaeltedirekt-esslingen.de","dom","","unknown","ready","Joblinks sind direkt im HTML sichtbar.","200","6","0","host:anwaeltedirekt-esslingen.de","2026-06-19"
"lechner-und-lechner-gbr","Rechtsanwälte Lechner & Lechner GbR","rechtsanwaelte-lechner.de","https://rechtsanwaelte-lechner.de","dom","","unknown","ready","Joblinks sind direkt im HTML sichtbar.","200","6","0","host:www.rechtsanwaelte-lechner.de","2026-06-19"
"ulbrich","Rechtsanwälte Ulbrich","ra-ulbrich.de","https://ra-ulbrich.de","playwright","","unknown","needs_browser","Seite wirkt JavaScript-/Pagination-getrieben.","200","0","0","json_ld,pagination,blocked,js_app,host:www.ra-ulbrich.de","2026-06-19"
"rechtsanwaeltin-barbara-lang","Rechtsanwältin Barbara Lang","lang-rechtsanwaeltin.de","https://lang-rechtsanwaeltin.de","dom","","unknown","ready","Joblinks sind direkt im HTML sichtbar.","200","2","0","host:lang-rechtsanwaeltin.de","2026-06-19"
"schueler-boldt-und-bansner-in-sozietaet","SCHÜLER-BOLDT & BANSNER Rechtsanwälte in Sozietät","ra-bansner.de","https://ra-bansner.de","dom","","unknown","ready","Joblinks sind direkt im HTML sichtbar.","200","3","0","blocked,host:www.ra-bansner.de","2026-06-19"
"dr-thomas-durchlaub","Notar Dr. Thomas Durchlaub","notar-durchlaub.de","https://notar-durchlaub.de","llm_fallback","","unknown","fallback","Keine Jobs im HTML/JSON erkannt.","200","0","0","host:notar-durchlaub.de","2026-06-19"
"dr-vachek","Dr. Vachek Rechtsanwälte","kanzlei-vachek.de","https://kanzlei-vachek.de","dom","","unknown","ready","Joblinks sind direkt im HTML sichtbar.","200","2","0","host:www.kanzlei-vachek.de","2026-06-19"
"diwo-und-falk-vereidigte-buchpruefer","Diwo & Falk Rechtsanwälte, Steuerberater, vereidigte Buchprüfer","diwo-falk.de","https://diwo-falk.de","llm_fallback","","unknown","request_error","HTTPError","","0","0","","2026-06-19"
"dr-hoernschemeyer-von-rechtsanwaelten-i-notarin","Dr. Hörnschemeyer Partnerschaft von Rechtsanwälten mbB I Notarin","dr-hoernschemeyer.de","https://dr-hoernschemeyer.de","dom","","unknown","ready","Joblinks sind direkt im HTML sichtbar.","200","13","0","host:hnl.law","2026-06-19"
"snr-beratung","SNR BERATUNG PartG mbB","snr.tax","https://snr.tax/stellenangebote/","dom","","unknown","ready","Joblinks sind direkt im HTML sichtbar.","200","5","0","pagination,blocked,js_app,host:snr.tax","2026-06-19"
"lkc-holding-wirtschaftspruefungsgesellschaft","LKC Holding GmbH Wirtschaftsprüfungsgesellschaft","lkc.de","https://lkc.de/karriere/","dom","","unknown","ready","Joblinks sind direkt im HTML sichtbar.","200","5","0","json_ld,pagination,host:lkc.de","2026-06-19"
"lampe-und-roediger","Rechtsanwälte Lampe & Rödiger","lampe-und-roediger.de","https://lampe-und-roediger.de","playwright","","unknown","needs_browser","Seite wirkt JavaScript-/Pagination-getrieben.","200","0","0","pagination,js_app,host:lampe-und-roediger.de","2026-06-19"
"tritschler-maier-mager-fachanwaelte-partnerschaftsgesellschaft","Tritschler Maier Mager Fachanwälte (Partnerschaftsgesellschaft)","kanzlei-vs.de","https://kanzlei-vs.de","dom","","unknown","ready","Joblinks sind direkt im HTML sichtbar.","200","5","0","json_ld,host:kanzlei-vs.de","2026-06-19"
"rechtsanwaltskanzlei-thomas-schmidt","Rechtsanwaltskanzlei Thomas Schmidt","anwalt-schmidt.com","https://anwalt-schmidt.com","dom","","unknown","ready","Joblinks sind direkt im HTML sichtbar.","200","1","0","json_ld,blocked,host:anwalt-schmidt.com","2026-06-19"
"reckels-ruhwinkel-lammers-dr-keuter-und-bathe-gesellschaft-buergerlichen-rechts","Reckels, Ruhwinkel, Lammers, Dr. Keuter und Bathe Gesellschaft bürgerlichen Rechts","onlineadvokaten.de","https://onlineadvokaten.de/karriere-2/","playwright","","unknown","needs_browser","Seite wirkt JavaScript-/Pagination-getrieben.","200","0","0","json_ld,pagination,js_app,host:onlineadvokaten.de","2026-06-19"
"anwaelte-von-bassewitz-grueneberg-gerlach-und-collegen","Anwälte von Bassewitz, GRÜNEBERG, GERLACH & Collegen","anwalt-von-bassewitz.de","https://www.anwalt-von-bassewitz.de/karriere","embedded_json","","unknown","ready","Eingebettete strukturierte Jobdaten gefunden.","200","7","1","json_ld,host:www.anwalt-von-bassewitz.de","2026-06-19"
"dr-huesch-und-partnerschaftsgesellschaft","Rechtsanwälte Dr. Hüsch & Partner mbB, Partnerschaftsgesellschaft","huesch-und-partner.de","https://huesch-und-partner.de/karriere.html","dom","","unknown","ready","Joblinks sind direkt im HTML sichtbar.","200","1","0","json_ld,host:huesch-und-partner.de","2026-06-19"
"leichthammer-scheckel-breil-und","LEICHTHAMMER, SCHECKEL, BREIL & PARTNER","lsb-partner.de","https://lsb-partner.de/karriere/","dom","","unknown","ready","Joblinks sind direkt im HTML sichtbar.","200","2","0","json_ld,host:lsb-partner.de","2026-06-19"
"landgraf-schneider","Landgraf Schneider Rechtsanwälte PartG","landgraf-schneider.com","https://landgraf-schneider.com","dom","","unknown","ready","Joblinks sind direkt im HTML sichtbar.","200","2","0","blocked,host:www.landgraf-schneider.com","2026-06-19"
"rechtsanwaeltin-stephanie-schlund","Rechtsanwältin Stephanie Schlund","kanzlei-schlund.de","https://kanzlei-schlund.de","dom","","unknown","ready","Joblinks sind direkt im HTML sichtbar.","200","2","0","json_ld,blocked,host:kanzlei-schlund.de","2026-06-19"
"in-hannover-fuer-zivilrecht","Rechtsanwalt in Hannover für Zivilrecht","degott.de","https://degott.de","dom","","unknown","ready","Joblinks sind direkt im HTML sichtbar.","200","1","0","host:www.degott.de","2026-06-19"
"rechtsanwaltskanzlei-ehrmann-und-schweininger","Rechtsanwaltskanzlei Ehrmann & Schweininger","rae-mhe.de","https://rae-mhe.de","embedded_json","","unknown","ready","Eingebettete strukturierte Jobdaten gefunden.","200","2","1","json_ld,blocked,js_app,host:www.rae-mhe.de","2026-06-19"
"huebner-brandl-und-lindner","Rechtsanwälte Hübner, Brandl & Lindner","rae-huebner-brandl.de","https://rae-huebner-brandl.de","dom","","unknown","ready","Joblinks sind direkt im HTML sichtbar.","200","2","0","blocked,js_app,host:www.rae-huebner-brandl.de","2026-06-19"
"kuehnel-rosenmueller-und-kollegen-insolvenzverwalter","KÜHNEL, ROSENMÜLLER & KOLLEGEN Rechtsanwälte Notare Insolvenzverwalter","krsh.de","https://www.krsh.de/karriere/","dom","","unknown","ready","Joblinks sind direkt im HTML sichtbar.","200","2","0","host:www.krsh.de","2026-06-19"
"joerg-ortmueller","Jörg Ortmüller Rechtsanwalt","ra-ortmueller.de","https://www.ra-ortmueller.de/jobs/","dom","","unknown","ready","Joblinks sind direkt im HTML sichtbar.","200","1","0","json_ld,load_more,pagination,blocked,host:www.ra-ortmueller.de","2026-06-19"
"anwaltskanzlei-rainer-schons","Anwaltskanzlei Rainer Schons","schons-rechtsanwalt.de","https://schons-rechtsanwalt.de","dom","","unknown","ready","Joblinks sind direkt im HTML sichtbar.","200","4","0","json_ld,pagination,host:www.schons-rechtsanwalt.de","2026-06-19"
"hundertmark-rohde-christian-hundertmark-david-rohde","Rechtsanwälte Hundertmark // Rohde Christian Hundertmark, David Rohde","kanzlei-hr.de","https://kanzlei-hr.de","playwright","","unknown","needs_browser","Seite wirkt JavaScript-/Pagination-getrieben.","200","0","0","json_ld,pagination,blocked,host:kanzlei-hr.de","2026-06-19"
"ra-christian-roesch-fachanwalt-fuer-arbeitsrecht","RA Christian Rösch, Fachanwalt für Arbeitsrecht","rupprecht-roesch.de","https://rupprecht-roesch.de","llm_fallback","","unknown","request_error","HTTPError","","0","0","","2026-06-19"
"hobohm-natalello-giloth-gbr","Hobohm Natalello Giloth GbR","hobohm-kollegen.de","https://hobohmgiloth.de/karriere/","playwright","","unknown","needs_browser","Seite wirkt JavaScript-/Pagination-getrieben.","200","0","0","json_ld,pagination,blocked,js_app,host:hobohmgiloth.de","2026-06-19"
"barbara-schueller-anwaeltinnenkanzlei","Barbara Schüller Anwältinnenkanzlei","anwaeltinnen-kanzlei.de","https://anwaeltinnen-kanzlei.de","dom","","unknown","ready","Joblinks sind direkt im HTML sichtbar.","200","2","0","json_ld,blocked,host:anwaeltinnen-kanzlei.de","2026-06-19"
"gehrke-econ-gehrke-econ-steuer-beratungs-gesellschaft-mbh","gehrke-econ Gehrke Econ Steuer­beratungs­gesellschaft mbH","karriere.gehrke-econ.de","https://karriere.gehrke-econ.de/","dom","","unknown","ready","Joblinks sind direkt im HTML sichtbar.","200","5","0","json_ld,load_more,js_app,host:karriere.gehrke-econ.de","2026-06-19"
"anwaltskanzlei-klaus-keil","Anwaltskanzlei Klaus Keil","kanzlei-keil.de","https://kanzlei-keil.de","embedded_json","","unknown","ready","Eingebettete strukturierte Jobdaten gefunden.","200","1","1","json_ld,blocked,host:www.kanzlei-keil.de","2026-06-19"
"sievers-und-kollegen-rechtsanwaltskanzlei","Sievers & Kollegen Rechtsanwaltskanzlei","sievers-kollegen.de","https://sievers-kollegen.de","dom","","unknown","ready","Joblinks sind direkt im HTML sichtbar.","200","4","0","json_ld,host:sievers-kollegen.de","2026-06-19"
"dudwiesus-ra-jan-m-dudwiesus","Kanzlei Dudwiesus RA Jan-M. Dudwiesus","kanzlei-dudwiesus.de","https://kanzlei-dudwiesus.de","llm_fallback","","unknown","fallback","Keine Jobs im HTML/JSON erkannt.","200","0","0","host:kanzlei-dudwiesus.de","2026-06-19"
"karlgaedt","Karlgaedt Rechtsanwalt","rechtsanwalt-gaedt.de","https://rechtsanwalt-gaedt.de","dom","","unknown","ready","Joblinks sind direkt im HTML sichtbar.","200","9","0","json_ld,host:rechtsanwalt-gaedt.de","2026-06-19"
"holger-hopperdietzel","Holger Hopperdietzel Rechtsanwalt","advocatur.de","https://advocatur.de","playwright","","unknown","needs_browser","Seite wirkt JavaScript-/Pagination-getrieben.","200","0","0","pagination,blocked,host:www.advocatur.de","2026-06-19"
"m-und-w-fachanwaelte-wagner-heinzelmann-wedel-heinz","m&w Rechtsanwälte · Fachanwälte Wagner · Heinzelmann · Wedel · Heinz","moersch-wagner.de","https://moersch-wagner.de","dom","","unknown","ready","Joblinks sind direkt im HTML sichtbar.","200","11","0","json_ld,pagination,blocked,host:moersch-wagner.de","2026-06-19"
"herausgeber-marc-torsten-canestrini-garret-clark-agathe-wiekhorst","Herausgeber Marc-Torsten Canestrini + Garret Clark + Agathe Wiekhorst","anwaltskanzlei-cc.de","https://anwaltskanzlei-cc.de","dom","","unknown","ready","Joblinks sind direkt im HTML sichtbar.","200","33","0","load_more,pagination,blocked,host:www.anwaltskanzlei-cc.de","2026-06-19"
"dr-nesemann-und","Dr. Nesemann und Partner, Rechtsanwälte","nesemann-partner.de","https://nesemann-partner.de","llm_fallback","","unknown","fallback","Keine Jobs im HTML/JSON erkannt.","200","0","0","host:nesemann-partner.de","2026-06-19"
"ill-dr-tripp-und-ludwig","Rechtsanwälte Ill Dr. Tripp & Ludwig","dr-tripp-ludwig.de","https://dr-tripp-ludwig.de","dom","","unknown","ready","Joblinks sind direkt im HTML sichtbar.","200","3","0","pagination,host:dr-tripp-ludwig.de","2026-06-19"
"cramer-von-clausbruch","Cramer von Clausbruch Rechtsanwälte PartGmbB","csc-recht.de","https://csc-recht.de/karriere","dom","","unknown","ready","Joblinks sind direkt im HTML sichtbar.","200","1","0","json_ld,pagination,host:csc-recht.de","2026-06-19"
"lutz-dr-hepach-reisenhofer","Lutz Dr. Hepach Reisenhofer Rechtsanwälte PartGmbB","ra-flh.de","https://ra-flh.de","llm_fallback","","unknown","fallback","Keine Jobs im HTML/JSON erkannt.","200","0","0","host:www.ra-flh.de","2026-06-19"
"prof-dr-stefan-haupt","Prof. Dr. Stefan Haupt","haupt-rechtsanwaelte.de","https://haupt-rechtsanwaelte.de","dom","","unknown","ready","Joblinks sind direkt im HTML sichtbar.","200","4","0","pagination,js_app,host:www.haupt-rechtsanwaelte.de","2026-06-19"
"rechtsanwaltskanzlei-schliecker","Rechtsanwaltskanzlei Schliecker","kanzlei-schliecker.de","https://kanzlei-schliecker.de","llm_fallback","","unknown","request_error","SSLError","","0","0","","2026-06-19"
"oberberg-hasche-reinbender","Rechtsanwälte Oberberg • Hasche • Reinbender","oberberg-rae.de","https://oberberg-rae.de/datenschutzerklaerung-zu-bewerbungen/","playwright","","unknown","needs_browser","Seite wirkt JavaScript-/Pagination-getrieben.","200","0","0","json_ld,pagination,host:oberberg-rae.de","2026-06-19"
"anwaltskanzlei-stefanie-koehnke-fachanwaeltin-fuer-familienrecht","Anwaltskanzlei Stefanie Köhnke Fachanwältin für Familienrecht","ra-koehnke.de","https://ra-koehnke.de","dom","","unknown","ready","Joblinks sind direkt im HTML sichtbar.","200","5","0","pagination,blocked,host:www.ra-koehnke.de","2026-06-19"
"kilian-und-kollegen-rechtsanwaltskanzlei-rechtsanwaeltin-susanne-kilian","Kilian & Kollegen Rechtsanwaltskanzlei Rechtsanwältin Susanne Kilian","kilian-kollegen.de","https://www.kilian-kollegen.de/ueber-uns/karriere/","playwright","","unknown","needs_browser","Seite wirkt JavaScript-/Pagination-getrieben.","200","0","0","json_ld,pagination,host:www.kilian-kollegen.de","2026-06-19"
"alpan-sagsoez-fachanwalt-fuer-familienrecht","Alpan Sagsöz Fachanwalt für Familienrecht","bonn-rechtsanwalt.de","https://bonn-rechtsanwalt.de","dom","","unknown","ready","Joblinks sind direkt im HTML sichtbar.","200","2","0","json_ld,host:www.bonn-rechtsanwalt.de","2026-06-19"
"der-weidmann-partnerschaftsgesellschaft","Partner der WEIDMANN Rechtsanwälte Steuerberater Partnerschaftsgesellschaft","weidmann-law.de","https://weidmann-law.de","dom","","unknown","ready","Joblinks sind direkt im HTML sichtbar.","200","4","0","js_app,host:weidmann-law.de","2026-06-19"
"dr-fingerle","Dr. Fingerle Rechtsanwälte","dr-fingerle.de","https://dr-fingerle.de/stellen/","dom","","unknown","ready","Joblinks sind direkt im HTML sichtbar.","200","11","0","json_ld,load_more,pagination,blocked,host:dr-fingerle.de","2026-06-19"
"rechtsanwaltskanzlei-professor-mayer-und-kollegen","Rechtsanwaltskanzlei Professor Mayer & Kollegen","prof-mayer-kollegen.de","https://prof-mayer-kollegen.de","reader_or_llm","","unknown","blocked","Seite wirkt geblockt oder leer fuer normale Requests.","200","0","0","json_ld,blocked,host:www.prof-mayer-kollegen.de","2026-06-19"
"rainer-scholand","RAINER SCHOLAND Steuerberater","nsn-menden.de","https://nsn-menden.de/bewerbungsformular","dom","","unknown","ready","Joblinks sind direkt im HTML sichtbar.","200","1","0","blocked,host:nsn-menden.de","2026-06-19"
"leipzig-friedrich-blasig-vonderlin-hoefler-voges-in-buerogemeinschaft","Rechtsanwälte Leipzig Friedrich | Blasig–Vonderlin | Höfler | Voges in Bürogemeinschaft","rechtsanwaelte-leipzig.net","https://rechtsanwaelte-leipzig.net","playwright","","unknown","needs_browser","Seite wirkt JavaScript-/Pagination-getrieben.","200","0","0","pagination,blocked,host:www.rechtsanwaelte-leipzig.net","2026-06-19"
"rechtsanwaeltin-sabine-katja-schebur","Rechtsanwältin Sabine Katja Schebur","schebur-recht.de","https://schebur-recht.de","embedded_json","","unknown","ready","Eingebettete strukturierte Jobdaten gefunden.","200","3","1","json_ld,blocked,host:schebur-recht.de","2026-06-19"
"ls-ip-loth-und-spuhler-intellectual-property","LS-IP Loth & Spuhler Intellectual Property Law","ls-ip.com","https://ls-ip.com","dom","","unknown","ready","Joblinks sind direkt im HTML sichtbar.","200","1","0","blocked,host:www.ls-ip.com","2026-06-19"
"sozietaet-bauwens-hammer","Sozietät Bauwens Hammer PartGmbB","bauwens-hammer.de","https://bauwens-hammer.de/karriere/","playwright","","unknown","needs_browser","Seite wirkt JavaScript-/Pagination-getrieben.","200","0","0","json_ld,pagination,blocked,js_app,host:bauwens-hammer.de","2026-06-19"
"detlef-g-o-baarth","Rechtsanwalt Detlef G.O. Baarth","baarth.net","https://baarth.net","embedded_json","","unknown","ready","Eingebettete strukturierte Jobdaten gefunden.","200","11","1","json_ld,host:www.baarth.net","2026-06-19"
"georg-breitscheid","Georg GmbH Breitscheid","georg.de","https://www.georg.de/unsere-offenen-stellen-in-breitscheid/","playwright","","unknown","needs_browser","Seite wirkt JavaScript-/Pagination-getrieben.","200","0","0","json_ld,pagination,blocked,js_app,host:www.georg.de","2026-06-19"
"merklinger-fachanwaltskanzlei","Merklinger Fachanwaltskanzlei","merklinger-fachanwaltskanzlei.de","https://merklinger-fachanwaltskanzlei.de","dom","","unknown","ready","Joblinks sind direkt im HTML sichtbar.","200","1","0","json_ld,pagination,host:www.merklinger-fachanwaltskanzlei.de","2026-06-19"
"collegius-rohlfing-weisensee-oettler-rueckemann-bock-partmbb","Collegius Rohlfing Weisensee Oettler Rückemann-Bock PartmbB","collegius.de","https://collegius.de","embedded_json","","unknown","ready","Eingebettete strukturierte Jobdaten gefunden.","200","1","1","json_ld,blocked,js_app,host:www.collegius.de","2026-06-19"
"mtg-business-firm","MTG Business Law Firm","mtg-group.de","https://mtg-group.de/karriere/","dom","","unknown","ready","Joblinks sind direkt im HTML sichtbar.","200","4","0","json_ld,pagination,blocked,host:mtg-group.de","2026-06-19"
"dr-jur-alexander-rauhaus","Rechtsanwalt Dr. jur. Alexander Rauhaus","dr-rauhaus-rae.de","https://dr-rauhaus-rae.de","llm_fallback","","unknown","request_error","HTTPError","","0","0","","2026-06-19"
"laemmer-blum-und-ortner-egbr","Lämmer, Blum & Ortner eGbR","rechtsanwalt-alsfeld.de","https://rechtsanwalt-alsfeld.de","embedded_json","","unknown","ready","Eingebettete strukturierte Jobdaten gefunden.","200","1","1","json_ld,blocked,host:www.rechtsanwalt-alsfeld.de","2026-06-19"
"martin-josef-haas-anwaltskanzlei","Martin Josef Haas Anwaltskanzlei","kanzlei-haas.de","https://kanzlei-haas.de","dom","","unknown","ready","Joblinks sind direkt im HTML sichtbar.","200","3","0","json_ld,load_more,pagination,host:www.kanzlei-haas.de","2026-06-19"
"schneider-und-kollegen","Schneider & Kollegen","schneider-kollegen.de","https://schneider-kollegen.de","playwright","","unknown","needs_browser","Seite wirkt JavaScript-/Pagination-getrieben.","200","0","0","pagination,host:www.schneider-kollegen.de","2026-06-19"
"heilmann-fuer-steuer-und-rechtsberatung","Heilmann Kanzlei für Steuer- und Rechtsberatung","kanzlei-heilmann.com","https://kanzlei-heilmann.com","llm_fallback","","unknown","request_error","SSLError","","0","0","","2026-06-19"
"prof-dr-jur-edgar-weiler","Prof. Dr. jur. Edgar Weiler","edgarweiler.de","https://www.nomos-shop.de/de/recht/strafrecht/strafrecht-grundlagen-und-uebergreifende-werke","special_api","api:dlapiper","unknown","ready","Spezialadapter api:dlapiper erkannt.","","0","0","","2026-06-19"
"kober","KOBER | Rechtsanwälte","kober.org","https://www.kober.org/index.php?id=1#c30","playwright","","unknown","needs_browser","Seite wirkt JavaScript-/Pagination-getrieben.","200","0","0","pagination,host:www.kober.org","2026-06-19"
"ralf-moebius-ll-m-fachanwalt-fuer-it-recht","Rechtsanwalt Ralf Möbius LL.M., Fachanwalt für IT-Recht","rechtsanwaltmoebius.de","https://rechtsanwaltmoebius.de","dom","","unknown","ready","Joblinks sind direkt im HTML sichtbar.","200","10","0","blocked,host:rechtsanwaltmoebius.de","2026-06-19"
"prof-schlegel-hohmann-diarra-und-partnerschaftsgesellschaft","Prof. Schlegel, Hohmann, Diarra & Partner Partnerschaftsgesellschaft mbB","gesundheitsrecht.com","https://gesundheitsrecht.com/karriere/","dom","","unknown","ready","Joblinks sind direkt im HTML sichtbar.","200","4","0","json_ld,pagination,host:gesundheitsrecht.com","2026-06-19"
"rechtsanwaltskanzlei-kaschube","Rechtsanwaltskanzlei Kaschube","kanzlei-kaschube.de","https://kanzlei-kaschube.de/scheidungsantragsformular/","embedded_json","","unknown","ready","Eingebettete strukturierte Jobdaten gefunden.","200","1","6","json_ld,js_app,host:kanzlei-kaschube.de","2026-06-19"
"ulrich-sedlmeyer","Ulrich Sedlmeyer Rechtsanwalt","anwaltskanzlei-sedlmeyer.de","https://anwaltskanzlei-sedlmeyer.de","dom","","unknown","ready","Joblinks sind direkt im HTML sichtbar.","200","5","0","json_ld,pagination,blocked,host:www.anwaltskanzlei-sedlmeyer.de","2026-06-19"
"rechtsanwalts-und-notarkanzlei-dr-schmel-gbr","Rechtsanwalts- und Notarkanzlei Dr. Schmel GbR","schmel.de","https://www.schmel.de/jobs/","dom","","unknown","ready","Joblinks sind direkt im HTML sichtbar.","200","4","0","json_ld,load_more,pagination,blocked,host:www.schmel.de","2026-06-19"
"attorney-cueneyt-gen-er-und-coll","Attorney Cüneyt gençer & coll","gencer-coll.de","https://gencer-coll.de/kanzlei/jobs","dom","","unknown","ready","Joblinks sind direkt im HTML sichtbar.","200","18","0","host:gencer-coll.de","2026-06-19"
"steinmeier-berlin-dresden","Steinmeier - Rechtsanwälte Berlin | Dresden","steinmeier.eu","https://www.steinmeier.eu/kanzlei/stellenanzeigen.php","dom","","unknown","ready","Joblinks sind direkt im HTML sichtbar.","200","1","0","host:www.steinmeier.eu","2026-06-19"
"backhaus-und","Kanzlei Backhaus und Partner","backhaus-und-partner.de","https://backhaus-und-partner.de","dom","","unknown","ready","Joblinks sind direkt im HTML sichtbar.","200","1","0","host:www.backhaus-und-partner.de","2026-06-19"
"judr-henning-und-kollegen-gbr","JUDr. Henning & Kollegen GbR","sta-recht.de","https://sta-recht.de/wp-content/uploads/2021/05/Stellenanzeige-Sekretariat-Mai2021.pdf","llm_fallback","","unknown","fallback","Keine Jobs im HTML/JSON erkannt.","200","0","0","host:sta-recht.de","2026-06-19"
"p-und-w-klose","p&w klose","pwklose.de","https://pwklose.de","embedded_json","","unknown","ready","Eingebettete strukturierte Jobdaten gefunden.","200","5","3","json_ld,pagination,js_app,host:www.pwklose.de","2026-06-19"
"rein-hart-kober-gross-kinsky-braun-rechts-an-waelte","Rein­hart Kober Groß­kinsky Braun Rechts­an­wälte PartGmbB","reinhart-kober.de","https://reinhart-kober.de/karriere","dom","","unknown","ready","Joblinks sind direkt im HTML sichtbar.","200","6","0","pagination,host:reinhart-kober.de","2026-06-19"
"und-torsten-brockhoff","Rechtsanwälte & Notare Torsten Brockhoff Rechtsanwalt","bst-kanzlei.de","https://bst-kanzlei.de","llm_fallback","","unknown","request_error","HTTPError","","0","0","","2026-06-19"
"dr-grantz-hoffmeyer-und","Dr. Grantz, Hoffmeyer & Partner","dr-grantz.de","https://dr-grantz.de/stellenangebote.html","embedded_json","","unknown","ready","Eingebettete strukturierte Jobdaten gefunden.","200","3","1","json_ld,host:dr-grantz.de","2026-06-19"
"holger-grunau-rechtsanwaltkammer-hamm","Rechtsanwalt Holger Grunau Rechtsanwaltkammer Hamm","kanzleigrunau.de","https://kanzleigrunau.de","embedded_json","","unknown","ready","Eingebettete strukturierte Jobdaten gefunden.","200","0","2","json_ld,pagination,blocked,js_app,host:www.kanzleigrunau.de","2026-06-19"
"kunik-und-dr-kabelitz","KUNIK & DR. KABELITZ RECHTSANWÄLTE","ra-kunik.de","https://ra-kunik.de","playwright","","unknown","needs_browser","Seite wirkt JavaScript-/Pagination-getrieben.","200","0","0","pagination,blocked,js_app,host:ra-kunik.de","2026-06-19"
"rechtsanwaltskanzlei-yasmin-rabhi","Rechtsanwaltskanzlei Yasmin Rabhi","anwaltskanzlei-rabhi.de","https://anwaltskanzlei-rabhi.de","dom","","unknown","ready","Joblinks sind direkt im HTML sichtbar.","200","1","0","host:anwaltskanzlei-rabhi.de","2026-06-19"
"berding","Berding Rechtsanwälte Partnerschaft","berding-partner.de","https://www.berding-partner.de/#","dom","","unknown","ready","Joblinks sind direkt im HTML sichtbar.","200","1","0","host:www.berding-partner.de","2026-06-19"
"dr-genthe-und-dr-hornauer-gbr","Rechtsanwälte Dr. Genthe & Dr. Hornauer GbR","genthe-hornauer.de","https://www.genthe-hornauer.de/stellenangebote/","dom","","unknown","ready","Joblinks sind direkt im HTML sichtbar.","200","3","0","pagination,blocked,host:www.genthe-hornauer.de","2026-06-19"
"buecheler-und-kollegen","Bücheler & Kollegen PartG mbB Steuerberater – Wirtschaftsprüfer – Rechtsanwälte","buecheler-kollegen.de","https://www.buecheler-kollegen.de/karriere","dom","","unknown","ready","Joblinks sind direkt im HTML sichtbar.","200","3","0","json_ld,blocked,host:www.buecheler-kollegen.de","2026-06-19"
"raabe-foppe-fachanwaelte-njwin-buerogemeinschaft","RAABE FOPPE Rechtsanwälte Fachanwälte NJWin Bürogemeinschaft","anwalt-raabe.de","https://anwalt-raabe.de","llm_fallback","","unknown","request_error","SSLError","","0","0","","2026-06-19"
"dufner","Dufner Rechtsanwälte","dufner-rechtsanwaelte.de","https://dufner-rechtsanwaelte.de","dom","","unknown","ready","Joblinks sind direkt im HTML sichtbar.","200","1","0","json_ld,pagination,js_app,host:www.dufner-rechtsanwaelte.de","2026-06-19"
"gunkel-und","GUNKEL & PARTNER","gunkel-partner.de","https://www.gunkel-partner.de/jobs","dom","","unknown","ready","Joblinks sind direkt im HTML sichtbar.","200","1","0","host:www.gunkel-partner.de","2026-06-19"
"dr-bockwoldt-und-collegen","Rechtsanwälte Dr. Bockwoldt & Collegen","bockwoldt-rechtsanwaelte.de","https://bockwoldt-rechtsanwaelte.de","dom","","unknown","ready","Joblinks sind direkt im HTML sichtbar.","200","2","0","load_more,host:bockwoldt-rechtsanwaelte.de","2026-06-19"
"krant-und-multhaup","Krant & Multhaup Rechtsanwälte PartGmbB","krant-multhaup.de","https://krant-multhaup.de","dom","","unknown","ready","Joblinks sind direkt im HTML sichtbar.","200","1","0","json_ld,pagination,blocked,host:www.krant-multhaup.de","2026-06-19"
"foehr-emrich-fachanwaelte","Föhr Emrich Fachanwälte","foehremrich.de","https://foehremrich.de","dom","","unknown","ready","Joblinks sind direkt im HTML sichtbar.","200","2","0","host:foehremrich.de","2026-06-19"
"rechtsanwaltskanzlei-dory-und-marx","Rechtsanwaltskanzlei Dory & Marx","dory.de","https://dory.de","dom","","unknown","ready","Joblinks sind direkt im HTML sichtbar.","200","37","0","json_ld,pagination,blocked,host:dory.de","2026-06-19"
"walter-rappel","Kanzlei Walter Rappel","kanzlei-rappel.de","https://kanzlei-rappel.de","dom","","unknown","ready","Joblinks sind direkt im HTML sichtbar.","200","1","0","json_ld,load_more,pagination,host:kanzlei-rappel.de","2026-06-19"
"thies","kanzlei-thies","kanzlei-thies.de","https://www.kanzlei-thies.de/stellenangebote/","dom","","unknown","ready","Joblinks sind direkt im HTML sichtbar.","200","6","0","pagination,blocked,host:www.kanzlei-thies.de","2026-06-19"
"volker-blees","Volker Blees Rechtsanwalt","ra-blees.de","https://ra-blees.de","dom","","unknown","ready","Joblinks sind direkt im HTML sichtbar.","200","1","0","pagination,blocked,host:www.ra-blees.de","2026-06-19"
"fachanwaelte-schwarz-schwarz","Rechtsanwälte / Fachanwälte Schwarz § Schwarz","rechtsanwaelte-barsinghausen.de","https://rechtsanwaelte-barsinghausen.de","dom","","unknown","ready","Joblinks sind direkt im HTML sichtbar.","200","6","0","blocked,js_app,host:rechtsanwaelte-barsinghausen.de","2026-06-19"
"willkommen-bei-schernikau-gbr","Willkommen bei Rechtsanwälte Schernikau GbR","psbr.de","https://psbr.de","dom","","unknown","ready","Joblinks sind direkt im HTML sichtbar.","200","3","0","nuxt,blocked,js_app,host:psbr.de","2026-06-19"
"rain-katja-hartleb-fachanwaeltin-fuer-miet-und-wohnungseigentumsrecht","RAin · Katja Hartleb Fachanwältin für Miet- und Wohnungseigentumsrecht","rechtsanwalt-hartleb.de","https://rechtsanwalt-hartleb.de","dom","","unknown","ready","Joblinks sind direkt im HTML sichtbar.","200","1","0","host:www.rechtsanwalt-hartleb.de","2026-06-19"
"dr-lang-und-kollegen","Dr. Lang & Kollegen","anwaltskanzlei-muenchen.de","https://anwaltskanzlei-muenchen.de/karriere/","dom","","unknown","ready","Joblinks sind direkt im HTML sichtbar.","200","6","0","json_ld,pagination,blocked,host:anwaltskanzlei-muenchen.de","2026-06-19"
"klaus-stadler","Rechtsanwalt Klaus Stadler","erbrecht-strafrecht-muenchen.de","https://erbrecht-strafrecht-muenchen.de","dom","","unknown","ready","Joblinks sind direkt im HTML sichtbar.","200","3","0","blocked,host:erbrecht-strafrecht-muenchen.de","2026-06-19"
"oliver-metzlaff-anwaltskanzlei","OLIVER METZLAFF Anwaltskanzlei","kanzlei-metzlaff.de","https://kanzlei-metzlaff.de","dom","","unknown","ready","Joblinks sind direkt im HTML sichtbar.","200","3","0","host:kanzlei-metzlaff.de","2026-06-19"
"peggy-schlabach-rechtsanwaeltin","Peggy Schlabach Rechtsanwältin","ra-schlabach.de","https://ra-schlabach.de","embedded_json","","unknown","ready","Eingebettete strukturierte Jobdaten gefunden.","200","1","1","json_ld,blocked,js_app,host:www.ra-schlabach.de","2026-06-19"
"bwl-und","BWL RECHTSANWÄLTE UND NOTARE","bwl-rechtsanwaelte.de","https://bwl-rechtsanwaelte.de/stellenangebote/","dom","","unknown","ready","Joblinks sind direkt im HTML sichtbar.","200","4","0","host:bwl-rechtsanwaelte.de","2026-06-19"
"schleswig-holsteinische-rechtsanwaltskammer","Schleswig-Holsteinische Rechtsanwaltskammer","rechtsanwalt-dupre.de","https://rechtsanwalt-dupre.de","dom","","unknown","ready","Joblinks sind direkt im HTML sichtbar.","200","3","0","host:rechtsanwalt-dupre.de","2026-06-19"
"bernhard-und-dr-kleuser","Bernhard & Dr. Kleuser","bgk-rechtsanwaelte.de","https://bgk-rechtsanwaelte.de","dom","","unknown","ready","Joblinks sind direkt im HTML sichtbar.","200","5","0","json_ld,pagination,blocked,host:www.bgk-rechtsanwaelte.de","2026-06-19"
"busch-schneider-partnerschaftsgesellschaft","Rechtsanwälte Busch · Schneider Partnerschaftsgesellschaft","busch-schneider.de","https://busch-schneider.de","dom","","unknown","ready","Joblinks sind direkt im HTML sichtbar.","200","9","0","host:www.busch-schneider.de","2026-06-19"
"dr-loehr-und-kollegen-rechtsanwaltsgesellschaft-mbh","Dr. Löhr & Kollegen Rechtsanwaltsgesellschaft mbH","loehrundkollegen.de","https://loehrundkollegen.de","llm_fallback","","unknown","request_error","HTTPError","","0","0","","2026-06-19"
"morris-weisheit","Morris Weisheit Rechtsanwalt","kanzlei-weisheit.de","https://kanzlei-weisheit.de","llm_fallback","","unknown","fallback","Keine Jobs im HTML/JSON erkannt.","200","0","0","host:www.kanzlei-weisheit.de","2026-06-19"
"anwaltskanzlei-heckmann-fuer-insolvenzrecht-und-entschuldung","Anwaltskanzlei Heckmann Kanzlei für Insolvenzrecht und Entschuldung","heckmann.net","https://www.heckmann.net/stellenangebote/","dom","","unknown","ready","Joblinks sind direkt im HTML sichtbar.","200","3","0","json_ld,host:www.heckmann.net","2026-06-19"
"aas-rottmann-und-coll","AAS Rechtsanwälte Rottmann & Coll.","aas-rottmann.de","https://www.ionos.de/websites/homepage-erstellen","dom","","unknown","ready","Joblinks sind direkt im HTML sichtbar.","200","1","0","next_data,json_ld,load_more,host:www.ionos.de","2026-06-19"
"schwarz-ruehmland-insolvenzverwaltungen-gbr","Schwarz + Rühmland Insolvenzverwaltungen GbR","insolvenzverwaltungen.de","https://insolvenzverwaltungen.de/karriere/","playwright","","unknown","needs_browser","Seite wirkt JavaScript-/Pagination-getrieben.","200","0","0","load_more,host:insolvenzverwaltungen.de","2026-06-19"
"dr-kraft-und-rudolph","Dr. Kraft & Rudolph Rechtsanwälte PartG mbB","dr-kraft.eu","https://dr-kraft.eu/karriere/","playwright","","unknown","needs_browser","Seite wirkt JavaScript-/Pagination-getrieben.","200","0","0","json_ld,pagination,host:dr-kraft.eu","2026-06-19"
"christian-beducker","Christian Beducker Rechtsanwalt","beducker.de","https://beducker.de/karriere","dom","","unknown","ready","Joblinks sind direkt im HTML sichtbar.","200","1","0","host:beducker.de","2026-06-19"
"menzel-rosskopf-und","Menzel, Roßkopf und Partner Rechtsanwälte","rechtsanwalt-heilbronn.de","https://www.rechtsanwalt-heilbronn.de/jobs/","embedded_json","","unknown","ready","Eingebettete strukturierte Jobdaten gefunden.","200","1","1","json_ld,host:www.rechtsanwalt-heilbronn.de","2026-06-19"
"plessow","Plessow Rechtsanwälte","plessow-rechtsanwaelte.de","https://plessow-rechtsanwaelte.de/stellenangebote.html","dom","","unknown","ready","Joblinks sind direkt im HTML sichtbar.","200","6","0","json_ld,host:plessow-rechtsanwaelte.de","2026-06-19"
"unknown","Steuerberater Rechtsanwälte Partnerschaft mbB","dr-scheffler.de","https://dr-scheffler.de#karriere","dom","","unknown","ready","Joblinks sind direkt im HTML sichtbar.","200","4","0","json_ld,host:dr-scheffler.de","2026-06-19"
"aiblingeranwaelte","aiblingeranwaelte","aiblingeranwaelte.de","https://aiblingeranwaelte.de","llm_fallback","","unknown","fallback","Keine Jobs im HTML/JSON erkannt.","200","0","0","json_ld,host:aiblingeranwaelte.de","2026-06-19"
"kapphan-partnerschaftsgesellschaft","Kapphan + Partner Partnerschaftsgesellschaft mbB","kapphan-partner.de","https://kapphan-partner.de/karriere","dom","","unknown","ready","Joblinks sind direkt im HTML sichtbar.","200","12","0","host:kapphan-partner.de","2026-06-19"
"bernhard-bludau-klaus-plank-in-buerogemeinschaft","Rechtsanwalt Bernhard Bludau, Rechtsanwalt Klaus Plank Rechtsanwälte in Bürogemeinschaft","bludau-plank.de","https://bludau-plank.de","dom","","unknown","ready","Joblinks sind direkt im HTML sichtbar.","200","1","0","json_ld,load_more,js_app,host:www.bludau-plank.de","2026-06-19"
"schwarz","SCHWARZ Rechtsanwälte","schwarz-weissenhorn.de","https://schwarz-weissenhorn.de/#karriere","dom","","unknown","ready","Joblinks sind direkt im HTML sichtbar.","200","1","0","json_ld,pagination,blocked,host:schwarz-weissenhorn.de","2026-06-19"
"bh-und-w-von-rechtsanwaeltinnen-und-rechtsanwaelten","BH&W Partnerschaft von Rechtsanwältinnen und Rechtsanwälten mbB","bhw-energie.de","https://bhw-energie.de/#stellenangebote","dom","","unknown","ready","Joblinks sind direkt im HTML sichtbar.","200","1","0","json_ld,pagination,host:bhw-energie.de","2026-06-19"
"amian-steuerberatung","AMIAN Rechtsanwälte – Steuerberatung","amian-recht.de","https://www.amian-recht.de/karriere/","dom","","unknown","ready","Joblinks sind direkt im HTML sichtbar.","200","9","0","json_ld,host:www.amian-recht.de","2026-06-19"
"boeddeker-und-soehne-sozietaet-paderborn","Böddeker & Söhne . Steuerberater . Rechtsanwalt . Sozietät . Paderborn","boeddeker-online.de","https://www.boeddeker-online.de/karriere/","playwright","","unknown","needs_browser","Seite wirkt JavaScript-/Pagination-getrieben.","200","0","0","load_more,pagination,host:www.boeddeker-online.de","2026-06-19"
"und-fachanwalt-fuer-arbeitsrecht-und-fachanwalt-fuer-insolvenzrecht","Rechtsanwalt und Fachanwalt für Arbeitsrecht und Fachanwalt für Insolvenzrecht","kanzlei-weiler.de","https://kanzlei-weiler.de","playwright","","unknown","needs_browser","Seite wirkt JavaScript-/Pagination-getrieben.","200","0","0","pagination,host:www.kanzlei-weiler.de","2026-06-19"
"die-kleiner-und-kollegen","Die Kanzlei Kleiner & Kollegen","kanzlei-khk.com","https://kanzlei-khk.com","embedded_json","","unknown","ready","Eingebettete strukturierte Jobdaten gefunden.","200","2","1","json_ld,pagination,blocked,js_app,host:www.kanzlei-khk.com","2026-06-19"
"holztrattner-schmid-anwaltskanzlei","Holztrattner / Schmid Anwaltskanzlei","holztrattner-schmid.de","https://holztrattner-schmid.de/home/karriere","llm_fallback","","unknown","request_error","HTTPError","","0","0","","2026-06-19"
"rassmann","Raßmann + Partner GmbH","societates.de","https://www.societates.de/karriere","dom","","unknown","ready","Joblinks sind direkt im HTML sichtbar.","200","1","0","host:www.societates.de","2026-06-19"
"und-fachanwalt-fuer-steuerrecht-bonn","Rechtsanwalt, Steuerberater und Fachanwalt für Steuerrecht, Bonn","karriere-kanzlei-arndt.com","https://karriere-kanzlei-arndt.com/#stellen","dom","","unknown","ready","Joblinks sind direkt im HTML sichtbar.","200","3","0","json_ld,pagination,js_app,host:karriere-kanzlei-arndt.com","2026-06-19"
"prof-dr-fricke-und-coll","Kanzlei Prof. Dr. Fricke & Coll.","kanzlei-fricke.de","https://www.kanzlei-fricke.de/karriere-job-beruf-anwalt.html","reader_or_llm","","unknown","blocked","Seite wirkt geblockt oder leer fuer normale Requests.","200","0","0","json_ld,blocked,host:www.kanzlei-fricke.de","2026-06-19"
"kuersch-und-kollegen-fachanwaelte","Kürsch und Kollegen Rechtsanwälte Fachanwälte","kuersch.de","https://kuersch.de","dom","","unknown","ready","Joblinks sind direkt im HTML sichtbar.","200","3","0","json_ld,pagination,blocked,host:kuersch.de","2026-06-19"
"hilliger-und-mueller","Rechtsanwälte Hilliger & Müller","hilliger-mueller.de","https://hilliger-mueller.de","dom","","unknown","ready","Joblinks sind direkt im HTML sichtbar.","200","3","0","blocked,host:www.hilliger-mueller.de","2026-06-19"
"ra-michael-wagner","RA Michael Wagner","noack-wagner.de","https://noack-wagner.de","dom","","unknown","ready","Joblinks sind direkt im HTML sichtbar.","200","2","0","host:noack-wagner.de","2026-06-19"
"rechtsanwaeltin-silvia-mitter-und-victor-mitter","Rechtsanwältin Silvia Mitter und Rechtsanwalt Victor Mitter","rechtsanwaltskanzlei-mitter.de","https://rechtsanwaltskanzlei-mitter.de","dom","","unknown","ready","Joblinks sind direkt im HTML sichtbar.","200","2","0","host:rechtsanwaltskanzlei-mitter.de","2026-06-19"
"dr-edgar-gueldue","Rechtsanwalt Dr. Edgar Güldü.","kanzlei-gueldue.de","https://www.kanzlei-gueldue.de","dom","","unknown","ready","Joblinks sind direkt im HTML sichtbar.","200","8","0","pagination,blocked,js_app,host:www.kanzlei-gueldue.de","2026-06-19"
"dobler-und","Dobler & Partner Partnerschaft mbB","dobler-partner.net","https://dobler-partner.net","embedded_json","","unknown","ready","Eingebettete strukturierte Jobdaten gefunden.","200","3","1","json_ld,pagination,blocked,host:www.dobler-partner.net","2026-06-19"
"dimpfl-und-kollegen-alleiniger-inhaber-ra-felix-dimpfl","Dimpfl und Kollegen – alleiniger Inhaber: RA Felix Dimpfl","rae-kanzlei.de","https://www.rae-kanzlei.de/karriere/","dom","","unknown","ready","Joblinks sind direkt im HTML sichtbar.","200","10","0","json_ld,blocked,host:www.rae-kanzlei.de","2026-06-19"
"hannebohm-kollegen-anwaltskompetenz-in-immobilie-wirtschaft-steuern","hannebohm.kollegen. anwaltskompetenz in immobilie.wirtschaft.steuern","anwalts-kompetenz.de","https://anwalts-kompetenz.de","playwright","","unknown","needs_browser","Seite wirkt JavaScript-/Pagination-getrieben.","200","0","0","pagination,blocked,host:anwalts-kompetenz.de","2026-06-19"
"langwieser","LANGWIESER RECHTSANWÄLTE Partnerschaft mbB","langwieser.de","https://langwieser.de/#karriere","dom","","unknown","ready","Joblinks sind direkt im HTML sichtbar.","200","17","0","pagination,host:langwieser.de","2026-06-19"
"fred-valentin-valentin-schmieden-und-cerino-in-buerogemeinschaft","Rechtsanwalt Fred Valentin Kanzlei Valentin, Schmieden & Cerino Rechtsanwälte in Bürogemeinschaft","rae-valentin.de","https://rae-valentin.de","dom","","unknown","ready","Joblinks sind direkt im HTML sichtbar.","200","2","0","pagination,blocked,host:www.rae-valentin.de","2026-06-19"
"kanalstrasse","Kanzlei Kanalstraße","kanzlei-kanalstrasse.de","https://kanzlei-kanalstrasse.de/stellenausschreibung/","dom","","unknown","ready","Joblinks sind direkt im HTML sichtbar.","200","1","0","load_more,host:kanzlei-kanalstrasse.de","2026-06-19"
"hafen-mueller-hoogen","HAFEN | MÜLLER | HOOGEN RECHTSANWÄLTE PartGmbB","hmh-kanzlei.de","https://www.hmh-kanzlei.de/kanzlei/karriere/","dom","","unknown","ready","Joblinks sind direkt im HTML sichtbar.","200","8","0","load_more,blocked,host:www.hmh-kanzlei.de","2026-06-19"
"anwaltskanzlei-neugebauer-und-holdschick","Anwaltskanzlei Neugebauer & Holdschick","law-connection.de","https://www.law-connection.de/stellenangebote/","dom","","unknown","ready","Joblinks sind direkt im HTML sichtbar.","200","1","0","json_ld,pagination,host:www.law-connection.de","2026-06-19"
"dotterweich-boehler-schulz","Rechtsanwälte Dotterweich | Böhler | Schulz","anwaltskanzlei-dotterweich.de","https://anwaltskanzlei-dotterweich.de","dom","","unknown","ready","Joblinks sind direkt im HTML sichtbar.","200","8","0","host:anwaltskanzlei-dotterweich.de","2026-06-19"
"assig-warttinger-trapp","Assig Warttinger Trapp","assig.de","https://www.assig.de/karriere/","dom","","unknown","ready","Joblinks sind direkt im HTML sichtbar.","200","1","0","host:www.assig.de","2026-06-19"
"horbas","HORBAS Rechtsanwälte","horbas.de","https://horbas.de","dom","","unknown","ready","Joblinks sind direkt im HTML sichtbar.","200","4","0","json_ld,host:www.horbas.de","2026-06-19"
"anwaltskanzlei-gruendig","Anwaltskanzlei Gründig","rae-gruendig.de","https://rae-gruendig.de","llm_fallback","","unknown","fallback","Keine Jobs im HTML/JSON erkannt.","200","0","0","host:www.rae-gruendig.de","2026-06-19"
"rechtsanwalts-fachanwalts-und-steuerberatungskanzlei","Rechtsanwalts-, Fachanwalts- und Steuerberatungskanzlei","kanzlei-recht-steuer.de","https://kanzlei-recht-steuer.de","dom","","unknown","ready","Joblinks sind direkt im HTML sichtbar.","200","2","0","host:kanzlei-recht-steuer.de","2026-06-19"
"anwaltskanzlei-am-park-sabine-harth-umsonst-christiane-kleinschmidt","Anwaltskanzlei am Park Sabine Harth-Umsonst Christiane Kleinschmidt","anwaltskanzlei-am-park.de","https://anwaltskanzlei-am-park.de","llm_fallback","","unknown","fallback","Keine Jobs im HTML/JSON erkannt.","200","0","0","host:www.anwaltskanzlei-am-park.de","2026-06-19"
"heberling-und-kollegen","Heberling & Kollegen Rechtsanwälte","heberling-kollegen.de","https://heberling-kollegen.de","dom","","unknown","ready","Joblinks sind direkt im HTML sichtbar.","200","3","0","nuxt,pagination,blocked,js_app,host:www.heberling-kollegen.de","2026-06-19"
"bjoern-gregor","Björn Gregor, Rechtsanwalt","kanzlei-gregor.de","https://kanzlei-gregor.de","embedded_json","","unknown","ready","Eingebettete strukturierte Jobdaten gefunden.","200","2","1","json_ld,pagination,blocked,js_app,host:kanzlei-gregor.de","2026-06-19"
"reichert-und-reichert-steuer-und-rechtsberatungsgesellschaft-mbh","reichert & reichert steuer- und rechtsberatungsgesellschaft mbH","reichert-reichert.de","https://reichert-reichert.de/karriere","dom","","unknown","ready","Joblinks sind direkt im HTML sichtbar.","200","41","0","json_ld,host:reichert-reichert.de","2026-06-19"
"vsz-schabbeck-und","VSZ Rechtsanwälte Schabbeck und Partner mbB","ra-vsz.de","https://www.ra-vsz.de/karriere-uebersicht","embedded_json","","unknown","ready","Eingebettete strukturierte Jobdaten gefunden.","200","1","1","json_ld,blocked,host:www.ra-vsz.de","2026-06-19"
"robin-alexander-schmid-inhaber-und-kollegen","Rechtsanwalt Robin Alexander Schmid (Inhaber) & Kollegen","anwaltskanzleischmid.de","https://www.anwaltskanzleischmid.de/karriere/","dom","","unknown","ready","Joblinks sind direkt im HTML sichtbar.","200","12","0","json_ld,pagination,blocked,host:www.anwaltskanzleischmid.de","2026-06-19"
"willi-und-janocha","Rechtsanwälte Willi & Janocha Partnerschaft mbB","kanzleiwilli.de","https://kanzleiwilli.de","dom","","unknown","ready","Joblinks sind direkt im HTML sichtbar.","200","5","0","json_ld,host:www.kanzleiwilli.de","2026-06-19"
"stephan-steinwachs","Rechtsanwalt Stephan Steinwachs","kanzlei-steinwachs.de","https://www.kanzlei-steinwachs.de/karriere/","dom","","unknown","ready","Joblinks sind direkt im HTML sichtbar.","200","1","0","json_ld,blocked,host:www.kanzlei-steinwachs.de","2026-06-19"
"stefan-duening-fachanwalt-fuer-mietrecht-und-wohnungseigentumsrecht","Stefan Düning Rechtsanwalt Fachanwalt für Mietrecht und Wohnungseigentumsrecht","ra-duening.de","https://ra-duening.de","dom","","unknown","ready","Joblinks sind direkt im HTML sichtbar.","200","1","0","host:www.ra-duening.de","2026-06-19"
"bergemann-gorski-conradi-kazempour-weber","Rechtsanwälte Bergemann-Gorski ∙ Conradi ∙ Kazempour ∙ Weber","kanzlei-worms.de","https://kanzlei-worms.de","dom","","unknown","ready","Joblinks sind direkt im HTML sichtbar.","200","9","0","host:kanzlei-worms.de","2026-06-19"
"kueter-und","KÜTER & Partner mbB Rechtsanwälte","kanzlei1888.de","https://www.kanzlei1888.de/#","dom","","unknown","ready","Joblinks sind direkt im HTML sichtbar.","200","13","0","pagination,blocked,host:www.kanzlei1888.de","2026-06-19"
"dr-brezina-und-kollegen","Rechtsanwälte Dr. Brezina und Kollegen","bsrm.de","https://bsrm.de","dom","","unknown","ready","Joblinks sind direkt im HTML sichtbar.","200","4","0","json_ld,blocked,host:www.bsrm.de","2026-06-19"
"rechtsanwaeltin-annemarie-pihale-alboth","Rechtsanwältin Annemarie Pihale-Alboth","pihale-alboth.de","https://pihale-alboth.de","dom","","unknown","ready","Joblinks sind direkt im HTML sichtbar.","200","2","0","pagination,js_app,host:www.pihale-alboth.de","2026-06-19"
"spitzweg","SPITZWEG Partnerschaft mbB Rechtsanwälte Steuerberater Wirtschaftsprüfer","spitzweg.com","https://www.spitzweg.com/karriere/","dom","","unknown","ready","Joblinks sind direkt im HTML sichtbar.","200","4","0","json_ld,pagination,host:www.spitzweg.com","2026-06-19"
"dr-andres-rechtsanwaltsgesellschaft-mbh","DR. ANDRES Rechtsanwaltsgesellschaft mbH","andresrecht.de","https://andresrecht.de","dom","","unknown","ready","Joblinks sind direkt im HTML sichtbar.","200","7","0","json_ld,pagination,blocked,host:www.andresrecht.de","2026-06-19"
"rechtsanwaeltin-dr-christine-conrad","Rechtsanwältin Dr. Christine Conrad","conrad-recht.de","https://conrad-recht.de","dom","","unknown","ready","Joblinks sind direkt im HTML sichtbar.","200","2","0","host:conrad-recht.de","2026-06-19"
"anwaltskanzlei-tanneberg-fachanwalt-fuer-erbrecht","Anwaltskanzlei Tanneberg | Fachanwalt für Erbrecht","anwaltskanzlei-tanneberg.de","https://anwaltskanzlei-tanneberg.de","dom","","unknown","ready","Joblinks sind direkt im HTML sichtbar.","200","1","0","host:anwaltskanzlei-tanneberg.de","2026-06-19"
"faerber-kapp-und-schwab","Färber, Kapp & Schwab Steuerberater / Rechtsanwälte","faerber-kapp-schwab.de","https://faerber-kapp-schwab.de/#Karriere","playwright","","unknown","needs_browser","Seite wirkt JavaScript-/Pagination-getrieben.","200","0","0","json_ld,pagination,host:faerber-kapp-schwab.de","2026-06-19"
"i-igo-schmitt-reinholtz","Iñigo Schmitt-Reinholtz Rechtsanwalt","kanzlei4you.de","https://kanzlei4you.de","playwright","","unknown","needs_browser","Seite wirkt JavaScript-/Pagination-getrieben.","200","0","0","json_ld,pagination,blocked,js_app,host:www.kanzlei4you.de","2026-06-19"
"voelpel","Völpel Rechtsanwälte PartG mbB","rae-voelpel.de","https://rae-voelpel.de","llm_fallback","","unknown","request_error","SSLError","","0","0","","2026-06-19"
"fenderl-und-dietrich-ihre-in-aschaffenburg","Fenderl & Dietrich Ihre Rechtsanwälte in Aschaffenburg","fenderl-dietrich.de","https://www.fenderl-dietrich.de/ueber-uns/stellenangebote/","dom","","unknown","ready","Joblinks sind direkt im HTML sichtbar.","200","7","0","json_ld,pagination,blocked,host:www.fenderl-dietrich.de","2026-06-19"
"matthias-baer-matthias-bae","Matthias Bär Rechtsanwalt Matthias Bä","baer-recht.de","https://baer-recht.de","llm_fallback","","unknown","request_error","SSLError","","0","0","","2026-06-19"
"luetzow","kanzlei-luetzow","kanzlei-luetzow.de","https://kanzlei-luetzow.de","dom","","unknown","ready","Joblinks sind direkt im HTML sichtbar.","200","1","0","pagination,js_app,host:www.kanzlei-luetzow.de","2026-06-19"
"brenninger-welnhofer-riedel-und","Brenninger Welnhofer Riedel & Partner Rechtsanwälte","bwr-partner.de","https://www.bwr-partner.de/rechtsanwalt-regensburg/stellenangebote/","dom","","unknown","ready","Joblinks sind direkt im HTML sichtbar.","200","5","0","json_ld,pagination,blocked,host:www.bwr-partner.de","2026-06-19"
"dr-heinrich-gross-rechtsanwaltskanzlei","Dr. Heinrich Gross Rechtsanwaltskanzlei","rae-dr-gross.de","https://rae-dr-gross.de","dom","","unknown","ready","Joblinks sind direkt im HTML sichtbar.","200","1","0","host:rae-dr-gross.de","2026-06-19"
"ulrich-rigo","Ulrich Rigo Rechtsanwalt","kanzlei-rigo.de","https://kanzlei-rigo.de","dom","","unknown","ready","Joblinks sind direkt im HTML sichtbar.","200","2","0","blocked,host:kanzlei-rigo.de","2026-06-19"
"anwaltskanzlei-dr-beck-gbr","Anwaltskanzlei Dr. Beck GbR - Rechtsanwälte","anwaltskanzlei-dr-beck.de","https://www.anwaltskanzlei-dr-beck.de/bewerbung/","dom","","unknown","ready","Joblinks sind direkt im HTML sichtbar.","200","9","0","blocked,host:www.anwaltskanzlei-dr-beck.de","2026-06-19"
"brueggemann-und-hinners-partnerschaftsgesellschaft","Rechtsanwälte Brüggemann & Hinners Partnerschaftsgesellschaft mbB","brueggemann-hinners.de","https://brueggemann-hinners.de","dom","","unknown","ready","Joblinks sind direkt im HTML sichtbar.","200","1","0","json_ld,pagination,host:www.ra-hinners.de","2026-06-19"
"dr-schultze-zeu-manthei-und-kollegen","Rechtsanwälte DR. Schultze-Zeu, Manthei & Kollegen","ratgeber-arzthaftung.de","https://ratgeber-arzthaftung.de","dom","","unknown","ready","Joblinks sind direkt im HTML sichtbar.","200","11","0","json_ld,blocked,host:ratgeber-arzthaftung.de","2026-06-19"
"koch","Kanzlei Koch","rechtsanwalt-thomas-koch.de","https://rechtsanwalt-thomas-koch.de","dom","","unknown","ready","Joblinks sind direkt im HTML sichtbar.","200","2","0","nuxt,pagination,blocked,js_app,host:www.rechtsanwalt-thomas-koch.de","2026-06-19"
"alleranwaelte-bartels-kerstan-schumann-rechtsanwalts","AllerAnwälte Bartels Kerstan Schumann Rechtsanwalts-PartGmbB","alleranwaelte.de","https://alleranwaelte.de/karriere/","dom","","unknown","ready","Joblinks sind direkt im HTML sichtbar.","200","1","0","json_ld,pagination,blocked,host:alleranwaelte.de","2026-06-19"
"ra-rainer-sebel","RA Rainer Sebel","kanzlei-sebel.de","https://kanzlei-sebel.de","llm_fallback","","unknown","request_error","SSLError","","0","0","","2026-06-19"
"sesu-segelken-und-suchopar-partmbb","SESU Segelken & Suchopar Rechtsanwälte PartmbB","sesu.de","https://www.sesu.de/karriere","playwright","","unknown","needs_browser","Seite wirkt JavaScript-/Pagination-getrieben.","200","0","0","json_ld,load_more,blocked,host:www.sesu.de","2026-06-19"
"firm-dr-heinrichs-und-krug","Law firm Dr. Heinrichs & Krug","radrheinrichs.de","https://radrheinrichs.de","dom","","unknown","ready","Joblinks sind direkt im HTML sichtbar.","200","2","0","host:www.radrheinrichs.de","2026-06-19"
"gschwendner-und-kollegen","Rechtsanwälte Gschwendner & Kollegen","gschwendnerundkollegen.de","https://gschwendnerundkollegen.de","llm_fallback","","unknown","request_error","SSLError","","0","0","","2026-06-19"
"dr-jens-horn","Rechtsanwalt Dr. Jens Horn","jens-horn.de","https://jens-horn.de","embedded_json","","unknown","ready","Eingebettete strukturierte Jobdaten gefunden.","200","1","1","json_ld,blocked,js_app,host:jens-horn.de","2026-06-19"
"kalker-und-fahnster-gbr-steuerberatungs-und-rechtsanwaltsozietaet","Kalker & Fahnster GbR Steuerberatungs- und Rechtsanwaltsozietät","k-f.eu","https://k-f.eu","dom","","unknown","ready","Joblinks sind direkt im HTML sichtbar.","200","2","0","host:www.k-f.eu","2026-06-19"
"hambruch-voss-und-gbr","Hambruch, Voss & Partner GbR","hambruch-voss.de","https://www.hambruch-voss.de/content/inhalte/hvp_jobs/index.html","dom","","unknown","ready","Joblinks sind direkt im HTML sichtbar.","200","4","0","host:www.hambruch-voss.de","2026-06-19"
"gp-partnerschaftsgesellschaft","GP Rechtsanwälte Partnerschaftsgesellschaft mbB","gerlachundpartner.de","https://www.gerlachundpartner.de/experten-team/karriere","dom","","unknown","ready","Joblinks sind direkt im HTML sichtbar.","200","2","0","host:www.gerlachundpartner.de","2026-06-19"
"frp-fischer-roloff-partnerschaftsgesellschaft","FRP Rechtsanwälte Fischer Roloff + Partner Partnerschaftsgesellschaft mbB","fr-p.de","https://fr-p.de/kanzlei#karriere","llm_fallback","","unknown","fallback","Keine Jobs im HTML/JSON erkannt.","200","0","0","json_ld,host:fr-p.de","2026-06-19"
"gebhardt-rechtsanwaltssozietaet-gesellschafter-ra-uwe-gebhardt-und-ra-falko-gebhardt","Kanzlei Gebhardt Rechtsanwaltssozietät Gesellschafter RA Uwe Gebhardt und RA Falko Gebhardt","kanzlei-gebhardt.de","https://kanzlei-gebhardt.de","embedded_json","","unknown","ready","Eingebettete strukturierte Jobdaten gefunden.","200","1","3","json_ld,blocked,host:www.kanzlei-gebhardt.de","2026-06-19"
"febmann-und-glatthaar","FEBMANN & GLATTHAAR RECHTSANWÄLTE","fessmann-glatthaar.de","https://fessmann-glatthaar.de","dom","","unknown","ready","Joblinks sind direkt im HTML sichtbar.","200","2","0","json_ld,pagination,blocked,host:www.fessmann-glatthaar.de","2026-06-19"
"babor-und-schwend-rechtsanwaltsgesellschaft-mit-beschraenkter-haftung","Babor & Schwend Rechtsanwaltsgesellschaft mit beschränkter Haftung","kanzlei-gruenwald.de","https://kanzlei-gruenwald.de","playwright","","unknown","needs_browser","Seite wirkt JavaScript-/Pagination-getrieben.","200","0","0","pagination,blocked,host:www.kanzlei-gruenwald.de","2026-06-19"
"goldbergullrich","GoldbergUllrich Rechtsanwälte PartG mbB","goldberg.de","https://www.goldberg.de/karriere","dom","","unknown","ready","Joblinks sind direkt im HTML sichtbar.","200","3","0","json_ld,pagination,blocked,host:www.goldberg.de","2026-06-19"
"etl-hatax-steuerberatungsgesellschaft","ETL HATAX GmbH Steuerberatungsgesellschaft","hatax.de","https://www.hatax.de/karriere/","dom","","unknown","ready","Joblinks sind direkt im HTML sichtbar.","200","7","0","host:www.hatax.de","2026-06-19"
"legalis-anwaelte","LEGALIS Anwälte","legalis-kanzlei.de","https://www.legalis-kanzlei.de/karriere-news/","dom","","unknown","ready","Joblinks sind direkt im HTML sichtbar.","200","6","0","json_ld,pagination,blocked,host:www.legalis-kanzlei.de","2026-06-19"
"salm-und-olk","Salm & Olk Rechtsanwalt · Steuerberater · Wirtschaftsprüfer","salm-olk.de","https://www.salm-olk.de/#start-stellen","dom","","unknown","ready","Joblinks sind direkt im HTML sichtbar.","200","3","0","host:www.salm-olk.de","2026-06-19"
"goossens-brieger-zechlin","Rechtsanwälte Goossens Brieger Zechlin PartGmbB","goossens-brieger.de","https://goossens-brieger.de","dom","","unknown","ready","Joblinks sind direkt im HTML sichtbar.","200","5","0","json_ld,pagination,host:goossens-brieger.de","2026-06-19"
"kosswig","Kosswig Rechtsanwälte","kosswig.com","https://kosswig.com","dom","","unknown","ready","Joblinks sind direkt im HTML sichtbar.","200","3","0","pagination,js_app,host:www.kosswig.com","2026-06-19"
"shwt","Kanzlei SHWT","shwt-kanzlei.de","https://shwt-kanzlei.de","dom","","unknown","ready","Joblinks sind direkt im HTML sichtbar.","200","1","0","pagination,blocked,host:shwt-kanzlei.de","2026-06-19"
"mundt-unger","mundt unger Rechtsanwälte Partnerschaft mbB","mundtunger.de","https://mundtunger.de","llm_fallback","","unknown","fallback","Keine Jobs im HTML/JSON erkannt.","200","0","0","json_ld,host:www.mundtunger.de","2026-06-19"
"langen","Rechtsanwälte Langen","rechtsanwaelte-langen.de","https://www.rechtsanwaelte-langen.de/job/buerokauffrau/","embedded_json","","unknown","ready","Eingebettete strukturierte Jobdaten gefunden.","200","9","1","json_ld,blocked,host:www.rechtsanwaelte-langen.de","2026-06-19"
"rechtsanwaltskanzlei-axel-hohnholz","Rechtsanwaltskanzlei Axel Hohnholz","kanzlei-hohnholz.de","https://kanzlei-hohnholz.de","embedded_json","","unknown","ready","Eingebettete strukturierte Jobdaten gefunden.","200","0","1","json_ld,blocked,host:www.kanzlei-hohnholz.de","2026-06-19"
"holger-amann","Rechtsanwalt Holger Amann","kanzleikonstanz.de","https://kanzleikonstanz.de","dom","","unknown","ready","Joblinks sind direkt im HTML sichtbar.","200","5","0","json_ld,host:www.kanzleikonstanz.de","2026-06-19"
"hpk-recht-gbr","HPK Recht GbR","hpk-recht.de","https://www.hpk-recht.de/stellenangebot-ra","llm_fallback","","unknown","request_error","HTTPError","","0","0","","2026-06-19"
"axel-w-rudolph","Axel W. Rudolph, Rechtsanwalt","erbrecht.net","https://erbrecht.net","dom","","unknown","ready","Joblinks sind direkt im HTML sichtbar.","200","4","0","pagination,blocked,host:erbrecht.net","2026-06-19"
"und-coaching-dufeu","Kanzlei & Coaching Dufeu","dufeu.de","https://dufeu.de","embedded_json","","unknown","ready","Eingebettete strukturierte Jobdaten gefunden.","200","0","1","json_ld,blocked,js_app,host:dufeu.de","2026-06-19"
"hans-juergen-hellberg","Rechtsanwalt Hans-Jürgen Hellberg","rechtsanwalt-hellberg.de","https://rechtsanwalt-hellberg.de","dom","","unknown","ready","Joblinks sind direkt im HTML sichtbar.","200","2","0","pagination,blocked,host:www.rechtsanwalt-hellberg.de","2026-06-19"
"melchers-und-melchers-und","Melchers & Melchers & PartG mbB","melchers-syring.de","https://melchers-syring.de","dom","","unknown","ready","Joblinks sind direkt im HTML sichtbar.","200","4","0","json_ld,load_more,pagination,js_app,host:melchers-syring.de","2026-06-19"
"am-stadtgraben-haboeck-und-diem","Kanzlei am Stadtgraben Haböck & Diem, Rechtsanwälte","ra-haboeck.de","https://ra-haboeck.de","dom","","unknown","ready","Joblinks sind direkt im HTML sichtbar.","200","1","0","host:ra-haboeck.de","2026-06-19"
"holtfester-grafflage","Holtfester | Grafflage Rechtsanwälte Notare","holtfester-grafflage.de","https://www.holtfester-grafflage.de/karriere/","playwright","","unknown","needs_browser","Seite wirkt JavaScript-/Pagination-getrieben.","200","0","0","pagination,host:www.holtfester-grafflage.de","2026-06-19"
"anwaltsgemeinschaft-sonntag-schoenborn-golumbeck-und-hansmann","Anwaltsgemeinschaft Sonntag, Schönborn, Golumbeck und Hansmann","sonntag-kanzlei.de","https://sonntag-kanzlei.de","playwright","","unknown","needs_browser","Seite wirkt JavaScript-/Pagination-getrieben.","200","0","0","json_ld,pagination,blocked,js_app,host:sonntag-kanzlei.de","2026-06-19"
"bolwindokters-rechtsanwalts-und-steuerberaterpartnerschaft","bolwindokters Rechtsanwalts- und Steuerberaterpartnerschaft mbB","bolwindokters.de","https://www.bolwindokters.de/jobs/","dom","","unknown","ready","Joblinks sind direkt im HTML sichtbar.","200","9","0","json_ld,host:www.bolwindokters.de","2026-06-19"
"volkhard-wenzel","Rechtsanwalt Volkhard Wenzel","kanzlei-wenzel.de","https://kanzlei-wenzel.de","playwright","","unknown","needs_browser","Seite wirkt JavaScript-/Pagination-getrieben.","200","0","0","load_more,pagination,blocked,js_app,host:kanzlei-wenzel.de","2026-06-19"
"rechtanswaelte-dr-hermanns-und","Rechtanswälte Dr. Hermanns und Partner","hermanns-rechtsanwaelte.de","https://hermanns-rechtsanwaelte.de","llm_fallback","","unknown","fallback","Keine Jobs im HTML/JSON erkannt.","200","0","0","host:hermanns-rechtsanwaelte.de","2026-06-19"
"nau","NAU Rechtsanwalt","rechtsanwalt-nau.de","https://rechtsanwalt-nau.de/stellenangebote/","dom","","unknown","ready","Joblinks sind direkt im HTML sichtbar.","200","9","0","json_ld,load_more,host:rechtsanwalt-nau.de","2026-06-19"
"kuehlthau","kanzlei-kuehlthau","kanzlei-kuehlthau.de","https://kanzlei-kuehlthau.de","dom","","unknown","ready","Joblinks sind direkt im HTML sichtbar.","200","4","0","pagination,blocked,host:kanzlei-kuehlthau.de","2026-06-19"
"schorr-und","Kanzlei Schorr & Partner","schorr-kasanmascheff-kanzlei.webflow.io","https://schorr-kasanmascheff-kanzlei.webflow.io/#Stellen","dom","","unknown","ready","Joblinks sind direkt im HTML sichtbar.","200","3","0","host:schorr-kasanmascheff-kanzlei.webflow.io","2026-06-19"
"fries-und-herrmann-schlossbergstrasse-2","Rechtsanwälte Fries & Herrmann Schloßbergstraße 2","fries-herrmann.de","https://fries-herrmann.de","dom","","unknown","ready","Joblinks sind direkt im HTML sichtbar.","200","6","0","json_ld,pagination,js_app,host:fries-herrmann.de","2026-06-19"
"nahme-und-reinicke-partnerschaftsgesellschaft","Rechtsanwälte NAHME & REINICKE Partnerschaftsgesellschaft mbB","nahmereinicke.de","https://www.nahmereinicke.de/de/karriere","embedded_json","","unknown","ready","Eingebettete strukturierte Jobdaten gefunden.","200","9","1","json_ld,host:www.nahmereinicke.de","2026-06-19"
"bierschenk-hagemann-und-kollegen-gbr","Bierschenk · Hagemann & Kollegen GbR","kanzlei-gronau.eu","https://www.kanzlei-gronau.eu/karriere/","dom","","unknown","ready","Joblinks sind direkt im HTML sichtbar.","200","2","0","json_ld,pagination,js_app,host:www.kanzlei-gronau.eu","2026-06-19"
"anwaltskanzlei-dittrich","Anwaltskanzlei Dittrich","ra-dittrich.de","https://www.ra-dittrich.de/karriere/","playwright","","unknown","needs_browser","Seite wirkt JavaScript-/Pagination-getrieben.","200","0","0","json_ld,load_more,blocked,host:www.ra-dittrich.de","2026-06-19"
"echtsanwaelte-dr-koch-dorobek-und-kollegen","echtsanwälte Dr. Koch Dorobek & Kollegen","dorobek-legal.de","https://dorobek-legal.de","playwright","","unknown","needs_browser","Seite wirkt JavaScript-/Pagination-getrieben.","200","0","0","js_app,host:dorobek-legal.de","2026-06-19"
"hassenpflug-rechtsanwaltsgesellschaft-mbh","Hassenpflug Rechtsanwaltsgesellschaft mbH","hassenpflug-rechtsanwaelte.de","https://www.hassenpflug-rechtsanwaelte.de/aktuelles/stellenangebote.html","dom","","unknown","ready","Joblinks sind direkt im HTML sichtbar.","200","19","0","host:www.hassenpflug-rechtsanwaelte.de","2026-06-19"
"sonntag-und-partnerschaftsgesellschaft","Sonntag & Partner Partnerschaftsgesellschaft mbB","sonntag-karriere.de","https://www.sonntag-karriere.de/stellenangebote/","dom","","unknown","ready","Joblinks sind direkt im HTML sichtbar.","200","122","0","json_ld,host:www.sonntag-karriere.de","2026-06-19"
"kreissl-morbach-partnerschaftrechtsanwaelte","Kreissl Morbach Partner – PartnerschaftRechtsanwälte","kreissl-morbach.de","https://www.kreissl-morbach.de/karriere/karriere.html","llm_fallback","","unknown","fallback","Keine Jobs im HTML/JSON erkannt.","200","0","0","host:www.kreissl-morbach.de","2026-06-19"
"baedeker-und-reimann","Baedeker & Reimann – Rechtsanwälte","baedeker-reimann.de","https://baedeker-reimann.de","llm_fallback","","unknown","fallback","Keine Jobs im HTML/JSON erkannt.","200","0","0","json_ld,host:www.baedeker-reimann.de","2026-06-19"
"thomas-schuric","Thomas Schuric Rechtsanwalt","schuldnerberatung-anwalt.de","https://schuldnerberatung-anwalt.de","embedded_json","","unknown","ready","Eingebettete strukturierte Jobdaten gefunden.","200","2","1","json_ld,host:www.schuldnerberatung-anwalt.de","2026-06-19"
"korte-und","Korte & Partner Steuerberater – Wirtschaftsprüfer – Rechtsanwälte PartG mbB","korte-partner.de","https://www.korte-partner.de/karriere/","dom","","unknown","ready","Joblinks sind direkt im HTML sichtbar.","200","7","0","blocked,host:www.korte-partner.de","2026-06-19"
"lindenberg-und-witting-rechtsanwaltsgesellschaft-mbh","Lindenberg & Witting Rechtsanwaltsgesellschaft mbH","rechtsanwaelte-arbeitsrecht-lw.de","https://www.rechtsanwaelte-arbeitsrecht-lw.de/Karriere/","embedded_json","","unknown","ready","Eingebettete strukturierte Jobdaten gefunden.","200","2","1","json_ld,blocked,host:www.rechtsanwaelte-arbeitsrecht-lw.de","2026-06-19"
"anwalt-a","anwalt-a","anwalt-a.de","https://anwalt-a.de","dom","","unknown","ready","Joblinks sind direkt im HTML sichtbar.","200","9","0","host:anwalt-a.de","2026-06-19"
"meschkat-und-nauert-gbr","MESCHKAT & NAUERT GbR Rechtsanwälte","kanzlei-mn.de","https://kanzlei-mn.de","dom","","unknown","ready","Joblinks sind direkt im HTML sichtbar.","200","1","0","pagination,host:www.kanzlei-mn.de","2026-06-19"
"anwaltskanzlei-petra-schneider","Anwaltskanzlei Petra Schneider","anwaeltin-schneider.de","https://anwaeltin-schneider.de","embedded_json","","unknown","ready","Eingebettete strukturierte Jobdaten gefunden.","200","1","1","json_ld,blocked,js_app,host:www.anwaeltin-schneider.de","2026-06-19"
"gutsche-und-dewald-fachanwaelte","Gutsche & Dewald | Rechtsanwälte+ Fachanwälte","anwalt-gutsche-dewald.de","https://anwalt-gutsche-dewald.de","playwright","","unknown","needs_browser","Seite wirkt JavaScript-/Pagination-getrieben.","200","0","0","pagination,blocked,host:www.anwalt-gutsche-dewald.de","2026-06-19"
"dlaska-moumdjian-bakker-partnergesellschaft","Rechtsanwälte Dlaska, Moumdjian, Bakker Partnergesellschaft mbB","dmb.legal","https://dmb.legal","special_api","api:dlapiper","unknown","ready","Spezialadapter api:dlapiper erkannt.","","0","0","","2026-06-19"
"am-park-fuer-familien-und-erbrecht","Kanzlei am Park Kanzlei für Familien- und Erbrecht","kanzleiampark.de","https://kanzleiampark.de","dom","","unknown","ready","Joblinks sind direkt im HTML sichtbar.","200","2","0","host:kanzleiampark.de","2026-06-19"
"dr-guth-beck-klein-cymutta-part","Dr. Guth · Beck · Klein · Cymutta Rechtsanwälte Part mbB","kanzlei-dr-guth.de","https://kanzlei-dr-guth.de/karriere/","dom","","unknown","ready","Joblinks sind direkt im HTML sichtbar.","200","1","0","json_ld,host:kanzlei-dr-guth.de","2026-06-19"
"florian-menn","Rechtsanwalt Florian Menn","herrmann-kollegen.de","https://www.herrmann-kollegen.de/karriere/","dom","","unknown","ready","Joblinks sind direkt im HTML sichtbar.","200","2","0","json_ld,load_more,pagination,js_app,host:www.herrmann-kollegen.de","2026-06-19"
"rechtsanwaltskanzlei-koenicke","Rechtsanwaltskanzlei Könicke","koenicke-rechtsanwalt.de","https://koenicke-rechtsanwalt.de","dom","","unknown","ready","Joblinks sind direkt im HTML sichtbar.","200","7","0","json_ld,load_more,blocked,host:koenicke-rechtsanwalt.de","2026-06-19"
"rechtsanwaeltinnen-und-der-pierro-und-pierro-anwaltskanzlei-partmbb","Rechtsanwältinnen und Rechtsanwälte der Pierro & Pierro Anwaltskanzlei PartmbB","pierropierro.de","https://pierropierro.de","llm_fallback","","unknown","fallback","Keine Jobs im HTML/JSON erkannt.","200","0","0","json_ld,host:pierropierro.de","2026-06-19"
"swen-bueschel","Rechtsanwalt Swen Büschel","ra-bueschel.de","https://ra-bueschel.de","dom","","unknown","ready","Joblinks sind direkt im HTML sichtbar.","200","1","0","host:www.ra-bueschel.de","2026-06-19"
"schroeder","Kanzlei Schröder","anwaltskanzlei-schroeder.eu","https://anwaltskanzlei-schroeder.eu","dom","","unknown","ready","Joblinks sind direkt im HTML sichtbar.","200","2","0","host:anwaltskanzlei-schroeder.eu","2026-06-19"
"anwaltskanzlei-weiss-und-patentanwalt","Anwaltskanzlei Weiß & Partner® Rechtsanwälte, Patentanwalt","ratgeberrecht.eu","https://ratgeberrecht.eu","embedded_json","","unknown","ready","Eingebettete strukturierte Jobdaten gefunden.","200","7","1","json_ld,pagination,host:www.ratgeberrecht.eu","2026-06-19"
"chs-fachanwalt-fuer-strafrecht","CHS Rechtsanwälte Fachanwalt für Strafrecht","chs-strafrecht.de","https://chs-strafrecht.de","dom","","unknown","ready","Joblinks sind direkt im HTML sichtbar.","200","2","0","load_more,pagination,blocked,js_app,host:chs-strafrecht.de","2026-06-19"
"lawyers-rudolph-und-berninger-partmbb","Lawyers Rudolph & Berninger PartmbB","rb-anwalt.de","https://rb-anwalt.de","embedded_json","","unknown","ready","Eingebettete strukturierte Jobdaten gefunden.","200","4","2","json_ld,pagination,blocked,js_app,host:www.rb-anwalt.de","2026-06-19"
"stirm-knisel-yilmaz-und-kollegen","Rechtsanwälte Stirm, Knisel, Yilmaz und Kollegen PartG mbB","mueller-stirm.de","https://mueller-stirm.de","dom","","unknown","ready","Joblinks sind direkt im HTML sichtbar.","200","2","0","host:www.stirm-knisel-yilmaz.de","2026-06-19"
"sigrid-c-reinthaler-rechtsanwaeltin","Sigrid C. Reinthaler Rechtsanwältin","kanzlei-reinthaler.de","https://kanzlei-reinthaler.de","dom","","unknown","ready","Joblinks sind direkt im HTML sichtbar.","200","1","0","load_more,blocked,js_app,host:www.kanzlei-reinthaler.de","2026-06-19"
"ramuessig","ramuessig","ramuessig.de","https://ramuessig.de","embedded_json","","unknown","ready","Eingebettete strukturierte Jobdaten gefunden.","200","0","1","json_ld,pagination,js_app,host:www.ramuessig.de","2026-06-19"
"stephan-lucas","Rechtsanwalt Stephan Lucas","lucas-rechtsanwaelte.de","https://lucas-rechtsanwaelte.de","dom","","unknown","ready","Joblinks sind direkt im HTML sichtbar.","200","4","0","host:lucas-rechtsanwaelte.de","2026-06-19"
"gaede-fachanwaelte","GAEDE Rechtsanwälte Fachanwälte","gaede-lawyers.de","https://gaede-lawyers.de","embedded_json","","unknown","ready","Eingebettete strukturierte Jobdaten gefunden.","200","2","1","json_ld,blocked,js_app,host:www.gaede-lawyers.de","2026-06-19"
"ozr-orthopaclezentrumrostock-dr-c-kasch-und-dr-j-rudolph","OZR OrthopacleZentrumRostock Dr. C. Kasch & Dr. J. Rudolph","orthopaediezentrum-rostock.de","https://orthopaediezentrum-rostock.de/jobs","llm_fallback","","unknown","fallback","Keine Jobs im HTML/JSON erkannt.","200","0","0","json_ld,host:orthopaediezentrum-rostock.de","2026-06-19"
"dr-jochen-leibold","Rechtsanwälte Dr. Jochen Leibold","leibold-schmid.de","https://leibold-schmid.de","dom","","unknown","ready","Joblinks sind direkt im HTML sichtbar.","200","5","0","load_more,pagination,blocked,host:leibold-schmid.de","2026-06-19"
"kessing-und-fachanwaelte-in","Kessing Rechtsanwälte und Fachanwälte in PartGmbB","kessing.de","https://www.kessing.de/jobs","dom","","unknown","ready","Joblinks sind direkt im HTML sichtbar.","200","4","0","blocked,js_app,host:www.kessing.de","2026-06-19"
"henning-bartels","Rechtsanwalt Henning Bartels","henningbartels.de","https://henningbartels.de","llm_fallback","","unknown","request_error","SSLError","","0","0","","2026-06-19"
"dr-keller","Rechtsanwälte Dr. Keller","rechtsanwaltnotardrkeller.scope-recruiting.de","https://rechtsanwaltnotardrkeller.scope-recruiting.de/?page=job&id=83367&location=11252","embedded_json","","unknown","ready","Eingebettete strukturierte Jobdaten gefunden.","200","2","1","json_ld,pagination,blocked,host:rechtsanwaltnotardrkeller.scope-recruiting.de","2026-06-19"
"sabine-peter","Kanzlei Sabine Peter","kanzlei-peter.com","https://kanzlei-peter.com","dom","","unknown","ready","Joblinks sind direkt im HTML sichtbar.","200","1","0","json_ld,load_more,pagination,js_app,host:kanzlei-peter.com","2026-06-19"
"rechtkurz","rechtkurz","rechtkurz.de","https://rechtkurz.de","embedded_json","","unknown","ready","Eingebettete strukturierte Jobdaten gefunden.","200","2","1","json_ld,blocked,host:rechtkurz.de","2026-06-19"
"burghard-fachanwaltskanzlei-fuer-verkehrsrecht","Burghard Fachanwaltskanzlei für Verkehrsrecht","burghard-anwaelte.de","https://burghard-anwaelte.de","dom","","unknown","ready","Joblinks sind direkt im HTML sichtbar.","200","10","0","json_ld,blocked,host:www.burghard-anwaelte.de","2026-06-19"
"hrworks","HRworks GmbH","jobapplication.hrworks.de","https://jobapplication.hrworks.de","llm_fallback","","unknown","request_error","HTTPError","","0","0","","2026-06-19"
"rechtsanwaeltin-sabine-koeker","Rechtsanwältin Sabine Köker","koekerstodte.de","https://koekerstodte.de","llm_fallback","","unknown","fallback","Keine Jobs im HTML/JSON erkannt.","200","0","0","host:koekerstodte.de","2026-06-19"
"herbert-dohm-attorney","Herbert Dohm - Attorney","dohm-haye.de","https://dohm-haye.de","llm_fallback","","unknown","fallback","Keine Jobs im HTML/JSON erkannt.","200","0","0","host:ra-dohm.de","2026-06-19"
"sozietaet-michelske","Sozietät Michelske","kanzlei-michelske.de","https://kanzlei-michelske.de","dom","","unknown","ready","Joblinks sind direkt im HTML sichtbar.","200","1","0","json_ld,pagination,blocked,host:kanzlei-michelske.de","2026-06-19"
"dr-jobst-rechtsanwaltsgesellschaft-mbh","Dr. Jobst Rechtsanwaltsgesellschaft mbH","kanzlei-jobst.de","https://kanzlei-jobst.de/jobst-rechtsanwaelte.html","llm_fallback","","unknown","fallback","Keine Jobs im HTML/JSON erkannt.","200","0","0","json_ld,host:kanzlei-jobst.de","2026-06-19"
"magold-walter-und-hermann-rechtsanwaltspartnerschaft","Magold, Walter & Hermann Rechtsanwaltspartnerschaft","kanzlei-mwh.de","https://kanzlei-mwh.de","dom","","unknown","ready","Joblinks sind direkt im HTML sichtbar.","200","1","0","host:www.kanzlei-mwh.de","2026-06-19"
"kampmeier-und-dr-tietz-und","Kampmeier und Dr. Tietz, Rechtsanwälte und Notare","kampmeier-tietz.de","https://www.kampmeier-tietz.de/karriere.html","dom","","unknown","ready","Joblinks sind direkt im HTML sichtbar.","200","3","0","host:www.kampmeier-tietz.de","2026-06-19"
"3q-services","3Q|Law Legal Services GmbH","3q-law.com","https://3q-law.com","embedded_json","","unknown","ready","Eingebettete strukturierte Jobdaten gefunden.","200","11","1","json_ld,host:www.3q-law.com","2026-06-19"
"dr-beier-und-und","Dr. Beier & Partner Rechtsanwälte und Notar","beier-partner.de","https://www.beier-partner.de/wir-stellen-ein","dom","","unknown","ready","Joblinks sind direkt im HTML sichtbar.","200","7","0","host:www.beier-partner.de","2026-06-19"
"rechtsanwaltskanzlei-maehlmeyer-und","Rechtsanwaltskanzlei Mählmeyer und Partner","maehlmeyer.de","https://www.maehlmeyer.de/karriere","dom","","unknown","ready","Joblinks sind direkt im HTML sichtbar.","200","6","0","json_ld,host:www.maehlmeyer.de","2026-06-19"
"esb-ewiv-schockenriedstr","esb EWIV Schockenriedstr","kanzlei.de","https://www.kanzlei.de/karriere","dom","","unknown","ready","Joblinks sind direkt im HTML sichtbar.","200","3","0","json_ld,host:www.kanzlei.de","2026-06-19"
"awi-tax-co-steuerberatungsgesellschaft","awi tax gmbh + co. kg steuerberatungsgesellschaft","meinekarriere.meine-awi.de","https://www.meinekarriere.meine-awi.de/aktuelle-offene-stellen","dom","","unknown","ready","Joblinks sind direkt im HTML sichtbar.","200","2","0","host:www.meinekarriere.meine-awi.de","2026-06-19"
"hoffmann-und-jung","Hoffmann & Jung Rechtsanwälte • Steuerberater","hoffmann-rechtsanwaelte.de","https://www.hoffmann-rechtsanwaelte.de/karriere","dom","","unknown","ready","Joblinks sind direkt im HTML sichtbar.","200","3","0","blocked,js_app,host:www.hoffmann-rechtsanwaelte.de","2026-06-19"
"luppert-dr-juergen-luppert","Luppert Rechtsanwälte Rechtsanwalt Dr. Jürgen Luppert","luppert.de","https://www.luppert.de/karriere/","llm_fallback","","unknown","fallback","Keine Jobs im HTML/JSON erkannt.","200","0","0","host:www.luppert.de","2026-06-19"
"matthias-kiunka","Rechtsanwalt Matthias Kiunka","kiunka.de","https://kiunka.de","dom","","unknown","ready","Joblinks sind direkt im HTML sichtbar.","200","12","0","json_ld,blocked,host:kiunka.de","2026-06-19"
"ps-fuer-verkehrsrecht","PS/Rechtsanwälte für Verkehrsrecht","ps-verkehrsrecht.de","https://www.ps-verkehrsrecht.de/jobs/","embedded_json","","unknown","ready","Eingebettete strukturierte Jobdaten gefunden.","200","4","1","json_ld,pagination,blocked,host:www.ps-verkehrsrecht.de","2026-06-19"
"imrecht-com-riad-khalil-hassanain","imrecht.com Rechtsanwalt Riad Khalil Hassanain","imrecht.com","https://imrecht.com","embedded_json","","unknown","ready","Eingebettete strukturierte Jobdaten gefunden.","200","5","2","json_ld,blocked,host:imrecht.com","2026-06-19"
"leutz-ohlmeyer-behrends-anwaltskanzlei","Leutz-Ohlmeyer | Behrends Anwaltskanzlei","kanzlei-lob.de","https://kanzlei-lob.de","embedded_json","","unknown","ready","Eingebettete strukturierte Jobdaten gefunden.","200","6","1","json_ld,blocked,host:www.kanzlei-lob.de","2026-06-19"
"dr-berner-und","Dr. Berner & Partner Rechtsanwälte PartG mbB","berner-rechtsanwaelte.de","https://berner-rechtsanwaelte.de/stellenangebote/","dom","","unknown","ready","Joblinks sind direkt im HTML sichtbar.","200","4","0","pagination,host:berner-rechtsanwaelte.de","2026-06-19"
"sachse-und-fachanwaelte","Kanzlei Sachse - Rechtsanwälte & Fachanwälte","kanzlei-sachse.de","https://kanzlei-sachse.de/offene-stellen","dom","","unknown","ready","Joblinks sind direkt im HTML sichtbar.","200","105","0","host:kanzlei-sachse.de","2026-06-19"
"ra-hansen-badiburg","ra-hansen-badiburg","ra-hansen-badiburg.de","https://ra-hansen-badiburg.de","playwright","","unknown","needs_browser","Seite wirkt JavaScript-/Pagination-getrieben.","200","0","0","pagination,host:www.ra-hansen-badiburg.de","2026-06-19"
"nzp","nzp","nzp.de","https://www.nzp.de/careers/","playwright","","unknown","needs_browser","Seite wirkt JavaScript-/Pagination-getrieben.","200","0","0","json_ld,pagination,blocked,host:www.nzp.de","2026-06-19"
"rechtsanwaltskanzlei-tschautscher-bonk","Rechtsanwaltskanzlei Tschautscher-Bonk","rechtsanwaltskanzlei-tschautscher-bonk.de","https://rechtsanwaltskanzlei-tschautscher-bonk.de","dom","","unknown","ready","Joblinks sind direkt im HTML sichtbar.","200","1","0","pagination,blocked,js_app,host:www.rechtsanwaltskanzlei-tschautscher-bonk.de","2026-06-19"
"bernzen-sonntag-partnerschaftsgesellschaft-i-l","BERNZEN SONNTAG Rechtsanwälte Steuerberater Partnerschaftsgesellschaft mbB i. L.","msbh.de","https://msbh.de","dom","","unknown","ready","Joblinks sind direkt im HTML sichtbar.","200","5","0","host:msbh.de","2026-06-19"
"anwaltskanzlei-heiko-hecht","Anwaltskanzlei Heiko Hecht","kanzlei-hecht.de","https://kanzlei-hecht.de","dom","","unknown","ready","Joblinks sind direkt im HTML sichtbar.","200","1","0","host:kanzlei-hecht.de","2026-06-19"
"robert-duepmeier","Robert Düpmeier RECHTSANWÄLTE","rechtsanwalt-duepmeier.de","https://rechtsanwalt-duepmeier.de","embedded_json","","unknown","ready","Eingebettete strukturierte Jobdaten gefunden.","200","1","1","json_ld,host:rechtsanwalt-duepmeier.de","2026-06-19"
"theiss-gbr","Theiß Rechtsanwälte GbR","kanzlei-theiss.de","https://kanzlei-theiss.de/karriere/","dom","","unknown","ready","Joblinks sind direkt im HTML sichtbar.","200","1","0","json_ld,pagination,blocked,host:kanzlei-theiss.de","2026-06-19"
"koehler-dr-blanck-frahm-und-in-heiligenhafen-und-auf-fehmarn-am-fehmarnsund","Köhler · Dr. Blanck · Frahm | Rechtsanwälte & Notare in Heiligenhafen und auf Fehmarn Kanzlei am Fehmarnsund","kanzleiamfehmarnsund.de","https://kanzleiamfehmarnsund.de/karriere/","dom","","unknown","ready","Joblinks sind direkt im HTML sichtbar.","200","3","0","host:kanzleiamfehmarnsund.de","2026-06-19"
"heuer-finck-und-kollegen","Heuer, Finck & Kollegen | Steuerberater","heuer-finck.de","https://heuer-finck.de/bewerbungen/","dom","","unknown","ready","Joblinks sind direkt im HTML sichtbar.","200","1","0","host:heuer-finck.de","2026-06-19"
"gg","GG Rechtsanwälte","gganwaelte.de","https://gganwaelte.de","embedded_json","","unknown","ready","Eingebettete strukturierte Jobdaten gefunden.","200","2","1","json_ld,pagination,blocked,js_app,host:www.gganwaelte.de","2026-06-19"
"drpa-partnerschaftsgesellschaft","DRPA Partnerschaftsgesellschaft mbB Wirtschaftsprüfer • Steuerberater • Rechtsanwälte","drpa.de","https://www.drpa.de/kompetenzen/steuerberatung#jahresabschluesse_erstellen","dom","","unknown","ready","Joblinks sind direkt im HTML sichtbar.","200","6","0","json_ld,pagination,blocked,host:www.drpa.de","2026-06-19"
"fuchs-und-kollegen-partmbb","Fuchs & Kollegen PartmbB","ihr-gutes-recht-bocholt.de","https://ihr-gutes-recht-bocholt.de/#","dom","","unknown","ready","Joblinks sind direkt im HTML sichtbar.","200","9","0","pagination,blocked,host:ihr-gutes-recht-bocholt.de","2026-06-19"
"goeritz-hornung-imgrund-partnerschaftsgesellschaft","Göritz Hornung Imgrund, Rechtsanwälte - Partnerschaftsgesellschaft","ghi-rechtsanwaelte.de","https://ghi-rechtsanwaelte.de","embedded_json","","unknown","ready","Eingebettete strukturierte Jobdaten gefunden.","200","1","1","json_ld,host:www.ghi-rechtsanwaelte.de","2026-06-19"
"mit-schwerpunktverkehrsrecht-und-arbeitsrecht","Rechtsanwalt mit SchwerpunktVerkehrsrecht und Arbeitsrecht","rechtsanwalt-karsten-teege.de","https://rechtsanwalt-karsten-teege.de","llm_fallback","","unknown","fallback","Keine Jobs im HTML/JSON erkannt.","200","0","0","host:www.rechtsanwalt-karsten-teege.de","2026-06-19"
"nussmann-fachanwaeltin-und-mediatorin","KANZLEI NUSSMANN Fachanwältin & Mediatorin","kanzlei-nussmann.de","https://kanzlei-nussmann.de/karriere/","dom","","unknown","ready","Joblinks sind direkt im HTML sichtbar.","200","3","0","json_ld,load_more,pagination,blocked,js_app,host:kanzlei-nussmann.de","2026-06-19"
"kpwt-straubing","KPWT Straubing GmbH","kpwt.de","https://www.kpwt.de/karriere/","dom","","unknown","ready","Joblinks sind direkt im HTML sichtbar.","200","2","0","json_ld,host:www.kpwt.de","2026-06-19"
"voss-schnitger-steenken-buenger-und","Voss Schnitger Steenken Bünger & Partner","jobs.obic.de","https://jobs.obic.de/cookie-richtlinie-eu/","playwright","","unknown","needs_browser","Seite wirkt JavaScript-/Pagination-getrieben.","200","0","0","pagination,js_app,host:jobs.obic.de","2026-06-19"
"heimburger-schlenker-fink","Rechtsanwälte Heimburger, Schlenker, Fink Partner mbB","heimburgerfink.de","https://www.heimburgerfink.de/karriere/","dom","","unknown","ready","Joblinks sind direkt im HTML sichtbar.","200","2","0","load_more,host:www.heimburgerfink.de","2026-06-19"
"dr-meides-und","Dr. MEIDES Rechtsanwälte & Partner mbB","meides.de","https://www.meides.de/gesucht-fachanwalt-fuer-arbeitsrecht-m-w-fuer-sozialkassenverfahren/","embedded_json","","unknown","ready","Eingebettete strukturierte Jobdaten gefunden.","200","12","1","json_ld,pagination,host:www.meides.de","2026-06-19"
"tanja-ruperti-rechtsanwaeltin-fachanwaeltin-fuer-arbeitsrecht","Tanja Ruperti Rechtsanwältin Fachanwältin für Arbeitsrecht","ruperti-arbeitsrecht.de","https://ruperti-arbeitsrecht.de","dom","","unknown","ready","Joblinks sind direkt im HTML sichtbar.","200","4","0","json_ld,host:ruperti-arbeitsrecht.de","2026-06-19"
"mahlberg","Mahlberg Rechtsanwälte","mahlberg-rechtsanwaelte.de","https://mahlberg-rechtsanwaelte.de/karriere/","dom","","unknown","ready","Joblinks sind direkt im HTML sichtbar.","200","2","0","pagination,blocked,host:mahlberg-rechtsanwaelte.de","2026-06-19"
"steuerberatung-heimrath-und-bley","Steuerberatung Heimrath & Bley","steuerberatung-heimrath.de","https://steuerberatung-heimrath.de/stellenangebote","dom","","unknown","ready","Joblinks sind direkt im HTML sichtbar.","200","3","0","pagination,host:steuerberatung-heimrath.de","2026-06-19"
"dr-hammerla-lindinger-und-collegen","Rechtsanwälte Dr. Hammerla, Lindinger & Collegen","rae-drhammerla.de","https://rae-drhammerla.de","dom","","unknown","ready","Joblinks sind direkt im HTML sichtbar.","200","2","0","host:rae-drhammerla.de","2026-06-19"
"cdu-kreisverband-aachen","CDU Kreisverband Aachen","cdu-aachen.de","https://cdu-aachen.de","playwright","","unknown","needs_browser","Seite wirkt JavaScript-/Pagination-getrieben.","200","0","0","pagination,blocked,js_app,host:cdu-aachen.de","2026-06-19"
"fuer-strafrecht-dr-boettner","Rechtsanwalt für Strafrecht Dr. Böttner","strafrecht-bundesweit.de","https://www.strafrecht-bundesweit.de/strafrecht-kanzlei-dr-boettner/karriere-im-strafrecht/","embedded_json","","unknown","ready","Eingebettete strukturierte Jobdaten gefunden.","200","17","1","json_ld,host:www.strafrecht-bundesweit.de","2026-06-19"
"arnold-knepper","Arnold Knepper, Rechtsanwalt","rechtsanwalt-knepper.de","https://rechtsanwalt-knepper.de","dom","","unknown","ready","Joblinks sind direkt im HTML sichtbar.","200","12","0","load_more,pagination,host:rechtsanwalt-knepper.de","2026-06-19"
"msf-rechtsanwaltskanzlei-und-notariat","MSF Rechtsanwaltskanzlei & Notariat","ra-msf.de","https://ra-msf.de","dom","","unknown","ready","Joblinks sind direkt im HTML sichtbar.","200","4","0","json_ld,pagination,host:ra-msf.de","2026-06-19"
"rechtsanwaeltin-ingrid-brand-hueckstaedt","Rechtsanwältin Ingrid Brand-Hückstädt","brand-hueckstaedt.de","https://brand-hueckstaedt.de","llm_fallback","","unknown","fallback","Keine Jobs im HTML/JSON erkannt.","200","0","0","host:brand-hueckstaedt.de","2026-06-19"
"rechsanwaeltin-ariane-von-der-heyden-karas","Rechsanwältin Ariane von der Heyden-Karas","ahkanzlei.de","https://ahkanzlei.de/karriere/","playwright","","unknown","needs_browser","Seite wirkt JavaScript-/Pagination-getrieben.","200","0","0","json_ld,pagination,js_app,host:ahkanzlei.de","2026-06-19"
"dr-areti-georgiadou","Dr. Areti Georgiadou","kanzlei-georgiadou.de","https://kanzlei-georgiadou.de","playwright","","unknown","needs_browser","Seite wirkt JavaScript-/Pagination-getrieben.","200","0","0","json_ld,pagination,blocked,host:kanzlei-georgiadou.de","2026-06-19"
"marius-schroembgens","Rechtsanwalt Marius Schrömbgens","schroembgens.com","https://schroembgens.com","dom","","unknown","ready","Joblinks sind direkt im HTML sichtbar.","200","6","0","json_ld,host:www.schroembgens.com","2026-06-19"
"susanne-fitting-perlak-schwolow-fitting-perlak-und-kollegen","Susanne Fitting-Perlak - Rechtsanwälte Schwolow, Fitting-Perlak & Kollegen","ra-perlak.de","https://ra-perlak.de","dom","","unknown","ready","Joblinks sind direkt im HTML sichtbar.","200","2","0","json_ld,pagination,blocked,host:ra-perlak.de","2026-06-19"
"hallervorden-und-scholz","Hallervorden & Scholz Rechtsanwälte","hallervorden-scholz.de","https://www.hallervorden-scholz.de/karriere/","dom","","unknown","ready","Joblinks sind direkt im HTML sichtbar.","200","3","0","host:www.hallervorden-scholz.de","2026-06-19"
"hahn-und","Rechtsanwälte Hahn und Partner","raehup.de","https://raehup.de","dom","","unknown","ready","Joblinks sind direkt im HTML sichtbar.","200","21","0","host:www.raehup.de","2026-06-19"
"haldenwang","Haldenwang Rechtsanwälte","haldenwangrae.de","https://haldenwangrae.de","llm_fallback","","unknown","request_error","SSLError","","0","0","","2026-06-19"
"lutz-und-kerschner","Rechtsanwälte Lutz & Kerschner*","rae-in.de","https://www.rae-in.de/#","dom","","unknown","ready","Joblinks sind direkt im HTML sichtbar.","200","5","0","json_ld,pagination,blocked,host:www.rae-in.de","2026-06-19"
"stoever","kanzlei-stoever","kanzlei-stoever.de","https://kanzlei-stoever.de","llm_fallback","","unknown","request_error","SSLError","","0","0","","2026-06-19"
"rechtsanwaeltin-sandra-segl","Rechtsanwältin Sandra Segl","scheidung-online-kanzlei.de","https://scheidung-online-kanzlei.de","embedded_json","","unknown","ready","Eingebettete strukturierte Jobdaten gefunden.","200","4","2","json_ld,pagination,blocked,host:scheidung-online-kanzlei.de","2026-06-19"
"dahmen-loesche-und-ehm","Dahmen-Lösche & Ehm","praxis-fuer-familienrecht.de","https://praxis-fuer-familienrecht.de","dom","","unknown","ready","Joblinks sind direkt im HTML sichtbar.","200","2","0","js_app,host:praxis-fuer-familienrecht.de","2026-06-19"
"dr-kunzmann-und-derkorn-fachanwaelte-fuer-arbeitsrecht-und-sozialrecht","Dr. Kunzmann & Derkorn Fachanwälte für Arbeitsrecht & Sozialrecht","drkup.de","https://www.sozialplan-einigungsstelle.de/index.html","llm_fallback","","unknown","request_error","ConnectionError","","0","0","","2026-06-19"
"ksd","kanzlei-ksd","kanzlei-ksd.de","","manual_review","","unknown","missing_jobboard_url","Keine Jobboard_URL und keine Domain.","","0","0","","2026-06-19"
"adrian-stahl-fachanwalt-fuer-strafrecht","Rechtsanwalt Adrian Stahl – Fachanwalt für Strafrecht","adrian-stahl.de","https://adrian-stahl.de","dom","","unknown","ready","Joblinks sind direkt im HTML sichtbar.","200","1","0","json_ld,host:adrian-stahl.de","2026-06-19"
"inso-rosenauer","inso-rosenauer","inso-rosenauer.de","https://inso-rosenauer.de","dom","","unknown","ready","Joblinks sind direkt im HTML sichtbar.","200","1","0","pagination,js_app,host:www.inso-rosenauer.de","2026-06-19"
"b-m-s-und","B M S | Rechtsanwälte & Notare","b-m-s.de","https://b-m-s.de","dom","","unknown","ready","Joblinks sind direkt im HTML sichtbar.","200","2","0","json_ld,pagination,blocked,js_app,host:www.b-m-s.de","2026-06-19"
"lerch-und-coll","Lerch & Coll. Rechtsanwälte","rae-lerch.de","https://rae-lerch.de","llm_fallback","","unknown","request_error","HTTPError","","0","0","","2026-06-19"
"rechtsanwaeltin-alexandra-siemering","Rechtsanwältin Alexandra Siemering","kanzlei-siemering.de","https://kanzlei-siemering.de","dom","","unknown","ready","Joblinks sind direkt im HTML sichtbar.","200","1","0","host:www.kanzlei-siemering.de","2026-06-19"
"donicht-fachanwalt","Kanzlei Donicht Rechtsanwalt/Fachanwalt","kanzlei-donicht.de","https://kanzlei-donicht.de","llm_fallback","","unknown","request_error","ConnectTimeout","","0","0","","2026-06-19"
"nguontaichinh","nguontaichinh","nguontaichinh.com","https://nguontaichinh.com","llm_fallback","","unknown","request_error","ConnectionError","","0","0","","2026-06-19"
"broecker-und-neugebauer-in","Rechtsanwälte Bröcker & Neugebauer Rechtsanwälte in Partnerschaft","rae-broecker.de","https://rae-broecker.de","dom","","unknown","ready","Joblinks sind direkt im HTML sichtbar.","200","1","0","pagination,host:rae-broecker.de","2026-06-19"
"chk","CHK Rechtsanwälte / Notar","kanzlei-chk.de","https://kanzlei-chk.de/karriere/","dom","","unknown","ready","Joblinks sind direkt im HTML sichtbar.","200","4","0","pagination,blocked,host:kanzlei-chk.de","2026-06-19"
"becker-partnerschafts-gesellschaft","Becker + Partner Wirtschaftsprüfer Rechtsanwälte Steuerberater Partnerschafts­gesellschaft mbB","beckerpartner.de","https://beckerpartner.de/stellenangebote/","dom","","unknown","ready","Joblinks sind direkt im HTML sichtbar.","200","5","0","json_ld,pagination,blocked,js_app,host:beckerpartner.de","2026-06-19"
"kr-rademacher-gbr","KR Kanzlei Rademacher GbR","kanzlei-rademacher.net","https://kanzlei-rademacher.net","embedded_json","","unknown","ready","Eingebettete strukturierte Jobdaten gefunden.","200","4","1","json_ld,pagination,host:www.kanzlei-rademacher.net","2026-06-19"
"dr-langenmayr-und","Dr. Langenmayr und Partner mbB","dr-langenmayr.de","https://www.neo-kanzlei.de/karriere/","dom","","unknown","ready","Joblinks sind direkt im HTML sichtbar.","200","8","0","load_more,blocked,host:www.neo-kanzlei.de","2026-06-19"
"dr-gottschalk-hienstorfer-wilcken-und","DR. GOTTSCHALK • HIENSTORFER • WILCKEN & PARTNER","ghs-anwaelte.de","https://ghs-anwaelte.de","dom","","unknown","ready","Joblinks sind direkt im HTML sichtbar.","200","2","0","json_ld,pagination,js_app,host:ghs-anwaelte.de","2026-06-19"
"boersing-pohl-und","Börsing Pohl & Partner Steuerberater Rechtsanwälte","boersing-pohl.de","https://boersing-pohl.de/karriere/karriere","dom","","unknown","ready","Joblinks sind direkt im HTML sichtbar.","200","2","0","host:boersing-pohl.de","2026-06-19"
"anwaltskanzlei-franz-obst-gbr","Anwaltskanzlei Franz Obst GbR","anwaltskanzlei-obst.de","https://anwaltskanzlei-obst.de","dom","","unknown","ready","Joblinks sind direkt im HTML sichtbar.","200","2","0","json_ld,pagination,blocked,host:anwaltskanzlei-obst.de","2026-06-19"
"mariacher-gbr","Mariacher Rechtsanwälte GbR","mariacher.de","https://mariacher.de","llm_fallback","","unknown","fallback","Keine Jobs im HTML/JSON erkannt.","200","0","0","host:mariacher.de","2026-06-19"
"hll","HLL Rechtsanwälte PartGmbB","hollender-partner.de","https://www.hollender-partner.de/de/rechtsanwalt-erbrecht-moenchengladbach.html","dom","","unknown","ready","Joblinks sind direkt im HTML sichtbar.","200","6","0","host:www.hollender-partner.de","2026-06-19"
"dringenberg-biz","dringenberg.biz","dringenberg.biz","https://dringenberg.biz","llm_fallback","","unknown","fallback","Keine Jobs im HTML/JSON erkannt.","200","0","0","host:www.dringenberg.biz","2026-06-19"
"impressum-rechtsanwaltskanzlei-andreas-hoyer","Impressum Rechtsanwaltskanzlei Andreas Hoyer","rechtsanwalt-hoyer.com","https://rechtsanwalt-hoyer.com","dom","","unknown","ready","Joblinks sind direkt im HTML sichtbar.","200","7","0","json_ld,host:www.rechtsanwalt-hoyer.com","2026-06-19"
"ra-schuell","ra-schuell","ra-schuell.de","https://ra-schuell.de","llm_fallback","","unknown","fallback","Keine Jobs im HTML/JSON erkannt.","200","0","0","host:www.ra-schuell.de","2026-06-19"
"schwede-gewert-und-kollegen","Kanzlei Schwede, Gewert & Kollegen","ksg-recht.de","https://www.ksg-recht.de/stellenangebote-und-ausbildung","embedded_json","","unknown","ready","Eingebettete strukturierte Jobdaten gefunden.","200","1","1","json_ld,js_app,host:www.ksg-recht.de","2026-06-19"
"rechtsanwaltskanzlei-dohse","Rechtsanwaltskanzlei Dohse","radohse.de","https://www.radohse.de/karriere","embedded_json","","unknown","ready","Eingebettete strukturierte Jobdaten gefunden.","200","0","1","json_ld,blocked,host:www.radohse.de","2026-06-19"
"renner-berlin-und-bundesweit","KANZLEI RENNER BERLIN & BUNDESWEIT","kanzlei-renner.de","https://kanzlei-renner.de","playwright","","unknown","needs_browser","Seite wirkt JavaScript-/Pagination-getrieben.","200","0","0","js_app,host:kanzlei-renner.de","2026-06-19"
"jan-hustedt-und","Jan Hustedt Rechtsanwalt und Notar","rechtsanwalt-hustedt.de","https://rechtsanwalt-hustedt.de","embedded_json","","unknown","ready","Eingebettete strukturierte Jobdaten gefunden.","200","3","1","json_ld,pagination,blocked,js_app,host:www.rechtsanwalt-hustedt.de","2026-06-19"
"kaeppeler-wohlfardt-rothofer-in","Käppeler • Wohlfardt • Rothofer Rechtsanwälte in Partnerschaft mbB","kaeppeler-wohlfardt.de","https://kaeppeler-wohlfardt.de/#jobs","dom","","unknown","ready","Joblinks sind direkt im HTML sichtbar.","200","7","0","host:kaeppeler-wohlfardt.de","2026-06-19"
"loebbecke-goevert-behler-und","Rechtsanwälte Löbbecke, Gövert, Behler & Partner","loebbecke-goevert.de","https://loebbecke-goevert.de","dom","","unknown","ready","Joblinks sind direkt im HTML sichtbar.","200","2","0","host:loebbecke-goevert.de","2026-06-19"
"sidit-gbr","SiDIT legal GbR","kanzlei-loos.de","https://www.kanzlei-loos.de/agb-erstellen/","dom","","unknown","ready","Joblinks sind direkt im HTML sichtbar.","200","1","0","json_ld,pagination,js_app,host:www.kanzlei-loos.de","2026-06-19"
"lehmann-und-lehmann-gbr","Lehmann & Lehmann GbR","llfc.de","https://llfc.de/karriere","playwright","","unknown","needs_browser","Seite wirkt JavaScript-/Pagination-getrieben.","200","0","0","pagination,host:llfc.de","2026-06-19"
"anwaltskanzlei-lexkonnex","Anwaltskanzlei LEXKONNEX","lexkonnex.de","https://lexkonnex.de","dom","","unknown","ready","Joblinks sind direkt im HTML sichtbar.","200","1","0","json_ld,load_more,host:lexkonnex.de","2026-06-19"
"doettelbeck-dr-wemhoener-und","Döttelbeck Dr. Wemhöner & Partner","doettelbeck.de","https://doettelbeck.de","embedded_json","","unknown","ready","Eingebettete strukturierte Jobdaten gefunden.","200","1","1","json_ld,blocked,js_app,host:www.doettelbeck.de","2026-06-19"
"robert-seethaler","Rechtsanwalt Robert Seethaler","rechtsanwalt-seethaler.de","https://rechtsanwalt-seethaler.de","dom","","unknown","ready","Joblinks sind direkt im HTML sichtbar.","200","1","0","json_ld,load_more,pagination,blocked,host:www.rechtsanwalt-seethaler.de","2026-06-19"
"hahlen-und-hahlen","Rechtsanwälte Hahlen & Hahlen Partnerschaft mbB","hahlen.eu","https://hahlen.eu","dom","","unknown","ready","Joblinks sind direkt im HTML sichtbar.","200","4","0","json_ld,host:hahlen.eu","2026-06-19"
"dr-haege-und-kunz-partnerschaftsgesellschaft","Dr. Häge & Kunz Rechtsanwälte Partnerschaftsgesellschaft","haege-kunz.de","https://haege-kunz.de/jobs.html","embedded_json","","unknown","ready","Eingebettete strukturierte Jobdaten gefunden.","200","3","1","json_ld,host:haege-kunz.de","2026-06-19"
"andre-brueggemann","Andre Brüggemann Rechtsanwalt","rechtsanwalt-brueggemann.de","https://rechtsanwalt-brueggemann.de","dom","","unknown","ready","Joblinks sind direkt im HTML sichtbar.","200","12","0","json_ld,pagination,blocked,js_app,host:www.rechtsanwalt-brueggemann.de","2026-06-19"
"alexander-schmidt-neubrandenburg","Rechtsanwalt Alexander Schmidt, Neubrandenburg","rechtsanwalt-schmidt.org","https://rechtsanwalt-schmidt.org","embedded_json","","unknown","ready","Eingebettete strukturierte Jobdaten gefunden.","200","2","1","json_ld,blocked,host:www.rechtsanwalt-schmidt.org","2026-06-19"
"behler-und-gellissen","Behler & Gellissen Rechtsanwälte","behlergellissen.de","https://behlergellissen.de","dom","","unknown","ready","Joblinks sind direkt im HTML sichtbar.","200","1","0","host:www.behlergellissen.de","2026-06-19"
"kronbichler-und","KRONBICHLER UND PARTNER","arbeitsrechtler-muenchen.eu","https://arbeitsrechtler-muenchen.eu/kanzlei/stellenangebote.html","dom","","unknown","ready","Joblinks sind direkt im HTML sichtbar.","200","3","0","host:arbeitsrechtler-muenchen.eu","2026-06-19"
"wittig-uenalp-nord-rechtsanwaltsgesellschaft-mbh","Wittig Ünalp Nord Rechtsanwaltsgesellschaft mbH","ra-wittig.de","https://www.ra-wittig.de/kanzlei/karriere/","embedded_json","","unknown","ready","Eingebettete strukturierte Jobdaten gefunden.","200","15","1","json_ld,blocked,host:www.ra-wittig.de","2026-06-19"
"alexander-kessler","Alexander Kessler","kanzlei-kessler.de","https://kanzlei-kessler.de","reader_or_llm","","unknown","blocked","Seite wirkt geblockt oder leer fuer normale Requests.","200","0","0","json_ld,blocked,host:www.kanzlei-kessler.de","2026-06-19"
"frank-winkelmann","Rechtsanwalt Frank Winkelmann","rechtsanwaltskanzlei-winkelmann.de","https://rechtsanwaltskanzlei-winkelmann.de","embedded_json","","unknown","ready","Eingebettete strukturierte Jobdaten gefunden.","200","0","1","json_ld,host:www.rechtsanwaltskanzlei-winkelmann.de","2026-06-19"
"meyersrenken-und-rheingantz","Meyersrenken & Rheingantz Rechtsanwälte","meyersrenken-rheingantz.de","https://meyersrenken-rheingantz.de","llm_fallback","","unknown","fallback","Keine Jobs im HTML/JSON erkannt.","200","0","0","json_ld,host:www.meyersrenken-rheingantz.de","2026-06-19"
"rkp-pelzer-vogt-und-solbach","RKP Pelzer Vogt & Solbach","rkp-dueren.de","https://www.rkp-dueren.de/partner/karriere/","playwright","","unknown","needs_browser","Seite wirkt JavaScript-/Pagination-getrieben.","200","0","0","json_ld,js_app,host:www.rkp-dueren.de","2026-06-19"
"prof-hauth-und","Prof. Hauth & Partner Rechtsanwälte mbB","php-recht.de","https://php-recht.de/#kontakt","dom","","unknown","ready","Joblinks sind direkt im HTML sichtbar.","200","1","0","json_ld,pagination,host:php-recht.de","2026-06-19"
"heldt-zuelch-partnerschaftsgesellschaft","Heldt | Zülch Rechtsanwälte, Partnerschaftsgesellschaft","heldt-zuelch.de","https://heldt-zuelch.de","dom","","unknown","ready","Joblinks sind direkt im HTML sichtbar.","200","1","0","json_ld,host:www.heldt-zuelch.de","2026-06-19"
"ewert-jordan-fachanwaelte-partnerschaftsgesellschaft-m-b-b","Ewert Jordan Rechtsanwälte - Fachanwälte Partnerschaftsgesellschaft m.b.B","ewert-jordan.de","https://ewert-jordan.de/#karriere","dom","","unknown","ready","Joblinks sind direkt im HTML sichtbar.","200","2","0","host:ewert-jordan.de","2026-06-19"
"leipzig-daniel-baumgaertner","Rechtsanwalt Leipzig Daniel Baumgärtner","rechtsanwalt-baumgaertner.de","https://rechtsanwalt-baumgaertner.de","embedded_json","","unknown","ready","Eingebettete strukturierte Jobdaten gefunden.","200","14","2","json_ld,pagination,blocked,js_app,host:rechtsanwalt-baumgaertner.de","2026-06-19"
"harteis-und","Harteis und Partner PartG mbB Wirtschaftsprüfer – Steuerberater","harteis-partner.de","https://harteis-karriere.de/steuerkanzlei-harteis","embedded_json","","unknown","ready","Eingebettete strukturierte Jobdaten gefunden.","200","0","1","json_ld,pagination,blocked,js_app,host:harteis-karriere.de","2026-06-19"
"frietzsche-fachanwalt-fuer-arbeitsrecht-und-erbrecht","frietzsche rechtsanwälte fachanwalt für arbeitsrecht & erbrecht","frietzsche.com","https://frietzsche.com","dom","","unknown","ready","Joblinks sind direkt im HTML sichtbar.","200","8","0","host:www.frietzsche.com","2026-06-19"
"vohmann-und-kollegen-in-wuppertal","Rechtsanwälte Vohmann & Kollegen in Wuppertal","advok.de","https://www.advok.de/karriere/","dom","","unknown","ready","Joblinks sind direkt im HTML sichtbar.","200","3","0","pagination,blocked,host:www.advok.de","2026-06-19"
"kanzleihaus","kanzleihaus","kanzleihaus.de","https://kanzleihaus.de","playwright","","unknown","needs_browser","Seite wirkt JavaScript-/Pagination-getrieben.","200","0","0","js_app,host:www.kanzleihaus.de","2026-06-19"
"kuhagen","Kanzlei Kuhagen","kanzleikuhagen.de","https://kanzleikuhagen.de","embedded_json","","unknown","ready","Eingebettete strukturierte Jobdaten gefunden.","200","2","1","json_ld,host:www.kanzleikuhagen.de","2026-06-19"
"holzer-goldmann","holzer-goldmann","holzer-goldmann.de","https://holzer-goldmann.de","playwright","","unknown","needs_browser","Seite wirkt JavaScript-/Pagination-getrieben.","200","0","0","json_ld,load_more,pagination,blocked,js_app,host:www.holzer-goldmann.de","2026-06-19"
"rechtsanwaltskanzlei-silke-birkenmaier-wagner","Rechtsanwaltskanzlei Silke Birkenmaier-Wagner","familienrecht-birkenmaier.de","https://familienrecht-birkenmaier.de","dom","","unknown","ready","Joblinks sind direkt im HTML sichtbar.","200","4","0","json_ld,host:familienrecht-birkenmaier.de","2026-06-19"
"deutscher-anwalt-verein-dav-e-v","Deutscher Anwalt­verein (DAV) e. V.","anwaltauskunft.de","https://anwaltauskunft.de/themenwelten-kategorie/karriere/","dom","","unknown","ready","Joblinks sind direkt im HTML sichtbar.","200","3","0","json_ld,pagination,js_app,host:anwaltauskunft.de","2026-06-19"
"starostik-berlin-und-aue","KANZLEI STAROSTIK BERLIN und AUE","starostik.de","https://starostik.de","llm_fallback","","unknown","fallback","Keine Jobs im HTML/JSON erkannt.","200","0","0","host:www.starostik.de","2026-06-19"
"bergemann-und-weidner-ra-marcus-weidner","Bergemann & Weidner Rechtsanwälte RA Marcus Weidner","bergemann-weidner.de","https://bergemann-weidner.de","dom","","unknown","ready","Joblinks sind direkt im HTML sichtbar.","200","3","0","host:www.bergemann-weidner.de","2026-06-19"
"matthias-kuempel","Rechtsanwalt Matthias Kümpel","recht-ab.de","https://recht-ab.de","dom","","unknown","ready","Joblinks sind direkt im HTML sichtbar.","200","2","0","host:www.recht-ab.de","2026-06-19"
"dr-ouart-und-collegen-rechtsanwaltsgesellschaft-m-b-h","Dr. Ouart & Collegen Rechtsanwaltsgesellschaft m.b.H.","ouart.de","https://ouart.de/karriere/","dom","","unknown","ready","Joblinks sind direkt im HTML sichtbar.","200","1","0","pagination,host:ouart.de","2026-06-19"
"rechtsanwaeltin-julia-heims-j-heims","Rechtsanwältin Julia Heims / J. Heims","fachanwaeltin-familienrecht.com","https://fachanwaeltin-familienrecht.com","dom","","unknown","ready","Joblinks sind direkt im HTML sichtbar.","200","1","0","blocked,host:www.fachanwaeltin-familienrecht.com","2026-06-19"
"hobuss-i-wowra-rechtliches","Rechtsanwälte Hobuß I Wowra – Rechtliches","hw-anwalt.de","https://hw-anwalt.de","dom","","unknown","ready","Joblinks sind direkt im HTML sichtbar.","200","2","0","json_ld,host:www.hw-anwalt.de","2026-06-19"
"ra-vedder-und","RA Vedder & Partner","ra-vedder.de","https://ra-vedder.de","dom","","unknown","ready","Joblinks sind direkt im HTML sichtbar.","200","3","0","host:ra-vedder.de","2026-06-19"
"geiling-und","Geiling & Partner PartG mbB","karriere.geiling-partner.de","http://karriere.geiling-partner.de/#Wer-sind-wir","dom","","unknown","ready","Joblinks sind direkt im HTML sichtbar.","200","9","0","pagination,blocked,host:karriere.geiling-partner.de","2026-06-19"
"skm","SKM Rechtsanwälte","skm-rechtsanwaelte.de","https://www.skm-rechtsanwaelte.de/stellenausschreibungen/","dom","","unknown","ready","Joblinks sind direkt im HTML sichtbar.","200","7","0","host:www.skm-rechtsanwaelte.de","2026-06-19"
"rechtsanwaltspraxis-rainer-klein","Rechtsanwaltspraxis Rainer Klein","kanzlei-tesche.de","https://kanzlei-tesche.de","dom","","unknown","ready","Joblinks sind direkt im HTML sichtbar.","200","3","0","host:kanzlei-tesche.de","2026-06-19"
"froehlich-insolvenzverwalter","FROEHLICH Rechtsanwälte Insolvenzverwalter Steuerberater","froehlich-rae.de","https://froehlich-rae.de","playwright","","unknown","needs_browser","Seite wirkt JavaScript-/Pagination-getrieben.","200","0","0","json_ld,pagination,blocked,host:froehlich-rae.de","2026-06-19"
"prof-maser-grassinger-und","Kanzlei Prof. Maser, Grassinger & Partner","baurechtstuttgart.de","https://baurechtstuttgart.de","llm_fallback","","unknown","fallback","Keine Jobs im HTML/JSON erkannt.","200","0","0","host:baurechtstuttgart.de","2026-06-19"
"reinhard-und-dworazik-rechtsanwalte","REINHARD UND DWORAZIK RECHTSANWALTE NOTARE","ra-reinhard.de","https://ra-reinhard.de","dom","","unknown","ready","Joblinks sind direkt im HTML sichtbar.","200","2","0","json_ld,blocked,host:www.ra-reinhard.de","2026-06-19"
"rechtsanwaltskanzlei-andrea-hoffmann","Rechtsanwaltskanzlei Andrea Hoffmann","ra-hoffmann.org","https://ra-hoffmann.org","llm_fallback","","unknown","fallback","Keine Jobs im HTML/JSON erkannt.","200","0","0","host:www.ra-hoffmann.org","2026-06-19"
"name-rechtsanwalts-und-steuerkanzlei-alberter-und-kollegen","Name: Rechtsanwalts- und Steuerkanzlei Alberter & Kollegen","alberter.de","https://alberter.de","dom","","unknown","ready","Joblinks sind direkt im HTML sichtbar.","200","1","0","pagination,blocked,host:www.alberter.de","2026-06-19"
"dr-daelken","Dr. Dälken Rechtsanwälte","daelken.com","https://daelken.com","dom","","unknown","ready","Joblinks sind direkt im HTML sichtbar.","200","5","0","json_ld,pagination,host:www.daelken.com","2026-06-19"
"gerken-rechtsanwaeltin-und-notarin","KANZLEI GERKEN Rechtsanwältin und Notarin","kanzleigerken.de","https://kanzleigerken.de","dom","","unknown","ready","Joblinks sind direkt im HTML sichtbar.","200","5","0","host:www.kanzleigerken.de","2026-06-19"
"kirchhoff","KIRCHHOFF | Rechtsanwälte Steuerberater","michael-kirchhoff.com","https://www.michael-kirchhoff.com/datev-arbeitnehmer-online-lohnabrechnung-und-gehaltsabrechnung-online-zustellen/","dom","","unknown","ready","Joblinks sind direkt im HTML sichtbar.","200","19","0","json_ld,pagination,host:www.michael-kirchhoff.com","2026-06-19"
"blatt-kollegen-ist-eine-gesellschaft-buergerlichen-rechts","BLATT § KOLLEGEN ist eine Gesellschaft Bürgerlichen Rechts","kanzlei-blatt.de","https://kanzlei-blatt.de","dom","","unknown","ready","Joblinks sind direkt im HTML sichtbar.","200","2","0","json_ld,blocked,host:www.kanzlei-blatt.de","2026-06-19"
"rechtsanwaltskanzlei-pecher","Rechtsanwaltskanzlei PECHER","pecher.com","https://pecher.com","dom","","unknown","ready","Joblinks sind direkt im HTML sichtbar.","200","6","0","json_ld,pagination,js_app,host:pecher.com","2026-06-19"
"anwaltskanzlei-dr-busch-und-kollegen","Anwaltskanzlei Dr. Busch & Kollegen, Rechtsanwälte","drbusch-koll.de","https://drbusch-koll.de","dom","","unknown","ready","Joblinks sind direkt im HTML sichtbar.","200","17","0","json_ld,pagination,host:drbusch-koll.de","2026-06-19"
"ohr-inhaberin-katja-ohr","Kanzlei Ohr Inhaberin Katja Ohr","kanzlei-ohr.de","https://www.kanzlei-ohr.de/jobs/","llm_fallback","","unknown","fallback","Keine Jobs im HTML/JSON erkannt.","200","0","0","host:www.kanzlei-ohr.de","2026-06-19"
"inn-salzach-rechtsanwalte","Inn-Salzach Kanzlei Rechtsanwalte","inn-salzach-kanzlei.de","https://www.inn-salzach-kanzlei.de/karriere.htm","dom","","unknown","ready","Joblinks sind direkt im HTML sichtbar.","200","1","0","host:www.inn-salzach-kanzlei.de","2026-06-19"
"rechtsanwaltskanzlei-juergen-seidl","Rechtsanwaltskanzlei Jürgen Seidl","rechtsanwalt-seidl.de","https://rechtsanwalt-seidl.de","dom","","unknown","ready","Joblinks sind direkt im HTML sichtbar.","200","2","0","json_ld,pagination,blocked,host:rechtsanwalt-seidl.de","2026-06-19"
"fuer-recht-und-steuern","Kanzlei für Recht & Steuern","borisbell.de","https://www.borisbell.de/karriere/","embedded_json","","unknown","ready","Eingebettete strukturierte Jobdaten gefunden.","200","5","4","json_ld,host:www.borisbell.de","2026-06-19"
"henning-und-kollegen-et-fachanwaelte","Henning & Kollegen Rechtsanwälte et Fachanwälte","ra-henning.de","http://www.ra-henning.de/stellenangebote/","llm_fallback","","unknown","fallback","Keine Jobs im HTML/JSON erkannt.","200","0","0","host:www.ra-henning.de","2026-06-19"
"gleichenstein-und-breitling","KANZLEI GLEICHENSTEIN & BREITLING | RECHTSANWÄLTE","gleichenstein-breitling.de","https://gleichenstein-breitling.de","reader_or_llm","","unknown","blocked","Seite wirkt geblockt oder leer fuer normale Requests.","200","0","0","blocked,host:www.gleichenstein-breitling.de","2026-06-19"
"rechtsanwaltskanzlei-manfred-erb","Rechtsanwaltskanzlei Manfred Erb","rechtsanwalt-erb.de","https://rechtsanwalt-erb.de","dom","","unknown","ready","Joblinks sind direkt im HTML sichtbar.","200","3","0","host:www.rechtsanwalt-erb.de","2026-06-19"
"dr-jur-klaus-t-renaud","Dr. Jur. Klaus T. Renaud","rechtsanwalt-dr-renaud.de","https://rechtsanwalt-dr-renaud.de","llm_fallback","","unknown","fallback","Keine Jobs im HTML/JSON erkannt.","200","0","0","json_ld,host:rechtsanwalt-dr-renaud.de","2026-06-19"
"lengelsen-platzek-und-giesser-und","Lengelsen, Platzek & Giesser Notar und Rechtsanwälte","rae-klpg.de","https://rae-klpg.de","dom","","unknown","ready","Joblinks sind direkt im HTML sichtbar.","200","4","0","host:rae-klpg.de","2026-06-19"
"volker-mayer-lay","Volker Mayer-Lay","mayer-lay-bundestag.de","https://mayer-lay-bundestag.de","embedded_json","","unknown","ready","Eingebettete strukturierte Jobdaten gefunden.","200","0","100","json_ld,pagination,host:mayer-lay-bundestag.de","2026-06-19"
"rechtsanwaltskanzlei-plambeck-boettcher-truemper","Rechtsanwaltskanzlei Plambeck Böttcher Trümper","raepbt.de","https://raepbt.de","dom","","unknown","ready","Joblinks sind direkt im HTML sichtbar.","200","1","0","host:www.raepbt.de","2026-06-19"
"wimmers","Rechtsanwälte Wimmers","multi-media-recht.de","https://multi-media-recht.de","playwright","","unknown","needs_browser","Seite wirkt JavaScript-/Pagination-getrieben.","200","0","0","pagination,blocked,host:www.multi-media-recht.de","2026-06-19"
"antonius","Kanzlei Antonius","kanzlei-antonius.de","https://kanzlei-antonius.de","llm_fallback","","unknown","fallback","Keine Jobs im HTML/JSON erkannt.","200","0","0","host:kanzlei-antonius.de","2026-06-19"
"am-prinzipalmarkt","KANZLEI AM PRINZIPALMARKT","kanzlei-am-prinzipalmarkt.de","https://kanzlei-am-prinzipalmarkt.de","playwright","","unknown","needs_browser","Seite wirkt JavaScript-/Pagination-getrieben.","200","0","0","pagination,host:www.kanzlei-am-prinzipalmarkt.de","2026-06-19"
"anwaltskanzlei-sonja-steffen","Anwaltskanzlei Sonja Steffen","anwaltskanzlei-stralsund.de","https://anwaltskanzlei-stralsund.de","dom","","unknown","ready","Joblinks sind direkt im HTML sichtbar.","200","6","0","json_ld,pagination,host:www.anwaltskanzlei-stralsund.de","2026-06-19"
"drwachsmuth","drwachsmuth","drwachsmuth.com","https://drwachsmuth.com","embedded_json","","unknown","ready","Eingebettete strukturierte Jobdaten gefunden.","200","3","2","json_ld,pagination,host:www.drwachsmuth.com","2026-06-19"
"arndt","ARNDT + PARTNER Wirtschaftsprüfer - Steuerberater - Rechtsanwalt","arndt-partner.eu","https://www.arndt-partner.eu/de/karriere.php","dom","","unknown","ready","Joblinks sind direkt im HTML sichtbar.","200","5","0","host:www.arndt-partner.eu","2026-06-19"
"dr-schuhmann-gruppe","Dr. Schuhmann Gruppe","schuhmann.de","https://www.schuhmann.de/aktuelles-service/newsletter/abbestellen.html","dom","","unknown","ready","Joblinks sind direkt im HTML sichtbar.","200","13","0","blocked,host:www.schuhmann.de","2026-06-19"
"hps-hemberger-prinz-siebenlist-und-co","HPS | Hemberger Prinz Siebenlist GmbH & Co. KG","kanzlei-hps.de","https://www.kanzlei-hps.de/karriere.html","dom","","unknown","ready","Joblinks sind direkt im HTML sichtbar.","200","3","0","host:www.kanzlei-hps.de","2026-06-19"
"anwalt-saarburg","anwalt-saarburg","anwalt-saarburg.de","https://anwalt-saarburg.de","embedded_json","","unknown","ready","Eingebettete strukturierte Jobdaten gefunden.","200","2","2","json_ld,host:www.anwalt-saarburg.de","2026-06-19"
"goetz-werner-v-fromberg-a-d","Götz-Werner v. Fromberg Rechtsanwalt · Notar a. D.","fromberg.de","https://fromberg.de","playwright","","unknown","needs_browser","Seite wirkt JavaScript-/Pagination-getrieben.","200","0","0","pagination,host:fromberg.de","2026-06-19"
"hamacher-droege-und-kollegen-und","Hamacher, Dröge und Kollegen Rechtsanwälte und Notare","hamacher-droege.de","https://www.hamacher-droege.de/karriere/","embedded_json","","unknown","ready","Eingebettete strukturierte Jobdaten gefunden.","200","3","1","json_ld,pagination,host:www.hamacher-droege.de","2026-06-19"
"hlb-foerderer-keil-und","HLB Förderer, Keil & Partner","hlb.jobs.personio.de","https://hlb.jobs.personio.de","ats_api","","personio","ready","Direkter personio-ATS-Client verfügbar.","","0","0","","2026-06-19"
"simon-grub-seebich-in-buerogemeinschaft","SIMON GRUB SEEBICH Rechtsanwälte in Bürogemeinschaft","rechtslink.de","https://rechtslink.de","dom","","unknown","ready","Joblinks sind direkt im HTML sichtbar.","200","7","0","host:rechtslink.de","2026-06-19"
"markus-helmchen","Markus Helmchen","helmchen-rechtsanwaelte.de","https://helmchen-rechtsanwaelte.de","llm_fallback","","unknown","fallback","Keine Jobs im HTML/JSON erkannt.","200","0","0","host:helmchen-rechtsanwaelte.de","2026-06-19"
"buchert-jacob-peter-partnerschaftsgesellschaft","Buchert Jacob Peter Rechtsanwälte Partnerschaftsgesellschaft mbB","dr-buchert.de","https://www.ombudsperson-frankfurt.de/sich-informieren/beratung-von-hinweisgeberstellen/","reader_or_llm","","unknown","blocked","Seite wirkt geblockt oder leer fuer normale Requests.","200","0","0","json_ld,blocked,host:www.ombudsperson-frankfurt.de","2026-06-19"
"arbeits-und-erbrechtskanzlei-kaya-und-dr-kamper","Arbeits-und Erbrechtskanzlei Kaya & Dr. Kamper","dortmund-kanzlei.de","https://dortmund-kanzlei.de","dom","","unknown","ready","Joblinks sind direkt im HTML sichtbar.","200","5","0","json_ld,host:www.dortmund-kanzlei.de","2026-06-19"
"pdb-de-becker-rechtsanwaeltin","PDB DE Becker Rechtsanwältin","anwalt-wehrrecht.com","https://anwalt-wehrrecht.com","dom","","unknown","ready","Joblinks sind direkt im HTML sichtbar.","200","1","0","host:www.anwalt-wehrrecht.com","2026-06-19"
"mathias-nittel-fachanwalt-fuer-erbrecht-bank-und-kapitalmarktrecht","Mathias Nittel Rechtsanwalt, Fachanwalt für Erbrecht, Bank- & Kapitalmarktrecht","nittel.co","https://nittel.co","dom","","unknown","ready","Joblinks sind direkt im HTML sichtbar.","200","13","0","json_ld,load_more,pagination,blocked,js_app,host:nittel.co","2026-06-19"
"stephan","Kanzlei Stephan","kanzlei-stephan.de","https://kanzlei-stephan.de","dom","","unknown","ready","Joblinks sind direkt im HTML sichtbar.","200","1","0","json_ld,host:kanzlei-stephan.de","2026-06-19"
"hanken-meyer-und","Hanken • Meyer & Partner","xn--rechtsanwlte-hanken-owb.de","https://xn--rechtsanwlte-hanken-owb.de","dom","","unknown","ready","Joblinks sind direkt im HTML sichtbar.","200","11","0","json_ld,pagination,blocked,js_app,host:xn--rechtsanwlte-hanken-owb.de","2026-06-19"
"lothar-schriewer","Lothar Schriewer Rechtsanwalt","auto-recht-nrw.de","https://auto-recht-nrw.de","dom","","unknown","ready","Joblinks sind direkt im HTML sichtbar.","200","4","0","host:www.auto-recht-nrw.de","2026-06-19"
"andreas-martin","Rechtsanwalt Andreas Martin","rechtsanwalt-polen.de","https://rechtsanwalt-polen.de","dom","","unknown","ready","Joblinks sind direkt im HTML sichtbar.","200","9","0","json_ld,host:www.rechtsanwalt-polen.de","2026-06-19"
"henrik-harlfinger","Rechtsanwalt Henrik Harlfinger","ra-harlfinger.de","https://ra-harlfinger.de","llm_fallback","","unknown","fallback","Keine Jobs im HTML/JSON erkannt.","200","0","0","host:ra-harlfinger.de","2026-06-19"
"dr-beckstein-und-kollegen-gdbr","Dr. Beckstein & Kollegen GdbR Rechtsanwälte, Steuerberater","dr-beckstein.de","https://www.dr-beckstein.de/karriere/","dom","","unknown","ready","Joblinks sind direkt im HTML sichtbar.","200","2","0","pagination,js_app,host:www.dr-beckstein.de","2026-06-19"
"in-der-suedstadt-weidmann-und-niederhoefer","Kanzlei in der Südstadt Rechtsanwälte Weidmann & Niederhöfer","kanzlei-sued.de","https://kanzlei-sued.de","llm_fallback","","unknown","fallback","Keine Jobs im HTML/JSON erkannt.","200","0","0","host:kanzlei-sued.de","2026-06-19"
"rechtsanwaltskanzlei-lutz-lorenz","Rechtsanwaltskanzlei Lutz Lorenz","rechtsanwaltskanzlei-lorenz.de","https://www.rechtsanwaltskanzlei-lorenz.de/stellenanzeigen","dom","","unknown","ready","Joblinks sind direkt im HTML sichtbar.","200","1","0","pagination,blocked,js_app,host:www.rechtsanwaltskanzlei-lorenz.de","2026-06-19"
"reiss-gbr","REISS GbR","kanzlei-reiss.de","https://www.kanzlei-reiss.de/kanzlei-fuer-italienisches-recht-ihr-ansprechpartner/karriere/","playwright","","unknown","needs_browser","Seite wirkt JavaScript-/Pagination-getrieben.","200","0","0","json_ld,pagination,blocked,js_app,host:www.kanzlei-reiss.de","2026-06-19"
"martin-braukmann-fuer-baurecht","- Kanzlei - Martin Braukmann Rechtsanwalt für Baurecht","anwalts-allianz.de","https://anwalts-allianz.de","dom","","unknown","ready","Joblinks sind direkt im HTML sichtbar.","200","3","0","host:www.anwalts-allianz.de","2026-06-19"
"haf-ackermann-insolvenzverwalter-und","HAF Ackermann Rechtsanwälte, Insolvenzverwalter und Steuerberater PartG mbB","kanzlei-haf.de","https://www.kanzlei-haf.de/karriere/","llm_fallback","","unknown","fallback","Keine Jobs im HTML/JSON erkannt.","200","0","0","host:www.kanzlei-haf.de","2026-06-19"
"burkard","BURKARD RECHTSANWÄLTE","rechtsanwalt-burkard.de","https://rechtsanwalt-burkard.de","dom","","unknown","ready","Joblinks sind direkt im HTML sichtbar.","200","6","0","json_ld,blocked,host:www.rechtsanwalt-burkard.de","2026-06-19"
"diana-scharf-rechtsanwaeltin-mediatorin","Diana Scharf Rechtsanwältin, Mediatorin","diana-scharf.de","https://diana-scharf.de","embedded_json","","unknown","ready","Eingebettete strukturierte Jobdaten gefunden.","200","0","1","json_ld,pagination,blocked,js_app,host:www.diana-scharf.de","2026-06-19"
"rechts-anwalts-klar","RECHTS­ANWALTS­KANZLEI KLAR","anwalt-klar.de","https://anwalt-klar.de","embedded_json","","unknown","ready","Eingebettete strukturierte Jobdaten gefunden.","200","2","3","json_ld,load_more,blocked,host:anwalt-klar.de","2026-06-19"
"probandt-partnerschaftsgesellschaft","PROBANDT - Rechtsanwälte PartGmbB Partnerschaftsgesellschaft","probandt.com","https://probandt.com/karriere/","dom","","unknown","ready","Joblinks sind direkt im HTML sichtbar.","200","2","0","json_ld,pagination,host:probandt.com","2026-06-19"
"mansholt-lodzik-schaefer-raane-cornelius-gbr","Mansholt + Lodzik Schäfer Raane Cornelius Gbr","mansholt-lodzik.de","https://mansholt-lodzik.de","dom","","unknown","ready","Joblinks sind direkt im HTML sichtbar.","200","2","0","json_ld,pagination,blocked,host:www.mansholt-lodzik.de","2026-06-19"
"donoth-fuhrmann-tuexen","DONOTH FUHRMANN TÜXEN Partnerschaft mbB","dres-donoth.de","https://www.dres-donoth.de/karriere/stellenangebote/","dom","","unknown","ready","Joblinks sind direkt im HTML sichtbar.","200","2","0","pagination,js_app,host:www.dres-donoth.de","2026-06-19"
"schulz-firm","Schulz Law Firm","anwaltskanzleischulzstolberg.de","https://anwaltskanzleischulzstolberg.de","dom","","unknown","ready","Joblinks sind direkt im HTML sichtbar.","200","1","0","pagination,blocked,host:www.anwaltskanzleischulzstolberg.de","2026-06-19"
"rechtsanwaeltin-anne-glinka","Rechtsanwältin Anne Glinka","glinka-rechtsanwaeltin.de","https://glinka-rechtsanwaeltin.de","embedded_json","","unknown","ready","Eingebettete strukturierte Jobdaten gefunden.","200","0","1","json_ld,blocked,host:www.anneglinka.com","2026-06-19"
"und-andreas-krau","Rechtsanwalt und Notar Andreas Krau","rechtsanwalt-krau.de","https://rechtsanwalt-krau.de/karriere/","dom","","unknown","ready","Joblinks sind direkt im HTML sichtbar.","200","30","0","json_ld,pagination,blocked,host:rechtsanwalt-krau.de","2026-06-19"
"pannenborg-und-pr-201044","Pannenborg & Partner mbB Rechtsanwälte (PR 201044)","pannenborg-partner.de","https://www.pannenborg-partner.de/#karriere","dom","","unknown","ready","Joblinks sind direkt im HTML sichtbar.","200","2","0","host:www.pannenborg-partner.de","2026-06-19"
"hansarecht","hansarecht","hansarecht.de","https://www.hansarecht.de/stellen/","dom","","unknown","ready","Joblinks sind direkt im HTML sichtbar.","200","9","0","pagination,blocked,host:www.hansarecht.de","2026-06-19"
"guel-en-kurt","Kanzlei Gülşen Kurt","kanzleikurt.de","https://kanzleikurt.de","playwright","","unknown","needs_browser","Seite wirkt JavaScript-/Pagination-getrieben.","200","0","0","pagination,js_app,host:kanzleikurt.de","2026-06-19"
"jakoby-gbr-und","Jakoby Rechtsanwälte GbR Rechtsanwälte und Notar","jakobyrechtsanwaelte.de","https://jakobyrechtsanwaelte.de/category/referendariat,stellenanzeigen,sonstiges,legalink","dom","","unknown","ready","Joblinks sind direkt im HTML sichtbar.","200","11","0","pagination,host:jakobyrechtsanwaelte.de","2026-06-19"
"bubb-bubb-partmbb","BUBB+BUBB Rechtsanwälte PartmbB","kanzlei-bubb.de","https://kanzlei-bubb.de","playwright","","unknown","needs_browser","Seite wirkt JavaScript-/Pagination-getrieben.","200","0","0","next_data,js_app,host:kanzlei-bubb.de","2026-06-19"
"jakob-und-klein-firm","Jakob & Klein Law Firm","jakob-klein.de","https://jakob-klein.de","llm_fallback","","unknown","fallback","Keine Jobs im HTML/JSON erkannt.","200","0","0","host:jakob-klein.de","2026-06-19"
"bkl-fischer-kuehne","BKL Fischer Kühne + Partner","bkl-law.de","https://www.bkl-law.de/#karriere","dom","","unknown","ready","Joblinks sind direkt im HTML sichtbar.","200","28","0","json_ld,pagination,host:www.bkl-law.de","2026-06-19"
"arbeitsrechtskanzlei-groll-und","Arbeitsrechtskanzlei Groll & Partner","kanzleigroll.de","https://kanzleigroll.de","dom","","unknown","ready","Joblinks sind direkt im HTML sichtbar.","200","1","0","pagination,host:kanzleigroll.de","2026-06-19"
"bette-westenberger-brink-und-bette-westenberger-brink","Bette Westenberger Brink Rechtsanwälte PartGmbB und Bette Westenberger Brink GmbH","bette.legal","https://www.bette.legal/karriere","dom","","unknown","ready","Joblinks sind direkt im HTML sichtbar.","200","3","0","host:www.bette.legal","2026-06-19"
"rommelspacher-glaser-pruess-mattes-kalthoff","Rommelspacher Glaser Prüß Mattes Kalthoff Rechtsanwälte Steuerberater PartG mbB","rofast.de","https://www.rofast.de/karriere","dom","","unknown","ready","Joblinks sind direkt im HTML sichtbar.","200","8","0","host:www.rofast.de","2026-06-19"
"buerogemeinschaft-der-volker-godejohann-und-thomas-morawiak","Bürogemeinschaft der Rechtsanwälte Volker Godejohann und Thomas Morawiak","gmm-recht.de","https://gmm-recht.de","dom","","unknown","ready","Joblinks sind direkt im HTML sichtbar.","200","1","0","pagination,host:gmm-recht.de","2026-06-19"
"cordula-schah-sedi-rechtsanwaeltin","Cordula Schah Sedi Rechtsanwältin","schah-sedi.de","https://schah-sedi.de/die-haeufigsten-faelle-in-denen-kinder-schwerstgeschaedigt-wurden-und-worauf-man-achten-muss-damit-rechtlich-alles-richtig-laeuft/","dom","","unknown","ready","Joblinks sind direkt im HTML sichtbar.","200","1","0","json_ld,pagination,blocked,js_app,host:schah-sedi.de","2026-06-19"
"luehrmann-und-marquass","Rechtsanwälte Lührmann & Marquaß","ra-luehrmann.de","https://ra-luehrmann.de","dom","","unknown","ready","Joblinks sind direkt im HTML sichtbar.","200","1","0","json_ld,host:www.ra-luehrmann.de","2026-06-19"
"dr-doerfelt-schumacher-gruetzner-und-sozien","Dr. Dörfelt - Schumacher - Grützner und Sozien","doerfelt-rechtsanwaelte.de","https://www.doerfelt-rechtsanwaelte.de/ueber-uns/stellenangebot/","dom","","unknown","ready","Joblinks sind direkt im HTML sichtbar.","200","3","0","js_app,host:www.doerfelt-rechtsanwaelte.de","2026-06-19"
"holger-schmitz","Rechtsanwalt Holger Schmitz","schmitz-ra.de","https://schmitz-ra.de","playwright","","unknown","needs_browser","Seite wirkt JavaScript-/Pagination-getrieben.","200","0","0","json_ld,pagination,js_app,host:www.schmitz-ra.de","2026-06-19"
"fachanwalt-fuer-strafrecht-strafrechtskanzlei","Fachanwalt für Strafrecht | Strafrechtskanzlei","strafrechtsberatung.de","https://strafrechtsberatung.de","dom","","unknown","ready","Joblinks sind direkt im HTML sichtbar.","200","8","0","json_ld,host:www.strafrechtsberatung.de","2026-06-19"
"bergsdorf-tschirschke-und-hennigsdorf","Kanzlei Bergsdorf Rechtsanwälte Tschirschke und Partner Rechtsanwälte Hennigsdorf mbB","bergsdorf-rechtsanwaelte.de","https://bergsdorf-rechtsanwaelte.de/index.php/informatives/stellenangebote","dom","","unknown","ready","Joblinks sind direkt im HTML sichtbar.","200","2","0","host:bergsdorf-rechtsanwaelte.de","2026-06-19"
"graf-kanitz-schueppen-und","GRAF KANITZ, SCHÜPPEN & PARTNER Rechtsanwälte","grafkanitz.com","https://www.grafkanitz.com/karriere/","dom","","unknown","ready","Joblinks sind direkt im HTML sichtbar.","200","14","0","host:www.grafkanitz.com","2026-06-19"
"adjulex-und-fachanwaelte-hezel","ADJULEX Rechtsanwälte & Fachanwälte, HEZEL Rechtsanwälte Partnerschaft mbB","adjulex-unfall.de","https://adjulex-unfall.de","embedded_json","","unknown","ready","Eingebettete strukturierte Jobdaten gefunden.","200","0","2","json_ld,blocked,host:www.adjulex-unfall.de","2026-06-19"
"sven-tamoschus-und-christiene-inselmann","Sven Tamoschus und Christiene Inselmann Rechtsanwälte","anwalt-dessau.de","https://anwalt-dessau.de","dom","","unknown","ready","Joblinks sind direkt im HTML sichtbar.","200","2","0","js_app,host:anwalt-dessau.de","2026-06-19"
"rechtsanwaltskanzlei-martin-lauppe-assmann","Rechtsanwaltskanzlei Martin Lauppe-Assmann","lauppe-assmann.de","https://lauppe-assmann.de","embedded_json","","unknown","ready","Eingebettete strukturierte Jobdaten gefunden.","200","1","1","json_ld,blocked,js_app,host:www.lauppe-assmann.de","2026-06-19"
"prof-schweizer-rechtsanwaltsgesellschaft-mbh","Prof. Schweizer Rechtsanwaltsgesellschaft mbH","schweizer.eu","https://schweizer.eu","dom","","unknown","ready","Joblinks sind direkt im HTML sichtbar.","200","2","0","pagination,host:schweizer.eu","2026-06-19"
"andreas-aloisius-bockler","Rechtsanwalt Andreas Aloisius Bockler","rechtsanwalt-bockler.de","https://rechtsanwalt-bockler.de","dom","","unknown","ready","Joblinks sind direkt im HTML sichtbar.","200","2","0","blocked,host:rechtsanwalt-bockler.de","2026-06-19"
"dr-boehm","Kanzlei Dr. Böhm","arbeitsrechtskanzlei.eu","https://arbeitsrechtskanzlei.eu","dom","","unknown","ready","Joblinks sind direkt im HTML sichtbar.","200","2","0","json_ld,pagination,blocked,host:arbeitsrechtskanzlei.eu","2026-06-19"
"berger-und-coll-kooperation","Berger & Coll. Rechtsanwälte Steuerberater Kooperation","bbc-rechtsanwaelte.de","https://bbc-rechtsanwaelte.de","embedded_json","","unknown","ready","Eingebettete strukturierte Jobdaten gefunden.","200","3","1","json_ld,pagination,blocked,js_app,host:www.bbc-rechtsanwaelte.de","2026-06-19"
"kpag-kosmidis-und-anwaltsgesellschaft","KPAG Kosmidis & Partner Anwaltsgesellschaft","rechtsanwalt-griechenland.de","https://rechtsanwalt-griechenland.de/stellenangebot.html","dom","","unknown","ready","Joblinks sind direkt im HTML sichtbar.","200","7","0","json_ld,pagination,js_app,host:rechtsanwalt-griechenland.de","2026-06-19"
"helmut-f-schade","Rechtsanwalt Helmut F. Schade","anwalt-schade.de","https://anwalt-schade.de","dom","","unknown","ready","Joblinks sind direkt im HTML sichtbar.","200","5","0","host:anwalt-schade.de","2026-06-19"
"rk-koeln","rk-koeln","rk-koeln.de","https://rk-koeln.de","llm_fallback","","unknown","fallback","Keine Jobs im HTML/JSON erkannt.","200","0","0","host:rk-koeln.de","2026-06-19"
"conlata-geisselmaier-und","CONLATA Geißelmaier & Partner mbB","conlata.de","https://www.conlata.de/karriere","llm_fallback","","unknown","fallback","Keine Jobs im HTML/JSON erkannt.","200","0","0","json_ld,host:www.conlata.de","2026-06-19"
"bachmann-hansen-schuhmann-und","Bachmann, Hansen, Schuhmann & Partner - Partnerschaft mbB Rechtsanwälte","rae-bachmann-hansen.de","https://rae-bachmann-hansen.de","dom","","unknown","ready","Joblinks sind direkt im HTML sichtbar.","200","2","0","host:www.rae-bachmann-hansen.de","2026-06-19"
"eqz","EQZ Rechtsanwälte","e-q-z.de","https://e-q-z.de","dom","","unknown","ready","Joblinks sind direkt im HTML sichtbar.","200","1","0","json_ld,pagination,host:www.e-q-z.de","2026-06-19"
"hsp-schmidt-perlinger-und-schmitz-gbr","HSP Rechtsanwälte Schmidt-Perlinger & Schmitz GbR","hsp-anwaelte.de","https://www.hsp-anwaelte.de/jobs/","dom","","unknown","ready","Joblinks sind direkt im HTML sichtbar.","200","1","0","pagination,blocked,host:www.hsp-anwaelte.de","2026-06-19"
"bs-veit-strittmatter","BS LEGAL Rechtsanwälte Rechtsanwalt Veit Strittmatter","bs-legal.de","https://bs-legal.de","embedded_json","","unknown","ready","Eingebettete strukturierte Jobdaten gefunden.","200","4","5","json_ld,pagination,blocked,js_app,host:bs-legal.de","2026-06-19"
"geitz-rienecker","Geitz . Rienecker Rechtsanwälte","geitz-rienecker.de","https://geitz-rienecker.de","llm_fallback","","unknown","request_error","SSLError","","0","0","","2026-06-19"
"peter-koblenz","Peter Koblenz Rechtsanwalt","kanzlei-peter-koblenz.de","https://kanzlei-peter-koblenz.de","dom","","unknown","ready","Joblinks sind direkt im HTML sichtbar.","200","2","0","host:www.kanzlei-peter-koblenz.de","2026-06-19"
"schmitz-und-lehnen","Schmitz & Lehnen Rechtsanwälte PartG mbB","schmitz-lehnen.de","https://schmitz-lehnen.de/karriere/","dom","","unknown","ready","Joblinks sind direkt im HTML sichtbar.","200","3","0","json_ld,host:schmitz-lehnen.de","2026-06-19"
"herr-und-a-d-fritz-martin-przytulla-ll-m","Herr Rechtsanwalt und Notar a.D. Fritz-Martin Przytulla LL.M.","przytulla.de","https://www.przytulla.de/rechtsgebiete/agb-erstellen-geschaeftsbedingungen-dortmund-anwalt/","dom","","unknown","ready","Joblinks sind direkt im HTML sichtbar.","200","5","0","json_ld,pagination,blocked,host:www.przytulla.de","2026-06-19"
"rechtsanwaeltin-birgit-raupers-in-burgwedel","Rechtsanwältin Birgit Raupers in Burgwedel","kanzlei-raupers.de","https://kanzlei-raupers.de","dom","","unknown","ready","Joblinks sind direkt im HTML sichtbar.","200","1","0","host:kanzlei-raupers.de","2026-06-19"
"hoerz-rilling","Hörz Rilling Rechtsanwälte","hoerz-rilling.de","https://hoerz-rilling.de","llm_fallback","","unknown","fallback","Keine Jobs im HTML/JSON erkannt.","200","0","0","json_ld,host:hoerz-rilling.de","2026-06-19"
"boostedt","kanzlei-boostedt","kanzlei-boostedt.de","https://kanzlei-boostedt.de","llm_fallback","","unknown","fallback","Keine Jobs im HTML/JSON erkannt.","200","0","0","host:kanzlei-boostedt.de","2026-06-19"
"und-schwohnke-und-feike","Rechtsanwälte und Notar Schwohnke & Feike","kanzlei-schwerte.de","https://kanzlei-schwerte.de","dom","","unknown","ready","Joblinks sind direkt im HTML sichtbar.","200","1","0","pagination,js_app,host:www.kanzlei-schwerte.de","2026-06-19"
"knolle-societaet","KNOLLE® SOCIETÄT Rechtsanwälte PartGmbB","knolle.de","https://knolle.de/#career","dom","","unknown","ready","Joblinks sind direkt im HTML sichtbar.","200","2","0","json_ld,blocked,host:knolle.de","2026-06-19"
"olaf-krecht","Rechtsanwalt Olaf Krecht","anwalt-sh.de","https://anwalt-sh.de","dom","","unknown","ready","Joblinks sind direkt im HTML sichtbar.","200","3","0","pagination,blocked,host:www.anwalt-sh.de","2026-06-19"
"dr-ackermann","Kanzlei Dr. Ackermann","kanzleiackermann.de","https://www.kanzleiackermann.de/kanzlei/karriere/","dom","","unknown","ready","Joblinks sind direkt im HTML sichtbar.","200","1","0","json_ld,host:www.kanzleiackermann.de","2026-06-19"
"dr-dammert-und-steinforth","Rechtsanwälte Dr. Dammert & Steinforth Partnerschaft mbB","dammert-steinforth.de","https://dammert-steinforth.de","playwright","","unknown","needs_browser","Seite wirkt JavaScript-/Pagination-getrieben.","200","0","0","js_app,host:dammert-steinforth.de","2026-06-19"
"stege-koester-pietzka-und-rentenberaterin-angestellt","stege | köster | pietzka rechtsanwälte & rentenberaterin (angestellt)","anwaltskanzlei-freie-hansestadt-bremen.de","https://anwaltskanzlei-freie-hansestadt-bremen.de","embedded_json","","unknown","ready","Eingebettete strukturierte Jobdaten gefunden.","200","5","1","json_ld,blocked,host:www.anwaltskanzlei-freie-hansestadt-bremen.de","2026-06-19"
"groth-mueller-partnerschaftsgesellschaft-mit-beschraenkter-berufshaftung-und","Groth · Müller Rechtsanwälte Partnerschaftsgesellschaft mit beschränkter Berufshaftung und Notare","groth-mueller.de","https://www.groth-mueller.de/karriere/","dom","","unknown","ready","Joblinks sind direkt im HTML sichtbar.","200","12","0","json_ld,pagination,blocked,host:www.groth-mueller.de","2026-06-19"
"dialog-steuerberatungsgesellschaft-mbh","dialog steuerberatungsgesellschaft mbH","dialog-karriere.de","https://dialog-karriere.de","dom","","unknown","ready","Joblinks sind direkt im HTML sichtbar.","200","2","0","pagination,js_app,host:dialog-karriere.de","2026-06-19"
"decruppe-und-kollegen-fuer-arbeitsrecht","Rechtsanwälte Decruppe & Kollegen Kanzlei für Arbeitsrecht","ra-decruppe.de","https://www.ra-decruppe.de/einigungsstellen","playwright","","unknown","needs_browser","Seite wirkt JavaScript-/Pagination-getrieben.","200","0","0","blocked,js_app,host:www.ra-decruppe.de","2026-06-19"
"baeppler-und-fehrenbach","Kanzlei Bäppler & Fehrenbach","kbf-lossburg.de","https://kbf-lossburg.de/karriere/arbeitgeber","dom","","unknown","ready","Joblinks sind direkt im HTML sichtbar.","200","5","0","host:kbf-lossburg.de","2026-06-19"
"bsh-bockholt-steinruecke-heldt","BSH Bockholt Steinrücke Heldt PartG mbB","bsh-kanzlei.de","https://www.bsh-kanzlei.de/karriere-1/","dom","","unknown","ready","Joblinks sind direkt im HTML sichtbar.","200","8","0","pagination,blocked,host:www.bsh-kanzlei.de","2026-06-19"
"altun","Kanzlei Altun","altun.de","https://altun.de","embedded_json","","unknown","ready","Eingebettete strukturierte Jobdaten gefunden.","200","2","1","json_ld,host:altun.de","2026-06-19"
"behnke-koenigsmann","Behnke Königsmann Wirtschaftsprüfer Steuerberater","behnkekoenigsmann-karriere.de","https://behnkekoenigsmann-karriere.de/","dom","","unknown","ready","Joblinks sind direkt im HTML sichtbar.","200","3","0","json_ld,pagination,js_app,host:behnkekoenigsmann-karriere.de","2026-06-19"
"erich-gaul","Rechtsanwalt Erich Gaul","kanzlei-gaul.de","https://www.kanzlei-gaul.de/kanzlei/stellenangebot-rechtsanwalt-gaul.html","dom","","unknown","ready","Joblinks sind direkt im HTML sichtbar.","200","5","0","blocked,host:www.kanzlei-gaul.de","2026-06-19"
"peter-w-kallen-karen-roth","Peter W. Kallen + Karen Roth Rechtsanwälte","kallen-roth.de","https://kallen-roth.de","embedded_json","","unknown","ready","Eingebettete strukturierte Jobdaten gefunden.","200","2","1","json_ld,blocked,js_app,host:www.kallen-roth.de","2026-06-19"
"fr-p-leverkusen","fr-p-leverkusen","fr-p-leverkusen.de","https://fr-p-leverkusen.de","embedded_json","","unknown","ready","Eingebettete strukturierte Jobdaten gefunden.","200","3","1","json_ld,host:fr-p-leverkusen.de","2026-06-19"
"dieter-holl-und","Dieter Holl und Partner Steuerberater Rechtsanwalt","holl-uelzen.de","https://holl-uelzen.de/job-stfw.htm","dom","","unknown","ready","Joblinks sind direkt im HTML sichtbar.","200","11","0","host:holl-uelzen.de","2026-06-19"
"dirk-uptmoor","Rechtsanwalt Dirk Uptmoor","ra-uptmoor.de","https://ra-uptmoor.de","dom","","unknown","ready","Joblinks sind direkt im HTML sichtbar.","200","2","0","blocked,host:ra-uptmoor.de","2026-06-19"
"grundstein-und-thieme-notarin-fachanwaelte-fuer-arbeitsrecht","GRUNDSTEIN & THIEME RECHTSANWÄLTE NOTARIN FACHANWÄLTE FÜR ARBEITSRECHT","grundstein-thieme.de","https://grundstein-thieme.de","dom","","unknown","ready","Joblinks sind direkt im HTML sichtbar.","200","3","0","json_ld,pagination,js_app,host:www.grundstein-thieme.de","2026-06-19"
"andreas-wirz-anwaltskanzlei","Andreas Wirz Anwaltskanzlei","ra-wirz.de","https://ra-wirz.de","dom","","unknown","ready","Joblinks sind direkt im HTML sichtbar.","200","7","0","json_ld,host:www.ra-wirz.de","2026-06-19"
"braun-venten-fachanwaelte","Braun • Venten Rechtsanwälte • Fachanwälte Partnerschaft mbB","braun-venten.de","https://braun-venten.de","dom","","unknown","ready","Joblinks sind direkt im HTML sichtbar.","200","2","0","host:www.braun-venten.de","2026-06-19"
"rechtsanwalts-und-notarkanzlei-helmut-franke","Rechtsanwalts- & Notarkanzlei Helmut Franke","recht-franke.de","https://recht-franke.de","dom","","unknown","ready","Joblinks sind direkt im HTML sichtbar.","200","4","0","json_ld,pagination,js_app,host:www.recht-franke.de","2026-06-19"
"stoelzel","Kanzlei Stölzel Rechtsanwälte Steuerberater GmbH","kanzlei-stoelzel.de","https://kanzlei-stoelzel.de/stellenangebote/","dom","","unknown","ready","Joblinks sind direkt im HTML sichtbar.","200","12","0","json_ld,pagination,blocked,host:kanzlei-stoelzel.de","2026-06-19"
"pilzrechtsanwaelte-mark-und-olaf-pilz","PilzRechtsanwälte Mark und Olaf Pilz","pilz-rechtsanwaelte.de","https://pilz-rechtsanwaelte.de","playwright","","unknown","needs_browser","Seite wirkt JavaScript-/Pagination-getrieben.","200","0","0","pagination,blocked,host:www.pilz-rechtsanwaelte.de","2026-06-19"
"handschuh-lehmann-rechtsanwa-lte-fachanwa-lte","Handschuh + Lehmann Rechtsanwälte – Fachanwälte","raehandschuh.de","https://www.raehandschuh.de/kanzlei/karriere/","dom","","unknown","ready","Joblinks sind direkt im HTML sichtbar.","200","10","0","json_ld,pagination,blocked,host:www.raehandschuh.de","2026-06-19"
"huenemohr-und-dornbusch-huenemohr","Hünemohr & Dornbusch-Hünemohr Rechtsanwälte","rae-wiesbaden.de","https://rae-wiesbaden.de","dom","","unknown","ready","Joblinks sind direkt im HTML sichtbar.","200","1","0","json_ld,host:rae-wiesbaden.de","2026-06-19"
"die-koehne-kulle-und-kollegen-rechtsanwaltsgesellschaft-mbh","Die Kanzlei Köhne, Kulle & Kollegen Rechtsanwaltsgesellschaft mbH","kkkk.eu","https://kkkk.eu","dom","","unknown","ready","Joblinks sind direkt im HTML sichtbar.","200","1","0","host:kkkk.eu","2026-06-19"
"rechtsanwaeltin-alexandra-kulig","Rechtsanwältin Alexandra Kulig","ra-kulig.de","https://ra-kulig.de","llm_fallback","","unknown","fallback","Keine Jobs im HTML/JSON erkannt.","200","0","0","host:ra-kulig.de","2026-06-19"
"anwaltskanzlei-joerg-buehler","Anwaltskanzlei Jörg Bühler","ra-buehler.de","https://ra-buehler.de","dom","","unknown","ready","Joblinks sind direkt im HTML sichtbar.","200","1","0","json_ld,blocked,host:www.ra-buehler.de","2026-06-19"
"besold-inhaber-beer-eckerlein-gbr","Besold Rechtsanwälte Inhaber Beer, Eckerlein GbR","besold-rae.de","https://besold-rae.de","dom","","unknown","ready","Joblinks sind direkt im HTML sichtbar.","200","3","0","blocked,js_app,host:besold-rae.de","2026-06-19"
"hilmar-lampert-und-dr-ulrich-graf-gbr","Rechtsanwälte Hilmar Lampert und Dr. Ulrich Graf GbR","lampert-graf.de","https://lampert-graf.de/karriere/","dom","","unknown","ready","Joblinks sind direkt im HTML sichtbar.","200","1","0","json_ld,pagination,blocked,js_app,host:lampert-graf.de","2026-06-19"
"anwaltskanzlei-dr-moerder-und-kollegen","ANWALTSKANZLEI DR. MÖRDER & KOLLEGEN","kanzlei-moerder.de","https://kanzlei-moerder.de","embedded_json","","unknown","ready","Eingebettete strukturierte Jobdaten gefunden.","200","0","2","json_ld,pagination,blocked,js_app,host:www.kanzlei-moerder.de","2026-06-19"
"huth-und-kindlein","Rechtsanwälte Huth und Kindlein","jaegerbuttweilerhuth.de","https://jaegerbuttweilerhuth.de","dom","","unknown","ready","Joblinks sind direkt im HTML sichtbar.","200","8","0","json_ld,host:jaegerbuttweilerhuth.de","2026-06-19"
"martin-c-betsche","Martin C. Betsche Rechtsanwalt / Steuerberater","betsche.de","https://betsche.de","llm_fallback","","unknown","request_error","HTTPError","","0","0","","2026-06-19"
"advohelp-lawyers","advohelp® LAWYERS","advohelp.de","https://advohelp.de","dom","","unknown","ready","Joblinks sind direkt im HTML sichtbar.","200","6","0","json_ld,blocked,host:advohelp.de","2026-06-19"
"rechtsanwaeltin-annette-k-potthoff","Rechtsanwältin Annette K. Potthoff","kanzlei-potthoff.de","https://kanzlei-potthoff.de","playwright","","unknown","needs_browser","Seite wirkt JavaScript-/Pagination-getrieben.","200","0","0","pagination,host:kanzlei-potthoff.de","2026-06-19"
"stuttgart-rechtsanwaeltin-patricia-beck","Kanzlei Stuttgart Rechtsanwältin Patricia Beck","patricia-beck.de","https://patricia-beck.de","dom","","unknown","ready","Joblinks sind direkt im HTML sichtbar.","200","2","0","json_ld,host:patricia-beck.de","2026-06-19"
"smh-reiner-marzahn-schmidt-schorsch","SMH Rechtsanwälte Reiner Marzahn Schmidt Schorsch","smh.de","https://smh.de","dom","","unknown","ready","Joblinks sind direkt im HTML sichtbar.","200","2","0","json_ld,pagination,host:smh.de","2026-06-19"
"rechtsanwaltskanzlei-jutta-brigitte-burmeister","Rechtsanwaltskanzlei Jutta-Brigitte Burmeister","anwaelte-burmeister.de","https://anwaelte-burmeister.de","llm_fallback","","unknown","fallback","Keine Jobs im HTML/JSON erkannt.","200","0","0","host:anwaelte-burmeister.de","2026-06-19"
"dorstener-anwaelte","dorstener-anwaelte","dorstener-anwaelte.de","https://dorstener-anwaelte.de","embedded_json","","unknown","ready","Eingebettete strukturierte Jobdaten gefunden.","200","0","1","json_ld,pagination,host:dorstener-anwaelte.de","2026-06-19"
"christoph-kallinich-in-gotha-thueringen","Christoph Kallinich, Rechtsanwalt in Gotha (Thüringen)","rechtsanwalt-kallinich.de","https://rechtsanwalt-kallinich.de","dom","","unknown","ready","Joblinks sind direkt im HTML sichtbar.","200","3","0","json_ld,host:www.rechtsanwalt-kallinich.de","2026-06-19"
"dr-mueller-und-kollegen-gbr","Rechtsanwälte Dr. Müller & Kollegen GbR","rechtsanwalt-drmueller-kollegen.de","https://rechtsanwalt-drmueller-kollegen.de","dom","","unknown","ready","Joblinks sind direkt im HTML sichtbar.","200","5","0","json_ld,pagination,blocked,host:rechtsanwalt-drmueller-kollegen.de","2026-06-19"
"baker-tilly-holding-wirtschaftspruefungsgesellschaft-steuerberatungsgesellschaft","Baker Tilly Holding GmbH Wirtschaftsprüfungsgesellschaft Steuerberatungsgesellschaft","karriere.bakertilly.de","https://karriere.bakertilly.de/hinweis-zu-fake-stellenanzeigen","dom","","unknown","ready","Joblinks sind direkt im HTML sichtbar.","200","3","0","host:karriere.bakertilly.de","2026-06-19"
"weymann-und-twistringen","Weymann & Partner Kanzlei Twistringen","rechtsanwalt-weymann.de","https://www.rechtsanwalt-weymann.de/jobs","embedded_json","","unknown","ready","Eingebettete strukturierte Jobdaten gefunden.","200","3","1","json_ld,blocked,host:www.rechtsanwalt-weymann.de","2026-06-19"
"hausmann-und-sandreuther","Rechtsanwälte Hausmann & Sandreuther","hausmann-sandreuther.de","https://www.hausmann-sandreuther.de/#jobs","dom","","unknown","ready","Joblinks sind direkt im HTML sichtbar.","200","12","0","host:www.hausmann-sandreuther.de","2026-06-19"
"rechtsanwaeltin-anja-kollmann","Rechtsanwältin Anja Kollmann","kanzlei-kollmann.de","https://kanzlei-kollmann.de","dom","","unknown","ready","Joblinks sind direkt im HTML sichtbar.","200","3","0","load_more,blocked,host:kanzlei-kollmann.de","2026-06-19"
"reck-und-mediation-firm-construction-crafts-real-estate","Reck Law & Mediation Law Firm Construction Law Crafts Law Real Estate Law","kanzlei-reck.de","https://kanzlei-reck.de","dom","","unknown","ready","Joblinks sind direkt im HTML sichtbar.","200","1","0","pagination,blocked,host:www.kanzlei-reck.de","2026-06-19"
"plato-klapatat-spork-und-savas-gbr","PLATO Rechtsanwälte – Klapatat, Spork & Savas GbR","plato-rechtsanwaelte-karriere.de","https://plato-rechtsanwaelte-karriere.de/","dom","","unknown","ready","Joblinks sind direkt im HTML sichtbar.","200","1","0","json_ld,load_more,pagination,js_app,host:plato-rechtsanwaelte-karriere.de","2026-06-19"
"dr-zundel-und-koll","Dr. Zundel & Koll. Rechtsanwälte","rae-dr-zundel.de","https://rae-dr-zundel.de","dom","","unknown","ready","Joblinks sind direkt im HTML sichtbar.","200","1","0","pagination,host:rae-dr-zundel.de","2026-06-19"
"asr","asr PartGmbB","asr-beratung.de","https://www.asr-beratung.de/karriere/","dom","","unknown","ready","Joblinks sind direkt im HTML sichtbar.","200","4","0","json_ld,pagination,js_app,host:www.asr-beratung.de","2026-06-19"
"herrmann-und-mey","Herrmann & Mey Rechtsanwälte/PartG","herrmann-anwaelte.de","https://herrmann-anwaelte.de/karriere/","playwright","","unknown","needs_browser","Seite wirkt JavaScript-/Pagination-getrieben.","200","0","0","json_ld,pagination,blocked,js_app,host:herrmann-anwaelte.de","2026-06-19"
"siegfried-m-schwarz","rechtsanwalt-siegfried-m-schwarz","rechtsanwalt-siegfried-m-schwarz.com","https://rechtsanwalt-siegfried-m-schwarz.com","dom","","unknown","ready","Joblinks sind direkt im HTML sichtbar.","200","1","0","pagination,host:www.rechtsanwalt-siegfried-m-schwarz.com","2026-06-19"
"ask-steuerberatungsgesellschaft","ASK GmbH Steuerberatungsgesellschaft","ask-stbg.de","https://ask-stbg.de","llm_fallback","","unknown","request_error","SSLError","","0","0","","2026-06-19"
"dirk-oelbermann-schnorrenberg-oelbermann-anwaltskanzlei","Dirk Oelbermann Schnorrenberg • Oelbermann Anwaltskanzlei","schnorrenberg-oelbermann.de","https://schnorrenberg-oelbermann.de","llm_fallback","","unknown","request_error","SSLError","","0","0","","2026-06-19"
"dr-kirsten-voelckers-kirsten-dr-fitzau","Dr. Kirsten Völckers Kirsten Dr. Fitzau Rechtsanwälte Partnerschaft mbB","dr-kirsten-pp.de","https://www.dr-kirsten-pp.de/#KARRIERE","reader_or_llm","","unknown","blocked","Seite wirkt geblockt oder leer fuer normale Requests.","200","0","0","blocked,host:www.dr-kirsten-pp.de","2026-06-19"
"ferdi-oezbay","Rechtsanwalt Ferdi Özbay","oezbay.com","https://oezbay.com","dom","","unknown","ready","Joblinks sind direkt im HTML sichtbar.","200","1","0","json_ld,host:www.oezbay.com","2026-06-19"
"rechtsanwaeltin-silke-wollburg","Rechtsanwältin Silke Wollburg","anwaltskanzlei-wollburg.de","https://anwaltskanzlei-wollburg.de","playwright","","unknown","needs_browser","Seite wirkt JavaScript-/Pagination-getrieben.","200","0","0","pagination,js_app,host:www.anwaltskanzlei-wollburg.de","2026-06-19"
"lecon-restrukturierung-rechtsanwaltsgesellschaft-mbh","LECON Restrukturierung Rechtsanwaltsgesellschaft mbH","lecon.eu","https://www.lecon.eu/lecon/karriere/","dom","","unknown","ready","Joblinks sind direkt im HTML sichtbar.","200","4","0","json_ld,load_more,pagination,host:www.lecon.eu","2026-06-19"
"rechtsanwaeltin-catharina-rossmeisl-fachanwalt-verkehrsrecht-und-strafrecht-in-muenchen","Rechtsanwältin Catharina Rossmeisl | Fachanwalt Verkehrsrecht und Strafrecht in München","kanzlei-rossmeisl.de","https://kanzlei-rossmeisl.de","dom","","unknown","ready","Joblinks sind direkt im HTML sichtbar.","200","3","0","host:www.kanzlei-rossmeisl.de","2026-06-19"
"doss","KANZLEI DOSS","kanzlei-doss.de","https://kanzlei-doss.de","llm_fallback","","unknown","request_error","SSLError","","0","0","","2026-06-19"
"aid24-rechtsanwaltskanzlei","AID24 Rechtsanwaltskanzlei","aid24.de","https://aid24.de/jobs","dom","","unknown","ready","Joblinks sind direkt im HTML sichtbar.","200","4","0","host:aid24.de","2026-06-19"
"kopp-fachanwaelte-und","KOPP PARTNER RECHTSANWÄLTE | FACHANWÄLTE UND NOTARE","rae-kopp.de","https://www.rae-kopp.de/karriere","embedded_json","","unknown","ready","Eingebettete strukturierte Jobdaten gefunden.","200","4","1","json_ld,blocked,host:www.rae-kopp.de","2026-06-19"
"scheubert-und-kollegen","Scheubert & Kollegen","speyer-anwaelte.de","https://speyer-anwaelte.de","playwright","","unknown","needs_browser","Seite wirkt JavaScript-/Pagination-getrieben.","200","0","0","json_ld,pagination,js_app,host:www.speyer-anwaelte.de","2026-06-19"
"rechtsanwaltskanzlei-mottl-wilhelm-leopold-gurk-sues-koehn","rechtsanwaltskanzlei Mottl|Wilhelm|Leopold|Gurk|Sues|Köhn","mwlg.de","https://mwlg.de","embedded_json","","unknown","ready","Eingebettete strukturierte Jobdaten gefunden.","200","4","1","json_ld,host:www.mwlg.de","2026-06-19"
"hillenkamp-von-den-berg-koenig","Hillenkamp – von den Berg – König Rechtsanwälte","rae-hillenkamp.de","https://www.rae-hillenkamp.de/karriere/","dom","","unknown","ready","Joblinks sind direkt im HTML sichtbar.","200","1","0","load_more,js_app,host:www.rae-hillenkamp.de","2026-06-19"
"nobis-fuer-strafrecht","Kanzlei NOBIS – Rechtsanwälte für Strafrecht","jobs.rechtsanwalt-nobis.de","https://jobs.rechtsanwalt-nobis.de/de","llm_fallback","","unknown","fallback","Keine Jobs im HTML/JSON erkannt.","200","0","0","host:jobs.rechtsanwalt-nobis.de","2026-06-19"
"rechtsanwaeltin-nicole-prior","Rechtsanwältin Nicole Prior","ra-prior.de","https://ra-prior.de","dom","","unknown","ready","Joblinks sind direkt im HTML sichtbar.","200","1","0","pagination,blocked,host:ra-prior.de","2026-06-19"
"rechtsanwaltskanzlei-cornelia-schorn-heidkamp","Rechtsanwaltskanzlei Cornelia Schorn-Heidkamp","kanzlei-schorn-heidkamp.de","https://kanzlei-schorn-heidkamp.de","embedded_json","","unknown","ready","Eingebettete strukturierte Jobdaten gefunden.","200","0","1","json_ld,blocked,js_app,host:www.kanzlei-schorn-heidkamp.de","2026-06-19"
"piepenburg-gbr","Piepenburg Rechtsanwälte GbR","piepenburg.legal","https://piepenburg.legal/karriere/","dom","","unknown","ready","Joblinks sind direkt im HTML sichtbar.","200","1","0","json_ld,pagination,js_app,host:piepenburg.legal","2026-06-19"
"friedhelm-keck","Rechtsanwalt Friedhelm Keck","kanzlei-keck.de","https://kanzlei-keck.de","playwright","","unknown","needs_browser","Seite wirkt JavaScript-/Pagination-getrieben.","200","0","0","json_ld,pagination,blocked,host:kanzlei-keck.de","2026-06-19"
"ekp-engel-kronenberg-und","EKP Engel, Kronenberg & Partner Steuerberater/ Rechtsanwälte mbB","e-k-p.de","https://www.e-k-p.de/karriere/","dom","","unknown","ready","Joblinks sind direkt im HTML sichtbar.","200","2","0","json_ld,pagination,blocked,host:www.e-k-p.de","2026-06-19"
"anwaltskanzlei-gussone-lewek-kenkel","Anwaltskanzlei Gussone, Lewek, Kenkel","besenbinderhof60.de","https://besenbinderhof60.de","dom","","unknown","ready","Joblinks sind direkt im HTML sichtbar.","200","1","0","host:besenbinderhof60.de","2026-06-19"
"ra-silke-helmling","RA Silke Helmling","mediation-helmling.de","https://mediation-helmling.de","dom","","unknown","ready","Joblinks sind direkt im HTML sichtbar.","200","4","0","json_ld,host:mediation-helmling.de","2026-06-19"
"qlk","qlk Partnerschaft mbB","kanzlei-qlk.de","https://kanzlei-qlk.de","playwright","","unknown","needs_browser","Seite wirkt JavaScript-/Pagination-getrieben.","200","0","0","js_app,host:kanzlei-qlk.de","2026-06-19"
"rechtsanwaltskanzlei-knut-schuetzenduebel","Rechtsanwaltskanzlei Knut Schützendübel","rechtsanwalt-schuetzenduebel.de","https://rechtsanwalt-schuetzenduebel.de","dom","","unknown","ready","Joblinks sind direkt im HTML sichtbar.","200","2","0","json_ld,host:rechtsanwalt-schuetzenduebel.de","2026-06-19"
"koehler-und","Köhler & Partner Rechtsanwälte PartGmbB","koehler-partner.info","https://koehler-partner.info","dom","","unknown","ready","Joblinks sind direkt im HTML sichtbar.","200","2","0","host:koehler-partner.info","2026-06-19"
"stubenrauch-und-collegen-egbr","STUBENRAUCH & COLLEGEN eGbR","raestubenrauch.de","https://www.raestubenrauch.de/#stellenangebote","dom","","unknown","ready","Joblinks sind direkt im HTML sichtbar.","200","3","0","json_ld,host:www.raestubenrauch.de","2026-06-19"
"brenzel-und-rechtsanwaltsgesellschaft-steuerberatungsgesellschaft","Brenzel Rechtsanwälte & Steuerberater GmbH Rechtsanwaltsgesellschaft - Steuerberatungsgesellschaft","brenzel.de","https://brenzel.de","dom","","unknown","ready","Joblinks sind direkt im HTML sichtbar.","200","11","0","host:brenzel.de","2026-06-19"
"verband-der-haus-wohnungs-u-grundeigentuemer-freiburg","Verband der Haus-, Wohnungs- u. Grundeigentümer Freiburg","jobportal-suedbaden.de","https://jobportal-suedbaden.de","playwright","","unknown","needs_browser","Seite wirkt JavaScript-/Pagination-getrieben.","200","0","0","json_ld,pagination,host:jobportal-suedbaden.de","2026-06-19"
"steinbock-und","Kanzlei Steinbock & Partner, Rechtsanwälte","steinbock-partner.de","https://www.steinbock-partner.de/stellenangebote/","embedded_json","","unknown","ready","Eingebettete strukturierte Jobdaten gefunden.","200","14","2","json_ld,pagination,js_app,host:www.steinbock-partner.de","2026-06-19"
"benninghoven-und-rohleder","Benninghoven & Rohleder","rae-beschasero.de","https://rae-beschasero.de","dom","","unknown","ready","Joblinks sind direkt im HTML sichtbar.","200","1","0","blocked,host:rae-beschasero.de","2026-06-19"
"bischof-und-paetow-in","Bischof & Paetow, Rechtsanwälte in Partnerschaft","bpr-partner.de","https://bpr-partner.de","playwright","","unknown","needs_browser","Seite wirkt JavaScript-/Pagination-getrieben.","200","0","0","pagination,host:bpr-partner.de","2026-06-19"
"bischof-und-bischof","Bischof & Bischof Rechtsanwälte","rae-bischof.de","https://rae-bischof.de","dom","","unknown","ready","Joblinks sind direkt im HTML sichtbar.","200","1","0","json_ld,blocked,host:rae-bischof.de","2026-06-19"
"rechtsanwaltskanzlei-saeftel-und-kollegen-aus-mannheim","Rechtsanwaltskanzlei Saeftel & Kollegen aus Mannheim","ma-law.de","https://ma-law.de","llm_fallback","","unknown","fallback","Keine Jobs im HTML/JSON erkannt.","200","0","0","host:ma-law.de","2026-06-19"
"rack","RACK Rechtsanwälte","xn--rack-rechtsanwlte-3qb.de","https://xn--rack-rechtsanwlte-3qb.de","embedded_json","","unknown","ready","Eingebettete strukturierte Jobdaten gefunden.","200","2","1","json_ld,js_app,host:xn--rack-rechtsanwlte-3qb.de","2026-06-19"
"anwaltskanzlei-schwoerer-und","Anwaltskanzlei Schwörer & Partner","raschwoerer.de","https://raschwoerer.de","dom","","unknown","ready","Joblinks sind direkt im HTML sichtbar.","200","1","0","host:www.raschwoerer.de","2026-06-19"
"geraats-und-kollegen","Geraats & Kollegen","geraats.de","https://geraats.de","dom","","unknown","ready","Joblinks sind direkt im HTML sichtbar.","200","3","0","pagination,host:geraats.de","2026-06-19"
"skapczyk-und-kollegen","Rechtsanwälte Skapczyk und Kollegen","ra-skapczyk.de","https://ra-skapczyk.de","dom","","unknown","ready","Joblinks sind direkt im HTML sichtbar.","200","4","0","pagination,blocked,host:www.skapczyk.com","2026-06-19"
"ackermann-meyer-und","Ackermann, Meyer & Partner mbB","amp-steuerberatung.de","https://amp-steuerberatung.de/karriere","dom","","unknown","ready","Joblinks sind direkt im HTML sichtbar.","200","2","0","json_ld,load_more,pagination,blocked,host:amp-steuerberatung.de","2026-06-19"
"dr-bernd-nenninger-knp-dr-nenninger","Dr. Bernd Nenninger KNP Dr. Nenninger Rechtsanwälte","dr-nenninger.de","https://dr-nenninger.de","dom","","unknown","ready","Joblinks sind direkt im HTML sichtbar.","200","1","0","json_ld,pagination,blocked,js_app,host:dr-nenninger.de","2026-06-19"
"schmidt","Schmidt Rechtsanwälte","schmidt-rechtsanwaelte.de","https://schmidt-rechtsanwaelte.de","dom","","unknown","ready","Joblinks sind direkt im HTML sichtbar.","200","9","0","host:schmidt-rechtsanwaelte.de","2026-06-19"
"bergmann-und","Bergmann & Partner Wirtschaftsprüfer, Steuerberater, Rechtsanwälte","bergmann-partner.de","https://bergmann-partner.de/karriere.html","dom","","unknown","ready","Joblinks sind direkt im HTML sichtbar.","200","1","0","host:bergmann-partner.de","2026-06-19"
"hufschmidt-und-mediatoren","Hufschmidt Rechtsanwälte Rechtsanwälte und Mediatoren","hufschmidt-kanzlei.de","https://hufschmidt-kanzlei.de","dom","","unknown","ready","Joblinks sind direkt im HTML sichtbar.","200","5","0","json_ld,pagination,host:hufschmidt-kanzlei.de","2026-06-19"
"perlet","PERLET Rechtsanwälte","perlet-rechtsanwaelte.de","https://perlet-rechtsanwaelte.de","embedded_json","","unknown","ready","Eingebettete strukturierte Jobdaten gefunden.","200","2","1","json_ld,host:www.perlet-fellinger-rechtsanwaelte.de","2026-06-19"
"sebastian-schnabel","Sebastian Schnabel Rechtsanwalt","kanzlei-sch.de","https://kanzlei-sch.de","dom","","unknown","ready","Joblinks sind direkt im HTML sichtbar.","200","1","0","host:kanzlei-sch.de","2026-06-19"
"rechtsanwaeltin-und-fachanwaeltin","Rechtsanwältin und Fachanwältin","it-fachanwaeltin.de","https://it-fachanwaeltin.de","dom","","unknown","ready","Joblinks sind direkt im HTML sichtbar.","200","6","0","json_ld,pagination,host:www.it-fachanwaeltin.de","2026-06-19"
"rechtsanwaeltin-sandra-droege-thuelig","Rechtsanwältin Sandra Dröge-Thülig","kanzlei-beckum.de","https://kanzlei-beckum.de","dom","","unknown","ready","Joblinks sind direkt im HTML sichtbar.","200","1","0","host:kanzlei-beckum.de","2026-06-19"
"rechtsanwaeltin-birgit-hildebrandt","Rechtsanwältin Birgit Hildebrandt","rechtsanwalt-dessau-rosslau.de","https://rechtsanwalt-dessau-rosslau.de","embedded_json","","unknown","ready","Eingebettete strukturierte Jobdaten gefunden.","200","3","1","json_ld,host:rechtsanwalt-dessau-rosslau.de","2026-06-19"
"dr-mueller-jena-und-eva-mueller-jena-gesellschaft-buergerlichen-rechts","Dr. Müller-Jena & Eva Müller-Jena Gesellschaft bürgerlichen Rechts","rechtsanwalt-mueller-jena.de","https://rechtsanwalt-mueller-jena.de","playwright","","unknown","needs_browser","Seite wirkt JavaScript-/Pagination-getrieben.","200","0","0","load_more,pagination,host:rechtsanwalt-mueller-jena.de","2026-06-19"
"protego","protego legal PartGmbB","erbrecht-saar.de","https://erbrecht-saar.de","embedded_json","","unknown","ready","Eingebettete strukturierte Jobdaten gefunden.","200","3","2","json_ld,pagination,blocked,host:erbrecht-saar.de","2026-06-19"
"muenzer-und-collegen-rechtsanwaltsgesellschaft-mbh","Münzer & Collegen Rechtsanwaltsgesellschaft mbH","ra-mueco.de","https://ra-mueco.de","playwright","","unknown","needs_browser","Seite wirkt JavaScript-/Pagination-getrieben.","200","0","0","pagination,host:ra-mueco.de","2026-06-19"
"joachim-henningsen-und-lutz-wesch-gbr","Joachim Henningsen und Lutz Wesch GbR","renohw.de","https://renohw.de","dom","","unknown","ready","Joblinks sind direkt im HTML sichtbar.","200","3","0","host:renohw.de","2026-06-19"
"blum-und-doerfler-collin","Blum & Dörfler-Collin Rechtsanwälte Partnerschaft mbB","kanzlei-bbdc.de","https://kanzlei-bbdc.de","llm_fallback","","unknown","request_error","SSLError","","0","0","","2026-06-19"
"rechtsanwaeltin-denise-himburg","Rechtsanwältin Denise Himburg","ra-himburg-berlin.de","https://ra-himburg-berlin.de","dom","","unknown","ready","Joblinks sind direkt im HTML sichtbar.","200","3","0","host:www.ra-himburg-berlin.de","2026-06-19"
"onno-p-heyken","Rechtsanwalt Onno P. Heyken","kanzlei-heyken.de","https://kanzlei-heyken.de","embedded_json","","unknown","ready","Eingebettete strukturierte Jobdaten gefunden.","200","0","1","json_ld,pagination,blocked,js_app,host:www.kanzlei-heyken.de","2026-06-19"
"groening-und-dr-krause","Gröning & Dr. Krause","kanzlei-groening-krause.de","https://kanzlei-groening-krause.de","embedded_json","","unknown","ready","Eingebettete strukturierte Jobdaten gefunden.","200","2","1","json_ld,host:www.kanzlei-groening-krause.de","2026-06-19"
"pistorius-und-hippmann-in","Pistorius & Hippmann, Rechtsanwälte in PartGmbB","koe50.de","https://koe50.de","dom","","unknown","ready","Joblinks sind direkt im HTML sichtbar.","200","2","0","host:koe50.de","2026-06-19"
"torsten-fricke","Rechtsanwalt Torsten Fricke","rechtsanwalt-fricke.com","https://rechtsanwalt-fricke.com","embedded_json","","unknown","ready","Eingebettete strukturierte Jobdaten gefunden.","200","2","2","json_ld,blocked,js_app,host:www.rechtsanwalt-fricke.com","2026-06-19"
"beatebahner","beatebahner","beatebahner.de","https://beatebahner.de","dom","","unknown","ready","Joblinks sind direkt im HTML sichtbar.","200","1","0","pagination,host:beatebahner.de","2026-06-19"
"juergen-lucas-und-fachanwalt","Jürgen Lucas Rechtsanwalt und Fachanwalt","kanzlei-avm.de","https://kanzlei-avm.de","dom","","unknown","ready","Joblinks sind direkt im HTML sichtbar.","200","1","0","pagination,host:www.kanzlei-avm.de","2026-06-19"
"linnemann-dirk-linnemann","KANZLEI LINNEMANN Rechtsanwalt Dirk Linnemann","kanzlei-linnemann.de","https://kanzlei-linnemann.de","dom","","unknown","ready","Joblinks sind direkt im HTML sichtbar.","200","1","0","pagination,blocked,host:www.kanzlei-linnemann.de","2026-06-19"
"niehues-filla-niehues-niehues-gbr","Niehues, Filla, Niehues, Niehues GbR","ra-niehues.de","https://ra-niehues.de/karriere/","playwright","","unknown","needs_browser","Seite wirkt JavaScript-/Pagination-getrieben.","200","0","0","pagination,js_app,host:ra-niehues.de","2026-06-19"
"ruetz-und-succi","Rütz & Succi","bensheim-kanzlei.de","https://bensheim-kanzlei.de","playwright","","unknown","needs_browser","Seite wirkt JavaScript-/Pagination-getrieben.","200","0","0","json_ld,pagination,blocked,js_app,host:bensheim-kanzlei.de","2026-06-19"
"anwaltskanzlei-himmerich","Anwaltskanzlei Himmerich","himmerich-online.de","https://himmerich-online.de","dom","","unknown","ready","Joblinks sind direkt im HTML sichtbar.","200","14","0","json_ld,pagination,host:www.himmerich-online.de","2026-06-19"
"rechtsanwaltskanzlei-rainer-gruler-und-walter-moehrle","Rechtsanwaltskanzlei Rainer Gruler und Walter Möhrle","rechtsanwaelte-gruler-moehrle.de","https://rechtsanwaelte-gruler-moehrle.de","llm_fallback","","unknown","fallback","Keine Jobs im HTML/JSON erkannt.","200","0","0","host:rechtsanwaelte-gruler-moehrle.de","2026-06-19"
"alfred-l-ruemler","Alfred L. Rümler Rechtsanwalt","rechtsanwalt-ruemler.de","https://rechtsanwalt-ruemler.de","reader_or_llm","","unknown","blocked","Seite wirkt geblockt oder leer fuer normale Requests.","200","0","0","json_ld,blocked,host:www.rechtsanwalt-ruemler.de","2026-06-19"
"jan-claudius-fabritius","Rechtsanwalt Jan Claudius Fabritius","rechtsanwalt-fabritius.de","https://www.rechtsanwalt-fabritius.de/jobs/","dom","","unknown","ready","Joblinks sind direkt im HTML sichtbar.","200","1","0","json_ld,blocked,host:www.rechtsanwalt-fabritius.de","2026-06-19"
"george-lentzsch-und-und","GEORGE, LENTZSCH & PARTNER Steuerberater und Rechtsanwalt","steuerberatung-glp.de","https://www.steuerberatung-glp.de/stellenangebote-steuerfachangestellte-buerokauffrau-ausbildung-senftenberg","dom","","unknown","ready","Joblinks sind direkt im HTML sichtbar.","200","7","0","json_ld,host:www.steuerberatung-glp.de","2026-06-19"
"kolja-zaborowski-und-fachanwalt-fuer-strafrecht","Kolja Zaborowski Rechtsanwalt & Fachanwalt für Strafrecht","fachanwaltstrafrechtberlin.de","https://fachanwaltstrafrechtberlin.de/kanzlei/referendariat-ausbildung-bewerbungen/","dom","","unknown","ready","Joblinks sind direkt im HTML sichtbar.","200","11","0","json_ld,pagination,host:fachanwaltstrafrechtberlin.de","2026-06-19"
"sabine-kessler-rechtsanwaeltin-fachanwaeltin-fuer-familienrecht","Sabine Keßler Rechtsanwältin Fachanwältin für Familienrecht","anwaltskanzlei-kessler.com","https://anwaltskanzlei-kessler.com","dom","","unknown","ready","Joblinks sind direkt im HTML sichtbar.","200","1","0","json_ld,pagination,blocked,js_app,host:www.anwaltskanzlei-kessler.com","2026-06-19"
"rausch","Rausch + Partner Steuerberater + Rechtsanwalt","rauschundpartner.de","https://rauschundpartner.de","dom","","unknown","ready","Joblinks sind direkt im HTML sichtbar.","200","4","0","blocked,host:www.rauschundpartner.de","2026-06-19"
"korres-und-wolter","Korres & Wolter Rechtsanwälte","dachau-rechtsanwalt.de","https://dachau-rechtsanwalt.de","dom","","unknown","ready","Joblinks sind direkt im HTML sichtbar.","200","5","0","blocked,host:www.dachau-rechtsanwalt.de","2026-06-19"
"ines-schwarz-rechtsanwaeltin-fachanwaeltin-fuer-familienrecht","INES SCHWARZ Rechtsanwältin Fachanwältin für Familienrecht","inesschwarz.de","https://inesschwarz.de","llm_fallback","","unknown","fallback","Keine Jobs im HTML/JSON erkannt.","200","0","0","host:www.inesschwarz.de","2026-06-19"
"anwaltssozietaet-fahr-gross-indetzk-fachanwaelte","Anwaltssozietät Fahr, Groß, Indetzk Rechtsanwälte Fachanwälte","ra-og.de","https://ra-og.de","dom","","unknown","ready","Joblinks sind direkt im HTML sichtbar.","200","5","0","json_ld,pagination,blocked,host:www.ra-og.de","2026-06-19"
"advomeditax-berufsausuebungsgesellschaft-mbh","ADVOMEDITAX Berufsausübungsgesellschaft mbH","advomeditax.de","https://advomeditax.de","dom","","unknown","ready","Joblinks sind direkt im HTML sichtbar.","200","3","0","host:advomeditax.de","2026-06-19"
"schulz-nickel-schulz-partnerschaftsgesellschaft-mit-beschraenkter-berufshaftung","Schulz Nickel Schulz Rechtsanwälte Partnerschaftsgesellschaft mit beschränkter Berufshaftung","ra-sns.de","https://ra-sns.de","dom","","unknown","ready","Joblinks sind direkt im HTML sichtbar.","200","2","0","json_ld,host:ra-sns.de","2026-06-19"
"andreas-leicher-ll-m","Rechtsanwalt Andreas Leicher, LL.M.","ra-leicher.de","https://ra-leicher.de","dom","","unknown","ready","Joblinks sind direkt im HTML sichtbar.","200","1","0","json_ld,host:ra-leicher.de","2026-06-19"
"anwaltskanzlei-benens-rechtsanwaeltin-maren-benens","Anwaltskanzlei Benens Rechtsanwältin Maren Benens","benens.de","https://benens.de","dom","","unknown","ready","Joblinks sind direkt im HTML sichtbar.","200","5","0","pagination,js_app,host:www.benens.de","2026-06-19"
"blauertz","Blauertz Rechtsanwälte PartG mbB","blauertz-rechtsanwaelte.de","https://blauertz-rechtsanwaelte.de","llm_fallback","","unknown","fallback","Keine Jobs im HTML/JSON erkannt.","200","0","0","host:www.blauertz-rechtsanwaelte.de","2026-06-19"
"rechtsanwaltskanzlei-lewinski-im-folgenden-genadi-lewinski","Rechtsanwaltskanzlei Lewinski (im Folgenden: Genadi Lewinski)","ra-lewinski.de","https://ra-lewinski.de/karriere/","dom","","unknown","ready","Joblinks sind direkt im HTML sichtbar.","200","1","0","json_ld,pagination,blocked,js_app,host:ra-lewinski.de","2026-06-19"
"bernd-kuckenburg","Bernd Kuckenburg","kuckenburg-ra-vbp.de","https://kuckenburg-ra-vbp.de","dom","","unknown","ready","Joblinks sind direkt im HTML sichtbar.","200","21","0","host:kuckenburg-ra-vbp.de","2026-06-19"
"droste-schulte-sprenger-schmidt","Droste Schulte-Sprenger Schmidt","drs-partner.com","https://drs-partner.com/karriere/","dom","","unknown","ready","Joblinks sind direkt im HTML sichtbar.","200","3","0","nuxt,js_app,host:drs-partner.com","2026-06-19"
"pks-stahl-und","PKS Stahl & Partner mbB","pks-stahl.com","https://pks-stahl.com/stellenanzeigen/","dom","","unknown","ready","Joblinks sind direkt im HTML sichtbar.","200","4","0","blocked,js_app,host:pks-stahl.com","2026-06-19"
"mitsdoerffer-mueller","MITSDÖRFFER MÜLLER Rechtsanwälte","anwaltsfirma.de","https://anwaltsfirma.de/karriere/","dom","","unknown","ready","Joblinks sind direkt im HTML sichtbar.","200","4","0","json_ld,pagination,host:anwaltsfirma.de","2026-06-19"
"onur-u-oezata","Rechtsanwalt Onur U. Özata","xn--fachanwalt-zata-jtb.de","https://xn--fachanwalt-zata-jtb.de","dom","","unknown","ready","Joblinks sind direkt im HTML sichtbar.","200","1","0","json_ld,blocked,host:xn--fachanwalt-zata-jtb.de","2026-06-19"
"dr-zwanziger-und-collegen-gbr","DR. ZWANZIGER & COLLEGEN GbR","ra-zwanziger-coll.de","https://ra-zwanziger-coll.de","embedded_json","","unknown","ready","Eingebettete strukturierte Jobdaten gefunden.","200","0","2","json_ld,host:www.ra-zwanziger-coll.de","2026-06-19"
"idselis-und-meyer-strafverteidiger-in-buerogemeinschaft","Idselis & Meyer Strafverteidiger | Rechtsanwälte in Bürogemeinschaft","bernd-idselis.de","https://bernd-idselis.de","dom","","unknown","ready","Joblinks sind direkt im HTML sichtbar.","200","8","0","json_ld,host:www.bernd-idselis.de","2026-06-19"
"anwaltskanzlei-wood","Anwaltskanzlei Wood","anwaltskanzleiwood.de","https://anwaltskanzleiwood.de","dom","","unknown","ready","Joblinks sind direkt im HTML sichtbar.","200","1","0","blocked,host:www.anwaltskanzleiwood.de","2026-06-19"
"joachim-caesar-preller","Rechtsanwalt Joachim Cäsar-Preller","caesar-preller.de","https://www.caesar-preller.de/jobs/","dom","","unknown","ready","Joblinks sind direkt im HTML sichtbar.","200","2","0","pagination,blocked,host:www.caesar-preller.de","2026-06-19"
"koch-lemke-macahcek-katharinenstrasse","Koch Lemke Macahcek PartGmbB, Katharinenstraße","koch-lemke-machacek.de","https://www.koch-lemke-machacek.de/service-kontakt/stellenausschreibungen/","dom","","unknown","ready","Joblinks sind direkt im HTML sichtbar.","200","12","0","host:www.koch-lemke-machacek.de","2026-06-19"
"mauritz-anwaltskanzlei","mauritz-anwaltskanzlei","mauritz-anwaltskanzlei.de","https://mauritz-anwaltskanzlei.de/Formulare/beratungsstellen.pdf","llm_fallback","","unknown","fallback","Keine Jobs im HTML/JSON erkannt.","200","0","0","host:mauritz-anwaltskanzlei.de","2026-06-19"
"rechtsanwaltssozietaet-fochler-und-collegen","Rechtsanwaltssozietät Fochler & Collegen","fochler-collegen.de","https://fochler-collegen.de","llm_fallback","","unknown","fallback","Keine Jobs im HTML/JSON erkannt.","200","0","0","host:fochler-collegen.de","2026-06-19"
"steiniger-rechtsanwaltsgesellschaft-mbh","Steiniger Rechtsanwaltsgesellschaft mbH","baurecht-anwalt-verkehrsrecht.de","http://zeichnen.unfallskizze.de/","llm_fallback","","unknown","request_error","HTTPError","","0","0","","2026-06-19"
"rechtsanwaeltin-ilka-prokopp","Rechtsanwältin Ilka Prokopp","ra-prokopp.de","https://ra-prokopp.de","playwright","","unknown","needs_browser","Seite wirkt JavaScript-/Pagination-getrieben.","200","0","0","blocked,js_app,host:www.ra-prokopp.de","2026-06-19"
"rechtsanwaeltin-anja-studt","Rechtsanwältin Anja Studt","kanzlei-studt.de","https://kanzlei-studt.de","playwright","","unknown","needs_browser","Seite wirkt JavaScript-/Pagination-getrieben.","200","0","0","pagination,blocked,host:www.kanzlei-studt.de","2026-06-19"
"ra-dr-christoph-friedrichs-fuer-wirtschaftsrecht","Ra Dr. Christoph Friedrichs Kanzlei für Wirtschaftsrecht","friedrichs-rechtsanwaelte.de","https://friedrichs-rechtsanwaelte.de","llm_fallback","","unknown","fallback","Keine Jobs im HTML/JSON erkannt.","200","0","0","host:friedrichs-rechtsanwaelte.de","2026-06-19"
"widera-und-kollegen-rechtsanwalte-und-insolvenzverwaltungen","Widera und Kollegen Rechtsanwalte und insolvenzverwaltungen","insoverwalter.com","https://insoverwalter.com","dom","","unknown","ready","Joblinks sind direkt im HTML sichtbar.","200","1","0","host:www.insoverwalter.com","2026-06-19"
"anwaltskanzlei-und-mediationsbuero-ohlig-rechtsanwaeltin-und-mediatorin-nadja-ohlig-ll-m","Anwaltskanzlei & Mediationsbüro Ohlig Rechtsanwältin & Mediatorin Nadja Ohlig, LL.M.","anwaltskanzlei-ohlig.de","https://anwaltskanzlei-ohlig.de","dom","","unknown","ready","Joblinks sind direkt im HTML sichtbar.","200","1","0","host:anwaltskanzlei-ohlig.de","2026-06-19"
"ra-erdmann","ra-erdmann","ra-erdmann.com","https://ra-erdmann.com","dom","","unknown","ready","Joblinks sind direkt im HTML sichtbar.","200","14","0","host:ra-erdmann.com","2026-06-19"
"ritzer-gelhorn-reber","Rechtsanwälte Ritzer Gelhorn Reber","ra-ritzer-gelhorn.com","https://ra-ritzer-gelhorn.com","dom","","unknown","ready","Joblinks sind direkt im HTML sichtbar.","200","10","0","json_ld,blocked,host:ra-ritzer-gelhorn.com","2026-06-19"
"gloeser-hechmat-und-kollegen","Rechtsanwälte Glöser Hechmat & Kollegen","mainzer-anwalt.de","https://mainzer-anwalt.de","dom","","unknown","ready","Joblinks sind direkt im HTML sichtbar.","200","10","0","blocked,host:www.mainzer-anwalt.de","2026-06-19"
"attorney-heinrich-schmetkamp","Attorney Heinrich Schmetkamp","ra-schmetkamp.de","https://ra-schmetkamp.de","dom","","unknown","ready","Joblinks sind direkt im HTML sichtbar.","200","9","0","host:ra-schmetkamp.de","2026-06-19"
"dr-heeser-und-kollegen-rechtsanwaltsgesellschaft-m-b-h","Dr. Heeser & Kollegen Rechtsanwaltsgesellschaft m.b.H","heeser-kollegen.de","https://heeser-kollegen.de","dom","","unknown","ready","Joblinks sind direkt im HTML sichtbar.","200","3","0","host:heeser-kollegen.de","2026-06-19"
"hans-joerg-briest","Hans-Jörg Briest Rechtsanwalt","ra-briest.de","https://ra-briest.de","embedded_json","","unknown","ready","Eingebettete strukturierte Jobdaten gefunden.","200","3","1","json_ld,host:www.ra-briest.de","2026-06-19"
"lutz-fischer-fischer-und-collegen","Rechtsanwalt Lutz Fischer Rechtsanwälte Fischer & Collegen","fischer-collegen-erfurt.de","https://fischer-collegen-erfurt.de","dom","","unknown","ready","Joblinks sind direkt im HTML sichtbar.","200","2","0","pagination,host:www.fischer-collegen-erfurt.de","2026-06-19"
"frank-baranowski-in-siegen","Frank Baranowski Rechtsanwalt in Siegen","kanzlei-baranowski.de","https://kanzlei-baranowski.de","dom","","unknown","ready","Joblinks sind direkt im HTML sichtbar.","200","8","0","host:kanzlei-baranowski.de","2026-06-19"
"kirbach","Kanzlei Kirbach","kanzlei-kirbach.de","https://kanzlei-kirbach.de","dom","","unknown","ready","Joblinks sind direkt im HTML sichtbar.","200","2","0","pagination,blocked,host:kanzlei-kirbach.de","2026-06-19"
"am-bleeck-uellendahl-ralfs-teufert","Kanzlei am Bleeck Uellendahl | Ralfs | Teufert","kanzlei-am-bleeck.de","https://kanzlei-am-bleeck.de","dom","","unknown","ready","Joblinks sind direkt im HTML sichtbar.","200","5","0","json_ld,host:www.kanzlei-am-bleeck.de","2026-06-19"
"jure","JURE Rechtsanwälte PartGmbB","jure.de","https://jure.de","llm_fallback","","unknown","request_error","SSLError","","0","0","","2026-06-19"
"karsten-sommer-fachanwalt-fuer-verwaltungsrecht","Karsten Sommer Rechtsanwalt Fachanwalt für Verwaltungsrecht","kanzleisommer.de","https://www.kanzleisommer.de/#karriere","llm_fallback","","unknown","request_error","ReadTimeout","","0","0","","2026-06-19"
"matthias-kauzner","Rechtsanwalt Matthias Kauzner","kauzner-anwalt-raunheim.de","https://kauzner-anwalt-raunheim.de","dom","","unknown","ready","Joblinks sind direkt im HTML sichtbar.","200","3","0","pagination,host:www.kauzner-anwalt-raunheim.de","2026-06-19"
"herzog-und-linz","Herzog & Linz Rechtsanwälte","herzog-linz.de","https://herzog-linz.de","playwright","","unknown","needs_browser","Seite wirkt JavaScript-/Pagination-getrieben.","200","0","0","pagination,host:herzog-linz.de","2026-06-19"
"seitz-und-riemer","Seitz & Riemer Rechtsanwälte","seitzriemer.com","https://seitzriemer.com","dom","","unknown","ready","Joblinks sind direkt im HTML sichtbar.","200","2","0","blocked,host:www.seitzriemer.com","2026-06-19"
"rechtsanwaeltinnen-boehmer-kitschenberg","Rechtsanwältinnen Böhmer-Kitschenberg","anwaeltinnen.org","https://anwaeltinnen.org","dom","","unknown","ready","Joblinks sind direkt im HTML sichtbar.","200","4","0","json_ld,load_more,pagination,blocked,host:anwaeltinnen.org","2026-06-19"
"rechtsanwaeltin-und-mediatorin-andrea-c-pischke","Rechtsanwältin und Mediatorin Andrea C. Pischke","kanzlei-pischke.de","https://kanzlei-pischke.de","llm_fallback","","unknown","fallback","Keine Jobs im HTML/JSON erkannt.","200","0","0","host:kanzlei-pischke.de","2026-06-19"
"rechtsanwaeltin-judith-weidemann","Rechtsanwältin Judith Weidemann","scheidung-potsdam.de","https://scheidung-potsdam.de","llm_fallback","","unknown","fallback","Keine Jobs im HTML/JSON erkannt.","200","0","0","host:www.scheidung-potsdam.de","2026-06-19"
"lawyers-stroebele-und-saile","Lawyers Ströbele & Saile","rechtsanwalt-stroebele.de","https://rechtsanwalt-stroebele.de","llm_fallback","","unknown","request_error","SSLError","","0","0","","2026-06-19"
"rechtsanwaltskanzlei-katrin-zink","Rechtsanwaltskanzlei Katrin Zink","kanzlei-zink.de","https://kanzlei-zink.de","dom","","unknown","ready","Joblinks sind direkt im HTML sichtbar.","200","2","0","json_ld,pagination,js_app,host:kanzlei-zink.de","2026-06-19"
"rechtsanwaeltin-christine-bahls","Rechtsanwältin Christine Bahls","rechtsanwaeltin-bahls.de","https://rechtsanwaeltin-bahls.de","dom","","unknown","ready","Joblinks sind direkt im HTML sichtbar.","200","1","0","host:rechtsanwaeltin-bahls.de","2026-06-19"
"dobler-szabo-boeltz-und-schilling","Rechtsanwälte Dobler, Szabo, Böltz & Schilling","rae-dsb.de","https://rae-dsb.de/karriere","dom","","unknown","ready","Joblinks sind direkt im HTML sichtbar.","200","2","0","host:rae-dsb.de","2026-06-19"
"alexander-ermel-fachanwalt-fuer-bank-und-kapitalmarktrecht-fachanwalt-fuer-versicherungsrecht","Alexander Ermel Fachanwalt für Bank- und Kapitalmarktrecht Fachanwalt für Versicherungsrecht","ermel-rechtsanwalt.de","https://ermel-rechtsanwalt.de","dom","","unknown","ready","Joblinks sind direkt im HTML sichtbar.","200","13","0","pagination,blocked,host:www.ermel-rechtsanwalt.de","2026-06-19"
"lorenz-jaud-radtke-coll-und-fachanwaelte","Lorenz | Jaud | Radtke | Coll.Rechtsanwälte und Fachanwälte","advocatenhaus.de","https://advocatenhaus.de","dom","","unknown","ready","Joblinks sind direkt im HTML sichtbar.","200","6","0","host:advocatenhaus.de","2026-06-19"
"johann-truelzsch","Rechtsanwalt Johann Trülzsch","ra-truelzsch.de","https://ra-truelzsch.de","dom","","unknown","ready","Joblinks sind direkt im HTML sichtbar.","200","55","0","pagination,blocked,host:www.ra-truelzsch.de","2026-06-19"
"ibk-illig-braun-kirschnek","IBK Illig Braun Kirschnek Rechtsanwälte PartGmbB","rae-ibk.de","https://www.rae-ibk.de/karriere/","dom","","unknown","ready","Joblinks sind direkt im HTML sichtbar.","200","1","0","json_ld,pagination,blocked,host:www.rae-ibk.de","2026-06-19"
"christof-boehmer","Christof Böhmer Rechtsanwalt","anwalt-boehmer.de","https://anwalt-boehmer.de","reader_or_llm","","unknown","blocked","Seite wirkt geblockt oder leer fuer normale Requests.","200","0","0","blocked,host:www.anwalt-boehmer.de","2026-06-19"
"peters-partnerschaftsgesellschaft","PETERS Rechtsanwälte Partnerschaftsgesellschaft mbB","peters-legal.com","https://www.peters-legal.com/karriere","dom","","unknown","ready","Joblinks sind direkt im HTML sichtbar.","200","2","0","pagination,blocked,host:www.peters-legal.com","2026-06-19"
"herrnsdorf","herrnsdorf","herrnsdorf.com","https://herrnsdorf.com","dom","","unknown","ready","Joblinks sind direkt im HTML sichtbar.","200","1","0","host:www.herrnsdorf.com","2026-06-19"
"mueller-stein","Rechtsanwälte Müller-Stein","mueller-stein.de","https://www.mueller-stein.de/verschiedenes/offene-stellen/","dom","","unknown","ready","Joblinks sind direkt im HTML sichtbar.","200","2","0","json_ld,host:www.mueller-stein.de","2026-06-19"
"anwalts-und-steuerkanzlei-dr-schwab","Anwalts- und Steuerkanzlei Dr. Schwab","schwab-ltfi.com","https://schwab-ltfi.com","dom","","unknown","ready","Joblinks sind direkt im HTML sichtbar.","200","5","0","host:schwab-ltfi.com","2026-06-19"
"proelss-muehlhaus-kollegen-und-christian-muehlhaus","Prölß Mühlhaus Kollegen Rechtsanwalt und Notar Christian Mühlhaus","raepk.de","https://raepk.de","dom","","unknown","ready","Joblinks sind direkt im HTML sichtbar.","200","5","0","blocked,host:www.raepk.de","2026-06-19"
"wolfram-batzner-fachanwalt-fuer-erbrecht","Wolfram Batzner Rechtsanwalt Fachanwalt für Erbrecht","anwalt-batzner.de","https://anwalt-batzner.de","llm_fallback","","unknown","fallback","Keine Jobs im HTML/JSON erkannt.","200","0","0","host:anwalt-batzner.de","2026-06-19"
"moebus-und-schwaar","Moebus und Schwaar Rechtsanwälte","kanzlei-moebus.de","https://kanzlei-moebus.de","embedded_json","","unknown","ready","Eingebettete strukturierte Jobdaten gefunden.","200","3","1","json_ld,js_app,host:kanzlei-moebus.de","2026-06-19"
"rechtsanwaeltin-meike-lindenlauf-klein-und-henning-klein","Rechtsanwältin Meike Lindenlauf-Klein und Rechtsanwalt Henning Klein","lindenlauf-klein.de","https://lindenlauf-klein.de","dom","","unknown","ready","Joblinks sind direkt im HTML sichtbar.","200","3","0","host:www.lindenlauf-klein.de","2026-06-19"
"spiess-schumacher-schmieg-und","Spieß Schumacher Schmieg & Partner Rechtsanwälte mbB","3s-p.de","https://3s-p.de","dom","","unknown","ready","Joblinks sind direkt im HTML sichtbar.","200","1","0","pagination,host:www.3s-p.de","2026-06-19"
"dr-gordon-birk","Dr. Gordon Birk - Rechtsanwalt","rae-birk.de","https://rae-birk.de/Karriere-Stellenangebote","dom","","unknown","ready","Joblinks sind direkt im HTML sichtbar.","200","2","0","host:rae-birk.de","2026-06-19"
"rechtsanwaltskanzlei-anke-teichmann","Rechtsanwaltskanzlei Anke Teichmann","ra-anke-teichmann.de","https://ra-anke-teichmann.de","dom","","unknown","ready","Joblinks sind direkt im HTML sichtbar.","200","2","0","json_ld,pagination,blocked,host:www.ra-anke-teichmann.de","2026-06-19"
"spes-schmidt-poetsch-ertel-schwartzkopff-partnerschaftsgesellschaft","SPES Schmidt Poetsch Ertel Schwartzkopff Partnerschaftsgesellschaft","rechtsanwaelte-lueneburg.de","https://www.rechtsanwaelte-lueneburg.de/karriere","dom","","unknown","ready","Joblinks sind direkt im HTML sichtbar.","200","5","0","pagination,blocked,js_app,host:www.rechtsanwaelte-lueneburg.de","2026-06-19"
"anwaltskanzlei-markus-matzkeit-wuelfrath","Anwaltskanzlei Markus Matzkeit, Wülfrath","matzkeit.de","https://matzkeit.de","dom","","unknown","ready","Joblinks sind direkt im HTML sichtbar.","200","3","0","json_ld,pagination,host:matzkeit.de","2026-06-19"
"baumgaertner-pasemann-ruppert","Baumgärtner Pasemann Ruppert Rechtsanwälte","juranavigator.de","https://juranavigator.de","playwright","","unknown","needs_browser","Seite wirkt JavaScript-/Pagination-getrieben.","200","0","0","pagination,host:juranavigator.de","2026-06-19"
"haibach","Haibach","haibach.com","https://www.haibach.com/karriere/","dom","","unknown","ready","Joblinks sind direkt im HTML sichtbar.","200","3","0","host:www.haibach.com","2026-06-19"
"ulrich-luebbing-fachanwalt-fuer-steuerrecht","Rechtsanwalt Ulrich Lübbing Fachanwalt für Steuerrecht","kanzlei-luebbing.de","https://kanzlei-luebbing.de","dom","","unknown","ready","Joblinks sind direkt im HTML sichtbar.","200","6","0","blocked,host:www.kanzlei-luebbing.de","2026-06-19"
"ladm","ladm","ladm.com","https://ladm.com/karriere/","dom","","unknown","ready","Joblinks sind direkt im HTML sichtbar.","200","5","0","json_ld,pagination,host:ladm.com","2026-06-19"
"ellerbrock-lenius-in-salzgitter","Rechtsanwälte Ellerbrock + Lenius in Salzgitter","ellerbrock-lenius.de","https://ellerbrock-lenius.de","dom","","unknown","ready","Joblinks sind direkt im HTML sichtbar.","200","4","0","nuxt,pagination,blocked,js_app,host:www.ellerbrock-lenius.de","2026-06-19"
"strecker-berger","Strecker Berger + Partner mbB","sb-p.de","https://www.sb-p.de/karriere/","dom","","unknown","ready","Joblinks sind direkt im HTML sichtbar.","200","4","0","json_ld,load_more,pagination,blocked,js_app,host:www.sb-p.de","2026-06-19"
"koehler-und-gbr","Köhler & Partner GbR Wirtschaftsprüfer - Steuerberater - Rechtsanwalt","frtpartner.de","https://frtpartner.de/de/unternehmen/karriere/","dom","","unknown","ready","Joblinks sind direkt im HTML sichtbar.","200","8","0","host:frtpartner.de","2026-06-19"
"ra-fmk","ra-fmk","ra-fmk.de","https://ra-fmk.de/#xl_xr_page_umzug","llm_fallback","","unknown","fallback","Keine Jobs im HTML/JSON erkannt.","200","0","0","host:ra-fmk.de","2026-06-19"
"karsten-mauersberger-und-kollegen","Rechtsanwalt Karsten Mauersberger und Kollegen","rechtsanwalt-mauersberger.de","https://rechtsanwalt-mauersberger.de","dom","","unknown","ready","Joblinks sind direkt im HTML sichtbar.","200","10","0","host:www.rechtsanwalt-mauersberger.de","2026-06-19"
"carlos-claussen-und","Carlos Claussen & Partner mbB","carlos-claussen.de","https://carlos-claussen.de","llm_fallback","","unknown","request_error","HTTPError","","0","0","","2026-06-19"
"und-petersen-hamann-egbr","Rechtsanwälte und Notar Petersen | Hamann eGbR","kanzlei-luechow.de","https://kanzlei-luechow.de","dom","","unknown","ready","Joblinks sind direkt im HTML sichtbar.","200","3","0","pagination,js_app,host:kanzlei-luechow.de","2026-06-19"
"kruno-zorko-fachanwalt-fuer-familienrecht","KRUNO ZORKO Rechtsanwalt | Fachanwalt für Familienrecht","rechtsanwalt-zorko.de","https://rechtsanwalt-zorko.de","playwright","","unknown","needs_browser","Seite wirkt JavaScript-/Pagination-getrieben.","200","0","0","pagination,blocked,host:rechtsanwalt-zorko.de","2026-06-19"
"dury","DURY LEGAL Rechtsanwälte","dury.de","https://www.dury.de/karriere","dom","","unknown","ready","Joblinks sind direkt im HTML sichtbar.","200","7","0","json_ld,pagination,host:www.dury.de","2026-06-19"
"anwaltskanzlei-riedel-rechtsanwaltsgesellschaft","Anwaltskanzlei Riedel GmbH Rechtsanwaltsgesellschaft","kanzlei-riedel.de","https://kanzlei-riedel.de","dom","","unknown","ready","Joblinks sind direkt im HTML sichtbar.","200","2","0","json_ld,load_more,pagination,host:kanzlei-riedel.de","2026-06-19"
"ackenheil-anwaltskanzlei","Ackenheil Anwaltskanzlei","ackenheil-anwaltskanzlei.de","https://ackenheil-anwaltskanzlei.de/stellenangebot_anwalt_wissenschaftlicher_mitarbeiter_rechtsreferendar/stellenangebot.html","dom","","unknown","ready","Joblinks sind direkt im HTML sichtbar.","200","17","0","host:ackenheil-anwaltskanzlei.de","2026-06-19"
"berendsohn-in","Berendsohn Rechtsanwälte in Partnerschaft","bmrm.de","https://bmrm.de","dom","","unknown","ready","Joblinks sind direkt im HTML sichtbar.","200","6","0","blocked,host:bmrm.de","2026-06-19"
"o-kelm-und-j-maidaikina","O. Kelm und J. Maidaikina PartG mbB","km-rechtsanwaelte.de","https://www.km-rechtsanwaelte.de/#karriere","dom","","unknown","ready","Joblinks sind direkt im HTML sichtbar.","200","5","0","blocked,host:www.km-rechtsanwaelte.de","2026-06-19"
"rechtsanwaltskanzlei-verkamp-und-verkamp-gbr","Rechtsanwaltskanzlei Verkamp & Verkamp GbR","ra-verkamp.de","https://ra-verkamp.de","dom","","unknown","ready","Joblinks sind direkt im HTML sichtbar.","200","5","0","nuxt,pagination,blocked,js_app,host:www.ra-verkamp.de","2026-06-19"
"legalium-und-spanien","Legalium - Rechtsanwälte und Steuerberater Spanien","anwalt-spanien.com","https://anwalt-spanien.com","dom","","unknown","ready","Joblinks sind direkt im HTML sichtbar.","200","1","0","json_ld,pagination,blocked,host:anwalt-spanien.com","2026-06-19"
"anwaltskanzlei-weber-duerr-thull-und-koll","Anwaltskanzlei Weber, Dürr, Thull & Koll.","rechtsanwaelte-weber-duerr-thull.de","https://rechtsanwaelte-weber-duerr-thull.de","llm_fallback","","unknown","fallback","Keine Jobs im HTML/JSON erkannt.","200","0","0","host:rechtsanwaelte-weber-duerr-thull.de","2026-06-19"
"michael-rosenthal","Michael Rosenthal, Rechtsanwalt","nullapoena.de","https://nullapoena.de","dom","","unknown","ready","Joblinks sind direkt im HTML sichtbar.","200","5","0","host:nullapoena.de","2026-06-19"
"bpl-stroot-und-kollegen","bpl Rechtsanwälte Stroot & Kollegen","bpl-recht.de","https://www.bpl-recht.de/kontakt/karriere","dom","","unknown","ready","Joblinks sind direkt im HTML sichtbar.","200","5","0","host:www.bpl-recht.de","2026-06-19"
"conrad-und-steuern-wirtschaft-recht","conrad & partner Steuern | Wirtschaft | Recht","conrad-offenburg.de","https://conrad-offenburg.de","playwright","","unknown","needs_browser","Seite wirkt JavaScript-/Pagination-getrieben.","200","0","0","json_ld,pagination,blocked,js_app,host:www.conrad-offenburg.de","2026-06-19"
"wieneke-d-alquen-firl","Wieneke · d'Alquen · Firl Rechtsanwälte · Notare","rechtsanwalt-geseke.de","https://www.rechtsanwalt-geseke.de/karriere/","dom","","unknown","ready","Joblinks sind direkt im HTML sichtbar.","200","9","0","pagination,blocked,host:www.rechtsanwalt-geseke.de","2026-06-19"
"mathias-renner-fachanwalt-fuer-arbeitsrecht-und-verkehrsrecht","Mathias Renner Fachanwalt für Arbeitsrecht und Verkehrsrecht","anwaltskanzlei-renner.de","https://anwaltskanzlei-renner.de/Aktuelle-Jobangebote-vom-Fachanwalt-Mathias-Renner.html","dom","","unknown","ready","Joblinks sind direkt im HTML sichtbar.","200","9","0","blocked,host:anwaltskanzlei-renner.de","2026-06-19"
"delgmann-fachanwaelte","Delgmann + Partner Rechtsanwälte – Fachanwälte","delgmann.de","https://delgmann.de","dom","","unknown","ready","Joblinks sind direkt im HTML sichtbar.","200","4","0","json_ld,host:www.delgmann.de","2026-06-19"
"anwaltskanzlei-hitzler-mueller-lotter-und-rechtsanwaeltin-michaela-hausmann","Anwaltskanzlei Hitzler – Müller – Lotter PartG mbB & Rechtsanwältin Michaela Hausmann","ra-hitzler.de","https://ra-hitzler.de","dom","","unknown","ready","Joblinks sind direkt im HTML sichtbar.","200","1","0","json_ld,pagination,blocked,host:ra-hitzler.de","2026-06-19"
"leonhard-grassmann","Rechtsanwalt Leonhard Graßmann","ra-grassmann-muenchen.de","https://ra-grassmann-muenchen.de","embedded_json","","unknown","ready","Eingebettete strukturierte Jobdaten gefunden.","200","1","2","json_ld,blocked,host:www.ra-grassmann-muenchen.de","2026-06-19"
"dr-kalsbach-und-dr-buchfink-partnerschaftsgesellschaft","Rechtsanwälte Dr. Kalsbach & Dr. Buchfink Partnerschaftsgesellschaft mbB","kalsbach-buchfink.de","https://kalsbach-buchfink.de","dom","","unknown","ready","Joblinks sind direkt im HTML sichtbar.","200","1","0","pagination,js_app,host:www.kalsbach-buchfink.de","2026-06-19"
"munte","MUNTE Rechtsanwälte PartGmbB","munte.de","https://munte.de/die-kanzlei/karriere/","dom","","unknown","ready","Joblinks sind direkt im HTML sichtbar.","200","2","0","json_ld,host:munte.de","2026-06-19"
"rechtsanwaltskanzlei-karthein-und-kollegen","Rechtsanwaltskanzlei Karthein & Kollegen","rechtsanwalt-karthein-und-kollegen.de","https://rechtsanwalt-karthein-und-kollegen.de","dom","","unknown","ready","Joblinks sind direkt im HTML sichtbar.","200","2","0","host:www.rechtsanwalt-karthein-und-kollegen.de","2026-06-19"
"dr-roder-kullmann-schneider","Rechtsanwälte Dr. Roder | Kullmann | Schneider","rks-recht.eu","https://rks-recht.eu","dom","","unknown","ready","Joblinks sind direkt im HTML sichtbar.","200","5","0","json_ld,blocked,host:rks-recht.eu","2026-06-19"
"dollinger-rechtsanwaeltinnen-und","Dollinger Partnerschaft mbB Rechtsanwältinnen und Rechtsanwälte","kanzlei-dollinger.de","https://kanzlei-dollinger.de","dom","","unknown","ready","Joblinks sind direkt im HTML sichtbar.","200","2","0","host:www.kanzlei-dollinger.de","2026-06-19"
"herkert-schulz-frick","HERKERT | SCHULZ | FRICK Rechtsanwälte Steuerberater","hsf-rechtundsteuern.de","https://hsf-rechtundsteuern.de","dom","","unknown","ready","Joblinks sind direkt im HTML sichtbar.","200","7","0","json_ld,pagination,host:www.hsf-rechtundsteuern.de","2026-06-19"
"freier-und-goetz","Freier & Götz Rechtsanwälte","freier-goetz.de","https://freier-goetz.de","dom","","unknown","ready","Joblinks sind direkt im HTML sichtbar.","200","2","0","json_ld,host:www.freier-goetz.de","2026-06-19"
"rain-p-hildebrand-blume","RAin P. Hildebrand-Blume","hildebrand-blume.de","https://hildebrand-blume.de","dom","","unknown","ready","Joblinks sind direkt im HTML sichtbar.","200","6","0","pagination,blocked,host:www.hildebrand-blume.de","2026-06-19"
"rechtsanwaeltin-kirsten-brueckner-schneider-rechtsanwaeltin-monika-roas-rechtsanwaeltin-ute-hennig","Rechtsanwältin Kirsten Brückner-Schneider Rechtsanwältin Monika Roas Rechtsanwältin Ute Hennig","kanzlei-sabs.de","https://kanzlei-sabs.de","dom","","unknown","ready","Joblinks sind direkt im HTML sichtbar.","200","1","0","json_ld,pagination,js_app,host:kanzlei-sabs.de","2026-06-19"
"dr-schneiderbanger-und-kollegen","Dr. Schneiderbanger & Kollegen Steuerberater – Rechtsanwälte","dr-schneiderbanger.de","https://dr-schneiderbanger.de/karriere","playwright","","unknown","needs_browser","Seite wirkt JavaScript-/Pagination-getrieben.","200","0","0","json_ld,pagination,blocked,js_app,host:dr-schneiderbanger.de","2026-06-19"
"dauernheim","Dauernheim Rechtsanwälte","dauernheim.de","https://dauernheim.de/die-kanzlei/stellenangebote.html","dom","","unknown","ready","Joblinks sind direkt im HTML sichtbar.","200","2","0","host:dauernheim.de","2026-06-19"
"bockelmann-und-steuerberatungsgesellschaft","BOCKELMANN & PARTNER STEUERBERATUNGSGESELLSCHAFT mbB","bockelmann-partner.de","https://bockelmann-partner.de","dom","","unknown","ready","Joblinks sind direkt im HTML sichtbar.","200","6","0","pagination,js_app,host:www.bockelmann-partner.de","2026-06-19"
"hoernlein","Hörnlein Rechtsanwälte","hoernlein-rae.de","https://hoernlein-rae.de","dom","","unknown","ready","Joblinks sind direkt im HTML sichtbar.","200","1","0","json_ld,pagination,host:hoernlein-rae.de","2026-06-19"
"schultheis-und-und-in-fulda","Schultheis und Partner Notare und Rechtsanwälte in Fulda","ra-schultheis.de","https://ra-schultheis.de","dom","","unknown","ready","Joblinks sind direkt im HTML sichtbar.","200","5","0","json_ld,pagination,host:ra-schultheis.de","2026-06-19"
"ra-peter-eichhorn","ra-peter-eichhorn","ra-peter-eichhorn.de","https://ra-peter-eichhorn.de","llm_fallback","","unknown","fallback","Keine Jobs im HTML/JSON erkannt.","200","0","0","host:ra-peter-eichhorn.de","2026-06-19"
"bernard-korn-und","Bernard Korn & Partner","ckb-anwaelte.de","https://www.ckb-anwaelte.de/stellenangebote/","embedded_json","","unknown","ready","Eingebettete strukturierte Jobdaten gefunden.","200","1","1","json_ld,host:www.ckb-anwaelte.de","2026-06-19"
"weyr-i-ch","WEYR I CH Rechtsanwälte PartG mbB","rae-weyrich.de","https://rae-weyrich.de/de/karriere/","dom","","unknown","ready","Joblinks sind direkt im HTML sichtbar.","200","1","0","host:rae-weyrich.de","2026-06-19"
"martin-beukenberg","Martin Beukenberg Rechtsanwalt","beukenberg.de","https://beukenberg.de","llm_fallback","","unknown","request_error","HTTPError","","0","0","","2026-06-19"
"und-thomas-girr","Rechtsanwalt und Notar Thomas Girr","anwaltsbuero-girr.de","https://anwaltsbuero-girr.de","dom","","unknown","ready","Joblinks sind direkt im HTML sichtbar.","200","3","0","host:anwaltsbuero-girr.de","2026-06-19"
"brbd","kanzlei-brbd","kanzlei-brbd.de","https://kanzlei-brbd.de/karriere/","dom","","unknown","ready","Joblinks sind direkt im HTML sichtbar.","200","3","0","host:kanzlei-brbd.de","2026-06-19"
"albrecht-schoellhorn-gaar","Rechtsanwalt Albrecht Schöllhorn-Gaar","rechtsanwalt-landshut.eu","https://rechtsanwalt-landshut.eu","dom","","unknown","ready","Joblinks sind direkt im HTML sichtbar.","200","1","0","json_ld,blocked,host:rechtsanwalt-landshut.eu","2026-06-19"
"kueppers-und","Rechtsanwälte Küppers & Partner","rechtsanwalt-in-geldern.de","https://rechtsanwalt-in-geldern.de/karriere/","dom","","unknown","ready","Joblinks sind direkt im HTML sichtbar.","200","1","0","json_ld,host:rechtsanwalt-in-geldern.de","2026-06-19"
"dr-neumann-schmeer-und","Dr. Neumann, Schmeer und Partner mbB","neumann-schmeer.de","https://www.neumann-schmeer.de/karriere/","dom","","unknown","ready","Joblinks sind direkt im HTML sichtbar.","200","15","0","json_ld,load_more,pagination,js_app,host:www.neumann-schmeer.de","2026-06-19"
"uwe-springborn","Rechtsanwalt Uwe Springborn","ra-springborn.de","https://ra-springborn.de","llm_fallback","","unknown","request_error","SSLError","","0","0","","2026-06-19"
"schindele-gerstner-und-collegen","Kanzlei Schindele Gerstner & Collegen","raseg.de","https://raseg.de","playwright","","unknown","needs_browser","Seite wirkt JavaScript-/Pagination-getrieben.","200","0","0","pagination,host:raseg.de","2026-06-19"
"und-fachanwaelte-herden-puskas-krueger-und-nelsen","Rechtsanwälte und Fachanwälte Herden, Puskas, Krüger & Nelsen","rechtsanwalt-haupthoff-herden-arbeitsrecht-hamburg.de","https://rechtsanwalt-haupthoff-herden-arbeitsrecht-hamburg.de","dom","","unknown","ready","Joblinks sind direkt im HTML sichtbar.","200","6","0","host:www.rechtsanwalt-haupthoff-herden-arbeitsrecht-hamburg.de","2026-06-19"
"fachanwalt-fuer-familienrecht-rupprecht","Fachanwalt für Familienrecht RUPPRECHT","anwalt-in-do.de","https://anwalt-in-do.de","dom","","unknown","ready","Joblinks sind direkt im HTML sichtbar.","200","4","0","host:anwalt-in-do.de","2026-06-19"
"daniel-farrokh","Rechtsanwalt Daniel Farrokh","ra-farrokh.de","https://ra-farrokh.de","dom","","unknown","ready","Joblinks sind direkt im HTML sichtbar.","200","2","0","host:ra-farrokh.de","2026-06-19"
"und-seidl-strobel-liersch-beschorner","Rechtsanwälte und Steuerberater Seidl, Strobel, Liersch, Beschorner","kanzlei-sslb.de","https://kanzlei-sslb.de","dom","","unknown","ready","Joblinks sind direkt im HTML sichtbar.","200","4","0","json_ld,blocked,host:kanzlei-sslb.de","2026-06-19"
"christoph-huylmans","Rechtsanwalt Christoph Huylmans","ra-hpw.de","https://ra-hpw.de","llm_fallback","","unknown","fallback","Keine Jobs im HTML/JSON erkannt.","200","0","0","host:www.ra-hpw.de","2026-06-19"
"gretemann","gretemann","gretemann.de","https://gretemann.de/ueber-uns/karriere/index.php","llm_fallback","","unknown","fallback","Keine Jobs im HTML/JSON erkannt.","200","0","0","host:gretemann.de","2026-06-19"
"franziska-hasselbach-rechtsanwaeltin-fachanwaeltin-fuer-familienrecht","Franziska Hasselbach Rechtsanwältin, Fachanwältin für Familienrecht","kanzlei-hasselbach.de","https://www.kanzlei-hasselbach.de/stellenangebote/","embedded_json","","unknown","ready","Eingebettete strukturierte Jobdaten gefunden.","200","4","4","json_ld,pagination,blocked,host:www.kanzlei-hasselbach.de","2026-06-19"
"reither-primavesi-und-fachanwaelte","REITHER PRIMAVESI & PARTNER MBB Rechtsanwälte · Notare · Fachanwälte","reither-partner.de","https://reither-partner.de/stellenangebote/","dom","","unknown","ready","Joblinks sind direkt im HTML sichtbar.","200","4","0","load_more,blocked,host:reither-partner.de","2026-06-19"
"hermann-schade","Rechtsanwalt Hermann Schade","hermann-schade.de","https://hermann-schade.de","dom","","unknown","ready","Joblinks sind direkt im HTML sichtbar.","200","2","0","blocked,host:hermann-schade.de","2026-06-19"
"andreas-moehle","Andreas Möhle Rechtsanwalt","rechtsanwalt-moehle.de","https://rechtsanwalt-moehle.de","dom","","unknown","ready","Joblinks sind direkt im HTML sichtbar.","200","2","0","pagination,host:www.rechtsanwalt-moehle.de","2026-06-19"
"matthias-schnitzer-fachanwalt-fuer-bau-und-architektenrecht","Matthias Schnitzer Rechtsanwalt Fachanwalt für Bau- und Architektenrecht","rechtsanwalt-schnitzer.de","https://rechtsanwalt-schnitzer.de","dom","","unknown","ready","Joblinks sind direkt im HTML sichtbar.","200","1","0","json_ld,blocked,host:rechtsanwalt-schnitzer.de","2026-06-19"
"dr-schulte","Rechtsanwälte Dr. Schulte","lawplus.de","https://lawplus.de/karriere/","playwright","","unknown","needs_browser","Seite wirkt JavaScript-/Pagination-getrieben.","200","0","0","json_ld,pagination,host:lawplus.de","2026-06-19"
"stkautz","STKAUTZ RECHTSANWÄLTE","stkautz.de","https://stkautz.de/karriere/","dom","","unknown","ready","Joblinks sind direkt im HTML sichtbar.","200","3","0","json_ld,host:stkautz.de","2026-06-19"
"neulinger","Kanzlei Neulinger","kanzlei-neulinger.de","https://kanzlei-neulinger.de/karriere","embedded_json","","unknown","ready","Eingebettete strukturierte Jobdaten gefunden.","200","3","1","json_ld,host:kanzlei-neulinger.de","2026-06-19"
"de-greiff-und","Rechtsanwälte de Greiff & Partner","de-greiff.de","https://de-greiff.de","reader_or_llm","","unknown","blocked","Seite wirkt geblockt oder leer fuer normale Requests.","200","0","0","blocked,host:www.de-greiff.de","2026-06-19"
"mueller-und","Kanzlei Müller & Partner PartG mbB","kanzlei-mew.de","https://www.kanzlei-mew.de/karriere/","playwright","","unknown","needs_browser","Seite wirkt JavaScript-/Pagination-getrieben.","200","0","0","json_ld,pagination,host:www.kanzlei-mew.de","2026-06-19"
"haischer-und","Haischer & Partner","haischer.de","https://www.haischer.de/de/#","dom","","unknown","ready","Joblinks sind direkt im HTML sichtbar.","200","7","0","json_ld,host:www.haischer.de","2026-06-19"
"mourkojannis-moerschner-attorneys-at","Mourkojannis, Mörschner Attorneys at Law","mm-law.de","https://www.mm-law.de/ueber-mm-law/karriere/","dom","","unknown","ready","Joblinks sind direkt im HTML sichtbar.","200","5","0","json_ld,host:www.mm-law.de","2026-06-19"
"ossenbruegge-und-gbr","Oßenbrügge & Partner GbR","ossenbruegge.de","https://ossenbruegge.de/karriere","playwright","","unknown","needs_browser","Seite wirkt JavaScript-/Pagination-getrieben.","200","0","0","js_app,host:ossenbruegge.de","2026-06-19"
"hafner-aurich","Hafner Aurich Rechtsanwälte","hafner-aurich.de","https://hafner-aurich.de","dom","","unknown","ready","Joblinks sind direkt im HTML sichtbar.","200","1","0","load_more,host:www.hafner-aurich.de","2026-06-19"
"barbara-von-petersdorff-campen","Barbara von Petersdorff-Campen","cfmm.de","https://cfmm.de","dom","","unknown","ready","Joblinks sind direkt im HTML sichtbar.","200","1","0","json_ld,pagination,blocked,js_app,host:www.cfmm.de","2026-06-19"
"kgh-firm-kreuzer-gossler-horlamus-and","KGH Law Firm Kreuzer Goßler Horlamus and Partners mbB","kgh.de","https://www.kgh.de/karriere/","dom","","unknown","ready","Joblinks sind direkt im HTML sichtbar.","200","7","0","json_ld,load_more,pagination,blocked,js_app,host:www.kgh.de","2026-06-19"
"ariathes","ARIATHES Rechtsanwälte","ariathes.eu","https://ariathes.eu/Karriere/index.html","dom","","unknown","ready","Joblinks sind direkt im HTML sichtbar.","200","1","0","host:ariathes.eu","2026-06-19"
"fluck-vonroemer","fluck-vonroemer","fluck-vonroemer.de","https://fluck-vonroemer.de","reader_or_llm","","unknown","blocked","Seite wirkt geblockt oder leer fuer normale Requests.","200","0","0","blocked,host:fluck-vonroemer.de","2026-06-19"
"ensenbach","ENSENBACH Rechtsanwälte","ensenbach-rechtsanwaelte.de","https://ensenbach-rechtsanwaelte.de/karriere","dom","","unknown","ready","Joblinks sind direkt im HTML sichtbar.","200","1","0","json_ld,host:ensenbach-rechtsanwaelte.de","2026-06-19"
"gkd-stagat-doubleday","GKD RECHTSANWÄLTE Stagat Doubleday PartG mbB","gkd-rechtsanwaelte.de","https://gkd-rechtsanwaelte.de","dom","","unknown","ready","Joblinks sind direkt im HTML sichtbar.","200","2","0","json_ld,pagination,blocked,host:www.gkd-rechtsanwaelte.de","2026-06-19"
"kjp-gbr","KJP GbR","kjp-web.de","https://www.kjp-web.de/karriere/karriere-bei-kjp","dom","","unknown","ready","Joblinks sind direkt im HTML sichtbar.","200","13","0","json_ld,host:www.kjp-web.de","2026-06-19"
"dr-brandner-und-dr-brandner-und-fachanwaelte","Dr. Brandner & Dr. Brandner Rechtsanwälte & Fachanwälte","drbrandner.de","https://drbrandner.de","embedded_json","","unknown","ready","Eingebettete strukturierte Jobdaten gefunden.","200","2","1","json_ld,pagination,blocked,js_app,host:drbrandner.de","2026-06-19"
"busch-essers","Busch Essers Rechtsanwälte Partnerschaft","busch.pro","https://busch.pro","playwright","","unknown","needs_browser","Seite wirkt JavaScript-/Pagination-getrieben.","200","0","0","json_ld,pagination,host:www.busch.pro","2026-06-19"
"dr-krause-und-kollegen","Dr. Krause & Kollegen","kanzlei-dr-krause.de","https://kanzlei-dr-krause.de","embedded_json","","unknown","ready","Eingebettete strukturierte Jobdaten gefunden.","200","1","1","json_ld,pagination,blocked,js_app,host:www.kanzlei-dr-krause.de","2026-06-19"
"rechtsanwaeltin-dr-babette-gaebhard","Rechtsanwältin Dr. Babette Gäbhard","gaebhard.de","https://gaebhard.de","dom","","unknown","ready","Joblinks sind direkt im HTML sichtbar.","200","6","0","json_ld,pagination,blocked,host:gaebhard.de","2026-06-19"
"andrej-klein","Rechtsanwalt Andrej Klein","dresden-klein.de","https://dresden-klein.de","dom","","unknown","ready","Joblinks sind direkt im HTML sichtbar.","200","9","0","json_ld,pagination,blocked,js_app,host:www.dresden-klein.de","2026-06-19"
"dietmar-heister-schottweg-1-graumannshof","Rechtsanwalt Dietmar Heister Schottweg 1 (""Graumannshof"")","anwaltheister.de","https://anwaltheister.de","llm_fallback","","unknown","fallback","Keine Jobs im HTML/JSON erkannt.","200","0","0","host:anwaltheister.de","2026-06-19"
"dr-sebastian-cramer","Dr. Sebastian Cramer","arzthaftung-cramer.de","https://arzthaftung-cramer.de","dom","","unknown","ready","Joblinks sind direkt im HTML sichtbar.","200","1","0","host:www.arzthaftung-cramer.de","2026-06-19"
"ra-buck","ra-buck","ra-buck.de","https://ra-buck.de","dom","","unknown","ready","Joblinks sind direkt im HTML sichtbar.","200","1","0","json_ld,pagination,host:ra-buck.de","2026-06-19"
"norbert-w-kirsch-fachanwaelte","Norbert W. Kirsch Rechtsanwalt, Fachanwälte*, Notar","ra-kirsch.de","https://www.ra-kirsch.de/kanzlei/karriere/","dom","","unknown","ready","Joblinks sind direkt im HTML sichtbar.","200","7","0","json_ld,blocked,host:www.ra-kirsch.de","2026-06-19"
"rechtsanwaltskanzlei-shb-scharnberg-hahn-bergmann-partnerschaftsgesellschaft","Rechtsanwaltskanzlei SHB Scharnberg Hahn Bergmann Partnerschaftsgesellschaft","kanzlei-shb.de","https://www.kanzlei-shb.de/unser-team","embedded_json","","unknown","ready","Eingebettete strukturierte Jobdaten gefunden.","200","5","3","json_ld,pagination,host:www.kanzlei-shb.de","2026-06-19"
"rechtsanwaltskanzlei-battenstein-und-battenstein","Rechtsanwaltskanzlei Battenstein & Battenstein","battenstein.com","https://battenstein.com","dom","","unknown","ready","Joblinks sind direkt im HTML sichtbar.","200","1","0","host:battenstein.com","2026-06-19"
"arno-saathoff","Kanzlei Arno Saathoff","rechtsanwalt-saathoff.de","https://rechtsanwalt-saathoff.de","dom","","unknown","ready","Joblinks sind direkt im HTML sichtbar.","200","1","0","json_ld,pagination,js_app,host:rechtsanwalt-saathoff.de","2026-06-19"
"pickel-und","Pickel & Partner mbB Wirtschaftsprüfer – Steuerberater – Rechtsanwälte","pickelundpartner.de","https://www.karriere-pickelundpartner.de/","playwright","","unknown","needs_browser","Seite wirkt JavaScript-/Pagination-getrieben.","200","0","0","pagination,host:www.karriere-pickelundpartner.de","2026-06-19"
"dr-kleffmann-und","Dr. Kleffmann und Partner Rechtsanwälte","dr-kleffmann.de","https://dr-kleffmann.de","dom","","unknown","ready","Joblinks sind direkt im HTML sichtbar.","200","3","0","json_ld,pagination,blocked,host:www.dr-kleffmann.de","2026-06-19"
"beckmannundnorda","beckmannundnorda","beckmannundnorda.de","https://beckmannundnorda.de","playwright","","unknown","needs_browser","Seite wirkt JavaScript-/Pagination-getrieben.","200","0","0","js_app,host:www.beckmannundnorda.de","2026-06-19"
"und-oliver-klostermann","Rechtsanwalt & Notar Oliver Klostermann","rechtsanwalt-klostermann.com","https://rechtsanwalt-klostermann.com","dom","","unknown","ready","Joblinks sind direkt im HTML sichtbar.","200","3","0","pagination,host:www.rechtsanwalt-klostermann.com","2026-06-19"
"hartmann-dahlmanns-jansen","HARTMANN DAHLMANNS JANSEN RECHTSANWÄLTE PARTGMBB","hd-anwalt.de","https://hd-anwalt.de/meta/karriere","dom","","unknown","ready","Joblinks sind direkt im HTML sichtbar.","200","1","0","host:hd-anwalt.de","2026-06-19"
"buschmann-und-goerguelue-gbr-markus-buschmann-und-erkan-goerguelue","Buschmann & Görgülü GbR Rechtsanwalt Markus Buschmann & Rechtsanwalt Erkan Görgülü","new.bsb-kanzlei.de","https://new.bsb-kanzlei.de","llm_fallback","","unknown","fallback","Keine Jobs im HTML/JSON erkannt.","200","0","0","host:new.bsb-kanzlei.de","2026-06-19"
"eisenbeis","EISENBEIS RECHTSANWÄLTE Partnerschaft mbB","eisenbeis-ra.de","https://www.eisenbeis-ra.de/jobs/","dom","","unknown","ready","Joblinks sind direkt im HTML sichtbar.","200","2","0","pagination,js_app,host:www.eisenbeis-ra.de","2026-06-19"
"und-korf-piehl-hegewald-und-burmester-partnergesellschaft","Rechtsanwälte & Steuerberater Korf, Piehl, Hegewald und Burmester Partnergesellschaft","adjuris-mv.de","https://adjuris-mv.de","dom","","unknown","ready","Joblinks sind direkt im HTML sichtbar.","200","2","0","json_ld,js_app,host:adjuris-mv.de","2026-06-19"
"schiffer-und-in-sp-p","Schiffer & Partner Rechtsanwälte in Partnerschaft mbB (SP§P),","schiffer.de","https://schiffer.de","dom","","unknown","ready","Joblinks sind direkt im HTML sichtbar.","200","6","0","host:www.schiffer.de","2026-06-19"
"anwaltkanzlei-dr-prutsch-und-schmidt","Anwaltkanzlei Dr. Prutsch & Schmidt","kanzlei-prutsch.de","https://kanzlei-prutsch.de","llm_fallback","","unknown","fallback","Keine Jobs im HTML/JSON erkannt.","200","0","0","host:kanzlei-prutsch.de","2026-06-19"
"buchner-und-kollegen","Buchner & Kollegen","kanzlei-buchner.de","https://kanzlei-buchner.de/karriere.php","dom","","unknown","ready","Joblinks sind direkt im HTML sichtbar.","200","3","0","host:kanzlei-buchner.de","2026-06-19"
"rechtsanwaltskanzlei-samy-hammad","Rechtsanwaltskanzlei Samy Hammad","hammad.de","https://hammad.de","dom","","unknown","ready","Joblinks sind direkt im HTML sichtbar.","200","2","0","pagination,blocked,host:www.hammad.de","2026-06-19"
"rechtsanwaltskanzlei-hermann","Rechtsanwaltskanzlei Hermann","ra-sabine-hermann.de","https://ra-sabine-hermann.de","embedded_json","","unknown","ready","Eingebettete strukturierte Jobdaten gefunden.","200","0","1","json_ld,host:www.kanzlei-sabine-hermann.de","2026-06-19"
"dr-schnitzer-rechtsanwalts","Dr. Schnitzer Rechtsanwalts GmbH","anwalt-dr-schnitzer.com","https://anwalt-dr-schnitzer.com/karriere/","dom","","unknown","ready","Joblinks sind direkt im HTML sichtbar.","200","6","0","json_ld,load_more,pagination,blocked,host:anwalt-dr-schnitzer.com","2026-06-19"
"herrmann-mey","herrmann-mey","herrmann-mey.de","https://herrmann-mey.de","llm_fallback","","unknown","fallback","Keine Jobs im HTML/JSON erkannt.","200","0","0","host:herrmann-mey.de","2026-06-19"
"rechtsanwaeltin-nicole-vieker-und-stefan-chatziparaskewas","Rechtsanwältin Nicole Vieker und Rechtsanwalt Stefan Chatziparaskewas","rae-vc.de","https://rae-vc.de","dom","","unknown","ready","Joblinks sind direkt im HTML sichtbar.","200","2","0","blocked,js_app,host:rae-vc.de","2026-06-19"
"fuer-erbrecht-fachanwalt-fuer-erbrecht-markus-maibach","Kanzlei für Erbrecht - Fachanwalt für Erbrecht Markus Maibach","erbrecht-maibach.de","https://erbrecht-maibach.de","dom","","unknown","ready","Joblinks sind direkt im HTML sichtbar.","200","3","0","js_app,host:www.erbrecht-maibach.de","2026-06-19"
"gatermann-weller-klingebiel-juengst-gbr-fachanwaelte","Gatermann Weller Klingebiel Jüngst GbR Rechtsanwälte Fachanwälte Notare","recht-siegerland.de","https://www.recht-siegerland.de/karriere","dom","","unknown","ready","Joblinks sind direkt im HTML sichtbar.","200","6","0","pagination,host:www.recht-siegerland.de","2026-06-19"
"nold-geiger","nold-geiger","nold-geiger.de","https://www.nold-geiger.de/content/steuerberater_rechtsanwalt/kanzlei/karriere/index.html","dom","","unknown","ready","Joblinks sind direkt im HTML sichtbar.","200","7","0","host:www.nold-geiger.de","2026-06-19"
"luppe-rothe","LUPPE + ROTHE Rechtsanwälte PartG mbB","luppe-rothe.de","https://www.luppe-rothe.de/kanzlei/karriere/","dom","","unknown","ready","Joblinks sind direkt im HTML sichtbar.","200","2","0","js_app,host:www.luppe-rothe.de","2026-06-19"
"pottgiesser-und","Pottgiesser & Partner, Rechtsanwälte","pottgiesser.de","https://pottgiesser.de","dom","","unknown","ready","Joblinks sind direkt im HTML sichtbar.","200","2","0","pagination,host:www.pottgiesser.de","2026-06-19"
"dr-cattien-und","DR. CATTIEN & PARTNER mbB Rechtsanwälte, Wirtschaftsprüfer, Steuerberater","cattien-pp.de","https://cattien-pp.de","dom","","unknown","ready","Joblinks sind direkt im HTML sichtbar.","200","7","0","host:cattien-pp.de","2026-06-19"
"kutscher-gbr","KUTSCHER Rechtsanwälte GbR","kutscher-rechtsanwaelte.eu","https://kutscher-rechtsanwaelte.eu","dom","","unknown","ready","Joblinks sind direkt im HTML sichtbar.","200","15","0","host:kutscher-rechtsanwaelte.eu","2026-06-19"
"joerg-krug-joerg-krug","Jörg Krug Rechtsanwalt Jörg Krug","kanzlei-krug.de","https://kanzlei-krug.de","playwright","","unknown","needs_browser","Seite wirkt JavaScript-/Pagination-getrieben.","200","0","0","json_ld,load_more,host:kanzlei-krug.de","2026-06-19"
"slk","slk-rechtsanwaelte","slk-rechtsanwaelte.de","https://www.slk-rechtsanwaelte.de/kanzlei/karriere/","dom","","unknown","ready","Joblinks sind direkt im HTML sichtbar.","200","24","0","json_ld,pagination,blocked,host:www.slk-rechtsanwaelte.de","2026-06-19"
"loeffler-und","LÖFFLER & PARTNER","lexmuc.com","https://lexmuc.com/zweigstellen/","dom","","unknown","ready","Joblinks sind direkt im HTML sichtbar.","200","2","0","pagination,blocked,host:lexmuc.com","2026-06-19"
"niestegge","NIESTEGGE Rechtsanwälte PartG mbB","niestegge.de","https://niestegge.de/#pageflow_navigation_ausbildung_karriere_4","dom","","unknown","ready","Joblinks sind direkt im HTML sichtbar.","200","18","0","host:niestegge.de","2026-06-19"
"maisenbacher-hort","Maisenbacher Hort + Partner","mhp-kanzlei.de","https://mhp-kanzlei.de/arbeiten-bei-mhp/","dom","","unknown","ready","Joblinks sind direkt im HTML sichtbar.","200","5","0","json_ld,pagination,blocked,js_app,host:mhp-kanzlei.de","2026-06-19"
"anwaelte-hoerth-breuninger-wilhelm-partmbb","Anwälte Hörth Breuninger Wilhelm PartmbB","ra-hoerth.de","https://www.ra-hoerth.de/2023/images/Stellenanzeige.pdf","llm_fallback","","unknown","fallback","Keine Jobs im HTML/JSON erkannt.","200","0","0","host:www.ra-hoerth.de","2026-06-19"
"horak","horak . Rechtsanwälte Partnerschaft mbB","bwlh.de","https://www.bwlh.de/anwaltskanzlei/Anwaltsnews/Stellenangebote/stellenangebote.html","dom","","unknown","ready","Joblinks sind direkt im HTML sichtbar.","200","36","0","host:www.bwlh.de","2026-06-19"
"dr-guenter-huberlaw-firm-dr-huber-und-colleagues","Dr. Günter HuberLaw firm Dr. Huber & colleagues","anwalt-freiburg.de","https://anwalt-freiburg.de","dom","","unknown","ready","Joblinks sind direkt im HTML sichtbar.","200","2","0","host:anwalt-freiburg.de","2026-06-19"
"rechtsanwaltlaumann","rechtsanwaltlaumann","rechtsanwaltlaumann.de","https://rechtsanwaltlaumann.de","playwright","","unknown","needs_browser","Seite wirkt JavaScript-/Pagination-getrieben.","200","0","0","pagination,host:rechtsanwaltlaumann.de","2026-06-19"
"gerd-klier","Rechtsanwalt Gerd Klier","anwaltskanzlei-klier.de","https://anwaltskanzlei-klier.de","dom","","unknown","ready","Joblinks sind direkt im HTML sichtbar.","200","1","0","json_ld,host:anwaltskanzlei-klier.de","2026-06-19"
"mueller","Kanzlei Müller","anwaltmueller.de","https://anwaltmueller.de","embedded_json","","unknown","ready","Eingebettete strukturierte Jobdaten gefunden.","200","0","2","json_ld,load_more,pagination,blocked,js_app,host:www.anwaltmueller.de","2026-06-19"
"heinsen","HEINSEN Rechtsanwälte","kanzlei-heinsen.de","https://kanzlei-heinsen.de","dom","","unknown","ready","Joblinks sind direkt im HTML sichtbar.","200","4","0","pagination,blocked,host:kanzlei-heinsen.de","2026-06-19"
"advocatia-anwaltskanzlei","ADVOCATIA Anwaltskanzlei","kanzlei-advocatia.de","https://kanzlei-advocatia.de","embedded_json","","unknown","ready","Eingebettete strukturierte Jobdaten gefunden.","200","7","2","json_ld,host:www.kanzlei-advocatia.de","2026-06-19"
"bundesrechtsanwaltskammer","Bundesrechtsanwaltskammer","bravsearch.bea-brak.de","https://bravsearch.bea-brak.de","playwright","","unknown","needs_browser","Seite wirkt JavaScript-/Pagination-getrieben.","200","0","0","pagination,host:bravsearch.bea-brak.de","2026-06-19"
"christoph-weber-fachanwalt-fuer-strafrecht-und-strafverteidiger","Christoph Weber Fachanwalt für Strafrecht Rechtsanwalt & Strafverteidiger","ra-c-weber.de","https://ra-c-weber.de","llm_fallback","","unknown","fallback","Keine Jobs im HTML/JSON erkannt.","200","0","0","host:ra-c-weber.de","2026-06-19"
"und-kth-und","Rechtsanwälte und Notare KTH & Partner","kth-partner.de","https://kth-partner.de/jobs/","dom","","unknown","ready","Joblinks sind direkt im HTML sichtbar.","200","5","0","json_ld,pagination,blocked,js_app,host:kth-partner.de","2026-06-19"
"rechtsanwaltskanzlei-herbert-koch-und-schatz","Rechtsanwaltskanzlei Herbert, Koch & Schatz","anwalt-offenbach.de","https://anwalt-offenbach.de","embedded_json","","unknown","ready","Eingebettete strukturierte Jobdaten gefunden.","200","2","1","json_ld,blocked,js_app,host:www.anwalt-offenbach.de","2026-06-19"
"fuer-medizinrecht-fa-medr-michael-zach","Kanzlei für Medizinrecht FA MedR Michael Zach","rechtsanwalt-zach.de","https://rechtsanwalt-zach.de","dom","","unknown","ready","Joblinks sind direkt im HTML sichtbar.","200","2","0","host:rechtsanwalt-zach.de","2026-06-19"
"huehne-klotz-und","Hühne Klotz & Partner mbB","h-k-p.de","https://www.h-k-p.de/#karriere","dom","","unknown","ready","Joblinks sind direkt im HTML sichtbar.","200","6","0","host:www.h-k-p.de","2026-06-19"
"bollinger-und-kollegen","Kanzlei Bollinger & Kollegen","ra-bollinger.de","https://ra-bollinger.de","dom","","unknown","ready","Joblinks sind direkt im HTML sichtbar.","200","8","0","json_ld,blocked,host:www.ra-bollinger.de","2026-06-19"
"michael-und-gbr","„MICHAEL Rechtsanwälte und Notare“ GbR","rae-michael.de","https://rae-michael.de","embedded_json","","unknown","ready","Eingebettete strukturierte Jobdaten gefunden.","200","2","2","json_ld,load_more,blocked,host:www.rae-michael.de","2026-06-19"
"richter","Kanzlei Richter Rechtsanwälte","kanzlei-jr.de","https://kanzlei-jr.de","dom","","unknown","ready","Joblinks sind direkt im HTML sichtbar.","200","1","0","blocked,host:www.kanzlei-jr.de","2026-06-19"
"hoehn-und-kollegen","Rechtsanwälte Höhn und Kollegen","rechtsanwalt-in-memmingen.de","https://rechtsanwalt-in-memmingen.de","dom","","unknown","ready","Joblinks sind direkt im HTML sichtbar.","200","5","0","host:rechtsanwalt-in-memmingen.de","2026-06-19"
"peters-und","Rechtsanwälte PETERS & PARTNER","rae-peters-partner.de","https://rae-peters-partner.de","llm_fallback","","unknown","fallback","Keine Jobs im HTML/JSON erkannt.","200","0","0","host:rae-peters-partner.de","2026-06-19"
"buchheim","buchheim-partner","buchheim-partner.de","https://buchheim-partner.de","dom","","unknown","ready","Joblinks sind direkt im HTML sichtbar.","200","10","0","pagination,blocked,host:buchheim-partner.de","2026-06-19"
"becker-und-jaap-rechtsanwaltsgesellschaft-mbh","BECKER & JAAP Rechtsanwaltsgesellschaft mbH","ra-becker-jaap.de","https://ra-becker-jaap.de","embedded_json","","unknown","ready","Eingebettete strukturierte Jobdaten gefunden.","200","1","1","json_ld,blocked,host:www.ra-becker-jaap.de","2026-06-19"
"v-berg","v. Berg - Rechtsanwälte","b-b-z.de","https://b-b-z.de","llm_fallback","","unknown","fallback","Keine Jobs im HTML/JSON erkannt.","200","0","0","host:b-b-z.de","2026-06-19"
"hieronimi","Hieronimi Rechtsanwälte","kanzlei-hieronimi.de","https://kanzlei-hieronimi.de","embedded_json","","unknown","ready","Eingebettete strukturierte Jobdaten gefunden.","200","2","1","json_ld,pagination,blocked,host:kanzlei-hieronimi.de","2026-06-19"
"volker-grundmann-schuetzenstrasse","Rechtsanwalt Volker Grundmann, Schützenstraße","immorecht.net","https://immorecht.net","dom","","unknown","ready","Joblinks sind direkt im HTML sichtbar.","200","3","0","pagination,blocked,host:www.immorecht.net","2026-06-19"
"marc-nicolas-eichenherr","Rechtsanwalt Marc-Nicolas Eichenherr","ra-eichenherr.de","https://ra-eichenherr.de","dom","","unknown","ready","Joblinks sind direkt im HTML sichtbar.","200","1","0","host:ra-eichenherr.de","2026-06-19"
"legtech-ug-haftungsbeschraenkt","LegTech UG (haftungsbeschränkt)","scheidung.com","https://scheidung.com/10-beste-tipps-ehevertrag-erstellen.html","dom","","unknown","ready","Joblinks sind direkt im HTML sichtbar.","200","6","0","host:scheidung.com","2026-06-19"
"anwaltskanzlei-walter-m-huber","Anwaltskanzlei Walter M. Huber","ra-huber.de","https://ra-huber.de","dom","","unknown","ready","Joblinks sind direkt im HTML sichtbar.","200","3","0","json_ld,blocked,host:www.ra-huber.de","2026-06-19"
"ameleo","ameleo","ameleo.com","https://ameleo.com","dom","","unknown","ready","Joblinks sind direkt im HTML sichtbar.","200","1","0","json_ld,pagination,blocked,host:www.ameleo.com","2026-06-19"
"erbrechtler","erbrechtler","erbrechtler.com","https://erbrechtler.com/karriere/","embedded_json","","unknown","ready","Eingebettete strukturierte Jobdaten gefunden.","200","1","1","json_ld,pagination,blocked,host:erbrechtler.com","2026-06-19"
"dwp-rechtsanwaltsgesellschaft-mbh","DWP Rechtsanwaltsgesellschaft mbH","dwp-rag.net","https://dwp-rag.de/rechtliche-schwerpunkte/#tankstellenrecht","playwright","","unknown","needs_browser","Seite wirkt JavaScript-/Pagination-getrieben.","200","0","0","json_ld,pagination,blocked,host:dwp-rag.de","2026-06-19"
"und-thorsten-falz","Rechtsanwalt und Notar Thorsten Falz","kanzlei-falz.de","https://kanzlei-falz.de","dom","","unknown","ready","Joblinks sind direkt im HTML sichtbar.","200","2","0","blocked,js_app,host:www.kanzlei-falz.de","2026-06-19"
"stefanie-conrad-rechtsanwaeltin","Stefanie Conrad Rechtsanwältin","kanzleiconrad.de","https://kanzleiconrad.de","playwright","","unknown","needs_browser","Seite wirkt JavaScript-/Pagination-getrieben.","200","0","0","js_app,host:kanzleiconrad.de","2026-06-19"
"antje-conradt-noll","Antje Conradt-Noll","conradt-noll.de","https://conradt-noll.de","dom","","unknown","ready","Joblinks sind direkt im HTML sichtbar.","200","2","0","json_ld,load_more,pagination,blocked,host:www.conradt-noll.de","2026-06-19"
"c-p-a-steuerberatungsgesellschaft-mbh-und-co","C.P.A. Steuerberatungsgesellschaft mbH & Co. KG","cpa-gruppe.de","https://www.cpa-gruppe.de/karriere.html","dom","","unknown","ready","Joblinks sind direkt im HTML sichtbar.","200","3","0","host:www.cpa-gruppe.de","2026-06-19"
"anwaltskanzlei-stammen-grote","Anwaltskanzlei Stammen-Grote","stammen-grote.de","https://www.stammen-grote.de/dokumente/vollmacht-generator/","embedded_json","","unknown","ready","Eingebettete strukturierte Jobdaten gefunden.","200","5","5","json_ld,load_more,pagination,js_app,host:www.stammen-grote.de","2026-06-19"
"kaiser-und-sozien-mit-beschraenkter-berufshaftung","KAISER & SOZIEN Partnerschaft mit beschränkter Berufshaftung","kaisersozien.de","https://www.kaisersozien.de/karrieren/","dom","","unknown","ready","Joblinks sind direkt im HTML sichtbar.","200","19","0","json_ld,pagination,js_app,host:www.kaisersozien.de","2026-06-19"
"lutz-w-formanski","Rechtsanwalt Lutz W. FORMANSKI","erbrecht-anwalt-erfurt.de","https://erbrecht-anwalt-erfurt.de","dom","","unknown","ready","Joblinks sind direkt im HTML sichtbar.","200","2","0","host:www.erbrecht-anwalt-erfurt.de","2026-06-19"
"bogdanow-und-kollegen","Rechtsanwälte Bogdanow & Kollegen","rae-bogdanow.de","https://rae-bogdanow.de","dom","","unknown","ready","Joblinks sind direkt im HTML sichtbar.","200","5","0","host:rae-bogdanow.de","2026-06-19"
"njr-anwalts-und-fachanwaltskanzlei-neuner-jehle","NJR Anwalts- und Fachanwaltskanzlei Neuner-Jehle","neuner-jehle.de","https://neuner-jehle.de","dom","","unknown","ready","Joblinks sind direkt im HTML sichtbar.","200","5","0","json_ld,pagination,blocked,host:neuner-jehle.de","2026-06-19"
"patent-und-rechtsanwaltspartnerschaft","Patent- und Rechtsanwaltspartnerschaft mbB","advotec.de","https://advotec.de","playwright","","unknown","needs_browser","Seite wirkt JavaScript-/Pagination-getrieben.","200","0","0","pagination,blocked,host:advotec.de","2026-06-19"
"oster","kanzlei-oster","kanzlei-oster.de","https://kanzlei-oster.de","dom","","unknown","ready","Joblinks sind direkt im HTML sichtbar.","200","4","0","blocked,host:www.kanzlei-oster.de","2026-06-19"
"apraxa-eg","Apraxa eG","apraxa.de","https://apraxa.de","dom","","unknown","ready","Joblinks sind direkt im HTML sichtbar.","200","3","0","host:www.apraxa.de","2026-06-19"
"andr-mosler","Rechtsanwalt André Mosler","rechtsanwalt-mosler.de","https://rechtsanwalt-mosler.de","dom","","unknown","ready","Joblinks sind direkt im HTML sichtbar.","200","3","0","json_ld,pagination,host:rechtsanwalt-mosler.de","2026-06-19"
"bauer-und-broecker","BAUER & BRÖCKER Rechtsanwälte Partnerschaft mbB","rechtsanwaelte-bb.de","https://rechtsanwaelte-bb.de","dom","","unknown","ready","Joblinks sind direkt im HTML sichtbar.","200","3","0","json_ld,pagination,host:www.rechtsanwaelte-bb.de","2026-06-19"
"menz-und-attorneys-at-tax-consultants","Menz & Partner Attorneys at Law Tax Consultants","menzundpartner.de","https://menzundpartner.de/jobs","playwright","","unknown","needs_browser","Seite wirkt JavaScript-/Pagination-getrieben.","200","0","0","blocked,js_app,host:menzundpartner.de","2026-06-19"
"kubik-und-kollegen","Rechtsanwälte Kubik & Kollegen","rae-kubik.de","https://rae-kubik.de","embedded_json","","unknown","ready","Eingebettete strukturierte Jobdaten gefunden.","200","0","2","json_ld,blocked,host:www.rae-kubik.de","2026-06-19"
"ahls-hoelting-dr-becker","AHLS HÖLTING DR. BECKER","ahls-anwaelte.de","https://ahls-anwaelte.de","dom","","unknown","ready","Joblinks sind direkt im HTML sichtbar.","200","4","0","host:www.ahls-anwaelte.de","2026-06-19"
"rechtsanwaltskanzlei-schaalo","Rechtsanwaltskanzlei Schaalo","rechtsanwaltschaalo.de","https://rechtsanwaltschaalo.de","embedded_json","","unknown","ready","Eingebettete strukturierte Jobdaten gefunden.","200","1","1","json_ld,host:www.rechtsanwaltschaalo.de","2026-06-19"
"rwt-reutlinger-wirtschaftstreuhand","RWT Reutlinger Wirtschaftstreuhand GmbH","rwt-gruppe.de","https://www.rwt-gruppe.de/karriere","dom","","unknown","ready","Joblinks sind direkt im HTML sichtbar.","200","5","0","json_ld,host:www.rwt-gruppe.de","2026-06-19"
"depr-rechtsanwalts","Depré RECHTSANWALTS AG","depre.de","https://www.depre.de/ueber-uns/karriere/","dom","","unknown","ready","Joblinks sind direkt im HTML sichtbar.","200","5","0","json_ld,js_app,host:www.depre.de","2026-06-19"
"rechtsanwaeltin-margot-rheinheimer-bradtke","Rechtsanwältin Margot Rheinheimer-Bradtke","ra-rheinheimer.de","https://ra-rheinheimer.de","dom","","unknown","ready","Joblinks sind direkt im HTML sichtbar.","200","5","0","host:ra-rheinheimer.de","2026-06-19"
"fiedler-zmija-und-partnerschaftsgesellschaft","Fiedler, Zmija & Partner, Rechtsanwälte Partnerschaftsgesellschaft","fiedler-law.de","https://www.fiedler-law.de/stellenausschreibungen/","dom","","unknown","ready","Joblinks sind direkt im HTML sichtbar.","200","2","0","json_ld,host:www.fiedler-law.de","2026-06-19"
"und-marius-hebebrand","Notar & Rechtsanwalt Marius Hebebrand","hebebrand.net","https://hebebrand.net","dom","","unknown","ready","Joblinks sind direkt im HTML sichtbar.","200","4","0","json_ld,pagination,blocked,js_app,host:hebebrand.net","2026-06-19"
"anwaltskanzlei-lenn","Anwaltskanzlei Lenné","anwalt-leverkusen.de","https://www.anwalt-leverkusen.de/kanzlei/karriere.html","embedded_json","","unknown","ready","Eingebettete strukturierte Jobdaten gefunden.","200","8","2","json_ld,blocked,host:www.anwalt-leverkusen.de","2026-06-19"
"rechtsanwaltskanzlei-hofmann-und-hofmann","Rechtsanwaltskanzlei Hofmann & Hofmann","ra-hofmann-regensburg.de","https://ra-hofmann-regensburg.de","embedded_json","","unknown","ready","Eingebettete strukturierte Jobdaten gefunden.","200","3","1","json_ld,blocked,host:www.ra-hofmann-regensburg.de","2026-06-19"
"haus-und-grund-darmstadt-e-v","Haus & Grund Darmstadt e.V.","hug-da.de","https://hug-da.de","dom","","unknown","ready","Joblinks sind direkt im HTML sichtbar.","200","1","0","pagination,host:www.hug-da.de","2026-06-19"
"rechtsanwaeltin-susanne-haussmann","Rechtsanwältin Susanne Haussmann","kanzlei-haussmann.de","https://kanzlei-haussmann.de","dom","","unknown","ready","Joblinks sind direkt im HTML sichtbar.","200","1","0","json_ld,pagination,blocked,host:kanzlei-haussmann.de","2026-06-19"
"ra-gerhard-jaeger-rain-claudia-frey-ra-alexander-forschner","RA Gerhard Jäger, RAin Claudia Frey, RA Alexander Forschner","autenrieth-jaeger.de","https://autenrieth-jaeger.de","dom","","unknown","ready","Joblinks sind direkt im HTML sichtbar.","200","1","0","host:autenrieth-jaeger.de","2026-06-19"
"hullerum","hullerum","hullerum.de","https://hullerum.de","llm_fallback","","unknown","fallback","Keine Jobs im HTML/JSON erkannt.","200","0","0","host:hullerum.de","2026-06-19"
"anwaltskanzlei-brugger-und-schiessle","Anwaltskanzlei Brugger & Schießle","anwaltskanzlei-vs.de","https://anwaltskanzlei-vs.de","playwright","","unknown","needs_browser","Seite wirkt JavaScript-/Pagination-getrieben.","200","0","0","pagination,blocked,host:www.anwaltskanzlei-vs.de","2026-06-19"
"lsh-rechts-und-fachanwaelte-partmbb","LSH Rechts- und Fachanwälte PartmbB","lsh-anwaltskanzlei.de","https://lsh-anwaltskanzlei.de","dom","","unknown","ready","Joblinks sind direkt im HTML sichtbar.","200","5","0","json_ld,load_more,pagination,host:lsh-anwaltskanzlei.de","2026-06-19"
"rechtsanwaeltin-christine-kofler-kofler","Rechtsanwältin Christine Kofler KANZLEI KOFLER","kanzlei-kofler.de","https://kanzlei-kofler.de","llm_fallback","","unknown","fallback","Keine Jobs im HTML/JSON erkannt.","200","0","0","host:www.kanzlei-kofler.de","2026-06-19"
"rechtsanwaltskanzlei-dr-lars-c-barnewitz","Rechtsanwaltskanzlei Dr. Lars C. Barnewitz","ra-barnewitz.de","https://ra-barnewitz.de/karriere/","dom","","unknown","ready","Joblinks sind direkt im HTML sichtbar.","200","4","0","json_ld,pagination,blocked,host:ra-barnewitz.de","2026-06-19"
"bettina-lesch-lasaridis","Bettina Lesch-Lasaridis","kanzlei-lesch.de","https://kanzlei-lesch.de/kontakt/online-bewerbung/","dom","","unknown","ready","Joblinks sind direkt im HTML sichtbar.","200","3","0","json_ld,pagination,js_app,host:kanzlei-lesch.de","2026-06-19"
"heuser-und-mannel-gbr","Heuser & Mannel Rechtsanwälte GbR","hemateam.de","https://hemateam.de","dom","","unknown","ready","Joblinks sind direkt im HTML sichtbar.","200","1","0","json_ld,blocked,host:www.hemateam.de","2026-06-19"
"jochen-hoerner","Jochen Hörner Rechtsanwalt","ra-hoerner.de","https://ra-hoerner.de","llm_fallback","","unknown","fallback","Keine Jobs im HTML/JSON erkannt.","200","0","0","host:www.ra-hoerner.de","2026-06-19"
"nierfeld-rechtsanwaltskanzlei","NIERFELD Rechtsanwaltskanzlei","rechtsanwalt-nierfeld.de","https://www.rechtsanwalt-nierfeld.de/#","dom","","unknown","ready","Joblinks sind direkt im HTML sichtbar.","200","4","0","json_ld,load_more,pagination,blocked,host:www.rechtsanwalt-nierfeld.de","2026-06-19"
"dr-ehlers","Kanzlei Dr. Ehlers","kanzlei-drehlers.de","https://kanzlei-drehlers.de","playwright","","unknown","needs_browser","Seite wirkt JavaScript-/Pagination-getrieben.","200","0","0","json_ld,blocked,js_app,host:www.kanzlei-drehlers.de","2026-06-19"
"miz-steuerberatung-gbr","MIZ Steuerberatung GbR","miz.de","https://miz-karriere.de/","dom","","unknown","ready","Joblinks sind direkt im HTML sichtbar.","200","33","0","json_ld,host:www.miz-karriere.de","2026-06-19"
"sandhaus-grodnio","Sandhaus Grodnio Rechtsanwälte Partnerschaft mbB","kanzlei-emsland.de","https://www.kanzlei-emsland.de/Karriere.html","dom","","unknown","ready","Joblinks sind direkt im HTML sichtbar.","200","3","0","host:www.kanzlei-emsland.de","2026-06-19"
"bdp-team","bdp-team","bdp-team.de","https://www.bdp-team.de/stellenangebote","dom","","unknown","ready","Joblinks sind direkt im HTML sichtbar.","200","15","0","host:www.bdp-team.de","2026-06-19"
"costard-toegel-und","Costard Tögel & Partner","costard-toegel.de","https://costard-toegel.de","embedded_json","","unknown","ready","Eingebettete strukturierte Jobdaten gefunden.","200","2","1","json_ld,blocked,host:costard-toegel.de","2026-06-19"
"ra-hilmar-pickartz","RA Hilmar Pickartz","kanzlei-pickartz.de","https://kanzlei-pickartz.de","dom","","unknown","ready","Joblinks sind direkt im HTML sichtbar.","200","3","0","json_ld,load_more,pagination,blocked,js_app,host:kanzlei-pickartz.de","2026-06-19"
"badde-und","Rechtsanwälte Badde & Partner PartGmbB","kanzlei-bottrop.de","https://kanzlei-bottrop.de","embedded_json","","unknown","ready","Eingebettete strukturierte Jobdaten gefunden.","200","6","1","json_ld,host:www.kanzlei-bottrop.de","2026-06-19"
"und-fachanwaelte-in-buerogemeinschaft-dr-henning-hillers-dr-michael-streit-dr-joerg-behrends","Rechtsanwälte und Fachanwälte in Bürogemeinschaft Dr. Henning Hillers, Dr. Michael Streit, Dr. Jörg Behrends","hsc-ol.de","https://hsc-ol.de","dom","","unknown","ready","Joblinks sind direkt im HTML sichtbar.","200","1","0","pagination,host:www.hsc-ol.de","2026-06-19"
"menssen-kuehn-moeller-achilles-baumgaertel","Menssen Kühn Möller Achilles-Baumgärtel","mrkra.de","https://mrkra.de","dom","","unknown","ready","Joblinks sind direkt im HTML sichtbar.","200","1","0","host:www.mrkra.de","2026-06-19"
"ahs-dr-antoni-und-haverkamp-gbr","AHS Rechtsanwälte Dr. Antoni & Haverkamp GbR","ahs-kanzlei.de","https://www.ahs-kanzlei.de/de/insolvenzantrag-stellen","embedded_json","","unknown","ready","Eingebettete strukturierte Jobdaten gefunden.","200","12","1","json_ld,blocked,host:www.ahs-kanzlei.de","2026-06-19"
"spanowsky-und-dietrich","Kanzlei Spanowsky & Dietrich","kanzlei-sd.de","https://kanzlei-sd.de","dom","","unknown","ready","Joblinks sind direkt im HTML sichtbar.","200","11","0","json_ld,pagination,host:kanzlei-sd.de","2026-06-19"
"fachanwaelte-gesterkamp","Rechtsanwälte Fachanwälte Gesterkamp PartGmbB","gesterkamp.net","https://gesterkamp.net/karriere/","dom","","unknown","ready","Joblinks sind direkt im HTML sichtbar.","200","16","0","json_ld,pagination,blocked,js_app,host:gesterkamp.net","2026-06-19"
"reinhard-lebek-anna-lindenberg-und-joerg-seppelt","Rechtsanwälte Reinhard Lebek, Anna Lindenberg und Jörg Seppelt","rae-bos.de","https://rae-bos.de","dom","","unknown","ready","Joblinks sind direkt im HTML sichtbar.","200","14","0","host:rae-bos.de","2026-06-19"
"kanzleibecker","kanzleibecker","kanzleibecker.com","https://kanzleibecker.com","dom","","unknown","ready","Joblinks sind direkt im HTML sichtbar.","200","28","0","json_ld,pagination,host:www.kanzleibecker.com","2026-06-19"
"no-l-waffenschmidt-und-gueldenberg-gbr","Noël, Waffenschmidt und Güldenberg GbR","noel-waffenschmidt.de","https://www.noel-waffenschmidt.de/stellenanzeigen/","dom","","unknown","ready","Joblinks sind direkt im HTML sichtbar.","200","3","0","host:www.noel-waffenschmidt.de","2026-06-19"
"dr-hoeckelmann-berger-und-partnerschaftsgesellschaft","Rechtsanwälte Dr. Höckelmann, Berger & Partner, Partnerschaftsgesellschaft mbB","hbp-net.de","https://hbp-net.de","dom","","unknown","ready","Joblinks sind direkt im HTML sichtbar.","200","2","0","host:hbp-net.de","2026-06-19"
"und-fachanwalt-fuer-strafrecht-johannes-b-kagerer","Rechtsanwalt und Fachanwalt für Strafrecht Johannes B. Kagerer","rechtsanwalt-kagerer.de","https://rechtsanwalt-kagerer.de","llm_fallback","","unknown","request_error","HTTPError","","0","0","","2026-06-19"
"anwalt-arbeitsrecht24","anwalt-arbeitsrecht24","anwalt-arbeitsrecht24.de","https://anwalt-arbeitsrecht24.de","llm_fallback","","unknown","fallback","Keine Jobs im HTML/JSON erkannt.","200","0","0","host:anwalt-arbeitsrecht24.de","2026-06-19"
"fuer-berufsunfaehigkeit-ostheim-und-klaus-partmbb","Rechtsanwälte für Berufsunfähigkeit Ostheim & Klaus PartmbB","ok-rechtsanwaelte.de","https://ok-rechtsanwaelte.de","dom","","unknown","ready","Joblinks sind direkt im HTML sichtbar.","200","2","0","json_ld,blocked,host:www.ok-rechtsanwaelte.de","2026-06-19"
"goergen-und-simmern","Görgen & Partner Simmern PartGmbB","goergen.de","https://www.goergen.de/karriere/","dom","","unknown","ready","Joblinks sind direkt im HTML sichtbar.","200","6","0","json_ld,host:www.goergen.de","2026-06-19"
"rainerferslev","rainerferslev","rainerferslev.de","https://rainerferslev.de","dom","","unknown","ready","Joblinks sind direkt im HTML sichtbar.","200","1","0","host:rainerferslev.de","2026-06-19"
"anwaltskanzlei-shp-schmitt-hartmann-protte-und","Anwaltskanzlei SHP Schmitt, Hartmann, Protte & Partner","shp-anwaltskanzlei.de","https://www.shp-anwaltskanzlei.de/einigungsstellenverfahren.html","dom","","unknown","ready","Joblinks sind direkt im HTML sichtbar.","200","1","0","blocked,host:www.shp-anwaltskanzlei.de","2026-06-19"
"bernhard-schulte","Bernhard Schulte","ra-schulte.net","https://ra-schulte.net","llm_fallback","","unknown","request_error","ConnectTimeout","","0","0","","2026-06-19"
"gollub-klemeyer-fachanwaelte","Gollub Klemeyer Fachanwälte - Partnerschaft mbB.","gollub-klemeyer.de","https://www.gollub-klemeyer.de/stellenangebote/","dom","","unknown","ready","Joblinks sind direkt im HTML sichtbar.","200","3","0","json_ld,pagination,host:www.gollub-klemeyer.de","2026-06-19"
"hans-theisen","Rechtsanwalt Hans Theisen","ra-th.de","https://ra-th.de","embedded_json","","unknown","ready","Eingebettete strukturierte Jobdaten gefunden.","200","4","1","json_ld,pagination,blocked,host:www.ra-th.de","2026-06-19"
"centro-de-la-raza","Centro Legal de la Raza","legal.de","https://legal.de","llm_fallback","","unknown","request_error","SSLError","","0","0","","2026-06-19"
"ra-bgh-dr-erich-waclawik","RA (BGH) Dr. Erich Waclawik","waclawik-bghanwalt.de","https://waclawik-bghanwalt.de/karriere.html","dom","","unknown","ready","Joblinks sind direkt im HTML sichtbar.","200","1","0","host:waclawik-bghanwalt.de","2026-06-19"
"pro","PRO LAW Rechtsanwälte","pro-law.eu","https://www.pro-law.eu/karriere/","dom","","unknown","ready","Joblinks sind direkt im HTML sichtbar.","200","2","0","host:www.pro-law.eu","2026-06-19"
"groll-gross-und-steiner-und-partmbb","Kanzlei Groll, Gross & Steiner Rechtsanwälte und Steuerberater PartmbB","groll-gross-steiner.de","https://groll-gross-steiner.de/karriere#stellen","dom","","unknown","ready","Joblinks sind direkt im HTML sichtbar.","200","9","0","host:www.groll-gross-steiner.de","2026-06-19"
"legalbird","Legalbird","legalbird.de","https://legalbird.de","llm_fallback","","unknown","fallback","Keine Jobs im HTML/JSON erkannt.","200","0","0","host:www.legalbird.de","2026-06-19"
"anwaltskanzlei-corinna-wehran-itschert","Anwaltskanzlei Corinna Wehran-Itschert","anwaeltin-koblenz.de","https://anwaeltin-koblenz.de/stellenausschreibungen","dom","","unknown","ready","Joblinks sind direkt im HTML sichtbar.","200","3","0","pagination,host:anwaeltin-koblenz.de","2026-06-19"
"stork-bamberger","Stork Bamberger","stork-bamberger.de","https://www.stork-bamberger.de/karriere.html","llm_fallback","","unknown","fallback","Keine Jobs im HTML/JSON erkannt.","200","0","0","host:www.stork-bamberger.de","2026-06-19"
"florett-und-falke","Florett & Falke","florett-falke.de","https://florett-falke.de/karriere","dom","","unknown","ready","Joblinks sind direkt im HTML sichtbar.","200","1","0","json_ld,host:florett-falke.de","2026-06-19"
"slb-muenster","SLB Münster","slb-ms.de","https://www.slb-ms.de/karriere","playwright","","unknown","needs_browser","Seite wirkt JavaScript-/Pagination-getrieben.","200","0","0","pagination,js_app,host:www.slb-ms.de","2026-06-19"
"dillerup-und-rohn","Dillerup & Rohn Rechtsanwälte","dr-rechtsanwaelte.de","https://www.dr-rechtsanwaelte.de/karriere/","dom","","unknown","ready","Joblinks sind direkt im HTML sichtbar.","200","1","0","json_ld,host:www.dr-rechtsanwaelte.de","2026-06-19"
"arfmann","ARFMANN Rechtsanwälte","arfmann-recht.de","https://arfmann-recht.de","playwright","","unknown","needs_browser","Seite wirkt JavaScript-/Pagination-getrieben.","200","0","0","js_app,host:arfmann-recht.de","2026-06-19"
"vkk-patentanwaelte","VKK Patentanwälte","vkkpatent.com","https://vkkpatent.com/karriere/","dom","","unknown","ready","Joblinks sind direkt im HTML sichtbar.","200","3","0","host:vkkpatent.com","2026-06-19"
"baier-depner","Baier Depner Rechtsanwälte","bd-kanzlei.de","https://www.bd-kanzlei.de/karriere/","dom","","unknown","ready","Joblinks sind direkt im HTML sichtbar.","200","3","0","json_ld,host:www.bd-kanzlei.de","2026-06-19"
"hb-ecommerce","HB-Ecommerce","hb-ecommerce.eu","https://www.haendlerbund.de/de/ratgeber/marketing/tiktok-shop-verkaufen","embedded_json","","unknown","ready","Eingebettete strukturierte Jobdaten gefunden.","200","13","2","json_ld,js_app,host:www.haendlerbund.de","2026-06-19"
"on-collect","on-collect","on-collect.de","https://www.on-collect.de/karriere/","playwright","","unknown","needs_browser","Seite wirkt JavaScript-/Pagination-getrieben.","200","0","0","json_ld,pagination,js_app,host:www.on-collect.de","2026-06-19"
"bks-steuerberatungsgesellschaft-in","BKS Steuerberatungsgesellschaft in Partnerschaft mbB","bks-stbg.de","https://bks-stbg.de/bks-steuerberatungsgesellschaft-karriere.html","dom","","unknown","ready","Joblinks sind direkt im HTML sichtbar.","200","6","0","host:bks-stbg.de","2026-06-19"
"sfw-arbeitsrecht","SFW Arbeitsrecht","sfw-arbeitsrecht.de","https://www.sfw-arbeitsrecht.de/category/jobs-karriere/","embedded_json","","unknown","ready","Eingebettete strukturierte Jobdaten gefunden.","200","3","1","json_ld,pagination,blocked,host:www.sfw-arbeitsrecht.de","2026-06-19"
"budin","Budin","budin.de","https://budin.de","dom","","unknown","ready","Joblinks sind direkt im HTML sichtbar.","200","4","0","pagination,js_app,host:www.budin.de","2026-06-19"
"moellenhoff","Möllenhoff Rechtsanwälte","ra-moellenhoff.de","https://www.ra-moellenhoff.de/de/kanzlei/jobkarriere/","dom","","unknown","ready","Joblinks sind direkt im HTML sichtbar.","200","8","0","host:www.ra-moellenhoff.de","2026-06-19"
"bbors-kreuznacht","BBORS Kreuznacht","bbors-kreuznacht.de","https://www.bbors-kreuznacht.de/karriere/index.html","dom","","unknown","ready","Joblinks sind direkt im HTML sichtbar.","200","12","0","blocked,host:www.bbors-kreuznacht.de","2026-06-19"
"dr-steffen-und","Dr. Steffen & Partner mbB","dr-steffen-partner.com","https://www.dr-steffen-partner.com/karriere/","dom","","unknown","ready","Joblinks sind direkt im HTML sichtbar.","200","1","0","json_ld,blocked,host:www.dr-steffen-partner.com","2026-06-19"
"dr-steffen-und","Dr. Steffen & Partner","dr.steffen-partner.com","https://dr.steffen-partner.com","llm_fallback","","unknown","request_error","SSLError","","0","0","","2026-06-19"
"andresen-rostock","Andresen Rechtsanwälte Rostock","ar-law.de","https://andresenlegal.de/karriere/","dom","","unknown","ready","Joblinks sind direkt im HTML sichtbar.","200","4","0","json_ld,load_more,host:andresenlegal.de","2026-06-19"
"bernhard-pelke","Bernhard Pelke","notar-pelke.de","https://notar-pelke.de","llm_fallback","","unknown","request_error","SSLError","","0","0","","2026-06-19"
"advojur","Advojur Rechtsanwälte","advojur.eu","https://advojur.eu/elementor-993/","dom","","unknown","ready","Joblinks sind direkt im HTML sichtbar.","200","1","0","pagination,js_app,host:advojur.eu","2026-06-19"
"schaeufele-zerfowski-holderbaum","Schäufele Zerfowski Holderbaum","rechtsanwaelte-szh.de","https://rechtsanwaelte-szh.de/karriere/","dom","","unknown","ready","Joblinks sind direkt im HTML sichtbar.","200","1","0","json_ld,pagination,blocked,host:rechtsanwaelte-szh.de","2026-06-19"
"wirtschaftskanzlei-beratungsgruppe","Wirtschaftskanzlei Beratungsgruppe","wirtschaftskanzlei-beratungsgruppe.de","https://wirtschaftskanzlei-beratungsgruppe.de","llm_fallback","","unknown","request_error","ConnectionError","","0","0","","2026-06-19"
"gehrlein-und-kollegen","Gehrlein & Kollegen","gehrlein-u-kollegen.de","https://gehrlein-u-kollegen.de","llm_fallback","","unknown","request_error","SSLError","","0","0","","2026-06-19"
"strafverteidiger-goebel-und","Strafverteidiger Göbel & Partner","strafverteidiger-gp.de","https://strafverteidiger-gp.de/strafverteidiger/jobst-harald-kriebitzsch","embedded_json","","unknown","ready","Eingebettete strukturierte Jobdaten gefunden.","200","3","1","json_ld,js_app,host:strafverteidiger-gp.de","2026-06-19"
"schneider-versicherungsrecht","Schneider Versicherungsrecht","schneider-law.de","https://schneider-law.de/kanzlei/karriere/","dom","","unknown","ready","Joblinks sind direkt im HTML sichtbar.","200","1","0","json_ld,pagination,js_app,host:schneider-law.de","2026-06-19"
"holger-leukel","Notar Holger Leukel","notar-leukel.de","https://notar-leukel.de/Karriere/","dom","","unknown","ready","Joblinks sind direkt im HTML sichtbar.","200","3","0","host:notar-leukel.de","2026-06-19"
"katja-flemming-ra","Katja Flemming RA","ra-katjaflemming.de","https://ra-katjaflemming.de","llm_fallback","","unknown","fallback","Keine Jobs im HTML/JSON erkannt.","200","0","0","host:www.ra-katjaflemming.de","2026-06-19"
"gerken","GERKEN Rechtsanwälte","wir-steuern-recht.de","https://wir-steuern-recht.de/karriere/","dom","","unknown","ready","Joblinks sind direkt im HTML sichtbar.","200","6","0","json_ld,pagination,blocked,js_app,host:wir-steuern-recht.de","2026-06-19"
"fuhlrott-arbeitsrecht","Fuhlrott Arbeitsrecht","fuhlrott-arbeitsrecht.de","https://www.fuhlrott-arbeitsrecht.de/karriere/","llm_fallback","","unknown","fallback","Keine Jobs im HTML/JSON erkannt.","200","0","0","json_ld,host:www.fuhlrott-arbeitsrecht.de","2026-06-19"
"msbh-hamburg","MSBH Rechtsanwälte Steuerberater Hamburg","msbh-hamburg.de","https://msbh-hamburg.de","dom","","unknown","ready","Joblinks sind direkt im HTML sichtbar.","200","1","0","json_ld,pagination,host:www.msbh-hamburg.de","2026-06-19"
"bernzen","BERNZEN Rechtsanwälte","bernzen-partner.de","https://bernzen-partner.de","dom","","unknown","ready","Joblinks sind direkt im HTML sichtbar.","200","2","0","json_ld,host:www.bernzen-partner.de","2026-06-19"
"anwaltskanzlei-brueckner","Anwaltskanzlei Brückner","anwaltskanzlei-brueckner.de","https://anwaltskanzlei-brueckner.de","llm_fallback","","unknown","fallback","Keine Jobs im HTML/JSON erkannt.","200","0","0","host:www.anwaltskanzlei-brueckner.de","2026-06-19"
"arvantage","Arvantage","arvantage.de","https://arvantage.de/karriere/","playwright","","unknown","needs_browser","Seite wirkt JavaScript-/Pagination-getrieben.","200","0","0","pagination,blocked,js_app,host:arvantage.de","2026-06-19"
"zabel-moellmann-gaigl","Zabel, Möllmann, Gaigl","kanzlei-zmg.de","https://www.kanzlei-zmg.de/de/karriere/","dom","","unknown","ready","Joblinks sind direkt im HTML sichtbar.","200","10","0","json_ld,pagination,host:www.kanzlei-zmg.de","2026-06-19"
"manske-gbr","Manske Rechtsanwälte Steuerberater GbR","manske-taxlaw.de","https://www.manske-taxlaw.de/karriere/","dom","","unknown","ready","Joblinks sind direkt im HTML sichtbar.","200","2","0","json_ld,host:www.manske-taxlaw.de","2026-06-19"
"dennig-und-kollegen","Rechtsanwälte Dennig & Kollegen","dennig-kollegen.de","https://dennig-kollegen.de/karriere/","playwright","","unknown","needs_browser","Seite wirkt JavaScript-/Pagination-getrieben.","200","0","0","json_ld,pagination,blocked,js_app,host:dennig-kollegen.de","2026-06-19"
"hirt-kremling-suess-und-kollegen","Kanzlei Hirt-Kremling Süß und Kollegen","khk-anwaelte.de","https://khk-anwaelte.de","llm_fallback","","unknown","fallback","Keine Jobs im HTML/JSON erkannt.","200","0","0","json_ld,host:khk-anwaelte.de","2026-06-19"
"4l","4L Legal","4l.legal","https://4l.legal/sucheunterstuetzung","dom","","unknown","ready","Joblinks sind direkt im HTML sichtbar.","200","2","0","blocked,host:4l.legal","2026-06-19"
"kleiser","Kleiser","kleisergmbh.de","https://www.kleisergmbh.de/stellenanzeigen","playwright","","unknown","needs_browser","Seite wirkt JavaScript-/Pagination-getrieben.","200","0","0","js_app,host:www.kleisergmbh.de","2026-06-19"
"whbs","Kanzlei WHBS","kanzlei-whbs.de","https://kanzlei-whbs.de","dom","","unknown","ready","Joblinks sind direkt im HTML sichtbar.","200","10","0","json_ld,load_more,pagination,host:kanzlei-whbs.de","2026-06-19"
"arbeitsrecht-hofsaess-und","Arbeitsrecht Hofsäß & Partner","arbeitsrecht-karlsruhe.de","https://arbeitsrecht-karlsruhe.de","dom","","unknown","ready","Joblinks sind direkt im HTML sichtbar.","200","3","0","json_ld,pagination,blocked,js_app,host:www.arbeitsrecht-karlsruhe.de","2026-06-19"
"christian-schliemann","Christian Schliemann Rechtsanwalt","schliemann-rechtsanwaelte.de","https://schliemann-rechtsanwaelte.de/karriere","dom","","unknown","ready","Joblinks sind direkt im HTML sichtbar.","200","4","0","json_ld,pagination,blocked,host:schliemann-rechtsanwaelte.de","2026-06-19"
"pelke","Pelke Notar","pelke-notar.de","https://pelke-notar.de","dom","","unknown","ready","Joblinks sind direkt im HTML sichtbar.","200","4","0","blocked,host:www.pelke-notar.de","2026-06-19"
"notarin-jana-gruschwitz","Notarin Jana Gruschwitz","notarin-gruschwitz.de","https://notarin-gruschwitz.de","dom","","unknown","ready","Joblinks sind direkt im HTML sichtbar.","200","2","0","json_ld,pagination,blocked,js_app,host:www.notarin-gruschwitz.de","2026-06-19"
"wolter-und-musselmann","Wolter und Musselmann","wolter-musselmann.de","https://wolter-musselmann.de","llm_fallback","","unknown","fallback","Keine Jobs im HTML/JSON erkannt.","200","0","0","host:kanzlei-mgw.de","2026-06-19"
"pmpg","PMPG","pmpg.com","https://pmpg.com","llm_fallback","","unknown","request_error","ConnectionError","","0","0","","2026-06-19"
"meyer-steuerberatungsgesellschaft-mbh","Meyer Steuerberatungsgesellschaft mbH","meyer-stb.com","https://www.meyer-stb.com/jobs","llm_fallback","","unknown","fallback","Keine Jobs im HTML/JSON erkannt.","200","0","0","json_ld,host:www.meyer-stb.com","2026-06-19"
"kloss","Kloss","wp-kloss.de","https://wp-kloss.de/karriere/","dom","","unknown","ready","Joblinks sind direkt im HTML sichtbar.","200","2","0","json_ld,load_more,pagination,js_app,host:wp-kloss.de","2026-06-19"
"steuerberaterkanzlei-kalmaz-top","Steuerberaterkanzlei Kalmaz-Top","kalmaz-top.de","https://www.kalmaz-top.de/jobs/index.php","dom","","unknown","ready","Joblinks sind direkt im HTML sichtbar.","200","2","0","json_ld,host:www.kalmaz-top.de","2026-06-19"
"wahler-und","Wahler & Partner","wahler.tax","https://wahler.tax/bewerben/","dom","","unknown","ready","Joblinks sind direkt im HTML sichtbar.","200","7","0","json_ld,host:wahler.tax","2026-06-19"
"wahler-und","Wahler & Partner","ww.wahler.tax","https://ww.wahler.tax","llm_fallback","","unknown","request_error","SSLError","","0","0","","2026-06-19"
"weissenhorn-de","Steuerberater-Weissenhorn.de","steuerberater-weissenhorn.de","https://steuerberater-weissenhorn.de/karriere","embedded_json","","unknown","ready","Eingebettete strukturierte Jobdaten gefunden.","200","2","1","json_ld,host:steuerberater-weissenhorn.de","2026-06-19"
"uhl-und","Uhl & Partner","uhl-partner.de","https://www.uhl-partner.de/karriere/","dom","","unknown","ready","Joblinks sind direkt im HTML sichtbar.","200","2","0","json_ld,pagination,blocked,js_app,host:www.uhl-partner.de","2026-06-19"
"w-st","W+ST","w-st.de","https://www.wst.de/karriere/","dom","","unknown","ready","Joblinks sind direkt im HTML sichtbar.","200","4","0","json_ld,pagination,host:www.wst.de","2026-06-19"
"w-st","W+ST","wst.de","https://www.wst.de/karriere/","dom","","unknown","ready","Joblinks sind direkt im HTML sichtbar.","200","4","0","json_ld,pagination,host:www.wst.de","2026-06-19"
"audtax","AudTax","aud.tax","https://www.aud.tax/karriere","dom","","unknown","ready","Joblinks sind direkt im HTML sichtbar.","200","4","0","host:www.aud.tax","2026-06-19"
"plup","Plup","plup.de","https://karriere.plup.de","dom","","unknown","ready","Joblinks sind direkt im HTML sichtbar.","200","4","0","json_ld,pagination,blocked,host:karriere.plup.de","2026-06-19"
"rochade-anwaelte","Rochade Anwälte","rochade.net","https://rochade.net","llm_fallback","","unknown","request_error","SSLError","","0","0","","2026-06-19"
"groth-und-mueller","Groth & Müller Rechtsanwälte","groth-mueller-frankfurt.de","https://www.groth-mueller-frankfurt.de/karriere/","dom","","unknown","ready","Joblinks sind direkt im HTML sichtbar.","200","3","0","json_ld,pagination,blocked,host:www.groth-mueller-frankfurt.de","2026-06-19"
"neue-kraeme","Kanzlei Neue Kräme","kanzlei-neue-kraeme.de","https://kanzlei-neue-kraeme.de/kanzlei-neue-kraeme-karriere/","dom","","unknown","ready","Joblinks sind direkt im HTML sichtbar.","200","1","0","json_ld,pagination,blocked,js_app,host:kanzlei-neue-kraeme.de","2026-06-19"
"backes-und-backes","Backes & Backes","zweibackes.de","https://zweibackes.de/karriere/","dom","","unknown","ready","Joblinks sind direkt im HTML sichtbar.","200","1","0","json_ld,host:zweibackes.de","2026-06-19"
"koenigsgruppe","Königsgruppe","koenigs-gruppe.de","https://koenigs-gruppe.de/karriere/","dom","","unknown","ready","Joblinks sind direkt im HTML sichtbar.","200","1","0","json_ld,host:koenigs-gruppe.de","2026-06-19"
"dr-pfennig-und-wabbel-und","Dr.Pfennig & Wabbel und Partner","bs-law.de","https://bs-law.de/karriere/","dom","","unknown","ready","Joblinks sind direkt im HTML sichtbar.","200","1","0","json_ld,pagination,js_app,host:bs-law.de","2026-06-19"
"wenz-schueller","Wenz Schüller","wenzschueller.de","https://wenzschueller.de/de/karriere/","embedded_json","","unknown","ready","Eingebettete strukturierte Jobdaten gefunden.","200","3","1","json_ld,host:wenzschueller.de","2026-06-19"
"zhmp","ZHMP","zhmp.de","https://www.zhmp.de/karriere","dom","","unknown","ready","Joblinks sind direkt im HTML sichtbar.","200","1","0","host:www.zhmp.de","2026-06-19"
"dr-ott-und-dr-zander","Notare Dr. ott & Dr. Zander","notare-ott-zander.de","https://notare-ott-zander.de/freie-stellen/","dom","","unknown","ready","Joblinks sind direkt im HTML sichtbar.","200","5","0","json_ld,pagination,blocked,js_app,host:notare-ott-zander.de","2026-06-19"
"swiss-krono-usa","Swiss Krono USA","swisskrono.com","https://wd3.myworkdaysite.com/en-US/recruiting/swisskrono/SWISS_KRONO","llm_fallback","","unknown","fallback","Keine Jobs im HTML/JSON erkannt.","200","0","0","host:wd3.myworkdaysite.com","2026-06-19"
"wimmers","Wimmers Rechtsanwälte","wimmers.de","https://wimmers.de","playwright","","unknown","needs_browser","Seite wirkt JavaScript-/Pagination-getrieben.","200","0","0","pagination,blocked,host:www.wimmers.de","2026-06-19"
"mbk","MBK Rechtsanwälte","mbk-rechtsanwaelte.de","https://mbk-rechtsanwaelte.de/karriere/","dom","","unknown","ready","Joblinks sind direkt im HTML sichtbar.","200","2","0","pagination,blocked,js_app,host:mbk-rechtsanwaelte.de","2026-06-19"
"steuerpioniere","Steuerpioniere","steuerpioniere.de","https://www.steuerpioniere.de/alle-stellenangebote-unserer-partnerkanzleien-auf-einem-blick/","dom","","unknown","ready","Joblinks sind direkt im HTML sichtbar.","200","1","0","json_ld,load_more,pagination,js_app,host:www.steuerpioniere.de","2026-06-19"
"sks-steuerberatung","SKS Steuerberatung","sks-ulm.de","https://www.sks-ulm.de/#menu_karriere","dom","","unknown","ready","Joblinks sind direkt im HTML sichtbar.","200","4","0","host:www.sks-ulm.de","2026-06-19"
"biebinger-wirtschaftskanzlei","BIEBINGER - Wirtschaftskanzlei","biebinger.de","https://www.biebinger.de/kanzlei/karriere","embedded_json","","unknown","ready","Eingebettete strukturierte Jobdaten gefunden.","200","0","1","json_ld,pagination,blocked,js_app,host:www.biebinger.de","2026-06-19"
"dr-kleinehr-und-thiele","Dr. Kleinehr und Thiele","drkleinehr.de","https://drkleinehr.de","dom","","unknown","ready","Joblinks sind direkt im HTML sichtbar.","200","2","0","blocked,host:www.drkleinehr.de","2026-06-19"
"dr-auracher-und-kollegen","Dr. Auracher & kollegen","dr-auracher-rechtsanwalt.de","https://dr-auracher-rechtsanwalt.de","dom","","unknown","ready","Joblinks sind direkt im HTML sichtbar.","200","1","0","load_more,blocked,js_app,host:www.dr-auracher-rechtsanwalt.de","2026-06-19"
"kolb-blickhan-und","Kolb Blickhan & Partner","kolb-blickhan-partner.de","https://kolb-blickhan-partner.de/karriere/","dom","","unknown","ready","Joblinks sind direkt im HTML sichtbar.","200","6","0","json_ld,pagination,blocked,host:kolb-blickhan-partner.de","2026-06-19"
"rech-wagner-co-steuerberatung","Rech Wagner Co. Steuerberatung","rwco.de","https://www.rwco.de/karriere","dom","","unknown","ready","Joblinks sind direkt im HTML sichtbar.","200","9","0","pagination,blocked,js_app,host:www.rwco.de","2026-06-19"
"dr-herrmann-und-schaefer","Dr. Herrmann und Schäfer","hermann-schaefer.de","https://hermann-schaefer.de","llm_fallback","","unknown","request_error","SSLError","","0","0","","2026-06-19"
"salz-und-gerten-szeuerberater","Salz & Gerten Szeuerberater","salz-trier.de","https://www.salz-trier.de/#menu_karriere","dom","","unknown","ready","Joblinks sind direkt im HTML sichtbar.","200","3","0","host:www.salz-trier.de","2026-06-19"
"auditax-group","Auditax Group","auditax.de","https://auditax.de/karriere/","dom","","unknown","ready","Joblinks sind direkt im HTML sichtbar.","200","14","0","host:auditax.de","2026-06-19"
"schulte-und-prasse","Schulte & Prasse","schulte-prasse.de","https://schulte-prasse.de/karriere/","dom","","unknown","ready","Joblinks sind direkt im HTML sichtbar.","200","2","0","blocked,host:schulte-prasse.de","2026-06-19"
"dr-kleinjohann","Dr. Kleinjohann","ra-kleinjohann.de","https://www.ra-kleinjohann.de/karriere/","dom","","unknown","ready","Joblinks sind direkt im HTML sichtbar.","200","8","0","json_ld,load_more,pagination,host:www.ra-kleinjohann.de","2026-06-19"
"rechtsanwaeltin-und-notarin-martina-notthoff","Rechtsanwältin und Notarin Martina Notthoff","kanzlei-notthoff.de","https://kanzlei-notthoff.de","dom","","unknown","ready","Joblinks sind direkt im HTML sichtbar.","200","2","0","pagination,blocked,js_app,host:www.kanzlei-notthoff.de","2026-06-19"
"stk","STK Rechtsanwälte","stk-recht.de","https://www.stk-recht.de/jobs/","dom","","unknown","ready","Joblinks sind direkt im HTML sichtbar.","200","1","0","json_ld,host:www.stk-recht.de","2026-06-19"
"herr","Kanzlei HERR","kanzleiherr.de","https://kanzleiherr.de","dom","","unknown","ready","Joblinks sind direkt im HTML sichtbar.","200","1","0","json_ld,js_app,host:kanzleiherr.de","2026-06-19"
"stritter-schwarz","STRITTER SCHWARZ","kanzlei-stritter.de","https://www.kanzlei-stritter.de/karriere/","dom","","unknown","ready","Joblinks sind direkt im HTML sichtbar.","200","2","0","json_ld,pagination,blocked,host:www.kanzlei-stritter.de","2026-06-19"
"erlburg-rechtsanwaltsgesellschaft-mbh","ERLBURG Rechtsanwaltsgesellschaft mbH","erlburg.law","https://erlburg.law","playwright","","unknown","needs_browser","Seite wirkt JavaScript-/Pagination-getrieben.","200","0","0","json_ld,pagination,host:www.erlburg.law","2026-06-19"
"schulz-wagner","Schulz Wagner Rechtsanwälte","schulz-wagner.com","https://schulz-wagner.com","dom","","unknown","ready","Joblinks sind direkt im HTML sichtbar.","200","2","0","json_ld,host:schulz-wagner.com","2026-06-19"
"am-rossmarkt","Kanzlei Am Rossmarkt","kanzlei-am-rossmarkt.de","https://kanzlei-am-rossmarkt.de","dom","","unknown","ready","Joblinks sind direkt im HTML sichtbar.","200","1","0","json_ld,js_app,host:kanzleiherr.de","2026-06-19"
"justitia","Justitia","justitia.com","https://www.justitia.com/die-kanzlei/karriere.html","embedded_json","","unknown","ready","Eingebettete strukturierte Jobdaten gefunden.","200","2","2","json_ld,pagination,blocked,host:www.justitia.com","2026-06-19"
"swa-christl-und-kollegen-rechtsanwaltsgesellschaft-mbh","SWA Christl & Kollegen Rechtsanwaltsgesellschaft mbH","s-w-a.de","https://www.s-w-a.de/karriere/","dom","","unknown","ready","Joblinks sind direkt im HTML sichtbar.","200","3","0","host:www.s-w-a.de","2026-06-19"
"schoppe-und","Schoppe & Partner","schoppe-zimmermann.softgarden.de","https://schoppe-zimmermann.softgarden.de","llm_fallback","","unknown","request_error","ConnectionError","","0","0","","2026-06-19"
"falch-und","Falch & Partner","falch-partner.de","https://www.falch-partner.de/stellenangebote","dom","","unknown","ready","Joblinks sind direkt im HTML sichtbar.","200","5","0","json_ld,pagination,blocked,js_app,host:www.falch-partner.de","2026-06-19"
"falsch-und","Falsch & Partner Rechtsanwälte","falsch-partner.de","https://falsch-partner.de","llm_fallback","","unknown","request_error","ConnectionError","","0","0","","2026-06-19"
"brennecke-et-collegen","Brennecke Et Collegen","brennecke-kanzlei.de","https://brennecke-kanzlei.de","llm_fallback","","unknown","request_error","SSLError","","0","0","","2026-06-19"
"2k-patent","2K Patent","2kpatent.de","https://2kpatent.de","llm_fallback","","unknown","request_error","SSLError","","0","0","","2026-06-19"
"eris","ERIS LEGAL","erislegal.de","https://erislegal.de/karriere/","llm_fallback","","unknown","fallback","Keine Jobs im HTML/JSON erkannt.","200","0","0","json_ld,host:erislegal.de","2026-06-19"
"wolf-und-collegen","Wolf & Collegen","wolf-collegen.de","https://wolf-collegen.de/career","llm_fallback","","unknown","fallback","Keine Jobs im HTML/JSON erkannt.","200","0","0","host:wolf-collegen.de","2026-06-19"
"szynka-smorodin","SZYNKA SMORODIN","sz-sm.de","https://sz-sm.de","dom","","unknown","ready","Joblinks sind direkt im HTML sichtbar.","200","3","0","json_ld,host:sz-sm.de","2026-06-19"
"rightmart-group","rightmart.group","rightmart.group","https://rightmart.group/karriere","playwright","","unknown","needs_browser","Seite wirkt JavaScript-/Pagination-getrieben.","200","0","0","json_ld,blocked,js_app,host:rightmart.group","2026-06-19"
"rightmart","Rightmart.","rightmart.group.de","https://rightmart.group.de","llm_fallback","","unknown","request_error","ConnectionError","","0","0","","2026-06-19"
"lowell","Lowell","lowellgroup.de","https://lowell.wd3.myworkdayjobs.com/de-DE/LowellGroup_Careers2","llm_fallback","","workday","fallback","Keine Jobs im HTML/JSON erkannt.","200","0","0","host:lowell.wd3.myworkdayjobs.com","2026-06-19"
"paschen","Paschen Rechtsanwälte","paschen.cc","https://www.paschen.cc/karriere/","dom","","unknown","ready","Joblinks sind direkt im HTML sichtbar.","200","5","0","json_ld,host:www.paschen.cc","2026-06-19"
"elbinsel","Elbinsel Kanzlei","elbinsel-kanzlei.de","https://www.elbinsel-kanzlei.de/#","dom","","unknown","ready","Joblinks sind direkt im HTML sichtbar.","200","2","0","json_ld,js_app,host:www.elbinsel-kanzlei.de","2026-06-19"
"diekmann","Diekmann Rechtsanwälte","diekmann-rechtsanwaelte.de","https://www.diekmann-rechtsanwaelte.de/karriere/","dom","","unknown","ready","Joblinks sind direkt im HTML sichtbar.","200","1","0","host:www.diekmann-rechtsanwaelte.de","2026-06-19"
"drawak","Drawak","drawak.de","https://drawak.de/karriere/","dom","","unknown","ready","Joblinks sind direkt im HTML sichtbar.","200","3","0","json_ld,pagination,js_app,host:drawak.de","2026-06-19"
"mars-ip-berlin-paris","MARS IP Berlin/Paris","mars-ip.eu","https://mars-ip.eu","embedded_json","","unknown","ready","Eingebettete strukturierte Jobdaten gefunden.","200","0","2","json_ld,pagination,blocked,js_app,host:www.mars-ip.eu","2026-06-19"
"heidemann-und-dr-nast","Heidemann & Dr. Nast Rechtsanwälte","heidemann-drnast.de","https://www.heidemann-drnast.de/de/karriere","embedded_json","","unknown","ready","Eingebettete strukturierte Jobdaten gefunden.","200","0","2","json_ld,pagination,blocked,js_app,host:www.heidemann-drnast.de","2026-06-19"
"lindner-blaumeier","LINDNER BLAUMEIER","norispatent.com","https://norispatent.com","dom","","unknown","ready","Joblinks sind direkt im HTML sichtbar.","200","10","0","host:norispatent.com","2026-06-19"
"buehner-und","Bühner & Partner Rechtsanwälte","buehner-rae.de","https://buehner-rae.de/karriere.php","llm_fallback","","unknown","fallback","Keine Jobs im HTML/JSON erkannt.","200","0","0","host:buehner-rae.de","2026-06-19"
"rosenboom-menges-klindwort","Rosenboom Menges Klindwort PartG mbB","rmk-partner.de","https://rmk-partner.de/karriere","dom","","unknown","ready","Joblinks sind direkt im HTML sichtbar.","200","6","0","json_ld,host:rmk-partner.de","2026-06-19"
"seghorn","Seghorn Rechtsanwälte","seghorn.de","https://www.seghorn.de/stellenangebote/","embedded_json","","unknown","ready","Eingebettete strukturierte Jobdaten gefunden.","200","3","1","json_ld,load_more,pagination,host:www.seghorn.de","2026-06-19"
"hammer-und","Hammer & Partner","hammer.partners","https://hammer.partners/karriere","dom","","unknown","ready","Joblinks sind direkt im HTML sichtbar.","200","12","0","json_ld,host:hammer.partners","2026-06-19"
"schulz-junghans-patentanwaelte","Schulz Junghans Patentanwälte","mittepatent.de","https://mittepatent.de/karriere","embedded_json","","unknown","ready","Eingebettete strukturierte Jobdaten gefunden.","200","1","2","json_ld,pagination,blocked,host:mittepatent.de","2026-06-19"
"hertin-und-berlin","Hertin & Partner Berlin","hertin.de","https://www.hertin.de/jobs","embedded_json","","unknown","ready","Eingebettete strukturierte Jobdaten gefunden.","200","0","2","json_ld,blocked,host:www.hertin.de","2026-06-19"
"bressel-und-patentanwaelte","Bressel und Partner Patentanwälte","patentberlin.com","https://patentberlin.com/karriere/","dom","","unknown","ready","Joblinks sind direkt im HTML sichtbar.","200","3","0","json_ld,pagination,blocked,js_app,host:patentberlin.com","2026-06-19"
"quantum","quantum.law","quantum.law","https://quantum.law","llm_fallback","","unknown","request_error","SSLError","","0","0","","2026-06-19"
"lenzig-gerber-stute","Lenzig Gerber Stute","lege.de","https://www.lege.de/karriere/warum-zu-uns/","dom","","unknown","ready","Joblinks sind direkt im HTML sichtbar.","200","3","0","host:www.lege.de","2026-06-19"
"dr-schlabeck-und-kollegen","Dr. Schlabeck & Kollegen","schlabeck.com","https://schlabeck.com/stellenangebote/","dom","","unknown","ready","Joblinks sind direkt im HTML sichtbar.","200","3","0","json_ld,blocked,host:schlabeck.com","2026-06-19"
"penning-horn-bethke","Penning Horn Bethke Notare","penning-horn.de","https://penning-horn.de/karriere","dom","","unknown","ready","Joblinks sind direkt im HTML sichtbar.","200","4","0","json_ld,pagination,host:penning-horn.de","2026-06-19"
"wirth","Wirth Rechtsanwälte","wirth-rae.de","https://wirth-rae.de/karriere/","embedded_json","","unknown","ready","Eingebettete strukturierte Jobdaten gefunden.","200","2","1","json_ld,pagination,blocked,host:wirth-rae.de","2026-06-19"
"schock","Schock Rechtsanwälte","schock-rae.de","https://schock-rae.de","dom","","unknown","ready","Joblinks sind direkt im HTML sichtbar.","200","4","0","json_ld,pagination,js_app,host:schock-rae.de","2026-06-19"
"ziems-an-der-stadtkrone","ZIEMS Kanzlei an der Stadtkrone","kanzlei-an-der-stadtkrone.de","https://kanzlei-an-der-stadtkrone.de/karriere/","dom","","unknown","ready","Joblinks sind direkt im HTML sichtbar.","200","1","0","json_ld,host:kanzlei-an-der-stadtkrone.de","2026-06-19"
"kmh","KMH","kmh-medizinrecht.de","https://kmh-medizinrecht.de","embedded_json","","unknown","ready","Eingebettete strukturierte Jobdaten gefunden.","200","0","2","json_ld,pagination,blocked,js_app,host:www.kmh-medizinrecht.de","2026-06-19"
"ehlers-und-feldmeier-rechtsanwaete","Ehlers & Feldmeier Rechtsanwäte Notare","ehlers-feldmeier.de","https://karriere.ehlers-feldmeier.de/","dom","","unknown","ready","Joblinks sind direkt im HTML sichtbar.","200","2","0","json_ld,pagination,blocked,host:karriere.ehlers-feldmeier.de","2026-06-19"
"dr-puplick-und","Dr. Puplick&Partner mbB Rechtsanwälte","puplick-partner.de","https://www.puplick-partner.de/de/karriere","dom","","unknown","ready","Joblinks sind direkt im HTML sichtbar.","200","5","0","blocked,host:www.puplick-partner.de","2026-06-19"
"peter-rennert","Notar Peter Rennert","notar-rennert.de","https://www.notar-rennert.de/karriere/","dom","","unknown","ready","Joblinks sind direkt im HTML sichtbar.","200","12","0","json_ld,host:www.notar-rennert.de","2026-06-19"
"steller-und","Steller & Partner","steller-partner.de","https://www.steller-partner.de/karriere/","dom","","unknown","ready","Joblinks sind direkt im HTML sichtbar.","200","2","0","json_ld,host:www.steller-partner.de","2026-06-19"
"dominik-hueren","Notar Dominik Hüren","notar-hueren.de","","manual_review","","unknown","missing_jobboard_url","Keine Jobboard_URL und keine Domain.","","0","0","","2026-06-19"
"urwantschky-jacobsen","Urwantschky Jacobsen","ujp.law","https://www.ujp.law/karriere/","playwright","","unknown","needs_browser","Seite wirkt JavaScript-/Pagination-getrieben.","200","0","0","json_ld,pagination,host:www.ujp.law","2026-06-19"
"urwantschky-jacobsen","Urwantschky Jacobsen Rechtsanwälte","ujp.law.de","https://ujp.law.de","llm_fallback","","unknown","request_error","SSLError","","0","0","","2026-06-19"
"ra-marcus-wirth","RA Marcus Wirth","ra-wirth.de","https://ra-wirth.de","dom","","unknown","ready","Joblinks sind direkt im HTML sichtbar.","200","1","0","json_ld,host:ra-wirth.de","2026-06-19"
"christoph-volz","Christoph Volz Rechtsanwalt","volz-kanzlei.de","https://volz-kanzlei.de","llm_fallback","","unknown","fallback","Keine Jobs im HTML/JSON erkannt.","200","0","0","host:volz-kanzlei.de","2026-06-19"
"anwaltskooperation-dr-geyer","Anwaltskooperation Dr. Geyer","kanzleigeyer.de","https://kanzleigeyer.de","dom","","unknown","ready","Joblinks sind direkt im HTML sichtbar.","200","1","0","blocked,host:www.kanzleigeyer.de","2026-06-19"
"axel-mork-und-am-und-p","Axel Mork & Partner AM&P","mork-partner.de","https://mork-partner.de","dom","","unknown","ready","Joblinks sind direkt im HTML sichtbar.","200","4","0","host:www.mork-partner.de","2026-06-19"
"klostermann-schmidt-monstadt-eisbrecher","Klostermann Schmidt Monstadt Eisbrecher","klostermann-rae.de","https://klostermann-rae.de","llm_fallback","","unknown","fallback","Keine Jobs im HTML/JSON erkannt.","200","0","0","host:klostermann-rae.de","2026-06-19"
"ting-und-kauder","Ting & Kauder Rechtsanwälte","recht-bochum.de","https://www.recht-bochum.de/jobs/","dom","","unknown","ready","Joblinks sind direkt im HTML sichtbar.","200","2","0","json_ld,host:www.recht-bochum.de","2026-06-19"
"dr-klimeck-und-obst","Dr. Klimeck & Obst","klimeck-obst.de","https://klimeck-obst.de","llm_fallback","","unknown","request_error","SSLError","","0","0","","2026-06-19"
"stoecker-und-fachanwaelte","Stöcker Rechtsanwälte & Fachanwälte Notare","anwaelte-herne.de","https://anwaelte-herne.de/jobs.html","dom","","unknown","ready","Joblinks sind direkt im HTML sichtbar.","200","4","0","json_ld,host:anwaelte-herne.de","2026-06-19"
"hackstein-reuter","Hackstein Reuter Rechtsanwälte","hackstein-reuter.de","https://www.hackstein-reuter.de/kanzlei/#karriere","playwright","","unknown","needs_browser","Seite wirkt JavaScript-/Pagination-getrieben.","200","0","0","json_ld,pagination,host:www.hackstein-reuter.de","2026-06-19"
"ra-und-de","ra-und-notare.de","ra-und-notare.de","https://ra-und-notare.de","llm_fallback","","unknown","request_error","SSLError","","0","0","","2026-06-19"
"rosenkranz-oehler-von-malotky","Rosenkranz Oehler von Malotky","rosenkranz-oehler.de","https://rosenkranz-oehler.de","llm_fallback","","unknown","request_error","SSLError","","0","0","","2026-06-19"
"pgw","PGW Partner","pgw-partner.de","https://www.pgw-partner.de/karriere/","dom","","unknown","ready","Joblinks sind direkt im HTML sichtbar.","200","12","0","json_ld,pagination,host:www.pgw-partner.de","2026-06-19"
"schmolz","Schmolz + Partner","schmolz.de","https://schmolz.de","playwright","","unknown","needs_browser","Seite wirkt JavaScript-/Pagination-getrieben.","200","0","0","js_app,host:schmolz.de","2026-06-19"
"prof-dr-schwintowski-und","Prof. Dr. Schwintowski & Partner","schwintowski.de","https://schwintowski.de","llm_fallback","","unknown","fallback","Keine Jobs im HTML/JSON erkannt.","200","0","0","host:schwintowski.com","2026-06-19"
"raffay-und-fleck","Raffay & Fleck","raffay-fleck.de","https://www.raffay-fleck.de/jobs/","embedded_json","","unknown","ready","Eingebettete strukturierte Jobdaten gefunden.","200","7","2","json_ld,pagination,js_app,host:www.raffay-fleck.de","2026-06-19"
"pfisterer-und-doebereiner","Pfisterer & Döbereiner","pfisterer-doebereiner.de","https://pfisterer-doebereiner.de","llm_fallback","","unknown","request_error","ConnectionError","","0","0","","2026-06-19"
"weitnauer","Weitnauer","weitnauer.net","https://weitnauer.net","llm_fallback","","unknown","fallback","Keine Jobs im HTML/JSON erkannt.","200","0","0","host:www.wipit.legal","2026-06-19"
"schlawien","Schlawien","schlawien.de","https://schlawien.de","llm_fallback","","unknown","request_error","ReadTimeout","","0","0","","2026-06-19"
"prof-stoeber-und","Prof. Stöber & Partner","stoeberpartner.de","https://stoeberpartner.de","llm_fallback","","unknown","request_error","ConnectionError","","0","0","","2026-06-19"
"schlee-guenther-und","Schlee Günther & Partner","schlee-guenther.de","https://schlee-guenther.de","llm_fallback","","unknown","request_error","ConnectionError","","0","0","","2026-06-19"
"weber-sauberschwarz","Weber Sauberschwarz","weber-sauberschwarz.de","https://www.weber-sauberschwarz.de/karriere","dom","","unknown","ready","Joblinks sind direkt im HTML sichtbar.","200","1","0","pagination,blocked,js_app,host:www.weber-sauberschwarz.de","2026-06-19"
"sabel-engelhardt","Sabel Engelhardt","sabel-engelhardt.de","https://sabel-engelhardt.de","llm_fallback","","unknown","request_error","ConnectionError","","0","0","","2026-06-19"
"hees","Hees","hees-rechtsanwaelte.de","https://hees-rechtsanwaelte.de","llm_fallback","","unknown","request_error","ConnectionError","","0","0","","2026-06-19"
"prof-schwenke-und","Prof. Schwenke & Partner","schwenke.de","https://schwenke.de","playwright","","unknown","needs_browser","Seite wirkt JavaScript-/Pagination-getrieben.","200","0","0","json_ld,load_more,pagination,blocked,js_app,host:schwenke-coaching.de","2026-06-19"
"minoggio-grezesch-bachmann","Minoggio Grezesch Bachmann","minoggio.de","https://www.mgb-law.de/karriere/","embedded_json","","unknown","ready","Eingebettete strukturierte Jobdaten gefunden.","200","3","1","json_ld,pagination,js_app,host:www.mgb-law.de","2026-06-19"
"lawentus","Lawentus","lawentus.com","https://lawentus.com/karriere/","llm_fallback","","unknown","fallback","Keine Jobs im HTML/JSON erkannt.","200","0","0","json_ld,host:lawentus.com","2026-06-19"
"heinemann-und","Heinemann & Partner","heinemann-partner.de","https://heinemann-partner.de","playwright","","unknown","needs_browser","Seite wirkt JavaScript-/Pagination-getrieben.","200","0","0","js_app,host:heinemann-partner.de","2026-06-19"
"peterka","Peterka","peterka.de","https://peterka.de","llm_fallback","","unknown","request_error","SSLError","","0","0","","2026-06-19"
"schoen-nolte-finkelnburg-und-clemm","Schön Nolte Finkelnburg & Clemm","schoen-nolte.de","https://schoen-nolte.de","llm_fallback","","unknown","request_error","ConnectionError","","0","0","","2026-06-19"
"schlegelmilch-und","Schlegelmilch & Partner","schlegelmilch-partner.de","https://schlegelmilch-partner.de","llm_fallback","","unknown","request_error","ConnectionError","","0","0","","2026-06-19"
"reitstoetter-kinzebach","Reitstötter Kinzebach","reitstoetter-kinzebach.de","https://reitstoetter-kinzebach.de","llm_fallback","","unknown","request_error","ConnectionError","","0","0","","2026-06-19"
"prof-stefan-leupertz","Prof. Stefan Leupertz","leupertz.de","https://leupertz.de","embedded_json","","unknown","ready","Eingebettete strukturierte Jobdaten gefunden.","200","0","1","json_ld,pagination,blocked,js_app,host:leupertz.de","2026-06-19"
"otting-zinger","Otting Zinger","otting-zinger.de","https://otting-zinger.de","llm_fallback","","unknown","request_error","ConnectionError","","0","0","","2026-06-19"
"sacker-und","Sacker & Partner","sacker.de","https://sacker.de/jobs/","dom","","unknown","ready","Joblinks sind direkt im HTML sichtbar.","200","4","0","json_ld,load_more,pagination,host:sacker.de","2026-06-19"
"rsr-rueping-schroeder","RSR Rüping Schroeder","rsr-law.de","https://rsr-law.de","llm_fallback","","unknown","request_error","SSLError","","0","0","","2026-06-19"
"prof-dr-w-burgi-und-kollegen","Prof. Dr. W. Burgi & Kollegen","burgi-kollegen.de","https://burgi-kollegen.de","llm_fallback","","unknown","request_error","ConnectionError","","0","0","","2026-06-19"
"quedenfeld-fuellsack-und","Quedenfeld Füllsack & Partner","qfp.de","https://qfp.de","llm_fallback","","unknown","request_error","HTTPError","","0","0","","2026-06-19"
"lambrecht","Lambrecht","lambrecht-law.de","https://lambrecht-law.de","llm_fallback","","unknown","request_error","ConnectionError","","0","0","","2026-06-19"
"oppolzer-seifert","Oppolzer Seifert","oppolzer-seifert.de","https://oppolzer-seifert.de","dom","","unknown","ready","Joblinks sind direkt im HTML sichtbar.","200","1","0","json_ld,load_more,pagination,js_app,host:oppolzer-seifert.de","2026-06-19"
"schrade-und","Schrade & Partner","schrade-partner.de","https://schrade-partner.de/karriere/","playwright","","unknown","needs_browser","Seite wirkt JavaScript-/Pagination-getrieben.","200","0","0","json_ld,load_more,pagination,js_app,host:schrade-partner.de","2026-06-19"
"prof-schweizer","Prof. Schweizer","prof-schweizer.de","https://prof-schweizer.de","llm_fallback","","unknown","request_error","SSLError","","0","0","","2026-06-19"
"rka","RKA Rechtsanwälte","rka.de","https://rka.de","playwright","","unknown","needs_browser","Seite wirkt JavaScript-/Pagination-getrieben.","200","0","0","js_app,host:rka.de","2026-06-19"
"mgr","MGR Rechtsanwälte","mgr-law.de","https://mgr-law.de","llm_fallback","","unknown","request_error","SSLError","","0","0","","2026-06-19"
"spangenberg","Spangenberg","spangenberg.de","https://www.spangenberg.de/stadt-buergerservice/aktuelles/stellenausschreibungen/","embedded_json","","unknown","ready","Eingebettete strukturierte Jobdaten gefunden.","200","4","2","json_ld,blocked,host:www.spangenberg.de","2026-06-19"
"knauer","Knauer","knauer.de","https://knauer.de","embedded_json","","unknown","ready","Eingebettete strukturierte Jobdaten gefunden.","200","0","2","json_ld,host:www.knauer.de","2026-06-19"
"rath","Rath","rath.de","https://rath.de","reader_or_llm","","unknown","blocked","Seite wirkt geblockt oder leer fuer normale Requests.","200","0","0","json_ld,blocked,host:www.rath.de","2026-06-19"
"rocan","Rocan","rocan.legal","https://rocan.legal","llm_fallback","","unknown","request_error","ConnectionError","","0","0","","2026-06-19"
"advos","Advos","advos.de","https://www.advos.de/#karriere","dom","","unknown","ready","Joblinks sind direkt im HTML sichtbar.","200","1","0","json_ld,pagination,js_app,host:www.advos.de","2026-06-19"
"pragal-und-prinzenberg","Pragal & Prinzenberg","pragal-prinzenberg.de","https://pragal-rechtsanwaelte.de/karriere/","dom","","unknown","ready","Joblinks sind direkt im HTML sichtbar.","200","4","0","json_ld,host:pragal-rechtsanwaelte.de","2026-06-19"
"baumgartner-baumann","Baumgartner Baumann","baumgartnerbaumann.de","https://baumgartnerbaumann.de","llm_fallback","","unknown","request_error","ConnectionError","","0","0","","2026-06-19"
"kroeck-dispute-resolution","Kröck Dispute Resolution","kroeck-disputes.com","https://kroeck-disputes.com/home/#karriere","playwright","","unknown","needs_browser","Seite wirkt JavaScript-/Pagination-getrieben.","200","0","0","pagination,host:kroeck-disputes.com","2026-06-19"
"schertz-bergmann","Schertz Bergmann","schertzbergmann.de","https://schertzbergmann.de","llm_fallback","","unknown","request_error","ConnectionError","","0","0","","2026-06-19"
"kraus-donhauser","Kraus Donhauser","krausdonhauser.de","https://krausdonhauser.de","llm_fallback","","unknown","request_error","ConnectionError","","0","0","","2026-06-19"
"dr-basty-und-dr-franck","Dr. Basty und Dr. Franck","basty-franck.de","https://basty-franck.de","llm_fallback","","unknown","request_error","ConnectionError","","0","0","","2026-06-19"
"schweizer","Schweizer Legal","schweizer-legal.de","https://schweizer-legal.de","llm_fallback","","unknown","request_error","ConnectionError","","0","0","","2026-06-19"
"schork-kauffmann","Schork Kauffmann","schork-kauffmann.de","https://schork-kauffmann.de","llm_fallback","","unknown","request_error","SSLError","","0","0","","2026-06-19"
"scharnberg","Scharnberg Rechtsanwälte","scharnberg.de","https://scharnberg.de/hochbahn-begruesst-40-neue-auszubildende-startschuss-fuer-bewerbungslauf-2026/","embedded_json","","unknown","ready","Eingebettete strukturierte Jobdaten gefunden.","200","3","1","json_ld,load_more,pagination,blocked,js_app,host:scharnberg.de","2026-06-19"
"salger","Salger","salger.com","https://salger.com","dom","","unknown","ready","Joblinks sind direkt im HTML sichtbar.","200","2","0","json_ld,host:salger.com","2026-06-19"
"riedel-schumacher-und","Riedel Schumacher & Partner","riedel-schumacher.de","https://riedel-schumacher.de","llm_fallback","","unknown","request_error","ConnectionError","","0","0","","2026-06-19"
"sobotta-meidrodt","Sobotta Meidrodt","sobotta-meidrodt.de","https://sobotta-meidrodt.de/de/stellenangebote.html","llm_fallback","","unknown","fallback","Keine Jobs im HTML/JSON erkannt.","200","0","0","host:sobotta-meidrodt.de","2026-06-19"
"rahnke-winter-und","Rahnke Winter & Partner","rahnke-winter.de","https://rahnke-winter.de","llm_fallback","","unknown","request_error","ConnectionError","","0","0","","2026-06-19"
"dsh-und","DSH Rechtsanwälte und Notare","dsh-anwaelte.de","https://dsh-anwaelte.de","llm_fallback","","unknown","request_error","ConnectionError","","0","0","","2026-06-19"
"reichel","Reichel Rechtsanwälte","reichel-legal.de","https://reichel-legal.de","llm_fallback","","unknown","request_error","ConnectionError","","0","0","","2026-06-19"
"prof-dr-rolf-kniffka","Prof. Dr. Rolf Kniffka","kniffka.de","https://kniffka.de","llm_fallback","","unknown","request_error","SSLError","","0","0","","2026-06-19"
"poehlmann-fruechtl-oppermann","Pöhlmann Früchtl Oppermann","pfoe.com","https://pfoe.com","llm_fallback","","unknown","fallback","Keine Jobs im HTML/JSON erkannt.","200","0","0","host:pfoe.com","2026-06-19"
"kmz-kullen-mueller-zinser","KMZ Kullen Müller Zinser","kmz-partner.de","https://kmz-partner.de","llm_fallback","","unknown","request_error","ConnectionError","","0","0","","2026-06-19"
"raiss-und","Raiss & Partner","raiss-partner.de","https://raiss-partner.de","llm_fallback","","unknown","request_error","ConnectionError","","0","0","","2026-06-19"
"lennert-schneider-und-vins","Lennert Schneider & Vins","lsv-law.de","https://lsv-law.de","llm_fallback","","unknown","request_error","ConnectionError","","0","0","","2026-06-19"
"rb-reiche-behrends","RB Reiche Behrends","rb-law.de","https://rb-law.de","llm_fallback","","unknown","request_error","ConnectionError","","0","0","","2026-06-19"
"finnegan-henderson-farabow-garrett-und-dunner","Finnegan Henderson Farabow Garrett & Dunner","finnegan.com","https://www.finnegan.com/en/careers/index.html","dom","","unknown","ready","Joblinks sind direkt im HTML sichtbar.","200","8","0","json_ld,host:www.finnegan.com","2026-06-19"
"prof-dr-weller-und","Prof. Dr. Weller & Partner","weller-partner.de","https://weller-partner.de","llm_fallback","","unknown","request_error","ConnectionError","","0","0","","2026-06-19"
"prof-dr-holger-matt","Prof. Dr. Holger Matt","matt-legal.de","https://matt-legal.de","llm_fallback","","unknown","request_error","ConnectionError","","0","0","","2026-06-19"
"ufer-scharf","Ufer Scharf","ufer-scharf.de","https://ufer-scharf.de","llm_fallback","","unknown","request_error","SSLError","","0","0","","2026-06-19"
"raible-fischer","Raible Fischer","raiblefischer.de","https://raiblefischer.de","llm_fallback","","unknown","request_error","ConnectionError","","0","0","","2026-06-19"
"svs-sidhu-von-saucken","SvS Sidhu von Saucken","svs-law.de","https://svs-law.de","llm_fallback","","unknown","fallback","Keine Jobs im HTML/JSON erkannt.","200","0","0","host:svs-law.de","2026-06-19"
"dr-paul-rombach-dr-claudie-rombach","Dr. Paul Rombach Dr. Claudie Rombach","rombach-rechtsanwaelte.de","https://www.rombach-rechtsanwaelte.de/fileadmin/Content/Stellenangebote/ROMBACH_Rechtsanwaelte_Stellenanzeige_Sachbearbeiter_Verbraucherinsolvenzen_Dresden_10_2025.pdf","llm_fallback","","unknown","fallback","Keine Jobs im HTML/JSON erkannt.","200","0","0","host:www.rombach-rechtsanwaelte.de","2026-06-19"
"ruge-fehsenfeld","Ruge Fehsenfeld","rugefehsenfeld.de","https://www.rugefehsenfeld.de/karriere","dom","","unknown","ready","Joblinks sind direkt im HTML sichtbar.","200","8","0","json_ld,pagination,host:www.rugefehsenfeld.de","2026-06-19"
"leisner-steckel-engler","Leisner Steckel Engler","lse-law.de","https://lse-law.de","llm_fallback","","unknown","request_error","ConnectionError","","0","0","","2026-06-19"
"dr-kai-hart-hoenig","Dr. Kai Hart-Hönig","hart-hoenig.de","https://hart-hoenig.de","playwright","","unknown","needs_browser","Seite wirkt JavaScript-/Pagination-getrieben.","200","0","0","json_ld,pagination,blocked,host:hart-hoenig.com","2026-06-19"
"rwt-anwaltskanzlei","RWT Anwaltskanzlei","rwt-anwalt.de","https://rwt-anwalt.de","llm_fallback","","unknown","request_error","ConnectionError","","0","0","","2026-06-19"
"dr-gerrit-wenz-und-dr-michael-schueller","Dr. Gerrit Wenz und Dr. Michael Schüller","wenz-schueller.de","https://wenzschueller.de/de/karriere/","embedded_json","","unknown","ready","Eingebettete strukturierte Jobdaten gefunden.","200","3","1","json_ld,host:wenzschueller.de","2026-06-19"
"kuestner-v-manteuffel","Küstner v. Manteuffel","kuestner-v-manteuffel.de","https://kuestner-v-manteuffel.de","llm_fallback","","unknown","request_error","ConnectionError","","0","0","","2026-06-19"
"kraus-und-lederer","Kraus & Lederer","kraus-lederer.de","https://www.kraus-lederer.de/career.html","dom","","unknown","ready","Joblinks sind direkt im HTML sichtbar.","200","5","0","json_ld,pagination,host:www.kraus-lederer.de","2026-06-19"
"reinking-und-kollegen","Reinking & Kollegen","reinking.de","https://reinking.de","llm_fallback","","unknown","request_error","SSLError","","0","0","","2026-06-19"
"dr-vogels","Dr. Vogels","dr-vogels.de","https://dr-vogels.de","llm_fallback","","unknown","request_error","SSLError","","0","0","","2026-06-19"
"widmaiernorouzi","WidmaierNorouzi","widmaiernorouzi.de","https://widmaiernorouzi.de","llm_fallback","","unknown","request_error","ConnectionError","","0","0","","2026-06-19"
"straeter","Sträter","straeter.de","https://straeter.de","llm_fallback","","unknown","request_error","SSLError","","0","0","","2026-06-19"
"strate-und-ventzke","Strate und Ventzke","strate.net","https://strate.net","dom","","unknown","ready","Joblinks sind direkt im HTML sichtbar.","200","4","0","json_ld,load_more,pagination,host:strate.net","2026-06-19"
"ppp-papepersikepartner","PPP PapePersikePartner","papepersikepartner.de","https://papepersikepartner-karriere.de/","embedded_json","","unknown","ready","Eingebettete strukturierte Jobdaten gefunden.","200","1","1","json_ld,blocked,host:papepersikepartner-karriere.de","2026-06-19"
"grote-terwiesche","Grote Terwiesche","grote-terwiesche.de","https://grote-terwiesche.de","llm_fallback","","unknown","request_error","ConnectionError","","0","0","","2026-06-19"
"schellmannwagner","SchellmannWagner","schellmannwagner.de","https://schellmannwagner.de","llm_fallback","","unknown","request_error","ConnectionError","","0","0","","2026-06-19"
"quandt-kuhlmann-zimmermann","Quandt Kuhlmann Zimmermann","qkz.de","https://qkz.de","llm_fallback","","unknown","fallback","Keine Jobs im HTML/JSON erkannt.","200","0","0","host:qkz.de","2026-06-19"
"ritter-gent-collegen","Ritter Gent Collegen","ritter-gent.de","https://ritter-gent.de","dom","","unknown","ready","Joblinks sind direkt im HTML sichtbar.","200","1","0","json_ld,host:ritter-gent.de","2026-06-19"
"dr-krist-und-kollegen","Dr. Krist & Kollegen","dr-krist.de","https://dr-krist.de","llm_fallback","","unknown","request_error","SSLError","","0","0","","2026-06-19"
"prof-tiedemann-und","Prof. Tiedemann & Partner","tiedemann-partner.de","https://tiedemann-partner.de","llm_fallback","","unknown","request_error","ConnectionError","","0","0","","2026-06-19"
"raupach-und-wollert-elmendorff","Raupach & Wollert-Elmendorff","ra-wollert.de","https://ra-wollert.de","llm_fallback","","unknown","request_error","ConnectionError","","0","0","","2026-06-19"
"rehborn","Rehborn","rehborn.de","https://rehborn.de","llm_fallback","","unknown","request_error","HTTPError","","0","0","","2026-06-19"
"koenig-szynka-tilmann-von-renesse","König Szynka Tilmann von Renesse","kstvr.de","https://kstvr.de","llm_fallback","","unknown","request_error","ConnectionError","","0","0","","2026-06-19"
"schumm-und-acker","Schumm & Acker","schumm-acker.de","https://schumm-acker.de","llm_fallback","","unknown","request_error","ConnectionError","","0","0","","2026-06-19"
"bosch-jehle","Bosch Jehle","boschjehle.de","https://boschjehle.de","llm_fallback","","unknown","fallback","Keine Jobs im HTML/JSON erkannt.","200","0","0","host:boschjehle.de","2026-06-19"
"stetter","Stetter","stetter-legal.de","https://www.stetterlegal.com/karriere","embedded_json","","unknown","ready","Eingebettete strukturierte Jobdaten gefunden.","200","1","1","json_ld,host:www.stetterlegal.com","2026-06-19"
"dr-riemer","Dr. Riemer","dr-riemer.de","https://dr-riemer.de","dom","","unknown","ready","Joblinks sind direkt im HTML sichtbar.","200","7","0","json_ld,host:www.dr-riemer.de","2026-06-19"
"schnorbus-helmhold-wardemann","Schnorbus Helmhold Wardemann","shw-law.de","https://shw-law.de","llm_fallback","","unknown","request_error","ConnectionError","","0","0","","2026-06-19"
"lilie-ihwas","Lilie Ihwas","lilie-ihwas.de","https://lilie-ihwas.de","playwright","","unknown","needs_browser","Seite wirkt JavaScript-/Pagination-getrieben.","200","0","0","pagination,js_app,host:lilie-ihwas.legal","2026-06-19"
"hamm-kempf-und","Hamm Kempf & Partner","hammkempf.de","https://hammkempf.de","llm_fallback","","unknown","request_error","ConnectionError","","0","0","","2026-06-19"
"von-pelchrzim","von Pelchrzim","vonpelchrzim.de","https://vonpelchrzim.de","llm_fallback","","unknown","request_error","SSLError","","0","0","","2026-06-19"
"dr-robert-walz-dr-hans-joachim-vollrath","Dr. Robert Walz Dr. Hans-Joachim Vollrath","walz-vollrath.de","https://walz-vollrath.de","llm_fallback","","unknown","request_error","ConnectionError","","0","0","","2026-06-19"
"dr-mahlstedt-und","Dr. Mahlstedt & Partner","mahlstedt-partner.de","https://mahlstedt-partner.de","llm_fallback","","unknown","request_error","ConnectionError","","0","0","","2026-06-19"
"prof-dr-lutz-simon","Prof. Dr. Lutz Simon","lutzsimon.de","https://lutzsimon.de","llm_fallback","","unknown","request_error","SSLError","","0","0","","2026-06-19"
"lark","Lark","lark.de","https://lark.de/#careers","playwright","","unknown","needs_browser","Seite wirkt JavaScript-/Pagination-getrieben.","200","0","0","nuxt,load_more,js_app,host:lark.de","2026-06-19"
"raetzke-kambli","Raetzke Kambli","raetzke.com","https://raetzke.com","llm_fallback","","unknown","fallback","Keine Jobs im HTML/JSON erkannt.","200","0","0","host:raetzke.com","2026-06-19"
"3r","3R","3r-kanzlei.de","https://3r-kanzlei.de","llm_fallback","","unknown","request_error","ConnectionError","","0","0","","2026-06-19"
"prinz","Prinz","prinz.law","https://karriere.prinz.law/?_gl=1*1t7epi6*_ga*MTA2MTIyMzc5My4xNzQwNjYyMTgw*_ga_Z5V1GNM6BN*MTc0MDY2MjE3OS4xLjAuMTc0MDY2MjE4MC42MC4wLjA.*_gcl_au*MTg0NDI1NzMxMC4xNzQwNjYyMTgx","dom","","unknown","ready","Joblinks sind direkt im HTML sichtbar.","200","5","0","pagination,blocked,js_app,host:karriere.prinz.law","2026-06-19"
"prof-wurmnest-und-kollegen","Prof. Wurmnest & Kollegen","wurmnest.de","https://wurmnest.de","llm_fallback","","unknown","request_error","ConnectionError","","0","0","","2026-06-19"
"schlarmannvongeyso","SchlarmannvonGeyso","schlarmannvongeyso.de","https://schlarmannvongeyso.de","llm_fallback","","unknown","request_error","SSLError","","0","0","","2026-06-19"
"sattler-und","Sattler & Partner","sattler-partner.de","https://sattler-partner.de","llm_fallback","","unknown","request_error","ConnectionError","","0","0","","2026-06-19"
"von-m-ri-ssy-dr-von-stetten-degenhard-rill","von Máriássy Dr. von Stetten Degenhard Rill","vonmariassy.de","https://vonmariassy.de","llm_fallback","","unknown","request_error","HTTPError","","0","0","","2026-06-19"
"schilling-tute","Schilling Tute","schillingtute.de","https://schillingtute.de","playwright","","unknown","needs_browser","Seite wirkt JavaScript-/Pagination-getrieben.","200","0","0","pagination,host:schillingtute.de","2026-06-19"
"santen-und","Santen & Partner","santen.de","https://www.santen.de/stellenangebote","llm_fallback","","unknown","fallback","Keine Jobs im HTML/JSON erkannt.","200","0","0","host:www.santen.de","2026-06-19"
"schaudt","Schaudt Rechtsanwälte","schaudt-rechtsanwaelte.de","https://schaudt-rechtsanwaelte.de","llm_fallback","","unknown","request_error","ConnectionError","","0","0","","2026-06-19"
"otmar-kury","Otmar Kury","otmar-kury.de","https://otmar-kury.de","llm_fallback","","unknown","request_error","ConnectionError","","0","0","","2026-06-19"
"schumacher-und-willsau","Schumacher & Willsau","schumacher-willsau.de","https://schumacher-willsau.de","llm_fallback","","unknown","request_error","ConnectionError","","0","0","","2026-06-19"
"robe-avocats","Robe Avocats","robe-avocats.com","https://robe-avocats.com","llm_fallback","","unknown","request_error","ConnectionError","","0","0","","2026-06-19"
"dr-martin-t-schwab-dr-simon-weiler","Dr. Martin T. Schwab Dr. Simon Weiler","schwab-weiler.de","https://www.schwab-weiler.de/karriere","dom","","unknown","ready","Joblinks sind direkt im HTML sichtbar.","200","1","0","host:www.schwab-weiler.de","2026-06-19"
"schultze-und","Schultze & Partner","schultze-partner.de","https://schultze-partner.de/stellenanzeigen/","playwright","","unknown","needs_browser","Seite wirkt JavaScript-/Pagination-getrieben.","200","0","0","pagination,js_app,host:schultze-partner.de","2026-06-19"
"schaefer-und","Schaefer & Partner","schaefer-partner.de","https://schaefer-partner.de","llm_fallback","","unknown","request_error","SSLError","","0","0","","2026-06-19"
"reichling-corsten","Reichling Corsten","reichlingcorsten.de/","https://reichlingcorsten.de/karriere","dom","","unknown","ready","Joblinks sind direkt im HTML sichtbar.","200","1","0","json_ld,js_app,host:reichlingcorsten.de","2026-06-19"
"voy","Voy","voy.law","https://voy.law/career","llm_fallback","","unknown","fallback","Keine Jobs im HTML/JSON erkannt.","200","0","0","host:voy.law","2026-06-19"
"ladm-liesegang-aymans-decker-mittelstaedt-und","LADM Liesegang Aymans Decker Mittelstaedt & Partner","ladm.de","https://ladm.de","llm_fallback","","unknown","request_error","SSLError","","0","0","","2026-06-19"
"raeder-vogel","Raeder Vogel","rae-voegel.de","https://rae-voegel.de","llm_fallback","","unknown","request_error","ConnectionError","","0","0","","2026-06-19"
"schluender","Schlünder Rechtsanwälte","schluender.info","https://schluender.info/stellenangebote/","dom","","unknown","ready","Joblinks sind direkt im HTML sichtbar.","200","4","0","json_ld,blocked,host:schluender.info","2026-06-19"
"cbre","CBRE","cbre.com","https://www.cbre.com/careers","dom","","unknown","ready","Joblinks sind direkt im HTML sichtbar.","200","2","0","pagination,host:www.cbre.com","2026-06-19"
"stetter","stetter Rechtsanwälte","stetterlegal.com","https://www.stetterlegal.com/karriere","embedded_json","","unknown","ready","Eingebettete strukturierte Jobdaten gefunden.","200","1","1","json_ld,host:www.stetterlegal.com","2026-06-19"
"michalke-rosskopf","Michalke Rosskopf","michalkerosskopf.de","https://www.michalkerosskopf.de/karriere/","dom","","unknown","ready","Joblinks sind direkt im HTML sichtbar.","200","2","0","json_ld,host:www.michalkerosskopf.de","2026-06-19"
"pp-rechtsanwalte-de","pp-rechtsanwalte.de","pp-rechtsanwalte.de","https://pp-rechtsanwalte.de","llm_fallback","","unknown","request_error","ConnectionError","","0","0","","2026-06-19"
"prediger-und-puetter","Prediger & Pütter","pp-rechtsanwaelte.de","https://pp-rechtsanwaelte.de","dom","","unknown","ready","Joblinks sind direkt im HTML sichtbar.","200","2","0","json_ld,load_more,pagination,blocked,host:www.pp-rechtsanwaelte.de","2026-06-19"
"klebau-schaller-rechtsanwaete","Klebau Schaller Rechtsanwäte","klebau-schaller.com","https://klebau-schaller.com","embedded_json","","unknown","ready","Eingebettete strukturierte Jobdaten gefunden.","200","0","1","json_ld,pagination,blocked,js_app,host:www.klebau-schaller.com","2026-06-19"
"dr-kulitz-nittmann-andree-fischer-rechtsanwaltskanzlei","Dr. Kulitz, Nittmann, Andree,Fischer Rechtsanwaltskanzlei","kanzlei-kulitz.de","https://kanzlei-kulitz.de","reader_or_llm","","unknown","blocked","Seite wirkt geblockt oder leer fuer normale Requests.","200","0","0","blocked,host:www.kanzlei-kulitz.de","2026-06-19"
"kassera-rechtsanwalts","Kassera Rechtsanwalts GmbH","kassera-rechtsanwaelte.de","https://kassera-rechtsanwaelte.de/offene-stellen/","dom","","unknown","ready","Joblinks sind direkt im HTML sichtbar.","200","2","0","host:kassera-rechtsanwaelte.de","2026-06-19"
"pfordte-bosbach","Pfordte Bosbach","pfordte-bosbach.de","https://pfordte-bosbach.de","llm_fallback","","unknown","request_error","ConnectionError","","0","0","","2026-06-19"
"rosenkranz","Rosenkranz","ra-ros.de","https://ra-ros.de","embedded_json","","unknown","ready","Eingebettete strukturierte Jobdaten gefunden.","200","0","1","json_ld,blocked,host:www.rosenkranz-oehler.de","2026-06-19"
"seemann-und-partnerpatentanwaelte","SEEMANN & PARTNERPatentanwälte mbB","seemann-ip.com","https://seemann-ip.com/karriere/","llm_fallback","","unknown","fallback","Keine Jobs im HTML/JSON erkannt.","200","0","0","json_ld,host:seemann-ip.com","2026-06-19"
"patentanwaltskanzlei-rgth-patentanwaelte","Patentanwaltskanzlei RGTH Patentanwälte PartGmbB","rgth.de","https://rgth.de/karriere/","dom","","unknown","ready","Joblinks sind direkt im HTML sichtbar.","200","7","0","json_ld,load_more,pagination,host:rgth.de","2026-06-19"
"ksr-rechtsanwaltskanzlei","KSR Rechtsanwaltskanzlei","ksr-law.de","https://ksr-law.de/karriere/","embedded_json","","unknown","ready","Eingebettete strukturierte Jobdaten gefunden.","200","2","1","json_ld,pagination,blocked,host:ksr-law.de","2026-06-19"
"hgw-hoge-gutsche-walter","HGW Hoge Gutsche Walter Rechtsanwälte","hgw.de","https://hgw.de/_rubric/index.php?rubric=DE++Karriere","playwright","","unknown","needs_browser","Seite wirkt JavaScript-/Pagination-getrieben.","200","0","0","pagination,host:hgw.de","2026-06-19"
"angeli-poetzsch-heffter","ANGELI | POETZSCH-HEFFTER Rechtsanwälte PartGmbB","aph-kanzlei.de","https://www.aph-kanzlei.de/deutsch/jobs/jobs.html","dom","","unknown","ready","Joblinks sind direkt im HTML sichtbar.","200","1","0","host:www.aph-kanzlei.de","2026-06-19"
"ihde-und-ra","IHDE & Partner RA","ihde.de","https://ihde.de/karriere/","dom","","unknown","ready","Joblinks sind direkt im HTML sichtbar.","200","5","0","json_ld,host:ihde.de","2026-06-19"
"e-l-p","E/L/P","elp-partners.de","https://elp-partners.de/karriere/","playwright","","unknown","needs_browser","Seite wirkt JavaScript-/Pagination-getrieben.","200","0","0","json_ld,js_app,host:elp-partners.de","2026-06-19"
"gabor","Gabor Partners","gabor-partners.de","https://gabor-partners.de/#","dom","","unknown","ready","Joblinks sind direkt im HTML sichtbar.","200","3","0","json_ld,pagination,blocked,js_app,host:gabor-partners.de","2026-06-19"
"zinger-strachwitz","Zinger Strachwitz Rechtsanwälte Partnerschaft mbB","zslaw.de","https://www.zslaw.de/karriere/karriere","dom","","unknown","ready","Joblinks sind direkt im HTML sichtbar.","200","1","0","json_ld,host:www.zslaw.de","2026-06-19"
"bergers-und","Bergers & Partner","bergers-partner.de","https://bergerspartner.recruitee.com/","ats_api","","recruitee","ready","Direkter recruitee-ATS-Client verfügbar.","","0","0","","2026-06-19"
"gottschald-patentanwaelte","Gottschald Patentanwälte mbB","gottschald-ip.de","https://gottschald-ip.de/#karriere/karriere_uebersicht","dom","","unknown","ready","Joblinks sind direkt im HTML sichtbar.","200","10","0","host:gottschald-ip.de","2026-06-19"
"lang-rahmann-de","lang-rahmann.de","lang-rahmann.de","https://lang-rahmann.de/karriere","dom","","unknown","ready","Joblinks sind direkt im HTML sichtbar.","200","2","0","host:lang-rahmann.de","2026-06-19"
"lang-und-rahmann","Lang&Rahmann Rechtsanwälte","lr-law.de","https://lr-law.de/karriere","dom","","unknown","ready","Joblinks sind direkt im HTML sichtbar.","200","2","0","host:lr-law.de","2026-06-19"
"schneider","Schneider Rechtsanwälte","schneiderrechtsanwaelte.de","https://schneiderrechtsanwaelte.de","llm_fallback","","unknown","request_error","SSLError","","0","0","","2026-06-19"
"heidemann-und-kuethe","Heidemann & Küthe","heidemann-kuethe.de","https://www.heidemann-kuethe.de/karriere","embedded_json","","unknown","ready","Eingebettete strukturierte Jobdaten gefunden.","200","1","1","json_ld,blocked,host:www.heidemann-kuethe.de","2026-06-19"
"vom-berg","vom Berg Rechtsanwälte","vomberg.org","https://www.vomberg.org/karriere/","dom","","unknown","ready","Joblinks sind direkt im HTML sichtbar.","200","2","0","json_ld,host:www.vomberg.org","2026-06-19"
"tw-todesco-walter","TW Todesco Walter","tw-ratingen.de","https://www.tw-ratingen.de/images/tw-ratingen/pdf/RAFachangestellte.pdf","llm_fallback","","unknown","fallback","Keine Jobs im HTML/JSON erkannt.","200","0","0","host:www.tw-ratingen.de","2026-06-19"
"tsi-consumer-goods","TSI Consumer Goods","tsi.de","https://www.tsi.de/karriere/","playwright","","unknown","needs_browser","Seite wirkt JavaScript-/Pagination-getrieben.","200","0","0","json_ld,load_more,host:www.tsi.de","2026-06-19"
"haas-coll-de","haas-coll.de","haas-coll.de","https://haas-coll.de","llm_fallback","","unknown","request_error","SSLError","","0","0","","2026-06-19"
"mm-reinfeld-steuerberatung","MM Reinfeld Steuerberatung","","","manual_review","","unknown","missing_jobboard_url","Keine Jobboard_URL und keine Domain.","","0","0","","2026-06-19"
"mmr","MMR","mmreinfeld.de","https://mmreinfeld.de/jobs/","playwright","","unknown","needs_browser","Seite wirkt JavaScript-/Pagination-getrieben.","200","0","0","pagination,blocked,js_app,host:mmreinfeld.de","2026-06-19"
"becker-zeiler-und-steuerberatungsgesellschaft","Becker - Zeiler & Partner Steuerberatungsgesellschaft","","","manual_review","","unknown","missing_jobboard_url","Keine Jobboard_URL und keine Domain.","","0","0","","2026-06-19"
"bzp-com","kanzlei-bzp.com","kanzlei-bzp.com","https://www.karriere-stb-becker-zeiler.de/","llm_fallback","","unknown","fallback","Keine Jobs im HTML/JSON erkannt.","200","0","0","host:www.karriere-stb-becker-zeiler.de","2026-06-19"
"dr-m-hundertmark-und-d-moinzadeh","Dr. M. Hundertmark & D. Moinzadeh","moinmark.de","https://moinmark.de/stellenangebote/","playwright","","unknown","needs_browser","Seite wirkt JavaScript-/Pagination-getrieben.","200","0","0","json_ld,load_more,pagination,js_app,host:moinmark.de","2026-06-19"
"najdecki-und-kroier","Notare Najdecki & Kroier","nk-muc.de","https://www.nk-muc.de/karriere/","dom","","unknown","ready","Joblinks sind direkt im HTML sichtbar.","200","2","0","json_ld,pagination,blocked,host:www.nk-muc.de","2026-06-19"
"dr-hartung-rechtsanwaltsgesellschaft-mbh","Dr. Hartung Rechtsanwaltsgesellschaft mbH","hartung-rechtsanwaelte.de","https://www.hartung-rechtsanwaelte.de/kanzlei/karriere/","dom","","unknown","ready","Joblinks sind direkt im HTML sichtbar.","200","11","0","json_ld,blocked,js_app,host:www.hartung-rechtsanwaelte.de","2026-06-19"
"herwig-schoeffler","Rechtsanwalt Herwig Schöffler","rechtsanwalt-schoeffler.de","https://www.rechtsanwalt-schoeffler.de/karriere/","dom","","unknown","ready","Joblinks sind direkt im HTML sichtbar.","200","4","0","json_ld,pagination,blocked,host:www.rechtsanwalt-schoeffler.de","2026-06-19"
"gerlach-und-huenlein-rechtsanwaltsgesellschaft-mbh","Gerlach & Hünlein Rechtsanwaltsgesellschaft mbh","gh-p.de","https://gh-p.deine-wunschkanzlei.de/","llm_fallback","","unknown","fallback","Keine Jobs im HTML/JSON erkannt.","200","0","0","host:gh-p.deine-wunschkanzlei.de","2026-06-19"
"peritus","Peritus","peritus-ra.de","https://www.peritus-ra.de/karriere/","dom","","unknown","ready","Joblinks sind direkt im HTML sichtbar.","200","2","0","blocked,host:www.peritus-ra.de","2026-06-19"
"schulze-hagen-horschitz-hauser","Schulze-Hagen/ Horschitz / Hauser Rechtsanwälte","schulze-hagen.com","https://schulze-hagen.com/karriere/","dom","","unknown","ready","Joblinks sind direkt im HTML sichtbar.","200","1","0","json_ld,host:schulze-hagen.com","2026-06-19"
"lr-de","kanzlei-lr.de","kanzlei-lr.de","https://www.limmer-reutemann.de/stellenangebote","dom","","unknown","ready","Joblinks sind direkt im HTML sichtbar.","200","8","0","json_ld,pagination,blocked,js_app,host:www.limmer-reutemann.de","2026-06-19"
"limmer-und-reutmann","Limmer & Reutmann","limmer-reutemann.de","https://www.limmer-reutemann.de/stellenangebote","dom","","unknown","ready","Joblinks sind direkt im HTML sichtbar.","200","8","0","json_ld,pagination,blocked,js_app,host:www.limmer-reutemann.de","2026-06-19"
"pickartz","Pickartz Rechtsanwälte","pickartz-rechtsanwaelte.de","https://pickartz-rechtsanwaelte.de/karriere","dom","","unknown","ready","Joblinks sind direkt im HTML sichtbar.","200","3","0","pagination,js_app,host:pickartz-rechtsanwaelte.de","2026-06-19"
"bulex-rechtsanwaltsgesellschaft-mbh","Bulex Rechtsanwaltsgesellschaft mbH","bulex.info","https://bulex.info/karriere/","dom","","unknown","ready","Joblinks sind direkt im HTML sichtbar.","200","2","0","json_ld,host:bulex.info","2026-06-19"
"ott-und-treuhand-steuerberatungsgesellschaft","Ott & Partner Treuhand Steuerberatungsgesellschaft","ott-partner.de","https://www.ott-partner.de/karriere/","dom","","unknown","ready","Joblinks sind direkt im HTML sichtbar.","200","14","0","json_ld,pagination,blocked,host:www.ott-partner.de","2026-06-19"
"meidert-und-kollegen","Meidert & Kollegen","meidert-kollegen.de","https://www.karriere-meidert-kollegen.de/","dom","","unknown","ready","Joblinks sind direkt im HTML sichtbar.","200","5","0","host:www.karriere-meidert-kollegen.de","2026-06-19"
"dr-von-der-hardt-und","Dr. von der Hardt & Partner","vonderhardt.com","https://www.beraterverbund-am-mittelhafen.com/verbund/dr-von-der-hardt-partner/","dom","","unknown","ready","Joblinks sind direkt im HTML sichtbar.","200","7","0","json_ld,pagination,blocked,host:beraterverbund-am-mittelhafen.com","2026-06-19"
"hering-de","hering-rechtsanwalt.de","hering-rechtsanwalt.de","https://hering-rechtsanwalt.de","llm_fallback","","unknown","fallback","Keine Jobs im HTML/JSON erkannt.","200","0","0","host:hering-rechtsanwalt.de","2026-06-19"
"praxis-dr-grewe","Praxis Dr. Grewe","dr-peter-grewe.de","https://dr-peter-grewe.de/2024/07/05/das-familien-stellen-zeigt-krankheiten-sind-heilungsprozesse-fuer-die-seele-hellinger/","playwright","","unknown","needs_browser","Seite wirkt JavaScript-/Pagination-getrieben.","200","0","0","json_ld,pagination,blocked,host:dr-peter-grewe.de","2026-06-19"
"momberger","Momberger Rechtsanwälte","","","manual_review","","unknown","missing_jobboard_url","Keine Jobboard_URL und keine Domain.","","0","0","","2026-06-19"
"lehmkuehler","Lehmkühler Rechtsanwälte","lehmkuehler-rechtsanwaelte.de","https://lehmkuehler-rechtsanwaelte.de","dom","","unknown","ready","Joblinks sind direkt im HTML sichtbar.","200","6","0","json_ld,pagination,host:www.lehmkuehler-rechtsanwaelte.de","2026-06-19"
"pair-finance","Pair Finance","pairfinance.com","https://pairfinance.com","embedded_json","","unknown","ready","Eingebettete strukturierte Jobdaten gefunden.","200","0","1","json_ld,host:pairfinance.com","2026-06-19"
"hoess","Höss Rechtsanwälte","kanzleihoess.de","https://kanzleihoess.de/karriere","dom","","unknown","ready","Joblinks sind direkt im HTML sichtbar.","200","2","0","host:kanzleihoess.de","2026-06-19"
"unitax","UNITAX","unitax-berlin.de","https://unitax-group.com/karriere/","playwright","","unknown","needs_browser","Seite wirkt JavaScript-/Pagination-getrieben.","200","0","0","pagination,blocked,js_app,host:unitax-group.com","2026-06-19"
"capital","Capital","scalable.capital.de","https://scalable.capital.de","llm_fallback","","unknown","request_error","ConnectionError","","0","0","","2026-06-19"
"raisin","Raisin","raisin.com","https://raisin.com","llm_fallback","","unknown","request_error","HTTPError","","0","0","","2026-06-19"
"raisin-bank","Raisin Bank","raisin.bank","https://raisin.bank","playwright","","unknown","needs_browser","Seite wirkt JavaScript-/Pagination-getrieben.","200","0","0","js_app,host:raisin.bank","2026-06-19"
"mtr","MTR Legal Rechtsanwälte","mtrlegal.com","https://career.mtrlegal.com/","dom","","unknown","ready","Joblinks sind direkt im HTML sichtbar.","200","4","0","json_ld,pagination,js_app,host:career.mtrlegal.com","2026-06-19"
"pauly-und","Pauly & Partner","paulypartner.de","https://www.paulypartner.de/karriere","dom","","unknown","ready","Joblinks sind direkt im HTML sichtbar.","200","2","0","pagination,host:www.paulypartner.de","2026-06-19"
"csp-frankfurt","CSP Frankfurt","csp-frankfurt.de","https://csp-frankfurt.de","reader_or_llm","","unknown","blocked","Seite wirkt geblockt oder leer fuer normale Requests.","200","0","0","blocked,host:www.csp-frankfurt.de","2026-06-19"
"advocatio","Advocatio Rechtsanwälte","advocatio.de","https://advocatio.de","dom","","unknown","ready","Joblinks sind direkt im HTML sichtbar.","200","8","0","json_ld,blocked,host:www.advocatio.de","2026-06-19"
"digital-direkt-steuerkanzlei-de","digital-direkt-steuerkanzlei.de","digital-direkt-steuerkanzlei.de","https://digital-direkt-steuerkanzlei.de","embedded_json","","unknown","ready","Eingebettete strukturierte Jobdaten gefunden.","200","0","1","json_ld,pagination,blocked,js_app,host:digital-direkt-steuerkanzlei.de","2026-06-19"
"schaefer-und-sis","Schäfer&SIS","schaefer-sis.de","https://schaefer-sis.de/#","dom","","unknown","ready","Joblinks sind direkt im HTML sichtbar.","200","1","0","json_ld,pagination,blocked,host:schaefer-sis.de","2026-06-19"
"abraham-und-loehr-steuerberatungsgesellschaft-mbh","Abraham & Löhr Steuerberatungsgesellschaft mbH","abraham-loehr.de","https://abraham-loehr.de/jobs/","dom","","unknown","ready","Joblinks sind direkt im HTML sichtbar.","200","1","0","json_ld,load_more,pagination,blocked,js_app,host:abraham-loehr.de","2026-06-19"
"goodarzi-und-polster","Goodarzi & Polster Rechtsanwälte","goodarzi-polster.com","https://goodarzi-polster.com","llm_fallback","","unknown","fallback","Keine Jobs im HTML/JSON erkannt.","200","0","0","host:www.goodarzi-polster.com","2026-06-19"
"dr-papsch-und-collehen","Dr. Papsch & Collehen Rechtsanwälte","papsch.de","https://papsch.de/stellenangebote/","dom","","unknown","ready","Joblinks sind direkt im HTML sichtbar.","200","7","0","host:papsch.de","2026-06-19"
"malte-volker-familienanwaelte","Malte Volker Familienanwälte","familienanwalt-bs.de","https://familienanwalt-bs.de/karriere/","dom","","unknown","ready","Joblinks sind direkt im HTML sichtbar.","200","4","0","blocked,host:familienanwalt-bs.de","2026-06-19"
"becker-gursky-verhoeven-partnerschaftsgesellschaft","Becker Gursky Verhoeven Partnerschaftsgesellschaft mbB","bgv-partner.de","https://bgv-partner.de/karriere/","dom","","unknown","ready","Joblinks sind direkt im HTML sichtbar.","200","2","0","json_ld,pagination,blocked,host:bgv-partner.de","2026-06-19"
"von-rohr-patentanwaelte","Von Rohr Patentanwälte","vonrohr.de","https://vonrohr.de/kanzlei/karriere/","dom","","unknown","ready","Joblinks sind direkt im HTML sichtbar.","200","4","0","json_ld,pagination,blocked,js_app,host:vonrohr.de","2026-06-19"
"robusta-gaukel","ROBUSTA-GAUKEL","robusta-gaukel.com","https://www.robusta-gaukel.com/shop/7-Lagertechnik-Baustelleneinrichtung%3A%3A%3A8.html","llm_fallback","","unknown","fallback","Keine Jobs im HTML/JSON erkannt.","200","0","0","host:www.robusta-gaukel.com","2026-06-19"
"dgb-rechtsschutz","DGB Rechtsschutz GmbH","dgbrechtsschutz.de","https://www.dgbrechtsschutz.de/karriere/","embedded_json","","unknown","ready","Eingebettete strukturierte Jobdaten gefunden.","200","4","1","json_ld,js_app,host:www.dgbrechtsschutz.de","2026-06-19"
"anwaltskanzlei-thomas-schmid","Anwaltskanzlei Thomas Schmid","kanzlei-tschmid.de","https://www.kanzlei-tschmid.de/karriere","dom","","unknown","ready","Joblinks sind direkt im HTML sichtbar.","200","2","0","host:www.kanzlei-tschmid.de","2026-06-19"
"doppstadt-und-kollegen","Doppstadt Und Kollegen","advo-ulm.de","https://www.advo-ulm.de/stellenangebote/","dom","","unknown","ready","Joblinks sind direkt im HTML sichtbar.","200","2","0","host:www.advo-ulm.de","2026-06-19"
"anhaeusser-unger-und-bergien","Anhäusser Unger & Bergien","anhaeusser.de","https://anhaeusser.de/karriere/","dom","","unknown","ready","Joblinks sind direkt im HTML sichtbar.","200","2","0","host:anhaeusser.de","2026-06-19"
"hasenkamp","hasenkamp","hasenkamp.com","https://hasenkamp.com/karriere","dom","","unknown","ready","Joblinks sind direkt im HTML sichtbar.","200","2","0","blocked,js_app,host:hasenkamp.com","2026-06-19"
"k-f-m-de","k-f-m.de","k-f-m.de","https://k-f-m.de","llm_fallback","","unknown","request_error","SSLError","","0","0","","2026-06-19"
"luetzenkirchen-part","Lützenkirchen Rechtsanwälte Part mbB","kanzlei-fuer-mietrecht.de","https://www.kanzlei-fuer-mietrecht.de/karriere","dom","","unknown","ready","Joblinks sind direkt im HTML sichtbar.","200","1","0","host:www.kanzlei-fuer-mietrecht.de","2026-06-19"
"schlun-und-elseven","Schlun & Elseven Rechtsanwälte PartG","se-legal.de","https://se-legal.de/karriere/","embedded_json","","unknown","ready","Eingebettete strukturierte Jobdaten gefunden.","200","3","1","json_ld,pagination,blocked,js_app,host:se-legal.de","2026-06-19"
"dr-maximilian-frhr-v-proff","Notar Dr. Maximilian Frhr. v. Proff","notarvonproff.de","https://notarvonproff.de","embedded_json","","unknown","ready","Eingebettete strukturierte Jobdaten gefunden.","200","0","2","json_ld,blocked,js_app,host:www.notarvonproff.de","2026-06-19"
"a-hartrodt","a. hartrodt","hartrodt.com","https://www.hartrodt.com/career","llm_fallback","","unknown","fallback","Keine Jobs im HTML/JSON erkannt.","200","0","0","json_ld,host:www.hartrodt.com","2026-06-19"
"curt-richter-se","Curt Richter SE","curt-richter.de","https://www.curt-richter.de/unternehmen/karriere","llm_fallback","","unknown","fallback","Keine Jobs im HTML/JSON erkannt.","200","0","0","host:www.curt-richter.de","2026-06-19"
"benesch-und","Benesch & Partner","benesch.de","https://benesch.de/karriere/","dom","","unknown","ready","Joblinks sind direkt im HTML sichtbar.","200","5","0","json_ld,host:benesch.de","2026-06-19"
"kremer-recht-de","kremer-recht.de","kremer-recht.de","https://kremer-recht.de","llm_fallback","","unknown","request_error","SSLError","","0","0","","2026-06-19"
"strasser-ventroni-freytag","Straßer Ventroni Freytag","svf-law.de","https://svf-law.de","playwright","","unknown","needs_browser","Seite wirkt JavaScript-/Pagination-getrieben.","200","0","0","json_ld,pagination,blocked,host:www.svf-law.de","2026-06-19"
"blf","BLF-Partner","blf-partner.de","https://www.blf-partner.de/karriere/","playwright","","unknown","needs_browser","Seite wirkt JavaScript-/Pagination-getrieben.","200","0","0","json_ld,pagination,js_app,host:www.blf-partner.de","2026-06-19"
"laborius-die-fachanwaelte-fuer-arbeitsrecht","Laborius - Die Fachanwälte für Arbeitsrecht","laborius.eu","https://www.laborius.eu/de/de/beratungsfelder/betriebsraete-einigungsstellen","llm_fallback","","unknown","request_error","HTTPError","","0","0","","2026-06-19"
"hgrs","HGRS","hgrs.eu","https://www.hgrs.eu/karriere/","dom","","unknown","ready","Joblinks sind direkt im HTML sichtbar.","200","6","0","host:www.hgrs.eu","2026-06-19"
"lieff-cabraser-heimann-und-bernstein","Lieff Cabraser Heimann & Bernstein","lchb.com","https://www.lieffcabraser.com/about-us/employment-at-lieff-cabraser/","dom","","unknown","ready","Joblinks sind direkt im HTML sichtbar.","200","3","0","pagination,blocked,host:www.lieffcabraser.com","2026-06-19"
"martin-franz","Martin Franz","ra-franz.eu","https://ra-franz.eu","llm_fallback","","unknown","fallback","Keine Jobs im HTML/JSON erkannt.","200","0","0","host:ra-franz.eu","2026-06-19"
"stahl-und-kessler","Stahl & Kessler","sk-stuttgart.de","https://www.sk-stuttgart.de/de/karriere/","dom","","unknown","ready","Joblinks sind direkt im HTML sichtbar.","200","1","0","host:www.sk-stuttgart.de","2026-06-19"
"bruellmann","BRÜLLMANN Rechtsanwälte","bruellmann.de","https://bruellmann.de/#bewerben","dom","","unknown","ready","Joblinks sind direkt im HTML sichtbar.","200","10","0","pagination,blocked,host:bruellmann.de","2026-06-19"
"hsf-hartmann-fuchs","HSF Hartmann Fuchs + Partner Rechtsanwälte","hsf-partner.de","https://hsf-partner.de/careers","reader_or_llm","","unknown","blocked","Seite wirkt geblockt oder leer fuer normale Requests.","200","0","0","blocked,host:hsf-partner.de","2026-06-19"
"jordan-und-wagner-rechtsanwaltsgesellschaft-mbh","Jordan & Wagner Rechtsanwaltsgesellschaft MBH","jordan-ra.com","https://www.jordanwagner-ra.com/de/de/kanzlei/karriere","llm_fallback","","unknown","request_error","HTTPError","","0","0","","2026-06-19"
"dr-hepp-dr-reul","Notare Dr. Hepp Dr. Reul","hepp-reul.de","https://hepp-reul.de","dom","","unknown","ready","Joblinks sind direkt im HTML sichtbar.","200","10","0","host:www.hepp-reul.de","2026-06-19"
"arnoul-moeller-und-plantiko","Arnoul Möller & Plantiko","amp-law.de","https://www.amp-law.de/wp-content/uploads/2025/02/2025-02-12-Stellenanzeige-Empfangskraft.pdf","llm_fallback","","unknown","fallback","Keine Jobs im HTML/JSON erkannt.","200","0","0","host:www.amp-law.de","2026-06-19"
"mengen-und","Mengen und Partner","mengen-partner.de","https://www.mengen-partner.de/#","dom","","unknown","ready","Joblinks sind direkt im HTML sichtbar.","200","6","0","blocked,host:www.mengen-partner.de","2026-06-19"
"bister-brunke-partnerschaftsgesellschaft-mit-beschraenkter-berufshaftung","BISTER BRUNKE Rechtsanwälte Partnerschaftsgesellschaft mit beschränkter Berufshaftung","bbp-essen.de","https://bbp-essen.de/karriere","dom","","unknown","ready","Joblinks sind direkt im HTML sichtbar.","200","2","0","json_ld,pagination,js_app,host:bbp-essen.de","2026-06-19"
"und-dr-keller","Rechtsanwälte & Notar Dr. Keller","rae-drkeller.de","https://rechtsanwaltnotardrkeller.scope-recruiting.de/","dom","","unknown","ready","Joblinks sind direkt im HTML sichtbar.","200","2","0","pagination,host:rechtsanwaltnotardrkeller.scope-recruiting.de","2026-06-19"
"kwm","KWM LAW","kwm-law.de","https://kwm-law.de/karriere","dom","","unknown","ready","Joblinks sind direkt im HTML sichtbar.","200","3","0","json_ld,pagination,js_app,host:kwm-law.de","2026-06-19"
"ruscher-und-noelke","Ruscher & Nölke","ruscher-noelke.de","https://ruscher-noelke.de/karriere/","dom","","unknown","ready","Joblinks sind direkt im HTML sichtbar.","200","7","0","json_ld,pagination,host:ruscher-noelke.de","2026-06-19"
"gaensemarkt-com","gaensemarkt.com","gaensemarkt.com","https://notare-amgaensemarkt.de/de/karriere","embedded_json","","unknown","ready","Eingebettete strukturierte Jobdaten gefunden.","200","5","1","json_ld,host:notare-amgaensemarkt.de","2026-06-19"
"lextm","lexTM","lex.tm","https://www.lex.tm/karriere/","dom","","unknown","ready","Joblinks sind direkt im HTML sichtbar.","200","1","0","json_ld,host:www.lex.tm","2026-06-19"
"wagemann","Wagemann+Partner","wagemann.net","https://www.wagemann.net/karriere/","playwright","","unknown","needs_browser","Seite wirkt JavaScript-/Pagination-getrieben.","200","0","0","json_ld,pagination,blocked,js_app,host:www.wagemann.net","2026-06-19"
"ht-via-treuhand","HT VIA Treuhand GmbH","ht-deutschland.com","https://www.ht-deutschland.com/index_ger.html#offcanvas_menu_e2833","dom","","unknown","ready","Joblinks sind direkt im HTML sichtbar.","200","3","0","host:www.ht-deutschland.com","2026-06-19"
"quintaris","Quintaris","quintaris.de","https://www.quintaris.de/karriere/","dom","","unknown","ready","Joblinks sind direkt im HTML sichtbar.","200","10","0","json_ld,host:www.quintaris.de","2026-06-19"
"steinacker-creutzfeldt","Steinacker Creutzfeldt","sc-berater.de","https://www.sc-berater.de/karriere/","dom","","unknown","ready","Joblinks sind direkt im HTML sichtbar.","200","7","0","host:www.sc-berater.de","2026-06-19"
"baedorf-de","kanzlei-baedorf.de","kanzlei-baedorf.de","https://www.kanzlei-baedorf.de/karriere/","dom","","unknown","ready","Joblinks sind direkt im HTML sichtbar.","200","5","0","json_ld,host:www.kanzlei-baedorf.de","2026-06-19"
"mel-wedding-de","mel-wedding.de","mel-wedding.de","https://mel-wedding.de","reader_or_llm","","unknown","blocked","Seite wirkt geblockt oder leer fuer normale Requests.","200","0","0","blocked,host:mel-wedding.de","2026-06-19"
"dlf-treuhand-steuerberatungsgesellschaft-mbh","DLF Treuhand Steuerberatungsgesellschaft mbH","dlf-stb.de","https://www.dlf-stb.de/#jobs","dom","","unknown","ready","Joblinks sind direkt im HTML sichtbar.","200","3","0","host:www.dlf-stb.de","2026-06-19"
"kunke","Kanzlei Kunke Rechtsanwälte PartG mbB","kanzlei-kunke.de","https://www.kanzlei-kunke.de/karriere","dom","","unknown","ready","Joblinks sind direkt im HTML sichtbar.","200","7","0","host:www.kanzlei-kunke.de","2026-06-19"
"fischer-und-reimann-steuerberatungsgesellschaft-mbh","Fischer & Reimann Steuerberatungsgesellschaft mbH","kanzlei-pfalz.de","https://kanzlei-pfalz.de/karriere.html","dom","","unknown","ready","Joblinks sind direkt im HTML sichtbar.","200","3","0","host:kanzlei-pfalz.de","2026-06-19"
"dr-philipp-mueller-und-dr-marcus-leinenweber","Dr. Philipp Müller und Dr. Marcus Leinenweber","mnotare.de","https://mnotare.de","dom","","unknown","ready","Joblinks sind direkt im HTML sichtbar.","200","1","0","host:www.mnotare.de","2026-06-19"
"prof-dr-bischoff-und","Prof. Dr. Bischoff & Partner","bischoffundpartner.de","https://karriere.bischoffundpartner.de","dom","","unknown","ready","Joblinks sind direkt im HTML sichtbar.","200","3","0","json_ld,host:karriere.bischoffundpartner.de","2026-06-19"
"frahm-kuckuk-arbeitsrecht","Frahm Kuckuk Arbeitsrecht","fk.legal","https://fk.legal/de/jobs/","dom","","unknown","ready","Joblinks sind direkt im HTML sichtbar.","200","1","0","host:fk.legal","2026-06-19"
"sander-hansen-steuerberatungsgesellschaft-berlin-mbh","Sander Hansen Steuerberatungsgesellschaft Berlin mbH","sander-hansen.de","https://www.sander-hansen.de/karriere","embedded_json","","unknown","ready","Eingebettete strukturierte Jobdaten gefunden.","200","3","1","json_ld,host:www.sander-hansen.de","2026-06-19"
"stelter-anwaltssozietaet","Stelter Anwaltssozietät","stelter-berlin.de","https://www.stelter-berlin.de/#karriere","llm_fallback","","unknown","fallback","Keine Jobs im HTML/JSON erkannt.","200","0","0","host:www.stelter-berlin.de","2026-06-19"
"dr-sponagel","Dr. Sponagel","sponagel-recht.de","https://www.sponagel-recht.de/karriere/","dom","","unknown","ready","Joblinks sind direkt im HTML sichtbar.","200","11","0","json_ld,pagination,blocked,js_app,host:www.sponagel-recht.de","2026-06-19"
"kallies-und-goetze","Kallies & Goetze","kallies-goetze.de","https://kallies-goetze.de/karriere/","dom","","unknown","ready","Joblinks sind direkt im HTML sichtbar.","200","1","0","pagination,js_app,host:kallies-goetze.de","2026-06-19"
"cws-deutschland","CWS Deutschland","cws.com","https://cws.com/de-DE/karriere","dom","","unknown","ready","Joblinks sind direkt im HTML sichtbar.","200","6","0","json_ld,pagination,host:www.cws.com","2026-06-19"
"ilp-de","ilp-legal.de","ilp-legal.de","https://ilp-legal.de","dom","","unknown","ready","Joblinks sind direkt im HTML sichtbar.","200","1","0","pagination,js_app,host:ilp-legal.de","2026-06-19"
"bgp","BGP Rechtsanwälte","bgp-partner.de","https://bgp-partner.de/karriere/","dom","","unknown","ready","Joblinks sind direkt im HTML sichtbar.","200","4","0","pagination,host:bgp-partner.de","2026-06-19"
"mueller-seidel-vos","MÜLLER SEIDEL VOS","muellerseidelvos.de","https://muellerseidelvos.de/ihre-karriere-bei-uns/","dom","","unknown","ready","Joblinks sind direkt im HTML sichtbar.","200","1","0","json_ld,pagination,blocked,js_app,host:muellerseidelvos.de","2026-06-19"
"zacher-und","Zacher & Partner","zpanwaelte.de","https://zacherlegal.de/karriere/","dom","","unknown","ready","Joblinks sind direkt im HTML sichtbar.","200","1","0","json_ld,pagination,blocked,host:zacherlegal.de","2026-06-19"
"lws","LWS Rechtsanwälte","lws-rechtsanwaelte.de","https://www.lws-legal.de/karriere","embedded_json","","unknown","ready","Eingebettete strukturierte Jobdaten gefunden.","200","0","1","json_ld,host:www.lws-legal.de","2026-06-19"
"pachmann-schuback-khan","Pachmann Schuback Khan","psk-legal.de","https://www.psk-legal.de/karriere","embedded_json","","unknown","ready","Eingebettete strukturierte Jobdaten gefunden.","200","4","2","json_ld,blocked,host:www.psk-legal.de","2026-06-19"
"antoniadis","Antoniadis","antoniadisurerechtsanwaltsgesellschaftmbh.recruitee.com","https://recruitee.com/career-page-multiposting","ats_api","","recruitee","ready","Direkter recruitee-ATS-Client verfügbar.","","0","0","","2026-06-19"
"patent","Legal Patent","legal-patent.com","https://legal-patent.com/karriere/","dom","","unknown","ready","Joblinks sind direkt im HTML sichtbar.","200","7","0","json_ld,load_more,pagination,blocked,js_app,host:legal-patent.com","2026-06-19"
"dr-husemann-bellgardt-und","Dr. Husemann, Bellgardt & Partner mbB","hbp-group.de","https://www.hbp-group.de/karriere/","dom","","unknown","ready","Joblinks sind direkt im HTML sichtbar.","200","7","0","json_ld,pagination,host:www.hbp-group.de","2026-06-19"
"schork-kauffmann-bremenkamp","Schork Kauffmann Bremenkamp","skb-legal.com","https://skb-legal.com/karriere/","dom","","unknown","ready","Joblinks sind direkt im HTML sichtbar.","200","10","0","host:skb-legal.com","2026-06-19"
"spalckhaver-keuneke-baum","Kanzlei /spalckhaver /keuneke /baum","skb-legal.de","https://skb-legal.de","embedded_json","","unknown","ready","Eingebettete strukturierte Jobdaten gefunden.","200","0","2","json_ld,load_more,pagination,blocked,js_app,host:skb-legal.de","2026-06-19"
"isico-datenschutz","ISiCO Datenschutz","isico-datenschutz.de","https://www.isico.de/karriere","dom","","unknown","ready","Joblinks sind direkt im HTML sichtbar.","200","4","0","json_ld,blocked,host:www.isico.de","2026-06-19"
"grothmanngeiser","GrothmannGeiser","grothmanngeiser.de","https://www.grothmanngeiser.de/karriere/","llm_fallback","","unknown","fallback","Keine Jobs im HTML/JSON erkannt.","200","0","0","host:www.grothmanngeiser.de","2026-06-19"
"schwamb-fischer-oswald","SCHWAMB FISCHER OSWALD Rechtsanwälte PartGmbB","sfr-law.de","https://sfr-law.de/karriere/","dom","","unknown","ready","Joblinks sind direkt im HTML sichtbar.","200","2","0","json_ld,host:sfr-law.de","2026-06-19"
"c-r-p","c.r.p. law","crp-law.de","https://crp-law.de/karriere","llm_fallback","","unknown","fallback","Keine Jobs im HTML/JSON erkannt.","200","0","0","json_ld,host:crp-law.de","2026-06-19"
"parta-steuerberatungsgesellschaft-mbh","PARTA Steuerberatungsgesellschaft mbH","partasteuern.de","https://partasteuern.de/karriere","dom","","unknown","ready","Joblinks sind direkt im HTML sichtbar.","200","3","0","json_ld,host:partasteuern.de","2026-06-19"
"bss-steuerberatungsgesellschaft","BSS Steuerberatungsgesellschaft","bssgmbh.recruitee.com","https://bssgmbh.recruitee.com/#jobs-c88dea0d","ats_api","","recruitee","ready","Direkter recruitee-ATS-Client verfügbar.","","0","0","","2026-06-19"
"juhn","JUHN Partner","juhn.com","https://www.juhn.com/karriere/","embedded_json","","unknown","ready","Eingebettete strukturierte Jobdaten gefunden.","200","17","1","json_ld,host:www.juhn.com","2026-06-19"
"h","Kanzlei H","kanzlei-hsp.de","https://www.kanzlei-hsp.de/karriere/","embedded_json","","unknown","ready","Eingebettete strukturierte Jobdaten gefunden.","200","13","1","json_ld,pagination,blocked,host:www.kanzlei-hsp.de","2026-06-19"
"qfs-suess-und","QFS Steuerberater Rechtsanwalt Süß & Partner","qfs-tax.de","https://qfs-tax.de/Join.html","dom","","unknown","ready","Joblinks sind direkt im HTML sichtbar.","200","6","0","host:qfs-tax.de","2026-06-19"
"lhr-koeln","LHR Rechtsanwälte Köln","lhr-law.de","https://www.lhr-law.de/kanzlei/karriere/","embedded_json","","unknown","ready","Eingebettete strukturierte Jobdaten gefunden.","200","2","2","json_ld,blocked,host:www.lhr-law.de","2026-06-19"
"am-forum","Kanzlei am Forum","kanzleiamforum.de","https://www.kanzleiamforum.de/kanzlei/karriere/","dom","","unknown","ready","Joblinks sind direkt im HTML sichtbar.","200","2","0","json_ld,host:www.kanzleiamforum.de","2026-06-19"
"boisser-e","BOISSERÉE Rechtsanwälte","boisseree.de","https://boisseree.de/karriere/","dom","","unknown","ready","Joblinks sind direkt im HTML sichtbar.","200","6","0","host:boisseree.de","2026-06-19"
"dr-bachem-de","dr-bachem.de","bachem.legal","https://www.bachem.legal/karriere.php","embedded_json","","unknown","ready","Eingebettete strukturierte Jobdaten gefunden.","200","0","1","json_ld,host:www.bachem.legal","2026-06-19"
"heim-honermeier-wp-stb-partmbb","Heim Honermeier WP/StB PartmbB","heim-honermeier.de","https://heim-honermeier.dein-karriere-portal.de/","llm_fallback","","unknown","request_error","HTTPError","","0","0","","2026-06-19"
"pkf","Pkf","m.pkf.de","https://m.pkf.de","llm_fallback","","unknown","request_error","ConnectionError","","0","0","","2026-06-19"
"meyer-und-frey","Meyer & Frey","meyer-frey.de","https://www.meyer-frey.de/karriere/","dom","","unknown","ready","Joblinks sind direkt im HTML sichtbar.","200","1","0","json_ld,pagination,blocked,js_app,host:www.meyer-frey.de","2026-06-19"
"hsp","HSP Steuerberater","hsp-kanzlei.com","https://hsp-kanzlei.com/jobs/","dom","","unknown","ready","Joblinks sind direkt im HTML sichtbar.","200","4","0","json_ld,pagination,blocked,js_app,host:hsp-kanzlei.com","2026-06-19"
"4ip","4ip.law","4ip.law","https://4ip.law","dom","","unknown","ready","Joblinks sind direkt im HTML sichtbar.","200","2","0","host:www.4ip.law","2026-06-19"
"biere-doerner-faller","Biere Dörner Faller","bdf.legal","https://bdf.legal/karriere/","llm_fallback","","unknown","fallback","Keine Jobs im HTML/JSON erkannt.","200","0","0","host:bdf.legal","2026-06-19"
"yklaw","Yklaw","yklaw.de","https://yklaw.de/about_36/","dom","","unknown","ready","Joblinks sind direkt im HTML sichtbar.","200","1","0","host:yklaw.de","2026-06-19"
"ses-berlin","SES Berlin","ses-legal.de","https://ses-legal.de/karriere.html","dom","","unknown","ready","Joblinks sind direkt im HTML sichtbar.","200","2","0","host:ses-legal.de","2026-06-19"
"profpannen-de","profpannen.de","profpannen.de","https://profpannen.de","llm_fallback","","unknown","request_error","SSLError","","0","0","","2026-06-19"
"prof-dr-pannen","Prof. Dr. Pannen Rechtsanwälte","drpannen.de","https://drpannen.de/karriere/index.html","dom","","unknown","ready","Joblinks sind direkt im HTML sichtbar.","200","4","0","host:drpannen.de","2026-06-19"
"gleiss-grosse-schrell-und","Gleiss Große Schrell und Partner mbB","gleiss-grosse.com","https://www.gleiss-grosse.com/stellenausschreibungen/","llm_fallback","","unknown","fallback","Keine Jobs im HTML/JSON erkannt.","200","0","0","json_ld,host:www.gleiss-grosse.com","2026-06-19"
"wista-rechtsanwalts","WISTA Rechtsanwalts AG","wista-ra.de","https://wista-ra.de/rechtsanwalt-mannheim/","dom","","unknown","ready","Joblinks sind direkt im HTML sichtbar.","200","3","0","host:wista-ra.de","2026-06-19"
"aecoute","Aecoute Rechtsanwälte PartGmbB","aecoute.de","https://www.aecoute.de/karriere","dom","","unknown","ready","Joblinks sind direkt im HTML sichtbar.","200","3","0","blocked,host:www.aecoute.de","2026-06-19"
"weber","Weber Legal","weber-legal.com","https://weber-legal.com/agb-erstellen-lassen/","embedded_json","","unknown","ready","Eingebettete strukturierte Jobdaten gefunden.","200","3","1","json_ld,pagination,host:weber-legal.com","2026-06-19"
"wilhelm-und-kollegen","Wilhelm & Kollegen","insolvenzverwalter-hannover.de","https://www.insolvenzverwalter-hannover.de/kanzlei/jobs-karriere","llm_fallback","","unknown","request_error","HTTPError","","0","0","","2026-06-19"
"michaelis","Kanzlei Michaelis","kanzlei-michaelis.de","https://kanzlei-michaelis.de/karriere/","dom","","unknown","ready","Joblinks sind direkt im HTML sichtbar.","200","3","0","json_ld,blocked,js_app,host:kanzlei-michaelis.de","2026-06-19"
"brrs","BRRS Rechtsanwälte","brrs-rechtsanwaelte.de","https://www.brrs-rechtsanwaelte.de/de/jobs-und-karriere/","playwright","","unknown","needs_browser","Seite wirkt JavaScript-/Pagination-getrieben.","200","0","0","pagination,host:www.brrs-rechtsanwaelte.de","2026-06-19"
"unfried-und-kollegen","Unfried & Kollegen","unfried-kollegen.de","https://unfried-kollegen.de","dom","","unknown","ready","Joblinks sind direkt im HTML sichtbar.","200","1","0","json_ld,host:unfried-kollegen.de","2026-06-19"
"sylvenstein","SYLVENSTEIN Rechtsanwälte","sylvenstein-law.de","https://karriere.sylvenstein-law.de","dom","","unknown","ready","Joblinks sind direkt im HTML sichtbar.","200","5","0","load_more,pagination,blocked,js_app,host:karriere.sylvenstein-law.de","2026-06-19"
"schaefer-und-kollegen","Kanzlei Schäfer & Kollegen","schaefer-und-kollegen.de","https://www.schaefer-und-kollegen.de/karriere/","dom","","unknown","ready","Joblinks sind direkt im HTML sichtbar.","200","7","0","host:www.schaefer-und-kollegen.de","2026-06-19"
"cllb","CLLB Rechtsanwälte","cllb.de","https://cllb.de","dom","","unknown","ready","Joblinks sind direkt im HTML sichtbar.","200","11","0","json_ld,blocked,host:www.cllb.de","2026-06-19"
"etl-wrg","Etl-Wrg","etl-wrg.de","","manual_review","","unknown","missing_jobboard_url","Keine Jobboard_URL und keine Domain.","","0","0","","2026-06-19"
"steuerkanzlei-balland-de","steuerkanzlei-balland.de","steuerkanzlei-balland.de","https://steuerkanzlei-balland.de","embedded_json","","unknown","ready","Eingebettete strukturierte Jobdaten gefunden.","200","4","1","json_ld,blocked,host:www.steuerkanzlei-balland.de","2026-06-19"
"gvp-bremen","GVP Rechtsanwälte, Bremen","gvp-ra.de","https://gvp-ra.de","dom","","unknown","ready","Joblinks sind direkt im HTML sichtbar.","200","1","0","host:gvp-ra.de","2026-06-19"
"wigge","Rechtsanwälte Wigge","ra-wigge.de","https://ra-wigge.de/news/stellenangebote/","dom","","unknown","ready","Joblinks sind direkt im HTML sichtbar.","200","1","0","host:ra-wigge.de","2026-06-19"
"scheidle-und","Scheidle & Partner","scheidle-partner.de","https://scheidle-partner.de","llm_fallback","","unknown","request_error","SSLError","","0","0","","2026-06-19"
"park-wirtschaftsstrafrecht","PARK Wirtschaftsstrafrecht Rechtsanwälte PartG mbB","park-wirtschaftsstrafrecht.de","https://park-wirtschaftsstrafrecht.de/karriere/","embedded_json","","unknown","ready","Eingebettete strukturierte Jobdaten gefunden.","200","1","1","json_ld,load_more,pagination,host:park-wirtschaftsstrafrecht.de","2026-06-19"
"streck-mack-schwedhelm","STRECK MACK SCHWEDHELM Rechtsanwälte Steuerberater Partnerschaft mbB","steueranwalt.de","https://steueranwalt.de/karriere","dom","","unknown","ready","Joblinks sind direkt im HTML sichtbar.","200","10","0","json_ld,blocked,host:steueranwalt.de","2026-06-19"
"mueller-radack-schultz","MÜLLER RADACK SCHULTZ","mueller-radack.com","https://mueller-radack.com","llm_fallback","","unknown","request_error","ConnectionError","","0","0","","2026-06-19"
"lhp-tax","LHP Tax","lhp-gruppe.de","https://www.lhp-gruppe.de/stellenangebote/","dom","","unknown","ready","Joblinks sind direkt im HTML sichtbar.","200","56","0","json_ld,blocked,host:www.lhp-gruppe.de","2026-06-19"
"clp","CLP Rechtsanwälte","clp-law.de","https://www.clp-law.de/kanzlei/karriere/","dom","","unknown","ready","Joblinks sind direkt im HTML sichtbar.","200","1","0","json_ld,blocked,host:www.clp-law.de","2026-06-19"
"pohlmann-hofmann-insolvenzverwalter","Pohlmann Hofmann Insolvenzverwalter Rechtsanwälte Partnerschaft","pohlmannhofmann.de","https://pohlmannhofmann.de/karriere/","playwright","","unknown","needs_browser","Seite wirkt JavaScript-/Pagination-getrieben.","200","0","0","pagination,blocked,host:pohlmannhofmann.de","2026-06-19"
"herbst-broecker-gbr","Herbst | Bröcker Rechtsanwälte GbR","herbst-broecker.de","https://www.herbst-broecker.de/karriere/","dom","","unknown","ready","Joblinks sind direkt im HTML sichtbar.","200","4","0","json_ld,pagination,host:www.herbst-broecker.de","2026-06-19"
"armedis-gbr","armedis Rechtsanwälte GbR","armedis.de","https://armedis.de/karriere","dom","","unknown","ready","Joblinks sind direkt im HTML sichtbar.","200","1","0","host:armedis.de","2026-06-19"
"roemermann","Römermann","roemermann.com","https://roemermann.com/kanzlei/karriere/","playwright","","unknown","needs_browser","Seite wirkt JavaScript-/Pagination-getrieben.","200","0","0","json_ld,load_more,pagination,blocked,host:roemermann.com","2026-06-19"
"dr-schackow-und","Dr. Schackow & Partner Rechtsanwälte PartG mbB","schackow.de","https://schackow.de","llm_fallback","","unknown","request_error","SSLError","","0","0","","2026-06-19"
"arnold-und-porter","Arnold & Porter","arnoldporter.com","https://www.arnoldporter.com/en/careers","dom","","unknown","ready","Joblinks sind direkt im HTML sichtbar.","200","5","0","blocked,js_app,host:www.arnoldporter.com","2026-06-19"
"wuertenberger","Wuertenberger","wuertenberger-legal.de","https://www.wuertenberger-legal.de/de/karriere","dom","","unknown","ready","Joblinks sind direkt im HTML sichtbar.","200","1","0","json_ld,host:www.wuertenberger-legal.de","2026-06-19"
"verte","Verte","verte.law","https://verte.law","playwright","","unknown","needs_browser","Seite wirkt JavaScript-/Pagination-getrieben.","200","0","0","js_app,host:verte.law","2026-06-19"
"weidinger-richtscheid","Weidinger Richtscheid","weidinger-richtscheid.de","https://weidinger-richtscheid.de/karriere/","embedded_json","","unknown","ready","Eingebettete strukturierte Jobdaten gefunden.","200","1","2","json_ld,host:weidinger-richtscheid.de","2026-06-19"
"v-keussler","V. Keussler","keussler.com","https://keussler.com","playwright","","unknown","needs_browser","Seite wirkt JavaScript-/Pagination-getrieben.","200","0","0","pagination,js_app,host:www.keussler.com","2026-06-19"
"unit-4-ip","Unit 4 IP","unit4ip.de","https://unit4ip.de/#Karriere","dom","","unknown","ready","Joblinks sind direkt im HTML sichtbar.","200","3","0","host:unit4ip.de","2026-06-19"
"trebeck-und-von-broich","Trebeck & von Broich","tundvb.de","https://www.tundvb.de/karriere/","llm_fallback","","unknown","fallback","Keine Jobs im HTML/JSON erkannt.","200","0","0","json_ld,host:www.tundvb.de","2026-06-19"
"tradeo","Tradeo","tradeo.legal","https://www.tradeo.legal/karriere/","dom","","unknown","ready","Joblinks sind direkt im HTML sichtbar.","200","1","0","json_ld,pagination,host:www.tradeo.legal","2026-06-19"
"trueon","Trüon","truon.de","https://truon.de/#karriere","dom","","unknown","ready","Joblinks sind direkt im HTML sichtbar.","200","1","0","json_ld,pagination,js_app,host:truon.de","2026-06-19"
"trueg-habetha","Trüg Habetha","trueg-habetha.de","https://trueg-habetha.de","dom","","unknown","ready","Joblinks sind direkt im HTML sichtbar.","200","1","0","json_ld,pagination,js_app,host:www.trueg-habetha.de","2026-06-19"
"rosin-buedenbender","Rosin Büdenbender","rosin-buedenbender.com","https://rosin-buedenbender.com/karriere/","dom","","unknown","ready","Joblinks sind direkt im HTML sichtbar.","200","4","0","pagination,host:rosin-buedenbender.com","2026-06-19"
"nieding-barth","Nieding + Barth","niedingbarth.de","https://niedingbarth.de/home/careers/","playwright","","unknown","needs_browser","Seite wirkt JavaScript-/Pagination-getrieben.","200","0","0","json_ld,load_more,pagination,blocked,js_app,host:niedingbarth.de","2026-06-19"
"notos","Notos","notos.de","https://notos.de/karriere","playwright","","unknown","needs_browser","Seite wirkt JavaScript-/Pagination-getrieben.","200","0","0","js_app,host:notos.de","2026-06-19"
"mueller-knapp-hjort-wulff","Müller-Knapp Hjort Wulff","arbeitsrechtsanwaelte-hamburg.de","https://www.arbeitsrechtsanwaelte-hamburg.de/bewerbungen","embedded_json","","unknown","ready","Eingebettete strukturierte Jobdaten gefunden.","200","2","1","json_ld,blocked,host:www.arbeitsrechtsanwaelte-hamburg.de","2026-06-19"
"loyfort","Loyfort","loyfort.de","https://loyfort.de/karriere/","dom","","unknown","ready","Joblinks sind direkt im HTML sichtbar.","200","5","0","json_ld,host:loyfort.de","2026-06-19"
"mainwerk","Mainwerk","mainwerk-legal.de","https://mainwerk-legal.de/karriere/","embedded_json","","unknown","ready","Eingebettete strukturierte Jobdaten gefunden.","200","1","2","json_ld,host:mainwerk-legal.de","2026-06-19"
"knarr-und-knopp-milde-netuschil-zimmer","Knarr & Knopp Milde Netuschil Zimmer","knarr-knopp.de","https://www.knarr-knopp.de/stellenangebote","dom","","unknown","ready","Joblinks sind direkt im HTML sichtbar.","200","1","0","js_app,host:www.knarr-knopp.de","2026-06-19"
"kiermeier-haselier-grosse","Kiermeier Haselier Grosse","khg-dresden.com","https://www.khg-dresden.com/de/karriere","dom","","unknown","ready","Joblinks sind direkt im HTML sichtbar.","200","1","0","json_ld,host:www.khg-dresden.com","2026-06-19"
"leitfeld","LEITFELD Rechtsanwälte","leitfeld-recht.de","https://www.leitfeld-recht.de/de/karriere/","dom","","unknown","ready","Joblinks sind direkt im HTML sichtbar.","200","1","0","host:www.leitfeld-recht.de","2026-06-19"
"korn-und-letzas","Korn & Letzas","korn-letzas.de","https://www.korn-letzas.de/karriere/","dom","","unknown","ready","Joblinks sind direkt im HTML sichtbar.","200","2","0","blocked,host:www.korn-letzas.de","2026-06-19"
"klopsch-und","Klopsch & Partner","ra-klopsch.de","https://ra-klopsch.de","dom","","unknown","ready","Joblinks sind direkt im HTML sichtbar.","200","6","0","json_ld,host:ra-klopsch.de","2026-06-19"
"jacobsen-confurius","Jacobsen + Confurius","jacobsen-confurius.de","https://jacobsen-confurius.de","dom","","unknown","ready","Joblinks sind direkt im HTML sichtbar.","200","9","0","pagination,js_app,host:jacobsen-confurius.de","2026-06-19"
"justem","Justem","justem.de","https://www.justem.de/beratung/betriebsraete-und-einigungsstellen/","dom","","unknown","ready","Joblinks sind direkt im HTML sichtbar.","200","1","0","json_ld,load_more,pagination,blocked,host:www.justem.de","2026-06-19"
"juconomy","Juconomy","juconomy.de","https://juconomy.de","reader_or_llm","","unknown","blocked","Seite wirkt geblockt oder leer fuer normale Requests.","200","0","0","json_ld,blocked,host:www.juconomy.de","2026-06-19"
"irmler","Irmler","irmler.org","https://www.irmler.org/karriere","dom","","unknown","ready","Joblinks sind direkt im HTML sichtbar.","200","1","0","pagination,blocked,js_app,host:www.irmler.org","2026-06-19"
"ignor-und","Ignor & Partner","ignor-partner.de","https://ignor-partner.de","llm_fallback","","unknown","request_error","SSLError","","0","0","","2026-06-19"
"hamm-und-wittkopp","Hamm & Wittkopp","hammwittkopp.de","https://hammwittkopp.de/karriere/","dom","","unknown","ready","Joblinks sind direkt im HTML sichtbar.","200","1","0","json_ld,host:hammwittkopp.de","2026-06-19"
"hanefeld","Hanefeld","hanefeld-legal.com","https://www.hanefeld-legal.com/career","dom","","unknown","ready","Joblinks sind direkt im HTML sichtbar.","200","1","0","host:www.hanefeld-legal.com","2026-06-19"
"hammpartner","HammPartner","hammpartner.de","https://hammpartner.de","llm_fallback","","unknown","request_error","SSLError","","0","0","","2026-06-19"
"frings","Frings Partners","fringspartners.de","https://www.fringspartners.de/de/Insights/Karriere/index.php","llm_fallback","","unknown","request_error","HTTPError","","0","0","","2026-06-19"
"gerns-und","Gerns & Partner","gerns.eu","https://gerns.eu","dom","","unknown","ready","Joblinks sind direkt im HTML sichtbar.","200","1","0","json_ld,pagination,blocked,host:www.gerns.eu","2026-06-19"
"gerloff-liebler","Gerloff Liebler","gl-law.de","https://gl-law.de/karriere/","dom","","unknown","ready","Joblinks sind direkt im HTML sichtbar.","200","1","0","json_ld,pagination,host:gl-law.de","2026-06-19"
"gkn-graefe-kluempen-neusel","gkn Gräfe Klümpen-Neusel","gkn-partner.de","https://gkn-partner.de","llm_fallback","","unknown","request_error","HTTPError","","0","0","","2026-06-19"
"freyschmidt-frings-pananis-venn","Freyschmidt Frings Pananis Venn","verteidiger-in-strafsachen.de","","manual_review","","unknown","missing_jobboard_url","Keine Jobboard_URL und keine Domain.","","0","0","","2026-06-19"
"franzmann-geilen-brueckmann","Franzmann Geilen Brückmann","arbeitnehmer-kanzlei.de","https://arbeitnehmer-kanzlei.de","dom","","unknown","ready","Joblinks sind direkt im HTML sichtbar.","200","2","0","host:arbeitnehmer-kanzlei.de","2026-06-19"
"gercke-wollschlaeger","Gercke Wollschläger","gw-strafrecht.de","https://www.linkedin.com/feed/update/urn:li:activity:7403475612050354176","embedded_json","","unknown","ready","Eingebettete strukturierte Jobdaten gefunden.","200","0","1","json_ld,load_more,pagination,blocked,js_app,host:www.linkedin.com","2026-06-19"
"gnd-geiger-nitz-daunderer","GND Geiger Nitz Daunderer","gnd-law.de","https://gnd-law.de","llm_fallback","","unknown","request_error","SSLError","","0","0","","2026-06-19"
"esch-bahner-lisch","Esch Bahner Lisch","eschbahnerlisch.de","https://eschbahnerlisch.de","dom","","unknown","ready","Joblinks sind direkt im HTML sichtbar.","200","1","0","host:www.eschbahnerlisch.de","2026-06-19"
"evers","Evers","evers-vertriebsrecht.de","https://evers-vertriebsrecht.de","embedded_json","","unknown","ready","Eingebettete strukturierte Jobdaten gefunden.","200","0","4","json_ld,host:www.evers-vertriebsrecht.de","2026-06-19"
"eifler-grandpierre-weber","Eifler Grandpierre Weber","egw-law.de","https://www.egw-law.de/start/karriere/","playwright","","unknown","needs_browser","Seite wirkt JavaScript-/Pagination-getrieben.","200","0","0","json_ld,pagination,blocked,host:www.egw-law.de","2026-06-19"
"elsaesser","Elsässer","elsaesser.co","https://elsaesser.co","dom","","unknown","ready","Joblinks sind direkt im HTML sichtbar.","200","1","0","json_ld,js_app,host:www.elsaesser.co","2026-06-19"
"dr-velke","Dr. Velke","kanzlei-velke.de","https://kanzlei-velke.de","embedded_json","","unknown","ready","Eingebettete strukturierte Jobdaten gefunden.","200","0","2","json_ld,blocked,host:www.kanzlei-velke.de","2026-06-19"
"dr-klein-dr-monstemann","Dr. Klein Dr.Monstemann-+ Partner","internationalessteuerrecht.com","https://internationalessteuerrecht.com","dom","","unknown","ready","Joblinks sind direkt im HTML sichtbar.","200","2","0","json_ld,blocked,host:internationalessteuerrecht.com","2026-06-19"
"deubner-und-kirchberg","Deubner & Kirchberg","deubnerkirchberg.de","https://www.deubnerkirchberg.de/karriere/","dom","","unknown","ready","Joblinks sind direkt im HTML sichtbar.","200","2","0","host:www.deubnerkirchberg.de","2026-06-19"
"corvel","Corvel","corvel.de","https://www.corvel.de/de/about/karriere?i=1","llm_fallback","","unknown","fallback","Keine Jobs im HTML/JSON erkannt.","200","0","0","host:www.corvel.de","2026-06-19"
"cibus","Cibus","cibus-recht.de","https://cibus-recht.de","dom","","unknown","ready","Joblinks sind direkt im HTML sichtbar.","200","1","0","json_ld,blocked,host:www.cibus-recht.de","2026-06-19"
"comfield","Comfield Legal","comfield-legal.eu","https://www.comfield-legal.eu/career","llm_fallback","","unknown","fallback","Keine Jobs im HTML/JSON erkannt.","200","0","0","host:www.comfield-legal.eu","2026-06-19"
"creutzig-und-creutzig","Creutzig & Creutzig","creutzig-law.com","https://creutzig-law.com","dom","","unknown","ready","Joblinks sind direkt im HTML sichtbar.","200","4","0","json_ld,pagination,js_app,host:creutzig-law.com","2026-06-19"
"cnh-anwaelte","CNH Anwälte","cnh-anwaelte.de","https://www.cnh-anwaelte.de/karriere.html","dom","","unknown","ready","Joblinks sind direkt im HTML sichtbar.","200","3","0","host:www.cnh-anwaelte.de","2026-06-19"
"braun-dullaeus-pannen-emmerling","Braun-Dullaeus Pannen Emmerling","bdpe.de","https://bdpe.de/karriere/","playwright","","unknown","needs_browser","Seite wirkt JavaScript-/Pagination-getrieben.","200","0","0","pagination,blocked,host:bdpe.de","2026-06-19"
"atg-algaeuer-treuhand","ATG Algäuer Treuhand","atg.de","https://www.atg.de/karriere/karriere-bei-uns/","dom","","unknown","ready","Joblinks sind direkt im HTML sichtbar.","200","6","0","json_ld,blocked,host:www.atg.de","2026-06-19"
"bergerhoff","Bergerhoff","bergerhoff.de","https://bergerhoff.de","dom","","unknown","ready","Joblinks sind direkt im HTML sichtbar.","200","1","0","json_ld,pagination,blocked,host:bergerhoff.de","2026-06-19"
"woerner-schaefer-rueckert","Wörner, Schäfer, Rückert","wsr-net.de","https://www.wsr-net.de/jobs/","dom","","unknown","ready","Joblinks sind direkt im HTML sichtbar.","200","4","0","json_ld,pagination,js_app,host:www.wsr-net.de","2026-06-19"
"wildanger-kehrwald-graf-v-schwerin-und","Wildanger Kehrwald Graf v. Schwerin & Partner mbB Rechtsanwälte","wildanger.eu","https://wildanger.eu/karriere/","dom","","unknown","ready","Joblinks sind direkt im HTML sichtbar.","200","1","0","json_ld,pagination,js_app,host:wildanger.eu","2026-06-19"
"unverzagt-von-have-partnerschaftsgesellschaft","UNVERZAGT VON HAVE Rechtsanwälte Partnerschaftsgesellschaft mbB","unverzagt.law","https://unverzagt.law/aktuelles/karriere/","dom","","unknown","ready","Joblinks sind direkt im HTML sichtbar.","200","5","0","json_ld,host:unverzagt.law","2026-06-19"
"stapper-jacobi-schaedlich","STAPPER | JACOBI | SCHÄDLICH RECHTSANWÄLTE – PARTNERSCHAFT","stapper.in","https://stapper.in/team/karriere/","embedded_json","","unknown","ready","Eingebettete strukturierte Jobdaten gefunden.","200","0","3","json_ld,blocked,js_app,host:stapper.in","2026-06-19"
"stirnweiss-brenner-partnerschaftsgesellschaft","Stirnweiss Brenner Rechtsanwälte Partnerschaftsgesellschaft mbB","stirnweiss-brenner.de","https://stirnweiss-brenner.de/karriere/","embedded_json","","unknown","ready","Eingebettete strukturierte Jobdaten gefunden.","200","3","1","json_ld,pagination,js_app,host:stirnweiss-brenner.de","2026-06-19"
"advomano-zwiehoff-elsner-partnerschaftsgesellschaft","advomano Zwiehoff Elsner Rechtsanwälte Partnerschaftsgesellschaft mbB","advomano.de","https://www.advomano.de/de/kanzlei/jobs-bei-advomano","embedded_json","","unknown","ready","Eingebettete strukturierte Jobdaten gefunden.","200","6","1","json_ld,blocked,host:www.advomano.de","2026-06-19"
"schwabe-sandmair-marx-patentanwaelte","Schwabe Sandmair Marx Patentanwälte Rechtsanwalt Partnerschaft mbB","ssmpatent.de","https://ssmpatent.de/karriere-patentanwalt-muenchen-jobs-bei-ssm-patent/","dom","","unknown","ready","Joblinks sind direkt im HTML sichtbar.","200","3","0","json_ld,blocked,host:ssmpatent.de","2026-06-19"
"schwemer-titz-und-toetter-partnerschaftsgesellschaft","Schwemer, Titz & Tötter Rechtsanwälte, Wirtschaftsprüfer, Steuerberater Partnerschaftsgesellschaft","stt.de","https://stt.de","dom","","unknown","ready","Joblinks sind direkt im HTML sichtbar.","200","1","0","pagination,js_app,host:stt.de","2026-06-19"
"schindhelm-und-pfisterer","Schindhelm & Pfisterer Rechtsanwälte","rae-sp.de","https://rae-sp.de/karriere/","dom","","unknown","ready","Joblinks sind direkt im HTML sichtbar.","200","8","0","json_ld,pagination,blocked,js_app,host:rae-sp.de","2026-06-19"
"schellenberg-unternehmeranwaelte","Schellenberg Unternehmeranwälte","unternehmeranwaelte.de","https://unternehmeranwaelte.de/karriere","llm_fallback","","unknown","fallback","Keine Jobs im HTML/JSON erkannt.","200","0","0","host:unternehmeranwaelte.de","2026-06-19"
"reinhardt-und-kollegen-und-insolvenzverwalter-rechtsanwaltsgesellschaft","REINHARDT & KOLLEGEN Rechtsanwälte und Insolvenzverwalter GmbH Rechtsanwaltsgesellschaft","reinhardt-rechtsanwaelte.de","https://reinhardt-rechtsanwaelte.de","llm_fallback","","unknown","request_error","HTTPError","","0","0","","2026-06-19"
"lindenau-prior-und","Rechtsanwälte Lindenau · Prior & Partner","lindenau-prior.de","https://lindenau-prior.de/index.php/karriere/","playwright","","unknown","needs_browser","Seite wirkt JavaScript-/Pagination-getrieben.","200","0","0","json_ld,pagination,host:lindenau-prior.de","2026-06-19"
"rae-hausmann-und-mueller","RAe Hausmann & Müller","hm-ra.com","http://beraterverbund-am-mittelhafen.com/verbund/hausmann-mueller/","dom","","unknown","ready","Joblinks sind direkt im HTML sichtbar.","200","3","0","json_ld,pagination,blocked,host:beraterverbund-am-mittelhafen.com","2026-06-19"
"rae-buschlinger-claus-und","RAe Buschlinger, Claus & Partner","bcp-wiesbaden.de","https://bcp-wiesbaden.de/karriere/","dom","","unknown","ready","Joblinks sind direkt im HTML sichtbar.","200","2","0","json_ld,pagination,js_app,host:bcp-wiesbaden.de","2026-06-19"
"sozietaet-pfeifer-bergmann-schwartz-hingst-kohl-blydt-hansen-lalek-gbr","Sozietät Pfeifer – Bergmann – Schwartz – Hingst – Kohl – Blydt-Hansen – Lalek GbR","pfbs.de","https://pfbs.de/stellenanzeigen","dom","","unknown","ready","Joblinks sind direkt im HTML sichtbar.","200","2","0","host:pfbs.de","2026-06-19"
"peters-fleschutz-graf-von-carmer-kaeaeb","Peters Fleschutz Graf von Carmer Kääb Rechtsanwälte Steuerberater","pfgc.de","https://pfgc.de","llm_fallback","","unknown","request_error","ConnectionError","","0","0","","2026-06-19"
"pateris-theobald-elbel-fischer-patentanwaelte-partmbb","PATERIS Theobald Elbel Fischer, Patentanwälte, PartmbB","pateris.de","https://www.pateris.de/stellenangebote-berlin/","dom","","unknown","ready","Joblinks sind direkt im HTML sichtbar.","200","12","0","pagination,blocked,host:www.pateris.de","2026-06-19"
"oltmanns-kandelhard-und-buesing-in","Oltmanns, Kandelhard & Büsing Rechtsanwälte in Partnerschaft","okb-anwalt.de","https://www.ohlegal.eu/karriere/","dom","","unknown","ready","Joblinks sind direkt im HTML sichtbar.","200","1","0","host:www.ohlegal.eu","2026-06-19"
"patentanwaelte-ruff-wilhelm-beier-dauster-und","Patentanwälte Ruff, Wilhelm, Beier, Dauster & Partner mbB","kronenpat.de","https://www.kronenpat.de/jobs/","dom","","unknown","ready","Joblinks sind direkt im HTML sichtbar.","200","4","0","json_ld,load_more,host:www.kronenpat.de","2026-06-19"
"menge-noack","Menge Noack Rechtsanwälte Partnerschaft","menge-noack.de","https://menge-noack.de/stellenangebote/","dom","","unknown","ready","Joblinks sind direkt im HTML sichtbar.","200","3","0","json_ld,pagination,blocked,host:menge-noack.de","2026-06-19"
"manske-und","Manske & Partner, Rechtsanwälte","manske-partner.de","https://www.manske-partner.de/stellenangebote","dom","","unknown","ready","Joblinks sind direkt im HTML sichtbar.","200","1","0","pagination,host:www.manske-partner.de","2026-06-19"
"altmann-stoessel-dick-patentanwaelte","Altmann Stößel Dick Patentanwälte PartG mbB","asd-patent.com","https://asd-patent.com","playwright","","unknown","needs_browser","Seite wirkt JavaScript-/Pagination-getrieben.","200","0","0","pagination,js_app,host:asd-patent.com","2026-06-19"
"loeffler-und-kollegen","Kanzlei Löffler & Kollegen","loeffler-ra.de","https://loeffler-ra.de/jobs/","dom","","unknown","ready","Joblinks sind direkt im HTML sichtbar.","200","12","0","json_ld,pagination,js_app,host:loeffler-ra.de","2026-06-19"
"karaahmetoglu-und-kollegen","Karaahmetoglu & Kollegen","anwaltskanzlei-karaahmetoglu.com","https://anwaltskanzlei-karaahmetoglu.com","dom","","unknown","ready","Joblinks sind direkt im HTML sichtbar.","200","1","0","json_ld,js_app,host:www.anwaltskanzlei-karaahmetoglu.com","2026-06-19"
"schumertl-und-koll","Kanzlei Schumertl & Koll.","schumertl.de","https://www.schumertl.de/stellenangebote/","dom","","unknown","ready","Joblinks sind direkt im HTML sichtbar.","200","1","0","json_ld,host:www.schumertl.de","2026-06-19"
"henningsmeier","Henningsmeier Rechtsanwälte","henningsmeier.de","https://www.henningsmeier.de/karriere.html","dom","","unknown","ready","Joblinks sind direkt im HTML sichtbar.","200","1","0","host:www.henningsmeier.de","2026-06-19"
"grooterhorst-und","Grooterhorst & Partner Rechtsanwälte mbB","grooterhorst.de","https://grooterhorst.de","llm_fallback","","unknown","request_error","SSLError","","0","0","","2026-06-19"
"dr-klassen","Dr. Klassen + Partner mbB Rechtsanwälte","dr-klassen.de","https://www.dr-klassen.de/kanzlei/karriere/","dom","","unknown","ready","Joblinks sind direkt im HTML sichtbar.","200","2","0","host:www.dr-klassen.de","2026-06-19"
"krohn-partnerschaftsgesellschaft","KROHN Rechtsanwälte Partnerschaftsgesellschaft mbB","krohnlegal.de","https://www.krohnlegal.de/de/karriere.htm","dom","","unknown","ready","Joblinks sind direkt im HTML sichtbar.","200","1","0","host:www.krohnlegal.de","2026-06-19"
"gebert-drescher-rechtsanwaltsgesellschaft-mbh","GEBERT DRESCHER Rechtsanwaltsgesellschaft mbH","gebertdrescher.de","https://www.gebertdrescher.de/karriere/","dom","","unknown","ready","Joblinks sind direkt im HTML sichtbar.","200","2","0","json_ld,pagination,blocked,js_app,host:www.gebertdrescher.de","2026-06-19"
"kaergel-de-maizi-re-und","Kärgel de Maizière & Partner Rechtsanwälte","kaergel.com","https://kaergel.com/karriere/","dom","","unknown","ready","Joblinks sind direkt im HTML sichtbar.","200","4","0","json_ld,pagination,host:kaergel.com","2026-06-19"
"knh-kemper-hochstadt-und","KNH Rechtsanwälte Kemper Hochstadt und Partner PartG mbB","knh-rechtsanwaelte.de","https://knh-rechtsanwaelte.de/karriere/","dom","","unknown","ready","Joblinks sind direkt im HTML sichtbar.","200","2","0","host:knh-rechtsanwaelte.de","2026-06-19"
"oberthuer-und","Kanzlei Oberthür & Partner","oberthuer.de","https://www.oberthuer.de/karriere/","dom","","unknown","ready","Joblinks sind direkt im HTML sichtbar.","200","1","0","host:www.oberthuer.de","2026-06-19"
"kuntze-mayer-und-beyer","Kanzlei Kuntze Mayer & Beyer","kmb-partner.de","https://kmb-partner.de","embedded_json","","unknown","ready","Eingebettete strukturierte Jobdaten gefunden.","200","4","1","json_ld,blocked,host:www.kmb-partner.de","2026-06-19"
"thomas-mauser","Kanzlei Thomas Mauser Rechtsanwälte","rae-mauser.de","https://ms-rae.de/karriere/","playwright","","unknown","needs_browser","Seite wirkt JavaScript-/Pagination-getrieben.","200","0","0","pagination,host:ms-rae.de","2026-06-19"
"gr-us","Gréus Rechtsanwälte PartG mbB","greus.de","https://greus.de/beitraege/vergaberecht/auslagern-von-beschaffungsvorgangen-unzulassig/","dom","","unknown","ready","Joblinks sind direkt im HTML sichtbar.","200","2","0","json_ld,host:greus.de","2026-06-19"
"greilich-hirschmann-benedum-und-coll-fachanwaelte-partnerschaftsgesellschaft","Greilich Hirschmann Benedum & Coll. Rechtsanwälte Fachanwälte Partnerschaftsgesellschaft","ghb-partner.de","https://www.ghb-partner.de/stellen/","dom","","unknown","ready","Joblinks sind direkt im HTML sichtbar.","200","4","0","json_ld,load_more,pagination,blocked,host:www.ghb-partner.de","2026-06-19"
"hk2","HK2 Rechtsanwälte","hk2.eu","https://www.hk2.eu/de/karriere","playwright","","unknown","needs_browser","Seite wirkt JavaScript-/Pagination-getrieben.","200","0","0","blocked,js_app,host:www.hk2.eu","2026-06-19"
"grosse-von-hirschhausen-patentdienst","Grosse von Hirschhausen Patentdienst GmbH","gskh.eu","https://www.gskh.eu/karriere/","dom","","unknown","ready","Joblinks sind direkt im HTML sichtbar.","200","2","0","host:www.gskh.eu","2026-06-19"
"gentz-und","Gentz und Partner Rechtsanwälte mbB","gentz.de","https://gentz.de/join-us/","dom","","unknown","ready","Joblinks sind direkt im HTML sichtbar.","200","2","0","pagination,host:gentz.de","2026-06-19"
"dolce-lauda-avvocati-partnerschaftsgesellschaft","Dolce Lauda Rechtsanwälte Avvocati Partnerschaftsgesellschaft mbB","dolce.de","https://www.dolcelauda.com/karriere/","dom","","unknown","ready","Joblinks sind direkt im HTML sichtbar.","200","2","0","json_ld,pagination,js_app,host:www.dolcelauda.com","2026-06-19"
"fromm-f-m-p","Fromm F. M. P","fmp-recht.de","https://fmp-recht.de","llm_fallback","","unknown","fallback","Keine Jobs im HTML/JSON erkannt.","200","0","0","host:www.fmp-recht.de","2026-06-19"
"dr-waldhorn-und","Dr. Waldhorn & Partner Rechtsanwälte mbB","kanzlei-waldhorn.info","https://www.kanzlei-waldhorn.info/karriere/","llm_fallback","","unknown","fallback","Keine Jobs im HTML/JSON erkannt.","200","0","0","host:www.kanzlei-waldhorn.info","2026-06-19"
"dr-stracke-bubenzer-und-partnerschaftsgesellschaft","Dr. Stracke, Bubenzer & Partner Rechtsanwälte Partnerschaftsgesellschaft mbB","ra-stracke.de","https://ra-stracke.de/stellenangebote-rechtsanwaltskanzlei/","dom","","unknown","ready","Joblinks sind direkt im HTML sichtbar.","200","3","0","json_ld,pagination,js_app,host:ra-stracke.de","2026-06-19"
"debevoise-und-plimpton-ll-p","Debevoise & Plimpton LL.P","debevoise.com","https://www.debevoise.com/careers","playwright","","unknown","needs_browser","Seite wirkt JavaScript-/Pagination-getrieben.","200","0","0","js_app,host:www.debevoise.com","2026-06-19"
"bock-von-rechtsanwaelten","bock legal Partnerschaft von Rechtsanwälten mbB","bock-legal.de","https://www.bock-legal.de/karierre/","dom","","unknown","ready","Joblinks sind direkt im HTML sichtbar.","200","1","0","json_ld,host:www.bock-legal.de","2026-06-19"
"anwaltskanzlei-hoernlein-und-feyler-gesellschaft-buergerlichen-rechts","Anwaltskanzlei Hörnlein & Feyler Gesellschaft bürgerlichen Rechts","hoernlein-feyler.de","https://hoernlein-feyler.de/karriere/","dom","","unknown","ready","Joblinks sind direkt im HTML sichtbar.","200","3","0","json_ld,js_app,host:hoernlein-feyler.de","2026-06-19"
"anwaltskanzlei-reitstoetter-kinzebach","Anwaltskanzlei Reitstötter Kinzebach","kinzebach.de","https://kinzebach.de/karriere/","llm_fallback","","unknown","fallback","Keine Jobs im HTML/JSON erkannt.","200","0","0","json_ld,host:kinzebach.de","2026-06-19"
"baumann-mayer-seidel-und","Baumann Mayer Seidel & Partner mbB Rechtsanwälte Steuerberater","bms-rechtsanwaelte.de","https://bms-rechtsanwaelte.de","embedded_json","","unknown","ready","Eingebettete strukturierte Jobdaten gefunden.","200","7","1","json_ld,pagination,blocked,host:www.bms-rechtsanwaelte.de","2026-06-19"
"bendel-insolvenzverwaltung","Bendel Insolvenzverwaltung AG","bendel-insolvenz.de","https://bendel-insolvenz.de/karriere-bei-bendel-insolvenzverwaltung/","llm_fallback","","unknown","fallback","Keine Jobs im HTML/JSON erkannt.","200","0","0","json_ld,host:bendel-insolvenz.de","2026-06-19"
"rechtsanwaltskanzlei-buerrig-kanand-willms-gbr","Rechtsanwaltskanzlei Bürrig. Kanand. Willms. GbR","bkw-anwalt.com","https://bkw-anwalt.com","dom","","unknown","ready","Joblinks sind direkt im HTML sichtbar.","200","5","0","json_ld,load_more,pagination,host:www.bkw-anwalt.com","2026-06-19"
"linnemann-gbr","Linnemann Rechtsanwälte GbR","rechtsanwaelte-linnemann.de","https://rechtsanwaelte-linnemann.de","llm_fallback","","unknown","request_error","ConnectionError","","0","0","","2026-06-19"
"laqua-und-kollegen","Laqua & Kollegen","kanzlei-laqua.de","https://kanzlei-laqua.de","dom","","unknown","ready","Joblinks sind direkt im HTML sichtbar.","200","2","0","host:www.kanzlei-laqua.de","2026-06-19"
"lehmann-junge-kollegen","LEHMANN JUNGE KOLLEGEN Rechtsanwälte | Notar","sophienblatt11.de","https://sophienblatt11.de","dom","","unknown","ready","Joblinks sind direkt im HTML sichtbar.","200","1","0","pagination,host:www.sophienblatt11.de","2026-06-19"
"leinen-und-derichs","Leinen & Derichs","leinen-derichs.de","https://leinen-derichs.de","playwright","","unknown","needs_browser","Seite wirkt JavaScript-/Pagination-getrieben.","200","0","0","pagination,blocked,host:www.leinen-derichs.de","2026-06-19"
"kraft-geil-und-kollegen","Kraft, Geil und Kollegen Rechtsanwälte","kguk.de","https://kguk.de","playwright","","unknown","needs_browser","Seite wirkt JavaScript-/Pagination-getrieben.","200","0","0","json_ld,js_app,host:kguk.de","2026-06-19"
"kruhl-von-strenge-von-rechtsanwaelten","Kruhl von Strenge Partnerschaft von Rechtsanwälten mbB","kruhlvonstrenge.de","https://www.kruhlvonstrenge.de/#karriere","llm_fallback","","unknown","fallback","Keine Jobs im HTML/JSON erkannt.","200","0","0","json_ld,host:www.kruhlvonstrenge.de","2026-06-19"
"langhoff-dr-schaarschmidt-und-kollegen","Langhoff, Dr. Schaarschmidt & Kollegen","ra-lsk.de","https://ra-lsk.de","llm_fallback","","unknown","request_error","SSLError","","0","0","","2026-06-19"
"kuenzel-und","Künzel und Partner, Rechtsanwälte","kuenzelpartner.de","https://kuenzelpartner.de","playwright","","unknown","needs_browser","Seite wirkt JavaScript-/Pagination-getrieben.","200","0","0","pagination,blocked,host:kuenzelpartner.de","2026-06-19"
"krieger-mes-graf-v-der-groeben","Krieger Mes Graf v. der Groeben","krieger-mes.de","https://krieger-mes.de","dom","","unknown","ready","Joblinks sind direkt im HTML sichtbar.","200","1","0","blocked,host:www.krieger-mes.de","2026-06-19"
"kroemer-steger-westhoff","Krömer Steger Westhoff Rechtsanwälte","krstwe.de","https://krstwe.de","dom","","unknown","ready","Joblinks sind direkt im HTML sichtbar.","200","1","0","pagination,blocked,js_app,host:www.krstwe.de","2026-06-19"
"koenig-schmidt-lambertz-strotmann-bergweiler","König Rechtsanwälte Partnerschaft Schmidt Lambertz Strotmann Bergweiler mbB","berghoff-schleypen.de","https://berghoff-schleypen.de","dom","","unknown","ready","Joblinks sind direkt im HTML sichtbar.","200","7","0","blocked,host:www.berghoff-schleypen.de","2026-06-19"
"klaka","KLAKA Rechtsanwälte Partnerschaft mbB","klaka.com","https://klaka.com","llm_fallback","","unknown","request_error","ReadTimeout","","0","0","","2026-06-19"
"kleymann-karpenstein-und","Kleymann, Karpenstein & Partner, Rechtsanwälte","kkp.law","https://kkp.law","llm_fallback","","unknown","fallback","Keine Jobs im HTML/JSON erkannt.","200","0","0","host:www.kkp.law","2026-06-19"
"kowalski-clemens-schmidt","Kowalski Clemens Schmidt","kcslaw.de","https://kcslaw.de","playwright","","unknown","needs_browser","Seite wirkt JavaScript-/Pagination-getrieben.","200","0","0","json_ld,pagination,host:kcslaw.de","2026-06-19"
"knpz-klawitter-neben-plath-zintler-partnerschaftsgesellschaft","KNPZ Rechtsanwälte - Klawitter Neben Plath Zintler - Partnerschaftsgesellschaft mbB","knpz.de","https://knpz.de","llm_fallback","","unknown","fallback","Keine Jobs im HTML/JSON erkannt.","200","0","0","host:knpz.de","2026-06-19"
"kfp-korten-fehr","kfp - Korten. Fehr. Partner. Rechtsanwälte PartGmbB","korten-ag.de","https://korten-ag.de","playwright","","unknown","needs_browser","Seite wirkt JavaScript-/Pagination-getrieben.","200","0","0","js_app,host:korten-ag.de","2026-06-19"
"mielchen-und-collegen","Kanzlei Mielchen & Collegen","mielco.de","https://mielco.de","dom","","unknown","ready","Joblinks sind direkt im HTML sichtbar.","200","1","0","json_ld,pagination,blocked,js_app,host:mielco.de","2026-06-19"
"mueller-boon-dersch-gesellschaft-buergerlichen-rechts","Kanzlei Müller Boon Dersch, Gesellschaft bürgerlichen Rechts","muellerboon.de","https://muellerboon.de","dom","","unknown","ready","Joblinks sind direkt im HTML sichtbar.","200","2","0","pagination,host:muellerboon.de","2026-06-19"
"ebersberger-meisen-und-coll","Kanzlei Ebersberger, Meisen & Coll.","kanzlei-emc.de","https://www.kanzlei-emc.de/jobs/","dom","","unknown","ready","Joblinks sind direkt im HTML sichtbar.","200","3","0","json_ld,pagination,blocked,host:www.kanzlei-emc.de","2026-06-19"
"blessing-und-berweck","Kanzlei Blessing und Berweck","berweck.de","https://www.berweck.de/index.cfm?contentid=11&zustaendig=7,41&kategorie=Insolvenzrecht&bereich=45","dom","","unknown","ready","Joblinks sind direkt im HTML sichtbar.","200","6","0","host:www.berweck.de","2026-06-19"
"jennissen-und","Jennißen und Partner Rechtsanwälte Steuerberater mbB","wir-jennissen.de","https://www.wir-jennissen.de/karriere/","dom","","unknown","ready","Joblinks sind direkt im HTML sichtbar.","200","3","0","json_ld,pagination,js_app,host:www.wir-jennissen.de","2026-06-19"
"koenig-straesser-und-gbr","Kanzlei König Strässer & Partner GbR","drkoenigpartner.de","https://drkoenigpartner.de","dom","","unknown","ready","Joblinks sind direkt im HTML sichtbar.","200","3","0","host:www.drkoenigpartner.de","2026-06-19"
"fuechsl-jaeger-berg-gruenenwald","Kanzlei Füchsl Jaeger Berg-Grünenwald","fjbkanzlei.de","https://fjbkanzlei.de","dom","","unknown","ready","Joblinks sind direkt im HTML sichtbar.","200","2","0","json_ld,host:www.fjbkanzlei.de","2026-06-19"
"jus-schloms-und","JuS Rechtsanwälte Schloms und Partner","jus-kanzlei.de","https://www.jus-kanzlei.de/jus-karriere/","dom","","unknown","ready","Joblinks sind direkt im HTML sichtbar.","200","1","0","json_ld,pagination,blocked,host:www.jus-kanzlei.de","2026-06-19"
"helge-petersen-und-collegen","Helge Petersen & Collegen","kapitalmarktrecht-kanzlei-petersen.de","https://kapitalmarktrecht-kanzlei-petersen.de","dom","","unknown","ready","Joblinks sind direkt im HTML sichtbar.","200","4","0","json_ld,blocked,host:www.kapitalmarktrecht-kanzlei-petersen.de","2026-06-19"
"jebens-mensching","Jebens Mensching LLP","jebensmensching.com","https://jebensmensching.com/karriere/","llm_fallback","","unknown","fallback","Keine Jobs im HTML/JSON erkannt.","200","0","0","json_ld,host:jebensmensching.com","2026-06-19"
"heymann-und","Heymann & Partner Rechtsanwälte mbB","heylaw.de","https://heylaw.de","llm_fallback","","unknown","request_error","ConnectTimeout","","0","0","","2026-06-19"
"helmke-patentanwalt-partnerschaftsgesellschaft","Helmke - Rechtsanwälte Steuerberater Patentanwalt - Partnerschaftsgesellschaft","helmke-hamburg.de","https://helmke-hamburg.de","llm_fallback","","unknown","request_error","SSLError","","0","0","","2026-06-19"
"ince-und-co","INCE & Co. Rechtsanwälte","incegermany.com","https://incegermany.com","llm_fallback","","unknown","request_error","ConnectionError","","0","0","","2026-06-19"
"frowein-und","Frowein & Partner Rechtsanwälte","frowein-partner.net","https://frowein-partner.net","llm_fallback","","unknown","request_error","ConnectionError","","0","0","","2026-06-19"
"factum","factum rechtsanwälte","factum-legal.com","https://factum-legal.com/karriere","dom","","unknown","ready","Joblinks sind direkt im HTML sichtbar.","200","2","0","json_ld,host:factum-legal.com","2026-06-19"
"ettrichrechtsanwaelte","EttrichRechtsanwälte Partnerschaft mbB","ettrich.de","https://www.ettrich.de/karriere/","dom","","unknown","ready","Joblinks sind direkt im HTML sichtbar.","200","2","0","json_ld,blocked,host:www.ettrich.de","2026-06-19"
"euraa-anwaelte-fuer-arbeitnehmer-rechtsanwaltsgesellschaft-mbh","EurAA-Anwälte für Arbeitnehmer-Rechtsanwaltsgesellschaft mbH","ra-barone.de","https://ra-barone.de","llm_fallback","","unknown","request_error","ConnectionError","","0","0","","2026-06-19"
"greeve-partnerschaftsgesellschaft","GREEVE Rechtsanwälte Partnerschaftsgesellschaft mbB","greeve.de","https://greeve.de","dom","","unknown","ready","Joblinks sind direkt im HTML sichtbar.","200","2","0","js_app,host:greeve.de","2026-06-19"
"dr-esch-und-mit-beschraenkter-berufshaftung","Dr. Esch & Partner Rechtsanwälte mit beschränkter Berufshaftung","ebl-eschkramer.com","https://ebl-eschkramer.com/karriere/","playwright","","unknown","needs_browser","Seite wirkt JavaScript-/Pagination-getrieben.","200","0","0","json_ld,pagination,js_app,host:ebl-eschkramer.com","2026-06-19"
"dr-fettweis-und-sozien","Dr.Fettweis & Sozien","fettweis.eu","https://www.fettweis.eu/stellenausschreibungen/","dom","","unknown","ready","Joblinks sind direkt im HTML sichtbar.","200","3","0","json_ld,pagination,js_app,host:www.fettweis.eu","2026-06-19"
"dr-lehnen-und-sinnig","Dr. Lehnen & Sinnig Rechtsanwälte PartG mbB","lehnen-sinnig.de","https://lehnen-sinnig.de","embedded_json","","unknown","ready","Eingebettete strukturierte Jobdaten gefunden.","200","2","1","json_ld,host:www.lehnen-sinnig.de","2026-06-19"
"dehne-ringe-grages","Dehne Ringe Grages Rechtsanwälte, Partnerschaft mbB","drdehne.de","https://drdehne.de/karriere/","dom","","unknown","ready","Joblinks sind direkt im HTML sichtbar.","200","2","0","host:drdehne.de","2026-06-19"
"curtis-mallet-prevost-colt-und-mosle","Curtis, Mallet-Prevost, Colt & Mosle","curtis.com","https://www.curtis.com/our-firm/careers/message-from-the-hiring-partner-careers","dom","","unknown","ready","Joblinks sind direkt im HTML sichtbar.","200","2","0","json_ld,host:www.curtis.com","2026-06-19"
"dr-blanke-colshorn-und","Dr. Blanke, Colshorn Rechtsanwälte und Notare","blanke-colshorn.de","https://blanke-colshorn.de","dom","","unknown","ready","Joblinks sind direkt im HTML sichtbar.","200","1","0","pagination,js_app,host:blanke-colshorn.de","2026-06-19"
"castringius","Castringius Rechtsanwälte Partnerschaft mbB","castringius.com","https://castringius.com/karriere/","dom","","unknown","ready","Joblinks sind direkt im HTML sichtbar.","200","8","0","json_ld,pagination,host:castringius.com","2026-06-19"
"blesinger-wischermann-und","Blesinger, Wischermann & Partner, Rechtsanwälte","ra-blesinger.de","https://ra-blesinger.de","llm_fallback","","unknown","fallback","Keine Jobs im HTML/JSON erkannt.","200","0","0","host:ra-blesinger.de","2026-06-19"
"betten-und-resch-patent-und","Betten & Resch Patent- und Rechtsanwälte PartGmbB","bettenpat.com","https://bettenpat.com","llm_fallback","","unknown","fallback","Keine Jobs im HTML/JSON erkannt.","200","0","0","host:www.bettenresch.com","2026-06-19"
"brs","BRS Rechtsanwälte AG","brs-ag.de","https://brs-ag.de","dom","","unknown","ready","Joblinks sind direkt im HTML sichtbar.","200","1","0","json_ld,pagination,blocked,host:brs-ag.de","2026-06-19"
"bergfeld-und-partnerschaftsgesellschaft","Bergfeld & Partner Rechtsanwälte Partnerschaftsgesellschaft mbB","bergfeldonline.de","https://bergfeldonline.de","llm_fallback","","unknown","fallback","Keine Jobs im HTML/JSON erkannt.","200","0","0","host:www.bergfeldonline.de","2026-06-19"
"bethge-immobilienanwaelte","bethge | immobilienanwälte","bethge-legal.com","https://bethge-legal.com/karriere/","dom","","unknown","ready","Joblinks sind direkt im HTML sichtbar.","200","1","0","pagination,blocked,js_app,host:bethge-legal.com","2026-06-19"
"boergers","BÖRGERS Rechtsanwälte Partnerschaft mbB","boergers.com","","manual_review","","unknown","missing_jobboard_url","Keine Jobboard_URL und keine Domain.","","0","0","","2026-06-19"
"anwaltssozietaet-dr-laumann-alfs-und-kollegen","Anwaltssozietät Dr. Laumann, Alfs & Kollegen","dr-laumann.de","https://dr-laumann.de","dom","","unknown","ready","Joblinks sind direkt im HTML sichtbar.","200","1","0","json_ld,blocked,host:dr-laumann.de","2026-06-19"
"beiler-karl-platzbecker-und","Beiler Karl Platzbecker und Partner Rechtsanwälte","bkpkanzlei.com","https://bkpkanzlei.com","dom","","unknown","ready","Joblinks sind direkt im HTML sichtbar.","200","3","0","host:bkpkanzlei.com","2026-06-19"
"anwaltsbuero-schulterblatt-36-rechtsanwaeltin-und-in-buerogemeinschaft","Anwaltsbüro Schulterblatt 36 -Rechtsanwältin und Rechtsanwälte in Bürogemeinschaft-","anwaltsbuero-s36.de","https://anwaltsbuero-s36.de","dom","","unknown","ready","Joblinks sind direkt im HTML sichtbar.","200","3","0","host:anwaltsbuero-s36.de","2026-06-19"
"aiv-anwaltliche-interessenvertretung","AIV - Anwaltliche Interessenvertretung","anive.de","https://anive.de","llm_fallback","","unknown","fallback","Keine Jobs im HTML/JSON erkannt.","200","0","0","host:anive.de","2026-06-19"
"ahb-arends-hofert-bergemann","AHB Rechtsanwälte Steuerberater Arends Hofert Bergemann PartGmbB","ahblegal.de","https://ahblegal.de","llm_fallback","","unknown","request_error","HTTPError","","0","0","","2026-06-19"
"brugger","Brugger Rechtsanwälte","ra-fn.de","https://ra-fn.de","embedded_json","","unknown","ready","Eingebettete strukturierte Jobdaten gefunden.","200","2","1","json_ld,blocked,host:www.ra-fn.de","2026-06-19"
"unknown","Kanzlei","rechtsanwalt-bruegmann.de","https://rechtsanwalt-bruegmann.de","llm_fallback","","unknown","request_error","HTTPError","","0","0","","2026-06-19"
"buntscheck","BUNTSCHECK","buntscheck.com","https://buntscheck.com/jobs/","llm_fallback","","unknown","fallback","Keine Jobs im HTML/JSON erkannt.","200","0","0","json_ld,host:buntscheck.com","2026-06-19"
"schirach","Schirach Law","schirach.law","https://schirach.law/stellenangebot-wirtschafts-und-steuerstrafrecht-muenchen/","dom","","unknown","ready","Joblinks sind direkt im HTML sichtbar.","200","2","0","json_ld,host:schirach.law","2026-06-19"
"iffland-und-wischnewski","Iffland & Wischnewski","iw-recht.de","https://www.iw-recht.de/karriere/","dom","","unknown","ready","Joblinks sind direkt im HTML sichtbar.","200","1","0","host:www.iw-recht.de","2026-06-19"
"zipper-und","Rechtsanwälte Zipper & Partner","rechtsanwalt-schwetzingen.de","https://rechtsanwalt-schwetzingen.de","embedded_json","","unknown","ready","Eingebettete strukturierte Jobdaten gefunden.","200","6","1","json_ld,host:www.kanzlei-zipper.de","2026-06-19"
"frey","Frey Law","frey.eu","https://frey.eu/jobs/","dom","","unknown","ready","Joblinks sind direkt im HTML sichtbar.","200","2","0","json_ld,pagination,blocked,js_app,host:frey.eu","2026-06-19"
"behm-becker-schreiter","Behm Becker Schreiter","law-care.de","https://law-care.de","dom","","unknown","ready","Joblinks sind direkt im HTML sichtbar.","200","1","0","pagination,host:law-care.de","2026-06-19"
"comp-lex","comp/lex","comp-lex.de","https://comp-lex.de","llm_fallback","","unknown","fallback","Keine Jobs im HTML/JSON erkannt.","200","0","0","json_ld,host:comp-lex.de","2026-06-19"
"carneades","Carneades Legal","carneadeslegal.com","https://carneadeslegal.com/karriere/","dom","","unknown","ready","Joblinks sind direkt im HTML sichtbar.","200","2","0","json_ld,pagination,host:carneadeslegal.com","2026-06-19"
"apitzsch-schmidt-klebe","Apitzsch Schmidt Klebe","apitzsch-schmidt-klebe.de","https://apitzsch-schmidt.de/karriere/","embedded_json","","unknown","ready","Eingebettete strukturierte Jobdaten gefunden.","200","0","1","json_ld,host:apitzsch-schmidt.de","2026-06-19"
"amereller","AMERELLER","amereller.com","https://amereller.com/careers/","dom","","unknown","ready","Joblinks sind direkt im HTML sichtbar.","200","1","0","json_ld,blocked,host:amereller.com","2026-06-19"
"goetz-und-rechtsanwaltskanzlei","Götz & Partner Rechtsanwaltskanzlei","kanzlei-friedberg.de","https://kanzlei-friedberg.de","dom","","unknown","ready","Joblinks sind direkt im HTML sichtbar.","200","1","0","json_ld,pagination,blocked,js_app,host:kanzlei-friedberg.de","2026-06-19"
"notarin-krewer-de","notarin-krewer.de","notarin-krewer.de","https://notarin-krewer.de/ueber-uns/karriere/","dom","","unknown","ready","Joblinks sind direkt im HTML sichtbar.","200","3","0","pagination,js_app,host:notarin-krewer.de","2026-06-19"
"an-den-alsterarkaden","Notare an den Alsterarkaden","notare-alsterarkaden.de","https://notare-alsterarkaden.de/#karriere","dom","","unknown","ready","Joblinks sind direkt im HTML sichtbar.","200","6","0","js_app,host:notare-alsterarkaden.de","2026-06-19"
"wolff-schultze-kieferle","Wolff Schultze Kieferle","wsk-arbeitsrecht.com","https://wsk-arbeitsrecht.com","dom","","unknown","ready","Joblinks sind direkt im HTML sichtbar.","200","1","0","blocked,host:www.wsk-arbeitsrecht.com","2026-06-19"
"zinnboecker","ZinnBöcker","zinnboecker.com","https://zinnboecker.com","playwright","","unknown","needs_browser","Seite wirkt JavaScript-/Pagination-getrieben.","200","0","0","json_ld,pagination,host:zinnboecker.com","2026-06-19"
"wurll-kollegen","Wurll+ Kollegen","wurll-jasper.de","https://wurll-jasper.de/#karriere","playwright","","unknown","needs_browser","Seite wirkt JavaScript-/Pagination-getrieben.","200","0","0","json_ld,pagination,host:wurll-jasper.de","2026-06-19"
"wbh-wachenhausen","WBH Wachenhausen","wachenhausen.com","https://www.wachenhausen.com/career/","dom","","unknown","ready","Joblinks sind direkt im HTML sichtbar.","200","1","0","pagination,js_app,host:www.wachenhausen.com","2026-06-19"
"wachenhausen","Wachenhausen","wachenhausen-law.com","https://www.dienemann-legal.com//kanzlei/#karriere","reader_or_llm","","unknown","blocked","Seite wirkt geblockt oder leer fuer normale Requests.","200","0","0","json_ld,blocked,host:www.dienemann-legal.com","2026-06-19"
"weisner","Weisner Partner","weisnerpartner.de","https://www.weisnerpartner.de/karriere/","dom","","unknown","ready","Joblinks sind direkt im HTML sichtbar.","200","1","0","host:www.weisnerpartner.de","2026-06-19"
"weidmann-wahl-amin-und","Weidmann Wahl Amin & Partner","weidmann-amin.de","https://weidmann-amin.de/kanzlei#karriere","dom","","unknown","ready","Joblinks sind direkt im HTML sichtbar.","200","26","0","json_ld,pagination,js_app,host:weidmann-amin.de","2026-06-19"
"wicke-herrler","Wicke Herrler","brienner13.de","https://brienner13.de/karriere/","dom","","unknown","ready","Joblinks sind direkt im HTML sichtbar.","200","9","0","json_ld,pagination,host:brienner13.de","2026-06-19"
"vesthaus","Vesthaus","vesthaus.de","https://vesthaus.de/de/karriere","llm_fallback","","unknown","fallback","Keine Jobs im HTML/JSON erkannt.","200","0","0","host:vesthaus.de","2026-06-19"
"weyland-und-koerfer","Weyland & Koerfer","weylandkoerfer.de","https://weylandkoerfer.de/karriere","dom","","unknown","ready","Joblinks sind direkt im HTML sichtbar.","200","3","0","host:weylandkoerfer.de","2026-06-19"
"wiese-lukas","Wiese Lukas","wieselukas.de","https://www.wieselukas.de/#jobs","llm_fallback","","unknown","fallback","Keine Jobs im HTML/JSON erkannt.","200","0","0","json_ld,host:www.wieselukas.de","2026-06-19"
"wicker-schuetz","Wicker Schütz","wicker-schuetz.de","https://wicker-schuetz.de/karriere/","dom","","unknown","ready","Joblinks sind direkt im HTML sichtbar.","200","1","0","json_ld,load_more,pagination,js_app,host:wicker-schuetz.de","2026-06-19"
"wagner","Wagner Legal","wagner-legal.eu","https://www.wagner-legal.eu/kartellrecht/de/karriere.php","llm_fallback","","unknown","fallback","Keine Jobs im HTML/JSON erkannt.","200","0","0","host:www.wagner-legal.eu","2026-06-19"
"toussaint-und-schmitt","Toussaint & Schmitt","toussaint-schmitt.de","https://toussaint-schmitt.de","dom","","unknown","ready","Joblinks sind direkt im HTML sichtbar.","200","1","0","json_ld,pagination,host:toussaint-schmitt.de","2026-06-19"
"upleger-und-quast","Upleger & Quast","upleger-quast.de","https://upleger-quast.de","dom","","unknown","ready","Joblinks sind direkt im HTML sichtbar.","200","1","0","json_ld,pagination,host:upleger-quast.de","2026-06-19"
"uhlenbruch","Uhlenbruch","rechtsanwaelte-uhlenbruch.de","https://rechtsanwaelte-uhlenbruch.de","embedded_json","","unknown","ready","Eingebettete strukturierte Jobdaten gefunden.","200","1","1","json_ld,host:rechtsanwaelte-uhlenbruch.de","2026-06-19"
"segger","Segger","segger-law.de","https://www.segger-law.de/karriere-1.html","dom","","unknown","ready","Joblinks sind direkt im HTML sichtbar.","200","1","0","blocked,host:www.segger-law.de","2026-06-19"
"ssb-soeder-berlinger","SSB Söder Berlinger","ssblaw.de","https://ssblaw.de","dom","","unknown","ready","Joblinks sind direkt im HTML sichtbar.","200","6","0","json_ld,pagination,js_app,host:www.ssblaw.de","2026-06-19"
"sandkuhl-bellinghausen","Sandkuhl Bellinghausen","sandkuhlbellinghausen.de","https://sandkuhlbellinghausen.de","reader_or_llm","","unknown","blocked","Seite wirkt geblockt oder leer fuer normale Requests.","200","0","0","blocked,host:sandkuhlbellinghausen.de","2026-06-19"
"sander-und-krueger","Sander & Krüger","sander-krueger.de","https://sander-krueger.de","embedded_json","","unknown","ready","Eingebettete strukturierte Jobdaten gefunden.","200","3","1","json_ld,pagination,blocked,js_app,host:www.sander-krueger.de","2026-06-19"
"schneider-schultehinrichs","Schneider Schultehinrichs","rae-sus.de","https://rae-sus.de","playwright","","unknown","needs_browser","Seite wirkt JavaScript-/Pagination-getrieben.","200","0","0","pagination,blocked,host:rae-sus.de","2026-06-19"
"schmitt-teworte-vey-simon-und-schumacher","Schmitt Teworte-Vey Simon & Schumacher","schmitt-teworte.de","https://www.tesis-partner.com/karriere/","playwright","","unknown","needs_browser","Seite wirkt JavaScript-/Pagination-getrieben.","200","0","0","pagination,js_app,host:www.tesis-partner.com","2026-06-19"
"schmidt-kreimer-bittermann","Schmidt Kreimer Bittermann","legal-tax-solutions.com","https://legal-tax-solutions.com","llm_fallback","","unknown","fallback","Keine Jobs im HTML/JSON erkannt.","200","0","0","host:legal-tax-solutions.com","2026-06-19"
"ruhmann-peters-altmeyer","Ruhmann Peters Altmeyer","rpa-kanzlei.de","https://rpa-kanzlei.de","dom","","unknown","ready","Joblinks sind direkt im HTML sichtbar.","200","4","0","host:rpa-kanzlei.de","2026-06-19"
"prof-dr-axel-adrian-florian-kroier","Prof. Dr. Axel Adrian Florian Kroier","notare-adrian-kroier.de","https://www.karriere-beim-notar.de","dom","","unknown","ready","Joblinks sind direkt im HTML sichtbar.","200","5","0","json_ld,pagination,blocked,host:karriere-beim-notar.de","2026-06-19"
"rettenmaier","Rettenmaier","rettenmaier-frankfurt.de","https://rettenmaier-frankfurt.de","playwright","","unknown","needs_browser","Seite wirkt JavaScript-/Pagination-getrieben.","200","0","0","pagination,host:www.rettenmaier-frankfurt.de","2026-06-19"
"prof-englert","Prof Englert + Partner","englert.legal","https://englert.legal","dom","","unknown","ready","Joblinks sind direkt im HTML sichtbar.","200","1","0","pagination,host:englert.legal","2026-06-19"
"rosinus","Rosinus Partner","rosinus-partner.com","https://rosinus-partner.com/karriere/","playwright","","unknown","needs_browser","Seite wirkt JavaScript-/Pagination-getrieben.","200","0","0","json_ld,pagination,js_app,host:rosinus-partner.com","2026-06-19"
"polaris","Polaris","polaris-rae.de","https://www.polaris-rae.de/karriere.html","dom","","unknown","ready","Joblinks sind direkt im HTML sichtbar.","200","1","0","json_ld,js_app,host:www.polaris-rae.de","2026-06-19"
"paulus-westerwelle","Paulus Westerwelle","paulus-westerwelle.de","https://paulus-westerwelle.de","llm_fallback","","unknown","request_error","SSLError","","0","0","","2026-06-19"
"pauly","Pauly","pauly-rechtsanwaelte-koeln.de","https://www.pauly-rechtsanwaelte-koeln.de/karriere-jobangebote/","dom","","unknown","ready","Joblinks sind direkt im HTML sichtbar.","200","1","0","json_ld,pagination,blocked,host:www.pauly-rechtsanwaelte-koeln.de","2026-06-19"
"patzina-lotz","Patzina Lotz","patzina-lotz.com","https://patzina-lotz.com/karriere/","dom","","unknown","ready","Joblinks sind direkt im HTML sichtbar.","200","9","0","json_ld,pagination,blocked,js_app,host:patzina-lotz.com","2026-06-19"
"ohnleiter-hillebrand-und-dr-suenner","Ohnleiter Hillebrand und Dr. Sünner","ohs-notare.de","https://ohs-notare.de","embedded_json","","unknown","ready","Eingebettete strukturierte Jobdaten gefunden.","200","7","1","json_ld,pagination,host:ohs-notare.de","2026-06-19"
"mutter-und-kruchen","Mutter & Kruchen","corporate-law-advisors.com","https://corporate-law-advisors.com","llm_fallback","","unknown","fallback","Keine Jobs im HTML/JSON erkannt.","200","0","0","host:corporate-law-advisors.com","2026-06-19"
"noelle-und-stoevesandt","Nölle & Stoevesandt","noelle-stoevesandt.de","https://www.noelle-stoevesandt.de/karriere/","dom","","unknown","ready","Joblinks sind direkt im HTML sichtbar.","200","2","0","json_ld,load_more,blocked,host:www.noelle-stoevesandt.de","2026-06-19"
"nesemann-und-grambeck","Nesemann & Grambeck","umsatz-steuer-beratung.de","https://www.umsatz-steuer-beratung.de/karriere/","dom","","unknown","ready","Joblinks sind direkt im HTML sichtbar.","200","3","0","json_ld,load_more,pagination,blocked,host:www.umsatz-steuer-beratung.de","2026-06-19"
"nesselhauf","Nesselhauf","nesselhauf.com","https://nesselhauf.com","llm_fallback","","unknown","fallback","Keine Jobs im HTML/JSON erkannt.","200","0","0","host:www.nesselhauf.com","2026-06-19"
"meyer","Meyer Rechtsanwälte","meyerlegal.de","https://www.meyerlegal.de/karriere.html","llm_fallback","","unknown","fallback","Keine Jobs im HTML/JSON erkannt.","200","0","0","host:www.meyerlegal.de","2026-06-19"
"meincke-bienmueller","Meincke Bienmüller","mb-law.de","https://mb-law.de","llm_fallback","","unknown","request_error","ConnectionError","","0","0","","2026-06-19"
"mfg-patentanwaelte-meyer-wildhagen-meggle-freund-gerhard","MFG PAtentanwälte Meyer-Wildhagen Meggle-Freund Gerhard Partnerschaft","mfg-ip.de","https://www.mfg-ip.de/karriere/","dom","","unknown","ready","Joblinks sind direkt im HTML sichtbar.","200","1","0","json_ld,pagination,blocked,js_app,host:www.mfg-ip.de","2026-06-19"
"massing-werner","Massing Werner","massingwerner.com","https://massingwerner.com/karriere","dom","","unknown","ready","Joblinks sind direkt im HTML sichtbar.","200","1","0","pagination,js_app,host:massingwerner.com","2026-06-19"
"loeffel-abrar","Löffel Abrar","loeffel-abrar.com","https://loeffel-abrar.com","dom","","unknown","ready","Joblinks sind direkt im HTML sichtbar.","200","2","0","pagination,host:loeffel-abrar.com","2026-06-19"
"spangenberg","Spangenberg","mannerspangenberg.law","https://mannerspangenberg.law","dom","","unknown","ready","Joblinks sind direkt im HTML sichtbar.","200","2","0","pagination,host:spangenberg.law","2026-06-19"
"livonius-van-rienen","Livonius van Rienen","lvr-frankfurt.com","https://lvr-frankfurt.com","playwright","","unknown","needs_browser","Seite wirkt JavaScript-/Pagination-getrieben.","200","0","0","json_ld,load_more,host:lvr-frankfurt.com","2026-06-19"
"may-und","May und Partner","maypartner.de","https://maypartner.de","dom","","unknown","ready","Joblinks sind direkt im HTML sichtbar.","200","1","0","host:maypartner.de","2026-06-19"
"knierim-und-kollegen","Knierim & Kollegen","knierim-kollegen.com","https://knierim-kollegen.com","playwright","","unknown","needs_browser","Seite wirkt JavaScript-/Pagination-getrieben.","200","0","0","js_app,host:www.knierim-kollegen.com","2026-06-19"
"lelsner-steckel-engler","Lelsner Steckel Engler","leisnernet.com","https://www.leisnernet.com/karriere","dom","","unknown","ready","Joblinks sind direkt im HTML sichtbar.","200","4","0","host:www.leisnernet.com","2026-06-19"
"kozianka-und-weidner","Kozianka & Weidner","kozianka-law.de","https://www.kozianka-law.de/de/de/karriere.html","dom","","unknown","ready","Joblinks sind direkt im HTML sichtbar.","200","1","0","json_ld,js_app,host:www.kozianka-law.de","2026-06-19"
"kipper-durth","Kipper + Durth","strafverteidigerkanzlei.de","https://strafverteidigerkanzlei.de","reader_or_llm","","unknown","blocked","Seite wirkt geblockt oder leer fuer normale Requests.","200","0","0","blocked,host:strafverteidigerkanzlei.de","2026-06-19"
"langrock-voss-und-soyka","Langrock Voß & Soyka","kanzlei-lvs.de","https://kanzlei-lvs.de","playwright","","unknown","needs_browser","Seite wirkt JavaScript-/Pagination-getrieben.","200","0","0","json_ld,pagination,js_app,host:kanzlei-lvs.de","2026-06-19"
"kleber-knuepfer-collegen","Kleber Knüpfer Collegen","kanzlei-da.de","https://kanzlei-da.de","llm_fallback","","unknown","request_error","SSLError","","0","0","","2026-06-19"
"koch","Koch Rechtsanwälte","ra-koch.com","https://ra-koch.com","playwright","","unknown","needs_browser","Seite wirkt JavaScript-/Pagination-getrieben.","200","0","0","nuxt,pagination,blocked,js_app,host:www.ra-koch.com","2026-06-19"
"lehmann-neunhoeffer-sigel-schaefer","Lehmann Neunhoeffer Sigel Schäfer","lenesis.com","https://lenesis.com/karriere/","dom","","unknown","ready","Joblinks sind direkt im HTML sichtbar.","200","1","0","json_ld,pagination,js_app,host:lenesis.com","2026-06-19"
"koeble-fuhrmann-locher-zahn-huettinger","Koeble Fuhrmann Locher Zahn Hüttinger","koeble-kollegen.de","https://koeble-kollegen.de","dom","","unknown","ready","Joblinks sind direkt im HTML sichtbar.","200","2","0","host:www.koeble-kollegen.de","2026-06-19"
"kdu-krist-deller-und","KDU Krist Deller & Partner","kdu.de","https://krist-kollegen.de/karriere/","llm_fallback","","unknown","fallback","Keine Jobs im HTML/JSON erkannt.","200","0","0","json_ld,host:krist-kollegen.de","2026-06-19"
"jens-kirchner-prof-thomas-reich","Jens Kirchner Prof. Thomas Reich","notare-kirchner-reich.de","https://notare-kirchner-reich.de","dom","","unknown","ready","Joblinks sind direkt im HTML sichtbar.","200","3","0","json_ld,pagination,js_app,host:notare-kirchner-reich.de","2026-06-19"
"kaltwasser","Kaltwasser","kcsf.de","https://www.uni-marburg.de/de/fb01/forschung/forschungszentrum-und-projekte/forschungsstellen/pharmarecht/profil","dom","","unknown","ready","Joblinks sind direkt im HTML sichtbar.","200","5","0","host:www.uni-marburg.de","2026-06-19"
"isp-global-tax","iSP Global Tax","ispglobaltax.com","https://ispglobaltax.com","llm_fallback","","unknown","fallback","Keine Jobs im HTML/JSON erkannt.","200","0","0","host:www.ispglobaltax.com","2026-06-19"
"kapp-ebeling-und","Kapp Ebeling & Partner","kapp-ebeling.de","https://kapp-ebeling.de","dom","","unknown","ready","Joblinks sind direkt im HTML sichtbar.","200","6","0","json_ld,pagination,host:kapp-ebeling.de","2026-06-19"
"kempf-schilling","Kempf Schilling + Partner","kempfschilling.de","https://kempfschilling.de","playwright","","unknown","needs_browser","Seite wirkt JavaScript-/Pagination-getrieben.","200","0","0","pagination,host:schillingtute.de","2026-06-19"
"irle-moser","Irle Moser","irlemoser.com","https://irlemoser.com","llm_fallback","","unknown","request_error","SSLError","","0","0","","2026-06-19"
"huettebraeuker","Hüttebräuker","huettebraeuker-law.de","https://www.uni-marburg.de/de/fb01/forschung/forschungszentrum-und-projekte/forschungsstellen/lebensmittelrecht-marburg/veranstaltungen-und-weiterbildungen/workshop","dom","","unknown","ready","Joblinks sind direkt im HTML sichtbar.","200","6","0","host:www.uni-marburg.de","2026-06-19"
"hohmann","Hohmann","hohmann-rechtsanwaelte.de","https://hohmann-rechtsanwaelte.com/stellenanzeigen","dom","","unknown","ready","Joblinks sind direkt im HTML sichtbar.","200","4","0","json_ld,host:hohmann-rechtsanwaelte.com","2026-06-19"
"ihrig-und-anderson","Ihrig & Anderson","ihrig-anderson.com","https://ihrig-anderson.com","llm_fallback","","unknown","fallback","Keine Jobs im HTML/JSON erkannt.","200","0","0","host:ihrig-anderson.com","2026-06-19"
"heuer-busch-und","Heuer Busch & Partner","hbp-rechtsanwaelte.de","https://hbp-rechtsanwaelte.de/sozietaet/karriere/","reader_or_llm","","unknown","blocked","Seite wirkt geblockt oder leer fuer normale Requests.","200","0","0","blocked,host:hbp-rechtsanwaelte.de","2026-06-19"
"hermanns-wagner-brueck","Hermanns Wagner Brück","dr-hermanns.de","https://dr-hermanns.de","playwright","","unknown","needs_browser","Seite wirkt JavaScript-/Pagination-getrieben.","200","0","0","js_app,host:dr-hermanns.de","2026-06-19"
"heinz-und-zagrosek","Heinz & Zagrosek","hz-partner.com","https://hz-partner.com","dom","","unknown","ready","Joblinks sind direkt im HTML sichtbar.","200","3","0","json_ld,load_more,pagination,blocked,host:hz-partner.com","2026-06-19"
"goetze","Götze","goetze.net","https://goetze.net","dom","","unknown","ready","Joblinks sind direkt im HTML sichtbar.","200","2","0","json_ld,pagination,blocked,host:goetze.net","2026-06-19"
"greenfield","Greenfield","greenfield-ip.com","https://greenfield-ip.com","llm_fallback","","unknown","request_error","HTTPError","","0","0","","2026-06-19"
"hildebrandt","Hildebrandt","hildebrandt.legal","https://hildebrandt.legal","dom","","unknown","ready","Joblinks sind direkt im HTML sichtbar.","200","11","0","host:hildebrandt.legal","2026-06-19"
"held-jaguttis","Held Jaguttis","heldjaguttis.com","https://heldjaguttis.com/de/team/karriere/","embedded_json","","unknown","ready","Eingebettete strukturierte Jobdaten gefunden.","200","0","1","json_ld,host:heldjaguttis.com","2026-06-19"
"hellriegel","Hellriegel","hellriegel-rechtsanwaelte.com","https://hellriegel-rechtsanwaelte.com/index.php#bewerbungen-text","dom","","unknown","ready","Joblinks sind direkt im HTML sichtbar.","200","4","0","json_ld,blocked,host:hellriegel-rechtsanwaelte.com","2026-06-19"
"goering-schmiegelt-und-fischer","Göring Schmiegelt & Fischer","gsf-law.de","https://gsf-law.de","playwright","","unknown","needs_browser","Seite wirkt JavaScript-/Pagination-getrieben.","200","0","0","json_ld,pagination,js_app,host:gsf-law.de","2026-06-19"
"gierschmann","Gierschmann","gierschmann.com","https://gierschmann.com","playwright","","unknown","needs_browser","Seite wirkt JavaScript-/Pagination-getrieben.","200","0","0","json_ld,js_app,host:gierschmann.com","2026-06-19"
"frick","Frick + Partner","frickpartner.com","https://frickpartner.com","llm_fallback","","unknown","request_error","SSLError","","0","0","","2026-06-19"
"gantenberg","Gantenberg","gantenberg.legal","https://gantenberg.legal","playwright","","unknown","needs_browser","Seite wirkt JavaScript-/Pagination-getrieben.","200","0","0","json_ld,pagination,blocked,host:gantenberg.legal","2026-06-19"
"funke-muehe","Funke Mühe","fm-notare.com","https://fm-notare.com/wp-content/uploads/2019/05/azur-01-2019-Neuer-Hut.pdf","llm_fallback","","unknown","fallback","Keine Jobs im HTML/JSON erkannt.","200","0","0","host:fm-notare.com","2026-06-19"
"gerstberger-produkte-und-recht","Gerstberger - Produkte & Recht","productsandlaw.de","https://productsandlaw.de","special_api","api:dlapiper","unknown","ready","Spezialadapter api:dlapiper erkannt.","","0","0","","2026-06-19"
"engel-und-rinkler","Engel & Rinkler","bgh.lawyer","https://bgh.lawyer","embedded_json","","unknown","ready","Eingebettete strukturierte Jobdaten gefunden.","200","5","1","json_ld,pagination,blocked,js_app,host:www.bgh.lawyer","2026-06-19"
"faust-gerber-haines","Faust Gerber Haines","notare-amgrueneburgpark.de","https://notare-amgrueneburgpark.de","dom","","unknown","ready","Joblinks sind direkt im HTML sichtbar.","200","4","0","host:www.notare-amgrueneburgpark.de","2026-06-19"
"eichler-kern-klein","Eichler Kern Klein","eichlerkernklein.de","https://eichlerkernklein.de/karriere","reader_or_llm","","unknown","blocked","Seite wirkt geblockt oder leer fuer normale Requests.","200","0","0","blocked,host:eichlerkernklein.de","2026-06-19"
"fechner","Fechner Rechtsanwälte","fechner.eu","https://www.fechner.eu/de/karriere/index.php","embedded_json","","unknown","ready","Eingebettete strukturierte Jobdaten gefunden.","200","1","1","json_ld,host:www.fechner.eu","2026-06-19"
"ehz-rechtsanwalte","EHZ Rechtsanwalte","rae-ehz.de","https://rae-ehz.de","llm_fallback","","unknown","request_error","ConnectionError","","0","0","","2026-06-19"
"dr-till-kleinstueck-und-dr-marcus","Dr. Till Kleinstück und Dr. Marcus","notare-nw75.de","https://notare-nw75.de/karriere/","dom","","unknown","ready","Joblinks sind direkt im HTML sichtbar.","200","3","0","json_ld,host:notare-nw75.de","2026-06-19"
"dtb-decker-schmidt-thom","dtb Decker + Schmidt-Thomé","dtb.eu","https://dtb.eu","llm_fallback","","unknown","fallback","Keine Jobs im HTML/JSON erkannt.","200","0","0","json_ld,host:dtb.eu","2026-06-19"
"droste-und-haibt","Notare Droste und Haibt","droste-haibt.de","https://droste-haibt.de","embedded_json","","unknown","ready","Eingebettete strukturierte Jobdaten gefunden.","200","0","2","json_ld,host:droste-haibt.de","2026-06-19"
"eckstein-und-kollegen","Eckstein & Kollegen","eckstein-kollegen.de","https://www.eckstein-kollegen.de/karriere/","playwright","","unknown","needs_browser","Seite wirkt JavaScript-/Pagination-getrieben.","200","0","0","json_ld,pagination,js_app,host:www.eckstein-kollegen.de","2026-06-19"
"dr-kittl-und","Dr. Kittl & Partner","kittl-partner.de","https://kittl-partner.de/karriere/","dom","","unknown","ready","Joblinks sind direkt im HTML sichtbar.","200","28","0","json_ld,blocked,host:kittl-partner.de","2026-06-19"
"dr-thomas-von-plehwe","Dr. Thomas von Plehwe","plehwe-bgh.com","https://www.plehwe-bgh.com/#karriere","llm_fallback","","unknown","fallback","Keine Jobs im HTML/JSON erkannt.","200","0","0","json_ld,host:www.plehwe-bgh.com","2026-06-19"
"dr-bernhard-schaub","Dr. Bernhard Schaub","notar-schaub.de","https://notar-schaub.de","llm_fallback","","unknown","request_error","SSLError","","0","0","","2026-06-19"
"dmr-moser-degenhart-ressmann","DMR Moser Degenhart Ressmann","dmr.legal","https://dmr.legal","playwright","","unknown","needs_browser","Seite wirkt JavaScript-/Pagination-getrieben.","200","0","0","json_ld,pagination,blocked,js_app,host:dmr.legal","2026-06-19"
"dr-basty-und-dr-franck","Notare Dr. Basty und Dr. Franck","notare-basty-franck.de","https://notare-basty-franck.de","dom","","unknown","ready","Joblinks sind direkt im HTML sichtbar.","200","2","0","pagination,js_app,host:notare-basty-franck.de","2026-06-19"
"damm-und-mann","Damm & Mann","damm-mann.de","https://damm-mann.de","dom","","unknown","ready","Joblinks sind direkt im HTML sichtbar.","200","1","0","host:damm-mann.de","2026-06-19"
"dr-doerr-und-kollegen","Dr. Dörr & Kollegen","doerr-ffm.de","https://doerr-ffm.de","dom","","unknown","ready","Joblinks sind direkt im HTML sichtbar.","200","3","0","json_ld,pagination,blocked,host:www.doerr-ffm.de","2026-06-19"
"dr-andreas-bartosch","Dr. Andreas Bartosch","bartosch-eulaw.de","https://www.beck-shop.de/bartosch-eu-beihilfenrecht-eu-beihilfenr/productview.aspx?product=13014202","dom","","unknown","ready","Joblinks sind direkt im HTML sichtbar.","200","21","0","json_ld,pagination,blocked,js_app,host:www.beck-shop.de","2026-06-19"
"brueggehagen","Brüggehagen","diearbeitsrechtler.de","https://diearbeitsrechtler.de/karriere/","dom","","unknown","ready","Joblinks sind direkt im HTML sichtbar.","200","4","0","json_ld,load_more,host:diearbeitsrechtler.de","2026-06-19"
"classen-fuhrmanns-und","Classen Fuhrmanns & Partner","cf-p.de","https://cf-p.de/rechtsanwaltskanzlei-koeln/classen-fuhrmanns-partner-karriere/","dom","","unknown","ready","Joblinks sind direkt im HTML sichtbar.","200","1","0","host:cf-p.de","2026-06-19"
"clouth-und","Clouth & Partner","clouth-partner.de","https://clouth-partner.de/karriere/","playwright","","unknown","needs_browser","Seite wirkt JavaScript-/Pagination-getrieben.","200","0","0","json_ld,pagination,js_app,host:clouth-partner.de","2026-06-19"
"bruegmann","Brügmann Rechtsanwälte","bruegmann-rechtsanwaelte.de","https://bruegmann-rechtsanwaelte.de","dom","","unknown","ready","Joblinks sind direkt im HTML sichtbar.","200","3","0","host:bruegmann-rechtsanwaelte.de","2026-06-19"
"brook","Brook Rechtsanwälte","brook.legal","https://brook.legal","llm_fallback","","unknown","fallback","Keine Jobs im HTML/JSON erkannt.","200","0","0","host:www.brook.legal","2026-06-19"
"bergmannpartner","BergmannPartner","bergmannpartner.com","https://bergmannpartner.com/karriere","dom","","unknown","ready","Joblinks sind direkt im HTML sichtbar.","200","1","0","pagination,blocked,host:bergmannpartner.com","2026-06-19"
"binz-und","Binz & Partner","binz-partner.de","https://binz-partner.de","llm_fallback","","unknown","fallback","Keine Jobs im HTML/JSON erkannt.","200","0","0","host:binz-partner.de","2026-06-19"
"braun-und-zwetkow","Braun & Zwetkow","braun-zwetkow.de","https://braun-zwetkow.de","llm_fallback","","unknown","fallback","Keine Jobs im HTML/JSON erkannt.","200","0","0","json_ld,host:braun-zwetkow.de","2026-06-19"
"baukelmann-tretter","Baukelmann Tretter","baukelmann-tretter.de","https://www.tretter-bodenstein.de/karriere","reader_or_llm","","unknown","blocked","Seite wirkt geblockt oder leer fuer normale Requests.","200","0","0","blocked,host:www.tretter-bodenstein.de","2026-06-19"
"atlantik-advisors","Atlantik Advisors","atlantik-advisors.de","https://atlantik-advisors.de","embedded_json","","unknown","ready","Eingebettete strukturierte Jobdaten gefunden.","200","0","2","json_ld,pagination,blocked,js_app,host:www.atlantik-advisors.de","2026-06-19"
"adjuga","Adjuga","adjuga.com","https://adjuga.de/karriere","dom","","unknown","ready","Joblinks sind direkt im HTML sichtbar.","200","1","0","host:adjuga.de","2026-06-19"
"adick-linke","Adick Linke","adick-linke.de","https://adick-linke.de/karriere/","dom","","unknown","ready","Joblinks sind direkt im HTML sichtbar.","200","1","0","json_ld,pagination,blocked,host:adick-linke.de","2026-06-19"
"acuris","Acuris","acuris.de","https://acuris.de","dom","","unknown","ready","Joblinks sind direkt im HTML sichtbar.","200","1","0","json_ld,host:www.acuris.de","2026-06-19"
"woehlermann-lorenz-und","Wöhlermann, Lorenz & Partner","wlplaw.de","https://wlplaw.de","dom","","unknown","ready","Joblinks sind direkt im HTML sichtbar.","200","3","0","json_ld,pagination,blocked,host:www.wlplaw.de","2026-06-19"
"wannemacher-und","Wannemacher & Partner Rechtsanwälte mbB","wannemacher-partner.de","https://wannemacher-partner.de","dom","","unknown","ready","Joblinks sind direkt im HTML sichtbar.","200","14","0","host:www.wannemacher-partner.de","2026-06-19"
"wegner-staehr-und","Wegner, Stähr & Partner, Rechtsanwälte","wsp-recht.de","https://wsp-recht.de/karriere/","dom","","unknown","ready","Joblinks sind direkt im HTML sichtbar.","200","1","0","json_ld,load_more,pagination,js_app,host:wsp-recht.de","2026-06-19"
"waldeck-partmbb","Waldeck Rechtsanwälte PartmbB","waldeck.eu","https://www.waldeck.eu/karriere","llm_fallback","","unknown","fallback","Keine Jobs im HTML/JSON erkannt.","200","0","0","host:www.waldeck.eu","2026-06-19"
"trentmann","TRENTMANN PartGmbB Rechtsanwälte","trentmann.info","https://trentmann.info","dom","","unknown","ready","Joblinks sind direkt im HTML sichtbar.","200","6","0","json_ld,host:www.trentmann.info","2026-06-19"
"thsb-throm-hauser-strobl-von-berlichingen","THSB Throm Hauser Strobl von Berlichingen Rechtsanwälte Steuerberater","thsb-rechtsanwalt-heilbronn.de","https://thsb-rechtsanwalt-heilbronn.de","dom","","unknown","ready","Joblinks sind direkt im HTML sichtbar.","200","1","0","host:www.thsb-rechtsanwalt-heilbronn.de","2026-06-19"
"steinhauer-wilden-simon-partnerschaftsgesellschaft","Steinhauer Wilden Simon - Rechtsanwälte Partnerschaftsgesellschaft mbB","sws-rechtsanwaelte.de","https://sws-rechtsanwaelte.de","dom","","unknown","ready","Joblinks sind direkt im HTML sichtbar.","200","1","0","host:www.sws-rechtsanwaelte.de","2026-06-19"
"stenger","Stenger LLP","stenger.legal","https://stenger.legal/career/","dom","","unknown","ready","Joblinks sind direkt im HTML sichtbar.","200","1","0","blocked,host:stenger.legal","2026-06-19"
"stein-und","Stein & Partner mbB","stein-steuerrecht.de","https://stein-steuerrecht.de/karriere.html","reader_or_llm","","unknown","blocked","Seite wirkt geblockt oder leer fuer normale Requests.","200","0","0","blocked,host:stein-steuerrecht.de","2026-06-19"
"spliedt","Spliedt Rechtsanwälte","ra-spliedt.com","https://ra-spliedt.com","llm_fallback","","unknown","fallback","Keine Jobs im HTML/JSON erkannt.","200","0","0","host:ra-spliedt.com","2026-06-19"
"seiler-und-kollegen-anwalts","Seiler & Kollegen Anwalts GmbH","seilerundkollegen.de","https://seilerundkollegen.de/index.php/karriere","dom","","unknown","ready","Joblinks sind direkt im HTML sichtbar.","200","2","0","host:seilerundkollegen.de","2026-06-19"
"silberberger-lorenz-towara-fuer-arbeitsrecht","silberberger.lorenz.towara, kanzlei für arbeitsrecht","sl-arbeitsrecht.de","https://www.sl-arbeitsrecht.de/kanzlei/karriere/","playwright","","unknown","needs_browser","Seite wirkt JavaScript-/Pagination-getrieben.","200","0","0","pagination,js_app,host:www.sl-arbeitsrecht.de","2026-06-19"
"schoppe-zimmermann-stoeckeler-zinkler-schenk-und-patentanwaelte","Schoppe, Zimmermann, Stöckeler, Zinkler, Schenk & Partner mbB Patentanwälte","schoppe-zimmermann.com","https://karriere-schoppe-zimmermann.com/","embedded_json","","unknown","ready","Eingebettete strukturierte Jobdaten gefunden.","200","0","1","json_ld,pagination,blocked,js_app,host:karriere-schoppe-zimmermann.com","2026-06-19"
"schulz-sozien","Schulz - Sozien","st-sozien.de","https://st-sozien.de","dom","","unknown","ready","Joblinks sind direkt im HTML sichtbar.","200","1","0","pagination,blocked,js_app,host:st-sozien.de","2026-06-19"
"schirp-neusel-und","Schirp Neusel & Partner Rechtsanwälte mbB","schirp.com","https://schirp.com","dom","","unknown","ready","Joblinks sind direkt im HTML sichtbar.","200","2","0","json_ld,host:schirp.com","2026-06-19"
"rohwedder-und","Rohwedder & Partner Rechtsanwälte","rohwedder-partner.de","https://rohwedder-partner.de/karriere/","dom","","unknown","ready","Joblinks sind direkt im HTML sichtbar.","200","1","0","host:rohwedder-partner.de","2026-06-19"
"muenchow-commandeur-partnerschaftsgesellschaft","Rechtsanwälte Münchow Commandeur + Partner Partnerschaftsgesellschaft mbB","mcb-legal.de","https://mcb-legal.de/stellenangebote-bei-mcb/","llm_fallback","","unknown","fallback","Keine Jobs im HTML/JSON erkannt.","200","0","0","host:mcb-legal.de","2026-06-19"
"reble-klose-schmitt-partnerschaftsgesellschaft-von-rechts-und-patentanwaelten","Reble Klose Schmitt Partnerschaftsgesellschaft von Rechts- und Patentanwälten mbB","rebleklose.de","https://rebleklose.de/de/stellenangebote","dom","","unknown","ready","Joblinks sind direkt im HTML sichtbar.","200","2","0","host:rebleklose.de","2026-06-19"
"rae-benecken-und","RAe Benecken & Partner","beneckenreinhardt.de","https://beneckenreinhardt.de","embedded_json","","unknown","ready","Eingebettete strukturierte Jobdaten gefunden.","200","2","2","json_ld,blocked,host:www.beneckenreinhardt.de","2026-06-19"
"omf-otto-mittag-und","OMF Otto Mittag & Partner","omf-law.com","https://omf-law.com/karriere/","dom","","unknown","ready","Joblinks sind direkt im HTML sichtbar.","200","1","0","json_ld,pagination,blocked,host:omf-law.com","2026-06-19"
"kues-und","Partnerschaft Kues & Partner Rechtsanwälte","kues-partner.de","https://kues-partner.de","embedded_json","","unknown","ready","Eingebettete strukturierte Jobdaten gefunden.","200","0","1","json_ld,host:www.kues-partner.de","2026-06-19"
"oppler-buechner","Oppler Büchner Rechtsanwälte PartGmbB","oppler-buechner.de","https://oppler-buechner.de","llm_fallback","","unknown","fallback","Keine Jobs im HTML/JSON erkannt.","200","0","0","json_ld,host:oppler-buechner.de","2026-06-19"
"mzs","mzs Rechtsanwälte","mzs-recht.de","https://www.mzs-recht.de/die-kanzlei/stellenangebote/","dom","","unknown","ready","Joblinks sind direkt im HTML sichtbar.","200","2","0","json_ld,pagination,blocked,js_app,host:www.mzs-recht.de","2026-06-19"
"meurer","MEURER RECHTSANWÄLTE","meurer-rechtsanwaelte.de","https://meurer-rechtsanwaelte.de","dom","","unknown","ready","Joblinks sind direkt im HTML sichtbar.","200","1","0","json_ld,host:meurer-rechtsanwaelte.de","2026-06-19"
"luther-nierer","Luther Nierer Rechtsanwälte Partnerschaft","luthernierer.com","https://luthernierer.com/karriere.html","dom","","unknown","ready","Joblinks sind direkt im HTML sichtbar.","200","5","0","blocked,host:luthernierer.com","2026-06-19"
"eberspaecher-und-klein","Eberspächer & Klein","kanzlei-ek.de","https://kanzlei-ek.de","llm_fallback","","unknown","request_error","ConnectionError","","0","0","","2026-06-19"
"teneo","Teneo","teneo.com","https://www.teneo.com/careers/","playwright","","unknown","needs_browser","Seite wirkt JavaScript-/Pagination-getrieben.","200","0","0","json_ld,pagination,js_app,host:www.teneo.com","2026-06-19"
"diro","DIRO","diro.eu","https://diro.eu/de/karriere","embedded_json","","unknown","ready","Eingebettete strukturierte Jobdaten gefunden.","200","0","1","json_ld,host:diro.eu","2026-06-19"
"luecker-mp-recht","Kanzlei Lücker MP-Recht","mp-recht.de","https://mp-recht.de","llm_fallback","","unknown","request_error","SSLError","","0","0","","2026-06-19"
"p-p-poellath-und-nachfolgend-poellath","P+P Pöllath + Partners Rechtsanwälte und Steuerberater mbB (nachfolgend POELLATH)","pplaw.com","https://pplaw.com","llm_fallback","","unknown","request_error","SSLError","","0","0","","2026-06-19"
"bird-und-bird","Bird & Bird","twobird.com","https://twobird.com","playwright","","unknown","needs_browser","Seite wirkt JavaScript-/Pagination-getrieben.","200","0","0","next_data,blocked,js_app,host:www.twobird.com","2026-06-19"
"decker-und-boese-rae","Decker & Böse RAe","db-anwaelte.de","https://www.db-anwaelte.de/versicherungsrecht/lebensversicherung/lebensversicherung-beitragsfrei-stellen/","dom","","unknown","ready","Joblinks sind direkt im HTML sichtbar.","200","18","0","json_ld,blocked,host:www.db-anwaelte.de","2026-06-19"
"eos-ksi-inkasso-deutschland","EOS KSI Inkasso Deutschland","eos-ksi.de","https://www.eos-direct.de/karriere/","playwright","","unknown","needs_browser","Seite wirkt JavaScript-/Pagination-getrieben.","200","0","0","load_more,pagination,host:www.eos-direct.de","2026-06-19"
"eu-gato","eu:gato","eugato.eu","https://eugato.eu","embedded_json","","unknown","ready","Eingebettete strukturierte Jobdaten gefunden.","200","1","1","json_ld,host:www.eugato.eu","2026-06-19"
"froese-und","Froese & Partner","rafroese.de","https://rafroese.de","dom","","unknown","ready","Joblinks sind direkt im HTML sichtbar.","200","1","0","json_ld,host:www.rafroese.de","2026-06-19"
"nff-steuerberatung","NFF Steuerberatung","nff-steuerberatung.de","https://www.nff-steuerberatung.de/informationen/","embedded_json","","unknown","ready","Eingebettete strukturierte Jobdaten gefunden.","200","9","1","json_ld,host:www.nff-steuerberatung.de","2026-06-19"
"notariat-ihle-de","notariat-ihle.de","notariat-ihle.de","https://notariat-ihle.de","dom","","unknown","ready","Joblinks sind direkt im HTML sichtbar.","200","3","0","host:notariat-ihle.de","2026-06-19"
"rechenberg-junker","Rechenberg Junker","rechenberg-junker.de","https://rechenberg-junker.de","dom","","unknown","ready","Joblinks sind direkt im HTML sichtbar.","200","1","0","json_ld,host:kanzlei-an-der-kunsthalle.de","2026-06-19"
"muth-und","Muth & Partner","muth-partner.de","https://www.muth-partner.de/#offcanvas_menu_e9112","embedded_json","","unknown","ready","Eingebettete strukturierte Jobdaten gefunden.","200","24","1","json_ld,host:www.muth-partner.de","2026-06-19"
"nera-economic-consulting","Nera Economic Consulting","nera.com","https://www.nera.com:443/why-nera.html","dom","","unknown","ready","Joblinks sind direkt im HTML sichtbar.","200","1","0","host:www.nera.com","2026-06-19"
"fried-frank-harris-shriver-und-jacobson","Fried Frank Harris Shriver & Jacobson","friedfrank.com","https://friedfrank.com","llm_fallback","","unknown","request_error","HTTPError","","0","0","","2026-06-19"
"gehrke-econ","Gehrke econ","gehrke-econ.de","https://karriere.gehrke-econ.de","dom","","unknown","ready","Joblinks sind direkt im HTML sichtbar.","200","5","0","json_ld,load_more,js_app,host:karriere.gehrke-econ.de","2026-06-19"
"falk-und-co","FALK GmbH & Co KG","falk-co.de","https://falk-co.de/karriere","embedded_json","","unknown","ready","Eingebettete strukturierte Jobdaten gefunden.","200","4","1","json_ld,host:falk-co.de","2026-06-19"
"dac-beachcroft","DAC Beachcroft","dacbeachcroft.com","https://www.dacbeachcroft.com/en/Work-with-us","reader_or_llm","","unknown","blocked","Seite wirkt geblockt oder leer fuer normale Requests.","200","0","0","blocked,host:www.dacbeachcroft.com","2026-06-19"
"bw-bauer-schatz-hasendeverm","Bw Partner Bauer Schatz Hasendeverm","bw-partner.com","https://www.bw-partner.com/karriere","playwright","","unknown","needs_browser","Seite wirkt JavaScript-/Pagination-getrieben.","200","0","0","pagination,host:www.bw-partner.com","2026-06-19"
"cooley","Cooley","cooley.com","https://www.cooley.com/careers","dom","","unknown","ready","Joblinks sind direkt im HTML sichtbar.","200","9","0","pagination,host:www.cooley.com","2026-06-19"
"goldenstein","Goldenstein Rechtsanwälte","ra-goldenstein.de","https://ra-goldenstein.de","llm_fallback","","unknown","request_error","SSLError","","0","0","","2026-06-19"
"audalis-kohler-punge-und","audalis Kohler Punge & Partner mbB","audalis-karriere.de","https://www.audalis-karriere.de/","dom","","unknown","ready","Joblinks sind direkt im HTML sichtbar.","200","13","0","blocked,host:www.audalis-karriere.de","2026-06-19"
